date,label,forward_return,proba,fold_id,fold_threshold
2005-03-28,1,-0.008353856993650322,0.30637699365615845,0,0.4996322691440582
2005-03-29,1,-0.01141322584984994,0.5974145531654358,0,0.4996322691440582
2005-03-30,1,-0.021407909888155996,0.24374814331531525,0,0.4996322691440582
2005-03-31,1,-0.031874968015233485,0.24097035825252533,0,0.4996322691440582
2005-04-01,0,-0.014306371451016542,0.12127189338207245,0,0.4996322691440582
2005-04-04,0,-0.01045571258337219,0.17029571533203125,0,0.4996322691440582
2005-04-05,0,-0.01345290710655056,0.10427292436361313,0,0.4996322691440582
2005-04-11,0,-0.002286348099430846,0.7236604690551758,0,0.4996322691440582
2005-04-14,0,0.001554679511394319,0.8112208247184753,0,0.4996322691440582
2005-04-15,0,0.013753906092754953,0.5322504639625549,0,0.4996322691440582
2005-04-18,1,0.02008779403615124,0.7695608735084534,0,0.4996322691440582
2005-04-19,1,0.01880276439027062,0.703983724117279,0,0.4996322691440582
2005-04-20,1,0.04384844067019289,0.6065106391906738,0,0.4996322691440582
2005-04-21,1,0.028273900682436404,0.3364563584327698,0,0.4996322691440582
2005-04-22,1,0.030717248722437196,0.7557571530342102,0,0.4996322691440582
2005-04-25,0,0.029656851046658605,0.10661281645298004,0,0.4996322691440582
2005-04-26,0,0.03732613344559277,0.388232946395874,0,0.4996322691440582
2005-04-27,0,0.032511925639169936,0.11102524399757385,0,0.4996322691440582
2005-04-28,0,0.051226414182565794,0.41650256514549255,0,0.4996322691440582
2005-04-29,0,0.03887632370276273,0.20937782526016235,0,0.4996322691440582
2005-05-13,1,0.04199788804702753,0.5461652874946594,0,0.4996322691440582
2005-06-24,1,0.03538418852334524,0.649878203868866,0,0.4996322691440582
2005-06-27,1,0.03516584674060552,0.6831942796707153,0,0.4996322691440582
2005-06-30,0,0.038261613847033304,0.2871894836425781,0,0.4996322691440582
2005-07-01,0,0.03446845549093358,0.7618014812469482,0,0.4996322691440582
2005-08-08,0,0.00856081696560862,0.8425763845443726,0,0.4996322691440582
2005-08-17,0,0.00777409369173121,0.7629070281982422,0,0.4996322691440582
2005-08-18,0,0.015023352380238997,0.7580921649932861,0,0.4996322691440582
2005-08-19,0,0.00934056684356599,0.5630518198013306,0,0.4996322691440582
2005-08-22,0,0.0008127807157196631,0.2751646637916565,0,0.4996322691440582
2005-08-23,0,-0.006669467902526205,0.21451246738433838,0,0.4996322691440582
2005-08-24,1,0.005831359717610285,0.5173082947731018,0,0.4996322691440582
2005-08-25,1,0.003017725156836626,0.6941038966178894,0,0.4996322691440582
2005-08-26,1,0.011075990079167708,0.5687302350997925,0,0.4996322691440582
2005-08-29,1,0.0031013398396484426,0.17751313745975494,0,0.4996322691440582
2005-08-30,1,0.00940037881736333,0.5804476737976074,0,0.4996322691440582
2005-09-21,1,-0.009346145780696147,0.6610618829727173,0,0.4996322691440582
2005-09-22,1,-0.0302452883440123,0.8244048357009888,0,0.4996322691440582
2005-09-23,1,-0.027256339554721176,0.8511365056037903,0,0.4996322691440582
2005-09-26,0,-0.013324367982747387,0.22914516925811768,0,0.4996322691440582
2005-09-27,0,-0.015055528385759409,0.30931779742240906,0,0.4996322691440582
2005-09-28,0,-0.018902821684976368,0.3590543866157532,0,0.4996322691440582
2005-10-05,0,0.017721373853006872,0.7804849147796631,0,0.4996322691440582
2005-10-06,0,0.025755006962750127,0.7997883558273315,0,0.4996322691440582
2005-10-07,0,0.020901248625040836,0.8314540982246399,0,0.4996322691440582
2005-10-10,0,0.03060725148595722,0.845411479473114,0,0.4996322691440582
2005-10-11,1,0.03208645521290787,0.6893476843833923,0,0.4996322691440582
2005-10-12,1,0.04161672810124184,0.746601939201355,0,0.4996322691440582
2005-10-13,1,0.050327555713577166,0.7580432295799255,0,0.4996322691440582
2005-10-14,1,0.042892739021222814,0.4266560673713684,0,0.4996322691440582
2005-10-17,1,0.038451821847769185,0.3254791498184204,0,0.4996322691440582
2005-10-18,0,0.04600235754924853,0.33181214332580566,0,0.4996322691440582
2005-10-19,0,0.03097320994703434,0.2983386218547821,0,0.4996322691440582
2005-10-20,0,0.059233520256460226,0.6760419607162476,0,0.4996322691440582
2005-10-21,0,0.05925703619508815,0.1862858086824417,0,0.4996322691440582
2005-10-27,0,0.07646084616667226,0.7055803537368774,0,0.4996322691440582
2005-12-30,1,0.02401422845936385,0.5212407112121582,0,0.4996322691440582
2006-01-23,1,0.016374322046731393,0.7459631562232971,0,0.4996322691440582
2006-01-24,1,0.021493191415612012,0.5878521800041199,0,0.4996322691440582
2006-01-25,0,0.019106411295791048,0.23289470374584198,0,0.4996322691440582
2006-02-03,1,0.015047051458091376,0.7784706354141235,0,0.4996322691440582
2006-02-06,1,0.010821030637368168,0.5679560899734497,0,0.4996322691440582
2006-02-07,1,0.021995684450429653,0.7600846886634827,0,0.4996322691440582
2006-02-08,1,0.006002535058881486,0.8327600955963135,0,0.4996322691440582
2006-02-09,1,0.017245510350452742,0.8103677034378052,0,0.4996322691440582
2006-02-10,0,0.017292702650038017,0.11298362910747528,0,0.4996322691440582
2006-02-13,0,0.0298239122180346,0.352971613407135,0,0.4996322691440582
2006-03-07,1,0.02429620188431958,0.8647086024284363,0,0.4996322691440582
2006-03-08,1,0.025662907840234395,0.8464275002479553,0,0.4996322691440582
2006-03-09,1,0.031483460683420894,0.7877082824707031,0,0.4996322691440582
2006-04-10,1,0.022198541245785686,0.9120318293571472,0,0.4996322691440582
2006-04-11,1,0.030395135732173895,0.8383060097694397,0,0.4996322691440582
2006-04-12,1,0.0160612668054243,0.8369726538658142,0,0.4996322691440582
2006-04-13,1,0.004117673106280861,0.7987015843391418,0,0.4996322691440582
2006-04-17,0,0.006528820247522882,0.6877521276473999,0,0.4996322691440582
2006-05-12,0,-0.04062202839553375,0.7571054100990295,0,0.4996322691440582
2006-05-15,0,-0.05366774513875716,0.7789459228515625,0,0.4996322691440582
2006-05-16,0,-0.04493044332304175,0.7170847058296204,0,0.4996322691440582
2006-05-17,0,-0.00575522195136291,0.6405755281448364,0,0.4996322691440582
2006-05-18,0,-0.0079947697636783,0.8254989981651306,0,0.4996322691440582
2006-05-19,1,-0.022686173239409246,0.7124514579772949,0,0.4996322691440582
2006-05-22,1,-0.011825249010219419,0.734661340713501,0,0.4996322691440582
2006-05-23,1,0.0031358519348820835,0.693346381187439,0,0.4996322691440582
2006-05-24,1,-0.009192480554064408,0.71448814868927,0,0.4996322691440582
2006-05-25,1,-0.021451755470504374,0.4440084993839264,0,0.4996322691440582
2006-05-26,0,-0.02210259558651506,0.15123674273490906,0,0.4996322691440582
2006-05-30,0,-0.013023634617182034,0.09542962163686752,0,0.4996322691440582
2006-05-31,0,-0.017321150762567905,0.08772017061710358,0,0.4996322691440582
2006-06-06,0,0.006479809045918161,0.4278060793876648,0,0.4996322691440582
2006-06-07,0,0.017029185704734218,0.7388966083526611,0,0.4996322691440582
2006-06-08,0,0.011288588441092928,0.47252389788627625,0,0.4996322691440582
2006-06-09,1,0.01643905350759578,0.7416054606437683,0,0.4996322691440582
2006-06-12,1,0.03212493632769653,0.629920482635498,0,0.4996322691440582
2006-06-13,1,0.033105996586155984,0.5878519415855408,0,0.4996322691440582
2006-06-14,1,0.008485893598674243,0.5340978503227234,0,0.4996322691440582
2006-06-15,1,-0.016285786339061414,0.302916020154953,0,0.4996322691440582
2006-06-16,0,-0.010510126152627697,0.17359648644924164,0,0.4996322691440582
2006-06-19,0,0.002425890251117835,0.19298884272575378,0,0.4996322691440582
2006-06-20,0,0.012894532343234788,0.5102382302284241,0,0.4996322691440582
2006-06-21,0,-0.0014400732032070485,0.5577545166015625,0,0.4996322691440582
2006-06-22,0,-0.004098516665754892,0.19226616621017456,0,0.4996322691440582
2006-06-23,0,0.0142240974006691,0.09089373797178268,0,0.4996322691440582
2006-06-26,0,0.013360999903386128,0.15268711745738983,0,0.4996322691440582
2006-06-27,0,0.02356520032647702,0.37428510189056396,0,0.4996322691440582
2006-06-28,0,0.015711399892884392,0.18028341233730316,0,0.4996322691440582
2006-07-13,1,0.027177487529630895,0.6303596496582031,0,0.4996322691440582
2006-07-14,1,0.028254385088558154,0.7093212604522705,0,0.4996322691440582
2006-07-17,1,0.03056642013811217,0.6552025675773621,0,0.4996322691440582
2006-07-18,1,0.037589447580700375,0.7631689310073853,0,0.4996322691440582
2006-07-21,0,0.054376718539564495,0.4118109941482544,0,0.4996322691440582
2007-01-08,1,0.026206024792698734,0.8687984943389893,0,0.4996322691440582
2007-01-09,1,0.029347200635222892,0.9030516147613525,0,0.4996322691440582
2007-01-29,1,-0.017951358975418552,0.77633136510849,0,0.4996322691440582
2007-02-28,0,0.010307318430629708,0.7078403234481812,0,0.4996322691440582
2007-03-01,1,0.014398392321602893,0.7181833386421204,0,0.4996322691440582
2007-03-02,1,0.02807563532921309,0.7798945307731628,0,0.4996322691440582
2007-03-05,1,0.03912554842850002,0.7203420400619507,0,0.4996322691440582
2007-03-06,1,0.03264079777996698,0.7683885097503662,0,0.4996322691440582
2007-03-07,1,0.034827750546525094,0.7516922354698181,0,0.4996322691440582
2007-03-08,0,0.028933419371341307,0.09442970156669617,0,0.4996322691440582
2007-03-09,0,0.030067961613435834,0.06622405350208282,0,0.4996322691440582
2007-03-12,0,0.029743536652908187,0.04340047016739845,0,0.4996322691440582
2007-03-13,0,0.045868004438091026,0.458778440952301,0,0.4996322691440582
2007-03-14,0,0.042746477406038874,0.5916798114776611,0,0.4996322691440582
2007-03-15,0,0.04607764781670576,0.5829246640205383,0,0.4996322691440582
2007-03-16,0,0.058976615753342676,0.08412009477615356,0,0.4996322691440582
2007-03-19,0,0.04914411623263115,0.07679630815982819,0,0.4996322691440582
2007-06-07,1,0.03044464281458792,0.7236268520355225,0,0.4996322691440582
2007-06-08,1,0.01800715434502287,0.8869389295578003,0,0.4996322691440582
2007-06-11,1,0.0017881708109248606,0.9209468364715576,0,0.4996322691440582
2007-06-12,0,0.020013956859783466,0.4374259412288666,0,0.4996322691440582
2007-06-25,1,0.009810710046195048,0.6723169684410095,0,0.4996322691440582
2007-06-26,1,0.02238835916514814,0.7743225693702698,0,0.4996322691440582
2007-06-27,1,-0.015824341009743392,0.4518962502479553,0,0.4996322691440582
2007-06-28,1,-0.0350443584447242,0.4026329517364502,0,0.4996322691440582
2007-06-29,0,-0.020274767847226705,0.24068959057331085,0,0.4996322691440582
2007-07-25,0,-0.03271544548818495,0.8230955004692078,0,0.4996322691440582
2007-07-26,0,-0.01013321989249416,0.6506235599517822,0,0.4996322691440582
2007-07-27,0,0.022190055769461425,0.7875430583953857,0,0.4996322691440582
2007-07-30,0,-0.0029172693994301557,0.7274910807609558,0,0.4996322691440582
2007-07-31,0,-0.013724857640630361,0.7469814419746399,0,0.4996322691440582
2007-08-01,0,0.0007506177320155683,0.6818078756332397,0,0.4996322691440582
2007-08-02,0,-0.00982406002262226,0.5041406154632568,0,0.4996322691440582
2007-08-03,0,0.02635598852374632,0.5765594244003296,0,0.4996322691440582
2007-08-06,0,0.019629421585134033,0.3470873236656189,0,0.4996322691440582
2007-08-07,0,0.00013545143253446135,0.3509986698627472,0,0.4996322691440582
2007-08-10,0,0.007462911420673901,0.5729299187660217,0,0.4996322691440582
2007-08-13,1,0.015561489697178965,0.7255474328994751,0,0.4996322691440582
2007-08-14,1,0.03398384409227506,0.4159395098686218,0,0.4996322691440582
2007-08-15,1,0.05579964891060096,0.5965471863746643,0,0.4996322691440582
2007-08-16,1,0.0478535394969275,0.5010963678359985,0,0.4996322691440582
2007-08-17,1,0.023425951699147518,0.31244364380836487,0,0.4996322691440582
2007-08-20,0,0.054065009422354704,0.14187540113925934,0,0.4996322691440582
2007-08-21,0,0.058165694228721865,0.08811955153942108,0,0.4996322691440582
2007-09-10,1,0.06835474244318762,0.7112498879432678,0,0.4996322691440582
2007-10-22,1,-0.04503798157762773,0.810626745223999,0,0.4996322691440582
2007-10-23,1,-0.04691618404601261,0.7423979640007019,0,0.4996322691440582
2007-10-24,0,-0.06469507678092545,0.23585182428359985,0,0.4996322691440582
2007-10-25,0,-0.05077693508279546,0.13493138551712036,0,0.4996322691440582
2007-11-02,0,-0.02327994698517344,0.4525650441646576,0,0.4996322691440582
2007-11-05,0,-0.024591799212375753,0.6501877903938293,0,0.4996322691440582
2007-11-06,0,-0.02143724270918468,0.21941299736499786,0,0.4996322691440582
2007-11-07,0,0.020485769041371116,0.7657681107521057,0,0.4996322691440582
2007-11-08,0,0.025482245150840077,0.7760195136070251,0,0.4996322691440582
2007-11-09,0,0.047815747533886066,0.6497038006782532,0,0.4996322691440582
2007-11-12,0,0.029296732593887986,0.43937817215919495,0,0.4996322691440582
2007-11-13,0,0.00871090033676758,0.335443377494812,0,0.4996322691440582
2007-11-14,0,0.009412886139327448,0.30576249957084656,0,0.4996322691440582
2007-11-15,0,0.011200129153149385,0.21772924065589905,0,0.4996322691440582
2007-11-16,0,-0.004938713494125335,0.39031782746315,0,0.4996322691440582
2007-11-19,0,0.014746712709617915,0.30000755190849304,0,0.4996322691440582
2007-11-20,0,0.008572560183916833,0.4631275534629822,0,0.4996322691440582
2007-11-21,1,0.036137962337481344,0.552972137928009,0,0.4996322691440582
2007-11-23,1,0.03320745170808359,0.5290275812149048,0,0.4996322691440582
2007-11-26,1,0.06436336169478385,0.5915160775184631,0,0.4996322691440582
2007-11-27,1,0.054525757923420626,0.3115904629230499,0,0.4996322691440582
2007-12-17,1,-0.0507549461902187,0.5464191436767578,0,0.4996322691440582
2007-12-18,1,-0.08048927506483194,0.528810441493988,0,0.4996322691440582
2007-12-19,1,-0.08993041274325508,0.4204983711242676,0,0.4996322691440582
2007-12-20,0,-0.10481062916950934,0.25065356492996216,0,0.4996322691440582
2007-12-31,0,-0.07728574756667028,0.4754275977611542,0,0.4996322691440582
2008-01-02,0,-0.05216353779055416,0.27966398000717163,0,0.4996322691440582
2008-01-03,0,-0.03644879819077007,0.28027620911598206,0,0.4996322691440582
2008-01-04,0,-0.02469762886086857,0.4964430630207062,0,0.4996322691440582
2008-01-07,0,-0.05000401703587376,0.471504271030426,0,0.4996322691440582
2008-01-08,0,-0.04218530489693617,0.48249390721321106,0,0.4996322691440582
2008-01-09,0,-0.04587927863100594,0.2889283001422882,0,0.4996322691440582
2008-01-10,0,-0.05817814120910858,0.3508942425251007,0,0.4996322691440582
2008-01-11,0,-0.045665388591975664,0.19788068532943726,0,0.4996322691440582
2008-01-14,0,-0.044521283520040034,0.1927318423986435,0,0.4996322691440582
2008-01-15,0,-0.013027185974179178,0.4523107707500458,0,0.4996322691440582
2008-01-16,0,-0.013213394638275422,0.48830676078796387,0,0.4996322691440582
2008-01-17,1,0.012815232046187841,0.5290518403053284,0,0.4996322691440582
2008-01-18,1,0.02620003109743041,0.5593738555908203,0,0.4996322691440582
2008-01-22,1,0.03977952279485919,0.5622422099113464,0,0.4996322691440582
2008-01-23,1,0.006947248443110343,0.3257245421409607,0,0.4996322691440582
2008-01-24,1,0.0046670772719199505,0.30869677662849426,0,0.4996322691440582
2008-01-25,0,0.03224617728139312,0.3792177438735962,0,0.4996322691440582
2008-01-28,0,0.023070732489103518,0.48509734869003296,0,0.4996322691440582
2008-01-29,0,0.016996045686374472,0.49144887924194336,0,0.4996322691440582
2008-01-30,0,0.014527988256990643,0.16488376259803772,0,0.4996322691440582
2008-01-31,0,-0.02584250546054634,0.21385504305362701,0,0.4996322691440582
2008-02-06,1,-0.014956667182174144,0.4741060137748718,0,0.4996322691440582
2008-02-07,1,-0.03150877117775852,0.626687228679657,0,0.4996322691440582
2008-02-08,1,-0.03810023485740455,0.47782185673713684,0,0.4996322691440582
2008-02-11,0,-0.00859798285640978,0.3911738693714142,0,0.4996322691440582
2008-02-12,0,-0.026890941139297908,0.36381590366363525,0,0.4996322691440582
2008-02-15,0,-0.05061390478667949,0.33238551020622253,0,0.4996322691440582
2008-02-19,0,-0.013946476343329572,0.6147061586380005,0,0.4996322691440582
2008-02-22,0,-0.0017190108701670148,0.6495535969734192,0,0.4996322691440582
2008-03-03,0,0.02836169725041171,0.4077753722667694,0,0.4996322691440582
2008-03-04,0,0.03298543558927647,0.5776845216751099,0,0.4996322691440582
2008-03-05,0,0.029055077877510938,0.2643727660179138,0,0.4996322691440582
2008-03-06,1,0.04965439469667032,0.48530206084251404,0,0.4996322691440582
2008-03-07,1,0.0611215371877869,0.5213465094566345,0,0.4996322691440582
2008-03-10,1,0.07419811609300897,0.46786102652549744,0,0.4996322691440582
2008-03-11,1,0.029430251292368093,0.3124115765094757,0,0.4996322691440582
2008-03-12,1,0.04060115919906293,0.3118653893470764,0,0.4996322691440582
2008-03-13,0,0.018156879914126955,0.13313160836696625,0,0.4996322691440582
2008-03-14,0,0.030693149740538717,0.20171067118644714,0,0.4996322691440582
2008-03-17,0,0.04364457356306306,0.313344269990921,0,0.4996322691440582
2008-03-31,0,0.05804345727950011,0.527549684047699,0,0.4996322691440582
2008-04-14,1,0.05664646511945626,0.7290303111076355,0,0.4996322691440582
2008-04-15,1,0.05433824925800357,0.4962817132472992,0,0.4996322691440582
2008-05-22,1,-0.052123872325395615,0.7160106897354126,0,0.4996322691440582
2008-05-23,1,-0.04019538862524674,0.34266534447669983,0,0.4996322691440582
2008-05-27,1,-0.04914064236744731,0.36715471744537354,0,0.4996322691440582
2008-05-28,1,-0.049036229648482976,0.5812324285507202,0,0.4996322691440582
2008-06-03,0,-0.06566619593682144,0.3499114513397217,0,0.4996322691440582
2008-06-04,0,-0.08121217335057818,0.4325612187385559,0,0.4996322691440582
2008-06-09,0,-0.06399888655256336,0.5461866855621338,0,0.4996322691440582
2008-06-10,0,-0.07743018554801817,0.631812334060669,0,0.4996322691440582
2008-06-11,0,-0.05982751793511687,0.6797131299972534,0,0.4996322691440582
2008-06-12,0,-0.07430702033310077,0.6734594106674194,0,0.4996322691440582
2008-06-13,0,-0.09413254709617846,0.3809424638748169,0,0.4996322691440582
2008-06-16,0,-0.10742733327684428,0.1445126235485077,0,0.4996322691440582
2008-06-17,0,-0.08106503614219684,0.11424089223146439,0,0.4996322691440582
2008-06-18,0,-0.06274679456847099,0.37975284457206726,0,0.4996322691440582
2008-06-19,0,-0.0581003954661502,0.43997281789779663,0,0.4996322691440582
2008-06-20,0,-0.04202802927182214,0.7311639785766602,0,0.4996322691440582
2008-06-23,0,-0.030201345260039703,0.5214526057243347,0,0.4996322691440582
2008-06-24,0,-0.023020187035230566,0.47347480058670044,0,0.4996322691440582
2008-06-25,0,-0.047795992204001325,0.5488972067832947,0,0.4996322691440582
2008-06-26,0,-0.02144593754559221,0.5390844345092773,0,0.4996322691440582
2008-06-27,0,-0.03050246555803038,0.5290982127189636,0,0.4996322691440582
2008-06-30,0,-0.013283342562135148,0.5171379446983337,0,0.4996322691440582
2008-07-01,0,0.001168276413108904,0.44608020782470703,0,0.4996322691440582
2008-07-02,0,0.005151723826653409,0.5116239786148071,0,0.4996322691440582
2008-07-03,0,-0.0011876745827059665,0.4979461431503296,0,0.4996322691440582
2008-07-07,0,-0.0002397313786997035,0.5426251292228699,0,0.4996322691440582
2008-07-08,0,0.008802069094279386,0.3579265773296356,0,0.4996322691440582
2008-07-09,0,0.03317568814808958,0.3561042547225952,0,0.4996322691440582
2008-07-10,0,0.013647361978082806,0.3579265773296356,0,0.4996322691440582
2008-07-11,1,0.04465437022793051,0.511337399482727,0,0.4996322691440582
2008-07-14,1,0.06510773871417341,0.5109889507293701,0,0.4996322691440582
2008-07-15,1,0.06909631540664685,0.553133487701416,0,0.4996322691440582
2008-07-16,1,0.03718940279249705,0.3086321949958801,0,0.4996322691440582
2008-07-17,1,0.03466464563107907,0.35885024070739746,0,0.4996322691440582
2008-07-18,0,0.033258981863022896,0.24049758911132812,0,0.4996322691440582
2008-07-21,0,0.018564172437023796,0.1136668473482132,0,0.4996322691440582
2008-07-25,1,0.03323295779561941,0.3090536892414093,0,0.4996322691440582
2008-07-28,1,0.027337100907559808,0.5199544429779053,0,0.4996322691440582
2008-07-29,1,0.008790123456789978,0.28389108180999756,0,0.4996322691440582
2008-08-04,0,0.024001880976478374,0.2668028473854065,0,0.4996322691440582
2008-08-20,1,-0.05886506917656886,0.36045876145362854,0,0.4996322691440582
2008-08-21,1,-0.02317307563840021,0.4416836202144623,0,0.4996322691440582
2008-08-26,0,-0.06100653498133146,0.21468231081962585,0,0.4996322691440582
2008-09-03,0,-0.0871773517507407,0.6916221976280212,0,0.4996322691440582
2008-09-04,0,-0.09298230357655746,0.5548401474952698,0,0.4996322691440582
2008-09-05,0,-0.10803171258530364,0.4645109176635742,0,0.4996322691440582
2008-09-08,0,-0.17059522399716842,0.7295092344284058,0,0.4996322691440582
2008-09-09,0,-0.18350112071516445,0.269693523645401,0,0.4996322691440582
2008-09-10,0,-0.20728770711399147,0.24458791315555573,0,0.4996322691440582
2008-09-11,0,-0.2731657326380269,0.6793911457061768,0,0.4996322691440582
2008-09-12,0,-0.2940574831355849,0.14776182174682617,0,0.4996322691440582
2008-09-15,1,-0.15116488556737306,0.48642581701278687,0,0.4996322691440582
2008-09-16,1,-0.17749420517879733,0.6677514314651489,0,0.4996322691440582
2008-09-17,1,-0.22355674237506817,0.39618217945098877,0,0.4996322691440582
2008-09-18,1,-0.2145187673282688,0.2822381854057312,0,0.4996322691440582
2008-09-23,0,-0.19139617518247398,0.1811283528804779,0,0.4996322691440582
2008-09-24,0,-0.2378708193743454,0.2457754760980606,0,0.4996322691440582
2008-09-25,0,-0.2409137906109955,0.1835249364376068,0,0.4996322691440582
2008-09-26,0,-0.2797682061739849,0.12812381982803345,0,0.4996322691440582
2008-09-29,0,-0.24627385445550298,0.47002676129341125,0,0.4996322691440582
2008-09-30,0,-0.19165416748446573,0.6510407328605652,0,0.4996322691440582
2008-10-01,0,-0.19800112567850747,0.6292789578437805,0,0.4996322691440582
2008-10-02,0,-0.139025410007226,0.20030859112739563,0,0.4996322691440582
2008-10-03,0,-0.1224401253297781,0.33034366369247437,0,0.4996322691440582
2008-10-06,0,-0.0726698195433243,0.43451204895973206,0,0.4996322691440582
2008-10-07,0,0.0037984620413640258,0.5128446221351624,0,0.4996322691440582
2008-10-08,1,-0.013536447450861688,0.5339143872261047,0,0.4996322691440582
2008-10-09,1,0.0017639647109402024,0.5203767418861389,0,0.4996322691440582
2008-10-10,1,0.06056490804493064,0.4520428478717804,0,0.4996322691440582
2008-10-13,1,-0.08603859149290882,0.5305333733558655,0,0.4996322691440582
2008-10-14,1,-0.10095117968943967,0.5305333733558655,0,0.4996322691440582
2008-10-15,0,-0.046655802006264624,0.5093604326248169,0,0.4996322691440582
2008-10-16,0,-0.027727062546835657,0.5285241007804871,0,0.4996322691440582
2008-10-17,0,-0.07070019229189817,0.5285241007804871,0,0.4996322691440582
2008-10-20,0,-0.1350062380165893,0.23149549961090088,0,0.4996322691440582
2008-10-21,0,-0.09159189400595158,0.2509553134441376,0,0.4996322691440582
2008-10-22,0,-0.10083871968212044,0.3080269992351532,0,0.4996322691440582
2008-10-23,1,-0.17711886520203046,0.4281081557273865,0,0.4996322691440582
2008-10-24,1,-0.08639721482041085,0.4850694537162781,0,0.4996322691440582
2008-10-27,1,0.01286484474099936,0.5213423371315002,0,0.4996322691440582
2008-10-28,1,-0.0863907689819674,0.29884231090545654,0,0.4996322691440582
2008-10-29,1,-0.04415500585282772,0.25990158319473267,0,0.4996322691440582
2008-10-30,0,-0.06448639903152753,0.10926256328821182,0,0.4996322691440582
2008-10-31,0,-0.15201844366394346,0.08942114561796188,0,0.4996322691440582
2008-11-06,0,-0.032246992770766036,0.3909143805503845,0,0.4996322691440582
2008-11-07,0,-0.03047138777176539,0.49573925137519836,0,0.4996322691440582
2008-11-10,0,-0.03378973779235417,0.43509170413017273,0,0.4996322691440582
2008-11-11,0,0.003787065458288774,0.3387926518917084,0,0.4996322691440582
2008-11-12,0,0.024702381208354884,0.4448806047439575,0,0.4996322691440582
2008-11-13,0,-0.023911371222179012,0.28828004002571106,0,0.4996322691440582
2008-11-14,0,0.013045060521550411,0.4585186541080475,0,0.4996322691440582
2008-11-17,0,0.07499702368284855,0.15170380473136902,0,0.4996322691440582
2008-11-18,1,0.04490176535499457,0.367841511964798,0,0.4996322691440582
2008-11-19,1,0.09558271808161134,0.4060762822628021,0,0.4996322691440582
2008-11-20,1,0.178342495417793,0.5134363770484924,0,0.4996322691440582
2008-11-21,1,0.10370630515362667,0.470668226480484,0,0.4996322691440582
2008-11-24,1,0.021515139057877164,0.29884231090545654,0,0.4996322691440582
2008-11-25,0,0.0198865082403914,0.11882372200489044,0,0.4996322691440582
2008-12-02,0,0.06687643542330246,0.2954985797405243,0,0.4996322691440582
2008-12-03,0,0.07323197605632825,0.4932801127433777,0,0.4996322691440582
2008-12-04,0,0.09734720796940888,0.10076131671667099,0,0.4996322691440582
2008-12-23,1,-0.03539929902834904,0.3463181257247925,0,0.4996322691440582
2008-12-24,1,-0.03438741856738958,0.4142216444015503,0,0.4996322691440582
2008-12-26,1,-0.03017402195528185,0.30955398082733154,0,0.4996322691440582
2008-12-29,0,0.005523083231246728,0.2771390378475189,0,0.4996322691440582
2009-01-12,0,-0.044162970575362004,0.337098628282547,0,0.4996322691440582
2009-01-13,0,-0.040294018692531464,0.2789662778377533,0,0.4996322691440582
2009-01-14,0,-0.008414901753725279,0.33080199360847473,0,0.4996322691440582
2009-01-15,1,-0.01943109645887886,0.33378276228904724,0,0.4996322691440582
2009-01-16,1,-0.0686567340370825,0.30902230739593506,0,0.4996322691440582
2009-01-20,1,-0.019113566898230516,0.4624154269695282,0,0.4996322691440582
2009-01-21,1,-0.06983904682248243,0.6097192764282227,0,0.4996322691440582
2009-01-22,1,-0.0644113660447102,0.49832358956336975,0,0.4996322691440582
2009-01-23,0,-0.10179296697233664,0.09501387178897858,0,0.4996322691440582
2009-01-26,0,-0.07409149699371309,0.1159522607922554,0,0.4996322691440582
2009-01-27,0,-0.09061851457906545,0.1768459528684616,0,0.4996322691440582
2009-01-30,1,-0.1476514673285978,0.36469322443008423,0,0.4996322691440582
2009-02-02,1,-0.15148951245451248,0.3919612169265747,0,0.4996322691440582
2009-02-03,1,-0.14342051981137283,0.40429776906967163,0,0.4996322691440582
2009-02-04,1,-0.17436724580551366,0.1191030815243721,1,0.49377790093421936
2009-02-05,0,-0.18505356718260635,0.13914518058300018,1,0.49377790093421936
2009-02-11,0,-0.09688949277572223,0.6879944205284119,1,0.49377790093421936
2009-02-12,0,-0.09048562598421939,0.6845025420188904,1,0.49377790093421936
2009-02-13,0,-0.08337353414486537,0.35351213812828064,1,0.49377790093421936
2009-02-17,0,-0.013128472442275552,0.5517028570175171,1,0.49377790093421936
2009-02-18,0,0.011388078156344905,0.4726282060146332,1,0.49377790093421936
2009-02-19,0,0.009720869100564355,0.5555344820022583,1,0.49377790093421936
2009-02-20,0,-0.0020783396304315804,0.5097598433494568,1,0.49377790093421936
2009-02-23,0,0.1092902545118779,0.5987335443496704,1,0.49377790093421936
2009-02-24,0,0.047714146705758465,0.5984102487564087,1,0.49377790093421936
2009-02-25,0,0.06716409634647569,0.5629608035087585,1,0.49377790093421936
2009-02-26,0,0.10691437610291077,0.3370824456214905,1,0.49377790093421936
2009-02-27,0,0.11178290306226057,0.4420231878757477,1,0.49377790093421936
2009-03-02,0,0.12399353372619015,0.6058984398841858,1,0.49377790093421936
2009-03-03,0,0.14298837548465326,0.6025927662849426,1,0.49377790093421936
2009-03-04,0,0.1381599122170658,0.6058585047721863,1,0.49377790093421936
2009-03-05,1,0.22132520972191116,0.568049430847168,1,0.49377790093421936
2009-03-06,1,0.23132717393712787,0.5700717568397522,1,0.49377790093421936
2009-03-09,1,0.23621186834686458,0.5889349579811096,1,0.49377790093421936
2009-03-10,1,0.13945374664116184,0.49074646830558777,1,0.49377790093421936
2009-03-11,1,0.1442826845904115,0.538165807723999,1,0.49377790093421936
2009-06-17,0,0.022785285992144244,0.25131794810295105,1,0.49377790093421936
2009-06-18,1,0.02647653093468816,0.6208216547966003,1,0.49377790093421936
2009-06-19,1,0.033572570529943224,0.30198976397514343,1,0.49377790093421936
2009-06-22,1,0.07045287141044776,0.27352067828178406,1,0.49377790093421936
2009-06-23,1,0.06939039877727482,0.18964877724647522,1,0.49377790093421936
2009-06-24,1,0.08366621930459028,0.13429465889930725,1,0.49377790093421936
2009-07-06,0,0.11848501631376518,0.21818427741527557,1,0.49377790093421936
2009-07-07,0,0.14353798664373474,0.3147686719894409,1,0.49377790093421936
2009-07-08,1,0.14102297504406547,0.32239681482315063,1,0.49377790093421936
2009-07-09,1,0.13292459046653948,0.3795207440853119,1,0.49377790093421936
2009-07-10,1,0.15052237433036786,0.37621963024139404,1,0.49377790093421936
2009-07-13,1,0.1208659803220049,0.14878301322460175,1,0.49377790093421936
2009-09-02,1,0.03647061489027359,0.24671651422977448,1,0.49377790093421936
2009-09-03,1,0.023130539044295295,0.792999267578125,1,0.49377790093421936
2009-10-02,1,0.010440222635431207,0.23674440383911133,1,0.49377790093421936
2009-10-05,1,0.0028838954197374367,0.3737088441848755,1,0.49377790093421936
2009-10-27,0,0.04294288035497873,0.26827678084373474,1,0.49377790093421936
2009-10-28,1,0.06675564190138994,0.25374314188957214,1,0.49377790093421936
2009-10-29,1,0.02737927059348011,0.3507477939128876,1,0.49377790093421936
2009-10-30,1,0.06160704237010073,0.2674044668674469,1,0.49377790093421936
2009-11-02,1,0.06690970419038744,0.19598908722400665,1,0.49377790093421936
2009-11-03,1,0.06306739946454432,0.1798723042011261,1,0.49377790093421936
2009-11-04,0,0.05203936461997949,0.03749479725956917,1,0.49377790093421936
2010-01-22,0,0.017855431169342628,0.42487990856170654,1,0.49377790093421936
2010-01-25,0,0.0003647917222733277,0.3545258045196533,1,0.49377790093421936
2010-01-26,0,0.013814369780168256,0.3707122206687927,1,0.49377790093421936
2010-01-27,0,0.007647971769354056,0.24851220846176147,1,0.49377790093421936
2010-01-28,0,0.019987860921488965,0.36026036739349365,1,0.49377790093421936
2010-01-29,0,0.041902927101988396,0.427822470664978,1,0.49377790093421936
2010-02-01,0,0.028791597293709392,0.6506553292274475,1,0.49377790093421936
2010-02-02,0,0.017394254360418415,0.4773995578289032,1,0.49377790093421936
2010-02-03,0,0.025585046663555433,0.04553784802556038,1,0.49377790093421936
2010-02-04,1,0.0733745394090124,0.2636723518371582,1,0.49377790093421936
2010-02-05,1,0.07134846478328805,0.26534298062324524,1,0.49377790093421936
2010-02-08,1,0.08093293997911188,0.3781072795391083,1,0.49377790093421936
2010-02-09,1,0.07228136703039634,0.2869046926498413,1,0.49377790093421936
2010-02-10,1,0.0788709751842176,0.3867204487323761,1,0.49377790093421936
2010-02-11,0,0.06778876471205542,0.06936047971248627,1,0.49377790093421936
2010-02-12,0,0.06895599960864485,0.06754010170698166,1,0.49377790093421936
2010-04-28,0,-0.10227818824613999,0.9484730958938599,1,0.49377790093421936
2010-05-05,1,-0.052302459484080854,0.6030552983283997,1,0.49377790093421936
2010-05-06,1,-0.054187802707528654,0.4424609839916229,1,0.49377790093421936
2010-05-07,1,-0.05186040667989111,0.49442335963249207,1,0.49377790093421936
2010-05-10,1,-0.08212803552130721,0.8259192109107971,1,0.49377790093421936
2010-05-11,1,-0.08443415045285352,0.5645819902420044,1,0.49377790093421936
2010-05-12,0,-0.07066816375133611,0.16643857955932617,1,0.49377790093421936
2010-05-13,0,-0.05440149273303807,0.08005887269973755,1,0.49377790093421936
2010-05-14,0,-0.038457876775853106,0.21719981729984283,1,0.49377790093421936
2010-05-17,0,-0.01711274390281492,0.20631490647792816,1,0.49377790093421936
2010-05-18,0,-0.003914520927927212,0.21848337352275848,1,0.49377790093421936
2010-05-19,0,0.0033999203448273896,0.2133854329586029,1,0.49377790093421936
2010-05-20,0,0.043905440349512936,0.544009268283844,1,0.49377790093421936
2010-05-21,0,0.025938175735759517,0.4644639790058136,1,0.49377790093421936
2010-05-24,0,0.022108194741611964,0.4833589792251587,1,0.49377790093421936
2010-05-25,0,0.01789795507518388,0.38979288935661316,1,0.49377790093421936
2010-05-26,0,0.007101427590907594,0.3665991425514221,1,0.49377790093421936
2010-05-27,0,-0.021458776155215853,0.3969637453556061,1,0.49377790093421936
2010-05-28,0,-0.012145800242605143,0.3184017837047577,1,0.49377790093421936
2010-06-01,0,-0.02626456482230599,0.08443668484687805,1,0.49377790093421936
2010-06-02,0,-0.059992025363073465,0.13245294988155365,1,0.49377790093421936
2010-06-03,1,-0.06739320713962671,0.07680273056030273,1,0.49377790093421936
2010-06-04,1,-0.03869902485670407,0.2557816803455353,1,0.49377790093421936
2010-06-07,1,-0.020196572664800794,0.28416958451271057,1,0.49377790093421936
2010-06-08,1,-4.8317246841289574e-05,0.3331710994243622,1,0.49377790093421936
2010-06-09,1,0.015274279710055128,0.2443695366382599,1,0.49377790093421936
2010-06-10,0,-0.006196834853455679,0.07843827456235886,1,0.49377790093421936
2010-06-11,0,-0.010357644739737992,0.08155272901058197,1,0.49377790093421936
2010-06-14,0,0.00613351319666644,0.05482490733265877,1,0.49377790093421936
2010-06-23,0,0.002104758122576822,0.6221294403076172,1,0.49377790093421936
2010-06-24,0,0.027834416918492755,0.41941380500793457,1,0.49377790093421936
2010-06-25,0,0.03420780713982441,0.43279653787612915,1,0.49377790093421936
2010-06-28,0,0.03738483411929261,0.40416499972343445,1,0.49377790093421936
2010-06-29,0,0.0635258161534038,0.5046617388725281,1,0.49377790093421936
2010-06-30,1,0.06849458688026733,0.4316757917404175,1,0.49377790093421936
2010-07-01,1,0.07308267865299012,0.45650163292884827,1,0.49377790093421936
2010-07-02,1,0.10332711518317605,0.5805526375770569,1,0.49377790093421936
2010-07-06,1,0.09089088615811658,0.5431469678878784,1,0.49377790093421936
2010-07-07,1,0.06464959470279874,0.4788510203361511,1,0.49377790093421936
2010-07-19,0,0.009041028590068834,0.6720508337020874,1,0.49377790093421936
2010-08-12,0,0.026236213509641226,0.5216662287712097,1,0.49377790093421936
2010-08-13,0,0.04071639220694867,0.4248625338077545,1,0.49377790093421936
2010-08-16,0,0.04055024804553531,0.32700327038764954,1,0.49377790093421936
2010-08-17,0,0.031845832238827976,0.11652415245771408,1,0.49377790093421936
2010-08-18,0,0.02969305571527281,0.10927589982748032,1,0.49377790093421936
2010-08-19,0,0.04831493094619832,0.20959237217903137,1,0.49377790093421936
2010-08-20,0,0.06780807615167772,0.3305839002132416,1,0.49377790093421936
2010-08-23,0,0.06973660238703205,0.2655528783798218,1,0.49377790093421936
2010-08-24,1,0.08051922738090034,0.44514745473861694,1,0.49377790093421936
2010-08-25,1,0.06760634832215096,0.5285401940345764,1,0.49377790093421936
2010-08-26,1,0.09697541553780531,0.4625910818576813,1,0.49377790093421936
2010-08-27,1,0.07506787906119894,0.1711522489786148,1,0.49377790093421936
2010-08-30,1,0.0947101753479822,0.3184119164943695,1,0.49377790093421936
2010-08-31,0,0.09280061918652671,0.17536358535289764,1,0.49377790093421936
2010-11-17,1,0.055827949560157464,0.27305862307548523,1,0.49377790093421936
2010-11-29,0,0.061528397543018754,0.29460999369621277,1,0.49377790093421936
2010-11-30,0,0.0682943804042182,0.39355865120887756,1,0.49377790093421936
2011-02-24,0,0.004114201856938893,0.630808413028717,1,0.49377790093421936
2011-03-02,0,0.01628483145779791,0.6645276546478271,1,0.49377790093421936
2011-03-11,0,0.019850216855519687,0.5549330711364746,1,0.49377790093421936
2011-03-14,1,0.022955879832640802,0.2691153883934021,1,0.49377790093421936
2011-03-15,1,0.027077493515125894,0.5362517237663269,1,0.49377790093421936
2011-03-16,1,0.04637139803657475,0.6129699945449829,1,0.49377790093421936
2011-03-17,1,0.03348850719565766,0.650006115436554,1,0.49377790093421936
2011-03-18,1,0.033500058641530606,0.613325834274292,1,0.49377790093421936
2011-03-23,0,0.026531009458884425,0.24230489134788513,1,0.49377790093421936
2011-04-13,0,0.027536345349946423,0.8633350729942322,1,0.49377790093421936
2011-04-14,1,0.01885049223925117,0.7994937896728516,1,0.49377790093421936
2011-04-19,1,0.02322782290742631,0.8726198673248291,1,0.49377790093421936
2011-05-16,0,-0.029056432687152633,0.5345946550369263,1,0.49377790093421936
2011-05-17,0,-0.04618145882591396,0.6944515109062195,1,0.49377790093421936
2011-05-23,0,-0.014903804468979431,0.3770412504673004,1,0.49377790093421936
2011-05-24,0,-0.02002364534613621,0.1346149891614914,1,0.49377790093421936
2011-05-25,0,-0.02608910717510582,0.16560281813144684,1,0.49377790093421936
2011-05-26,0,-0.04181408405119613,0.1383042335510254,1,0.49377790093421936
2011-05-27,0,-0.036968582376395664,0.3062123954296112,1,0.49377790093421936
2011-06-02,0,0.006788913333574342,0.18205995857715607,1,0.49377790093421936
2011-06-03,0,0.03192722355049793,0.3024141788482666,1,0.49377790093421936
2011-06-06,0,0.04210651885858874,0.4062739610671997,1,0.49377790093421936
2011-06-07,0,0.04399975569538994,0.4460955858230591,1,0.49377790093421936
2011-06-08,0,0.059266829500852936,0.42506566643714905,1,0.49377790093421936
2011-06-09,0,0.04378895262976035,0.5006387233734131,1,0.49377790093421936
2011-06-10,0,0.039375243456320375,0.4290470480918884,1,0.49377790093421936
2011-06-13,1,0.034076003740126204,0.49784335494041443,1,0.49377790093421936
2011-06-14,1,0.02454084009521118,0.5065401196479797,1,0.49377790093421936
2011-06-15,1,0.035892894095056915,0.41646021604537964,1,0.49377790093421936
2011-06-16,1,0.03961420688305295,0.20170807838439941,1,0.49377790093421936
2011-06-17,1,0.02802032482535477,0.24964535236358643,1,0.49377790093421936
2011-06-20,0,0.03938929169532823,0.09377168864011765,1,0.49377790093421936
2011-06-23,0,0.04894794820401249,0.14941225945949554,1,0.49377790093421936
2011-06-24,0,0.05535829408165971,0.6181231141090393,1,0.49377790093421936
2011-06-27,0,0.04212935662534689,0.7912049889564514,1,0.49377790093421936
2011-07-28,0,-0.10704961831362292,0.3098117709159851,1,0.49377790093421936
2011-07-29,0,-0.08783749116716333,0.44336172938346863,1,0.49377790093421936
2011-08-01,0,-0.05761777716343763,0.4576117992401123,1,0.49377790093421936
2011-08-02,0,-0.030361139185677066,0.4592111110687256,1,0.49377790093421936
2011-08-03,0,-0.0313070528850844,0.4643635153770447,1,0.49377790093421936
2011-08-04,1,0.005654471919437798,0.5332042574882507,1,0.49377790093421936
2011-08-05,1,-0.018571106420848693,0.5488917827606201,1,0.49377790093421936
2011-08-08,1,0.04213487073276179,0.6076366901397705,1,0.49377790093421936
2011-08-09,1,0.023918915433894572,0.5380640029907227,1,0.49377790093421936
2011-08-10,1,0.060111969121532605,0.5629608035087585,1,0.49377790093421936
2011-08-11,0,-0.012017379584068344,0.49127107858657837,1,0.49377790093421936
2011-08-12,0,-0.012275744925339449,0.5321511030197144,1,0.49377790093421936
2011-08-15,0,-0.023876526289774436,0.07764104753732681,1,0.49377790093421936
2011-08-16,0,-0.0018400907710552916,0.08095036447048187,1,0.49377790093421936
2011-08-17,0,0.014707323995173383,0.05423802137374878,1,0.49377790093421936
2011-08-18,0,0.06670757113838754,0.30131223797798157,1,0.49377790093421936
2011-08-19,0,0.0736182896062445,0.4723791480064392,1,0.49377790093421936
2011-08-22,0,0.07151373073992828,0.4962882697582245,1,0.49377790093421936
2011-08-23,0,0.006813704597625536,0.39662668108940125,1,0.49377790093421936
2011-08-24,0,-0.039262435074368995,0.40623971819877625,1,0.49377790093421936
2011-08-25,0,-0.018512098814115086,0.08033576607704163,1,0.49377790093421936
2011-08-26,0,-0.009567201591850316,0.07318053394556046,1,0.49377790093421936
2011-09-06,0,-0.03477926033351353,0.5994946956634521,1,0.49377790093421936
2011-09-09,1,0.003352723859979534,0.31954148411750793,1,0.49377790093421936
2011-09-12,1,0.030244563720469797,0.3855920732021332,1,0.49377790093421936
2011-09-13,1,0.021906234086087162,0.4457174241542816,1,0.49377790093421936
2011-09-22,0,0.07797267456058932,0.45277324318885803,1,0.49377790093421936
2011-09-23,0,0.09186173608196535,0.5003277659416199,1,0.49377790093421936
2011-09-26,0,0.07957681321223409,0.531367301940918,1,0.49377790093421936
2011-09-27,0,0.04687748420011917,0.13976053893566132,1,0.49377790093421936
2011-09-28,0,0.07955515810963476,0.0712837502360344,1,0.49377790093421936
2011-09-29,1,0.10840171010406485,0.055247049778699875,1,0.49377790093421936
2011-09-30,1,0.13654426048416668,0.2552444338798523,1,0.49377790093421936
2011-10-03,1,0.14163557283812866,0.3129086494445801,1,0.49377790093421936
2011-10-04,1,0.08598895047453636,0.38680359721183777,1,0.49377790093421936
2011-10-05,1,0.08363950496281758,0.11088427156209946,1,0.49377790093421936
2011-11-17,0,0.0020564308582788904,0.29307758808135986,1,0.49377790093421936
2011-11-18,0,-0.007600295061128581,0.2568526566028595,1,0.49377790093421936
2011-11-21,0,0.042252824371750375,0.24531801044940948,1,0.49377790093421936
2011-11-22,1,0.04838864269363907,0.1807010918855667,1,0.49377790093421936
2011-11-23,1,0.08154151256919073,0.3473767638206482,1,0.49377790093421936
2011-11-25,1,0.09327456695443637,0.24844345450401306,1,0.49377790093421936
2011-11-28,1,0.06333825896726797,0.17524300515651703,1,0.49377790093421936
2011-11-29,1,0.046411201006790526,0.087661512196064,1,0.49377790093421936
2011-12-14,0,0.06503307068308017,0.6232916712760925,1,0.49377790093421936
2011-12-15,1,0.06531595327579498,0.5649489760398865,1,0.49377790093421936
2011-12-16,1,0.0754996256593361,0.3399879038333893,1,0.49377790093421936
2011-12-19,1,0.09285856042009599,0.4825226366519928,1,0.49377790093421936
2012-03-07,1,0.035249234581535616,0.9232421517372131,1,0.49377790093421936
2012-04-10,1,0.004783290039640065,0.27166756987571716,1,0.49377790093421936
2012-04-11,1,-0.009196878850454504,0.30856451392173767,1,0.49377790093421936
2012-04-12,1,-0.019958540991175222,0.5161126852035522,1,0.49377790093421936
2012-04-13,0,-0.011156768459732236,0.060707028955221176,1,0.49377790093421936
2012-04-16,0,-0.02145211943301617,0.07374823838472366,1,0.49377790093421936
2012-04-19,1,-0.049810862484534923,0.13706381618976593,1,0.49377790093421936
2012-04-20,1,-0.0595143206861285,0.5166735053062439,1,0.49377790093421936
2012-04-23,1,-0.035236495191615314,0.24487367272377014,1,0.49377790093421936
2012-04-24,1,-0.03721528557725573,0.2639451324939728,1,0.49377790093421936
2012-05-07,0,-0.058570404493619166,0.7097370624542236,1,0.49377790093421936
2012-05-08,0,-0.03354123162589706,0.6784968376159668,1,0.49377790093421936
2012-05-09,0,-0.027184504061973258,0.6886577606201172,1,0.49377790093421936
2012-05-10,0,-0.021467217657388682,0.724823534488678,1,0.49377790093421936
2012-05-11,0,-0.030970932675932428,0.6877686381340027,1,0.49377790093421936
2012-05-14,0,-0.008873505702558404,0.6100306510925293,1,0.49377790093421936
2012-05-15,0,-0.009524261349133756,0.5739688277244568,1,0.49377790093421936
2012-05-16,1,0.00481869091187459,0.5623068809509277,1,0.49377790093421936
2012-05-17,1,0.030376359872619663,0.48390722274780273,1,0.49377790093421936
2012-05-18,1,0.04128533149896563,0.510829746723175,1,0.49377790093421936
2012-05-21,1,0.03359228394977132,0.5533219575881958,1,0.49377790093421936
2012-05-22,1,0.030121053542039533,0.5903066992759705,1,0.49377790093421936
2012-05-23,0,0.006473285877994561,0.12843556702136993,1,0.49377790093421936
2012-05-24,0,0.012234930074678685,0.09224391728639603,1,0.49377790093421936
2012-05-25,0,-0.0007537570912672376,0.06997544318437576,1,0.49377790093421936
2012-05-29,0,-0.007749974295457984,0.21797703206539154,1,0.49377790093421936
2012-05-30,0,0.015938015793316218,0.3655499219894409,1,0.49377790093421936
2012-05-31,1,0.015274037349227942,0.4108821153640747,1,0.49377790093421936
2012-06-01,1,0.06745641308498129,0.5838434100151062,1,0.49377790093421936
2012-06-04,1,0.0711735096725512,0.5541031360626221,1,0.49377790093421936
2012-06-05,1,0.07013208620266997,0.5389898419380188,1,0.49377790093421936
2012-06-06,1,0.04189430141454653,0.4841906726360321,1,0.49377790093421936
2012-06-07,0,0.031366960743800965,0.37561336159706116,1,0.49377790093421936
2012-06-26,1,0.015002305314428144,0.7295722961425781,1,0.49377790093421936
2012-07-11,1,0.04718223852705483,0.8016740083694458,1,0.49377790093421936
2012-07-12,1,0.05317988375588367,0.5543115139007568,1,0.49377790093421936
2012-07-24,1,0.05846325623984727,0.41355466842651367,1,0.49377790093421936
2012-07-25,1,0.05867461058716139,0.34648141264915466,1,0.49377790093421936
2012-10-10,0,-0.03573429764639413,0.8153337836265564,1,0.49377790093421936
2012-10-11,0,-0.03550488500423643,0.8891622424125671,1,0.49377790093421936
2012-10-12,0,-0.03569160987598863,0.5720333456993103,1,0.49377790093421936
2012-10-15,0,-0.05656559985994869,0.4162006080150604,1,0.49377790093421936
2012-10-22,1,-0.02761284589341495,0.8999071717262268,1,0.49377790093421936
2012-10-23,1,-0.000495321232581003,0.6495151519775391,1,0.49377790093421936
2012-10-24,1,0.00021323557611929722,0.5558083653450012,1,0.49377790093421936
2012-10-25,1,-0.0077774341328857854,0.8425025343894958,1,0.49377790093421936
2012-10-26,1,0.0007782587497469073,0.5087969303131104,1,0.49377790093421936
2012-10-31,0,0.005447605902911379,0.23639582097530365,1,0.49377790093421936
2012-11-01,0,-0.004761115116753922,0.241762176156044,1,0.49377790093421936
2012-11-02,0,-0.0007771723080061133,0.1737322062253952,1,0.49377790093421936
2012-11-05,0,-0.004230206154683835,0.14118656516075134,1,0.49377790093421936
2012-11-08,0,0.0316574227674391,0.7738460898399353,1,0.49377790093421936
2012-11-09,0,0.03119546504468662,0.7438749670982361,1,0.49377790093421936
2012-11-12,0,0.03739084453305819,0.6211903095245361,1,0.49377790093421936
2012-11-13,1,0.04151207835641957,0.5950511693954468,1,0.49377790093421936
2012-11-14,1,0.04929006288763804,0.6414096355438232,1,0.49377790093421936
2012-11-15,1,0.04716271444492337,0.63548344373703,1,0.49377790093421936
2012-11-16,1,0.054264695010606045,0.6404516100883484,1,0.49377790093421936
2012-11-19,1,0.04484979819663115,0.5808942317962646,1,0.49377790093421936
2012-11-20,0,0.0366405200063451,0.35941997170448303,1,0.49377790093421936
2012-11-21,0,0.04065964997680238,0.08775453269481659,1,0.49377790093421936
2012-12-27,1,0.06011577726717254,0.7295016646385193,1,0.49377790093421936
2012-12-28,1,0.07591223068117103,0.61048823595047,1,0.49377790093421936
2013-02-26,1,0.045758605806237584,0.8481993079185486,1,0.49377790093421936
2013-04-18,1,0.07266113451010958,0.4701691269874573,1,0.49377790093421936
2013-04-19,1,0.07370790780123082,0.7335429787635803,1,0.49377790093421936
2013-06-05,1,0.005353564288378854,0.29660576581954956,1,0.49377790093421936
2013-06-06,1,0.007082542756395194,0.35434919595718384,1,0.49377790093421936
2013-06-12,0,0.040655829290811685,0.31377869844436646,1,0.49377790093421936
2013-06-20,1,0.06690830353624633,0.5042638182640076,1,0.49377790093421936
2013-06-21,1,0.06556884440372501,0.4009571671485901,1,0.49377790093421936
2013-06-24,1,0.07691318895174182,0.4020150303840637,1,0.49377790093421936
2013-06-25,1,0.06274825661620631,0.26562973856925964,1,0.49377790093421936
2013-06-26,1,0.054889631137363004,0.17538027465343475,1,0.49377790093421936
2013-06-27,0,0.0498506072987841,0.0804067999124527,1,0.49377790093421936
2013-06-28,0,0.05092847616322849,0.05594142898917198,1,0.49377790093421936
2013-08-16,0,0.027015577233376664,0.4249437153339386,1,0.49377790093421936
2013-08-19,0,0.03823508726506031,0.36705008149147034,1,0.49377790093421936
2013-08-20,0,0.0451140866773978,0.6075273752212524,1,0.49377790093421936
2013-08-21,0,0.04983003317006918,0.5772828459739685,1,0.49377790093421936
2013-08-22,0,0.03307349947925897,0.19882237911224365,1,0.49377790093421936
2013-08-23,1,0.024836759697118183,0.13744448125362396,1,0.49377790093421936
2013-08-26,1,0.026243286922912556,0.06164553388953209,1,0.49377790093421936
2013-08-27,1,0.04000446903110566,0.4364841878414154,1,0.49377790093421936
2013-08-28,1,0.04030962629775692,0.390369713306427,1,0.49377790093421936
2013-08-29,1,0.03388738828957649,0.4341159462928772,1,0.49377790093421936
2013-08-30,0,0.03164644903865921,0.33852940797805786,1,0.49377790093421936
2013-09-03,0,0.03513221038512371,0.12808340787887573,1,0.49377790093421936
2013-09-04,0,0.02566936981937018,0.09481687843799591,1,0.49377790093421936
2013-10-08,1,0.06520494817878508,0.4210643768310547,1,0.49377790093421936
2013-10-09,1,0.06986733683764323,0.34221041202545166,1,0.49377790093421936
2013-12-12,1,0.025522335272363472,0.6520703434944153,1,0.49377790093421936
2013-12-13,1,0.036814516703484124,0.7611772418022156,1,0.49377790093421936
2014-01-24,0,0.033651921732156254,0.6493103504180908,1,0.49377790093421936
2014-01-27,0,0.0383682863724939,0.6220531463623047,1,0.49377790093421936
2014-01-28,0,0.03227751859029504,0.7862241268157959,1,0.49377790093421936
2014-01-29,0,0.0477585784494623,0.7522168755531311,1,0.49377790093421936
2014-01-30,1,0.03939100570582754,0.6543042659759521,1,0.49377790093421936
2014-01-31,1,0.03816383596151551,0.7308921813964844,1,0.49377790093421936
2014-02-03,1,0.07699412126956351,0.5538746118545532,1,0.49377790093421936
2014-02-04,1,0.07047201729199148,0.5345509648323059,1,0.49377790093421936
2014-02-05,1,0.07427059553001714,0.518492579460144,1,0.49377790093421936
2014-02-06,0,0.060739585707718646,0.18359977006912231,1,0.49377790093421936
2014-03-14,1,-0.012720398860794013,0.789983868598938,1,0.49377790093421936
2014-03-27,0,0.009264271849769079,0.5832549929618835,1,0.49377790093421936
2014-04-08,0,0.015018648202125284,0.8334307670593262,1,0.49377790093421936
2014-04-11,1,0.045617233216019404,0.5138664245605469,1,0.49377790093421936
2014-04-14,1,0.03837317318741418,0.43759673833847046,1,0.49377790093421936
2014-04-15,1,0.026384178369684985,0.20066779851913452,1,0.49377790093421936
2014-07-30,0,0.01660056284173983,0.9478424191474915,1,0.49377790093421936
2014-07-31,0,0.03651185977033533,0.7780367732048035,1,0.49377790093421936
2014-08-01,0,0.042649866760973154,0.5141437649726868,1,0.49377790093421936
2014-08-04,0,0.03465856460538541,0.7631701231002808,1,0.49377790093421936
2014-08-05,1,0.04421676310100486,0.5472580790519714,1,0.49377790093421936
2014-08-06,1,0.04237999794214309,0.5789691805839539,1,0.49377790093421936
2014-08-07,1,0.052766626806142414,0.6621994376182556,1,0.49377790093421936
2014-08-08,1,0.03803531739152888,0.5854199528694153,1,0.49377790093421936
2014-08-11,1,0.028483114041845115,0.40997201204299927,1,0.49377790093421936
2014-08-12,0,0.03379366824701591,0.07141249626874924,1,0.49377790093421936
2014-09-15,0,-0.05374387985596296,0.9609971046447754,1,0.49377790093421936
2014-09-26,0,-0.007427938279942148,0.5403387546539307,1,0.49377790093421936
2014-09-29,0,-0.006985429977855784,0.7267924547195435,1,0.49377790093421936
2014-09-30,0,0.007055153095775646,0.1420479714870453,1,0.49377790093421936
2014-10-01,0,0.01934614519304856,0.45243045687675476,1,0.49377790093421936
2014-10-02,0,0.025722981046425675,0.41748613119125366,1,0.49377790093421936
2014-10-03,0,0.026155063261228406,0.18799316883087158,1,0.49377790093421936
2014-10-06,0,0.027917997311772025,0.13452735543251038,1,0.49377790093421936
2014-10-07,0,0.04041200515203469,0.28821754455566406,1,0.49377790093421936
2014-10-08,0,0.02898747723375994,0.2868022322654724,1,0.49377790093421936
2014-10-09,0,0.05401065009321604,0.3801860809326172,1,0.49377790093421936
2014-10-10,0,0.06717774114944097,0.2625081241130829,1,0.49377790093421936
2014-10-13,0,0.08841577606160222,0.6142399907112122,1,0.49377790093421936
2014-10-14,1,0.08779958248825714,0.5410821437835693,1,0.49377790093421936
2014-10-15,1,0.09403024571354335,0.5907844305038452,1,0.49377790093421936
2014-10-16,1,0.09620482974166422,0.5680262446403503,1,0.49377790093421936
2014-10-17,1,0.08367421257756935,0.5871350765228271,1,0.49377790093421936
2014-10-20,1,0.07393592276639493,0.5153444409370422,1,0.49377790093421936
2014-12-11,0,-0.0020644295978473615,0.8929372429847717,1,0.49377790093421936
2014-12-12,1,0.01147560415873805,0.6495151519775391,1,0.49377790093421936
2014-12-15,1,0.01232344602523372,0.7185289263725281,1,0.49377790093421936
2014-12-16,1,0.011159039566316364,0.5182293653488159,1,0.49377790093421936
2014-12-17,1,0.004722259681479102,0.5509786009788513,1,0.49377790093421936
2015-01-06,0,0.021219244977314755,0.4710155427455902,2,0.5182896256446838
2015-01-07,0,0.018832765205678337,0.8763298392295837,2,0.5182896256446838
2015-01-12,0,0.020527661687741894,0.522212028503418,2,0.5182896256446838
2015-01-13,1,0.024000040221896946,0.7196888327598572,2,0.5182896256446838
2015-01-14,1,0.040126924064170844,0.46990302205085754,2,0.5182896256446838
2015-01-15,1,0.05406487874555621,0.6971900463104248,2,0.5182896256446838
2015-01-16,1,0.04205688048582146,0.8656926155090332,2,0.5182896256446838
2015-01-20,1,0.03993834106340355,0.833855926990509,2,0.5182896256446838
2015-01-28,1,0.056160830030934195,0.7052266001701355,2,0.5182896256446838
2015-01-29,1,0.042922705000326467,0.7253291606903076,2,0.5182896256446838
2015-01-30,1,0.06287325958838541,0.7187991738319397,2,0.5182896256446838
2015-02-02,1,0.04556333876515328,0.390619158744812,2,0.5182896256446838
2015-03-09,1,-0.000742778237076358,0.8379641175270081,2,0.5182896256446838
2015-03-10,1,0.019164941692742188,0.6384903788566589,2,0.5182896256446838
2015-03-11,1,0.026075117584634322,0.6028712391853333,2,0.5182896256446838
2015-03-12,1,0.01872274624302106,0.8550053238868713,2,0.5182896256446838
2015-03-13,1,0.02037278242936358,0.2289266288280487,2,0.5182896256446838
2015-03-26,1,0.03108084305460812,0.6034151315689087,2,0.5182896256446838
2015-03-27,1,0.024448293896905504,0.8255340456962585,2,0.5182896256446838
2015-04-01,0,0.013417630868525876,0.23020212352275848,2,0.5182896256446838
2015-04-02,0,0.02073224030669496,0.6074060797691345,2,0.5182896256446838
2015-05-06,1,0.01004621373236847,0.8027217984199524,2,0.5182896256446838
2015-05-07,1,0.004308661276444914,0.8300480246543884,2,0.5182896256446838
2015-06-05,1,-0.009745937570766916,0.49288633465766907,2,0.5182896256446838
2015-06-08,1,0.002647195502387678,0.6372067928314209,2,0.5182896256446838
2015-06-09,1,-0.01403323899613551,0.43158578872680664,2,0.5182896256446838
2015-06-15,0,0.01240879610061274,0.5545705556869507,2,0.5182896256446838
2015-06-16,0,0.0065847106550658285,0.8056216835975647,2,0.5182896256446838
2015-06-26,0,-0.014440921299342713,0.5532345771789551,2,0.5182896256446838
2015-06-29,0,0.019034505247196076,0.3798060119152069,2,0.5182896256446838
2015-06-30,0,0.023900859802195695,0.4614253640174866,2,0.5182896256446838
2015-07-01,0,0.015999925911160506,0.8435432314872742,2,0.5182896256446838
2015-07-02,0,0.015387698457540067,0.4701714813709259,2,0.5182896256446838
2015-07-06,1,0.014850476214253838,0.09615640342235565,2,0.5182896256446838
2015-07-07,1,0.006537829804744044,0.1633012443780899,2,0.5182896256446838
2015-07-08,1,0.027087122514352524,0.4443114995956421,2,0.5182896256446838
2015-07-09,1,0.016837658246334097,0.3735398054122925,2,0.5182896256446838
2015-07-10,1,0.0022651312336536833,0.4159108102321625,2,0.5182896256446838
2015-07-27,1,-0.0836114271189543,0.7516611218452454,2,0.5182896256446838
2015-07-28,1,-0.10538380195029873,0.9276788830757141,2,0.5182896256446838
2015-08-04,0,-0.08410600721106931,0.4021777808666229,2,0.5182896256446838
2015-08-07,1,-0.07386399390477072,0.6134806275367737,2,0.5182896256446838
2015-08-12,0,-0.06256024243883207,0.3848307728767395,2,0.5182896256446838
2015-08-13,0,-0.0571264828145861,0.473408967256546,2,0.5182896256446838
2015-08-20,0,-0.03678922983813626,0.4981514811515808,2,0.5182896256446838
2015-08-21,1,-0.0017620815264527412,0.5585873126983643,2,0.5182896256446838
2015-08-24,1,0.028591710147306992,0.6423003673553467,2,0.5182896256446838
2015-08-25,1,0.039175918258728126,0.7125421166419983,2,0.5182896256446838
2015-08-26,1,-0.002865064695009245,0.7271572351455688,2,0.5182896256446838
2015-08-27,1,-0.02718648016143188,0.8317066431045532,2,0.5182896256446838
2015-08-28,0,-0.05164876966781051,0.6680170297622681,2,0.5182896256446838
2015-08-31,0,-0.043364962346647884,0.18188709020614624,2,0.5182896256446838
2015-09-01,0,0.004465533621772044,0.5021269917488098,2,0.5182896256446838
2015-09-02,0,-0.011673250510951139,0.7101439237594604,2,0.5182896256446838
2015-09-03,0,0.0023717811391268384,0.6602104902267456,2,0.5182896256446838
2015-09-04,0,0.035889268731857715,0.24900458753108978,2,0.5182896256446838
2015-09-08,0,0.0070317366734893305,0.26953113079071045,2,0.5182896256446838
2015-09-09,0,0.029040226449180917,0.23236912488937378,2,0.5182896256446838
2015-09-10,0,0.032709362054882396,0.06088303029537201,2,0.5182896256446838
2015-09-11,0,0.028650536902212975,0.07250169664621353,2,0.5182896256446838
2015-09-14,0,0.03345614145822773,0.06466101855039597,2,0.5182896256446838
2015-09-21,0,0.035172332110756876,0.5900244116783142,2,0.5182896256446838
2015-09-22,0,0.04744499435225591,0.38084250688552856,2,0.5182896256446838
2015-09-23,0,0.04261379827006739,0.48617109656333923,2,0.5182896256446838
2015-09-24,1,0.06407446371322978,0.3182426393032074,2,0.5182896256446838
2015-09-25,1,0.07601785527656535,0.3112553358078003,2,0.5182896256446838
2015-09-28,1,0.10100500463819251,0.5802239179611206,2,0.5182896256446838
2015-09-29,1,0.098235110740019,0.5364456176757812,2,0.5182896256446838
2015-09-30,1,0.0903820277840115,0.7212616801261902,2,0.5182896256446838
2015-10-01,0,0.08691999220280211,0.4085650146007538,2,0.5182896256446838
2015-11-13,1,0.0017777359073347654,0.636538565158844,2,0.5182896256446838
2015-11-16,1,-0.0028696335603326517,0.9232897162437439,2,0.5182896256446838
2015-11-17,1,0.012459696059976766,0.4890918433666229,2,0.5182896256446838
2015-12-09,0,-0.05979252262514556,0.6774231791496277,2,0.5182896256446838
2015-12-10,0,-0.061284536637363995,0.7220646739006042,2,0.5182896256446838
2015-12-11,0,-0.03500843027358824,0.6160898804664612,2,0.5182896256446838
2015-12-14,0,-0.06380604588749605,0.678058385848999,2,0.5182896256446838
2015-12-15,0,-0.05832180388632646,0.7226572632789612,2,0.5182896256446838
2015-12-18,1,-0.071843082195859,0.6660443544387817,2,0.5182896256446838
2015-12-21,1,-0.0742797914775617,0.633095920085907,2,0.5182896256446838
2015-12-22,1,-0.06378347398338668,0.4527139663696289,2,0.5182896256446838
2016-01-04,0,-0.05402463857161688,0.4522067904472351,2,0.5182896256446838
2016-01-05,0,-0.049959960518707436,0.5326838493347168,2,0.5182896256446838
2016-01-06,0,-0.03631418186558555,0.6972476840019226,2,0.5182896256446838
2016-01-07,0,-0.0314351934371202,0.477538526058197,2,0.5182896256446838
2016-01-08,0,-0.033868347538115406,0.5762573480606079,2,0.5182896256446838
2016-01-11,0,-0.03477179873575087,0.5618965029716492,2,0.5182896256446838
2016-01-12,0,-0.04332344751664996,0.59906005859375,2,0.5182896256446838
2016-01-13,0,-0.031615604399164554,0.6415549516677856,2,0.5182896256446838
2016-01-14,0,-0.02761400445123119,0.7215999960899353,2,0.5182896256446838
2016-01-15,1,0.010489247661041201,0.6092942357063293,2,0.5182896256446838
2016-01-19,1,0.02563019961237445,0.41771385073661804,2,0.5182896256446838
2016-01-20,1,0.03468920570876333,0.6024225950241089,2,0.5182896256446838
2016-01-21,1,0.02844326804846231,0.6032422780990601,2,0.5182896256446838
2016-01-22,1,0.022359775337300825,0.7412018179893494,2,0.5182896256446838
2016-01-25,0,0.024941172839238135,0.4381065368652344,2,0.5182896256446838
2016-01-26,0,0.01577325700400034,0.10571657866239548,2,0.5182896256446838
2016-01-27,0,0.03938761862623452,0.10436352342367172,2,0.5182896256446838
2016-01-28,0,0.03162171774345146,0.06238303706049919,2,0.5182896256446838
2016-02-03,0,0.044328414030208485,0.2961757481098175,2,0.5182896256446838
2016-02-04,0,0.04608555730251229,0.3116315007209778,2,0.5182896256446838
2016-02-05,0,0.06725179649939017,0.48089322447776794,2,0.5182896256446838
2016-02-08,0,0.07000348281861535,0.5582053065299988,2,0.5182896256446838
2016-02-09,1,0.0752305729649112,0.5281817317008972,2,0.5182896256446838
2016-02-10,1,0.07702285017995303,0.48640432953834534,2,0.5182896256446838
2016-02-11,1,0.10882640795887544,0.5363330841064453,2,0.5182896256446838
2016-02-12,1,0.08503456018859068,0.5512452125549316,2,0.5182896256446838
2016-05-04,0,0.028778975807528306,0.8247491717338562,2,0.5182896256446838
2016-05-05,0,0.025906393457830967,0.6966592073440552,2,0.5182896256446838
2016-05-06,0,0.02736742248521362,0.7628222107887268,2,0.5182896256446838
2016-05-09,0,0.028121876156068204,0.325702428817749,2,0.5182896256446838
2016-05-12,0,0.016992814413747892,0.8224331736564636,2,0.5182896256446838
2016-05-13,0,0.018021237707835924,0.7383642196655273,2,0.5182896256446838
2016-05-18,1,0.016885262972432313,0.3792082667350769,2,0.5182896256446838
2016-05-19,1,0.016620881870464066,0.3492361605167389,2,0.5182896256446838
2016-05-20,1,0.016744631272861854,0.15374484658241272,2,0.5182896256446838
2016-05-23,1,0.021022218642165136,0.22651433944702148,2,0.5182896256446838
2016-06-14,0,0.03844289297451153,0.7883733510971069,2,0.5182896256446838
2016-06-15,0,0.045698263960876284,0.8376820683479309,2,0.5182896256446838
2016-06-16,0,0.041188455953341085,0.6655570864677429,2,0.5182896256446838
2016-06-17,0,0.04788938368581119,0.8208693265914917,2,0.5182896256446838
2016-06-27,1,0.08592156307375731,0.5820582509040833,2,0.5182896256446838
2016-06-28,1,0.0655512401217857,0.7257142663002014,2,0.5182896256446838
2016-09-01,0,1.1865843781544427e-05,0.9080935716629028,2,0.5182896256446838
2016-09-12,1,0.004215348159738008,0.8601076006889343,2,0.5182896256446838
2016-09-13,1,0.005994401114769898,0.4114767909049988,2,0.5182896256446838
2016-09-14,1,0.007692091125496292,0.5018859505653381,2,0.5182896256446838
2016-09-15,1,-0.005546235185201476,0.7690181732177734,2,0.5182896256446838
2016-09-16,1,-0.0011716231633555063,0.3477574288845062,2,0.5182896256446838
2016-09-19,0,-0.004826423310480554,0.12435180693864822,2,0.5182896256446838
2016-09-20,0,0.0013589181635129677,0.17104531824588776,2,0.5182896256446838
2016-10-12,0,0.01249372107241875,0.6075929403305054,2,0.5182896256446838
2016-10-13,1,0.018355854310536213,0.5367059111595154,2,0.5182896256446838
2016-10-14,1,0.015484386237810899,0.41454756259918213,2,0.5182896256446838
2016-10-17,1,0.0198231267854323,0.31263312697410583,2,0.5182896256446838
2016-10-18,1,0.02138417379154145,0.21854832768440247,2,0.5182896256446838
2016-10-19,1,0.01675386024667258,0.14227527379989624,2,0.5182896256446838
2016-10-20,0,0.023891833045250888,0.09182091802358627,2,0.5182896256446838
2016-10-21,0,0.021123215871723167,0.08928602933883667,2,0.5182896256446838
2016-10-26,0,0.03256277898889026,0.17464804649353027,2,0.5182896256446838
2016-10-27,0,0.03917038900995684,0.538641631603241,2,0.5182896256446838
2016-10-28,0,0.03735793225864281,0.6031143069267273,2,0.5182896256446838
2016-10-31,0,0.039332038508000045,0.5650902986526489,2,0.5182896256446838
2016-11-01,0,0.04440555982158312,0.6413856148719788,2,0.5182896256446838
2016-11-02,1,0.04686787911481205,0.5054975152015686,2,0.5182896256446838
2016-11-03,1,0.05220832552921317,0.6680709719657898,2,0.5182896256446838
2016-11-04,1,0.05969809060666109,0.6134180426597595,2,0.5182896256446838
2017-03-22,0,0.004524379516839705,0.8004117608070374,2,0.5182896256446838
2017-03-23,1,0.002392985621205046,0.691235363483429,2,0.5182896256446838
2017-03-24,1,0.014153421840469083,0.35871225595474243,2,0.5182896256446838
2017-03-27,1,0.02110276397447275,0.3937804698944092,2,0.5182896256446838
2017-04-12,1,0.022860460609024802,0.8557934165000916,2,0.5182896256446838
2017-04-13,1,0.027827087077056722,0.6607436537742615,2,0.5182896256446838
2017-04-17,1,0.024427405131599356,0.9018899202346802,2,0.5182896256446838
2017-04-18,1,0.026553039809606993,0.5906241536140442,2,0.5182896256446838
2017-04-19,0,0.010195515505826425,0.17359808087348938,2,0.5182896256446838
2017-05-18,1,0.029789244267272696,0.8702332973480225,2,0.5182896256446838
2017-06-30,0,0.020554209333796702,0.41118067502975464,2,0.5182896256446838
2017-08-11,0,0.020850353775891728,0.8704480528831482,2,0.5182896256446838
2017-08-18,1,0.033988048495804835,0.6380782723426819,2,0.5182896256446838
2017-08-21,1,0.03421386729867071,0.7436947822570801,2,0.5182896256446838
2017-08-24,0,0.027410438020864847,0.21187645196914673,2,0.5182896256446838
2017-08-25,0,0.022920398744973536,0.6190864443778992,2,0.5182896256446838
2017-08-28,0,0.023494596022534786,0.3830779790878296,2,0.5182896256446838
2017-08-29,0,0.02630544537999291,0.4618220627307892,2,0.5182896256446838
2018-02-05,0,0.033910094121607504,0.6730204224586487,2,0.5182896256446838
2018-02-06,1,0.013562391534708729,0.7919530272483826,2,0.5182896256446838
2018-02-07,1,0.024022002290227995,0.7909367084503174,2,0.5182896256446838
2018-02-08,1,0.0824435978376219,0.6878024935722351,2,0.5182896256446838
2018-02-09,1,0.06508616088585173,0.6984164714813232,2,0.5182896256446838
2018-02-12,1,0.04288812922752849,0.8154264092445374,2,0.5182896256446838
2018-02-13,0,0.03496226638982636,0.5038744211196899,2,0.5182896256446838
2018-02-14,0,0.020067661783406576,0.07356228679418564,2,0.5182896256446838
2018-02-21,0,0.005418307010279344,0.26988857984542847,2,0.5182896256446838
2018-02-22,0,-0.02098361667335169,0.3293454051017761,2,0.5182896256446838
2018-03-01,1,-0.013060168699472685,0.36323705315589905,2,0.5182896256446838
2018-03-02,1,-0.03931476193752026,0.6561598181724548,2,0.5182896256446838
2018-03-20,0,-0.002066976927244779,0.6035693883895874,2,0.5182896256446838
2018-03-21,0,-0.005695099122827174,0.6632239818572998,2,0.5182896256446838
2018-03-22,0,0.011150342935960511,0.5222768187522888,2,0.5182896256446838
2018-03-23,0,0.03301721861626383,0.44648081064224243,2,0.5182896256446838
2018-03-26,0,-0.008034535685122246,0.7975779175758362,2,0.5182896256446838
2018-03-27,0,0.011627001678148785,0.5820280909538269,2,0.5182896256446838
2018-03-28,1,0.02493940975211162,0.17327281832695007,2,0.5182896256446838
2018-03-29,1,0.012958534465932203,0.4566071629524231,2,0.5182896256446838
2018-04-02,1,0.027343136984634198,0.3106648027896881,2,0.5182896256446838
2018-04-03,1,0.016144723019745122,0.28493520617485046,2,0.5182896256446838
2018-04-04,1,-0.001365629654715761,0.35490697622299194,2,0.5182896256446838
2018-04-05,0,-0.011369253519358025,0.041234929114580154,2,0.5182896256446838
2018-04-06,0,0.024256493663824985,0.13659168779850006,2,0.5182896256446838
2018-04-09,0,0.022682171224425396,0.19570988416671753,2,0.5182896256446838
2018-04-25,0,0.03690778638319503,0.5979130864143372,2,0.5182896256446838
2018-05-01,1,0.028794293667953497,0.5330996513366699,2,0.5182896256446838
2018-05-02,1,0.02940714121468413,0.6704245805740356,2,0.5182896256446838
2018-05-03,1,0.04180993573310343,0.7094576358795166,2,0.5182896256446838
2018-06-26,1,0.045692283003678336,0.7533072233200073,2,0.5182896256446838
2018-06-27,1,0.051939688267813366,0.5626537799835205,2,0.5182896256446838
2018-06-28,1,0.03887198239946543,0.7445136308670044,2,0.5182896256446838
2018-06-29,1,0.031959643191964426,0.8389215469360352,2,0.5182896256446838
2018-07-02,0,0.03483394214514823,0.21618859469890594,2,0.5182896256446838
2018-07-03,0,0.03676546930212754,0.27407166361808777,2,0.5182896256446838
2018-10-05,0,-0.055346746694763804,0.8891536593437195,2,0.5182896256446838
2018-10-08,0,-0.05013540685360396,0.9267801642417908,2,0.5182896256446838
2018-10-09,1,-0.04272860019590918,0.6753527522087097,2,0.5182896256446838
2018-10-10,1,0.009737491400924725,0.7097131609916687,2,0.5182896256446838
2018-10-11,1,0.030605861526550537,0.7791463136672974,2,0.5182896256446838
2018-10-12,1,0.006559400615907096,0.8198031783103943,2,0.5182896256446838
2018-10-15,1,-0.0066689187757056345,0.7655810117721558,2,0.5182896256446838
2018-10-16,0,-0.029743110108368165,0.7307742834091187,2,0.5182896256446838
2018-10-17,0,-0.0365486518859649,0.7276145219802856,2,0.5182896256446838
2018-10-18,0,-0.012228751790372416,0.1261473447084427,2,0.5182896256446838
2018-10-19,0,-0.009122004008887297,0.34655073285102844,2,0.5182896256446838
2018-10-22,0,-0.021490125522046877,0.6284089088439941,2,0.5182896256446838
2018-10-23,0,-0.03468435314243534,0.5951667428016663,2,0.5182896256446838
2018-10-24,0,-0.0011310950988315804,0.7126909494400024,2,0.5182896256446838
2018-10-25,1,-0.025288875054789384,0.7315248847007751,2,0.5182896256446838
2018-10-26,1,0.008178275927176015,0.6722534894943237,2,0.5182896256446838
2018-10-29,1,0.017206156771916614,0.5608792901039124,2,0.5182896256446838
2018-10-30,1,0.025432136354299528,0.6220987439155579,2,0.5182896256446838
2018-10-31,1,0.012378219339617358,0.4927425682544708,2,0.5182896256446838
2018-11-01,0,0.007824414265089619,0.21165241301059723,2,0.5182896256446838
2018-11-02,0,0.027253203244275825,0.06709738820791245,2,0.5182896256446838
2018-11-05,0,-0.01148563815156678,0.06978720426559448,2,0.5182896256446838
2018-11-13,0,-0.02458993081321037,0.5853670239448547,2,0.5182896256446838
2018-11-14,0,-0.03601051133347588,0.5715008974075317,2,0.5182896256446838
2018-11-15,0,-0.06468390540236868,0.2321084886789322,2,0.5182896256446838
2018-11-16,0,-0.06813272081301958,0.21088871359825134,2,0.5182896256446838
2018-11-19,0,-0.06629520726197935,0.39287763833999634,2,0.5182896256446838
2018-11-20,1,-0.064175408791317,0.5352691411972046,2,0.5182896256446838
2018-11-21,1,-0.08646277987413464,0.5655401945114136,2,0.5182896256446838
2018-11-23,1,-0.10462135036496378,0.5219533443450928,2,0.5182896256446838
2018-11-26,1,-0.07432676281556894,0.2915131747722626,2,0.5182896256446838
2018-11-27,1,-0.0703479045492712,0.3967098593711853,2,0.5182896256446838
2018-12-06,0,-0.05178828179907646,0.5831729173660278,2,0.5182896256446838
2018-12-07,0,-0.020110782941541228,0.37805071473121643,2,0.5182896256446838
2018-12-10,0,-0.01739530365458264,0.45483681559562683,2,0.5182896256446838
2018-12-11,0,-0.014153412295104584,0.34468701481819153,2,0.5182896256446838
2018-12-12,0,-0.01871333690734378,0.18867871165275574,2,0.5182896256446838
2018-12-13,0,-0.02436950026804463,0.13784180581569672,2,0.5182896256446838
2018-12-14,0,0.005376182249950068,0.3815085291862488,2,0.5182896256446838
2018-12-17,0,0.027976529883965595,0.5425615310668945,2,0.5182896256446838
2018-12-18,0,0.036912123772464556,0.4476081430912018,2,0.5182896256446838
2018-12-19,0,0.06668792058744955,0.6881064772605896,2,0.5182896256446838
2018-12-20,1,0.06968871746308403,0.675868034362793,2,0.5182896256446838
2018-12-21,1,0.09434965455985656,0.6687743663787842,2,0.5182896256446838
2018-12-24,1,0.12464805596457906,0.6516203284263611,2,0.5182896256446838
2018-12-26,1,0.07961650228572537,0.7293398976325989,2,0.5182896256446838
2018-12-27,1,0.06324860466509041,0.6807577610015869,2,0.5182896256446838
2018-12-28,0,0.06320869757032144,0.3054039180278778,2,0.5182896256446838
2018-12-31,0,0.07066255267247268,0.1472049206495285,2,0.5182896256446838
2019-01-02,0,0.07894317363984271,0.1679811179637909,2,0.5182896256446838
2019-01-03,0,0.10585141391108666,0.4714622497558594,2,0.5182896256446838
2019-01-04,0,0.07753866786006869,0.2444162219762802,2,0.5182896256446838
2019-03-08,1,0.05604147459280351,0.6402255296707153,2,0.5182896256446838
2019-05-08,0,-0.009494945581337899,0.7467487454414368,2,0.5182896256446838
2019-05-09,1,0.003453060930459273,0.8272367715835571,2,0.5182896256446838
2019-05-10,1,0.0030198847195319622,0.30098414421081543,2,0.5182896256446838
2019-05-13,1,0.028626195826746192,0.5335190296173096,2,0.5182896256446838
2019-05-14,1,0.01760790981611171,0.7251479029655457,2,0.5182896256446838
2019-05-15,1,0.01585606851855692,0.7446693778038025,2,0.5182896256446838
2019-05-16,0,0.005422121912684874,0.2594951391220093,2,0.5182896256446838
2019-05-17,0,0.012349716049450343,0.1807211935520172,2,0.5182896256446838
2019-05-20,0,0.029758647429463547,0.22493936121463776,2,0.5182896256446838
2019-05-21,0,0.022860886162517025,0.32349541783332825,2,0.5182896256446838
2019-05-22,0,0.035815703235744234,0.14065662026405334,2,0.5182896256446838
2019-05-23,0,0.04710409242173186,0.3645554780960083,2,0.5182896256446838
2019-05-24,0,0.043454693504577646,0.38885000348091125,2,0.5182896256446838
2019-05-28,0,0.04292026436960028,0.5733266472816467,2,0.5182896256446838
2019-05-29,0,0.04891907989971944,0.5826357007026672,2,0.5182896256446838
2019-05-30,1,0.04977109758678222,0.5445940494537354,2,0.5182896256446838
2019-05-31,1,0.06958666229471366,0.5048103928565979,2,0.5182896256446838
2019-06-03,1,0.08204825679693584,0.44278672337532043,2,0.5182896256446838
2019-06-04,1,0.06181762048534645,0.48809877038002014,2,0.5182896256446838
2019-08-01,1,-0.00766515611977836,0.6709294319152832,2,0.5182896256446838
2019-08-02,1,-0.0005810039656122257,0.6780638694763184,2,0.5182896256446838
2019-08-05,1,0.024381471972435786,0.6420585513114929,2,0.5182896256446838
2019-08-06,1,0.02168195392904826,0.6779319047927856,2,0.5182896256446838
2019-08-07,1,0.034205042221962634,0.7019619345664978,2,0.5182896256446838
2019-08-08,0,0.015087464471389422,0.37272748351097107,2,0.5182896256446838
2019-08-09,0,0.0225638088222051,0.379494309425354,2,0.5182896256446838
2019-08-12,0,0.03492228092351213,0.4637836515903473,2,0.5182896256446838
2019-08-13,0,0.026320109887989718,0.5293110013008118,2,0.5182896256446838
2019-08-14,0,0.06125397184264325,0.4479386508464813,2,0.5182896256446838
2019-08-15,0,0.0577552089084894,0.32610470056533813,2,0.5182896256446838
2019-08-16,0,0.03915483603115977,0.4490426182746887,2,0.5182896256446838
2019-08-26,0,0.032070692459891026,0.6847697496414185,2,0.5182896256446838
2019-08-27,0,0.0422640239614116,0.6733649373054504,2,0.5182896256446838
2019-08-28,0,0.03282094733728691,0.15754111111164093,2,0.5182896256446838
2019-10-02,1,0.055821910888402826,0.5558462142944336,2,0.5182896256446838
2019-10-03,1,0.04445322055630552,0.6557203531265259,2,0.5182896256446838
2019-10-04,1,0.04005474105271478,0.6986873149871826,2,0.5182896256446838
2019-10-07,0,0.048758133319863894,0.11715289205312729,2,0.5182896256446838
2019-10-08,0,0.0641184779152324,0.551982045173645,2,0.5182896256446838
2019-10-09,0,0.05434786375314382,0.5869957208633423,2,0.5182896256446838
2019-10-10,0,0.050948067402828645,0.5824123024940491,2,0.5182896256446838
2020-02-03,1,-0.07367654605418095,0.6810398697853088,2,0.5182896256446838
2020-02-25,0,-0.21771999961021304,0.5075387358665466,2,0.5182896256446838
2020-02-26,0,-0.2030779910938073,0.4953739047050476,2,0.5182896256446838
2020-02-27,0,-0.11688383227576049,0.7274331450462341,2,0.5182896256446838
2020-02-28,0,-0.1395727284274687,0.6662763953208923,2,0.5182896256446838
2020-03-02,0,-0.14850491843409497,0.7323696613311768,2,0.5182896256446838
2020-03-03,0,-0.13647193331405694,0.6562978625297546,2,0.5182896256446838
2020-03-04,0,-0.20859990120615823,0.6236823797225952,2,0.5182896256446838
2020-03-05,0,-0.16249822754444077,0.4277160167694092,2,0.5182896256446838
2020-03-06,0,-0.16072942203215335,0.1191561222076416,2,0.5182896256446838
2020-03-09,0,-0.02848880709877022,0.6945891380310059,2,0.5182896256446838
2020-03-10,0,-0.07534486607285373,0.6292605400085449,2,0.5182896256446838
2020-03-11,0,0.004670604302942749,0.6305980086326599,2,0.5182896256446838
2020-03-12,0,0.12787053986970753,0.6695322394371033,2,0.5182896256446838
2020-03-13,0,0.029559451875375453,0.662928581237793,2,0.5182896256446838
2020-03-16,0,0.1901551640253467,0.651757001876831,2,0.5182896256446838
2020-03-17,0,0.10519502638065181,0.5925757884979248,2,0.5182896256446838
2020-03-18,0,0.16975476945667278,0.6608543992042542,2,0.5182896256446838
2020-03-19,1,0.1988086939726501,0.47899866104125977,2,0.5182896256446838
2020-03-20,1,0.2307253091751511,0.4683188498020172,2,0.5182896256446838
2020-03-23,1,0.22466934900797586,0.6608543992042542,2,0.5182896256446838
2020-03-24,1,0.1478507475251607,0.6718809008598328,2,0.5182896256446838
2020-03-25,1,0.13084026753854605,0.6284999251365662,2,0.5182896256446838
2020-03-26,0,0.08334570977203448,0.20065456628799438,2,0.5182896256446838
2020-03-27,0,0.1327043374239607,0.16984449326992035,2,0.5182896256446838
2020-03-30,0,0.09203136154620761,0.08492697775363922,2,0.5182896256446838
2020-03-31,0,0.13757524695023582,0.09732486307621002,2,0.5182896256446838
2020-04-01,0,0.180093019909928,0.19989433884620667,2,0.5182896256446838
2020-04-02,0,0.12294021633861907,0.2983870804309845,2,0.5182896256446838
2020-04-03,0,0.14255229696266247,0.2166300266981125,2,0.5182896256446838
2020-06-12,1,0.03949746257485276,0.8434775471687317,2,0.5182896256446838
2020-06-29,1,0.054884211685780615,0.315885454416275,2,0.5182896256446838
2020-09-08,1,0.009185473345111106,0.5760595202445984,2,0.5182896256446838
2020-09-09,1,0.0068689491839952765,0.9224916100502014,2,0.5182896256446838
2020-09-10,1,0.03374229018816188,0.7801068425178528,2,0.5182896256446838
2020-09-11,0,0.04244280642959075,0.21020515263080597,2,0.5182896256446838
2020-09-14,0,0.045443481714084744,0.21523559093475342,2,0.5182896256446838
2020-09-17,0,0.038861099815787226,0.33270883560180664,2,0.5182896256446838
2020-09-18,0,0.05032530083439446,0.61667799949646,2,0.5182896256446838
2020-09-21,1,0.045998051141337815,0.35456663370132446,2,0.5182896256446838
2020-09-22,1,0.03960017203606525,0.648836076259613,2,0.5182896256446838
2020-09-23,1,0.06226733673482432,0.5751320719718933,2,0.5182896256446838
2020-09-24,1,0.065254897879643,0.5772261023521423,2,0.5182896256446838
2020-09-25,1,0.05186616295337765,0.6697252988815308,2,0.5182896256446838
2020-10-27,0,0.07391653076713123,0.6911365389823914,2,0.5182896256446838
2020-10-28,1,0.11020599234852946,0.3522281050682068,2,0.5182896256446838
2020-10-29,1,0.10209746310729906,0.7155916094779968,2,0.5182896256446838
2020-10-30,1,0.10877673265790544,0.4054276645183563,2,0.5182896256446838
2020-11-02,1,0.10847985305329133,0.33188745379447937,3,0.5316961407661438
2020-11-03,1,0.09153961793787424,0.3284531235694885,3,0.5316961407661438
2021-02-01,1,0.027403469764956778,0.8331378102302551,3,0.5316961407661438
2021-02-26,0,0.044476167689175394,0.7929959893226624,3,0.5316961407661438
2021-03-04,1,0.06695529299102554,0.6193296313285828,3,0.5316961407661438
2021-03-05,1,0.06271902436007082,0.8230059146881104,3,0.5316961407661438
2021-03-08,1,0.06740561212475327,0.3055276572704315,3,0.5316961407661438
2021-05-12,1,0.04489288632761057,0.7032486796379089,3,0.5316961407661438
2021-05-13,1,0.03419637629427896,0.7358428835868835,3,0.5316961407661438
2021-05-19,0,0.027040913388483467,0.26157504320144653,3,0.5316961407661438
2021-08-19,1,0.006715985421578585,0.8679125308990479,3,0.5316961407661438
2021-09-13,0,-0.023506262470341488,0.8526456952095032,3,0.5316961407661438
2021-09-14,0,-0.020624648380840882,0.6959732174873352,3,0.5316961407661438
2021-09-17,0,0.010127038704461189,0.6333884596824646,3,0.5316961407661438
2021-09-20,0,0.030296835848115045,0.6898245811462402,3,0.5316961407661438
2021-09-21,0,0.0392268494298158,0.6999090313911438,3,0.5316961407661438
2021-09-22,0,0.033229528841983935,0.7324303984642029,3,0.5316961407661438
2021-09-28,0,0.05127710035438415,0.7073989510536194,3,0.5316961407661438
2021-09-29,0,0.044861348255026634,0.6779756546020508,3,0.5316961407661438
2021-09-30,1,0.067996517238607,0.5355684757232666,3,0.5316961407661438
2021-10-01,1,0.05759514074330818,0.7005189061164856,3,0.5316961407661438
2021-10-04,1,0.07325496686378252,0.5471711158752441,3,0.5316961407661438
2021-10-05,1,0.06649742740541265,0.5134038329124451,3,0.5316961407661438
2021-10-06,1,0.06856760277050267,0.3751029372215271,3,0.5316961407661438
2021-10-12,0,0.07785631027501361,0.48631981015205383,3,0.5316961407661438
2021-10-13,0,0.06535248583281317,0.32513874769210815,3,0.5316961407661438
2021-12-01,1,0.060672395262724166,0.6423394680023193,3,0.5316961407661438
2021-12-02,1,0.04203903138942988,0.6976682543754578,3,0.5316961407661438
2021-12-03,1,0.0572720251067409,0.4831906855106354,3,0.5316961407661438
2021-12-06,0,0.044547118858482726,0.22398874163627625,3,0.5316961407661438
2021-12-20,1,-0.007099321134411474,0.41170188784599304,3,0.5316961407661438
2022-01-06,0,-0.04111655578848972,0.754951536655426,3,0.5316961407661438
2022-01-07,0,-0.04039997764865988,0.6735820770263672,3,0.5316961407661438
2022-01-10,0,-0.03129902415029451,0.5579224228858948,3,0.5316961407661438
2022-01-14,0,-0.05530209381960016,0.5312156677246094,3,0.5316961407661438
2022-01-18,0,-0.022760569528643138,0.741195797920227,3,0.5316961407661438
2022-01-19,0,-0.011400040148267121,0.6663013696670532,3,0.5316961407661438
2022-01-20,0,-0.02168995220924419,0.531901478767395,3,0.5316961407661438
2022-01-21,0,-0.008561950826488696,0.680747389793396,3,0.5316961407661438
2022-01-24,0,-0.023349398572968916,0.662781298160553,3,0.5316961407661438
2022-01-25,1,-0.028816487808118962,0.5099560618400574,3,0.5316961407661438
2022-01-26,1,-0.011722055493077366,0.48409348726272583,3,0.5316961407661438
2022-01-27,1,0.015095960764761829,0.5481744408607483,3,0.5316961407661438
2022-01-28,1,-0.01203752853230966,0.562803328037262,3,0.5316961407661438
2022-01-31,1,-0.04429764293928884,0.5700927376747131,3,0.5316961407661438
2022-02-04,0,-0.06523291506241535,0.2448694407939911,3,0.5316961407661438
2022-02-07,0,-0.06933317669735206,0.6134011745452881,3,0.5316961407661438
2022-02-11,0,-0.05326245898648041,0.610148549079895,3,0.5316961407661438
2022-02-14,0,-0.02926961311199472,0.5827788710594177,3,0.5316961407661438
2022-02-15,0,-0.023492581014691427,0.7469709515571594,3,0.5316961407661438
2022-02-16,0,-0.012382360314629581,0.34547924995422363,3,0.5316961407661438
2022-02-17,0,0.020228266959544827,0.5130608677864075,3,0.5316961407661438
2022-02-18,1,0.026576918951589867,0.6117430925369263,3,0.5316961407661438
2022-02-22,1,0.04985609895354437,0.5799275636672974,3,0.5316961407661438
2022-02-23,1,0.055050581567538615,0.5412402749061584,3,0.5316961407661438
2022-02-24,1,0.055076949429856636,0.5881008505821228,3,0.5316961407661438
2022-02-25,1,0.037341953302294284,0.49607303738594055,3,0.5316961407661438
2022-02-28,0,0.04740022669412025,0.10427383333444595,3,0.5316961407661438
2022-03-01,0,0.0767567110904599,0.08706843107938766,3,0.5316961407661438
2022-03-02,0,0.050777488137582205,0.2149709016084671,3,0.5316961407661438
2022-03-03,0,0.039781444243806696,0.06642676889896393,3,0.5316961407661438
2022-03-04,1,0.051269445024612725,0.05913831293582916,3,0.5316961407661438
2022-03-07,1,0.09248059118391216,0.37991490960121155,3,0.5316961407661438
2022-03-08,1,0.08692171903410006,0.5537779331207275,3,0.5316961407661438
2022-03-09,1,0.04795673368786568,0.6747798323631287,3,0.5316961407661438
2022-03-10,1,0.05801485926462924,0.6424998641014099,3,0.5316961407661438
2022-03-11,0,0.06877513489824505,0.08523013442754745,3,0.5316961407661438
2022-03-14,0,0.05824161063280986,0.3467351496219635,3,0.5316961407661438
2022-03-15,0,0.031634229450296925,0.2041642963886261,3,0.5316961407661438
2022-04-12,0,-0.10390380775715558,0.6089110970497131,3,0.5316961407661438
2022-04-13,0,-0.11497591172267962,0.6140925288200378,3,0.5316961407661438
2022-04-14,0,-0.08239127148198289,0.36067530512809753,3,0.5316961407661438
2022-04-18,0,-0.08648980983070564,0.3987180292606354,3,0.5316961407661438
2022-04-22,0,-0.0854616821323434,0.514147937297821,3,0.5316961407661438
2022-04-25,0,-0.07372042906900234,0.6098030209541321,3,0.5316961407661438
2022-04-26,0,-0.05337653150221333,0.458517462015152,3,0.5316961407661438
2022-04-27,0,-0.047691052270118384,0.5687441825866699,3,0.5316961407661438
2022-04-28,0,-0.0525933002897917,0.7040486931800842,3,0.5316961407661438
2022-04-29,0,0.007912487758257702,0.4120245575904846,3,0.5316961407661438
2022-05-02,0,-0.0037396940766581954,0.34075790643692017,3,0.5316961407661438
2022-05-03,0,-0.016307304566039016,0.4269680380821228,3,0.5316961407661438
2022-05-04,0,-0.027199093044547262,0.12155703455209732,3,0.5316961407661438
2022-05-05,0,-0.00790217968234852,0.09398189187049866,3,0.5316961407661438
2022-05-06,0,0.0010938658931105572,0.22520765662193298,3,0.5316961407661438
2022-05-09,0,0.04412681604576063,0.4308992922306061,3,0.5316961407661438
2022-05-10,0,0.030394194855019485,0.5426749587059021,3,0.5316961407661438
2022-05-11,0,0.022126217861969888,0.48537591099739075,3,0.5316961407661438
2022-05-12,0,-0.00647408679963879,0.4099752902984619,3,0.5316961407661438
2022-05-13,0,-0.06651396084004246,0.41737625002861023,3,0.5316961407661438
2022-05-16,0,-0.06553537268283682,0.2662630081176758,3,0.5316961407661438
2022-05-17,1,-0.07131652846941516,0.09897724539041519,3,0.5316961407661438
2022-05-18,1,-0.06433418095687116,0.2770511209964752,3,0.5316961407661438
2022-05-19,1,-0.05653861621293488,0.4786434769630432,3,0.5316961407661438
2022-05-20,1,-0.03321050205366538,0.4588509202003479,3,0.5316961407661438
2022-05-23,1,-0.05268766243245282,0.2474544197320938,3,0.5316961407661438
2022-05-24,0,-0.03604287516218396,0.1711343377828598,3,0.5316961407661438
2022-05-25,0,-0.014105127623866065,0.057457335293293,3,0.5316961407661438
2022-06-10,0,-0.018791334827458317,0.49281904101371765,3,0.5316961407661438
2022-06-13,0,0.014576994021262335,0.4642180800437927,3,0.5316961407661438
2022-06-14,1,0.015172381108544242,0.4624485671520233,3,0.5316961407661438
2022-06-15,1,0.020025187950371226,0.5570650696754456,3,0.5316961407661438
2022-06-16,1,0.04622915418101603,0.5531070232391357,3,0.5316961407661438
2022-06-17,1,0.07218597953631645,0.5243334770202637,3,0.5316961407661438
2022-06-21,1,0.05252379679155883,0.6146323680877686,3,0.5316961407661438
2022-06-22,0,0.06517279734390113,0.4238137900829315,3,0.5316961407661438
2022-06-23,0,0.045046026263301675,0.13663548231124878,3,0.5316961407661438
2022-06-29,0,0.06765005628962495,0.3503700792789459,3,0.5316961407661438
2022-06-30,0,0.09208741038619395,0.35069215297698975,3,0.5316961407661438
2022-07-01,0,0.07745797891596862,0.17868773639202118,3,0.5316961407661438
2022-07-05,0,0.06833184721219321,0.18490594625473022,3,0.5316961407661438
2022-07-06,0,0.08140880304495268,0.09421926736831665,3,0.5316961407661438
2022-07-12,1,0.08014061230754188,0.4003564715385437,3,0.5316961407661438
2022-07-13,1,0.10865050009365174,0.5144472122192383,3,0.5316961407661438
2022-07-14,1,0.11134920860742614,0.5453277230262756,3,0.5316961407661438
2022-08-23,0,-0.08102284969984408,0.726188600063324,3,0.5316961407661438
2022-08-24,0,-0.091649768047383,0.8642151355743408,3,0.5316961407661438
2022-08-29,0,-0.09377663666036051,0.7829471230506897,3,0.5316961407661438
2022-08-30,0,-0.06568874622361376,0.6311424374580383,3,0.5316961407661438
2022-08-31,0,-0.07819141755773651,0.6253970265388489,3,0.5316961407661438
2022-09-01,0,-0.09528474218302763,0.5685352683067322,3,0.5316961407661438
2022-09-02,0,-0.061503111167289126,0.5646046996116638,3,0.5316961407661438
2022-09-06,0,-0.028757672155056535,0.5288430452346802,3,0.5316961407661438
2022-09-07,0,-0.04811967225905123,0.4915577471256256,3,0.5316961407661438
2022-09-08,0,-0.06405646791978137,0.4968007504940033,3,0.5316961407661438
2022-09-14,0,-0.09268966313981841,0.33792921900749207,3,0.5316961407661438
2022-09-15,0,-0.05805045882537618,0.4225625991821289,3,0.5316961407661438
2022-09-16,0,-0.07244023548142975,0.5919880270957947,3,0.5316961407661438
2022-09-19,0,-0.05592593533914947,0.578114926815033,3,0.5316961407661438
2022-09-20,0,-0.03374171263869463,0.48469749093055725,3,0.5316961407661438
2022-09-21,0,-0.023556334683667246,0.5153791308403015,3,0.5316961407661438
2022-09-22,0,-0.023542284693586546,0.45761242508888245,3,0.5316961407661438
2022-09-23,0,0.017230834061737754,0.5503566265106201,3,0.5316961407661438
2022-09-26,0,0.039965873614264735,0.5497124791145325,3,0.5316961407661438
2022-09-27,0,0.059276840754350024,0.6368295550346375,3,0.5316961407661438
2022-09-28,1,0.031009566419353485,0.6188704967498779,3,0.5316961407661438
2022-09-29,1,0.04738285593283931,0.6368295550346375,3,0.5316961407661438
2022-09-30,1,0.089142718852117,0.5667240023612976,3,0.5316961407661438
2022-10-03,1,0.05346265875065215,0.616571843624115,3,0.5316961407661438
2022-10-04,1,0.01732932728665615,0.5767583250999451,3,0.5316961407661438
2022-10-05,0,-0.005887137422260436,0.10480474680662155,3,0.5316961407661438
2022-10-06,0,-0.005868085896413189,0.06342897564172745,3,0.5316961407661438
2022-10-07,0,0.03737699030045172,0.31436145305633545,3,0.5316961407661438
2022-10-10,1,0.05535794135529337,0.37168166041374207,3,0.5316961407661438
2022-10-11,1,0.06781484513142089,0.43967002630233765,3,0.5316961407661438
2022-10-12,1,0.049276604805753355,0.33943015336990356,3,0.5316961407661438
2022-10-13,1,0.0784761497584816,0.27716222405433655,3,0.5316961407661438
2022-10-14,1,0.11430819411579196,0.3507802486419678,3,0.5316961407661438
2022-10-17,0,0.0771493731969064,0.12064115703105927,3,0.5316961407661438
2022-10-20,0,0.07889765676734739,0.43126171827316284,3,0.5316961407661438
2022-11-03,1,0.09676282239078682,0.5139245986938477,3,0.5316961407661438
2022-12-07,0,-0.008388249062796005,0.6520229578018188,3,0.5316961407661438
2022-12-16,0,0.02144719363554959,0.48166653513908386,3,0.5316961407661438
2022-12-19,0,0.02268319773240246,0.5164706110954285,3,0.5316961407661438
2022-12-20,0,0.04031100451381597,0.5622409582138062,3,0.5316961407661438
2022-12-21,0,0.03728354866565553,0.1967805176973343,3,0.5316961407661438
2022-12-22,0,0.051166218787325635,0.2487553060054779,3,0.5316961407661438
2022-12-23,1,0.04554601962120852,0.11030586063861847,3,0.5316961407661438
2022-12-27,1,0.06122167537481227,0.10215425491333008,3,0.5316961407661438
2022-12-28,1,0.07704575261756941,0.36109140515327454,3,0.5316961407661438
2022-12-29,1,0.04472669585642053,0.08847704529762268,3,0.5316961407661438
2022-12-30,1,0.06288756370288562,0.30905404686927795,3,0.5316961407661438
2023-01-03,0,0.07872481455870184,0.061670899391174316,3,0.5316961407661438
2023-01-04,0,0.08604333079564297,0.04031877964735031,3,0.5316961407661438
2023-01-05,0,0.08690479475425916,0.09635193645954132,3,0.5316961407661438
2023-02-22,0,-0.012379047641623231,0.5569060444831848,3,0.5316961407661438
2023-02-23,0,-0.014949049569469186,0.6131588816642761,3,0.5316961407661438
2023-02-24,0,0.0022211087378669614,0.3546188473701477,3,0.5316961407661438
2023-02-27,0,0.0006869811180099106,0.22835394740104675,3,0.5316961407661438
2023-02-28,0,0.002144460008056015,0.3672163486480713,3,0.5316961407661438
2023-03-01,0,0.020625747639994474,0.31150051951408386,3,0.5316961407661438
2023-03-02,0,0.018679225225695095,0.16582730412483215,3,0.5316961407661438
2023-03-08,0,0.025658419776535046,0.5270330309867859,3,0.5316961407661438
2023-03-09,1,0.0490136160661887,0.6251439452171326,3,0.5316961407661438
2023-03-10,1,0.06546400700728117,0.7083882093429565,3,0.5316961407661438
2023-03-13,1,0.06727143330289098,0.6212133765220642,3,0.5316961407661438
2023-03-14,1,0.04563664097558218,0.6935474872589111,3,0.5316961407661438
2023-03-15,1,0.06619391157490773,0.29572296142578125,3,0.5316961407661438
2023-03-16,0,0.04525037925996678,0.07319694757461548,3,0.5316961407661438
2023-03-17,0,0.06141183023430652,0.20584149658679962,3,0.5316961407661438
2023-03-20,0,0.05198849112758852,0.045207429677248,3,0.5316961407661438
2023-03-23,0,0.04840153292398197,0.41912662982940674,3,0.5316961407661438
2023-04-26,1,0.016643529903431098,0.7343909740447998,3,0.5316961407661438
2023-05-04,0,0.05625347961407212,0.47534069418907166,3,0.5316961407661438
2023-08-03,0,0.003364322932656316,0.8757699728012085,3,0.5316961407661438
2023-08-04,0,0.009802634321499193,0.6967921853065491,3,0.5316961407661438
2023-08-09,0,-0.00201908451302768,0.3196775019168854,3,0.5316961407661438
2023-08-10,0,-0.0008747742291824734,0.429628849029541,3,0.5316961407661438
2023-08-11,0,0.006283085730492077,0.4971694052219391,3,0.5316961407661438
2023-08-14,0,-0.004730803075082113,0.6175625920295715,3,0.5316961407661438
2023-08-15,1,0.008173407615625239,0.5010232329368591,3,0.5316961407661438
2023-08-16,1,0.02438330229568142,0.4509581923484802,3,0.5316961407661438
2023-08-17,1,0.019812336887487625,0.6296966075897217,3,0.5316961407661438
2023-08-18,1,0.019919426484468428,0.6159701347351074,3,0.5316961407661438
2023-08-21,1,0.0112250256266202,0.5817910432815552,3,0.5316961407661438
2023-08-22,0,0.004649574943308199,0.5314751267433167,3,0.5316961407661438
2023-08-23,0,-0.02283878798694905,0.07219148427248001,3,0.5316961407661438
2023-08-24,0,-0.011334157867741945,0.25074440240859985,3,0.5316961407661438
2023-08-25,0,-0.014126674603736844,0.05666911602020264,3,0.5316961407661438
2023-08-28,0,-0.03473158758315442,0.0820518434047699,3,0.5316961407661438
2023-09-08,0,-0.03246722359285581,0.37521183490753174,3,0.5316961407661438
2023-09-18,0,-0.017108909380670445,0.2042568475008011,3,0.5316961407661438
2023-09-19,0,-0.015111460200750826,0.3824848532676697,3,0.5316961407661438
2023-09-20,0,-0.01921846640003111,0.5055863857269287,3,0.5316961407661438
2023-09-21,0,-0.011497876988557976,0.4819451570510864,3,0.5316961407661438
2023-09-22,0,-0.021444142418745482,0.6425849199295044,3,0.5316961407661438
2023-09-25,0,-0.027230900470874064,0.6306818723678589,3,0.5316961407661438
2023-09-26,0,-0.005283252243812653,0.5785735249519348,3,0.5316961407661438
2023-09-27,0,-0.019950637399597237,0.561496913433075,3,0.5316961407661438
2023-09-28,0,-0.03726776291989853,0.5716797709465027,3,0.5316961407661438
2023-09-29,1,-0.039300159216503094,0.7010917663574219,3,0.5316961407661438
2023-10-02,1,-0.027427351930017885,0.4310329854488373,3,0.5316961407661438
2023-10-03,1,-0.00804104770817482,0.6129946112632751,3,0.5316961407661438
2023-10-04,1,-0.004709872297591566,0.756060004234314,3,0.5316961407661438
2023-10-05,1,0.014746925582899584,0.7618551254272461,3,0.5316961407661438
2023-10-06,0,0.011989570414144834,0.32127124071121216,3,0.5316961407661438
2023-10-19,0,0.05581228814133321,0.5813269019126892,3,0.5316961407661438
2023-10-20,0,0.07027707315859444,0.3444172143936157,3,0.5316961407661438
2023-10-23,0,0.08038807003482606,0.5785046815872192,3,0.5316961407661438
2023-10-24,0,0.06996670342111422,0.7054436206817627,3,0.5316961407661438
2023-10-25,1,0.08973771059898472,0.702835202217102,3,0.5316961407661438
2023-10-26,1,0.10362387968890219,0.46705612540245056,3,0.5316961407661438
2023-10-27,1,0.10665246975463605,0.6187546849250793,3,0.5316961407661438
2023-10-30,1,0.09466058924534626,0.6996087431907654,3,0.5316961407661438
2023-10-31,1,0.08706355211786931,0.7189141511917114,3,0.5316961407661438
2023-11-01,0,0.07982782205171857,0.13990262150764465,3,0.5316961407661438
2024-04-15,0,0.03262961613849935,0.6512819528579712,3,0.5316961407661438
2024-04-16,0,0.03926300988275622,0.5941601991653442,3,0.5316961407661438
2024-04-17,1,0.05839585478472631,0.6490707397460938,3,0.5316961407661438
2024-04-18,1,0.05839592514167591,0.6670737266540527,3,0.5316961407661438
2024-04-19,1,0.06925025657936579,0.5892785787582397,3,0.5316961407661438
2024-04-22,1,0.0607139600351263,0.3950398564338684,3,0.5316961407661438
2024-04-23,1,0.050845638109693336,0.5784342288970947,3,0.5316961407661438
2024-04-24,0,0.048317482783044374,0.29416364431381226,3,0.5316961407661438
2024-04-25,0,0.044628593652583204,0.0649852305650711,3,0.5316961407661438
2024-05-01,0,0.04448867367938414,0.5144282579421997,3,0.5316961407661438
2024-05-02,0,0.04423503125735184,0.5520009994506836,3,0.5316961407661438
2024-07-25,0,0.03307912785281997,0.7777812480926514,3,0.5316961407661438
2024-07-26,0,0.03249218654784847,0.8010690212249756,3,0.5316961407661438
2024-07-29,0,0.029425703256197755,0.5367392897605896,3,0.5316961407661438
2024-07-30,0,0.03608845792763571,0.18091480433940887,3,0.5316961407661438
2024-08-02,1,0.05775941714971777,0.7319924831390381,3,0.5316961407661438
2024-08-05,1,0.06706874118019068,0.39456161856651306,3,0.5316961407661438
2024-08-06,1,0.05515650200420241,0.7068566083908081,3,0.5316961407661438
2024-08-07,1,0.05967294517092836,0.539903998374939,3,0.5316961407661438
2024-08-08,0,0.01829836615759506,0.6560391783714294,3,0.5316961407661438
2024-08-09,0,0.02517864886025678,0.6423219442367554,3,0.5316961407661438
2024-08-12,0,0.029103430305322364,0.1509275585412979,3,0.5316961407661438
2024-09-04,1,0.03567448082402236,0.6505932807922363,3,0.5316961407661438
2024-09-05,1,0.03630155634614196,0.5840449333190918,3,0.5316961407661438
2024-09-06,1,0.06361957042813571,0.8199602365493774,3,0.5316961407661438
2024-09-09,1,0.04233370217700849,0.6909922361373901,3,0.5316961407661438
2024-09-10,1,0.04762860022626669,0.674617350101471,3,0.5316961407661438
2024-11-01,1,0.057071288224480377,0.7110531330108643,3,0.5316961407661438
2024-11-04,1,0.059844503200263244,0.7098156809806824,3,0.5316961407661438
2024-12-19,1,0.03818664045731457,0.7001921534538269,3,0.5316961407661438
2024-12-20,1,0.03146419607957207,0.8298634886741638,3,0.5316961407661438
2024-12-23,1,0.022330934644980927,0.923438310623169,3,0.5316961407661438
2024-12-30,0,0.028594806938800676,0.45052629709243774,3,0.5316961407661438
2024-12-31,0,0.026856451807496295,0.4748780131340027,3,0.5316961407661438
2025-01-02,0,0.02245815138514229,0.4267577528953552,3,0.5316961407661438
2025-01-03,0,0.01660635371892094,0.20197871327400208,3,0.5316961407661438
2025-01-08,1,0.019135097792249978,0.18097685277462006,3,0.5316961407661438
2025-01-10,1,0.041964822822761816,0.5374487638473511,3,0.5316961407661438
2025-01-13,1,0.041142903759390004,0.5317083597183228,3,0.5316961407661438
2025-01-14,1,0.03636278718526631,0.37590011954307556,3,0.5316961407661438
2025-02-24,0,-0.03583847271470042,0.839057445526123,3,0.5316961407661438
2025-02-25,0,-0.028690097201747644,0.7903367877006531,3,0.5316961407661438
2025-02-26,0,-0.040770438471886994,0.5464184880256653,3,0.5316961407661438
2025-02-27,0,-0.027799518681850377,0.6994888782501221,3,0.5316961407661438
2025-02-28,0,-0.06201570797689904,0.8701198697090149,3,0.5316961407661438
2025-03-03,0,-0.038880519074757425,0.7879683375358582,3,0.5316961407661438
2025-03-04,0,-0.02462034792221257,0.6511505842208862,3,0.5316961407661438
2025-03-05,0,-0.02888534097666484,0.7009524703025818,3,0.5316961407661438
2025-03-06,0,-0.060057381058093884,0.6356627941131592,3,0.5316961407661438
2025-03-07,0,-0.12001654620811575,0.47885024547576904,3,0.5316961407661438
2025-03-10,0,-0.0975467532939267,0.5624563097953796,3,0.5316961407661438
2025-03-11,1,-0.10423521862813212,0.5377671122550964,3,0.5316961407661438
2025-03-12,1,-0.015387221525803407,0.6237637400627136,3,0.5316961407661438
2025-03-13,1,-0.04581261821129423,0.5845634341239929,3,0.5316961407661438
2025-03-14,1,-0.048442328720025074,0.7485209107398987,3,0.5316961407661438
2025-03-17,1,-0.04656306378589159,0.6744628548622131,3,0.5316961407661438
2025-03-18,0,-0.03884491369352283,0.10548394173383713,3,0.5316961407661438
2025-03-19,0,-0.07033417036471068,0.11491140723228455,3,0.5316961407661438
2025-03-20,0,-0.0663078437548269,0.40207639336586,3,0.5316961407661438
2025-03-21,0,-0.08883299341706719,0.21181300282478333,3,0.5316961407661438
2025-03-27,0,-0.028990625982986074,0.3535921275615692,3,0.5316961407661438
2025-03-28,0,-0.008656299261363576,0.6084952354431152,3,0.5316961407661438
2025-03-31,0,-0.009063400652895903,0.6972248554229736,3,0.5316961407661438
2025-04-01,0,-0.011462235812880639,0.7811252474784851,3,0.5316961407661438
2025-04-02,0,-0.01071696562527824,0.1612144112586975,3,0.5316961407661438
2025-04-03,0,0.05600882636432347,0.4858812689781189,3,0.5316961407661438
2025-04-04,1,0.11524299086542222,0.5886340141296387,3,0.5316961407661438
2025-04-07,1,0.10789479513068279,0.5716776251792908,3,0.5316961407661438
2025-04-08,1,0.13025721028866077,0.6116377711296082,3,0.5316961407661438
2025-04-11,0,0.09186431754154922,0.11210602521896362,3,0.5316961407661438
2025-04-14,0,0.08851473045070768,0.11222359538078308,3,0.5316961407661438
2025-04-15,0,0.09296711626392651,0.048391904681921005,3,0.5316961407661438
2025-04-16,1,0.12327343053188389,0.20433135330677032,3,0.5316961407661438
2025-04-17,1,0.12877784730516328,0.1823040097951889,3,0.5316961407661438
2025-04-21,1,0.15756605086540687,0.4729481637477875,3,0.5316961407661438
2025-04-22,1,0.12441894890412919,0.2506069839000702,3,0.5316961407661438
2025-04-23,1,0.08860331631989538,0.2171097695827484,3,0.5316961407661438
2025-11-07,0,0.01886828967453713,0.10970237851142883,3,0.5316961407661438
2025-11-14,0,0.013096555983302727,0.38337329030036926,3,0.5316961407661438
2025-11-17,0,0.01982976171799189,0.5557078719139099,3,0.5316961407661438
2025-11-18,1,0.01714953737625624,0.7125201225280762,3,0.5316961407661438
2025-11-19,1,0.02088634093299313,0.7177919745445251,3,0.5316961407661438
2025-11-20,1,0.04608379767402426,0.6373957991600037,3,0.5316961407661438
2025-11-21,1,0.04221900701346715,0.4868410527706146,3,0.5316961407661438
2025-11-24,1,0.031795863320524864,0.5442613959312439,3,0.5316961407661438
2025-12-17,1,0.03321976298257967,0.793039858341217,3,0.5316961407661438
2025-12-18,1,0.004600711012358483,0.7267128825187683,3,0.5316961407661438
2026-01-21,1,-0.00134231768865678,0.8848616480827332,3,0.5316961407661438
2026-02-04,1,-0.007111798179164297,0.11188309639692307,3,0.5316961407661438
2026-02-05,1,-0.007733008506952244,0.7620565295219421,3,0.5316961407661438
2026-02-13,0,-0.018657793095081088,0.7097026705741882,3,0.5316961407661438
2026-02-17,0,-0.017661315055263138,0.7494425177574158,3,0.5316961407661438
2026-02-18,0,-0.03622374278659779,0.2166307419538498,3,0.5316961407661438
2026-02-19,0,-0.036056604081418975,0.29264894127845764,3,0.5316961407661438
2026-03-02,0,-0.07675642932637639,0.24735693633556366,3,0.5316961407661438
2026-03-03,0,-0.04147099396127474,0.6893877387046814,3,0.5316961407661438
2026-03-04,0,-0.04101494631121083,0.7614744305610657,3,0.5316961407661438
2026-03-05,0,-0.03476961248967114,0.8103132247924805,3,0.5316961407661438
2026-03-06,0,-0.017327096572662293,0.7497355341911316,3,0.5316961407661438
2026-03-09,0,-0.025431899005892045,0.8085729479789734,3,0.5316961407661438
2026-03-10,0,0.0009986166518081152,0.7525809407234192,3,0.5316961407661438
2026-03-11,0,0.008038619485838616,0.41397589445114136,3,0.5316961407661438
2026-03-12,0,0.022904291462767512,0.48596978187561035,3,0.5316961407661438
2026-03-13,0,0.038780206676197526,0.4996944069862366,3,0.5316961407661438
2026-03-16,0,0.04084507610622845,0.5292421579360962,3,0.5316961407661438
2026-03-17,0,0.046305997570829316,0.4533127248287201,3,0.5316961407661438
2026-03-18,0,0.06371990456402621,0.3028278946876526,3,0.5316961407661438
2026-03-19,0,0.07923533653528714,0.5645336508750916,3,0.5316961407661438
2026-03-20,0,0.09274237451440559,0.6118170619010925,3,0.5316961407661438
2026-03-23,0,0.07430808184457471,0.6523237228393555,3,0.5316961407661438
2026-03-24,0,0.08884233219495008,0.6630412340164185,3,0.5316961407661438
2026-03-25,0,0.07860608182501339,0.2156127244234085,3,0.5316961407661438
2026-03-26,1,0.10672931387945894,0.5662580728530884,3,0.5316961407661438
2026-03-27,1,0.1278682639411286,0.6325358152389526,3,0.5316961407661438
2026-03-30,1,0.12614520909524884,0.6460267305374146,3,0.5316961407661438
2026-03-31,1,0.09416613480637692,0.7071747183799744,3,0.5316961407661438
2026-04-01,1,0.09678894001848737,0.6929049491882324,3,0.5316961407661438
2026-04-02,0,0.09883659522344179,0.046583179384469986,3,0.5316961407661438
