date,label,forward_return,proba,fold_id,fold_threshold
2005-04-26,0,0.03732641579104867,0.17620106041431427,0,0.4164137840270996
2005-04-27,0,0.03251171820678023,0.09823951870203018,0,0.4164137840270996
2005-04-28,0,0.0512261233731941,0.5637964606285095,0,0.4164137840270996
2005-04-29,0,0.038876821549806984,0.243055060505867,0,0.4164137840270996
2005-05-02,0,0.026460381849451764,0.18825775384902954,0,0.4164137840270996
2005-05-11,1,0.02763585768000154,0.0781150534749031,0,0.4164137840270996
2005-05-13,1,0.0419981963719942,0.4666995406150818,0,0.4164137840270996
2005-05-16,1,0.0347601936293469,0.46663761138916016,0,0.4164137840270996
2005-06-24,1,0.03538360617655645,0.6069891452789307,0,0.4164137840270996
2005-06-27,1,0.03516536940254178,0.6193051934242249,0,0.4164137840270996
2005-06-28,0,0.030295915153101705,0.5679576992988586,0,0.4164137840270996
2005-06-30,0,0.0382615269297073,0.16016916930675507,0,0.4164137840270996
2005-07-01,0,0.03446787948812591,0.6407811045646667,0,0.4164137840270996
2005-07-05,0,0.03236812245823595,0.45331379771232605,0,0.4164137840270996
2005-07-07,0,0.03142971632542091,0.23933818936347961,0,0.4164137840270996
2005-07-08,0,0.012857867606818507,0.17464002966880798,0,0.4164137840270996
2005-08-08,0,0.008560634051940186,0.850014865398407,0,0.4164137840270996
2005-08-09,0,0.004214601880530022,0.8097630739212036,0,0.4164137840270996
2005-08-15,0,-0.0012919417927723664,0.6744352579116821,0,0.4164137840270996
2005-08-17,0,0.007773909390890621,0.6409410238265991,0,0.4164137840270996
2005-08-18,0,0.015023441423064776,0.5546848177909851,0,0.4164137840270996
2005-08-19,0,0.00934102736646425,0.47079724073410034,0,0.4164137840270996
2005-08-22,0,0.0008131473041346204,0.32395508885383606,0,0.4164137840270996
2005-08-23,1,-0.0066696532657561924,0.25094839930534363,0,0.4164137840270996
2005-08-24,1,0.0058315459758648824,0.3573910593986511,0,0.4164137840270996
2005-08-25,1,0.0030179096651157256,0.40094101428985596,0,0.4164137840270996
2005-08-26,1,0.011075427606028532,0.6174468994140625,0,0.4164137840270996
2005-08-29,1,0.003101339553772231,0.3051896095275879,0,0.4164137840270996
2005-08-30,0,0.009400095593878444,0.23394152522087097,0,0.4164137840270996
2005-08-31,0,0.004912206210170744,0.1289806067943573,0,0.4164137840270996
2005-09-06,0,-0.015876894985483392,0.12984700500965118,0,0.4164137840270996
2005-09-21,1,-0.009346057717934175,0.5278762578964233,0,0.4164137840270996
2005-09-22,1,-0.0302452883440123,0.7001522183418274,0,0.4164137840270996
2005-09-23,1,-0.027256518493957382,0.672916054725647,0,0.4164137840270996
2005-09-26,0,-0.013324461077525274,0.2764095962047577,0,0.4164137840270996
2005-09-27,0,-0.015055527002256763,0.23933419585227966,0,0.4164137840270996
2005-09-28,0,-0.018903459097816433,0.18621887266635895,0,0.4164137840270996
2005-09-29,0,-0.03717595678573904,0.24294395744800568,0,0.4164137840270996
2005-10-05,0,0.01772155893473637,0.5926975011825562,0,0.4164137840270996
2005-10-06,0,0.02575471619436387,0.6118968725204468,0,0.4164137840270996
2005-10-07,0,0.020901439296289626,0.6182284355163574,0,0.4164137840270996
2005-10-10,1,0.030607342782442704,0.6265211701393127,0,0.4164137840270996
2005-10-11,1,0.03208615713931495,0.5746345520019531,0,0.4164137840270996
2005-10-12,1,0.041616625128308105,0.5418310761451721,0,0.4164137840270996
2005-10-13,1,0.05032727036144413,0.5874391794204712,0,0.4164137840270996
2005-10-14,1,0.04289226436653948,0.3157205879688263,0,0.4164137840270996
2005-10-17,0,0.03845249270189699,0.27861177921295166,0,0.4164137840270996
2005-10-18,0,0.04600206005833196,0.33868303894996643,0,0.4164137840270996
2005-10-19,0,0.030973687756528312,0.24435000121593475,0,0.4164137840270996
2005-10-21,0,0.05925703619508815,0.5439214110374451,0,0.4164137840270996
2005-10-24,0,0.04834963448686769,0.32302340865135193,0,0.4164137840270996
2005-10-27,0,0.07646091904994745,0.49177607893943787,0,0.4164137840270996
2005-10-28,0,0.05367261926849887,0.08456463366746902,0,0.4164137840270996
2005-12-28,1,0.022186569696823977,0.9354863166809082,0,0.4164137840270996
2005-12-30,1,0.024014489737714806,0.5208337903022766,0,0.4164137840270996
2006-01-03,0,0.01333902404225129,0.5297455787658691,0,0.4164137840270996
2006-01-23,1,0.016374055506050533,0.5944735407829285,0,0.4164137840270996
2006-01-24,0,0.021493368897052,0.6289088726043701,0,0.4164137840270996
2006-01-25,0,0.019106326926896067,0.2319311648607254,0,0.4164137840270996
2006-01-26,0,0.016095996890110875,0.1338275969028473,0,0.4164137840270996
2006-02-01,0,0.0075545889733998894,0.8084695935249329,0,0.4164137840270996
2006-02-03,0,0.015046699490570914,0.6663659811019897,0,0.4164137840270996
2006-02-06,1,0.01082164782419559,0.5305395126342773,0,0.4164137840270996
2006-02-07,1,0.021995409074745398,0.5928761959075928,0,0.4164137840270996
2006-02-08,1,0.00600200698689779,0.5023166537284851,0,0.4164137840270996
2006-02-09,1,0.017245946791158095,0.4337366819381714,0,0.4164137840270996
2006-02-10,1,0.017293410597295944,0.059419505298137665,0,0.4164137840270996
2006-02-13,0,0.0298235553975017,0.12128874659538269,0,0.4164137840270996
2006-02-14,0,0.023561981431892587,0.08923497796058655,0,0.4164137840270996
2006-03-01,0,0.009098657333547644,0.5301706194877625,0,0.4164137840270996
2006-03-07,1,0.024296106623472813,0.8601219058036804,0,0.4164137840270996
2006-03-08,1,0.025662296912205118,0.862418532371521,0,0.4164137840270996
2006-03-10,1,0.011393620630036239,0.42087966203689575,0,0.4164137840270996
2006-03-29,1,0.007690109261238254,0.5189552307128906,0,0.4164137840270996
2006-04-10,1,0.02219836875371506,0.9162508249282837,0,0.4164137840270996
2006-04-12,1,0.01606143854235187,0.7493835687637329,0,0.4164137840270996
2006-04-13,1,0.004117930343840781,0.7368324398994446,0,0.4164137840270996
2006-04-17,0,0.0065285599553615015,0.3193230926990509,0,0.4164137840270996
2006-04-18,0,-0.010635065895715723,0.5845794081687927,0,0.4164137840270996
2006-05-02,0,-0.029456547723638926,0.608809232711792,0,0.4164137840270996
2006-05-12,0,-0.040622182261897066,0.702840268611908,0,0.4164137840270996
2006-05-15,0,-0.053667996924560146,0.7312731742858887,0,0.4164137840270996
2006-05-16,0,-0.04493086354710063,0.693135142326355,0,0.4164137840270996
2006-05-17,0,-0.00575461075089112,0.5928236842155457,0,0.4164137840270996
2006-05-18,0,-0.007994684181696354,0.5543255805969238,0,0.4164137840270996
2006-05-19,0,-0.022685666615555933,0.5262212753295898,0,0.4164137840270996
2006-05-22,1,-0.011824983713140669,0.523973822593689,0,0.4164137840270996
2006-05-23,1,0.0031362061436643884,0.5999866724014282,0,0.4164137840270996
2006-05-24,1,-0.009193095350263247,0.6045486927032471,0,0.4164137840270996
2006-05-25,1,-0.021451324121313786,0.4168025553226471,0,0.4164137840270996
2006-05-26,1,-0.022102509383616464,0.17446577548980713,0,0.4164137840270996
2006-05-31,0,-0.017321237553620583,0.4211503863334656,0,0.4164137840270996
2006-06-01,0,-0.006971705429455466,0.27452582120895386,0,0.4164137840270996
2006-06-06,0,0.006479285424985104,0.4048793315887451,0,0.4164137840270996
2006-06-07,0,0.017029544907188,0.6020467877388,0,0.4164137840270996
2006-06-08,0,0.011289204481500281,0.5673316121101379,0,0.4164137840270996
2006-06-09,0,0.016439140342841663,0.5659309029579163,0,0.4164137840270996
2006-06-12,1,0.03212510623576503,0.5469234585762024,0,0.4164137840270996
2006-06-13,1,0.03310636378052134,0.46354034543037415,0,0.4164137840270996
2006-06-14,1,0.008486881580447081,0.4491232931613922,0,0.4164137840270996
2006-06-15,1,-0.01628656463495337,0.38298556208610535,0,0.4164137840270996
2006-06-16,1,-0.010509686052088574,0.3479401767253876,0,0.4164137840270996
2006-06-19,0,0.00242571249903456,0.2596391439437866,0,0.4164137840270996
2006-06-20,0,0.012893461131424866,0.426009863615036,0,0.4164137840270996
2006-06-21,0,-0.001440337360819277,0.25210872292518616,0,0.4164137840270996
2006-06-22,0,-0.004097722828285688,0.19611883163452148,0,0.4164137840270996
2006-06-23,0,0.01422347257685308,0.10955580323934555,0,0.4164137840270996
2006-06-26,0,0.013360822423071905,0.1183958426117897,0,0.4164137840270996
2006-06-27,0,0.023565196135662436,0.3815837800502777,0,0.4164137840270996
2006-06-28,0,0.015711666243168,0.18317784368991852,0,0.4164137840270996
2006-06-29,0,0.005579225811646049,0.13786189258098602,0,0.4164137840270996
2006-07-14,1,0.028254209208169456,0.7520347833633423,0,0.4164137840270996
2006-07-17,1,0.03056578663273779,0.7008042931556702,0,0.4164137840270996
2006-07-18,1,0.037589816450308566,0.6787106990814209,0,0.4164137840270996
2006-07-19,1,0.0319039873628828,0.5380444526672363,0,0.4164137840270996
2006-07-21,0,0.05437715816060518,0.3478150963783264,0,0.4164137840270996
2006-07-24,0,0.031059565017855784,0.30730873346328735,0,0.4164137840270996
2006-08-15,0,0.02790971297961997,0.12984700500965118,0,0.4164137840270996
2006-11-06,1,0.027664771530179433,0.29788118600845337,0,0.4164137840270996
2006-11-28,1,0.030815764609373186,0.9058337807655334,0,0.4164137840270996
2006-11-29,1,0.01802834323948832,0.8213868737220764,0,0.4164137840270996
2006-12-26,0,0.00388456983214458,0.9499028325080872,0,0.4164137840270996
2007-01-08,1,0.026205788949016373,0.9165429472923279,0,0.4164137840270996
2007-01-10,0,0.024586798596180737,0.24016959965229034,0,0.4164137840270996
2007-01-29,1,-0.01795150981203497,0.8827434778213501,0,0.4164137840270996
2007-01-30,1,-0.013026320725245566,0.20814424753189087,0,0.4164137840270996
2007-02-13,1,-0.03719090406714365,0.8471475839614868,0,0.4164137840270996
2007-02-28,0,0.010306852391423149,0.5993651747703552,0,0.4164137840270996
2007-03-01,0,0.014398627473236836,0.6232974529266357,0,0.4164137840270996
2007-03-02,1,0.02807587575299819,0.638664722442627,0,0.4164137840270996
2007-03-05,1,0.0391250687719753,0.5736543536186218,0,0.4164137840270996
2007-03-06,1,0.03264071969118687,0.6114461421966553,0,0.4164137840270996
2007-03-07,1,0.03482790688076243,0.543180525302887,0,0.4164137840270996
2007-03-08,1,0.028933665362686378,0.25446754693984985,0,0.4164137840270996
2007-03-09,0,0.03006708592723628,0.25446754693984985,0,0.4164137840270996
2007-03-12,0,0.02974337039741992,0.06714047491550446,0,0.4164137840270996
2007-03-13,0,0.04586822306471183,0.4709199368953705,0,0.4164137840270996
2007-03-14,0,0.04274703906830446,0.5570541620254517,0,0.4164137840270996
2007-03-15,0,0.046076933046650614,0.5393627285957336,0,0.4164137840270996
2007-03-16,0,0.058976786505661405,0.18965625762939453,0,0.4164137840270996
2007-03-19,0,0.049143639788981286,0.10566375404596329,0,0.4164137840270996
2007-03-20,0,0.04469009864022455,0.09606941044330597,0,0.4164137840270996
2007-06-08,1,0.018007151754133588,0.8236739039421082,0,0.4164137840270996
2007-06-11,0,0.0017874519993479332,0.8359248638153076,0,0.4164137840270996
2007-06-12,0,0.02001425456095829,0.34883061051368713,0,0.4164137840270996
2007-06-13,0,0.020840160740137614,0.39531180262565613,0,0.4164137840270996
2007-06-21,0,0.010001457946778203,0.8052189946174622,0,0.4164137840270996
2007-06-25,1,0.00981107180623142,0.7475661635398865,0,0.4164137840270996
2007-06-26,1,0.022388508352561898,0.6280109882354736,0,0.4164137840270996
2007-06-27,1,-0.015824262243004594,0.6209725737571716,0,0.4164137840270996
2007-06-28,1,-0.03504499083261603,0.6410893201828003,0,0.4164137840270996
2007-06-29,1,-0.020274762014391934,0.20723795890808105,0,0.4164137840270996
2007-07-02,0,-0.03998989564487754,0.17531780898571014,0,0.4164137840270996
2007-07-11,0,-0.014211409261009833,0.6732622981071472,0,0.4164137840270996
2007-07-25,0,-0.032715302763093534,0.7513933777809143,0,0.4164137840270996
2007-07-26,0,-0.010134091827242231,0.6557058095932007,0,0.4164137840270996
2007-07-27,0,0.022190209851108422,0.62485671043396,0,0.4164137840270996
2007-07-30,0,-0.00291763559638758,0.557683527469635,0,0.4164137840270996
2007-07-31,0,-0.013724489462564216,0.5922232866287231,0,0.4164137840270996
2007-08-01,0,0.0007512092163106665,0.5588583946228027,0,0.4164137840270996
2007-08-02,0,-0.009824131883678144,0.5119145512580872,0,0.4164137840270996
2007-08-03,0,0.026356214238749676,0.5227407813072205,0,0.4164137840270996
2007-08-06,0,0.019629573939139666,0.407224178314209,0,0.4164137840270996
2007-08-07,0,0.00013530495892677408,0.38886210322380066,0,0.4164137840270996
2007-08-08,0,-0.011346552058297599,0.12124314904212952,0,0.4164137840270996
2007-08-10,0,0.007462539268553892,0.5879576206207275,0,0.4164137840270996
2007-08-13,1,0.015561712030440322,0.6632652878761292,0,0.4164137840270996
2007-08-14,1,0.03398406334113013,0.5756207704544067,0,0.4164137840270996
2007-08-15,1,0.055799491208842644,0.5188776254653931,0,0.4164137840270996
2007-08-16,1,0.047854170465658985,0.506211519241333,0,0.4164137840270996
2007-08-17,1,0.023426181249096345,0.42189791798591614,0,0.4164137840270996
2007-08-20,0,0.0540648598196134,0.27294525504112244,0,0.4164137840270996
2007-08-21,0,0.058165698570890045,0.12014289945363998,0,0.4164137840270996
2007-08-22,0,0.03839082401694194,0.09625527262687683,0,0.4164137840270996
2007-08-29,1,0.04965363406989165,0.5326455235481262,0,0.4164137840270996
2007-08-31,1,0.050423197032562594,0.07896149158477783,0,0.4164137840270996
2007-09-10,1,0.06835545092737894,0.5890585780143738,0,0.4164137840270996
2007-09-11,1,0.06598633891706784,0.4783347547054291,0,0.4164137840270996
2007-10-22,1,-0.04503798157762773,0.7316374182701111,0,0.4164137840270996
2007-10-23,0,-0.04691633927260663,0.6451451182365417,0,0.4164137840270996
2007-10-24,0,-0.06469513407060501,0.3179495930671692,0,0.4164137840270996
2007-10-25,0,-0.05077721875480479,0.21974630653858185,0,0.4164137840270996
2007-10-26,0,-0.08247639473004997,0.17027904093265533,0,0.4164137840270996
2007-10-31,0,-0.048302689080931493,0.16283069550991058,0,0.4164137840270996
2007-11-02,0,-0.023280298102220542,0.47399166226387024,0,0.4164137840270996
2007-11-05,0,-0.024592294500984768,0.5534400939941406,0,0.4164137840270996
2007-11-06,0,-0.021437524434128274,0.288955420255661,0,0.4164137840270996
2007-11-08,0,0.025482025630860106,0.7150986194610596,0,0.4164137840270996
2007-11-09,0,0.047816132682731105,0.6382852792739868,0,0.4164137840270996
2007-11-12,0,0.029297201963483177,0.4156261682510376,0,0.4164137840270996
2007-11-13,0,0.00871111849286721,0.46468496322631836,0,0.4164137840270996
2007-11-14,0,0.009413395897281518,0.4420519769191742,0,0.4164137840270996
2007-11-15,0,0.01119990884698474,0.43838122487068176,0,0.4164137840270996
2007-11-16,0,-0.004938565042658882,0.6139100790023804,0,0.4164137840270996
2007-11-19,0,0.014747162133243341,0.3976801633834839,0,0.4164137840270996
2007-11-20,0,0.008573457391867434,0.4882896840572357,0,0.4164137840270996
2007-11-21,0,0.036137196808396777,0.5174806118011475,0,0.4164137840270996
2007-11-23,1,0.033207760478626946,0.4318119287490845,0,0.4164137840270996
2007-11-26,1,0.06436330004909285,0.4972088932991028,0,0.4164137840270996
2007-11-27,1,0.054525547809118446,0.38074997067451477,0,0.4164137840270996
2007-11-28,1,0.0089970325089066,0.28398001194000244,0,0.4164137840270996
2007-12-05,0,-0.04535997161673122,0.06815218180418015,0,0.4164137840270996
2007-12-12,0,-0.05674663424699433,0.35512757301330566,0,0.4164137840270996
2007-12-17,1,-0.050754559982897796,0.5174427628517151,0,0.4164137840270996
2007-12-18,1,-0.08048968230898013,0.45840200781822205,0,0.4164137840270996
2007-12-19,1,-0.08993125869821872,0.3588405251502991,0,0.4164137840270996
2007-12-20,1,-0.10481047061629067,0.32499751448631287,0,0.4164137840270996
2007-12-21,0,-0.09633435512729827,0.22042936086654663,0,0.4164137840270996
2008-01-02,0,-0.05216289575905364,0.3982537090778351,0,0.4164137840270996
2008-01-03,0,-0.03644873233342061,0.39499631524086,0,0.4164137840270996
2008-01-04,0,-0.02469740333207493,0.5822762250900269,0,0.4164137840270996
2008-01-07,0,-0.05000320907852118,0.5227673053741455,0,0.4164137840270996
2008-01-08,0,-0.04218552646798013,0.464470773935318,0,0.4164137840270996
2008-01-09,0,-0.04587868217151858,0.3723112940788269,0,0.4164137840270996
2008-01-10,0,-0.058178435632087466,0.4136776328086853,0,0.4164137840270996
2008-01-11,0,-0.045664725173160226,0.23757171630859375,0,0.4164137840270996
2008-01-14,0,-0.044521352585539464,0.2189258188009262,0,0.4164137840270996
2008-01-15,0,-0.013027570559030144,0.5133243799209595,0,0.4164137840270996
2008-01-16,0,-0.013213932713601273,0.4927978515625,0,0.4164137840270996
2008-01-17,0,0.012815874260800886,0.43895140290260315,0,0.4164137840270996
2008-01-18,0,0.026200611615536662,0.4703740179538727,0,0.4164137840270996
2008-01-22,1,0.03977970297496225,0.489254891872406,0,0.4164137840270996
2008-01-23,1,0.006947326238425422,0.390352338552475,0,0.4164137840270996
2008-01-24,1,0.004666680156016234,0.3323443830013275,0,0.4164137840270996
2008-01-25,1,0.032245935744834364,0.448863685131073,0,0.4164137840270996
2008-01-28,0,0.023069852125857215,0.40971839427948,0,0.4164137840270996
2008-01-29,0,0.016996915297570636,0.40971839427948,0,0.4164137840270996
2008-01-30,0,0.014527991717390831,0.2128916233778,0,0.4164137840270996
2008-01-31,0,-0.025842421441017782,0.13908235728740692,0,0.4164137840270996
2008-02-01,0,-0.043559037836551906,0.11207323521375656,0,0.4164137840270996
2008-02-06,1,-0.014957311231077575,0.6992326378822327,0,0.4164137840270996
2008-02-07,1,-0.03150892105214753,0.6099507212638855,0,0.4164137840270996
2008-02-08,1,-0.03810032148512155,0.6379825472831726,0,0.4164137840270996
2008-02-11,0,-0.008598301818372844,0.4978993237018585,0,0.4164137840270996
2008-02-12,0,-0.026891256401985753,0.4811917543411255,0,0.4164137840270996
2008-02-13,0,-0.03461137392662739,0.11792723834514618,0,0.4164137840270996
2008-02-15,0,-0.050614744564298375,0.32271650433540344,0,0.4164137840270996
2008-02-19,0,-0.01394639620221727,0.4363510012626648,0,0.4164137840270996
2008-02-20,0,-0.04120067893133106,0.30210763216018677,0,0.4164137840270996
2008-02-22,0,-0.0017183795689351689,0.3045262396335602,0,0.4164137840270996
2008-02-25,0,-0.013197264797804253,0.1306077241897583,0,0.4164137840270996
2008-03-03,0,0.028361775209552853,0.5110006928443909,0,0.4164137840270996
2008-03-04,0,0.03298543293254852,0.6772975325584412,0,0.4164137840270996
2008-03-05,0,0.029055405001651602,0.4975316822528839,0,0.4164137840270996
2008-03-06,0,0.04965442716212465,0.4608270525932312,0,0.4164137840270996
2008-03-07,1,0.06112119677650685,0.5036723613739014,0,0.4164137840270996
2008-03-10,1,0.07419821840258756,0.4664299786090851,0,0.4164137840270996
2008-03-11,1,0.029430740723118687,0.34166809916496277,0,0.4164137840270996
2008-03-12,1,0.040601495298662194,0.3648936152458191,0,0.4164137840270996
2008-03-13,1,0.018156471625651927,0.11915887147188187,0,0.4164137840270996
2008-03-14,0,0.030693064561102767,0.3472047448158264,0,0.4164137840270996
2008-03-17,0,0.04364491844102303,0.44433096051216125,0,0.4164137840270996
2008-03-18,0,0.029166296609916875,0.18071989715099335,0,0.4164137840270996
2008-03-20,0,0.04845517711319003,0.10938699543476105,0,0.4164137840270996
2008-03-24,0,0.028429324052441363,0.10154139250516891,0,0.4164137840270996
2008-03-31,0,0.058043138906944236,0.34173479676246643,0,0.4164137840270996
2008-04-01,0,0.018080715991328544,0.21652689576148987,0,0.4164137840270996
2008-04-14,1,0.056646224573937864,0.6456401944160461,0,0.4164137840270996
2008-04-15,1,0.054337924930014214,0.3827917277812958,0,0.4164137840270996
2008-04-16,1,0.028644573785596483,0.3374665379524231,0,0.4164137840270996
2008-05-22,1,-0.052124620396811205,0.746526300907135,0,0.4164137840270996
2008-05-23,1,-0.04019553727604519,0.29792094230651855,0,0.4164137840270996
2008-05-27,0,-0.049140588163218646,0.32229936122894287,0,0.4164137840270996
2008-05-28,0,-0.049035996350836886,0.3504337668418884,0,0.4164137840270996
2008-05-29,0,-0.07949041063518403,0.17516455054283142,0,0.4164137840270996
2008-06-03,0,-0.06566649961109972,0.3354648947715759,0,0.4164137840270996
2008-06-04,0,-0.08121203771568619,0.4798535108566284,0,0.4164137840270996
2008-06-05,0,-0.09829639955469893,0.42833417654037476,0,0.4164137840270996
2008-06-09,0,-0.06399903759203296,0.5567653775215149,0,0.4164137840270996
2008-06-10,0,-0.07742989013532497,0.7216895222663879,0,0.4164137840270996
2008-06-11,0,-0.059827115288066834,0.6222325563430786,0,0.4164137840270996
2008-06-12,0,-0.07430730798087004,0.6315551996231079,0,0.4164137840270996
2008-06-13,0,-0.09413284549978873,0.4860653877258301,0,0.4164137840270996
2008-06-16,0,-0.1074272802524947,0.35027849674224854,0,0.4164137840270996
2008-06-17,0,-0.08106527200343594,0.17405711114406586,0,0.4164137840270996
2008-06-18,0,-0.062746804531843,0.5021213889122009,0,0.4164137840270996
2008-06-19,0,-0.058100544838308954,0.33809399604797363,0,0.4164137840270996
2008-06-20,0,-0.04202764659010294,0.6118138432502747,0,0.4164137840270996
2008-06-23,0,-0.030201506622181462,0.38096290826797485,0,0.4164137840270996
2008-06-24,0,-0.023019953817165373,0.3236818313598633,0,0.4164137840270996
2008-06-25,0,-0.047796218203246754,0.44778260588645935,0,0.4164137840270996
2008-06-26,0,-0.021445861933440002,0.4703740179538727,0,0.4164137840270996
2008-06-27,0,-0.03050262934344783,0.490984171628952,0,0.4164137840270996
2008-06-30,0,-0.013282930420511874,0.4625287353992462,0,0.4164137840270996
2008-07-01,0,0.0011681940922141365,0.3975282609462738,0,0.4164137840270996
2008-07-02,0,0.00515147210732958,0.44665682315826416,0,0.4164137840270996
2008-07-03,0,-0.0011875903192917203,0.46814295649528503,0,0.4164137840270996
2008-07-07,0,-0.00023947688679026857,0.48062193393707275,0,0.4164137840270996
2008-07-08,0,0.008802403230201206,0.390352338552475,0,0.4164137840270996
2008-07-09,0,0.03317585530253697,0.33084917068481445,0,0.4164137840270996
2008-07-10,0,0.013647270406260903,0.390352338552475,0,0.4164137840270996
2008-07-11,0,0.04465428076484468,0.4541032612323761,0,0.4164137840270996
2008-07-14,1,0.0651077499674626,0.4597851037979126,0,0.4164137840270996
2008-07-15,1,0.06909667814495601,0.488128662109375,0,0.4164137840270996
2008-07-16,1,0.037189412337830685,0.3323443830013275,0,0.4164137840270996
2008-07-17,1,0.0346643126691899,0.2898484468460083,0,0.4164137840270996
2008-07-18,1,0.03325915023138859,0.18191063404083252,0,0.4164137840270996
2008-07-21,0,0.01856442641135536,0.10630498826503754,0,0.4164137840270996
2008-07-22,0,-0.003843546365356998,0.06512425094842911,0,0.4164137840270996
2008-07-25,1,0.03323288170246275,0.2746264338493347,0,0.4164137840270996
2008-07-28,1,0.02733761791719469,0.7412046790122986,0,0.4164137840270996
2008-07-29,1,0.00878986928952652,0.45793458819389343,0,0.4164137840270996
2008-07-30,1,0.0007783549176303417,0.4112057387828827,0,0.4164137840270996
2008-08-04,0,0.02400162031386177,0.3244805335998535,0,0.4164137840270996
2008-08-05,0,-0.0037397776409167083,0.09795835614204407,0,0.4164137840270996
2008-08-08,0,-0.01839657586673349,0.04836510866880417,0,0.4164137840270996
2008-08-20,1,-0.058865074069930134,0.43073770403862,0,0.4164137840270996
2008-08-21,1,-0.023172905821694623,0.5001001358032227,0,0.4164137840270996
2008-08-22,1,-0.058911167350333526,0.1090099886059761,0,0.4164137840270996
2008-08-26,0,-0.061006618233743426,0.35387974977493286,0,0.4164137840270996
2008-08-27,0,-0.05551423443282699,0.21821574866771698,0,0.4164137840270996
2008-09-03,0,-0.08717705616658611,0.45883697271347046,0,0.4164137840270996
2008-09-05,0,-0.10803179782502337,0.5650807619094849,0,0.4164137840270996
2008-09-08,0,-0.1705952647702107,0.5642342567443848,0,0.4164137840270996
2008-09-09,0,-0.1835014649944563,0.5295141339302063,0,0.4164137840270996
2008-09-10,0,-0.20728753566999503,0.4830515682697296,0,0.4164137840270996
2008-09-11,0,-0.2731655405568125,0.6633344888687134,0,0.4164137840270996
2008-09-12,0,-0.29405750786898166,0.21832869946956635,0,0.4164137840270996
2008-09-16,1,-0.1774944040886417,0.6285789012908936,0,0.4164137840270996
2008-09-17,1,-0.22355665142639802,0.5243006944656372,0,0.4164137840270996
2008-09-18,1,-0.21451869794839107,0.4463558793067932,0,0.4164137840270996
2008-09-19,1,-0.2490335213024597,0.414605051279068,0,0.4164137840270996
2008-09-23,0,-0.1913959423935333,0.3946569859981537,0,0.4164137840270996
2008-09-24,0,-0.23787066314160998,0.46021562814712524,0,0.4164137840270996
2008-09-25,0,-0.24091401043746308,0.33934324979782104,0,0.4164137840270996
2008-09-26,0,-0.27976859881121663,0.1368158757686615,0,0.4164137840270996
2008-09-29,0,-0.24627394912684153,0.5199666619300842,0,0.4164137840270996
2008-09-30,0,-0.19165429703266967,0.5765212774276733,0,0.4164137840270996
2008-10-01,0,-0.19800096196005812,0.5479832887649536,0,0.4164137840270996
2008-10-02,0,-0.13902551738714564,0.3528200387954712,0,0.4164137840270996
2008-10-03,0,-0.1224396592124487,0.4939710199832916,0,0.4164137840270996
2008-10-06,0,-0.07267020767778476,0.43701601028442383,0,0.4164137840270996
2008-10-07,1,0.003799201536251573,0.47280487418174744,0,0.4164137840270996
2008-10-08,1,-0.013536768935969556,0.48869580030441284,0,0.4164137840270996
2008-10-09,1,0.001763731582165251,0.4943355917930603,0,0.4164137840270996
2008-10-10,1,0.060565153554546836,0.43213340640068054,0,0.4164137840270996
2008-10-13,1,-0.08603867763030171,0.4579518437385559,0,0.4164137840270996
2008-10-14,0,-0.10095148583859592,0.4579518437385559,0,0.4164137840270996
2008-10-15,0,-0.046656265081127635,0.4291556775569916,0,0.4164137840270996
2008-10-16,0,-0.027727287448081506,0.4579518437385559,0,0.4164137840270996
2008-10-17,0,-0.07070102474204976,0.4579518437385559,0,0.4164137840270996
2008-10-20,0,-0.1350063447314398,0.31670424342155457,0,0.4164137840270996
2008-10-21,0,-0.09159138893600494,0.29067468643188477,0,0.4164137840270996
2008-10-22,0,-0.10083870795117711,0.2612774670124054,0,0.4164137840270996
2008-10-23,0,-0.17711877056945746,0.4381508231163025,0,0.4164137840270996
2008-10-24,1,-0.08639683791133712,0.5107393860816956,0,0.4164137840270996
2008-10-27,1,0.012864595148000868,0.45447033643722534,0,0.4164137840270996
2008-10-28,1,-0.08639098419136271,0.390352338552475,0,0.4164137840270996
2008-10-29,1,-0.04415534070329985,0.3323443830013275,0,0.4164137840270996
2008-10-30,1,-0.06448608466471695,0.10343505442142487,0,0.4164137840270996
2008-10-31,0,-0.1520189763797105,0.07666932046413422,0,0.4164137840270996
2008-11-03,0,-0.12192313756251139,0.08623220026493073,0,0.4164137840270996
2008-11-04,0,-0.13036570827769323,0.05014858767390251,0,0.4164137840270996
2008-11-06,0,-0.03224739521076225,0.5186134576797485,0,0.4164137840270996
2008-11-07,0,-0.030471384348527475,0.5634876489639282,0,0.4164137840270996
2008-11-10,0,-0.03378984778045413,0.526734471321106,0,0.4164137840270996
2008-11-11,0,0.0037876536539240835,0.5074145197868347,0,0.4164137840270996
2008-11-12,0,0.02470294321751676,0.632228434085846,0,0.4164137840270996
2008-11-13,0,-0.02391126109574604,0.3220873773097992,0,0.4164137840270996
2008-11-14,0,0.013045556186807694,0.4520806670188904,0,0.4164137840270996
2008-11-17,1,0.07499703293528204,0.35306504368782043,0,0.4164137840270996
2008-11-18,1,0.04490094836804137,0.48186010122299194,0,0.4164137840270996
2008-11-19,1,0.09558283509535226,0.4506736099720001,0,0.4164137840270996
2008-11-20,1,0.17834179664435013,0.45213523507118225,0,0.4164137840270996
2008-11-21,1,0.1037065178079204,0.4996691644191742,0,0.4164137840270996
2008-11-24,0,0.021515333075766474,0.390352338552475,0,0.4164137840270996
2008-11-25,0,0.019886572236879507,0.20558734238147736,0,0.4164137840270996
2008-11-26,0,-0.012391700324607124,0.0849863812327385,0,0.4164137840270996
2008-12-02,0,0.06687651773362102,0.28474006056785583,0,0.4164137840270996
2008-12-03,0,0.0732322440999531,0.38104188442230225,0,0.4164137840270996
2008-12-05,0,0.07163419855017716,0.12743495404720306,0,0.4164137840270996
2008-12-12,0,-0.013179311940775484,0.24390102922916412,0,0.4164137840270996
2008-12-16,0,-0.07395357852834794,0.06704538315534592,0,0.4164137840270996
2008-12-23,1,-0.035399426871624784,0.4613695442676544,0,0.4164137840270996
2008-12-24,1,-0.03438663611348136,0.4046145975589752,0,0.4164137840270996
2008-12-26,1,-0.03017432920834162,0.2649419605731964,0,0.4164137840270996
2008-12-29,0,0.005523082898896581,0.21399007737636566,0,0.4164137840270996
2008-12-30,0,-0.04967989356315494,0.10750992596149445,0,0.4164137840270996
2009-01-12,0,-0.04416361625591092,0.4917430877685547,0,0.4164137840270996
2009-01-13,0,-0.04029441717681281,0.45873498916625977,0,0.4164137840270996
2009-01-14,0,-0.008416135743181008,0.5236280560493469,0,0.4164137840270996
2009-01-15,0,-0.019431215571443672,0.5586988925933838,0,0.4164137840270996
2009-01-16,0,-0.06865705411876954,0.40547147393226624,0,0.4164137840270996
2009-01-20,1,-0.01911363304880498,0.492556631565094,0,0.4164137840270996
2009-01-21,1,-0.06983903378582501,0.49643296003341675,0,0.4164137840270996
2009-01-22,1,-0.06441093992855518,0.48209187388420105,0,0.4164137840270996
2009-01-23,1,-0.10179249559029235,0.19462448358535767,0,0.4164137840270996
2009-01-26,0,-0.07409256638184691,0.19265879690647125,0,0.4164137840270996
2009-01-27,0,-0.09061881251366155,0.14967454969882965,0,0.4164137840270996
2009-01-28,0,-0.13468364735713667,0.0704944059252739,0,0.4164137840270996
2009-01-30,1,-0.1476517995490244,0.5109331011772156,0,0.4164137840270996
2009-02-02,1,-0.15148938196772355,0.5110138058662415,0,0.4164137840270996
2009-02-03,1,-0.143420011478812,0.4434525668621063,0,0.4164137840270996
2009-02-04,1,-0.17436631824808135,0.33692026138305664,0,0.4164137840270996
2009-02-05,1,-0.18505373663695668,0.19389556348323822,0,0.4164137840270996
2009-02-06,0,-0.2169463795952714,0.09788241237401962,0,0.4164137840270996
2009-02-11,0,-0.0968899185547355,0.487064003944397,0,0.4164137840270996
2009-02-12,0,-0.0904846766930002,0.5155301094055176,0,0.4164137840270996
2009-02-13,0,-0.08337371318450804,0.4733654856681824,0,0.4164137840270996
2009-02-17,0,-0.013127753199269954,0.5342473983764648,0,0.4164137840270996
2009-02-18,0,0.011387881139288458,0.6047148704528809,0,0.4164137840270996
2009-02-19,0,0.009721000938191393,0.6125885248184204,0,0.4164137840270996
2009-02-20,0,-0.0020783392092501574,0.5155026316642761,0,0.4164137840270996
2009-02-23,0,0.1092897411397078,0.4955499470233917,0,0.4164137840270996
2009-02-24,0,0.04771450352268536,0.4579518437385559,0,0.4164137840270996
2009-02-25,0,0.06716504019463243,0.4579518437385559,0,0.4164137840270996
2009-02-26,0,0.10691387720296808,0.3956710398197174,0,0.4164137840270996
2009-02-27,0,0.11178316229877039,0.5016586184501648,0,0.4164137840270996
2009-03-02,0,0.12399339475844506,0.47280487418174744,0,0.4164137840270996
2009-03-03,0,0.1429875437408068,0.49601736664772034,0,0.4164137840270996
2009-03-04,0,0.138159881997598,0.5051668882369995,0,0.4164137840270996
2009-03-05,0,0.2213242221486742,0.4291556775569916,0,0.4164137840270996
2009-03-06,1,0.23132773455112976,0.4291556775569916,0,0.4164137840270996
2009-03-09,1,0.2362115388366015,0.4760090112686157,0,0.4164137840270996
2009-03-10,1,0.13945464653649653,0.390352338552475,0,0.4164137840270996
2009-03-11,1,0.1442827773620008,0.3323443830013275,0,0.4164137840270996
2009-03-12,1,0.1446918055522941,0.14432469010353088,0,0.4164137840270996
2009-05-26,0,-0.01583027889905464,0.26148557662963867,0,0.4164137840270996
2009-06-17,0,0.022784244372625606,0.25175756216049194,0,0.4164137840270996
2009-06-18,0,0.026477434827257618,0.4920254051685333,0,0.4164137840270996
2009-06-19,1,0.033572462096494116,0.32698583602905273,0,0.4164137840270996
2009-06-23,1,0.06939005204256787,0.270123690366745,0,0.4164137840270996
2009-06-24,1,0.08366600929789114,0.2729325592517853,0,0.4164137840270996
2009-06-25,1,0.06494314421555436,0.1361314058303833,0,0.4164137840270996
2009-07-06,0,0.11848584855863598,0.2770521938800812,0,0.4164137840270996
2009-07-07,1,0.14353771843537588,0.4196852743625641,0,0.4164137840270996
2009-07-08,1,0.14102275689060706,0.34267470240592957,1,0.43456560373306274
2009-07-09,1,0.13292547261721355,0.35888534784317017,1,0.43456560373306274
2009-07-10,1,0.15052311410242547,0.37450647354125977,1,0.43456560373306274
2009-07-13,1,0.12086533797543919,0.3611965477466583,1,0.43456560373306274
2009-07-14,0,0.10065076307580867,0.3355347216129303,1,0.43456560373306274
2009-08-18,1,0.08305595835633928,0.8253458738327026,1,0.43456560373306274
2009-09-02,1,0.03647061489027359,0.2953195869922638,1,0.43456560373306274
2009-09-03,1,0.023131364608613092,0.69276362657547,1,0.43456560373306274
2009-09-04,1,0.0240584912506574,0.7604471445083618,1,0.43456560373306274
2009-09-28,0,0.0055492478344698615,0.1050446555018425,1,0.43456560373306274
2009-10-02,1,0.010439714940817302,0.18065489828586578,1,0.43456560373306274
2009-10-05,1,0.0028844894049631087,0.2603401243686676,1,0.43456560373306274
2009-10-06,0,-0.00815125696789376,0.5708877444267273,1,0.43456560373306274
2009-10-27,1,0.04294278377577565,0.30285143852233887,1,0.43456560373306274
2009-10-28,1,0.06675575348250695,0.1858930140733719,1,0.43456560373306274
2009-10-29,1,0.02737927850917976,0.23499055206775665,1,0.43456560373306274
2009-11-02,1,0.06690919838914278,0.1912715584039688,1,0.43456560373306274
2009-11-03,0,0.0630674118525889,0.2146039605140686,1,0.43456560373306274
2009-11-04,0,0.052040281944616185,0.11014731228351593,1,0.43456560373306274
2009-11-05,0,0.03893332358602275,0.11007016152143478,1,0.43456560373306274
2009-12-09,0,0.04696218764079996,0.7638736367225647,1,0.43456560373306274
2009-12-10,0,0.04255007652273268,0.546890377998352,1,0.43456560373306274
2009-12-18,0,0.03339105391574848,0.5209059119224548,1,0.43456560373306274
2010-01-22,0,0.017855243953489586,0.3874029517173767,1,0.43456560373306274
2010-01-25,0,0.0003644192007290492,0.3089042901992798,1,0.43456560373306274
2010-01-26,0,0.013813616434036113,0.3016936779022217,1,0.43456560373306274
2010-01-27,0,0.007647783474759917,0.37131601572036743,1,0.43456560373306274
2010-01-28,0,0.019986909913899398,0.3242143392562866,1,0.43456560373306274
2010-01-29,0,0.04190302628525222,0.3931700587272644,1,0.43456560373306274
2010-02-01,0,0.028791602691368157,0.506677508354187,1,0.43456560373306274
2010-02-02,0,0.017394436369897237,0.4910898506641388,1,0.43456560373306274
2010-02-03,0,0.025584667201253186,0.12047869712114334,1,0.43456560373306274
2010-02-04,0,0.07337502667622231,0.43719011545181274,1,0.43456560373306274
2010-02-05,1,0.07134825257614574,0.4640146493911743,1,0.43456560373306274
2010-02-08,1,0.0809330521489866,0.4324687123298645,1,0.43456560373306274
2010-02-09,1,0.07228156461270308,0.4299330711364746,1,0.43456560373306274
2010-02-10,1,0.07887127685093809,0.3870335519313812,1,0.43456560373306274
2010-02-11,1,0.06778906115867245,0.22949083149433136,1,0.43456560373306274
2010-02-12,0,0.06895549387698874,0.13337720930576324,1,0.43456560373306274
2010-02-16,0,0.0607796212283529,0.08267863839864731,1,0.43456560373306274
2010-04-28,0,-0.10227852065272325,0.7906874418258667,1,0.43456560373306274
2010-04-29,0,-0.08356781662952739,0.7052392959594727,1,0.43456560373306274
2010-05-03,0,-0.10652234435190622,0.2524990439414978,1,0.43456560373306274
2010-05-05,1,-0.05230263378639444,0.5107364058494568,1,0.43456560373306274
2010-05-06,1,-0.05418841906934313,0.44426122307777405,1,0.43456560373306274
2010-05-07,1,-0.05186058494704027,0.4518226385116577,1,0.43456560373306274
2010-05-10,1,-0.08212835731365475,0.5807129144668579,1,0.43456560373306274
2010-05-11,0,-0.08443407739966957,0.6458432078361511,1,0.43456560373306274
2010-05-12,0,-0.07066808931920976,0.1414896696805954,1,0.43456560373306274
2010-05-14,0,-0.038458045248713435,0.24925318360328674,1,0.43456560373306274
2010-05-17,0,-0.017112830191073014,0.23225992918014526,1,0.43456560373306274
2010-05-18,0,-0.003914339771394992,0.4781235456466675,1,0.43456560373306274
2010-05-19,0,0.003400376758866175,0.34413716197013855,1,0.43456560373306274
2010-05-20,0,0.043905337364581465,0.41509193181991577,1,0.43456560373306274
2010-05-21,0,0.025937225699398603,0.4128839671611786,1,0.43456560373306274
2010-05-24,0,0.022108096039914038,0.4349198043346405,1,0.43456560373306274
2010-05-25,0,0.01789700743641509,0.4152752757072449,1,0.43456560373306274
2010-05-26,0,0.007101619611964871,0.34151047468185425,1,0.43456560373306274
2010-05-27,0,-0.021459419591267404,0.44890275597572327,1,0.43456560373306274
2010-05-28,0,-0.012145893330277602,0.3778223395347595,1,0.43456560373306274
2010-06-01,0,-0.026264562335563624,0.18281731009483337,1,0.43456560373306274
2010-06-02,0,-0.05999212871262005,0.14218203723430634,1,0.43456560373306274
2010-06-03,0,-0.06739312757375726,0.2013741284608841,1,0.43456560373306274
2010-06-04,1,-0.03869827713149754,0.2861548662185669,1,0.43456560373306274
2010-06-07,1,-0.02019696065998422,0.25646495819091797,1,0.43456560373306274
2010-06-08,1,-4.803078095094726e-05,0.2970143258571625,1,0.43456560373306274
2010-06-09,1,0.015274569182017972,0.24448469281196594,1,0.43456560373306274
2010-06-10,1,-0.006197115257258745,0.24950258433818817,1,0.43456560373306274
2010-06-11,0,-0.010357549992290882,0.27124449610710144,1,0.43456560373306274
2010-06-14,0,0.006133605595075586,0.13699424266815186,1,0.43456560373306274
2010-06-15,0,-0.016324501833352212,0.06669572740793228,1,0.43456560373306274
2010-06-23,0,0.0021060584035792473,0.41932305693626404,1,0.43456560373306274
2010-06-24,0,0.02783545715981739,0.4487294852733612,1,0.43456560373306274
2010-06-25,0,0.034208205373978284,0.4489443600177765,1,0.43456560373306274
2010-06-28,0,0.037384743409941246,0.4381214380264282,1,0.43456560373306274
2010-06-29,1,0.06352571274218888,0.41891205310821533,1,0.43456560373306274
2010-06-30,1,0.06849460705197918,0.3526020348072052,1,0.43456560373306274
2010-07-01,1,0.07308288307210042,0.35292232036590576,1,0.43456560373306274
2010-07-02,1,0.10332707420502474,0.4648197591304779,1,0.43456560373306274
2010-07-06,0,0.09089102942320815,0.4334295690059662,1,0.43456560373306274
2010-07-07,0,0.06464976716843895,0.51656574010849,1,0.43456560373306274
2010-07-08,0,0.0530977476298915,0.46693652868270874,1,0.43456560373306274
2010-07-19,0,0.009041028590068834,0.5865098237991333,1,0.43456560373306274
2010-07-20,0,0.01023198553312965,0.5018798112869263,1,0.43456560373306274
2010-07-22,0,-0.014434917069626851,0.08748755604028702,1,0.43456560373306274
2010-08-12,0,0.026235553221947594,0.44455400109291077,1,0.43456560373306274
2010-08-13,0,0.04071677403969787,0.41930627822875977,1,0.43456560373306274
2010-08-16,0,0.040550809626280104,0.40884721279144287,1,0.43456560373306274
2010-08-17,0,0.03184621680491739,0.17362801730632782,1,0.43456560373306274
2010-08-18,0,0.02969278705927003,0.19506897032260895,1,0.43456560373306274
2010-08-19,0,0.0483156065839474,0.1988745629787445,1,0.43456560373306274
2010-08-20,0,0.0678082710057959,0.27671971917152405,1,0.43456560373306274
2010-08-23,1,0.0697370753513511,0.3503408133983612,1,0.43456560373306274
2010-08-24,1,0.0805192196495994,0.4700835049152374,1,0.43456560373306274
2010-08-25,1,0.06760685241977948,0.41980844736099243,1,0.43456560373306274
2010-08-26,1,0.09697552116759645,0.41617581248283386,1,0.43456560373306274
2010-08-27,1,0.0750675945921293,0.453726202249527,1,0.43456560373306274
2010-08-30,0,0.09471007001641096,0.4482327699661255,1,0.43456560373306274
2010-08-31,0,0.0928007064760561,0.26542070508003235,1,0.43456560373306274
2010-09-01,0,0.057910857433272955,0.3181084096431732,1,0.43456560373306274
2010-11-17,1,0.05582848488754699,0.27882257103919983,1,0.43456560373306274
2010-11-18,1,0.04162809879234719,0.5410186052322388,1,0.43456560373306274
2010-11-24,0,0.050420489376768574,0.1331089437007904,1,0.43456560373306274
2010-11-29,0,0.0615284821253439,0.3676879405975342,1,0.43456560373306274
2010-11-30,0,0.06829427791617615,0.3955729901790619,1,0.43456560373306274
2010-12-01,0,0.04438608090349483,0.3993051052093506,1,0.43456560373306274
2011-01-31,1,0.017485297631843366,0.8711324334144592,1,0.43456560373306274
2011-02-24,0,0.004114201856938893,0.6129171848297119,1,0.43456560373306274
2011-02-25,0,-0.0034729588354593943,0.6345931887626648,1,0.43456560373306274
2011-03-02,0,0.016285444003288685,0.774737536907196,1,0.43456560373306274
2011-03-03,0,-0.0022777511815618157,0.18276803195476532,1,0.43456560373306274
2011-03-08,0,0.009343903817207622,0.6620003581047058,1,0.43456560373306274
2011-03-11,0,0.01984997936388666,0.3436509370803833,1,0.43456560373306274
2011-03-14,1,0.02295579565939687,0.29720786213874817,1,0.43456560373306274
2011-03-15,1,0.027077419750815235,0.5222289562225342,1,0.43456560373306274
2011-03-16,1,0.046370845510053105,0.49666544795036316,1,0.43456560373306274
2011-03-17,1,0.03348883138376535,0.546378493309021,1,0.43456560373306274
2011-03-18,1,0.03350021753235799,0.5574005842208862,1,0.43456560373306274
2011-03-21,0,0.006320579451211117,0.13937200605869293,1,0.43456560373306274
2011-03-23,0,0.026530693321778376,0.24511685967445374,1,0.43456560373306274
2011-03-24,0,0.022000986986677518,0.06103595718741417,1,0.43456560373306274
2011-04-13,0,0.02753727332766176,0.7906391620635986,1,0.43456560373306274
2011-04-14,0,0.01885049223925117,0.7494154572486877,1,0.43456560373306274
2011-04-15,1,0.008709717782069637,0.4072372317314148,1,0.43456560373306274
2011-04-19,1,0.023227439254780657,0.6851819753646851,1,0.43456560373306274
2011-04-20,1,0.011870678960955505,0.2756860554218292,1,0.43456560373306274
2011-05-06,0,-0.03845026311050237,0.5454878211021423,1,0.43456560373306274
2011-05-16,0,-0.029056432687152633,0.6035065054893494,1,0.43456560373306274
2011-05-17,0,-0.046181823251998155,0.5777373909950256,1,0.43456560373306274
2011-05-18,0,-0.052545549201637454,0.6116856336593628,1,0.43456560373306274
2011-05-23,0,-0.014904106838719122,0.28878411650657654,1,0.43456560373306274
2011-05-24,0,-0.02002357120560405,0.23387637734413147,1,0.43456560373306274
2011-05-25,0,-0.02608903177110078,0.252115935087204,1,0.43456560373306274
2011-05-26,0,-0.04181452812320585,0.31125614047050476,1,0.43456560373306274
2011-05-27,0,-0.0369686488552603,0.432955801486969,1,0.43456560373306274
2011-05-31,0,-0.03445094329444032,0.39215087890625,1,0.43456560373306274
2011-06-02,0,0.006788380288734741,0.2780304551124573,1,0.43456560373306274
2011-06-03,0,0.031927304981096194,0.42105090618133545,1,0.43456560373306274
2011-06-06,0,0.04210627374419751,0.4388284683227539,1,0.43456560373306274
2011-06-07,0,0.043999509842739926,0.4491308033466339,1,0.43456560373306274
2011-06-08,0,0.059266838715073655,0.4134601950645447,1,0.43456560373306274
2011-06-09,0,0.043788878861579006,0.4382069408893585,1,0.43456560373306274
2011-06-10,0,0.03937500567200858,0.40739870071411133,1,0.43456560373306274
2011-06-13,1,0.03407505766847674,0.49400803446769714,1,0.43456560373306274
2011-06-14,1,0.024541071677384396,0.46119797229766846,1,0.43456560373306274
2011-06-15,1,0.03589305692054334,0.44019389152526855,1,0.43456560373306274
2011-06-16,1,0.03961413467707908,0.3632262051105499,1,0.43456560373306274
2011-06-17,1,0.028020885269795626,0.3914957642555237,1,0.43456560373306274
2011-06-20,0,0.039389120799931066,0.20434090495109558,1,0.43456560373306274
2011-06-21,0,0.024720156805653204,0.26819908618927,1,0.43456560373306274
2011-06-23,0,0.04894755729466893,0.19746613502502441,1,0.43456560373306274
2011-06-24,0,0.05535862476192421,0.6912766695022583,1,0.43456560373306274
2011-06-27,0,0.042129117158075546,0.6553454399108887,1,0.43456560373306274
2011-06-28,0,0.007638001977960496,0.5766559839248657,1,0.43456560373306274
2011-07-15,0,-0.10304496267454866,0.5273261070251465,1,0.43456560373306274
2011-07-19,0,-0.09899796218658297,0.38271990418434143,1,0.43456560373306274
2011-07-28,0,-0.10704962647962024,0.24397170543670654,1,0.43456560373306274
2011-07-29,0,-0.08783707080266878,0.262481153011322,1,0.43456560373306274
2011-08-01,0,-0.05761747306646203,0.43483710289001465,1,0.43456560373306274
2011-08-02,0,-0.030360824958523547,0.4121875762939453,1,0.43456560373306274
2011-08-03,0,-0.03130690281762427,0.43322160840034485,1,0.43456560373306274
2011-08-04,0,0.005654638053769867,0.4460272192955017,1,0.43456560373306274
2011-08-05,1,-0.018571432707623514,0.47485995292663574,1,0.43456560373306274
2011-08-08,1,0.04213432490063407,0.5602059960365295,1,0.43456560373306274
2011-08-09,1,0.02391909465563402,0.4853976368904114,1,0.43456560373306274
2011-08-10,1,0.06011223450990033,0.5145317316055298,1,0.43456560373306274
2011-08-11,1,-0.01201695728734875,0.4372948706150055,1,0.43456560373306274
2011-08-12,0,-0.012275578796862252,0.4372948706150055,1,0.43456560373306274
2011-08-15,0,-0.023876441969884143,0.1969054937362671,1,0.43456560373306274
2011-08-16,0,-0.001839676526589562,0.1394903063774109,1,0.43456560373306274
2011-08-17,0,0.014706990745014137,0.07563691586256027,1,0.43456560373306274
2011-08-18,0,0.06670747281715284,0.3828386664390564,1,0.43456560373306274
2011-08-19,0,0.07361865534239742,0.4808114171028137,1,0.43456560373306274
2011-08-22,0,0.0715130950124514,0.49463319778442383,1,0.43456560373306274
2011-08-23,0,0.006813960527433771,0.4918196499347687,1,0.43456560373306274
2011-08-24,0,-0.03926227343009958,0.5163038372993469,1,0.43456560373306274
2011-08-25,0,-0.018512100395554176,0.15003199875354767,1,0.43456560373306274
2011-08-26,0,-0.009566864777853068,0.1096472218632698,1,0.43456560373306274
2011-08-29,0,-0.026465997575070066,0.0830988883972168,1,0.43456560373306274
2011-09-06,1,-0.0347788416953142,0.5221789479255676,1,0.43456560373306274
2011-09-07,1,-0.04387779125933988,0.4629669189453125,1,0.43456560373306274
2011-09-09,1,0.003352294247799037,0.34189915657043457,1,0.43456560373306274
2011-09-12,1,0.03024498942922582,0.3945554196834564,1,0.43456560373306274
2011-09-13,0,0.021906483493657536,0.38272330164909363,1,0.43456560373306274
2011-09-14,0,0.016794146589081738,0.23140880465507507,1,0.43456560373306274
2011-09-22,0,0.07797284968661611,0.48214736580848694,1,0.43456560373306274
2011-09-23,0,0.09186209223183228,0.3861806392669678,1,0.43456560373306274
2011-09-26,0,0.07957627604969231,0.4363049268722534,1,0.43456560373306274
2011-09-27,0,0.04687773642985116,0.37927016615867615,1,0.43456560373306274
2011-09-29,0,0.10840180449119918,0.12342885136604309,1,0.43456560373306274
2011-09-30,1,0.13654418507116284,0.21531547605991364,1,0.43456560373306274
2011-10-03,1,0.14163532938152867,0.43211907148361206,1,0.43456560373306274
2011-10-04,1,0.08598875184502508,0.4704979658126831,1,0.43456560373306274
2011-10-05,1,0.08363940414587656,0.3119470477104187,1,0.43456560373306274
2011-10-06,1,0.08378420016043897,0.13620643317699432,1,0.43456560373306274
2011-10-10,0,0.05586210316230522,0.0965171679854393,1,0.43456560373306274
2011-11-02,1,0.007903975874892666,0.3250212073326111,1,0.43456560373306274
2011-11-10,0,0.013915750330485421,0.5461443662643433,1,0.43456560373306274
2011-11-17,0,0.002056835508191801,0.2784898281097412,1,0.43456560373306274
2011-11-18,0,-0.0076005374940678605,0.23283088207244873,1,0.43456560373306274
2011-11-21,0,0.04225299652482151,0.24813474714756012,1,0.43456560373306274
2011-11-22,1,0.04838941297991317,0.24007177352905273,1,0.43456560373306274
2011-11-23,1,0.08154149874244943,0.32040977478027344,1,0.43456560373306274
2011-11-25,1,0.09327518533040768,0.2833649218082428,1,0.43456560373306274
2011-11-28,1,0.06333781483246881,0.2135218232870102,1,0.43456560373306274
2011-11-29,0,0.04641128332549105,0.25703999400138855,1,0.43456560373306274
2011-11-30,0,0.015439851547187189,0.18060873448848724,1,0.43456560373306274
2011-12-14,0,0.06503282187607695,0.49540841579437256,1,0.43456560373306274
2011-12-15,0,0.06531578094259172,0.3881748914718628,1,0.43456560373306274
2011-12-16,1,0.07549935287953469,0.259019136428833,1,0.43456560373306274
2011-12-19,1,0.09285865721814268,0.4496299624443054,1,0.43456560373306274
2011-12-20,1,0.06471371255654002,0.14539308845996857,1,0.43456560373306274
2012-03-07,1,0.03524886762230239,0.9120936989784241,1,0.43456560373306274
2012-03-08,1,0.024537736337821858,0.5226427316665649,1,0.43456560373306274
2012-04-10,1,0.004783146495120683,0.3665686547756195,1,0.43456560373306274
2012-04-11,1,-0.00919716234798551,0.35378897190093994,1,0.43456560373306274
2012-04-12,1,-0.019958192978018152,0.4590035676956177,1,0.43456560373306274
2012-04-16,0,-0.021452407856285216,0.10143168270587921,1,0.43456560373306274
2012-04-17,0,-0.041271200613741454,0.1262052059173584,1,0.43456560373306274
2012-04-20,1,-0.059514524875486474,0.39461562037467957,1,0.43456560373306274
2012-04-23,1,-0.03523628328147954,0.2653888165950775,1,0.43456560373306274
2012-04-24,1,-0.0372150799104235,0.210397407412529,1,0.43456560373306274
2012-04-25,1,-0.049715965665109385,0.10508725047111511,1,0.43456560373306274
2012-05-07,0,-0.05857039613976944,0.5292847752571106,1,0.43456560373306274
2012-05-08,0,-0.033540880821525176,0.6721940040588379,1,0.43456560373306274
2012-05-09,0,-0.027184289932721928,0.6078634262084961,1,0.43456560373306274
2012-05-10,0,-0.021467358332916242,0.5986931324005127,1,0.43456560373306274
2012-05-11,0,-0.030971205437931526,0.6049630045890808,1,0.43456560373306274
2012-05-14,0,-0.008873072156518669,0.554412841796875,1,0.43456560373306274
2012-05-15,1,-0.009524259952389702,0.48210012912750244,1,0.43456560373306274
2012-05-16,1,0.004818542988251684,0.48027247190475464,1,0.43456560373306274
2012-05-17,1,0.030376593096582916,0.4111020565032959,1,0.43456560373306274
2012-05-18,1,0.04128563605105584,0.38904517889022827,1,0.43456560373306274
2012-05-21,1,0.03359168627805431,0.42052334547042847,1,0.43456560373306274
2012-05-22,0,0.030120905626250583,0.47321081161499023,1,0.43456560373306274
2012-05-23,0,0.006473434193984051,0.32001012563705444,1,0.43456560373306274
2012-05-24,0,0.012235151395861399,0.1213393434882164,1,0.43456560373306274
2012-05-25,0,-0.0007535353285650359,0.12843449413776398,1,0.43456560373306274
2012-05-29,0,-0.007749754911030138,0.23696504533290863,1,0.43456560373306274
2012-05-30,0,0.015938011062605062,0.20483706891536713,1,0.43456560373306274
2012-05-31,0,0.015273889748011138,0.2052631676197052,1,0.43456560373306274
2012-06-01,1,0.06745641308498129,0.43369579315185547,1,0.43456560373306274
2012-06-04,1,0.07117360772683878,0.44608086347579956,1,0.43456560373306274
2012-06-05,1,0.07013253008580067,0.3834216892719269,1,0.43456560373306274
2012-06-06,1,0.04189399885980438,0.5304509401321411,1,0.43456560373306274
2012-06-07,1,0.031367104182633554,0.5592116713523865,1,0.43456560373306274
2012-06-08,0,0.0219467636701276,0.07906166464090347,1,0.43456560373306274
2012-06-12,0,0.014559043649547077,0.12617945671081543,1,0.43456560373306274
2012-06-14,0,0.022352109957399113,0.15689434111118317,1,0.43456560373306274
2012-06-22,1,0.012213420667354313,0.45620548725128174,1,0.43456560373306274
2012-06-26,1,0.015002228298155895,0.5771541595458984,1,0.43456560373306274
2012-06-27,1,0.022527508044521305,0.5710451006889343,1,0.43456560373306274
2012-06-29,0,0.018956386061286468,0.11371857672929764,1,0.43456560373306274
2012-07-11,1,0.04718215918375246,0.592528223991394,1,0.43456560373306274
2012-07-12,1,0.05317964969409039,0.6265490055084229,1,0.43456560373306274
2012-07-13,1,0.03749563994188687,0.33195048570632935,1,0.43456560373306274
2012-07-24,1,0.05846378585359324,0.2568177580833435,1,0.43456560373306274
2012-07-25,1,0.0586746020664366,0.23953364789485931,1,0.43456560373306274
2012-07-26,1,0.032973296963252574,0.23755691945552826,1,0.43456560373306274
2012-08-31,1,0.028057185728759926,0.8884698748588562,1,0.43456560373306274
2012-09-06,0,0.021840825505589523,0.10198909789323807,1,0.43456560373306274
2012-09-27,1,-0.02219292671909301,0.8550139665603638,1,0.43456560373306274
2012-10-10,0,-0.03573410713216152,0.6076874136924744,1,0.43456560373306274
2012-10-11,0,-0.03550515016682876,0.6535971164703369,1,0.43456560373306274
2012-10-12,0,-0.03569167758671388,0.6471372842788696,1,0.43456560373306274
2012-10-15,0,-0.05656592042348407,0.3161645233631134,1,0.43456560373306274
2012-10-16,0,-0.06761017358498389,0.2886139452457428,1,0.43456560373306274
2012-10-22,1,-0.027613507505099166,0.707473635673523,1,0.43456560373306274
2012-10-23,1,-0.0004951160228492402,0.6765391826629639,1,0.43456560373306274
2012-10-24,1,0.0002129611708803214,0.5670949220657349,1,0.43456560373306274
2012-10-25,1,-0.007777773521173592,0.6278430819511414,1,0.43456560373306274
2012-10-26,1,0.0007781217463467272,0.501466691493988,1,0.43456560373306274
2012-10-31,0,0.0054475367087216675,0.41062575578689575,1,0.43456560373306274
2012-11-01,0,-0.004760980605933773,0.3004942238330841,1,0.43456560373306274
2012-11-02,0,-0.0007772407611247312,0.3431083559989929,1,0.43456560373306274
2012-11-05,0,-0.004230071471551633,0.17041289806365967,1,0.43456560373306274
2012-11-06,0,-0.01021288316923219,0.11789947748184204,1,0.43456560373306274
2012-11-08,0,0.03165756738461423,0.6541593670845032,1,0.43456560373306274
2012-11-09,0,0.031195329356161983,0.6490835547447205,1,0.43456560373306274
2012-11-12,1,0.03739084976576845,0.5207191705703735,1,0.43456560373306274
2012-11-13,1,0.04151250257257111,0.564594566822052,1,0.43456560373306274
2012-11-14,1,0.04929042228454539,0.4935848116874695,1,0.43456560373306274
2012-11-15,1,0.04716307429929767,0.5165582299232483,1,0.43456560373306274
2012-11-16,1,0.05426411972625389,0.43223837018013,1,0.43456560373306274
2012-11-19,0,0.044850221678105484,0.6208799481391907,1,0.43456560373306274
2012-11-20,0,0.036640306380631316,0.47819578647613525,1,0.43456560373306274
2012-11-21,0,0.04066000534511671,0.08136018365621567,1,0.43456560373306274
2012-11-23,0,0.0173524298063068,0.0671372190117836,1,0.43456560373306274
2012-12-27,1,0.06011557775030596,0.5643326044082642,1,0.43456560373306274
2012-12-28,1,0.07591192500425348,0.49145984649658203,1,0.43456560373306274
2012-12-31,1,0.05378792248386777,0.18024063110351562,1,0.43456560373306274
2013-02-22,1,0.028982179744339476,0.7523956894874573,1,0.43456560373306274
2013-02-26,1,0.0457582215755763,0.6874403357505798,1,0.43456560373306274
2013-02-27,1,0.03274750846616836,0.4477366805076599,1,0.43456560373306274
2013-04-08,0,0.03565711356540957,0.3578017055988312,1,0.43456560373306274
2013-04-16,1,0.04967912621173398,0.9261972904205322,1,0.43456560373306274
2013-04-18,1,0.07266090434171169,0.43436822295188904,1,0.43456560373306274
2013-04-19,1,0.07370743638121979,0.5828501582145691,1,0.43456560373306274
2013-04-22,0,0.06889926366067756,0.3050832152366638,1,0.43456560373306274
2013-06-03,1,-0.01299749280028284,0.7589858770370483,1,0.43456560373306274
2013-06-05,1,0.005353799613030841,0.31557270884513855,1,0.43456560373306274
2013-06-06,1,0.0070830162893504856,0.4053521454334259,1,0.43456560373306274
2013-06-07,1,0.00010620781794012935,0.3525351881980896,1,0.43456560373306274
2013-06-12,0,0.04065510528942462,0.27214667201042175,1,0.43456560373306274
2013-06-13,0,0.025494333343545783,0.25396502017974854,1,0.43456560373306274
2013-06-17,0,0.02412018937767546,0.1284245252609253,1,0.43456560373306274
2013-06-21,1,0.06556861300247374,0.478894978761673,1,0.43456560373306274
2013-06-24,1,0.07691292800868044,0.49600017070770264,1,0.43456560373306274
2013-06-25,1,0.06274793779296006,0.5191523432731628,1,0.43456560373306274
2013-06-26,1,0.05488877980929607,0.3579390347003937,1,0.43456560373306274
2013-06-27,1,0.0498506072987841,0.2011355459690094,1,0.43456560373306274
2013-06-28,0,0.050929205980367875,0.10458933562040329,1,0.43456560373306274
2013-07-01,0,0.04480679038776825,0.10723074525594711,1,0.43456560373306274
2013-07-03,0,0.05815898564663757,0.11281494796276093,1,0.43456560373306274
2013-07-05,0,0.04864457845388426,0.059599705040454865,1,0.43456560373306274
2013-08-16,0,0.027016033117538196,0.4259856045246124,1,0.43456560373306274
2013-08-19,0,0.038235207164825535,0.4344682991504669,1,0.43456560373306274
2013-08-20,0,0.045114791746679206,0.4712454378604889,1,0.43456560373306274
2013-08-21,0,0.04982980190694941,0.5208632349967957,1,0.43456560373306274
2013-08-22,0,0.0330730373411765,0.2804943025112152,1,0.43456560373306274
2013-08-23,0,0.02483663982235651,0.2391883134841919,1,0.43456560373306274
2013-08-26,1,0.02624316627794232,0.09818384051322937,1,0.43456560373306274
2013-08-27,1,0.04000493504060576,0.47608834505081177,1,0.43456560373306274
2013-08-28,1,0.040309389437982235,0.4897310435771942,1,0.43456560373306274
2013-08-29,1,0.0338879874598661,0.4289766848087311,1,0.43456560373306274
2013-08-30,1,0.03164632540476631,0.2596711218357086,1,0.43456560373306274
2013-09-03,0,0.03513291709205224,0.18416893482208252,1,0.43456560373306274
2013-09-04,0,0.025669484620798766,0.25440385937690735,1,0.43456560373306274
2013-09-05,0,0.014925823202506905,0.11891550570726395,1,0.43456560373306274
2013-10-01,0,0.04623828421286036,0.6898213028907776,1,0.43456560373306274
2013-10-04,0,0.04334165417270053,0.5210469961166382,1,0.43456560373306274
2013-10-08,1,0.06520412477778947,0.4808047413825989,1,0.43456560373306274
2013-10-09,1,0.0698674511856805,0.4495887756347656,1,0.43456560373306274
2013-10-10,1,0.03404847431032132,0.42251867055892944,1,0.43456560373306274
2013-12-06,0,0.01954270548479231,0.12194379419088364,1,0.43456560373306274
2013-12-12,1,0.025522869508201262,0.6430031657218933,1,0.43456560373306274
2013-12-13,1,0.03681571358326585,0.6599992513656616,1,0.43456560373306274
2013-12-16,1,0.03594771069186242,0.5540024042129517,1,0.43456560373306274
2013-12-18,0,0.01616399165272253,0.16938675940036774,1,0.43456560373306274
2014-01-14,1,-0.00871130177430457,0.6749784350395203,1,0.43456560373306274
2014-01-27,0,0.03836860783739704,0.5630835890769958,1,0.43456560373306274
2014-01-28,0,0.03227826839830472,0.6303850412368774,1,0.43456560373306274
2014-01-29,0,0.047758462110446986,0.5965268015861511,1,0.43456560373306274
2014-01-30,0,0.03939078726406686,0.5648949146270752,1,0.43456560373306274
2014-01-31,1,0.03816373429456332,0.6229356527328491,1,0.43456560373306274
2014-02-03,1,0.07699357227155668,0.45528391003608704,1,0.43456560373306274
2014-02-04,1,0.07047112039657555,0.42413902282714844,1,0.43456560373306274
2014-02-05,1,0.07427070304717609,0.451943576335907,1,0.43456560373306274
2014-02-06,1,0.06073914834561367,0.3573346734046936,1,0.43456560373306274
2014-02-07,0,0.047195136843109387,0.3653233051300049,1,0.43456560373306274
2014-03-14,1,-0.012720398860794013,0.7943281531333923,1,0.43456560373306274
2014-03-17,1,-0.01386056190625784,0.9288801550865173,1,0.43456560373306274
2014-03-27,0,0.009264374378411544,0.8406907916069031,1,0.43456560373306274
2014-03-28,0,0.0074933301416137965,0.7480189800262451,1,0.43456560373306274
2014-04-08,1,0.015019257536372566,0.7283105254173279,1,0.43456560373306274
2014-04-09,1,0.003153567460034701,0.5646430850028992,1,0.43456560373306274
2014-04-11,1,0.045617646438989023,0.49303749203681946,1,0.43456560373306274
2014-04-14,1,0.03837349248165234,0.5095037817955017,1,0.43456560373306274
2014-04-15,0,0.026384585558066442,0.47775697708129883,1,0.43456560373306274
2014-04-16,0,0.0068231236485523095,0.14977313578128815,1,0.43456560373306274
2014-05-07,0,0.03496913387417333,0.477826863527298,1,0.43456560373306274
2014-05-16,0,0.033182384506198925,0.8440495133399963,1,0.43456560373306274
2014-05-21,0,0.03886210910158061,0.36026933789253235,1,0.43456560373306274
2014-07-18,1,-0.01006552088803947,0.5915631055831909,1,0.43456560373306274
2014-07-30,0,0.016601039680018692,0.9157429337501526,1,0.43456560373306274
2014-08-01,0,0.04264937790933221,0.4911178946495056,1,0.43456560373306274
2014-08-04,1,0.03465904918322171,0.6121728420257568,1,0.43456560373306274
2014-08-05,1,0.04421676310100486,0.5466870069503784,1,0.43456560373306274
2014-08-06,1,0.04238060149300593,0.567546546459198,1,0.43456560373306274
2014-08-07,1,0.05276662165140378,0.5119264721870422,1,0.43456560373306274
2014-08-08,1,0.03803571469959488,0.5041512846946716,1,0.43456560373306274
2014-08-11,0,0.028483015006026458,0.5073311924934387,1,0.43456560373306274
2014-08-12,0,0.03379299325499763,0.1187814474105835,1,0.43456560373306274
2014-08-13,0,0.02802334482172064,0.0717000812292099,1,0.43456560373306274
2014-09-15,0,-0.05374361361822877,0.9356936812400818,1,0.43456560373306274
2014-09-16,0,-0.059370664293629805,0.8353476524353027,1,0.43456560373306274
2014-09-24,0,-0.03442561152686252,0.7434694170951843,1,0.43456560373306274
2014-09-26,0,-0.0074279396743059944,0.7075523734092712,1,0.43456560373306274
2014-09-29,0,-0.006985804129121531,0.7227048277854919,1,0.43456560373306274
2014-09-30,0,0.007055152430625489,0.3538564145565033,1,0.43456560373306274
2014-10-01,0,0.019346726032039685,0.41643866896629333,1,0.43456560373306274
2014-10-02,0,0.025722588977911798,0.4590735137462616,1,0.43456560373306274
2014-10-03,0,0.026155257242528318,0.2851956784725189,1,0.43456560373306274
2014-10-06,0,0.027918281199550865,0.32412609457969666,1,0.43456560373306274
2014-10-07,0,0.040411816810374646,0.3031708300113678,1,0.43456560373306274
2014-10-08,0,0.02898672154714732,0.2451598197221756,1,0.43456560373306274
2014-10-10,0,0.06717804670191851,0.5017166137695312,1,0.43456560373306274
2014-10-13,1,0.08841577606160222,0.5205594897270203,1,0.43456560373306274
2014-10-14,1,0.08779981516265889,0.5289678573608398,1,0.43456560373306274
2014-10-15,1,0.09403066298711349,0.5665756464004517,1,0.43456560373306274
2014-10-16,1,0.09620482974166422,0.5842978954315186,1,0.43456560373306274
2014-10-17,1,0.08367421257756935,0.5426818132400513,1,0.43456560373306274
2014-10-20,0,0.07393569146709367,0.6184099912643433,1,0.43456560373306274
2014-10-21,0,0.05915386434643577,0.2928665280342102,1,0.43456560373306274
2014-10-23,0,0.05463458309248925,0.0612991563975811,1,0.43456560373306274
2014-12-11,0,-0.002064793470165749,0.6772374510765076,1,0.43456560373306274
2014-12-12,0,0.011475510635258424,0.678714394569397,1,0.43456560373306274
2014-12-15,1,0.012323071322634771,0.6361699104309082,1,0.43456560373306274
2014-12-16,1,0.011158661005729487,0.43507862091064453,1,0.43456560373306274
2014-12-17,1,0.0047217052080053,0.4466339349746704,1,0.43456560373306274
2014-12-18,1,-0.01743278724367714,0.5952280163764954,1,0.43456560373306274
2015-01-06,0,0.021218684408655486,0.5672532916069031,1,0.43456560373306274
2015-01-07,0,0.018832394808983688,0.6023412346839905,1,0.43456560373306274
2015-01-08,0,-0.0016997866070703749,0.6990995407104492,1,0.43456560373306274
2015-01-12,1,0.020528216110435427,0.23507246375083923,1,0.43456560373306274
2015-01-13,1,0.024000314462103045,0.7008366584777832,1,0.43456560373306274
2015-01-14,1,0.04012729931958847,0.48530614376068115,1,0.43456560373306274
2015-01-15,1,0.05406488376379959,0.7495651245117188,1,0.43456560373306274
2015-01-16,1,0.04205688433896437,0.6697332859039307,1,0.43456560373306274
2015-01-20,0,0.03993872135825982,0.5751739740371704,1,0.43456560373306274
2015-01-21,0,0.03397677708089808,0.16542626917362213,1,0.43456560373306274
2015-01-22,0,0.024939741498827717,0.22392627596855164,1,0.43456560373306274
2015-01-28,1,0.056160440098616426,0.6503446698188782,1,0.43456560373306274
2015-01-29,1,0.042923082593233186,0.613914966583252,1,0.43456560373306274
2015-01-30,1,0.06287268058276108,0.7078818678855896,1,0.43456560373306274
2015-02-02,1,0.04556240723338112,0.49193111062049866,1,0.43456560373306274
2015-02-03,0,0.026312941630986186,0.3005901873111725,1,0.43456560373306274
2015-03-09,1,-0.0007425121308750615,0.863684356212616,1,0.43456560373306274
2015-03-10,1,0.01916421555065262,0.47602197527885437,1,0.43456560373306274
2015-03-11,1,0.026075849659269013,0.47617578506469727,1,0.43456560373306274
2015-03-12,1,0.018723013835701074,0.5830107927322388,1,0.43456560373306274
2015-03-13,1,0.020372692681423388,0.37505704164505005,1,0.43456560373306274
2015-03-16,0,0.00884610585091039,0.13770855963230133,1,0.43456560373306274
2015-03-18,0,0.004033896031899076,0.17608150839805603,1,0.43456560373306274
2015-03-26,1,0.031081111833229702,0.5473164319992065,1,0.43456560373306274
2015-03-27,1,0.024448387655882975,0.6248579621315002,2,0.4590506851673126
2015-03-30,0,0.015318041255458326,0.3118881583213806,2,0.4590506851673126
2015-04-01,0,0.013417450857783786,0.40527573227882385,2,0.4590506851673126
2015-04-02,0,0.02073242217079052,0.6275302171707153,2,0.4590506851673126
2015-04-06,0,0.016792790458588724,0.3389817476272583,2,0.4590506851673126
2015-04-08,0,0.0002887091808103648,0.08331520855426788,2,0.4590506851673126
2015-04-20,1,0.01548738856780929,0.7983071804046631,2,0.4590506851673126
2015-05-01,0,0.004034056365774363,0.5297468304634094,2,0.4590506851673126
2015-05-06,1,0.01004630124423822,0.5708479881286621,2,0.4590506851673126
2015-05-07,1,0.004308926181221473,0.8216931819915771,2,0.4590506851673126
2015-05-08,1,-0.01483789922294343,0.38510236144065857,2,0.4590506851673126
2015-05-14,0,-0.010367045854277945,0.0859709233045578,2,0.4590506851673126
2015-05-27,0,-0.00552949745486786,0.5267753005027771,2,0.4590506851673126
2015-06-01,0,-0.02434587186139836,0.29433074593544006,2,0.4590506851673126
2015-06-03,0,-0.016094143309869358,0.16736724972724915,2,0.4590506851673126
2015-06-05,0,-0.009746024387241703,0.5707475543022156,2,0.4590506851673126
2015-06-08,1,0.0026467546689363797,0.6238760948181152,2,0.4590506851673126
2015-06-09,1,-0.014032712115806256,0.5542604923248291,2,0.4590506851673126
2015-06-10,1,-0.023955196197535278,0.4187488853931427,2,0.4590506851673126
2015-06-15,0,0.012408971995889084,0.5794968605041504,2,0.4590506851673126
2015-06-16,0,0.00658436077206237,0.6885177493095398,2,0.4590506851673126
2015-06-17,0,0.013023626741034189,0.2780560851097107,2,0.4590506851673126
2015-06-18,0,0.003447548055905525,0.2726200520992279,2,0.4590506851673126
2015-06-26,0,-0.014440832813976678,0.7209314703941345,2,0.4590506851673126
2015-06-30,0,0.02390113502607627,0.5023056864738464,2,0.4590506851673126
2015-07-01,0,0.01600027589267783,0.6590225100517273,2,0.4590506851673126
2015-07-02,0,0.015386989486166236,0.4650278091430664,2,0.4590506851673126
2015-07-06,1,0.01485056474801616,0.2839774787425995,2,0.4590506851673126
2015-07-07,1,0.0065381851780783595,0.48025399446487427,2,0.4590506851673126
2015-07-08,1,0.027086575928583434,0.601443886756897,2,0.4590506851673126
2015-07-09,1,0.016837747566516237,0.41902703046798706,2,0.4590506851673126
2015-07-10,1,0.0022653074527918537,0.2682025134563446,2,0.4590506851673126
2015-07-13,0,0.0038134582121878147,0.20317991077899933,2,0.4590506851673126
2015-07-27,1,-0.08361158932672319,0.5649521946907043,2,0.4590506851673126
2015-07-28,1,-0.10538389859389985,0.7990689873695374,2,0.4590506851673126
2015-07-29,1,-0.07738303584631778,0.446167916059494,2,0.4590506851673126
2015-08-05,1,-0.06978657829250956,0.15402953326702118,2,0.4590506851673126
2015-08-07,1,-0.07386406241253995,0.49853479862213135,2,0.4590506851673126
2015-08-10,1,-0.06240180769448722,0.2622639536857605,2,0.4590506851673126
2015-08-12,0,-0.06255947046646926,0.3008686900138855,2,0.4590506851673126
2015-08-13,0,-0.05712656050403453,0.41777077317237854,2,0.4590506851673126
2015-08-14,0,-0.06403403057858104,0.2862911820411682,2,0.4590506851673126
2015-08-17,0,-0.05760026002513341,0.11467564851045609,2,0.4590506851673126
2015-08-20,0,-0.036788963956850385,0.5023643970489502,2,0.4590506851673126
2015-08-21,0,-0.001762358574193601,0.600048303604126,2,0.4590506851673126
2015-08-24,1,0.028591710147306992,0.5398160815238953,2,0.4590506851673126
2015-08-25,1,0.0391757304580429,0.5610036849975586,2,0.4590506851673126
2015-08-26,1,-0.0028647828876868786,0.5776480436325073,2,0.4590506851673126
2015-08-27,1,-0.02718603093022587,0.6281962394714355,2,0.4590506851673126
2015-08-28,1,-0.051649301728926234,0.5449167490005493,2,0.4590506851673126
2015-08-31,0,-0.043365143505940784,0.2135476917028427,2,0.4590506851673126
2015-09-01,0,0.004465150600414747,0.43246880173683167,2,0.4590506851673126
2015-09-02,0,-0.011673157946248791,0.5081669688224792,2,0.4590506851673126
2015-09-03,0,0.0023718747300487397,0.42771559953689575,2,0.4590506851673126
2015-09-04,0,0.03588869173465059,0.2686178386211395,2,0.4590506851673126
2015-09-08,0,0.007031457922538564,0.21357284486293793,2,0.4590506851673126
2015-09-09,0,0.0290397457549485,0.2286367118358612,2,0.4590506851673126
2015-09-10,0,0.03270868958255413,0.15834517776966095,2,0.4590506851673126
2015-09-11,0,0.02865044121216198,0.09961335361003876,2,0.4590506851673126
2015-09-14,0,0.03345595783950439,0.06425511091947556,2,0.4590506851673126
2015-09-15,0,0.014265481522248935,0.04315444082021713,2,0.4590506851673126
2015-09-21,0,0.035172424786345635,0.4875842332839966,2,0.4590506851673126
2015-09-22,0,0.047444806563589514,0.4820210337638855,2,0.4590506851673126
2015-09-23,0,0.04261409643455871,0.5950984358787537,2,0.4590506851673126
2015-09-24,0,0.06407436327956773,0.4097311198711395,2,0.4590506851673126
2015-09-25,1,0.07601775368927566,0.41841039061546326,2,0.4590506851673126
2015-09-28,1,0.1010054115644845,0.5457920432090759,2,0.4590506851673126
2015-09-29,1,0.09823512024762815,0.4452645480632782,2,0.4590506851673126
2015-09-30,1,0.090382416417222,0.5200027823448181,2,0.4590506851673126
2015-10-01,1,0.08692008696699527,0.4036233127117157,2,0.4590506851673126
2015-10-02,0,0.06630725648777691,0.06881484389305115,2,0.4590506851673126
2015-11-13,1,0.0017771959066783527,0.5058425664901733,2,0.4590506851673126
2015-11-16,1,-0.00286919107902317,0.7197084426879883,2,0.4590506851673126
2015-11-17,0,0.01245960855230921,0.5405808091163635,2,0.4590506851673126
2015-11-18,0,-0.018540695367447402,0.2857910990715027,2,0.4590506851673126
2015-12-04,0,-0.03368738731336296,0.7371498346328735,2,0.4590506851673126
2015-12-09,0,-0.05979251202180236,0.6094557642936707,2,0.4590506851673126
2015-12-10,0,-0.061284536637363995,0.70110023021698,2,0.4590506851673126
2015-12-11,0,-0.035007544185115314,0.5988777875900269,2,0.4590506851673126
2015-12-14,0,-0.06380605733865186,0.6454039216041565,2,0.4590506851673126
2015-12-15,1,-0.058321783169985264,0.5663445591926575,2,0.4590506851673126
2015-12-16,1,-0.091824507616319,0.42697277665138245,2,0.4590506851673126
2015-12-18,1,-0.07184299170825925,0.4610222578048706,2,0.4590506851673126
2015-12-21,1,-0.07427961198298605,0.4537152051925659,2,0.4590506851673126
2015-12-22,0,-0.0637837408040266,0.45693519711494446,2,0.4590506851673126
2015-12-23,0,-0.0892142919204244,0.18287450075149536,2,0.4590506851673126
2016-01-04,0,-0.05402445849669135,0.44540488719940186,2,0.4590506851673126
2016-01-05,0,-0.049960293116349974,0.46053484082221985,2,0.4590506851673126
2016-01-06,0,-0.03631418186558555,0.6477657556533813,2,0.4590506851673126
2016-01-07,0,-0.03143583754127499,0.6197247505187988,2,0.4590506851673126
2016-01-08,0,-0.03386843545672891,0.5580341219902039,2,0.4590506851673126
2016-01-11,0,-0.03477179873575087,0.5612918138504028,2,0.4590506851673126
2016-01-12,0,-0.043323614190335036,0.5742857456207275,2,0.4590506851673126
2016-01-13,0,-0.031615227060267204,0.5555202960968018,2,0.4590506851673126
2016-01-14,0,-0.02761446554361502,0.5470951199531555,2,0.4590506851673126
2016-01-15,0,0.010488764798040728,0.4712264835834503,2,0.4590506851673126
2016-01-19,1,0.025630095969940037,0.43790510296821594,2,0.4590506851673126
2016-01-20,1,0.03468910483515919,0.4679189622402191,2,0.4590506851673126
2016-01-21,1,0.028442971687618,0.4767695665359497,2,0.4590506851673126
2016-01-22,1,0.02236006670875157,0.46064630150794983,2,0.4590506851673126
2016-01-25,0,0.0249410739757443,0.45522812008857727,2,0.4590506851673126
2016-01-26,0,0.015772775202815836,0.12213117629289627,2,0.4590506851673126
2016-01-27,0,0.03938722622157953,0.12900017201900482,2,0.4590506851673126
2016-01-28,0,0.03162161900905325,0.15939056873321533,2,0.4590506851673126
2016-01-29,0,-0.0008259243836329366,0.1459006518125534,2,0.4590506851673126
2016-02-03,0,0.04432831102990864,0.2282743602991104,2,0.4590506851673126
2016-02-04,0,0.04608508498182706,0.3018520176410675,2,0.4590506851673126
2016-02-05,0,0.06725240019652645,0.6498830318450928,2,0.4590506851673126
2016-02-08,1,0.07000279269705323,0.5155924558639526,2,0.4590506851673126
2016-02-09,1,0.0752305729649112,0.45721879601478577,2,0.4590506851673126
2016-02-10,1,0.07702272991484227,0.44172972440719604,2,0.4590506851673126
2016-02-11,1,0.10882618845748726,0.498206228017807,2,0.4590506851673126
2016-02-12,1,0.08503466541498117,0.29142746329307556,2,0.4590506851673126
2016-02-16,0,0.06528675647670368,0.31033098697662354,2,0.4590506851673126
2016-05-02,0,0.00899162864489722,0.819322407245636,2,0.4590506851673126
2016-05-04,0,0.02877915652718177,0.6421730518341064,2,0.4590506851673126
2016-05-05,0,0.02590621775932389,0.727433443069458,2,0.4590506851673126
2016-05-06,0,0.027367512409640637,0.6886699795722961,2,0.4590506851673126
2016-05-09,0,0.028121701242672215,0.34441614151000977,2,0.4590506851673126
2016-05-10,0,0.018805587229190346,0.2968028485774994,2,0.4590506851673126
2016-05-12,0,0.016992634142475982,0.3796405792236328,2,0.4590506851673126
2016-05-16,1,0.0060935303263638385,0.2772166430950165,2,0.4590506851673126
2016-05-18,1,0.016885261488640557,0.464699923992157,2,0.4590506851673126
2016-05-19,1,0.016620790758683057,0.36766913533210754,2,0.4590506851673126
2016-05-20,1,0.016744897088279087,0.3291134238243103,2,0.4590506851673126
2016-05-23,0,0.02102230823329876,0.22026124596595764,2,0.4590506851673126
2016-05-24,0,0.006312613211720608,0.15475088357925415,2,0.4590506851673126
2016-06-14,0,0.0384429795273884,0.6953888535499573,2,0.4590506851673126
2016-06-15,0,0.045698977154801756,0.830707311630249,2,0.4590506851673126
2016-06-16,0,0.04118845239400737,0.7372550964355469,2,0.4590506851673126
2016-06-17,0,0.04788859888240449,0.7494401335716248,2,0.4590506851673126
2016-06-20,0,0.040125287132144916,0.4447745084762573,2,0.4590506851673126
2016-06-21,0,0.04149872228923135,0.39273494482040405,2,0.4590506851673126
2016-06-23,0,0.030501387195316143,0.05462661385536194,2,0.4590506851673126
2016-06-27,1,0.08592146561665048,0.6200089454650879,2,0.4590506851673126
2016-06-28,1,0.06555161008223154,0.5593992471694946,2,0.4590506851673126
2016-06-29,1,0.048921101897790864,0.6319640278816223,2,0.4590506851673126
2016-06-30,1,0.03647155715032002,0.4361132085323334,2,0.4590506851673126
2016-08-29,1,-0.007790350377495203,0.3061707317829132,2,0.4590506851673126
2016-09-01,0,1.2030647167149411e-05,0.7486912608146667,2,0.4590506851673126
2016-09-02,0,-0.006869268483076896,0.4397949278354645,2,0.4590506851673126
2016-09-12,1,0.004215016604209643,0.7526196837425232,2,0.4590506851673126
2016-09-13,1,0.005994147576113162,0.5299495458602905,2,0.4590506851673126
2016-09-14,1,0.007691835770797351,0.5884981751441956,2,0.4590506851673126
2016-09-15,1,-0.005546733518146607,0.5842247009277344,2,0.4590506851673126
2016-09-16,1,-0.0011713725666430141,0.5233737230300903,2,0.4590506851673126
2016-09-19,0,-0.004826422504307648,0.17737804353237152,2,0.4590506851673126
2016-09-20,0,0.0013590015626891994,0.15826429426670074,2,0.4590506851673126
2016-09-21,0,-0.007135667618694663,0.061155665665864944,2,0.4590506851673126
2016-09-27,0,-0.006494328459004217,0.4296639561653137,2,0.4590506851673126
2016-09-30,0,-0.017383169607259497,0.200102761387825,2,0.4590506851673126
2016-10-05,0,-0.027315157227984166,0.49155429005622864,2,0.4590506851673126
2016-10-10,0,-0.013924762138538882,0.20898395776748657,2,0.4590506851673126
2016-10-12,0,0.012493135193221372,0.6192110776901245,2,0.4590506851673126
2016-10-13,0,0.018356362494753586,0.7415553331375122,2,0.4590506851673126
2016-10-14,1,0.015484047832125425,0.6428021788597107,2,0.4590506851673126
2016-10-17,1,0.019822787771815564,0.39709439873695374,2,0.4590506851673126
2016-10-18,1,0.021383753228074953,0.3475320637226105,2,0.4590506851673126
2016-10-19,1,0.016753693891686128,0.24754339456558228,2,0.4590506851673126
2016-10-20,1,0.02389191836927873,0.1093469113111496,2,0.4590506851673126
2016-10-21,0,0.0211232991658179,0.13614961504936218,2,0.4590506851673126
2016-10-24,0,0.02447773895200256,0.11925189942121506,2,0.4590506851673126
2016-10-26,0,0.03256312340078149,0.24189656972885132,2,0.4590506851673126
2016-10-27,0,0.03917098410938591,0.581741213798523,2,0.4590506851673126
2016-10-28,0,0.03735783900188361,0.5264776349067688,2,0.4590506851673126
2016-10-31,0,0.03933195135533607,0.5050023198127747,2,0.4590506851673126
2016-11-01,1,0.04440537588551474,0.5451488494873047,2,0.4590506851673126
2016-11-02,1,0.04686736128183422,0.5945789813995361,2,0.4590506851673126
2016-11-03,1,0.052208073880110284,0.590894341468811,2,0.4590506851673126
2016-11-04,1,0.059697487264971816,0.6055713295936584,2,0.4590506851673126
2016-11-07,1,0.04011252032346313,0.4543897807598114,2,0.4590506851673126
2017-01-03,0,0.010566400076527094,0.5528406500816345,2,0.4590506851673126
2017-03-22,0,0.004524530464373733,0.6803714632987976,2,0.4590506851673126
2017-03-23,0,0.0023929852604198665,0.5212095975875854,2,0.4590506851673126
2017-03-24,1,0.014153572717763963,0.3679986894130707,2,0.4590506851673126
2017-03-27,1,0.021102535832414615,0.4301626682281494,2,0.4590506851673126
2017-03-28,1,0.013088520281688831,0.17769117653369904,2,0.4590506851673126
2017-04-06,0,0.018093628190350097,0.3617993891239166,2,0.4590506851673126
2017-04-10,1,0.017421614019032194,0.1534319818019867,2,0.4590506851673126
2017-04-12,1,0.02286015562696453,0.6789578795433044,2,0.4590506851673126
2017-04-13,1,0.02782693743512543,0.6982283592224121,2,0.4590506851673126
2017-04-17,0,0.024427707810041888,0.6248968243598938,2,0.4590506851673126
2017-04-18,0,0.026553278134197722,0.4578137695789337,2,0.4590506851673126
2017-04-19,0,0.01019574145848745,0.24150347709655762,2,0.4590506851673126
2017-04-20,0,0.006076301300464548,0.10285311937332153,2,0.4590506851673126
2017-04-24,0,0.009908489073689797,0.13139398396015167,2,0.4590506851673126
2017-05-18,1,0.029789542313209072,0.8054378032684326,2,0.4590506851673126
2017-05-19,1,0.031652929044696965,0.6917979717254639,2,0.4590506851673126
2017-06-28,0,0.015236683521327343,0.6205188632011414,2,0.4590506851673126
2017-06-30,0,0.02055421082618425,0.5977306365966797,2,0.4590506851673126
2017-07-03,1,0.021097404859953928,0.5999333262443542,2,0.4590506851673126
2017-07-07,1,0.021890874769168622,0.5163793563842773,2,0.4590506851673126
2017-07-12,0,0.013278046154495904,0.07923828810453415,2,0.4590506851673126
2017-08-11,0,0.02085028035903158,0.8487403988838196,2,0.4590506851673126
2017-08-14,0,0.014237018883921815,0.6443161964416504,2,0.4590506851673126
2017-08-18,1,0.03398842246438605,0.7475495934486389,2,0.4590506851673126
2017-08-21,1,0.034213720268564174,0.7922806143760681,2,0.4590506851673126
2017-08-22,0,0.023879410888456354,0.5282968878746033,2,0.4590506851673126
2017-08-24,0,0.02741043999320203,0.24348175525665283,2,0.4590506851673126
2017-08-25,0,0.022920176799419156,0.4418066740036011,2,0.4590506851673126
2017-08-28,0,0.023494380667428594,0.3746162950992584,2,0.4590506851673126
2017-08-29,0,0.02630566237502996,0.40313953161239624,2,0.4590506851673126
2017-08-30,0,0.0226918822479929,0.12819509208202362,2,0.4590506851673126
2017-11-16,1,0.035775676568613024,0.39070701599121094,2,0.4590506851673126
2018-02-05,1,0.03391055286859013,0.6001203656196594,2,0.4590506851673126
2018-02-06,1,0.01356226499855051,0.6438582539558411,2,0.4590506851673126
2018-02-07,1,0.024022200212425737,0.7027301788330078,2,0.4590506851673126
2018-02-08,1,0.08244365417823563,0.5838674306869507,2,0.4590506851673126
2018-02-09,1,0.0650865640095113,0.5761143565177917,2,0.4590506851673126
2018-02-12,0,0.04288819192252635,0.5027402639389038,2,0.4590506851673126
2018-02-13,0,0.03496212199919291,0.4643191993236542,2,0.4590506851673126
2018-02-14,0,0.020067918376483584,0.16579082608222961,2,0.4590506851673126
2018-02-15,0,0.00830768176960972,0.1459977924823761,2,0.4590506851673126
2018-02-21,0,0.005417983805905191,0.41028892993927,2,0.4590506851673126
2018-02-22,0,-0.02098342114001639,0.47810715436935425,2,0.4590506851673126
2018-02-23,0,-0.056883500299995116,0.10860200971364975,2,0.4590506851673126
2018-03-01,1,-0.013059461287239671,0.4116334021091461,2,0.4590506851673126
2018-03-02,1,-0.039314818912938754,0.466775119304657,2,0.4590506851673126
2018-03-05,0,-0.03811901315360544,0.21841152012348175,2,0.4590506851673126
2018-03-20,0,-0.002067168207650738,0.6105108261108398,2,0.4590506851673126
2018-03-21,0,-0.005694715397061345,0.6437746286392212,2,0.4590506851673126
2018-03-22,0,0.011150273619237039,0.5335420966148376,2,0.4590506851673126
2018-03-23,0,0.03301701514263233,0.48563048243522644,2,0.4590506851673126
2018-03-26,0,-0.008034146510286999,0.6254703998565674,2,0.4590506851673126
2018-03-27,0,0.011626932158891101,0.5640025734901428,2,0.4590506851673126
2018-03-28,0,0.024939276498872065,0.23763985931873322,2,0.4590506851673126
2018-03-29,0,0.012958597694489482,0.2728486657142639,2,0.4590506851673126
2018-04-02,1,0.02734299883302893,0.33742663264274597,2,0.4590506851673126
2018-04-03,1,0.01614458703147359,0.21475987136363983,2,0.4590506851673126
2018-04-04,1,-0.001365629744415564,0.1633603721857071,2,0.4590506851673126
2018-04-05,1,-0.01136860182561572,0.07684769481420517,2,0.4590506851673126
2018-04-09,0,0.02268203405515412,0.34089395403862,2,0.4590506851673126
2018-04-10,0,0.006675491237258857,0.4460458755493164,2,0.4590506851673126
2018-04-12,0,0.022900810070555222,0.12995631992816925,2,0.4590506851673126
2018-04-25,0,0.03690771344616195,0.4991537928581238,2,0.4590506851673126
2018-04-26,0,0.02437021113114035,0.5283362865447998,2,0.4590506851673126
2018-05-01,1,0.028794422450165946,0.5124825835227966,2,0.4590506851673126
2018-05-02,1,0.029407143148895365,0.5897950530052185,2,0.4590506851673126
2018-05-03,1,0.041809117147161734,0.622158408164978,2,0.4590506851673126
2018-05-04,1,0.033381346631806696,0.24005970358848572,2,0.4590506851673126
2018-05-30,1,-0.007521822225699415,0.5158699154853821,2,0.4590506851673126
2018-06-22,0,0.019873347337824976,0.6302534341812134,2,0.4590506851673126
2018-06-26,1,0.0456924070130269,0.724843442440033,2,0.4590506851673126
2018-06-27,1,0.051939816236691305,0.5592705607414246,2,0.4590506851673126
2018-06-28,1,0.03887204849321413,0.7961711883544922,2,0.4590506851673126
2018-06-29,1,0.03195932554587966,0.7084948420524597,2,0.4590506851673126
2018-07-02,0,0.034834331340361846,0.2556019127368927,2,0.4590506851673126
2018-07-03,0,0.036766635483071575,0.29239511489868164,2,0.4590506851673126
2018-07-05,0,0.033979048740607753,0.044068481773138046,2,0.4590506851673126
2018-08-14,1,0.018386694925342395,0.6010621190071106,2,0.4590506851673126
2018-08-16,1,0.02400859974770575,0.2850046753883362,2,0.4590506851673126
2018-10-05,0,-0.05534727987282395,0.6486796736717224,2,0.4590506851673126
2018-10-08,1,-0.05013540386510362,0.7631018757820129,2,0.4590506851673126
2018-10-09,1,-0.0427276731225974,0.4761495292186737,2,0.4590506851673126
2018-10-10,1,0.00973780204037733,0.6555160880088806,2,0.4590506851673126
2018-10-11,1,0.03060561131135242,0.6790412068367004,2,0.4590506851673126
2018-10-12,1,0.006559088121496304,0.666219174861908,2,0.4590506851673126
2018-10-15,0,-0.006668793728007771,0.6752828359603882,2,0.4590506851673126
2018-10-16,0,-0.029743111928229538,0.519494891166687,2,0.4590506851673126
2018-10-17,0,-0.036548599654385505,0.5152184963226318,2,0.4590506851673126
2018-10-18,0,-0.012228692755165249,0.17008230090141296,2,0.4590506851673126
2018-10-19,0,-0.009122248463705684,0.20168225467205048,2,0.4590506851673126
2018-10-22,0,-0.021490068499538606,0.5596329569816589,2,0.4590506851673126
2018-10-23,0,-0.03468478989807733,0.48264509439468384,2,0.4590506851673126
2018-10-24,0,-0.001130772073479891,0.48343363404273987,2,0.4590506851673126
2018-10-25,0,-0.025288622565516783,0.5591974854469299,2,0.4590506851673126
2018-10-26,1,0.00817847255473314,0.46290168166160583,2,0.4590506851673126
2018-10-29,1,0.017206417976284305,0.4514114558696747,2,0.4590506851673126
2018-10-30,1,0.0254322004262324,0.4020809233188629,2,0.4590506851673126
2018-10-31,1,0.01237847134944281,0.4751093089580536,2,0.4590506851673126
2018-11-01,1,0.007824163846708698,0.16749009490013123,2,0.4590506851673126
2018-11-02,0,0.027253721810316156,0.13847041130065918,2,0.4590506851673126
2018-11-05,0,-0.011485700185603687,0.06656511127948761,2,0.4590506851673126
2018-11-06,0,-0.019191851666526483,0.07607398927211761,2,0.4590506851673126
2018-11-13,0,-0.02458999542550988,0.6512895226478577,2,0.4590506851673126
2018-11-14,0,-0.03601020071441574,0.6178973913192749,2,0.4590506851673126
2018-11-15,0,-0.06468379191679308,0.42546191811561584,2,0.4590506851673126
2018-11-16,0,-0.06813289603260408,0.45047274231910706,2,0.4590506851673126
2018-11-19,0,-0.06629490116561865,0.5611544847488403,2,0.4590506851673126
2018-11-20,1,-0.06417523893114707,0.5635859966278076,2,0.4590506851673126
2018-11-21,1,-0.08646283901359775,0.5064765810966492,2,0.4590506851673126
2018-11-23,1,-0.10462139508184398,0.5637266635894775,2,0.4590506851673126
2018-11-26,1,-0.0743265799398487,0.4443831443786621,2,0.4590506851673126
2018-11-27,0,-0.07034769929441498,0.39445292949676514,2,0.4590506851673126
2018-11-28,0,-0.09244388570885875,0.09741779416799545,2,0.4590506851673126
2018-12-06,0,-0.05178804064824061,0.7097929120063782,2,0.4590506851673126
2018-12-07,0,-0.020110716539556317,0.4538039565086365,2,0.4590506851673126
2018-12-10,0,-0.01739543472409366,0.518081545829773,2,0.4590506851673126
2018-12-11,0,-0.014152961288040333,0.4498901665210724,2,0.4590506851673126
2018-12-12,0,-0.01871327469672146,0.29544001817703247,2,0.4590506851673126
2018-12-13,0,-0.02436930946489979,0.21287550032138824,2,0.4590506851673126
2018-12-14,0,0.005376247409343948,0.32142210006713867,2,0.4590506851673126
2018-12-17,0,0.02797653176358872,0.5785576701164246,2,0.4590506851673126
2018-12-18,0,0.036912056513008995,0.5104627013206482,2,0.4590506851673126
2018-12-19,0,0.0666879114802772,0.5348734855651855,2,0.4590506851673126
2018-12-20,0,0.06968880138668387,0.5267937779426575,2,0.4590506851673126
2018-12-21,1,0.09435000887924372,0.5980599522590637,2,0.4590506851673126
2018-12-24,1,0.12464796503189679,0.5407013893127441,2,0.4590506851673126
2018-12-26,1,0.0796164967693811,0.46124517917633057,2,0.4590506851673126
2018-12-27,1,0.06324823477907593,0.43463075160980225,2,0.4590506851673126
2018-12-28,0,0.06320918820545329,0.2155701220035553,2,0.4590506851673126
2018-12-31,0,0.07066310831463696,0.19526857137680054,2,0.4590506851673126
2019-01-02,0,0.07894311622566219,0.16164065897464752,2,0.4590506851673126
2019-01-03,0,0.10585128161358437,0.21621719002723694,2,0.4590506851673126
2019-01-04,0,0.07753874068192457,0.1832529455423355,2,0.4590506851673126
2019-01-07,0,0.07359050293886482,0.22834335267543793,2,0.4590506851673126
2019-03-08,1,0.05604135726392445,0.7417760491371155,2,0.4590506851673126
2019-03-11,1,0.04173968474811529,0.7437033653259277,2,0.4590506851673126
2019-05-08,0,-0.009494474205853476,0.8007730841636658,2,0.4590506851673126
2019-05-09,0,0.0034537726453152118,0.689738392829895,2,0.4590506851673126
2019-05-10,1,0.0030194124453504223,0.36291325092315674,2,0.4590506851673126
2019-05-13,1,0.028626752125987087,0.679397702217102,2,0.4590506851673126
2019-05-14,1,0.01760772688224832,0.5321986675262451,2,0.4590506851673126
2019-05-15,1,0.015856306814133525,0.48554328083992004,2,0.4590506851673126
2019-05-16,1,0.0054222399671146615,0.27396029233932495,2,0.4590506851673126
2019-05-17,0,0.01234983487212693,0.13764633238315582,2,0.4590506851673126
2019-05-20,0,0.029758596521530345,0.27736806869506836,2,0.4590506851673126
2019-05-21,0,0.02286088074244108,0.20724256336688995,2,0.4590506851673126
2019-05-22,0,0.03581558006687491,0.11158666759729385,2,0.4590506851673126
2019-05-23,0,0.047104029396056735,0.3044549226760864,2,0.4590506851673126
2019-05-24,0,0.04345473529131616,0.28591135144233704,2,0.4590506851673126
2019-05-28,0,0.042920959787089874,0.5883301496505737,2,0.4590506851673126
2019-05-29,0,0.04891919001316003,0.5213825702667236,2,0.4590506851673126
2019-05-30,0,0.04977197993693672,0.5415729880332947,2,0.4590506851673126
2019-05-31,1,0.06958665370874306,0.5496127009391785,2,0.4590506851673126
2019-06-03,1,0.08204824664757959,0.5132928490638733,2,0.4590506851673126
2019-06-04,1,0.061817983700710455,0.34388333559036255,2,0.4590506851673126
2019-06-05,1,0.061115704004539584,0.27196580171585083,2,0.4590506851673126
2019-08-01,0,-0.0076652707577916646,0.7393680214881897,2,0.4590506851673126
2019-08-02,1,-0.0005804266950538706,0.5713256001472473,2,0.4590506851673126
2019-08-05,1,0.024381469068868622,0.6252907514572144,2,0.4590506851673126
2019-08-06,1,0.021681476521070442,0.6058112978935242,2,0.4590506851673126
2019-08-07,1,0.03420504623670806,0.602132260799408,2,0.4590506851673126
2019-08-08,1,0.015087460997822655,0.15975773334503174,2,0.4590506851673126
2019-08-09,0,0.02256392995652101,0.2364153265953064,2,0.4590506851673126
2019-08-12,0,0.03492191253711363,0.30868789553642273,2,0.4590506851673126
2019-08-13,0,0.02632034704056685,0.22482554614543915,2,0.4590506851673126
2019-08-14,0,0.06125423183175638,0.37640219926834106,2,0.4590506851673126
2019-08-15,0,0.05775498514064026,0.33695104718208313,2,0.4590506851673126
2019-08-16,0,0.03915484519459067,0.21394260227680206,2,0.4590506851673126
2019-08-19,0,0.029384722682142206,0.15374620258808136,2,0.4590506851673126
2019-08-21,0,0.02950915694017353,0.10377848893404007,2,0.4590506851673126
2019-08-26,0,0.032070086837487466,0.5004928112030029,2,0.4590506851673126
2019-08-27,0,0.04226511922628928,0.5097557306289673,2,0.4590506851673126
2019-08-28,0,0.032820834178164615,0.271925151348114,2,0.4590506851673126
2019-08-29,0,0.01430100465039974,0.15372037887573242,2,0.4590506851673126
2019-09-04,0,-0.015813431669164935,0.11967665702104568,2,0.4590506851673126
2019-09-25,0,0.007593355793897416,0.745833158493042,2,0.4590506851673126
2019-09-30,1,0.022003326925342126,0.3891980051994324,2,0.4590506851673126
2019-10-02,1,0.05582202116546475,0.5474573373794556,2,0.4590506851673126
2019-10-03,1,0.04445239417281299,0.5301246643066406,2,0.4590506851673126
2019-10-04,1,0.04005416496929648,0.6494168043136597,2,0.4590506851673126
2019-10-07,0,0.04875790932443613,0.2872450351715088,2,0.4590506851673126
2019-10-08,0,0.06411812061879862,0.5012558698654175,2,0.4590506851673126
2019-10-09,0,0.0543485819221321,0.41577792167663574,2,0.4590506851673126
2019-10-10,0,0.05094832025215723,0.4714612364768982,2,0.4590506851673126
2019-10-11,0,0.04273005207359226,0.23749388754367828,2,0.4590506851673126
2019-12-04,1,0.04024659244840323,0.9100234508514404,2,0.4590506851673126
2020-01-28,1,-0.0470799797782987,0.7779541611671448,2,0.4590506851673126
2020-02-03,1,-0.07367614048545035,0.6070345640182495,2,0.4590506851673126
2020-02-04,0,-0.04923150178789726,0.7774530053138733,2,0.4590506851673126
2020-02-25,0,-0.21772019046440094,0.5738425254821777,2,0.4590506851673126
2020-02-26,0,-0.2030780011801262,0.49866077303886414,2,0.4590506851673126
2020-02-27,0,-0.11688374604880114,0.6003730297088623,2,0.4590506851673126
2020-02-28,0,-0.13957289794021666,0.5195776224136353,2,0.4590506851673126
2020-03-02,0,-0.1485050267517537,0.6212479472160339,2,0.4590506851673126
2020-03-03,0,-0.1364722221912471,0.524791955947876,2,0.4590506851673126
2020-03-04,0,-0.20859980765586172,0.4686961770057678,2,0.4590506851673126
2020-03-05,0,-0.16249793144289804,0.3979490399360657,2,0.4590506851673126
2020-03-06,0,-0.16072949840372275,0.38129210472106934,2,0.4590506851673126
2020-03-09,0,-0.02848916814239255,0.5883638262748718,2,0.4590506851673126
2020-03-10,0,-0.07534491536697296,0.5290005803108215,2,0.4590506851673126
2020-03-11,0,0.004670480279031608,0.5802470445632935,2,0.4590506851673126
2020-03-12,0,0.12787012642303242,0.5861626863479614,2,0.4590506851673126
2020-03-13,0,0.029559378695194205,0.5193048715591431,2,0.4590506851673126
2020-03-16,0,0.1901550544172177,0.4761156737804413,2,0.4590506851673126
2020-03-17,0,0.1051951518511387,0.47397053241729736,2,0.4590506851673126
2020-03-18,0,0.1697554551142959,0.4765668511390686,2,0.4590506851673126
2020-03-19,0,0.19880902814463797,0.43536320328712463,2,0.4590506851673126
2020-03-20,1,0.23072534273941137,0.38932839035987854,2,0.4590506851673126
2020-03-23,1,0.22466880972295145,0.48713603615760803,2,0.4590506851673126
2020-03-24,1,0.14785165753250906,0.5133508443832397,2,0.4590506851673126
2020-03-25,1,0.13083983646394404,0.5060060620307922,2,0.4590506851673126
2020-03-26,1,0.08334635753239072,0.24756279587745667,2,0.4590506851673126
2020-03-27,0,0.13270456057804836,0.19203148782253265,2,0.4590506851673126
2020-03-30,0,0.09203137325340682,0.07496050000190735,2,0.4590506851673126
2020-03-31,0,0.1375747304158741,0.10141356289386749,2,0.4590506851673126
2020-04-01,0,0.1800936649239402,0.18207111954689026,2,0.4590506851673126
2020-04-02,0,0.12294006792045487,0.23992173373699188,2,0.4590506851673126
2020-04-03,0,0.14255227784530833,0.1789076179265976,2,0.4590506851673126
2020-04-06,0,0.08053305713384673,0.07731134444475174,2,0.4590506851673126
2020-05-14,1,0.06751606714768355,0.26605379581451416,2,0.4590506851673126
2020-06-12,1,0.03949712569636521,0.7485326528549194,2,0.4590506851673126
2020-06-15,0,0.043229007115585416,0.5283571481704712,2,0.4590506851673126
2020-06-25,1,0.04402145135756208,0.17285189032554626,2,0.4590506851673126
2020-06-29,1,0.05488388515666087,0.3923633098602295,2,0.4590506851673126
2020-06-30,0,0.05435245649005038,0.2647000849246979,2,0.4590506851673126
2020-09-09,1,0.006869144905857327,0.6735733151435852,2,0.4590506851673126
2020-09-10,1,0.03374178054612709,0.5714107155799866,2,0.4590506851673126
2020-09-11,1,0.042442703020514116,0.287444531917572,2,0.4590506851673126
2020-09-14,0,0.04544328589566948,0.22286655008792877,2,0.4590506851673126
2020-09-15,0,0.03339942103124072,0.24418482184410095,2,0.4590506851673126
2020-09-17,0,0.03886069745456133,0.21075686812400818,2,0.4590506851673126
2020-09-18,0,0.050324881451111914,0.6288344860076904,2,0.4590506851673126
2020-09-21,1,0.04599794090899412,0.49410057067871094,2,0.4590506851673126
2020-09-22,1,0.03960078743304818,0.5928306579589844,2,0.4590506851673126
2020-09-23,1,0.06226755407579021,0.5147426128387451,2,0.4590506851673126
2020-09-24,1,0.06525530599376816,0.5031522512435913,2,0.4590506851673126
2020-09-25,1,0.05186635855631261,0.33038991689682007,2,0.4590506851673126
2020-09-28,0,0.015560108396416084,0.26414692401885986,2,0.4590506851673126
2020-09-30,0,-0.024575437532752153,0.0599985271692276,2,0.4590506851673126
2020-10-05,0,-0.02813738699158419,0.07778744399547577,2,0.4590506851673126
2020-10-27,1,0.07391660671507294,0.6450247168540955,2,0.4590506851673126
2020-10-28,1,0.11020620556698457,0.4725591838359833,2,0.4590506851673126
2020-10-29,1,0.10209705279526182,0.6590447425842285,2,0.4590506851673126
2020-10-30,1,0.10877702489891128,0.49297815561294556,2,0.4590506851673126
2020-11-02,1,0.10847974225153245,0.3951602578163147,2,0.4590506851673126
2020-11-03,0,0.09153909984354858,0.2524048984050751,2,0.4590506851673126
2020-11-04,0,0.06738645497484796,0.18604210019111633,2,0.4590506851673126
2021-01-28,1,0.007229104617838322,0.812147855758667,2,0.4590506851673126
2021-02-01,1,0.027403384802327624,0.6053885817527771,2,0.4590506851673126
2021-02-02,0,-0.0003405915629250966,0.6196534037590027,2,0.4590506851673126
2021-02-26,0,0.04447652100729238,0.5189719200134277,2,0.4590506851673126
2021-03-01,1,0.019242017088736185,0.871746301651001,2,0.4590506851673126
2021-03-04,1,0.06695511849604863,0.5944956541061401,2,0.4590506851673126
2021-03-05,1,0.06271894406186429,0.6993198990821838,3,0.46555018424987793
2021-03-08,0,0.06740615194002975,0.3554133474826813,3,0.46555018424987793
2021-03-09,0,0.05359827595617794,0.05946000665426254,3,0.46555018424987793
2021-03-25,1,0.06938635899195589,0.23711256682872772,3,0.46555018424987793
2021-05-13,1,0.034196293718778525,0.5311954021453857,3,0.46555018424987793
2021-05-14,1,0.020836280603675483,0.8021004796028137,3,0.46555018424987793
2021-05-19,0,0.027040833656116314,0.45375701785087585,3,0.46555018424987793
2021-05-20,0,0.0024020102103969876,0.3671674132347107,3,0.46555018424987793
2021-06-21,1,0.024235933044979285,0.5544388890266418,3,0.46555018424987793
2021-07-20,1,0.03011203235236115,0.7349356412887573,3,0.46555018424987793
2021-08-19,1,0.006716208119830869,0.8071534037590027,3,0.46555018424987793
2021-08-20,1,-0.0178849629122394,0.7927155494689941,3,0.46555018424987793
2021-09-13,0,-0.02350626418901891,0.8159113526344299,3,0.46555018424987793
2021-09-14,0,-0.020624357363399737,0.572615385055542,3,0.46555018424987793
2021-09-15,0,-0.025242766860193888,0.46701982617378235,3,0.46555018424987793
2021-09-20,0,0.03029690856411249,0.658189594745636,3,0.46555018424987793
2021-09-21,0,0.0392269966030645,0.6788597702980042,3,0.46555018424987793
2021-09-22,0,0.033229907920633295,0.5924299359321594,3,0.46555018424987793
2021-09-23,0,0.023489191818191424,0.6158058047294617,3,0.46555018424987793
2021-09-29,0,0.04486119169903402,0.6385811567306519,3,0.46555018424987793
2021-09-30,0,0.06799637070751707,0.5377836227416992,3,0.46555018424987793
2021-10-01,1,0.05759498220270087,0.4890693128108978,3,0.46555018424987793
2021-10-04,1,0.0732549835511016,0.5193360447883606,3,0.46555018424987793
2021-10-05,1,0.06649719195885173,0.3754964768886566,3,0.46555018424987793
2021-10-06,1,0.06856752793089127,0.22919096052646637,3,0.46555018424987793
2021-10-07,1,0.06440085387199179,0.09250075370073318,3,0.46555018424987793
2021-10-12,0,0.07785614846610445,0.46811971068382263,3,0.46555018424987793
2021-10-13,0,0.0653523215864884,0.25419965386390686,3,0.46555018424987793
2021-10-14,0,0.04806760573822899,0.13010190427303314,3,0.46555018424987793
2021-11-29,1,0.03001615548043901,0.8983208537101746,3,0.46555018424987793
2021-12-01,1,0.060672327398131554,0.7296993732452393,3,0.46555018424987793
2021-12-02,1,0.042039102547590135,0.6175934076309204,3,0.46555018424987793
2021-12-03,1,0.05727209688950907,0.41833704710006714,3,0.46555018424987793
2021-12-06,0,0.04454696749248299,0.49245843291282654,3,0.46555018424987793
2021-12-07,0,0.003727546450108088,0.5407935380935669,3,0.46555018424987793
2021-12-15,0,-0.009430477401276116,0.7486206889152527,3,0.46555018424987793
2021-12-20,1,-0.007099321640495093,0.5244364142417908,3,0.46555018424987793
2021-12-21,1,-0.03522204327186751,0.5393245220184326,3,0.46555018424987793
2022-01-06,0,-0.04111642571434371,0.6379024982452393,3,0.46555018424987793
2022-01-07,0,-0.04039990525036563,0.5386916995048523,3,0.46555018424987793
2022-01-10,0,-0.03129922444843525,0.4779801070690155,3,0.46555018424987793
2022-01-11,0,-0.025992808847012716,0.34016478061676025,3,0.46555018424987793
2022-01-14,0,-0.055302167471381614,0.4831507205963135,3,0.46555018424987793
2022-01-18,0,-0.02276070677797226,0.670475423336029,3,0.46555018424987793
2022-01-19,0,-0.011400040966743297,0.6421789526939392,3,0.46555018424987793
2022-01-20,0,-0.021689949059888414,0.578906774520874,3,0.46555018424987793
2022-01-21,0,-0.008561803988251349,0.5936089754104614,3,0.46555018424987793
2022-01-24,1,-0.023349326554759853,0.5315463542938232,3,0.46555018424987793
2022-01-25,1,-0.028816935716554637,0.5080259442329407,3,0.46555018424987793
2022-01-26,1,-0.011721758768231005,0.47134605050086975,3,0.46555018424987793
2022-01-27,1,0.01509588441884202,0.4400606155395508,3,0.46555018424987793
2022-01-28,1,-0.01203752853230966,0.5194092988967896,3,0.46555018424987793
2022-01-31,0,-0.04429763655249763,0.4971765875816345,3,0.46555018424987793
2022-02-01,0,-0.03324873837947173,0.13825470209121704,3,0.46555018424987793
2022-02-04,0,-0.06523291977770673,0.2543807923793793,3,0.46555018424987793
2022-02-07,0,-0.06933309412508559,0.47311440110206604,3,0.46555018424987793
2022-02-08,0,-0.052179834023308724,0.22333572804927826,3,0.46555018424987793
2022-02-09,0,-0.07007023306130788,0.13404399156570435,3,0.46555018424987793
2022-02-11,0,-0.05326259841476022,0.5493568778038025,3,0.46555018424987793
2022-02-14,0,-0.029269765192197705,0.5896633267402649,3,0.46555018424987793
2022-02-15,0,-0.023492724717072977,0.5524570941925049,3,0.46555018424987793
2022-02-16,0,-0.012382288590064516,0.3928067088127136,3,0.46555018424987793
2022-02-17,0,0.0202278929122377,0.5048074722290039,3,0.46555018424987793
2022-02-18,0,0.0265770683369142,0.6015494465827942,3,0.46555018424987793
2022-02-22,1,0.0498560234506078,0.5605939030647278,3,0.46555018424987793
2022-02-23,1,0.0550511450220319,0.6079772114753723,3,0.46555018424987793
2022-02-24,1,0.05507686953223989,0.5058373808860779,3,0.46555018424987793
2022-02-25,1,0.03734165693405722,0.5134031176567078,3,0.46555018424987793
2022-02-28,0,0.04740022669412025,0.2251054048538208,3,0.46555018424987793
2022-03-01,0,0.07675639778709797,0.19012534618377686,3,0.46555018424987793
2022-03-02,0,0.050777714103675375,0.1943681836128235,3,0.46555018424987793
2022-03-03,0,0.03978121796566225,0.13275690376758575,3,0.46555018424987793
2022-03-04,0,0.05126937767131201,0.10214032232761383,3,0.46555018424987793
2022-03-07,1,0.09248052100699966,0.3795952796936035,3,0.46555018424987793
2022-03-08,1,0.08692146495849484,0.5799930095672607,3,0.46555018424987793
2022-03-09,1,0.047956654164188706,0.5416425466537476,3,0.46555018424987793
2022-03-10,1,0.05801462615608477,0.4749852418899536,3,0.46555018424987793
2022-03-11,1,0.06877553157089644,0.23863141238689423,3,0.46555018424987793
2022-03-14,0,0.05824137729613987,0.26510822772979736,3,0.46555018424987793
2022-03-15,0,0.031634543501683154,0.1901181936264038,3,0.46555018424987793
2022-03-16,0,0.020814679418213577,0.18707947432994843,3,0.46555018424987793
2022-04-07,0,-0.08340567035816049,0.5422168970108032,3,0.46555018424987793
2022-04-12,0,-0.10390380775715558,0.5350558757781982,3,0.46555018424987793
2022-04-13,0,-0.11497604082326585,0.5174504518508911,3,0.46555018424987793
2022-04-14,0,-0.08239099431383867,0.497405469417572,3,0.46555018424987793
2022-04-18,0,-0.0864898900413541,0.4567388892173767,3,0.46555018424987793
2022-04-19,0,-0.08250968205881426,0.3664715886116028,3,0.46555018424987793
2022-04-22,0,-0.08546132212629964,0.5637452602386475,3,0.46555018424987793
2022-04-25,0,-0.07372049339909625,0.5340135097503662,3,0.46555018424987793
2022-04-26,0,-0.05337644964882837,0.5380346775054932,3,0.46555018424987793
2022-04-27,0,-0.04769097847775117,0.6075111031532288,3,0.46555018424987793
2022-04-28,0,-0.05259336791867664,0.5541915893554688,3,0.46555018424987793
2022-04-29,0,0.007912959874232905,0.5823420882225037,3,0.46555018424987793
2022-05-02,0,-0.0037396940766581954,0.5211451053619385,3,0.46555018424987793
2022-05-03,0,-0.016307304566039016,0.5475375652313232,3,0.46555018424987793
2022-05-04,0,-0.027199019735657193,0.3135013282299042,3,0.46555018424987793
2022-05-06,0,0.0010939447559865645,0.5751548409461975,3,0.46555018424987793
2022-05-09,0,0.04412681246244787,0.5461649894714355,3,0.46555018424987793
2022-05-10,0,0.03039435442793681,0.5951988101005554,3,0.46555018424987793
2022-05-11,0,0.02212605321093375,0.4764157235622406,3,0.46555018424987793
2022-05-12,0,-0.006473921976532293,0.446675181388855,3,0.46555018424987793
2022-05-13,0,-0.06651395548651551,0.46297261118888855,3,0.46555018424987793
2022-05-16,1,-0.06553497919938167,0.37179574370384216,3,0.46555018424987793
2022-05-17,1,-0.07131638139137475,0.1710023134946823,3,0.46555018424987793
2022-05-18,1,-0.06433418095687116,0.38247212767601013,3,0.46555018424987793
2022-05-19,1,-0.05653877756099157,0.4337215721607208,3,0.46555018424987793
2022-05-20,1,-0.03321057952648421,0.4264006018638611,3,0.46555018424987793
2022-05-23,0,-0.05268773960108586,0.4411573112010956,3,0.46555018424987793
2022-05-24,0,-0.036042622983116335,0.31192564964294434,3,0.46555018424987793
2022-05-25,0,-0.014105208992247875,0.15722186863422394,3,0.46555018424987793
2022-05-26,0,-0.037111111962037646,0.09115026146173477,3,0.46555018424987793
2022-05-27,0,-0.07938603560358148,0.08529036492109299,3,0.46555018424987793
2022-06-10,0,-0.018791580555697296,0.5133411884307861,3,0.46555018424987793
2022-06-13,1,0.014576820319895045,0.5463899970054626,3,0.46555018424987793
2022-06-14,1,0.015172031240716644,0.5514671206474304,3,0.46555018424987793
2022-06-15,1,0.02002544375216897,0.6365569233894348,3,0.46555018424987793
2022-06-16,1,0.046229330552773895,0.5008203387260437,3,0.46555018424987793
2022-06-17,1,0.07218598588840619,0.34490394592285156,3,0.46555018424987793
2022-06-21,0,0.05252362061237381,0.500960648059845,3,0.46555018424987793
2022-06-22,0,0.06517262536132473,0.3972759246826172,3,0.46555018424987793
2022-06-23,0,0.045045581300924065,0.30338340997695923,3,0.46555018424987793
2022-06-24,0,0.014074105619837463,0.10904750227928162,3,0.46555018424987793
2022-06-29,0,0.06765006201593571,0.328374981880188,3,0.46555018424987793
2022-06-30,0,0.09208750358425388,0.38839831948280334,3,0.46555018424987793
2022-07-01,0,0.07745779040042367,0.2666172385215759,3,0.46555018424987793
2022-07-05,0,0.06833176292514498,0.2604573369026184,3,0.46555018424987793
2022-07-06,0,0.08140906189357455,0.09815247356891632,3,0.46555018424987793
2022-07-07,0,0.06473169929504308,0.07716961950063705,3,0.46555018424987793
2022-07-12,1,0.08014070361954251,0.19664818048477173,3,0.46555018424987793
2022-07-13,1,0.10865059431061197,0.39613765478134155,3,0.46555018424987793
2022-07-14,1,0.1113493032836359,0.49959978461265564,3,0.46555018424987793
2022-07-15,1,0.10897620392077534,0.31879356503486633,3,0.46555018424987793
2022-07-19,0,0.09541906733346117,0.09416157007217407,3,0.46555018424987793
2022-08-23,0,-0.0810229931983305,0.681939959526062,3,0.46555018424987793
2022-08-24,0,-0.0916497537819152,0.6743617653846741,3,0.46555018424987793
2022-08-25,0,-0.11930225642383407,0.650022029876709,3,0.46555018424987793
2022-08-29,0,-0.0937767241186993,0.6494283676147461,3,0.46555018424987793
2022-08-30,0,-0.06568867068688922,0.6004980206489563,3,0.46555018424987793
2022-08-31,0,-0.0781916492197503,0.5900642275810242,3,0.46555018424987793
2022-09-01,0,-0.09528480791893756,0.5095629096031189,3,0.46555018424987793
2022-09-02,0,-0.061503275323326,0.48619160056114197,3,0.46555018424987793
2022-09-06,0,-0.0287578369328072,0.437808096408844,3,0.46555018424987793
2022-09-07,0,-0.04811944113802891,0.5268734097480774,3,0.46555018424987793
2022-09-08,0,-0.06405669884619902,0.5125362873077393,3,0.46555018424987793
2022-09-09,0,-0.10408212469540745,0.14070838689804077,3,0.46555018424987793
2022-09-14,0,-0.09268942594070984,0.4497896134853363,3,0.46555018424987793
2022-09-15,0,-0.05805063345458872,0.5139790773391724,3,0.46555018424987793
2022-09-16,0,-0.07243999203009399,0.555236279964447,3,0.46555018424987793
2022-09-19,0,-0.05592577030211354,0.43697822093963623,3,0.46555018424987793
2022-09-20,0,-0.033742282892344044,0.4629218578338623,3,0.46555018424987793
2022-09-21,0,-0.023556589559830532,0.4803270399570465,3,0.46555018424987793
2022-09-22,0,-0.023542280659456294,0.4399922490119934,3,0.46555018424987793
2022-09-23,0,0.017230396868316067,0.4885208308696747,3,0.46555018424987793
2022-09-26,0,0.03996596162330568,0.49890804290771484,3,0.46555018424987793
2022-09-27,1,0.059276939449133925,0.4775604009628296,3,0.46555018424987793
2022-09-28,1,0.031009479887709857,0.44532933831214905,3,0.46555018424987793
2022-09-29,1,0.04738286012043069,0.39878490567207336,3,0.46555018424987793
2022-09-30,1,0.08914262108427828,0.44243189692497253,3,0.46555018424987793
2022-10-03,1,0.053462843015818384,0.44532933831214905,3,0.46555018424987793
2022-10-04,0,0.017329415055048036,0.45496246218681335,3,0.46555018424987793
2022-10-05,0,-0.005887052395939674,0.2257722169160843,3,0.46555018424987793
2022-10-06,0,-0.005868086400555361,0.09288663417100906,3,0.46555018424987793
2022-10-07,0,0.03737699360374691,0.3485242426395416,3,0.46555018424987793
2022-10-10,1,0.05535811454072492,0.3165018856525421,3,0.46555018424987793
2022-10-11,1,0.06781476158398836,0.4676453769207001,3,0.46555018424987793
2022-10-12,1,0.049276326177824625,0.4459080100059509,3,0.46555018424987793
2022-10-13,1,0.07847652769903846,0.36638548970222473,3,0.46555018424987793
2022-10-14,1,0.11430799431385408,0.44863903522491455,3,0.46555018424987793
2022-10-17,0,0.07714944711695626,0.20242109894752502,3,0.46555018424987793
2022-10-18,0,0.07372058781985147,0.20664654672145844,3,0.46555018424987793
2022-10-20,0,0.07889773066583117,0.331662654876709,3,0.46555018424987793
2022-10-21,0,0.05808355749754113,0.28809216618537903,3,0.46555018424987793
2022-11-03,1,0.09676283075299996,0.3829715847969055,3,0.46555018424987793
2022-11-04,1,0.06175097344220504,0.4618169367313385,3,0.46555018424987793
2022-11-07,0,0.0365308193873759,0.3539162278175354,3,0.46555018424987793
2022-11-10,0,-0.0035721390860480318,0.09806230664253235,3,0.46555018424987793
2022-12-07,0,-0.00838833129782146,0.7162283658981323,3,0.46555018424987793
2022-12-08,0,-0.016654023377744687,0.8328530192375183,3,0.46555018424987793
2022-12-12,0,-0.004045132078589364,0.24405768513679504,3,0.46555018424987793
2022-12-16,0,0.021446856971933492,0.4849209785461426,3,0.46555018424987793
2022-12-19,0,0.022683367607652327,0.6160598397254944,3,0.46555018424987793
2022-12-20,0,0.04031126626748871,0.6943315863609314,3,0.46555018424987793
2022-12-21,0,0.03728355174657194,0.38180866837501526,3,0.46555018424987793
2022-12-22,0,0.05116647456866397,0.36893370747566223,3,0.46555018424987793
2022-12-23,0,0.045546106768744155,0.20067007839679718,3,0.46555018424987793
2022-12-27,1,0.061221842737232635,0.16337911784648895,3,0.46555018424987793
2022-12-28,1,0.07704548535791766,0.38569143414497375,3,0.46555018424987793
2022-12-29,1,0.04472661634328934,0.16649843752384186,3,0.46555018424987793
2022-12-30,1,0.0628872246312211,0.22978726029396057,3,0.46555018424987793
2023-01-03,0,0.07872482775434442,0.11203264445066452,3,0.46555018424987793
2023-01-04,0,0.08604340680630407,0.08624023199081421,3,0.46555018424987793
2023-01-05,0,0.08690504713454161,0.19656303524971008,3,0.46555018424987793
2023-01-06,0,0.056045144288227045,0.13830305635929108,3,0.46555018424987793
2023-01-20,0,0.02874601553748901,0.5375894904136658,3,0.46555018424987793
2023-02-22,0,-0.012378886485618135,0.5281141400337219,3,0.46555018424987793
2023-02-23,0,-0.014948892633905198,0.5091509819030762,3,0.46555018424987793
2023-02-24,0,0.002221028576820938,0.3958944082260132,3,0.46555018424987793
2023-02-27,0,0.0006869007623395706,0.44576746225357056,3,0.46555018424987793
2023-02-28,0,0.002144540723882704,0.48433205485343933,3,0.46555018424987793
2023-03-01,0,0.020625745972335352,0.3711342513561249,3,0.46555018424987793
2023-03-02,0,0.0186789815406061,0.18350005149841309,3,0.46555018424987793
2023-03-03,0,0.01673097536949708,0.09508273005485535,3,0.46555018424987793
2023-03-08,0,0.025658501835418956,0.361615389585495,3,0.46555018424987793
2023-03-09,0,0.04901353056119806,0.6115590929985046,3,0.46555018424987793
2023-03-10,1,0.06546400159319532,0.6150550842285156,3,0.46555018424987793
2023-03-13,1,0.06727142773138417,0.5288172364234924,3,0.46555018424987793
2023-03-14,1,0.04563664469380524,0.5842745900154114,3,0.46555018424987793
2023-03-15,1,0.06619391157490773,0.5314408540725708,3,0.46555018424987793
2023-03-16,1,0.04525037925996678,0.12588471174240112,3,0.46555018424987793
2023-03-20,0,0.05198890327592376,0.13094455003738403,3,0.46555018424987793
2023-03-21,0,0.038179031154808474,0.1344522088766098,3,0.46555018424987793
2023-03-23,0,0.04840145205650059,0.33732011914253235,3,0.46555018424987793
2023-03-24,0,0.04265330232733766,0.3133692443370819,3,0.46555018424987793
2023-04-26,1,0.016643609841723306,0.614311695098877,3,0.46555018424987793
2023-04-27,1,0.005431637643298126,0.840507447719574,3,0.46555018424987793
2023-05-04,0,0.05625356250902036,0.5374269485473633,3,0.46555018424987793
2023-05-05,0,0.03506775292856057,0.3128849267959595,3,0.46555018424987793
2023-05-17,1,0.06591533964275076,0.4264819324016571,3,0.46555018424987793
2023-05-25,0,0.04435687439539149,0.7328925728797913,3,0.46555018424987793
2023-08-03,0,0.0033641815446963097,0.8481592535972595,3,0.46555018424987793
2023-08-04,0,0.00980277750325298,0.6586589217185974,3,0.46555018424987793
2023-08-07,0,-0.003261457111223831,0.524019181728363,3,0.46555018424987793
2023-08-09,0,-0.0020192264985280373,0.45781853795051575,3,0.46555018424987793
2023-08-10,0,-0.0008748452681810459,0.4018782079219818,3,0.46555018424987793
2023-08-11,0,0.006283013756838152,0.42134207487106323,3,0.46555018424987793
2023-08-14,1,-0.004731014142498879,0.353679895401001,3,0.46555018424987793
2023-08-15,1,0.008173550662417428,0.46207761764526367,3,0.46555018424987793
2023-08-16,1,0.024383667826970212,0.4992694854736328,3,0.46555018424987793
2023-08-17,1,0.01981241236983755,0.5512073636054993,3,0.46555018424987793
2023-08-18,1,0.019919352468465545,0.6028332710266113,3,0.46555018424987793
2023-08-21,0,0.011224879805274535,0.6134119629859924,3,0.46555018424987793
2023-08-22,0,0.004649647240467791,0.5211803317070007,3,0.46555018424987793
2023-08-23,0,-0.022839000856365144,0.2119620442390442,3,0.46555018424987793
2023-08-24,0,-0.01133401367819431,0.2506375312805176,3,0.46555018424987793
2023-08-25,0,-0.014126745584735034,0.1389225870370865,3,0.46555018424987793
2023-08-28,0,-0.034731516038752575,0.1711861491203308,3,0.46555018424987793
2023-08-29,0,-0.04810593189798085,0.1927536427974701,3,0.46555018424987793
2023-09-08,0,-0.032467154800113196,0.7091900110244751,3,0.46555018424987793
2023-09-11,0,-0.032635113753235134,0.20242729783058167,3,0.46555018424987793
2023-09-13,0,-0.01937467955691785,0.23128002882003784,3,0.46555018424987793
2023-09-18,0,-0.017108838227553158,0.2988763451576233,3,0.46555018424987793
2023-09-19,0,-0.015111460200750826,0.38484182953834534,3,0.46555018424987793
2023-09-20,0,-0.019218465017020958,0.5023425221443176,3,0.46555018424987793
2023-09-21,0,-0.011497732327247934,0.5531507730484009,3,0.46555018424987793
2023-09-22,0,-0.021444287519839622,0.6082302331924438,3,0.46555018424987793
2023-09-25,0,-0.027231046530403313,0.554279088973999,3,0.46555018424987793
2023-09-26,0,-0.005283400089535317,0.6547666788101196,3,0.46555018424987793
2023-09-27,0,-0.01995063887772197,0.6194998621940613,3,0.46555018424987793
2023-09-28,0,-0.037267621086233826,0.48766785860061646,3,0.46555018424987793
2023-09-29,0,-0.03930008827722076,0.5155918002128601,3,0.46555018424987793
2023-10-02,1,-0.02742742377456575,0.5684767365455627,3,0.46555018424987793
2023-10-03,1,-0.008040897962416915,0.4637579023838043,3,0.46555018424987793
2023-10-04,1,-0.004709502039919489,0.5588217377662659,3,0.46555018424987793
2023-10-05,1,0.01474670140747869,0.5970236659049988,3,0.46555018424987793
2023-10-06,1,0.011989570414144834,0.4946037530899048,3,0.46555018424987793
2023-10-09,0,0.007865164273009873,0.3054909408092499,3,0.46555018424987793
2023-10-10,0,0.005500200272754441,0.06391890347003937,3,0.46555018424987793
2023-10-16,0,0.009517547990418596,0.352618008852005,3,0.46555018424987793
2023-10-19,0,0.05581236216440799,0.6248297691345215,3,0.46555018424987793
2023-10-20,0,0.0702771533694293,0.405630886554718,3,0.46555018424987793
2023-10-23,0,0.0803882322531746,0.5565144419670105,3,0.46555018424987793
2023-10-24,1,0.06996678314683025,0.6492584943771362,3,0.46555018424987793
2023-10-25,1,0.08973779298022988,0.5071205496788025,3,0.46555018424987793
2023-10-26,1,0.10362372666184316,0.4340216815471649,3,0.46555018424987793
2023-10-27,1,0.10665246975463605,0.49605002999305725,3,0.46555018424987793
2023-10-30,1,0.09466058924534626,0.49967214465141296,3,0.46555018424987793
2023-10-31,0,0.08706338801518076,0.5506556034088135,3,0.46555018424987793
2023-11-01,0,0.07982766672325181,0.20244412124156952,3,0.46555018424987793
2023-11-02,0,0.06579068471596616,0.07310838252305984,3,0.46555018424987793
2024-01-05,1,0.05263699988605075,0.8964204788208008,3,0.46555018424987793
2024-01-08,0,0.04083434014809861,0.2749313712120056,3,0.46555018424987793
2024-04-05,0,-0.013772175339321624,0.9225793480873108,3,0.46555018424987793
2024-04-11,0,0.0041892629625894795,0.49595895409584045,3,0.46555018424987793
2024-04-15,0,0.03262942772520039,0.7368837594985962,3,0.46555018424987793
2024-04-16,1,0.03926288051071469,0.6922106146812439,3,0.46555018424987793
2024-04-17,1,0.058395921053817856,0.6343564391136169,3,0.46555018424987793
2024-04-18,1,0.05839617610913983,0.5678425431251526,3,0.46555018424987793
2024-04-19,1,0.0692504508454983,0.5224270224571228,3,0.46555018424987793
2024-04-22,1,0.06071408546864032,0.3881711959838867,3,0.46555018424987793
2024-04-23,0,0.0508452599192768,0.39086008071899414,3,0.46555018424987793
2024-04-24,0,0.04831729375481175,0.19473975896835327,3,0.46555018424987793
2024-04-25,0,0.04462871259086687,0.11490558832883835,3,0.46555018424987793
2024-04-26,0,0.041671707613957665,0.07532454282045364,3,0.46555018424987793
2024-05-01,0,0.04448867367938414,0.537826418876648,3,0.46555018424987793
2024-05-02,0,0.04423496645490621,0.39940011501312256,3,0.46555018424987793
2024-05-03,0,0.032290742031734876,0.5184268951416016,3,0.46555018424987793
2024-05-31,1,0.037410846821923194,0.5789626836776733,3,0.46555018424987793
2024-07-22,0,0.008942653401719625,0.708045244216919,3,0.46555018424987793
2024-07-25,0,0.033078891923092435,0.597123384475708,3,0.46555018424987793
2024-07-26,0,0.03249218281903721,0.6633484959602356,3,0.46555018424987793
2024-07-29,0,0.02942570663111499,0.4652995467185974,3,0.46555018424987793
2024-07-30,0,0.036088462087800144,0.28159594535827637,3,0.46555018424987793
2024-07-31,0,0.01359835685387023,0.2894321382045746,3,0.46555018424987793
2024-08-02,1,0.057759410377693055,0.6858759522438049,3,0.46555018424987793
2024-08-05,1,0.06706861231838324,0.5571274757385254,3,0.46555018424987793
2024-08-06,1,0.05515649540421874,0.5701041221618652,3,0.46555018424987793
2024-08-07,1,0.05967300899736627,0.5173080563545227,3,0.46555018424987793
2024-08-08,1,0.01829836184860434,0.5304409861564636,3,0.46555018424987793
2024-08-09,0,0.02517888626303555,0.38311871886253357,3,0.46555018424987793
2024-08-12,0,0.02910330973142128,0.1515047550201416,3,0.46555018424987793
2024-08-13,0,0.022839620089293744,0.1789909154176712,3,0.46555018424987793
2024-09-04,1,0.03567447677838542,0.6378016471862793,3,0.46555018424987793
2024-09-05,1,0.03630155634614196,0.5609467029571533,3,0.46555018424987793
2024-09-06,1,0.06361920883573147,0.7346808910369873,3,0.46555018424987793
2024-09-09,1,0.04233369733629866,0.5811798572540283,3,0.46555018424987793
2024-09-10,0,0.04762860022626669,0.6047388911247253,3,0.46555018424987793
2024-09-11,0,0.044172738081151186,0.1991540640592575,3,0.46555018424987793
2024-11-01,1,0.057071166693882125,0.6831842064857483,3,0.46555018424987793
2024-11-04,0,0.05984472183108558,0.6021889448165894,3,0.46555018424987793
2024-11-05,0,0.05368476705886671,0.283977210521698,3,0.46555018424987793
2024-11-06,0,0.026427826103818663,0.09156792610883713,3,0.46555018424987793
2024-11-18,1,0.027442009473352513,0.6155782341957092,3,0.46555018424987793
2024-12-19,1,0.03818653418020612,0.654869556427002,3,0.46555018424987793
2024-12-20,1,0.031463982743809904,0.7994556427001953,3,0.46555018424987793
2024-12-23,0,0.02233103903563083,0.7142558097839355,3,0.46555018424987793
2024-12-24,0,-0.0032096212651037126,0.25205448269844055,3,0.46555018424987793
2024-12-30,0,0.028594806938800676,0.5637967586517334,3,0.46555018424987793
2024-12-31,0,0.02685623711431928,0.5640041828155518,3,0.46555018424987793
2025-01-02,0,0.02245826233972159,0.5812495946884155,3,0.46555018424987793
2025-01-03,0,0.016606248845076887,0.3063850998878479,3,0.46555018424987793
2025-01-06,0,0.014881972147800182,0.3330695331096649,3,0.46555018424987793
2025-01-08,1,0.01913530841523059,0.2613973319530487,3,0.46555018424987793
2025-01-10,1,0.04196460893423093,0.560086727142334,3,0.46555018424987793
2025-01-13,1,0.04114257903011631,0.5036161541938782,3,0.46555018424987793
2025-01-14,0,0.03636267667585469,0.40665125846862793,3,0.46555018424987793
2025-01-15,0,0.028594031650174934,0.6786841154098511,3,0.46555018424987793
2025-02-04,1,-0.03110780905072419,0.22012920677661896,3,0.46555018424987793
2025-02-24,0,-0.035838372489967796,0.6632248163223267,3,0.46555018424987793
2025-02-25,0,-0.028690300146623215,0.6399644613265991,3,0.46555018424987793
2025-02-26,0,-0.04077003357528497,0.4502871334552765,3,0.46555018424987793
2025-02-27,0,-0.027799312360053174,0.7027194499969482,3,0.46555018424987793
2025-02-28,0,-0.06201570797689904,0.5890250205993652,3,0.46555018424987793
2025-03-03,0,-0.03888041273138587,0.642179012298584,3,0.46555018424987793
2025-03-04,0,-0.024620237655416766,0.6370438933372498,3,0.46555018424987793
2025-03-05,0,-0.028885131106431983,0.6241257190704346,3,0.46555018424987793
2025-03-06,0,-0.060057482945082286,0.5627762675285339,3,0.46555018424987793
2025-03-07,0,-0.12001664106406229,0.5044723749160767,3,0.46555018424987793
2025-03-10,1,-0.09754679786262455,0.4011462330818176,3,0.46555018424987793
2025-03-11,1,-0.10423510695725213,0.4416300058364868,3,0.46555018424987793
2025-03-12,1,-0.015387441979399674,0.47866326570510864,3,0.46555018424987793
2025-03-13,1,-0.04581250562910921,0.45609375834465027,3,0.46555018424987793
2025-03-14,1,-0.04844243902379841,0.5329316258430481,3,0.46555018424987793
2025-03-17,0,-0.046562954326186845,0.49612686038017273,3,0.46555018424987793
2025-03-18,0,-0.0388448073362091,0.19678297638893127,3,0.46555018424987793
2025-03-19,0,-0.0703342875273153,0.16432276368141174,3,0.46555018424987793
2025-03-20,0,-0.06630785103417025,0.21152575314044952,3,0.46555018424987793
2025-03-21,0,-0.08883283854879154,0.16925232112407684,3,0.46555018424987793
2025-03-24,0,-0.08157403303486455,0.0896093025803566,3,0.46555018424987793
2025-03-27,0,-0.028990625982986074,0.31017395853996277,3,0.46555018424987793
2025-03-28,0,-0.00865641064941014,0.6077760457992554,3,0.46555018424987793
2025-03-31,0,-0.009063510295379773,0.630347728729248,3,0.46555018424987793
2025-04-01,0,-0.011462453950866425,0.5677880644798279,3,0.46555018424987793
2025-04-02,0,-0.010717074090101808,0.31563085317611694,3,0.46555018424987793
2025-04-03,0,0.056008941687365255,0.6241346597671509,3,0.46555018424987793
2025-04-04,0,0.1152432358538622,0.5406752824783325,3,0.46555018424987793
2025-04-07,1,0.10789472715425363,0.5317165851593018,3,0.46555018424987793
2025-04-08,1,0.13025706938470472,0.5733104348182678,3,0.46555018424987793
2025-04-09,1,0.029965990070716098,0.5828903913497925,3,0.46555018424987793
2025-04-11,1,0.09186444410956685,0.3485104739665985,3,0.46555018424987793
2025-04-14,0,0.08851472028874019,0.17520539462566376,3,0.46555018424987793
2025-04-15,0,0.09296700113608147,0.15458886325359344,3,0.46555018424987793
2025-04-16,0,0.12327369505175079,0.3111850619316101,3,0.46555018424987793
2025-04-17,0,0.1287779800238471,0.3451249301433563,3,0.46555018424987793
2025-04-21,1,0.15756586071010537,0.5771188139915466,3,0.46555018424987793
2025-04-22,1,0.12441919828967452,0.23782025277614594,3,0.46555018424987793
2025-04-23,1,0.0886034421610864,0.22673624753952026,3,0.46555018424987793
2025-04-24,1,0.06658247948899887,0.10387008637189865,3,0.46555018424987793
2025-08-04,1,0.014417719145205066,0.6987393498420715,3,0.46555018424987793
2025-08-22,1,0.036228731017068805,0.09465422481298447,3,0.46555018424987793
2025-09-03,0,0.041264054131677996,0.8223283290863037,3,0.46555018424987793
2025-10-13,1,0.02775101062874974,0.925359308719635,3,0.46555018424987793
2025-10-15,0,0.02737635352892198,0.23962903022766113,3,0.46555018424987793
2025-10-17,0,0.0113488212170465,0.1939404010772705,3,0.46555018424987793
2025-11-07,0,0.01886828967453713,0.27813491225242615,3,0.46555018424987793
2025-11-10,0,0.0023477881960358715,0.4056820869445801,3,0.46555018424987793
2025-11-14,0,0.01309646319567137,0.5357066988945007,3,0.46555018424987793
2025-11-17,1,0.019829667435291354,0.6063812375068665,3,0.46555018424987793
2025-11-18,1,0.01714934771374188,0.6677055954933167,3,0.46555018424987793
2025-11-19,1,0.02088624611962575,0.6385190486907959,3,0.46555018424987793
2025-11-20,1,0.04608379767402426,0.6258209943771362,3,0.46555018424987793
2025-11-21,1,0.04221900307101789,0.49270007014274597,3,0.46555018424987793
2025-11-24,0,0.03179595827301007,0.5660305023193359,3,0.46555018424987793
2025-11-25,0,0.025777094051566696,0.16761192679405212,3,0.46555018424987793
2025-12-17,1,0.03321976298257967,0.48364201188087463,3,0.46555018424987793
2025-12-18,1,0.004600711012358483,0.4895172119140625,3,0.46555018424987793
2025-12-19,1,0.007067356350730636,0.5240556001663208,3,0.46555018424987793
2026-01-02,0,0.017916562480240428,0.34327417612075806,3,0.46555018424987793
2026-01-21,1,-0.0013424072123121578,0.45907601714134216,3,0.46555018424987793
2026-01-22,1,0.0006531548922004138,0.4525694251060486,3,0.46555018424987793
2026-02-04,1,-0.007111708758576696,0.18666836619377136,3,0.46555018424987793
2026-02-05,1,-0.007732917955441065,0.48924553394317627,3,0.46555018424987793
2026-02-06,1,-0.017882413482567916,0.5286086201667786,3,0.46555018424987793
2026-02-13,0,-0.018657793095081088,0.48941779136657715,3,0.46555018424987793
2026-02-17,0,-0.017661315055263138,0.39753982424736023,3,0.46555018424987793
2026-02-18,0,-0.03622374278659779,0.21666136384010315,3,0.46555018424987793
2026-02-19,0,-0.03605642802568876,0.19454535841941833,3,0.46555018424987793
2026-02-20,0,-0.05669722730982829,0.19508421421051025,3,0.46555018424987793
2026-02-24,0,-0.04711734348412977,0.4847128987312317,3,0.46555018424987793
2026-02-25,0,-0.049825092415489824,0.30524036288261414,3,0.46555018424987793
2026-03-02,0,-0.07675651186050247,0.18091349303722382,3,0.46555018424987793
2026-03-03,0,-0.04147099396127474,0.6151865720748901,3,0.46555018424987793
2026-03-04,0,-0.041014860425524935,0.5545514225959778,3,0.46555018424987793
2026-03-05,0,-0.03476969941935826,0.5668705105781555,3,0.46555018424987793
2026-03-06,0,-0.017327186248635718,0.6882568001747131,3,0.46555018424987793
2026-03-09,0,-0.025431987169930448,0.6670781373977661,3,0.46555018424987793
2026-03-10,0,0.0009986166518081152,0.6170819997787476,3,0.46555018424987793
2026-03-11,0,0.008038619485838616,0.3903328776359558,3,0.46555018424987793
2026-03-12,0,0.022904291462767512,0.47004514932632446,3,0.46555018424987793
2026-03-13,0,0.038780206676197526,0.4700236916542053,3,0.46555018424987793
2026-03-16,0,0.04084507610622845,0.421156644821167,3,0.46555018424987793
2026-03-17,0,0.046305997570829316,0.416054368019104,3,0.46555018424987793
2026-03-18,0,0.06371990456402621,0.2887403070926666,3,0.46555018424987793
2026-03-19,0,0.0792352361694888,0.48872724175453186,3,0.46555018424987793
2026-03-20,0,0.09274237451440559,0.6027712225914001,3,0.46555018424987793
2026-03-23,0,0.07430808184457471,0.5937684178352356,3,0.46555018424987793
2026-03-24,0,0.08884233219495008,0.5329696536064148,3,0.46555018424987793
2026-03-25,0,0.07860608182501339,0.273360937833786,3,0.46555018424987793
2026-03-26,0,0.10672931387945894,0.5095100402832031,3,0.46555018424987793
2026-03-27,1,0.1278682639411286,0.5684905052185059,3,0.46555018424987793
2026-03-30,1,0.12614520909524884,0.5775458216667175,3,0.46555018424987793
2026-03-31,1,0.09416613480637692,0.6313026547431946,3,0.46555018424987793
2026-04-01,1,0.09678894001848737,0.5055094361305237,3,0.46555018424987793
2026-04-02,1,0.09883659522344179,0.10169253498315811,3,0.46555018424987793
2026-04-06,0,0.08966046963606056,0.04841981828212738,3,0.46555018424987793
2026-04-08,0,0.08553121815960618,0.09252187609672546,3,0.46555018424987793
