date,open,high,low,close,volume,spy_idx,is_gt,sl_price_premium,price_quality,sl_distance,sl_center_date,is_sl_center,is_stage1,oos_probability,train_percentile,fold_id,is_predicted,outcome
2005-03-31,80.06407264732324,80.24697331910993,79.84729899232455,79.90826416015625,64575400,3065,False,0.012270880232018166,0.0,2.0,2005-03-29,False,True,0.06162062659859657,0.18302094818081588,0,False,TN
2005-04-01,80.3621400963094,80.60601112516923,79.19698483078052,79.54924011230469,95255300,3066,True,0.007722795090101542,0.03465061373730727,3.0,2005-03-29,False,True,0.08609955757856369,0.24476295479603086,0,False,FN
2005-04-04,79.50182982206566,79.84053904756243,79.08182852186432,79.68473052978516,71581200,3067,False,0.0094391758125143,0.0,4.0,2005-03-29,False,True,0.09547307342290878,0.26460859977949286,0,False,TN
2005-04-05,79.78635047637688,80.19280054461998,79.71183402756479,80.06409454345703,46853900,3068,False,0.014244925857069157,0.0,5.0,2005-03-29,False,True,0.06485697627067566,0.185226019845645,0,False,TN
2005-04-06,80.24019835160529,80.57890751335675,80.05729767830782,80.34181213378906,53268200,3069,False,0.01776302792793727,0.0,6.0,2005-03-29,False,False,,,-1,False,TN
2005-04-07,80.21312197479882,80.78892662959495,80.15215162615614,80.77537536621094,46734600,3070,False,0.023255368920857666,0.0,7.0,2005-03-29,False,False,,,-1,False,TN
2005-04-08,80.72798821371704,80.75508558291102,79.93540954589844,79.93540954589844,63772900,3071,False,,0.0,,,False,False,,,-1,False,TN
2005-04-11,80.13182467416692,80.21988720724993,79.82021282445899,79.996337890625,44945000,3072,False,0.03769744796583585,0.0,7.0,2005-04-20,False,True,0.5738880634307861,0.8070562293274531,0,True,FP
2005-04-12,79.86086906758216,80.65344749716232,79.30538608681319,80.40957641601562,86144800,3073,False,0.04305790038786195,0.0,6.0,2005-04-20,False,False,,,-1,False,TN
2005-04-13,80.31473282826393,80.47731698360909,79.34602420124352,79.46118927001953,65949000,3074,False,0.03075560071972805,0.0,5.0,2005-04-20,False,False,,,-1,False,TN
2005-04-14,79.52893920208332,79.59668002376401,78.42474365234375,78.42474365234375,96119800,3075,False,0.017311023120588187,0.0,4.0,2005-04-20,False,True,0.7732073068618774,0.9547960308710033,0,True,FP
2005-04-15,78.40444780584168,78.71605982307814,77.29348142498301,77.32735443115234,128677300,3076,True,0.0030758965600135024,0.6155129299983122,3.0,2005-04-20,False,True,0.6006832122802734,0.8302094818081588,0,True,TP
2005-04-18,77.30700542354614,77.87603451473248,77.1986159766764,77.56442260742188,100035200,3077,True,0.006151100350531458,0.2311124561835678,2.0,2005-04-20,False,True,0.5558714270591736,0.7916207276736494,0,True,TP
2005-04-19,77.97089724637237,78.26218751618335,77.78799645755846,78.18090057373047,64930100,3078,False,0.014147936571212494,0.0,1.0,2005-04-20,False,True,0.1652900129556656,0.37265711135611906,0,False,TN
2005-04-20,78.16055022732753,78.32990486437016,76.92087821207846,77.0902328491211,107735900,3079,True,0.0,1.0,0.0,2005-04-20,True,True,0.6384314298629761,0.8588754134509372,0,True,TP
2005-04-21,77.76087460641993,78.72280769010341,77.48313052502627,78.58732604980469,86952200,3080,False,0.01942001139902727,0.0,1.0,2005-04-20,False,True,0.08244732022285461,0.237045203969129,0,False,TN
2005-04-22,78.4044207762605,78.91926031643405,77.40861469040517,78.28926086425781,88845800,3081,False,0.015553565877579167,0.0,2.0,2005-04-20,False,True,0.06712877005338669,0.19735391400220506,0,False,TN
2005-04-25,78.48569729860063,78.91924466699886,78.39085913478179,78.80408477783203,52284100,3082,False,0.0222317648471142,0.0,3.0,2005-04-20,False,True,0.07751697301864624,0.2249173098125689,0,False,TN
2005-04-26,78.55346725362881,79.10217471479534,78.00475979246228,78.03862762451172,72626000,3083,False,0.012302398635204437,0.0,4.0,2005-04-20,False,True,0.4444141089916229,0.6846747519294377,0,True,FP
2005-04-27,77.80828362819534,78.62795933300306,77.52376911941103,78.34344482421875,84131900,3084,False,0.016256430014297774,0.0,5.0,2005-04-20,False,True,0.14806820452213287,0.3461962513781698,0,False,TN
2005-04-28,78.08602838569597,78.36377245206259,77.36119079589844,77.36119079589844,72481500,3085,True,0.0035148155189472785,0.5606480601315902,6.0,2005-04-20,False,True,0.6688128113746643,0.8875413450937155,0,True,TP
2005-04-29,77.95053387725058,78.49247065619676,77.2053746824187,78.41117858886719,103993800,3086,False,0.01713505966873141,0.0,7.0,2005-04-20,False,True,0.031697411090135574,0.05733186328555678,0,False,TN
2005-05-02,78.62795976398559,78.85828472590151,78.25537754689775,78.85150909423828,56026400,3087,False,,0.0,,,False,False,,,-1,False,TN
2005-05-03,78.62796851798485,79.15635414410592,78.37055133734192,78.98699951171875,86000300,3088,False,,0.0,,,False,False,,,-1,False,TN
2005-05-04,79.0208219337837,79.76598080574198,78.77017537767384,79.59662628173828,81055700,3089,False,0.01538134676055547,0.0,7.0,2005-05-13,False,False,,,-1,False,TN
2005-05-05,79.71184499255857,79.93539436974582,79.0818454912178,79.56958770751953,96906700,3090,False,0.015036426816241066,0.0,6.0,2005-05-13,False,False,,,-1,False,TN
2005-05-06,79.88795813657177,79.92860158977986,79.29860222359126,79.31892395019531,67415400,3091,False,0.011838812603359283,0.0,5.0,2005-05-13,False,False,,,-1,False,TN
2005-05-09,79.40022794369591,79.98958394514483,79.29184366277386,79.8134536743164,43750500,3092,False,0.018147324417840505,0.0,4.0,2005-05-13,False,False,,,-1,False,TN
2005-05-10,79.50183904129786,79.59667722197122,78.84474224070871,78.98699951171875,74613500,3093,True,0.0076045893817602295,0.049426327279971316,3.0,2005-05-13,False,False,,,-1,False,FN
2005-05-11,79.21053417520585,79.52892165196741,78.47892105859957,79.4205322265625,91647400,3094,False,0.013134987495678763,0.0,2.0,2005-05-13,False,False,,,-1,False,TN
2005-05-12,79.47474188419486,79.6576426135941,78.54667663574219,78.54667663574219,95086800,3095,True,0.0019875719816000448,0.7515535022999944,1.0,2005-05-13,False,False,,,-1,False,FN
2005-05-13,78.78377310847767,79.00054682034589,77.76764536504052,78.390869140625,85267000,3096,True,0.0,1.0,0.0,2005-05-13,True,True,0.5541905760765076,0.7905181918412348,0,True,TP
2005-05-16,78.37734049314092,79.14959738753322,78.35024829359598,79.12250518798828,49207000,3097,False,0.009333179430002225,0.0,1.0,2005-05-13,False,False,,,-1,False,TN
2005-05-17,78.85826263041142,79.73212764328952,78.68890806433112,79.65084075927734,61071800,3098,False,0.016072938499917422,0.0,2.0,2005-05-13,False,False,,,-1,False,TN
2005-05-18,79.9963468645616,80.66699488966924,79.94215731335822,80.47054290771484,77944900,3099,False,0.026529540874959956,0.0,3.0,2005-05-13,False,False,,,-1,False,TN
2005-05-19,80.62635922110229,80.89055722902538,80.40958547657839,80.80926513671875,61768100,3100,False,0.030850480707841132,0.0,4.0,2005-05-13,False,False,,,-1,False,TN
2005-05-20,80.84312716569936,80.8770001604704,80.43667706991369,80.69409942626953,46345500,3101,False,0.029381359218160652,0.0,5.0,2005-05-13,False,False,,,-1,False,TN
2005-05-23,80.75503085280944,81.31728925386197,80.74148476154039,81.14115905761719,51047900,3102,False,0.03508431462927719,0.0,6.0,2005-05-13,False,False,,,-1,False,TN
2005-05-24,80.91087173937457,81.17506455542679,80.74828756927067,80.9515151977539,50654100,3103,False,0.0326651060920804,0.0,7.0,2005-05-13,False,False,,,-1,False,TN
2005-05-25,80.84992295671938,81.20218358431165,80.49766749742176,80.89057159423828,47608800,3104,False,,0.0,,,False,False,,,-1,False,TN
2005-05-26,81.14797402745035,81.43248859665204,81.03281410681544,81.32410430908203,43256200,3105,False,,0.0,,,False,False,,,-1,False,TN
2005-05-27,81.33087590860741,81.45958709716797,81.1547507928121,81.45958709716797,24596100,3106,False,,0.0,,,False,False,,,-1,False,TN
2005-05-31,81.34443079853384,81.40539599480327,80.88378592075328,80.93798065185547,43377200,3107,False,,0.0,,,False,False,,,-1,False,TN
2005-06-01,80.96504916769791,81.91343601141705,80.91763008392658,81.62892150878906,69611000,3108,False,,0.0,,,False,False,,,-1,False,TN
2005-06-02,81.44604554603357,81.85926616254055,81.35797781492558,81.8050765991211,39704500,3109,False,,0.0,,,False,False,,,-1,False,TN
2005-06-03,81.6627835572057,81.89310331372602,81.10730072103642,81.39181518554688,60999400,3110,False,,0.0,,,False,False,,,-1,False,TN
2005-06-06,81.2563514215195,81.42570605571882,80.9853881414352,81.31732177734375,36046400,3111,False,,0.0,,,False,False,,,-1,False,TN
2005-06-07,81.55438795492651,82.1369681008993,81.29697086393747,81.37825775146484,66501300,3112,False,,0.0,,,False,False,,,-1,False,TN
2005-06-08,81.58150336347232,81.68988762692821,81.06666389925232,81.229248046875,46881200,3113,False,,0.0,,,False,False,,,-1,False,TN
2005-06-09,81.11409352832521,81.68312778239337,80.91087106981699,81.61538696289062,56653300,3114,False,,0.0,,,False,False,,,-1,False,TN
2005-06-10,81.669591343961,81.73056171038742,81.01927005574638,81.42572021484375,36465300,3115,False,,0.0,,,False,False,,,-1,False,TN
2005-06-13,81.24956572931431,82.02182230306141,81.16149802832885,81.68311309814453,49383200,3116,False,,0.0,,,False,False,,,-1,False,TN
2005-06-14,81.59505866041562,82.1031225503766,81.54763957075099,81.872802734375,33857100,3117,False,,0.0,,,False,False,,,-1,False,TN
2005-06-15,82.07604212364298,82.13023168510433,81.44604260304641,82.02861785888672,53195600,3118,False,0.013643234779637803,0.0,7.0,2005-06-24,False,False,,,-1,False,TN
2005-06-16,82.00825389767819,82.4011577336396,81.91341575358973,82.23857879638672,46564500,3119,False,0.016237762024153612,0.0,6.0,2005-06-24,False,False,,,-1,False,TN
2005-06-17,82.66574737734524,82.91060272773886,82.44809875356786,82.54331970214844,51529400,3120,False,0.020003503366003095,0.0,5.0,2005-06-24,False,False,,,-1,False,TN
2005-06-20,82.35287750007534,82.86978973641243,82.25765655184732,82.57052612304688,41019400,3121,False,0.020339698284387753,0.0,4.0,2005-06-24,False,False,,,-1,False,TN
2005-06-21,82.63852966048786,82.74055357444229,82.31885715170152,82.61812591552734,39879800,3122,False,0.020927897974741372,0.0,3.0,2005-06-24,False,False,,,-1,False,TN
2005-06-22,82.76095152409631,82.93779261662395,82.34605810844576,82.6861343383789,46310100,3123,False,0.021768290992823403,0.0,2.0,2005-06-24,False,False,,,-1,False,TN
2005-06-23,82.51610866629939,82.7065505535151,81.50268280124305,81.52308654785156,62185600,3124,True,0.007396288204460921,0.07546397444238484,1.0,2005-06-24,False,False,,,-1,False,FN
2005-06-24,81.53667837583313,81.6251015203112,80.82931916576686,80.92454528808594,58572500,3125,True,0.0,1.0,0.0,2005-06-24,True,True,0.8184360861778259,0.9680264608599779,0,True,TP
2005-06-27,80.91777158012039,81.2170404435573,80.76813714840195,81.04019927978516,48183800,3126,True,0.0014291583757128912,0.8213552030358886,1.0,2005-06-24,False,True,0.8417473435401917,0.9702315325248071,0,True,TP
2005-06-28,81.21023762144694,81.7815634282264,81.18983386965532,81.72035217285156,41174200,3127,False,0.009833937057447839,0.0,2.0,2005-06-24,False,False,,,-1,False,TN
2005-06-29,81.86998389320887,81.89038764432468,81.4550903233427,81.50270080566406,42316500,3128,True,0.007144377710371241,0.10695278620359483,3.0,2005-06-24,False,False,,,-1,False,FN
2005-06-30,81.76795202672163,81.83596625356952,80.90415525937944,81.06059265136719,62288800,3129,True,0.0016811631476818523,0.7898546065397685,4.0,2005-06-24,False,True,0.7355346083641052,0.9294377067254685,0,True,TP
2005-07-01,81.24424681098172,81.48230443329957,81.08101159811982,81.29866027832031,49737500,3130,True,0.004623010100366365,0.4221237374542044,5.0,2005-06-24,False,True,0.5373521447181702,0.7651598676957001,0,True,TP
2005-07-05,81.10818855540144,82.06040312763487,81.06738106445565,81.95157623291016,51549000,3131,False,0.012691216752198642,0.0,6.0,2005-06-24,False,False,,,-1,False,TN
2005-07-06,81.88354627049696,82.06038734583869,81.21699983052967,81.26461029052734,52363600,3132,True,0.004202247924048219,0.4747190094939726,7.0,2005-06-24,False,False,,,-1,False,FN
2005-07-07,80.45529177617532,81.58434295654297,80.43488801827034,81.58434295654297,103268800,3133,False,,0.0,,,False,False,,,-1,False,TN
2005-07-08,81.59790076395046,82.51610565185547,81.42786262955502,82.51610565185547,64491200,3134,False,,0.0,,,False,False,,,-1,False,TN
2005-07-11,82.52291928853269,83.04663452688479,82.50931333009862,82.93781280517578,49688300,3135,False,,0.0,,,False,False,,,-1,False,TN
2005-07-12,82.97180482644217,83.40710202602284,82.73375248122646,83.15544891357422,51871100,3136,False,,0.0,,,False,False,,,-1,False,TN
2005-07-13,83.1622531142284,83.33229125808515,82.97181122337324,83.27108001708984,41182300,3137,False,,0.0,,,False,False,,,-1,False,TN
2005-07-14,83.64516754145703,83.95803710918634,83.3118890372031,83.5975570678711,63638800,3138,False,,0.0,,,False,False,,,-1,False,TN
2005-07-15,83.51593750044985,83.68597564866582,83.2234716779523,83.54994201660156,56075900,3139,False,,0.0,,,False,False,,,-1,False,TN
2005-07-18,83.3187063776813,83.4071243612522,83.01263973603685,83.21668243408203,56598400,3140,False,,0.0,,,False,False,,,-1,False,TN
2005-07-19,83.46152526431186,83.73358734325397,83.2574825969697,83.67237091064453,59165700,3141,False,,0.0,,,False,False,,,-1,False,TN
2005-07-20,83.37986658635283,84.1552449695393,83.18262698906916,83.95800018310547,69477000,3142,False,,0.0,,,False,False,,,-1,False,TN
2005-07-21,84.03284294148754,84.07365043071172,83.29827700054202,83.46831512451172,101110900,3143,False,,0.0,,,False,False,,,-1,False,TN
2005-07-22,83.57715875585521,84.03966278197835,83.40712058726807,84.02606201171875,52607100,3144,False,,0.0,,,False,False,,,-1,False,TN
2005-07-25,83.93765170524912,84.30492961651706,83.55676264417112,83.78801727294922,57301600,3145,False,,0.0,,,False,False,,,-1,False,TN
2005-07-26,83.81519501792006,84.01923765481776,83.62474795866972,83.89000701904297,42758800,3146,False,,0.0,,,False,False,,,-1,False,TN
2005-07-27,83.99884582219622,84.26410492018674,83.69277922886947,84.19609069824219,43181600,3147,False,,0.0,,,False,False,,,-1,False,TN
2005-07-28,84.31174514777081,84.77424928502332,84.09409644724929,84.72663879394531,47880700,3148,False,,0.0,,,False,False,,,-1,False,TN
2005-07-29,84.61779270081382,84.76742192319868,83.99885130566294,84.1620864868164,62358100,3149,False,,0.0,,,False,False,,,-1,False,TN
2005-08-01,84.22331117904112,84.3661426251957,83.96484982862995,84.10088348388672,40418200,3150,False,,0.0,,,False,False,,,-1,False,TN
2005-08-02,84.25054790740415,84.74705665570099,84.16212470271594,84.6042251586914,45147400,3151,False,,0.0,,,False,False,,,-1,False,TN
2005-08-03,84.50895600496717,84.84222930808048,84.42053803981736,84.82862854003906,36837200,3152,False,,0.0,,,False,False,,,-1,False,TN
2005-08-04,84.49535490592075,84.54976316702552,84.04645172502885,84.14847564697266,50855600,3153,False,,0.0,,,False,False,,,-1,False,TN
2005-08-05,83.9648122120948,84.32529734516159,83.4342941671508,83.5771255493164,53595500,3154,False,,0.0,,,False,False,,,-1,False,TN
2005-08-08,83.76082226547476,83.93766345468796,83.23710167911567,83.42074584960938,47616000,3155,False,,0.0,,,False,True,0.7914677858352661,0.960308710033076,0,True,FP
2005-08-09,83.69955967432561,84.06003964616988,83.57033423615496,83.92401123046875,47170000,3156,False,,0.0,,,False,False,,,-1,False,TN
2005-08-10,84.21647484147475,84.67897870784671,83.5363224020543,83.8832015991211,72863700,3157,False,,0.0,,,False,False,,,-1,False,TN
2005-08-11,83.84244368452107,84.35936132905971,83.665607670963,84.2165298461914,58570200,3158,False,,0.0,,,False,False,,,-1,False,TN
2005-08-12,84.04646427166848,84.12808445923842,83.48873929615641,83.6995849609375,54776900,3159,False,,0.0,,,False,False,,,-1,False,TN
2005-08-15,83.8084391538313,84.25053956603587,83.5431799443395,84.2165298461914,36208500,3160,False,,0.0,,,False,False,,,-1,False,TN
2005-08-16,83.95803464391044,84.01244290558787,83.03982452590387,83.12144470214844,71942100,3161,False,,0.0,,,False,False,,,-1,False,TN
2005-08-17,83.10784912170728,83.57035310432535,82.99902221325473,83.1146469116211,62275100,3162,False,0.011924336987245487,0.0,7.0,2005-08-26,False,True,0.732617974281311,0.9283351708930541,0,True,FP
2005-08-18,83.0126129294685,83.35948696087819,82.86977634106258,83.10783386230469,53388600,3163,False,0.011841387824028882,0.0,6.0,2005-08-26,False,True,0.6770700812339783,0.8952590959206174,0,True,FP
2005-08-19,83.40713870874576,83.53636940547833,83.11467278766706,83.2983169555664,39842100,3164,False,0.01416052753066932,0.0,5.0,2005-08-26,False,True,0.525876522064209,0.7519294377067255,0,True,FP
2005-08-22,83.37313418113219,83.81523455334244,82.89702409215414,83.2983169555664,69912000,3165,False,0.01416052753066932,0.0,4.0,2005-08-26,False,True,0.38098159432411194,0.6185226019845645,0,True,FP
2005-08-23,83.31868681790519,83.3935040130371,82.40048191937501,83.141845703125,55168600,3166,False,0.012255483422707325,0.0,3.0,2005-08-26,False,True,0.5543763041496277,0.7905181918412348,0,True,FP
2005-08-24,82.93781099216932,83.47513217720974,82.35967712187156,82.4004898071289,79104600,3167,True,0.00322944407340775,0.5963194908240312,2.0,2005-08-26,False,True,0.6357808113098145,0.856670341786108,0,True,TP
2005-08-25,82.53650240659763,82.75415099262216,82.4412814745339,82.69973754882812,35631100,3168,True,0.006872797969092348,0.1409002538634565,1.0,2005-08-26,False,True,0.6465193033218384,0.86438809261301,0,True,TP
2005-08-26,82.62494940468832,82.63174719526145,82.0808251879572,82.13523864746094,61956800,3169,True,0.0,1.0,0.0,2005-08-26,True,True,0.7396575212478638,0.9338478500551268,0,True,TP
2005-08-29,81.89716684132699,82.82897246604034,81.87675790698458,82.76776123046875,56179200,3170,True,0.007700989166449235,0.03737635419384566,1.0,2005-08-26,False,True,0.09732525795698166,0.2723263506063947,0,False,FN
2005-08-30,82.46850984031151,82.50251954889654,81.88357813888923,82.33248138427734,74160200,3171,True,0.002401438652452237,0.6998201684434704,2.0,2005-08-26,False,True,0.5569779872894287,0.7927232635060639,0,True,TP
2005-08-31,82.42768865755846,83.42751372980344,82.12161689856292,83.37310028076172,102945200,3172,False,0.015071017673838005,0.0,3.0,2005-08-26,False,False,,,-1,False,TN
2005-09-01,83.33230102722243,83.76080052103238,82.39369223119391,83.31189727783203,74578700,3173,False,0.014325868527898411,0.0,4.0,2005-08-26,False,False,,,-1,False,TN
2005-09-02,83.55672874725315,83.577132490807,83.00580691469315,83.16223907470703,47653400,3174,False,0.012503773583153022,0.0,5.0,2005-08-26,False,False,,,-1,False,TN
2005-09-06,83.4275031861963,84.20287657501625,83.42070020863783,84.13485717773438,57251300,3175,False,0.024345440071783964,0.0,6.0,2005-08-26,False,False,,,-1,False,TN
2005-09-07,84.08727810105964,84.4273544578062,83.97165338516263,84.27772521972656,41749700,3176,False,0.026084864517914808,0.0,7.0,2005-08-26,False,False,,,-1,False,TN
2005-09-08,84.10767487063062,84.33892426896192,83.8696173040332,83.99884796142578,39068700,3177,False,,0.0,,,False,False,,,-1,False,TN
2005-09-09,84.22330166334176,84.8422378600831,84.20289791464684,84.74701690673828,43093900,3178,False,,0.0,,,False,False,,,-1,False,TN
2005-09-12,84.64496427554957,84.79459863411638,84.52253663573589,84.57695007324219,33017600,3179,False,0.02409162742759019,0.0,7.0,2005-09-21,False,False,,,-1,False,TN
2005-09-13,84.42734866894862,84.62459356503571,84.01245512703319,84.10768127441406,58427500,3180,False,0.01840953263135181,0.0,6.0,2005-09-21,False,False,,,-1,False,TN
2005-09-14,84.1620469784917,84.28447460417362,83.67233647576403,83.80156707763672,57694600,3181,False,0.014702979182865894,0.0,5.0,2005-09-21,False,False,,,-1,False,TN
2005-09-15,84.060066871956,84.1008795612061,83.59076505338133,83.76080322265625,73156900,3182,False,0.014209394080175075,0.0,4.0,2005-09-21,False,False,,,-1,False,TN
2005-09-16,84.21980730080335,84.52034483011246,83.92609649833088,84.35641479492188,75424100,3183,False,0.021421297841518916,0.0,3.0,2005-09-21,False,False,,,-1,False,TN
2005-09-19,84.3359317972285,84.39057688430047,83.76900074415205,84.07637023925781,53355300,3184,False,0.01803040606173867,0.0,2.0,2005-09-21,False,False,,,-1,False,TN
2005-09-20,84.15149052008553,84.43154263161027,83.24304086728405,83.3659896850586,84480300,3185,False,0.009428833443988927,0.0,1.0,2005-09-21,False,False,,,-1,False,TN
2005-09-21,83.18836791540758,83.24301297416162,82.4984883795468,82.58728790283203,94469100,3186,True,0.0,1.0,0.0,2005-09-21,True,True,0.5646542906761169,0.794928335170893,0,True,TP
2005-09-22,82.61465417524086,83.09962284500725,82.26630344455376,82.88104248046875,84597200,3187,True,0.0035568982236386937,0.5553877220451633,1.0,2005-09-21,False,True,0.8104701638221741,0.9658213891951488,0,True,TP
2005-09-23,82.8127357268118,83.2567179565469,82.5805019147537,82.94934844970703,59368100,3188,True,0.004383974290340875,0.4520032137073906,2.0,2005-09-21,False,True,0.7829656600952148,0.9558985667034179,0,True,TP
2005-09-26,83.34551285056658,83.4957842410903,82.70345128820512,83.04497528076172,70415400,3189,True,0.005541862307770318,0.3072672115287103,3.0,2005-09-21,False,True,0.4256998896598816,0.6648291069459757,0,True,TP
2005-09-27,83.00397928302341,83.3250126327924,82.66245532986356,83.02447509765625,66150800,3190,True,0.005293637870014356,0.3382952662482055,4.0,2005-09-21,False,True,0.35749369859695435,0.5909592061742006,0,True,TP
2005-09-28,83.28401630686739,83.41379705310553,82.7853891328269,83.1064224243164,58620500,3191,True,0.006285888962659358,0.2142638796675802,5.0,2005-09-21,False,True,0.25156548619270325,0.46306504961411243,0,False,FN
2005-09-29,83.0244475787995,83.91923837189812,82.70341433543855,83.78263092041016,66607700,3192,False,0.014473692597636978,0.0,6.0,2005-09-21,False,False,,,-1,False,TN
2005-09-30,83.755304161969,84.04218292236328,83.15421889877335,84.04218292236328,47824200,3193,False,0.017616452319429765,0.0,7.0,2005-09-21,False,False,,,-1,False,TN
2005-10-03,83.9875280948726,84.24708429392146,83.63917237704543,83.74163055419922,50994800,3194,False,,0.0,,,False,False,,,-1,False,TN
2005-10-04,83.871441868438,84.03537188496715,82.75807580551397,82.79905700683594,60776300,3195,False,0.03227427128688465,0.0,7.0,2005-10-13,False,False,,,-1,False,TN
2005-10-05,82.8195288939648,82.86051008602684,81.67200861506686,81.7129898071289,106052100,3196,False,0.018734029795322682,0.0,6.0,2005-10-13,False,True,0.7437567114830017,0.9360529217199559,0,True,FP
2005-10-06,81.81543457614279,82.14329969257088,80.71572760547838,81.41926574707031,140941800,3197,False,0.015072106567967758,0.0,5.0,2005-10-13,False,True,0.6751646399497986,0.8941565600882029,0,True,FP
2005-10-07,81.76084315622401,81.99991412416762,81.37150600638458,81.69937133789062,75661400,3198,False,0.01856424530843137,0.0,4.0,2005-10-13,False,True,0.7320759892463684,0.9261300992282249,0,True,FP
2005-10-10,81.74716095368325,81.767651553895,80.80455686525461,81.00946807861328,52677000,3199,False,0.009963067831613381,0.0,3.0,2005-10-13,False,True,0.6587075591087341,0.8809261300992283,0,True,FP
2005-10-11,81.27583845163726,81.5490585540106,80.81819777662493,80.8933334350586,75629800,3200,False,0.008515191383736909,0.0,2.0,2005-10-13,False,True,0.6107786297798157,0.8401323042998897,0,True,FP
2005-10-12,80.86604518415406,81.37149920050906,80.1966611213784,80.25813293457031,100510400,3201,True,0.0005960053752722683,0.9254993280909665,1.0,2005-10-13,False,True,0.510212242603302,0.7364939360529217,0,True,TP
2005-10-13,80.2308177547153,80.65430939234653,79.83464866253539,80.2103271484375,99052900,3202,True,0.0,1.0,0.0,2005-10-13,True,True,0.6015014052391052,0.8302094818081588,0,True,TP
2005-10-14,80.68161592344246,81.15291540801269,80.29910557429066,81.05728912353516,88651000,3203,False,0.010559263441604738,0.0,1.0,2005-10-13,False,True,0.0861918181180954,0.24476295479603086,0,False,TN
2005-10-17,81.14607546683217,81.46710353458937,80.90700458332928,81.35781860351562,68109300,3204,False,0.014306031353725546,0.0,2.0,2005-10-13,False,True,0.0759003609418869,0.22160970231532526,0,False,TN
2005-10-18,81.24173072333284,81.25538939037526,80.4630564208482,80.47671508789062,74996900,3205,True,0.003321117727897338,0.5848602840128327,3.0,2005-10-13,False,True,0.26447492837905884,0.48401323042998895,0,False,FN
2005-10-19,80.25811962365898,81.82913170929949,79.99856332560383,81.81546783447266,116563800,3206,False,0.020011646169509678,0.0,4.0,2005-10-13,False,True,0.0847071185708046,0.24366041896361632,0,False,TN
2005-10-20,81.61738390509684,81.8359590026691,80.12151269815354,80.37423706054688,131966700,3207,True,0.002043501353710342,0.7445623307862073,5.0,2005-10-13,False,True,0.47944480180740356,0.7166482910694597,0,True,TP
2005-10-21,80.7977132904476,81.13240520526173,80.26493691671563,80.68842315673828,96579500,3208,True,0.005960529339520182,0.25493383255997726,6.0,2005-10-13,False,True,0.04947914555668831,0.14002205071664828,0,False,FN
2005-10-24,80.90017007268136,82.0271945922098,80.87967947577944,81.93840026855469,71308400,3209,False,0.02154427218479249,0.0,7.0,2005-10-13,False,False,,,-1,False,TN
2005-10-25,81.77448272705078,82.12966528696546,81.24170628155821,81.77448272705078,76594500,3210,False,,0.0,,,False,False,,,-1,False,TN
2005-10-26,81.63102664535218,82.33456489566214,81.41245160437006,81.535400390625,80855800,3211,False,,0.0,,,False,False,,,-1,False,TN
2005-10-27,81.41929741562633,81.53541950465141,80.5518289840326,80.6679458618164,66623100,3212,False,,0.0,,,False,True,0.5358239412307739,0.7640573318632855,0,True,FP
2005-10-28,80.89336976166396,81.93160036343053,80.6679626851399,81.82914733886719,72322000,3213,False,,0.0,,,False,False,,,-1,False,TN
2005-10-31,82.16382506759754,82.85370484320264,82.05453491210938,82.05453491210938,77698900,3214,False,,0.0,,,False,False,,,-1,False,TN
2005-11-01,82.36191494653472,82.58049006054871,82.11601729186377,82.3004379272461,66365100,3215,False,,0.0,,,False,False,,,-1,False,TN
2005-11-02,82.08186250542303,83.16107940673828,82.05453996486852,83.16107940673828,74012300,3216,False,,0.0,,,False,False,,,-1,False,TN
2005-11-03,83.43428821111878,83.78264404158125,83.16106805411373,83.51625061035156,84897600,3217,False,,0.0,,,False,False,,,-1,False,TN
2005-11-04,83.60507459271042,83.6460558043042,83.02448484641407,83.40699005126953,59156000,3218,False,,0.0,,,False,False,,,-1,False,TN
2005-11-07,83.58457129401658,83.75533326471603,83.22938347666631,83.48894500732422,46765400,3219,False,,0.0,,,False,False,,,-1,False,TN
2005-11-08,83.28402855798817,83.6187205614114,83.18840227129581,83.48894500732422,42152800,3220,False,,0.0,,,False,False,,,-1,False,TN
2005-11-09,83.38653094275142,83.9807795802948,83.23625949515599,83.59827423095703,57666800,3221,False,,0.0,,,False,False,,,-1,False,TN
2005-11-10,83.56407583258265,84.37007254613363,83.16108008142805,84.24712371826172,79048100,3222,False,,0.0,,,False,False,,,-1,False,TN
2005-11-11,84.25394448464017,84.58863644509684,83.62554176383632,84.53399658203125,34867000,3223,False,,0.0,,,False,False,,,-1,False,TN
2005-11-14,84.55449453910433,84.71159262735371,84.27444241734615,84.48619079589844,45092200,3224,False,,0.0,,,False,False,,,-1,False,TN
2005-11-15,84.39055848305075,84.75939971225537,83.91925382949644,84.1788101196289,69592500,3225,False,,0.0,,,False,False,,,-1,False,TN
2005-11-16,84.26760120537163,84.39055000650407,84.00121300479145,84.34956359863281,51133000,3226,False,,0.0,,,False,False,,,-1,False,TN
2005-11-17,84.47933801813515,85.14189510739442,84.1104916423236,85.13506317138672,55717500,3227,False,,0.0,,,False,False,,,-1,False,TN
2005-11-18,85.4219668247646,85.5722381932532,84.9233447870435,85.46977996826172,72437200,3228,False,,0.0,,,False,False,,,-1,False,TN
2005-11-21,85.48342590991219,86.00254365271459,85.36730904452922,85.90008544921875,50021200,3229,False,,0.0,,,False,False,,,-1,False,TN
2005-11-22,85.76348463579748,86.41920993312499,85.66785835563981,86.2689437866211,66438800,3230,False,,0.0,,,False,False,,,-1,False,TN
2005-11-23,86.23480915342368,87.02714732704169,86.20748660834279,86.76758575439453,50854700,3231,False,,0.0,,,False,False,,,-1,False,TN
2005-11-25,86.73340058905765,86.89733058046212,86.61727851770738,86.83585357666016,15270000,3232,False,,0.0,,,False,False,,,-1,False,TN
2005-11-28,86.91786763293976,86.93152630150675,86.09138008669086,86.22116088867188,54498500,3233,False,,0.0,,,False,False,,,-1,False,TN
2005-11-29,86.50801389138587,86.73342093947997,86.12550354003906,86.12550354003906,51738900,3234,False,,0.0,,,False,False,,,-1,False,TN
2005-11-30,86.17331184440759,86.4192042549127,85.57905838998082,85.66102600097656,56007200,3235,False,,0.0,,,False,False,,,-1,False,TN
2005-12-01,86.07771607309914,86.76759608763295,86.05039873600762,86.53536224365234,65468200,3236,False,,0.0,,,False,False,,,-1,False,TN
2005-12-02,86.58997772146797,86.80172610856485,86.40555708624608,86.64462280273438,46699400,3237,False,,0.0,,,False,False,,,-1,False,TN
2005-12-05,86.54216749154202,86.56266330613823,86.18698487383702,86.460205078125,59273400,3238,False,,0.0,,,False,False,,,-1,False,TN
2005-12-06,86.78121062162137,87.25250998148539,86.49432663285685,86.62410736083984,57935200,3239,False,,0.0,,,False,False,,,-1,False,TN
2005-12-07,86.58997471055336,86.65828366538202,85.84545504634379,86.1186752319336,66816500,3240,False,,0.0,,,False,False,,,-1,False,TN
2005-12-08,86.21425902050188,86.62408649126328,85.70880531360412,86.0639877319336,62608600,3241,False,,0.0,,,False,False,,,-1,False,TN
2005-12-09,86.17334993277365,86.59683641532878,85.94111087125724,86.28946685791016,50744500,3242,False,,0.0,,,False,False,,,-1,False,TN
2005-12-12,86.54900811686932,86.65146635516653,86.03672213662574,86.37141418457031,48389900,3243,False,,0.0,,,False,False,,,-1,False,TN
2005-12-13,86.35089680774081,87.22519710916455,86.26210247474151,86.95880889892578,88630900,3244,False,,0.0,,,False,False,,,-1,False,TN
2005-12-14,86.87685243900115,87.49159129771684,86.84269796407642,87.30033874511719,64375000,3245,False,,0.0,,,False,False,,,-1,False,TN
2005-12-15,87.32083000777455,87.43012015936957,86.87002116054825,87.04761505126953,55900300,3246,False,,0.0,,,False,False,,,-1,False,TN
2005-12-16,87.3991746220358,87.4541093648822,86.76744079589844,86.76744079589844,46238300,3247,False,,0.0,,,False,False,,,-1,False,TN
2005-12-19,87.02154160267416,87.11767481807642,86.30740540335219,86.32113647460938,48733000,3248,False,,0.0,,,False,False,,,-1,False,TN
2005-12-20,86.4241102671095,86.92537541048632,86.16317808554798,86.40351104736328,46603200,3249,False,0.0106016485762086,0.0,7.0,2005-12-30,False,False,,,-1,False,TN
2005-12-21,86.67130121443964,87.04210284297002,86.38290169409325,86.54083251953125,51806900,3250,False,0.01220780212802186,0.0,6.0,2005-12-30,False,False,,,-1,False,TN
2005-12-22,86.73314967655874,86.99408721923828,86.57521875860142,86.99408721923828,32247900,3251,False,0.01750920644824383,0.0,5.0,2005-12-30,False,False,,,-1,False,TN
2005-12-23,87.05582243308378,87.11075716463195,86.80862137998135,87.0420913696289,27977300,3252,False,0.018070677538193802,0.0,4.0,2005-12-30,False,False,,,-1,False,TN
2005-12-27,87.17945351361018,87.24125641797816,86.09451576018279,86.15631866455078,44499500,3253,True,0.007710411558665919,0.03619855516676007,3.0,2005-12-30,False,False,,,-1,False,FN
2005-12-28,86.34171125362072,86.51337840949893,86.17691225086008,86.34857940673828,30764300,3254,False,0.009959151461198967,0.0,2.0,2005-12-30,False,False,,,-1,False,TN
2005-12-29,86.32797617892376,86.49277517403446,85.87477239378732,85.96404266357422,32788900,3255,True,0.005461493184711896,0.31731335191101295,1.0,2005-12-30,False,False,,,-1,False,FN
2005-12-30,85.69623533405579,85.87476538131976,85.39409950197035,85.49710083007812,44645600,3256,True,0.0,1.0,0.0,2005-12-30,True,True,0.5629273056983948,0.794928335170893,0,True,TP
2006-01-03,85.96404210331697,87.20691056964421,85.4147051380407,87.00090789794922,73256700,3257,False,0.017588983173357553,0.0,1.0,2005-12-30,False,False,,,-1,False,TN
2006-01-04,87.11081263136647,87.54341213031594,87.00094309831205,87.41294860839844,51899600,3258,False,0.022408336185901545,0.0,2.0,2005-12-30,False,False,,,-1,False,TN
2006-01-05,87.3099341087892,87.61206480154529,87.12453060934168,87.46786499023438,47307500,3259,False,0.023050654829490203,0.0,3.0,2005-12-30,False,False,,,-1,False,TN
2006-01-06,87.90730969814572,88.29184240530559,87.45410594567998,88.19570922851562,62885900,3260,False,0.031563741603365836,0.0,4.0,2005-12-30,False,False,,,-1,False,TN
2006-01-09,88.18195648067478,88.62142384658605,88.15449435431154,88.42229461669922,43527400,3261,False,0.03421395296706953,0.0,5.0,2005-12-30,False,False,,,-1,False,TN
2006-01-10,88.16140699235353,88.56653907052198,88.07213669529682,88.51160430908203,44960800,3262,False,0.023259602513141298,0.0,7.0,2006-01-20,False,False,,,-1,False,TN
2006-01-11,88.5940148767096,88.88241452634188,88.3948750496102,88.79314422607422,49598900,3263,False,0.02651441215987438,0.0,6.0,2006-01-20,False,False,,,-1,False,TN
2006-01-12,88.63519852989056,88.77253017663179,88.19573097367883,88.44293212890625,40509200,3264,False,0.02246570132539416,0.0,5.0,2006-01-20,False,False,,,-1,False,TN
2006-01-13,88.28498829124386,88.51157971233069,88.03091378047283,88.36051177978516,44856700,3265,False,0.021512861137500394,0.0,4.0,2006-01-20,False,False,,,-1,False,TN
2006-01-17,88.03093082130995,88.1819987830989,87.76313043045381,88.12020111083984,52066600,3266,False,0.01873469208832179,0.0,3.0,2006-01-20,False,False,,,-1,False,TN
2006-01-18,87.6051900000852,88.51158719424502,87.31679041659197,87.76998901367188,75067600,3267,False,0.014685981253841796,0.0,2.0,2006-01-20,False,False,,,-1,False,TN
2006-01-19,87.982857614014,88.42232513158721,87.76311861636133,88.10645294189453,81530400,3268,False,0.018575753088175162,0.0,1.0,2006-01-20,False,False,,,-1,False,TN
2006-01-20,88.08585969230803,88.10645891501797,86.4996566772461,86.4996566772461,114957800,3269,True,0.0,1.0,0.0,2006-01-20,True,False,,,-1,False,FN
2006-01-23,86.6644473717793,87.08331565619457,86.60951262391954,86.80864715576172,67017400,3270,True,0.0035721584383687777,0.5534801952039028,1.0,2006-01-20,False,True,0.8924108147621155,0.9900771775082691,0,True,TP
2006-01-24,86.95285584518597,87.30992650397852,86.80865604643505,86.8979263305664,53008800,3271,True,0.004604291723450116,0.42446353456873553,2.0,2006-01-20,False,True,0.8256561756134033,0.9680264608599779,0,True,TP
2006-01-25,87.2343895482728,87.33052274415678,86.41038399072501,86.97345733642578,87747700,3272,True,0.005477486008384602,0.3153142489519247,3.0,2006-01-20,False,True,0.6969425678253174,0.906284454244763,0,True,TP
2006-01-26,87.3785980987616,87.66699771531553,87.04213187944868,87.45413208007812,71294000,3273,False,0.01103444151684263,0.0,4.0,2006-01-20,False,False,,,-1,False,TN
2006-01-27,87.66014286845747,88.34681167899954,87.51593780804043,88.264404296875,65771200,3274,False,0.020401787561003415,0.0,5.0,2006-01-20,False,False,,,-1,False,TN
2006-01-30,88.19570922851562,88.44977323623257,88.13391157437859,88.19570922851562,33709600,3275,False,0.019607621768927608,0.0,6.0,2006-01-20,False,False,,,-1,False,TN
2006-01-31,88.11332815660931,88.26438562345473,87.54338666824214,87.55025482177734,72937000,3276,False,0.012145691496225464,0.0,7.0,2006-01-20,False,False,,,-1,False,TN
2006-02-01,87.76999886581429,88.18886198093382,87.70133303901764,88.1613998413086,63561000,3277,False,0.02319114045324877,0.0,4.0,2006-02-07,False,False,,,-1,False,TN
2006-02-02,87.96223467251252,87.98969680094753,87.0695635713004,87.13822937011719,83626900,3278,False,0.011316340788306345,0.0,3.0,2006-02-07,False,False,,,-1,False,TN
2006-02-03,86.91849823454166,88.16136651804139,86.61636242419772,86.70562744140625,86040400,3279,True,0.006295612197372291,0.2130484753284636,2.0,2006-02-07,False,True,0.8758010268211365,0.9856670341786108,0,True,TP
2006-02-06,86.8223943353446,87.06959549280576,86.63699084781544,86.93225860595703,45511900,3280,False,0.008925867616822902,0.0,1.0,2006-02-07,False,True,0.783471941947937,0.9558985667034179,0,True,FP
2006-02-07,86.78117503381371,86.97344664080318,86.10824274538025,86.16317749023438,71208100,3281,True,0.0,1.0,0.0,2006-02-07,True,True,0.7227016687393188,0.9206174200661521,0,True,TP
2006-02-08,86.41726127342439,87.9622712021815,86.2455940856588,86.94599914550781,59422200,3282,False,0.009085338749980076,0.0,1.0,2006-02-07,False,True,0.24554026126861572,0.45424476295479604,0,False,TN
2006-02-09,87.15200089708104,87.61893588023325,86.77433620881504,86.80180358886719,62023300,3283,True,0.007411821583589884,0.07352230205126453,2.0,2006-02-07,False,True,0.5305443406105042,0.7596471885336273,0,True,TP
2006-02-10,86.81551701006705,87.29618296609353,86.14257943276398,86.959716796875,64508700,3284,False,0.009244544245491593,0.0,3.0,2006-02-07,False,True,0.09469351917505264,0.26350606394707826,0,False,TN
2006-02-13,86.932267095531,87.0627358410619,86.48593133770113,86.80180358886719,52308700,3285,True,0.007411821583589884,0.07352230205126453,4.0,2006-02-07,False,True,0.4243009388446808,0.6648291069459757,0,True,TP
2006-02-14,86.83613570739192,87.91420551244745,86.66446850761322,87.72193908691406,90964400,3286,False,0.018090809114558848,0.0,5.0,2006-02-07,False,False,,,-1,False,TN
2006-02-15,87.67386412900446,88.11333693833298,87.37172820973693,88.03092956542969,85471300,3287,False,0.021676917328252054,0.0,6.0,2006-02-07,False,False,,,-1,False,TN
2006-02-16,88.12706635663538,88.72447530413751,88.01719684011385,88.69013977050781,61017900,3288,False,0.029327635700991284,0.0,7.0,2006-02-07,False,False,,,-1,False,TN
2006-02-17,88.61457992247942,88.69011388332412,88.29184486048213,88.44977569580078,40342600,3289,False,,0.0,,,False,False,,,-1,False,TN
2006-02-21,88.65574196665588,88.85487115746925,88.09266894827594,88.23001098632812,46456300,3290,False,,0.0,,,False,False,,,-1,False,TN
2006-02-22,88.42234400693756,89.02660542400872,88.33993662636041,88.76567840576172,42326700,3291,False,,0.0,,,False,False,,,-1,False,TN
2006-02-23,88.76569215687408,89.01975629848724,88.08588616990595,88.63522338867188,43423200,3292,False,,0.0,,,False,False,,,-1,False,TN
2006-02-24,88.65578321347795,88.90984724216939,88.41544501279648,88.86178588867188,36777400,3293,False,,0.0,,,False,False,,,-1,False,TN
2006-02-27,88.8549092483453,89.2943767164172,88.77251237237273,88.8961181640625,35858600,3294,False,,0.0,,,False,False,,,-1,False,TN
2006-02-28,88.71758306743168,89.20512239486045,87.98285309693269,88.051513671875,74394800,3295,True,0.006672721252608538,0.16590984342393278,7.0,2006-03-09,False,False,,,-1,False,FN
2006-03-01,88.3055927508103,88.91672743137558,88.23692169458549,88.83432006835938,48641600,3296,False,0.015622366891858697,0.0,6.0,2006-03-09,False,False,,,-1,False,TN
2006-03-02,88.5115814360623,88.86865205428117,88.31245214531874,88.82745361328125,60642300,3297,False,0.015543864288886766,0.0,5.0,2006-03-09,False,False,,,-1,False,TN
2006-03-03,88.35366863447034,89.3150111910144,88.33993232542053,88.41546630859375,73402500,3298,False,0.010833708110574936,0.0,4.0,2006-03-09,False,False,,,-1,False,TN
2006-03-06,88.6764150833062,88.70387722716883,87.79061163601025,88.01034545898438,57478400,3299,True,0.006202054535235035,0.22474318309562058,3.0,2006-03-09,False,False,,,-1,False,FN
2006-03-07,87.79744424823656,87.93477586742387,87.48157733301336,87.87297821044922,61780800,3300,True,0.004631566350225658,0.4210542062217928,2.0,2006-03-09,False,True,0.8863189220428467,0.9878721058434399,0,True,TP
2006-03-08,87.68756563882737,88.195704102458,87.33050032276995,88.0583724975586,66692400,3301,True,0.006751136630466004,0.15610792119174954,1.0,2006-03-09,False,True,0.6784890294075012,0.8974641675854466,0,True,TP
2006-03-09,88.08586792361463,88.36053123723529,87.46786499023438,87.46786499023438,56313600,3302,True,0.0,1.0,0.0,2006-03-09,True,True,0.9235481023788452,0.9966923925027563,0,True,TP
2006-03-10,87.69445477292855,88.47038848010719,87.50905653806858,88.29872131347656,60490800,3303,False,0.009498989409824299,0.0,1.0,2006-03-09,False,False,,,-1,False,TN
2006-03-13,88.47037151932291,88.69011047979517,88.25750594994688,88.46350860595703,45479100,3304,False,0.011382964656034833,0.0,2.0,2006-03-09,False,False,,,-1,False,TN
2006-03-14,88.38110984451241,89.42483845124328,88.31243880140084,89.3905029296875,69877300,3305,False,0.021981077732579735,0.0,3.0,2006-03-09,False,False,,,-1,False,TN
2006-03-15,89.36993473873976,89.85747416753793,89.16394249335126,89.78880310058594,53398900,3306,False,0.02653475205563427,0.0,4.0,2006-03-09,False,False,,,-1,False,TN
2006-03-16,89.96045345193473,90.27632563196346,89.84372104215265,89.97418975830078,65526400,3307,False,0.02865423511076015,0.0,5.0,2006-03-09,False,False,,,-1,False,TN
2006-03-17,90.0907092050282,90.24237791569529,89.88389779902776,90.04934692382812,47286800,3308,False,0.010834380099210117,0.0,7.0,2006-03-28,False,False,,,-1,False,TN
2006-03-20,90.0631075093246,90.24234750726087,89.76667091434572,89.90454864501953,45538500,3309,False,0.009208970438852049,0.0,6.0,2006-03-28,False,False,,,-1,False,TN
2006-03-21,89.87700227091305,90.30443707996972,89.24275604389427,89.33927154541016,87102700,3310,True,0.0028635437801638464,0.6420570274795192,5.0,2006-03-28,False,False,,,-1,False,FN
2006-03-22,89.28411125126716,89.97351064157101,89.24274897095292,89.88389587402344,51605700,3311,False,0.008977136098234029,0.0,4.0,2006-03-28,False,False,,,-1,False,TN
2006-03-23,89.8011825202369,89.89080782886805,89.38754909762123,89.6977767944336,46704200,3312,True,0.006887886471571347,0.1390141910535816,3.0,2006-03-28,False,False,,,-1,False,FN
2006-03-24,89.61505488417987,90.01490790153838,89.44270498977032,89.7667236328125,43209200,3313,True,0.0076618380549347,0.04227024313316252,2.0,2006-03-28,False,False,,,-1,False,FN
2006-03-27,89.64255609695476,89.81490585650738,89.44263500440732,89.63566589355469,32523000,3314,True,0.006190670599029335,0.22616617512133308,1.0,2006-03-28,False,False,,,-1,False,FN
2006-03-28,89.57364270399107,89.98728647653121,88.96697849550314,89.08417510986328,82079900,3315,True,0.0,1.0,0.0,2006-03-28,True,False,,,-1,False,FN
2006-03-29,89.2151767615346,89.96661956504647,89.13244168230592,89.6426010131836,61505700,3316,True,0.0062685196627978446,0.21643504215026943,1.0,2006-03-28,False,False,,,-1,False,FN
2006-03-30,89.69773613056174,90.29751010712224,89.3116742367114,89.48402404785156,70571700,3317,True,0.004488439585315529,0.4389450518355589,2.0,2006-03-28,False,False,,,-1,False,FN
2006-03-31,89.6357025197064,89.78737121163779,89.18758665012774,89.50471496582031,62925600,3318,True,0.004720702138605315,0.40991223267433563,3.0,2006-03-28,False,False,,,-1,False,FN
2006-04-03,89.67017953327044,90.22169060408268,89.27032664335202,89.43577575683594,61624700,3319,True,0.00394683619777636,0.506645475277955,4.0,2006-03-28,False,False,,,-1,False,FN
2006-04-04,89.43572453920706,90.12512350231997,89.18065028906116,90.00792694091797,54809300,3320,False,0.010369426779958113,0.0,5.0,2006-03-28,False,False,,,-1,False,TN
2006-04-05,90.04245885568612,90.50435520572611,89.8838999341859,90.3182144165039,50607200,3321,False,0.013852508653964035,0.0,6.0,2006-03-28,False,False,,,-1,False,TN
2006-04-06,90.20790690420588,90.45609108478864,89.7529008199043,90.22168731689452,57906200,3322,False,0.012768959308748107,0.0,7.0,2006-03-28,False,False,,,-1,False,TN
2006-04-07,90.35266119599709,90.58705440901066,89.17379440623043,89.30477142333984,80180900,3323,True,0.006995936178438633,0.12550797769517086,2.0,2006-04-11,False,False,,,-1,False,FN
2006-04-10,89.44266510009766,89.67705832730321,89.1117458764448,89.44266510009766,41496500,3324,False,0.008550818072280197,0.0,1.0,2006-04-11,False,True,0.891730546951294,0.9889746416758545,0,True,FP
2006-04-11,89.51851936175187,89.66328734984289,88.41547607623748,88.68434143066406,72799400,3325,True,0.0,1.0,0.0,2006-04-11,True,True,0.8235228657722473,0.9680264608599779,0,True,TP
2006-04-12,88.7739352617881,89.02211938710607,88.6636288684475,88.84976959228516,43033700,3326,True,0.0018653593064164031,0.7668300866979496,1.0,2006-04-11,False,True,0.8873347640037537,0.9889746416758545,0,True,TP
2006-04-13,88.64984702909818,89.10485305873442,88.45681608065816,88.73258209228516,51051800,3327,True,0.0005439591797478105,0.9320051025315237,2.0,2006-04-11,False,True,0.9016419649124146,0.9911797133406836,0,True,TP
2006-04-17,88.81530146173795,89.14621013701402,88.25688978489798,88.69810485839844,64167700,3328,True,0.00015519569196031924,0.9806005385049601,3.0,2006-04-11,False,True,0.9114610552787781,0.9933847850055126,0,True,TP
2006-04-18,88.88422229848017,90.26992124348205,88.88422229848017,90.10446166992188,92531800,3329,False,0.01601320161314046,0.0,4.0,2006-04-11,False,False,,,-1,False,TN
2006-04-19,90.13898530099084,90.35959819195804,89.78739534033866,90.27686309814452,87269000,3330,False,0.017957191109385873,0.0,5.0,2006-04-11,False,False,,,-1,False,TN
2006-04-20,90.31126892890356,90.90415248921258,90.03551353687821,90.40089416503906,86005500,3331,False,0.01935575893876429,0.0,6.0,2006-04-11,False,False,,,-1,False,TN
2006-04-21,90.78700782070928,90.8559414484251,90.04934542029066,90.41472625732422,72342600,3332,False,0.0195117288886113,0.0,7.0,2006-04-11,False,False,,,-1,False,TN
2006-04-24,90.23544613336752,90.35954343919106,89.88385638575885,90.24923706054688,52546400,3333,False,,0.0,,,False,False,,,-1,False,TN
2006-04-25,90.33889524983364,90.39404846568937,89.56677126665396,89.87699890136719,84359800,3334,False,,0.0,,,False,False,,,-1,False,TN
2006-04-26,89.9666034355212,90.40781854117236,89.8287256873923,89.89765930175781,67262400,3335,False,,0.0,,,False,False,,,-1,False,TN
2006-04-27,89.55297605980631,90.74564457190266,89.33926393318784,90.33200073242188,124478600,3336,False,,0.0,,,False,False,,,-1,False,TN
2006-04-28,90.16654077851872,90.82836881550156,90.11139808488662,90.63533782958984,55854400,3337,False,,0.0,,,False,False,,,-1,False,TN
2006-05-01,90.63532155931406,90.86282457745575,89.84251661802456,89.89765930175781,64990300,3338,False,,0.0,,,False,False,,,-1,False,TN
2006-05-02,90.3182030568234,90.62844117297398,90.1320728104119,90.5732879638672,49063500,3339,False,,0.0,,,False,False,,,-1,False,TN
2006-05-03,90.41471366318665,90.53192080083724,89.93213625879592,90.2354736328125,60821300,3340,False,,0.0,,,False,False,,,-1,False,TN
2006-05-04,90.36646305280316,90.73873405263863,90.29062870772944,90.55949401855467,42921400,3341,False,,0.0,,,False,False,,,-1,False,TN
2006-05-05,91.03520381361992,91.552253425754,90.89732602093108,91.35922241210938,62588200,3342,False,,0.0,,,False,False,,,-1,False,TN
2006-05-08,91.35229942726492,91.53154998154793,91.24889373779295,91.24889373779295,30016700,3343,False,,0.0,,,False,False,,,-1,False,TN
2006-05-09,91.29027620211252,91.53157022344004,91.21444183992968,91.42815399169922,29864000,3344,False,,0.0,,,False,False,,,-1,False,TN
2006-05-10,91.28333684224052,91.5177300102673,90.9248463668261,91.37985229492188,64378200,3345,False,,0.0,,,False,False,,,-1,False,TN
2006-05-11,91.35232464310562,91.37990651417734,89.98042636023416,90.27686309814452,80626900,3346,False,,0.0,,,False,False,,,-1,False,TN
2006-05-12,89.8700929026821,90.1182770707232,89.06349698639815,89.09796905517578,91726500,3347,False,0.03251595555908415,0.0,7.0,2006-05-23,False,True,0.6838541626930237,0.8974641675854466,0,True,FP
2006-05-15,88.78772830542242,89.44266603445332,88.66364148480487,89.27720642089844,84029300,3348,False,0.03459305610249186,0.0,6.0,2006-05-23,False,True,0.8201310038566589,0.9680264608599779,0,True,FP
2006-05-16,89.45646787964702,89.62192753284575,88.93941829772676,89.146240234375,62137600,3349,False,0.033075348362819,0.0,5.0,2006-05-23,False,True,0.6932327151298523,0.9040793825799338,0,True,FP
2006-05-17,88.70500866791416,89.00145584368273,87.39514891645257,87.45030212402344,144789500,3350,False,0.013421890745908271,0.0,4.0,2006-05-23,False,True,0.5582414865493774,0.7938257993384785,0,True,FP
2006-05-18,87.79500140444591,88.07076218141566,86.94014772956912,87.00908660888672,87906300,3351,False,0.00830884424159617,0.0,3.0,2006-05-23,False,True,0.5709726214408875,0.804851157662624,0,True,FP
2006-05-19,87.46408363702254,87.89150780042033,86.72642665922118,87.62264251708984,124309400,3352,False,0.015419065401126364,0.0,2.0,2006-05-23,False,True,0.3510594964027405,0.587651598676957,0,True,FP
2006-05-22,87.05736758042376,87.67093271156058,86.51963681468145,86.9539566040039,110852800,3353,True,0.007669967617637274,0.0412540477953407,1.0,2006-05-23,False,True,0.6291248798370361,0.8522601984564498,0,True,TP
2006-05-23,87.6777929022361,87.9880204469754,86.29209899902344,86.29209899902344,92006500,3354,True,0.0,1.0,0.0,2006-05-23,True,True,0.597957193851471,0.8213891951488423,0,True,TP
2006-05-24,86.64371737094464,87.47789001925449,86.00947118111071,86.98152160644531,168405000,3355,True,0.007989405929616833,0.001324258797895883,1.0,2006-05-23,False,True,0.09203021228313446,0.2613009922822492,0,False,FN
2006-05-25,87.49857446181484,88.05699157714844,87.16077021356628,88.05699157714844,78977900,3356,False,0.020452539671621306,0.0,2.0,2006-05-23,False,True,0.02440493553876877,0.016538037486218304,0,False,TN
2006-05-26,88.2499810802167,88.50506591796875,87.90528676618149,88.50506591796875,62989700,3357,False,0.025645069996157455,0.0,3.0,2006-05-23,False,True,0.059688836336135864,0.17640573318632854,0,False,TN
2006-05-30,88.22241352294876,88.24309465670719,86.89876836542574,86.93323516845703,72419900,3358,True,0.007429836298695758,0.07127046266303028,4.0,2006-05-23,False,True,0.3103256821632385,0.5534729878721059,0,True,TP
2006-05-31,87.29177689534585,87.90534210205078,87.00222507376826,87.90534210205078,86926200,3359,False,0.0186951426809725,0.0,5.0,2006-05-23,False,True,0.023416617885231972,0.008820286659316428,0,False,TN
2006-06-01,87.81568041075738,88.89114688886508,87.7398460674389,88.74636840820312,73721700,3360,False,0.028441415119679236,0.0,6.0,2006-05-23,False,False,,,-1,False,TN
2006-06-02,89.10486784646677,89.22895468274392,88.46373148690259,88.9325180053711,91702600,3361,False,0.030598618378462783,0.0,7.0,2006-05-23,False,False,,,-1,False,TN
2006-06-05,88.82907630547484,88.8359665093422,87.39511968672298,87.63641357421875,86105100,3362,False,0.03729067695600019,0.0,6.0,2006-06-13,False,False,,,-1,False,TN
2006-06-06,87.69848262941112,87.81567924582161,86.69885576758185,87.42272186279297,130498600,3363,False,0.03476135825200055,0.0,5.0,2006-06-13,False,True,0.18111242353916168,0.3836824696802646,0,False,TN
2006-06-07,87.49168615792586,88.00184027490812,86.71955688543079,86.76781463623047,108599400,3364,False,0.027009681378447503,0.0,4.0,2006-06-13,False,True,0.5296988487243652,0.7596471885336273,0,True,FP
2006-06-08,86.57476657547824,87.2090126780819,85.39589438704121,86.69196319580078,204957200,3365,False,0.026111881151550165,0.0,3.0,2006-06-13,False,True,0.6412378549575806,0.8610804851157663,0,True,FP
2006-06-09,87.11250116712979,87.52613971987343,86.3748440824988,86.41620635986328,94972200,3366,False,0.02284794115949884,0.0,2.0,2006-06-13,False,True,0.8180397152900696,0.9680264608599779,0,True,FP
2006-06-12,86.78156352735265,86.81603558889826,85.36140295460174,85.47859954833984,95815900,3367,False,0.011750147849871384,0.0,1.0,2006-06-13,False,True,0.6389011144638062,0.8599779492833517,0,True,FP
2006-06-13,85.30625950025843,86.06459760356574,84.48587799072266,84.48587799072266,185688800,3368,True,0.0,1.0,0.0,2006-06-13,True,True,0.3727131187915802,0.6119073869900772,0,True,TP
2006-06-14,84.68584001501871,85.23046630237258,84.34114023262016,85.1408462524414,163566400,3369,True,0.007752399303829982,0.030950087021252237,1.0,2006-06-13,False,True,0.22063449025154114,0.432194046306505,0,False,FN
2006-06-15,85.45104384664616,87.11249873710074,85.38900043233014,86.9470443725586,134057000,3370,False,0.029131097887225454,0.0,2.0,2006-06-13,False,True,0.0277039036154747,0.037486218302094816,0,False,TN
2006-06-16,86.75663433029287,86.94359258603357,86.18190238980199,86.31346893310547,94253500,3371,False,0.02163191039552781,0.0,3.0,2006-06-13,False,True,0.03300568088889122,0.06504961411245866,0,False,TN
2006-06-19,86.83277647206035,86.88817344996144,85.55175173504024,85.63484191894531,95804400,3372,False,0.013599479055527164,0.0,4.0,2006-06-13,False,True,0.16234560310840607,0.36824696802646084,0,False,TN
2006-06-20,85.87029798840688,86.42425205762972,85.66948785531869,85.92568969726562,65494700,3373,False,0.017042039933597763,0.0,5.0,2006-06-13,False,True,0.08188656717538834,0.23594266813671444,0,False,TN
2006-06-21,85.86338678588402,87.04054400767225,85.83568828522503,86.56275939941406,75008200,3374,False,0.024582586558660857,0.0,6.0,2006-06-13,False,True,0.08367965370416641,0.2392502756339581,0,False,TN
2006-06-22,86.52119736667822,86.59736691250562,85.89107373104477,86.18190002441406,74566100,3375,False,0.02007462162939988,0.0,7.0,2006-06-13,False,True,0.04366651177406311,0.11576626240352811,0,False,TN
2006-06-23,86.0918831281702,86.76355714487642,85.8841470444442,86.16805267333984,54107000,3376,False,,0.0,,,False,True,0.05854838341474533,0.17089305402425578,0,False,TN
2006-06-26,86.2372903389588,86.59736020529691,86.03648021396243,86.54888916015625,37899600,3377,False,,0.0,,,False,True,0.0479973740875721,0.13340683572216097,0,False,TN
2006-06-27,86.56276916007468,86.75665340360077,85.70413139167425,85.80107879638672,69780200,3378,False,,0.0,,,False,True,0.5906793475151062,0.8180815876515987,0,True,FP
2006-06-28,85.9949221271193,86.39653703351627,85.62100042837984,86.3826904296875,62368100,3379,False,,0.0,,,False,True,0.04821297898888588,0.1345093715545755,0,False,TN
2006-06-29,86.69428362183146,88.18304437754435,86.67351107595235,88.12764739990234,110634800,3380,False,,0.0,,,False,False,,,-1,False,TN
2006-06-30,88.31465829903789,88.39775381011881,87.91303791990416,88.1346206665039,54227800,3381,False,,0.0,,,False,False,,,-1,False,TN
2006-07-03,88.23843711795783,88.64005197921033,88.15534165548507,88.49464416503906,23914000,3382,False,,0.0,,,False,False,,,-1,False,TN
2006-07-05,88.14149767462868,88.252286344941,87.6083110197271,87.9891586303711,69653400,3383,False,,0.0,,,False,False,,,-1,False,TN
2006-07-06,88.07919325152088,88.52928453599604,87.99610305207459,88.2453842163086,50100300,3384,False,0.03324149856968428,0.0,7.0,2006-07-17,False,False,,,-1,False,TN
2006-07-07,88.07228221062213,88.32848406416404,87.4490792319626,87.67066192626953,81626500,3385,False,0.026512229662363662,0.0,6.0,2006-07-17,False,False,,,-1,False,TN
2006-07-10,87.89916070090037,88.23845800783447,87.53216489991793,87.83683776855469,60964100,3386,False,0.028457937960124857,0.0,5.0,2006-07-17,False,False,,,-1,False,TN
2006-07-11,87.67065007265732,88.224609375,87.20671219464009,88.224609375,73640800,3387,False,0.03299825153351499,0.0,4.0,2006-07-17,False,False,,,-1,False,TN
2006-07-12,88.04458816926248,88.2176998230428,87.0543892983211,87.28289794921875,82561300,3388,False,0.021972005419504725,0.0,3.0,2006-07-17,False,False,,,-1,False,TN
2006-07-13,86.8674181941033,87.02668322621838,85.86337280273438,85.86337280273438,102405700,3389,True,0.005351166804131502,0.33110414948356226,2.0,2006-07-17,False,True,0.6942735910415649,0.9040793825799338,0,True,TP
2006-07-14,85.95338339437056,86.04340482176744,85.05320610103512,85.53099060058594,103242500,3390,True,0.0014593928864847783,0.8175758891894027,1.0,2006-07-17,False,True,0.6682243347167969,0.8875413450937155,0,True,TP
2006-07-17,85.53098976404216,85.93261000386791,85.27478793890484,85.4063491821289,81159000,3391,True,0.0,1.0,0.0,2006-07-17,True,True,0.7255643010139465,0.9228224917309813,0,True,TP
2006-07-18,85.66257560952606,85.89801022088044,84.74854623033885,85.84261322021484,122771000,3392,True,0.005108098429024377,0.3614876963719529,1.0,2006-07-17,False,True,0.412369966506958,0.6527012127894156,0,True,TP
2006-07-19,85.9880117261251,87.42830180020748,85.66948695102091,87.03360748291016,133565300,3393,False,0.019053130316003974,0.0,2.0,2006-07-17,False,False,,,-1,False,TN
2006-07-20,87.33132085015176,87.45596138346998,86.32034998343518,86.43806457519531,112259800,3394,False,0.012080078389327564,0.0,3.0,2006-07-17,False,False,,,-1,False,TN
2006-07-21,86.65966655794982,86.68736504743723,85.73871159354394,85.82872772216797,101560000,3395,True,0.0049455168624330526,0.38181039219586843,4.0,2006-07-17,False,True,0.34830591082572937,0.5854465270121278,0,True,TP
2006-07-24,86.16803366762616,87.4698310273927,86.16803366762616,87.39366149902344,92884000,3396,False,0.02326890606992915,0.0,5.0,2006-07-17,False,False,,,-1,False,TN
2006-07-25,87.23441265652556,88.14844182795316,87.05437508675946,87.70527648925781,95480700,3397,False,0.026917522281937778,0.0,6.0,2006-07-17,False,False,,,-1,False,TN
2006-07-26,87.65679945460113,88.25230386421661,87.37289913817376,87.82299041748047,84525800,3398,False,0.02829580304618906,0.0,7.0,2006-07-17,False,False,,,-1,False,TN
2006-07-27,88.2038059072412,88.4184678480572,87.38671907938435,87.7398681640625,87257100,3399,False,,0.0,,,False,False,,,-1,False,TN
2006-07-28,87.96839947517756,88.73008952946142,87.84375890026222,88.61930084228516,82137000,3400,False,,0.0,,,False,False,,,-1,False,TN
2006-07-31,88.39773561322416,88.60546642374048,88.25231717802993,88.529296875,49593100,3401,True,0.006851340488715163,0.14358243891060463,7.0,2006-08-09,False,False,,,-1,False,FN
2006-08-01,88.17613066134656,88.2038291540083,87.66372175447239,88.0930404663086,65225600,3402,True,0.0018897586689934354,0.7637801663758206,6.0,2006-08-09,False,False,,,-1,False,FN
2006-08-02,88.3423371909541,88.95169357103987,88.32156463853266,88.68856048583984,64770900,3403,False,0.008662659291930996,0.0,5.0,2006-08-09,False,False,,,-1,False,TN
2006-08-03,88.1761372043722,89.01400214145809,88.04457595815062,88.92398071289062,63693800,3404,False,0.011340113869695356,0.0,4.0,2006-08-09,False,False,,,-1,False,TN
2006-08-04,89.38102397577163,89.62337398847731,88.27311027924262,88.77166748046875,96294200,3405,False,0.009607842320598303,0.0,3.0,2006-08-09,False,False,,,-1,False,TN
2006-08-07,88.56389617919922,88.68853674330889,88.21767297699981,88.56389617919922,45377300,3406,True,0.00724484136404846,0.09439482949394251,2.0,2006-08-09,False,False,,,-1,False,FN
2006-08-08,88.69546791415962,88.95168029895635,87.90607934223712,88.224609375,90901300,3407,True,0.003386103232416726,0.5767370959479092,1.0,2006-08-09,False,False,,,-1,False,FN
2006-08-09,88.75780848503021,89.04864538244121,87.67067271479425,87.9268798828125,78910600,3408,True,0.0,1.0,0.0,2006-08-09,True,False,,,-1,False,FN
2006-08-10,87.64987370900984,88.28692318091775,87.44213765893468,88.19690704345703,69322300,3409,True,0.003071042222860809,0.6161197221423989,1.0,2006-08-09,False,False,,,-1,False,FN
2006-08-11,88.05842052929822,88.07919307911914,87.51831310216423,87.9476318359375,47482200,3410,True,0.0002360137554369146,0.9704982805703857,2.0,2006-08-09,False,False,,,-1,False,FN
2006-08-14,88.37696140225755,88.74396255349056,87.88532492937189,88.01689147949219,57839000,3411,True,0.0010237096642080612,0.8720362919739924,3.0,2006-08-09,False,False,,,-1,False,FN
2006-08-15,88.80624870698287,89.23556208377872,88.56389352928413,89.06938171386719,68143000,3412,False,0.012993772013488947,0.0,4.0,2006-08-09,False,False,,,-1,False,TN
2006-08-16,89.54717266031307,89.94186161026089,89.35327794955165,89.81029510498047,71737600,3413,False,0.021420244010456724,0.0,5.0,2006-08-09,False,False,,,-1,False,TN
2006-08-17,89.72721954475206,90.2742476356772,89.66490189500651,90.038818359375,70992800,3414,False,0.024019258722443704,0.0,6.0,2006-08-09,False,False,,,-1,False,TN
2006-08-18,90.14961110221176,90.49583435058594,89.73413897780473,90.49583435058594,58288400,3415,False,0.029216941067365276,0.0,7.0,2006-08-09,False,False,,,-1,False,TN
2006-08-21,90.14266898268492,90.21191785035008,89.87954653052356,90.1080551147461,42133600,3416,False,,0.0,,,False,False,,,-1,False,TN
2006-08-22,90.01112439365997,90.37812019361236,89.79645710317708,90.10113525390624,60839900,3417,False,,0.0,,,False,False,,,-1,False,TN
2006-08-23,90.14267101975476,90.32271385339534,89.45715581748944,89.85184478759766,66592100,3418,False,,0.0,,,False,False,,,-1,False,TN
2006-08-24,90.011120371696,90.0872899059748,89.60256892462166,89.77568054199219,57983000,3419,False,,0.0,,,False,False,,,-1,False,TN
2006-08-25,89.76874473853782,90.1911374363071,89.70642710261109,89.88645935058594,41756000,3420,False,,0.0,,,False,False,,,-1,False,TN
2006-08-28,89.77568086616823,90.585852536375,89.76876020517048,90.31578826904295,52681500,3421,True,0.004002398504581395,0.49970018692732565,7.0,2006-09-07,False,False,,,-1,False,FN
2006-08-29,90.3573219558956,90.59275116329354,89.88645297520765,90.41963958740234,61817800,3422,True,0.005156869663157648,0.35539129210529397,6.0,2006-09-07,False,False,,,-1,False,FN
2006-08-30,90.62045206969782,90.7381666834032,90.39887472798564,90.47504425048828,50052200,3423,True,0.005772779856632493,0.2784025179209384,5.0,2006-09-07,False,False,,,-1,False,FN
2006-08-31,90.60659236682925,90.7035344152648,90.41962892845676,90.46117401123048,37510300,3424,True,0.0056185902763878914,0.29767621545151357,4.0,2006-09-07,False,False,,,-1,False,FN
2006-09-01,90.80742809286237,91.11210622497036,90.59969204225288,91.00131225585938,48794500,3425,False,0.0116230785671394,0.0,3.0,2006-09-07,False,False,,,-1,False,TN
2006-09-05,91.06359876896192,91.29903851430556,90.84894213087902,91.17439270019533,52348300,3426,False,0.01354714062293283,0.0,2.0,2006-09-07,False,False,,,-1,False,TN
2006-09-06,90.78664208356275,90.82126651451304,90.24653477159582,90.37117004394533,53795600,3427,True,0.0046180542598053265,0.4227432175243342,1.0,2006-09-07,False,False,,,-1,False,FN
2006-09-07,90.05961228594767,90.41276685012134,89.56798106673389,89.95574951171875,86269400,3428,True,0.0,1.0,0.0,2006-09-07,True,False,,,-1,False,FN
2006-09-08,90.07341928119588,90.3365522659488,89.90030769983576,90.21190643310548,45096300,3429,True,0.002847588095004072,0.644051488124491,1.0,2006-09-07,False,False,,,-1,False,FN
2006-09-11,89.92106288175655,90.49579448880608,89.65792994781111,90.30191040039062,68496600,3430,True,0.003848124111586415,0.5189844860516981,2.0,2006-09-07,False,False,,,-1,False,FN
2006-09-12,90.40581786248973,91.29214858146348,90.27425133037872,91.18828582763672,69875600,3431,False,0.013701584641428566,0.0,3.0,2006-09-07,False,False,,,-1,False,TN
2006-09-13,91.15366992658984,91.71454998158627,91.0705797157449,91.55529022216795,62898400,3432,True,0.001301070978415364,0.8373661276980795,7.0,2006-09-22,False,False,,,-1,False,FN
2006-09-14,91.37524949642638,91.5691336811432,91.22983107494092,91.56220245361328,57805400,3433,True,0.0013766670988828444,0.8279166126396444,6.0,2006-09-22,False,False,,,-1,False,FN
2006-09-15,92.02048476551394,92.0761253626844,91.58232169552087,91.77706909179688,76703100,3434,True,0.003726571669210532,0.5341785413486835,5.0,2006-09-22,False,False,,,-1,False,FN
2006-09-18,91.65887917623157,92.07617859006292,91.56151072798625,91.90230560302734,64154100,3435,True,0.005096229856262013,0.3629712679672483,4.0,2006-09-22,False,False,,,-1,False,FN
2006-09-19,91.88838368251965,91.89534539322442,91.1581256992621,91.67278289794922,92089100,3436,True,0.002586038147504466,0.6767452315619418,3.0,2006-09-22,False,False,,,-1,False,FN
2006-09-20,91.97879812993172,92.34045686719742,91.84665297906368,92.1596221923828,75204100,3437,True,0.007910391395993033,0.011201075500870905,2.0,2006-09-22,False,False,,,-1,False,FN
2006-09-21,92.22918352499454,92.32655196886635,91.40154644590172,91.71451568603516,88932500,3438,True,0.0030424518108105314,0.6196935236486836,1.0,2006-09-22,False,False,,,-1,False,FN
2006-09-22,91.57542133705395,91.58237243591692,91.10944301648397,91.4363250732422,65966800,3439,True,0.0,1.0,0.0,2006-09-22,True,False,,,-1,False,FN
2006-09-25,91.61713691943471,92.39609499500672,91.14420756316176,92.13875579833984,92299100,3440,True,0.00768218456434,0.039726929457500004,1.0,2006-09-22,False,False,,,-1,False,FN
2006-09-26,92.15266093835726,92.91770614203574,92.08310751534565,92.90379333496094,73962700,3441,False,0.016049073063066244,0.0,2.0,2006-09-22,False,False,,,-1,False,TN
2006-09-27,92.8412179666053,93.17505110863613,92.68820889893196,93.0150909423828,82432200,3442,False,0.017266287417784687,0.0,3.0,2006-09-22,False,False,,,-1,False,TN
2006-09-28,93.01508524821423,93.18895821334765,92.6951543229288,92.98030853271484,58597500,3443,False,0.01688588707207872,0.0,4.0,2006-09-22,False,False,,,-1,False,TN
2006-09-29,93.05680237569663,93.1541708004955,92.83423991194933,92.90379333496094,47966600,3444,False,0.016049073063066244,0.0,5.0,2006-09-22,False,False,,,-1,False,TN
2006-10-02,92.87595049026903,93.07764901216582,92.46561296276926,92.5560302734375,51687400,3445,False,0.012245737121416411,0.0,6.0,2006-09-22,False,False,,,-1,False,TN
2006-10-03,92.42392664384876,93.10550579690286,92.25700475208718,92.75080871582033,73108100,3446,False,0.014375945681600832,0.0,7.0,2006-09-22,False,False,,,-1,False,TN
2006-10-04,92.66035646169271,93.89137974537094,92.55603695136456,93.8357391357422,80890500,3447,False,,0.0,,,False,False,,,-1,False,TN
2006-10-05,93.83575462245057,94.17654943303616,93.71752228711178,94.0165786743164,60505900,3448,False,,0.0,,,False,False,,,-1,False,TN
2006-10-06,93.85660288441348,93.96093300693232,93.47408032656678,93.89833068847656,64983600,3449,False,,0.0,,,False,False,,,-1,False,TN
2006-10-09,93.78710634058186,94.10007563778257,93.64104834195946,93.95401763916016,41176800,3450,False,,0.0,,,False,False,,,-1,False,TN
2006-10-10,93.96092266564187,94.2043383666733,93.78008805145627,94.07915496826172,56403700,3451,False,,0.0,,,False,False,,,-1,False,TN
2006-10-11,93.78014782511671,94.19048559793164,93.4045867781466,93.96793365478516,104071800,3452,False,,0.0,,,False,False,,,-1,False,TN
2006-10-12,94.2043340278256,94.85809782237958,94.16955732574856,94.7815933227539,59158600,3453,False,,0.0,,,False,False,,,-1,False,TN
2006-10-13,94.69817291291012,95.08069555316534,94.61470667444134,95.02505493164062,53944000,3454,False,,0.0,,,False,False,,,-1,False,TN
2006-10-16,94.94856777548767,95.31717767471213,94.87901433276537,95.1711196899414,42273000,3455,False,,0.0,,,False,False,,,-1,False,TN
2006-10-17,94.91379050355066,95.07375068604564,94.35739480209575,94.87206268310548,90500600,3456,False,,0.0,,,False,False,,,-1,False,TN
2006-10-18,95.31018443498748,95.53969798521098,94.65643110653606,94.9972152709961,86848600,3457,False,,0.0,,,False,False,,,-1,False,TN
2006-10-19,94.8581403403744,95.1989351937076,94.74685908879243,95.1502456665039,64063200,3458,False,,0.0,,,False,False,,,-1,False,TN
2006-10-20,95.1711196899414,95.2476242319898,94.81642260173447,95.1711196899414,48094500,3459,False,,0.0,,,False,False,,,-1,False,TN
2006-10-23,94.97636804000396,95.8387817789896,94.858135695624,95.60926818847656,66219900,3460,False,,0.0,,,False,False,,,-1,False,TN
2006-10-24,95.47712506279764,95.92919054281316,95.43539724770254,95.89442443847656,53234900,3461,False,,0.0,,,False,False,,,-1,False,TN
2006-10-25,95.79704778009912,96.26302602928844,95.6370770194742,96.22129821777344,78105400,3462,False,0.013256375052553171,0.0,7.0,2006-11-03,False,False,,,-1,False,TN
2006-10-26,96.43691484664234,96.6733795590278,95.9639748095066,96.52037048339844,66843700,3463,False,0.016405749311255047,0.0,6.0,2006-11-03,False,False,,,-1,False,TN
2006-10-27,96.40213304185646,96.49950148372383,95.72055394878475,95.91529083251952,80238000,3464,False,0.01003397066116829,0.0,5.0,2006-11-03,False,False,,,-1,False,TN
2006-10-30,95.7414141062227,96.11697504946603,95.56057942672156,95.84573364257812,49717800,3465,False,0.0093015001224801,0.0,4.0,2006-11-03,False,False,,,-1,False,TN
2006-10-31,96.0265574640076,96.1586919909956,95.45624909678128,95.8318099975586,71274100,3466,False,0.00915487746885435,0.0,3.0,2006-11-03,False,False,,,-1,False,TN
2006-11-01,96.13087443082524,96.19346614389566,95.08763676353576,95.18500518798828,83005600,3467,True,0.0023437129049708183,0.7070358868786477,2.0,2006-11-03,False,False,,,-1,False,FN
2006-11-02,94.94159349186909,95.28933943470228,94.83727395396473,95.12937927246094,60693100,3468,True,0.001757945361088309,0.7802568298639614,1.0,2006-11-03,False,False,,,-1,False,FN
2006-11-03,95.47015711775867,95.55361273322232,94.32258934332322,94.96244049072266,71346400,3469,True,0.0,1.0,0.0,2006-11-03,True,False,,,-1,False,FN
2006-11-06,95.25453818401776,96.17258161593548,95.24757647581684,96.03348541259766,63303300,3470,False,0.011278616222796467,0.0,1.0,2006-11-03,False,False,,,-1,False,TN
2006-11-07,96.11699112220197,96.65947402669208,95.97789484634704,96.4021453857422,63318900,3471,False,0.015160782384907145,0.0,2.0,2006-11-03,False,False,,,-1,False,TN
2006-11-08,95.9778710765822,96.70813960942009,95.1850108269658,96.61077117919922,87517800,3472,False,0.017357711953891908,0.0,3.0,2006-11-03,False,False,,,-1,False,TN
2006-11-09,96.68030201459588,96.77071933587033,95.90830576622612,96.10304260253906,95916300,3473,False,0.01201108676148488,0.0,4.0,2006-11-03,False,False,,,-1,False,TN
2006-11-10,96.0752677196828,96.21436400193548,95.78316234324237,96.1448211669922,48991500,3474,False,0.012451035063542282,0.0,5.0,2006-11-03,False,False,,,-1,False,TN
2006-11-13,96.10305301267456,96.70117639252936,96.0265591016014,96.38125610351562,59398200,3475,False,0.014940808233878222,0.0,6.0,2006-11-03,False,False,,,-1,False,TN
2006-11-14,96.65246505553168,97.1879965399018,96.06129297166189,97.10453033447266,96704000,3476,False,0.022557232445592712,0.0,7.0,2006-11-03,False,False,,,-1,False,TN
2006-11-15,97.0698051348223,97.6818307624071,97.0419795171717,97.38277435302734,76509600,3477,False,0.011558845239240556,0.0,7.0,2006-11-27,False,False,,,-1,False,TN
2006-11-16,97.67488363856398,97.8417949018043,97.01416845938802,97.6331558227539,76728800,3478,False,0.014159670611782804,0.0,6.0,2006-11-27,False,False,,,-1,False,TN
2006-11-17,97.320192944872,97.66793895372928,97.18109666380224,97.6609878540039,56353800,3479,False,0.014448774486456317,0.0,5.0,2006-11-27,False,False,,,-1,False,TN
2006-11-20,97.57754798355144,97.88356621879952,97.32717039220007,97.71664428710938,69174200,3480,False,0.015026902985837642,0.0,4.0,2006-11-27,False,False,,,-1,False,TN
2006-11-21,97.70969104782375,97.83487453457587,97.57058413494256,97.8140106201172,51367900,3481,False,0.016038291047401065,0.0,3.0,2006-11-27,False,False,,,-1,False,TN
2006-11-22,97.89047280428328,98.17562699494312,97.71659985081207,98.00870513916016,45505300,3482,False,0.018060670920699184,0.0,2.0,2006-11-27,False,False,,,-1,False,TN
2006-11-24,97.535777274138,97.95306600135947,97.50795165823877,97.6122817993164,30998000,3483,False,0.013942842705777725,0.0,1.0,2006-11-27,False,False,,,-1,False,TN
2006-11-27,97.56361985600384,97.61230939140908,96.24218926106224,96.27000427246094,84545100,3484,True,0.0,1.0,0.0,2006-11-27,True,False,,,-1,False,FN
2006-11-28,96.14481872010668,96.78467009207765,96.05440136337882,96.6873016357422,106652900,3485,True,0.004334656120926761,0.4581679848841549,1.0,2006-11-27,False,False,,,-1,False,FN
2006-11-29,97.00026305531428,97.73748282387854,96.72902161947714,97.6957550048828,90034900,3486,False,0.014809916579900939,0.0,2.0,2006-11-27,False,False,,,-1,False,TN
2006-11-30,97.67487318776708,98.09912362371682,97.20193323033904,97.73746490478516,83994300,3487,False,0.015243176142083037,0.0,3.0,2006-11-27,False,False,,,-1,False,TN
2006-12-01,97.73748955414445,97.82790690977131,96.65252373608443,97.52188873291016,126080000,3488,False,0.013003889112814138,0.0,4.0,2006-11-27,False,False,,,-1,False,TN
2006-12-04,97.54272257297605,98.44686401341548,97.52880976585352,98.26602935791016,87813200,3489,False,0.020733613761978464,0.0,5.0,2006-11-27,False,False,,,-1,False,TN
2006-12-05,98.45385811342308,98.73206131557458,98.2452083649012,98.69032287597656,73374400,3490,False,0.025140942101401498,0.0,6.0,2006-11-27,False,False,,,-1,False,TN
2006-12-06,98.669403228929,98.80851005761376,98.4120746981121,98.6068115234375,53253200,3491,False,0.02427347197745,0.0,7.0,2006-11-27,False,False,,,-1,False,TN
2006-12-07,98.78066477242858,98.9684504638622,98.14081381489213,98.17559051513672,62857400,3492,False,,0.0,,,False,False,,,-1,False,TN
2006-12-08,98.15478782266965,98.69030901340088,97.91136138152594,98.35647583007812,79625500,3493,False,,0.0,,,False,False,,,-1,False,TN
2006-12-11,98.35643977512235,98.82241796354369,98.30079916290406,98.64159393310548,39779400,3494,False,,0.0,,,False,False,,,-1,False,TN
2006-12-12,98.5442224623557,98.669405876698,97.98782696976907,98.5650863647461,77451600,3495,False,,0.0,,,False,False,,,-1,False,TN
2006-12-13,98.91974226633928,98.99624674747533,98.45376428573137,98.66936492919922,55520200,3496,False,,0.0,,,False,False,,,-1,False,TN
2006-12-14,98.66251732516078,99.62229989299873,98.648604510627,99.53883361816406,64755200,3497,False,,0.0,,,False,False,,,-1,False,TN
2006-12-15,99.75768663910264,99.93252835086994,99.4779441688714,99.5478744506836,70857400,3498,False,,0.0,,,False,False,,,-1,False,TN
2006-12-18,99.68773216002997,99.92552496610276,99.13523712126464,99.27510833740234,48954600,3499,False,,0.0,,,False,False,,,-1,False,TN
2006-12-19,98.99539939711528,99.70175621405264,98.74362685429216,99.46397399902344,65023600,3500,False,,0.0,,,False,False,,,-1,False,TN
2006-12-20,99.50589278326706,99.771655542971,99.31706078708326,99.4079818725586,41469600,3501,False,,0.0,,,False,False,,,-1,False,TN
2006-12-21,99.49894461662942,99.61083522465094,98.83454811068644,99.04434967041016,48698400,3502,False,,0.0,,,False,False,,,-1,False,TN
2006-12-22,99.05833398335204,99.06532381108728,98.37994719078834,98.43589782714844,62069100,3503,True,0.0014939909304882981,0.8132511336889627,7.0,2007-01-05,False,False,,,-1,False,FN
2006-12-26,98.47784956075547,99.03734520414096,98.45686940788408,99.01636505126952,32696900,3504,True,0.00739970672850121,0.07503665893734879,6.0,2007-01-05,False,False,,,-1,False,FN
2006-12-27,99.2192069360652,99.72975260189298,99.19123694755856,99.66680145263672,39727100,3505,False,0.014017294029788019,0.0,5.0,2007-01-05,False,False,,,-1,False,TN
2006-12-28,99.5967956179307,99.79960722741616,99.30306293963092,99.45692443847656,37288800,3506,False,0.011881990008028254,0.0,4.0,2007-01-05,False,False,,,-1,False,TN
2006-12-29,99.35207285332945,99.68776602038076,98.91146823492288,99.04434967041016,45461200,3507,True,0.007684424281004576,0.039446964874428,3.0,2007-01-05,False,False,,,-1,False,FN
2007-01-03,99.48494551812315,99.91155977110628,98.31001420127998,98.86949920654295,94807600,3508,True,0.005905482931966466,0.26181463350419176,2.0,2007-01-05,False,False,,,-1,False,FN
2007-01-04,98.77156159526352,99.34504744375774,98.33795763180956,99.07928466796876,69620600,3509,False,0.008039855489541559,0.0,1.0,2007-01-05,False,False,,,-1,False,TN
2007-01-05,98.84156089685796,98.89051104833206,98.177164236595,98.28905487060548,76645300,3510,True,0.0,1.0,0.0,2007-01-05,True,False,,,-1,False,FN
2007-01-08,98.48486707777629,98.89749105087232,98.08622276134903,98.7436294555664,71655000,3511,True,0.004624874921824729,0.4218906347719089,1.0,2007-01-05,False,True,0.8007566332817078,0.9625137816979051,0,True,TP
2007-01-09,98.82755500545429,99.03037742368718,98.19112843602498,98.6597137451172,75680100,3512,True,0.0037711103743920393,0.5286112032009951,2.0,2007-01-05,False,True,0.765503466129303,0.9536934950385888,0,True,TP
2007-01-10,98.31702453476368,99.00940177970024,98.12120260778066,98.98841094970705,72428000,3513,True,0.007115299664059771,0.11058754199252863,3.0,2007-01-05,False,False,,,-1,False,FN
2007-01-11,99.0163782005665,99.74371516351312,98.9604275616486,99.42201232910156,54476800,3514,False,0.011526791665537717,0.0,4.0,2007-01-05,False,False,,,-1,False,TN
2007-01-12,99.41498161350933,100.17729949951172,99.3870116382981,100.17729949951172,55370600,3515,False,0.019211138324527033,0.0,5.0,2007-01-05,False,False,,,-1,False,TN
2007-01-16,100.05844477618932,100.31720715897627,99.82065187881048,99.98151397705078,44871300,3516,False,0.017219202165219327,0.0,6.0,2007-01-05,False,False,,,-1,False,TN
2007-01-17,99.90455405111427,100.33116823623315,99.82062277648237,100.02344512939452,50241400,3517,False,0.01764581276188193,0.0,7.0,2007-01-05,False,False,,,-1,False,TN
2007-01-18,100.1283486623264,100.19128911642916,99.52689275630982,99.687744140625,68177300,3518,True,0.003449333276094091,0.5688333404882386,7.0,2007-01-29,False,False,,,-1,False,FN
2007-01-19,99.68777336769998,100.07942787486836,99.63183339531294,99.88360595703124,56973000,3519,True,0.0054208635858765675,0.32239205176542907,6.0,2007-01-29,False,False,,,-1,False,FN
2007-01-22,100.0584009218719,100.07938106957856,99.26111262306254,99.57583618164062,60253600,3520,True,0.0023228761794948927,0.7096404775631384,5.0,2007-01-29,False,False,,,-1,False,FN
2007-01-23,99.49189627282269,100.06538205093584,99.3520250764377,99.86956024169922,54064400,3521,True,0.005279480471966247,0.34006494100421913,4.0,2007-01-29,False,False,,,-1,False,FN
2007-01-24,99.988474521628,100.69483116394106,99.94651422011307,100.6738510131836,55834700,3522,False,0.0133754108730757,0.0,3.0,2007-01-29,False,False,,,-1,False,TN
2007-01-25,100.610950233422,100.65291055148256,99.31711684524844,99.49195861816406,73583800,3523,True,0.0014785709354254717,0.815178633071816,2.0,2007-01-29,False,False,,,-1,False,FN
2007-01-26,99.7087317112994,99.76467166546102,99.01635472427908,99.40100860595705,67255600,3524,True,0.0005630749544769387,0.9296156306903827,1.0,2007-01-29,False,False,,,-1,False,FN
2007-01-29,99.44298082400589,99.86959505817345,99.12826785455256,99.3450698852539,66114600,3525,True,0.0,1.0,0.0,2007-01-29,True,True,0.8765223622322083,0.9856670341786108,0,True,TP
2007-01-30,99.55486692185592,99.91154014336608,99.35204457652422,99.86257934570312,70407600,3526,True,0.005209211298023764,0.34884858774702954,1.0,2007-01-29,False,False,,,-1,False,FN
2007-01-31,99.7506636125238,100.7997135339742,99.58980160776365,100.53395080566406,91868600,3527,False,0.011967185908503986,0.0,2.0,2007-01-29,False,False,,,-1,False,TN
2007-02-01,100.81371597156873,101.17039985524175,100.64587477594851,101.13542938232422,69312400,3528,False,0.00808650364936403,0.0,7.0,2007-02-12,False,False,,,-1,False,TN
2007-02-02,101.21937132627971,101.3732329023728,100.97459930721692,101.27532196044922,49607000,3529,False,0.009480909356936795,0.0,6.0,2007-02-12,False,False,,,-1,False,TN
2007-02-05,101.19837227012462,101.36622414128104,100.94659979913514,101.30328369140624,45705300,3530,False,0.009759623194101286,0.0,5.0,2007-02-12,False,False,,,-1,False,TN
2007-02-06,101.38718840792234,101.42914870126538,100.9395941597823,101.33123779296876,57081300,3531,False,0.010038260983834757,0.0,4.0,2007-02-12,False,False,,,-1,False,TN
2007-02-07,101.4921407144184,101.65999264457297,101.1074973823254,101.55509185791016,55669700,3532,False,0.012269568677218734,0.0,3.0,2007-02-12,False,False,,,-1,False,TN
2007-02-08,101.25431306213405,101.4920951862328,100.89763987598592,101.4221649169922,70641000,3533,False,0.010944594274784336,0.0,2.0,2007-02-12,False,False,,,-1,False,TN
2007-02-09,101.45015760559568,101.6389896506554,100.28221620002572,100.6668701171875,79084400,3534,True,0.003416050631771528,0.572993671028559,1.0,2007-02-12,False,False,,,-1,False,FN
2007-02-12,100.66685126258268,100.73678153438328,100.14232620237456,100.32415771484376,65657000,3535,True,0.0,1.0,0.0,2007-02-12,True,False,,,-1,False,FN
2007-02-13,100.54794376248296,101.3382208007529,100.5409432664043,101.17037963867188,64081800,3536,False,0.008434876933962165,0.0,1.0,2007-02-12,False,False,,,-1,False,TN
2007-02-14,101.26829255575814,102.037589464078,101.25430223481032,101.83477783203124,66039400,3537,False,0.015057391475751913,0.0,2.0,2007-02-12,False,False,,,-1,False,TN
2007-02-15,101.8767684082035,102.07259027373222,101.7089165213969,101.96768951416016,38715200,3538,False,0.016382213783323163,0.0,3.0,2007-02-12,False,False,,,-1,False,TN
2007-02-16,101.71595044804197,101.93974236584069,101.56907866488122,101.91876220703124,39841800,3539,False,0.015894521603858403,0.0,4.0,2007-02-12,False,False,,,-1,False,TN
2007-02-20,101.7998354694471,102.24742981995216,101.40819174669156,102.13552856445312,56911800,3540,False,0.01805518123319727,0.0,5.0,2007-02-12,False,False,,,-1,False,TN
2007-02-21,101.83485024255334,102.15656382418148,101.65301862689134,102.09361267089844,63971600,3541,False,0.01763737664346099,0.0,6.0,2007-02-12,False,False,,,-1,False,TN
2007-02-22,102.14256184776796,102.40132424661094,101.5271154164717,102.01667022705078,79067400,3542,False,0.016870438294809498,0.0,7.0,2007-02-12,False,False,,,-1,False,TN
2007-02-23,101.92574991932057,101.9607097319534,101.42919465631104,101.61802673339844,71966200,3543,False,0.05788131739097091,0.0,6.0,2007-03-05,False,False,,,-1,False,TN
2007-02-26,101.9886537046577,102.0725742991816,101.23333633947354,101.52706909179688,69192800,3544,False,0.05693441463348403,0.0,5.0,2007-03-05,False,False,,,-1,False,TN
2007-02-27,100.624882650585,100.84867444194062,97.21196979262923,97.56165313720705,274466500,3545,False,0.01565296498429558,0.0,4.0,2007-03-05,False,False,,,-1,False,TN
2007-02-28,98.1841141648873,99.29610492377265,97.77149027395376,98.561767578125,177536300,3546,False,0.026064526951305345,0.0,3.0,2007-03-05,False,True,0.49563053250312805,0.7232635060639471,0,True,FP
2007-03-01,97.44979305619924,98.78558655771326,96.54761434167789,98.26805114746094,212828600,3547,False,0.023006830058356798,0.0,2.0,2007-03-05,False,True,0.43936827778816223,0.6802646085997794,0,True,FP
2007-03-02,97.94631544267568,98.37292958690844,96.97419608732432,96.98118591308594,162574000,3548,False,0.00961008606315139,0.0,1.0,2007-03-05,False,True,0.6374940872192383,0.8577728776185226,0,True,FP
2007-03-05,96.46368315291242,97.61764508146727,96.04406936465972,96.0580596923828,143750400,3549,True,0.0,1.0,0.0,2007-03-05,True,True,0.6098018288612366,0.8390297684674752,0,True,TP
2007-03-06,97.05812192197362,97.99527085612816,96.31679483461286,97.7015380859375,143333300,3550,False,0.017109219141192122,0.0,1.0,2007-03-05,False,True,0.08143512159585953,0.23373759647188533,0,False,TN
2007-03-07,97.62461021644924,98.23306659632752,97.49172881542418,97.60363006591795,115144900,3551,False,0.01608996036860111,0.0,2.0,2007-03-05,False,True,0.08024343848228455,0.2326350606394708,0,False,TN
2007-03-08,98.28901975470836,98.722634490753,97.96032712839694,98.42890167236328,117891600,3552,False,0.02468134363293295,0.0,3.0,2007-03-05,False,True,0.06125864386558533,0.18081587651598677,0,False,TN
2007-03-09,98.82754995111704,98.90448074866848,97.96733152140104,98.4568862915039,107765100,3553,False,0.02497267388913671,0.0,4.0,2007-03-05,False,True,0.06125864386558533,0.18081587651598677,0,False,TN
2007-03-12,98.20507745007272,98.84849357749994,98.02324593737254,98.60372161865234,80366900,3554,False,0.02650128406113761,0.0,5.0,2007-03-05,False,True,0.059688836336135864,0.17640573318632854,0,False,TN
2007-03-13,98.03725015098873,98.44988474592309,96.54060536251905,96.6874771118164,190605200,3555,True,0.006552468595027339,0.18094142562158266,6.0,2007-03-05,False,True,0.660136342048645,0.8820286659316428,0,True,TP
2007-03-14,96.8133403518782,97.4637570206877,95.63840925807972,97.40780639648438,231853800,3556,False,0.014051363398594807,0.0,7.0,2007-03-05,False,True,0.08499745279550552,0.24366041896361632,0,False,TN
2007-03-15,97.1910041642211,97.9043612817391,97.07211308988316,97.54068756103516,132435900,3557,False,,0.0,,,False,True,0.06210419163107872,0.18302094818081588,0,False,TN
2007-03-16,97.81525484283836,98.03994509133877,96.97970539118616,97.26758575439452,121531600,3558,False,,0.0,,,False,True,0.12606281042099,0.3175303197353914,0,False,TN
2007-03-19,97.7801332707832,98.5314291410246,97.70289734686884,98.44014739990234,96161200,3559,False,,0.0,,,False,True,0.06793896853923798,0.19955898566703417,0,False,TN
2007-03-20,98.3559070463736,99.03698463526032,98.27165355952437,98.9808120727539,82147400,3560,False,,0.0,,,False,False,,,-1,False,TN
2007-03-21,99.07208453915884,100.86253524979512,98.87548594572569,100.6097640991211,152368700,3561,False,,0.0,,,False,False,,,-1,False,TN
2007-03-22,100.74316851157135,100.883594542088,100.25868959954248,100.53252410888672,118942200,3562,False,,0.0,,,False,False,,,-1,False,TN
2007-03-23,100.60271862326792,100.97485233710476,100.5114369038607,100.6799545288086,74416800,3563,False,,0.0,,,False,False,,,-1,False,TN
2007-03-26,100.7571912905558,100.86250811090768,99.76717032398062,100.54654693603516,113787500,3564,False,,0.0,,,False,False,,,-1,False,TN
2007-03-27,100.49039884029456,100.51849047510024,99.97783900019644,100.30784606933594,99864600,3565,False,,0.0,,,False,False,,,-1,False,TN
2007-03-28,99.80223214348403,100.03393975212424,99.18434518711015,99.57755279541016,152907900,3566,False,,0.0,,,False,False,,,-1,False,TN
2007-03-29,100.08312169644812,100.1322766836759,99.1352382646688,99.6829071044922,139432700,3567,False,,0.0,,,False,False,,,-1,False,TN
2007-03-30,99.8725200441861,100.29379813299468,98.69291782511962,99.7040023803711,128194100,3568,False,,0.0,,,False,False,,,-1,False,TN
2007-04-02,99.81633758544922,100.02698196586228,99.33887627559174,99.81633758544922,79416400,3569,False,,0.0,,,False,False,,,-1,False,TN
2007-04-03,100.38509029926412,101.09424878639298,100.34296355738998,100.89063262939452,82417800,3570,False,,0.0,,,False,False,,,-1,False,TN
2007-04-04,100.8906074828072,101.07316022336803,100.51847373724468,101.0029525756836,63995200,3571,False,,0.0,,,False,False,,,-1,False,TN
2007-04-05,100.87661462416708,101.41726629286596,100.83448787067792,101.27684020996094,46822800,3572,False,,0.0,,,False,False,,,-1,False,TN
2007-04-09,101.5646799217734,101.6700074881996,101.21360946132646,101.417236328125,50967400,3573,False,,0.0,,,False,False,,,-1,False,TN
2007-04-10,101.33997676249132,101.7050929560688,101.29785003127424,101.5365753173828,56620000,3574,False,,0.0,,,False,False,,,-1,False,TN
2007-04-11,101.68402152765958,101.71210244163844,100.7852715730829,101.12230682373048,106365700,3575,False,,0.0,,,False,False,,,-1,False,TN
2007-04-12,100.92570999101562,101.75423089011274,100.64484727739344,101.5716781616211,115534400,3576,False,,0.0,,,False,False,,,-1,False,TN
2007-04-13,101.74022471914743,102.0351333618164,101.36107330029208,102.0351333618164,84287000,3577,False,,0.0,,,False,False,,,-1,False,TN
2007-04-16,102.39319973697955,103.1164039433374,102.38618218557124,103.00405883789062,83064600,3578,False,,0.0,,,False,False,,,-1,False,TN
2007-04-17,103.19363197128028,103.49554736603,102.9689417775723,103.27788543701172,108424100,3579,False,,0.0,,,False,False,,,-1,False,TN
2007-04-18,102.93384855221922,103.7061970263384,102.91278518471351,103.40428161621094,88345300,3580,False,,0.0,,,False,False,,,-1,False,TN
2007-04-19,102.89870919276328,103.49552228677013,102.76530076180426,103.37615966796876,102947700,3581,False,,0.0,,,False,False,,,-1,False,TN
2007-04-20,104.07129796202162,104.3521499633789,103.24276634452852,104.3521499633789,124114100,3582,False,,0.0,,,False,False,,,-1,False,TN
2007-04-23,104.17665399444336,104.42942517633068,103.895801887378,103.95899200439452,77270800,3583,False,,0.0,,,False,False,,,-1,False,TN
2007-04-24,104.07831928426847,104.19768192486218,103.43937935095134,104.00108337402344,114471000,3584,False,,0.0,,,False,False,,,-1,False,TN
2007-04-25,104.42940328540864,105.08239983249244,103.93088929279496,104.9560089111328,108418800,3585,False,,0.0,,,False,False,,,-1,False,TN
2007-04-26,104.963005913469,105.18066779306083,104.68917149820577,105.0753402709961,88741600,3586,False,,0.0,,,False,False,,,-1,False,TN
2007-04-27,104.6821300580026,105.13852783520166,104.50659492380628,104.99107360839844,108191100,3587,False,,0.0,,,False,False,,,-1,False,TN
2007-04-30,105.0683549303344,105.13857329990294,104.06429867118185,104.1204605102539,100874100,3588,False,,0.0,,,False,False,,,-1,False,TN
2007-05-01,104.21176333835707,104.94901351275595,103.68515760147515,104.38729858398438,134342700,3589,False,,0.0,,,False,False,,,-1,False,TN
2007-05-02,104.54875351695009,105.28600344811254,104.44343668984872,104.99812316894533,87129800,3590,False,,0.0,,,False,False,,,-1,False,TN
2007-05-03,105.30006993572646,105.6019853752348,105.1315522654629,105.56688690185548,86569700,3591,False,,0.0,,,False,False,,,-1,False,TN
2007-05-04,105.84774700569515,106.1075357258106,105.47561316354364,105.96710968017578,96409000,3592,False,,0.0,,,False,False,,,-1,False,TN
2007-05-07,105.93896913622476,106.16364854003128,105.88981415531477,105.98811340332033,63461400,3593,False,,0.0,,,False,False,,,-1,False,TN
2007-05-08,105.72835464419096,105.96707992612154,105.41239345177488,105.84771728515624,80584000,3594,False,,0.0,,,False,False,,,-1,False,TN
2007-05-09,105.770465836664,107.30113800674748,105.58088486353738,106.13558197021484,102070100,3595,False,,0.0,,,False,False,,,-1,False,TN
2007-05-10,105.83369524018757,106.0373221016637,104.80857552221634,105.02623748779295,153617800,3596,False,,0.0,,,False,False,,,-1,False,TN
2007-05-11,105.14564874937302,105.97417025464532,105.12458536966778,105.9250259399414,113408900,3597,False,,0.0,,,False,False,,,-1,False,TN
2007-05-14,105.92496031049656,106.23390397318988,105.17366452041796,105.69325256347656,108027500,3598,False,,0.0,,,False,False,,,-1,False,TN
2007-05-15,105.81262264751274,106.48668256928164,105.45453467540302,105.72135162353516,180673300,3599,False,,0.0,,,False,False,,,-1,False,TN
2007-05-16,105.88283477780948,106.46561292744042,105.58793692748148,106.44454956054688,114166500,3600,False,,0.0,,,False,False,,,-1,False,TN
2007-05-17,106.29006689207378,106.69730980019796,106.1004858955397,106.23389434814452,101132800,3601,False,,0.0,,,False,False,,,-1,False,TN
2007-05-18,106.73239173049478,107.16069793701172,106.59196574933516,107.16069793701172,99182000,3602,False,,0.0,,,False,False,,,-1,False,TN
2007-05-21,107.13264485447446,107.58903209024564,107.07647230465643,107.10455322265624,174664600,3603,False,,0.0,,,False,False,,,-1,False,TN
2007-05-22,107.21693860714264,107.53992821149927,106.9922590372696,107.02033996582033,82148800,3604,False,,0.0,,,False,False,,,-1,False,TN
2007-05-23,107.39248907722562,107.77866886085994,106.97822836106516,107.0344009399414,133786600,3605,False,,0.0,,,False,False,,,-1,False,TN
2007-05-24,107.09755481989936,107.57501622181012,105.84072727369156,106.0654067993164,187593000,3606,False,,0.0,,,False,False,,,-1,False,TN
2007-05-25,106.37431250450148,106.73942865620072,106.14962234535842,106.50772094726562,83309200,3607,False,,0.0,,,False,False,,,-1,False,TN
2007-05-29,106.6832384406229,107.07643544016,106.33918570912056,106.89388275146484,82020000,3608,False,0.02105900329453214,0.0,7.0,2007-06-07,False,False,,,-1,False,TN
2007-05-30,106.34622525767088,107.80666834985276,106.26196109610264,107.76454162597656,129013600,3609,False,0.02937560719866239,0.0,6.0,2007-06-07,False,False,,,-1,False,TN
2007-05-31,107.89794156603976,108.05241335063486,107.511762104552,107.6521987915039,114866700,3610,False,0.02830249936834206,0.0,5.0,2007-06-07,False,False,,,-1,False,TN
2007-06-01,108.0454260383461,108.4105315279139,107.78562666583215,108.18585205078124,107771700,3611,False,0.033399998411290044,0.0,4.0,2007-06-07,False,False,,,-1,False,TN
2007-06-04,107.80664432230137,108.40346801437175,107.76451760781424,108.1998519897461,78008800,3612,False,0.03353372695924528,0.0,3.0,2007-06-07,False,False,,,-1,False,TN
2007-06-05,107.94714930536983,108.05948371049064,107.3292618650143,107.77161407470705,126917900,3613,False,0.029443163800272565,0.0,2.0,2007-06-07,False,False,,,-1,False,TN
2007-06-06,107.32920055304274,107.39239062866709,106.54982414556709,106.6130142211914,164096800,3614,False,0.018376124403842065,0.0,1.0,2007-06-07,False,False,,,-1,False,TN
2007-06-07,106.41649280684985,107.07650708934978,104.66114023161458,104.6892318725586,232414600,3615,True,0.0,1.0,0.0,2007-06-07,True,True,0.6718676686286926,0.8919514884233738,0,True,TP
2007-06-08,105.02617332770372,106.15661991876256,104.68212063866378,106.0512924194336,175886000,3616,False,0.013010512375647876,0.0,1.0,2007-06-07,False,True,0.8364619016647339,0.9702315325248071,0,True,FP
2007-06-11,105.97409499324456,106.690281536071,105.81260562558371,106.23389434814452,102015600,3617,False,0.014754740749901352,0.0,2.0,2007-06-07,False,True,0.8463218212127686,0.9735391400220507,0,True,FP
2007-06-12,105.79152670853676,106.40238562401264,105.00513263676862,105.0753402709961,233898000,3618,True,0.0036881386130287463,0.5389826733714067,3.0,2007-06-07,False,True,0.523550271987915,0.7497243660418964,0,True,TP
2007-06-13,105.67223294180594,106.77459958423242,105.1245637544293,106.64820861816406,193208200,3619,False,0.018712304126848434,0.0,4.0,2007-06-07,False,False,,,-1,False,TN
2007-06-14,106.76751654148389,107.51178399306976,106.74645317691576,107.32923126220705,146396500,3620,False,0.025217487438079722,0.0,5.0,2007-06-07,False,False,,,-1,False,TN
2007-06-15,107.989305144705,108.35599510342998,107.84121529752838,107.93994903564452,154030800,3621,False,0.031051112945819748,0.0,6.0,2007-06-07,False,False,,,-1,False,TN
2007-06-18,108.15848573510748,108.16553352941332,107.65076478531238,107.81295013427734,88537500,3622,False,0.029838009180555902,0.0,7.0,2007-06-07,False,False,,,-1,False,TN
2007-06-19,107.57323437449482,108.15852431036596,107.43925091495868,108.0809555053711,110851700,3623,False,0.03358286461857074,0.0,5.0,2007-06-26,False,False,,,-1,False,TN
2007-06-20,108.29955832190814,108.29955832190814,106.45202406865886,106.57894897460938,177119700,3624,False,0.019219111027741764,0.0,4.0,2007-06-26,False,False,,,-1,False,TN
2007-06-21,106.53661872941127,107.2629397905165,105.95132889920151,107.1712646484375,205262000,3625,False,0.0248834515033709,0.0,3.0,2007-06-26,False,False,,,-1,False,TN
2007-06-22,106.84694645392756,107.02323826926734,105.66931841865772,106.16293334960938,204964700,3626,False,0.01524073556461758,0.0,2.0,2007-06-26,False,False,,,-1,False,TN
2007-06-25,105.94427236065924,106.65648701190182,105.08396793520188,105.6551513671875,232014400,3627,False,0.010384794445858603,0.0,1.0,2007-06-26,False,True,0.6773207783699036,0.8952590959206174,0,True,FP
2007-06-26,105.92315175817268,106.09944352806778,104.56217369938469,104.56922149658205,198445700,3628,True,0.0,1.0,0.0,2007-06-26,True,True,0.5113392472267151,0.7386990077177509,0,True,TP
2007-06-27,104.45635471605809,106.1769633174634,104.40698787848116,106.05707550048828,213638000,3629,False,0.014228412362760734,0.0,1.0,2007-06-26,False,True,0.054802801460027695,0.15986769570011025,0,False,TN
2007-06-28,106.04297637939452,106.769297251035,105.54230326632673,106.04297637939452,157705000,3630,False,0.014093581856307935,0.0,2.0,2007-06-26,False,True,0.054802801460027695,0.15986769570011025,0,False,TN
2007-06-29,106.40970697287936,106.9385822774364,105.17566459557958,106.07827758789062,199701800,3631,False,0.014431168844055264,0.0,3.0,2007-06-26,False,True,0.08423782140016556,0.2414553472987872,0,False,TN
2007-07-02,106.3885780578276,107.12900581184272,106.31806778982502,107.0373306274414,103357000,3632,False,0.023602634652301058,0.0,4.0,2007-06-26,False,False,,,-1,False,TN
2007-07-03,107.3123110761676,107.53796968555112,107.17833838184018,107.42514038085938,54048400,3633,False,0.0273112761422889,0.0,5.0,2007-06-26,False,False,,,-1,False,TN
2007-07-05,107.46745450689517,107.5802838177044,106.9244836236168,107.31231689453124,89279000,3634,False,0.02623234024974397,0.0,6.0,2007-06-26,False,False,,,-1,False,TN
2007-07-06,107.45334822211976,108.0104254038225,107.13601447204198,107.8764419555664,81109000,3635,False,0.0316270926726987,0.0,7.0,2007-06-26,False,False,,,-1,False,TN
2007-07-09,108.00342129053143,108.144452592055,107.62262494041936,107.96111297607422,72348100,3636,False,,0.0,,,False,False,,,-1,False,TN
2007-07-10,107.38990370578844,107.61556236524106,106.3180573533798,106.423828125,180362600,3637,False,,0.0,,,False,False,,,-1,False,TN
2007-07-11,106.30394127058052,107.220660660734,106.14175584893675,107.17835235595705,175607600,3638,False,,0.0,,,False,False,,,-1,False,TN
2007-07-12,107.44627219463688,109.12457278306022,107.42511804940402,108.87071228027344,133882500,3639,False,,0.0,,,False,False,,,-1,False,TN
2007-07-13,108.99769108355292,109.62528941402311,108.87075540188648,109.19513702392578,111794300,3640,False,,0.0,,,False,False,,,-1,False,TN
2007-07-16,109.29382904984054,109.67461446703484,109.00470801901145,109.18099975585938,98378700,3641,False,,0.0,,,False,False,,,-1,False,TN
2007-07-17,109.25155109314846,109.63939521211292,109.0752592899826,109.12462615966795,126201300,3642,False,,0.0,,,False,False,,,-1,False,TN
2007-07-18,108.75788772362448,109.15983802049504,108.10208767293209,108.92713165283205,237887400,3643,False,,0.0,,,False,False,,,-1,False,TN
2007-07-19,109.44197572231404,109.67468224997364,109.12465255186925,109.35031127929688,145212700,3644,False,,0.0,,,False,False,,,-1,False,TN
2007-07-20,109.2233460297996,109.29386705305754,107.77070333466467,108.2431640625,245502500,3645,False,,0.0,,,False,False,,,-1,False,TN
2007-07-23,108.72267931373126,109.10347564688246,108.10213946266704,108.57460021972656,121183900,3646,False,,0.0,,,False,False,,,-1,False,TN
2007-07-24,107.97516312317204,108.79315939167948,106.3109686417232,106.69176483154295,256732400,3647,False,,0.0,,,False,False,,,-1,False,TN
2007-07-25,107.19945267685948,107.46036093196334,105.95130451273072,106.91033172607422,265214500,3648,False,,0.0,,,False,True,0.7663106322288513,0.9536934950385888,0,True,FP
2007-07-26,105.90907213129132,106.33922458878968,103.22943440064572,104.3788604736328,467592500,3649,False,,0.0,,,False,True,0.6694976091384888,0.8875413450937155,0,True,FP
2007-07-27,104.512819781703,104.97822188634898,102.28448918129249,102.32679748535156,422987600,3650,False,,0.0,,,False,True,0.5250167846679688,0.7508269018743109,0,True,FP
2007-07-30,102.90501239192056,104.23072975964848,102.4537059543953,103.9275131225586,283017500,3651,False,,0.0,,,False,True,0.428821325302124,0.6681367144432194,0,True,FP
2007-07-31,104.59745246663536,105.39429484887756,102.27744634417712,102.75696563720705,316976700,3652,False,,0.0,,,False,True,0.384361207485199,0.6207276736493936,0,True,FP
2007-08-01,102.37616281777336,103.66662000791295,101.50881022636692,103.25762176513672,467670000,3653,False,,0.0,,,False,True,0.21694839000701904,0.4288864388092613,0,False,TN
2007-08-02,103.49033114157812,104.19549831938664,102.43258037486537,104.08267974853516,294758400,3654,False,,0.0,,,False,True,0.03938852995634079,0.0970231532524807,0,False,TN
2007-08-03,103.85700887288564,104.06856115334836,100.97992583458242,101.4030303955078,359398200,3655,False,,0.0,,,False,True,0.46843236684799194,0.7023153252480706,0,True,FP
2007-08-06,101.69215899228512,103.53969347402662,100.50747259025478,103.1024932861328,324980000,3656,False,0.03665634192334166,0.0,7.0,2007-08-15,False,True,0.041499052196741104,0.10694597574421169,0,False,TN
2007-08-07,102.91205794481893,105.06986691283944,102.411384717079,104.2025146484375,232568700,3657,False,0.04771663818911298,0.0,6.0,2007-08-15,False,True,0.028598427772521973,0.04299889746416759,0,False,TN
2007-08-08,104.65381572247318,106.1910743043608,103.89928202146044,105.6551513671875,274930600,3658,False,0.06232234770210909,0.0,5.0,2007-08-15,False,False,,,-1,False,TN
2007-08-09,103.96275918383296,105.03461597001466,102.45370232802183,102.52422332763672,357622100,3659,False,0.030842057508753795,0.0,4.0,2007-08-15,False,False,,,-1,False,TN
2007-08-10,101.81906490106576,103.306967733636,100.923499778904,102.0447235107422,411018400,3660,False,0.02602086928825864,0.0,3.0,2007-08-15,False,True,0.33121049404144287,0.5711135611907387,0,True,FP
2007-08-13,103.3069726353578,103.58198735395314,102.2633284160723,102.41140747070312,181917200,3661,False,0.029707736991061218,0.0,2.0,2007-08-15,False,True,0.08551938086748123,0.24366041896361632,0,False,TN
2007-08-14,102.74284079172558,102.99670136941258,100.64144591864722,100.84593963623048,264134500,3662,False,0.01396755353905399,0.0,1.0,2007-08-15,False,True,0.4417223632335663,0.6835722160970231,0,True,FP
2007-08-15,100.64145827861742,101.86845301479345,99.16060293357732,99.45677185058594,323834000,3663,True,0.0,1.0,0.0,2007-08-15,True,True,0.30924293398857117,0.5534729878721059,0,True,TP
2007-08-16,98.57531653611596,100.79659963566628,96.6079048147974,100.20426177978516,546743700,3664,True,0.007515726835797265,0.060534145525341865,1.0,2007-08-15,False,True,0.16300182044506073,0.36934950385887544,0,False,FN
2007-08-17,102.60180071838936,102.82040077151666,99.70356385532578,102.0447235107422,388218100,3665,True,0.0068883653902831465,0.13895432621460668,7.0,2007-08-28,False,True,0.03046722151339054,0.050716648291069456,0,False,FN
2007-08-20,102.36908368782888,102.580635922446,101.04336639355584,101.99534606933594,187320400,3666,True,0.006401151847493125,0.19985601906335937,6.0,2007-08-28,False,True,0.03180122375488281,0.05733186328555678,0,False,FN
2007-08-21,101.96716395181114,102.9332394070738,101.64278236099535,102.19985961914062,157066400,3667,False,0.008419113254790389,0.0,5.0,2007-08-28,False,True,0.04041678085923195,0.09922822491730982,0,False,TN
2007-08-22,102.96140575295637,103.5184935784627,102.48189746972804,103.41271209716795,173156700,3668,False,0.020386484100103575,0.0,4.0,2007-08-28,False,False,,,-1,False,TN
2007-08-23,103.89935283688092,104.11795298972088,102.67941635683871,103.32112121582033,203915300,3669,False,0.019482745135148027,0.0,3.0,2007-08-28,False,False,,,-1,False,TN
2007-08-24,103.2928489837392,104.597412109375,103.15181774961482,104.597412109375,128901900,3670,False,0.032076070957021585,0.0,2.0,2007-08-28,False,False,,,-1,False,TN
2007-08-27,104.25896258660336,104.59743979007528,103.46916809850714,103.62430572509766,113024300,3671,False,0.02247430554567509,0.0,1.0,2007-08-28,False,False,,,-1,False,TN
2007-08-28,103.0672203760239,103.1306828292122,101.16327146040676,101.34661102294922,219790700,3672,True,0.0,1.0,0.0,2007-08-28,True,False,,,-1,False,FN
2007-08-29,101.8049408071364,103.47619365883,101.51583055886246,103.33515167236328,207654200,3673,True,0.0051442572355704375,0.3569678455536953,7.0,2007-09-10,False,False,,,-1,False,FN
2007-08-30,102.56654300378682,103.79353751726862,102.4678200493684,103.0601577758789,191817300,3674,True,0.002469382990429869,0.6913271261962664,6.0,2007-09-10,False,False,,,-1,False,FN
2007-08-31,104.11792323572293,104.71731960479951,103.53969177990474,104.07561492919922,185477500,3675,False,0.01234676652943012,0.0,5.0,2007-09-10,False,False,,,-1,False,TN
2007-09-04,103.97685625907104,105.76092763821738,103.94159576240948,105.12628173828124,120062000,3676,False,0.02256663549294813,0.0,4.0,2007-09-10,False,False,,,-1,False,TN
2007-09-05,104.50573478745711,104.61856407640282,103.65953664035086,104.21661376953124,166261800,3677,False,0.013718266666053136,0.0,3.0,2007-09-10,False,False,,,-1,False,TN
2007-09-06,104.32943948635425,104.7948522173251,103.74414967498048,104.45637512207033,127878400,3678,False,0.01605043285259722,0.0,2.0,2007-09-10,False,False,,,-1,False,TN
2007-09-07,103.29285631719802,103.5819773616754,102.43255173996896,103.00374603271484,235447600,3679,True,0.0019206641976052818,0.7599169752993398,1.0,2007-09-10,False,False,,,-1,False,FN
2007-09-10,103.32106931741548,103.46210056195584,101.77675190371218,102.80628967285156,192305900,3680,True,0.0,1.0,0.0,2007-09-10,True,True,0.4236840307712555,0.6637265711135611,0,True,TP
2007-09-11,103.1236224566483,104.15316021613948,103.0460536588789,104.0050811767578,162081900,3681,False,0.011660682510000298,0.0,1.0,2007-09-10,False,False,,,-1,False,TN
2007-09-12,103.86407301845712,104.67502176120828,103.6454729062365,104.2730712890625,149554600,3682,False,0.014267430727035402,0.0,2.0,2007-09-10,False,False,,,-1,False,TN
2007-09-13,104.75257100253104,105.38721706518024,104.50575822261432,105.00643157958984,154079000,3683,False,0.02140084924511454,0.0,3.0,2007-09-10,False,False,,,-1,False,TN
2007-09-14,104.3365491134976,105.1333807744522,104.1814114605688,104.99939727783205,121911000,3684,False,0.021332426371570845,0.0,4.0,2007-09-10,False,False,,,-1,False,TN
2007-09-17,104.583343670916,104.82309793184112,104.10383514906576,104.43526458740234,109870800,3685,False,0.015845090020605523,0.0,5.0,2007-09-10,False,False,,,-1,False,TN
2007-09-18,104.9500134178628,107.5379752020168,104.45639863450832,107.50977325439452,263759500,3686,False,0.04575093213178194,0.0,6.0,2007-09-10,False,False,,,-1,False,TN
2007-09-19,108.17970020844182,108.87076103550648,107.68608533196706,108.14443969726562,193779900,3687,False,0.051924352502177085,0.0,7.0,2007-09-10,False,False,,,-1,False,TN
2007-09-20,108.13031072479244,108.1937731756377,107.26295828325529,107.3828353881836,175186800,3688,False,,0.0,,,False,False,,,-1,False,TN
2007-09-21,108.19693337811708,108.48741524577206,107.50967548512416,107.6726303100586,141457500,3689,False,,0.0,,,False,False,,,-1,False,TN
2007-09-24,107.99145416721062,108.27486560191156,107.24043278457454,107.4742431640625,139450200,3690,False,,0.0,,,False,False,,,-1,False,TN
2007-09-25,106.85071935611867,107.45295902913804,106.60982781132608,107.26165771484376,142289900,3691,False,,0.0,,,False,False,,,-1,False,TN
2007-09-26,107.87097732296738,108.23940667654688,107.26165642748644,107.8284683227539,135547000,3692,False,,0.0,,,False,False,,,-1,False,TN
2007-09-27,108.33862134827892,108.47324041872407,107.82849161345514,108.46614837646484,102713300,3693,False,,0.0,,,False,False,,,-1,False,TN
2007-09-28,108.29611397828518,108.53700557586528,107.67970089960176,108.10481262207033,133372100,3694,False,,0.0,,,False,False,,,-1,False,TN
2007-10-01,108.1189794539746,109.64227654848769,108.0481239007714,109.32344818115234,148162300,3695,False,,0.0,,,False,False,,,-1,False,TN
2007-10-02,109.5430815037593,109.57141723744506,108.97626953069154,109.17465209960938,112978800,3696,False,,0.0,,,False,False,,,-1,False,TN
2007-10-03,108.9763173785672,109.4014292477803,108.40950515663104,108.95506286621094,119055900,3697,False,,0.0,,,False,False,,,-1,False,TN
2007-10-04,109.18882454374491,109.2950970580594,108.82039514238964,109.12506103515624,76864400,3698,False,,0.0,,,False,False,,,-1,False,TN
2007-10-05,109.84071396847986,110.59882768433565,109.55731323624208,110.42169952392578,134579700,3699,False,,0.0,,,False,False,,,-1,False,TN
2007-10-08,110.09568022351525,110.1665357485574,109.65640623915247,109.83353424072266,71280400,3700,False,,0.0,,,False,False,,,-1,False,TN
2007-10-09,110.24454311999638,110.88220000969277,109.8406858284244,110.86802673339844,94054300,3701,False,,0.0,,,False,False,,,-1,False,TN
2007-10-10,110.55625427881284,110.8396656847796,110.10989888235476,110.6837921142578,101711100,3702,False,0.043762936378039186,0.0,7.0,2007-10-19,False,False,,,-1,False,TN
2007-10-11,111.18682665741402,111.6048571180502,109.49348274451916,110.15240478515624,233529100,3703,False,0.03875188292222176,0.0,6.0,2007-10-19,False,False,,,-1,False,TN
2007-10-12,110.14533174031725,110.77590728250112,110.01071266765322,110.76173400878906,124546700,3704,False,0.04449793884903186,0.0,5.0,2007-10-19,False,False,,,-1,False,TN
2007-10-15,110.71924014667398,110.78300367054167,109.06840489216827,109.82650756835938,161151900,3705,False,0.03567862865921123,0.0,4.0,2007-10-19,False,False,,,-1,False,TN
2007-10-16,109.4014292477803,109.47936606343455,108.7354256978336,108.95506286621094,166525700,3706,False,0.027460788776506595,0.0,3.0,2007-10-19,False,False,,,-1,False,TN
2007-10-17,109.8052128701836,109.88314964117654,108.02685121884736,109.28800201416016,216687300,3707,False,0.030600449390410622,0.0,2.0,2007-10-19,False,False,,,-1,False,TN
2007-10-18,108.7212037765378,109.24550673918422,108.45905770073414,108.89125061035156,148367500,3708,False,0.02685903068455442,0.0,1.0,2007-10-19,False,False,,,-1,False,TN
2007-10-19,108.46614824654124,110.86800457385952,106.03595618334006,106.04303741455078,297169900,3709,True,0.0,1.0,0.0,2007-10-19,True,False,,,-1,False,FN
2007-10-22,105.46911341063308,106.815282098838,105.32741315045944,106.65940856933594,261989800,3710,True,0.0058124622777033785,0.2734422152870777,1.0,2007-10-19,False,True,0.5450462698936462,0.772877618522602,0,True,TP
2007-10-23,107.3112739360428,107.6584380317525,106.45396932637412,107.52381896972656,180085100,3711,False,0.013963967755723727,0.0,2.0,2007-10-19,False,True,0.23283854126930237,0.4432194046306505,0,False,TN
2007-10-24,107.13417938054904,107.50969013890848,105.45499741189728,107.32546997070312,326694200,3712,False,0.012093510214526981,0.0,3.0,2007-10-19,False,True,0.15556839108467102,0.35611907386990077,0,False,TN
2007-10-25,107.44585582451931,107.89930313685409,106.19179718931892,107.58047485351562,237374500,3713,False,0.014498240303647547,0.0,4.0,2007-10-19,False,True,0.1254393309354782,0.3164277839029768,0,False,TN
2007-10-26,108.44486396864998,108.8416290283203,107.62298731016884,108.84162902832033,176484000,3714,False,0.02639109254131511,0.0,5.0,2007-10-19,False,False,,,-1,False,TN
2007-10-29,109.06131468106209,109.42266294446644,108.79208730541704,109.2030258178711,106841000,3715,False,0.02979911251473366,0.0,6.0,2007-10-19,False,False,,,-1,False,TN
2007-10-30,108.7212275505604,108.93378343654732,108.31028905393008,108.44490814208984,132981600,3716,False,0.022649961620294867,0.0,7.0,2007-10-19,False,False,,,-1,False,TN
2007-10-31,109.09673202901337,110.01071904320644,108.28902835725992,109.5714340209961,220954400,3717,False,,0.0,,,False,False,,,-1,False,TN
2007-11-01,108.60786412131408,108.69289296323517,106.694882749234,107.00662994384766,333040800,3718,False,,0.0,,,False,False,,,-1,False,TN
2007-11-02,107.36088559004476,107.69388729062938,105.71714240577148,107.1270751953125,331228200,3719,False,,0.0,,,False,True,0.31593963503837585,0.5545755237045203,0,True,FP
2007-11-05,106.0217860935954,107.09872787716608,105.54708412326156,106.3122787475586,226841000,3720,False,,0.0,,,False,True,0.28200477361679077,0.5126791620727673,0,True,FP
2007-11-06,106.88622515916433,107.77186602426046,106.20604821791038,107.7435302734375,177800500,3721,False,,0.0,,,False,True,0.05808094143867493,0.17089305402425578,0,False,TN
2007-11-07,106.5885628995479,107.077437982193,104.54096334674162,104.79602813720705,306639700,3722,False,,0.0,,,False,True,0.6649417877197266,0.886438809261301,0,True,FP
2007-11-08,104.85276084174367,105.14324272839526,102.78390579544195,104.2646942138672,374509900,3723,False,,0.0,,,False,True,0.6212289333343506,0.8478500551267916,0,True,FP
2007-11-09,103.22314181016014,104.533882863854,102.6563299007886,102.83345794677734,277745100,3724,False,,0.0,,,False,True,0.5643414258956909,0.794928335170893,0,True,FP
2007-11-12,102.8831085124856,103.87502172307197,101.81324768066406,101.81324768066406,243087800,3725,False,,0.0,,,False,True,0.3132915794849396,0.5545755237045203,0,True,FP
2007-11-13,102.99642330420596,105.07945106881702,102.89015079010908,104.91649627685548,191117400,3726,False,,0.0,,,False,True,0.030792556703090668,0.05181918412348401,0,False,TN
2007-11-14,105.72419556670329,105.85172257849258,103.9954239999686,104.6259994506836,230558800,3727,False,0.04767661840117832,0.0,7.0,2007-11-26,False,True,0.030792556703090668,0.05181918412348401,0,False,TN
2007-11-15,103.84669840543044,104.49852870910696,102.39424539316312,103.1169204711914,263111100,3728,False,0.032565395851950285,0.0,6.0,2007-11-26,False,True,0.16373373568058014,0.36934950385887544,0,False,TN
2007-11-16,103.66243578104655,103.77580034686514,102.42963126364978,103.29400634765624,308770600,3729,False,0.034338652338821385,0.0,5.0,2007-11-26,False,True,0.22592943906784058,0.43439911797133407,0,False,TN
2007-11-19,102.93266220255175,102.9893444817418,101.45187414596953,101.85572052001952,267746000,3730,False,0.01993631983921107,0.0,4.0,2007-11-26,False,True,0.3279307782649994,0.5689084895259096,0,True,FP
2007-11-20,102.03995096428004,103.10980071336336,100.6866897905439,102.4792251586914,414767500,3731,False,0.02617980840640155,0.0,3.0,2007-11-26,False,True,0.21269594132900238,0.42337375964718854,0,False,TN
2007-11-21,101.37396587944232,101.96203252903996,100.37496069840142,100.38204193115234,259012400,3732,True,0.005179580513415383,0.35255243582307716,2.0,2007-11-26,False,True,0.28755077719688416,0.523704520396913,0,True,TP
2007-11-23,101.36686803615558,102.26667094498266,101.10471111273677,102.11788940429688,77688400,3733,False,0.02256155841826235,0.0,1.0,2007-11-26,False,True,0.053419943898916245,0.1543550165380375,0,False,TN
2007-11-26,102.33040346749668,102.64924258018831,99.65932047642372,99.86478424072266,214232000,3734,True,0.0,1.0,0.0,2007-11-26,True,True,0.28742367029190063,0.523704520396913,0,True,TP
2007-11-27,100.42452966869844,101.48020599647508,99.86479894001678,101.0125961303711,293897900,3735,False,0.011493660136306483,0.0,1.0,2007-11-26,False,True,0.037535279989242554,0.08930540242557883,0,False,TN
2007-11-28,102.16038051029102,104.48429976746992,102.12495273646648,104.243408203125,258596900,3736,False,0.04384552568448696,0.0,2.0,2007-11-26,False,False,,,-1,False,TN
2007-11-29,103.88207393792597,104.66144182213743,103.51365531178978,104.27883911132812,199409900,3737,False,0.04420031449690476,0.0,3.0,2007-11-26,False,False,,,-1,False,TN
2007-11-30,105.59665802103903,106.1847244693678,104.3851081617062,105.32743072509766,222908000,3738,False,0.05470042844339762,0.0,4.0,2007-11-26,False,False,,,-1,False,TN
2007-12-03,104.99446595902226,105.17867531152775,104.35679824150178,104.63311767578124,146430400,3739,False,0.04774789703209681,0.0,5.0,2007-11-26,False,False,,,-1,False,TN
2007-12-04,103.9103706999011,104.53385389750834,103.66238717981796,103.69781494140624,136533900,3740,False,0.03838220579783269,0.0,6.0,2007-11-26,False,False,,,-1,False,TN
2007-12-05,104.81020635529178,105.71001989182368,104.73936162069896,105.43370056152344,171130000,3741,False,0.05576456568891186,0.0,7.0,2007-11-26,False,False,,,-1,False,TN
2007-12-06,105.30619403628566,107.13415719654547,105.26368502505365,106.94285583496094,154457400,3742,False,0.04046297780159325,0.0,7.0,2007-12-17,False,False,,,-1,False,TN
2007-12-07,107.28297602086091,107.33965832588308,106.666573521692,106.92163848876952,148980100,3743,False,0.040256551079331127,0.0,6.0,2007-12-17,False,False,,,-1,False,TN
2007-12-10,107.18372973843002,107.87098746929152,106.88615589790837,107.75054168701172,123914300,3744,False,0.048321073793062386,0.0,5.0,2007-12-17,False,False,,,-1,False,TN
2007-12-11,107.79303131689804,108.32441539611456,104.73934587143286,104.79602813720705,250346400,3745,False,0.01957617127494604,0.0,4.0,2007-12-17,False,False,,,-1,False,TN
2007-12-12,107.02789318858738,107.53094180478692,104.29303459127844,105.83050537109376,322435600,3746,False,0.029640754409875347,0.0,3.0,2007-12-17,False,False,,,-1,False,TN
2007-12-13,105.08653248703276,105.84463490337671,104.36384703111467,105.61082458496094,237551300,3747,False,0.027503447311416185,0.0,2.0,2007-12-17,False,False,,,-1,False,TN
2007-12-14,104.8102628597355,105.63923210858164,104.22220692032997,104.27179718017578,159152900,3748,False,0.014475850188979456,0.0,1.0,2007-12-17,False,False,,,-1,False,TN
2007-12-17,103.87501714221906,104.05922649862065,102.63512027814356,102.7839126586914,177269400,3749,True,0.0,1.0,0.0,2007-12-17,True,True,0.5844990611076355,0.814773980154355,0,True,TP
2007-12-18,103.5136922359593,103.78291966478056,101.9974757475886,103.35781860351562,245569300,3750,True,0.005583616443265438,0.30204794459182027,1.0,2007-12-17,False,True,0.12540900707244873,0.3164277839029768,0,False,FN
2007-12-19,103.40032762853772,104.07341241715687,102.6918150487188,103.35781860351562,198917200,3751,True,0.005583616443265438,0.30204794459182027,2.0,2007-12-17,False,True,0.34945741295814514,0.5854465270121278,0,True,TP
2007-12-20,104.03795640515108,104.05212967999525,102.86182324703304,104.0096206665039,214813800,3752,False,0.011925095825867649,0.0,3.0,2007-12-17,False,True,0.08065349608659744,0.23373759647188533,0,False,TN
2007-12-21,104.96756957794878,105.7154576965906,104.76813419543272,105.50890350341795,146084400,3753,False,0.026511841923893886,0.0,4.0,2007-12-17,False,False,,,-1,False,TN
2007-12-24,106.00047206034128,106.47056397583148,105.75829098266188,106.29249572753906,45601400,3754,False,0.034135527419533185,0.0,5.0,2007-12-17,False,False,,,-1,False,TN
2007-12-26,105.87930344949208,106.61294325967413,105.77246692118048,106.52035522460938,67093100,3755,False,0.03635240641524673,0.0,6.0,2007-12-17,False,False,,,-1,False,TN
2007-12-27,106.14286199488504,106.14998080799322,104.93200079306222,105.18128967285156,122981700,3756,False,0.023324438155229554,0.0,7.0,2007-12-17,False,False,,,-1,False,TN
2007-12-28,105.80101234824136,105.85087666834988,104.6328852207474,104.91780090332033,116398100,3757,False,,0.0,,,False,False,,,-1,False,TN
2007-12-31,104.77533318464138,105.1385883998619,104.03456338662804,104.14141082763672,108126800,3758,False,,0.0,,,False,True,0.4023725390434265,0.639470782800441,0,True,FP
2008-01-02,104.36931593934744,104.6969661574174,102.4817976664776,103.22967529296876,204935600,3759,False,,0.0,,,False,True,0.22772496938705444,0.4388092613009923,0,False,TN
2008-01-03,103.21541011004328,103.62852946235849,102.61710382120708,103.17979431152344,125133300,3760,False,,0.0,,,False,True,0.20280106365680695,0.41124586549062847,0,False,TN
2008-01-04,102.09714996932291,102.16838157535992,100.36633280047936,100.65123748779295,232330900,3761,False,,0.0,,,False,True,0.5044229626655579,0.7320837927232635,0,True,FP
2008-01-07,101.00740154568564,101.30655481012025,99.78942117394634,100.5657958984375,234991000,3762,False,,0.0,,,False,True,0.3998514413833618,0.6372657111356119,0,True,FP
2008-01-08,101.19971392797724,101.78377193315217,98.60704154493172,98.94181060791016,326365700,3763,False,,0.0,,,False,True,0.30021485686302185,0.5413450937155457,0,True,FP
2008-01-09,99.06996638374602,100.2808273007719,98.07990817372662,99.98167419433594,301824900,3764,False,,0.0,,,False,True,0.08544854074716568,0.24366041896361632,0,False,TN
2008-01-10,99.4902416010227,101.71253972802874,99.2694388116654,100.63700103759766,335701200,3765,False,0.08085997518659438,0.0,7.0,2008-01-22,False,True,0.03326861187815666,0.06725468577728776,0,False,TN
2008-01-11,100.27373214797818,101.0714739533604,99.00588783510274,99.8249969482422,267076600,3766,False,0.07213890131889977,0.0,6.0,2008-01-22,False,True,0.0836678072810173,0.2392502756339581,0,False,TN
2008-01-14,100.5443830776015,101.04297162599572,100.00304905213186,100.62985229492188,170365500,3767,False,0.0807831963701402,0.0,5.0,2008-01-22,False,True,0.032337892800569534,0.05953693495038589,0,False,TN
2008-01-15,99.56858149775232,100.77945360672004,98.22238672489956,98.41470336914062,239940100,3768,False,0.05699208784873222,0.0,4.0,2008-01-22,False,True,0.3303220570087433,0.5689084895259096,0,True,FP
2008-01-16,97.83779055029837,99.0913867439818,97.0685346353948,97.56712341308594,378802600,3769,False,0.04788892260310185,0.0,3.0,2008-01-22,False,True,0.25803789496421814,0.47739801543550164,0,False,TN
2008-01-17,98.15829380916418,98.2081581123439,94.682399740785,95.03853607177734,397892600,3770,False,0.020731427618102538,0.0,2.0,2008-01-22,False,True,0.26046183705329895,0.4796030871003308,0,False,TN
2008-01-18,95.9716253259602,96.1710608079468,93.3789531917158,94.06272888183594,348561500,3771,False,0.010251078201560127,0.0,1.0,2008-01-22,False,True,0.29506009817123413,0.5369349503858876,0,True,FP
2008-01-22,90.6081905621617,94.3262487137106,89.74634142754189,93.10826873779295,435923700,3772,True,0.0,1.0,0.0,2008-01-22,True,True,0.2856013774871826,0.5192943770672547,0,True,TP
2008-01-23,90.52272195003418,95.5798617475941,90.3446538003795,95.34481048583984,511913000,3773,False,0.024020871383027442,0.0,1.0,2008-01-22,False,True,0.04508921131491661,0.12348401323042998,0,False,TN
2008-01-24,95.786384711381,96.4844194551357,94.9530273475894,96.14965057373048,259949300,3774,False,0.032665002552056066,0.0,2.0,2008-01-22,False,True,0.04508921131491661,0.12348401323042998,0,False,TN
2008-01-25,97.2323759562253,97.41044419274434,94.4473969970687,94.7607879638672,269603900,3775,False,0.017748361649038813,0.0,3.0,2008-01-22,False,True,0.06694284081459045,0.19735391400220506,0,False,TN
2008-01-28,94.91746612744171,96.52720955546953,94.06274097073336,96.32777404785156,217934600,3776,False,0.01646020199792053,0.0,7.0,2008-02-06,False,True,0.051801897585392,0.14994487320837926,0,False,TN
2008-01-29,96.94028039772532,97.18956922287516,96.07130717864572,96.80494689941406,168968300,3777,False,0.021495377136984795,0.0,6.0,2008-02-06,False,True,0.03735155239701271,0.08930540242557883,0,False,TN
2008-01-30,96.56991847175544,98.67823923907756,95.87189438093824,96.09269714355467,334939200,3778,False,0.013979647246307847,0.0,5.0,2008-02-06,False,True,0.05126410350203514,0.14884233737596472,0,False,TN
2008-01-31,95.017171004861,98.67825213916817,94.87471864278427,97.84489440917967,343680800,3779,False,0.03246900614785009,0.0,4.0,2008-02-06,False,True,0.03286914527416229,0.06504961411245866,0,False,TN
2008-02-01,98.25087223109662,99.44036602418907,97.95171907969755,99.41899871826172,206843600,3780,False,0.049079110552219696,0.0,3.0,2008-02-06,False,False,,,-1,False,TN
2008-02-04,99.15551759951003,99.21961955364576,98.03724390250558,98.16545867919922,124694300,3781,False,0.035851632040311054,0.0,2.0,2008-02-06,False,False,,,-1,False,TN
2008-02-05,96.82632853230076,97.04713127552232,95.2094668616548,95.53711700439452,286882500,3782,False,0.008117110651242099,0.0,1.0,2008-02-06,False,False,,,-1,False,TN
2008-02-06,95.85765192668958,96.33487328496318,94.31202162255688,94.76787567138672,250792900,3783,True,0.0,1.0,0.0,2008-02-06,True,True,0.46394211053848267,0.701212789415656,0,True,TP
2008-02-07,93.87756529264335,96.00725419213208,93.82770097551033,95.39469909667967,297368100,3784,True,0.006614302798835681,0.17321215014553992,1.0,2008-02-06,False,True,0.10583142936229706,0.2866593164277839,0,False,FN
2008-02-08,94.79638026928554,95.60125197658714,94.09123718338124,94.78214263916016,221643500,3785,True,0.0001505464554560909,0.9811816930679886,2.0,2008-02-06,False,True,0.36542338132858276,0.6030871003307607,0,True,TP
2008-02-11,94.80347618677207,95.60833673898792,94.0484581906627,95.26644897460938,188576300,3786,True,0.005260994822248621,0.34237564721892233,3.0,2008-02-06,False,True,0.08613963425159454,0.24476295479603086,0,False,FN
2008-02-12,96.09266748025576,97.0898444450285,95.43024852847448,96.14965057373048,256654400,3787,False,0.014580625476244169,0.0,4.0,2008-02-06,False,True,0.02392948605120182,0.013230429988974642,0,False,TN
2008-02-13,96.87623360295473,97.62412232462356,96.25655965537692,97.13265228271484,181967800,3788,False,0.024953356763299572,0.0,5.0,2008-02-06,False,False,,,-1,False,TN
2008-02-14,97.54576070707864,97.58137652182914,96.00724880459086,96.27791595458984,215207200,3789,False,0.015934094465082982,0.0,6.0,2008-02-06,False,False,,,-1,False,TN
2008-02-15,95.8006842687349,96.31352151496304,95.38044595731505,96.25653839111328,154110300,3790,False,0.015708516300276587,0.0,7.0,2008-02-06,False,True,0.034480247646570206,0.07497243660418963,0,False,TN
2008-02-19,97.38189306509604,97.50297808090708,95.87899771715898,96.52716827392578,145190000,3791,False,,0.0,,,False,True,0.03099164366722107,0.05292171995589857,0,False,TN
2008-02-20,95.43738458349728,97.26080022284354,95.27355410315786,96.81206512451172,220085700,3792,False,,0.0,,,False,False,,,-1,False,TN
2008-02-21,97.33918227328392,97.58847117798096,95.49439873117012,96.0072250366211,201051200,3793,False,,0.0,,,False,False,,,-1,False,TN
2008-02-22,96.13543110050868,96.76223444950914,94.63253552027682,96.59840393066406,205491000,3794,False,,0.0,,,False,True,0.07039608061313629,0.20837927232635062,0,False,TN
2008-02-25,96.541401975342,98.04429726221235,96.00007883222654,97.81637573242188,190107000,3795,False,,0.0,,,False,False,,,-1,False,TN
2008-02-26,97.40325921160056,98.97025645485004,97.22519109604004,98.55001831054688,212420700,3796,False,,0.0,,,False,False,,,-1,False,TN
2008-02-27,97.98023764806948,99.105629896097,97.87340108304964,98.4503402709961,168395800,3797,False,,0.0,,,False,False,,,-1,False,TN
2008-02-28,97.75228724383764,98.2651243418046,97.26081745258458,97.48873901367188,170831100,3798,False,0.06929659053889181,0.0,7.0,2008-03-10,False,False,,,-1,False,TN
2008-02-29,96.58417438650504,96.64114663352976,94.57556032371774,95.31632995605467,252715200,3799,False,0.045468714395780374,0.0,6.0,2008-03-10,False,False,,,-1,False,TN
2008-03-03,94.83199080637542,95.30921223110865,94.1909496969533,95.08840942382812,189483500,3800,False,0.04296878824544348,0.0,5.0,2008-03-10,False,True,0.4623745381832123,0.701212789415656,0,True,FP
2008-03-04,94.18381684978678,95.01717461140684,93.30060565033594,94.72515106201172,282513100,3801,False,0.03898442111027567,0.0,4.0,2008-03-10,False,True,0.3754909038543701,0.6152149944873209,0,True,FP
2008-03-05,95.0313985799268,95.99297083198208,94.2621429519658,95.32343292236328,270681400,3802,False,0.045546622651988944,0.0,3.0,2008-03-10,False,True,0.0733880028128624,0.2127894156560088,0,False,TN
2008-03-06,94.71801074587076,94.88896008871146,92.98719348183192,93.35044860839844,247911700,3803,False,0.02390611912866958,0.0,2.0,2008-03-10,False,True,0.37657374143600464,0.6163175303197354,0,True,FP
2008-03-07,92.43162774884232,93.83480578307037,91.5840215296629,92.3888931274414,326434600,3804,False,0.013359383087113486,0.0,1.0,2008-03-10,False,True,0.377596378326416,0.61742006615215,0,True,FP
2008-03-10,92.4814852331856,92.54558716809332,90.87887164997846,91.17090606689452,235683600,3805,True,0.0,1.0,0.0,2008-03-10,True,True,0.2923920750617981,0.5270121278941565,0,True,TP
2008-03-11,93.10828864699992,94.5328340536328,91.8475629189725,94.4473648071289,341440600,3806,False,0.035937547202068654,0.0,1.0,2008-03-10,False,True,0.022908009588718414,0.002205071664829107,0,False,TN
2008-03-12,94.54707239329944,95.2807123294241,93.4216803387544,93.56413269042967,229161100,3807,False,0.026249894037240207,0.0,2.0,2008-03-10,False,True,0.033176619559526443,0.06615214994487321,0,False,TN
2008-03-13,92.3176895249282,94.47587550788312,91.5982978200838,93.77072143554688,351504200,3808,False,0.028515844371940435,0.0,3.0,2008-03-10,False,True,0.03370460867881775,0.06835722160970231,0,False,TN
2008-03-14,94.5684572563716,94.59694338462712,91.014212276301,92.3176727294922,484687800,3809,False,0.012578208466594187,0.0,4.0,2008-03-10,False,True,0.22002407908439636,0.432194046306505,0,False,TN
2008-03-17,90.1523710322907,92.06838123180194,89.79623462062261,91.38460540771484,405311100,3810,True,0.002343942273245858,0.7070072158442677,5.0,2008-03-10,False,True,0.3661688566207886,0.6030871003307607,0,True,TP
2008-03-18,93.037081907376,95.22376490811668,92.58122769009502,95.1810302734375,334416600,3811,False,0.04398469182263742,0.0,6.0,2008-03-10,False,False,,,-1,False,TN
2008-03-19,95.5442397567616,95.90749484590336,92.62391794417098,92.8233642578125,345971600,3812,False,0.018124841160463312,0.0,7.0,2008-03-10,False,False,,,-1,False,TN
2008-03-20,93.08966866992736,95.13685439054176,92.52418130378004,94.54273986816406,245320700,3813,False,,0.0,,,False,False,,,-1,False,TN
2008-03-24,95.42314740563346,97.21264461426726,95.37304716334828,96.43242645263672,208977300,3814,False,,0.0,,,False,False,,,-1,False,TN
2008-03-25,96.53261334456782,97.02651619627792,95.75239538107692,96.52545928955078,192947200,3815,False,,0.0,,,False,False,,,-1,False,TN
2008-03-26,96.24630428013992,96.69725006341748,95.27997160327556,95.34439086914062,196934300,3816,False,,0.0,,,False,False,,,-1,False,TN
2008-03-27,96.06021059740544,96.23200626612493,94.7431432372296,95.04377746582033,225153200,3817,False,,0.0,,,False,False,,,-1,False,TN
2008-03-28,95.19408705637755,95.45892911924815,93.81258968248332,94.13469696044922,180896100,3818,False,,0.0,,,False,False,,,-1,False,TN
2008-03-31,93.97725546751164,95.00800787995895,93.83409783738884,94.46400451660156,166692100,3819,False,,0.0,,,False,True,0.06500411033630371,0.18632855567805953,0,False,TN
2008-04-01,95.63788929837511,97.94991663475304,95.56630504110773,97.78528594970705,254547300,3820,False,,0.0,,,False,False,,,-1,False,TN
2008-04-02,98.10022724600717,98.54401900473144,97.33431729107552,97.84969329833984,210910800,3821,False,,0.0,,,False,False,,,-1,False,TN
2008-04-03,97.32006324213556,98.37944299125044,97.14111344359858,98.0931167602539,175884800,3822,False,0.030918838979791863,0.0,7.0,2008-04-14,False,False,,,-1,False,TN
2008-04-04,98.15031026255645,98.751589447024,97.43451159162832,97.98567962646484,204446800,3823,False,0.029789718314783054,0.0,6.0,2008-04-14,False,False,,,-1,False,TN
2008-04-07,98.6871810111131,99.18824892894804,97.87833576184843,98.03581237792967,154245500,3824,False,0.030316593182683205,0.0,5.0,2008-04-14,False,False,,,-1,False,TN
2008-04-08,97.48465112107787,98.007181244753,97.31285545804228,97.93560791015624,148937300,3825,False,0.029263484901599135,0.0,4.0,2008-04-14,False,False,,,-1,False,TN
2008-04-09,97.78528913164637,97.92129267154549,96.55411413770896,97.22696685791016,195610600,3826,False,0.021815955095604078,0.0,3.0,2008-04-14,False,False,,,-1,False,TN
2008-04-10,96.93347714456765,97.82822569034406,96.56125869130209,97.36296081542967,192967800,3827,False,0.023245196386172173,0.0,2.0,2008-04-14,False,False,,,-1,False,TN
2008-04-11,96.26784233035836,96.7187884179346,95.20845160644112,95.47330474853516,222973300,3828,True,0.003385678176395457,0.5767902279505679,1.0,2008-04-14,False,False,,,-1,False,FN
2008-04-14,95.33726829025156,95.58779138095808,94.87915737803536,95.15115356445312,160522000,3829,True,0.0,1.0,0.0,2008-04-14,True,True,0.5927055478096008,0.8191841234840133,0,True,TP
2008-04-15,95.61643881989332,95.6951771526202,94.72169000355456,95.3730697631836,172389200,3830,True,0.00233224916795316,0.708468854005855,1.0,2008-04-14,False,True,0.2068587690591812,0.4178610804851158,0,False,FN
2008-04-16,96.30357250760888,98.00002320982674,96.2892643946048,97.9570770263672,189268900,3831,False,0.029489116598186094,0.0,2.0,2008-04-14,False,False,,,-1,False,TN
2008-04-17,97.36299332878345,98.2434231336152,97.10530522465864,98.10026550292967,179665700,3832,False,0.03099396936348109,0.0,3.0,2008-04-14,False,False,,,-1,False,TN
2008-04-18,99.45311267073602,99.89690454608854,98.96636368163666,99.12384033203124,218530600,3833,False,0.04175132532562631,0.0,4.0,2008-04-14,False,False,,,-1,False,TN
2008-04-21,98.94486644526836,99.4817155527531,98.67287032458776,99.1739273071289,118587400,3834,False,0.04227771910248945,0.0,5.0,2008-04-14,False,False,,,-1,False,TN
2008-04-22,98.9162544173462,99.00214679256048,97.99286769489392,98.7373046875,162166000,3835,False,0.03768899260498926,0.0,6.0,2008-04-14,False,False,,,-1,False,TN
2008-04-23,98.84463785591734,99.33854069645052,98.15031225722883,98.57979583740234,193309000,3836,False,0.03603363852679653,0.0,7.0,2008-04-14,False,False,,,-1,False,TN
2008-04-24,98.83745888236552,100.02568702201356,98.09302232071344,99.0092544555664,229381300,3837,False,,0.0,,,False,False,,,-1,False,TN
2008-04-25,99.78236858256842,100.13311399768436,98.7158351445452,99.925537109375,190788100,3838,False,,0.0,,,False,False,,,-1,False,TN
2008-04-28,100.1259712408551,100.3908133853332,99.7680717278949,99.947021484375,105610200,3839,False,,0.0,,,False,False,,,-1,False,TN
2008-04-29,99.7752024782331,100.01857146885966,99.21688024221982,99.55330657958984,125514100,3840,False,,0.0,,,False,False,,,-1,False,TN
2008-04-30,99.70362638113004,100.63416715802946,98.9663543701172,98.9663543701172,208395900,3841,False,,0.0,,,False,False,,,-1,False,TN
2008-05-01,99.0522526030694,101.01353454589844,98.97351428930604,101.01353454589844,187279500,3842,False,,0.0,,,False,False,,,-1,False,TN
2008-05-02,101.88678544172356,101.90825852917877,100.61266461568226,101.29267120361328,181585500,3843,False,,0.0,,,False,False,,,-1,False,TN
2008-05-05,100.9634458838698,101.3642915554678,100.50533498458276,100.80596923828124,118504500,3844,False,,0.0,,,False,False,,,-1,False,TN
2008-05-06,100.22616645197516,101.78660283334948,99.98995150097154,101.67923736572266,179339800,3845,False,,0.0,,,False,False,,,-1,False,TN
2008-05-07,101.56467206676756,101.67203749755184,99.5890716847908,99.86823272705078,199267300,3846,False,,0.0,,,False,False,,,-1,False,TN
2008-05-08,100.02573746789264,100.44090212084387,99.48172333950362,99.6105728149414,178321200,3847,False,,0.0,,,False,False,,,-1,False,TN
2008-05-09,99.2097608873823,99.77523737777535,99.10238446768372,99.42449188232422,152588200,3848,False,,0.0,,,False,False,,,-1,False,TN
2008-05-12,99.6750311807897,100.61272631543667,99.3028125662713,100.54115295410156,147865900,3849,False,,0.0,,,False,False,,,-1,False,TN
2008-05-13,100.78448079775444,100.84890007326166,100.01857078153422,100.555419921875,159132200,3850,False,,0.0,,,False,False,,,-1,False,TN
2008-05-14,100.9777958330582,101.7866414814877,100.54115789521111,100.76305389404295,181910800,3851,False,0.022740921182859752,0.0,7.0,2008-05-23,False,False,,,-1,False,TN
2008-05-15,100.95629784175324,102.09442668440413,100.80598615079845,102.02284240722656,166927000,3852,False,0.0355277236335263,0.0,6.0,2008-05-23,False,False,,,-1,False,TN
2008-05-16,102.25903284186704,102.26618689897474,101.36428420329624,102.11587524414062,204236800,3853,False,0.03647200316504784,0.0,5.0,2008-05-23,False,False,,,-1,False,TN
2008-05-19,102.22323150551024,103.28977571863298,101.85817802585144,102.39502716064452,165664400,3854,False,0.039305383825933404,0.0,4.0,2008-05-23,False,False,,,-1,False,TN
2008-05-20,101.83671197055368,101.88681221370636,100.92764431460355,101.56470489501952,178552100,3855,False,0.030877646416178628,0.0,3.0,2008-05-23,False,False,,,-1,False,TN
2008-05-21,101.50745743663408,101.72935338562324,99.49606393485966,99.84680938720705,252724800,3856,False,0.013441076500348759,0.0,2.0,2008-05-23,False,False,,,-1,False,TN
2008-05-22,99.8038340212792,100.3335291320458,99.49604574115052,99.86109924316406,170820400,3857,False,0.013586117960291189,0.0,1.0,2008-05-23,False,True,0.7938339710235596,0.960308710033076,0,True,FP
2008-05-23,99.5318391895583,99.9684769552723,98.43666774677514,98.5225601196289,181376400,3858,True,0.0,1.0,0.0,2008-05-23,True,True,0.36159178614616394,0.5964718853362734,0,True,TP
2008-05-27,98.63712833807112,99.4960851622201,98.4438595029133,99.25271606445312,168322900,3859,True,0.00741105330533065,0.0736183368336687,1.0,2008-05-23,False,True,0.4961189925670624,0.7232635060639471,0,True,TP
2008-05-28,99.61772756377016,100.21184193735134,98.78024419538916,99.71078491210938,181288100,3860,False,0.012060433580265206,0.0,2.0,2008-05-23,False,True,0.16545672714710236,0.3737596471885336,0,False,TN
2008-05-29,99.58909627181878,100.87752544820708,99.55330414531387,100.21183776855467,173927200,3861,False,0.017146099805715576,0.0,3.0,2008-05-23,False,False,,,-1,False,TN
2008-05-30,100.5482718280029,100.74154058820936,100.16889928677594,100.4623794555664,117362000,3862,False,0.0196890877945326,0.0,4.0,2008-05-23,False,False,,,-1,False,TN
2008-06-02,100.090190733327,100.1116638328212,98.78027705304324,99.42449188232422,181069900,3863,False,0.009154570908431081,0.0,5.0,2008-05-23,False,False,,,-1,False,TN
2008-06-03,99.71081777000228,99.93986780463902,98.22910837613344,98.84469604492188,271965700,3864,True,0.0032696666114018225,0.5912916735747722,6.0,2008-05-23,False,True,0.4311096668243408,0.6703417861080485,0,True,TP
2008-06-04,98.56550241193084,99.61057357000212,98.3937176730102,98.79456329345705,246637700,3865,True,0.0027608212118916953,0.6548973485135381,7.0,2008-05-23,False,True,0.3812105655670166,0.619625137816979,0,True,TP
2008-06-05,99.19543919391184,100.8489333441062,99.00933536253048,100.77019500732422,237867100,3866,False,,0.0,,,False,False,,,-1,False,TN
2008-06-06,99.8897478863959,100.06869762788988,97.50613601902876,97.55623626708984,384276300,3867,False,,0.0,,,False,False,,,-1,False,TN
2008-06-09,97.96423034715448,98.42234117098867,96.92632420652332,97.7924346923828,228263900,3868,False,,0.0,,,False,True,0.2243487536907196,0.43329658213891953,0,False,TN
2008-06-10,97.11245629495338,98.13605462119838,96.88340627735056,97.30572509765624,260234900,3869,False,,0.0,,,False,True,0.308515727519989,0.5534729878721059,0,True,FP
2008-06-11,97.32717052339308,97.53474738414693,95.86693475272104,95.87409973144533,283890100,3870,False,,0.0,,,False,True,0.5130478143692017,0.7398015435501654,0,True,FP
2008-06-12,96.34655793098676,97.25561487399575,95.57349363482872,96.23918151855467,252791800,3871,False,,0.0,,,False,True,0.4443489909172058,0.6846747519294377,0,True,FP
2008-06-13,96.75455939533224,97.72089251285884,96.21771009053458,97.45603942871094,244726900,3872,False,,0.0,,,False,True,0.03085896372795105,0.05181918412348401,0,False,TN
2008-06-16,97.02655234943782,98.01434749869992,96.96213306361702,97.51329040527344,185832500,3873,False,,0.0,,,False,True,0.03163308650255203,0.05733186328555678,0,False,TN
2008-06-17,98.11458453873205,98.15036575473168,96.89771737238608,97.04088592529295,191707700,3874,False,,0.0,,,False,True,0.09064260870218277,0.2579933847850055,0,False,TN
2008-06-18,96.41095392952292,97.0050683169664,95.70947407781678,96.09600067138672,265893000,3875,False,,0.0,,,False,True,0.49871039390563965,0.7276736493936052,0,True,FP
2008-06-19,96.0243979053314,96.8046268434092,95.55913308690576,96.21766662597656,304204900,3876,False,,0.0,,,False,True,0.391358882188797,0.6295479603087101,0,True,FP
2008-06-20,95.5623666386808,95.74221150708098,94.39697540404262,94.65595245361328,289275700,3877,False,,0.0,,,False,True,0.6463860273361206,0.86438809261301,0,True,FP
2008-06-23,95.02279543518144,95.12350808362142,94.46888135718936,94.56239318847656,165096400,3878,False,,0.0,,,False,True,0.39164045453071594,0.6295479603087101,0,True,FP
2008-06-24,94.27467641807962,95.27461338586954,93.65600966972232,94.3753890991211,267300600,3879,False,,0.0,,,False,True,0.2819720506668091,0.5126791620727673,0,True,FP
2008-06-25,94.75663911483862,95.96519102965256,94.4113401358713,94.82138061523438,287853900,3880,False,,0.0,,,False,True,0.0984090119600296,0.2756339581036384,0,False,TN
2008-06-26,93.92935028984051,94.54081604245576,92.13809207530836,92.2459945678711,297775000,3881,False,,0.0,,,False,True,0.3084658682346344,0.5534729878721059,0,True,FP
2008-06-27,92.28196605910756,92.69920732662342,91.38993735730956,91.742431640625,303423400,3882,False,,0.0,,,False,True,0.2731702923774719,0.5027563395810364,0,True,FP
2008-06-30,92.00138462446988,92.7351543159011,91.57695362698487,92.06613159179688,258842600,3883,False,,0.0,,,False,True,0.18033505976200104,0.38257993384785005,0,False,TN
2008-07-01,91.01584597278077,92.4186385825933,90.591414916515,92.35389709472656,388622000,3884,False,,0.0,,,False,True,0.04250382259488106,0.11356119073869901,0,False,TN
2008-07-02,92.64884547823428,92.9150232555173,90.60581111543718,90.77127075195312,288064600,3885,False,,0.0,,,False,True,0.28318729996681213,0.5148842337375965,0,True,FP
2008-07-03,91.44028979131195,91.44028979131195,89.91520392414968,90.86478424072266,239352500,3886,False,0.04397054961499647,0.0,7.0,2008-07-15,False,True,0.18033505976200104,0.38257993384785005,0,False,TN
2008-07-07,91.21007158659567,91.6057267761518,89.14545171058607,89.936767578125,372427300,3887,False,0.03330831040538906,0.0,6.0,2008-07-15,False,True,0.2700361907482147,0.49834619625137816,0,False,TN
2008-07-08,89.91520268295987,91.64171382246737,89.3468924689155,91.53380584716795,375973700,3888,False,0.051657123242185854,0.0,5.0,2008-07-15,False,True,0.04250382259488106,0.11356119073869901,0,False,TN
2008-07-09,91.72086436716955,91.89351386921832,89.4835942168647,89.77134704589844,336729400,3889,False,0.03140774831866611,0.0,4.0,2008-07-15,False,True,0.07893817126750946,0.23042998897464168,0,False,TN
2008-07-10,89.51233709145616,90.490693056897,88.9008659851623,90.13819885253906,436475700,3890,False,0.035622609834115915,0.0,3.0,2008-07-15,False,True,0.04508921131491661,0.12348401323042998,0,False,TN
2008-07-11,89.18145159240628,90.56985384371332,88.11676782671047,89.08792877197266,481124600,3891,False,0.02355576741089127,0.0,2.0,2008-07-15,False,True,0.13733167946338654,0.32855567805953695,0,False,TN
2008-07-14,90.10946617608356,90.2821156972304,88.05204063028349,88.28224182128906,322720800,3892,False,0.014299007977066402,0.0,1.0,2008-07-15,False,True,0.23225177824497223,0.4432194046306505,0,False,TN
2008-07-15,87.62039010207118,88.836137236626,86.33989049611098,87.03768920898438,502502500,3893,True,0.0,1.0,0.0,2008-07-15,True,True,0.2700361907482147,0.49834619625137816,0,False,FN
2008-07-16,87.3685819321528,89.61304650558101,87.11680036664639,89.17422485351562,371642900,3894,False,0.024547246876020168,0.0,1.0,2008-07-15,False,True,0.0466025210916996,0.13009922822491732,0,False,TN
2008-07-17,90.02308505024372,90.82879148306957,89.26773492644288,90.06624603271484,375490600,3895,False,0.012616573675352072,0.0,7.0,2008-07-28,False,True,0.03510228917002678,0.07607497243660419,0,False,TN
2008-07-18,90.76407394816344,90.9439187513365,90.03030956612554,90.6273956298828,267030100,3896,False,0.018925589621205052,0.0,6.0,2008-07-28,False,True,0.027957255020737648,0.03858875413450937,0,False,TN
2008-07-21,91.00867871901798,91.2172993790748,90.05909824232099,90.67776489257812,222863000,3897,False,0.01949189223129233,0.0,5.0,2008-07-28,False,True,0.027652353048324585,0.037486218302094816,0,False,TN
2008-07-22,90.03029677142742,91.9366525118249,89.81448084291938,91.70645141601562,296904200,3898,False,0.031057435024881563,0.0,4.0,2008-07-28,False,False,,,-1,False,TN
2008-07-23,92.00143261386567,92.90784672183143,91.75684624809284,92.2028579711914,311698400,3899,False,0.036638543677611324,0.0,3.0,2008-07-28,False,False,,,-1,False,TN
2008-07-24,92.32510708786916,92.37546889159256,90.037486917169,90.28926849365234,248634500,3900,False,0.01512401958538967,0.0,2.0,2008-07-28,False,False,,,-1,False,TN
2008-07-25,90.5626427994906,90.99426920155202,90.0446889216459,90.2677001953125,219131000,3901,False,0.014881526783402821,0.0,1.0,2008-07-28,False,True,0.06027381867170334,0.17750826901874311,0,False,TN
2008-07-28,90.28931811232964,90.6849735246862,88.7858121777714,88.94407653808594,205201300,3902,True,0.0,1.0,0.0,2008-07-28,True,True,0.42564210295677185,0.6648291069459757,0,True,TP
2008-07-29,89.18864686699497,90.91515277375994,88.94405505419859,90.8432159423828,261505600,3903,False,0.021352061634859476,0.0,1.0,2008-07-28,False,True,0.02217499166727066,0.002205071664829107,0,False,TN
2008-07-30,91.44029765424136,92.51217669717389,90.84321155463648,92.4618148803711,354710000,3904,False,0.03955000129523922,0.0,2.0,2008-07-28,False,False,,,-1,False,TN
2008-07-31,91.64889932602728,92.49057705239008,91.09497434013906,91.23885345458984,277402100,3905,False,0.02580022195768472,0.0,3.0,2008-07-28,False,False,,,-1,False,TN
2008-08-01,91.44751583102271,91.56261368673754,90.25334333345816,90.75691223144533,248690900,3906,False,0.02038174731718234,0.0,4.0,2008-07-28,False,False,,,-1,False,TN
2008-08-04,90.67054958986428,90.74248640786529,89.74974514722557,89.91519927978516,188239600,3907,False,0.010918352064551273,0.0,5.0,2008-07-28,False,True,0.1887185126543045,0.3880926130099228,0,False,TN
2008-08-05,90.6561804639836,92.48340461499612,89.900835462938,92.33953094482422,251577600,3908,False,0.03817516060537596,0.0,6.0,2008-07-28,False,False,,,-1,False,TN
2008-08-06,92.09494589891828,93.0157505731561,91.7064803978938,92.74957275390624,209555400,3909,False,0.04278526872096733,0.0,7.0,2008-07-28,False,False,,,-1,False,TN
2008-08-07,92.05177822290528,92.39708271551888,91.0302608935843,91.36837005615234,246312500,3910,False,,0.0,,,False,False,,,-1,False,TN
2008-08-08,91.05900023470576,93.46891343350129,90.91512113359568,93.0660629272461,260811700,3911,False,0.01874127063187503,0.0,7.0,2008-08-19,False,False,,,-1,False,TN
2008-08-11,93.138018100115,94.6055467153659,92.96536315491008,94.0300521850586,249425800,3912,False,0.029293512883135975,0.0,6.0,2008-08-19,False,False,,,-1,False,TN
2008-08-12,93.7207448501574,94.02288287286292,92.60570461457333,93.05172729492188,213200800,3913,False,0.01858434661650432,0.0,5.0,2008-08-19,False,False,,,-1,False,TN
2008-08-13,92.64883864613502,93.26750517255545,91.8431374868359,92.49058532714844,256393200,3914,False,0.012441844577911976,0.0,4.0,2008-08-19,False,False,,,-1,False,TN
2008-08-14,91.9654575151288,93.7207449626414,91.90071600522668,93.18840026855467,239555300,3915,False,0.020080427942396062,0.0,3.0,2008-08-19,False,False,,,-1,False,TN
2008-08-15,93.46893134928496,93.87898274972596,93.0157299313064,93.64158630371094,181000800,3916,False,0.025041197773699952,0.0,2.0,2008-08-19,False,False,,,-1,False,TN
2008-08-18,93.8286202973718,93.86459145140503,91.83594789082056,92.36109161376952,172275100,3917,False,0.011024350531670724,0.0,1.0,2008-08-19,False,False,,,-1,False,TN
2008-08-19,91.6633066991448,91.8575421786011,91.0230595779101,91.35397338867188,194673700,3918,True,0.0,1.0,0.0,2008-08-19,True,False,,,-1,False,FN
2008-08-20,91.6417280427504,92.04457869205672,90.88637758687256,91.77841186523438,225498200,3919,True,0.004646086654126025,0.4192391682342469,1.0,2008-08-19,False,True,0.16761882603168488,0.37596471885336274,0,False,FN
2008-08-21,91.18134070427548,92.3970936699632,91.07343269451354,91.93669128417967,180609800,3920,True,0.006378681450762702,0.20266481865466224,2.0,2008-08-19,False,True,0.22915683686733246,0.4410143329658214,0,False,FN
2008-08-22,92.56251334192562,93.26750183105467,91.9366569978823,93.26750183105467,167715300,3921,False,0.020946307767496508,0.0,3.0,2008-08-19,False,False,,,-1,False,TN
2008-08-25,92.65606445584557,93.26753033030069,91.18133456145246,91.37556457519533,171936900,3922,True,0.00023634644145786865,0.9704566948177664,4.0,2008-08-19,False,False,,,-1,False,FN
2008-08-26,91.37555133037031,91.98702809305026,91.05902818761624,91.6417236328125,159117200,3923,True,0.003149838298946994,0.6062702126316257,5.0,2008-08-19,False,True,0.23077945411205292,0.4421168687982359,0,False,FN
2008-08-27,91.75681400242054,92.67761844856084,91.5769692125204,92.53374481201172,171032800,3924,False,0.012914286916896556,0.0,6.0,2008-08-19,False,False,,,-1,False,TN
2008-08-28,93.00136797080958,93.76390837865128,92.8790747900103,93.656005859375,167537100,3925,False,0.025199040450150534,0.0,7.0,2008-08-19,False,False,,,-1,False,TN
2008-08-29,93.32506774378102,93.6200158729856,92.44742417391042,92.64884948730467,189195800,3926,False,,0.0,,,False,False,,,-1,False,TN
2008-09-02,93.5408910838648,94.030074724109,91.73524747354752,92.07335662841795,252364900,3927,False,,0.0,,,False,False,,,-1,False,TN
2008-09-03,91.99419403076172,92.44021103258918,91.31078610565804,91.99419403076172,251947000,3928,False,,0.0,,,False,True,0.4689607620239258,0.7023153252480706,0,True,FP
2008-09-04,91.3395861707573,91.52662631644908,89.17425304597855,89.224609375,340042500,3929,False,,0.0,,,False,True,0.6737384796142578,0.8941565600882029,0,True,FP
2008-09-05,88.69226096212657,89.88642756311893,87.76426114874573,89.50515747070312,289503400,3930,False,,0.0,,,False,True,0.29373931884765625,0.5303197353914002,0,True,FP
2008-09-08,92.10931834092318,92.25320297865775,89.50516885540674,91.35397338867188,364075300,3931,False,0.0890145476022568,0.0,7.0,2008-09-17,False,True,0.06560644507408142,0.19073869900771775,0,False,TN
2008-09-09,91.43309608477573,91.62013621529978,88.33976878865393,88.64190673828125,377326800,3932,False,0.056684481084224414,0.0,6.0,2008-09-17,False,True,0.3680204749107361,0.6052921719955898,0,True,FP
2008-09-10,89.12387240916159,89.85044680552814,88.15990709125647,89.00157928466797,298916600,3933,False,0.060972073849585806,0.0,5.0,2008-09-17,False,True,0.1749630719423294,0.3814773980154355,0,False,TN
2008-09-11,87.85057388863544,90.45472260601564,87.4764936992087,90.28926849365234,375369400,3934,False,0.07632238899579402,0.0,4.0,2008-09-17,False,True,0.05202322080731392,0.14994487320837926,0,False,TN
2008-09-12,89.41162578141125,90.7928322865058,89.08071206592568,90.70650482177734,297851200,3935,False,0.08129618941477634,0.0,3.0,2008-09-17,False,True,0.040608324110507965,0.10143329658213891,0,False,TN
2008-09-15,87.49807267724464,90.38997955825656,86.24635465553698,86.39022827148438,483607000,3936,False,0.02984262061657006,0.0,2.0,2008-09-17,False,True,0.6252272725105286,0.8489525909592062,0,True,FP
2008-09-16,84.31125246138674,87.9944764836596,84.16737879556915,87.83621215820312,581744300,3937,False,0.04707993859873949,0.0,1.0,2008-09-17,False,True,0.19802020490169525,0.40683572216097025,0,False,TN
2008-09-17,86.06654409098155,87.65637177917236,83.448003723558,83.88682556152344,624095600,3938,True,0.0,1.0,0.0,2008-09-17,True,True,0.42793595790863037,0.6659316427783903,0,True,TP
2008-09-18,84.92268851809052,87.61316429473214,81.86532793468044,86.3758316040039,776114700,3939,False,0.029671000491668487,0.0,1.0,2008-09-17,False,True,0.03496613726019859,0.07607497243660419,0,False,TN
2008-09-19,91.67291231092584,92.61352058747076,89.23457549713429,89.8061752319336,501087800,3940,False,0.0705635197277652,0.0,2.0,2008-09-17,False,False,,,-1,False,TN
2008-09-22,90.04495076275015,90.26201593500114,87.08566166756152,87.77302551269531,249966500,3941,False,0.046326701781338686,0.0,3.0,2008-09-17,False,False,,,-1,False,TN
2008-09-23,87.4401849881831,88.28672911412549,85.58067938973556,85.77603912353516,327470400,3942,False,0.02252098049205764,0.0,4.0,2008-09-17,False,True,0.11138002574443817,0.29106945975744214,0,False,TN
2008-09-24,86.3548816988256,86.82518589311933,85.22615604867798,86.05099487304688,311818400,3943,False,0.02579867931629165,0.0,5.0,2008-09-17,False,True,0.0930657908320427,0.2613009922822492,0,False,TN
2008-09-25,86.39104225331303,88.20713687505383,85.69644157986293,87.39676666259766,328253000,3944,False,0.041841386625126153,0.0,6.0,2008-09-17,False,True,0.04925565421581268,0.14002205071664828,0,False,TN
2008-09-26,85.9786158596106,87.91047434127579,85.74708232083644,87.44017028808594,285917400,3945,False,0.04235879356236261,0.0,7.0,2008-09-17,False,True,0.030406564474105835,0.050716648291069456,0,False,TN
2008-09-29,86.20291400771684,86.34762040203822,80.29156892454749,80.58821868896484,459562300,3946,False,,0.0,,,False,True,0.5310841798782349,0.7607497243660419,0,True,FP
2008-09-30,82.12941306273287,84.509871516463,79.97325129703934,83.92379760742188,328154400,3947,False,,0.0,,,False,True,0.05067591369152069,0.14773980154355015,0,False,TN
2008-10-01,83.40282645021951,84.43026204149457,82.44774959875862,83.97442626953125,332783000,3948,False,0.3114125472059599,0.0,7.0,2008-10-10,False,True,0.04404830560088158,0.11576626240352811,0,False,TN
2008-10-02,83.17128941671504,83.28705897950175,80.35670678377272,80.92830657958984,365337800,3949,False,0.26384187885916477,0.0,6.0,2008-10-10,False,True,0.2519074082374573,0.46416758544652703,0,False,TN
2008-10-03,81.65907855433822,83.53305262192174,79.3582111671432,79.83574676513672,461798000,3950,False,0.24677958128956856,0.0,5.0,2008-10-10,False,True,0.3386465013027191,0.5755237045203969,0,True,FP
2008-10-06,77.52766538882744,77.8677316216983,72.81739697901942,75.76945495605469,610637500,3951,False,0.18327708016005695,0.0,4.0,2008-10-10,False,True,0.26046183705329895,0.4796030871003308,0,False,TN
2008-10-07,77.30333325753388,77.65787331027113,72.1010627209917,72.37600708007812,540012100,3952,False,0.13028225399046445,0.0,3.0,2008-10-10,False,True,0.30486562848091125,0.5479603087100331,0,True,FP
2008-10-08,70.55992005502749,73.93163352070827,70.04620512102379,70.55268859863281,725414800,3953,False,0.10180783814336891,0.0,2.0,2008-10-10,False,True,0.29506009817123413,0.5369349503858876,0,True,FP
2008-10-09,72.10828462606806,72.802885114531,65.29974361195906,65.62533569335938,534485200,3954,False,0.024858310631897362,0.0,1.0,2008-10-10,False,True,0.30486562848091125,0.5479603087100331,0,True,FP
2008-10-10,62.77460578956384,67.9696458728805,60.473738331600266,64.0335693359375,871026300,3955,True,0.0,1.0,0.0,2008-10-10,True,True,0.31688833236694336,0.557883131201764,0,True,TP
2008-10-13,67.91898641585271,73.33108520507812,65.08269353444868,73.33108520507812,455584000,3956,False,0.14519752632190985,0.0,1.0,2008-10-10,False,True,0.05522593855857849,0.1631753031973539,0,False,TN
2008-10-14,75.75496404646341,76.35550617351934,70.26327430005462,72.24578094482422,546268300,3957,False,0.12824853735394992,0.0,2.0,2008-10-10,False,True,0.0649668350815773,0.18632855567805953,0,False,TN
2008-10-15,70.5165089157215,70.76251643691657,64.90904996609474,65.13334655761719,484627500,3958,False,0.01717501043725922,0.0,3.0,2008-10-10,False,True,0.14530640840530396,0.34178610804851156,0,False,TN
2008-10-16,66.05227240117475,68.5702001418375,62.61544152419953,67.8466567993164,708811200,3959,False,0.05954825731132396,0.0,4.0,2008-10-10,False,True,0.07011435925960541,0.20837927232635062,0,False,TN
2008-10-17,66.55875867485616,71.33414421561895,66.31275655800091,67.44148254394531,476649000,3960,False,0.053220728492097136,0.0,5.0,2008-10-10,False,True,0.07011435925960541,0.20837927232635062,0,False,TN
2008-10-20,68.98982051050497,71.70310662539265,68.0781548302482,71.49327850341797,321294200,3961,False,0.11649685071192595,0.0,6.0,2008-10-10,False,True,0.03217645734548569,0.05953693495038589,0,False,TN
2008-10-21,70.16194334171057,71.37025844365249,68.89574349327972,69.35881042480469,356502000,3962,False,0.08316327114188371,0.0,7.0,2008-10-10,False,True,0.04865735396742821,0.13671444321940462,0,False,TN
2008-10-22,67.43419239501799,69.3588190537694,63.33170570055603,65.58192443847656,516168000,3963,False,0.07968998814545292,0.0,3.0,2008-10-27,False,True,0.21989502012729645,0.432194046306505,0,False,TN
2008-10-23,65.32871326599327,66.8915636375303,62.087237446210985,66.3416748046875,634666400,3964,False,0.0921979294861699,0.0,2.0,2008-10-27,False,True,0.15380144119262695,0.3528114663726571,0,False,TN
2008-10-24,60.82102001140923,65.06098223768252,60.77760919987164,62.97718048095703,545812600,3965,False,0.03680750190102322,0.0,1.0,2008-10-27,False,True,0.34412261843681335,0.5832414553472988,0,True,FP
2008-10-27,62.20299994334803,64.76434312842841,60.560554047961865,60.74143981933594,397288600,3966,True,0.0,1.0,0.0,2008-10-27,True,True,0.28318729996681213,0.5148842337375965,0,True,TP
2008-10-28,63.19423622667656,68.18668349795786,61.16108238010237,67.83938598632812,639939500,3967,False,0.11685508588706006,0.0,1.0,2008-10-27,False,True,0.024166887626051903,0.014332965821389196,0,False,TN
2008-10-29,67.8466378638569,70.3066856458883,66.63832214392545,67.34739685058594,531270100,3968,False,0.10875535797139779,0.0,2.0,2008-10-27,False,True,0.024166887626051903,0.014332965821389196,0,False,TN
2008-10-30,69.30096241534159,69.85085675810359,67.21716011883804,69.67720794677734,414582100,3969,False,0.1471115626172046,0.0,3.0,2008-10-27,False,True,0.031184973195195198,0.05292171995589857,0,False,TN
2008-10-31,68.79446122313294,71.31962443394697,68.36033658107408,70.06066131591797,411394000,3970,False,0.15342444176990733,0.0,4.0,2008-10-27,False,True,0.023167312145233154,0.007717750826901874,0,False,TN
2008-11-03,70.02450458414779,70.68293149479786,69.42396244985741,70.26327514648438,205419400,3971,False,0.1567601188820904,0.0,5.0,2008-10-27,False,False,,,-1,False,TN
2008-11-04,71.6742053691972,72.97658565969296,69.97387953230398,72.65099334716797,346793400,3972,False,0.1960696612272408,0.0,6.0,2008-10-27,False,False,,,-1,False,TN
2008-11-05,71.77547116494686,72.86802275892087,68.73659244392526,69.59761047363281,387844100,3973,False,0.14580113149503693,0.0,7.0,2008-10-27,False,False,,,-1,False,TN
2008-11-06,68.34589695355432,69.05497179048315,65.1623054460605,65.74114227294922,477721900,3974,False,,0.0,,,False,True,0.27879634499549866,0.5115766262403528,0,True,FP
2008-11-07,66.31270642343213,68.01303109681365,65.48063100278335,67.91173553466797,380391000,3975,False,,0.0,,,False,True,0.089479461312294,0.25689084895259096,0,False,TN
2008-11-10,68.88855543734869,69.12008906752207,65.78455408520732,67.02181243896484,301773000,3976,False,,0.0,,,False,True,0.10214707255363464,0.28335170893054024,0,False,TN
2008-11-11,65.66878059516854,66.66726819679526,64.14210404299232,64.95246887207031,418498200,3977,False,0.1897948030391341,0.0,7.0,2008-11-20,False,True,0.4099472463130951,0.6515986769570011,0,True,FP
2008-11-12,63.83822825194266,64.35917479476382,61.58800813096947,62.094486236572266,454330600,3978,False,0.13744247608464866,0.0,6.0,2008-11-20,False,True,0.3384711742401123,0.5755237045203969,0,True,FP
2008-11-13,62.31877287855586,66.37061915293465,59.39565773270097,65.9654312133789,753141900,3979,False,0.20835017668839595,0.0,5.0,2008-11-20,False,True,0.025820232927799225,0.026460859977949284,0,False,TN
2008-11-14,64.6919559913047,66.60933974599571,62.60091249244707,62.67327117919922,540352300,3980,False,0.14804461837074379,0.0,4.0,2008-11-20,False,True,0.1955048143863678,0.4002205071664829,0,False,TN
2008-11-17,62.49965367861927,64.07697792526226,61.61693569562113,61.84123229980469,415254900,3981,False,0.13280338810157688,0.0,3.0,2008-11-20,False,True,0.13411641120910645,0.3263506063947078,0,False,TN
2008-11-18,61.60966579793851,63.1073990582391,59.98893159591981,63.006103515625,523811800,3982,False,0.15414141793878988,0.0,2.0,2008-11-20,False,True,0.04672306030988693,0.13009922822491732,0,False,TN
2008-11-19,62.15961322620757,62.854214195182415,58.54912785512461,58.96878433227539,558327600,3983,False,0.08018608620196788,0.0,1.0,2008-11-20,False,True,0.31930047273635864,0.5611907386990077,0,True,FP
2008-11-20,57.97750167827725,59.69953764255134,54.30190723864525,54.5913200378418,814180400,3984,True,0.0,1.0,0.0,2008-11-20,True,True,0.29331499338150024,0.5281146637265711,0,True,TP
2008-11-21,56.04565468503674,58.53464501844078,53.78819795100542,57.53615188598633,718536500,3985,False,0.05394322478561109,0.0,1.0,2008-11-20,False,True,0.11359301954507828,0.2965821389195149,0,False,TN
2008-11-24,59.27266064568462,62.94102463618774,58.14393496251345,61.52288055419922,523305300,3986,False,0.12697184298808994,0.0,2.0,2008-11-20,False,True,0.024166887626051903,0.014332965821389196,0,False,TN
2008-11-25,63.16533996241162,63.317283411424405,60.64740654400474,61.978729248046875,454112400,3987,False,0.1353220476274295,0.0,3.0,2008-11-20,False,True,0.02280774898827076,0.002205071664829107,0,False,TN
2008-11-26,60.99470364209984,64.5328300096461,60.95128728948017,64.37364959716797,370134200,3988,False,0.17919203185680854,0.0,4.0,2008-11-20,False,False,,,-1,False,TN
2008-11-28,64.12761829193046,65.21293286282972,64.01909125099682,65.18399047851562,118308100,3989,False,0.19403579970829,0.0,5.0,2008-11-20,False,False,,,-1,False,TN
2008-12-01,63.317263730804214,63.34620611974366,59.229243756394794,59.41012954711914,369927100,3990,False,0.08827061712259421,0.0,6.0,2008-11-20,False,False,,,-1,False,TN
2008-12-02,60.39413620312404,61.855690661097945,59.35946947330166,61.696510314941406,469508400,3991,False,0.13015238085788017,0.0,7.0,2008-11-20,False,True,0.031585026532411575,0.05733186328555678,0,False,TN
2008-12-03,60.343509832190854,63.54880673963796,60.15538703630403,63.1797981262207,519863500,3992,False,,0.0,,,False,True,0.034911416471004486,0.07497243660418963,0,False,TN
2008-12-04,62.26812000546723,63.70797480880385,60.58950016456374,61.718231201171875,444173800,3993,False,,0.0,,,False,True,0.05178346857428551,0.14884233737596472,0,False,TN
2008-12-05,60.52438346624654,63.97568174109886,59.50418501104486,63.62114715576172,471905300,3994,False,,0.0,,,False,False,,,-1,False,TN
2008-12-08,65.36488138686272,66.84090998192487,63.72967794583342,65.84242248535156,412859300,3995,False,,0.0,,,False,False,,,-1,False,TN
2008-12-09,65.38660281410964,66.66003490745821,64.38087817938028,64.75711822509766,370790000,3996,False,,0.0,,,False,False,,,-1,False,TN
2008-12-10,65.35040681513475,66.1028922352794,64.39533022806563,65.1984634399414,396187400,3997,False,,0.0,,,False,False,,,-1,False,TN
2008-12-11,64.78607482718118,65.84244749824578,63.21598701937821,63.6284065246582,365061000,3998,False,,0.0,,,False,False,,,-1,False,TN
2008-12-12,61.89915180362913,64.44602262519547,61.645907149498576,64.38813781738281,415060400,3999,False,0.02452951906555234,0.0,7.0,2008-12-23,False,False,,,-1,False,TN
2008-12-15,64.40981853117721,64.50388268783736,62.434548524071715,63.49092102050781,256694200,4000,False,0.010253207860420499,0.0,6.0,2008-12-23,False,False,,,-1,False,TN
2008-12-16,66.4791488647461,66.5804444736232,63.8020411669425,66.4791488647461,377699500,4001,False,0.057801214991777705,0.0,5.0,2008-12-23,False,False,,,-1,False,TN
2008-12-17,65.7266724761894,66.87710922439084,65.16230957036122,65.835205078125,281819800,4002,False,0.04755492677199258,0.0,4.0,2008-12-23,False,False,,,-1,False,TN
2008-12-18,66.13184775500511,66.32720198471566,63.82374324437837,64.60517120361328,374673300,4003,False,0.027982905331303876,0.0,3.0,2008-12-23,False,False,,,-1,False,TN
2008-12-19,64.99102149748158,66.09973790645509,64.25430913303275,64.32725524902344,301451300,4004,False,0.02356076937663265,0.0,2.0,2008-12-23,False,False,,,-1,False,TN
2008-12-22,64.61171454221875,64.67735935564656,62.35781467609166,63.50299835205078,243759500,4005,False,0.010445379634550722,0.0,1.0,2008-12-23,False,False,,,-1,False,TN
2008-12-23,63.84583962515317,64.13760740336913,62.58395191450483,62.84654235839844,221625200,4006,True,0.0,1.0,0.0,2008-12-23,True,True,0.34106194972991943,0.5788313120176406,0,True,TP
2008-12-24,63.0580717151169,63.36443095962139,62.729836424942995,63.21125411987305,62061600,4007,True,0.005803211247402462,0.2745985940746922,1.0,2008-12-23,False,True,0.07283354550600052,0.21168687982359427,0,False,FN
2008-12-26,63.63431499128078,63.67808377999075,63.09454816059473,63.575965881347656,74767700,4008,False,0.011606422494804702,0.0,2.0,2008-12-23,False,True,0.09552114456892014,0.26460859977949286,0,False,TN
2008-12-29,63.63431520413248,63.69996560491298,62.43807218887659,63.393611907958984,127795900,4009,False,0.008704847220404544,0.0,3.0,2008-12-23,False,True,0.09065909683704376,0.2579933847850055,0,False,TN
2008-12-30,63.83128443268632,64.95458730168403,63.37174815240852,64.89623260498047,168256300,4010,False,0.03261420866868292,0.0,4.0,2008-12-23,False,False,,,-1,False,TN
2008-12-31,64.97642007709456,66.35501675157776,64.82324328715265,65.82254028320312,193987200,4011,False,0.04735340741314453,0.0,5.0,2008-12-23,False,False,,,-1,False,TN
2009-01-02,65.96846669588781,68.15671741177961,65.53810782795756,67.80659484863281,227566300,4012,False,0.07892323593473782,0.0,6.0,2008-12-23,False,False,,,-1,False,TN
2009-01-05,67.56587629029123,68.31718027011816,67.0261094156173,67.72634887695312,240349700,4013,False,0.07764638014174818,0.0,7.0,2008-12-23,False,False,,,-1,False,TN
2009-01-06,68.30258074373441,68.89340650205018,67.60234136517293,68.17858123779297,328260900,4014,False,,0.0,,,False,False,,,-1,False,TN
2009-01-07,67.1063175965463,67.29596744360785,65.79336567843747,66.13619232177734,280899200,4015,False,,0.0,,,False,False,,,-1,False,TN
2009-01-08,65.76423538282002,66.44258780906421,65.4068170677977,66.40612030029297,263834400,4016,False,0.1299498772001464,0.0,7.0,2009-01-20,False,False,,,-1,False,TN
2009-01-09,66.49363991861374,66.61034371589726,62.26302014066889,64.9837417602539,330953600,4017,False,0.10574704093473408,0.0,6.0,2009-01-20,False,False,,,-1,False,TN
2009-01-12,64.80136838939217,64.85243289404839,63.02889138513925,63.42277145385742,277858500,4018,False,0.07918596195512095,0.0,5.0,2009-01-20,False,True,0.5944525003433228,0.8191841234840133,0,True,FP
2009-01-13,63.26230200686711,64.10112661622453,62.875706547459345,63.53947830200195,356432300,4019,False,0.08117181639343163,0.0,4.0,2009-01-20,False,True,0.26862359046936035,0.49503858875413453,0,False,TN
2009-01-14,62.39429821869928,62.54747504079425,60.6582886699492,61.5408821105957,435491600,4020,False,0.047164205184706764,0.0,3.0,2009-01-20,False,True,0.38923484086990356,0.6262403528114664,0,True,FP
2009-01-15,61.35852745299219,62.182766221796435,59.60792646981703,61.56276321411133,532647300,4021,False,0.0475365285506657,0.0,2.0,2009-01-20,False,True,0.29310476779937744,0.5270121278941565,0,True,FP
2009-01-16,62.627701998992315,62.72252414189789,60.57804338652442,62.044166564941406,399237200,4022,False,0.05572796715142059,0.0,1.0,2009-01-20,False,True,0.18039841949939728,0.38257993384785005,0,False,TN
2009-01-20,61.438751889323626,62.04416333172003,58.38979081355689,58.76908493041992,419855200,4023,True,0.0,1.0,0.0,2009-01-20,True,True,0.42604202032089233,0.6659316427783903,0,True,TP
2009-01-21,59.76841751371212,61.44607290287001,58.69617387096294,61.30748748779297,364360700,4024,False,0.0431928208577419,0.0,1.0,2009-01-20,False,True,0.06475779414176941,0.185226019845645,0,False,TN
2009-01-22,60.11854399932025,61.30020146793334,59.2067728070289,60.3592529296875,427940300,4025,True,0.0020593658207084253,0.7425792724114468,7.0,2009-02-02,False,True,0.10744787752628326,0.288864388092613,0,False,FN
2009-01-23,59.009815831903744,61.263710904598575,58.76910697025435,60.621826171875,386800600,4026,True,0.0064184982449349,0.19768771938313745,6.0,2009-02-02,False,True,0.03217645734548569,0.05953693495038589,0,False,FN
2009-01-26,60.971947250865405,62.26301809501347,60.403003040905304,61.03759765625,317978800,4027,False,0.013320964556843728,0.0,5.0,2009-02-02,False,True,0.024236636236310005,0.014332965821389196,0,False,TN
2009-01-27,61.36584776025039,62.109856186996176,60.76043590379275,61.657615661621094,273789700,4028,False,0.023614247178868952,0.0,4.0,2009-02-02,False,True,0.03341349586844444,0.06725468577728776,0,False,TN
2009-01-28,63.02161516428797,64.15220791069352,62.78090627501776,63.74373626708984,330007000,4029,False,0.05824715910998002,0.0,3.0,2009-02-02,False,False,,,-1,False,TN
2009-01-29,62.810076142687905,63.816669243948006,61.61383313017309,61.67218780517578,294392500,4030,False,0.023856167882328805,0.0,2.0,2009-02-02,False,False,,,-1,False,TN
2009-01-30,61.98583431602091,62.29218799788568,59.96534691775319,60.41758728027344,383383600,4031,True,0.0030278085948727274,0.6215239256409091,1.0,2009-02-02,False,True,0.2874671518802643,0.523704520396913,0,True,TP
2009-02-02,59.49849449456618,60.672855323420386,59.3088446756504,60.235206604003906,288233300,4032,True,0.0,1.0,0.0,2009-02-02,True,True,0.14711125195026398,0.34509371554575524,0,False,FN
2009-02-03,60.614514639548624,61.53358105753645,59.97263007421163,61.08134078979492,278385800,4033,False,0.014047169977412732,0.0,1.0,2009-02-02,False,True,0.06787437945604324,0.19845644983461963,0,False,TN
2009-02-04,61.489834178818754,62.27030987780221,60.57076751669539,60.78229904174805,322989300,4034,False,0.009082602494265846,0.0,2.0,2009-02-02,False,True,0.03982085734605789,0.0970231532524807,0,False,TN
2009-02-05,60.32276386210019,62.211956165435176,56.69756723733742,61.68677520751953,417679400,4035,False,0.02409834190589688,0.0,3.0,2009-02-02,False,True,0.027132006362080574,0.034178610804851156,0,False,TN
2009-02-06,61.89830983266243,63.707260372643525,61.76701458661472,63.44467544555664,366101700,4036,False,0.053282274976697686,0.0,4.0,2009-02-02,False,False,,,-1,False,TN
2009-02-09,63.43001721091087,63.99896082310238,62.963191397574114,63.532135009765625,240075200,4037,False,0.05473424250764625,0.0,5.0,2009-02-02,False,False,,,-1,False,TN
2009-02-10,62.92678019416139,63.48113847901837,60.140408448576224,60.621826171875,536212800,4038,True,0.0064184982449349,0.19768771938313745,6.0,2009-02-02,False,False,,,-1,False,FN
2009-02-11,60.86980394265515,61.307458289222055,60.10391996617546,60.979217529296875,324442500,4039,False,0.012351761822354534,0.0,7.0,2009-02-02,False,True,0.10931845009326935,0.29106945975744214,0,False,TN
2009-02-12,59.9361864893036,61.13972551043612,59.11924310720883,61.02302169799805,469302200,4040,False,,0.0,,,False,True,0.09466058015823364,0.26350606394707826,0,False,TN
2009-02-13,60.94276741728786,61.44606115530863,60.351936106991126,60.36652755737305,293998400,4041,False,,0.0,,,False,True,0.39159053564071655,0.6394230769230769,1,True,FP
2009-02-17,58.470027506701925,60.5123903046668,57.74790118718367,57.78437423706055,478910100,4042,False,,0.0,,,False,True,0.28830212354660034,0.5080128205128205,1,True,FP
2009-02-18,58.20014824633926,58.30956184382214,57.09872767769004,57.645790100097656,362964800,4043,False,,0.0,,,False,True,0.36659878492355347,0.6129807692307693,1,True,FP
2009-02-19,58.23662375068356,58.46274670060491,56.909085645530425,57.02579498291016,316867500,4044,False,,0.0,,,False,True,0.4409818947315216,0.6778846153846154,1,True,FP
2009-02-20,55.96816452820656,57.1425206875344,55.26791936517743,56.471458435058594,477176600,4045,False,,0.0,,,False,True,0.4196508824825287,0.6594551282051282,1,True,FP
2009-02-23,57.09145116718236,57.09145116718236,54.40719708862069,54.450965881347656,379641400,4046,False,,0.0,,,False,True,0.31939932703971863,0.5600961538461539,1,True,FP
2009-02-24,54.91779594125942,56.858041890958525,54.487437100963305,56.51522064208984,426260900,4047,False,,0.0,,,False,True,0.041413500905036926,0.11137820512820513,1,False,TN
2009-02-25,56.267187654056066,57.20083987186156,55.16576719476699,56.07024765014648,461985800,4048,False,,0.0,,,False,True,0.041413500905036926,0.11137820512820513,1,False,TN
2009-02-26,56.76320363568184,58.11262332887185,55.09283883481148,55.15848922729492,363353900,4049,False,0.11026258294067026,0.0,7.0,2009-03-09,False,True,0.1983654648065567,0.40384615384615385,1,False,TN
2009-02-27,53.9841397451846,55.20956021037554,53.838253043966255,53.925785064697266,470510900,4050,False,0.08544998696967454,0.0,6.0,2009-03-09,False,True,0.28831717371940613,0.5080128205128205,1,True,FP
2009-03-02,52.897316880359035,53.91850176419043,51.32907482716466,51.4968376159668,426452600,4051,False,0.036558701040106945,0.0,5.0,2009-03-09,False,True,0.31939932703971863,0.5600961538461539,1,True,FP
2009-03-03,52.233528013424994,52.29917284230712,50.7965762878136,51.110225677490234,443761000,4052,False,0.028776748063841007,0.0,4.0,2009-03-09,False,True,0.3116545081138611,0.5488782051282052,1,True,FP
2009-03-04,51.95635563381973,53.15259861447554,51.1102295638394,52.32106399536133,462753100,4053,False,0.05314921542391238,0.0,3.0,2009-03-09,False,True,0.06263891607522964,0.1875,1,False,TN
2009-03-05,51.1321028399341,52.321055466350096,49.72432857126869,50.18386459350586,485549400,4054,False,0.010130406145337778,0.0,2.0,2009-03-09,False,True,0.18948666751384735,0.39663461538461536,1,False,TN
2009-03-06,50.6215037296002,51.387387678023536,48.94384363590072,50.27138137817383,490470000,4055,False,0.011891995571685632,0.0,1.0,2009-03-09,False,True,0.1598718911409378,0.3613782051282051,1,False,TN
2009-03-09,49.56387077655922,51.059177486083726,49.40340375049598,49.68058013916016,379905300,4056,True,0.0,1.0,0.0,2009-03-09,True,True,0.1982470452785492,0.40384615384615385,1,False,FN
2009-03-10,50.701749221865,52.787881134740374,50.599631343473085,52.64199447631836,406227900,4057,False,0.059609093308954586,0.0,1.0,2009-03-09,False,True,0.030078355222940445,0.04006410256410257,1,False,TN
2009-03-11,53.247415574089885,53.79447806286478,52.39399942720283,52.984825134277344,356648300,4058,False,0.0665097908651966,0.0,2.0,2009-03-09,False,True,0.02381270006299019,0.013621794871794872,1,False,TN
2009-03-12,52.970264915370734,55.25333813799927,52.49614274903934,55.07098388671875,409702700,4059,False,0.10850122386774741,0.0,3.0,2009-03-09,False,False,,,-1,False,TN
2009-03-13,55.44297458319286,56.15050979584449,54.50932193495476,55.50132369995117,337474700,4060,False,0.11716335728138705,0.0,4.0,2009-03-09,False,False,,,-1,False,TN
2009-03-16,56.1359106003098,56.872623052233344,55.29708025188295,55.333553314208984,360644900,4061,False,0.11378637606916597,0.0,5.0,2009-03-09,False,False,,,-1,False,TN
2009-03-17,55.48672537751188,57.15709020495859,55.03448504267669,57.02579498291016,356814300,4062,False,0.1478488138257512,0.0,6.0,2009-03-09,False,False,,,-1,False,TN
2009-03-18,56.755903788617566,59.009803973380045,56.216137063547826,58.302268981933594,473273200,4063,False,0.17354243486334564,0.0,7.0,2009-03-09,False,False,,,-1,False,TN
2009-03-19,59.03169987362368,59.08275882531683,57.39780785443455,57.58016204833984,428520400,4064,False,,0.0,,,False,False,,,-1,False,TN
2009-03-20,57.860043339569295,57.97024007081548,56.22179946730042,56.354034423828125,371078200,4065,False,,0.0,,,False,False,,,-1,False,TN
2009-03-23,57.84536371643619,60.453329468209176,57.529469320628536,60.40190505981445,419933300,4066,False,,0.0,,,False,False,,,-1,False,TN
2009-03-24,59.68195578308583,60.504751895298114,59.14567348522209,59.211788177490234,330271000,4067,False,,0.0,,,False,False,,,-1,False,TN
2009-03-25,59.67463468714893,60.75454761252864,58.08046630190446,59.83625030517578,441775100,4068,False,,0.0,,,False,False,,,-1,False,TN
2009-03-26,60.42394015354627,61.195311844250895,59.74072698901471,61.05572891235352,422025200,4069,False,,0.0,,,False,False,,,-1,False,TN
2009-03-27,60.2770350043945,60.62965801712713,59.733398985432295,59.95379257202149,322332300,4070,False,,0.0,,,False,False,,,-1,False,TN
2009-03-30,58.624096313076905,58.6755207328053,57.272359901179705,57.882110595703125,324108500,4071,False,,0.0,,,False,False,,,-1,False,TN
2009-03-31,58.44776691451501,59.5644192291463,58.07310576597391,58.41838073730469,364238300,4072,False,,0.0,,,False,False,,,-1,False,TN
2009-04-01,57.691092269091186,59.81419457442039,57.54416698481857,59.54972457885742,377018300,4073,False,,0.0,,,False,False,,,-1,False,TN
2009-04-02,61.03367242086738,62.157666670287675,59.60112622457946,61.290794372558594,476230700,4074,False,,0.0,,,False,False,,,-1,False,TN
2009-04-03,61.33489956678689,61.91526401823415,60.73249688127113,61.90057373046875,284646300,4075,False,,0.0,,,False,False,,,-1,False,TN
2009-04-06,61.22467265566303,61.91523354238647,60.45330681874243,61.415679931640625,264866600,4076,False,,0.0,,,False,False,,,-1,False,TN
2009-04-07,60.42393952819601,60.7177956742251,59.88030930118805,59.983158111572266,258947800,4077,False,,0.0,,,False,False,,,-1,False,TN
2009-04-08,60.28435811198095,60.93084277045149,59.902349035935586,60.629638671875,230402800,4078,False,,0.0,,,False,False,,,-1,False,TN
2009-04-09,62.20174043694672,63.04657447452497,61.9519664388797,63.03922653198242,269653500,4079,False,,0.0,,,False,False,,,-1,False,TN
2009-04-13,62.38542075865971,63.57553563330491,62.13564667654643,63.0539436340332,224847500,4080,False,,0.0,,,False,False,,,-1,False,TN
2009-04-14,62.46620547875882,63.002493146041495,61.76830232193155,61.966651916503906,276598800,4081,False,,0.0,,,False,False,,,-1,False,TN
2009-04-15,61.59201547202089,62.75274425869619,61.42305195785286,62.62785720825195,250726100,4082,False,,0.0,,,False,False,,,-1,False,TN
2009-04-16,63.12741080372065,64.02366959537491,62.27522847564275,63.5461540222168,335202900,4083,False,,0.0,,,False,False,,,-1,False,TN
2009-04-17,63.78855062694823,64.39095291814189,63.281649155818485,63.97220993041992,262649000,4084,False,,0.0,,,False,False,,,-1,False,TN
2009-04-20,62.840879630403286,63.9501835989433,61.22467409650189,61.290794372558594,293690100,4085,False,,0.0,,,False,False,,,-1,False,TN
2009-04-21,60.84266093578304,62.539671304509106,60.79123654899855,62.48824691772461,114090900,4086,False,,0.0,,,False,False,,,-1,False,TN
2009-04-22,61.92258379340722,63.4285870196334,61.76096267731192,62.10624313354492,340395200,4087,False,,0.0,,,False,False,,,-1,False,TN
2009-04-23,62.231143778118515,62.75273574583994,61.4377339096805,62.716007232666016,324903700,4088,False,,0.0,,,False,False,,,-1,False,TN
2009-04-24,63.20086344597619,64.14119855244171,62.95108938543851,63.66368865966797,287703000,4089,False,,0.0,,,False,False,,,-1,False,TN
2009-04-27,62.9437402132792,63.92080941774832,62.840891413318154,63.061279296875,289581600,4090,False,,0.0,,,False,False,,,-1,False,TN
2009-04-28,62.42214892129427,63.61225807751503,62.26787571974119,62.86293029785156,247926300,4091,False,,0.0,,,False,False,,,-1,False,TN
2009-04-29,63.560844937073696,64.91258108346645,63.39922936741526,64.19998168945312,311505700,4092,False,,0.0,,,False,False,,,-1,False,TN
2009-04-30,65.05214397064002,65.39741884035644,63.85468142230349,64.22200012207031,301419800,4093,False,,0.0,,,False,False,,,-1,False,TN
2009-05-01,64.23668384631956,64.80235207072896,63.7077441220296,64.56726837158203,236110300,4094,False,,0.0,,,False,False,,,-1,False,TN
2009-05-04,65.0521612733454,66.80794467685055,64.92726862252817,66.76386260986328,287120000,4095,False,0.02480890977182537,0.0,7.0,2009-05-13,False,False,,,-1,False,TN
2009-05-05,66.53614044189453,66.80061047888502,65.9998524210968,66.53614044189453,243036300,4096,False,0.021313430367785324,0.0,6.0,2009-05-13,False,False,,,-1,False,TN
2009-05-06,67.35155114083871,67.73356008915864,66.5654894160705,67.68948364257812,291941000,4097,False,0.03901696551212086,0.0,5.0,2009-05-13,False,False,,,-1,False,TN
2009-05-07,68.32864025312251,68.43148906197356,66.32307727084762,66.7491683959961,317728000,4098,False,0.02458335719436011,0.0,4.0,2009-05-13,False,False,,,-1,False,TN
2009-05-08,67.60867833347592,68.48289862407952,67.17524496223318,68.30658721923828,299081700,4099,False,0.04848935400032017,0.0,3.0,2009-05-13,False,False,,,-1,False,TN
2009-05-11,67.36624520381872,67.66744921859872,66.88138744969567,67.02831268310547,247923600,4100,False,0.028868153510194228,0.0,2.0,2009-05-13,False,False,,,-1,False,TN
2009-05-12,67.3148368122439,67.46176768541726,66.00718286761942,66.8299789428711,282431300,4101,False,0.0258237792610847,0.0,1.0,2009-05-13,False,False,,,-1,False,TN
2009-05-13,65.9263347219324,66.12468988647825,65.0153862467001,65.14762115478516,269619100,4102,True,0.0,1.0,0.0,2009-05-13,True,False,,,-1,False,FN
2009-05-14,65.17701580411914,66.20550904490493,65.015394717088,65.7059555053711,260098700,4103,False,0.008570295287672725,0.0,1.0,2009-05-13,False,False,,,-1,False,TN
2009-05-15,65.65457949970211,66.11739927689749,64.75832052384065,65.16971588134766,271502700,4104,True,0.0003391486315365011,0.9576064210579374,2.0,2009-05-13,False,False,,,-1,False,FN
2009-05-18,65.78676715799446,67.10176288681795,65.06682019585554,67.02095794677734,241447400,4105,False,0.02875526011212748,0.0,3.0,2009-05-13,False,False,,,-1,False,TN
2009-05-19,66.98425437847499,67.56461873587571,66.71243645771568,66.94017791748047,206102200,4106,False,0.027515306482739366,0.0,4.0,2009-05-13,False,False,,,-1,False,TN
2009-05-20,67.54990124213798,68.17434746566549,66.41856466960517,66.49202728271484,285722200,4107,False,0.020636304198053512,0.0,5.0,2009-05-13,False,False,,,-1,False,TN
2009-05-21,65.72067721721811,65.97045690887026,64.83911436338214,65.53701782226562,258988400,4108,True,0.005977143302827503,0.2528570871465621,6.0,2009-05-13,False,False,,,-1,False,FN
2009-05-22,65.72065739229052,66.11736223830091,65.14764114966603,65.39741516113281,166811900,4109,True,0.0038342767075740802,0.52071541155324,7.0,2009-05-13,False,False,,,-1,False,FN
2009-05-26,64.91257439209211,67.26341231108714,64.88318821749971,67.0724105834961,236318500,4110,False,,0.0,,,False,False,,,-1,False,TN
2009-05-27,67.175234833396,67.40297059717902,65.77207493500185,65.87492370605469,246015800,4111,False,,0.0,,,False,False,,,-1,False,TN
2009-05-28,66.45531081432382,67.10178982807037,65.45620331727216,66.79324340820312,289095000,4112,False,,0.0,,,False,False,,,-1,False,TN
2009-05-29,67.16056503576628,68.83553779189626,66.6169348054946,67.97601318359375,258641500,4113,False,,0.0,,,False,False,,,-1,False,TN
2009-06-01,68.81350465679797,69.9154610889848,68.63719319700336,69.6216049194336,276246800,4114,False,,0.0,,,False,False,,,-1,False,TN
2009-06-02,69.34977428623509,70.06237348777951,69.2248872687047,69.68035888671875,230874500,4115,False,,0.0,,,False,False,,,-1,False,TN
2009-06-03,69.08531342276113,69.15142810959168,68.14497828890772,68.7988052368164,235310500,4116,False,,0.0,,,False,False,,,-1,False,TN
2009-06-04,69.05594776402968,69.54815370612205,68.54170358644677,69.44530487060547,210102300,4117,False,,0.0,,,False,False,,,-1,False,TN
2009-06-05,70.15052391314488,70.28275886963343,68.90899051566534,69.45996856689453,284257900,4118,False,,0.0,,,False,False,,,-1,False,TN
2009-06-08,68.93840297370741,69.86404809737537,68.35069614339785,69.17349243164062,238565100,4119,False,,0.0,,,False,False,,,-1,False,TN
2009-06-09,69.56284191307186,69.89342661858295,69.07063042052705,69.52610778808594,225125500,4120,False,,0.0,,,False,False,,,-1,False,TN
2009-06-10,70.14321788895104,70.15056023128491,68.46089669565097,69.34980773925781,296100400,4121,False,,0.0,,,False,False,,,-1,False,TN
2009-06-11,69.48202138065005,70.60601594437789,69.46732549082212,69.65833282470703,275414200,4122,False,0.05608607703636115,0.0,7.0,2009-06-22,False,False,,,-1,False,TN
2009-06-12,69.34980371801151,69.89343407579383,69.0559475012931,69.84935760498047,184361800,4123,False,0.058982193016101636,0.0,6.0,2009-06-22,False,False,,,-1,False,TN
2009-06-15,69.02655502047898,69.07063148727038,67.8805220451777,68.24784088134766,224190500,4124,False,0.034701687793191605,0.0,5.0,2009-06-22,False,False,,,-1,False,TN
2009-06-16,68.49028155511189,68.53435802762871,67.27812811732693,67.32220458984375,227319000,4125,False,0.020668167893758582,0.0,4.0,2009-06-22,False,False,,,-1,False,TN
2009-06-17,67.29278624718874,67.8290740274963,66.72711790247192,67.25605773925781,223445200,4126,False,0.019665319201996212,0.0,3.0,2009-06-22,False,True,0.3517014682292938,0.592948717948718,1,True,FP
2009-06-18,67.35891116656815,68.07885274577254,67.03566888742549,67.7482681274414,211725100,4127,False,0.027127693290699417,0.0,2.0,2009-06-22,False,True,0.10765580832958221,0.297275641025641,1,False,TN
2009-06-19,68.3969470186898,68.48559790992387,67.6138284482811,67.99800109863281,215655600,4128,False,0.030913880860187426,0.0,1.0,2009-06-22,False,True,0.07336395978927612,0.21875,1,False,TN
2009-06-22,67.33309919915999,67.37004083254618,65.93679113199093,65.95895385742188,251913600,4129,True,0.0,1.0,0.0,2009-06-22,True,True,0.32152509689331055,0.5625,1,True,TP
2009-06-23,66.09929950900366,66.40219936587378,65.64124936165162,66.0106430053711,188309800,4130,True,0.0007836562729748309,0.9020429658781461,1.0,2009-06-22,False,True,0.19720914959907532,0.4030448717948718,1,False,FN
2009-06-24,66.60904281986168,67.28872554990161,66.19531824099133,66.5794906616211,211577700,4131,False,0.00940792368448684,0.0,2.0,2009-06-22,False,True,0.0445406399667263,0.12980769230769232,1,False,TN
2009-06-25,66.24706185405468,68.09403027177562,66.17318424464591,68.02754211425781,279411000,4132,False,0.031361750541214484,0.0,3.0,2009-06-22,False,False,,,-1,False,TN
2009-06-26,67.79849721988198,68.14572809730176,67.42910362883947,67.85021209716797,167579000,4133,False,0.028673260098003972,0.0,4.0,2009-06-22,False,False,,,-1,False,TN
2009-06-29,68.04967590041629,68.57421403164855,67.6728929251798,68.48555755615234,168481300,4134,False,0.038305696967117164,0.0,5.0,2009-06-22,False,False,,,-1,False,TN
2009-06-30,68.50037278484447,68.75155781056026,67.42912760796598,67.93150329589844,228888200,4135,False,0.029905711402586244,0.0,6.0,2009-06-22,False,False,,,-1,False,TN
2009-07-01,68.21958016087633,68.87710569246909,68.12353989228255,68.21219635009766,173041100,4136,False,0.034161283054101155,0.0,7.0,2009-06-22,False,False,,,-1,False,TN
2009-07-02,67.32566255816833,68.23437311945631,66.31352789619078,66.3504638671875,212309900,4137,False,0.02103163468368252,0.0,5.0,2009-07-10,False,False,,,-1,False,TN
2009-07-06,65.70775908801019,66.43915710177872,65.50089949918686,66.3431167602539,174499600,4138,False,0.02091857400308772,0.0,4.0,2009-07-10,False,True,0.30498450994491577,0.5384615384615384,1,True,FP
2009-07-07,66.27661753505275,66.35788460065632,65.01329174680737,65.0576171875,197088900,4139,True,0.001136711847890437,0.8579110190136954,3.0,2009-07-10,False,True,0.262848436832428,0.4703525641025641,1,False,FN
2009-07-08,65.44915689933325,65.60430717514298,64.27448792891069,65.01327514648438,248050500,4140,True,0.0004543560061285312,0.9432054992339336,2.0,2009-07-10,False,True,0.36174577474594116,0.6081730769230769,1,True,TP
2009-07-09,65.46396143414202,65.67821048751276,64.94681243393774,65.1388931274414,163777600,4141,True,0.0023874236135978943,0.7015720483002632,1.0,2009-07-10,False,True,0.31792134046554565,0.5560897435897436,1,True,TP
2009-07-10,64.79166305679902,65.37530587224425,64.53308855286795,64.98374938964844,173520300,4142,True,0.0,1.0,0.0,2009-07-10,True,True,0.30091020464897156,0.53125,1,True,TP
2009-07-13,65.24230545312759,66.61645029876688,64.71037768881563,66.56473541259766,217413500,4143,False,0.024328944356064808,0.0,1.0,2009-07-10,False,True,0.02350519970059395,0.011217948717948718,1,False,TN
2009-07-14,66.77156668416325,67.00059448579236,66.29135964585461,66.94149017333984,181487400,4144,False,0.0301266209179869,0.0,2.0,2009-07-10,False,False,,,-1,False,TN
2009-07-15,67.82807727336414,69.08401938123127,66.99324944347985,68.89932250976562,220877900,4145,False,0.06025465069180691,0.0,3.0,2009-07-10,False,False,,,-1,False,TN
2009-07-16,68.7072460975045,69.82281694031894,68.57426410540408,68.78851318359375,231174500,4146,False,0.05854946551531848,0.0,4.0,2009-07-10,False,False,,,-1,False,TN
2009-07-17,69.49033833213171,69.68242462686585,69.10617137916377,69.54205322265625,138561700,4147,False,0.07014528825777355,0.0,5.0,2009-07-10,False,False,,,-1,False,TN
2009-07-20,69.94840874237647,70.39906961994765,69.58640440410686,70.2808609008789,164179400,4148,False,0.0815144026157757,0.0,6.0,2009-07-10,False,False,,,-1,False,TN
2009-07-21,70.827557381767,70.84972010421573,69.75631215923516,70.60591888427734,217718300,4149,False,0.08651654525068819,0.0,7.0,2009-07-10,False,False,,,-1,False,TN
2009-07-22,70.15524565284731,71.01962549432902,70.10353076412191,70.59113311767578,196068100,4150,False,,0.0,,,False,False,,,-1,False,TN
2009-07-23,70.6354473071814,72.46025266185012,70.57634297619231,72.14996337890625,258795500,4151,False,,0.0,,,False,False,,,-1,False,TN
2009-07-24,71.81010013458553,72.50456177618497,71.43332279143934,72.4454574584961,154003100,4152,False,,0.0,,,False,False,,,-1,False,TN
2009-07-27,72.31254363261125,72.69671642272812,71.9135975674145,72.65977478027344,159259400,4153,False,,0.0,,,False,False,,,-1,False,TN
2009-07-28,72.14994450420423,72.67448262238796,71.70666777424817,72.31986236572266,186685200,4154,False,,0.0,,,False,False,,,-1,False,TN
2009-07-29,71.98744870047777,72.46765601889332,71.64760716039105,72.14259338378906,194399300,4155,False,,0.0,,,False,False,,,-1,False,TN
2009-07-30,73.0143497249779,73.75313702005245,72.84442616705087,72.8961410522461,225575400,4156,False,,0.0,,,False,False,,,-1,False,TN
2009-07-31,72.88136971454702,73.4871750870753,72.68189398315972,72.99957275390625,207358000,4157,False,,0.0,,,False,False,,,-1,False,TN
2009-08-03,73.76791654406053,74.27029217279069,73.36897069449537,74.20380401611328,175776900,4158,False,,0.0,,,False,False,,,-1,False,TN
2009-08-04,73.87134332648833,74.4993114278012,73.71619866403455,74.39588165283203,176714600,4159,False,,0.0,,,False,False,,,-1,False,TN
2009-08-05,74.44760654254748,74.51410034196128,73.5684533371929,74.18164825439453,184726400,4160,False,,0.0,,,False,False,,,-1,False,TN
2009-08-06,74.52147649270312,74.63229007777846,73.45023153281014,73.7974624633789,193203800,4161,False,0.016071264627167015,0.0,7.0,2009-08-17,False,False,,,-1,False,TN
2009-08-07,74.57319340416868,75.37846887226209,74.16685812618583,74.76527404785156,220640900,4162,False,0.029396459122085217,0.0,6.0,2009-08-17,False,False,,,-1,False,TN
2009-08-10,74.42541825794967,74.78003858118328,74.07818738466852,74.61011505126953,130898700,4163,False,0.027260171604697847,0.0,5.0,2009-08-17,False,False,,,-1,False,TN
2009-08-11,74.27766847466738,74.32938335509442,73.47977691679367,73.67925262451172,157301000,4164,False,0.014443707032910202,0.0,4.0,2009-08-17,False,False,,,-1,False,TN
2009-08-12,73.55366436702558,75.03123901890797,73.51672838262851,74.46976470947266,219052400,4165,False,0.025327775225199467,0.0,3.0,2009-08-17,False,False,,,-1,False,TN
2009-08-13,74.80961296584078,75.06818742599542,74.07082557311294,75.03863525390625,176449500,4166,False,0.033160199189351536,0.0,2.0,2009-08-17,False,False,,,-1,False,TN
2009-08-14,75.00169876211767,75.06080311034059,73.65710584080107,74.46238708496094,199616100,4167,False,0.025226197311578158,0.0,1.0,2009-08-17,False,False,,,-1,False,TN
2009-08-17,73.02914920599966,73.10302683472693,72.48244798961579,72.63020324707031,237667500,4168,True,0.0,1.0,0.0,2009-08-17,True,False,,,-1,False,FN
2009-08-18,72.7927018703661,73.46500092748116,72.65971994898614,73.2064208984375,173461500,4169,True,0.007933581700260817,0.008302287467397917,1.0,2009-08-17,False,False,,,-1,False,FN
2009-08-19,72.63018188567263,74.10037275650294,72.55630427867365,73.84918212890625,192812800,4170,False,0.016783360466296138,0.0,2.0,2009-08-17,False,False,,,-1,False,TN
2009-08-20,73.94520546801829,74.78003858118328,73.78267702455582,74.61011505126953,174131300,4171,False,0.027260171604697847,0.0,3.0,2009-08-17,False,False,,,-1,False,TN
2009-08-21,75.22333040198339,76.19114006090346,75.0755751813774,76.07293701171875,224605000,4172,False,0.04740085543939743,0.0,4.0,2009-08-17,False,False,,,-1,False,TN
2009-08-24,76.38324589501407,76.79696512773666,75.79221358840883,76.06556701660156,191279000,4173,False,0.031457166205548726,0.0,7.0,2009-09-02,False,False,,,-1,False,TN
2009-08-25,76.36845491800041,77.02597524749137,76.05077611324069,76.21331024169922,215310600,4174,False,0.03346058002683838,0.0,6.0,2009-09-02,False,False,,,-1,False,TN
2009-08-26,75.97690950829922,76.56794180734813,75.71833499115345,76.22071075439453,194620700,4175,False,0.033560931764852864,0.0,5.0,2009-09-02,False,False,,,-1,False,TN
2009-08-27,76.17635313480292,76.62701380429691,75.3119734125929,76.3906021118164,196230100,4176,False,0.035864676612386015,0.0,4.0,2009-09-02,False,False,,,-1,False,TN
2009-08-28,77.00382841561914,77.09247931379646,75.85131601079885,76.3758544921875,147024400,4177,False,0.035664697324157224,0.0,3.0,2009-09-02,False,False,,,-1,False,TN
2009-08-31,75.62967119964728,75.78481588348801,75.20117313770574,75.69615936279297,176051600,4178,False,0.026447959192224424,0.0,2.0,2009-09-02,False,False,,,-1,False,TN
2009-09-01,75.31936710358816,76.27240344913996,73.87134459269943,74.0264892578125,321276800,4179,True,0.003807055265150572,0.5241180918561785,1.0,2009-09-02,False,False,,,-1,False,FN
2009-09-02,73.71618300524331,74.20378524352155,73.56103837574535,73.74573516845703,171805000,4180,True,0.0,1.0,0.0,2009-09-02,True,True,0.46117839217185974,0.6899038461538461,1,True,TP
2009-09-03,74.17425091678105,74.44759862836625,73.5758293316753,74.35894775390625,143572300,4181,False,0.008315227776202416,0.0,1.0,2009-09-02,False,True,0.19265617430210114,0.4014423076923077,1,False,TN
2009-09-04,74.50668767502727,75.4227822209016,74.28505489787165,75.40061950683594,142687900,4182,False,0.02244040736184494,0.0,2.0,2009-09-02,False,False,,,-1,False,TN
2009-09-08,76.09509905909572,76.13204068217112,75.64443831277715,76.05077362060547,132909100,4183,False,0.03125656618491979,0.0,3.0,2009-09-02,False,False,,,-1,False,TN
2009-09-09,76.1837311826268,76.89296615391328,75.94731952553131,76.63439178466797,154612500,4184,False,0.03917049046446408,0.0,4.0,2009-09-02,False,False,,,-1,False,TN
2009-09-10,76.68610568280324,77.46921823012467,76.25760779836386,77.4175033569336,162902400,4185,False,0.04978956654359967,0.0,5.0,2009-09-02,False,False,,,-1,False,TN
2009-09-11,77.56528222659998,77.79431013770844,77.04074388496474,77.40274810791016,152360100,4186,False,0.049589483799970635,0.0,6.0,2009-09-02,False,False,,,-1,False,TN
2009-09-14,76.74519230157136,77.91247712605318,76.20588094259395,77.77949523925781,149593800,4187,False,0.054698214908109444,0.0,7.0,2009-09-02,False,False,,,-1,False,TN
2009-09-15,77.90513847929356,78.3927409276721,77.3953789445811,78.1046142578125,196795900,4188,False,,0.0,,,False,False,,,-1,False,TN
2009-09-16,78.38534530244958,79.30144013867697,78.11199756033783,79.28666687011719,206406300,4189,False,,0.0,,,False,False,,,-1,False,TN
2009-09-17,79.17583321654097,79.83335345953418,78.7325619659219,79.16844940185547,229170900,4190,False,,0.0,,,False,False,,,-1,False,TN
2009-09-18,79.53810973629858,79.5455343839679,78.95168716405239,79.21891784667969,153799100,4191,False,,0.0,,,False,False,,,-1,False,TN
2009-09-21,78.60282675551109,79.42678733891728,78.4320994495288,79.01851654052734,151892000,4192,False,,0.0,,,False,False,,,-1,False,TN
2009-09-22,79.48616152632475,79.70143103715981,79.12985200344485,79.4787368774414,143126700,4193,False,,0.0,,,False,False,,,-1,False,TN
2009-09-23,79.66429032851575,80.19132697927282,78.67702185751418,78.81806182861328,225947400,4194,False,0.03600324634723262,0.0,7.0,2009-10-02,False,False,,,-1,False,TN
2009-09-24,78.98885355332226,79.15958091179655,77.60816272761124,77.94962310791016,228636800,4195,False,0.024588282403327888,0.0,6.0,2009-10-02,False,False,,,-1,False,TN
2009-09-25,77.77883689855645,78.20937582148093,77.26664384668607,77.53387451171875,204059000,4196,False,0.019123584524113557,0.0,5.0,2009-10-02,False,False,,,-1,False,TN
2009-09-28,77.83083611660047,79.09276057635304,77.81599247833596,78.92202758789062,118285800,4197,False,0.03736979687665931,0.0,4.0,2009-10-02,False,False,,,-1,False,TN
2009-09-29,79.06305661123413,79.44162879935422,78.5211704448832,78.68447875976562,133733900,4198,False,0.03424739889586892,0.0,3.0,2009-10-02,False,False,,,-1,False,TN
2009-09-30,78.95168297486775,79.02591245758187,77.66007185293336,78.3801040649414,254383000,4199,False,0.030246625917848657,0.0,2.0,2009-10-02,False,False,,,-1,False,TN
2009-10-01,76.45754049721394,78.484038965372,76.42042292095415,76.43527221679688,281840600,4200,True,0.004683296123487057,0.41458798456411783,1.0,2009-10-02,False,False,,,-1,False,FN
2009-10-02,75.73008699216511,76.53177916339327,75.70781870907783,76.07897186279297,224748800,4201,True,0.0,1.0,0.0,2009-10-02,True,True,0.2025153785943985,0.40705128205128205,1,False,FN
2009-10-05,76.38331181325734,77.43738529532163,76.16061768004508,77.21469116210938,149875000,4202,False,0.014928163085125012,0.0,1.0,2009-10-02,False,True,0.03828652575612068,0.0921474358974359,1,False,TN
2009-10-06,77.77144415511582,78.76613774152864,77.72690758045587,78.32075500488281,202491100,4203,False,0.02946652783548198,0.0,2.0,2009-10-02,False,False,,,-1,False,TN
2009-10-07,78.14259122744781,78.6176725275959,77.99413221470351,78.53601837158203,159200300,4204,False,0.03229600044044112,0.0,3.0,2009-10-02,False,False,,,-1,False,TN
2009-10-08,79.09272387953273,79.55295007573986,78.57310616777598,79.13726043701172,183305800,4205,False,0.04019886835135367,0.0,4.0,2009-10-02,False,False,,,-1,False,TN
2009-10-09,79.15951158719929,79.61974334716797,78.95166681280872,79.61974334716797,135008300,4206,False,0.0465407378370033,0.0,5.0,2009-10-02,False,False,,,-1,False,TN
2009-10-12,79.99093494026985,80.23589173492816,79.63462539559254,79.93154907226562,118031000,4207,False,0.05063918603448947,0.0,6.0,2009-10-02,False,False,,,-1,False,TN
2009-10-13,79.7162577896568,79.95379553348955,79.24860694930226,79.76821899414062,157692700,4208,False,0.0484923368575636,0.0,7.0,2009-10-02,False,False,,,-1,False,TN
2009-10-14,80.70354436807034,81.2231565289946,79.73854388252781,81.1415023803711,191421600,4209,False,,0.0,,,False,False,,,-1,False,TN
2009-10-15,80.74811589766293,81.43846130371094,80.71100396344114,81.43846130371094,173873600,4210,False,,0.0,,,False,False,,,-1,False,TN
2009-10-16,80.76291470561691,81.11179385324878,80.33980040925593,80.82971954345703,192069400,4211,False,,0.0,,,False,False,,,-1,False,TN
2009-10-19,80.96335649439,81.75019944350281,80.71097504405125,81.49781799316406,159530400,4212,False,,0.0,,,False,False,,,-1,False,TN
2009-10-20,81.61656575339316,81.6462586814782,80.67383935591803,81.0672607421875,180921100,4213,False,,0.0,,,False,False,,,-1,False,TN
2009-10-21,80.94107952233898,81.88380603019343,80.28042736929861,80.33981323242188,225379300,4214,False,0.04509449300516244,0.0,7.0,2009-10-30,False,False,,,-1,False,TN
2009-10-22,80.31012800258046,81.41616290841854,79.79793479488144,81.15635681152344,238444000,4215,False,0.05571643950320815,0.0,6.0,2009-10-30,False,False,,,-1,False,TN
2009-10-23,81.42357575506566,81.47553696691261,79.89442100306727,80.22846221923828,240033200,4216,False,0.04364599162102234,0.0,5.0,2009-10-30,False,False,,,-1,False,TN
2009-10-26,80.31754024617959,81.14150070098295,79.1372759350734,79.35997009277344,242028200,4217,False,0.03234827630320214,0.0,4.0,2009-10-30,False,False,,,-1,False,TN
2009-10-27,79.44905369844983,79.71628445757817,78.80325075001339,78.99624633789062,253266300,4218,False,0.02761680285424739,0.0,3.0,2009-10-30,False,True,0.5827131271362305,0.8052884615384616,1,True,FP
2009-10-28,78.79582293410401,79.04078539735349,77.45966919215067,77.50421142578125,248821400,4219,False,0.008207777524478876,0.0,2.0,2009-10-30,False,True,0.21391525864601135,0.421474358974359,1,False,TN
2009-10-29,78.08320276350975,79.32285294521861,77.89762618552885,79.1669692993164,198110600,4220,False,0.029837639817104744,0.0,1.0,2009-10-30,False,True,0.03455740958452225,0.06810897435897435,1,False,TN
2009-10-30,78.90717658536856,79.14471441887609,76.78417972067994,76.87325286865234,325608100,4221,True,0.0,1.0,0.0,2009-10-30,True,True,0.17025086283683777,0.37259615384615385,1,False,FN
2009-11-02,77.29634556334406,78.24650229338525,76.5169274211405,77.43738555908203,254222900,4222,True,0.007338478201170728,0.08269022485365896,1.0,2009-10-30,False,True,0.1626564860343933,0.36378205128205127,1,False,FN
2009-11-03,77.00683362699853,77.7936819481481,76.85837467156826,77.68233489990234,228362600,4223,False,0.010524883507042615,0.0,2.0,2009-10-30,False,True,0.055478185415267944,0.16185897435897437,1,False,TN
2009-11-04,78.32072266315413,78.92941347333226,77.68233892768116,77.88275909423828,247996700,4224,False,0.013132086752082772,0.0,3.0,2009-10-30,False,True,0.03922344371676445,0.09375,1,False,TN
2009-11-05,78.43208901189423,79.33769797111263,78.2687807142711,79.3154296875,180015300,4225,False,0.03176887574954601,0.0,4.0,2009-10-30,False,False,,,-1,False,TN
2009-11-06,78.87746681494708,79.7236955201825,78.72158317591398,79.52326965332031,170954100,4226,False,0.03447254650711673,0.0,5.0,2009-10-30,False,False,,,-1,False,TN
2009-11-09,80.13193483146301,81.37900920642319,80.0725546523473,81.33447265625,159495700,4227,False,0.05803344623935991,0.0,6.0,2009-10-30,False,False,,,-1,False,TN
2009-11-10,81.14145944482891,81.60169116050983,80.88907814688264,81.34930419921875,171899800,4228,False,0.058226381264421034,0.0,7.0,2009-10-30,False,False,,,-1,False,TN
2009-11-11,81.88381123646583,82.26238905876255,81.37162370866811,81.76504516601562,169466200,4229,False,,0.0,,,False,False,,,-1,False,TN
2009-11-12,81.65370049780348,82.07681490112181,80.72581753760116,80.93366241455078,157144500,4230,False,,0.0,,,False,False,,,-1,False,TN
2009-11-13,81.14150897762839,81.72050705069056,80.7258192150911,81.37162780761719,150963000,4231,False,,0.0,,,False,False,,,-1,False,TN
2009-11-16,81.93577188990487,82.90819704779983,81.89123532171125,82.55188751220703,210922200,4232,False,,0.0,,,False,False,,,-1,False,TN
2009-11-17,82.33661679472692,82.68550167609109,82.02484949521556,82.64838409423828,147134100,4233,False,,0.0,,,False,False,,,-1,False,TN
2009-11-18,82.58901656004475,82.71520729634378,82.07682330132096,82.596435546875,156486800,4234,False,,0.0,,,False,False,,,-1,False,TN
2009-11-19,82.0322660667373,82.62610767447319,81.00787980728614,81.52007293701172,208734600,4235,False,,0.0,,,False,False,,,-1,False,TN
2009-11-20,81.09696782289096,81.47554564285882,80.9188158866376,81.23058319091797,134196000,4236,False,,0.0,,,False,False,,,-1,False,TN
2009-11-23,82.18815301128603,82.94530293223153,82.0990742180317,82.26238250732422,148010200,4237,False,,0.0,,,False,False,,,-1,False,TN
2009-11-24,82.39600497151402,82.54446397639376,81.66112326966768,82.38858032226562,138420100,4238,False,,0.0,,,False,False,,,-1,False,TN
2009-11-25,82.52217120170413,82.76713358407086,82.26236518859379,82.67805480957031,109564800,4239,False,,0.0,,,False,False,,,-1,False,TN
2009-11-27,80.46597594779888,81.89120218679749,80.38432183025094,81.33447265625,126001800,4240,False,,0.0,,,False,False,,,-1,False,TN
2009-11-30,81.26770873534664,81.80216459646877,80.25817155875735,81.60916900634766,160874800,4241,False,,0.0,,,False,False,,,-1,False,TN
2009-12-01,82.33661808564804,82.88592885627325,82.19558373176142,82.61869812011719,159613700,4242,False,,0.0,,,False,False,,,-1,False,TN
2009-12-02,82.60382650564476,83.14571248071812,82.33659584168345,82.58155822753906,132315100,4243,False,,0.0,,,False,False,,,-1,False,TN
2009-12-03,82.80427081077126,83.27192174537373,81.86896327821863,81.9357681274414,167324900,4244,False,,0.0,,,False,False,,,-1,False,TN
2009-12-04,83.0195447590577,83.42039089321807,81.68339664187147,82.40343475341797,274907800,4245,False,,0.0,,,False,False,,,-1,False,TN
2009-12-07,82.32918855377858,82.78941480226793,82.01741562596816,82.2772216796875,127973800,4246,False,,0.0,,,False,False,,,-1,False,TN
2009-12-08,81.68338872378861,82.22526916983706,81.11180968177563,81.36419677734375,169863700,4247,False,,0.0,,,False,False,,,-1,False,TN
2009-12-09,81.34192241750486,81.78730504678995,80.92622705527104,81.66853332519531,155063400,4248,False,,0.0,,,False,False,,,-1,False,TN
2009-12-10,82.17331312034442,82.48508610074907,81.98773652733249,82.12877655029297,138014600,4249,False,,0.0,,,False,False,,,-1,False,TN
2009-12-11,82.47766876220703,82.6632453716687,82.10651554328372,82.47766876220703,124854000,4250,False,,0.0,,,False,False,,,-1,False,TN
2009-12-14,83.04182434082031,83.13832214021322,82.49251349192565,83.04182434082031,107141500,4251,False,,0.0,,,False,False,,,-1,False,TN
2009-12-15,82.73746164328206,83.0789218704498,82.3960014161143,82.65580749511719,120408800,4252,False,,0.0,,,False,False,,,-1,False,TN
2009-12-16,82.98983290878357,83.23478964321198,82.59640587750236,82.781982421875,155358200,4253,False,,0.0,,,False,False,,,-1,False,TN
2009-12-17,82.1881844849618,82.34406818534134,81.71310873237182,81.78733825683594,183390100,4254,False,,0.0,,,False,False,,,-1,False,TN
2009-12-18,82.24253538052999,82.3171701875574,81.5559384290342,82.25,174591200,4255,False,,0.0,,,False,False,,,-1,False,TN
2009-12-21,82.66047658626667,83.36199715010648,82.66047658626667,83.08586883544922,118039600,4256,False,,0.0,,,False,False,,,-1,False,TN
2009-12-22,83.2649806359393,83.56350281392402,83.1604987277202,83.38439178466797,91707500,4257,False,,0.0,,,False,False,,,-1,False,TN
2009-12-23,83.5859090292643,83.66800278828224,83.21275764966937,83.54859161376953,111783100,4258,False,,0.0,,,False,False,,,-1,False,TN
2009-12-24,83.7276786490786,84.03365971091586,83.58587935314837,83.94410705566406,39677500,4259,False,,0.0,,,False,False,,,-1,False,TN
2009-12-28,84.2575417514849,84.32470623416705,83.82468499474848,84.12320709228516,87508500,4260,False,,0.0,,,False,False,,,-1,False,TN
2009-12-29,84.33964660713349,84.35457015175493,83.99634814247847,84.0038070678711,80572500,4261,False,,0.0,,,False,False,,,-1,False,TN
2009-12-30,83.75755336582965,84.07099912896581,83.71277133264044,83.9739761352539,73138400,4262,False,,0.0,,,False,False,,,-1,False,TN
2009-12-31,84.16054694255264,84.18294080477153,83.13065134013917,83.16796875,90637900,4263,False,,0.0,,,False,False,,,-1,False,TN
2010-01-04,83.86206395538726,84.62329045377957,83.22024296736411,84.5785140991211,118944600,4264,False,,0.0,,,False,False,,,-1,False,TN
2010-01-05,84.52625503641553,84.83970083964267,84.2202681614759,84.80238342285156,111579900,4265,False,,0.0,,,False,False,,,-1,False,TN
2010-01-06,84.72029170982375,85.07105493832472,84.65312719058153,84.86209106445312,116074400,4266,False,,0.0,,,False,False,,,-1,False,TN
2010-01-07,84.70533296603915,85.3247654018269,84.46651639600287,85.22028350830078,131091100,4267,False,,0.0,,,False,False,,,-1,False,TN
2010-01-08,84.99638981336251,85.54119313431706,84.82474342985138,85.50387573242188,126402800,4268,False,,0.0,,,False,False,,,-1,False,TN
2010-01-11,85.88450341271869,85.92181512591176,85.2576062764038,85.62329864501953,106375700,4269,False,,0.0,,,False,False,,,-1,False,TN
2010-01-12,85.0561124324062,85.23522347097492,84.49638545477134,84.82476043701172,163333500,4270,False,,0.0,,,False,False,,,-1,False,TN
2010-01-13,85.04118687360202,85.7800306156365,84.60833565280392,85.54121398925781,161822000,4271,False,,0.0,,,False,False,,,-1,False,TN
2010-01-14,85.4442003460331,85.92929827282762,85.39195938122988,85.77257537841797,115718800,4272,False,,0.0,,,False,False,,,-1,False,TN
2010-01-15,85.62331793778698,85.70540600284272,84.48146993512745,84.80984497070312,212283100,4273,False,,0.0,,,False,False,,,-1,False,TN
2010-01-19,84.79491116012485,85.92182408887219,84.7725172972687,85.86958312988281,139172700,4274,False,,0.0,,,False,False,,,-1,False,TN
2010-01-20,85.28745647149218,85.41432654139966,84.31726655040133,84.99639892578125,216490200,4275,False,,0.0,,,False,False,,,-1,False,TN
2010-01-21,85.01879222194614,85.27999699746914,83.25751760150956,83.36199951171875,344859600,4276,False,,0.0,,,False,False,,,-1,False,TN
2010-01-22,82.98882518979532,83.39182917190773,81.41412665914402,81.5036849975586,345942400,4277,False,,0.0,,,False,True,0.3123287558555603,0.5488782051282052,1,True,FP
2010-01-25,82.25002113318041,82.39928509175049,81.65298238041358,81.92164611816406,186937500,4278,False,,0.0,,,False,True,0.24909330904483795,0.4567307692307692,1,False,TN
2010-01-26,81.60074205389853,82.44406782717803,81.37685463943433,81.57835388183594,211168800,4279,False,,0.0,,,False,True,0.2699180543422699,0.4807692307692308,1,False,TN
2010-01-27,81.473852959352,82.1529910540915,80.84696151236504,81.96641540527344,271863600,4280,False,,0.0,,,False,True,0.14142048358917236,0.33653846153846156,1,False,TN
2010-01-28,82.23509733843593,82.2798736789542,80.53352807268794,81.02608489990234,316104000,4281,False,0.025309584043084365,0.0,7.0,2010-02-08,False,True,0.3162449896335602,0.5552884615384616,1,True,FP
2010-01-29,81.37684737541109,81.94403902366616,80.01857668442182,80.14544677734375,310677600,4282,False,0.014165929400897337,0.0,6.0,2010-02-08,False,True,0.36746078729629517,0.6129807692307693,1,True,FP
2010-02-01,80.71262935751012,81.39922640024713,80.22753151654962,81.39176177978516,187865000,4283,False,0.02993688412885298,0.0,5.0,2010-02-08,False,True,0.06327608227729797,0.1891025641025641,1,False,TN
2010-02-02,81.54104424043473,82.53362262151396,81.25744553683631,82.37689971923828,216327900,4284,False,0.042402886554782526,0.0,4.0,2010-02-08,False,True,0.027816522866487503,0.02564102564102564,1,False,TN
2010-02-03,82.00372711873489,82.45151323096779,81.72759880253979,81.96641540527344,172730700,4285,False,0.03720859015347622,0.0,3.0,2010-02-08,False,True,0.019703373312950134,0.0,1,False,TN
2010-02-04,81.3320563491439,81.36936806123416,79.42151790364919,79.43644714355469,356715700,4286,True,0.005194199858429505,0.3507250176963119,2.0,2010-02-08,False,True,0.39400503039360046,0.6426282051282052,1,True,TP
2010-02-05,79.52598928249647,79.7648058448467,78.04831358227813,79.60062408447266,493585800,4287,True,0.007271706024623015,0.09103674692212316,1.0,2010-02-08,False,True,0.3290141522884369,0.5705128205128205,1,True,TP
2010-02-08,79.66032643871102,80.10064786998981,78.96626489307603,79.02597045898438,224166900,4288,True,0.0,1.0,0.0,2010-02-08,True,True,0.4025304913520813,0.6466346153846154,1,True,TP
2010-02-09,79.95142261688561,80.71265471573132,79.3096017075996,80.01859283447266,337820500,4289,False,0.012560710988085422,0.0,1.0,2010-02-08,False,True,0.05044551566243172,0.15224358974358973,1,False,TN
2010-02-10,79.89171497711537,80.30217809032912,79.19018854100392,79.86186218261719,240511500,4290,False,0.010577430669663768,0.0,2.0,2010-02-08,False,True,0.04686235263943672,0.13541666666666666,1,False,TN
2010-02-11,79.75736329594172,80.78725886494672,79.29465362032877,80.69770050048828,223591600,4291,False,0.02115418553919013,0.0,3.0,2010-02-08,False,True,0.031007422134280205,0.044070512820512824,1,False,TN
2010-02-12,79.84695665710485,80.67535344553133,79.4887344043929,80.63057708740234,304622100,4292,False,0.020304801308966836,0.0,4.0,2010-02-08,False,True,0.031007422134280205,0.044070512820512824,1,False,TN
2010-02-16,81.24250954191862,81.98134759485656,80.46635407774806,81.89925384521484,159317500,4293,False,0.036358723208868904,0.0,5.0,2010-02-08,False,False,,,-1,False,TN
2010-02-17,82.29477429410154,82.39926188258879,81.89923487951748,82.28731536865234,168845100,4294,False,0.041269280095214356,0.0,6.0,2010-02-08,False,False,,,-1,False,TN
2010-02-18,82.15300542039779,82.94408448769659,82.12315262810604,82.7724380493164,193708600,4295,False,0.04740805546040727,0.0,7.0,2010-02-08,False,False,,,-1,False,TN
2010-02-19,82.55600925686171,83.26499456608053,82.36196895463337,82.94408416748047,222684900,4296,False,,0.0,,,False,False,,,-1,False,TN
2010-02-22,83.25007250420153,83.2724606752744,82.71273362310049,82.95901489257812,132346900,4297,False,,0.0,,,False,False,,,-1,False,TN
2010-02-23,82.73512007324386,82.98886026524254,81.73507146669886,81.95149993896484,207497000,4298,False,,0.0,,,False,False,,,-1,False,TN
2010-02-24,82.19776760718104,82.83958829633526,81.98880379096094,82.70525360107422,176350700,4299,False,,0.0,,,False,False,,,-1,False,TN
2010-02-25,81.52610207863066,82.65302070463426,81.30221469392738,82.59331512451172,259634700,4300,False,,0.0,,,False,False,,,-1,False,TN
2010-02-26,82.66793412581664,82.92914458339479,82.17537738473828,82.64554595947266,173589300,4301,False,,0.0,,,False,False,,,-1,False,TN
2010-03-01,82.98884122789293,83.58588554503497,82.96645306242152,83.50379180908203,147709700,4302,False,,0.0,,,False,False,,,-1,False,TN
2010-03-02,83.86205189611289,84.1381803019194,83.5859177964676,83.73517608642578,160992400,4303,False,,0.0,,,False,False,,,-1,False,TN
2010-03-03,83.95160812640228,84.30983600875541,83.60084486701291,83.809814453125,150785000,4304,False,,0.0,,,False,False,,,-1,False,TN
2010-03-04,83.92171540980524,84.18292584473707,83.60826972049063,84.06351470947266,135770400,4305,False,,0.0,,,False,False,,,-1,False,TN
2010-03-05,84.60833141738773,85.33224018741423,84.40682651825183,85.26507568359375,176118800,4306,False,,0.0,,,False,False,,,-1,False,TN
2010-03-08,85.27252459512667,85.46655914408748,85.13072529917855,85.27998352050781,114631200,4307,False,,0.0,,,False,False,,,-1,False,TN
2010-03-09,85.02627440963828,85.81735352004924,84.98149806567939,85.42181396484375,154556700,4308,False,,0.0,,,False,False,,,-1,False,TN
2010-03-10,85.45911541525723,86.03376593278048,85.38448629132186,85.80241394042969,186088800,4309,False,,0.0,,,False,False,,,-1,False,TN
2010-03-11,85.60093266530384,86.18305365785302,85.3397278125285,86.16065979003906,160791100,4310,False,,0.0,,,False,False,,,-1,False,TN
2010-03-12,86.53380811872725,86.54873736340383,85.92930466761221,86.16812133789062,162074800,4311,False,,0.0,,,False,False,,,-1,False,TN
2010-03-15,86.01885191736284,86.25020393534999,85.52628939590113,86.19049835205078,146816800,4312,False,,0.0,,,False,False,,,-1,False,TN
2010-03-16,86.42931191851042,86.95918614031667,86.19049528764229,86.8770980834961,168673000,4313,False,,0.0,,,False,False,,,-1,False,TN
2010-03-17,87.13831149246626,87.67565038846406,86.88456559431698,87.39205169677734,177468100,4314,False,,0.0,,,False,False,,,-1,False,TN
2010-03-18,87.39950811120411,87.51891358030277,86.99650397705062,87.3472671508789,196509100,4315,False,,0.0,,,False,False,,,-1,False,TN
2010-03-19,86.90512084960938,87.8942967726296,86.56789827660991,86.90512084960938,226641100,4316,False,,0.0,,,False,False,,,-1,False,TN
2010-03-22,86.41054300113012,87.52711733522938,86.35808691087134,87.36974334716797,184477800,4317,False,,0.0,,,False,False,,,-1,False,TN
2010-03-23,87.49714972142664,88.05918176228343,87.21238316166308,87.98424530029297,182941600,4318,False,,0.0,,,False,False,,,-1,False,TN
2010-03-24,87.65451330019086,87.99922558066613,86.61288109778279,87.55709075927734,196072600,4319,False,,0.0,,,False,False,,,-1,False,TN
2010-03-25,88.14910396576782,88.55376772463777,87.30980643680996,87.41471862792969,223396300,4320,False,,0.0,,,False,False,,,-1,False,TN
2010-03-26,87.57953275557239,87.99168592555841,87.01750102781494,87.36221313476562,205808500,4321,False,,0.0,,,False,False,,,-1,False,TN
2010-03-29,87.80438627757077,88.07416210026808,87.44468899216453,87.91679382324219,134513500,4322,False,,0.0,,,False,False,,,-1,False,TN
2010-03-30,88.0216910704042,88.29896220703534,87.60953776259954,87.97673034667969,145772500,4323,False,,0.0,,,False,False,,,-1,False,TN
2010-03-31,87.63950798355548,88.06665201184715,87.38472292544101,87.6769790649414,161078700,4324,False,,0.0,,,False,False,,,-1,False,TN
2010-04-01,88.27651977539062,88.61373678278673,87.75195299831286,88.27651977539062,161215200,4325,False,,0.0,,,False,False,,,-1,False,TN
2010-04-05,88.61369683153357,89.05582585155518,88.36640142171598,88.99588012695312,105847600,4326,False,,0.0,,,False,False,,,-1,False,TN
2010-04-06,88.74109623007222,89.3630796239216,88.64367941742583,89.2057113647461,110384200,4327,False,,0.0,,,False,False,,,-1,False,TN
2010-04-07,89.02588669011416,89.44553549413304,88.28400020364147,88.69615936279297,184576300,4328,False,,0.0,,,False,False,,,-1,False,TN
2010-04-08,88.38889176625004,89.15325844342108,88.12661132497952,89.00337982177734,158704000,4329,False,,0.0,,,False,False,,,-1,False,TN
2010-04-09,89.19071659772844,89.62535598941737,89.02585870318013,89.587890625,133006500,4330,False,,0.0,,,False,False,,,-1,False,TN
2010-04-12,89.70031754363073,89.96260375439091,89.59540534624104,89.73029327392578,110279000,4331,False,,0.0,,,False,False,,,-1,False,TN
2010-04-13,89.6403612146866,89.9550977696884,89.17574602590875,89.7977294921875,125043600,4332,False,,0.0,,,False,False,,,-1,False,TN
2010-04-14,90.12741114991952,90.81684112548828,89.98503365747348,90.81684112548828,161609000,4333,False,,0.0,,,False,False,,,-1,False,TN
2010-04-15,90.66700009996975,91.10163954953345,90.63702437407382,90.89181518554688,144615300,4334,False,,0.0,,,False,False,,,-1,False,TN
2010-04-16,90.56956702647037,90.8917988754224,88.98838350222701,89.44550323486328,366786700,4335,False,,0.0,,,False,False,,,-1,False,TN
2010-04-19,89.18324793406924,89.87267254819552,88.77858416909449,89.78274536132812,217947800,4336,False,,0.0,,,False,False,,,-1,False,TN
2010-04-20,90.3447717390846,90.65951401470272,89.82770616961946,90.5845718383789,157708000,4337,False,,0.0,,,False,False,,,-1,False,TN
2010-04-21,90.6370146066366,90.84684466529608,89.91761441451473,90.4197006225586,192910100,4338,False,,0.0,,,False,False,,,-1,False,TN
2010-04-22,89.78273934227488,90.80189118930512,89.2656737749872,90.68948364257812,115360300,4339,False,,0.0,,,False,False,,,-1,False,TN
2010-04-23,90.62951034143238,91.31893469965432,90.3971999575766,91.28146362304688,177335500,4340,False,,0.0,,,False,False,,,-1,False,TN
2010-04-26,91.3114708632032,91.51380559907923,90.84686136966744,90.93678283691406,143457300,4341,False,,0.0,,,False,False,,,-1,False,TN
2010-04-27,90.41220857038384,90.92927408275106,88.613705165637,88.78606414794922,355853300,4342,False,,0.0,,,False,False,,,-1,False,TN
2010-04-28,89.21319767911199,89.68530240876949,88.62867971064703,89.46048736572266,300674100,4343,False,0.07298238254995182,0.0,7.0,2010-05-07,False,True,0.8053341507911682,0.9599358974358975,1,True,FP
2010-04-29,90.0000603222174,90.75693171556632,89.97757995601744,90.56958770751952,193775000,4344,False,0.08628484894903532,0.0,6.0,2010-05-07,False,False,,,-1,False,TN
2010-04-30,90.58456371677909,90.68198625035124,89.01087534892315,89.03335571289062,270000900,4345,False,0.06785939750914127,0.0,5.0,2010-05-07,False,False,,,-1,False,TN
2010-05-03,89.46047490858176,90.43466566975243,89.32558704499326,90.18737030029295,182747900,4346,False,0.08170056200477305,0.0,4.0,2010-05-07,False,False,,,-1,False,TN
2010-05-04,89.18323228791176,89.19821729111787,87.6170335991353,88.06665802001953,360353400,4347,False,0.05626489781161559,0.0,3.0,2010-05-07,False,False,,,-1,False,TN
2010-05-05,87.34726726193136,88.27649764530726,86.90513815341464,87.54210662841797,328973200,4348,False,0.0499734677232726,0.0,2.0,2010-05-07,False,True,0.4530428349971771,0.6875,1,True,FP
2010-05-06,87.12246511296085,87.67700181419352,78.68448880760957,84.63453674316406,647356600,4349,False,0.015100292372055124,0.0,1.0,2010-05-07,False,True,0.36110588908195496,0.6065705128205128,1,True,FP
2010-05-07,84.40967809112064,85.25647057089428,81.98919779038722,83.37554168701172,637558800,4350,True,0.0,1.0,0.0,2010-05-07,True,True,0.29891344904899597,0.5256410256410257,1,True,TP
2010-05-10,86.78522970445783,87.41470849549758,86.11079590180199,87.04751586914062,396159600,4351,False,0.044041383214196594,0.0,1.0,2010-05-07,False,True,0.02464619278907776,0.017628205128205128,1,False,TN
2010-05-11,86.23069693776877,87.94676868068834,86.11079974958011,86.80022430419922,317849800,4352,False,0.041075386712851714,0.0,2.0,2010-05-07,False,True,0.03180868178606033,0.05048076923076923,1,False,TN
2010-05-12,87.14494788312759,88.14161947431552,86.99506923184784,88.01422119140625,235607100,4353,False,0.055635974418108525,0.0,3.0,2010-05-07,False,True,0.029258834198117256,0.032852564102564104,1,False,TN
2010-05-13,87.77438530480612,88.1865442812924,86.84516091460861,86.92009735107422,234452500,4354,False,0.04251313505546528,0.0,4.0,2010-05-07,False,True,0.03100762702524662,0.044070512820512824,1,False,TN
2010-05-14,86.26816286702278,86.42553113308418,84.58206695128442,85.34642791748047,345601400,4355,False,0.023638661777663383,0.0,5.0,2010-05-07,False,True,0.17792299389839172,0.3814102564102564,1,False,TN
2010-05-17,85.57872428240825,85.81852433832444,83.75774064247824,85.3913803100586,325739800,4356,False,0.024177817406143554,0.0,6.0,2010-05-07,False,True,0.11143998056650162,0.30448717948717946,1,False,TN
2010-05-18,86.08833875415655,86.34312964389545,83.95261765427058,84.22988891601562,360556800,4357,False,0.01024697665187091,0.0,7.0,2010-05-07,False,True,0.3389696180820465,0.5793269230769231,1,True,FP
2010-05-19,83.75776430276812,84.50714040385404,82.70114697322565,83.75027465820312,394742700,4358,False,,0.0,,,False,True,0.32151585817337036,0.5625,1,True,FP
2010-05-20,81.96673963342437,82.34892297007266,80.53543453701178,80.587890625,530418300,4359,False,,0.0,,,False,True,0.29089945554733276,0.5104166666666666,1,True,FP
2010-05-21,79.36641112730284,81.96674092103537,78.95425206000314,81.76441192626953,500909400,4360,False,,0.0,,,False,True,0.15693341195583344,0.35496794871794873,1,False,TN
2010-05-24,81.3222866569369,81.97424588047588,80.6403574225257,80.71529388427734,269823000,4361,False,,0.0,,,False,True,0.2618272602558136,0.46875,1,False,TN
2010-05-25,78.76691354434186,80.83519295052858,78.21986653674242,80.79772186279297,396505200,4362,False,,0.0,,,False,True,0.16997164487838745,0.37259615384615385,1,False,TN
2010-05-26,81.29230959984399,82.03419022626632,80.070823081754,80.31062316894531,349719300,4363,False,0.015925747915834343,0.0,7.0,2010-06-07,False,True,0.1712244302034378,0.3733974358974359,1,False,TN
2010-05-27,81.82434990928407,83.03084547069099,81.51710307017416,83.00086975097656,300870500,4364,False,0.04995724540750057,0.0,6.0,2010-06-07,False,True,0.019023263826966286,0.0,1,False,TN
2010-05-28,82.91094092840187,82.97089236662792,81.569557513834,81.95923614501953,297933500,4365,False,0.03678062744053445,0.0,5.0,2010-06-07,False,True,0.02212686836719513,0.008012820512820512,1,False,TN
2010-06-01,81.19487126196015,82.39387146459165,80.46048613916007,80.58038330078125,277909400,4366,False,0.019338201373165553,0.0,4.0,2010-06-07,False,True,0.12879769504070282,0.3269230769230769,1,False,TN
2010-06-02,80.99253906791193,82.68612428522438,80.56539508410711,82.67863464355469,240243700,4367,False,0.04588098588422862,0.0,3.0,2010-06-07,False,True,0.025922760367393494,0.01842948717948718,1,False,TN
2010-06-03,82.91845632233158,83.22569751222929,82.11662422349117,82.96341705322266,226618300,4368,False,0.04948347047616841,0.0,2.0,2010-06-07,False,True,0.021140731871128082,0.005608974358974359,1,False,TN
2010-06-04,81.38973125588875,81.92928291344903,79.77857164436438,80.04834747314453,398475600,4369,False,0.012607972235572973,0.0,1.0,2010-06-07,False,True,0.3492678105831146,0.5913461538461539,1,True,FP
2010-06-07,80.33309843028104,80.64034530978338,78.99172052973991,79.05166625976562,264609100,4370,True,0.0,1.0,0.0,2010-06-07,True,True,0.32508206367492676,0.5641025641025641,1,True,TP
2010-06-08,79.11159829901159,80.05581335201447,78.42217397592906,79.89844512939453,357774300,4371,False,0.010711714372298786,0.0,1.0,2010-06-07,False,True,0.13780607283115387,0.3301282051282051,1,False,TN
2010-06-09,80.36307459109037,81.14242625851112,79.13409850096508,79.47132110595703,268023300,4372,True,0.005308614809109935,0.3364231488612581,2.0,2010-06-07,False,True,0.21162782609462738,0.4182692307692308,1,False,FN
2010-06-10,80.82771475302275,81.89182755016574,79.46385034219942,81.7944107055664,317890600,4373,False,0.034695593092093135,0.0,3.0,2010-06-07,False,True,0.025782210752367973,0.017628205128205128,1,False,TN
2010-06-11,81.0749826875277,82.24400729425207,81.02252660177172,82.1915512084961,214128200,4374,False,0.03971940247802919,0.0,4.0,2010-06-07,False,True,0.02452285960316658,0.015224358974358974,1,False,TN
2010-06-14,82.82102111350224,83.27065122277546,81.98172377306548,82.06415557861328,207196100,4375,False,0.038107853526433644,0.0,5.0,2010-06-07,False,True,0.031172115355730057,0.047275641025641024,1,False,TN
2010-06-15,82.64118706915595,84.00505120508855,82.49880379496608,83.93011474609375,238268700,4376,False,0.06171215253448836,0.0,6.0,2010-06-07,False,False,,,-1,False,TN
2010-06-16,83.4954903016509,84.24486646099213,83.33062663183001,83.90015411376953,216374000,4377,False,0.06133315189172173,0.0,7.0,2010-06-07,False,False,,,-1,False,TN
2010-06-17,84.13993873586604,84.17740982383584,83.21820943157613,84.03502655029297,263185800,4378,False,,0.0,,,False,False,,,-1,False,TN
2010-06-18,84.20142212717393,84.42730105752388,83.85506983838197,84.12612915039062,174006600,4379,False,,0.0,,,False,False,,,-1,False,TN
2010-06-21,85.17271405642907,85.23294498905588,83.41835961080585,83.88518524169922,213140700,4380,False,,0.0,,,False,False,,,-1,False,TN
2010-06-22,83.88520149657134,84.2541411625268,82.37931874387019,82.49978637695312,239355400,4381,False,,0.0,,,False,False,,,-1,False,TN
2010-06-23,82.55248499426712,82.84613164641007,81.67907605941498,82.24378204345703,254639900,4382,False,0.06878675924188116,0.0,7.0,2010-07-02,False,True,0.4525349736213684,0.6875,1,True,FP
2010-06-24,81.83716641156494,81.94257770138759,80.67010545990546,80.88092803955078,268523600,4383,False,0.05107599402700891,0.0,6.0,2010-07-02,False,True,0.5273688435554504,0.7532051282051282,1,True,FP
2010-06-25,81.12187868254894,81.63387889931445,80.39152484081878,81.21976470947266,238726500,4384,False,0.055479295253681116,0.0,5.0,2010-07-02,False,True,0.29909658432006836,0.5256410256410257,1,True,FP
2010-06-28,81.34028460244346,81.55863836779112,80.67016700114733,80.96381378173828,169218600,4385,False,0.052153123283213754,0.0,4.0,2010-07-02,False,True,0.31207776069641113,0.5488782051282052,1,True,FP
2010-06-29,79.82682629819871,80.94871286160436,77.96706629429241,78.46400451660156,373649500,4386,False,0.019667226151238948,0.0,3.0,2010-07-02,False,True,0.37771135568618774,0.6266025641025641,1,True,FP
2010-06-30,78.24563095044294,78.96845365444543,77.46257158498587,77.71857452392578,284101700,4387,False,0.00998010225787671,0.0,2.0,2010-07-02,False,True,0.29740849137306213,0.5232371794871795,1,True,FP
2010-07-01,77.66589242156347,77.92188969361115,76.1449478535046,77.37224578857422,382924800,4388,True,0.005479439016330412,0.3150701229586985,1.0,2010-07-02,False,True,0.29740849137306213,0.5232371794871795,1,True,TP
2010-07-02,77.63577902063116,77.86918898875702,76.51389807593053,76.95059967041016,233385200,4389,True,0.0,1.0,0.0,2010-07-02,True,True,0.31823304295539856,0.5568910256410257,1,True,TP
2010-07-06,78.03484811880534,78.58449788163833,76.70966961438289,77.45508575439453,256935300,4390,True,0.006555973392607273,0.1805033259240909,1.0,2010-07-02,False,True,0.1476074904203415,0.34294871794871795,1,False,FN
2010-07-07,77.65083978112972,79.99248785196414,77.56801577261892,79.89460754394531,253769400,4391,False,0.038258413659474355,0.0,2.0,2010-07-02,False,True,0.020084355026483536,0.0016025641025641025,1,False,TN
2010-07-08,80.56472255233568,80.77554520625199,79.74401925752053,80.68519592285156,210842100,4392,False,0.048532386601757294,0.0,3.0,2010-07-02,False,False,,,-1,False,TN
2010-07-09,80.66260914670008,81.29508290224886,80.51202316630066,81.28755187988281,144999900,4393,False,0.056360213280317595,0.0,4.0,2010-07-02,False,False,,,-1,False,TN
2010-07-12,81.0164679195329,81.49834980387553,80.67764669427127,81.3402328491211,131283600,4394,False,0.057044820930731266,0.0,5.0,2010-07-02,False,False,,,-1,False,TN
2010-07-13,82.18355655864306,82.89131758216884,82.01790852830072,82.56755828857422,213025900,4395,False,0.07299434497225832,0.0,6.0,2010-07-02,False,False,,,-1,False,TN
2010-07-14,82.3040173998059,82.88378545811713,81.96519608899094,82.56002044677734,184426800,4396,False,0.07289638807745624,0.0,7.0,2010-07-02,False,False,,,-1,False,TN
2010-07-15,82.52989016792442,82.86871142973929,81.44565293893952,82.58259582519531,232337900,4397,False,,0.0,,,False,False,,,-1,False,TN
2010-07-16,82.13835752802308,82.22871254529312,80.15059310396848,80.3087158203125,282693400,4398,False,,0.0,,,False,False,,,-1,False,TN
2010-07-19,80.60238434493165,81.03908601917112,79.97744156411434,80.78308868408203,186709000,4399,False,,0.0,,,False,True,0.37767964601516724,0.6266025641025641,1,True,FP
2010-07-20,79.71389983821068,81.73930808839543,79.67625047431137,81.6790771484375,258162400,4400,False,,0.0,,,False,False,,,-1,False,TN
2010-07-21,82.10071927754906,82.12330659722113,80.28612800407694,80.61742401123047,264527000,4401,False,,0.0,,,False,False,,,-1,False,TN
2010-07-22,81.57367281884626,82.77838371794284,81.5661475404802,82.4169692993164,274781300,4402,False,,0.0,,,False,False,,,-1,False,TN
2010-07-23,82.25130982644482,83.25272318066551,82.01789985083192,83.13225555419922,222020800,4403,False,,0.0,,,False,False,,,-1,False,TN
2010-07-26,83.27530782927812,84.08095480209042,83.04189786115539,83.99813079833984,184445700,4404,False,,0.0,,,False,False,,,-1,False,TN
2010-07-27,84.45742049475244,84.54777551475821,83.65930459040229,83.9906005859375,204855600,4405,False,,0.0,,,False,False,,,-1,False,TN
2010-07-28,83.81742595963303,84.07342899082266,83.16989597687169,83.448486328125,163056200,4406,False,,0.0,,,False,False,,,-1,False,TN
2010-07-29,83.96799211766948,84.19387675399979,82.37929162155667,83.04187774658203,220149100,4407,False,,0.0,,,False,False,,,-1,False,TN
2010-07-30,82.19858321326721,83.47105558333703,82.05552830232853,83.02681732177734,220070600,4408,False,,0.0,,,False,False,,,-1,False,TN
2010-08-02,84.32191185596992,85.03720968422506,83.98309049934046,84.90167999267578,188263200,4409,False,,0.0,,,False,False,,,-1,False,TN
2010-08-03,84.69083775250571,84.90918566868825,84.2164810693516,84.49507141113281,146657300,4410,False,,0.0,,,False,False,,,-1,False,TN
2010-08-04,84.72850310770569,85.16521054108419,84.44991843893713,85.05979919433594,158171700,4411,False,,0.0,,,False,False,,,-1,False,TN
2010-08-05,84.51765018363618,85.01459413583287,84.38965155758024,84.96941375732422,140473800,4412,False,,0.0,,,False,False,,,-1,False,TN
2010-08-06,84.13366436892426,84.75860706459787,83.51625269516468,84.62307739257812,239728300,4413,False,,0.0,,,False,False,,,-1,False,TN
2010-08-09,85.02210057053655,85.21786684872997,84.5703370969615,85.0748062133789,120800400,4414,False,,0.0,,,False,False,,,-1,False,TN
2010-08-10,84.35201885552918,85.0673165875547,83.85508054969368,84.61554718017578,242916300,4415,False,,0.0,,,False,False,,,-1,False,TN
2010-08-11,83.31294777734006,83.34306611570804,82.16094862107124,82.29647827148438,273406900,4416,False,,0.0,,,False,False,,,-1,False,TN
2010-08-12,81.05414334556049,82.08566939328227,81.01649397753964,81.79202270507812,239542600,4417,False,,0.0,,,False,True,0.4892139434814453,0.7139423076923077,1,True,FP
2010-08-13,81.53603012438994,82.0404995160656,81.45320610551933,81.55108642578125,158698500,4418,False,,0.0,,,False,True,0.18978251516819,0.39663461538461536,1,False,TN
2010-08-16,80.99389639284284,81.77695604367165,80.70024974184282,81.513427734375,147895300,4419,False,,0.0,,,False,True,0.16668877005577087,0.37099358974358976,1,False,TN
2010-08-17,82.21363682401214,83.11716380530008,81.98022118733329,82.51480865478516,172270300,4420,False,0.041432633429878685,0.0,7.0,2010-08-26,False,True,0.01978810504078865,0.0,1,False,TN
2010-08-18,82.47720044375797,83.10966845319,82.00284943668393,82.66543579101562,182922100,4421,False,0.043333722673226216,0.0,6.0,2010-08-26,False,True,0.01920304447412491,0.0,1,False,TN
2010-08-19,82.23623912115477,82.4395307184168,80.88847367827644,81.227294921875,265847600,4422,False,0.025182716120472293,0.0,5.0,2010-08-26,False,True,0.19176793098449707,0.3998397435897436,1,False,TN
2010-08-20,80.98640111186238,81.27252261207117,80.3765202205564,80.96381378173828,209714200,4423,False,0.02185727839474616,0.0,4.0,2010-08-26,False,True,0.18005172908306122,0.3854166666666667,1,False,TN
2010-08-23,81.34777200379847,81.74682994062914,80.61741808417143,80.65506744384766,163490300,4424,False,0.017960541348715164,0.0,3.0,2010-08-26,False,True,0.20515231788158417,0.40865384615384615,1,False,TN
2010-08-24,79.7741196747755,80.10541564862139,79.03624049873683,79.4578857421875,280677800,4425,True,0.002850719092807985,0.6436601133990019,2.0,2010-08-26,False,True,0.4566248655319214,0.6891025641025641,1,True,TP
2010-08-25,79.02118555440069,80.0677734808785,78.52424729348728,79.7666015625,272234800,4426,True,0.006747070971591107,0.15661612855111162,1.0,2010-08-26,False,True,0.3490999639034271,0.5913461538461539,1,True,TP
2010-08-26,80.14307582363966,80.24848714872897,78.96848345988019,79.23201751708984,224439500,4427,True,0.0,1.0,0.0,2010-08-26,True,True,0.4882010221481323,0.7139423076923077,1,True,TP
2010-08-27,79.7289432962537,80.54212117182584,78.53929482026692,80.45929718017578,272649000,4428,False,0.015489693454053821,0.0,1.0,2010-08-26,False,True,0.04951430857181549,0.15144230769230768,1,False,TN
2010-08-30,80.24848259519527,80.49695459501521,79.28471868078758,79.29224395751953,167238600,4429,True,0.0007601275635407134,0.9049840545574108,2.0,2010-08-26,False,True,0.18454250693321228,0.391025641025641,1,False,FN
2010-08-31,78.99859731936363,79.79671897837743,78.67483234082172,79.29224395751953,273933100,4430,True,0.0007601275635407134,0.9049840545574108,3.0,2010-08-26,False,True,0.21113918721675873,0.4182692307692308,1,False,FN
2010-09-01,80.36139388899636,81.77692087335242,80.30868824980448,81.66397857666016,256828100,4431,False,0.03069417056110879,0.0,4.0,2010-08-26,False,False,,,-1,False,TN
2010-09-02,81.85980859175068,82.43957107436647,81.68662950269031,82.42451477050781,156112200,4432,False,0.0402930198354392,0.0,5.0,2010-08-26,False,False,,,-1,False,TN
2010-09-03,83.23013166806535,83.56895295395485,82.78589331565797,83.49365997314453,212197300,4433,False,0.05378687290318562,0.0,6.0,2010-08-26,False,False,,,-1,False,TN
2010-09-07,83.10211691406217,83.20752821565627,82.48470539994595,82.5524673461914,141973700,4434,False,0.04190792981366864,0.0,7.0,2010-08-26,False,False,,,-1,False,TN
2010-09-08,82.71813552215713,83.4635458353464,82.68048615761276,83.13225555419922,149924400,4435,False,,0.0,,,False,False,,,-1,False,TN
2010-09-09,84.06589262701742,84.0884799456457,83.29036405018834,83.51624298095703,147017900,4436,False,,0.0,,,False,False,,,-1,False,TN
2010-09-10,83.66681459289568,84.0357541123845,83.47857932353625,83.93787384033203,127819000,4437,False,,0.0,,,False,False,,,-1,False,TN
2010-09-13,84.76611732245934,85.04470187568505,84.42729035316474,84.87152862548828,178503500,4438,False,,0.0,,,False,False,,,-1,False,TN
2010-09-14,84.70589768105013,85.30072200743764,84.38966370838426,84.81884002685547,209823600,4439,False,,0.0,,,False,False,,,-1,False,TN
2010-09-15,84.57034887776092,85.24046603488402,84.3143516467184,85.14258575439453,168608400,4440,False,,0.0,,,False,False,,,-1,False,TN
2010-09-16,84.87906179862051,85.17270839943345,84.59294047358256,85.12000274658203,199962900,4441,False,,0.0,,,False,False,,,-1,False,TN
2010-09-17,85.56814675419189,85.6514141665537,84.91715013494868,85.15180969238281,195836900,4442,False,,0.0,,,False,False,,,-1,False,TN
2010-09-20,85.44701440945113,86.64303179525949,85.17450397280518,86.45378875732422,214555200,4443,False,,0.0,,,False,False,,,-1,False,TN
2010-09-21,86.52190152323945,86.93066131920234,85.9238929528847,86.27967071533203,268389100,4444,False,,0.0,,,False,False,,,-1,False,TN
2010-09-22,86.14348060372251,86.62794258553369,85.61359634063737,85.85582733154297,191322400,4445,False,,0.0,,,False,False,,,-1,False,TN
2010-09-23,85.1517914547647,86.04501877995828,84.91713194758941,85.15936279296875,202354300,4446,False,,0.0,,,False,False,,,-1,False,TN
2010-09-24,86.10559018602846,86.97610939570438,86.02989411893483,86.9155502319336,209671800,4447,False,,0.0,,,False,False,,,-1,False,TN
2010-09-27,86.94580011599555,87.04420439208162,86.4159220520894,86.49918365478516,128761800,4448,False,,0.0,,,False,False,,,-1,False,TN
2010-09-28,86.61276651334586,87.08209140398301,85.67412250731172,86.80200958251953,209207500,4449,False,,0.0,,,False,False,,,-1,False,TN
2010-09-29,86.58247375038974,86.98367384717231,86.30996331023971,86.65060424804688,179665800,4450,False,,0.0,,,False,False,,,-1,False,TN
2010-09-30,87.0896607501231,87.64981860498654,85.98447616923792,86.39324188232422,287106700,4451,False,,0.0,,,False,False,,,-1,False,TN
2010-10-01,87.04423152394152,87.14264160593997,86.241842841281,86.75658416748047,174638700,4452,False,,0.0,,,False,False,,,-1,False,TN
2010-10-04,86.5749003381755,86.93824370860911,85.67410169960931,86.10557556152344,166153200,4453,False,,0.0,,,False,False,,,-1,False,TN
2010-10-05,86.90039888212783,88.05099392629708,86.80198881355025,87.83904266357422,229634100,4454,False,,0.0,,,False,False,,,-1,False,TN
2010-10-06,87.82390296591984,88.05856825066877,87.47569648317511,87.83147430419922,148626600,4455,False,,0.0,,,False,False,,,-1,False,TN
2010-10-07,88.18725548774603,88.20996372821105,87.19562381917925,87.72550201416016,164860000,4456,False,,0.0,,,False,False,,,-1,False,TN
2010-10-08,87.84662977928097,88.45977543874443,87.51356014933054,88.21754455566406,177760100,4457,False,,0.0,,,False,False,,,-1,False,TN
2010-10-11,88.35380722663115,88.54305030044583,87.99802932382113,88.30081939697266,103098300,4458,False,,0.0,,,False,False,,,-1,False,TN
2010-10-12,88.01315489690211,88.83068625658176,87.54383583042048,88.57331848144531,182210000,4459,False,,0.0,,,False,False,,,-1,False,TN
2010-10-13,89.06535263925409,89.73905744140076,88.853395570113,89.26216125488281,194347200,4460,False,,0.0,,,False,False,,,-1,False,TN
2010-10-14,89.17888715657325,89.3302850517391,88.3537902850664,88.91394805908203,217764300,4461,False,,0.0,,,False,False,,,-1,False,TN
2010-10-15,89.53466443204056,89.58765225120791,88.38406931216134,89.09561920166016,243705000,4462,False,,0.0,,,False,False,,,-1,False,TN
2010-10-18,89.12590989562996,89.82989430964285,88.80041160151131,89.53467559814453,141204800,4463,False,,0.0,,,False,False,,,-1,False,TN
2010-10-19,88.70959576469234,89.20919453633421,87.82393368387646,88.36138916015625,280604700,4464,False,,0.0,,,False,False,,,-1,False,TN
2010-10-20,88.52034261733502,89.65580106742811,88.46735478734028,89.22432708740234,200051800,4465,False,,0.0,,,False,False,,,-1,False,TN
2010-10-21,89.62550540843702,90.14781227464287,88.72470668484074,89.4211196899414,221585500,4466,False,,0.0,,,False,False,,,-1,False,TN
2010-10-22,89.55736690748004,89.72390169278292,89.32270740559261,89.587646484375,108212400,4467,False,,0.0,,,False,False,,,-1,False,TN
2010-10-25,90.18568503749012,90.65500997212231,89.78449061727197,89.85261535644531,151145700,4468,False,,0.0,,,False,False,,,-1,False,TN
2010-10-26,89.39844235080244,89.95860032894512,89.22434192696682,89.86776733398438,158982900,4469,False,,0.0,,,False,False,,,-1,False,TN
2010-10-27,89.23946725654748,89.7087921788397,88.76257676915094,89.61038208007812,190024000,4470,False,,0.0,,,False,False,,,-1,False,TN
2010-10-28,90.12510215493911,90.1629530724609,89.19402964639114,89.62550354003906,168576000,4471,False,,0.0,,,False,False,,,-1,False,TN
2010-10-29,89.5346781806857,89.86774782387647,89.37571469877376,89.69364166259766,144305500,4472,False,,0.0,,,False,False,,,-1,False,TN
2010-11-01,90.13269611470795,90.64743753590058,89.20918893769411,89.72393035888672,174074800,4473,False,,0.0,,,False,False,,,-1,False,TN
2010-11-02,90.39761966057254,90.64742187517962,90.15538878510984,90.43547058105467,158345900,4474,False,,0.0,,,False,False,,,-1,False,TN
2010-11-03,90.59443291379736,90.85180068907664,89.66335456888322,90.79881286621094,226702800,4475,False,,0.0,,,False,False,,,-1,False,TN
2010-11-04,91.80559657529746,92.59284843421769,90.8139647432611,92.54743194580078,215039400,4476,False,,0.0,,,False,False,,,-1,False,TN
2010-11-05,92.60799196041933,93.04703729730971,92.4868793909009,92.89564514160156,180654100,4477,False,0.03859222512169702,0.0,7.0,2010-11-16,False,False,,,-1,False,TN
2010-11-08,92.60794962953192,92.87289444377632,92.3051654565176,92.72149658203124,156107100,4478,False,0.03664520877114397,0.0,6.0,2010-11-16,False,False,,,-1,False,TN
2010-11-09,92.97132507028594,93.06972937687932,91.6844746445716,92.05538940429688,186621600,4479,False,0.02919799491264574,0.0,5.0,2010-11-16,False,False,,,-1,False,TN
2010-11-10,92.03268466164346,92.4717299389647,91.33627159948962,92.42630767822266,221387400,4480,False,0.03334493672964545,0.0,4.0,2010-11-16,False,False,,,-1,False,TN
2010-11-11,91.63146848855772,92.21433442293748,91.35138675242084,92.0780792236328,158017600,4481,False,0.029451671712196204,0.0,3.0,2010-11-16,False,False,,,-1,False,TN
2010-11-12,91.4573771918469,91.8585715172219,90.57172114052028,90.98805236816406,239068800,4482,False,0.017264949551668574,0.0,2.0,2010-11-16,False,False,,,-1,False,TN
2010-11-15,91.27566604660947,91.63144373620104,90.82148409669476,90.8593292236328,163940800,4483,False,0.015825798589321316,0.0,1.0,2010-11-16,False,False,,,-1,False,TN
2010-11-16,90.29918574445205,90.45057782626142,89.01232994812138,89.44380950927734,299566200,4484,True,0.0,1.0,0.0,2010-11-16,True,False,,,-1,False,FN
2010-11-17,89.48167884439584,89.8601649265269,89.21673974195197,89.48925018310547,172308900,4485,True,0.0005080359845743843,0.936495501928202,1.0,2010-11-16,False,True,0.44410252571105957,0.6818910256410257,1,True,TP
2010-11-18,90.35221425907592,91.1318948046334,90.34464291900284,90.806396484375,197723700,4486,False,0.015233999787948704,0.0,2.0,2010-11-16,False,False,,,-1,False,TN
2010-11-19,90.76096417756926,91.0940280046176,90.26893111289138,91.05618286132812,156852900,4487,False,0.018026662335793642,0.0,3.0,2010-11-16,False,False,,,-1,False,TN
2010-11-22,90.6019979360679,91.0183291509177,89.90557917307922,90.98048400878906,181361000,4488,False,0.017180333753028743,0.0,4.0,2010-11-16,False,False,,,-1,False,TN
2010-11-23,89.90556853438788,90.094811548355,89.31513125484867,89.66333770751953,222309000,4489,True,0.0024543699496544225,0.6932037562931972,5.0,2010-11-16,False,False,,,-1,False,FN
2010-11-24,90.23108019945974,91.01076638442622,90.21594329719096,90.98805236816406,140046100,4490,False,0.017264949551668574,0.0,6.0,2010-11-16,False,False,,,-1,False,TN
2010-11-26,90.2008170545469,90.69284440215937,89.92830657958984,89.92830657958984,76007800,4491,True,0.005416775883883229,0.32290301451459635,7.0,2010-11-16,False,False,,,-1,False,FN
2010-11-29,89.70120126465085,90.4430365250756,89.12590080402998,90.2008056640625,223642300,4492,False,,0.0,,,False,True,0.1942797303199768,0.4014423076923077,1,False,TN
2010-11-30,89.30758996734293,90.20838303151064,89.17890029368466,89.69364166259766,233930700,4493,False,,0.0,,,False,True,0.32192960381507874,0.5625,1,True,FP
2010-12-01,90.98806011185503,91.77531192733665,90.98049454769644,91.60121154785156,221037200,4494,False,,0.0,,,False,False,,,-1,False,TN
2010-12-02,91.74502302078946,92.84263611241636,91.69203520086536,92.77450561523438,191213600,4495,False,,0.0,,,False,False,,,-1,False,TN
2010-12-03,92.45658572009124,93.13029052827082,92.43387747771835,93.0243148803711,151288900,4496,False,,0.0,,,False,False,,,-1,False,TN
2010-12-06,92.82750848668634,93.13786989316488,92.72910416951127,92.92591857910156,103050500,4497,False,,0.0,,,False,False,,,-1,False,TN
2010-12-07,93.81914440054436,93.87213222810075,92.92591689656469,92.9789047241211,206581000,4498,False,,0.0,,,False,False,,,-1,False,TN
2010-12-08,93.09246132269504,93.39524563983082,92.66098731801182,93.31954956054688,138019200,4499,False,,0.0,,,False,False,,,-1,False,TN
2010-12-09,93.8418629752668,93.87970812755049,93.2211458804556,93.68289947509766,123705100,4500,False,,0.0,,,False,False,,,-1,False,TN
2010-12-10,93.97050888769704,94.31871533419532,93.66015335341658,94.2278823852539,117571700,4501,False,,0.0,,,False,False,,,-1,False,TN
2010-12-13,94.65937267188194,94.77291387779414,94.2581725684478,94.2884521484375,133812700,4502,False,,0.0,,,False,False,,,-1,False,TN
2010-12-14,94.43228615449992,94.79563536778308,94.08407962002514,94.3717269897461,147249600,4503,False,,0.0,,,False,False,,,-1,False,TN
2010-12-15,94.19763542749564,94.5685502396626,93.7812983498916,93.94026184082033,160823100,4504,False,,0.0,,,False,False,,,-1,False,TN
2010-12-16,94.00083626522324,94.55342867832952,93.67533789043269,94.48529815673828,185035200,4505,False,,0.0,,,False,False,,,-1,False,TN
2010-12-17,94.41908379633009,94.708243950935,94.22123431917262,94.58649444580078,141075300,4506,False,,0.0,,,False,False,,,-1,False,TN
2010-12-20,94.84520475432636,95.0430542084992,94.3429786698718,94.81476593017578,119085500,4507,False,,0.0,,,False,False,,,-1,False,TN
2010-12-21,95.11154162224705,95.47680172339182,95.02023095117008,95.41592407226562,94965500,4508,False,,0.0,,,False,False,,,-1,False,TN
2010-12-22,95.484417396038,95.74313871713908,95.43115090018703,95.71269989013672,78878100,4509,False,,0.0,,,False,False,,,-1,False,TN
2010-12-23,95.60616819753317,95.71270119068264,95.3398357146594,95.5757293701172,70053700,4510,False,,0.0,,,False,False,,,-1,False,TN
2010-12-27,95.21807821893442,95.70508783518336,95.14959521303032,95.61377716064452,58126000,4511,False,,0.0,,,False,False,,,-1,False,TN
2010-12-28,95.80402944257172,95.84207362730592,95.4996469366311,95.75076293945312,55309100,4512,False,,0.0,,,False,False,,,-1,False,TN
2010-12-29,95.864867368406,96.03227216195047,95.8039897313293,95.81920623779295,58033100,4513,False,,0.0,,,False,False,,,-1,False,TN
2010-12-30,95.72791561367929,95.97902575933269,95.52245499696656,95.6670379638672,76616900,4514,False,,0.0,,,False,False,,,-1,False,TN
2010-12-31,95.5224468629885,95.78117394985244,95.37025855702976,95.68985748291016,91218900,4515,False,,0.0,,,False,False,,,-1,False,TN
2011-01-03,96.4203957736161,97.09764377304958,95.65183128453724,96.67912292480467,138725200,4516,False,,0.0,,,False,False,,,-1,False,TN
2011-01-04,96.89217934088852,96.9226181677584,96.02469309474148,96.62584686279295,137409700,4517,False,,0.0,,,False,False,,,-1,False,TN
2011-01-05,96.32145090778285,97.18893703241952,96.2301344399641,97.12805938720705,133975300,4518,False,,0.0,,,False,False,,,-1,False,TN
2011-01-06,97.16612399446733,97.27265698682098,96.64867554348696,96.93783569335938,122519000,4519,False,,0.0,,,False,False,,,-1,False,TN
2011-01-07,97.06718806108192,97.22698753595884,95.99424707101925,96.74758911132812,156034600,4520,False,,0.0,,,False,False,,,-1,False,TN
2011-01-10,96.32146439970693,96.76281868090106,96.03229844724947,96.62584686279295,122401700,4521,False,,0.0,,,False,False,,,-1,False,TN
2011-01-11,96.97588050593885,97.20416298925728,96.60300924697776,96.96826934814452,110287000,4522,False,,0.0,,,False,False,,,-1,False,TN
2011-01-12,97.56181954839565,97.94990151892112,96.9910988154796,97.84336853027344,107929200,4523,False,,0.0,,,False,False,,,-1,False,TN
2011-01-13,97.8814185050523,97.92707384143624,97.4400642346324,97.68356323242188,129048400,4524,False,,0.0,,,False,False,,,-1,False,TN
2011-01-14,97.54658453405511,98.41407064617952,97.47810153838768,98.39124298095705,117677900,4525,False,,0.0,,,False,False,,,-1,False,TN
2011-01-18,98.29996754701467,98.65001126592126,98.1858291665174,98.55870056152344,114401300,4526,False,,0.0,,,False,False,,,-1,False,TN
2011-01-19,98.47495549991471,98.57387151937937,97.33352571033254,97.59224700927734,151958400,4527,True,0.004149385736578859,0.48132678292764264,7.0,2011-01-28,False,False,,,-1,False,FN
2011-01-20,97.37157414781684,97.70638961959698,96.73998157659454,97.462890625,175745700,4528,True,0.002818407735827977,0.6476990330215029,6.0,2011-01-28,False,False,,,-1,False,FN
2011-01-21,98.07165681413544,98.29232814373292,97.57703024378432,97.68356323242188,151462900,4529,True,0.005088959649347302,0.36388004383158723,5.0,2011-01-28,False,False,,,-1,False,FN
2011-01-24,97.62268520514624,98.35320541815815,97.59985753704196,98.23906707763672,113715500,4530,False,0.010804668243430182,0.0,4.0,2011-01-28,False,False,,,-1,False,TN
2011-01-25,97.9803190577479,98.37601792929772,97.48570417672796,98.29231262207033,167552200,4531,False,0.011352524065738834,0.0,3.0,2011-01-28,False,False,,,-1,False,TN
2011-01-26,98.5358550131678,98.9619870380385,98.33799970788722,98.67282104492188,141281500,4532,False,0.015267663954234845,0.0,2.0,2011-01-28,False,False,,,-1,False,TN
2011-01-27,98.69564546021807,99.08373909316906,98.52062944389836,98.91632843017578,123302700,4533,False,0.01777316822141084,0.0,1.0,2011-01-28,False,False,,,-1,False,TN
2011-01-28,99.03047837025348,99.19028369861348,97.02917295039845,97.18897247314452,295637300,4534,True,0.0,1.0,0.0,2011-01-28,True,False,,,-1,False,FN
2011-01-31,97.4553165293384,97.99558699104452,97.21180584541617,97.91948699951172,149249200,4535,True,0.007516434300908648,0.06044571238641905,1.0,2011-01-28,False,False,,,-1,False,FN
2011-02-01,98.51299570892228,99.66203073640531,98.45211806617029,99.4870147705078,167194300,4536,False,0.023645093047961696,0.0,2.0,2011-01-28,False,False,,,-1,False,TN
2011-02-02,99.22829646148868,99.56311774019436,99.17503577327174,99.29679107666016,118323600,4537,False,0.021687837106191044,0.0,3.0,2011-01-28,False,False,,,-1,False,TN
2011-02-03,99.12177234765193,99.66965965072424,98.59672432583127,99.51747131347656,145886700,4538,False,0.023958467520329707,0.0,4.0,2011-01-28,False,False,,,-1,False,TN
2011-02-04,99.55548179217163,99.83703068490894,99.09890535039432,99.79898071289062,134634800,4539,False,0.02685498337239145,0.0,5.0,2011-01-28,False,False,,,-1,False,TN
2011-02-07,100.01966185169508,100.75017021242212,100.0120448906906,100.42296600341795,112439100,4540,False,0.0332753135255861,0.0,6.0,2011-01-28,False,False,,,-1,False,TN
2011-02-08,100.5143117176837,100.93283832622902,100.24036808401992,100.87957763671876,99072800,4541,False,0.03797349709190567,0.0,7.0,2011-01-28,False,False,,,-1,False,TN
2011-02-09,100.60559742610772,100.92519628064876,100.1490209989229,100.65125274658205,146436700,4542,False,,0.0,,,False,False,,,-1,False,TN
2011-02-10,100.14145900812092,100.80348466408152,99.91317069568512,100.68934631347656,162708500,4543,False,,0.0,,,False,False,,,-1,False,TN
2011-02-11,100.29361961815236,101.41982694059077,100.27079195434246,101.29046630859376,137710300,4544,False,,0.0,,,False,False,,,-1,False,TN
2011-02-14,101.22959707694991,101.61767900517808,101.1154587484192,101.53397369384766,101690700,4545,False,,0.0,,,False,False,,,-1,False,TN
2011-02-15,101.22202583979664,101.37421419953677,100.6893607750924,101.21440887451172,119575400,4546,False,,0.0,,,False,False,,,-1,False,TN
2011-02-16,101.55680541682698,101.97532033112569,101.35134482953046,101.85357666015624,130183500,4547,False,,0.0,,,False,False,,,-1,False,TN
2011-02-17,101.55685662006653,102.29497081384729,101.4655343067678,102.1580047607422,109810500,4548,False,,0.0,,,False,False,,,-1,False,TN
2011-02-18,102.24926979624836,102.49278037465004,102.0133761804364,102.37102508544922,130002400,4549,False,,0.0,,,False,False,,,-1,False,TN
2011-02-22,101.29806874623613,102.39384302248897,100.04250082790944,100.31644439697266,233116400,4550,False,,0.0,,,False,False,,,-1,False,TN
2011-02-23,100.25558874094264,100.49909934960272,99.08372586763451,99.7000961303711,227584000,4551,False,,0.0,,,False,False,,,-1,False,TN
2011-02-24,99.59356105428552,100.01969299928348,98.69563021770436,99.63159942626952,260431400,4552,False,,0.0,,,False,True,0.5910163521766663,0.8108974358974359,1,True,FP
2011-02-25,100.050107540833,100.75779994189152,99.98922990118756,100.6969223022461,141686900,4553,False,,0.0,,,False,False,,,-1,False,TN
2011-02-28,101.06981849134324,101.45029512482446,100.73499719608368,101.3209228515625,141585500,4554,False,,0.0,,,False,False,,,-1,False,TN
2011-03-01,101.64052707193083,101.73183774265192,99.6011664064374,99.63159942626952,258565500,4555,False,,0.0,,,False,False,,,-1,False,TN
2011-03-02,99.49462958044204,100.308855067031,99.19025294896862,99.84467315673828,200277400,4556,False,,0.0,,,False,True,0.41156062483787537,0.6506410256410257,1,True,FP
2011-03-03,100.75021226193223,101.6785762167052,100.7426069089746,101.56443786621094,176480100,4557,False,,0.0,,,False,False,,,-1,False,TN
2011-03-04,101.48832000156776,101.68617525584814,100.14144125825707,100.803466796875,277202300,4558,False,,0.0,,,False,False,,,-1,False,TN
2011-03-07,101.10024648703984,101.32853477802466,99.48702935687014,100.01207733154295,216790400,4559,False,0.041607294438865905,0.0,7.0,2011-03-16,False,False,,,-1,False,TN
2011-03-08,100.17184834763178,101.20674484964084,99.73811119325389,100.88714599609376,174615000,4560,False,0.05072097279102561,0.0,6.0,2011-03-16,False,False,,,-1,False,TN
2011-03-09,100.689323547351,101.05457779792782,100.14143636587411,100.74258422851562,153806000,4561,False,0.049215388709342944,0.0,5.0,2011-03-16,False,False,,,-1,False,TN
2011-03-10,99.68488933679107,99.82185536707114,98.77935298807282,98.87828063964844,301291800,4562,False,0.029799011517464002,0.0,4.0,2011-03-16,False,False,,,-1,False,TN
2011-03-11,98.55866575363576,99.92076692850983,98.53583808559831,99.56311798095705,225621800,4563,False,0.036931465809423525,0.0,3.0,2011-03-16,False,True,0.29961055517196655,0.5256410256410257,1,True,FP
2011-03-14,98.9163273851216,99.2891870850275,98.2086347515402,98.96198272705078,234974100,4564,False,0.030670753282301177,0.0,2.0,2011-03-16,False,True,0.15331412851810455,0.3485576923076923,1,False,TN
2011-03-15,96.32904652046548,98.41406211611196,96.26056353073383,97.828125,359585400,4565,False,0.01886183469103142,0.0,1.0,2011-03-16,False,True,0.19461867213249207,0.40224358974358976,1,False,TN
2011-03-16,97.51613975712952,97.8357502922022,95.332207971881,96.0170669555664,468670300,4566,True,0.0,1.0,0.0,2011-03-16,True,True,0.40336325764656067,0.6482371794871795,1,True,TP
2011-03-17,97.4019782718899,97.69874945998824,96.71711945104362,97.28783416748048,254303700,4567,False,0.013234805563287377,0.0,1.0,2011-03-16,False,True,0.15420715510845184,0.34935897435897434,1,False,TN
2011-03-18,98.46710346733045,98.49768035063046,97.45064366922266,97.64170837402344,230435400,4568,False,0.016920339997563705,0.0,2.0,2011-03-16,False,True,0.03308228775858879,0.058493589743589744,1,False,TN
2011-03-21,98.8568848945849,99.36128686242542,98.74223907242596,99.15494537353516,153992600,4569,False,0.03268042356908141,0.0,3.0,2011-03-16,False,False,,,-1,False,TN
2011-03-22,99.1396802257205,99.26960285869612,98.71933543570104,98.81104278564452,129538600,4570,False,0.0290987416994426,0.0,4.0,2011-03-16,False,False,,,-1,False,TN
2011-03-23,98.53588605947073,99.35364861102188,98.06969936503216,99.09380340576172,148603100,4571,False,0.03204364127909809,0.0,5.0,2011-03-16,False,True,0.056117620319128036,0.16346153846153846,1,False,TN
2011-03-24,99.65935918484776,100.18669970912046,99.10145343469895,100.04148864746094,159129800,4572,False,0.041913607856371105,0.0,6.0,2011-03-16,False,False,,,-1,False,TN
2011-03-25,100.30133719110552,100.7828123439648,100.0338419248889,100.3471908569336,155642800,4573,False,0.045097439847553655,0.0,7.0,2011-03-16,False,False,,,-1,False,TN
2011-03-28,100.5611982987133,100.82104355391672,100.0720730164677,100.1026382446289,109762400,4574,False,,0.0,,,False,False,,,-1,False,TN
2011-03-29,100.0185489357956,100.80573459449964,99.6899232378566,100.7751693725586,129798800,4575,False,,0.0,,,False,False,,,-1,False,TN
2011-03-30,101.30254230807262,101.76874080837712,101.15733121855132,101.4706802368164,135835000,4576,False,,0.0,,,False,False,,,-1,False,TN
2011-03-31,101.3407341588624,101.61586782757568,101.22608832759376,101.33308410644533,132537100,4577,False,,0.0,,,False,False,,,-1,False,TN
2011-04-01,101.95976974499465,102.23490338064366,101.51649823968994,101.76105499267578,153850100,4578,False,,0.0,,,False,False,,,-1,False,TN
2011-04-04,101.97508408299868,102.15851046154354,101.55475091571078,101.84516143798828,100768900,4579,False,,0.0,,,False,False,,,-1,False,TN
2011-04-05,101.64643054405414,102.28076681075896,101.60057687734428,101.8298568725586,120791500,4580,False,,0.0,,,False,False,,,-1,False,TN
2011-04-06,102.31897099737252,102.41067832085284,101.73812685089396,102.1508331298828,120411600,4581,False,,0.0,,,False,False,,,-1,False,TN
2011-04-07,101.96741773085384,102.39540083510394,101.38658518389516,101.89099884033205,170731500,4582,False,0.021139680301684338,0.0,7.0,2011-04-18,False,False,,,-1,False,TN
2011-04-08,102.34193357424788,102.4030756984784,101.11911441297322,101.53945922851562,147945400,4583,False,0.017616591403653903,0.0,6.0,2011-04-18,False,False,,,-1,False,TN
2011-04-11,101.64642878577438,101.99034294181436,100.98916569708398,101.23373413085938,121385400,4584,False,0.014552650211261398,0.0,5.0,2011-04-18,False,False,,,-1,False,TN
2011-04-12,100.668184172569,100.86688729020838,100.11027843567214,100.47711944580078,161187400,4585,True,0.006969946278571504,0.12875671517856202,4.0,2011-04-18,False,False,,,-1,False,FN
2011-04-13,100.94332688435053,101.01974578490132,100.08736056351609,100.46949005126952,162059000,4586,True,0.006893485378381969,0.13831432770225383,3.0,2011-04-18,False,True,0.7195324301719666,0.9230769230769231,1,True,TP
2011-04-14,99.8886732184369,100.69878608924778,99.56004736625388,100.54593658447266,161220400,4587,True,0.0076596235982806515,0.04254705021491856,2.0,2011-04-18,False,True,0.7267807722091675,0.9270833333333334,1,True,TP
2011-04-15,100.72934316856,101.1649647545434,100.43128261130798,100.91275787353516,170006700,4588,False,0.011335863679390323,0.0,1.0,2011-04-18,False,False,,,-1,False,TN
2011-04-18,99.80457356410126,100.90510831887649,98.97917249801986,99.78164672851562,210759300,4589,True,0.0,1.0,0.0,2011-04-18,True,False,,,-1,False,FN
2011-04-19,99.93448318038466,100.38540476543822,99.68992641207684,100.35482788085938,124258800,4590,True,0.005744354509434446,0.28195568632069423,1.0,2011-04-18,False,True,0.3384089171886444,0.5785256410256411,1,True,TP
2011-04-20,101.55472435604312,101.94449218913807,101.48593219353744,101.72286224365234,156133800,4591,False,0.019454634983308683,0.0,2.0,2011-04-18,False,False,,,-1,False,TN
2011-04-21,102.25015395184084,102.2883692145426,101.72282530853552,102.24251556396484,135935400,4592,False,0.024662539817013718,0.0,3.0,2011-04-18,False,False,,,-1,False,TN
2011-04-25,102.1661624653327,102.3037351829866,101.79932132103852,102.1355972290039,65757100,4593,False,0.023591016761758565,0.0,4.0,2011-04-18,False,False,,,-1,False,TN
2011-04-26,102.44893631132324,103.22083381635852,102.34194050209392,103.01448059082033,146600000,4594,False,0.03239908308088513,0.0,5.0,2011-04-18,False,False,,,-1,False,TN
2011-04-27,103.21319008427317,103.83987645972148,102.79284526202052,103.68702697753906,143031000,4595,False,0.03913926435438708,0.0,6.0,2011-04-18,False,False,,,-1,False,TN
2011-04-28,103.50359795078823,104.16086120283876,103.48832116612888,104.02330017089844,124791100,4596,False,0.04250935499113817,0.0,7.0,2011-04-18,False,False,,,-1,False,TN
2011-04-29,104.06149601505244,104.37484496704448,103.92392334714586,104.26783752441406,115094100,4597,False,,0.0,,,False,False,,,-1,False,TN
2011-05-02,104.75694726280658,104.84100452593972,103.9009695753432,104.1073226928711,126278700,4598,False,,0.0,,,False,False,,,-1,False,TN
2011-05-03,103.90863705074833,104.08441331873848,103.20550865545889,103.73284912109376,138375000,4599,False,,0.0,,,False,False,,,-1,False,TN
2011-05-04,103.68701871633046,103.73287239116502,102.5864838736328,103.0450439453125,182678500,4600,False,,0.0,,,False,False,,,-1,False,TN
2011-05-05,102.47185833840328,103.13676000297716,101.6617455834815,102.11265563964844,226900000,4601,False,,0.0,,,False,False,,,-1,False,TN
2011-05-06,103.12909335731752,103.65643384130382,102.16611972163308,102.56353759765624,222787200,4602,False,,0.0,,,False,False,,,-1,False,TN
2011-05-09,102.55588130421758,103.2589979395694,102.39538183906662,102.9609375,114104500,4603,False,,0.0,,,False,False,,,-1,False,TN
2011-05-10,103.30487249013494,104.02327771071144,103.17494987857656,103.83985137939452,114806900,4604,False,,0.0,,,False,False,,,-1,False,TN
2011-05-11,103.68700633725096,103.7022947809262,102.27313433142876,102.7469711303711,193564200,4605,False,,0.0,,,False,False,,,-1,False,TN
2011-05-12,102.47183272855804,103.45008316869554,101.94449223189568,103.23609161376952,171550700,4606,False,,0.0,,,False,False,,,-1,False,TN
2011-05-13,103.28958916567814,103.43480022745858,102.07442027235622,102.4412612915039,157444900,4607,False,,0.0,,,False,False,,,-1,False,TN
2011-05-16,102.07438268448163,102.8768565934676,101.62347288306546,101.79161071777344,141675400,4608,False,,0.0,,,False,True,0.7564531564712524,0.9455128205128205,1,True,FP
2011-05-17,101.40951093778206,101.9139245888498,100.97387778595132,101.77635192871094,192686200,4609,False,,0.0,,,False,True,0.6858729720115662,0.9030448717948718,1,True,FP
2011-05-18,101.82984777062724,102.79280967045626,101.60820618578737,102.6858139038086,135217900,4610,False,,0.0,,,False,False,,,-1,False,TN
2011-05-19,103.02211604408048,103.1978923496869,102.36485283434894,102.9303970336914,119489500,4611,False,,0.0,,,False,False,,,-1,False,TN
2011-05-20,102.6629231074572,102.93040678713189,101.92159087059451,102.11265563964844,182594900,4612,False,,0.0,,,False,False,,,-1,False,TN
2011-05-23,100.8669355565308,101.43249161659122,100.56887490661258,100.9280776977539,168700000,4613,False,,0.0,,,False,True,0.3516697883605957,0.592948717948718,1,True,FP
2011-05-24,101.21846235520027,101.44009233084664,100.65290650521752,100.8439712524414,147199600,4614,False,,0.0,,,False,True,0.12742051482200623,0.3245192307692308,1,False,TN
2011-05-25,100.4388820189104,101.60055856674964,100.40831680050064,101.18021392822266,151050100,4615,False,,0.0,,,False,True,0.08734241873025894,0.25080128205128205,1,False,TN
2011-05-26,100.90512164447568,101.82988022799653,100.7140568815858,101.64645385742188,164850000,4616,False,,0.0,,,False,True,0.022843200713396072,0.008012820512820512,1,False,TN
2011-05-27,101.92921331897855,102.31134279731218,101.6158760096113,102.03620910644533,120921900,4617,False,,0.0,,,False,True,0.0264175646007061,0.022435897435897436,1,False,TN
2011-05-31,102.99918026903738,103.11381444499256,102.28841339311752,103.09852600097656,164731200,4618,False,,0.0,,,False,False,,,-1,False,TN
2011-06-01,102.80048811616906,103.1138371483268,100.69877557535784,100.78284454345705,233094300,4619,False,,0.0,,,False,False,,,-1,False,TN
2011-06-02,100.85160733646964,101.0655988907863,100.08734845343434,100.67581939697266,200466800,4620,False,,0.0,,,False,True,0.1969916820526123,0.4030448717948718,1,False,TN
2011-06-03,99.46827607447678,100.43888799543764,99.414784023661,99.67462921142578,234690200,4621,False,,0.0,,,False,True,0.3882406949996948,0.6386217948717948,1,True,FP
2011-06-06,99.42243109583988,99.62878425080964,98.49003436498634,98.61995697021484,179951200,4622,False,0.01590306166356159,0.0,7.0,2011-06-15,False,True,0.5257300734519958,0.7524038461538461,1,True,FP
2011-06-07,99.12436669559268,99.40715038913515,98.47475369510668,98.55882263183594,161660500,4623,False,0.015273305137195825,0.0,6.0,2011-06-15,False,True,0.6055988669395447,0.8205128205128205,1,True,FP
2011-06-08,98.40597101868455,98.73460840725544,97.96269946065011,98.14612579345705,198696400,4624,False,0.01102203597699325,0.0,5.0,2011-06-15,False,True,0.5645957589149475,0.7876602564102564,1,True,FP
2011-06-09,98.41362065382462,99.3001521044694,98.17670226349432,98.89509582519533,160964400,4625,False,0.018737319695550925,0.0,4.0,2011-06-15,False,True,0.04450144246220589,0.12980769230769232,1,False,TN
2011-06-10,98.47476150013424,98.53589194836054,97.25958684708158,97.5194320678711,238629400,4626,True,0.0045663439030207975,0.4292070121224003,3.0,2011-06-15,False,True,0.535555899143219,0.7612179487179487,1,True,TP
2011-06-13,97.74106676457214,98.00856203468705,97.0990921102943,97.59585571289062,207599800,4627,True,0.005353598504868495,0.3308001868914381,2.0,2011-06-15,False,True,0.6070089936256409,0.8221153846153846,1,True,TP
2011-06-14,98.49002046439684,99.17786032999489,98.45181685658277,98.83394622802734,160570400,4628,False,0.01810740598547711,0.0,1.0,2011-06-15,False,True,0.039062511175870895,0.09375,1,False,TN
2011-06-15,98.00855147482876,98.8186639267513,96.816303796891,97.0761489868164,300958000,4629,True,0.0,1.0,0.0,2011-06-15,True,True,0.6982374787330627,0.9086538461538461,1,True,TP
2011-06-16,97.10671195201594,97.8021901921362,96.54116212687104,97.2901382446289,308032800,4630,True,0.002204344321915297,0.7244569597605879,1.0,2011-06-15,False,True,0.1679541915655136,0.37099358974358976,1,False,FN
2011-06-17,98.256377851398,98.2640599718892,97.25023687747048,97.58049774169922,233284900,4631,True,0.00519539310270023,0.3505758621624713,2.0,2011-06-15,False,True,0.11372525990009308,0.3076923076923077,1,False,FN
2011-06-20,97.25021709234709,98.28708047755308,97.21949447637374,98.07970428466795,159479000,4632,False,0.01033781529578226,0.0,3.0,2011-06-15,False,True,0.05648089945316315,0.16346153846153846,1,False,TN
2011-06-21,98.58662821502244,99.61580958106288,98.11811853055912,99.42379760742188,193157300,4633,False,0.0241835779963242,0.0,4.0,2011-06-15,False,False,,,-1,False,TN
2011-06-22,99.1165765915376,99.70028873384372,98.76326942679968,98.82471466064452,176703000,4634,False,0.018012309842097007,0.0,5.0,2011-06-15,False,False,,,-1,False,TN
2011-06-23,97.66496851251192,98.8016760617885,96.91996115210952,98.54054260253906,334286500,4635,False,0.01508499905493288,0.0,6.0,2011-06-15,False,True,0.10806367546319962,0.297275641025641,1,False,TN
2011-06-24,98.51751916474656,98.59431693221777,97.25023880664854,97.39616394042967,226129300,4636,True,0.003296535317410809,0.5879330853236489,7.0,2011-06-15,False,True,0.5855779647827148,0.8076923076923077,1,True,TP
2011-06-27,97.45760824681092,98.64039698591225,97.26559625076004,98.2640609741211,168904700,4637,False,,0.0,,,False,True,0.09346864372491837,0.2604166666666667,1,False,TN
2011-06-28,98.65574592893876,99.56204850389334,98.51750293857027,99.54668426513672,165556300,4638,False,,0.0,,,False,False,,,-1,False,TN
2011-06-29,99.9998427336384,100.56051446682709,99.5620614875678,100.39923095703124,244295500,4639,False,,0.0,,,False,False,,,-1,False,TN
2011-06-30,100.72178711389428,101.52055166211204,100.39153218822597,101.35926818847656,223322700,4640,False,,0.0,,,False,False,,,-1,False,TN
2011-07-01,101.45142012411578,102.9952035357253,101.21332720696635,102.85694885253906,202385700,4641,False,,0.0,,,False,False,,,-1,False,TN
2011-07-05,102.74945858246178,102.9798753220527,102.44992033683828,102.77249908447266,165936000,4642,False,,0.0,,,False,False,,,-1,False,TN
2011-07-06,102.52668799396588,103.02591429316809,102.23482612826017,102.89534759521484,143331600,4643,False,,0.0,,,False,False,,,-1,False,TN
2011-07-07,103.8093368244772,104.22407745339324,103.59428439178318,103.96294403076172,170464200,4644,False,,0.0,,,False,False,,,-1,False,TN
2011-07-08,102.78787330187252,103.96298589640806,102.44993028027056,103.22565460205078,194100500,4645,False,,0.0,,,False,False,,,-1,False,TN
2011-07-11,101.95834452950967,102.28859945517802,101.12117524774278,101.35926818847656,195918600,4646,False,,0.0,,,False,False,,,-1,False,TN
2011-07-12,101.14423399335986,101.98140342617668,100.89077676957947,100.92149353027344,214675700,4647,False,,0.0,,,False,False,,,-1,False,TN
2011-07-13,101.45143425824376,102.31933204958663,101.01365309269856,101.2594223022461,204062600,4648,False,,0.0,,,False,False,,,-1,False,TN
2011-07-14,101.5129000712696,101.98140980766894,100.36850436249564,100.56051635742188,226111800,4649,False,,0.0,,,False,False,,,-1,False,TN
2011-07-15,101.12120083094504,101.2824843453845,100.43763859095736,101.1442413330078,220012800,4650,False,,0.0,,,False,False,,,-1,False,TN
2011-07-18,100.67571885856738,100.82932609271856,99.56205176162028,100.31473541259766,196872100,4651,False,,0.0,,,False,False,,,-1,False,TN
2011-07-19,100.87540706568082,102.0658836391449,100.85236656653797,101.9429931640625,166554900,4652,False,,0.0,,,False,False,,,-1,False,TN
2011-07-20,102.2041517485376,102.26558527464964,101.70491352288964,101.88156127929688,137145400,4653,False,,0.0,,,False,False,,,-1,False,TN
2011-07-21,102.45755787477316,103.5481959153412,101.89688633860573,103.29473876953124,245246300,4654,False,,0.0,,,False,False,,,-1,False,TN
2011-07-22,103.3178334789592,103.47144075474353,102.73410942370133,103.3639144897461,126019400,4655,False,,0.0,,,False,False,,,-1,False,TN
2011-07-25,102.38076218893846,103.2947408398659,102.2732359782104,102.78782653808594,136653800,4656,False,,0.0,,,False,False,,,-1,False,TN
2011-07-26,102.7187339445828,102.88770542602964,102.1734147600078,102.4038314819336,131278200,4657,False,,0.0,,,False,False,,,-1,False,TN
2011-07-27,101.83542933116674,101.86615779833292,100.17644368848488,100.30702209472656,249020100,4658,False,,0.0,,,False,False,,,-1,False,TN
2011-07-28,100.30706735569268,101.20568205441953,99.85391015658902,100.01520538330078,207939900,4659,False,0.1599857784598706,0.0,7.0,2011-08-08,False,True,0.22940373420715332,0.43509615384615385,1,False,TN
2011-07-29,99.00907862949552,100.26867698423324,98.28711157504524,99.33165740966795,307038400,4660,False,0.15205792463734036,0.0,6.0,2011-08-08,False,True,0.2221483737230301,0.4310897435897436,1,False,TN
2011-08-01,100.49137154236918,100.58354524780138,97.94913519434924,98.90919494628906,325790900,4661,False,0.14715816517002178,0.0,5.0,2011-08-08,False,True,0.31186527013778687,0.5488782051282052,1,True,FP
2011-08-02,98.16417947697464,98.69413429108612,96.38230895996094,96.38230895996094,346653800,4662,False,0.11785110334180526,0.0,4.0,2011-08-08,False,True,0.3087266683578491,0.5432692307692307,1,True,FP
2011-08-03,96.51289424258592,97.01212065004654,94.8769485956015,96.90459442138672,370830800,4663,False,0.12390861934878061,0.0,3.0,2011-08-08,False,True,0.3596039414405823,0.6049679487179487,1,True,FP
2011-08-04,95.56053231249577,95.71414543084629,92.21184250909086,92.3654556274414,520721800,4664,False,0.07126325980316905,0.0,2.0,2011-08-08,False,True,0.28671321272850037,0.5032051282051282,1,True,FP
2011-08-05,93.51753968953685,93.75563272896548,89.75410277153748,92.22721862792967,655619200,4665,False,0.06965997405400692,0.0,1.0,2011-08-08,False,True,0.2961239516735077,0.5184294871794872,1,True,FP
2011-08-08,89.79248572996129,92.2579188661944,86.03672598551834,86.22106170654297,702263900,4666,True,0.0,1.0,0.0,2011-08-08,True,True,0.3370531499385834,0.5769230769230769,1,True,TP
2011-08-09,87.61122421910501,90.35315500337916,84.6926398385359,90.2302703857422,717828700,4667,False,0.046499180128919626,0.0,1.0,2011-08-08,False,True,0.059426791965961456,0.17708333333333334,1,False,TN
2011-08-10,88.52519792896466,89.30860416738906,85.98295552933125,86.24409484863281,662607400,4668,True,0.00026714055282961446,0.9666074308962982,2.0,2011-08-08,False,True,0.1598718911409378,0.3613782051282051,1,False,FN
2011-08-11,86.98910427100539,91.3362522118212,86.2671373908341,90.11505889892578,487979700,4669,False,0.045162946446150265,0.0,3.0,2011-08-08,False,True,0.03375031426548958,0.06330128205128205,1,False,TN
2011-08-12,90.93686948383474,91.55898638686506,90.07665375516176,90.72181701660156,313731600,4670,False,0.05220018428185336,0.0,4.0,2011-08-08,False,True,0.02994304522871971,0.03685897435897436,1,False,TN
2011-08-15,91.54360593788591,92.73407634013384,91.3976750018422,92.64191436767578,258810600,4671,False,0.0744696543286194,0.0,5.0,2011-08-08,False,True,0.029664983972907066,0.035256410256410256,1,False,TN
2011-08-16,91.75868333936008,92.69570271276184,90.86774496473532,91.85084533691406,294095200,4672,False,0.06529476115165811,0.0,6.0,2011-08-08,False,True,0.03606304153800011,0.07852564102564102,1,False,TN
2011-08-17,92.35775401064404,93.08739712462835,91.1826417370899,91.91228485107422,238201100,4673,False,0.06600734242755646,0.0,7.0,2011-08-08,False,True,0.022002343088388443,0.008012820512820512,1,False,TN
2011-08-18,89.47757123949509,91.94300404429866,87.08894204492337,87.94915771484375,512956300,4674,False,,0.0,,,False,True,0.4202685058116913,0.6610576923076923,1,True,FP
2011-08-19,86.75869166303396,89.00139016559594,86.40539032575971,86.5129165649414,428281300,4675,False,,0.0,,,False,True,0.404702752828598,0.6498397435897436,1,True,FP
2011-08-22,88.45606390122357,88.50215075394117,86.33625618788513,86.58203125,275090600,4676,False,,0.0,,,False,True,0.3514226973056793,0.592948717948718,1,True,FP
2011-08-23,86.90462489027017,89.53134741779596,86.4668378023492,89.43150329589844,331136600,4677,False,,0.0,,,False,True,0.03173301741480827,0.049679487179487176,1,False,TN
2011-08-24,89.23946092469079,90.81395513715144,89.0320847717044,90.69107055664062,246869700,4678,False,,0.0,,,False,True,0.024524010717868805,0.015224358974358974,1,False,TN
2011-08-25,91.19031430217424,91.70490490169044,88.99369721139287,89.30859375,312365400,4679,False,,0.0,,,False,True,0.030103774741292,0.04006410256410257,1,False,TN
2011-08-26,88.85546485654748,91.0213597350253,87.44225365073201,90.60661315917967,314495900,4680,False,,0.0,,,False,True,0.02704639360308647,0.023237179487179488,1,False,TN
2011-08-29,91.8277854734916,93.26403684982522,90.67571386908448,93.21027374267578,190977200,4681,False,,0.0,,,False,False,,,-1,False,TN
2011-08-30,92.80321524237738,94.03209052609166,91.59738045464842,93.4560546875,241315700,4682,False,0.049689201480288325,0.0,7.0,2011-09-09,False,False,,,-1,False,TN
2011-08-31,94.05514895456332,94.86160162624516,93.16421640140824,93.87081909179688,301828400,4683,False,0.05434779441794935,0.0,6.0,2011-09-09,False,False,,,-1,False,TN
2011-09-01,93.92457401600906,94.77710761404866,92.764820100342,92.88771057128906,254585900,4684,False,0.04330561634493946,0.0,5.0,2011-09-09,False,False,,,-1,False,TN
2011-09-02,90.95221417310002,92.8339346976383,90.19184853276266,90.5144271850586,255517200,4685,False,0.016649131102663306,0.0,4.0,2011-09-09,False,False,,,-1,False,TN
2011-09-06,87.85698174401661,89.98447729515716,87.8492996257817,89.8539047241211,285130500,4686,False,0.00923020787826978,0.0,3.0,2011-09-09,False,True,0.3950915038585663,0.6426282051282052,1,True,FP
2011-09-07,91.2133688091894,92.42688001868812,90.9061484820764,92.38848114013672,209803200,4687,False,0.037698320544854225,0.0,2.0,2011-09-09,False,False,,,-1,False,TN
2011-09-08,91.83545480893568,92.88768217067329,91.2210143615473,91.42839050292967,250568200,4688,False,0.026914677069977522,0.0,1.0,2011-09-09,False,False,,,-1,False,TN
2011-09-09,90.38388582611462,91.4437899208616,88.54056951633382,89.03211975097656,380195100,4689,True,0.0,1.0,0.0,2011-09-09,True,True,0.29986798763275146,0.5264423076923077,1,True,TP
2011-09-12,87.91843615375073,89.67726638994198,87.59585747106236,89.60813903808594,305793500,4690,True,0.006469791898929378,0.19127601263382776,1.0,2011-09-09,False,True,0.09566542506217957,0.2668269230769231,1,False,FN
2011-09-13,89.89997514465618,90.76786683493565,89.2624942216626,90.42992401123048,272514700,4691,False,0.01569999977719938,0.0,2.0,2011-09-09,False,True,0.04979550838470459,0.15144230769230768,1,False,TN
2011-09-14,90.89079046473957,92.78019355491324,89.64655655138219,91.681884765625,319389500,4692,False,0.02976189966115439,0.0,3.0,2011-09-09,False,False,,,-1,False,TN
2011-09-15,92.66496178126398,93.29476069896424,91.7049020982002,93.2640380859375,326777200,4693,False,0.04753248992383474,0.0,4.0,2011-09-09,False,False,,,-1,False,TN
2011-09-16,93.63849364142352,94.1634685261769,92.88963180243118,93.81605529785156,284528300,4694,False,0.053732692878207367,0.0,5.0,2011-09-09,False,False,,,-1,False,TN
2011-09-19,92.27970603582074,93.36053704541816,91.65437066093484,92.8818817138672,241517000,4695,False,0.04324014719247904,0.0,6.0,2011-09-09,False,False,,,-1,False,TN
2011-09-20,93.27563410504142,94.17889781457431,92.65029859691194,92.77381896972656,218932200,4696,False,0.042026397093718026,0.0,7.0,2011-09-09,False,False,,,-1,False,TN
2011-09-21,92.82012934568034,93.1057734750634,89.89416772730526,90.04084777832031,316251300,4697,False,,0.0,,,False,False,,,-1,False,TN
2011-09-22,87.4314361236619,88.17257606743978,85.92599653318445,87.1303482055664,513911300,4698,False,0.026653612442733454,0.0,7.0,2011-10-03,False,True,0.3150574266910553,0.5536858974358975,1,True,FP
2011-09-23,86.55133579935284,88.13398232112984,86.4818507975389,87.65532684326172,307242500,4699,False,0.032839415965216334,0.0,6.0,2011-10-03,False,True,0.3222837448120117,0.563301282051282,1,True,FP
2011-09-26,88.48138369936129,89.8633028773172,87.22299078739447,89.73977661132812,260673700,4700,False,0.05740040910266919,0.0,5.0,2011-10-03,False,True,0.050054751336574554,0.15144230769230768,1,False,TN
2011-09-27,91.50770784216296,92.3028890481392,90.20298961679032,90.743408203125,311753900,4701,False,0.06922616236201495,0.0,4.0,2011-10-03,False,True,0.017936140298843384,0.0,1,False,TN
2011-09-28,90.92866143667158,91.47679581467692,88.75928361962784,88.8905258178711,286696800,4702,False,0.047393718977714494,0.0,3.0,2011-10-03,False,True,0.11744202673435211,0.31330128205128205,1,False,TN
2011-09-29,90.36508456085558,90.812852384105,87.95637627658225,89.59306335449219,298108900,4703,False,0.055671692321135335,0.0,2.0,2011-10-03,False,True,0.027926115319132805,0.027243589743589744,1,False,TN
2011-09-30,88.35784175714312,89.12986311243509,87.2924544072602,87.35421752929688,288392300,4704,False,0.029291456255554404,0.0,1.0,2011-10-03,False,True,0.13788391649723053,0.3301282051282051,1,False,TN
2011-10-03,86.84467402656342,87.97182441306855,84.77565671556707,84.86830139160156,365136800,4705,True,0.0,1.0,0.0,2011-10-03,True,True,0.2901262938976288,0.5096153846153846,1,True,TP
2011-10-04,83.64852543671881,86.91417885972626,82.93826709504346,86.72888946533203,459177500,4706,False,0.0219232392215003,0.0,1.0,2011-10-03,False,True,0.13420380651950836,0.3293269230769231,1,False,TN
2011-10-05,86.94504379803857,88.56628740357394,86.1421409127137,88.33467864990234,284108000,4707,False,0.04084419272522166,0.0,2.0,2011-10-03,False,True,0.027231408283114433,0.02403846153846154,1,False,TN
2011-10-06,88.28836634053204,90.0640178877003,87.63214933920663,89.93276977539062,257800800,4708,False,0.05967444028861202,0.0,3.0,2011-10-03,False,False,,,-1,False,TN
2011-10-07,90.4577552048088,90.51951833669044,88.82878941428302,89.33060455322266,312657900,4709,False,0.052579150147368026,0.0,4.0,2011-10-03,False,False,,,-1,False,TN
2011-10-10,90.85150190178088,92.35694166208228,90.84378003658368,92.31834411621094,230666300,4710,False,0.08778357292946382,0.0,5.0,2011-10-03,False,False,,,-1,False,TN
2011-10-11,91.77019921694176,92.67346297202444,91.6775545151166,92.41097259521484,209088000,4711,False,0.08887501081009841,0.0,6.0,2011-10-03,False,False,,,-1,False,TN
2011-10-12,93.10579136159708,94.29470517380186,92.89734814902884,93.22159576416016,281544900,4712,False,0.09842655308976433,0.0,7.0,2011-10-03,False,False,,,-1,False,TN
2011-10-13,92.67344965839648,93.31422883467084,91.96319138327728,93.03630065917967,212538800,4713,False,,0.0,,,False,False,,,-1,False,TN
2011-10-14,94.11715490937624,94.64984580149336,93.59217999232156,94.6266860961914,211397600,4714,False,,0.0,,,False,False,,,-1,False,TN
2011-10-17,94.17891369242793,94.61124979530874,92.5885510752069,92.82015991210938,202311600,4715,False,,0.0,,,False,False,,,-1,False,TN
2011-10-18,92.75067997393175,95.34467317275131,92.02497774269722,94.63441467285156,318857900,4716,False,,0.0,,,False,False,,,-1,False,TN
2011-10-19,94.479980399933,95.02039893449162,93.19070602657972,93.51495361328124,226601300,4717,False,,0.0,,,False,False,,,-1,False,TN
2011-10-20,93.74656577401824,94.26381873667698,92.50361075684611,93.92413330078124,262075600,4718,False,,0.0,,,False,False,,,-1,False,TN
2011-10-21,95.02809129625072,95.82327811851825,94.74244720801184,95.7074737548828,278999400,4719,False,0.016147209581936384,0.0,7.0,2011-11-01,False,False,,,-1,False,TN
2011-10-24,95.86189814940931,97.12029683156612,95.77697532214512,96.88096618652344,203215600,4720,False,0.028606435733188995,0.0,6.0,2011-11-01,False,False,,,-1,False,TN
2011-10-25,96.4177547458318,96.46407414624906,94.78878907719,94.99723815917967,268596800,4721,False,0.008606482714901276,0.0,5.0,2011-11-01,False,False,,,-1,False,TN
2011-10-26,96.00084728674985,96.32509481849408,94.34872217922816,95.96224975585938,289053800,4722,False,0.01885222218235083,0.0,4.0,2011-11-01,False,False,,,-1,False,TN
2011-10-27,98.53310260946004,99.91502181087222,97.74564326561148,99.3051300048828,393220200,4723,False,0.05434431390458605,0.0,3.0,2011-11-01,False,False,,,-1,False,TN
2011-10-28,98.81876475006318,99.47498782177746,98.66436278616416,99.281982421875,225906500,4724,False,0.05409855094628058,0.0,2.0,2011-11-01,False,False,,,-1,False,TN
2011-10-31,98.17023777367132,99.29738234873282,96.74971542567845,96.88867950439452,228146700,4725,False,0.028688329718306482,0.0,1.0,2011-11-01,False,False,,,-1,False,TN
2011-11-01,94.20978232212632,95.35237672913688,93.81604970950056,94.1866226196289,416565800,4726,True,0.0,1.0,0.0,2011-11-01,True,False,,,-1,False,FN
2011-11-02,95.59942578720056,96.03947781593604,94.79652270335644,95.7229461669922,244717600,4727,False,0.016311483569887653,0.0,1.0,2011-11-01,False,False,,,-1,False,TN
2011-11-03,96.7111287560314,97.6607177734375,95.4218542907387,97.46771240234376,291174800,4728,False,0.0348360488088153,0.0,2.0,2011-11-01,False,False,,,-1,False,TN
2011-11-04,96.68023989448646,97.04308499500982,95.7383728695934,96.8732452392578,249401600,4729,False,0.028524460745118496,0.0,3.0,2011-11-01,False,False,,,-1,False,TN
2011-11-07,96.80374981362894,97.5757711094646,95.88504258676689,97.47541046142578,196617200,4730,False,0.03491778078802743,0.0,4.0,2011-11-01,False,False,,,-1,False,TN
2011-11-08,97.98497239449776,98.83420080012132,97.05082703836877,98.72611236572266,224426300,4731,False,0.04819675681998281,0.0,5.0,2011-11-01,False,False,,,-1,False,TN
2011-11-09,96.41777791805906,97.12032040686265,94.8505750000294,95.08218383789062,337982000,4732,False,0.009508369589579901,0.0,6.0,2011-11-01,False,False,,,-1,False,TN
2011-11-10,96.34055793490631,96.45636233099766,94.97407666312972,95.97770690917967,231866500,4733,False,0.01901633416439652,0.0,7.0,2011-11-01,False,False,,,-1,False,TN
2011-11-11,97.14346149873796,98.039003327419,97.11257993360324,97.78424072265624,189924400,4734,False,,0.0,,,False,False,,,-1,False,TN
2011-11-14,97.4214045751012,98.39414752016822,96.4409338749998,96.85782623291016,159258300,4735,False,,0.0,,,False,False,,,-1,False,TN
2011-11-15,96.63393674387548,97.8537322158804,96.28652939972356,97.33647918701172,184709400,4736,False,0.08372025937416305,0.0,7.0,2011-11-25,False,False,,,-1,False,TN
2011-11-16,96.35597642453364,97.5371680693639,95.65344010540964,95.79240417480467,235782500,4737,False,0.06652891049141574,0.0,6.0,2011-11-25,False,False,,,-1,False,TN
2011-11-17,95.6148534267604,95.85418407654824,93.5921610392344,94.27153778076172,331219600,4738,False,0.04959596061700111,0.0,5.0,2011-11-25,False,True,0.3198918104171753,0.5608974358974359,1,True,FP
2011-11-18,94.5726139707232,94.76561930535732,93.77743293443946,94.1711654663086,215580400,4739,False,0.04847844011942759,0.0,4.0,2011-11-25,False,True,0.20393919944763184,0.40705128205128205,1,False,TN
2011-11-21,92.7969598749694,92.91276425044008,91.60033036858626,92.38007354736328,229611600,4740,False,0.028536866156873675,0.0,3.0,2011-11-25,False,True,0.22963181138038635,0.4358974358974359,1,False,TN
2011-11-22,92.17935859340616,92.71977123060634,91.49997597514763,92.0172348022461,216494900,4741,False,0.024497109405307693,0.0,2.0,2011-11-25,False,True,0.18265029788017273,0.38782051282051283,1,False,TN
2011-11-23,91.1525704200806,92.01723654604298,89.98681640625,89.98681640625,224329100,4742,True,0.0018909337029859863,0.7636332871267517,1.0,2011-11-25,False,True,0.27142778038978577,0.4831730769230769,1,False,FN
2011-11-25,89.84786002138695,90.86692816546493,89.70889591582828,89.81697845458984,99557000,4743,True,0.0,1.0,0.0,2011-11-25,True,True,0.28441810607910156,0.5,1,True,TP
2011-11-28,92.28744368184616,92.78153693244212,91.73158730241168,92.41868591308594,210686000,4744,False,0.02896676667665332,0.0,1.0,2011-11-25,False,True,0.04924360662698746,0.15144230769230768,1,False,TN
2011-11-29,92.6811752319336,93.41459323602874,92.34148391716646,92.6811752319336,199241500,4745,False,0.0318892577620149,0.0,2.0,2011-11-25,False,True,0.04658157005906105,0.1346153846153846,1,False,TN
2011-11-30,95.33691728637552,96.67251684745963,92.64256435558288,96.49494934082033,324439500,4746,False,0.07435087442411303,0.0,3.0,2011-11-25,False,False,,,-1,False,TN
2011-12-01,96.38683989920573,96.9967373176742,96.06259242813762,96.47948455810548,176954800,4747,False,0.07417869336234806,0.0,4.0,2011-11-25,False,False,,,-1,False,TN
2011-12-02,97.36738713476518,97.66075328508188,96.33287490670142,96.39463806152344,221109700,4748,False,0.07323403347685709,0.0,5.0,2011-11-25,False,False,,,-1,False,TN
2011-12-05,97.92320676267134,98.18569714228236,96.84238134679292,97.4445571899414,225263900,4749,False,0.08492357309935517,0.0,6.0,2011-11-25,False,False,,,-1,False,TN
2011-12-06,97.43680704061198,98.13162738487507,97.08939981350797,97.47541046142578,178842100,4750,False,0.08526708578498798,0.0,7.0,2011-11-25,False,False,,,-1,False,TN
2011-12-07,97.1511752233794,98.2474501450848,96.47952033993184,97.8382797241211,237802500,4751,False,,0.0,,,False,False,,,-1,False,TN
2011-12-08,97.19746908685008,97.41363407783676,95.46042140778027,95.69202423095705,240862800,4752,False,0.023932212134645248,0.0,7.0,2011-12-19,False,False,,,-1,False,TN
2011-12-09,96.12439494440356,97.56035535078637,96.0394721114412,97.31330871582033,209111400,4753,False,0.041280422943509976,0.0,6.0,2011-12-19,False,False,,,-1,False,TN
2011-12-12,96.46409369523565,96.4795374252085,95.0821802555828,95.8927993774414,215826100,4754,False,0.026080564011758955,0.0,5.0,2011-12-19,False,False,,,-1,False,TN
2011-12-13,96.39459504562316,96.9427295474328,94.53402059478304,94.99723815917967,245159800,4755,False,0.016497801114994104,0.0,4.0,2011-12-19,False,False,,,-1,False,TN
2011-12-14,94.61895062699436,94.98180166470816,93.77745004170616,93.98589324951172,238618800,4756,True,0.005676119382271194,0.29048507721610073,3.0,2011-12-19,False,True,0.6657136678695679,0.8814102564102564,1,True,TP
2011-12-15,94.98179380739616,95.11303603441893,94.17889082846236,94.32557678222656,199109200,4757,False,0.00931083098831853,0.0,2.0,2011-12-19,False,True,0.5485532879829407,0.7700320512820513,1,True,FP
2011-12-16,94.9626487129472,95.52202445220291,94.2401150480708,94.46541595458984,220481400,4758,False,0.010807150396876963,0.0,1.0,2011-12-19,False,True,0.2930584251880646,0.5128205128205128,1,True,FP
2011-12-19,94.83057077208488,95.03257102994051,93.25342881929278,93.45542907714844,183903000,4759,True,0.0,1.0,0.0,2011-12-19,True,True,0.6431220173835754,0.8557692307692307,1,True,TP
2011-12-20,94.92381821068918,96.44657640616218,93.51759887213458,96.2834243774414,225418100,4760,False,0.03026036398547194,0.0,1.0,2011-12-19,False,False,,,-1,False,TN
2011-12-21,96.2834053138973,96.61748014296522,95.36664224301867,96.46986389160156,194230900,4761,False,0.032255320469019244,0.0,2.0,2011-12-19,False,False,,,-1,False,TN
2011-12-22,96.82725888357874,97.42548888176636,96.5164965196192,97.3244857788086,119465400,4762,False,0.04140002073572635,0.0,3.0,2011-12-19,False,False,,,-1,False,TN
2011-12-23,97.63526693001133,98.22572616864748,97.43327255231478,98.19464874267578,92187200,4763,False,0.05071101499748143,0.0,4.0,2011-12-19,False,False,,,-1,False,TN
2011-12-27,98.02372538803296,98.5287231846505,97.93826394887864,98.2723388671875,86075700,4764,False,0.05154232169928452,0.0,5.0,2011-12-19,False,False,,,-1,False,TN
2011-12-28,98.28787290278088,98.30340865077711,96.90496016202982,96.98265075683594,119107100,4765,False,0.03774228757513631,0.0,6.0,2011-12-19,False,False,,,-1,False,TN
2011-12-29,97.30117190596138,98.0858604492305,97.00594531134874,97.98486328125,123507200,4766,False,0.04846625015613015,0.0,7.0,2011-12-19,False,False,,,-1,False,TN
2011-12-30,97.90717609533787,98.148024637945,97.50318145751952,97.50318145751952,95599000,4767,False,,0.0,,,False,False,,,-1,False,TN
2012-01-03,99.25899945283535,99.74069052402147,99.00261520878092,99.05699920654295,193697900,4768,False,,0.0,,,False,False,,,-1,False,TN
2012-01-04,98.82393583774888,99.29785614140188,98.44324779834982,99.21239471435548,127186500,4769,False,,0.0,,,False,False,,,-1,False,TN
2012-01-05,98.67631366832136,99.62414823461152,98.22570000288762,99.47653198242188,173895000,4770,False,,0.0,,,False,False,,,-1,False,TN
2012-01-06,99.60083414427038,99.61637581565094,98.8938422091382,99.22014617919922,148050000,4771,False,,0.0,,,False,False,,,-1,False,TN
2012-01-09,99.44547211957588,99.58531162442848,98.98709349168249,99.46101379394533,99530200,4772,False,,0.0,,,False,False,,,-1,False,TN
2012-01-10,100.5253967712843,100.72739113778346,100.18355103195869,100.32340240478516,115282000,4773,False,,0.0,,,False,False,,,-1,False,TN
2012-01-11,100.01260958299532,100.50983642378336,99.84946350896806,100.37776184082033,111540700,4774,False,,0.0,,,False,False,,,-1,False,TN
2012-01-12,100.66523158720646,100.76622282643292,99.86499545368105,100.6186065673828,118983700,4775,False,,0.0,,,False,False,,,-1,False,TN
2012-01-13,99.94270231173226,100.2612414453092,99.22793937980988,100.09808349609376,179836200,4776,False,,0.0,,,False,False,,,-1,False,TN
2012-01-17,101.06143447466908,101.24789895098776,100.14466561796156,100.48651123046876,132209200,4777,False,,0.0,,,False,False,,,-1,False,TN
2012-01-18,100.46321399705896,101.65189698895286,100.28452626656312,101.59751892089844,163395200,4778,False,,0.0,,,False,False,,,-1,False,TN
2012-01-19,101.94715667241064,102.21908264969662,101.6208526125625,102.13362121582033,126328900,4779,False,,0.0,,,False,False,,,-1,False,TN
2012-01-20,101.96271527181696,102.51432037353516,101.71409583933826,102.51432037353516,138230200,4780,True,0.00479787134840004,0.400266081449995,7.0,2012-01-31,False,False,,,-1,False,FN
2012-01-23,102.17246368921164,102.74738717440874,101.76069817103864,102.25016021728516,129295800,4781,True,0.00220869588756778,0.7239130140540275,6.0,2012-01-31,False,False,,,-1,False,FN
2012-01-24,101.6208526125625,102.1646927123094,101.46547142046695,102.13362121582033,103083300,4782,True,0.0010664345900801564,0.8666956762399805,5.0,2012-01-31,False,False,,,-1,False,FN
2012-01-25,101.9782171635876,103.22905518542974,101.58199338828,102.98821258544922,198613200,4783,False,0.009442743245758445,0.0,4.0,2012-01-31,False,False,,,-1,False,TN
2012-01-26,103.44658445082672,103.64081387101592,102.05590701839434,102.45990753173828,184880500,4784,True,0.004264541883674422,0.46693226454069725,3.0,2012-01-31,False,False,,,-1,False,FN
2012-01-27,101.96272383940855,102.59202553036124,101.8927922088809,102.41333770751952,135259100,4785,True,0.0038080860434213104,0.5239892445723362,2.0,2012-01-31,False,False,,,-1,False,FN
2012-01-30,101.39554038637849,102.11808012324464,101.045929738461,102.06369018554688,147311800,4786,True,0.00038100303179700035,0.952374621025375,1.0,2012-01-31,False,False,,,-1,False,FN
2012-01-31,102.5686583347876,102.69295613320172,101.5275798074696,102.02481842041016,157212000,4787,True,0.0,1.0,0.0,2012-01-31,True,False,,,-1,False,FN
2012-02-01,102.77845307141396,103.43883795957127,102.6541552300265,102.91830444335938,166234500,4788,False,0.00875753602684659,0.0,1.0,2012-01-31,False,False,,,-1,False,TN
2012-02-02,103.120292045993,103.3456048374555,102.71630334203326,103.0814437866211,113090400,4789,False,0.010356552283748544,0.0,2.0,2012-01-31,False,False,,,-1,False,TN
2012-02-03,104.10697416519255,104.58865935659244,103.9282864094835,104.52650451660156,160598500,4790,False,0.024520368033224882,0.0,3.0,2012-01-31,False,False,,,-1,False,TN
2012-02-06,104.09146686642649,104.503232444376,103.97493391222471,104.45661926269533,107694500,4791,False,0.023835385153684108,0.0,4.0,2012-01-31,False,False,,,-1,False,TN
2012-02-07,104.2390104810664,104.8993950405248,103.8272451902857,104.72069549560548,135528100,4792,False,0.026423738036822852,0.0,5.0,2012-01-31,False,False,,,-1,False,TN
2012-02-08,104.77512512695084,105.05481598283583,104.34781800617876,105.03150939941406,139361400,4793,False,0.02947019191560174,0.0,6.0,2012-01-31,False,False,,,-1,False,TN
2012-02-09,105.20241484023823,105.34225431763014,104.54203013969632,105.16356658935548,148602900,4794,False,0.0307645553066469,0.0,7.0,2012-01-31,False,False,,,-1,False,TN
2012-02-10,104.23126893511076,104.47211149635866,103.98264961071168,104.38665008544922,167907500,4795,False,,0.0,,,False,False,,,-1,False,TN
2012-02-13,105.1324951015423,105.28787625025166,104.68188147190996,105.16356658935548,115841900,4796,False,,0.0,,,False,False,,,-1,False,TN
2012-02-14,104.883893134527,105.09366424014672,104.3012048393352,105.03150939941406,165329500,4797,False,,0.0,,,False,False,,,-1,False,TN
2012-02-15,105.37334554665296,105.5287267069914,104.33226687725784,104.5420379638672,195195100,4798,False,,0.0,,,False,False,,,-1,False,TN
2012-02-16,104.5498112223518,105.79287231820676,104.36334672330356,105.69964599609376,186567800,4799,False,,0.0,,,False,False,,,-1,False,TN
2012-02-17,106.06480865094424,106.15027007288458,105.62973663191104,105.9793472290039,129869400,4800,False,,0.0,,,False,False,,,-1,False,TN
2012-02-21,106.22798010204772,106.4765995179172,105.6996816255644,106.02598571777344,134042300,4801,False,,0.0,,,False,False,,,-1,False,TN
2012-02-22,105.86279265609744,106.08810540890268,105.49764041933504,105.6841049194336,124455300,4802,False,,0.0,,,False,False,,,-1,False,TN
2012-02-23,105.62971234521294,106.22793030642784,105.27232506613667,106.1502456665039,137704300,4803,False,,0.0,,,False,False,,,-1,False,TN
2012-02-24,106.38335418701172,106.5931253232538,106.15028831877102,106.38335418701172,105539100,4804,False,0.01617824609056928,0.0,7.0,2012-03-06,False,False,,,-1,False,TN
2012-02-27,105.67633377091276,106.84947506252016,105.50541095295384,106.56201934814452,145728900,4805,False,0.017884863178034616,0.0,6.0,2012-03-06,False,False,,,-1,False,TN
2012-02-28,106.5931118729531,106.99711241830116,106.3833407631807,106.872802734375,129355900,4806,False,0.020853479074264047,0.0,5.0,2012-03-06,False,False,,,-1,False,TN
2012-02-29,107.02818915828884,107.36226996836372,106.08034851783152,106.45327758789062,185934700,4807,False,0.016846157338610057,0.0,4.0,2012-03-06,False,False,,,-1,False,TN
2012-03-01,106.67857116045792,107.20688137914232,106.38333863075712,107.00487518310548,145023500,4808,False,0.02211504062525549,0.0,3.0,2012-03-06,False,False,,,-1,False,TN
2012-03-02,106.9349349434897,107.074786272013,106.43770816784736,106.67855072021484,120638300,4809,False,0.018997975715140614,0.0,2.0,2012-03-06,False,False,,,-1,False,TN
2012-03-05,106.51541805482373,106.5931027094813,105.87833987058768,106.24349212646484,140765000,4810,False,0.014842277841896845,0.0,1.0,2012-03-06,False,False,,,-1,False,TN
2012-03-06,105.1558144763233,105.21795745951113,104.38666169261316,104.68965911865234,202129900,4811,True,0.0,1.0,0.0,2012-03-06,True,False,,,-1,False,FN
2012-03-07,104.93049809873024,105.59088285692008,104.82949500858234,105.41996002197266,143692200,4812,True,0.006975864755587757,0.12801690555153034,1.0,2012-03-06,False,True,0.3844432234764099,0.6330128205128205,1,True,TP
2012-03-08,106.06478430883956,106.68632070259588,105.84724834924792,106.4687728881836,116968900,4813,False,0.016994169094722622,0.0,2.0,2012-03-06,False,False,,,-1,False,TN
2012-03-09,106.67079836794233,107.16024843833137,106.53872378673746,106.8805694580078,122836800,4814,False,0.020927667143058937,0.0,3.0,2012-03-06,False,False,,,-1,False,TN
2012-03-12,106.8650067163584,107.02815275604884,106.50761944281186,106.88831329345705,104003500,4815,False,0.02100163658296772,0.0,4.0,2012-03-06,False,False,,,-1,False,TN
2012-03-13,107.46329488653627,108.86951445770178,107.28459522530083,108.81512451171876,184090500,4816,True,0.0017882081373410408,0.7764739828323699,7.0,2012-03-22,False,False,,,-1,False,FN
2012-03-14,108.84620180704304,109.11811595733634,108.3645046509691,108.6985855102539,145163600,4817,True,0.0007153113504332342,0.9105860811958457,6.0,2012-03-22,False,False,,,-1,False,FN
2012-03-15,108.86169501973689,109.3744635030384,108.58200419746532,109.32785034179688,165118500,4818,True,0.006508532567281566,0.1864334290898042,5.0,2012-03-22,False,False,,,-1,False,FN
2012-03-16,109.5260502260127,109.61968510186624,109.2451336916774,109.47923278808594,152893500,4819,True,0.007902209689757633,0.012223788780295841,4.0,2012-03-22,False,False,,,-1,False,FN
2012-03-19,109.4090260689342,110.24396497610545,109.330989054009,109.90843200683594,125291100,4820,False,0.011853560370234106,0.0,3.0,2012-03-22,False,False,,,-1,False,TN
2012-03-20,109.28414522508712,109.7211238269115,108.96421021061792,109.58847045898438,121729700,4821,False,0.008907888000392106,0.0,2.0,2012-03-22,False,False,,,-1,False,TN
2012-03-21,109.65090988614332,109.75234370422298,109.18271167103252,109.40901184082033,122388400,4822,True,0.0072557323066677615,0.09303346166652982,1.0,2012-03-22,False,False,,,-1,False,FN
2012-03-22,108.60527797271789,108.89400538937564,108.26194608029648,108.62088775634766,135216700,4823,True,0.0,1.0,0.0,2012-03-22,True,False,,,-1,False,FN
2012-03-23,108.71455753078207,109.09690800970874,108.11370575518178,108.97205352783205,120521000,4824,True,0.0032329488253870498,0.5958813968266188,1.0,2012-03-22,False,False,,,-1,False,FN
2012-03-26,109.75231972700615,110.50143432617188,109.7133131399146,110.50143432617188,120164000,4825,False,0.017312936845467197,0.0,2.0,2012-03-22,False,False,,,-1,False,TN
2012-03-27,110.6029470158822,110.6731732033069,110.08793116120812,110.1581573486328,119868500,4826,False,0.01415261487950148,0.0,3.0,2012-03-22,False,False,,,-1,False,TN
2012-03-28,110.10352263212494,110.27519455512268,108.96424640739257,109.6119155883789,148562100,4827,False,0.009123731655133138,0.0,4.0,2012-03-22,False,False,,,-1,False,TN
2012-03-29,108.9642189669502,109.62749776666055,108.53503926753616,109.4246063232422,164963700,4828,True,0.007399300295698241,0.07508746303771985,5.0,2012-03-22,False,False,,,-1,False,FN
2012-03-30,109.96307901960688,110.06452478590974,109.28420204642336,109.8772430419922,135486800,4829,False,0.011566424392173369,0.0,6.0,2012-03-22,False,False,,,-1,False,TN
2012-04-02,109.74453142292552,110.96964318966825,109.52604212424605,110.68091583251952,151741100,4830,False,0.01896530325541801,0.0,7.0,2012-03-22,False,False,,,-1,False,TN
2012-04-03,110.52486647704256,110.71214814323872,109.58067111511949,110.22834014892578,155806700,4831,False,0.03944051788391634,0.0,4.0,2012-04-10,False,False,,,-1,False,TN
2012-04-04,109.41681132450364,109.51044620528288,108.73012378072175,109.13589477539062,146896000,4832,False,0.029138884172539514,0.0,3.0,2012-04-10,False,False,,,-1,False,TN
2012-04-05,108.7613451602878,109.40120336758145,108.66769837117069,109.08126831054688,137439400,4833,False,0.028623762917600715,0.0,2.0,2012-04-10,False,False,,,-1,False,TN
2012-04-09,107.70792272061549,109.12030465852474,107.559659528145,107.85618591308594,127555900,4834,False,0.0170713773881912,0.0,1.0,2012-04-10,False,False,,,-1,False,TN
2012-04-10,107.645501126145,107.9498264662416,105.93659271376492,106.04583740234376,235360300,4835,True,0.0,1.0,0.0,2012-04-10,True,True,0.39337149262428284,0.6402243589743589,1,True,TP
2012-04-11,107.130432492241,107.32551304750946,106.70906373184091,106.90414428710938,154133000,4836,False,0.008093734801764452,0.0,1.0,2012-04-10,False,True,0.3207024931907654,0.5625,1,True,FP
2012-04-12,107.00562286088662,108.38678504363968,106.9275858520954,108.30094909667967,154321500,4837,False,0.014620673250149707,0.0,7.0,2012-04-23,False,True,0.03350216895341873,0.060897435897435896,1,False,TN
2012-04-13,108.05128890716702,108.32440662419484,106.91201248732338,107.01345825195312,169246700,4838,True,0.002558776853344158,0.6801528933319803,6.0,2012-04-23,False,True,0.10676363110542297,0.296474358974359,1,False,FN
2012-04-16,107.55964100970472,107.71570311451816,106.57643903328233,106.94319152832033,147825300,4839,True,0.0019004809562717107,0.7624398804660362,5.0,2012-04-23,False,True,0.16340582072734833,0.36378205128205127,1,False,FN
2012-04-17,107.5596404720242,108.74573389487276,107.45039580852338,108.5272445678711,147877600,4840,False,0.01674072912453295,0.0,4.0,2012-04-23,False,False,,,-1,False,TN
2012-04-18,108.0434407210318,108.52723678085437,107.98101350254268,108.16048431396484,123884200,4841,False,0.013304724741897589,0.0,3.0,2012-04-23,False,False,,,-1,False,TN
2012-04-19,108.17610734956028,108.5818664592935,106.95880620680882,107.46601104736328,198666700,4842,True,0.006798531221058779,0.15018359736765263,2.0,2012-04-23,False,True,0.25734150409698486,0.46634615384615385,1,False,FN
2012-04-20,107.9420342313946,108.3321955586648,107.58308057132332,107.6455078125,143199600,4843,False,0.00848015202132224,0.0,1.0,2012-04-23,False,True,0.12811575829982758,0.32532051282051283,1,False,TN
2012-04-23,106.54525288822748,106.8339803748114,106.07706642693148,106.7403335571289,171844900,4844,True,0.0,1.0,0.0,2012-04-23,True,True,0.3889792859554291,0.6394230769230769,1,True,TP
2012-04-24,106.83393295990216,107.4191747068652,106.74809702740998,107.14605712890624,137484200,4845,True,0.003801033388753483,0.5248708264058146,1.0,2012-04-23,False,True,0.19236667454242706,0.4014423076923077,1,False,FN
2012-04-25,108.19169449839156,108.65989269461508,108.09805962185676,108.61307525634766,150252200,4846,False,0.01754483649066385,0.0,2.0,2012-04-23,False,False,,,-1,False,TN
2012-04-26,108.378974732661,109.49484192604692,108.31654751353402,109.36998748779295,136291600,4847,False,0.024635991316783956,0.0,3.0,2012-04-23,False,False,,,-1,False,TN
2012-04-27,109.69771688625212,109.86157791120344,109.08906640859912,109.54945373535156,130725000,4848,False,0.02631732621220606,0.0,4.0,2012-04-23,False,False,,,-1,False,TN
2012-04-30,109.33098896699602,109.40902598185912,108.8471928138197,109.14370727539062,115092200,4849,False,0.022516078394821504,0.0,5.0,2012-04-23,False,False,,,-1,False,TN
2012-05-01,109.08125504977848,110.5404659272703,108.95641252409165,109.82257080078124,138832200,4850,False,0.028876031589339934,0.0,6.0,2012-04-23,False,False,,,-1,False,TN
2012-05-02,109.18274447016972,109.60412537170976,108.8238027166284,109.49488067626952,121081000,4851,False,0.025806056879767336,0.0,7.0,2012-04-23,False,False,,,-1,False,TN
2012-05-03,109.51044542970774,109.59628137207255,108.45701730807598,108.65989685058594,143759700,4852,False,,0.0,,,False,False,,,-1,False,TN
2012-05-04,108.09023739703774,108.69888777693352,106.8417170806108,106.90414428710938,193927300,4853,False,,0.0,,,False,False,,,-1,False,TN
2012-05-07,106.52180897626384,107.34114989637676,106.48280238079076,106.98220825195312,127765900,4854,False,,0.0,,,False,True,0.46517470479011536,0.6955128205128205,1,True,FP
2012-05-08,106.34238721383387,106.72474966142494,105.28114775967688,106.5530776977539,213377700,4855,False,,0.0,,,False,True,0.4466484487056732,0.6834935897435898,1,True,FP
2012-05-09,105.4215688346148,106.599851459712,104.94557165898136,105.92097473144533,220752500,4856,False,0.04624637225394013,0.0,7.0,2012-05-18,False,True,0.5883205533027649,0.8076923076923077,1,True,FP
2012-05-10,106.65447677769352,106.7871420846284,105.89757488426824,106.13947296142578,150600000,4857,False,0.048404613159866106,0.0,6.0,2012-05-18,False,True,0.6104508638381958,0.8261217948717948,1,True,FP
2012-05-11,105.47619810260991,106.80274406188788,105.42938065449545,105.81954193115234,153032400,4858,False,0.04524445833081825,0.0,5.0,2012-05-18,False,True,0.67524254322052,0.8942307692307693,1,True,FP
2012-05-14,104.8050946840403,105.81951613743642,104.49297050150658,104.64903259277344,163910000,4859,False,0.03368262034666758,0.0,4.0,2012-05-18,False,True,0.6464196443557739,0.8597756410256411,1,True,FP
2012-05-15,104.57882802260517,105.1952775777144,103.88434145236862,104.04820251464844,207629300,4860,False,0.02774785349644593,0.0,3.0,2012-05-18,False,True,0.5971789360046387,0.8165064102564102,1,True,FP
2012-05-16,104.51639647946648,104.99239367583884,103.6268293148924,103.65023803710938,207265500,4861,False,0.023816914492468255,0.0,2.0,2012-05-18,False,True,0.23835384845733643,0.4463141025641026,1,False,TN
2012-05-17,103.67365164934732,103.7985061115778,102.0583782995297,102.11300659179688,247992900,4862,False,0.00863273754309013,0.0,1.0,2012-05-18,False,True,0.2693227231502533,0.4807692307692308,1,False,TN
2012-05-18,102.51095402693214,102.69043675907456,101.0907733929737,101.2390365600586,319615900,4863,True,0.0,1.0,0.0,2012-05-18,True,True,0.23531022667884827,0.44310897435897434,1,False,FN
2012-05-21,101.56678978934168,103.01819026325408,101.40291680869034,102.97917175292967,177861100,4864,False,0.01718838159664604,0.0,1.0,2012-05-18,False,True,0.06175150349736214,0.1858974358974359,1,False,TN
2012-05-22,103.24448159239626,103.96237695760966,102.48756771571708,103.1586456298828,197531200,4865,False,0.01896115505490248,0.0,2.0,2012-05-18,False,True,0.04261431097984314,0.11698717948717949,1,False,TN
2012-05-23,102.4173700029544,103.36156585301302,101.43416753736729,103.21330261230467,204958400,4866,False,0.019501035562254465,0.0,3.0,2012-05-18,False,True,0.06461026519536972,0.19310897435897437,1,False,TN
2012-05-24,103.49418997660798,103.65805105438236,102.54999439410318,103.41615295410156,167357600,4867,False,0.021504712688088734,0.0,4.0,2012-05-18,False,True,0.05673327296972275,0.16506410256410256,1,False,TN
2012-05-25,103.37713430222132,103.66586175967996,102.8309108657532,103.08061981201172,135465600,4868,False,0.018190446240177627,0.0,5.0,2012-05-18,False,True,0.05673327296972275,0.16506410256410256,1,False,TN
2012-05-29,103.9077479064231,104.50858766403044,102.35490183080432,104.32911682128906,152883500,4869,False,0.03052261623802921,0.0,6.0,2012-05-18,False,True,0.061951275914907455,0.18669871794871795,1,False,TN
2012-05-30,103.43954508859494,104.3213132930214,102.60460623422804,102.8152847290039,162370400,4870,False,0.015569569036843145,0.0,7.0,2012-05-18,False,True,0.27984464168548584,0.4951923076923077,1,False,TN
2012-05-31,102.7762632812689,103.35369420737092,101.7072135513928,102.58898162841795,196186000,4871,False,0.02630723906642629,0.0,2.0,2012-06-04,False,True,0.31992316246032715,0.5608974358974359,1,True,FP
2012-06-01,100.9815602654855,102.61243179919168,100.00615692138672,100.00615692138672,253240900,4872,True,0.0004684827790599755,0.9414396526175031,1.0,2012-06-04,False,True,0.25930556654930115,0.4671474358974359,1,False,FN
2012-06-04,100.18561600796112,100.45873367486632,99.21021277869646,99.9593276977539,202545800,4873,True,0.0,1.0,0.0,2012-06-04,True,True,0.3043079078197479,0.5384615384615384,1,True,TP
2012-06-05,99.7642394868848,100.86449121595926,99.70961714506392,100.71623992919922,164149400,4874,True,0.0075722021033792775,0.05347473707759032,1.0,2012-06-04,False,True,0.052790649235248566,0.15544871794871795,1,False,FN
2012-06-06,101.41852659417562,103.02598920260787,101.38730702320504,102.97917175292967,184202800,4875,False,0.0302107279503403,0.0,2.0,2012-06-04,False,True,0.031520064920186996,0.04887820512820513,1,False,TN
2012-06-07,104.1496674778105,104.19648493281814,102.83092026346009,103.04161071777344,184772700,4876,False,0.030835371655753896,0.0,3.0,2012-06-04,False,True,0.04168820381164551,0.11137820512820513,1,False,TN
2012-06-08,102.77628357808268,103.88434011936684,102.44853764417492,103.86093139648438,143915400,4877,False,0.039031912164592786,0.0,4.0,2012-06-04,False,False,,,-1,False,TN
2012-06-11,104.69583758452268,104.75826479496372,102.44070669947186,102.54215240478516,169756100,4878,False,0.025838756287366316,0.0,5.0,2012-06-04,False,False,,,-1,False,TN
2012-06-12,102.83870593172132,103.7907004166124,102.34711081080556,103.72047424316406,181931800,4879,False,0.0376267691273664,0.0,6.0,2012-06-04,False,False,,,-1,False,TN
2012-06-13,103.4161162825985,104.06378523804808,102.70602011263614,103.0571746826172,172223900,4880,False,0.03099107463217665,0.0,7.0,2012-06-04,False,False,,,-1,False,TN
2012-06-14,103.2678671620033,104.56320524883132,102.98695061192946,104.1496353149414,230615500,4881,False,0.011133271949284707,0.0,7.0,2012-06-25,False,False,,,-1,False,TN
2012-06-15,104.61870720253098,105.3089409215795,104.39908575076944,105.2148208618164,169444500,4882,False,0.021474590418503636,0.0,6.0,2012-06-25,False,False,,,-1,False,TN
2012-06-18,104.7755581220526,105.67757377326882,104.54024604872292,105.41873168945312,131360900,4883,False,0.023454251909498902,0.0,5.0,2012-06-25,False,False,,,-1,False,TN
2012-06-19,105.95213544144652,106.86984200631152,105.39523044816646,106.43843841552734,137382600,4884,False,0.03335404075893922,0.0,4.0,2012-06-25,False,False,,,-1,False,TN
2012-06-20,106.44625895454004,106.75216105437678,105.31677059561392,106.2658462524414,206451800,4885,False,0.03167843548153071,0.0,3.0,2012-06-25,False,False,,,-1,False,TN
2012-06-21,106.39136904940004,106.50117977483352,103.79512035142314,103.88140106201172,205272200,4886,False,0.008529128622296378,0.0,2.0,2012-06-25,False,False,,,-1,False,TN
2012-06-22,104.42261538764838,104.87754895564208,104.02258119816057,104.68145751953124,130029200,4887,False,0.016296450141854546,0.0,1.0,2012-06-25,False,False,,,-1,False,TN
2012-06-25,103.5754597070823,103.6146803731397,102.63422356403908,103.00287628173828,146375700,4888,True,0.0,1.0,0.0,2012-06-25,True,False,,,-1,False,FN
2012-06-26,103.30095504968294,103.8343299221978,102.69699014018632,103.52057647705078,141634000,4889,True,0.005026075134993979,0.3717406081257526,1.0,2012-06-25,False,True,0.46700888872146606,0.6971153846153846,1,True,TP
2012-06-27,103.86571279990036,104.6579179111152,103.51275060058568,104.45398712158205,108088000,4890,False,0.01408806134572993,0.0,2.0,2012-06-25,False,False,,,-1,False,TN
2012-06-28,103.76373906382278,104.31280465969726,102.9715339706035,104.15592193603516,169242100,4891,False,0.011194305401171611,0.0,3.0,2012-06-25,False,False,,,-1,False,TN
2012-06-29,106.04626839654452,106.88554566319868,105.77174750975476,106.75220489501952,212250900,4892,False,0.03640023219376798,0.0,4.0,2012-06-25,False,False,,,-1,False,TN
2012-07-02,107.0502080888635,107.18354879761216,106.2972238549337,107.07373809814452,129524500,4893,False,0.02246999788065618,0.0,7.0,2012-07-12,False,False,,,-1,False,TN
2012-07-03,107.05020454635417,107.85810008751716,106.9403938505204,107.77967071533205,80450000,4894,False,0.029211099241458705,0.0,6.0,2012-07-12,False,False,,,-1,False,TN
2012-07-05,107.37968435116105,108.08562082534009,106.90122068488,107.29340362548828,126177500,4895,False,0.02456763092557468,0.0,5.0,2012-07-12,False,False,,,-1,False,TN
2012-07-06,106.25803674969204,106.49334888530475,105.77173377963884,106.2737274169922,151192100,4896,False,0.01483052499037063,0.0,4.0,2012-07-12,False,False,,,-1,False,TN
2012-07-09,106.18740272634244,106.3364340827976,105.65402797526428,106.14034271240234,103780500,4897,False,0.013556805952988249,0.0,3.0,2012-07-12,False,False,,,-1,False,TN
2012-07-10,106.68158097932492,106.85414240120492,104.85400735193872,105.2148208618164,167884800,4898,True,0.004718800094448916,0.4101499881938855,2.0,2012-07-12,False,False,,,-1,False,FN
2012-07-11,105.26976573749558,105.57566799762724,104.61874052368198,105.23054504394533,141733400,4899,True,0.004868953668552223,0.39138079143097215,1.0,2012-07-12,False,True,0.7033182978630066,0.9110576923076923,1,True,TP
2012-07-12,104.6187055710312,105.28540926474186,104.006901255169,104.72066497802734,143583200,4900,True,0.0,1.0,0.0,2012-07-12,True,True,0.5412266254425049,0.7660256410256411,1,True,TP
2012-07-13,104.9952101968846,106.58747186997483,104.97951952915494,106.4776611328125,129642600,4901,False,0.01358924109064863,0.0,7.0,2012-07-24,False,False,,,-1,False,TN
2012-07-16,106.23448248064469,106.54038459656492,105.810918339543,106.22663116455078,97525200,4902,False,0.011199619903308422,0.0,6.0,2012-07-24,False,False,,,-1,False,TN
2012-07-17,106.65018312409794,107.17570659816808,105.53638549672216,106.95608520507812,138860300,4903,False,0.018143487372620948,0.0,5.0,2012-07-24,False,False,,,-1,False,TN
2012-07-18,106.7050985163024,107.96008835258698,106.64235979611124,107.74830627441406,113349700,4904,False,0.025684850921569025,0.0,4.0,2012-07-24,False,False,,,-1,False,TN
2012-07-19,107.96794998198256,108.38366290774316,107.62283907582987,108.03070068359376,129847300,4905,False,0.02837303858312623,0.0,3.0,2012-07-24,False,False,,,-1,False,TN
2012-07-20,107.418896416395,107.5836185043566,106.9247540894554,107.04240417480467,142904500,4906,False,0.01896518065632047,0.0,2.0,2012-07-24,False,False,,,-1,False,TN
2012-07-23,105.47366562137888,106.97180710843284,104.9795113583731,105.95996856689452,145210900,4907,False,0.008661187549422245,0.0,1.0,2012-07-24,False,False,,,-1,False,TN
2012-07-24,106.03841846886851,106.0854785037112,104.34418540369556,105.05010986328124,173301200,4908,True,0.0,1.0,0.0,2012-07-24,True,True,0.45476067066192627,0.6875,1,True,TP
2012-07-25,105.26973799300512,105.54425883855475,104.51674156811274,105.07364654541016,129122300,4909,True,0.00022405195158348157,0.9719935060520648,1.0,2012-07-24,False,True,0.3008415400981903,0.53125,1,True,TP
2012-07-26,106.58742360802832,107.03451767233818,106.09326953031054,106.80704498291016,156526500,4910,False,0.016724733766728228,0.0,2.0,2012-07-24,False,False,,,-1,False,TN
2012-07-27,107.37181621564044,109.08173960188468,106.7835419624387,108.77582550048828,236768900,4911,False,0.0354660803501865,0.0,3.0,2012-07-24,False,False,,,-1,False,TN
2012-07-30,108.65033608917602,109.29350971573868,108.45424467144213,108.77582550048828,106782000,4912,False,0.0354660803501865,0.0,4.0,2012-07-24,False,False,,,-1,False,TN
2012-07-31,108.62682665961158,108.92487753248328,108.01502227783205,108.01502227783205,120575900,4913,False,0.02822379165913813,0.0,5.0,2012-07-24,False,False,,,-1,False,TN
2012-08-01,108.79152196924386,108.81505198314966,107.77184414893236,107.9208755493164,138293800,4914,False,0.02732758385280487,0.0,6.0,2012-07-24,False,False,,,-1,False,TN
2012-08-02,107.105130179911,107.90518648122492,106.34429455416075,107.17572021484376,199556600,4915,False,0.020234251580782958,0.0,7.0,2012-07-24,False,False,,,-1,False,TN
2012-08-03,108.681720673592,109.52883715307964,107.20710917576476,109.30137634277344,157825000,4916,False,,0.0,,,False,False,,,-1,False,TN
2012-08-06,109.59154863720588,109.9445107185759,109.46604728475106,109.51310729980467,86326200,4917,False,,0.0,,,False,False,,,-1,False,TN
2012-08-07,109.95239500776374,110.53283002376833,109.8347449220404,110.06221771240234,109545100,4918,False,,0.0,,,False,False,,,-1,False,TN
2012-08-08,109.69353262384264,110.32101552149612,109.6621512978785,110.19552612304688,89754700,4919,False,,0.0,,,False,False,,,-1,False,TN
2012-08-09,110.03867005698892,110.50929431257838,109.928859326481,110.2896728515625,90291700,4920,False,,0.0,,,False,False,,,-1,False,TN
2012-08-10,109.84255213038868,110.50926767032588,109.66215139557605,110.47004699707033,99792700,4921,False,,0.0,,,False,False,,,-1,False,TN
2012-08-13,110.28181278203056,110.47005287412114,109.84255797405652,110.41515350341795,79426900,4922,False,,0.0,,,False,False,,,-1,False,TN
2012-08-14,110.82305300708023,110.8936550342874,110.10143781358975,110.43087005615234,102379400,4923,False,,0.0,,,False,False,,,-1,False,TN
2012-08-15,110.3131840138277,110.74458751297468,110.24259397809544,110.55633544921876,71085900,4924,False,,0.0,,,False,False,,,-1,False,TN
2012-08-16,110.71322448227528,111.50544157576616,110.43870364179,111.37210083007812,112014200,4925,False,,0.0,,,False,False,,,-1,False,TN
2012-08-17,111.56033884581034,111.61525019395164,111.27012734412538,111.5211181640625,90813700,4926,False,,0.0,,,False,False,,,-1,False,TN
2012-08-20,111.36422388169412,111.5524759332356,111.05832177823244,111.52894592285156,78255700,4927,False,,0.0,,,False,False,,,-1,False,TN
2012-08-21,111.80349288782358,112.23489646002696,110.94853706102992,111.19168853759766,105581100,4928,False,0.009039953341104301,0.0,7.0,2012-08-30,False,False,,,-1,False,TN
2012-08-22,110.90931773833547,111.41916268209005,110.65048756031166,111.23876190185548,133243500,4929,False,0.009467133698728425,0.0,6.0,2012-08-30,False,False,,,-1,False,TN
2012-08-23,110.9641762343778,110.97201557988106,110.1562808142824,110.32884216308594,111466400,4930,True,0.0012098135444282843,0.8487733069464645,5.0,2012-08-30,False,False,,,-1,False,FN
2012-08-24,110.05432346830212,111.24656240198723,109.98373344440137,110.9955596923828,99481200,4931,True,0.007260127497758839,0.0924840627801451,4.0,2012-08-30,False,False,,,-1,False,FN
2012-08-27,111.29364440510886,111.44267579732065,110.8622408930406,111.01911163330078,68785900,4932,True,0.0074738561467029285,0.06576798166213393,3.0,2012-08-30,False,False,,,-1,False,FN
2012-08-28,110.73674796920308,111.2544322232149,110.57203786831737,110.90930938720705,75689600,4933,True,0.006477425075888776,0.19032186551390295,2.0,2012-08-30,False,False,,,-1,False,FN
2012-08-29,111.00341100735042,111.29362241792109,110.68965762034487,110.9955596923828,65421300,4934,True,0.007260127497758839,0.0924840627801451,1.0,2012-08-30,False,False,,,-1,False,FN
2012-08-30,110.51710691913011,110.54848824509423,109.96021405219228,110.19552612304688,96589900,4935,True,0.0,1.0,0.0,2012-08-30,True,False,,,-1,False,FN
2012-08-31,110.82302874229244,111.23875359024868,110.0935743581486,110.7210693359375,151970400,4936,True,0.004769188290854931,0.4038514636431336,1.0,2012-08-30,False,False,,,-1,False,FN
2012-09-04,110.626941826999,110.9563859793556,109.91317807948428,110.61910247802734,120226200,4937,True,0.0038438616328897446,0.5195172958887819,2.0,2012-08-30,False,False,,,-1,False,FN
2012-09-05,110.66614344690836,110.96420621509458,110.3053419608121,110.52496337890624,100660300,4938,True,0.0029895701527073992,0.6263037309115751,3.0,2012-08-30,False,False,,,-1,False,FN
2012-09-06,111.19167446482294,112.77609648926229,111.18383511667396,112.76825714111328,158272500,4939,False,0.02334696433314032,0.0,4.0,2012-08-30,False,False,,,-1,False,TN
2012-09-07,112.95650911306883,113.25457193263505,112.854549702537,113.20751190185548,107272100,4940,False,0.027333104026794564,0.0,5.0,2012-08-30,False,False,,,-1,False,TN
2012-09-10,113.09768302283835,113.29377443193032,112.52509945946134,112.5643081665039,86458500,4941,False,0.021496172547077697,0.0,6.0,2012-08-30,False,False,,,-1,False,TN
2012-09-11,112.63494602445932,113.2388991394184,112.60356468667204,112.87809753417967,88760000,4942,False,0.024343741579284872,0.0,7.0,2012-08-30,False,False,,,-1,False,TN
2012-09-12,113.25456237792967,113.3800637617351,112.87021887820212,113.25456237792967,87640900,4943,False,,0.0,,,False,False,,,-1,False,TN
2012-09-13,113.2388707857051,115.33312574086976,112.94081996219587,114.98016357421876,225470200,4944,False,,0.0,,,False,False,,,-1,False,TN
2012-09-14,115.2076562056095,116.17242281918462,115.11352416804831,115.49002838134766,169777000,4945,False,,0.0,,,False,False,,,-1,False,TN
2012-09-17,115.2546795592701,115.45077095311169,114.8075854364463,115.09780883789062,119427800,4946,False,0.018639301107065798,0.0,7.0,2012-09-26,False,False,,,-1,False,TN
2012-09-18,114.90175609460093,115.15274693954238,114.71350398454015,115.00371551513672,98326600,4947,False,0.017806555831576754,0.0,6.0,2012-09-26,False,False,,,-1,False,TN
2012-09-19,115.13701916853132,115.43508192129154,114.83896838424012,115.0664291381836,128318300,4948,False,0.01836158430514523,0.0,5.0,2012-09-26,False,False,,,-1,False,TN
2012-09-20,114.54092015393128,115.13703376656292,114.22717866696104,115.07429504394533,154009800,4949,False,0.01843119919033387,0.0,4.0,2012-09-26,False,False,,,-1,False,TN
2012-09-21,115.63338072923273,115.65703635036124,114.97888046916874,115.02619171142578,108737500,4950,False,0.01800547479546144,0.0,3.0,2012-09-26,False,False,,,-1,False,TN
2012-09-24,114.45844572793816,115.1129460622724,114.37170442983694,114.85272216796876,95682000,4951,False,0.01647023362714961,0.0,2.0,2012-09-26,False,False,,,-1,False,TN
2012-09-25,115.09718678317952,115.31798063298368,113.59892905109432,113.63047790527344,133165200,4952,True,0.005653120303231951,0.2933599620960061,1.0,2012-09-26,False,False,,,-1,False,FN
2012-09-26,113.60680434268274,113.63834115951988,112.72361705055609,112.9917221069336,146502200,4953,True,0.0,1.0,0.0,2012-09-26,True,False,,,-1,False,FN
2012-09-27,113.46485223510028,114.31649063036092,113.1651983462975,114.05626678466795,111830300,4954,False,0.009421439534543108,0.0,1.0,2012-09-26,False,False,,,-1,False,TN
2012-09-28,113.62256895689032,113.9931897318672,113.12578887973724,113.52794647216795,150696100,4955,True,0.004745696014145873,0.4067879982317659,2.0,2012-09-26,False,False,,,-1,False,FN
2012-10-01,113.96164346207432,114.88424870867568,113.55947387064006,113.8275909423828,135911200,4956,True,0.007397611257381698,0.07529859282728779,3.0,2012-09-26,False,False,,,-1,False,FN
2012-10-02,114.27708310311318,114.4584468983204,113.41756334282444,113.94589233398438,113422200,4957,False,0.008444602925405276,0.0,4.0,2012-09-26,False,False,,,-1,False,TN
2012-10-03,114.25340178862538,114.67921495822708,113.65410606005574,114.4111099243164,121283100,4958,False,0.01256187436491607,0.0,5.0,2012-09-26,False,False,,,-1,False,TN
2012-10-04,114.84482885793206,115.3968134092837,114.687120705026,115.2312240600586,124311600,4959,False,0.01982005328678471,0.0,6.0,2012-09-26,False,False,,,-1,False,TN
2012-10-05,115.84627123832892,116.0434093983428,114.89211724962398,115.23908233642578,124842100,4960,False,0.01988960065026113,0.0,7.0,2012-09-26,False,False,,,-1,False,TN
2012-10-08,114.81331943704484,115.2233583259719,114.58463233325504,114.84485626220705,78415400,4961,False,,0.0,,,False,False,,,-1,False,TN
2012-10-09,114.7580737173338,114.85269619118408,113.6698671386184,113.70929718017578,148872900,4962,False,,0.0,,,False,False,,,-1,False,TN
2012-10-10,113.6935489834768,113.80395793824994,112.83402922810788,112.98385620117188,124247500,4963,False,,0.0,,,False,True,0.795752227306366,0.9567307692307693,1,True,FP
2012-10-11,113.77241088506878,113.9380122874868,113.02328804025711,113.04694366455078,123601500,4964,False,,0.0,,,False,True,0.7634767889976501,0.9471153846153846,1,True,FP
2012-10-12,113.12575790472468,113.5121409664524,112.4318277871374,112.67627716064452,124181900,4965,False,,0.0,,,False,True,0.519413411617279,0.7459935897435898,1,True,FP
2012-10-15,112.94441038812248,113.73296316168376,112.58168285040612,113.61468505859376,107689100,4966,False,0.02169876919625402,0.0,7.0,2012-10-24,False,True,0.027692453935742378,0.02564102564102564,1,False,TN
2012-10-16,114.15092087165738,114.8448513189942,114.07207279596383,114.7659912109375,108815500,4967,False,0.03205207940620647,0.0,6.0,2012-10-24,False,False,,,-1,False,TN
2012-10-17,114.84480466386093,115.38102670960993,114.67132212250311,115.28639221191406,128834100,4968,False,0.03673187112425813,0.0,5.0,2012-10-24,False,False,,,-1,False,TN
2012-10-18,114.98673248291016,115.5387168319948,114.6003374223727,114.98673248291016,148108500,4969,False,0.03403713165336053,0.0,4.0,2012-10-24,False,False,,,-1,False,TN
2012-10-19,114.77387960743236,114.78176080496084,112.8024973126718,113.0706024169922,185645200,4970,False,0.01680601642420987,0.0,3.0,2012-10-24,False,False,,,-1,False,TN
2012-10-22,112.88131046197532,113.2913612214861,112.19527348599988,113.08634185791016,125578600,4971,False,0.01694755593915387,0.0,2.0,2012-10-24,False,True,0.876595139503479,0.9863782051282052,1,True,FP
2012-10-23,111.86407781817272,112.02178593945642,111.05186956282128,111.5171127319336,192056300,4972,True,0.002836004551493687,0.6454994310632891,1.0,2012-10-24,False,True,0.5866082310676575,0.8076923076923077,1,True,TP
2012-10-24,111.91931814337946,112.05338273782156,111.02826146222614,111.20174407958984,120179400,4973,True,0.0,1.0,0.0,2012-10-24,True,True,0.5284841060638428,0.7540064102564102,1,True,TP
2012-10-25,111.9902950651642,112.19531450369357,110.84689567640136,111.52503967285156,134457400,4974,True,0.002907288873368108,0.6365888908289865,1.0,2012-10-24,False,True,0.6335648894309998,0.8493589743589743,1,True,TP
2012-10-26,111.42249165299306,111.8483047889968,110.70490585500524,111.46192169189452,146023500,4975,True,0.0023396900332648407,0.7075387458418949,2.0,2012-10-24,False,True,0.34031152725219727,0.5817307692307693,1,True,TP
2012-10-31,111.8561980161922,111.99813171740728,110.93358082886016,111.46192169189452,103438500,4976,True,0.0023396900332648407,0.7075387458418949,3.0,2012-10-24,False,True,0.48519179224967957,0.7115384615384616,1,True,TP
2012-11-01,111.69845384426498,112.77088569706504,111.59595020399072,112.6289520263672,100995600,4977,False,0.012834402540987666,0.0,4.0,2012-10-24,False,True,0.04089866951107979,0.10576923076923077,1,False,TN
2012-11-02,113.29923007775116,113.33077891939404,111.50922436613943,111.62750244140624,137702200,4978,True,0.0038287021965381918,0.521412225432726,5.0,2012-10-24,False,True,0.1450604349374771,0.34134615384615385,1,False,FN
2012-11-05,111.46197805396844,112.1085852959548,111.13077518560624,111.85625457763672,98378500,4979,True,0.005885793460023603,0.26427581749704965,6.0,2012-10-24,False,True,0.05861399322748184,0.17147435897435898,1,False,FN
2012-11-06,112.19527662813653,113.17308630285936,112.07699853667616,112.73149871826172,107068100,4980,False,0.013756570558614456,0.0,7.0,2012-10-24,False,False,,,-1,False,TN
2012-11-07,111.70639194429246,111.7221543369092,109.65614986220396,110.17659759521484,264304500,4981,False,0.029624103744217978,0.0,6.0,2012-11-15,False,False,,,-1,False,TN
2012-11-08,110.16082241932683,110.72070019478473,108.76508061117018,108.85182189941406,181517300,4982,False,0.017243788702521412,0.0,5.0,2012-11-15,False,True,0.5258793234825134,0.7524038461538461,1,True,FP
2012-11-09,108.5206240627139,109.9557958228549,108.46543162782535,108.94644927978516,201055300,4983,False,0.018128102012523906,0.0,4.0,2012-11-15,False,True,0.6015077829360962,0.8189102564102564,1,True,FP
2012-11-12,109.28553377366067,109.45901635877296,108.7887536729858,109.033203125,97677500,4984,False,0.01893883543573116,0.0,3.0,2012-11-15,False,True,0.5238990187644958,0.750801282051282,1,True,FP
2012-11-13,108.45755538793804,109.80598607672806,108.3156216482558,108.65469360351562,123018300,4985,False,0.015401582195720742,0.0,2.0,2012-11-15,False,True,0.6399120092391968,0.8525641025641025,1,True,FP
2012-11-14,108.9858844207798,109.15935496165748,106.94352358717823,107.18797302246094,191505000,4986,True,0.0016947615398501537,0.7881548075187308,1.0,2012-11-15,False,True,0.585078239440918,0.8068910256410257,1,True,TP
2012-11-15,107.22741615600462,107.62958582140064,106.59657145198808,107.00662231445312,178128400,4987,True,0.0,1.0,0.0,2012-11-15,True,True,0.6069528460502625,0.8221153846153846,1,True,TP
2012-11-16,107.16432944753043,107.74786289877416,106.2180684168242,107.53495025634766,239483900,4988,True,0.00493733874097968,0.38283265737754,1.0,2012-11-15,False,True,0.20238427817821503,0.40705128205128205,1,False,FN
2012-11-19,108.74145873770952,109.72715003167846,107.56652241601176,109.71138763427734,151495800,4989,False,0.025276616169379817,0.0,2.0,2012-11-15,False,True,0.029602423310279846,0.03445512820512821,1,False,TN
2012-11-20,109.53784271290858,109.94000020050126,108.88334262202495,109.75863647460938,119807400,4990,False,0.025718166788491814,0.0,3.0,2012-11-15,False,True,0.031520064920186996,0.04887820512820513,1,False,TN
2012-11-21,109.85330241627314,110.058333870691,109.6325085671788,109.96369934082033,81710800,4991,False,0.027634523568807134,0.0,4.0,2012-11-15,False,True,0.04100276902318001,0.10576923076923077,1,False,TN
2012-11-23,110.49988649801952,111.50133969843748,110.42890761505348,111.46192169189452,65409200,4992,False,0.0416357350701988,0.0,5.0,2012-11-15,False,False,,,-1,False,TN
2012-11-26,110.90994398221729,111.46982175171055,110.54721644059674,111.22537231445312,100124400,4993,False,0.0394251300410422,0.0,6.0,2012-11-15,False,False,,,-1,False,TN
2012-11-27,111.1149624067963,111.4934643288374,110.58663354851667,110.65760040283205,128646200,4994,False,0.034119178882686674,0.0,7.0,2012-11-15,False,False,,,-1,False,TN
2012-11-28,110.20811871981068,111.611741533922,109.60882301197005,111.54866790771484,177086500,4995,False,,0.0,,,False,False,,,-1,False,TN
2012-11-29,111.9665881407546,112.37662682995176,111.47767734616136,112.069091796875,151085900,4996,False,,0.0,,,False,False,,,-1,False,TN
2012-11-30,112.0848464681608,112.30564019493389,111.70634465545778,112.0927276611328,136568300,4997,False,,0.0,,,False,False,,,-1,False,TN
2012-12-03,112.60533009180578,112.69995256723674,111.454037833838,111.54077911376952,124656300,4998,False,,0.0,,,False,False,,,-1,False,TN
2012-12-04,111.5328759226882,111.87194774768652,111.08339518831498,111.38304901123048,127512200,4999,False,,0.0,,,False,False,,,-1,False,TN
2012-12-05,111.4776997450252,112.10066316306737,110.68914698563226,111.58021545410156,147300500,5000,False,,0.0,,,False,False,,,-1,False,TN
2012-12-06,111.47771487517096,112.00604385178764,111.31212551134578,111.95873260498048,103220600,5001,False,,0.0,,,False,False,,,-1,False,TN
2012-12-07,112.39242827064014,112.51859960489035,111.71427238949602,112.2978057861328,108726400,5002,False,,0.0,,,False,False,,,-1,False,TN
2012-12-10,112.140119116644,112.6132436621755,112.09279583296414,112.34513854980467,98840700,5003,False,,0.0,,,False,False,,,-1,False,TN
2012-12-11,112.81036956314124,113.63835246774538,112.75517712009386,113.11002349853516,152570400,5004,False,,0.0,,,False,False,,,-1,False,TN
2012-12-12,113.55160210911752,113.9853085514231,113.00749875716694,113.16520690917967,145880100,5005,False,,0.0,,,False,False,,,-1,False,TN
2012-12-13,113.09424968263303,113.41755924284354,112.18741870701622,112.47129821777344,135715000,5006,False,,0.0,,,False,False,,,-1,False,TN
2012-12-14,112.2268578499025,112.43187727836528,111.87989263837876,112.05337524414062,137701700,5007,False,,0.0,,,False,False,,,-1,False,TN
2012-12-17,112.34511821285264,113.43332492560272,112.3135693627771,113.3702392578125,143238200,5008,False,,0.0,,,False,False,,,-1,False,TN
2012-12-18,113.55159878777803,114.7344279418174,113.38599741197396,114.63191223144533,177762800,5009,False,0.030823649901933203,0.0,7.0,2012-12-28,False,False,,,-1,False,TN
2012-12-19,114.75807550510876,114.7975055472804,113.74084779829334,113.78026580810548,150895400,5010,False,0.023165247826596458,0.0,6.0,2012-12-28,False,False,,,-1,False,TN
2012-12-20,113.8512245840128,114.45052020912809,113.53579633472258,114.43474578857422,168487000,5011,False,0.02905063723624357,0.0,5.0,2012-12-28,False,False,,,-1,False,TN
2012-12-21,112.90366789263555,114.42842584728832,112.72101781474824,113.39603424072266,245883800,5012,False,0.019710058263873176,0.0,4.0,2012-12-28,False,False,,,-1,False,TN
2012-12-24,113.14985391084252,113.21338700859576,112.919557034474,113.04662322998048,53874600,5013,False,0.01656799139612386,0.0,3.0,2012-12-28,False,False,,,-1,False,TN
2012-12-26,113.27691843476954,113.33251443862048,112.25247602815192,112.57012939453124,106947700,5014,False,0.012283136463041577,0.0,2.0,2012-12-28,False,False,,,-1,False,TN
2012-12-27,112.6018547346818,112.83216365345868,111.11680692799216,112.41920471191406,167920600,5015,False,0.010925951285134072,0.0,1.0,2012-12-28,False,True,0.6095351576805115,0.8245192307692307,1,True,FP
2012-12-28,111.68862235372106,112.30805487274355,111.07712692730703,111.20419311523438,148806700,5016,True,0.0,1.0,0.0,2012-12-28,True,True,0.7002555131912231,0.9094551282051282,1,True,TP
2012-12-31,110.91035360859163,113.21337050740262,110.8150479170032,113.09425354003906,243935200,5017,False,0.016996305371741904,0.0,1.0,2012-12-28,False,False,,,-1,False,TN
2013-01-02,115.23844602558113,116.06435195671536,114.93666687877352,115.99288177490234,192059000,5018,False,0.04306212315848312,0.0,2.0,2012-12-28,False,False,,,-1,False,TN
2013-01-03,115.93732821539,116.23909532341926,115.42112627044608,115.73084259033205,144761800,5019,False,0.040705744525361354,0.0,3.0,2012-12-28,False,False,,,-1,False,TN
2013-01-04,115.92140613223874,116.4296587084626,115.68316008638756,116.2390594482422,116817700,5020,False,0.04527586768055136,0.0,4.0,2012-12-28,False,False,,,-1,False,TN
2013-01-07,115.82607029407906,116.03254366236592,115.49251868098766,115.9213638305664,110002500,5021,False,0.04241900042783375,0.0,5.0,2012-12-28,False,False,,,-1,False,TN
2013-01-08,115.71495682498436,115.8737835161149,115.13522183169316,115.587890625,121265100,5022,False,0.039420253741898614,0.0,6.0,2012-12-28,False,False,,,-1,False,TN
2013-01-09,115.84200416729033,116.1993793486658,115.65935408900222,115.8817138671875,90745600,5023,False,0.04206244945373672,0.0,7.0,2012-12-28,False,False,,,-1,False,TN
2013-01-10,116.52498455189516,116.81087746255662,115.9214382372546,116.80294036865234,130735400,5024,False,,0.0,,,False,False,,,-1,False,TN
2013-01-11,116.7711702807108,116.85852678634768,116.42969346994,116.79500579833984,113917300,5025,False,,0.0,,,False,False,,,-1,False,TN
2013-01-14,116.65205832220975,116.79501084565727,116.28674597802286,116.71559143066406,89567200,5026,False,,0.0,,,False,False,,,-1,False,TN
2013-01-15,116.17556104710516,116.90618570390488,116.10409084732068,116.79500579833984,93172600,5027,False,,0.0,,,False,False,,,-1,False,TN
2013-01-16,116.55676158416568,116.96177150725704,116.42969537067388,116.77912139892578,104849500,5028,False,,0.0,,,False,False,,,-1,False,TN
2013-01-17,117.29530034898198,117.86708613895462,116.85851785418345,117.5335464477539,133833500,5029,False,,0.0,,,False,False,,,-1,False,TN
2013-01-18,117.50970042178444,117.9226594389557,117.08085510303414,117.79559326171876,169906000,5030,False,,0.0,,,False,False,,,-1,False,TN
2013-01-22,117.79555151283368,118.43087005615234,117.5175958633526,118.43087005615234,111797300,5031,False,,0.0,,,False,False,,,-1,False,TN
2013-01-23,118.4308804929262,118.72471034655646,118.21645789065022,118.62146759033205,104596100,5032,False,,0.0,,,False,False,,,-1,False,TN
2013-01-24,118.4467965800222,119.23300498807144,118.33561669463433,118.65328216552734,146426400,5033,False,,0.0,,,False,False,,,-1,False,TN
2013-01-25,119.02653593726816,119.32036590576172,118.62151396156176,119.32036590576172,147211600,5034,False,,0.0,,,False,False,,,-1,False,TN
2013-01-28,119.35209951063943,119.38387211060022,118.73266710606424,119.17739868164062,113357700,5035,False,,0.0,,,False,False,,,-1,False,TN
2013-01-29,118.93916897187891,119.79684752305307,118.85974957877652,119.64595794677734,105694400,5036,False,,0.0,,,False,False,,,-1,False,TN
2013-01-30,119.63005523066262,119.86830125958302,119.06620669947424,119.17739868164062,137447700,5037,False,,0.0,,,False,False,,,-1,False,TN
2013-01-31,119.03447265793704,119.42360832886764,118.8041757867,118.88358306884766,108975800,5038,False,,0.0,,,False,False,,,-1,False,TN
2013-02-01,119.63798953882949,120.24948483803828,119.4315161146728,120.1065444946289,131173000,5039,False,,0.0,,,False,False,,,-1,False,TN
2013-02-04,119.3759448172532,120.1303805393412,118.66914376362324,118.75650024414062,159073600,5040,False,,0.0,,,False,False,,,-1,False,TN
2013-02-05,119.3998117938552,120.2971882019713,119.35215287260584,119.9557113647461,113912400,5041,False,,0.0,,,False,False,,,-1,False,TN
2013-02-06,119.53479997036818,120.12245996329462,119.44744346902772,120.04305267333984,138762800,5042,False,,0.0,,,False,False,,,-1,False,TN
2013-02-07,120.08276033605102,120.19394023425816,119.01065893943225,119.88422393798828,162490000,5043,False,,0.0,,,False,False,,,-1,False,TN
2013-02-08,120.0906941637248,120.62277024193904,120.0906941637248,120.55130004882812,103133700,5044,False,,0.0,,,False,False,,,-1,False,TN
2013-02-11,120.50363479686315,120.63068885925615,120.22567904262654,120.52745819091795,73775000,5045,False,,0.0,,,False,False,,,-1,False,TN
2013-02-12,120.535429118743,120.94838826111196,120.40042580863611,120.7260284423828,65392700,5046,False,,0.0,,,False,False,,,-1,False,TN
2013-02-13,120.97215319769715,121.19451290896296,120.4877240872191,120.8292007446289,82322600,5047,False,0.02114060037992327,0.0,7.0,2013-02-25,False,False,,,-1,False,TN
2013-02-14,120.46388879714456,121.08332109128946,120.32888556562008,120.94036865234376,80834300,5048,False,0.022080092351461245,0.0,6.0,2013-02-25,False,False,,,-1,False,TN
2013-02-15,121.05155211930573,121.17861826490548,120.35271255389618,120.79743194580078,215226500,5049,False,0.020872118836481768,0.0,5.0,2013-02-25,False,False,,,-1,False,TN
2013-02-19,121.00392226701022,121.72659743877148,120.83715853057072,121.70277404785156,95105400,5050,False,0.028523262533039384,0.0,4.0,2013-02-25,False,False,,,-1,False,TN
2013-02-20,121.61542296938438,121.65513266191098,120.1224257778015,120.18595886230467,160574800,5051,False,0.015704493893592186,0.0,3.0,2013-02-25,False,False,,,-1,False,TN
2013-02-21,119.88419043970734,120.24949052415784,119.07415876899604,119.4553451538086,183257000,5052,False,0.009529998685962049,0.0,2.0,2013-02-25,False,False,,,-1,False,TN
2013-02-22,120.03510012251948,120.62277221679688,119.5109732467585,120.62277221679688,106356600,5053,False,0.019396050639074902,0.0,1.0,2013-02-25,False,False,,,-1,False,TN
2013-02-25,121.21043461074916,121.39308468741676,118.3276824951172,118.3276824951172,245824800,5054,True,0.0,1.0,0.0,2013-02-25,True,False,,,-1,False,FN
2013-02-26,118.89944165679962,119.28062802827122,118.11323340529918,119.13768768310548,186596200,5055,True,0.006845441158891186,0.1443198551386018,1.0,2013-02-25,False,True,0.48529666662216187,0.7115384615384616,1,True,TP
2013-02-27,119.03444905782982,120.97216570000236,118.93120628203803,120.6386260986328,150781900,5056,False,0.01953003350345317,0.0,2.0,2013-02-25,False,False,,,-1,False,TN
2013-02-28,120.63070275875378,121.40102490247952,120.2415791992238,120.40040588378906,126866000,5057,False,0.0175168087886568,0.0,3.0,2013-02-25,False,False,,,-1,False,TN
2013-03-01,119.98740041472048,120.98008195654133,119.44738747246336,120.79743194580078,170634800,5058,False,0.020872118836481768,0.0,4.0,2013-02-25,False,False,,,-1,False,TN
2013-03-04,120.51954584061065,121.44075775146484,120.32895862988327,121.44075775146484,99010200,5059,False,0.02630893456800454,0.0,5.0,2013-02-25,False,False,,,-1,False,TN
2013-03-05,122.02842875872884,122.85433493861856,122.0125424520863,122.52873229980467,121431900,5060,False,0.0355035247551716,0.0,6.0,2013-02-25,False,False,,,-1,False,TN
2013-03-06,122.96552514066484,123.0290582548506,122.42551184663984,122.69551849365234,94469900,5061,False,0.03691305285823865,0.0,7.0,2013-02-25,False,False,,,-1,False,TN
2013-03-07,122.85428308005892,123.07664280838728,122.71134273371771,122.91781616210938,86101400,5062,False,,0.0,,,False,False,,,-1,False,TN
2013-03-08,123.45787238792131,123.60874986337431,122.8225535251372,123.44198608398438,123477800,5063,False,,0.0,,,False,False,,,-1,False,TN
2013-03-11,123.34666315296673,123.91843666398452,123.19577359570926,123.9104995727539,83746800,5064,False,,0.0,,,False,False,,,-1,False,TN
2013-03-12,123.8231523636514,123.96610484037484,123.25931590167444,123.63255310058594,105755800,5065,True,0.004085176898755316,0.4893528876555855,7.0,2013-03-21,False,False,,,-1,False,FN
2013-03-13,123.69610160625224,123.98199447763652,123.27520545083912,123.80728149414062,92550900,5066,True,0.005504238347796564,0.3119702065254295,6.0,2013-03-21,False,False,,,-1,False,FN
2013-03-14,124.1328757639129,124.52201140434929,123.81522242481664,124.46641540527344,126329900,5067,False,0.010857412517234932,0.0,5.0,2013-03-21,False,False,,,-1,False,TN
2013-03-15,124.3180275737104,124.46957605547028,123.8872749619136,124.30207061767578,138601100,5068,False,0.009522681809270406,0.0,4.0,2013-03-21,False,False,,,-1,False,TN
2013-03-18,123.11357091916584,124.15055434345808,123.0018965301864,123.6161117553711,126704300,5069,True,0.0039516480618553285,0.5060439922680839,3.0,2013-03-21,False,False,,,-1,False,FN
2013-03-19,123.8793485318994,124.04685403184246,122.5153143172417,123.32894897460938,167567300,5070,True,0.001619447647897232,0.797569044012846,2.0,2013-03-21,False,False,,,-1,False,FN
2013-03-20,124.0548411958214,124.39783676966384,123.84743720085068,124.19044494628906,113759300,5071,False,0.00861611085210856,0.0,1.0,2013-03-21,False,False,,,-1,False,TN
2013-03-21,123.44861337419243,124.15057374122335,122.92215527051668,123.12954711914062,128605000,5072,True,0.0,1.0,0.0,2013-03-21,True,False,,,-1,False,FN
2013-03-22,123.52034852577574,124.1186065673828,123.42461896243672,124.1186065673828,111163600,5073,False,0.008032673484010822,0.0,1.0,2013-03-21,False,False,,,-1,False,TN
2013-03-25,124.44571047945855,124.6531144994195,123.12157456821856,123.60017395019533,151322300,5074,True,0.0038222087392176807,0.5222239075977899,2.0,2013-03-21,False,False,,,-1,False,FN
2013-03-26,124.11065249650322,124.62116566390593,123.97504876767997,124.58926391601562,86856600,5075,False,0.011855130072577769,0.0,3.0,2013-03-21,False,False,,,-1,False,TN
2013-03-27,123.8474174329308,124.629150229574,123.64002564265888,124.58926391601562,99950600,5076,False,0.011855130072577769,0.0,4.0,2013-03-21,False,False,,,-1,False,TN
2013-03-28,124.509414611769,125.11565699268591,124.23820732114116,124.9720687866211,102932800,5077,False,0.014964090347036274,0.0,5.0,2013-03-21,False,False,,,-1,False,TN
2013-04-01,124.9083406744723,125.16360336561888,124.17447869481846,124.47760009765624,99194100,5078,False,0.010948249303729174,0.0,6.0,2013-03-21,False,False,,,-1,False,TN
2013-04-02,124.92431733304494,125.40292886861243,124.73287028449852,125.09183502197266,101504300,5079,False,0.015936775118106317,0.0,7.0,2013-03-21,False,False,,,-1,False,TN
2013-04-03,125.16361411674848,125.25933154835272,123.49647060112872,123.8235092163086,154167400,5080,False,,0.0,,,False,False,,,-1,False,TN
2013-04-04,123.98301162281037,124.57329737191468,123.71180418602988,124.32601928710938,131885000,5081,False,,0.0,,,False,False,,,-1,False,TN
2013-04-05,122.80245163590132,123.91920746564055,122.6588755248224,123.76764678955078,159666000,5082,False,,0.0,,,False,False,,,-1,False,TN
2013-04-08,123.85543604368574,124.61322752321864,123.4406401775298,124.60525512695312,86571200,5083,False,,0.0,,,False,False,,,-1,False,TN
2013-04-09,124.83653794673452,125.4906393872868,124.42174220813044,125.03595733642578,101922200,5084,False,0.016933047725828265,0.0,7.0,2013-04-18,False,False,,,-1,False,TN
2013-04-10,125.37098846814617,126.72703797044912,125.3390867192566,126.5675048828125,135711100,5085,False,0.029389315084932477,0.0,6.0,2013-04-18,False,False,,,-1,False,TN
2013-04-11,126.59143339671816,127.3970955670637,126.46380205881866,126.9822998046875,110142500,5086,False,0.03276289395831666,0.0,5.0,2013-04-18,False,False,,,-1,False,TN
2013-04-12,126.57549689676894,126.8626613676641,125.96926620114417,126.67122650146484,116359900,5087,False,0.03023289595573253,0.0,4.0,2013-04-18,False,False,,,-1,False,TN
2013-04-15,126.03301710101886,126.1367190479728,123.71975773172475,123.73570251464844,217259000,5088,True,0.006357912965412993,0.2052608793233759,3.0,2013-04-18,False,False,,,-1,False,FN
2013-04-16,124.66901659016756,125.62623936944615,124.36590740354973,125.56242370605467,147507800,5089,False,0.021214864422375523,0.0,2.0,2013-04-18,False,False,,,-1,False,TN
2013-04-17,124.66905238107532,124.69299391186452,123.06572445719704,123.72779846191406,226834800,5090,True,0.006293628317958211,0.21329646025522364,1.0,2013-04-18,False,False,,,-1,False,FN
2013-04-18,123.93511148050436,123.9670253868627,122.483345202514,122.95397186279295,167583200,5091,True,0.0,1.0,0.0,2013-04-18,True,True,0.44148802757263184,0.6778846153846154,1,True,TP
2013-04-19,123.24119042405952,124.07875434669722,122.93806903813868,124.02291107177734,149687600,5092,False,0.008693816009272437,0.0,1.0,2013-04-18,False,True,0.3340930640697479,0.5753205128205128,1,True,FP
2013-04-22,124.26223229180076,124.8684629676832,123.44062522686175,124.57332611083984,106553500,5093,False,0.013170410223542595,0.0,2.0,2013-04-18,False,False,,,-1,False,TN
2013-04-23,125.19553093183052,125.97725178436828,124.57334320835795,125.85760498046876,166141300,5094,False,0.023615610571052104,0.0,3.0,2013-04-18,False,False,,,-1,False,TN
2013-04-24,125.8974687234926,126.2723782039272,125.66613538198423,125.9373550415039,96781200,5095,False,0.02426422777167514,0.0,4.0,2013-04-18,False,False,,,-1,False,TN
2013-04-25,126.30423431216838,127.04608060998868,126.11279952944646,126.44782257080078,131060600,5096,False,0.028415923902862517,0.0,5.0,2013-04-18,False,False,,,-1,False,TN
2013-04-26,126.29627535584522,126.5116516809107,125.81766400494249,126.2244873046875,95918800,5097,False,0.026599510307354635,0.0,6.0,2013-04-18,False,False,,,-1,False,TN
2013-04-29,126.56745908758576,127.3491794542756,126.3680397572962,127.06999969482422,88572800,5098,False,0.03347616811130294,0.0,7.0,2013-04-18,False,False,,,-1,False,TN
2013-04-30,127.04614555923078,127.40509813193108,126.51967529441852,127.37318420410156,116010700,5099,False,,0.0,,,False,False,,,-1,False,TN
2013-05-01,127.09394187997437,127.15775753270458,126.11280208387856,126.25637817382812,138874200,5100,False,,0.0,,,False,False,,,-1,False,TN
2013-05-02,126.57547995163031,127.54067523535691,126.45583317627334,127.4290008544922,96407600,5101,False,,0.0,,,False,False,,,-1,False,TN
2013-05-03,128.53778997006205,129.1280758768344,127.45294776158084,128.72125244140625,144202300,5102,False,,0.0,,,False,False,,,-1,False,TN
2013-05-06,128.81695766429988,129.23174124521262,128.7611143909497,129.04827880859375,66882100,5103,False,,0.0,,,False,False,,,-1,False,TN
2013-05-07,129.3274678889551,129.74225146042832,128.96053085247405,129.70237731933594,90359200,5104,False,,0.0,,,False,False,,,-1,False,TN
2013-05-08,129.5587560830934,130.3325041003952,129.48696804146928,130.29261779785156,97419200,5105,False,,0.0,,,False,False,,,-1,False,TN
2013-05-09,130.23684455588852,130.57984013260474,129.59869994653243,129.92575073242188,106738600,5106,False,,0.0,,,False,False,,,-1,False,TN
2013-05-10,130.01348758197958,130.46018512892348,129.63059353751743,130.3485107421875,103203000,5107,False,,0.0,,,False,False,,,-1,False,TN
2013-05-13,130.18101719506748,130.66760114990888,129.87790790153835,130.4522247314453,81843200,5108,False,,0.0,,,False,False,,,-1,False,TN
2013-05-14,130.55587226556133,131.89597676708692,130.55587226556133,131.8002471923828,119000900,5109,False,,0.0,,,False,False,,,-1,False,TN
2013-05-15,131.5849113006613,132.77344321657694,131.54502498359946,132.5102081298828,120718500,5110,False,,0.0,,,False,False,,,-1,False,TN
2013-05-16,132.23901114932235,132.70166568646937,131.6886115763096,131.88803100585938,109913600,5111,False,,0.0,,,False,False,,,-1,False,TN
2013-05-17,132.37458623008484,133.24405183342307,132.19909619636238,133.16429138183594,129801000,5112,False,,0.0,,,False,False,,,-1,False,TN
2013-05-20,133.03669475834502,133.67483939548035,132.9010910008382,133.15634155273438,85071200,5113,False,,0.0,,,False,False,,,-1,False,TN
2013-05-21,133.27599024921045,133.850319161218,132.81333572722684,133.3477783203125,95804200,5114,False,,0.0,,,False,False,,,-1,False,TN
2013-05-22,133.48338633989536,134.86337755487074,131.7524271533222,132.35865783691406,244031800,5115,False,,0.0,,,False,False,,,-1,False,TN
2013-05-23,130.94675505674442,132.34269082817005,130.7712650146091,131.9757537841797,211064400,5116,False,,0.0,,,False,False,,,-1,False,TN
2013-05-24,131.1939829380616,131.91987218250895,130.80311668991547,131.86402893066406,151573900,5117,False,0.025050867988052117,0.0,7.0,2013-06-05,False,False,,,-1,False,TN
2013-05-28,133.24402101587117,133.83430664473917,132.26288126996067,132.65374755859375,143679800,5118,False,0.031189780711940784,0.0,6.0,2013-06-05,False,False,,,-1,False,TN
2013-05-29,131.95186100749757,132.2549824682283,131.09036751773445,131.79232788085938,160363400,5119,False,0.024493496702387985,0.0,5.0,2013-06-05,False,False,,,-1,False,TN
2013-05-30,131.89604867129214,132.8851615002488,131.7923466469922,132.2789306640625,107793800,5120,False,0.028276124984965456,0.0,4.0,2013-06-05,False,False,,,-1,False,TN
2013-05-31,131.91197202262106,132.66179109145585,130.12518156575234,130.38043212890625,176850100,5121,False,0.013518062554162436,0.0,3.0,2013-06-05,False,False,,,-1,False,TN
2013-06-03,130.68353184753795,131.18607266574557,129.75025045057745,131.09832763671875,168390700,5122,False,0.019098655073407134,0.0,2.0,2013-06-05,False,False,,,-1,False,TN
2013-06-04,131.17013047728656,131.69660071073977,129.80609617635716,130.46817016601562,157631500,5123,False,0.014200098070776601,0.0,1.0,2013-06-05,False,False,,,-1,False,TN
2013-06-05,130.0932156405519,130.35645066620137,128.5297746156907,128.64144897460938,211737800,5124,True,0.0,1.0,0.0,2013-06-05,True,True,0.28864333033561707,0.5080128205128205,1,True,TP
2013-06-06,128.58563026159214,129.81406061584704,127.82783895483716,129.8060760498047,200225500,5125,False,0.00905328014009843,0.0,1.0,2013-06-05,False,True,0.14142021536827087,0.33653846153846156,1,False,TN
2013-06-07,130.6994537374818,131.57689162070753,130.13309739817376,131.45724487304688,188337800,5126,False,0.021888714103284634,0.0,2.0,2013-06-05,False,False,,,-1,False,TN
2013-06-10,131.86405598668497,131.93584403528132,131.11423724376664,131.45724487304688,105667100,5127,False,0.021888714103284634,0.0,3.0,2013-06-05,False,False,,,-1,False,TN
2013-06-11,130.2607904539159,131.24990316099667,129.81409282212488,130.10125732421875,159505400,5128,False,0.011347884847732859,0.0,4.0,2013-06-05,False,False,,,-1,False,TN
2013-06-12,130.99460220001524,131.13020591667697,128.904691010204,129.0243377685547,177361500,5129,True,0.002976402994503635,0.6279496256870456,5.0,2013-06-05,False,True,0.22420734167099,0.4310897435897436,1,False,FN
2013-06-13,128.95253813157277,131.2179391445582,128.66537376573012,130.9866180419922,163587800,5130,False,0.018230275592167056,0.0,6.0,2013-06-05,False,False,,,-1,False,TN
2013-06-14,130.8430086116878,131.3535216048868,129.94961391648704,130.16497802734375,141197500,5131,False,0.01184322055510334,0.0,7.0,2013-06-05,False,False,,,-1,False,TN
2013-06-17,131.0504155491519,131.79226186523994,130.19690705478706,131.17007446289062,136295600,5132,False,0.041477304116981806,0.0,5.0,2013-06-24,False,False,,,-1,False,TN
2013-06-18,131.24186672077315,132.4064811252857,131.23389432823788,132.20706176757812,114695600,5133,False,0.0497108798537631,0.0,4.0,2013-06-24,False,False,,,-1,False,TN
2013-06-19,132.09544667757228,132.32676788079294,130.32460101292767,130.38043212890625,206149500,5134,False,0.03520762276944733,0.0,3.0,2013-06-24,False,False,,,-1,False,TN
2013-06-20,129.11207989708947,130.39634115159473,126.81476481534274,127.14978790283205,321255900,5135,False,0.009556629942689687,0.0,2.0,2013-06-24,False,True,0.43337833881378174,0.6730769230769231,1,True,FP
2013-06-21,128.01505146353534,128.11127534953422,126.2749335210686,127.55797576904295,271956800,5136,False,0.012797600874629556,0.0,1.0,2013-06-24,False,True,0.3835248649120331,0.6330128205128205,1,True,FP
2013-06-24,126.22683634050593,127.0447639391498,124.8796405989763,125.9461669921875,222329000,5137,True,0.0,1.0,0.0,2013-06-24,True,True,0.5038111209869385,0.7299679487179487,1,True,TP
2013-06-25,127.08484804683584,128.38393170417783,126.23483774714164,127.1570281982422,162262200,5138,False,0.009614117165866576,0.0,1.0,2013-06-24,False,True,0.3797687888145447,0.6290064102564102,1,True,FP
2013-06-26,128.1994843871715,128.7046842595976,127.7023113292269,128.41600036621094,134848000,5139,False,0.019610230569197418,0.0,2.0,2013-06-24,False,True,0.03512417897582054,0.07051282051282051,1,False,TN
2013-06-27,129.18579541721974,129.76316305765383,129.06550335446582,129.1697540283203,129483700,5140,False,0.025594959442733822,0.0,3.0,2013-06-24,False,True,0.021811876446008682,0.007211538461538462,1,False,TN
2013-06-28,128.80893748671045,129.426390414013,128.19147232340998,128.64053344726562,160402900,5141,False,0.021393000830626674,0.0,4.0,2013-06-24,False,True,0.03614899888634682,0.07852564102564102,1,False,TN
2013-07-01,129.31409239927308,130.29240912974117,129.16975660428346,129.394287109375,131954800,5142,False,0.02737772970416308,0.0,5.0,2013-06-24,False,False,,,-1,False,TN
2013-07-02,129.20185244515054,130.1480988184549,128.70467940595506,129.27403259277344,154863700,5143,False,0.026422920840396547,0.0,6.0,2013-06-24,False,False,,,-1,False,TN
2013-07-03,128.68863334378054,129.72308898353296,128.48014419465062,129.3301544189453,75216400,5144,False,0.02686852254080674,0.0,7.0,2013-06-24,False,False,,,-1,False,TN
2013-07-05,130.2844173564216,130.77357580727158,129.3461978167907,130.7254638671875,122416900,5145,False,,0.0,,,False,False,,,-1,False,TN
2013-07-08,131.39906926493117,131.824074428191,130.77358950632242,131.4712371826172,108092500,5146,False,,0.0,,,False,False,,,-1,False,TN
2013-07-09,132.2972188626734,132.57788824853367,131.72787774644362,132.41751098632812,119298000,5147,False,,0.0,,,False,False,,,-1,False,TN
2013-07-10,132.28915757493667,132.91463724190118,132.01651510184882,132.465576171875,121410100,5148,False,,0.0,,,False,False,,,-1,False,TN
2013-07-11,134.00525423788577,134.4062034741626,132.45758382313733,134.26988220214844,135592200,5149,False,,0.0,,,False,False,,,-1,False,TN
2013-07-12,134.22978013050357,134.6627999066781,134.02129093990092,134.3260040283203,104212700,5150,False,,0.0,,,False,False,,,-1,False,TN
2013-07-15,134.69488229335548,135.0316781707049,134.46232489299567,134.83921813964844,69450600,5151,False,,0.0,,,False,False,,,-1,False,TN
2013-07-16,134.927381187601,135.0075758987068,133.97313264701384,134.333984375,88702100,5152,False,,0.0,,,False,False,,,-1,False,TN
2013-07-17,134.84722177675144,135.10382287138808,134.50239914321205,134.67881774902344,92873900,5153,False,,0.0,,,False,False,,,-1,False,TN
2013-07-18,134.96757988237326,135.73740808462475,134.87937052832365,135.41664123535156,103620100,5154,False,,0.0,,,False,False,,,-1,False,TN
2013-07-19,135.13593640538627,135.705277478786,134.96753233933856,135.65716552734375,103831700,5155,False,,0.0,,,False,False,,,-1,False,TN
2013-07-22,135.8496765281873,136.11430459638513,135.52890967158189,135.92184448242188,79428600,5156,False,,0.0,,,False,False,,,-1,False,TN
2013-07-23,136.16235832701645,136.18641430147215,135.560934493625,135.6331024169922,80829700,5157,False,,0.0,,,False,False,,,-1,False,TN
2013-07-24,136.1543274774179,136.2104662401507,134.86327053055038,135.13592529296875,112914000,5158,False,,0.0,,,False,False,,,-1,False,TN
2013-07-25,134.895380538226,135.58501380867327,134.67084991398747,135.4647216796875,111088600,5159,False,,0.0,,,False,False,,,-1,False,TN
2013-07-26,134.8953502180112,135.6491366739566,134.33402378358335,135.60903930664062,107814600,5160,False,,0.0,,,False,False,,,-1,False,TN
2013-07-29,135.26421503786028,135.5689403426745,134.80713931663738,135.19204711914062,79695000,5161,False,,0.0,,,False,False,,,-1,False,TN
2013-07-30,135.60102313054884,135.74535896798815,134.87129265638765,135.19204711914062,85209600,5162,False,,0.0,,,False,False,,,-1,False,TN
2013-07-31,135.47268694829754,136.2024172635407,135.11183519728584,135.2882537841797,142388700,5163,False,,0.0,,,False,False,,,-1,False,TN
2013-08-01,136.3147496611547,136.97230016124968,136.2425694866062,136.85202026367188,110438400,5164,False,,0.0,,,False,False,,,-1,False,TN
2013-08-02,136.54726321346777,137.10057508603097,136.36283000127966,137.08453369140625,91116700,5165,False,,0.0,,,False,False,,,-1,False,TN
2013-08-05,136.77980999493994,137.09254986785828,136.60339137575545,136.88404846191406,54072700,5166,False,,0.0,,,False,False,,,-1,False,TN
2013-08-06,136.61943093390846,136.91614167203338,135.801503349237,136.10621643066406,87495000,5167,False,,0.0,,,False,False,,,-1,False,TN
2013-08-07,135.67320320728865,135.8656510077868,135.1599886792944,135.66517639160156,84854700,5168,False,,0.0,,,False,False,,,-1,False,TN
2013-08-08,136.3066893572591,136.4670665932966,135.46469357306378,136.162353515625,102181300,5169,False,,0.0,,,False,False,,,-1,False,TN
2013-08-09,135.98592516265728,136.4029157353404,135.29629208460355,135.7694091796875,91757700,5170,False,,0.0,,,False,False,,,-1,False,TN
2013-08-12,135.08781023952872,135.76941653990593,135.02365689902288,135.60903930664062,68593300,5171,False,,0.0,,,False,False,,,-1,False,TN
2013-08-13,135.84963250729336,136.2425549548058,135.0477339796347,136.010009765625,80806000,5172,False,,0.0,,,False,False,,,-1,False,TN
2013-08-14,135.9459031179063,136.16241922083617,135.2803256429773,135.31240844726562,79829200,5173,False,,0.0,,,False,False,,,-1,False,TN
2013-08-15,134.24583057322442,134.26185973327472,133.1873186819031,133.4198760986328,152931800,5174,False,,0.0,,,False,False,,,-1,False,TN
2013-08-16,133.16326929727828,133.62035733733788,132.71420807364115,132.9788360595703,130868200,5175,False,0.015306546256039333,0.0,7.0,2013-08-27,False,True,0.5006887316703796,0.7251602564102564,1,True,FP
2013-08-19,132.82641643452655,133.28350427862458,132.12074210791718,132.12876892089844,96437600,5176,False,0.008816199699959837,0.0,6.0,2013-08-27,False,True,0.4786391258239746,0.7067307692307693,1,True,FP
2013-08-20,132.34533401086352,133.2755392845,132.20099814219634,132.7783660888672,89294400,5177,False,0.013775938231380014,0.0,5.0,2013-08-27,False,True,0.6450707316398621,0.8573717948717948,1,True,FP
2013-08-21,132.409464604604,133.13919511121296,131.66370493934355,131.9604034423828,159530500,5178,True,0.007530712643780024,0.05866091952749697,4.0,2013-08-27,False,True,0.6155063509941101,0.8341346153846154,1,True,TP
2013-08-22,132.23306380378227,133.35572909673166,132.2250492233757,133.16326904296875,101471400,5179,False,0.016714710298820323,0.0,3.0,2013-08-27,False,True,0.07019249349832535,0.2091346153846154,1,False,TN
2013-08-23,133.55619341577685,133.78072400982512,132.93071358435665,133.61231994628906,90888900,5180,False,0.020143258293773947,0.0,2.0,2013-08-27,False,True,0.05487382411956787,0.16185897435897437,1,False,TN
2013-08-26,133.74856055747992,134.15753636399356,133.02685725985583,133.1150665283203,89702100,5181,False,0.01634667933901679,0.0,1.0,2013-08-27,False,True,0.10536027699708939,0.29246794871794873,1,False,TN
2013-08-27,131.80002974206948,133.11514271073557,130.87785141889483,130.9740753173828,158619400,5182,True,0.0,1.0,0.0,2013-08-27,True,True,0.5181513428688049,0.7451923076923077,1,True,TP
2013-08-28,130.91796752691116,131.9043116637726,130.7495756647168,131.439208984375,108113000,5183,True,0.003551341483916115,0.5560823145104856,1.0,2013-08-27,False,True,0.49764111638069153,0.7203525641025641,1,True,TP
2013-08-29,131.1505014087714,132.34532233623182,131.03020929282573,131.64767456054688,119200500,5184,True,0.005142996745972628,0.3571254067534215,2.0,2013-08-27,False,True,0.24471060931682587,0.45032051282051283,1,False,FN
2013-08-30,131.9203002216473,131.93634161558617,130.84575931171435,131.2306671142578,134928900,5185,True,0.00195910371005259,0.7551120362434263,3.0,2013-08-27,False,True,0.6821607351303101,0.8990384615384616,1,True,TP
2013-09-03,132.4976578236043,132.7783271338926,131.2707543558823,131.82406616210938,142375100,5186,True,0.0064897640442722615,0.1887794944659673,4.0,2013-08-27,False,True,0.04742163047194481,0.13862179487179488,1,False,FN
2013-09-04,131.85605502544956,133.13909645477202,131.61549546394278,132.91456604003906,97389400,5187,False,0.014815838309634621,0.0,5.0,2013-08-27,False,True,0.0322691984474659,0.055288461538461536,1,False,TN
2013-09-05,132.99485953090235,133.4358938786728,132.89862339880784,133.08306884765625,63090500,5188,False,0.01610237388706759,0.0,6.0,2013-08-27,False,False,,,-1,False,TN
2013-09-06,133.52409475530175,133.9009879725176,131.896242023922,133.14720153808594,159756500,5189,False,0.016592033312219145,0.0,7.0,2013-08-27,False,False,,,-1,False,TN
2013-09-09,133.47599467635965,134.50242371441064,133.47599467635965,134.4222412109375,87559300,5190,False,,0.0,,,False,False,,,-1,False,TN
2013-09-10,135.2322079445221,135.44069721954654,134.9274824967136,135.41664123535156,105847200,5191,False,,0.0,,,False,False,,,-1,False,TN
2013-09-11,135.23217525722728,135.84161376953125,134.99963005421694,135.84161376953125,94545900,5192,False,,0.0,,,False,False,,,-1,False,TN
2013-09-12,135.79349861457217,135.96991727587385,135.29632542508628,135.4807586669922,83209000,5193,False,,0.0,,,False,False,,,-1,False,TN
2013-09-13,135.6250994291586,135.88972740678804,135.31235949850569,135.7854766845703,72727800,5194,False,,0.0,,,False,False,,,-1,False,TN
2013-09-16,137.25296880949048,137.3171221665103,136.35483404721455,136.57135009765625,106299200,5195,False,,0.0,,,False,False,,,-1,False,TN
2013-09-17,136.69158193145432,137.212810902807,136.69158193145432,137.1807403564453,82523300,5196,False,,0.0,,,False,False,,,-1,False,TN
2013-09-18,137.1326596182019,139.1454327068184,136.78784913261433,138.76853942871094,203460600,5197,False,,0.0,,,False,False,,,-1,False,TN
2013-09-19,139.14541558871983,139.20956892986706,138.39964370438193,138.5359649658203,146616900,5198,False,,0.0,,,False,False,,,-1,False,TN
2013-09-20,138.86476348145015,138.86476348145015,137.45460080803025,137.56741333007812,132867100,5199,False,,0.0,,,False,False,,,-1,False,TN
2013-09-23,137.38207902739327,137.51099883946577,136.49568615640555,136.93081665039062,104616500,5200,False,,0.0,,,False,False,,,-1,False,TN
2013-09-24,136.90663471168008,137.41429716875078,136.35063808684285,136.60848999023438,106333100,5201,False,,0.0,,,False,False,,,-1,False,TN
2013-09-25,136.6970815860021,136.9710529801709,136.0927264129393,136.21359252929688,117306500,5202,False,,0.0,,,False,False,,,-1,False,TN
2013-09-26,136.43925157515142,137.124180170023,136.22168023530307,136.73739624023438,77146900,5203,False,,0.0,,,False,False,,,-1,False,TN
2013-09-27,136.05247431714568,136.2942189178306,135.75432961049762,136.10888671875,99141800,5204,False,0.020727794615657213,0.0,7.0,2013-10-08,False,False,,,-1,False,TN
2013-09-30,134.95657493736573,135.81072852943117,134.69065710850063,135.38365173339844,143937000,5205,False,0.015289005679666179,0.0,6.0,2013-10-08,False,False,,,-1,False,TN
2013-10-01,135.48840200465435,136.58430012580797,135.3514162764652,136.4553680419922,127160000,5206,False,0.023326178347053972,0.0,5.0,2013-10-08,False,False,,,-1,False,TN
2013-10-02,135.65760705690312,136.4553480805799,135.23858399361887,136.326416015625,113350000,5207,False,0.02235912233287185,0.0,4.0,2013-10-08,False,False,,,-1,False,TN
2013-10-03,136.01217454222467,136.13305298420312,134.4408531616289,135.0693817138672,176698000,5208,False,0.012932185697640985,0.0,3.0,2013-10-08,False,False,,,-1,False,TN
2013-10-04,135.17415374885655,136.22975918191753,134.99687518651817,136.0927734375,96878000,5209,False,0.020606955525493298,0.0,2.0,2013-10-08,False,False,,,-1,False,TN
2013-10-07,134.90825189571012,135.73823240156003,134.771266135056,134.9163055419922,96295000,5210,False,0.011784214341082455,0.0,1.0,2013-10-08,False,False,,,-1,False,TN
2013-10-08,134.8920881647861,135.06936669012342,133.24824727923166,133.34494018554688,178015000,5211,True,0.0,1.0,0.0,2013-10-08,True,True,0.45386624336242676,0.6875,1,True,TP
2013-10-09,133.60279406185512,133.92511192189352,132.57941579799402,133.44163513183594,168973000,5212,True,0.0007251489719408699,0.9093563785073913,1.0,2013-10-08,False,True,0.3765505254268646,0.6266025641025641,1,True,TP
2013-10-10,134.8034534734031,136.39089431598467,134.75510701860603,136.31837463378906,195955000,5213,False,0.02229881721874638,0.0,2.0,2013-10-08,False,False,,,-1,False,TN
2013-10-11,136.10885379453765,137.24504453596774,135.9960413142591,137.19668579101562,105040000,5214,False,0.028885577511295946,0.0,3.0,2013-10-08,False,False,,,-1,False,TN
2013-10-14,136.35066197986046,137.85751773313032,136.24590309369086,137.7447052001953,112106000,5215,False,0.032995365317396,0.0,4.0,2013-10-08,False,False,,,-1,False,TN
2013-10-15,137.3981852823111,137.91390141363706,136.56015117977225,136.7454833984375,155485000,5216,False,0.02550185412478978,0.0,5.0,2013-10-08,False,False,,,-1,False,TN
2013-10-16,137.56739834353596,138.72776261284324,137.5029322957254,138.65524291992188,161676000,5217,False,0.039823803790273615,0.0,6.0,2013-10-08,False,False,,,-1,False,TN
2013-10-17,138.09120638897477,139.66254061208676,138.0670331512941,139.5819549560547,129389000,5218,False,0.04677353907714177,0.0,7.0,2013-10-08,False,False,,,-1,False,TN
2013-10-18,140.09759676223763,140.62136636127076,139.81555941159624,140.52467346191406,138316000,5219,False,,0.0,,,False,False,,,-1,False,TN
2013-10-21,140.57303817317387,140.81478274860845,140.2184811019551,140.53274536132812,104104000,5220,False,,0.0,,,False,False,,,-1,False,TN
2013-10-22,140.9436999090253,141.7656141646055,140.55690371101733,141.3466033935547,126663000,5221,False,,0.0,,,False,False,,,-1,False,TN
2013-10-23,140.86312458702778,140.9275906247398,140.17819599066178,140.66973876953125,105484000,5222,False,,0.0,,,False,False,,,-1,False,TN
2013-10-24,140.95178327932393,141.31439403274808,140.62139940137791,141.13711547851562,70350000,5223,False,,0.0,,,False,False,,,-1,False,TN
2013-10-25,141.42721167748454,141.82206161637018,141.15324019122508,141.78176879882812,93625000,5224,False,,0.0,,,False,False,,,-1,False,TN
2013-10-28,141.73339855482695,142.2007681094842,141.58029325124136,142.0073699951172,84979000,5225,False,,0.0,,,False,False,,,-1,False,TN
2013-10-29,142.3297163645197,142.82125920239216,142.12826458335297,142.7648468017578,87401000,5226,False,0.012805012370175506,0.0,7.0,2013-11-07,False,False,,,-1,False,TN
2013-10-30,142.93406416185863,143.03881072149943,141.54807499695318,142.05572509765625,140002000,5227,True,0.007774348082825844,0.028206489646769528,6.0,2013-11-07,False,False,,,-1,False,FN
2013-10-31,141.9429383841291,142.53924015965924,141.44334183705726,141.65284729003906,133795000,5228,True,0.004916244900786904,0.38546938740163705,5.0,2013-11-07,False,False,,,-1,False,FN
2013-11-01,141.8382123860879,142.31363576893935,141.19356405061174,141.99131774902344,142805000,5229,True,0.007317428280856797,0.08532146489290038,4.0,2013-11-07,False,False,,,-1,False,FN
2013-11-04,142.37806273858112,142.5472753490999,141.80593427033165,142.49087524414062,85677000,5230,False,0.010861398287173252,0.0,3.0,2013-11-07,False,False,,,-1,False,TN
2013-11-05,141.93489870815043,142.4264416577483,141.47559493642595,142.03965759277344,85825000,5231,True,0.007660361692995554,0.04245478837555572,2.0,2013-11-07,False,False,,,-1,False,FN
2013-11-06,142.6520342961301,143.0307646283748,142.25718437861258,142.7648468017578,87348000,5232,False,0.012805012370175506,0.0,1.0,2013-11-07,False,False,,,-1,False,TN
2013-11-07,143.03078462784882,143.14359714925072,140.8228683711059,140.95985412597656,157000000,5233,True,0.0,1.0,0.0,2013-11-07,True,False,,,-1,False,FN
2013-11-08,140.91147490366853,142.8776460730375,140.89536761552864,142.8615264892578,136713000,5234,False,0.013490879194452798,0.0,1.0,2013-11-07,False,False,,,-1,False,TN
2013-11-11,142.72457090694638,143.05495481818193,142.55535827626446,142.8857421875,62614000,5235,False,0.013662670648071584,0.0,2.0,2013-11-07,False,False,,,-1,False,TN
2013-11-12,142.57946147542145,142.9178988661902,142.12014568361192,142.5955810546875,83990000,5236,False,0.011604204181774103,0.0,3.0,2013-11-07,False,False,,,-1,False,TN
2013-11-13,141.89456309997814,143.78014868079342,141.89456309997814,143.7398681640625,103844000,5237,False,0.019722026922654345,0.0,4.0,2013-11-07,False,False,,,-1,False,TN
2013-11-14,143.86878325897206,144.57789738753198,143.6351046278637,144.45703125,103435000,5238,False,0.024809738529510517,0.0,5.0,2013-11-07,False,False,,,-1,False,TN
2013-11-15,144.69073659960168,145.14198665723475,144.5054043892828,145.08558654785156,102818000,5239,False,0.02926884712996225,0.0,6.0,2013-11-07,False,False,,,-1,False,TN
2013-11-18,145.3273030512015,145.4481691876723,144.2555782238156,144.57789611816406,104796000,5240,False,0.025667180309040694,0.0,7.0,2013-11-07,False,False,,,-1,False,TN
2013-11-19,144.50538594190505,144.94051635746246,144.01384312852406,144.26364135742188,93891000,5241,False,,0.0,,,False,False,,,-1,False,TN
2013-11-20,144.55370356530068,144.9888338940619,143.41751285181596,143.81236267089844,124909000,5242,False,,0.0,,,False,False,,,-1,False,TN
2013-11-21,144.2153327535336,145.08560610871956,144.12669345914492,144.97279357910156,92841000,5243,False,,0.0,,,False,False,,,-1,False,TN
2013-11-22,145.02916140581752,145.71410237319768,144.85994879688698,145.69798278808594,81296000,5244,False,,0.0,,,False,False,,,-1,False,TN
2013-11-25,145.9558362680311,145.98806314025146,145.34341503508614,145.5529327392578,79486000,5245,False,,0.0,,,False,False,,,-1,False,TN
2013-11-26,145.62547037300584,146.0283739514403,145.3756721216791,145.59323120117188,86994000,5246,False,,0.0,,,False,False,,,-1,False,TN
2013-11-27,145.74636311544003,146.04452017890773,145.56908452493826,145.94781494140625,58800000,5247,False,,0.0,,,False,False,,,-1,False,TN
2013-11-29,146.10893837341948,146.45542949866194,145.6899152699014,145.85107421875,55870900,5248,False,,0.0,,,False,False,,,-1,False,TN
2013-12-02,145.92363168366563,146.1976031972084,145.2467565458625,145.47238159179688,99726000,5249,False,,0.0,,,False,False,,,-1,False,TN
2013-12-03,144.99691633540252,145.35952703324722,144.37644149069266,144.84381103515625,116563000,5250,False,,0.0,,,False,False,,,-1,False,TN
2013-12-04,144.32007808369804,145.43208368675005,143.7157226684324,144.82772827148438,123033000,5251,False,0.009095588949803446,0.0,7.0,2013-12-13,False,False,,,-1,False,TN
2013-12-05,144.5698619312295,144.83577976289334,144.05414585348058,144.19113159179688,106934000,5252,True,0.004660064695714672,0.417491913035666,6.0,2013-12-13,False,False,,,-1,False,FN
2013-12-06,145.58517825760637,145.93973537563994,145.16615509123565,145.80274963378906,127728000,5253,False,0.015889106790455854,0.0,5.0,2013-12-13,False,False,,,-1,False,TN
2013-12-09,146.22981327698673,146.3909722354961,145.98001504695117,146.17340087890625,70124000,5254,False,0.018471640818645607,0.0,4.0,2013-12-13,False,False,,,-1,False,TN
2013-12-10,145.8349598685916,146.1411704893403,145.5609884161533,145.64962768554688,80976000,5255,False,0.014822220743241576,0.0,3.0,2013-12-13,False,False,,,-1,False,TN
2013-12-11,145.70603947739014,145.73021270570257,143.83656118362848,144.0138397216797,130591000,5256,True,0.0034247733172809713,0.5719033353398786,2.0,2013-12-13,False,False,,,-1,False,FN
2013-12-12,143.94944003239192,144.12671865215714,143.24032555333102,143.53848266601562,115565000,5257,True,0.00011269548680092889,0.9859130641498839,1.0,2013-12-13,False,True,0.5555281043052673,0.7748397435897436,1,True,TP
2013-12-13,143.83657263833808,143.96550473003217,143.2483368764902,143.52230834960938,107808000,5258,True,0.0,1.0,0.0,2013-12-13,True,True,0.323738157749176,0.563301282051282,1,True,TP
2013-12-16,144.19917668920297,144.89217128031646,144.1588838754651,144.416748046875,96195000,5259,True,0.006232060420090502,0.2209924474886873,1.0,2013-12-13,False,False,,,-1,False,FN
2013-12-17,144.5456453495469,144.56981857284455,143.63507961987722,143.9573974609375,89886000,5260,True,0.0030315085949446097,0.6210614256319238,2.0,2013-12-13,False,False,,,-1,False,FN
2013-12-18,144.1750181715789,146.43933436439374,142.88573406989343,146.4151611328125,234906000,5261,False,0.020156119396828265,0.0,3.0,2013-12-13,False,False,,,-1,False,TN
2013-12-19,145.99610015680534,146.41512322178596,145.61738219487955,146.24591064453125,136531200,5262,False,0.018976856812303877,0.0,4.0,2013-12-13,False,False,,,-1,False,TN
2013-12-20,146.39179475125417,147.44503387548656,146.29457686244396,147.09664916992188,197087000,5263,False,0.024904426785038014,0.0,5.0,2013-12-13,False,False,,,-1,False,TN
2013-12-23,147.81761502554895,147.971551491471,147.50975445609367,147.88243103027344,85598000,5264,False,0.030379407430119798,0.0,6.0,2013-12-13,False,False,,,-1,False,TN
2013-12-24,147.89061825658763,148.27140478922536,147.88252088697277,148.2065887451172,45368800,5265,False,0.03263799509200527,0.0,7.0,2013-12-13,False,False,,,-1,False,TN
2013-12-26,148.53867834036276,149.04099929402494,148.52248361072682,148.95997619628906,63365000,5266,False,,0.0,,,False,False,,,-1,False,TN
2013-12-27,149.15451083160573,149.21931451256089,148.79802877437126,148.95196533203125,61814000,5267,False,,0.0,,,False,False,,,-1,False,TN
2013-12-30,148.96808097560404,149.08961562825692,148.73313376029856,148.92758178710938,56857000,5268,False,,0.0,,,False,False,,,-1,False,TN
2013-12-31,149.13021367539196,149.6325225830078,149.01677632216584,149.6325225830078,86119900,5269,False,,0.0,,,False,False,,,-1,False,TN
2014-01-02,149.05724655469206,149.1301723133106,147.84197383469942,148.19845581054688,119636900,5270,True,0.006769546019768979,0.15380674752887757,7.0,2014-01-13,False,False,,,-1,False,FN
2014-01-03,148.44957682963818,148.7493524396206,147.96347526833182,148.1741180419922,81390600,5271,True,0.0066042101256469365,0.17447373429413293,6.0,2014-01-13,False,False,,,-1,False,FN
2014-01-06,148.66026035062836,148.71696664719906,147.51790106549373,147.7447509765625,108028200,5272,True,0.003687353244957947,0.5390808443802566,5.0,2014-01-13,False,False,,,-1,False,FN
2014-01-07,148.33623590027486,148.90336089083033,148.22281090216376,148.65220642089844,86144200,5273,False,0.009852049771183369,0.0,4.0,2014-01-13,False,False,,,-1,False,TN
2014-01-08,148.62783639847098,148.93570941287723,148.17413660611993,148.68455505371094,96582300,5274,False,0.010071806570894237,0.0,3.0,2014-01-13,False,False,,,-1,False,TN
2014-01-09,149.1626469787468,149.17885408439705,148.1013102630456,148.7818603515625,90683400,5275,False,0.01073283917077883,0.0,2.0,2014-01-13,False,False,,,-1,False,TN
2014-01-10,149.03296835757862,149.2517209472044,148.27139534083344,149.18690490722656,102026400,5276,False,0.01348446381621371,0.0,1.0,2014-01-13,False,False,,,-1,False,TN
2014-01-13,148.8061221845073,149.21931054218263,146.9183966952136,147.20196533203125,149892000,5277,True,0.0,1.0,0.0,2014-01-13,True,False,,,-1,False,FN
2014-01-14,147.68809703327938,148.8871755028038,147.41263807233395,148.80615234375,105016100,5278,False,0.010897864088297515,0.0,1.0,2014-01-13,False,False,,,-1,False,TN
2014-01-15,149.15451537714114,149.8350653094763,148.8385448826715,149.60821533203125,98525800,5279,False,0.016346588814710517,0.0,2.0,2014-01-13,False,False,,,-1,False,TN
2014-01-16,149.30030184857904,149.60817489005757,148.93572250926636,149.41372680664062,72290600,5280,False,0.015025352885883692,0.0,3.0,2014-01-13,False,False,,,-1,False,TN
2014-01-17,149.15454960712142,149.43810596280375,148.52260847315583,148.7818603515625,107848700,5281,False,0.01073283917077883,0.0,4.0,2014-01-13,False,False,,,-1,False,TN
2014-01-21,149.640612675958,149.69733134981286,148.3038173231638,149.2193145751953,88621200,5282,False,0.013704635251395647,0.0,5.0,2014-01-13,False,False,,,-1,False,TN
2014-01-22,149.4704801355454,149.53529617838467,149.00057309675756,149.31654357910156,61270900,5283,False,0.014365149556941237,0.0,6.0,2014-01-13,False,False,,,-1,False,TN
2014-01-23,148.56298539109798,148.5872898483653,147.3072138909895,148.09307861328125,132496900,5284,True,0.006053677878824493,0.2432902651469384,7.0,2014-01-13,False,False,,,-1,False,FN
2014-01-24,147.12899310444652,147.1776020256356,144.88478646455312,144.9333953857422,208677100,5285,False,0.027099690475860916,0.0,6.0,2014-02-03,False,True,0.6491374969482422,0.8629807692307693,1,True,FP
2014-01-27,145.07115235403123,145.44384142462874,143.4993976707869,144.220458984375,180843100,5286,False,0.02204732310929014,0.0,5.0,2014-02-03,False,True,0.6090766191482544,0.8229166666666666,1,True,FP
2014-01-28,144.32580904187628,145.26562305107743,144.30960194174656,145.07928466796875,110463200,5287,False,0.028133564250913512,0.0,4.0,2014-02-03,False,True,0.5275245308876038,0.7532051282051282,1,True,FP
2014-01-29,143.87212942500952,144.65800699978388,143.30500446444992,143.685791015625,216597300,5288,False,0.01825829088694486,0.0,3.0,2014-02-03,False,True,0.7532579898834229,0.9455128205128205,1,True,FP
2014-01-30,144.88487069404655,145.67884571396158,144.4230609494931,145.2089385986328,118938100,5289,False,0.029052382937936105,0.0,2.0,2014-02-03,False,True,0.0446024090051651,0.12980769230769232,1,False,TN
2014-01-31,143.41027360753938,145.2574870921497,143.33736021371362,144.35818481445312,194677900,5290,False,0.02302334493688396,0.0,1.0,2014-02-03,False,True,0.46417585015296936,0.6923076923076923,1,True,FP
2014-02-03,144.18806858252796,144.51213638599648,140.83391613081236,141.109375,254837100,5291,True,0.0,1.0,0.0,2014-02-03,True,True,0.5943244099617004,0.8141025641025641,1,True,TP
2014-02-04,141.7412963681093,142.4623576396503,141.0607466570264,142.0977783203125,165012400,5292,True,0.007004519156239564,0.12443510547005454,1.0,2014-02-03,False,True,0.35432860255241394,0.5969551282051282,1,True,TP
2014-02-05,141.6036004563468,142.2355413893563,140.73671219691906,141.91957092285156,164230500,5293,True,0.005741616549939099,0.2822979312576126,2.0,2014-02-03,False,True,0.49117350578308105,0.7155448717948718,1,True,TP
2014-02-06,142.2517209370423,143.7910614013672,141.96005499657736,143.7910614013672,132877600,5294,False,0.019004310672959823,0.0,3.0,2014-02-03,False,True,0.03420083224773407,0.06650641025641026,1,False,TN
2014-02-07,144.46352587406375,145.72740760114038,143.99361891049014,145.57347106933594,170787200,5295,False,0.03163571569455215,0.0,4.0,2014-02-03,False,False,,,-1,False,TN
2014-02-10,145.58972686434663,145.88950266006307,145.19274553101138,145.84088134765625,92218800,5296,False,0.033530772478130855,0.0,5.0,2014-02-03,False,False,,,-1,False,TN
2014-02-11,145.9623802155983,147.80959403636945,145.86514997707675,147.43690490722656,117814100,5297,False,0.04484131481148257,0.0,6.0,2014-02-03,False,False,,,-1,False,TN
2014-02-12,147.6556076487537,148.12551449540263,147.21811499146872,147.50978088378906,94717700,5298,False,0.04535776509384348,0.0,7.0,2014-02-03,False,False,,,-1,False,TN
2014-02-13,146.51329949081497,148.42532936929877,146.50520212185364,148.27139282226562,100542200,5299,False,,0.0,,,False,False,,,-1,False,TN
2014-02-14,148.1336548379803,149.3651347808746,147.99592539920312,149.0896759033203,96498400,5300,False,,0.0,,,False,False,,,-1,False,TN
2014-02-18,149.21933828267066,149.47050512656585,148.78994274416328,149.26795959472656,80460900,5301,False,,0.0,,,False,False,,,-1,False,TN
2014-02-19,148.87899129413591,149.84310953755224,148.1579300438956,148.2794647216797,126524300,5302,False,,0.0,,,False,False,,,-1,False,TN
2014-02-20,148.4820579574759,149.4947854530835,147.93923750331774,149.15451049804688,104998100,5303,False,,0.0,,,False,False,,,-1,False,TN
2014-02-21,149.43804435438753,149.79452635733034,148.91143108065475,148.98434448242188,118116400,5304,False,,0.0,,,False,False,,,-1,False,TN
2014-02-24,149.30034186875469,150.81537829234057,149.23552582357502,149.81076049804688,114063900,5305,False,,0.0,,,False,False,,,-1,False,TN
2014-02-25,149.93217767618395,150.36157285717405,149.2597255868779,149.75393676757812,117085000,5306,False,,0.0,,,False,False,,,-1,False,TN
2014-02-26,149.97277358306116,150.36976716870453,149.3408326833969,149.7621307373047,98677200,5307,False,,0.0,,,False,False,,,-1,False,TN
2014-02-27,149.5433590032566,150.58848809192418,149.3732153848072,150.54798889160156,93880800,5308,False,,0.0,,,False,False,,,-1,False,TN
2014-02-28,150.5236810461113,151.62552886080928,149.92415438675698,150.92877197265625,150842000,5309,False,,0.0,,,False,False,,,-1,False,TN
2014-03-03,149.60007015290114,150.24821809019593,148.8709114499405,149.867431640625,167748500,5310,False,,0.0,,,False,False,,,-1,False,TN
2014-03-04,151.3338265201049,152.2979446715008,151.30142469322374,151.973876953125,167545900,5311,False,,0.0,,,False,False,,,-1,False,TN
2014-03-05,152.10355119120092,152.37091269612452,151.8685915221494,152.1116485595703,88376900,5312,False,0.01673326041610146,0.0,7.0,2014-03-14,False,False,,,-1,False,TN
2014-03-06,152.48433880273475,152.80840661345044,152.13595416194056,152.46002197265625,82516500,5313,False,0.01906183182718868,0.0,6.0,2014-03-14,False,False,,,-1,False,TN
2014-03-07,153.09196321768718,153.09196321768718,151.85237365101298,152.5248260498047,114513500,5314,False,0.0194949903740278,0.0,5.0,2014-03-14,False,False,,,-1,False,TN
2014-03-10,152.28991109870154,152.50055396764373,151.56884961523474,152.44384765625,74939200,5315,False,0.01895372067587009,0.0,4.0,2014-03-14,False,False,,,-1,False,TN
2014-03-11,152.67064821538273,152.88940074543723,151.34195066366033,151.69032287597656,99009100,5316,False,0.013917066915906995,0.0,3.0,2014-03-14,False,False,,,-1,False,TN
2014-03-12,150.95308259567648,151.78756888106017,150.6127953524619,151.73085021972656,104824400,5317,False,0.014187956744116326,0.0,2.0,2014-03-14,False,False,,,-1,False,TN
2014-03-13,152.18458230343956,152.30611701959188,149.60820950463884,150.0294952392578,155014300,5318,True,0.002815887525237759,0.6480140593452801,1.0,2014-03-14,False,False,,,-1,False,FN
2014-03-14,149.76215189438253,150.53182234374228,149.42997429798206,149.60821533203125,153919600,5319,True,0.0,1.0,0.0,2014-03-14,True,True,0.8022623062133789,0.9583333333333334,1,True,TP
2014-03-17,150.3616730332421,151.3176942129153,150.29685699034934,150.96121215820312,98359500,5320,False,0.00904359979944358,0.0,1.0,2014-03-14,False,False,,,-1,False,TN
2014-03-18,151.26913244012908,152.2413486618851,151.10708610116976,152.03880310058594,101804600,5321,False,0.016246352268559416,0.0,2.0,2014-03-14,False,False,,,-1,False,TN
2014-03-19,152.05495340782747,152.26560864195244,150.26445809214343,151.22857666015625,176267300,5322,False,0.010830697529068622,0.0,3.0,2014-03-14,False,False,,,-1,False,TN
2014-03-20,150.89637573486004,152.22507352871418,150.62901422993644,152.1116485595703,117241000,5323,False,0.01673326041610146,0.0,4.0,2014-03-14,False,False,,,-1,False,TN
2014-03-21,152.7504340600702,153.8164544560838,151.38331492922305,151.5216522216797,163128000,5324,False,0.012789651192629092,0.0,5.0,2014-03-14,False,False,,,-1,False,TN
2014-03-24,152.0425126243319,152.2296858687013,150.23596921692155,150.89511108398438,121411000,5325,False,0.008601771962168492,0.0,6.0,2014-03-14,False,False,,,-1,False,TN
2014-03-25,151.65999900609629,152.123846795383,150.76487310177328,151.61117553710938,103852000,5326,False,0.0133880362160117,0.0,7.0,2014-03-14,False,False,,,-1,False,TN
2014-03-26,152.20525467344078,152.44938449879717,150.48009209698395,150.52078247070312,119843000,5327,False,,0.0,,,False,False,,,-1,False,TN
2014-03-27,150.34173697892018,150.8218510479306,149.65003795837768,150.20339965820312,142383000,5328,False,,0.0,,,False,True,0.726651668548584,0.9270833333333334,1,True,FP
2014-03-28,150.6347072707036,151.70072800493435,150.54519341577802,150.94393920898438,101642000,5329,False,,0.0,,,False,False,,,-1,False,TN
2014-03-31,151.90415725506446,152.416828609481,150.96834081210383,152.1808319091797,99745000,5330,False,,0.0,,,False,False,,,-1,False,TN
2014-04-01,152.6772090689357,153.27939421088394,152.17268329027638,153.18988037109375,89193000,5331,False,,0.0,,,False,False,,,-1,False,TN
2014-04-02,153.38518018691502,153.90598457356617,153.10036004956183,153.70254516601562,78774000,5332,False,0.040603801341011714,0.0,7.0,2014-04-11,False,False,,,-1,False,TN
2014-04-03,153.93852337104022,153.97921373434386,153.02711883442527,153.4990997314453,77435000,5333,False,0.039226426019407956,0.0,6.0,2014-04-11,False,False,,,-1,False,TN
2014-04-04,154.33729107895064,154.3698359240624,151.4403156026668,151.68443298339844,169381000,5334,False,0.026940688563694026,0.0,5.0,2014-04-11,False,False,,,-1,False,TN
2014-04-07,151.3182990827319,151.57056207846222,149.69892859389728,150.00814819335938,140803000,5335,False,0.015591830789343675,0.0,4.0,2014-04-11,False,False,,,-1,False,TN
2014-04-08,149.94299048633408,150.8706737747982,149.39777431317123,150.62655639648438,112660000,5336,False,0.019778605486257428,0.0,3.0,2014-04-11,False,True,0.4615793228149414,0.6899038461538461,1,True,FP
2014-04-09,151.03335918454007,152.29467306044876,150.59392329097437,152.245849609375,100254000,5337,False,0.03074161635247097,0.0,2.0,2014-04-11,False,False,,,-1,False,TN
2014-04-10,152.23773324892542,152.31096843359015,148.86063264716435,149.0478057861328,172959000,5338,False,0.009090077949339914,0.0,1.0,2014-04-11,False,False,,,-1,False,TN
2014-04-11,148.21782573907478,149.25943459298824,147.54240536370077,147.7051544189453,167251000,5339,True,0.0,1.0,0.0,2014-04-11,True,True,0.5255376696586609,0.7524038461538461,1,True,TP
2014-04-14,148.86067466742165,149.21873000501265,147.6481837669817,148.8688201904297,132382000,5340,True,0.007878301715753322,0.015212285530834757,1.0,2014-04-11,False,True,0.36557480692863464,0.6121794871794872,1,True,TP
2014-04-15,149.178021152822,149.99991170423647,147.70510974342594,149.8941192626953,157093000,5341,False,0.014819827055874368,0.0,2.0,2014-04-11,False,True,0.036402441561222076,0.08012820512820513,1,False,TN
2014-04-16,150.92762342355442,151.47283952681371,150.26033622983206,151.46470642089844,105197000,5342,False,0.025453086026298477,0.0,3.0,2014-04-11,False,False,,,-1,False,TN
2014-04-17,151.26127286711665,152.0994422361472,151.00086446429438,151.67628479003906,105255000,5343,False,0.026885523302932146,0.0,4.0,2014-04-11,False,False,,,-1,False,TN
2014-04-21,151.71698355599767,152.254066603841,151.52982276670323,152.20523071289062,68329000,5344,False,0.030466616494516208,0.0,5.0,2014-04-11,False,False,,,-1,False,TN
2014-04-22,152.359889457536,153.31198471873248,152.27852111700858,152.89697265625,85790000,5345,False,0.03514987853828577,0.0,6.0,2014-04-11,False,False,,,-1,False,TN
2014-04-23,152.83996290015287,152.9213312123795,152.41680545892427,152.5388641357422,73869000,5346,False,0.032725396319526645,0.0,7.0,2014-04-11,False,False,,,-1,False,TN
2014-04-24,153.2875224162851,153.30380104580553,152.11570942993745,152.8480987548828,88170000,5347,False,,0.0,,,False,False,,,-1,False,TN
2014-04-25,152.35172608679613,152.44123993546825,151.25314816372554,151.5949249267578,100380000,5348,False,,0.0,,,False,False,,,-1,False,TN
2014-04-28,152.21342586137837,152.73423044869838,150.5126747390165,152.07508850097656,135121000,5349,False,,0.0,,,False,False,,,-1,False,TN
2014-04-29,152.56328670990428,153.0189890250075,152.23778860396104,152.7830047607422,84098000,5350,False,,0.0,,,False,False,,,-1,False,TN
2014-04-30,152.5307280914862,153.3933091695997,152.3191431664696,153.2386932373047,101508000,5351,False,,0.0,,,False,False,,,-1,False,TN
2014-05-01,153.16546053018055,153.6699862821443,152.76671482549432,153.25497436523438,93019000,5352,False,,0.0,,,False,False,,,-1,False,TN
2014-05-02,153.23862608050257,153.9140460894458,152.80733573045876,153.03518676757812,98122000,5353,False,,0.0,,,False,False,,,-1,False,TN
2014-05-05,152.28660774301932,153.4340090217849,151.8634502837737,153.32821655273438,75883000,5354,False,,0.0,,,False,False,,,-1,False,TN
2014-05-06,152.98646838355685,153.09226087235527,151.96113801236797,151.99368286132812,85454000,5355,False,,0.0,,,False,False,,,-1,False,TN
2014-05-07,152.50632684972695,152.96202915503147,151.3670586695092,152.8887939453125,106500000,5356,False,,0.0,,,False,False,,,-1,False,TN
2014-05-08,152.75045259526684,153.84088485656233,152.23778130687074,152.7260284423828,93618000,5357,False,,0.0,,,False,False,,,-1,False,TN
2014-05-09,152.75041805717186,153.018947091661,152.03430751999167,152.953857421875,83679000,5358,False,,0.0,,,False,False,,,-1,False,TN
2014-05-12,153.63745727644346,154.51631708838772,152.98644862867468,154.4430694580078,86940000,5359,False,,0.0,,,False,False,,,-1,False,TN
2014-05-13,154.64651058867025,154.9557424935837,154.42680494598076,154.5814208984375,66454000,5360,False,,0.0,,,False,False,,,-1,False,TN
2014-05-14,154.44306918822426,154.5163168184762,153.62931148417408,153.84902954101562,72367000,5361,False,,0.0,,,False,False,,,-1,False,TN
2014-05-15,153.5397930407276,153.57235030141035,151.74952862883643,152.49818420410156,154956000,5362,False,,0.0,,,False,False,,,-1,False,TN
2014-05-16,152.5876940379748,153.092232229652,151.9448309513776,153.02713012695312,97458000,5363,False,,0.0,,,False,False,,,-1,False,TN
2014-05-19,152.73420538036694,153.7107122691974,152.59586804267053,153.58865356445312,63839000,5364,False,,0.0,,,False,False,,,-1,False,TN
2014-05-20,153.51534981287222,153.53162843987434,152.22962386965224,152.62022399902344,111644000,5365,False,,0.0,,,False,False,,,-1,False,TN
2014-05-21,153.05959980412635,153.9791494798533,153.03518807972213,153.90591430664062,89093000,5366,False,,0.0,,,False,False,,,-1,False,TN
2014-05-22,153.94664512553845,154.59765363952744,153.68624917011562,154.28028869628906,61549000,5367,False,,0.0,,,False,False,,,-1,False,TN
2014-05-23,154.41863153287755,155.00453797481188,154.28029423644236,154.8987579345703,61092800,5368,False,,0.0,,,False,False,,,-1,False,TN
2014-05-27,155.47655707675784,155.89971459261952,155.38704322565167,155.85089111328125,72010000,5369,False,,0.0,,,False,False,,,-1,False,TN
2014-05-28,155.85089458745549,156.09502440654688,155.47656054258755,155.73696899414062,66723000,5370,False,,0.0,,,False,False,,,-1,False,TN
2014-05-29,156.09498476900586,156.56695323792064,155.69623908517897,156.54254150390625,64377000,5371,False,,0.0,,,False,False,,,-1,False,TN
2014-05-30,156.39606654941716,156.8924591548588,156.26586236049198,156.7947998046875,76316000,5372,False,,0.0,,,False,False,,,-1,False,TN
2014-06-02,157.0145520643685,157.04710932717757,156.2170729629523,156.97386169433594,64656000,5373,False,,0.0,,,False,False,,,-1,False,TN
2014-06-03,156.59141823964956,156.97388542525232,156.44494778573844,156.89251708984375,65047000,5374,False,,0.0,,,False,False,,,-1,False,TN
2014-06-04,156.62396278280292,157.2993832383143,156.4612137082485,157.20986938476562,55529000,5375,False,,0.0,,,False,False,,,-1,False,TN
2014-06-05,157.3888659864315,158.39791749942088,156.81109260644888,158.23516845703125,92103000,5376,False,,0.0,,,False,False,,,-1,False,TN
2014-06-06,158.57691909004092,159.03262130056513,158.50368389555396,158.991943359375,78696000,5377,False,,0.0,,,False,False,,,-1,False,TN
2014-06-09,158.96754809579812,159.5371759179628,158.82106527469563,159.1547088623047,65119000,5378,False,,0.0,,,False,False,,,-1,False,TN
2014-06-10,158.95940506942534,159.20353483045977,158.61762837075932,159.17098999023438,57129000,5379,False,,0.0,,,False,False,,,-1,False,TN
2014-06-11,158.6013361189016,158.780363767152,158.25955944959293,158.61761474609375,68772000,5380,False,,0.0,,,False,False,,,-1,False,TN
2014-06-12,158.43047287734328,158.51998671213835,157.14473434890292,157.49464416503906,106350000,5381,False,,0.0,,,False,False,,,-1,False,TN
2014-06-13,157.8038826510117,158.12939316253255,157.2993568793498,157.9747772216797,82017000,5382,False,,0.0,,,False,False,,,-1,False,TN
2014-06-16,157.77948235059347,158.43862411088267,157.59232155350134,158.10498046875,87424000,5383,False,,0.0,,,False,False,,,-1,False,TN
2014-06-17,157.8852917627556,158.65835918902116,157.71439716136956,158.54443359375,84834000,5384,False,,0.0,,,False,False,,,-1,False,TN
2014-06-18,158.54446198111393,159.7976437534786,158.19453960779703,159.7081298828125,105267000,5385,False,,0.0,,,False,False,,,-1,False,TN
2014-06-19,159.84645561839375,159.9848053859658,159.33379659364527,159.88714599609375,85929000,5386,False,,0.0,,,False,False,,,-1,False,TN
2014-06-20,160.28528656861064,160.34252854225846,160.0154582852451,160.21170043945312,100587000,5387,False,,0.0,,,False,False,,,-1,False,TN
2014-06-23,160.25257092661278,160.3016283415038,159.8682712080287,160.16262817382812,70611000,5388,False,,0.0,,,False,False,,,-1,False,TN
2014-06-24,159.8764717466059,160.66960003241414,159.0179294038133,159.19781494140625,96237000,5389,False,,0.0,,,False,False,,,-1,False,TN
2014-06-25,158.86252840163854,160.08084148082926,158.82982762046765,159.9173126220703,82782000,5390,False,,0.0,,,False,False,,,-1,False,TN
2014-06-26,159.94187188442567,159.95822851636223,158.73174312666816,159.80287170410156,84312000,5391,False,,0.0,,,False,False,,,-1,False,TN
2014-06-27,159.4267755074071,160.1626743724009,159.35318936384482,160.11361694335938,71445100,5392,False,,0.0,,,False,False,,,-1,False,TN
2014-06-30,160.01547320049545,160.39977299052308,159.87647300697884,160.03182983398438,70201200,5393,False,,0.0,,,False,False,,,-1,False,TN
2014-07-01,160.42427907618404,161.59353491484333,160.36704958172808,161.10293579101562,90470000,5394,False,,0.0,,,False,False,,,-1,False,TN
2014-07-02,161.119307227388,161.47089373315694,161.04572109498824,161.2664794921875,52475000,5395,False,,0.0,,,False,False,,,-1,False,TN
2014-07-03,161.72432804039568,162.13315642790272,161.60168451472447,162.0595703125,52938800,5396,False,,0.0,,,False,False,,,-1,False,TN
2014-07-07,161.74889121943968,161.87970683912883,161.25829209713004,161.4954071044922,61696000,5397,False,,0.0,,,False,False,,,-1,False,TN
2014-07-08,161.20107438754272,161.2583163668906,160.0645316437118,160.45701599121094,108143000,5398,True,0.0027080344999781403,0.6614956875027325,7.0,2014-07-17,False,False,,,-1,False,FN
2014-07-09,160.8575975434359,161.3236678466294,160.514183229928,161.17648315429688,72992000,5399,True,0.007204039243233984,0.09949509459575201,6.0,2014-07-17,False,False,,,-1,False,FN
2014-07-10,159.6229855626005,160.96394241773632,159.49215746052516,160.53875732421875,99040000,5400,True,0.00321884227520286,0.5976447155996425,5.0,2014-07-17,False,False,,,-1,False,FN
2014-07-11,160.44063579664575,160.87399294980463,160.08086476916577,160.759521484375,64243000,5401,True,0.0045984142169521736,0.4251982228809783,4.0,2014-07-17,False,False,,,-1,False,FN
2014-07-14,161.57720284032473,161.7816170935777,161.43820264528745,161.56903076171875,58658000,5402,False,0.009657098945573317,0.0,3.0,2014-07-17,False,False,,,-1,False,TN
2014-07-15,161.66713589601142,161.9778495347506,160.55512192607958,161.2664794921875,111307000,5403,True,0.007766433168616915,0.029195853922885595,2.0,2014-07-17,False,False,,,-1,False,FN
2014-07-16,161.9860010824008,162.10864462085627,161.42181585259846,161.8633575439453,79986400,5404,False,0.011496369279026863,0.0,1.0,2014-07-17,False,False,,,-1,False,TN
2014-07-17,161.36462344173327,161.97786622784102,159.7947109300158,160.02366638183594,145398000,5405,True,0.0,1.0,0.0,2014-07-17,True,False,,,-1,False,FN
2014-07-18,160.54695207906775,161.82249496421016,160.45700931273308,161.65896606445312,124330000,5406,False,0.010219111457646202,0.0,1.0,2014-07-17,False,False,,,-1,False,TN
2014-07-21,161.15197008448916,161.48721235511923,160.61231362100455,161.35638427734375,67592000,5407,False,0.008328254974034888,0.0,2.0,2014-07-17,False,False,,,-1,False,TN
2014-07-22,161.90421352901495,162.35392725056315,161.78974207957108,162.0595703125,67678000,5408,False,0.012722517716886594,0.0,3.0,2014-07-17,False,False,,,-1,False,TN
2014-07-23,162.30491633514671,162.59110127896483,161.97785852203103,162.4193878173828,65612000,5409,False,0.014971044531815636,0.0,4.0,2014-07-17,False,False,,,-1,False,TN
2014-07-24,162.5747360111355,162.76279361986664,162.2640223716583,162.42755126953125,56888000,5410,False,0.015022058562008889,0.0,5.0,2014-07-17,False,False,,,-1,False,TN
2014-07-25,161.96962801414688,162.1086281691077,161.34821335494803,161.66709899902344,76837000,5411,False,0.010269934781184542,0.0,6.0,2014-07-17,False,False,,,-1,False,TN
2014-07-28,161.69987644826523,161.96970480987252,160.76774777928472,161.7325897216797,69259000,5412,False,0.01067919126266026,0.0,7.0,2014-07-17,False,False,,,-1,False,TN
2014-07-29,162.03507911564066,162.2640220675247,161.01300791028154,161.03753662109375,80466000,5413,False,0.030990005789073294,0.0,7.0,2014-08-07,False,False,,,-1,False,TN
2014-07-30,161.60988613735938,161.82248492266098,160.39158530478142,161.0620574951172,104222000,5414,False,0.031146992641839732,0.0,6.0,2014-08-07,False,True,0.8757435083389282,0.9847756410256411,1,True,FP
2014-07-31,159.94183081648418,160.0808309611175,157.7832175839436,157.88133239746094,183479000,5415,False,0.010783443523711078,0.0,5.0,2014-08-07,False,True,0.5755451321601868,0.7972756410256411,1,True,FP
2014-08-01,157.4480442446354,158.42923023858918,156.63857172594055,157.39898681640625,189261000,5416,True,0.007695384156695351,0.03807698041308116,4.0,2014-08-07,False,True,0.5562219023704529,0.7772435897435898,1,True,TP
2014-08-04,157.70150878949482,158.87076484057556,157.03103650667495,158.5355224609375,91340000,5417,False,0.01497168082218514,0.0,3.0,2014-08-07,False,True,0.46599674224853516,0.6955128205128205,1,True,FP
2014-08-05,157.88953114004244,158.29835953504363,156.42591849912478,156.99827575683594,152690000,5418,True,0.005129963036287988,0.35875462046400153,2.0,2014-08-07,False,True,0.5875077247619629,0.8076923076923077,1,True,TP
2014-08-06,156.26240718505616,157.71783543659228,156.23787847671767,157.04736328125,94818000,5419,True,0.005444229809996148,0.31947127375048145,1.0,2014-08-07,False,True,0.5539478063583374,0.7732371794871795,1,True,TP
2014-08-07,157.75871858373375,157.9140753853547,155.80451916238076,156.19699096679688,135733000,5420,True,0.0,1.0,0.0,2014-08-07,True,True,0.6806156635284424,0.8982371794871795,1,True,TP
2014-08-08,156.54861511346368,158.11033050538586,156.13160205745635,158.00404357910156,117014000,5421,False,0.011569061613285525,0.0,1.0,2014-08-07,False,True,0.03068613074719906,0.04006410256410257,1,False,TN
2014-08-11,158.6009142421388,159.1650995148492,158.38832793383023,158.4619140625,74544000,5422,False,0.014500427195710763,0.0,2.0,2014-08-07,False,True,0.06241156905889511,0.1875,1,False,TN
2014-08-12,158.3065792211802,158.7481085309297,157.75875050429667,158.2411651611328,73632000,5423,False,0.013087154763246733,0.0,3.0,2014-08-07,False,True,0.04962782561779022,0.15144230769230768,1,False,TN
2014-08-13,158.86254210166624,159.4921413624585,158.59272632349422,159.312255859375,69047000,5424,False,0.019944461626923093,0.0,4.0,2014-08-07,False,False,,,-1,False,TN
2014-08-14,159.57394270607392,160.0645294189453,159.42675795869354,160.0645294189453,57371000,5425,False,0.024760646336462244,0.0,5.0,2014-08-07,False,False,,,-1,False,TN
2014-08-15,160.64507258703415,160.79224485906732,158.8789304639014,160.03182983398438,139951000,5426,False,0.02455129796964317,0.0,6.0,2014-08-07,False,False,,,-1,False,TN
2014-08-18,160.91490154768604,161.44637361190075,160.824958777816,161.37278747558594,75424000,5427,False,0.03313633941827532,0.0,7.0,2014-08-07,False,False,,,-1,False,TN
2014-08-19,161.76523677492096,162.3375941049359,161.43817900818502,162.21495056152344,59135000,5428,False,,0.0,,,False,False,,,-1,False,TN
2014-08-20,161.99421778358715,162.84458813930624,161.9615169898089,162.64834594726562,72763000,5429,False,,0.0,,,False,False,,,-1,False,TN
2014-08-21,162.787316255925,163.33514490540614,162.65648815192674,163.12255859375,67791000,5430,False,,0.0,,,False,False,,,-1,False,TN
2014-08-22,162.99169259346465,163.27787744486474,162.5011060322168,162.86904907226562,76107000,5431,False,,0.0,,,False,False,,,-1,False,TN
2014-08-25,163.64585835165315,164.013801476842,162.836373495074,163.69491577148438,63855000,5432,False,,0.0,,,False,False,,,-1,False,TN
2014-08-26,163.8011932373047,164.20184957304812,163.76030790076712,163.8011932373047,47298000,5433,False,,0.0,,,False,False,,,-1,False,TN
2014-08-27,163.88298159304742,163.99746554700212,163.48233766002713,163.73580932617188,47874000,5434,False,,0.0,,,False,False,,,-1,False,TN
2014-08-28,163.1961601711593,163.75217342755485,163.03263126390982,163.6458740234375,58330000,5435,False,,0.0,,,False,False,,,-1,False,TN
2014-08-29,163.89932443712095,164.12826737285883,163.3842090699379,164.11192321777344,65907000,5436,False,,0.0,,,False,False,,,-1,False,TN
2014-09-02,164.32452363670265,164.34905234789187,163.41692389333517,164.03016662597656,72426000,5437,False,,0.0,,,False,False,,,-1,False,TN
2014-09-03,164.65975816233868,164.6842868723616,163.71127311993584,163.94021606445312,57462000,5438,False,,0.0,,,False,False,,,-1,False,TN
2014-09-04,164.21828638273266,164.8233572661077,163.2534567736195,163.7031707763672,85236000,5439,False,,0.0,,,False,False,,,-1,False,TN
2014-09-05,163.67031986835528,164.50433309245426,163.04890534485088,164.4389190673828,102177000,5440,False,,0.0,,,False,False,,,-1,False,TN
2014-09-08,164.28362221844833,164.52074970534989,163.53137937051844,164.0137939453125,64146000,5441,False,,0.0,,,False,False,,,-1,False,TN
2014-09-09,163.86664598738696,163.98111747085966,162.64016046026978,162.97540283203125,88591000,5442,False,,0.0,,,False,False,,,-1,False,TN
2014-09-10,163.06534106999337,163.69494049799076,162.52569689388076,163.58865356445312,67251000,5443,False,,0.0,,,False,False,,,-1,False,TN
2014-09-11,162.9344867914323,163.80120107108627,162.81183077595358,163.77667236328125,66774400,5444,False,,0.0,,,False,False,,,-1,False,TN
2014-09-12,163.6131507745798,163.6294949295422,162.35395216104206,162.8200225830078,117409300,5445,False,,0.0,,,False,False,,,-1,False,TN
2014-09-15,162.84458771686445,162.97541584455217,162.20681618995812,162.69740295410156,76401000,5446,False,,0.0,,,False,True,0.7501769065856934,0.9431089743589743,1,True,FP
2014-09-16,162.39488951777614,164.2182614964576,162.30494673085687,163.9239044189453,116201000,5447,False,,0.0,,,False,False,,,-1,False,TN
2014-09-17,164.16093365322556,164.90499174319774,163.32692035375763,164.1445770263672,151266000,5448,False,,0.0,,,False,False,,,-1,False,TN
2014-09-18,164.64337311622384,165.04402943821168,164.43078684056132,165.01950073242188,94990000,5449,False,,0.0,,,False,False,,,-1,False,TN
2014-09-19,165.54445315364154,165.8566066529436,164.53402494905814,164.87083435058594,121649000,5450,False,,0.0,,,False,False,,,-1,False,TN
2014-09-22,164.58333433620854,164.60797770517428,163.25252973818064,163.59754943847656,125553000,5451,False,,0.0,,,False,False,,,-1,False,TN
2014-09-23,163.00612207684068,163.6879513606726,162.61181554533042,162.66110229492188,111393000,5452,False,,0.0,,,False,False,,,-1,False,TN
2014-09-24,162.68572017026568,164.04116824547012,162.2585600509073,163.9343719482422,107276000,5453,False,,0.0,,,False,False,,,-1,False,TN
2014-09-25,163.50720631048517,163.51542912433348,161.23171806483828,161.28921508789062,150300000,5454,False,,0.0,,,False,False,,,-1,False,TN
2014-09-26,161.58493681333388,162.9732385009077,161.35492366761738,162.57070922851562,103547000,5455,False,,0.0,,,False,True,0.4543284475803375,0.6875,1,True,FP
2014-09-29,161.17418447817954,162.5624860556339,161.05096763659645,162.27496337890625,95112000,5456,False,,0.0,,,False,True,0.40142518281936646,0.6450320512820513,1,True,FP
2014-09-30,162.39816768571174,162.8992703220862,161.51096895894517,161.8477783203125,131302000,5457,False,,0.0,,,False,True,0.5075277090072632,0.7339743589743589,1,True,FP
2014-10-01,161.5849484882693,161.6424580462418,159.29302714400507,159.65447998046875,177798000,5458,False,,0.0,,,False,True,0.5237548351287842,0.750801282051282,1,True,FP
2014-10-02,159.51477133593158,160.23767679968202,158.01147593664618,159.6790771484375,157285000,5459,False,,0.0,,,False,True,0.5478541254997253,0.7692307692307693,1,True,FP
2014-10-03,160.74703599195115,161.78210775567877,160.25415601687928,161.4370880126953,121569000,5460,False,,0.0,,,False,True,0.06776817888021469,0.20272435897435898,1,False,TN
2014-10-06,162.11064802945648,162.32424057218302,160.6648496341685,161.2480926513672,104778000,5461,False,,0.0,,,False,True,0.03381558507680893,0.06330128205128205,1,False,TN
2014-10-07,160.41843977568934,160.7798925900539,158.7261948127793,158.75904846191406,147913000,5462,False,0.0375259844369602,0.0,7.0,2014-10-16,False,True,0.5750312209129333,0.7972756410256411,1,True,FP
2014-10-08,158.84938944579716,161.76564238855954,158.01970017235396,161.53562927246094,186461000,5463,False,0.05567156270000018,0.0,6.0,2014-10-16,False,True,0.02780594490468502,0.02564102564102564,1,False,TN
2014-10-09,161.280985481495,161.50278833760757,158.2004390040593,158.33187866210938,210705000,5464,False,0.03473433399965975,0.0,5.0,2014-10-16,False,True,0.5657130479812622,0.7900641025641025,1,True,FP
2014-10-10,158.290815333325,159.07942827749446,156.48356375692845,156.52462768554688,221909000,5465,False,0.022923543580161354,0.0,4.0,2014-10-16,False,True,0.7095059752464294,0.9150641025641025,1,True,FP
2014-10-13,156.4589444102898,157.0257545669811,153.8630669563472,153.95343017578125,230939000,5466,True,0.006120191246253848,0.23497609421826904,3.0,2014-10-16,False,True,0.3241764008998871,0.563301282051282,1,True,TP
2014-10-14,154.78310112715903,155.93317946685488,153.6494558803269,154.19163513183594,215847000,5467,True,0.007676914053065698,0.040385743366787796,2.0,2014-10-16,False,True,0.33784395456314087,0.5785256410256411,1,True,TP
2014-10-15,152.10506133763343,154.18340229625286,149.4434647480626,153.14833068847656,380715000,5468,True,0.0008586855479761901,0.8926643065029762,1.0,2014-10-16,False,True,0.3461954891681671,0.5857371794871795,1,True,TP
2014-10-16,150.37998345406402,154.09307302453345,150.24033349135146,153.01693725585938,270391000,5469,True,0.0,1.0,0.0,2014-10-16,True,True,0.33361783623695374,0.5745192307692307,1,True,TP
2014-10-17,154.78308125534656,155.87564989713857,154.1258955077184,154.82415771484375,214625000,5470,False,0.011810590980281699,0.0,1.0,2014-10-16,False,True,0.036321111023426056,0.08012820512820513,1,False,TN
2014-10-20,154.54490605620003,156.450731530591,154.49561930333863,156.3275146484375,130011000,5471,False,0.021635365678784435,0.0,2.0,2014-10-16,False,True,0.04059119150042534,0.10256410256410256,1,False,TN
2014-10-21,157.4610915970967,159.5312222248781,157.2967983010323,159.4244384765625,154949000,5472,False,0.04187445740068085,0.0,3.0,2014-10-16,False,False,,,-1,False,TN
2014-10-22,159.70371619727962,160.1144556478967,158.22505166810348,158.290771484375,151822000,5473,False,0.03446568937461647,0.0,4.0,2014-10-16,False,False,,,-1,False,TN
2014-10-23,159.8762638860313,161.17420241249158,159.58053089854948,160.13092041015625,154944000,5474,False,0.04649147526983621,0.0,5.0,2014-10-16,False,False,,,-1,False,TN
2014-10-24,160.39380453756925,161.41244319926489,159.76948489414252,161.36314392089844,117927000,5475,False,0.054544332246589056,0.0,6.0,2014-10-16,False,False,,,-1,False,TN
2014-10-27,160.78805395839686,161.3795197411156,160.21302126263492,161.14129638671875,82954000,5476,False,0.053094508859987455,0.0,7.0,2014-10-16,False,False,,,-1,False,TN
2014-10-28,161.6835361871969,162.9978953377704,161.6095935354976,162.98968505859375,106736000,5477,False,,0.0,,,False,False,,,-1,False,TN
2014-10-29,163.10470849278974,163.57294514978378,161.66711979737192,162.74325561523438,142557000,5478,False,,0.0,,,False,False,,,-1,False,TN
2014-10-30,162.30784932924865,164.25475087204973,162.15997656656242,163.78651428222656,113330000,5479,False,,0.0,,,False,False,,,-1,False,TN
2014-10-31,165.7580278123125,165.79089399103194,164.92833855387656,165.65945434570312,146903000,5480,False,,0.0,,,False,False,,,-1,False,TN
2014-11-03,165.8730031870522,166.30838596243183,165.37190060136237,165.74978637695312,93600000,5481,False,,0.0,,,False,False,,,-1,False,TN
2014-11-04,165.30621654298392,165.61017229825384,164.34508761202454,165.17478942871094,93343000,5482,False,,0.0,,,False,False,,,-1,False,TN
2014-11-05,166.38238720071865,166.42346366657512,165.48697790502428,166.2180938720703,91709000,5483,False,,0.0,,,False,False,,,-1,False,TN
2014-11-06,166.2591186417013,166.97380129322747,165.6430094497584,166.88343811035156,107089000,5484,False,,0.0,,,False,False,,,-1,False,TN
2014-11-07,166.89990084377743,167.25314336131757,166.43987457097933,167.03955078125,89540000,5485,False,,0.0,,,False,False,,,-1,False,TN
2014-11-10,167.0724428792855,167.6146096221679,166.8670730803031,167.56532287597656,66319000,5486,False,,0.0,,,False,False,,,-1,False,TN
2014-11-11,167.63102551675448,167.83639529466578,167.29421607263362,167.72959899902344,54499400,5487,False,,0.0,,,False,False,,,-1,False,TN
2014-11-12,167.047801601751,167.77891759390883,167.01493541402596,167.5489044189453,90120300,5488,False,,0.0,,,False,False,,,-1,False,TN
2014-11-13,167.71314960242034,168.26353900840627,166.9327470875082,167.73779296875,85357900,5489,False,,0.0,,,False,False,,,-1,False,TN
2014-11-14,167.66390881929192,167.98428520415314,167.35174271386592,167.77891540527344,80417500,5490,False,,0.0,,,False,False,,,-1,False,TN
2014-11-17,167.45850582160978,168.05818200571437,167.2941999872576,167.8856658935547,80441000,5491,False,,0.0,,,False,False,,,-1,False,TN
2014-11-18,167.94313844199985,169.15892363274256,167.94313844199985,168.85498046875,76068100,5492,False,,0.0,,,False,False,,,-1,False,TN
2014-11-19,168.65785344235604,168.85501291716375,167.82816415524326,168.58392333984375,82373000,5493,False,,0.0,,,False,False,,,-1,False,TN
2014-11-20,167.79531079731285,168.98646547998158,167.72959096735502,168.87966918945312,72840300,5494,False,,0.0,,,False,False,,,-1,False,TN
2014-11-21,170.57185881180118,170.73615206608088,169.20820098521332,169.78323364257812,142327300,5495,False,,0.0,,,False,False,,,-1,False,TN
2014-11-24,170.18582025702807,170.36654665821467,169.97224020779666,170.25975036621094,65880800,5496,False,,0.0,,,False,False,,,-1,False,TN
2014-11-25,170.4897656382271,170.69513541170875,169.8818791309782,170.13653564453125,79108300,5497,False,,0.0,,,False,False,,,-1,False,TN
2014-11-26,170.28439198262168,170.6704881507471,170.07081193558938,170.57191467285156,62167800,5498,False,,0.0,,,False,False,,,-1,False,TN
2014-11-28,170.44870043246496,170.76085396216712,169.97224105738928,170.21046447753906,57890100,5499,False,,0.0,,,False,False,,,-1,False,TN
2014-12-01,169.5532882586732,169.6682948360523,168.71538856695847,169.0275421142578,103968400,5500,False,,0.0,,,False,False,,,-1,False,TN
2014-12-02,169.06853387274364,170.32539531539132,169.0438905138502,170.12002563476562,74507200,5501,False,,0.0,,,False,False,,,-1,False,TN
2014-12-03,170.29262828920778,170.9908780375887,170.12833496810504,170.7772979736328,68952000,5502,False,,0.0,,,False,False,,,-1,False,TN
2014-12-04,170.48970137575648,171.08938991332195,169.79966220530005,170.58828735351562,91316600,5503,False,,0.0,,,False,False,,,-1,False,TN
2014-12-05,170.76084897425383,171.25374142642474,170.49798219193158,170.86764526367188,91025500,5504,False,0.05098308560232523,0.0,7.0,2014-12-16,False,False,,,-1,False,TN
2014-12-08,170.47337921161022,170.96625924577924,169.16721766433233,169.725830078125,108588200,5505,False,0.043959939441202245,0.0,6.0,2014-12-16,False,False,,,-1,False,TN
2014-12-09,167.8856375992583,169.71754455839078,167.50776432739312,169.61074829101562,125180100,5506,False,0.04325208739860997,0.0,5.0,2014-12-16,False,False,,,-1,False,TN
2014-12-10,169.15080698413428,169.2083040174953,166.70278962609396,166.89173889160156,159856400,5507,False,0.026527839317774138,0.0,4.0,2014-12-16,False,False,,,-1,False,TN
2014-12-11,167.48313649349413,169.38075090952267,167.34348657270138,167.73779296875,159012800,5508,False,0.03173180009815324,0.0,3.0,2014-12-16,False,True,0.7436046004295349,0.938301282051282,1,True,FP
2014-12-12,166.46447397653924,167.433825539449,164.99403234756608,165.02688598632812,202330200,5509,False,0.015057388855638232,0.0,2.0,2014-12-16,False,True,0.5971594452857971,0.8165064102564102,1,True,FP
2014-12-15,165.92233427661947,166.37415025907953,163.29360383518193,163.89328002929688,189965800,5510,False,0.008084736515639124,0.0,1.0,2014-12-16,False,True,0.6503389477729797,0.8645833333333334,1,True,FP
2014-12-16,163.1292619737248,166.26730447867547,162.53779623361766,162.57887268066406,259543800,5511,True,0.0,1.0,0.0,2014-12-16,True,True,0.3311071991920471,0.5729166666666666,1,True,TP
2014-12-17,163.01431834199687,166.21808189144082,162.89108895330958,165.76626586914062,253910100,5512,False,0.019605211525468125,0.0,1.0,2014-12-16,False,True,0.024957727640867233,0.017628205128205128,1,False,TN
2014-12-18,168.18960592590847,174.9503742225222,167.5159871654493,169.86541748046875,257633900,5513,False,0.04481852210967685,0.0,2.0,2014-12-16,False,False,,,-1,False,TN
2014-12-19,170.5138298050776,171.2572489465312,169.83650580930632,170.5881805419922,245084600,5514,False,0.04926413702634003,0.0,3.0,2014-12-16,False,False,,,-1,False,TN
2014-12-22,170.77819441316657,171.3729248046875,170.5386561795622,171.3729248046875,148318900,5515,False,0.05409098967795556,0.0,4.0,2014-12-16,False,False,,,-1,False,TN
2014-12-23,171.95111093146977,172.00066969086888,171.31507744328104,171.60418701171875,122167900,5516,False,0.05551345130053975,0.0,5.0,2014-12-16,False,False,,,-1,False,TN
2014-12-24,171.82726134697072,172.0915790045337,171.57945487778247,171.62075805664062,42963400,5517,False,0.055615377489647955,0.0,6.0,2014-12-16,False,False,,,-1,False,TN
2014-12-26,172.06676283828526,172.5128169082709,172.01720407583304,172.1741485595703,57326700,5518,False,0.05901920539056271,0.0,7.0,2014-12-16,False,False,,,-1,False,TN
2014-12-29,171.99241954537655,172.61192926539766,171.9263369960994,172.40542602539062,79643900,5519,False,,0.0,,,False,False,,,-1,False,TN
2014-12-30,171.9841999360943,172.11635245834034,171.40598065993237,171.48033142089844,73540800,5520,False,,0.0,,,False,False,,,-1,False,TN
2014-12-31,171.80247454080862,171.96767464514608,169.6548353725416,169.7787322998047,130333800,5521,False,,0.0,,,False,False,,,-1,False,TN
2015-01-02,170.47257341496748,170.8855799305739,168.6553346631324,169.68785095214844,121465900,5522,False,,0.0,,,False,False,,,-1,False,TN
2015-01-05,168.6470660413276,168.8122661140158,166.3177160273211,166.6233367919922,169632600,5523,False,,0.0,,,False,False,,,-1,False,TN
2015-01-06,166.92893414109756,167.4493262708284,164.2609161597577,165.05389404296875,209151400,5524,True,0.004019336402482754,0.4975829496896558,7.0,2015-01-15,False,True,0.4674873650074005,0.6971153846153846,1,True,TP
2015-01-07,166.37558176833852,167.44940147841223,165.92954017391855,167.11073303222656,125346700,5525,False,0.01653104434524577,0.0,6.0,2015-01-15,False,True,0.24751242995262146,0.4551282051282051,1,False,TN
2015-01-08,168.51494641434752,170.29088233585512,168.4984352253936,170.07611083984375,147217800,5526,False,0.03456937464850651,0.0,5.0,2015-01-15,False,False,,,-1,False,TN
2015-01-09,170.48908829723226,170.5056120873232,168.10191108942752,168.71316528320312,158567300,5527,False,0.026278605737748206,0.0,4.0,2015-01-15,False,False,,,-1,False,TN
2015-01-12,168.84534696175578,169.00229147312052,166.78856973022198,167.3915557861328,144396100,5528,False,0.01823928320055135,0.0,3.0,2015-01-15,False,True,0.4841032028198242,0.7107371794871795,1,True,FP
2015-01-13,168.60579178755538,169.729170120032,165.6238839596993,166.9207305908203,214553300,5529,False,0.015375263524431748,0.0,2.0,2015-01-15,False,True,0.35511794686317444,0.5969551282051282,1,True,FP
2015-01-14,164.91349780540452,166.11122679229365,164.0214148168744,165.91297912597656,192991100,5530,False,0.009245132739830852,0.0,1.0,2015-01-15,False,True,0.3640686571598053,0.6121794871794872,1,True,FP
2015-01-15,166.54903755284403,166.86291398308043,164.277501361906,164.3931427001953,176613900,5531,True,0.0,1.0,0.0,2015-01-15,True,True,0.4013509750366211,0.60625,2,True,TP
2015-01-16,164.18656833404498,166.7059099032591,164.004844509121,166.54896545410156,211879600,5532,False,0.013113824083513137,0.0,1.0,2015-01-15,False,True,0.10137128829956055,0.27125,2,False,TN
2015-01-20,167.1850008985163,167.4493310684787,165.34299571593226,166.90415954589844,130991100,5533,False,0.015274462209670547,0.0,2.0,2015-01-15,False,True,0.09903792291879654,0.269375,2,False,TN
2015-01-21,166.44163246500446,168.22582370893434,165.97906716560615,167.74673461914062,122942700,5534,False,0.01820033857734904,0.0,7.0,2015-01-30,False,False,,,-1,False,TN
2015-01-22,168.4983992677013,170.37343973468046,167.12721463947537,170.2412872314453,174356000,5535,False,0.03334194070876739,0.0,6.0,2015-01-30,False,False,,,-1,False,TN
2015-01-23,169.98520065672528,170.24127526039032,169.17571148901422,169.30787658691406,117516800,5536,False,0.02767626240837462,0.0,5.0,2015-01-30,False,False,,,-1,False,TN
2015-01-26,169.09310423115286,169.795207625169,168.3827326417059,169.704345703125,92009700,5537,False,0.03008277714189811,0.0,4.0,2015-01-30,False,False,,,-1,False,TN
2015-01-27,167.6558913620966,168.6058014503683,166.63989870883796,167.46591186523438,134044600,5538,False,0.016495781861197267,0.0,3.0,2015-01-30,False,False,,,-1,False,TN
2015-01-28,168.64708417164115,168.74620170511815,165.12827308965936,165.31825256347656,168514300,5539,True,0.003459775925442665,0.5675280093196668,2.0,2015-01-30,False,True,0.5758561491966248,0.803125,2,True,TP
2015-01-29,165.51646277051452,167.1024059669704,164.11223080965064,166.84634399414062,173585400,5540,False,0.01273508739789464,0.0,1.0,2015-01-30,False,True,0.29470932483673096,0.46875,2,False,TN
2015-01-30,165.67340346122168,166.99501645954078,164.4839429399654,164.74826049804688,197729700,5541,True,0.0,1.0,0.0,2015-01-30,True,True,0.4907568097114563,0.708125,2,True,TP
2015-02-02,165.24388830461308,166.87939036836673,163.43491798072392,166.7885284423828,163107000,5542,False,0.012384154698617422,0.0,1.0,2015-01-30,False,True,0.0522184781730175,0.176875,2,False,TN
2015-02-03,167.68062446617702,169.20875342530874,167.30892116918625,169.2004852294922,124212900,5543,False,0.027024411171237217,0.0,2.0,2015-01-30,False,False,,,-1,False,TN
2015-02-04,168.44060255791106,169.6465873207132,168.10193413638905,168.55624389648438,134306700,5544,False,0.023113952080135336,0.0,3.0,2015-01-30,False,False,,,-1,False,TN
2015-02-05,169.21701022264207,170.40647086465165,169.14267208350574,170.25778198242188,97953200,5545,False,0.033442061650419186,0.0,4.0,2015-01-30,False,False,,,-1,False,TN
2015-02-06,170.6212406255758,171.18293601095024,169.26657983067707,169.78697204589844,125672000,5546,False,0.030584308038331676,0.0,5.0,2015-01-30,False,False,,,-1,False,TN
2015-02-09,169.1426798861956,169.86130713891177,168.622287680321,169.02703857421875,87219000,5547,False,0.025971613073405342,0.0,6.0,2015-01-30,False,False,,,-1,False,TN
2015-02-10,170.05952712324256,171.0837749758462,169.06830163446324,170.8277130126953,96164200,5548,False,0.036901467100592056,0.0,7.0,2015-01-30,False,False,,,-1,False,TN
2015-02-11,170.6625470171787,171.3563949145991,170.01825788329432,170.92686462402344,91087800,5549,False,,0.0,,,False,False,,,-1,False,TN
2015-02-12,171.719840560346,172.62845989396322,170.9599101194834,172.5706329345703,97545900,5550,False,,0.0,,,False,False,,,-1,False,TN
2015-02-13,172.69451327422047,173.33053409635758,172.43843870239692,173.28097534179688,93670400,5551,False,,0.0,,,False,False,,,-1,False,TN
2015-02-17,172.9671293090362,173.72707241390395,172.71933547479566,173.55360412597656,76968200,5552,False,,0.0,,,False,False,,,-1,False,TN
2015-02-18,173.18190224563585,173.64446754543653,172.91757201491595,173.57012939453125,80652900,5553,False,,0.0,,,False,False,,,-1,False,TN
2015-02-19,172.9753918948121,173.80966051892923,172.83497119197804,173.4462127685547,91462500,5554,False,,0.0,,,False,False,,,-1,False,TN
2015-02-20,173.033132833134,174.5612613340916,172.41362332257606,174.48692321777344,140896400,5555,False,,0.0,,,False,False,,,-1,False,TN
2015-02-23,174.23922266755932,174.46224975585938,173.85925105800962,174.46224975585938,74411100,5556,False,,0.0,,,False,False,,,-1,False,TN
2015-02-24,174.38784325925505,175.15604182724803,174.09047810454112,174.95779418945312,72472300,5557,False,,0.0,,,False,False,,,-1,False,TN
2015-02-25,174.83389192729734,175.31298091762983,174.47044423780673,174.80911254882812,73061700,5558,False,,0.0,,,False,False,,,-1,False,TN
2015-02-26,174.7182719301766,174.87521641558922,173.99963205507456,174.60263061523438,72697900,5559,False,,0.0,,,False,False,,,-1,False,TN
2015-02-27,174.5034889950828,174.7678191855219,173.9583300342273,174.0078887939453,108076000,5560,False,,0.0,,,False,False,,,-1,False,TN
2015-03-02,174.10697952292608,175.16427491407825,174.05742077083383,175.10646057128906,87491400,5561,False,0.03662577714569726,0.0,7.0,2015-03-11,False,False,,,-1,False,TN
2015-03-03,174.67697275512717,175.15606181483415,173.52881517195365,174.3878631591797,110325800,5562,False,0.03237169880756818,0.0,6.0,2015-03-11,False,False,,,-1,False,TN
2015-03-04,173.79314592999464,173.86749668575007,172.6862914344985,173.65272521972656,114497200,5563,False,0.028019700969746264,0.0,5.0,2015-03-11,False,False,,,-1,False,TN
2015-03-05,173.97488018199235,174.12356909840435,173.33885915122326,173.8427276611328,76873000,5564,False,0.02914451057322842,0.0,4.0,2015-03-11,False,False,,,-1,False,TN
2015-03-06,172.9836023958344,173.41313258921616,171.06725921697512,171.3976593017578,188128000,5565,False,0.014669768293918972,0.0,3.0,2015-03-11,False,False,,,-1,False,TN
2015-03-09,171.5959539499552,172.46325756122909,171.4390094552801,172.1080780029297,89818900,5566,False,0.01887542887205229,0.0,2.0,2015-03-11,False,True,0.6820557117462158,0.9,2,True,FP
2015-03-10,170.74515846303427,170.82775220341048,169.27484367841856,169.31614685058594,157121300,5567,True,0.002347267711731549,0.7065915360335564,1.0,2015-03-11,False,True,0.6159980893135071,0.84125,2,True,TP
2015-03-11,169.57219189746775,169.74566016162228,168.83704088073142,168.91964721679688,110145700,5568,True,0.0,1.0,0.0,2015-03-11,True,True,0.7230632305145264,0.933125,2,True,TP
2015-03-12,169.5474329380123,171.13337647061587,169.497874171987,171.0673065185547,93993500,5569,False,0.012714088249316857,0.0,1.0,2015-03-11,False,True,0.09840414673089981,0.269375,2,False,TN
2015-03-13,170.79467305582406,171.75283834092306,168.9857029767861,170.01821899414062,162410900,5570,True,0.006503516881809501,0.18706038977381234,2.0,2015-03-11,False,True,0.3465876877307892,0.520625,2,True,TP
2015-03-16,170.74513950639326,172.380641590183,170.0430234693745,172.28977966308594,136099200,5571,False,0.01995109806240425,0.0,3.0,2015-03-11,False,False,,,-1,False,TN
2015-03-17,171.554591434814,172.1575772180245,170.9681168318883,171.77761840820312,94510400,5572,False,0.00860216864887886,0.0,7.0,2015-03-26,False,False,,,-1,False,TN
2015-03-18,171.30686131999258,174.51179627508682,170.67082768526348,173.8427276611328,228808500,5573,False,0.020727576430771055,0.0,6.0,2015-03-26,False,False,,,-1,False,TN
2015-03-19,173.4296846377479,173.85094670509045,172.6614860397028,173.04971313476562,117917300,5574,False,0.016071346018009525,0.0,5.0,2015-03-26,False,False,,,-1,False,TN
2015-03-20,173.99639149072578,175.083296458346,173.81385647904116,174.57717895507812,177715100,5575,False,0.02503994945529331,0.0,4.0,2015-03-26,False,False,,,-1,False,TN
2015-03-23,174.5854719915161,175.15796701554652,174.23699951171875,174.23699951171875,71784500,5576,False,0.02304256628348389,0.0,3.0,2015-03-26,False,False,,,-1,False,TN
2015-03-24,174.1125550997898,174.56887998481383,173.19158756674477,173.25796508789062,77805300,5577,False,0.017294109341273955,0.0,2.0,2015-03-26,False,False,,,-1,False,TN
2015-03-25,173.46540362154204,173.69771863356073,170.67761081709924,170.71908569335938,159521700,5578,True,0.002386932917527007,0.7016333853091241,1.0,2015-03-26,False,False,,,-1,False,FN
2015-03-26,170.0553560026632,171.22522364528578,169.358398223387,170.31256103515625,153067200,5579,True,0.0,1.0,0.0,2015-03-26,True,True,0.40012532472610474,0.60375,2,True,TP
2015-03-27,170.19641226043072,170.87675986583287,170.00557209213895,170.70252990722656,118939000,5580,True,0.0022897246668132087,0.7137844166483489,1.0,2015-03-26,False,True,0.2914031744003296,0.466875,2,False,FN
2015-03-30,171.73137224178052,173.08378784263246,171.71478735039733,172.78509521484375,96180400,5581,False,0.01451762667802936,0.0,2.0,2015-03-26,False,False,,,-1,False,TN
2015-03-31,171.96361589192352,172.66057350740502,171.2168909627428,171.27496337890625,126768700,5582,True,0.005650800727207361,0.29364990909907984,3.0,2015-03-26,False,False,,,-1,False,FN
2015-04-01,171.2417760098176,171.2666659960578,169.6819360176087,170.66928100585938,137303600,5583,True,0.0020945018296654183,0.7381872712918227,4.0,2015-03-26,False,True,0.49140456318855286,0.708125,2,True,TP
2015-04-02,170.6029193047295,171.73131187302016,170.4203842819018,171.2832794189453,86900900,5584,True,0.005699628834708648,0.28754639566141904,5.0,2015-03-26,False,True,0.24833278357982635,0.420625,2,False,FN
2015-04-06,170.3955014457633,172.95097921240085,170.26275905467685,172.4365692138672,114368200,5585,False,0.012471236213003056,0.0,6.0,2015-03-26,False,False,,,-1,False,TN
2015-04-07,172.4614980599821,173.20822323643148,171.947087945549,171.9802703857422,81236300,5586,False,0.009792051393330281,0.0,7.0,2015-03-26,False,False,,,-1,False,TN
2015-04-08,172.20423971106177,173.00074463141885,171.81427969330997,172.56100463867188,89351900,5587,True,0.0001438889513361019,0.9820138810829873,7.0,2015-04-17,False,False,,,-1,False,FN
2015-04-09,172.39514149434223,173.55671694575037,171.90562131555046,173.32440185546875,85548900,5588,True,0.004568452095370601,0.4289434880786749,6.0,2015-04-17,False,False,,,-1,False,FN
2015-04-10,173.57324239659198,174.3116749111512,173.37412249347702,174.2701873779297,72722900,5589,False,0.010050117043535645,0.0,5.0,2015-04-17,False,False,,,-1,False,TN
2015-04-13,174.12917502382024,174.75975527148466,173.43222990187343,173.4820098876953,74436600,5590,True,0.005481930262764889,0.31475871715438886,4.0,2015-04-17,False,False,,,-1,False,FN
2015-04-14,173.28289617370427,173.9964388699827,172.6606210081203,173.81390380859375,75099900,5591,True,0.007405549550110413,0.07430630623619838,3.0,2015-04-17,False,False,,,-1,False,FN
2015-04-15,174.2785335608359,175.09992867523593,174.1955584748344,174.59381103515625,99529300,5592,False,0.011925802826502574,0.0,2.0,2015-04-17,False,False,,,-1,False,TN
2015-04-16,174.26189611739576,175.05010861308017,174.0627635527124,174.5439910888672,68934900,5593,False,0.011637052103630863,0.0,1.0,2015-04-17,False,False,,,-1,False,TN
2015-04-17,173.35758646133294,173.59819398304518,171.75625826434415,172.5361785888672,191113200,5594,True,0.0,1.0,0.0,2015-04-17,True,False,,,-1,False,FN
2015-04-20,173.4571243470922,174.4444696253035,173.37416192199962,174.1125946044922,92189500,5595,False,0.009136727314341453,0.0,1.0,2015-04-17,False,False,,,-1,False,TN
2015-04-21,174.7928932447818,174.95053826659614,173.6064283504393,173.90512084960938,72559800,5596,True,0.007934233109475608,0.008220861315549,2.0,2015-04-17,False,False,,,-1,False,FN
2015-04-22,174.24531243943684,174.94227014118775,173.3243448273341,174.75973510742188,78264600,5597,False,0.012887479812875302,0.0,3.0,2015-04-17,False,False,,,-1,False,TN
2015-04-23,174.36148812213582,175.84665853711883,174.24533060310532,175.19949340820312,102585900,5598,False,0.01543626873574322,0.0,4.0,2015-04-17,False,False,,,-1,False,TN
2015-04-24,175.6143536888242,175.87155873444283,175.1580160303617,175.60604858398438,61327400,5599,False,0.01779261613549643,0.0,5.0,2015-04-17,False,False,,,-1,False,TN
2015-04-27,176.1701843329373,176.29463425600326,174.68501439653176,174.8758544921875,79358100,5600,False,0.013122446345633199,0.0,7.0,2015-05-06,False,False,,,-1,False,TN
2015-04-28,174.85103608471604,175.4816037200731,173.68115568812917,175.43182373046875,86863500,5601,False,0.01634338794683976,0.0,6.0,2015-05-06,False,False,,,-1,False,TN
2015-04-29,174.54399554046685,175.30731806756097,173.9051356170558,174.70994567871094,125684900,5602,False,0.01216127338400419,0.0,5.0,2015-05-06,False,False,,,-1,False,TN
2015-04-30,174.1374314558223,174.52739144939122,172.2623014458399,172.95925903320312,161304900,5603,True,0.0020188786993180496,0.7476401625852438,4.0,2015-05-06,False,False,,,-1,False,FN
2015-05-01,173.73926203032343,174.8759602090909,173.63970203168415,174.83447265625,103399700,5604,False,0.012882705605089084,0.0,3.0,2015-05-06,False,False,,,-1,False,TN
2015-05-04,175.25753173188116,175.91300183759805,175.14967933819705,175.33221435546875,70927200,5605,False,0.015766312889954337,0.0,2.0,2015-05-06,False,False,,,-1,False,TN
2015-05-05,175.09166769103237,175.44844543267956,173.1833543120994,173.32440185546875,113326200,5606,True,0.004134290174696131,0.4832137281629836,1.0,2015-05-06,False,False,,,-1,False,FN
2015-05-06,173.8719263269991,174.17891126928984,171.54876384368936,172.61077880859375,135060200,5607,True,0.0,1.0,0.0,2015-05-06,True,True,0.6842037439346313,0.9025,2,True,TP
2015-05-07,172.5112563713364,173.7226241798103,172.17938137022506,173.29946899414062,88244900,5608,True,0.003989844610518434,0.5012694236851958,1.0,2015-05-06,False,True,0.33912283182144165,0.51625,2,True,TP
2015-05-08,174.96719142130206,175.7802941151666,174.8842163328538,175.58116149902344,155877300,5609,False,0.01720855853227743,0.0,2.0,2015-05-06,False,False,,,-1,False,TN
2015-05-11,175.53965118852454,175.8051486295798,174.66846357652057,174.74313354492188,75708100,5610,False,0.012353543336321327,0.0,3.0,2015-05-06,False,False,,,-1,False,TN
2015-05-12,173.91344347223256,174.7597411434483,173.0920357919156,174.22042846679688,119727600,5611,False,0.009325313687322145,0.0,4.0,2015-05-06,False,False,,,-1,False,TN
2015-05-13,174.6269482582543,175.24922321636743,174.02127084388474,174.2535858154297,94667900,5612,False,0.009517406839683051,0.0,5.0,2015-05-06,False,False,,,-1,False,TN
2015-05-14,175.26585334388207,176.1619309693813,174.99205079218353,176.07066345214844,95934000,5613,False,0.02004442982898147,0.0,6.0,2015-05-06,False,False,,,-1,False,TN
2015-05-15,176.261474609375,176.4025220938169,175.78024707763444,176.261474609375,76510100,5614,False,0.021149871554831945,0.0,7.0,2015-05-06,False,False,,,-1,False,TN
2015-05-18,176.0955698911435,177.0580124734228,176.02919235784495,176.80911254882812,74549700,5615,False,,0.0,,,False,False,,,-1,False,TN
2015-05-19,176.92528021508664,177.19908280806544,176.46894256012197,176.75103759765625,72114600,5616,False,,0.0,,,False,False,,,-1,False,TN
2015-05-20,176.85055102371675,177.3732660782015,176.31125108448646,176.6265411376953,76857500,5617,False,,0.0,,,False,False,,,-1,False,TN
2015-05-21,176.48553362894427,177.34841625919387,176.319583462163,177.1409912109375,64764600,5618,False,,0.0,,,False,False,,,-1,False,TN
2015-05-22,176.7593246131695,177.1741747121736,176.65147219637822,176.7178497314453,57433500,5619,False,,0.0,,,False,False,,,-1,False,TN
2015-05-26,176.22831309072097,176.65146828487644,174.40297522756453,174.8178253173828,124308600,5620,False,,0.0,,,False,False,,,-1,False,TN
2015-05-27,175.2741711023209,176.70954893500715,174.86761343770593,176.47723388671875,93214000,5621,False,,0.0,,,False,False,,,-1,False,TN
2015-05-28,176.17025686369877,176.38597437256442,175.5894692165826,176.2781219482422,74974600,5622,False,,0.0,,,False,False,,,-1,False,TN
2015-05-29,176.21170925672558,176.25318413307215,174.91737914129027,175.18287658691406,124919600,5623,False,0.01290474158755428,0.0,7.0,2015-06-09,False,False,,,-1,False,TN
2015-06-01,175.84664258087983,176.17851755936138,174.75143236349666,175.53965759277344,93338800,5624,False,0.014967643964682642,0.0,6.0,2015-06-09,False,False,,,-1,False,TN
2015-06-02,175.0833377129909,176.0540854164766,174.46106257022674,175.3654327392578,91531000,5625,False,0.013960278497996637,0.0,5.0,2015-06-09,False,False,,,-1,False,TN
2015-06-03,175.8963946070347,176.45229207076486,175.34049714330453,175.83001708984375,87820900,5626,False,0.016646498183071845,0.0,4.0,2015-06-09,False,False,,,-1,False,TN
2015-06-04,175.12482989319332,175.78028749043622,174.02961953601317,174.34490966796875,151882800,5627,False,0.008059629542187752,0.0,3.0,2015-06-09,False,False,,,-1,False,TN
2015-06-05,174.19549774738965,174.7182127544866,173.39068780258356,174.04615783691406,121704700,5628,True,0.006332250975692233,0.20846862803847088,2.0,2015-06-09,False,True,0.7012580633163452,0.91875,2,True,TP
2015-06-08,173.93831567945017,174.08766826979198,172.90119063064117,172.97586059570312,89063300,5629,True,0.00014380852256956622,0.9820239346788042,1.0,2015-06-09,False,True,0.4085144102573395,0.615,2,True,TP
2015-06-09,172.95098876953125,173.49030144767775,172.32042123131572,172.95098876953125,105034700,5630,True,0.0,1.0,0.0,2015-06-09,True,True,0.2680053114891052,0.441875,2,False,FN
2015-06-10,173.71429518187028,175.40689037129914,173.65622276176234,175.0252227783203,134551300,5631,False,0.011993189651856362,0.0,1.0,2015-06-09,False,False,,,-1,False,TN
2015-06-11,175.46496915471943,175.971086709297,175.2326541454266,175.5894317626953,73876400,5632,False,0.015255437461996646,0.0,2.0,2015-06-09,False,False,,,-1,False,TN
2015-06-12,174.7680918906073,175.46503718871605,173.97157393546635,174.24537658691406,135382400,5633,True,0.007484130773647513,0.06448365329406092,3.0,2015-06-09,False,False,,,-1,False,FN
2015-06-15,173.1086361141157,173.78069119959363,172.40338593342784,173.49859619140625,124384200,5634,True,0.0031662578269773256,0.6042177716278343,4.0,2015-06-09,False,True,0.5498489737510681,0.7775,2,True,TP
2015-06-16,173.3492173976957,174.52740255550577,173.17498748493023,174.44442749023438,85308200,5635,False,0.008635040084640666,0.0,5.0,2015-06-09,False,True,0.09770142287015915,0.26875,2,False,TN
2015-06-17,174.72654724121094,175.33223745113244,173.7060196267391,174.72654724121094,126708600,5636,False,0.010266252215798133,0.0,6.0,2015-06-09,False,False,,,-1,False,TN
2015-06-18,175.3239644513541,177.00825500991627,174.75977433686225,176.5436248779297,165867900,5637,False,0.02077256761559121,0.0,7.0,2015-06-09,False,False,,,-1,False,TN
2015-06-19,176.30183904524156,176.37687224004762,175.3847242582681,175.75990295410156,130478700,5638,False,,0.0,,,False,False,,,-1,False,TN
2015-06-22,176.67695659843193,177.24389083650507,176.45184437011525,176.6602783203125,70696000,5639,False,,0.0,,,False,False,,,-1,False,TN
2015-06-23,176.8687638249379,177.1188871824413,176.39354089530357,176.78538513183594,68476800,5640,False,,0.0,,,False,False,,,-1,False,TN
2015-06-24,176.51856260613104,176.89374121005542,175.47639274978548,175.50140380859375,92307300,5641,False,,0.0,,,False,False,,,-1,False,TN
2015-06-25,176.00168702375012,176.1267423437939,174.89281653941904,174.9678497314453,97107400,5642,False,,0.0,,,False,False,,,-1,False,TN
2015-06-26,175.3263076494394,175.56809817200963,174.384194782506,174.93446350097656,104174800,5643,False,0.02586389254173249,0.0,7.0,2015-07-08,False,True,0.608507513999939,0.835,2,True,FP
2015-06-29,173.45876660249095,174.94281557284336,171.19100380518373,171.2660369873047,202621300,5644,True,0.004351228727505152,0.456096409061856,6.0,2015-07-08,False,True,0.36228126287460327,0.545625,2,True,TP
2015-06-30,172.8001309279785,172.85016577780942,171.1493370940324,171.62457275390625,182925100,5645,True,0.00645378124791951,0.19327734401006125,5.0,2015-07-08,False,True,0.3898140788078308,0.59125,2,True,TP
2015-07-01,173.19195405817197,173.44207737125143,172.21648458678231,173.0001983642578,135979900,5646,False,0.01452082884433259,0.0,4.0,2015-07-08,False,True,0.09904596209526062,0.269375,2,False,TN
2015-07-02,173.4754443357118,173.6421889804988,172.4249289021321,172.841796875,104373700,5647,False,0.01359191886797717,0.0,3.0,2015-07-08,False,True,0.18874195218086243,0.34875,2,False,TN
2015-07-06,171.5578071054906,173.12522164882452,171.35770594766598,172.349853515625,117975400,5648,False,0.010707027466600127,0.0,2.0,2015-07-08,False,True,0.19675610959529877,0.355,2,False,TN
2015-07-07,172.5499731339721,173.55878636499753,170.17382092755489,173.43373107910156,173820200,5649,False,0.01706318413266783,0.0,1.0,2015-07-08,False,True,0.06681430339813232,0.218125,2,False,TN
2015-07-08,172.09980861176086,172.38327583973646,170.29060275537043,170.5240478515625,164020100,5650,True,0.0,1.0,0.0,2015-07-08,True,True,0.5835726857185364,0.81,2,True,TP
2015-07-09,172.61668341636218,172.87515224406943,170.72411199229873,170.83248901367188,144113100,5651,True,0.001808783957426785,0.7739020053216519,1.0,2015-07-08,False,True,0.6004126071929932,0.825625,2,True,TP
2015-07-10,172.82513914137888,173.40041904782046,170.87419984963972,172.98355102539062,129456900,5652,False,0.014423204262480782,0.0,2.0,2015-07-08,False,True,0.029692862182855606,0.07625,2,False,TN
2015-07-13,174.24241792419102,175.00110769647628,174.20072859736743,174.89273071289062,106069400,5653,False,0.02561915997402875,0.0,3.0,2015-07-08,False,False,,,-1,False,TN
2015-07-14,174.85110984533196,175.95998021965312,174.79274222056702,175.6514892578125,81709600,5654,False,0.030068729137331607,0.0,4.0,2015-07-08,False,False,,,-1,False,TN
2015-07-15,175.6931533625977,176.15171062773106,175.11787358650312,175.59310913085938,97914100,5655,False,0.029726371987776057,0.0,5.0,2015-07-08,False,False,,,-1,False,TN
2015-07-16,176.6436231738465,177.00213623046875,176.4018453575481,177.00213623046875,106683300,5656,False,0.02664494901828074,0.0,7.0,2015-07-27,False,False,,,-1,False,TN
2015-07-17,176.99382504937782,177.21060456995625,176.58530251623148,177.15223693847656,89030000,5657,False,0.027515560735190236,0.0,6.0,2015-07-27,False,False,,,-1,False,TN
2015-07-20,177.37734308080402,177.73584347269255,176.92713121534828,177.2439422607422,70446800,5658,False,0.028047468473182402,0.0,5.0,2015-07-27,False,False,,,-1,False,TN
2015-07-21,177.11054402998832,177.36901289331283,176.2434641305146,176.54360961914062,77965000,5659,False,0.0239854103283208,0.0,4.0,2015-07-27,False,False,,,-1,False,TN
2015-07-22,175.8599302436575,176.56027815967445,175.82658640089568,176.22677612304688,88667900,5660,False,0.022147717770639286,0.0,3.0,2015-07-27,False,False,,,-1,False,TN
2015-07-23,176.36018313968574,176.4602273932913,174.87613400945932,175.23463439941406,90509100,5661,False,0.016393113272806126,0.0,2.0,2015-07-27,False,False,,,-1,False,TN
2015-07-24,175.3346636099752,175.3930185080703,173.08357920770112,173.4170684814453,117755000,5662,True,0.005850896614128409,0.26863792323394886,1.0,2015-07-27,False,False,,,-1,False,FN
2015-07-27,172.53339327435089,173.04197293010486,171.96644597068436,172.4083251953125,132361100,5663,True,0.0,1.0,0.0,2015-07-27,True,True,0.6615967154502869,0.879375,2,True,TP
2015-07-28,173.24194921997795,174.66764297743268,172.41655895358676,174.52590942382812,123544800,5664,False,0.012282378047096865,0.0,1.0,2015-07-27,False,True,0.1932675689458847,0.3525,2,False,TN
2015-07-29,174.6509599728158,175.9515856970879,174.50922642304744,175.7264862060547,105791300,5665,False,0.013560597732982682,0.0,7.0,2015-08-07,False,False,,,-1,False,TN
2015-07-30,175.21801105827083,175.93502473275177,174.60104166150174,175.76828002929688,91304400,5666,False,0.013801657423991642,0.0,6.0,2015-08-07,False,False,,,-1,False,TN
2015-07-31,176.2684392962481,176.2934503550564,175.21793666089977,175.50140380859375,103266900,5667,False,0.012262360601887012,0.0,5.0,2015-08-07,False,False,,,-1,False,TN
2015-08-03,175.46811453396106,175.52646944872632,173.95904142640262,174.9095001220703,113965700,5668,False,0.00884836042885917,0.0,4.0,2015-08-07,False,False,,,-1,False,TN
2015-08-04,174.83438526178543,175.2929424713495,174.08402817107913,174.56759643554688,81820800,5669,True,0.006876317896389317,0.1404602629513354,3.0,2015-08-07,False,True,0.8179370164871216,0.973125,2,True,TP
2015-08-05,175.45970953616686,176.17672288604265,174.8594186980476,175.1428985595703,85786800,5670,False,0.010194563069849005,0.0,2.0,2015-08-07,False,False,,,-1,False,TN
2015-08-06,175.32632990270608,175.43471964877418,173.12526747125386,173.70889282226562,116030800,5671,True,0.0019234609518063994,0.7595673810242001,1.0,2015-08-07,False,False,,,-1,False,FN
2015-08-07,173.55050215836098,173.70056854343548,172.47497551144963,173.3754119873047,117858000,5672,True,0.0,1.0,0.0,2015-08-07,True,True,0.7806566953659058,0.960625,2,True,TP
2015-08-10,174.4842726082692,175.64316516294912,174.4842726082692,175.55979919433594,80270700,5673,False,0.012599175292464126,0.0,1.0,2015-08-07,False,False,,,-1,False,TN
2015-08-11,174.22581609792064,174.64268410548195,173.21698992202937,173.97569274902344,126081400,5674,True,0.0034623177233614744,0.5672102845798157,2.0,2015-08-07,False,False,,,-1,False,FN
2015-08-12,172.6750373934088,174.36752020008473,171.21599961373644,174.18409729003906,172123700,5675,True,0.004664359804339435,0.4169550244575706,3.0,2015-08-07,False,True,0.6531417965888977,0.868125,2,True,TP
2015-08-13,174.02567056469158,174.70934002948377,173.42537976890287,173.96731567382812,89383300,5676,True,0.0034140001730278424,0.5732499783715197,4.0,2015-08-07,False,True,0.4251914918422699,0.62875,2,True,TP
2015-08-14,173.7755643017148,174.67600058360037,173.6338307279643,174.60096740722656,72786500,5677,True,0.007068796006734823,0.1164004991581471,5.0,2015-08-07,False,False,,,-1,False,FN
2015-08-17,174.00903163484438,175.57644653320312,173.5504743287551,175.57644653320312,79072600,5678,False,0.012695194322362102,0.0,6.0,2015-08-07,False,False,,,-1,False,TN
2015-08-18,175.30136197924693,175.65152964294157,174.83447176098744,175.0679168701172,71692700,5679,False,0.009762081389813382,0.0,7.0,2015-08-07,False,False,,,-1,False,TN
2015-08-19,174.32583589007928,175.09287138975742,172.87514356925766,173.68386840820312,172946000,5680,False,0.11240476065289995,0.0,4.0,2015-08-25,False,False,,,-1,False,TN
2015-08-20,172.1748281472573,173.65887730749114,169.99877653472075,170.05714416503906,194327900,5681,False,0.08917643581970869,0.0,3.0,2015-08-25,False,True,0.4053099751472473,0.611875,2,True,FP
2015-08-21,168.18958459097215,170.03214702105623,164.67956263609406,164.93801879882812,346588500,5682,False,0.05638962907742462,0.0,2.0,2015-08-25,False,True,0.491623193025589,0.70875,2,True,FP
2015-08-24,156.31713079104918,164.64614334806805,152.0734058714553,157.99293518066406,507244300,5683,False,0.01190798463465681,0.0,1.0,2015-08-25,False,True,0.39896833896636963,0.6025,2,True,FP
2015-08-25,162.93697156316705,162.9536498402753,155.84188490846205,156.13369750976562,369833100,5684,True,0.0,1.0,0.0,2015-08-25,True,True,0.40900373458862305,0.615,2,True,TP
2015-08-26,160.1440002975013,162.4034175624489,157.0508343737949,162.1282958984375,339257000,5685,False,0.038394007727236,0.0,1.0,2015-08-25,False,True,0.0725606381893158,0.235,2,False,TN
2015-08-27,164.26267427664732,166.26363563658603,162.75361411543824,166.13858032226562,274143900,5686,False,0.0640789462625404,0.0,2.0,2015-08-25,False,True,0.041143715381622314,0.1325,2,False,TN
2015-08-28,165.49658334975751,166.61378645112822,165.01301498010434,166.1468963623047,160414400,5687,False,0.06413220856383539,0.0,3.0,2015-08-25,False,True,0.06129622459411621,0.20625,2,False,TN
2015-08-31,165.1714571207478,166.02187149373609,164.254342334015,164.8046112060547,163298800,5688,False,0.0555351844898615,0.0,4.0,2015-08-25,False,True,0.04574833810329437,0.151875,2,False,TN
2015-09-01,161.0110950686607,162.3867671258326,159.0184665026377,159.88555908203125,256000400,5689,False,0.024029800306438975,0.0,5.0,2015-08-25,False,True,0.40620917081832886,0.61375,2,True,FP
2015-09-02,162.26167538279665,162.96202320130396,160.42745896303018,162.9203338623047,160269300,5690,False,0.04346682657736056,0.0,6.0,2015-08-25,False,True,0.0504789724946022,0.17125,2,False,TN
2015-09-03,163.62897835613708,165.12137251517248,162.54513202783446,163.0370330810547,152087800,5691,False,0.04421425791736788,0.0,7.0,2015-08-25,False,True,0.04540924355387688,0.151875,2,False,TN
2015-09-04,160.78599337005926,161.62806215377893,159.75215614582967,160.5692138671875,207081000,5692,False,,0.0,,,False,True,0.2072310447692871,0.36625,2,False,TN
2015-09-08,163.36221854722507,164.75455600996594,162.7202383253575,164.60447692871094,116025700,5693,False,,0.0,,,False,True,0.029180238023400307,0.07125,2,False,TN
2015-09-09,166.1802472312169,166.30530252865324,162.03657875215427,162.40341186523438,149347700,5694,False,,0.0,,,False,True,0.02427849732339382,0.043125,2,False,TN
2015-09-10,162.2116895202348,164.42943054395593,161.95323337119268,163.28721618652344,158611100,5695,False,,0.0,,,False,True,0.02482341043651104,0.048125,2,False,TN
2015-09-11,162.89532399093918,164.09590572079074,162.18664338818505,164.02920532226562,119691200,5696,False,,0.0,,,False,True,0.031846944242715836,0.088125,2,False,TN
2015-09-14,164.20432249066465,164.2543446212188,162.93704005547906,163.4206085205078,79452000,5697,False,,0.0,,,False,True,0.056735072284936905,0.195625,2,False,TN
2015-09-15,163.9207947539575,165.90509001207155,163.37887157728196,165.4632110595703,113806200,5698,False,,0.0,,,False,False,,,-1,False,TN
2015-09-16,165.76339385199034,167.08903100857285,165.4215590465416,166.8972625732422,99581600,5699,False,,0.0,,,False,False,,,-1,False,TN
2015-09-17,166.76387002000322,169.15668815047755,166.1469008307215,166.52207946777344,276046600,5700,False,0.05684277499414114,0.0,7.0,2015-09-28,False,False,,,-1,False,TN
2015-09-18,164.0187945909634,166.50785238419843,163.3902416722408,163.80088806152344,223657500,5701,False,0.039572563822967144,0.0,6.0,2015-09-28,False,False,,,-1,False,TN
2015-09-21,164.63057387627785,165.66977312973452,163.5997507243054,164.6473388671875,105726200,5702,False,0.04494461671356986,0.0,5.0,2015-09-28,False,True,0.266665518283844,0.43875,2,False,TN
2015-09-22,162.48508230140018,162.97116463521715,161.3788233096915,162.51022338867188,153890900,5703,False,0.03138127988750972,0.0,4.0,2015-09-28,False,True,0.4129190742969513,0.62,2,True,FP
2015-09-23,162.67788442413593,163.14720191333413,161.67220226329084,162.25047302246094,92790600,5704,False,0.029732757969518353,0.0,3.0,2015-09-28,False,True,0.270702064037323,0.44625,2,False,TN
2015-09-24,161.03523499204192,162.12472915587193,159.70270601966715,161.66378784179688,159378800,5705,False,0.026009323837764553,0.0,2.0,2015-09-28,False,True,0.23237960040569305,0.4025,2,False,TN
2015-09-25,163.12205844777677,163.42376437043987,160.75031715338602,161.62191772460938,155054800,5706,False,0.02574359252466052,0.0,1.0,2015-09-28,False,True,0.19329148530960083,0.3525,2,False,TN
2015-09-28,160.72514181152218,160.8340950566949,157.25553083417196,157.56561279296875,178515900,5707,True,0.0,1.0,0.0,2015-09-28,True,True,0.546086311340332,0.77125,2,True,TP
2015-09-29,157.78355517661606,159.0155199795745,156.66053085567307,157.6578369140625,159045600,5708,True,0.000585306143003006,0.9268367321246243,1.0,2015-09-28,False,True,0.5029983520507812,0.72125,2,True,TP
2015-09-30,159.54344943762996,160.76703778299435,158.764050145454,160.59942626953125,163452000,5709,False,0.019254286660559172,0.0,2.0,2015-09-28,False,True,0.05462997779250145,0.1875,2,False,TN
2015-10-01,160.97654180415807,161.3201536899569,159.08250756457684,161.01844787597656,131079000,5710,False,0.02191363344960684,0.0,3.0,2015-09-28,False,True,0.034385889768600464,0.099375,2,False,TN
2015-10-02,159.04061688143543,163.44886240141275,158.4958634709605,163.42372131347656,211003300,5711,False,0.037178851506165955,0.0,4.0,2015-09-28,False,False,,,-1,False,TN
2015-10-05,164.64731598970752,166.55811547378664,164.5383627458455,166.3318328857422,126320800,5712,False,0.05563536318226814,0.0,5.0,2015-09-28,False,False,,,-1,False,TN
2015-10-06,166.19776314261216,166.75926885770076,165.09989280505525,165.761962890625,110274500,5713,False,0.052018647675528884,0.0,6.0,2015-09-28,False,False,,,-1,False,TN
2015-10-07,166.69218957934794,167.4716016642994,165.50213120205433,167.11961364746094,124307300,5714,False,0.06063506297560961,0.0,7.0,2015-09-28,False,False,,,-1,False,TN
2015-10-08,166.73412628130978,168.91311473391343,166.4324203846099,168.628173828125,153055200,5715,False,,0.0,,,False,False,,,-1,False,TN
2015-10-09,168.77060480397452,169.2063921622075,168.1001459916969,168.72869873046875,107069200,5716,False,,0.0,,,False,False,,,-1,False,TN
2015-10-12,168.8041578059088,169.089098705504,168.37674645651603,168.88796997070312,56395600,5717,False,,0.0,,,False,False,,,-1,False,TN
2015-10-13,168.1588314648313,169.4243260345395,167.6559968652406,167.8236083984375,88038700,5718,False,,0.0,,,False,False,,,-1,False,TN
2015-10-14,167.76492510688843,168.34319572404036,166.72572600400844,167.01904296875,99106200,5719,False,,0.0,,,False,False,,,-1,False,TN
2015-10-15,167.68114875415054,169.59194848911545,167.31239568460623,169.5835723876953,134142200,5720,False,,0.0,,,False,False,,,-1,False,TN
2015-10-16,169.9858306966226,170.37133594189658,169.22318351896553,170.35458374023438,114580100,5721,False,,0.0,,,False,False,,,-1,False,TN
2015-10-19,169.7092222226557,170.43833923339844,169.39914032851215,170.43833923339844,76523900,5722,False,,0.0,,,False,False,,,-1,False,TN
2015-10-20,170.00259578875122,170.83227734943787,169.75117209632427,170.22048950195312,78448500,5723,False,,0.0,,,False,False,,,-1,False,TN
2015-10-21,170.63959656598894,170.79044317218742,168.99697216680252,169.1645965576172,102038000,5724,False,,0.0,,,False,False,,,-1,False,TN
2015-10-22,170.1115694105604,172.23188703797183,169.16455831386938,172.02236938476562,174911700,5725,False,,0.0,,,False,False,,,-1,False,TN
2015-10-23,173.6901262741854,174.2767731177643,172.89396178733242,173.90802001953125,144442300,5726,False,,0.0,,,False,False,,,-1,False,TN
2015-10-26,173.7319992431136,173.7906575223188,173.1118225335832,173.48057556152344,69033000,5727,False,,0.0,,,False,False,,,-1,False,TN
2015-10-27,172.8101650689932,173.4806241450167,172.46655303418896,173.14540100097656,77905800,5728,False,,0.0,,,False,False,,,-1,False,TN
2015-10-28,173.48055729377796,175.13993295683483,172.81848736364915,175.1147918701172,135906700,5729,False,,0.0,,,False,False,,,-1,False,TN
2015-10-29,174.6120119254061,175.38303533093182,174.49468255473792,175.0142822265625,90525500,5730,False,,0.0,,,False,False,,,-1,False,TN
2015-10-30,175.20698758913662,175.52545841839262,174.10074136256867,174.2599639892578,131076900,5731,False,,0.0,,,False,False,,,-1,False,TN
2015-11-02,174.58681062981634,176.51436208500124,174.46109241234478,176.3216094970703,86270800,5732,False,,0.0,,,False,False,,,-1,False,TN
2015-11-03,175.96962854731606,177.38596945377594,175.7433459771636,176.8328399658203,95246100,5733,False,,0.0,,,False,False,,,-1,False,TN
2015-11-04,177.1262031778266,177.2519086361511,175.76014418697665,176.2965087890625,96224500,5734,False,0.03860974879863943,0.0,7.0,2015-11-13,False,False,,,-1,False,TN
2015-11-05,176.3551573584658,176.8160986601643,175.23214603282946,176.12049865722656,78408700,5735,False,0.037572826172844076,0.0,6.0,2015-11-13,False,False,,,-1,False,TN
2015-11-06,175.7768941585432,176.26297653576705,174.7041650460284,176.02830505371094,110471500,5736,False,0.03702968906794091,0.0,5.0,2015-11-13,False,False,,,-1,False,TN
2015-11-09,175.41648876026767,175.56734806082483,173.4386423823178,174.3856658935547,131008700,5737,False,0.02735246370928124,0.0,4.0,2015-11-13,False,False,,,-1,False,TN
2015-11-10,173.9079721910716,174.82147858334838,173.6397963311649,174.78794860839844,75874600,5738,False,0.029722418464935618,0.0,3.0,2015-11-13,False,False,,,-1,False,TN
2015-11-11,175.05613820965038,175.10642038441057,174.03369136306415,174.10073852539062,67846000,5739,False,0.025673880597752774,0.0,2.0,2015-11-13,False,False,,,-1,False,TN
2015-11-12,173.06153376457812,173.5308511321067,171.65358166199235,171.6703338623047,121315200,5740,False,0.011355718576592455,0.0,1.0,2015-11-13,False,False,,,-1,False,TN
2015-11-13,171.25970084267732,171.52787673580528,169.65898322089475,169.74278259277344,153577100,5741,True,0.0,1.0,0.0,2015-11-13,True,True,0.5862848162651062,0.813125,2,True,TP
2015-11-16,169.5584585309678,172.38275250408688,169.4411163645909,172.32408142089844,117645200,5742,False,0.015207119788519963,0.0,1.0,2015-11-13,False,True,0.1016407236456871,0.2725,2,False,TN
2015-11-17,172.63413394816544,173.51409767680042,171.703875251433,172.19833374023438,121123700,5743,False,0.014466306666787832,0.0,2.0,2015-11-13,False,True,0.15700262784957886,0.319375,2,False,TN
2015-11-18,172.67599358057856,175.07287507507408,172.63410029724014,174.93040466308594,121342500,5744,False,0.03056166507390201,0.0,3.0,2015-11-13,False,False,,,-1,False,TN
2015-11-19,174.8131192434579,175.1986372929131,174.48627226611268,174.77960205078125,88220500,5745,False,0.029673246668116438,0.0,4.0,2015-11-13,False,False,,,-1,False,TN
2015-11-20,175.53386378238736,176.0953694832022,175.03940525616932,175.41653442382812,94011500,5746,False,0.03342558513764016,0.0,5.0,2015-11-13,False,False,,,-1,False,TN
2015-11-23,175.47520813820526,175.97804277333833,174.75446698536746,175.2154083251953,64931200,5747,False,0.032240697653408645,0.0,6.0,2015-11-13,False,False,,,-1,False,TN
2015-11-24,174.2096893297508,175.85231293454058,173.82418410838238,175.45004272460938,98874400,5748,False,0.03362299147368231,0.0,7.0,2015-11-13,False,False,,,-1,False,TN
2015-11-25,175.57574276884174,175.77688426159057,175.16508368329,175.42489624023438,51980100,5749,False,,0.0,,,False,False,,,-1,False,TN
2015-11-27,175.51708434940895,175.82717910489592,175.03939085313215,175.62603759765625,37317800,5750,False,,0.0,,,False,False,,,-1,False,TN
2015-11-30,175.78523351525823,175.90256283779144,174.78792787975726,174.89688110351562,112822700,5751,False,,0.0,,,False,False,,,-1,False,TN
2015-12-01,175.5254827993396,176.68202415007264,175.24891800729733,176.56468200683594,97858400,5752,False,,0.0,,,False,False,,,-1,False,TN
2015-12-02,176.5143660168775,176.83283682937392,174.51137847141774,174.76280212402344,108441300,5753,False,,0.0,,,False,False,,,-1,False,TN
2015-12-03,175.01424632913574,175.28242221225327,171.59491750079425,172.31565856933594,166224200,5754,False,,0.0,,,False,False,,,-1,False,TN
2015-12-04,172.31565756611263,175.9696450663858,172.31565756611263,175.6763153076172,192913900,5755,False,,0.0,,,False,False,,,-1,False,TN
2015-12-07,175.34947755684817,175.76851278396063,173.6481955578069,174.6119842529297,102027100,5756,False,,0.0,,,False,False,,,-1,False,TN
2015-12-08,173.05320013551412,174.561716961954,172.4581643919731,173.43870544433594,103372400,5757,False,,0.0,,,False,False,,,-1,False,TN
2015-12-09,172.801735673859,174.88852275963552,171.1172060065192,172.08937072753906,162401500,5758,False,0.02052367531345123,0.0,7.0,2015-12-18,False,True,0.374612957239151,0.57,2,True,FP
2015-12-10,172.15644016941516,173.84095726678345,171.9217814530039,172.5335693359375,116128900,5759,False,0.023157860065800673,0.0,6.0,2015-12-18,False,True,0.24844908714294434,0.420625,2,False,TN
2015-12-11,170.4216620739042,171.08373222295276,168.8796024470076,169.189697265625,211173300,5760,True,0.0033280437294034293,0.5839945338245713,5.0,2015-12-18,False,True,0.5905646085739136,0.81875,2,True,TP
2015-12-14,169.3488617974309,170.17016706298082,167.57214416909764,170.04444885253906,182385200,5761,False,0.008396888058775698,0.0,4.0,2015-12-18,False,True,0.34582778811454773,0.519375,2,True,FP
2015-12-15,171.55302505022993,172.73470749855906,170.01935453413182,171.82958984375,154069600,5762,False,0.018983123789671597,0.0,3.0,2015-12-18,False,True,0.05367925390601158,0.180625,2,False,TN
2015-12-16,172.95259575159645,174.645501651764,171.6368317866301,174.3437957763672,197017000,5763,False,0.033892857424015155,0.0,2.0,2015-12-18,False,False,,,-1,False,TN
2015-12-17,174.6538513489731,174.7208985098075,171.6703230255021,171.6870880126953,173092500,5764,False,0.01813806001988727,0.0,1.0,2015-12-18,False,False,,,-1,False,TN
2015-12-18,170.94690416829022,171.08178369521318,168.46831115642496,168.6284942626953,251393500,5765,True,0.0,1.0,0.0,2015-12-18,True,True,0.4854145050048828,0.701875,2,True,TP
2015-12-21,169.80037124585664,170.19660966654243,168.6875281416203,170.01956176757812,99094300,5766,False,0.008249302770359623,0.0,1.0,2015-12-18,False,True,0.2852446138858795,0.459375,2,False,TN
2015-12-22,170.9047326303982,171.85739236404658,169.9183562341986,171.56231689453125,111026200,5767,False,0.01739814285043395,0.0,2.0,2015-12-18,False,True,0.03199891000986099,0.089375,2,False,TN
2015-12-23,172.5655598272645,173.72898408993737,172.4728229242392,173.68682861328125,110987200,5768,False,0.029996913467696062,0.0,3.0,2015-12-18,False,False,,,-1,False,TN
2015-12-24,173.4339828372758,173.9482489988482,173.18106273314908,173.40025329589844,48539600,5769,False,0.028297465704517855,0.0,4.0,2015-12-18,False,False,,,-1,False,TN
2015-12-28,172.7089222548446,173.04614042610552,171.93331016970558,173.00399780273438,65899900,5770,False,0.025947593016057757,0.0,5.0,2015-12-18,False,False,,,-1,False,TN
2015-12-29,174.09992902631632,175.17904239882662,174.06621236144557,174.85025024414062,92640700,5771,False,0.036896231616424524,0.0,6.0,2015-12-18,False,False,,,-1,False,TN
2015-12-30,174.6057465465948,174.6900574939759,173.46761307717205,173.61093139648438,63317700,5772,False,0.02954682810621101,0.0,7.0,2015-12-18,False,False,,,-1,False,TN
2015-12-31,172.93652912124026,173.577248708989,171.874267578125,171.874267578125,114877900,5773,False,,0.0,,,False,False,,,-1,False,TN
2016-01-04,169.02472259585497,169.47996830831684,167.42290449220576,169.47154235839844,222353500,5774,False,,0.0,,,False,True,0.40012699365615845,0.60375,2,True,FP
2016-01-05,169.7918801127749,170.21340912285035,168.65375950399786,169.75816345214844,110845800,5775,False,,0.0,,,False,True,0.45109793543815613,0.66125,2,True,FP
2016-01-06,167.21218979593286,168.66225118483942,166.58833485087854,167.6168670654297,152112600,5776,False,,0.0,,,False,True,0.6033640503883362,0.828125,2,True,FP
2016-01-07,164.67455717559412,166.45341046435007,163.2076312994672,163.59544372558594,213436100,5777,False,,0.0,,,False,True,0.6071246266365051,0.833125,2,True,FP
2016-01-08,164.55653231278043,165.1129538128163,161.51309169258369,161.7997283935547,209817200,5778,False,0.033773365347006035,0.0,7.0,2016-01-20,False,True,0.5550342202186584,0.784375,2,True,FP
2016-01-11,162.71860109243212,163.0558319717789,160.02925718988166,161.95985412597656,187941300,5779,False,0.03479644319100461,0.0,6.0,2016-01-20,False,True,0.3370490074157715,0.51375,2,True,FP
2016-01-12,163.401600818237,164.01702990689049,161.14219740184032,163.26670837402344,172330500,5780,False,0.043146216873784615,0.0,5.0,2016-01-20,False,True,0.2494918256998062,0.42125,2,False,TN
2016-01-13,163.93267001905855,164.27832698024162,158.81531325949402,159.19468688964844,221168900,5781,False,0.017129193264025844,0.0,4.0,2016-01-20,False,True,0.3382827937602997,0.51625,2,True,FP
2016-01-14,159.80163630397985,162.9293740810844,158.2082572999348,161.80810546875,240795600,5782,False,0.03382688828738689,0.0,3.0,2016-01-20,False,True,0.06961249560117722,0.2275,2,False,TN
2016-01-15,157.45794215989585,159.13561930320137,156.40411968734966,158.334716796875,324846400,5783,False,0.011634658843413082,0.0,2.0,2016-01-20,False,True,0.29933202266693115,0.471875,2,False,TN
2016-01-19,160.1472889660606,160.27374250909304,156.97738293758923,158.54547119140625,195244400,5784,False,0.012981214130368235,0.0,1.0,2016-01-20,False,True,0.20348823070526123,0.36125,2,False,TN
2016-01-20,155.99104099867043,158.07339555861964,152.61038261004657,156.51373291015625,286547800,5785,True,0.0,1.0,0.0,2016-01-20,True,True,0.3524377644062042,0.535625,2,True,TP
2016-01-21,156.98589956251828,159.22842497611094,155.66229179050984,157.39056396484375,195772900,5786,True,0.00560226274323683,0.29971715709539626,1.0,2016-01-20,False,True,0.162882000207901,0.323125,2,False,FN
2016-01-22,159.99559332480396,160.82178680616093,159.2368460469932,160.6194610595703,168319600,5787,False,0.026232382763312412,0.0,2.0,2016-01-20,False,True,0.023519158363342285,0.038125,2,False,TN
2016-01-25,160.11360839355606,160.3075081734972,157.997536987637,158.19143676757812,130371700,5788,False,0.010719211830344078,0.0,3.0,2016-01-20,False,True,0.04110532999038696,0.131875,2,False,TN
2016-01-26,158.84901269600596,160.62786588037858,158.51179458668403,160.3496551513672,141036800,5789,False,0.024508534617935895,0.0,4.0,2016-01-20,False,True,0.026081036776304245,0.053125,2,False,TN
2016-01-27,159.82696974006484,161.4962213181551,157.70245954537472,158.6045379638672,185681700,5790,False,0.013358604480484315,0.0,5.0,2016-01-20,False,True,0.0464116670191288,0.15625,2,False,TN
2016-01-28,160.147314333677,160.34964003457762,157.78674919882445,159.4307098388672,143798800,5791,False,0.018637194797375134,0.0,6.0,2016-01-20,False,True,0.03506678342819214,0.10375,2,False,TN
2016-01-29,160.1979025914594,163.452107348204,160.07987497288508,163.3172149658203,210529300,5792,False,0.04346891438318368,0.0,7.0,2016-01-20,False,False,,,-1,False,TN
2016-02-01,162.314018537112,164.04229067887618,161.73230623370387,163.25823974609375,136061600,5793,False,,0.0,,,False,False,,,-1,False,TN
2016-02-02,161.83350201070309,161.84192796395146,159.79328928812828,160.3159942626953,182564900,5794,False,0.039921873739561686,0.0,7.0,2016-02-11,False,False,,,-1,False,TN
2016-02-03,161.36980602725322,161.68173350831097,157.73622650318634,161.27706909179688,205054900,5795,False,0.046156078515446675,0.0,6.0,2016-02-11,False,True,0.0512368381023407,0.173125,2,False,TN
2016-02-04,160.77963173464707,162.49946476772794,160.14733809741855,161.5299530029297,139531800,5796,False,0.04779646076123112,0.0,5.0,2016-02-11,False,True,0.04939435049891472,0.16875,2,False,TN
2016-02-05,161.01574000687484,161.58901358528777,157.8205412376135,158.4528350830078,180788300,5797,False,0.027836117766637303,0.0,4.0,2016-02-11,False,True,0.2768389880657196,0.450625,2,False,TN
2016-02-08,156.61493026107567,156.9099929217756,154.1110463004901,156.31985473632812,191526700,5798,False,0.014000112638327122,0.0,3.0,2016-02-11,False,True,0.5600435733795166,0.79125,2,True,FP
2016-02-09,154.58310851845235,157.60125756788543,154.448216157082,156.32823181152344,184513100,5799,False,0.01405445221794066,0.0,2.0,2016-02-11,False,True,0.39678511023521423,0.6,2,True,FP
2016-02-10,157.1544756864922,158.7815717708362,156.06692344935064,156.19338989257812,148214100,5800,False,0.013179773046638088,0.0,1.0,2016-02-11,False,True,0.40137457847595215,0.60625,2,True,FP
2016-02-11,153.72318158695094,155.20697179332245,152.66935916267266,154.1615753173828,219058900,5801,True,0.0,1.0,0.0,2016-02-11,True,True,0.3469022512435913,0.520625,2,True,TP
2016-02-12,155.93206008196765,157.35681772325216,155.0890018292547,157.3399658203125,127632400,5802,False,0.020617267930650884,0.0,1.0,2016-02-11,False,True,0.026828553527593613,0.0575,2,False,TN
2016-02-16,159.14413638202305,160.0209114501945,158.18305032896677,159.99562072753906,120250700,5803,False,0.03784370650173563,0.0,2.0,2016-02-11,False,False,,,-1,False,TN
2016-02-17,161.15902381299634,162.98003278427333,161.03255735262937,162.6090850830078,136009500,5804,False,0.05479646759079593,0.0,3.0,2016-02-11,False,False,,,-1,False,TN
2016-02-18,162.87888005390369,162.93790031655604,161.63115722577805,161.94308471679688,102343000,5805,False,0.050476322542720053,0.0,4.0,2016-02-11,False,False,,,-1,False,TN
2016-02-19,161.16743240085756,162.01891654044448,160.56042947582927,161.86717224121094,114793000,5806,False,0.0499839010334715,0.0,5.0,2016-02-11,False,False,,,-1,False,TN
2016-02-22,163.4436752219077,164.35417954418443,163.37622902795616,164.2108612060547,103640300,5807,False,0.0651867099047394,0.0,6.0,2016-02-11,False,False,,,-1,False,TN
2016-02-23,163.55327913205167,163.82306391154782,162.01890714277164,162.13694763183594,111455300,5808,False,0.05173385325126367,0.0,7.0,2016-02-11,False,False,,,-1,False,TN
2016-02-24,160.71216217133053,163.1570254008844,159.60775817044836,162.87881469726562,150812200,5809,False,,0.0,,,False,False,,,-1,False,TN
2016-02-25,163.32565975002663,164.86003183247877,162.5669125237012,164.85159301757812,110728300,5810,False,,0.0,,,False,False,,,-1,False,TN
2016-02-26,165.71993371250397,165.81265775224122,164.31201539215382,164.47219848632812,129833700,5811,False,,0.0,,,False,False,,,-1,False,TN
2016-02-29,164.48905454530703,165.43327543273068,162.98841226463242,163.18231201171875,125918100,5812,False,,0.0,,,False,False,,,-1,False,TN
2016-03-01,164.40476411830258,167.1025604717824,163.93265361565753,167.01824951171875,141799700,5813,False,,0.0,,,False,False,,,-1,False,TN
2016-03-02,166.70632132039938,167.81915137646766,166.29321820053025,167.76856994628906,102415000,5814,False,,0.0,,,False,False,,,-1,False,TN
2016-03-03,167.59151530457737,168.44301222499766,167.0182419669896,168.4261474609375,95172200,5815,False,,0.0,,,False,False,,,-1,False,TN
2016-03-04,168.6200687052301,169.74977648835898,167.79387525766805,168.97415161132812,129293600,5816,False,,0.0,,,False,False,,,-1,False,TN
2016-03-07,168.05520140505269,169.51370120479942,167.9793292621422,169.10902404785156,100219000,5817,False,,0.0,,,False,False,,,-1,False,TN
2016-03-08,168.03835062068885,168.54417777416353,167.10255559310772,167.26272583007812,123974900,5818,False,,0.0,,,False,False,,,-1,False,TN
2016-03-09,168.0720787159687,168.43458755741102,167.2880279218925,168.0889434814453,94801200,5819,False,,0.0,,,False,False,,,-1,False,TN
2016-03-10,168.57788107599362,169.51367595798664,166.40278992152216,168.22378540039062,156838700,5820,False,,0.0,,,False,False,,,-1,False,TN
2016-03-11,169.67388925834564,170.98063204544795,168.20697621851687,170.9384765625,137964500,5821,False,,0.0,,,False,False,,,-1,False,TN
2016-03-14,170.43263212624063,171.17451452211145,170.1038399749677,170.71926879882812,73612000,5822,False,,0.0,,,False,False,,,-1,False,TN
2016-03-15,169.75819548969022,170.74457201573492,169.49684951236813,170.44107055664062,93169100,5823,False,,0.0,,,False,False,,,-1,False,TN
2016-03-16,169.96056173798843,171.83215222958782,169.9184062493571,171.42747497558594,129303200,5824,False,,0.0,,,False,False,,,-1,False,TN
2016-03-17,171.34313387955126,173.02081127539734,170.94689554110465,172.51498413085938,134278500,5825,False,,0.0,,,False,False,,,-1,False,TN
2016-03-18,173.01494060113356,173.53185895502068,172.70140441169823,173.19290161132812,138372400,5826,False,,0.0,,,False,False,,,-1,False,TN
2016-03-21,172.93025403387017,173.6674935655199,172.70145065389715,173.43869018554688,72926700,5827,False,,0.0,,,False,False,,,-1,False,TN
2016-03-22,172.66751604840624,173.91320443773537,172.5065197008016,173.34544372558594,97471900,5828,False,,0.0,,,False,False,,,-1,False,TN
2016-03-23,172.9641377131054,173.1505681737441,172.03198540991207,172.20147705078125,81052500,5829,False,,0.0,,,False,False,,,-1,False,TN
2016-03-24,171.17604655523365,172.1590408169637,170.95572560569772,172.12513732910156,84360900,5830,False,,0.0,,,False,False,,,-1,False,TN
2016-03-28,172.54040388108646,172.7522554642158,171.77774335397856,172.22686767578125,62408200,5831,False,,0.0,,,False,False,,,-1,False,TN
2016-03-29,171.8201124967345,173.93015903226305,171.51504568353033,173.8199920654297,92922900,5832,True,0.0057365510874858305,0.2829311140642712,7.0,2016-04-07,False,False,,,-1,False,FN
2016-03-30,174.8199143203331,175.30292916554708,174.21825018534045,174.5826416015625,86365300,5833,False,0.010149303067534143,0.0,6.0,2016-04-07,False,False,,,-1,False,TN
2016-03-31,174.48949990479315,174.91320321400954,173.99800251445427,174.1590118408203,94584100,5834,True,0.007698146963773134,0.03773162952835829,5.0,2016-04-07,False,False,,,-1,False,FN
2016-04-01,173.16752418241117,175.53178263807487,172.8539749834099,175.34535217285156,114423500,5835,False,0.014562408201939325,0.0,4.0,2016-04-07,False,False,,,-1,False,TN
2016-04-04,175.2690546011857,175.47243677743458,174.47249057387086,174.77755737304688,63497000,5836,False,0.01127710150680361,0.0,3.0,2016-04-07,False,False,,,-1,False,TN
2016-04-05,173.43861167485866,174.78598432292125,172.77763592560564,173.0318603515625,99662200,5837,True,0.0011763571633653935,0.8529553545793258,2.0,2016-04-07,False,False,,,-1,False,FN
2016-04-06,173.03188798409573,174.9809249871637,172.8539269783888,174.92160034179688,91839800,5838,False,0.012110545789464133,0.0,1.0,2016-04-07,False,False,,,-1,False,TN
2016-04-07,173.83696804503958,174.1928772216563,172.09978214243185,172.82855224609375,113859000,5839,True,0.0,1.0,0.0,2016-04-07,True,False,,,-1,False,FN
2016-04-08,174.00641968290486,174.4386052040037,172.7607312933758,173.2946014404297,95040600,5840,True,0.002696598381917381,0.6629252022603274,1.0,2016-04-07,False,False,,,-1,False,FN
2016-04-11,173.93012339335658,174.6250026873143,172.79460218314483,172.8878173828125,83757500,5841,True,0.0003429128807048709,0.9571358899118911,2.0,2016-04-07,False,False,,,-1,False,FN
2016-04-12,173.0572759756269,174.77750933611594,172.61662118006396,174.49786376953125,115350600,5842,False,0.00965877166557827,0.0,3.0,2016-04-07,False,False,,,-1,False,TN
2016-04-13,175.41312217712402,176.34527437534416,175.2775340518565,176.26052856445312,96336400,5843,False,0.01985769292027939,0.0,4.0,2016-04-07,False,False,,,-1,False,TN
2016-04-14,176.31986770012065,176.76899208786213,175.92158563093162,176.26901245117188,65212900,5844,False,0.01990678137591062,0.0,5.0,2016-04-07,False,False,,,-1,False,TN
2016-04-15,176.2690270780215,176.40461522567665,175.752108579184,176.07412719726562,75761600,5845,False,0.018779159513819366,0.0,6.0,2016-04-07,False,False,,,-1,False,TN
2016-04-18,176.07403024141834,177.34513933235,175.41305454856513,177.31124877929688,82531000,5846,False,0.0259372451770592,0.0,7.0,2016-04-07,False,False,,,-1,False,TN
2016-04-19,177.73503026630098,178.12482998523546,177.05710253247176,177.87060546875,88316100,5847,False,,0.0,,,False,False,,,-1,False,TN
2016-04-20,177.9129813720752,178.7349666619935,177.43843582952366,178.04010009765625,81100300,5848,False,,0.0,,,False,False,,,-1,False,TN
2016-04-21,178.0570777643716,178.16724476449826,176.8113889781974,177.0825653076172,85695000,5849,False,,0.0,,,False,False,,,-1,False,TN
2016-04-22,176.72665607305302,177.35372870663792,176.18431634461248,177.0825653076172,99251700,5850,False,,0.0,,,False,False,,,-1,False,TN
2016-04-25,176.48086838097544,176.81983873027448,175.87073468263387,176.7774658203125,66166500,5851,False,,0.0,,,False,False,,,-1,False,TN
2016-04-26,177.14183050563952,177.5485948928953,176.56560035262072,177.04014587402344,75864200,5852,False,,0.0,,,False,False,,,-1,False,TN
2016-04-27,176.65880402601422,177.79432543947834,176.30289490822972,177.40452575683594,77329400,5853,False,,0.0,,,False,False,,,-1,False,TN
2016-04-28,176.65032222852545,177.751940069478,175.37921278398585,175.79443359375,97216200,5854,False,,0.0,,,False,False,,,-1,False,TN
2016-04-29,175.1758401291601,175.5232798328265,173.74372134169164,174.84535217285156,142424100,5855,False,,0.0,,,False,False,,,-1,False,TN
2016-05-02,175.34532812902663,176.4130555222075,174.91315552639526,176.235107421875,62188000,5856,False,,0.0,,,False,False,,,-1,False,TN
2016-05-03,175.00637602999169,175.24364879119557,173.9555874229489,174.70130920410156,106422100,5857,False,,0.0,,,False,False,,,-1,False,TN
2016-05-04,173.70986782004962,174.43863794710984,173.22683989530623,173.726806640625,92243800,5858,False,,0.0,,,False,True,0.8101564049720764,0.97,2,True,FP
2016-05-05,174.19283770960945,174.54874680549554,173.26916794192456,173.69287109375,67619200,5859,False,,0.0,,,False,True,0.4048566222190857,0.611875,2,True,FP
2016-05-06,172.92167203064136,174.3707420281093,172.76914515216572,174.328369140625,89315000,5860,False,,0.0,,,False,True,0.48451703786849976,0.700625,2,True,FP
2016-05-09,174.20134033716386,174.90467627236418,174.02337930329685,174.47250366210938,74374900,5861,False,,0.0,,,False,True,0.3924728035926819,0.593125,2,True,FP
2016-05-10,175.1758666469914,176.65882797062716,175.1080725776919,176.64187622070312,77472200,5862,False,0.020812800138831467,0.0,7.0,2016-05-19,False,False,,,-1,False,TN
2016-05-11,176.18430254014646,176.7181598849642,174.9894561767578,174.9894561767578,81727000,5863,False,0.011263470341418058,0.0,6.0,2016-05-19,False,False,,,-1,False,TN
2016-05-12,175.65885569735008,175.82834731079288,174.03183706537783,175.04025268554688,89586300,5864,False,0.011557023192438898,0.0,5.0,2016-05-19,False,True,0.7405158877372742,0.943125,2,True,FP
2016-05-13,174.74367267247877,175.29448163900955,173.1929174688306,173.51492309570312,96474600,5865,True,0.002742148695761948,0.6572314130297565,4.0,2016-05-19,False,True,0.5832383036613464,0.809375,2,True,TP
2016-05-16,173.68441173226154,175.70123005894357,173.62508708098525,175.2266845703125,77486800,5866,False,0.012634412418564223,0.0,3.0,2016-05-19,False,False,,,-1,False,TN
2016-05-17,174.95551118991153,175.2436262299386,173.06578582235952,173.5911865234375,114924900,5867,True,0.003182874784497969,0.6021406519377539,2.0,2016-05-19,False,False,,,-1,False,FN
2016-05-18,173.24374681139082,174.81992305361686,172.557349774201,173.64202880859375,120062100,5868,True,0.0034766921769884274,0.5654134778764466,1.0,2016-05-19,False,True,0.44248127937316895,0.650625,2,True,TP
2016-05-19,172.92178412859744,173.32853566526902,171.8371047438744,173.04042053222656,115430500,5869,True,0.0,1.0,0.0,2016-05-19,True,True,0.23799440264701843,0.410625,2,False,FN
2016-05-20,173.6505170696959,174.65046334051098,173.59967475481287,174.133544921875,104990400,5870,True,0.006317162119037212,0.21035473512034852,1.0,2016-05-19,False,True,0.07356290519237518,0.235625,2,False,FN
2016-05-23,174.1504823243016,174.4301279842803,173.70984031196735,173.89627075195312,58682600,5871,True,0.004945955500421206,0.3817555624473492,2.0,2016-05-19,False,True,0.14251960813999176,0.305,2,False,FN
2016-05-24,174.7097869812184,176.46392454670195,174.68436582204296,176.15037536621094,93537800,5872,False,0.017972418377272703,0.0,3.0,2016-05-19,False,False,,,-1,False,TN
2016-05-25,176.8282507665179,177.7604027616489,176.15032321827653,177.3451690673828,76621400,5873,False,0.024877127100801033,0.0,4.0,2016-05-19,False,False,,,-1,False,TN
2016-05-26,177.48081820927175,177.7096215832107,177.0825361225769,177.3960723876953,55280700,5874,False,0.025171297215251354,0.0,5.0,2016-05-19,False,False,,,-1,False,TN
2016-05-27,177.55708811938115,178.1672218517118,177.50624579675315,178.15875244140625,64211200,5875,False,0.029578822644079628,0.0,6.0,2016-05-19,False,False,,,-1,False,TN
2016-05-31,178.42989685111044,178.54006382536642,177.2604718333041,177.81976318359375,109879400,5876,False,0.027619804879502663,0.0,7.0,2016-05-19,False,False,,,-1,False,TN
2016-06-01,177.20961797158864,178.36209116510832,177.0147181247832,178.18414306640625,69936200,5877,False,,0.0,,,False,False,,,-1,False,TN
2016-06-02,177.7858797671181,178.7434402843368,177.31133421338205,178.72650146484375,63044700,5878,False,,0.0,,,False,False,,,-1,False,TN
2016-06-03,178.16716002426546,178.5400208346773,176.98926588067863,178.1925811767578,101757100,5879,False,,0.0,,,False,False,,,-1,False,TN
2016-06-06,178.548497626974,179.45522853801452,178.38748836760095,179.0993194580078,64887000,5880,False,,0.0,,,False,False,,,-1,False,TN
2016-06-07,179.25187675468737,179.93827387747152,179.2264555968358,179.3789825439453,60974800,5881,False,,0.0,,,False,False,,,-1,False,TN
2016-06-08,179.51455974679448,180.0908027939479,179.38745396527267,179.96368408203125,66170900,5882,False,,0.0,,,False,False,,,-1,False,TN
2016-06-09,179.2349286731146,179.836592925502,178.96376534035116,179.71795654296875,73786900,5883,False,,0.0,,,False,False,,,-1,False,TN
2016-06-10,178.34516695298538,178.6841243604403,177.47232641451623,178.01467895507812,113829200,5884,False,,0.0,,,False,False,,,-1,False,TN
2016-06-13,177.4130192122889,178.2688950927016,176.55714333187618,176.64187622070312,117751200,5885,False,,0.0,,,False,False,,,-1,False,TN
2016-06-14,176.2605125131389,176.88759783759872,175.34531214651955,176.29440307617188,125059300,5886,False,,0.0,,,False,True,0.9108319878578186,0.99875,2,True,FP
2016-06-15,176.29440241797562,177.41298494979887,175.86222985634978,176.0486602783203,109124500,5887,False,,0.0,,,False,True,0.8189733624458313,0.973125,2,True,FP
2016-06-16,176.04866312222205,176.74354251177266,174.21826236624872,176.5740509033203,149533100,5888,False,0.03853702866739006,0.0,7.0,2016-06-27,False,True,0.6267129778862,0.8475,2,True,FP
2016-06-17,176.47011618017717,176.49566953304955,175.26054315288454,175.91644287109375,117055700,5889,False,0.03466924465086829,0.0,6.0,2016-06-27,False,True,0.7859962582588196,0.961875,2,True,FP
2016-06-20,177.87568326878585,178.54861014657516,176.964236677356,177.04942321777344,82789600,5890,False,0.041332976024531565,0.0,5.0,2016-06-27,False,False,,,-1,False,TN
2016-06-21,177.43273333856484,177.96085348588815,176.98978673242604,177.55198669433594,72461700,5891,False,0.04428885078073641,0.0,4.0,2016-06-27,False,False,,,-1,False,TN
2016-06-22,177.73084655371028,178.4548930850924,177.11753991475223,177.26235961914062,95560500,5892,False,0.042585381666468525,0.0,3.0,2016-06-27,False,False,,,-1,False,TN
2016-06-23,178.71891135430852,179.62183119566257,178.2589379814508,179.5707244873047,102731400,5893,False,0.05616224859000041,0.0,2.0,2016-06-27,False,False,,,-1,False,TN
2016-06-24,173.45471943275535,179.60481154104718,172.67956633100692,173.1225128173828,333444400,5894,False,0.01823648003205003,0.0,1.0,2016-06-27,False,False,,,-1,False,TN
2016-06-27,171.71701148787568,171.72553793794785,169.2126787224782,170.02191162109375,230775800,5895,True,0.0,1.0,0.0,2016-06-27,True,True,0.4615531861782074,0.671875,2,True,TP
2016-06-28,171.62333532467787,173.11400855868138,171.31668202520586,173.0884552001953,159382400,5896,False,0.018036166926152397,0.0,1.0,2016-06-27,False,True,0.20977620780467987,0.368125,2,False,TN
2016-06-29,174.48538429771506,176.26567047579192,174.3831708896374,176.0356903076172,137328600,5897,False,0.03537060975955608,0.0,2.0,2016-06-27,False,False,,,-1,False,TN
2016-06-30,176.504213883724,178.4889271454984,175.9505275208487,178.4378204345703,165021900,5898,False,0.04949896594641312,0.0,3.0,2016-06-27,False,False,,,-1,False,TN
2016-07-01,178.4378526432485,179.2981924246243,178.27600603100393,178.81265258789062,106055300,5899,False,0.05170357680948601,0.0,4.0,2016-06-27,False,False,,,-1,False,TN
2016-07-05,177.98638642688363,178.09712631512292,176.93014625342386,177.5264129638672,109803700,5900,False,0.044138436459282726,0.0,5.0,2016-06-27,False,False,,,-1,False,TN
2016-07-06,177.03230606185224,178.71037879424458,176.37640638023626,178.59112548828125,96021500,5901,False,0.05040064416099854,0.0,6.0,2016-06-27,False,False,,,-1,False,TN
2016-07-07,178.7700210654943,179.4344342805806,177.7137810813248,178.48040771484375,85593800,5902,False,0.049749447074800335,0.0,7.0,2016-06-27,False,False,,,-1,False,TN
2016-07-08,179.77516827919834,181.38509461612577,179.5451750888838,181.1380615234375,133971000,5903,False,,0.0,,,False,False,,,-1,False,TN
2016-07-11,181.59805826929212,182.34765804487336,181.3936184220505,181.7769317626953,73633900,5904,False,,0.0,,,False,False,,,-1,False,TN
2016-07-12,182.7394842793454,183.39538408097252,181.8024845627353,183.0972442626953,101275600,5905,False,,0.0,,,False,False,,,-1,False,TN
2016-07-13,183.51464757652928,183.52316102982908,182.58617425894235,183.0717010498047,87324100,5906,False,,0.0,,,False,False,,,-1,False,TN
2016-07-14,184.33237873614772,184.56237194878827,183.70204526114256,184.0938720703125,91230900,5907,False,,0.0,,,False,False,,,-1,False,TN
2016-07-15,184.6560828138903,184.8519962300285,183.4039162455943,183.84686279296875,107155400,5908,False,,0.0,,,False,False,,,-1,False,TN
2016-07-18,183.9660662655804,184.5027126487079,183.71051974991803,184.3408660888672,58725900,5909,False,,0.0,,,False,False,,,-1,False,TN
2016-07-19,183.9235254473303,184.18758548966144,183.6765053102707,184.1535186767578,54345700,5910,False,,0.0,,,False,False,,,-1,False,TN
2016-07-20,184.1535391624378,185.15867272540063,184.1535391624378,184.920166015625,58159500,5911,False,,0.0,,,False,False,,,-1,False,TN
2016-07-21,184.80938706527985,185.03085380551673,183.7786874330219,184.2216339111328,67777300,5912,False,,0.0,,,False,False,,,-1,False,TN
2016-07-22,184.3409364510158,185.09904983834693,184.0768763831738,185.0479431152344,62787500,5913,True,0.0078405499163674,0.019931260454074895,7.0,2016-08-02,False,False,,,-1,False,FN
2016-07-25,184.84347369635424,184.89458041130248,183.96610709603976,184.5453338623047,55873100,5914,True,0.005103151286919738,0.3621060891350327,6.0,2016-08-02,False,False,,,-1,False,FN
2016-07-26,184.44309323845644,184.98825311359136,183.7871934988352,184.6304931640625,70080500,5915,True,0.005566960806059562,0.30412989924255474,5.0,2016-08-02,False,False,,,-1,False,FN
2016-07-27,185.0052988180312,185.07344542926504,183.66794594313563,184.43458557128903,84083900,5916,True,0.004499974528289208,0.437503183963849,4.0,2016-08-02,False,False,,,-1,False,FN
2016-07-28,184.23865756764215,184.93715057841143,183.77868419290988,184.6475372314453,65035700,5917,True,0.005659789193961151,0.2925263507548561,3.0,2016-08-02,False,False,,,-1,False,FN
2016-07-29,184.38349187444857,185.3034386969352,184.1023919573851,184.9456787109375,79519400,5918,True,0.007283579588957201,0.0895525513803499,2.0,2016-08-02,False,False,,,-1,False,FN
2016-08-01,185.00531169925665,185.3971384940866,184.340898440512,184.7923583984375,73311400,5919,True,0.00644853962330294,0.19393254708713248,1.0,2016-08-02,False,False,,,-1,False,FN
2016-08-02,184.54533945808532,184.698672605218,182.7735792971761,183.6083526611328,92295500,5920,True,0.0,1.0,0.0,2016-08-02,True,False,,,-1,False,FN
2016-08-03,183.54872231596235,184.20462218226243,183.2505954659272,184.14498901367188,53993600,5921,True,0.0029227229848822756,0.6346596268897156,1.0,2016-08-02,False,False,,,-1,False,FN
2016-08-04,184.2556795844345,184.6560327595239,182.5009467732608,184.3408660888672,46585500,5922,True,0.003989543052468347,0.5013071184414566,2.0,2016-08-02,False,False,,,-1,False,FN
2016-08-05,184.34090225224605,185.891195555494,184.34090225224605,185.84860229492188,71892200,5923,False,0.012201240310257822,0.0,3.0,2016-08-02,False,False,,,-1,False,TN
2016-08-08,186.0360266481112,186.1382530864224,185.47383972677943,185.73789978027344,39906500,5924,False,0.011598312866903715,0.0,4.0,2016-08-02,False,False,,,-1,False,TN
2016-08-09,185.806022031988,186.34265552275468,185.52492210937768,185.84860229492188,51251700,5925,False,0.012201240310257822,0.0,5.0,2016-08-02,False,False,,,-1,False,TN
2016-08-10,185.95929347107847,186.0359535214485,185.03933387373343,185.3885803222656,57941100,5926,False,0.009695787992926252,0.0,6.0,2016-08-02,False,False,,,-1,False,TN
2016-08-11,185.9167709854497,186.4960108031976,185.65271093524512,186.2489776611328,72504300,5927,False,0.014381834822479567,0.0,7.0,2016-08-02,False,False,,,-1,False,TN
2016-08-12,185.9423384894421,186.30011154982935,185.68680487150948,186.087158203125,61313500,5928,False,,0.0,,,False,False,,,-1,False,TN
2016-08-15,186.45341923045177,186.97302588150868,186.44490577630455,186.623779296875,49813500,5929,False,,0.0,,,False,False,,,-1,False,TN
2016-08-16,186.2063996367809,186.27453326544065,185.66123962402344,185.66123962402344,53213600,5930,False,,0.0,,,False,False,,,-1,False,TN
2016-08-17,185.6953007652244,186.14676077773237,184.86052736442625,186.01046752929688,75134300,5931,True,0.00497069806671635,0.3786627416604562,7.0,2016-08-26,False,False,,,-1,False,FN
2016-08-18,185.98487945182433,186.46189273466416,185.87415258107467,186.4278259277344,52989300,5932,True,0.007225587087710261,0.09680161403621734,6.0,2016-08-26,False,False,,,-1,False,FN
2016-08-19,185.95934477450407,186.33414467656135,185.473817990576,186.15525817871097,75443000,5933,True,0.0057529678064141,0.2808790241982375,5.0,2016-08-26,False,False,,,-1,False,FN
2016-08-22,185.91672008352035,186.37670643015156,185.5504466941994,186.1467132568359,61368800,5934,True,0.005706801608265311,0.2866497989668362,4.0,2016-08-26,False,False,,,-1,False,FN
2016-08-23,186.76005207653185,187.0581919083206,186.4619122447431,186.52154541015625,53399200,5935,True,0.007731931353831101,0.033508580771112406,3.0,2016-08-26,False,False,,,-1,False,FN
2016-08-24,186.37672479739825,186.4704247663063,185.1501117490151,185.5675048828125,71728900,5936,True,0.0025774753305560782,0.6778155836804902,2.0,2016-08-26,False,False,,,-1,False,FN
2016-08-25,185.18413551487953,185.8570750436193,185.03081541828635,185.4396820068359,69224800,5937,True,0.0018868784700387664,0.7641401912451542,1.0,2016-08-26,False,False,,,-1,False,FN
2016-08-26,185.627085185614,186.64925817389175,184.204559052302,185.09043884277344,122506300,5938,True,0.0,1.0,0.0,2016-08-26,True,False,,,-1,False,FN
2016-08-29,185.21827125245895,186.26599788851843,185.1841914445002,186.00193786621097,70502200,5939,True,0.004924614308207564,0.38442321147405445,1.0,2016-08-26,False,False,,,-1,False,FN
2016-08-30,185.9167487404989,186.1978486628494,185.14160858841032,185.69528198242188,58114500,5940,True,0.003267824872154712,0.591521890980661,2.0,2016-08-26,False,False,,,-1,False,FN
2016-08-31,185.3630887083761,185.48234204788133,184.3920220873651,185.16717529296875,85269500,5941,True,0.00041458894730106444,0.948176381587367,3.0,2016-08-26,False,False,,,-1,False,FN
2016-09-01,185.15864979220905,185.46530309503095,184.01722310856505,185.1756896972656,97844200,5942,True,0.000460590266170291,0.9424262167287136,4.0,2016-08-26,False,True,0.8571004271507263,0.985625,2,True,TP
2016-09-02,186.0275074347612,186.43637418242812,185.43975417381776,186.01046752929688,79293900,5943,True,0.00497069806671635,0.3786627416604562,5.0,2016-08-26,False,False,,,-1,False,FN
2016-09-06,186.29157764618145,186.64933769461825,185.57605754930785,186.5726776123047,56702100,5944,False,0.008008186585966026,0.0,6.0,2016-08-26,False,False,,,-1,False,TN
2016-09-07,186.41081159095657,186.7345047905499,185.95083814731663,186.5556182861328,76554900,5945,True,0.007916019068948232,0.010497616381470953,7.0,2016-08-26,False,False,,,-1,False,FN
2016-09-08,186.22343021291192,186.4960167234794,185.8230768990411,186.12973022460935,74102900,5946,False,0.025146697472673507,0.0,4.0,2016-09-14,False,False,,,-1,False,TN
2016-09-09,184.81793687935007,184.86904359887217,181.64919029258272,181.67474365234375,221589100,5947,True,0.0006099683519038557,0.923753956012018,3.0,2016-09-14,False,False,,,-1,False,FN
2016-09-12,180.91660570571435,184.6816185040996,180.8484590897426,184.28126525878903,168110900,5948,False,0.014965907156059721,0.0,2.0,2016-09-14,False,True,0.3766920864582062,0.57375,2,True,FP
2016-09-13,183.0035456328748,183.26760564649985,181.010305854894,181.6321258544922,182828800,5949,True,0.0003752423107261649,0.9530947111592294,1.0,2016-09-14,False,True,0.24468779563903809,0.416875,2,False,FN
2016-09-14,181.68324870057552,182.88430854433517,181.01032192860217,181.56399536132812,134185500,5950,True,0.0,1.0,0.0,2016-09-14,True,True,0.4264049828052521,0.630625,2,True,TP
2016-09-15,181.40215693605649,183.76167029972945,181.2232704331191,183.37835693359375,134427900,5951,False,0.009992959059172968,0.0,1.0,2016-09-14,False,True,0.07325636595487595,0.235,2,False,TN
2016-09-16,182.7636373925048,182.94342749776695,181.9845817718176,182.66946411132812,155236400,5952,True,0.006088590129337268,0.2389262338328415,2.0,2016-09-14,False,True,0.2633945941925049,0.435,2,False,FN
2016-09-19,183.32009404201395,183.96218093967576,182.37836136679343,182.7036895751953,80250500,5953,True,0.00627709371342644,0.21536328582169495,3.0,2016-09-14,False,True,0.3427404463291168,0.51625,2,True,TP
2016-09-20,183.5598245104074,183.71391911147663,182.6780261243973,182.71226501464844,69665300,5954,True,0.006324324660487601,0.20945941743904983,4.0,2016-09-14,False,True,0.3427404463291168,0.51625,2,True,TP
2016-09-21,183.4143028791124,184.94674482420385,182.72940744279296,184.7669677734375,110284400,5955,False,0.017641010849839267,0.0,5.0,2016-09-14,False,False,,,-1,False,TN
2016-09-22,185.77719504411823,186.23093553533752,185.52892712117185,185.93128967285156,76678700,5956,False,0.024053746464612447,0.0,6.0,2016-09-14,False,False,,,-1,False,TN
2016-09-23,185.5374671479672,185.67444884801776,184.81833281764256,184.9125061035156,73630900,5957,False,0.01844259229658185,0.0,7.0,2016-09-14,False,False,,,-1,False,TN
2016-09-26,184.08206079798265,184.26183783747967,183.2173753018055,183.4142913818359,89827300,5958,False,,0.0,,,False,False,,,-1,False,TN
2016-09-27,183.25161760787776,184.64707769209988,182.88348096470668,184.55291748046875,78494800,5959,False,,0.0,,,False,False,,,-1,False,TN
2016-09-28,184.77552697769812,185.62308656236328,183.8166811905737,185.4689788818359,87411000,5960,False,,0.0,,,False,False,,,-1,False,TN
2016-09-29,185.26349035952776,185.66586590978932,183.24305615132027,183.7909698486328,128070600,5961,False,,0.0,,,False,False,,,-1,False,TN
2016-09-30,184.62138853136247,185.87987994889195,184.37312066831623,185.17787170410156,117202900,5962,False,,0.0,,,False,False,,,-1,False,TN
2016-10-03,184.7669179630188,184.9552514205232,184.09913562174344,184.732666015625,83512100,5963,False,,0.0,,,False,False,,,-1,False,TN
2016-10-04,184.844001895467,185.06658734449323,183.20026080352932,183.7909698486328,119948100,5964,False,,0.0,,,False,False,,,-1,False,TN
2016-10-05,184.4159472616854,185.0323518152725,184.34745641536537,184.6042938232422,72816000,5965,False,,0.0,,,False,False,,,-1,False,TN
2016-10-06,184.3816554029356,184.9552514205232,183.84231133274184,184.732666015625,62927400,5966,False,0.016008718448202064,0.0,7.0,2016-10-17,False,False,,,-1,False,TN
2016-10-07,185.0066914120333,185.1779120165763,183.37150655256383,184.0991973876953,89788300,5967,False,0.012524712816054828,0.0,6.0,2016-10-17,False,False,,,-1,False,TN
2016-10-10,185.05804443359375,185.52034134257795,184.91250627588957,185.05804443359375,51855000,5968,False,0.017798262856244973,0.0,5.0,2016-10-17,False,False,,,-1,False,TN
2016-10-11,184.62998863208392,184.6984794829944,181.99314965685423,182.72084045410156,130367400,5969,True,0.00494390595677241,0.3820117554034488,4.0,2016-10-17,False,False,,,-1,False,FN
2016-10-12,182.85779797705703,183.48277201024095,182.36124917108424,182.9605407714844,73866100,5970,True,0.006262230525612811,0.21722118429839865,3.0,2016-10-17,False,True,0.4402003884315491,0.64875,2,True,TP
2016-10-13,181.63357631731463,182.8578159446073,180.82026871823211,182.36126708984375,101357000,5971,True,0.002966293221097427,0.6292133473628216,2.0,2016-10-17,False,True,0.425468385219574,0.629375,2,True,TP
2016-10-14,183.3372734678212,183.7995835173053,182.37842753303363,182.4554748535156,93346200,5972,True,0.0034844252401959874,0.5644468449755016,1.0,2016-10-17,False,True,0.561702311038971,0.791875,2,True,TP
2016-10-17,182.42976500852797,182.68660243484825,181.6421398142282,181.82192993164065,58275700,5973,True,0.0,1.0,0.0,2016-10-17,True,True,0.2708052694797516,0.44625,2,False,FN
2016-10-18,183.41428116838685,183.47420249045143,182.5838476729331,182.9605407714844,76869700,5974,True,0.006262230525612811,0.21722118429839865,1.0,2016-10-17,False,True,0.054328061640262604,0.186875,2,False,FN
2016-10-19,183.22599237214368,183.7567802347023,182.86642513654303,183.44857788085935,66519200,5975,False,0.008946379294457296,0.0,2.0,2016-10-17,False,True,0.09552942216396332,0.265625,2,False,TN
2016-10-20,183.097540097914,183.6625798404998,182.44689658612387,183.10610961914065,73639800,5976,True,0.007062842683403625,0.11714466457454686,3.0,2016-10-17,False,True,0.0876014456152916,0.254375,2,False,FN
2016-10-21,183.1061686641291,183.2773893210447,182.147309471464,183.1917724609375,89089100,5977,True,0.0075339786009964715,0.05825267487544106,4.0,2016-10-17,False,True,0.1035730242729187,0.275,2,False,FN
2016-10-24,184.0649985077786,184.3389619852428,183.6198143885481,183.9708251953125,60146600,5978,False,0.011818680312543961,0.0,5.0,2016-10-17,False,False,,,-1,False,TN
2016-10-25,183.79098459336805,184.0478220171836,183.1917059799945,183.3543701171875,66542300,5979,False,0.008428247275358958,0.0,6.0,2016-10-17,False,False,,,-1,False,TN
2016-10-26,182.53254180507344,183.56843509761592,182.29281724945483,182.9862823486328,75705500,5980,True,0.006403806281398028,0.19952421482524652,7.0,2016-10-17,False,True,0.572662889957428,0.8,2,True,TP
2016-10-27,183.7054180075613,183.739656908129,182.42124369187505,182.498291015625,77220200,5981,False,0.022152898594880455,0.0,6.0,2016-11-04,False,True,0.6910478472709656,0.9125,2,True,FP
2016-10-28,182.47261356427293,183.14893964117863,181.24837362022305,181.9589385986328,140623200,5982,False,0.01913204490181486,0.0,5.0,2016-11-04,False,True,0.5942907929420471,0.823125,2,True,FP
2016-10-31,182.2927681902188,182.51536670410897,181.8047888776386,181.9674530029297,61272500,5983,False,0.019179733145816558,0.0,4.0,2016-11-04,False,True,0.5432010293006897,0.769375,2,True,FP
2016-11-01,182.29277374641168,182.34415167961672,179.44191895997065,180.64903259277344,122781800,5984,False,0.01179540512658872,0.0,3.0,2016-11-04,False,True,0.7275254130363464,0.935625,2,True,FP
2016-11-02,180.34085382978796,180.7261165309572,179.12517051792338,179.56179809570312,103330800,5985,True,0.005705924033652776,0.286759495793403,2.0,2016-11-04,False,True,0.5321413278579712,0.75375,2,True,TP
2016-11-03,179.77582014393815,179.98984916370236,178.4659635880447,178.7399139404297,88939300,5986,True,0.0011026410826360244,0.8621698646704969,1.0,2016-11-04,False,True,0.3143414855003357,0.4925,2,False,FN
2016-11-04,178.85124741387716,179.6902376740761,178.39750685026877,178.5430450439453,109122100,5987,True,0.0,1.0,0.0,2016-11-04,True,True,0.42623022198677063,0.63,2,True,TP
2016-11-07,178.54301394389404,182.51539209591,178.54301394389404,182.48114013671875,109794900,5988,False,0.022056838404453938,0.0,1.0,2016-11-04,False,False,,,-1,False,TN
2016-11-08,182.08732580286676,183.8680487646155,181.8219319159806,183.30300903320312,106772100,5989,False,0.026660035892667855,0.0,2.0,2016-11-04,False,False,,,-1,False,TN
2016-11-09,181.81335015747885,185.8627882300816,181.78766772262455,185.2463836669922,258429000,5990,False,0.03754466392906508,0.0,3.0,2016-11-04,False,False,,,-1,False,TN
2016-11-10,186.0339921705313,186.8986645476055,184.25326948797823,185.7086639404297,172113300,5991,False,0.040133845004831636,0.0,4.0,2016-11-04,False,False,,,-1,False,TN
2016-11-11,184.9895480828951,185.5203358261857,184.338904621336,185.28062438964844,100552700,5992,False,0.037736442458706776,0.0,5.0,2016-11-04,False,False,,,-1,False,TN
2016-11-14,185.80288643230247,186.00835901047284,184.68137636929268,185.4261932373047,94580000,5993,False,0.03855175759809182,0.0,6.0,2016-11-04,False,False,,,-1,False,TN
2016-11-15,185.81142771850293,186.87301635742188,185.60596822040517,186.87301635742188,91652600,5994,False,0.046655255103475346,0.0,7.0,2016-11-04,False,False,,,-1,False,TN
2016-11-16,186.25659404633944,186.75314289173917,186.1367383294011,186.52198791503903,65617700,5995,False,,0.0,,,False,False,,,-1,False,TN
2016-11-17,186.67611427140056,187.54078681133552,186.56481500049895,187.4808654785156,69797200,5996,False,,0.0,,,False,False,,,-1,False,TN
2016-11-18,187.54933270762592,187.7205532897792,186.88155022962977,187.06134033203125,86265800,5997,False,,0.0,,,False,False,,,-1,False,TN
2016-11-21,187.6349783218536,188.49965094574657,187.48944014139417,188.47396850585935,72402600,5998,True,0.0026414673768915264,0.6698165778885592,7.0,2016-12-01,False,False,,,-1,False,FN
2016-11-22,188.78219815775492,189.021909673577,188.11442849749372,188.84213256835935,67429000,5999,True,0.004600021965553314,0.4249972543058358,6.0,2016-12-01,False,False,,,-1,False,FN
2016-11-23,188.32843477907736,188.99620435852816,188.13153171418705,188.94483947753903,56620200,6000,True,0.00514640090024665,0.3566998874691687,5.0,2016-12-01,False,False,,,-1,False,FN
2016-11-25,189.2872986053587,189.68110474515828,189.21023821861823,189.64686584472656,37872300,6001,False,0.008881032014103951,0.0,4.0,2016-12-01,False,False,,,-1,False,TN
2016-11-28,189.33862014822847,189.6125704788651,188.6537247266964,188.75645446777344,76572500,6002,True,0.004144232674466952,0.481970915691631,3.0,2016-12-01,False,False,,,-1,False,FN
2016-11-29,188.7907337601337,189.57835903678915,188.4910878875461,189.12461853027344,69886700,6003,True,0.006102787263128517,0.23715159210893533,2.0,2016-12-01,False,False,,,-1,False,FN
2016-11-30,189.7410437221064,189.90370789549405,188.61096403117952,188.6708984375,113291800,6004,True,0.0036890927715065303,0.5388634035616837,1.0,2016-12-01,False,False,,,-1,False,FN
2016-12-01,188.97051707232507,188.97051707232507,187.61785196668092,187.97743225097656,79040500,6005,True,0.0,1.0,0.0,2016-12-01,True,False,,,-1,False,FN
2016-12-02,188.0630225212601,188.55957142791652,187.7120117843193,188.0715789794922,74840300,6006,True,0.0005008405923425663,0.9373949259571792,1.0,2016-12-01,False,False,,,-1,False,FN
2016-12-05,188.90202952729857,189.54411666106003,188.70512646400132,189.20167541503903,67837800,6007,True,0.006512713517801139,0.18591081027485767,2.0,2016-12-01,False,False,,,-1,False,FN
2016-12-06,189.390001773934,189.83518579680896,188.91057885543557,189.80093383789065,59877400,6008,False,0.009700641002902133,0.0,3.0,2016-12-01,False,False,,,-1,False,TN
2016-12-07,189.6468069632402,192.3435669528581,189.52695125399703,192.2836456298828,110738100,6009,False,0.022908140234391805,0.0,4.0,2016-12-01,False,False,,,-1,False,TN
2016-12-08,192.25801124482192,193.22541361716267,191.9926042635398,192.75454711914065,99714400,6010,False,0.025413236104778525,0.0,5.0,2016-12-01,False,False,,,-1,False,TN
2016-12-09,192.9770883305131,193.93593395913584,192.94283637903837,193.91880798339844,88005800,6011,False,0.0316068565320613,0.0,6.0,2016-12-01,False,False,,,-1,False,TN
2016-12-12,193.82464019077423,194.3040760819301,193.276726521317,193.69622802734375,102016100,6012,False,0.03042277845742558,0.0,7.0,2016-12-01,False,False,,,-1,False,TN
2016-12-13,194.35546564979697,195.48553202149307,194.33833967139873,194.98898315429688,110477500,6013,False,,0.0,,,False,False,,,-1,False,TN
2016-12-14,194.68935787987144,195.39136626171157,192.9428737882111,193.37950134277344,142501800,6014,False,,0.0,,,False,False,,,-1,False,TN
2016-12-15,193.6192042449696,195.0317904674374,193.3880492594279,194.17567443847656,124972600,6015,False,,0.0,,,False,False,,,-1,False,TN
2016-12-16,194.63122666208193,194.69151431182837,193.47727268966827,193.7958984375,156420200,6016,False,,0.0,,,False,False,,,-1,False,TN
2016-12-19,193.97680164061245,194.6399002688991,193.8304056313038,194.21792602539065,90341100,6017,False,,0.0,,,False,False,,,-1,False,TN
2016-12-20,194.7517810332149,195.11348063664968,194.51927675423596,194.96707153320312,89838800,6018,False,0.012839318708285585,0.0,7.0,2016-12-30,False,False,,,-1,False,TN
2016-12-21,194.83792994460757,195.01015974080977,194.4245758056641,194.4245758056641,67909000,6019,False,0.010021094078034531,0.0,6.0,2016-12-30,False,False,,,-1,False,TN
2016-12-22,194.27815603553404,194.39871819214375,193.69255903179445,194.0886993408203,56219100,6020,False,0.008276241025940712,0.0,5.0,2016-12-30,False,False,,,-1,False,TN
2016-12-23,194.13175682131336,194.38150117720235,193.94231325723612,194.37289428710935,36697800,6021,False,0.009752612464030808,0.0,4.0,2016-12-30,False,False,,,-1,False,TN
2016-12-27,194.63987303648184,195.2512908050914,194.62264611418124,194.85516357421875,42672500,6022,False,0.01225796525180467,0.0,3.0,2016-12-30,False,False,,,-1,False,TN
2016-12-28,195.1134687068661,195.1306824848043,193.13279360002076,193.24473571777344,64095000,6023,True,0.003891913281469206,0.5135108398163493,2.0,2016-12-30,False,False,,,-1,False,FN
2016-12-29,193.31366332831337,193.66674294079067,192.7625201133474,193.20172119140625,48696100,6024,True,0.003668456042061008,0.541442994742374,1.0,2016-12-30,False,False,,,-1,False,FN
2016-12-30,193.52895156569957,193.61507303026372,191.80662739674145,192.4955596923828,108998300,6025,True,0.0,1.0,0.0,2016-12-30,True,False,,,-1,False,FN
2017-01-03,193.79591197608372,194.476237389342,192.79697393302524,193.96815490722656,91366500,6026,True,0.00765002173139484,0.043747283575644946,1.0,2016-12-30,False,False,,,-1,False,FN
2017-01-04,194.29540986030497,195.26852734369183,194.2868029688766,195.12213134765625,78744400,6027,False,0.01364484281856071,0.0,2.0,2016-12-30,False,False,,,-1,False,TN
2017-01-05,194.855129408606,195.12208752614507,194.1748040700812,194.96707153320312,78379000,6028,False,0.012839318708285585,0.0,3.0,2016-12-30,False,False,,,-1,False,TN
2017-01-06,195.0790148593262,196.1296334861943,194.53647862766636,195.66461181640625,71559900,6029,False,0.0164629881805467,0.0,4.0,2016-12-30,False,False,,,-1,False,TN
2017-01-09,195.4062886143,195.54407769928036,194.9843144691566,195.01876831054688,46939700,6030,True,0.0024345651783452826,0.6956793527068397,7.0,2017-01-19,False,False,,,-1,False,FN
2017-01-10,195.0359820909516,195.87131035074572,194.63123486650335,195.01876831054688,63771900,6031,True,0.0024345651783452826,0.6956793527068397,6.0,2017-01-19,False,False,,,-1,False,FN
2017-01-11,194.9326358857143,195.5699005126953,194.2695374492885,195.5699005126953,74650000,6032,True,0.005267492358649761,0.34156345516877984,5.0,2017-01-19,False,False,,,-1,False,FN
2017-01-12,195.05323723028695,195.26852777910625,193.72705323128864,195.07907104492188,72113200,6033,True,0.0027445330129076684,0.6569333733865415,4.0,2017-01-19,False,False,,,-1,False,FN
2017-01-13,195.25129252946203,195.8282695988576,195.21685182484828,195.52687072753903,62717900,6034,True,0.005046310857266478,0.3692111428416902,3.0,2017-01-19,False,False,,,-1,False,FN
2017-01-17,194.88961929074637,195.29436658409256,194.45043129043768,194.83795166015625,61240800,6035,True,0.001505132273596832,0.811858465800396,2.0,2017-01-19,False,False,,,-1,False,FN
2017-01-18,195.08764384121375,195.3115543826404,194.53650065817047,195.26849365234375,54793300,6036,True,0.003718202217932731,0.5352247227584086,1.0,2017-01-19,False,False,,,-1,False,FN
2017-01-19,195.34600995331297,195.48379904463545,194.11455444288248,194.54513549804688,66608800,6037,True,0.0,1.0,0.0,2017-01-19,True,False,,,-1,False,FN
2017-01-20,195.2254643669878,195.75077382452264,194.5968196523288,195.25991821289065,129168600,6038,True,0.0036741227839693913,0.5407346520038261,1.0,2017-01-19,False,False,,,-1,False,FN
2017-01-23,195.25989615458587,195.3201706676685,193.99398683665453,194.75180053710935,75061600,6039,True,0.0010622986718911154,0.8672126660136106,2.0,2017-01-19,False,False,,,-1,False,FN
2017-01-24,194.9670681283333,196.41382709593856,194.8551260056911,196.00047302246097,95555300,6040,True,0.007480719169298933,0.0649101038376334,3.0,2017-01-19,False,False,,,-1,False,FN
2017-01-25,196.94777099923576,197.69699096679688,196.7841480966616,197.69699096679688,84437700,6041,False,0.01620115281053458,0.0,4.0,2017-01-19,False,False,,,-1,False,TN
2017-01-26,197.55061571132043,197.81758704777135,197.21476295804248,197.49034118652344,59970700,6042,False,0.015138932571799657,0.0,5.0,2017-01-19,False,False,,,-1,False,TN
2017-01-27,197.56778761210305,197.71418357760163,196.99941752937465,197.1802673339844,59711100,6043,False,0.013545092398180136,0.0,6.0,2017-01-19,False,False,,,-1,False,TN
2017-01-30,196.49132894663737,196.5171627550176,194.97568858040952,195.95741271972656,79737300,6044,True,0.0072593808016026,0.09257739979967505,7.0,2017-01-19,False,False,,,-1,False,FN
2017-01-31,195.4665438267021,196.00047319321024,194.8981869027836,195.940185546875,75880800,6045,False,,0.0,,,False,False,,,-1,False,TN
2017-02-01,195.94018351228783,196.8530131051667,195.43210109969132,196.01768493652344,79117700,6046,False,,0.0,,,False,False,,,-1,False,TN
2017-02-02,196.0176989136226,196.43106615293237,195.32877979535272,196.1468811035156,69657600,6047,False,,0.0,,,False,False,,,-1,False,TN
2017-02-03,197.05110656225563,197.6797511793912,196.74108769868505,197.4989013671875,80563200,6048,False,,0.0,,,False,False,,,-1,False,TN
2017-02-06,197.0940996056666,197.49023982070784,196.80991463101913,197.1457672119141,57790100,6049,False,,0.0,,,False,False,,,-1,False,TN
2017-02-07,197.53339345823807,197.77451782767443,196.9650232415841,197.15447998046875,57931200,6050,False,,0.0,,,False,False,,,-1,False,TN
2017-02-08,197.1544447735918,197.54196507382068,196.61190846909716,197.4127960205078,51566200,6051,False,,0.0,,,False,False,,,-1,False,TN
2017-02-09,197.41275789372455,198.88533737824977,197.41275789372455,198.5839385986328,65955200,6052,False,,0.0,,,False,False,,,-1,False,TN
2017-02-10,198.9284572962501,199.5915558331859,198.6012114732937,199.36764526367188,66015900,6053,False,,0.0,,,False,False,,,-1,False,TN
2017-02-13,199.8585242531179,200.71107955863835,199.83269043843177,200.4527282714844,55182100,6054,False,,0.0,,,False,False,,,-1,False,TN
2017-02-14,200.2718615193658,201.26220584645884,199.92740192577156,201.2535858154297,71109000,6055,False,,0.0,,,False,False,,,-1,False,TN
2017-02-15,201.0382443889537,202.4936101129836,200.98657677702403,202.3041534423828,86785800,6056,False,,0.0,,,False,False,,,-1,False,TN
2017-02-16,202.32994523189652,202.51079497638253,201.38267521589333,202.1318817138672,84722400,6057,False,,0.0,,,False,False,,,-1,False,TN
2017-02-17,201.46886778666237,202.4505920410156,201.4516408656272,202.4505920410156,77204100,6058,False,,0.0,,,False,False,,,-1,False,TN
2017-02-21,202.8209064325544,203.82846453736573,202.81228640155743,203.65623474121097,88946100,6059,False,,0.0,,,False,False,,,-1,False,TN
2017-02-22,203.25142918134875,203.69922389482315,203.0878063228423,203.4753265380859,62115200,6060,False,,0.0,,,False,False,,,-1,False,TN
2017-02-23,203.99204201344,204.00925579101815,202.85530195944816,203.61312866210935,74615900,6061,False,,0.0,,,False,False,,,-1,False,TN
2017-02-24,202.76923455546964,203.91456858901137,202.72617382226116,203.87152099609375,82381600,6062,False,,0.0,,,False,False,,,-1,False,TN
2017-02-27,203.7854534589168,204.3624306437855,203.5357221646849,204.1902008056641,56515400,6063,False,,0.0,,,False,False,,,-1,False,TN
2017-02-28,203.8112526359961,204.05237699644127,203.25150247216817,203.63902282714844,96961900,6064,False,,0.0,,,False,False,,,-1,False,TN
2017-03-01,205.29241099116604,206.95446050303505,205.27518407168895,206.4894256591797,149158200,6065,False,,0.0,,,False,False,,,-1,False,TN
2017-03-02,206.2999495025957,206.3085695316657,205.1373887832171,205.1890563964844,70246000,6066,False,,0.0,,,False,False,,,-1,False,TN
2017-03-03,205.10300778125315,205.48192126681943,204.72409429568685,205.31829833984375,81974300,6067,False,,0.0,,,False,False,,,-1,False,TN
2017-03-06,204.5259983221816,205.0599146181717,204.10402416355956,204.70684814453125,55391500,6068,False,,0.0,,,False,False,,,-1,False,TN
2017-03-07,204.40543208279615,204.75851168969493,203.88872957805205,204.0954132080078,65103700,6069,False,,0.0,,,False,False,,,-1,False,TN
2017-03-08,204.38818173543348,204.64653295819397,203.57868736958557,203.7164764404297,78168800,6070,False,,0.0,,,False,False,,,-1,False,TN
2017-03-09,203.8370491788356,204.3020840320143,203.010340991413,203.9748382568359,90683900,6071,False,,0.0,,,False,False,,,-1,False,TN
2017-03-10,204.93073003089177,204.9737907605969,203.7423222205364,204.68960571289065,81991700,6072,False,,0.0,,,False,False,,,-1,False,TN
2017-03-13,204.62931534588895,204.8359989615552,204.3020827131128,204.79293823242188,57256800,6073,False,,0.0,,,False,False,,,-1,False,TN
2017-03-14,204.25040165819996,204.3020824172589,203.3978596679268,204.00927734375,59880800,6074,False,,0.0,,,False,False,,,-1,False,TN
2017-03-15,204.5776435433198,206.1966323155387,204.34512612298656,205.774658203125,96081800,6075,False,,0.0,,,False,False,,,-1,False,TN
2017-03-16,205.91248570942832,205.98998715057468,205.04271665366073,205.3699493408203,78344000,6076,False,0.016381418222154887,0.0,7.0,2017-03-27,False,False,,,-1,False,TN
2017-03-17,205.63198195982773,205.82226287274787,205.00924682617188,205.00924682617188,89002100,6077,False,0.014596291748825152,0.0,6.0,2017-03-27,False,False,,,-1,False,TN
2017-03-20,205.0092647739321,205.29468616829985,204.39518711730236,204.78439331054688,52537000,6078,False,0.01348348563558055,0.0,5.0,2017-03-27,False,False,,,-1,False,TN
2017-03-21,205.38979134651112,205.5108779902165,202.0252983205672,202.155029296875,131809300,6079,True,0.000470692216602453,0.9411634729246934,4.0,2017-03-27,False,False,,,-1,False,FN
2017-03-22,202.18971490309988,202.91623505955164,201.5669795697242,202.6308135986328,97569200,6080,True,0.002825361558152162,0.6468298052309798,3.0,2017-03-27,False,True,0.7413792610168457,0.943125,2,True,TP
2017-03-23,202.63076264780625,203.54756354767736,202.0426312016461,202.41453552246097,100410300,6081,True,0.0017549955260454109,0.7806255592443236,2.0,2017-03-27,False,True,0.7225072979927063,0.933125,2,True,TP
2017-03-24,202.71724265249745,203.2880721879376,201.4890742619211,202.2674865722656,112504900,6082,True,0.0010272463055416292,0.8715942118072963,1.0,2017-03-27,False,True,0.7573544383049011,0.950625,2,True,TP
2017-03-27,200.59822377562864,202.3193964563457,200.321459915953,202.05992126464844,87454500,6083,True,0.0,1.0,0.0,2017-03-27,True,True,0.8069010376930237,0.96875,2,True,TP
2017-03-28,201.75723863446456,203.95410073492425,201.64479629003603,203.53030395507812,93483900,6084,True,0.00727696359192298,0.09037955100962747,1.0,2017-03-27,False,False,,,-1,False,FN
2017-03-29,203.24486140080137,203.95407953685887,203.01997673531775,203.72055053710935,61950400,6085,False,0.008218499057444983,0.0,2.0,2017-03-27,False,False,,,-1,False,TN
2017-03-30,203.65999883500945,204.5681553695538,203.4870197802048,204.3692169189453,56737900,6086,False,0.01142876647602109,0.0,3.0,2017-03-27,False,False,,,-1,False,TN
2017-03-31,204.03188422367185,204.55947887025005,203.84160332179417,203.8935089111328,73733100,6087,False,0.009074474715264458,0.0,4.0,2017-03-27,False,False,,,-1,False,TN
2017-04-03,203.94543323424176,204.1443585000938,202.31075664668597,203.53892517089844,85546500,6088,True,0.007319630221536366,0.08504622230795422,5.0,2017-03-27,False,False,,,-1,False,FN
2017-04-04,203.2535334549345,203.75518205736935,202.87297153602125,203.6686859130859,56466200,6089,True,0.007961819634336953,0.004772545707880882,6.0,2017-03-27,False,False,,,-1,False,FN
2017-04-05,204.34332411644053,205.32067516778423,202.85568010097165,203.06326293945312,108800600,6090,True,0.004965565009255712,0.37930437384303595,7.0,2017-03-27,False,False,,,-1,False,FN
2017-04-06,203.2015942350403,204.1529856156892,202.76048247725743,203.6340484619141,69135800,6091,False,0.012601674750062353,0.0,5.0,2017-04-13,False,False,,,-1,False,TN
2017-04-07,203.3832198328587,204.11839730552617,202.9421212677317,203.4264678955078,74412300,6092,False,0.011569448406893335,0.0,4.0,2017-04-13,False,False,,,-1,False,TN
2017-04-10,203.56486351066155,204.3432758756478,203.0199669366974,203.5475616455078,67615300,6093,False,0.012171605732634871,0.0,3.0,2017-04-13,False,False,,,-1,False,TN
2017-04-11,203.16700087724368,203.4091742008586,201.8177457321159,203.30538940429688,88045300,6094,False,0.010967366957830738,0.0,2.0,2017-04-13,False,False,,,-1,False,TN
2017-04-12,203.0286263653224,203.2189072914228,202.1896640631861,202.41453552246097,81864400,6095,True,0.00653745879896328,0.18281765012958995,1.0,2017-04-13,False,True,0.9043130874633789,0.998125,2,True,TP
2017-04-13,202.07720426085868,202.81238170244328,201.099853515625,201.099853515625,92880400,6096,True,0.0,1.0,0.0,2017-04-13,True,True,0.5141775608062744,0.7275,2,True,TP
2017-04-17,201.61884991623276,202.88162231445312,201.41992462795403,202.88162231445312,68405400,6097,False,0.008860119824451784,0.0,1.0,2017-04-13,False,True,0.1496151238679886,0.313125,2,False,TN
2017-04-18,202.14640731501228,202.812390527755,201.59286642580503,202.2761383056641,83225800,6098,True,0.005849257319064716,0.26884283511691054,2.0,2017-04-13,False,True,0.3890514373779297,0.590625,2,True,TP
2017-04-19,202.83833857341216,203.21024288163855,201.6793511907246,201.90423583984375,68699900,6099,True,0.00399991501811936,0.50001062273508,3.0,2017-04-13,False,True,0.8193431496620178,0.973125,2,True,TP
2017-04-20,202.51831842688944,203.98867342346213,202.19830650755495,203.5475616455078,92572200,6100,False,0.012171605732634871,0.0,4.0,2017-04-13,False,False,,,-1,False,TN
2017-04-21,203.46972277708795,203.52161517502364,202.50102948907167,202.8988800048828,110389800,6101,False,0.008945936348571326,0.0,5.0,2017-04-13,False,False,,,-1,False,TN
2017-04-24,205.13898490980165,205.3379233603899,202.87292893794245,205.13034057617188,119209900,6102,False,0.020042217784279615,0.0,6.0,2017-04-13,False,False,,,-1,False,TN
2017-04-25,205.770403129318,206.6699022442996,205.68390699246353,206.32394409179688,76698300,6103,False,0.025977595134180298,0.0,7.0,2017-04-13,False,False,,,-1,False,TN
2017-04-26,206.2893543451952,207.17156485058885,206.15097899328632,206.1942138671875,84702500,6104,False,,0.0,,,False,False,,,-1,False,TN
2017-04-27,206.51415929272352,206.66983645255385,205.83087434248145,206.36712646484375,57410300,6105,False,,0.0,,,False,False,,,-1,False,TN
2017-04-28,206.6266222370468,206.65256843460105,205.7876599895779,205.9174041748047,63532800,6106,False,,0.0,,,False,False,,,-1,False,TN
2017-05-01,206.4363250732422,206.86013492902632,206.02117274759829,206.4363250732422,66882500,6107,False,,0.0,,,False,False,,,-1,False,TN
2017-05-02,206.57474266484968,206.69582932677105,206.1076978824263,206.5142059326172,57375700,6108,False,,0.0,,,False,False,,,-1,False,TN
2017-05-03,206.51421282157696,206.6093532875072,205.588754362305,206.2633819580078,73137700,6109,False,,0.0,,,False,False,,,-1,False,TN
2017-05-04,206.5661193938707,206.64395799930224,205.6579627381305,206.5055694580078,61462700,6110,False,,0.0,,,False,False,,,-1,False,TN
2017-05-05,206.8774439440633,207.33584434389297,206.43633221020283,207.31854248046875,62001300,6111,False,,0.0,,,False,False,,,-1,False,TN
2017-05-08,207.36178939446052,207.50882223911657,206.86014093756975,207.2839508056641,48385700,6112,False,0.01628373314436926,0.0,7.0,2017-05-17,False,False,,,-1,False,TN
2017-05-09,207.54346036253196,207.7423856326874,206.74773288699615,207.0937042236328,51363200,6113,False,0.015350981207457481,0.0,6.0,2017-05-17,False,False,,,-1,False,TN
2017-05-10,207.0504390584408,207.4655914306641,206.8428562736012,207.4655914306641,54293800,6114,False,0.01717429129780168,0.0,5.0,2017-05-17,False,False,,,-1,False,TN
2017-05-11,207.0158476249322,207.206128544176,205.9606582354735,207.0417938232422,62358300,6115,False,0.015096471896471453,0.0,4.0,2017-05-17,False,False,,,-1,False,TN
2017-05-12,206.7909717624924,207.08503748747037,206.4277117732625,206.69583129882812,53912700,6116,False,0.013400266838274666,0.0,3.0,2017-05-17,False,False,,,-1,False,TN
2017-05-15,207.11961833133617,207.95858054618077,207.10231646782097,207.8374938964844,61918900,6117,False,0.018997676199818514,0.0,2.0,2017-05-17,False,False,,,-1,False,TN
2017-05-16,208.13157869892072,208.1575248978483,207.258025874294,207.6472320556641,51241800,6118,False,0.0180648494512341,0.0,1.0,2017-05-17,False,False,,,-1,False,TN
2017-05-17,207.6471815250714,207.6471815250714,203.90212708755263,203.96267700195312,172174100,6119,True,0.0,1.0,0.0,2017-05-17,True,False,,,-1,False,FN
2017-05-18,203.88488106209277,205.631999962106,203.6254058674442,204.78439331054688,107047700,6120,True,0.004028758205531391,0.49640522430857614,1.0,2017-05-17,False,True,0.853110134601593,0.985,2,True,TP
2017-05-19,205.26871121619024,206.7823009092626,205.21681882402052,206.11631774902344,115011400,6121,False,0.010558994315659431,0.0,2.0,2017-05-17,False,False,,,-1,False,TN
2017-05-22,206.62669620624416,207.32728338337503,206.5575151196374,207.16294860839844,61010600,6122,False,0.015690476578784418,0.0,3.0,2017-05-17,False,False,,,-1,False,TN
2017-05-23,207.53479598358817,207.78562684405628,207.15423412457204,207.6212921142578,48341700,6123,False,0.01793766960741383,0.0,4.0,2017-05-17,False,False,,,-1,False,TN
2017-05-24,207.85483417668863,208.20943666083193,207.5175071643434,208.10565185546875,46927700,6124,False,0.020312416538227573,0.0,5.0,2017-05-17,False,False,,,-1,False,TN
2017-05-25,208.61593409813327,209.37705782517145,208.4083644980005,209.10028076171875,64071700,6125,False,0.025188940620329392,0.0,6.0,2017-05-17,False,False,,,-1,False,TN
2017-05-26,208.90999129615255,209.2213588810894,208.8321526992825,209.0570373535156,46629900,6126,False,0.024976924339513706,0.0,7.0,2017-05-17,False,False,,,-1,False,TN
2017-05-30,208.73702345379505,209.12622965651605,208.58134625168944,208.8754119873047,35201900,6127,False,,0.0,,,False,False,,,-1,False,TN
2017-05-31,209.16944440934273,209.20404813593743,208.13155696823463,208.823486328125,91796000,6128,False,,0.0,,,False,False,,,-1,False,TN
2017-06-01,209.28189341336648,210.50141746443623,208.9964720483849,210.4841156005859,68962000,6129,False,,0.0,,,False,False,,,-1,False,TN
2017-06-02,210.53602626420476,211.3403980348541,210.24196054050776,211.18470764160156,88666100,6130,False,,0.0,,,False,False,,,-1,False,TN
2017-06-05,211.01173560965785,211.29715700891515,210.83009901105527,211.0290374755859,44698800,6131,False,,0.0,,,False,False,,,-1,False,TN
2017-06-06,210.4667992308275,211.0203400587889,210.27651833395444,210.3543701171875,50375400,6132,False,,0.0,,,False,False,,,-1,False,TN
2017-06-07,210.69174467946053,210.96850857461544,210.02576134813623,210.74363708496097,54144300,6133,False,,0.0,,,False,False,,,-1,False,TN
2017-06-08,210.83875251651543,211.32309917359729,210.3198021282382,210.8473968505859,65950700,6134,False,,0.0,,,False,False,,,-1,False,TN
2017-06-09,211.1155056935656,211.91121990384883,209.26460209199337,210.52737426757812,132256400,6135,False,,0.0,,,False,False,,,-1,False,TN
2017-06-12,210.2851903574007,210.53600799468165,209.63650903629403,210.4841156005859,86108100,6136,False,,0.0,,,False,False,,,-1,False,TN
2017-06-13,211.0203320954049,211.56522857020147,210.67437404003005,211.51333618164065,60067000,6137,False,,0.0,,,False,False,,,-1,False,TN
2017-06-14,211.78144766507285,211.79009199702227,210.42353529417107,211.2452087402344,78602300,6138,False,,0.0,,,False,False,,,-1,False,TN
2017-06-15,209.89600002888105,210.9598470447608,209.6192361562844,210.83876037597656,66464900,6139,False,,0.0,,,False,False,,,-1,False,TN
2017-06-16,210.9978173345951,211.04996279608503,210.00701378083883,210.88482666015625,84553100,6140,False,,0.0,,,False,False,,,-1,False,TN
2017-06-19,211.71045520387923,212.70125857570503,211.6148507880972,212.6404266357422,65123800,6141,False,,0.0,,,False,False,,,-1,False,TN
2017-06-20,212.28408116010755,212.29276764813335,211.18898688722953,211.20635986328125,56906400,6142,False,,0.0,,,False,False,,,-1,False,TN
2017-06-21,211.59751403942832,211.7104914506489,210.684928689232,211.1542510986328,55977600,6143,False,,0.0,,,False,False,,,-1,False,TN
2017-06-22,211.16289790735053,211.65829292296755,210.8847711701662,211.05859375,44148100,6144,False,,0.0,,,False,False,,,-1,False,TN
2017-06-23,211.1194753547663,211.6409431841956,210.73705765609583,211.31068420410156,66986800,6145,False,,0.0,,,False,False,,,-1,False,TN
2017-06-26,211.97992043403343,212.3971106482016,211.2411709623493,211.4497528076172,56700500,6146,False,0.011390722812048004,0.0,7.0,2017-07-06,False,False,,,-1,False,TN
2017-06-27,211.23249094792288,211.5280040260247,209.7289058715889,209.7462921142578,82247700,6147,True,0.003242856384858772,0.5946429518926535,6.0,2017-07-06,False,False,,,-1,False,FN
2017-06-28,210.76309547675208,211.82343046133272,210.5284276983776,211.62353515625,70042600,6148,False,0.01222194561019263,0.0,5.0,2017-07-06,False,False,,,-1,False,TN
2017-06-29,211.77133642732028,211.82348188810505,208.5555714813719,209.76365661621097,106949700,6149,True,0.003325912978439538,0.5842608776950577,4.0,2017-07-06,False,False,,,-1,False,FN
2017-06-30,210.57191628538865,210.9456474858864,209.96353053531456,210.1547393798828,86820700,6150,True,0.005196510951610334,0.3504361310487083,3.0,2017-07-06,False,True,0.828484833240509,0.975625,2,True,TP
2017-07-03,211.0934673903206,211.5280306790775,210.5111541748047,210.5111541748047,39153800,6151,True,0.006901287676437828,0.13733904044527145,2.0,2017-07-06,False,False,,,-1,False,FN
2017-07-05,210.87614082870252,211.20639983977455,210.06784638763787,210.9978179931641,54427600,6152,False,0.009229061837823682,0.0,1.0,2017-07-06,False,False,,,-1,False,TN
2017-07-06,210.23293954349657,210.35461668308216,208.88579125834767,209.0683135986328,65400800,6153,True,0.0,1.0,0.0,2017-07-06,True,False,,,-1,False,FN
2017-07-07,209.64197067450192,210.57192896378987,209.0770305954212,210.42417907714844,57972300,6154,True,0.006485274861491419,0.18934064231357262,1.0,2017-07-06,False,False,,,-1,False,FN
2017-07-10,210.42420889538928,211.02390827791277,210.1200093280225,210.65017700195312,36663300,6155,True,0.0075662513180125845,0.05421858524842693,2.0,2017-07-06,False,False,,,-1,False,FN
2017-07-11,210.65013448651465,210.8065841147269,209.3290720753313,210.4936981201172,50354600,6156,True,0.006817793174630937,0.14777585317113284,3.0,2017-07-06,False,False,,,-1,False,FN
2017-07-12,211.45844346560077,212.24065187535012,211.45844346560077,212.0755157470703,59610400,6157,False,0.01438382553853046,0.0,4.0,2017-07-06,False,False,,,-1,False,TN
2017-07-13,212.08417855598307,212.5448143799926,211.8581972569354,212.43182373046875,39471600,6158,False,0.016088091370427327,0.0,5.0,2017-07-06,False,False,,,-1,False,TN
2017-07-14,212.43183455369368,213.77898288163507,212.3362301365671,213.42263793945312,60262700,6159,False,0.02082728016441404,0.0,6.0,2017-07-06,False,False,,,-1,False,TN
2017-07-17,213.3444914927096,213.72690928979495,213.22281430834775,213.39663696289065,33531900,6160,False,0.02070291422815651,0.0,7.0,2017-07-06,False,False,,,-1,False,TN
2017-07-18,212.9881166258476,213.56174324120423,212.64915785528535,213.5095977783203,42742500,6161,False,,0.0,,,False,False,,,-1,False,TN
2017-07-19,213.8224433044374,214.6741833144012,213.813743554394,214.66549682617188,51034300,6162,False,,0.0,,,False,False,,,-1,False,TN
2017-07-20,214.9175447626608,215.03922191099485,214.21355460002695,214.7611083984375,47135200,6163,True,0.0013371714672154589,0.8328535665980676,7.0,2017-07-31,False,False,,,-1,False,FN
2017-07-21,214.18749805873117,214.59598850082523,213.96151672202305,214.5699157714844,82340800,6164,True,0.00044572382240515296,0.9442845221993559,6.0,2017-07-31,False,False,,,-1,False,FN
2017-07-24,214.4916599834833,214.65679609178116,214.0484103731683,214.5177459716797,46622300,6165,True,0.00020247885052904202,0.9746901436838697,5.0,2017-07-31,False,False,,,-1,False,FN
2017-07-25,215.26521368818368,215.36951787097337,214.81327752275385,215.03924560546875,54915600,6166,True,0.0026340036834644476,0.670749539566944,4.0,2017-07-31,False,False,,,-1,False,FN
2017-07-26,215.32603937745765,215.36079859402545,214.7871853188609,215.04791259765625,47575400,6167,True,0.002674414079494314,0.6656982400632108,3.0,2017-07-31,False,False,,,-1,False,FN
2017-07-27,215.50855164233664,215.54331085727668,213.5269315835862,214.84800720214844,70766600,6168,True,0.0017423426034639533,0.7822071745670058,2.0,2017-07-31,False,False,,,-1,False,FN
2017-07-28,214.36999645778127,214.7263414233966,213.9180603305673,214.59597778320312,50088400,6169,True,0.0005672395907478922,0.9290950511565135,1.0,2017-07-31,False,False,,,-1,False,FN
2017-07-31,214.9957873263703,215.09139175817583,214.2657243535732,214.4743194580078,65838700,6170,True,0.0,1.0,0.0,2017-07-31,True,False,,,-1,False,FN
2017-08-01,215.07402396682556,215.10878318749505,214.430865659001,214.9523468017578,55050400,6171,True,0.002228832547215953,0.7213959315980059,1.0,2017-07-31,False,False,,,-1,False,FN
2017-08-02,215.08269809566875,215.1956887645296,214.1266538094975,215.05662536621097,47211200,6172,True,0.0027150379107143685,0.6606202611607039,2.0,2017-07-31,False,False,,,-1,False,FN
2017-08-03,214.9436974615012,214.9697701985723,214.36138423054732,214.63951110839844,40856000,6173,True,0.0007702164567211511,0.9037229429098561,3.0,2017-07-31,False,False,,,-1,False,FN
2017-08-04,215.126137256728,215.3607918002414,214.64811515765828,215.0305328369141,60191800,6174,True,0.002593379852244615,0.6758275184694231,4.0,2017-07-31,False,False,,,-1,False,FN
2017-08-07,215.1000693983381,215.43032836914065,214.99576522593463,215.43032836914065,31995000,6175,True,0.004457451659241718,0.44281854259478526,5.0,2017-07-31,False,False,,,-1,False,FN
2017-08-08,215.11744331571663,216.3342280791,214.52644380404467,214.9001617431641,61719400,6176,True,0.001985516430276668,0.7518104462154165,6.0,2017-07-31,False,False,,,-1,False,FN
2017-08-09,214.21359245470444,214.9436554737216,213.8572474352496,214.8915100097656,62632600,6177,True,0.001945177179310198,0.7568528525862253,7.0,2017-07-31,False,False,,,-1,False,FN
2017-08-10,214.05713457402004,214.1875114907159,211.80610038765755,211.85824584960935,120479500,6178,True,0.00432607647735872,0.45924044033016,6.0,2017-08-18,False,False,,,-1,False,FN
2017-08-11,212.08417688094036,212.76209424910255,211.8495090960186,212.17108154296875,74869900,6179,True,0.005809091892849061,0.2738635133938674,5.0,2017-08-18,False,True,0.8990302681922913,0.9975,2,True,TP
2017-08-14,213.4487466454919,214.491695659703,213.41398742513857,214.2744140625,73291900,6180,False,0.015780059453713413,0.0,4.0,2017-08-18,False,False,,,-1,False,TN
2017-08-15,214.65678138337805,214.6741676203797,213.9441048080686,214.248291015625,55242700,6181,False,0.01565622166270164,0.0,3.0,2017-08-18,False,False,,,-1,False,TN
2017-08-16,214.76982020562247,215.16962417546023,214.196193612218,214.6220703125,56715500,6182,False,0.017428143700446874,0.0,2.0,2017-08-18,False,False,,,-1,False,TN
2017-08-17,214.0136961433495,214.32658218751973,211.27593994140625,211.27593994140625,128490400,6183,True,0.0015656221662700975,0.8042972292162378,1.0,2017-08-18,False,False,,,-1,False,FN
2017-08-18,211.1108015904025,212.23198209604297,210.50241575027263,210.9456787109375,136748000,6184,True,0.0,1.0,0.0,2017-08-18,True,True,0.7407936453819275,0.943125,2,True,TP
2017-08-21,210.88479549613615,211.37150408053873,210.18080534642425,211.1107635498047,65469700,6185,True,0.0007825940776602369,0.9021757402924704,1.0,2017-08-18,False,True,0.7004278302192688,0.91875,2,True,TP
2017-08-22,211.69314287923817,213.47484155193217,211.67575663634727,213.3184051513672,63140100,6186,False,0.011248044780671096,0.0,2.0,2017-08-18,False,False,,,-1,False,TN
2017-08-23,212.35360200555616,212.97937391862,212.20585214577903,212.55349731445312,50203800,6187,True,0.007621955630192634,0.047255546225920764,3.0,2017-08-18,False,False,,,-1,False,FN
2017-08-24,212.9359641188636,213.0924005023404,211.8495561386653,212.0581512451172,50741700,6188,True,0.005273739386262299,0.34078257671721257,4.0,2017-08-18,False,True,0.5869498252868652,0.813125,2,True,TP
2017-08-25,212.84899703400745,213.46608245948897,212.405747454676,212.55349731445312,64445900,6189,True,0.007621955630192634,0.047255546225920764,5.0,2017-08-18,False,True,0.15096500515937805,0.31375,2,False,FN
2017-08-28,213.08369316418083,213.10976589220928,212.1450351697119,212.56222534179688,40565600,6190,True,0.00766333134074082,0.04208358240739751,6.0,2017-08-18,False,True,0.15767130255699158,0.319375,2,False,FN
2017-08-29,211.2498139126445,213.06628450382465,211.136823261868,212.80555725097656,51135700,6191,False,0.008816860110169245,0.0,7.0,2017-08-18,False,True,0.21046008169651031,0.369375,2,False,TN
2017-08-30,212.78818857668327,214.08319150724105,212.60566622281107,213.81375122070312,62030800,6192,False,,0.0,,,False,False,,,-1,False,TN
2017-08-31,214.43085140317208,215.3434367114177,213.848538347503,215.10008239746097,103803900,6193,False,,0.0,,,False,False,,,-1,False,TN
2017-09-01,215.47378279149711,215.83012774424623,215.25650122447655,215.4042510986328,62007000,6194,False,,0.0,,,False,False,,,-1,False,TN
2017-09-05,214.90017245863575,215.12615379291992,212.89249275003215,213.8572235107422,91398800,6195,False,,0.0,,,False,False,,,-1,False,TN
2017-09-06,214.5351500718967,214.91756779673688,214.00498245551665,214.58729553222656,57916900,6196,False,,0.0,,,False,False,,,-1,False,TN
2017-09-07,214.89152108379372,214.90890732661396,214.15275827483524,214.56124877929688,58034700,6197,False,,0.0,,,False,False,,,-1,False,TN
2017-09-08,214.2743858476045,214.76979418966545,214.06580402931732,214.3091583251953,63832800,6198,False,,0.0,,,False,False,,,-1,False,TN
2017-09-11,215.57808126339495,216.6731888871612,215.56070828593013,216.594970703125,71364800,6199,False,,0.0,,,False,False,,,-1,False,TN
2017-09-12,216.95998078899893,217.35977142035233,216.777458449076,217.32501220703125,56896000,6200,False,,0.0,,,False,False,,,-1,False,TN
2017-09-13,217.03824757556816,217.46412428956327,216.92525689879432,217.42935180664065,59228000,6201,False,,0.0,,,False,False,,,-1,False,TN
2017-09-14,217.10777668488015,217.5597261247576,216.93395405779384,217.3598175048828,95446300,6202,False,,0.0,,,False,False,,,-1,False,TN
2017-09-15,217.2156545514275,217.73971021423145,217.1108460843923,217.65237426757812,95432400,6203,False,,0.0,,,False,False,,,-1,False,TN
2017-09-18,218.0192775480726,218.4647269838403,217.73104085635288,218.1153564453125,46235200,6204,False,,0.0,,,False,False,,,-1,False,TN
2017-09-19,218.35991184000716,218.4210590125854,218.0105413121157,218.33370971679688,47108100,6205,False,,0.0,,,False,False,,,-1,False,TN
2017-09-20,218.4210354056815,218.52584388719495,217.41657192320085,218.41229248046875,59574100,6206,False,,0.0,,,False,False,,,-1,False,TN
2017-09-21,218.2551234432723,218.3424594194711,217.65244789868083,217.82713317871097,48211400,6207,False,,0.0,,,False,False,,,-1,False,TN
2017-09-22,217.530162878528,218.03675951066276,217.50396075338588,217.8708038330078,51214000,6208,False,,0.0,,,False,False,,,-1,False,TN
2017-09-25,217.61748127360232,217.96686512666057,216.682907787888,217.42532348632812,57064400,6209,False,,0.0,,,False,False,,,-1,False,TN
2017-09-26,217.8532864326247,218.09784843533004,217.32048778509616,217.5563201904297,54082000,6210,False,,0.0,,,False,False,,,-1,False,TN
2017-09-27,218.25508132737005,218.78787999161077,217.37289884285593,218.403564453125,81001400,6211,False,,0.0,,,False,False,,,-1,False,TN
2017-09-28,218.12403159466072,218.744179472519,218.036695645646,218.6655731201172,44778800,6212,False,,0.0,,,False,False,,,-1,False,TN
2017-09-29,218.65685867643668,219.51283905062215,218.4734438302756,219.43421936035156,85578000,6213,False,,0.0,,,False,False,,,-1,False,TN
2017-10-02,219.66133501937136,220.38629150390625,219.48663643311735,220.38629150390625,59023000,6214,False,,0.0,,,False,False,,,-1,False,TN
2017-10-03,220.3862586954186,220.8841122747613,220.30763901225592,220.85791015625,66810200,6215,False,,0.0,,,False,False,,,-1,False,TN
2017-10-04,220.70947739668037,221.3645571641749,220.59592597213907,221.1199951171875,55953600,6216,False,,0.0,,,False,False,,,-1,False,TN
2017-10-05,221.45186859770155,222.447589200853,221.15490233464223,222.4301300048828,63522800,6217,False,,0.0,,,False,False,,,-1,False,TN
2017-10-06,221.98466107631256,222.46505550467177,221.7226398677804,222.17681884765625,80646000,6218,False,,0.0,,,False,False,,,-1,False,TN
2017-10-09,222.4039128546295,222.46504669165515,221.5479325152339,221.8099670410156,35803100,6219,False,,0.0,,,False,False,,,-1,False,TN
2017-10-10,222.37777395454304,222.7708191911395,221.83623222660475,222.39523315429688,43057400,6220,False,,0.0,,,False,False,,,-1,False,TN
2017-10-11,222.2991203789884,222.7445831298828,222.13317804080668,222.7445831298828,47674300,6221,False,,0.0,,,False,False,,,-1,False,TN
2017-10-12,222.4301464750898,222.77951700719035,222.17684151083012,222.4126739501953,47065100,6222,False,,0.0,,,False,False,,,-1,False,TN
2017-10-13,222.84941210196223,222.96296353166537,222.4126922371134,222.68345642089844,54800400,6223,False,,0.0,,,False,False,,,-1,False,TN
2017-10-16,222.91054426948924,223.17256550864792,222.56990333095123,222.98040771484375,38221700,6224,False,,0.0,,,False,False,,,-1,False,TN
2017-10-17,222.92803444683133,223.1813394500616,222.7096744987663,223.13766479492188,31561000,6225,False,,0.0,,,False,False,,,-1,False,TN
2017-10-18,223.5132155575203,223.55689020837087,223.1638450059807,223.3560028076172,40888300,6226,False,,0.0,,,False,False,,,-1,False,TN
2017-10-19,222.57863488865067,223.4520745672181,222.1593875746752,223.41712951660156,61903800,6227,False,,0.0,,,False,False,,,-1,False,TN
2017-10-20,224.2119358358131,224.59625135770185,223.399630150434,224.5700225830078,89176400,6228,False,,0.0,,,False,False,,,-1,False,TN
2017-10-23,224.8931828117256,224.91938492710807,223.61794211576668,223.6965484619141,63915300,6229,False,,0.0,,,False,False,,,-1,False,TN
2017-10-24,224.12457516951147,224.3254491898928,223.7315167426879,224.08963012695312,66935900,6230,False,,0.0,,,False,False,,,-1,False,TN
2017-10-25,223.75776848882185,223.8713199108784,221.85367640356623,222.98040771484375,103715300,6231,False,,0.0,,,False,False,,,-1,False,TN
2017-10-26,223.59181270302912,223.86256352467024,223.14634996797955,223.2686309814453,69798000,6232,False,,0.0,,,False,False,,,-1,False,TN
2017-10-27,224.01102924490968,225.25132506108443,223.2773432648059,225.09408569335935,85562500,6233,False,,0.0,,,False,False,,,-1,False,TN
2017-10-30,224.01100748839235,224.99799829067257,223.958603255993,224.2555694580078,54285700,6234,False,,0.0,,,False,False,,,-1,False,TN
2017-10-31,224.63118258968325,224.858285407945,224.30801421308635,224.60498046875,60304800,6235,False,,0.0,,,False,False,,,-1,False,TN
2017-11-01,225.38240065372472,225.723028295638,224.5351630296373,224.90199279785156,54202700,6236,False,,0.0,,,False,False,,,-1,False,TN
2017-11-02,224.83212135422747,225.12908766017168,223.7665238304207,224.9893341064453,56449500,6237,False,,0.0,,,False,False,,,-1,False,TN
2017-11-03,225.1465345397593,225.78415509588623,224.73601682791988,225.7404937744141,59589700,6238,False,,0.0,,,False,False,,,-1,False,TN
2017-11-06,225.6094816602793,226.22090016065792,225.5396182070797,226.0898895263672,49652600,6239,False,0.009398142430130596,0.0,7.0,2017-11-15,False,False,,,-1,False,TN
2017-11-07,226.1946842164428,226.52659557321505,225.426053001868,225.9326629638672,57502200,6240,False,0.008696190651301894,0.0,6.0,2017-11-15,False,False,,,-1,False,TN
2017-11-08,225.7579375579384,226.41301726687485,225.47843048486277,226.31692504882812,50469600,6241,False,0.010411762433739646,0.0,5.0,2017-11-15,False,False,,,-1,False,TN
2017-11-09,225.11159509256848,225.68806842051265,223.91496046403017,225.49591064453125,95085500,6242,True,0.0067462716135100464,0.1567160483112442,4.0,2017-11-15,False,False,,,-1,False,FN
2017-11-10,225.1115389760225,225.60066289199727,224.797086941322,225.42596435546875,59984700,6243,True,0.006433990270910073,0.1957512161362409,3.0,2017-11-15,False,False,,,-1,False,FN
2017-11-13,224.7447214001383,225.8627229227184,224.7097763557661,225.6356201171875,50228600,6244,True,0.007370016808284197,0.07874789896447543,2.0,2017-11-15,False,False,,,-1,False,FN
2017-11-14,224.8321109474769,225.2164265386195,224.05473683871833,225.1116180419922,61315200,6245,True,0.005030563582667957,0.37117955216650533,1.0,2017-11-15,False,False,,,-1,False,FN
2017-11-15,224.14206074959475,224.6661298286348,223.27736409509808,223.98484802246097,80811500,6246,True,0.0,1.0,0.0,2017-11-15,True,False,,,-1,False,FN
2017-11-16,224.92818802377593,226.25583346300692,224.8845266997023,225.88897705078125,67777000,6247,False,0.008501151060581247,0.0,1.0,2017-11-15,False,False,,,-1,False,TN
2017-11-17,225.53954973835357,225.86271808991955,225.14649129953867,225.22509765625,75756800,6248,True,0.005537203273967339,0.3078495907540826,2.0,2017-11-15,False,False,,,-1,False,FN
2017-11-20,225.4696939076753,225.80157853989255,225.22510524931647,225.6094207763672,48075500,6249,True,0.007253047553213543,0.09336905584830713,3.0,2017-11-15,False,False,,,-1,False,FN
2017-11-21,226.37807207748503,227.26899754044936,225.5745225619716,227.08555603027344,69176800,6250,False,0.013843382868030218,0.0,4.0,2017-11-15,False,False,,,-1,False,TN
2017-11-22,227.0943215877787,227.225332211488,226.71874891472385,226.88470458984375,45033400,6251,False,0.012946663995289542,0.0,5.0,2017-11-15,False,False,,,-1,False,TN
2017-11-24,227.3738035315452,227.5135570664607,227.23404999662972,227.40872192382812,27856500,6252,False,0.015286185345107839,0.0,6.0,2017-11-15,False,False,,,-1,False,TN
2017-11-27,227.4523939944793,227.749360239689,227.09428058415776,227.2951812744141,52274900,6253,False,0.014779273157000228,0.0,7.0,2017-11-15,False,False,,,-1,False,TN
2017-11-28,227.7580990977113,229.62724582071488,227.6620068892144,229.60104370117188,98971700,6254,False,,0.0,,,False,False,,,-1,False,TN
2017-11-29,229.7320984008584,230.26491047419557,229.015898110774,229.4613342285156,77512100,6255,False,,0.0,,,False,False,,,-1,False,TN
2017-11-30,230.37840026108975,232.37855743063676,230.29979390840188,231.47019958496097,127894400,6256,False,,0.0,,,False,False,,,-1,False,TN
2017-12-01,231.25185497707815,231.73223604917192,227.75809691018895,230.98980712890625,164390900,6257,False,,0.0,,,False,False,,,-1,False,TN
2017-12-04,232.6056759761227,233.03365281038865,230.6578962545037,230.7103271484375,94040600,6258,False,,0.0,,,False,False,,,-1,False,TN
2017-12-05,229.88058471679688,231.5925189755216,229.74957409972205,229.88058471679688,77994500,6259,False,,0.0,,,False,False,,,-1,False,TN
2017-12-06,229.9766138332505,230.35221308301692,229.46128771759268,229.92420959472656,75898600,6260,False,,0.0,,,False,False,,,-1,False,TN
2017-12-07,230.6492156982422,230.9636411789777,229.66222462493985,230.6492156982422,77218600,6261,False,,0.0,,,False,False,,,-1,False,TN
2017-12-08,231.60122748092607,231.91565291517543,230.61423655354508,231.9069366455078,76563900,6262,False,,0.0,,,False,False,,,-1,False,TN
2017-12-11,232.6056671142578,232.6668142754687,231.88072407003264,232.6056671142578,83077500,6263,False,,0.0,,,False,False,,,-1,False,TN
2017-12-12,233.3917774476564,233.487869660026,232.6406322203123,233.0162048339844,85195800,6264,False,,0.0,,,False,False,,,-1,False,TN
2017-12-13,233.26078490419235,233.6975047181604,232.9026714581071,232.99002075195312,102905400,6265,False,,0.0,,,False,False,,,-1,False,TN
2017-12-14,233.28699142018425,233.4005428387963,231.9855748797345,232.03797912597656,100666700,6266,False,,0.0,,,False,False,,,-1,False,TN
2017-12-15,233.03965390050297,234.4355182035571,232.9869817978599,233.97023010253903,144610300,6267,False,,0.0,,,False,False,,,-1,False,TN
2017-12-18,235.3660616658468,235.80501365448455,235.26071747521428,235.453857421875,83653600,6268,False,,0.0,,,False,False,,,-1,False,TN
2017-12-19,235.6997196702818,235.74360416189216,234.4794200220112,234.54966735839844,82382900,6269,True,0.0011617463254569582,0.8547817093178802,7.0,2017-12-29,False,False,,,-1,False,FN
2017-12-20,235.51535044887996,235.56802255763964,234.12827359902516,234.4267578125,76751500,6270,True,0.000637114007715267,0.9203607490355916,6.0,2017-12-29,False,False,,,-1,False,FN
2017-12-21,235.05009009619357,235.62074932777256,234.66381005859233,234.9096221923828,67032300,6271,True,0.002698192802865096,0.662725899641863,5.0,2017-12-29,False,False,,,-1,False,FN
2017-12-22,234.927167952612,234.96229162203664,234.31262429947589,234.84815979003903,78720900,6272,True,0.0024358440783631696,0.6955194902046038,4.0,2017-12-29,False,False,,,-1,False,FN
2017-12-26,234.44435652650475,234.78675209837695,234.3039154007024,234.56727600097656,45244400,6273,True,0.0012369078021388091,0.8453865247326489,3.0,2017-12-29,False,False,,,-1,False,FN
2017-12-27,234.73399229080823,235.04126407068716,234.40917207463843,234.6813201904297,57751000,6274,True,0.0017236988564903744,0.7845376429387032,2.0,2017-12-29,False,False,,,-1,False,FN
2017-12-28,235.181775060121,235.20811111513945,234.7954950588432,235.16419982910156,45116100,6275,True,0.0037848427829023645,0.5268946521372044,1.0,2017-12-29,False,False,,,-1,False,FN
2017-12-29,235.74360810502137,235.76115654365725,234.08438313836797,234.27749633789065,96007400,6276,True,0.0,1.0,0.0,2017-12-29,True,False,,,-1,False,FN
2018-01-02,235.1378554585482,235.98942359604385,234.751575470931,235.9542999267578,86655700,6277,True,0.007157339544250352,0.10533255696870603,1.0,2017-12-29,False,False,,,-1,False,FN
2018-01-03,236.12102706085977,237.59592598451,236.12102706085977,237.44667053222656,90070400,6278,False,0.013527437521208219,0.0,2.0,2017-12-29,False,False,,,-1,False,TN
2018-01-04,238.08762314772255,238.9304036547057,237.50820317682505,238.44754028320312,80636400,6279,False,0.01779959240856055,0.0,3.0,2017-12-29,False,False,,,-1,False,TN
2018-01-05,239.237648873828,240.15943743914383,238.7460247334587,240.0365447998047,83524000,6280,False,0.02458216666959734,0.0,4.0,2017-12-29,False,False,,,-1,False,TN
2018-01-08,239.93994374624884,240.6334954184191,239.65024721010417,240.47547912597656,57319200,6281,False,0.02645573256061584,0.0,5.0,2017-12-29,False,False,,,-1,False,TN
2018-01-09,240.89685596880133,241.64307973864751,240.61592025449383,241.019775390625,57254000,6282,False,0.02877902981774305,0.0,6.0,2017-12-29,False,False,,,-1,False,TN
2018-01-10,240.26485824485923,240.91452568794816,239.59766915107215,240.6511383056641,69574300,6283,False,0.02720552365209228,0.0,7.0,2017-12-29,False,False,,,-1,False,TN
2018-01-11,241.20418164712257,242.4069061279297,241.03737770393656,242.4069061279297,62361500,6284,False,,0.0,,,False,False,,,-1,False,TN
2018-01-12,242.67025024306636,244.1538834452127,242.3717392883683,243.9871063232422,90816100,6285,False,,0.0,,,False,False,,,-1,False,TN
2018-01-16,245.24253818450373,245.89217870480007,242.45957014401455,243.1531219482422,106555100,6286,False,,0.0,,,False,False,,,-1,False,TN
2018-01-17,244.0836722321971,245.8570288429602,243.15309604331577,245.4707489013672,113258800,6287,False,,0.0,,,False,False,,,-1,False,TN
2018-01-18,245.35665068678648,245.7780275136728,244.56651555336,245.05816650390625,100728000,6288,False,,0.0,,,False,False,,,-1,False,TN
2018-01-19,245.637590713448,246.1731262207031,245.05819750318747,246.17312622070312,140920100,6289,False,,0.0,,,False,False,,,-1,False,TN
2018-01-22,245.96241956189593,248.1747283935547,245.90972066426505,248.1747283935547,91322400,6290,False,,0.0,,,False,False,,,-1,False,TN
2018-01-23,248.21862891691765,248.99118891195351,247.89380864434813,248.7014923095703,97084700,6291,False,,0.0,,,False,False,,,-1,False,TN
2018-01-24,249.3423098774927,249.939305019952,247.42848539217053,248.60487365722656,134816100,6292,False,,0.0,,,False,False,,,-1,False,TN
2018-01-25,249.46526240327177,249.5618190060113,247.92014242735831,248.7102508544922,84587300,6293,False,,0.0,,,False,False,,,-1,False,TN
2018-01-26,249.54427764501577,251.6336940012974,249.28967791641975,251.58978271484375,107743100,6294,False,,0.0,,,False,False,,,-1,False,TN
2018-01-29,251.01907184010383,251.45802381833292,249.7636756123294,249.92169189453125,90118300,6295,False,,0.0,,,False,False,,,-1,False,TN
2018-01-30,248.09568201322097,249.9743826890042,246.884170176036,247.35824584960935,131796400,6296,False,0.09366144204306837,0.0,7.0,2018-02-08,False,False,,,-1,False,TN
2018-01-31,248.2098613943564,248.71024642133224,246.41014172914785,247.4811859130859,108364800,6297,False,0.09420500511146268,0.0,6.0,2018-02-08,False,False,,,-1,False,TN
2018-02-01,246.7524977240842,248.49951821002367,246.41010228471623,247.20021057128903,90102500,6298,False,0.09296271017024238,0.0,5.0,2018-02-08,False,False,,,-1,False,TN
2018-02-02,245.88335303133664,246.01506007123515,241.78355614616368,241.8186798095703,173174800,6299,False,0.06916899076927763,0.0,4.0,2018-02-08,False,False,,,-1,False,TN
2018-02-05,240.0629426086258,242.16990757960036,231.16098010750332,231.7052764892578,294681800,6300,False,0.024453928931473135,0.0,3.0,2018-02-08,False,True,0.40781185030937195,0.615,2,True,FP
2018-02-06,228.2024284398502,236.77078232610643,227.1138357643544,236.27037048339844,355026800,6301,False,0.04463788222377407,0.0,2.0,2018-02-08,False,True,0.49577850103378296,0.713125,2,True,FP
2018-02-07,235.7172043792899,239.10590067729856,234.90952097825843,234.98855590820312,167376100,6302,False,0.038970510303647066,0.0,1.0,2018-02-08,False,True,0.4532376229763031,0.66375,2,True,FP
2018-02-08,235.28707148417263,235.42753934624017,226.13929955438024,226.17442321777344,246449500,6303,True,0.0,1.0,0.0,2018-02-08,True,True,0.4836868345737457,0.7,2,True,TP
2018-02-09,228.95738632420708,231.4242947855056,222.039510890829,229.57192993164065,283565300,6304,False,0.015021622098250642,0.0,1.0,2018-02-08,False,True,0.2720526456832886,0.446875,2,False,TN
2018-02-12,231.61742570067415,234.409181085586,229.71238881690363,232.9430694580078,143736000,6305,False,0.0299266651990846,0.0,2.0,2018-02-08,False,True,0.05642927438020706,0.195,2,False,TN
2018-02-13,231.7403320548723,234.0667724180757,231.16091216963025,233.52247619628903,81223600,6306,False,0.032488434695555624,0.0,3.0,2018-02-08,False,True,0.047965843230485916,0.16375,2,False,TN
2018-02-14,232.03886114791155,237.0341382794171,232.0300735324697,236.6741943359375,120735700,6307,False,0.04642333544520327,0.0,4.0,2018-02-08,False,True,0.026649944484233856,0.05625,2,False,TN
2018-02-15,238.41248106990375,239.70300148361503,235.95433291489908,239.6942138671875,111200300,6308,False,0.05977594839004596,0.0,5.0,2018-02-08,False,False,,,-1,False,TN
2018-02-16,239.0708336216377,241.70454573082915,239.0269223449148,239.7643585205078,160420100,6309,False,0.06008608360481693,0.0,6.0,2018-02-08,False,False,,,-1,False,TN
2018-02-20,238.81625220681488,240.2560277964986,237.4730600001012,238.26316833496097,86369700,6310,False,0.013821574118993984,0.0,7.0,2018-03-01,False,False,,,-1,False,TN
2018-02-21,238.7021616780107,241.17785810812944,236.98147683910005,237.0780334472656,98883700,6311,False,0.008778766513508396,0.0,6.0,2018-03-01,False,True,0.26614946126937866,0.43875,2,False,TN
2018-02-22,237.9997668719995,239.7116635044079,236.7180346030189,237.38522338867188,110511300,6312,False,0.010085874918581705,0.0,5.0,2018-03-01,False,True,0.23798415064811707,0.410625,2,False,TN
2018-02-23,238.60560199341737,241.1690673828125,238.1315262000043,241.1690673828125,92766400,6313,False,0.026186318395297947,0.0,4.0,2018-03-01,False,False,,,-1,False,TN
2018-02-26,242.24013191492972,244.06618789870635,241.6519510254108,243.9696044921875,86491400,6314,False,0.03810274240848677,0.0,3.0,2018-03-01,False,False,,,-1,False,TN
2018-02-27,244.1538520686274,244.86497890871945,240.86171229126572,240.9231719970703,99099200,6315,False,0.025140021358353914,0.0,2.0,2018-03-01,False,False,,,-1,False,TN
2018-02-28,242.02060331721685,242.4683429952986,238.166618131019,238.4826507568359,121907800,6316,False,0.014755482687371035,0.0,1.0,2018-03-01,False,False,,,-1,False,TN
2018-03-01,238.27190865404003,239.8170281428091,233.52244518179103,235.014892578125,176855100,6317,True,0.0,1.0,0.0,2018-03-01,True,True,0.5400892496109009,0.765625,2,True,TP
2018-03-02,233.34693091903503,236.78832724910447,232.48660193015064,236.22645568847656,139083200,6318,True,0.005155261000954647,0.3555923748806691,1.0,2018-03-01,False,True,0.6767364144325256,0.896875,2,True,TP
2018-03-05,235.04125115839992,239.5712390826377,234.93588017192567,238.95669555664065,97307400,6319,False,0.01677256677342398,0.0,2.0,2018-03-01,False,False,,,-1,False,TN
2018-03-06,239.93118947481383,240.01022442352252,238.0700369945111,239.56248474121097,79213200,6320,False,0.019350229737352675,0.0,3.0,2018-03-01,False,False,,,-1,False,TN
2018-03-07,237.40279941766687,239.8257961164526,237.20965947581053,239.47463989257812,87063500,6321,False,0.018976445558532395,0.0,4.0,2018-03-01,False,False,,,-1,False,TN
2018-03-08,240.1506815402928,240.75643757744385,239.15867230598985,240.633544921875,66901200,6322,False,0.023907643818283697,0.0,5.0,2018-03-01,False,False,,,-1,False,TN
2018-03-09,242.0381348622031,244.82107543945312,241.72207550192215,244.82107543945312,113625300,6323,False,0.04172579343272176,0.0,6.0,2018-03-01,False,False,,,-1,False,TN
2018-03-12,245.11081957380023,245.73412394284,244.1275445405689,244.51382446289065,71924800,6324,False,0.04041842532003792,0.0,7.0,2018-03-01,False,False,,,-1,False,TN
2018-03-13,245.6726653493665,246.1730770862234,242.32785307291076,242.93360900878903,91968900,6325,False,,0.0,,,False,False,,,-1,False,TN
2018-03-14,243.89052900334457,244.07488135752644,241.13392413862624,241.68698120117188,105895100,6326,False,,0.0,,,False,False,,,-1,False,TN
2018-03-15,242.19612843214787,242.83698112256823,240.92315708044916,241.4235687255859,83433000,6327,False,,0.0,,,False,False,,,-1,False,TN
2018-03-16,241.9498248244349,242.73430164877232,241.6325264901911,241.68540954589844,100343700,6328,False,,0.0,,,False,False,,,-1,False,TN
2018-03-19,240.9361891885773,241.8616695320334,236.76706244111185,238.41531372070312,109208400,6329,False,,0.0,,,False,False,,,-1,False,TN
2018-03-20,238.81203900501873,239.45548556355632,238.14215091113388,238.82086181640625,59757300,6330,False,,0.0,,,False,True,0.6943442821502686,0.914375,2,True,FP
2018-03-21,238.77672584368344,240.86568740550535,238.15092503585717,238.36245727539065,78709600,6331,False,0.05033594794647467,0.0,7.0,2018-04-02,False,True,0.5940783023834229,0.823125,2,True,FP
2018-03-22,236.14131191360167,236.98746785600505,232.1308334753327,232.4040985107422,148785900,6332,False,0.024080645526757705,0.0,6.0,2018-04-02,False,True,0.6597950458526611,0.8775,2,True,FP
2018-03-23,232.84481538646813,233.17093659771976,227.2565869439136,227.45050048828125,183534800,6333,True,0.002252786667859885,0.7184016665175144,5.0,2018-04-02,False,True,0.40781185030937195,0.615,2,True,TP
2018-03-26,231.0466640245638,233.9553397071819,228.6492001841799,233.67327880859375,141956100,6334,False,0.029673244740981986,0.0,4.0,2018-04-02,False,True,0.049683403223752975,0.17,2,False,TN
2018-03-27,234.6076373138364,235.1364679392329,228.14681188586164,229.6981201171875,129941400,6335,False,0.01215684505245207,0.0,3.0,2018-04-02,False,True,0.24637368321418762,0.418125,2,False,TN
2018-03-28,229.83038888743377,231.49628649684257,227.91769462094425,229.01947021484375,146452300,6336,False,0.009166397661324321,0.0,2.0,2018-04-02,False,True,0.23076070845127106,0.4,2,False,TN
2018-03-29,230.1564273834921,233.80551974952124,229.0282106570557,231.9457092285156,111601600,6337,False,0.02206076896238862,0.0,1.0,2018-04-02,False,True,0.07701754570007324,0.241875,2,False,TN
2018-04-02,231.4168574384861,231.9280962060845,224.4712755675117,226.9392547607422,186286300,6338,True,0.0,1.0,0.0,2018-04-02,True,True,0.44790250062942505,0.659375,2,True,TP
2018-04-03,228.1732682393446,230.32393591836865,226.3839861103579,229.84796142578125,119956900,6339,False,0.012817115611424956,0.0,1.0,2018-04-02,False,True,0.05827353522181511,0.198125,2,False,TN
2018-04-04,226.3046440335679,233.01223907187764,226.17243637884116,232.30711364746097,123715300,6340,False,0.023653285071276064,0.0,2.0,2018-04-02,False,True,0.0870259553194046,0.25375,2,False,TN
2018-04-05,234.06112092397936,235.02189260297175,232.97699130445676,234.14047241210935,82652600,6341,False,0.031731917243490004,0.0,3.0,2018-04-02,False,True,0.027857011184096336,0.06375,2,False,TN
2018-04-06,232.18373580132868,233.67331128789823,227.40642617564995,228.92247009277344,179521200,6342,False,0.008738969968514754,0.0,4.0,2018-04-02,False,True,0.31170621514320374,0.490625,2,False,TN
2018-04-09,230.3768261726803,233.4353557781252,229.1164015629275,230.0507049560547,105442900,6343,False,0.013710497985872205,0.0,5.0,2018-04-02,False,True,0.16393661499023438,0.325625,2,False,TN
2018-04-10,232.93288785263687,234.49301869650768,231.79587525314687,233.7085418701172,103529000,6344,False,0.0298286302055224,0.0,6.0,2018-04-02,False,False,,,-1,False,TN
2018-04-11,232.22782477620183,234.14051880483157,232.1573229824398,232.4834442138672,91140200,6345,False,0.024430279631305396,0.0,7.0,2018-04-02,False,False,,,-1,False,TN
2018-04-12,233.8054902432488,235.33915251720393,233.62919547435055,234.39602661132812,68890500,6346,False,,0.0,,,False,False,,,-1,False,TN
2018-04-13,235.70055996966371,235.81514889026525,232.70373691024145,233.7085418701172,85079200,6347,False,,0.0,,,False,False,,,-1,False,TN
2018-04-16,235.33922430803472,236.3969394464726,234.51950987009275,235.6300811767578,63405300,6348,False,,0.0,,,False,False,,,-1,False,TN
2018-04-17,237.39291974783777,238.75031455399508,236.8817078046116,238.1509552001953,64682000,6349,False,,0.0,,,False,False,,,-1,False,TN
2018-04-18,238.59162476057676,239.12927814561803,237.8688537751826,238.32720947265625,57303900,6350,False,,0.0,,,False,False,,,-1,False,TN
2018-04-19,237.6749728150779,237.8777091627883,235.9738381325913,237.0051116943359,77655900,6351,False,,0.0,,,False,False,,,-1,False,TN
2018-04-20,236.93458829716045,237.15494337179408,234.11403258232485,234.99545288085935,99953100,6352,False,,0.0,,,False,False,,,-1,False,TN
2018-04-23,235.5684025074935,236.12370161096285,233.88488647431987,234.9602203369141,65558000,6353,False,,0.0,,,False,False,,,-1,False,TN
2018-04-24,235.98264446982623,236.2029995241592,230.2974733085117,231.7958984375,112885500,6354,True,0.0013709132898167553,0.8286358387729056,7.0,2018-05-03,False,False,,,-1,False,FN
2018-04-25,231.73415089575025,232.8094844434792,229.91842772645785,232.3687744140625,103840900,6355,True,0.003845768728239829,0.5192789089700214,6.0,2018-05-03,False,True,0.7426807880401611,0.945625,2,True,TP
2018-04-26,233.39129935081172,235.5595858554559,232.9505891808296,234.7310485839844,67731900,6356,False,0.014050921877718281,0.0,5.0,2018-05-03,False,False,,,-1,False,TN
2018-04-27,235.3391820015895,235.6388616272177,234.01705176562555,234.95135498046875,57053600,6357,False,0.015002657516434148,0.0,4.0,2018-05-03,False,False,,,-1,False,TN
2018-04-30,235.5683758116827,236.1236748522227,233.0739415341474,233.14447021484375,82182300,6358,True,0.007196816860236099,0.10039789247048758,3.0,2018-05-03,False,False,,,-1,False,FN
2018-05-01,232.58035587799657,233.6645124635416,231.02904763828548,233.55874633789065,74203400,6359,False,0.008986512288352122,0.0,2.0,2018-05-03,False,True,0.28518959879875183,0.459375,2,False,TN
2018-05-02,233.36485118585455,234.17574281224557,231.60201055601448,231.9898376464844,86368900,6360,True,0.0022087412416162966,0.7239073447979629,1.0,2018-05-03,False,True,0.671878457069397,0.888125,2,True,TP
2018-05-03,231.16126305069108,232.13080372140743,228.3318849297842,231.4785614013672,136311500,6361,True,0.0,1.0,0.0,2018-05-03,True,True,0.7901801466941833,0.963125,2,True,TP
2018-05-04,230.50899674677927,235.15409832989712,230.18287558263515,234.4753875732422,91222100,6362,False,0.012946452378709505,0.0,1.0,2018-05-03,False,False,,,-1,False,TN
2018-05-07,235.2422504865093,236.23823271919028,234.55471690649136,235.26869201660156,55304900,6363,False,0.016373570806250903,0.0,2.0,2018-05-03,False,False,,,-1,False,TN
2018-05-08,234.89848369650036,235.63005062825889,233.70856104472983,235.26869201660156,67499200,6364,False,0.016373570806250903,0.0,3.0,2018-05-03,False,False,,,-1,False,TN
2018-05-09,235.9386244543892,237.86893743150807,235.4185896060483,237.54281616210935,59666100,6365,False,0.026197911046402123,0.0,4.0,2018-05-03,False,False,,,-1,False,TN
2018-05-10,238.28322750476428,240.09015576583604,238.1774613429104,239.76400756835935,72063900,6366,False,0.035793578968316586,0.0,5.0,2018-05-03,False,False,,,-1,False,TN
2018-05-11,239.88731658829252,240.75991394858536,239.37607782658708,240.49549865722656,59871500,6367,False,0.03895366033584713,0.0,6.0,2018-05-03,False,False,,,-1,False,TN
2018-05-14,240.9273905187562,241.57963284906248,240.06358905252705,240.6100921630859,54790600,6368,False,0.03944871052609189,0.0,7.0,2018-05-03,False,False,,,-1,False,TN
2018-05-15,239.3849054726918,239.40252419286875,238.00989213222624,238.95301818847656,87036100,6369,False,,0.0,,,False,False,,,-1,False,TN
2018-05-16,238.98826881675424,240.4161651346409,238.9618003897932,239.9578094482422,53942600,6370,False,,0.0,,,False,False,,,-1,False,TN
2018-05-17,239.69339057117915,240.8304300623248,238.97944242294545,239.75509643554688,56536400,6371,False,0.011114310765047986,0.0,7.0,2018-05-29,False,False,,,-1,False,TN
2018-05-18,239.41135059102103,239.77273610113608,238.8031685006823,239.15573120117188,64368000,6372,False,0.008586619905243786,0.0,6.0,2018-05-29,False,False,,,-1,False,TN
2018-05-21,240.6365590327919,241.4915377795711,240.2487319580376,240.953857421875,58025900,6373,False,0.016169821185820332,0.0,5.0,2018-05-29,False,False,,,-1,False,TN
2018-05-22,241.4739194733169,241.7295389148678,239.9578753456466,240.28399658203125,52966400,6374,False,0.013344830637312066,0.0,4.0,2018-05-29,False,False,,,-1,False,TN
2018-05-23,239.0147672879168,240.97152153385284,238.85609118238685,240.9450531005859,64694200,6375,False,0.016132690900023228,0.0,3.0,2018-05-29,False,False,,,-1,False,TN
2018-05-24,240.54844728325048,240.82168545840236,238.6710175064342,240.45147705078125,76043800,6376,False,0.014051142625021162,0.0,2.0,2018-05-29,False,False,,,-1,False,TN
2018-05-25,239.87844848632812,240.50424915692255,239.37603262880123,239.87844848632812,56374800,6377,False,0.011634520869698184,0.0,1.0,2018-05-29,False,False,,,-1,False,TN
2018-05-29,238.2567143785564,239.01474980878663,236.0091034180093,237.1196746826172,115908600,6378,True,0.0,1.0,0.0,2018-05-29,True,False,,,-1,False,FN
2018-05-30,238.4242124939717,240.72470677148405,238.35371069913796,240.28399658203125,69678400,6379,False,0.013344830637312066,0.0,1.0,2018-05-29,False,False,,,-1,False,TN
2018-05-31,239.8784920671197,240.17817169479065,238.21262194583,238.81198120117188,93519900,6380,True,0.007136929994610686,0.10788375067366429,2.0,2018-05-29,False,False,,,-1,False,FN
2018-06-01,240.10772382917452,241.45629590589624,240.03719513694023,241.1566162109375,71258400,6381,False,0.0170249117190453,0.0,3.0,2018-05-29,False,False,,,-1,False,TN
2018-06-04,241.97627752345397,242.55801806189865,241.7383037617848,242.30239868164065,45385200,6382,False,0.021856996919215943,0.0,4.0,2018-05-29,False,False,,,-1,False,TN
2018-06-05,242.43464209387943,242.8577335202975,241.66781073878215,242.47872924804688,51135000,6383,False,0.022600632244467844,0.0,5.0,2018-05-29,False,False,,,-1,False,TN
2018-06-06,243.0869228694796,244.61176284099088,242.46991787253975,244.50599670410156,62732200,6384,False,0.0311501862144965,0.0,6.0,2018-05-29,False,False,,,-1,False,TN
2018-06-07,244.99073091584611,245.28158771736173,243.57163054799625,244.4794921875,72969400,6385,False,0.031038409253613786,0.0,7.0,2018-05-29,False,False,,,-1,False,TN
2018-06-08,244.02115556466143,245.25513830214365,243.85368359684531,245.20225524902344,72139700,6386,False,,0.0,,,False,False,,,-1,False,TN
2018-06-11,245.4226457437063,246.24236008435872,245.30805681244755,245.5284118652344,58892500,6387,False,,0.0,,,False,False,,,-1,False,TN
2018-06-12,245.94275327703076,246.20716865915816,245.2023633082559,245.84580993652344,72329000,6388,False,,0.0,,,False,False,,,-1,False,TN
2018-06-13,246.0836687594085,246.33928810853232,244.8584819643025,245.06121826171875,79070600,6389,False,,0.0,,,False,False,,,-1,False,TN
2018-06-14,245.9250802932143,246.2071143389862,245.08772026985903,245.67828369140625,77097600,6390,False,,0.0,,,False,False,,,-1,False,TN
2018-06-15,244.8955426445467,245.70123980912817,243.7888202239004,245.3647918701172,120041600,6391,False,,0.0,,,False,False,,,-1,False,TN
2018-06-18,243.91282259238105,244.98414962861307,243.43473783628795,244.8601837158203,52917600,6392,False,0.02676833794021305,0.0,7.0,2018-06-27,False,False,,,-1,False,TN
2018-06-19,242.59356390369783,244.14297535198787,242.177435176802,243.921630859375,97531500,6393,False,0.02283271908271911,0.0,6.0,2018-06-27,False,False,,,-1,False,TN
2018-06-20,244.603401698487,245.0018326574148,244.00135106598808,244.3377990722656,53785500,6394,False,0.02457783067158048,0.0,5.0,2018-06-27,False,False,,,-1,False,TN
2018-06-21,244.32889671943892,244.3466215713545,242.3102360312357,242.80604553222656,71061400,6395,False,0.018154752764127702,0.0,4.0,2018-06-27,False,False,,,-1,False,TN
2018-06-22,244.06335437668065,244.17845786417627,243.027450008818,243.2487945556641,54898500,6396,False,0.020011325245700373,0.0,3.0,2018-06-27,False,False,,,-1,False,TN
2018-06-25,242.0977634550983,242.25712501103695,238.25522616199763,239.93743896484375,137854200,6397,True,0.006125870188370186,0.23426622645372674,2.0,2018-06-27,False,False,,,-1,False,FN
2018-06-26,240.5041116530932,241.31864434566987,239.7515348904601,240.46868896484375,68547400,6398,False,0.008353552416052512,0.0,1.0,2018-06-27,False,True,0.7030633687973022,0.92125,2,True,FP
2018-06-27,241.0530156445214,242.4784612120571,238.3260363559265,238.4765625,105110700,6399,True,0.0,1.0,0.0,2018-06-27,True,True,0.6225042939186096,0.84625,2,True,TP
2018-06-28,238.42343201237463,240.6014541700107,237.7151134516379,239.8400421142578,76650500,6400,True,0.005717457514332613,0.2853178107084233,1.0,2018-06-27,False,True,0.4822414815425873,0.698125,2,True,TP
2018-06-29,240.92906280620025,242.2925525243365,240.0702450448511,240.1853485107422,97592500,6401,True,0.007165425368550471,0.10432182893119113,2.0,2018-06-27,False,True,0.510206401348114,0.726875,2,True,TP
2018-07-02,238.61832659509105,240.8583327289205,238.37925714920695,240.69894409179688,63554800,6402,False,0.009319077600327574,0.0,3.0,2018-06-27,False,True,0.09349434077739716,0.263125,2,False,TN
2018-07-03,241.59311867340935,241.69052431494143,239.42395853253888,239.8489227294922,42187100,6403,True,0.005754696457821451,0.2806629427723186,4.0,2018-06-27,False,True,0.2368728071451187,0.408125,2,False,FN
2018-07-05,240.9733420481375,241.8675554544419,239.90201521447784,241.8055725097656,56925900,6404,False,0.013959485053234966,0.0,5.0,2018-06-27,False,False,,,-1,False,TN
2018-07-06,241.8322146382673,244.22271956770297,241.4514814771822,243.8508758544922,66493700,6405,False,0.022536023239148273,0.0,6.0,2018-06-27,False,False,,,-1,False,TN
2018-07-09,244.8513343486122,246.0997208730852,244.80707624573824,246.04660034179688,50550400,6406,False,0.03174332002457003,0.0,7.0,2018-06-27,False,False,,,-1,False,TN
2018-07-10,246.4981344115885,247.0293667064297,246.20594449060724,246.9319610595703,51966800,6407,False,,0.0,,,False,False,,,-1,False,TN
2018-07-11,245.38256069839704,246.17056025929276,244.82476811387056,245.12579345703125,77054700,6408,False,,0.0,,,False,False,,,-1,False,TN
2018-07-12,246.3829637811254,247.4011429739848,245.7809132868629,247.3480224609375,60124700,6409,False,,0.0,,,False,False,,,-1,False,TN
2018-07-13,247.170987792406,247.8438566981135,246.7194363667872,247.54283142089844,48216000,6410,False,,0.0,,,False,False,,,-1,False,TN
2018-07-16,247.58717813938293,247.72881487718087,246.8788593523983,247.3215484619141,48201000,6411,False,,0.0,,,False,False,,,-1,False,TN
2018-07-17,246.55123480830568,248.71155948323252,246.4981142851185,248.32199096679688,52315500,6412,False,,0.0,,,False,False,,,-1,False,TN
2018-07-18,248.4016713127218,248.95060139774912,247.9589822738811,248.8443603515625,44593500,6413,False,,0.0,,,False,False,,,-1,False,TN
2018-07-19,248.18027247756257,248.56097848294303,247.42769587232033,247.9058074951172,61412100,6414,False,,0.0,,,False,False,,,-1,False,TN
2018-07-20,247.70217833141697,248.3308161274514,247.46313601294727,247.62249755859375,82337700,6415,False,,0.0,,,False,False,,,-1,False,TN
2018-07-23,247.41894365871448,248.28659698414955,247.07363319847968,248.08297729492188,47047600,6416,False,,0.0,,,False,False,,,-1,False,TN
2018-07-24,249.49070268000807,250.17243409081593,248.4636608403578,249.3313140869141,68026900,6417,False,,0.0,,,False,False,,,-1,False,TN
2018-07-25,249.08332842357433,251.77488454253336,249.0390703407268,251.45616149902344,78882900,6418,False,,0.0,,,False,False,,,-1,False,TN
2018-07-26,250.73908296962176,251.5447532448757,250.6416773306691,250.8630218505859,57919500,6419,False,,0.0,,,False,False,,,-1,False,TN
2018-07-27,251.190551315426,251.28795693262387,248.2422548572351,249.16305541992188,76768700,6420,False,,0.0,,,False,False,,,-1,False,TN
2018-07-30,249.24282110559668,249.4021826939374,247.3392363952235,247.86163330078125,63742500,6421,False,,0.0,,,False,False,,,-1,False,TN
2018-07-31,248.62306335604032,249.6943634693256,248.24235719456868,249.0834503173828,68570500,6422,False,,0.0,,,False,False,,,-1,False,TN
2018-08-01,249.28701169662585,249.79168360929737,248.0209277216841,248.667236328125,53853300,6423,False,,0.0,,,False,False,,,-1,False,TN
2018-08-02,247.36582285557148,250.19015439375065,247.1621761469714,250.02195739746097,63426400,6424,False,,0.0,,,False,False,,,-1,False,TN
2018-08-03,250.14590056459343,251.14638224892715,249.96881411760404,251.09326171875,53935400,6425,False,,0.0,,,False,False,,,-1,False,TN
2018-08-06,251.1287055918828,252.3239446412719,250.73913699132908,252.0140838623047,39400900,6426,False,0.010149695594147135,0.0,7.0,2018-08-15,False,False,,,-1,False,TN
2018-08-07,252.67808596667044,253.22701610254995,252.54525762703747,252.8462829589844,43196600,6427,False,0.013485404659693057,0.0,6.0,2018-08-15,False,False,,,-1,False,TN
2018-08-08,252.6780648208527,253.13845169831436,252.2796338744915,252.74002075195312,42114600,6428,False,0.01305947316237055,0.0,5.0,2018-08-15,False,False,,,-1,False,TN
2018-08-09,252.80195010543775,253.1915185420791,252.26188255712407,252.39468383789065,35717000,6429,False,0.011675256957976998,0.0,4.0,2018-08-15,False,False,,,-1,False,TN
2018-08-10,250.9604568137881,251.5005245360856,249.99537081693893,250.7036895751953,77076000,6430,True,0.004897233628747166,0.3878457964066042,3.0,2018-08-15,False,False,,,-1,False,FN
2018-08-13,250.97816157511463,251.5890746998923,249.47300781443937,249.76519775390625,65732900,6431,True,0.0011354707420716537,0.8580661572410433,2.0,2018-08-15,False,False,,,-1,False,FN
2018-08-14,250.49118768395763,251.59791032549649,250.1016191525683,251.3588409423828,43842000,6432,True,0.007523281125736192,0.059589859282976,1.0,2018-08-15,False,False,,,-1,False,FN
2018-08-15,250.01315076581565,250.15481454868385,248.0476096853759,249.48191833496097,102925400,6433,True,0.0,1.0,0.0,2018-08-15,True,False,,,-1,False,FN
2018-08-16,250.916105075603,252.36813787982095,250.88068239219527,251.50045776367188,69967900,6434,False,0.008090924753916484,0.0,1.0,2018-08-15,False,False,,,-1,False,TN
2018-08-17,251.2968547244236,252.82856856746483,250.88958836311608,252.38587951660156,65618500,6435,False,0.011639966539545687,0.0,2.0,2018-08-15,False,False,,,-1,False,TN
2018-08-20,252.83737538448443,253.19152114336345,252.38582400564977,252.92591857910156,39807500,6436,False,0.013804608635069826,0.0,3.0,2018-08-15,False,False,,,-1,False,TN
2018-08-21,253.43953001341072,254.3780288188792,252.9614181816964,253.5192108154297,67272000,6437,False,0.016182705774484774,0.0,4.0,2018-08-15,False,False,,,-1,False,TN
2018-08-22,253.11193086980177,253.89106802965603,252.8463011909792,253.3686981201172,44993300,6438,False,0.015579404756451032,0.0,5.0,2018-08-15,False,False,,,-1,False,TN
2018-08-23,253.19160341162672,254.0504213412442,252.71349162101544,253.03224182128903,49204900,6439,False,0.014230784780006722,0.0,6.0,2018-08-15,False,False,,,-1,False,TN
2018-08-24,253.6077079076312,254.69673270963204,253.5545873826161,254.55506896972656,57487400,6440,False,0.020334742768629344,0.0,7.0,2018-08-15,False,False,,,-1,False,TN
2018-08-27,255.75032058083627,256.6711214264323,255.5909589978284,256.56488037109375,57072400,6441,False,,0.0,,,False,False,,,-1,False,TN
2018-08-28,257.0252637708789,257.1315318443619,256.2284288471343,256.6888427734375,46943500,6442,False,0.008066818862203062,0.0,7.0,2018-09-07,False,False,,,-1,False,TN
2018-08-29,256.90130179728936,258.3001872470909,256.66225944752415,258.07000732421875,61485500,6443,False,0.013490919652825228,0.0,6.0,2018-09-07,False,False,,,-1,False,TN
2018-08-30,257.59186237570543,257.9637059829279,256.432019425289,257.02520751953125,61229500,6444,False,0.009387788390556873,0.0,5.0,2018-09-07,False,False,,,-1,False,TN
2018-08-31,256.617989857108,257.4768077102713,256.13104270122597,257.03411865234375,66140800,6445,False,0.009422784135637574,0.0,4.0,2018-09-07,False,False,,,-1,False,TN
2018-09-04,256.61802144760213,256.94560706766003,255.59097946442648,256.5914611816406,57594400,6446,True,0.007684382483598817,0.03945218955014784,3.0,2018-09-07,False,False,,,-1,False,FN
2018-09-05,256.23737280670923,256.4410195711874,254.89160732994617,255.9009246826172,72452400,6447,True,0.004972511860950712,0.37843601738116095,2.0,2018-09-07,False,False,,,-1,False,FN
2018-09-06,256.0071311087581,256.3081564896613,254.1035731597395,255.130615234375,65909900,6448,True,0.001947357410765349,0.7565803236543314,1.0,2018-09-07,False,False,,,-1,False,FN
2018-09-07,254.08582026001167,255.608671693143,253.84675087727635,254.63475036621097,73524800,6449,True,0.0,1.0,0.0,2018-09-07,True,False,,,-1,False,FN
2018-09-10,255.6440510008171,255.90968062912165,254.882638842784,255.07742309570312,50210900,6450,True,0.0017384615762596756,0.7826923029675406,1.0,2018-09-07,False,False,,,-1,False,FN
2018-09-11,254.43111974684635,256.36123766786574,254.0858363116095,255.9185485839844,50530500,6451,True,0.00504172433623884,0.36978445797014503,2.0,2018-09-07,False,False,,,-1,False,FN
2018-09-12,255.9274702795129,256.58264162911047,255.1926181187159,255.9805908203125,59810800,6452,True,0.005285376218940874,0.3393279726323908,3.0,2018-09-07,False,False,,,-1,False,FN
2018-09-13,257.0430128319784,257.6804862349242,256.75968531520266,257.4945373535156,51034200,6453,False,0.011230937580953837,0.0,4.0,2018-09-07,False,False,,,-1,False,TN
2018-09-14,257.69814941620206,257.8840712530081,256.75965078524433,257.5387878417969,55079900,6454,False,0.011404717821936527,0.0,5.0,2018-09-07,False,False,,,-1,False,TN
2018-09-17,257.4857542882548,257.52114997034784,255.9009193774372,256.1753845214844,68244000,6455,True,0.006050368824591645,0.24370389692604433,6.0,2018-09-07,False,False,,,-1,False,FN
2018-09-18,256.38770941207565,258.1584651362326,256.3611491569968,257.5652770996094,61930400,6456,False,0.011508746269642156,0.0,7.0,2018-09-07,False,False,,,-1,False,TN
2018-09-19,257.61843821443676,258.25591145639254,257.4944723248046,257.83978271484375,49080600,6457,False,,0.0,,,False,False,,,-1,False,TN
2018-09-20,259.0970906351815,260.2480714927518,257.8575395336768,259.9293212890625,100360600,6458,False,,0.0,,,False,False,,,-1,False,TN
2018-09-21,260.6701942475922,260.78581879458903,259.5317810140974,259.6918640136719,105479700,6459,False,,0.0,,,False,False,,,-1,False,TN
2018-09-24,259.1137115939335,259.25601660965026,258.2510060962114,258.8291015625,53409600,6460,False,,0.0,,,False,False,,,-1,False,TN
2018-09-25,259.2827704772097,259.38949248372154,258.3489257783172,258.58905029296875,44370000,6461,False,,0.0,,,False,False,,,-1,False,TN
2018-09-26,258.73137442985745,259.9142462784833,257.3972949662459,257.8153076171875,79739700,6462,False,,0.0,,,False,False,,,-1,False,TN
2018-09-27,258.2865565354975,259.62063535481394,258.01084908419097,258.53558349609375,59249500,6463,False,,0.0,,,False,False,,,-1,False,TN
2018-09-28,257.9130552985251,259.060370917637,257.877499398238,258.56231689453125,70091400,6464,False,,0.0,,,False,False,,,-1,False,TN
2018-10-01,259.79851514867977,260.5278181370274,258.79353183087005,259.4605712890625,62078900,6465,False,,0.0,,,False,False,,,-1,False,TN
2018-10-02,259.30938720703125,260.0208851700745,258.93586027610115,259.30938720703125,47258200,6466,False,0.07124223213696457,0.0,7.0,2018-10-11,False,False,,,-1,False,TN
2018-10-03,260.3589465154056,260.77695917771814,259.09603312163875,259.4517822265625,64694600,6467,False,0.07183048526659785,0.0,6.0,2018-10-11,False,False,,,-1,False,TN
2018-10-04,258.971473535749,259.02483453770105,255.8408438062701,257.4239501953125,111545900,6468,False,0.06345323624004906,0.0,5.0,2018-10-11,False,False,,,-1,False,TN
2018-10-05,257.64616400283495,258.1619958032355,254.559994317776,255.98301696777344,105951700,6469,False,0.05750054573526264,0.0,4.0,2018-10-11,False,True,0.871791660785675,0.9925,2,True,FP
2018-10-08,255.2981725590543,256.3387658447979,253.91963548237217,255.98301696777344,87742200,6470,False,0.05750054573526264,0.0,3.0,2018-10-11,False,True,0.911761999130249,0.99875,2,True,FP
2018-10-09,255.60054537669004,256.90791617684164,255.04910349521933,255.6094207763672,74339000,6471,False,0.05595716922155258,0.0,2.0,2018-10-11,False,True,0.8846995830535889,0.995,2,True,FP
2018-10-10,255.10251188002732,255.17367794204335,247.14252541715967,247.51605224609375,214731000,6472,False,0.02252236663588625,0.0,1.0,2018-10-11,False,True,0.5013124942779541,0.71875,2,True,FP
2018-10-11,246.43105499541065,248.0497439904371,240.4543801338489,242.0641937255859,274840500,6473,True,0.0,1.0,0.0,2018-10-11,True,True,0.6178814172744751,0.8425,2,True,TP
2018-10-12,246.155331736026,246.4399417449787,242.24203910959136,245.42605590820312,183186500,6474,False,0.013888308431226903,0.0,1.0,2018-10-11,False,True,0.6073997020721436,0.83375,2,True,FP
2018-10-15,245.070396289329,246.3956003987004,243.9586633590709,244.047607421875,102263700,6475,False,0.008193750863201066,0.0,2.0,2018-10-11,False,True,0.696382462978363,0.915625,2,True,FP
2018-10-16,246.00423902412305,249.7574500366761,245.5328654033436,249.38389587402344,118255800,6476,False,0.030238681879301232,0.0,3.0,2018-10-11,False,True,0.036851733922958374,0.1125,2,False,TN
2018-10-17,249.41939640534216,250.0508528260985,246.8579605429045,249.4282989501953,110626000,6477,False,0.030422117006522864,0.0,4.0,2018-10-11,False,True,0.029944639652967453,0.079375,2,False,TN
2018-10-18,248.49451374033328,249.0904144724787,244.55453915232613,245.82635498046875,134557500,6478,False,0.01554199816577495,0.0,5.0,2018-10-11,False,True,0.31944599747657776,0.49625,2,False,TN
2018-10-19,246.4755810023096,248.40553369282395,244.99919677874857,245.6929168701172,139901600,6479,False,0.014990747242216829,0.0,6.0,2018-10-11,False,True,0.49725520610809326,0.71375,2,True,FP
2018-10-22,246.3598653857592,246.68003124406889,244.05635943214065,244.58999633789065,82415800,6480,False,0.01043443300485869,0.0,7.0,2018-10-11,False,True,0.7453902959823608,0.948125,2,True,FP
2018-10-23,240.97910616405136,244.46548348573245,238.89791939665656,243.3448486328125,146352700,6481,False,0.03695126659719783,0.0,4.0,2018-10-29,False,True,0.7739317417144775,0.9575,2,True,FP
2018-10-24,243.09580935271808,243.4782658754769,235.4204326795656,235.9718475341797,177806700,6482,True,0.005533125342906509,0.3083593321366864,3.0,2018-10-29,False,True,0.5687507390975952,0.796875,2,True,TP
2018-10-25,237.8040571423669,241.7440310079275,236.78126856701027,240.20538330078125,138061500,6483,False,0.02357324536199168,0.0,2.0,2018-10-29,False,True,0.10878119617700577,0.280625,2,False,TN
2018-10-26,236.50552025457665,241.0235888710497,233.27704496131128,235.9807586669922,201574600,6484,True,0.005571097835476824,0.30361277056539704,1.0,2018-10-29,False,True,0.32449159026145935,0.50125,2,True,TP
2018-10-29,239.06693924966632,240.35655977032127,231.1069510576799,234.67337036132812,160749100,6485,True,0.0,1.0,0.0,2018-10-29,True,True,0.3065382242202759,0.48,2,False,FN
2018-10-30,234.5044631035441,238.46221527012415,234.0152844254869,238.1509246826172,157116000,6486,False,0.01481870020418019,0.0,1.0,2018-10-29,False,True,0.041741613298654556,0.13625,2,False,TN
2018-10-31,240.71234277026565,243.0069741099624,240.24096922248452,240.6945648193359,128296300,6487,False,0.02565776614848514,0.0,2.0,2018-10-29,False,True,0.04343734681606293,0.141875,2,False,TN
2018-11-01,241.55722056865167,243.4516169152178,240.47216866386236,243.2559509277344,99495000,6488,False,0.03657245197097403,0.0,3.0,2018-10-29,False,True,0.03417029231786728,0.09875,2,False,TN
2018-11-02,244.35886287316657,244.78577802798284,239.7696267410668,241.8152313232422,122634100,6489,False,0.030433197217552665,0.0,4.0,2018-10-29,False,True,0.06561721861362457,0.215,2,False,TN
2018-11-05,242.3043642949538,243.7007070611563,241.3349366508133,243.1492919921875,65622500,6490,False,0.036117952445174906,0.0,5.0,2018-10-29,False,True,0.03831067681312561,0.119375,2,False,TN
2018-11-06,243.0869671464693,244.84793390433543,243.0247036177618,244.68785095214844,60085900,6491,False,0.04267412436017315,0.0,6.0,2018-10-29,False,False,,,-1,False,TN
2018-11-07,246.85798369028103,250.0064178282418,246.43106862587547,249.92637634277344,102752100,6492,False,0.06499674828021673,0.0,7.0,2018-10-29,False,False,,,-1,False,TN
2018-11-08,249.12590474479975,250.1131373396452,248.33436530171073,249.4727783203125,65584900,6493,False,,0.0,,,False,False,,,-1,False,TN
2018-11-09,248.16533791916257,248.3521013519031,245.6305827643591,247.03582763671875,98812600,6494,False,,0.0,,,False,False,,,-1,False,TN
2018-11-12,246.52889591785225,246.7690203554735,241.90407807858057,242.41993713378903,99673600,6495,False,,0.0,,,False,False,,,-1,False,TN
2018-11-13,242.88242086967105,244.87463683563516,241.2459538773567,241.9663543701172,98176600,6496,False,0.033466440754228444,0.0,7.0,2018-11-23,False,True,0.6540356278419495,0.869375,2,True,FP
2018-11-14,243.83406416161853,244.23427156850525,238.75567780247712,240.3121032714844,125335900,6497,False,0.02640094191878828,0.0,6.0,2018-11-23,False,True,0.5624226331710815,0.791875,2,True,FP
2018-11-15,239.04920193961252,243.28268858618313,237.47499826716003,242.8201904296875,135101400,6498,False,0.03711327386773644,0.0,5.0,2018-11-23,False,True,0.07966037839651108,0.246875,2,False,TN
2018-11-16,241.72621869757145,244.3587935506492,241.21035963910745,243.45162963867188,126668000,6499,False,0.039810224167130315,0.0,4.0,2018-11-23,False,True,0.04254972189664841,0.139375,2,False,TN
2018-11-19,242.84684454276717,243.1403571320243,238.41771948586543,239.3337860107422,103061700,6500,False,0.022222435117627004,0.0,3.0,2018-11-23,False,True,0.37612342834472656,0.573125,2,True,FP
2018-11-20,236.00747788431897,237.4660840881077,234.0419422412269,234.90464782714844,136021300,6501,True,0.00330507081661513,0.5868661479231088,2.0,2018-11-23,False,True,0.6218389272689819,0.845625,2,True,TP
2018-11-21,236.45209791161415,237.59941320378695,235.6961416882554,235.70501708984375,75563700,6502,True,0.006723541022359392,0.15955737220507604,1.0,2018-11-23,False,True,0.5719565749168396,0.8,2,True,TP
2018-11-23,234.0685653328429,235.5271711789093,233.9707459158495,234.13082885742188,42807900,6503,True,0.0,1.0,0.0,2018-11-23,True,True,0.5067813396453857,0.723125,2,True,TP
2018-11-26,236.38097603926,238.13306729325623,235.98964408412053,237.9107208251953,79981400,6504,False,0.01614435820442628,0.0,1.0,2018-11-23,False,True,0.030688615515828133,0.080625,2,False,TN
2018-11-27,236.87909419467337,238.7112274169922,236.27431815159747,238.7112274169922,75502400,6505,False,0.019563414958734926,0.0,2.0,2018-11-23,False,True,0.035273630172014236,0.105625,2,False,TN
2018-11-28,239.7784559360089,244.20758056640625,238.64891841628503,244.20758056640625,127629600,6506,False,0.04303897849830274,0.0,3.0,2018-11-23,False,False,,,-1,False,TN
2018-11-29,243.43387485858383,245.07034211312993,242.2954616753383,243.6740264892578,82346400,6507,False,0.04076010698124444,0.0,4.0,2018-11-23,False,False,,,-1,False,TN
2018-11-30,243.52274345751525,245.71952764718063,243.20257757168687,245.15921020507812,98204200,6508,False,0.04710349936177005,0.0,5.0,2018-11-23,False,False,,,-1,False,TN
2018-12-03,249.27715631925628,249.3838783176685,246.8135663828676,248.40554809570312,103176300,6509,False,0.06096898604913781,0.0,6.0,2018-11-23,False,False,,,-1,False,TN
2018-12-04,247.57842453840732,248.00533967236856,240.0453225703691,240.3566131591797,177986000,6510,False,0.026591048825736374,0.0,7.0,2018-11-23,False,False,,,-1,False,TN
2018-12-06,236.50548984099865,240.1074915650488,233.41041740788427,239.9918670654297,204185400,6511,False,,0.0,,,False,True,0.7295441627502441,0.9375,2,True,FP
2018-12-07,239.65398235031736,241.21931064647663,233.57948693968595,234.41551208496097,161018900,6512,False,,0.0,,,False,True,0.3330744206905365,0.510625,2,True,FP
2018-12-10,234.2375721794817,235.82958062203977,230.0129889373494,234.8601531982422,151445900,6513,False,,0.0,,,False,True,0.17363044619560242,0.334375,2,False,TN
2018-12-11,238.05307539835013,238.2398388706836,233.44606213473483,234.91354370117188,121504400,6514,False,,0.0,,,False,True,0.4195895195007324,0.6225,2,True,FP
2018-12-12,237.88407961308872,239.24483913662817,236.01636354460717,236.09640502929688,97976700,6515,False,,0.0,,,False,True,0.10819905996322632,0.28,2,False,TN
2018-12-13,237.03919186366127,237.90189753280507,234.90467048758845,236.0164031982422,96662700,6516,False,0.1258400635344279,0.0,7.0,2018-12-24,False,True,0.10638827085494995,0.278125,2,False,TN
2018-12-14,233.87291800694808,234.82456747202116,231.10694077556747,231.65835571289065,116961100,6517,False,0.10505140481703767,0.0,6.0,2018-12-24,False,True,0.6128802299499512,0.8375,2,True,FP
2018-12-17,230.70674603004963,231.8184786411639,225.48605403096255,227.11363220214844,165492300,6518,False,0.08337226838098788,0.0,5.0,2018-12-24,False,True,0.3875153064727783,0.58875,2,True,FP
2018-12-18,228.75014730233016,229.41718696925932,225.2637413674053,226.86463928222656,134515100,6519,False,0.08218452803334353,0.0,4.0,2018-12-24,False,True,0.4239952266216278,0.6275,2,True,FP
2018-12-19,226.9446507542669,230.70675017805107,221.7684306807493,223.46714782714844,214992800,6520,False,0.06597789178344704,0.0,3.0,2018-12-24,False,True,0.38556766510009766,0.588125,2,True,FP
2018-12-20,222.22205636604153,223.78737133260933,217.58834787805523,219.82960510253903,252053400,6521,False,0.04862616844266032,0.0,2.0,2018-12-24,False,True,0.3573421835899353,0.539375,2,True,FP
2018-12-21,220.72861735508985,223.38552036390047,214.68124937399995,215.32534790039065,255345600,6522,False,0.027140063468919617,0.0,1.0,2018-12-24,False,True,0.37118473649024963,0.5625,2,True,FP
2018-12-24,213.84034063943145,215.45058694361015,209.57320499611265,209.6358184814453,147311600,6523,True,0.0,1.0,0.0,2018-12-24,True,True,0.36701688170433044,0.5525,2,True,TP
2018-12-26,211.0940084996387,220.2276611328125,209.116981023146,220.2276611328125,218485400,6524,False,0.05052496623951064,0.0,1.0,2018-12-24,False,True,0.06965698301792145,0.229375,2,False,TN
2018-12-27,216.99822249418895,222.1152062471228,213.7687889616163,221.9184112548828,186267300,6525,False,0.05859014390961348,0.0,2.0,2018-12-24,False,True,0.029244374483823776,0.071875,2,False,TN
2018-12-28,223.26920838177475,224.89733637571825,220.46916948727355,221.6321258544922,153100200,6526,False,0.057224511822194346,0.0,3.0,2018-12-24,False,True,0.059231407940387726,0.2,2,False,TN
2018-12-31,223.25131500932957,223.81490460672552,221.3816466515663,223.5733642578125,144299400,6527,False,0.0664845629784434,0.0,4.0,2018-12-24,False,True,0.035207781940698624,0.105,2,False,TN
2019-01-02,220.04873678437625,224.7273989963419,220.02190048222155,223.80596923828125,126925200,6528,False,0.0675941299510805,0.0,5.0,2018-12-24,False,True,0.02932840771973133,0.071875,2,False,TN
2019-01-03,222.06153288497993,222.3657003814828,217.9822513104657,218.46533203125,144140700,6529,False,0.04211834415398896,0.0,6.0,2018-12-24,False,True,0.32701584696769714,0.50125,2,True,FP
2019-01-04,221.48897390263343,226.42705742914632,221.11325208488387,225.782958984375,142628800,6530,False,0.07702472134721994,0.0,7.0,2018-12-24,False,True,0.02312963642179966,0.0375,2,False,TN
2019-01-07,226.05137509532184,228.96770037116784,225.15679528246304,227.5632171630859,103139100,6531,False,,0.0,,,False,False,,,-1,False,TN
2019-01-08,229.74599353972656,230.1843289108456,227.2232719214142,229.7012481689453,102512600,6532,False,,0.0,,,False,False,,,-1,False,TN
2019-01-09,230.4079687655328,231.61565694335764,229.18239882003667,230.77474975585935,95006600,6533,False,,0.0,,,False,False,,,-1,False,TN
2019-01-10,229.2449965104731,231.8392721108213,228.56510722057575,231.5887908935547,96823900,6534,False,,0.0,,,False,False,,,-1,False,TN
2019-01-11,230.51531358491872,231.7051199930724,229.9338421818793,231.67828369140625,73858100,6535,False,,0.0,,,False,False,,,-1,False,TN
2019-01-14,229.7817660410097,231.06996320273117,229.3792214907282,230.2648468017578,70908200,6536,False,,0.0,,,False,False,,,-1,False,TN
2019-01-15,230.64055347725397,233.2169474781809,230.6315989437874,232.90383911132812,85208300,6537,False,,0.0,,,False,False,,,-1,False,TN
2019-01-16,233.3332441885954,234.3530782952415,233.1275083007143,233.4674530029297,77636700,6538,False,,0.0,,,False,False,,,-1,False,TN
2019-01-17,232.59965398203775,236.09746354596547,232.55490862113237,235.2386474609375,96118400,6539,False,,0.0,,,False,False,,,-1,False,TN
2019-01-18,237.0458053793808,238.83496528240164,235.27452724724128,238.36976623535156,127900300,6540,False,,0.0,,,False,False,,,-1,False,TN
2019-01-22,236.9025962600359,237.11728664606431,233.53896794342953,235.14920043945312,115531200,6541,False,,0.0,,,False,False,,,-1,False,TN
2019-01-23,236.17803449701725,236.8758056867079,233.181186544988,235.6412811279297,86030300,6542,False,,0.0,,,False,False,,,-1,False,TN
2019-01-24,235.46232565671977,236.34797816335373,234.4514461827318,235.7664794921875,59204100,6543,False,,0.0,,,False,False,,,-1,False,TN
2019-01-25,237.60930774993875,238.5844236749442,235.86489366572147,237.7613983154297,96883400,6544,False,,0.0,,,False,False,,,-1,False,TN
2019-01-28,235.6234013009434,236.01699132108016,234.19206807171744,235.9543914794922,85613700,6545,False,,0.0,,,False,False,,,-1,False,TN
2019-01-29,236.09752558671568,236.66108795882667,234.80932842106972,235.6412811279297,66136300,6546,False,,0.0,,,False,False,,,-1,False,TN
2019-01-30,237.1531329417456,240.2125808598044,236.39273457951535,239.3716735839844,92473700,6547,False,,0.0,,,False,False,,,-1,False,TN
2019-01-31,239.30903974505677,241.95698818402897,239.0943220389077,241.47390747070312,104012100,6548,False,,0.0,,,False,False,,,-1,False,TN
2019-02-01,241.67073412788216,242.6100593238502,240.80299060610332,241.59022521972656,85782500,6549,False,,0.0,,,False,False,,,-1,False,TN
2019-02-04,241.6349995069127,243.35260518172703,240.96406448244736,243.28997802734375,60744800,6550,False,,0.0,,,False,False,,,-1,False,TN
2019-02-05,243.71929701903028,244.61387672404788,243.21833456825289,244.30972290039065,79552800,6551,False,,0.0,,,False,False,,,-1,False,TN
2019-02-06,244.032462050691,244.52447008255368,243.25418189464057,243.9877166748047,58347800,6552,False,,0.0,,,False,False,,,-1,False,TN
2019-02-07,242.3774265227204,242.9231070364727,240.00679577368695,241.66177368164065,95482000,6553,False,,0.0,,,False,False,,,-1,False,TN
2019-02-08,240.4182768919302,242.05534561170495,239.59525161560148,241.9569549560547,75788900,6554,False,,0.0,,,False,False,,,-1,False,TN
2019-02-11,242.6100733987666,242.8694819066253,241.56340293120223,242.09120178222656,68021400,6555,False,,0.0,,,False,False,,,-1,False,TN
2019-02-12,243.70142775610952,245.5800233927025,243.62984608780823,245.20431518554688,72270200,6556,False,,0.0,,,False,False,,,-1,False,TN
2019-02-13,246.0361722899831,246.84128829317612,245.61571887825835,246.00038146972656,65277200,6557,False,,0.0,,,False,False,,,-1,False,TN
2019-02-14,244.91808059160888,246.58201337914272,244.1040096176557,245.454833984375,83234400,6558,False,,0.0,,,False,False,,,-1,False,TN
2019-02-15,247.22608897461075,248.16541425333372,247.02035306911316,248.1296234130859,97088700,6559,False,,0.0,,,False,False,,,-1,False,TN
2019-02-19,247.3334661324364,249.21206212427865,247.3245115971035,248.5590362548828,59120800,6560,False,,0.0,,,False,False,,,-1,False,TN
2019-02-20,248.52310711605233,249.5161044709757,248.0221448236144,249.0598602294922,76610800,6561,False,,0.0,,,False,False,,,-1,False,TN
2019-02-21,248.42482818267055,248.782654652387,247.2171399595192,248.17434692382812,64214700,6562,False,,0.0,,,False,False,,,-1,False,TN
2019-02-22,248.79156931425143,249.9097940383644,248.1564253150696,249.7130126953125,78114600,6563,False,,0.0,,,False,False,,,-1,False,TN
2019-02-25,251.13543991453855,251.6542842748501,249.9724695959429,250.052978515625,69030700,6564,False,,0.0,,,False,False,,,-1,False,TN
2019-02-26,249.70408159702777,250.75072474880017,249.4983184003324,249.87405395507812,56844100,6565,False,,0.0,,,False,False,,,-1,False,TN
2019-02-27,249.15832765471785,250.1155344836595,248.22798442510532,249.76666259765625,56921600,6566,False,0.017270603530835427,0.0,7.0,2019-03-08,False,False,,,-1,False,TN
2019-02-28,249.55196439728053,249.99032704780788,248.97944754206415,249.30148315429688,69268300,6567,False,0.015375981693898755,0.0,6.0,2019-03-08,False,False,,,-1,False,TN
2019-03-01,250.875944510797,251.26956178049417,249.42672969982436,250.85806274414065,78880500,6568,False,0.02171574954896638,0.0,5.0,2019-03-08,False,False,,,-1,False,TN
2019-03-04,251.91368898973167,252.1552157189455,247.6554802053009,249.9456024169922,106494600,6569,False,0.0179994046291021,0.0,4.0,2019-03-08,False,False,,,-1,False,TN
2019-03-05,250.0708049730212,250.26761358958612,249.05992559250143,249.60560607910156,59114600,6570,False,0.016614639039302714,0.0,3.0,2019-03-08,False,False,,,-1,False,TN
2019-03-06,249.7219528699364,249.730907404324,247.77177540211915,248.09381103515625,75039800,6571,False,0.010457273437446624,0.0,2.0,2019-03-08,False,False,,,-1,False,TN
2019-03-07,247.64643980542888,247.78957580658192,245.17741886164012,246.0183258056641,94885100,6572,True,0.002004063188864036,0.7494921013919955,1.0,2019-03-08,False,False,,,-1,False,FN
2019-03-08,244.16652465775047,245.6962479194424,243.7013531578135,245.5262756347656,85795800,6573,True,0.0,1.0,0.0,2019-03-08,True,True,0.776865541934967,0.9575,2,True,TP
2019-03-11,246.2420047220662,249.2477792605108,246.21516842441596,249.08676147460935,65098900,6574,False,0.014501445234888832,0.0,1.0,2019-03-08,False,False,,,-1,False,TN
2019-03-12,249.6413993075936,250.54493350601277,249.45354522192395,250.02606201171875,79667500,6575,False,0.01832710721212938,0.0,2.0,2019-03-08,False,False,,,-1,False,TN
2019-03-13,250.91176574305737,252.61146199517697,250.75072062201053,251.68109130859375,80639200,6576,False,0.025067849287885524,0.0,3.0,2019-03-08,False,False,,,-1,False,TN
2019-03-14,251.70793469576876,252.12838832842567,251.08174516442332,251.52008056640625,67518400,6577,True,0.0031791604625832637,0.602604942177092,7.0,2019-03-25,False,False,,,-1,False,FN
2019-03-15,252.0707990334898,253.57131202170393,251.88209009768903,252.7626495361328,81309000,6578,False,0.008135103912744635,0.0,6.0,2019-03-25,False,False,,,-1,False,TN
2019-03-18,252.97830890078657,253.97568041420575,252.75367888847163,253.6791534423828,62199800,6579,False,0.011790548110925947,0.0,5.0,2019-03-25,False,False,,,-1,False,TN
2019-03-19,254.73936038466377,255.50308028747529,252.8524632974826,253.7419891357422,90268100,6580,False,0.012041166105200451,0.0,4.0,2019-03-25,False,False,,,-1,False,TN
2019-03-20,253.52650522689095,254.73051920531813,251.8732310734985,252.9783935546875,84609200,6581,False,0.008995591484636023,0.0,3.0,2019-03-25,False,False,,,-1,False,TN
2019-03-21,252.16074864484756,256.24001103955726,252.11580617771844,255.835693359375,79550400,6582,False,0.02039183313978099,0.0,2.0,2019-03-25,False,False,,,-1,False,TN
2019-03-22,254.47880722949867,254.99993670652407,250.84877915493644,250.91168212890625,122659300,6583,True,0.0007525842926663362,0.905926963416708,1.0,2019-03-25,False,False,,,-1,False,FN
2019-03-25,250.5702315005312,251.75628430866095,249.46506961079,250.72299194335935,85575200,6584,True,0.0,1.0,0.0,2019-03-25,True,False,,,-1,False,FN
2019-03-26,252.47515272202335,253.54439382873687,251.1902755671179,252.5919647216797,68125900,6585,True,0.0074543334212546775,0.06820832234316532,1.0,2019-03-25,False,False,,,-1,False,FN
2019-03-27,252.58296505421913,253.1670250393392,249.7256777974359,251.27113342285156,72224700,6586,True,0.002186243372590546,0.7267195784261817,2.0,2019-03-25,False,False,,,-1,False,FN
2019-03-28,251.9001481789004,252.6728624031701,250.75004339861144,252.22360229492188,56238500,6587,True,0.005985132595663689,0.25185842554203886,3.0,2019-03-25,False,False,,,-1,False,FN
2019-03-29,253.73311658007276,254.13743419240424,252.6099664002764,253.81398010253903,82186800,6588,False,0.012328299591598535,0.0,4.0,2019-03-25,False,False,,,-1,False,TN
2019-04-01,255.8087003800633,257.12053213515975,255.5391278798155,256.8240051269531,77617900,6589,False,0.024333680514518008,0.0,5.0,2019-03-25,False,False,,,-1,False,TN
2019-04-02,257.01270157304134,257.1834225886773,256.1590964948618,256.9497985839844,40070400,6590,False,0.02483540337629564,0.0,6.0,2019-03-25,False,False,,,-1,False,TN
2019-04-03,258.16278854117206,258.55813955865335,256.75210547518907,257.3541259765625,68243200,6591,False,0.02644804922677846,0.0,7.0,2019-03-25,False,False,,,-1,False,TN
2019-04-04,257.67758476056383,258.2885718276397,256.9857341776094,258.0369873046875,48997500,6592,False,,0.0,,,False,False,,,-1,False,TN
2019-04-05,258.7018866821242,259.3398281950125,258.41435370537175,259.2859191894531,58621700,6593,False,,0.0,,,False,False,,,-1,False,TN
2019-04-08,258.86360058977857,259.59139954862746,258.20767116115127,259.48358154296875,53566300,6594,False,,0.0,,,False,False,,,-1,False,TN
2019-04-09,258.52223568757904,258.84568980097356,257.60575494563386,258.1538391113281,66142300,6595,False,,0.0,,,False,False,,,-1,False,TN
2019-04-10,258.5671452624204,259.1242508136989,258.1538336527132,259.0343933105469,52601500,6596,False,,0.0,,,False,False,,,-1,False,TN
2019-04-11,259.5195720218468,259.52856599827516,258.39642179469354,258.9624938964844,55093100,6597,False,,0.0,,,False,False,,,-1,False,TN
2019-04-12,260.57083310063365,260.9931386511058,259.0074168766403,260.714599609375,69727800,6598,False,,0.0,,,False,False,,,-1,False,TN
2019-04-15,260.78647484201645,260.8853263154702,259.74418819639936,260.54388427734375,49596700,6599,False,,0.0,,,False,False,,,-1,False,TN
2019-04-16,261.4244381773299,261.47834719052565,260.12157304356356,260.714599609375,52153200,6600,False,,0.0,,,False,False,,,-1,False,TN
2019-04-17,261.8288808335957,261.8558353530679,259.6634430337613,260.0767822265625,58268300,6601,False,,0.0,,,False,False,,,-1,False,TN
2019-04-18,260.6606725944999,260.8583481027852,259.36680152584245,260.5887756347656,68708500,6602,False,,0.0,,,False,False,,,-1,False,TN
2019-04-22,259.8250653691345,260.9661760070736,259.7352078763909,260.81341552734375,40160100,6603,False,,0.0,,,False,False,,,-1,False,TN
2019-04-23,261.1818141622424,263.3921933348262,260.94821758401093,263.1585693359375,52246600,6604,False,,0.0,,,False,False,,,-1,False,TN
2019-04-24,263.07775411194496,263.41020222021825,262.4308184291265,262.5745849609375,50392900,6605,False,,0.0,,,False,False,,,-1,False,TN
2019-04-25,262.47556164926954,263.0685879220286,261.2266335665324,262.41265869140625,57770900,6606,False,,0.0,,,False,False,,,-1,False,TN
2019-04-26,262.45776734051964,263.70669621419734,261.68502567610466,263.63482666015625,50916400,6607,False,,0.0,,,False,False,,,-1,False,TN
2019-04-29,263.72461115092415,264.56922213553327,263.6347536677554,264.0480651855469,57197700,6608,False,,0.0,,,False,False,,,-1,False,TN
2019-04-30,263.70676863772724,264.4705165348921,262.29611231454305,264.1829833984375,81111700,6609,False,,0.0,,,False,False,,,-1,False,TN
2019-05-01,264.8118402899683,265.0185097807534,262.1881495792361,262.1971435546875,71671900,6610,False,,0.0,,,False,False,,,-1,False,TN
2019-05-02,262.0803024726753,262.9968104059952,260.13949601586444,261.63104248046875,65030200,6611,False,0.036744387492666286,0.0,7.0,2019-05-13,False,False,,,-1,False,TN
2019-05-03,263.1047231539981,264.4704641506386,261.7389547366939,264.1919250488281,56543700,6612,False,0.0468921918380647,0.0,6.0,2019-05-13,False,False,,,-1,False,TN
2019-05-06,259.8968915051246,263.54488025187277,259.5824040433734,263.1046142578125,107198100,6613,False,0.04258359240980747,0.0,5.0,2019-05-13,False,False,,,-1,False,TN
2019-05-07,260.70559211160116,261.29861864665406,256.80601830897126,258.71087646484375,144729900,6614,False,0.025172879392773906,0.0,4.0,2019-05-13,False,False,,,-1,False,TN
2019-05-08,258.35137939453125,260.0585614140836,257.758353076459,258.35137939453125,91568300,6615,False,0.0237483291313334,0.0,3.0,2019-05-13,False,True,0.8421334028244019,0.980625,2,True,FP
2019-05-09,256.2849771773048,258.1718480337544,254.55081200881037,257.5698547363281,103471100,6616,False,0.020651443932247382,0.0,2.0,2019-05-13,False,True,0.7212507724761963,0.933125,2,True,FP
2019-05-10,256.6352472217009,259.6183398447477,253.65215459865416,258.86358642578125,112429300,6617,False,0.02577801092997678,0.0,1.0,2019-05-13,False,True,0.6512565016746521,0.8675,2,True,FP
2019-05-13,253.76000792849115,254.7214034034117,251.52267468114528,252.35829162597656,127290500,6618,True,0.0,1.0,0.0,2019-05-13,True,True,0.5157957077026367,0.729375,2,True,TP
2019-05-14,253.37367783289977,256.16808964243916,253.24789927585027,254.64059448242188,77003200,6619,False,0.009043898822345575,0.0,1.0,2019-05-13,False,True,0.5747475028038025,0.80125,2,True,FP
2019-05-15,253.0143053717125,256.7701133090534,252.8076358497461,256.1321716308594,73956400,6620,False,0.014954452182122546,0.0,2.0,2019-05-13,False,True,0.07085046917200089,0.23125,2,False,TN
2019-05-16,256.83298031022184,259.8609886388919,256.76111076781007,258.5042419433594,76749600,6621,False,0.024354065316354978,0.0,3.0,2019-05-13,False,True,0.06634879857301712,0.216875,2,False,TN
2019-05-17,256.20399924622245,259.31287068694866,256.18601129747526,256.83294677734375,100353000,6622,False,0.01773135775542145,0.0,4.0,2019-05-13,False,True,0.07926278561353683,0.24625,2,False,TN
2019-05-20,255.23352860454267,256.9407107164019,254.3889178107701,255.13470458984375,62877600,6623,False,0.011001869389661856,0.0,5.0,2019-05-13,False,True,0.5756421685218811,0.803125,2,True,FP
2019-05-21,256.8240135080661,257.8123911999107,256.57242895202023,257.4350280761719,46847100,6624,False,0.020117177119425067,0.0,6.0,2019-05-13,False,True,0.0640057772397995,0.21125,2,False,TN
2019-05-22,256.48259057914987,257.59674680267347,256.16810303909295,256.6443176269531,49482500,6625,False,0.016983892121638533,0.0,7.0,2019-05-13,False,True,0.11220657080411911,0.28375,2,False,TN
2019-05-23,254.42497986634092,254.46989490750192,252.09781586860328,253.5084991455078,98733800,6626,False,0.027570468863852282,0.0,6.0,2019-06-03,False,True,0.6582948565483093,0.87375,2,True,FP
2019-05-24,254.9461135870853,255.35945262328,253.4635607364856,254.0835418701172,55268100,6627,False,0.029901345044080152,0.0,5.0,2019-06-03,False,True,0.5530461072921753,0.78125,2,True,FP
2019-05-28,254.3620646286992,255.31449378901283,251.7024526765399,251.7204132080078,70029400,6628,False,0.020322647542835526,0.0,4.0,2019-06-03,False,True,0.5897954702377319,0.818125,2,True,FP
2019-05-29,250.60628560292824,251.0106032620388,248.62953008951493,250.03121948242188,104972900,6629,False,0.013475675569694978,0.0,3.0,2019-06-03,False,True,0.5062073469161987,0.723125,2,True,FP
2019-05-30,250.78595035873343,251.6215949527759,249.61788511125124,250.71408081054688,62523800,6630,False,0.01624358330247544,0.0,2.0,2019-06-03,False,True,0.626649022102356,0.8475,2,True,FP
2019-05-31,248.1712769051262,248.99790008924552,247.30867781649005,247.33563232421875,86862800,6631,True,0.0025493919565042766,0.6813260054369654,1.0,2019-06-03,False,True,0.6185339093208313,0.8425,2,True,TP
2019-06-03,247.3715764238145,248.48573261773257,245.37686062526728,246.70668029785156,96428000,6632,True,0.0,1.0,0.0,2019-06-03,True,True,0.5330798625946045,0.755625,2,True,TP
2019-06-04,248.9978870245959,252.1966164036424,248.54862697225056,252.0618438720703,77231900,6633,False,0.021706601409225756,0.0,1.0,2019-06-03,False,True,0.018478667363524437,0.01,2,False,TN
2019-06-05,253.67912153430805,254.2721479827065,251.87311510850387,254.2451934814453,71169700,6634,False,0.03055658312329612,0.0,2.0,2019-06-03,False,False,,,-1,False,TN
2019-06-06,254.54176708749608,256.5724038696885,253.89483151795633,255.8985137939453,69430400,6635,False,0.03725814592858345,0.0,3.0,2019-06-03,False,False,,,-1,False,TN
2019-06-07,256.9138642871934,259.53755523499956,256.74314326213107,258.4593200683594,74272200,6636,False,0.047638109176122434,0.0,4.0,2019-06-03,False,False,,,-1,False,TN
2019-06-10,260.0047883414486,261.3076536120134,259.55552823720706,259.6453857421875,60799100,6637,False,0.05244570365388923,0.0,5.0,2019-06-03,False,False,,,-1,False,TN
2019-06-11,261.46036226590786,261.8287588074491,258.93552290959707,259.58245849609375,58641300,6638,False,0.05219063457340156,0.0,6.0,2019-06-03,False,False,,,-1,False,TN
2019-06-12,259.3488365521413,259.9059145875843,258.6120435410981,259.12420654296875,47096300,6639,False,0.050333157700169995,0.0,7.0,2019-06-03,False,False,,,-1,False,TN
2019-06-13,260.03175438157257,260.5529114811726,259.33090968470435,260.1934814453125,48945200,6640,False,,0.0,,,False,False,,,-1,False,TN
2019-06-14,259.906005859375,260.5079991397937,259.1422580758503,259.906005859375,52324700,6641,False,,0.0,,,False,False,,,-1,False,TN
2019-06-17,260.13956380841864,260.76853892968074,259.8340702245848,260.0047912597656,39205700,6642,False,,0.0,,,False,False,,,-1,False,TN
2019-06-18,261.81977777473696,263.7785449569694,261.4603478082686,262.7272644042969,85434800,6643,False,,0.0,,,False,False,,,-1,False,TN
2019-06-19,262.862058449699,263.85043609708407,261.8916687545038,263.3203125,78674400,6644,False,,0.0,,,False,False,,,-1,False,TN
2019-06-20,265.9978750491621,266.24046558371964,263.3831784940885,265.83612060546875,116570000,6645,False,,0.0,,,False,False,,,-1,False,TN
2019-06-21,265.5670871606895,266.8220901549572,265.2330222101439,265.44970703125,83309500,6646,False,,0.0,,,False,False,,,-1,False,TN
2019-06-24,265.6574579000981,265.9734475035229,264.9712523643733,265.124755859375,47582700,6647,False,,0.0,,,False,False,,,-1,False,TN
2019-06-25,265.1788214889388,265.2059070885623,262.4159801112717,262.5243225097656,82028700,6648,False,,0.0,,,False,False,,,-1,False,TN
2019-06-26,263.41824118962137,263.92385754593755,262.1542002988309,262.2625427246094,51584900,6649,False,,0.0,,,False,False,,,-1,False,TN
2019-06-27,263.02092303525444,263.6980906365372,262.64172460878746,263.1924743652344,40355200,6650,False,,0.0,,,False,False,,,-1,False,TN
2019-06-28,264.1676184518848,265.0434231006258,263.6529919480454,264.5468444824219,59350900,6651,False,,0.0,,,False,False,,,-1,False,TN
2019-07-01,267.8694855427903,268.0861979498704,265.7476878432094,266.94854736328125,78705600,6652,False,,0.0,,,False,False,,,-1,False,TN
2019-07-02,266.9034220756254,267.6979700486466,266.06374060351243,267.643798828125,61504500,6653,False,,0.0,,,False,False,,,-1,False,TN
2019-07-03,268.32095238664516,269.80170581299336,268.1764866215848,269.78363037109375,40898900,6654,False,,0.0,,,False,False,,,-1,False,TN
2019-07-05,268.55562454830994,269.6391036536074,267.26449836154364,269.4765625,51677300,6655,False,,0.0,,,False,False,,,-1,False,TN
2019-07-08,268.1674620091727,269.2960749060107,267.45417094324387,267.99591064453125,45841800,6656,False,,0.0,,,False,False,,,-1,False,TN
2019-07-09,266.8401319541879,268.6278366109929,266.7859607557403,268.32989501953125,41101300,6657,False,,0.0,,,False,False,,,-1,False,TN
2019-07-10,269.39534519807506,270.5600812739369,268.8626432853066,269.6120300292969,58448500,6658,True,0.004845745181182526,0.39428185235218427,7.0,2019-07-19,False,False,,,-1,False,FN
2019-07-11,270.253117309667,270.4878500388574,269.24188463431943,270.24407958984375,50826100,6659,True,0.007201397900351569,0.09982526245605383,6.0,2019-07-19,False,False,,,-1,False,FN
2019-07-12,270.7316782304043,271.526226150782,270.42469881644513,271.4539794921875,40326000,6660,False,0.01171070250680084,0.0,5.0,2019-07-19,False,False,,,-1,False,TN
2019-07-15,271.887444870195,271.887444870195,271.0387255203409,271.5443420410156,33900000,6661,False,0.012047484299155586,0.0,4.0,2019-07-19,False,False,,,-1,False,TN
2019-07-16,271.45387537678204,271.66154999805445,270.3613861822975,270.6683654785156,36650100,6662,False,0.00878271409728093,0.0,3.0,2019-07-19,False,False,,,-1,False,TN
2019-07-17,270.6412948846412,270.8038084821164,268.82647705078125,268.82647705078125,36036300,6663,True,0.0019179842500769428,0.7602519687403821,2.0,2019-07-19,False,False,,,-1,False,FN
2019-07-18,268.33000403131257,270.18995607768375,267.8875965462523,269.81072998046875,51392600,6664,True,0.005586301158900131,0.3017123551374836,1.0,2019-07-19,False,False,,,-1,False,FN
2019-07-19,270.90314927048956,270.93023487092404,268.14030781010166,268.3118591308594,58678600,6665,True,0.0,1.0,0.0,2019-07-19,True,False,,,-1,False,FN
2019-07-22,268.7091319171699,269.5127173993327,268.19450545816716,268.9709777832031,43638100,6666,True,0.0024565393959059545,0.6929325755117557,1.0,2019-07-19,False,False,,,-1,False,FN
2019-07-23,270.0905461773964,270.89410400390625,269.2598751971888,270.89410400390625,44564500,6667,False,0.009624043012528505,0.0,2.0,2019-07-19,False,False,,,-1,False,TN
2019-07-24,270.1356424174258,272.1671447753906,270.04534791293565,272.1671447753906,47213200,6668,False,0.01436867403855957,0.0,3.0,2019-07-19,False,False,,,-1,False,TN
2019-07-25,271.71578443902234,271.76995564778645,270.0634799096485,270.8670654296875,55394100,6669,False,0.009523270074998536,0.0,4.0,2019-07-19,False,False,,,-1,False,TN
2019-07-26,271.5532415968484,272.88049117681857,271.42682375398465,272.6818542480469,45084100,6670,False,0.016286999506258004,0.0,5.0,2019-07-19,False,False,,,-1,False,TN
2019-07-29,272.56458990519246,272.68197007942166,271.63461378772524,272.18536376953125,38126500,6671,False,0.014436576345224772,0.0,6.0,2019-07-19,False,False,,,-1,False,TN
2019-07-30,270.7857815620586,271.92343194048675,270.40655558457587,271.5171203613281,45849000,6672,False,0.011946028926382635,0.0,7.0,2019-07-19,False,False,,,-1,False,TN
2019-07-31,271.76097959602436,271.9506064237515,266.53326388586026,268.54669189453125,104245200,6673,False,0.04795301886740777,0.0,3.0,2019-08-05,False,False,,,-1,False,TN
2019-08-01,268.70005392035205,271.6524941296004,265.4135212851147,266.20806884765625,142646600,6674,False,0.038826981735183175,0.0,2.0,2019-08-05,False,True,0.8385201692581177,0.98,2,True,FP
2019-08-02,265.314361548389,265.55813204796215,262.6508237263318,264.20379638671875,116749700,6675,False,0.03100568495712741,0.0,1.0,2019-08-05,False,True,0.5515952706336975,0.779375,2,True,FP
2019-08-05,260.1136629564653,260.2220053837113,254.36225615994783,256.2583312988281,178745400,6676,True,0.0,1.0,0.0,2019-08-05,True,True,0.46710827946662903,0.67875,2,True,TP
2019-08-06,258.14529773750104,260.06845795439847,256.6735825460155,259.85174560546875,120711700,6677,False,0.014022624312066911,0.0,1.0,2019-08-05,False,True,0.42913493514060974,0.634375,2,True,FP
2019-08-07,256.78201534695285,260.7728029003708,254.6512073027583,260.0053405761719,140572300,6678,False,0.01462199983256074,0.0,2.0,2019-08-05,False,True,0.5509425401687622,0.7775,2,True,FP
2019-08-08,261.4951577558765,265.1067199707031,260.9444077440513,265.1067199707031,87713900,6679,False,0.03452917463025518,0.0,3.0,2019-08-05,False,True,0.028164464980363846,0.065,2,False,TN
2019-08-09,264.1676091836573,264.76352003700896,261.5221474446139,263.30084228515625,93730000,6680,False,0.02748207619488352,0.0,4.0,2019-08-05,False,True,0.045502472668886185,0.151875,2,False,TN
2019-08-12,261.8019984508938,263.29176156394834,259.14749942587946,260.0955505371094,65527600,6681,False,0.014974027259260447,0.0,5.0,2019-08-05,False,True,0.5590652823448181,0.789375,2,True,FP
2019-08-13,259.79763351897674,265.58516336808646,259.4545308129541,264.1405334472656,94299800,6682,False,0.0307588132197969,0.0,6.0,2019-08-05,False,True,0.04765868932008743,0.16375,2,False,TN
2019-08-14,260.09563131231886,260.7005524202266,256.20417608457865,256.33056640625,135622100,6683,True,0.0002818839374147952,0.9647645078231506,7.0,2019-08-05,False,True,0.4608706831932068,0.670625,2,True,TP
2019-08-15,257.2153345533102,257.901539842479,254.96714703508584,257.0076599121094,99556600,6684,False,,0.0,,,False,True,0.684969425201416,0.90375,2,True,FP
2019-08-16,258.6600201444486,261.23323542718947,257.06188669690755,260.79986572265625,83018300,6685,False,,0.0,,,False,True,0.09983864426612854,0.270625,2,False,TN
2019-08-19,263.81556523033254,264.6191234101706,263.1383973865682,263.94195556640625,53571800,6686,False,,0.0,,,False,False,,,-1,False,TN
2019-08-20,263.43619054261586,263.9688923061297,261.7929517762229,261.9193420410156,51596400,6687,False,,0.0,,,False,False,,,-1,False,TN
2019-08-21,264.07731753557846,264.42039264271136,263.3911122132719,264.05023193359375,49524700,6688,False,,0.0,,,False,False,,,-1,False,TN
2019-08-22,264.75450123640525,265.38650783914835,262.1993065597355,263.9689636230469,51666400,6689,False,,0.0,,,False,False,,,-1,False,TN
2019-08-23,262.6687503888014,264.33006455244094,255.9422093930637,257.1882019042969,149161500,6690,False,,0.0,,,False,False,,,-1,False,TN
2019-08-26,259.37325938101276,260.0323791503906,257.8473727295932,260.0323791503906,72423800,6691,False,,0.0,,,False,True,0.2550942599773407,0.42625,2,False,TN
2019-08-27,261.4227829094938,261.79297112248156,258.2536301365124,259.0120544433594,66668900,6692,False,,0.0,,,False,True,0.3259919583797455,0.50125,2,True,FP
2019-08-28,258.3530199208042,260.99848164367427,257.5494344017355,260.8359680175781,59696700,6693,False,,0.0,,,False,True,0.04699023813009262,0.160625,2,False,TN
2019-08-29,263.39109976527214,264.6912637071327,262.3888774311626,264.1675720214844,57899400,6694,False,,0.0,,,False,False,,,-1,False,TN
2019-08-30,265.6483375587326,265.6663854420489,263.1202561934248,264.05023193359375,62901200,6695,False,,0.0,,,False,False,,,-1,False,TN
2019-09-03,262.3528412178477,263.2647416845759,261.17906729483354,262.5063171386719,69101400,6696,False,,0.0,,,False,False,,,-1,False,TN
2019-09-04,264.6732746057014,265.5039182477998,263.9238602297381,265.4858703613281,46887300,6697,False,,0.0,,,False,False,,,-1,False,TN
2019-09-05,267.96876695252837,269.81064296202624,265.44969579769,268.89874267578125,83258100,6698,False,,0.0,,,False,False,,,-1,False,TN
2019-09-06,269.2148152948554,269.74751727016104,268.5376475637681,269.1064453125,49584300,6699,False,,0.0,,,False,False,,,-1,False,TN
2019-09-09,270.0906625871632,270.1809295889888,268.3029295757313,269.241943359375,51260300,6700,False,,0.0,,,False,False,,,-1,False,TN
2019-09-10,268.4834677166774,269.24191987648885,267.22846442804376,269.1787109375,57947100,6701,False,,0.0,,,False,False,,,-1,False,TN
2019-09-11,269.48569071099945,271.17409129973674,268.8356085403277,271.09283447265625,68821100,6702,False,,0.0,,,False,False,,,-1,False,TN
2019-09-12,271.9956759928493,273.08816543274827,271.23725152228974,272.03179931640625,72908700,6703,False,,0.0,,,False,False,,,-1,False,TN
2019-09-13,272.4742538818412,272.8263943509441,271.48106896722373,271.85125732421875,62104800,6704,False,,0.0,,,False,False,,,-1,False,TN
2019-09-16,270.72260415700487,271.89637799232213,270.3704912942259,271.01153564453125,58191200,6705,False,,0.0,,,False,False,,,-1,False,TN
2019-09-17,270.8128810983628,271.78799036288956,270.6413297609149,271.6977233886719,41475500,6706,False,,0.0,,,False,False,,,-1,False,TN
2019-09-18,271.3095130844703,271.96863296095114,269.2780097922511,271.86029052734375,73375800,6707,False,,0.0,,,False,False,,,-1,False,TN
2019-09-19,272.2485052514616,273.24169007108816,271.5081286082832,271.8421936035156,76560500,6708,False,,0.0,,,False,False,,,-1,False,TN
2019-09-20,272.44456471804665,272.72577882239597,269.7687539692595,270.5578918457031,89565000,6709,False,,0.0,,,False,False,,,-1,False,TN
2019-09-23,269.89569132762455,271.21093939721106,269.64171563544,270.4943542480469,43476800,6710,False,0.035235860747308445,0.0,7.0,2019-10-02,False,False,,,-1,False,TN
2019-09-24,271.5827026529989,271.97273161522907,267.41022319495477,268.3717041015625,94869400,6711,False,0.027112055141199187,0.0,6.0,2019-10-02,False,False,,,-1,False,TN
2019-09-25,268.45341435241266,270.40358741300247,266.97490242905855,269.9591369628906,71854000,6712,False,0.033187477414407196,0.0,5.0,2019-10-02,False,False,,,-1,False,TN
2019-09-26,269.96814996825674,270.17675595776956,267.99076670726214,269.3966979980469,56179700,6713,False,0.03103491128227298,0.0,4.0,2019-10-02,False,False,,,-1,False,TN
2019-09-27,270.1496445739282,270.258515016911,266.394430888546,267.94549560546875,84746600,6714,False,0.025480870192670535,0.0,3.0,2019-10-02,False,False,,,-1,False,TN
2019-09-30,268.4624736286267,269.8956158448682,268.4171317139182,269.1881103515625,51662400,6715,False,0.03023660474330736,0.0,2.0,2019-10-02,False,False,,,-1,False,TN
2019-10-01,270.06797514180766,270.7210593029976,265.7685205613803,265.9862060546875,88242400,6716,False,0.017982278178819255,0.0,1.0,2019-10-02,False,False,,,-1,False,TN
2019-10-02,264.4079467960568,264.4170262525811,259.99964920337914,261.28765869140625,122539500,6717,True,0.0,1.0,0.0,2019-10-02,True,True,0.443345844745636,0.650625,2,True,TP
2019-10-03,261.06072256586253,263.4553722915561,258.3486242451921,263.42816162109375,85278800,6718,False,0.00819213176928324,0.0,1.0,2019-10-02,False,True,0.45066699385643005,0.66125,2,True,FP
2019-10-04,264.081418140647,267.2470481606347,264.02696908285304,266.9930725097656,65091200,6719,False,0.02183575698497786,0.0,2.0,2019-10-02,False,True,0.05203957483172417,0.17625,2,False,TN
2019-10-07,266.194739374856,267.81838355011155,265.559786683832,265.8409729003906,59610500,6720,False,0.017426441921476465,0.0,3.0,2019-10-02,False,True,0.025375384837388992,0.05,2,False,TN
2019-10-08,263.9906876592985,264.7254038708757,261.67766859806807,261.7139587402344,95708100,6721,True,0.0016315353391092025,0.7960580826113497,4.0,2019-10-02,False,True,0.6165416836738586,0.841875,2,True,TP
2019-10-09,263.72764914999317,265.13358083305707,263.1017756443016,264.1993103027344,62359400,6722,False,0.011143471627823587,0.0,5.0,2019-10-02,False,True,0.06332605332136154,0.21,2,False,TN
2019-10-10,264.1176650870851,266.8660551651619,263.9544009671046,265.9862060546875,55296300,6723,False,0.017982278178819255,0.0,6.0,2019-10-02,False,True,0.026919104158878326,0.0575,2,False,TN
2019-10-11,268.7345728885581,270.9750115009524,268.61667837739276,268.74365234375,98720400,6724,False,0.028535575272422786,0.0,7.0,2019-10-02,False,False,,,-1,False,TN
2019-10-14,268.42617702704035,269.09742004492904,268.0996488139588,268.4443359375,40394800,6725,False,,0.0,,,False,False,,,-1,False,TN
2019-10-15,269.48751570095226,271.84587709862797,269.36959347887756,271.1020812988281,46754500,6726,False,,0.0,,,False,False,,,-1,False,TN
2019-10-16,270.63941529110076,271.3560002499491,270.23125500917473,270.6666259765625,48928200,6727,False,,0.0,,,False,False,,,-1,False,TN
2019-10-17,271.82763155922663,272.3355827530061,270.77543903460804,271.4648132324219,45736600,6728,False,,0.0,,,False,False,,,-1,False,TN
2019-10-18,270.9296954952778,271.5737002063706,269.4239728965291,270.276611328125,64304000,6729,False,,0.0,,,False,False,,,-1,False,TN
2019-10-21,271.59176178240165,272.3083188413621,271.1563632665866,272.1087646484375,39048600,6730,False,,0.0,,,False,False,,,-1,False,TN
2019-10-22,272.6439722537385,272.9342379797446,271.12919816843396,271.21990966796875,48594700,6731,False,,0.0,,,False,False,,,-1,False,TN
2019-10-23,270.9659810160959,272.0635156111766,270.7573472991516,272.00909423828125,34352200,6732,False,,0.0,,,False,False,,,-1,False,TN
2019-10-24,272.9433722970273,273.08850518920275,271.62812449255955,272.45355224609375,35453100,6733,False,,0.0,,,False,False,,,-1,False,TN
2019-10-25,271.8820987429654,274.1134858073228,271.82767736883653,273.5692443847656,45205400,6734,False,,0.0,,,False,False,,,-1,False,TN
2019-10-28,274.7845863936159,275.61001379803326,274.75737571792115,275.1111145019531,42147000,6735,False,,0.0,,,False,False,,,-1,False,TN
2019-10-29,274.8390967416614,275.9547901689378,274.7120950931229,275.0295715332031,44284900,6736,False,,0.0,,,False,False,,,-1,False,TN
2019-10-30,275.229106138278,276.24500852902196,273.9229380126746,275.8731384277344,49643900,6737,False,,0.0,,,False,False,,,-1,False,TN
2019-10-31,275.864092158819,275.864092158819,273.68715424802167,275.138427734375,69053800,6738,False,,0.0,,,False,False,,,-1,False,TN
2019-11-01,276.5807027657832,277.7326588147076,276.41741095435447,277.68731689453125,71141500,6739,False,,0.0,,,False,False,,,-1,False,TN
2019-11-04,279.2382855082534,279.3743389032854,278.4309892289629,278.8028869628906,60606900,6740,False,,0.0,,,False,False,,,-1,False,TN
2019-11-05,279.00251914201027,279.30186437599883,278.2043020930648,278.49456787109375,42933200,6741,False,,0.0,,,False,False,,,-1,False,TN
2019-11-06,278.4945741205653,278.8301818233875,277.6147249920431,278.5580749511719,46487100,6742,False,,0.0,,,False,False,,,-1,False,TN
2019-11-07,279.8915474950559,280.8711602435746,279.0661194652139,279.53778076171875,54272300,6743,False,,0.0,,,False,False,,,-1,False,TN
2019-11-08,279.19295893958304,280.28144163006976,278.49453294996727,280.2270202636719,49032100,6744,False,,0.0,,,False,False,,,-1,False,TN
2019-11-11,278.8483051362286,279.8642075711623,278.71222403622494,279.6918640136719,35797300,6745,False,,0.0,,,False,False,,,-1,False,TN
2019-11-12,280.05472917772806,281.17947453569053,279.5104877305214,280.281494140625,46484600,6746,False,,0.0,,,False,False,,,-1,False,TN
2019-11-13,279.2928497962224,280.7713620351493,279.0660847947005,280.37225341796875,53917700,6747,False,,0.0,,,False,False,,,-1,False,TN
2019-11-14,280.09092700077474,280.86193315674427,279.4559742414444,280.7802734375,51219900,6748,False,,0.0,,,False,False,,,-1,False,TN
2019-11-15,282.1136801480739,282.85747569869864,281.42433364278145,282.8121337890625,62023600,6749,False,,0.0,,,False,False,,,-1,False,TN
2019-11-18,282.5763015670428,283.25659632840035,282.1227717261377,283.020751953125,49228000,6750,False,,0.0,,,False,False,,,-1,False,TN
2019-11-19,283.6193815961007,283.6284610498649,282.29508236581955,282.9390869140625,67804700,6751,False,,0.0,,,False,False,,,-1,False,TN
2019-11-20,282.3495416770167,282.86657234836355,280.3358680402715,281.8869323730469,79406200,6752,False,,0.0,,,False,False,,,-1,False,TN
2019-11-21,281.99581092576324,282.1046536636578,280.635221339549,281.43341064453125,54664700,6753,True,0.002326150619611278,0.7092311725485902,7.0,2019-12-03,False,False,,,-1,False,FN
2019-11-22,282.1772483826184,282.31330182529547,281.052503014795,282.059326171875,44850200,6754,True,0.004555351124621243,0.4305811094223446,6.0,2019-12-03,False,False,,,-1,False,FN
2019-11-25,282.98453205746335,284.2453308105469,282.98453205746335,284.2453308105469,48647200,6755,False,0.012340814867886962,0.0,5.0,2019-12-03,False,False,,,-1,False,TN
2019-11-26,284.2815373110843,285.0706746917591,283.96406093185885,284.8892517089844,37569000,6756,False,0.014634141569774606,0.0,4.0,2019-12-03,False,False,,,-1,False,TN
2019-11-27,285.36998413020297,286.1591491699219,285.1522987020101,286.1591491699219,44444600,6757,False,0.019156886153610664,0.0,3.0,2019-12-03,False,False,,,-1,False,TN
2019-11-29,285.5967720976461,285.84169590542126,284.87113549084046,285.097900390625,36592700,6758,False,0.015377244634267706,0.0,2.0,2019-12-03,False,False,,,-1,False,TN
2019-12-02,285.35186501415745,285.41536582716174,282.24973680572754,282.6760559082031,75767800,6759,True,0.006751836400376909,0.15602044995288633,1.0,2019-12-03,False,False,,,-1,False,FN
2019-12-03,279.9639253764044,280.86193315674427,278.58520482169314,280.7802734375,73941700,6760,True,0.0,1.0,0.0,2019-12-03,True,False,,,-1,False,FN
2019-12-04,281.823592579756,283.1116024588011,281.47890530243234,282.512939453125,49080000,6761,True,0.00617089653205527,0.22863793349309125,1.0,2019-12-03,False,False,,,-1,False,FN
2019-12-05,283.21125441681573,283.2293856451966,281.7145837968173,283.020751953125,40709000,6762,True,0.007979472660937237,0.002565917382845395,2.0,2019-12-03,False,False,,,-1,False,FN
2019-12-06,284.92557074598903,286.00497393609896,284.91649129155104,285.6058654785156,48927000,6763,False,0.017186364205495908,0.0,3.0,2019-12-03,False,False,,,-1,False,TN
2019-12-09,285.21586750080536,285.88708285190785,284.63533597889335,284.7079162597656,34838500,6764,False,0.013988314685290382,0.0,4.0,2019-12-03,False,False,,,-1,False,TN
2019-12-10,284.6534664265952,285.3156022560636,283.73732732073876,284.3904113769531,52649800,6765,False,0.012857519850862031,0.0,5.0,2019-12-03,False,False,,,-1,False,TN
2019-12-11,284.84392633852576,285.4516684529647,284.3087644939141,285.19769287109375,53429100,6766,False,0.015732655928825556,0.0,6.0,2019-12-03,False,False,,,-1,False,TN
2019-12-12,285.2066901830859,288.435819542235,284.9708735543326,287.65576171875,96389600,6767,False,0.02448707737575595,0.0,7.0,2019-12-03,False,False,,,-1,False,TN
2019-12-13,287.42005905278955,289.0527834416107,286.6490526203965,287.8282470703125,81503900,6768,False,,0.0,,,False,False,,,-1,False,TN
2019-12-16,289.55159690245364,290.3951557751756,287.76468819631657,289.8055725097656,82749700,6769,False,,0.0,,,False,False,,,-1,False,TN
2019-12-17,290.1865865771561,290.4859041346796,289.78747804627915,289.8691101074219,61097700,6770,False,,0.0,,,False,False,,,-1,False,TN
2019-12-18,290.25907427433737,290.4858391761142,289.8327551517464,289.8871765136719,48133000,6771,False,,0.0,,,False,False,,,-1,False,TN
2019-12-19,290.07766829054526,291.14801972745664,289.8236926929126,291.075439453125,85310500,6772,False,,0.0,,,False,False,,,-1,False,TN
2019-12-20,292.1054650052227,293.48186803995895,291.13016050237536,292.3515930175781,147142100,6773,False,,0.0,,,False,False,,,-1,False,TN
2019-12-23,293.13550600154747,293.1901949374519,292.65240185614937,292.7982482910156,52990000,6774,False,,0.0,,,False,False,,,-1,False,TN
2019-12-24,293.0260982506087,293.07166308676193,292.5065255951328,292.8073425292969,20270000,6775,False,,0.0,,,False,False,,,-1,False,TN
2019-12-26,293.1902210059652,294.3752129631039,293.18112472741444,294.3660888671875,30911200,6776,False,,0.0,,,False,False,,,-1,False,TN
2019-12-27,295.09517100716806,295.14985992527306,293.7643609710234,294.29302978515625,42528800,6777,False,,0.0,,,False,False,,,-1,False,TN
2019-12-30,294.3752190438764,294.5119413986182,292.1875500985432,292.670654296875,49729100,6778,False,,0.0,,,False,False,,,-1,False,TN
2019-12-31,292.1692833540794,293.6277198137139,291.82290156546304,293.381591796875,57077300,6779,False,,0.0,,,False,False,,,-1,False,TN
2020-01-02,294.91296621198353,296.1435228475682,293.9923228046252,296.1252746582031,59151200,6780,False,,0.0,,,False,False,,,-1,False,TN
2020-01-03,292.74359626818324,295.0041745676097,292.68890732538284,293.88299560546875,77709700,6781,False,,0.0,,,False,False,,,-1,False,TN
2020-01-06,292.1328420420894,295.0861837981025,292.01434006994486,295.004150390625,55653900,6782,False,,0.0,,,False,False,,,-1,False,TN
2020-01-07,294.4390032296372,294.91301114756425,293.7280191701127,294.1746826171875,40496400,6783,False,,0.0,,,False,False,,,-1,False,TN
2020-01-08,294.3660590478099,296.95477064555246,294.11995883928836,295.7424621582031,68296000,6784,False,,0.0,,,False,False,,,-1,False,TN
2020-01-09,297.3011061918994,297.82067881308217,296.71772055042567,297.74774169921875,48473300,6785,False,,0.0,,,False,False,,,-1,False,TN
2020-01-10,298.33111551766575,298.4860581981078,296.4260437995196,296.8908996582031,53029300,6786,False,,0.0,,,False,False,,,-1,False,TN
2020-01-13,297.51074112791366,298.9418050156996,297.0823260256532,298.9327087402344,47086800,6787,False,,0.0,,,False,False,,,-1,False,TN
2020-01-14,298.4952711557389,299.54351294484616,297.92100945963375,298.47705078125,62832800,6788,False,,0.0,,,False,False,,,-1,False,TN
2020-01-15,298.38587734482564,299.90809914567166,298.30384393795646,299.15155029296875,72056600,6789,False,,0.0,,,False,False,,,-1,False,TN
2020-01-16,300.5278990481638,301.63995361328125,300.30001924233943,301.63995361328125,54050300,6790,False,,0.0,,,False,False,,,-1,False,TN
2020-01-17,302.3510080804288,302.7885196066415,301.57621099627295,302.5788879394531,95846000,6791,False,,0.0,,,False,False,,,-1,False,TN
2020-01-21,301.62169549358066,302.7884389482875,301.5487861977557,301.9862976074219,77742400,6792,False,,0.0,,,False,False,,,-1,False,TN
2020-01-22,302.84325022550865,303.4904491427102,301.8679454358583,302.02288818359375,48914900,6793,False,0.029870201227017334,0.0,7.0,2020-01-31,False,False,,,-1,False,TN
2020-01-23,301.3755880663374,302.77933537903976,300.2635335646252,302.369140625,51963000,6794,False,0.031050890126626873,0.0,6.0,2020-01-31,False,False,,,-1,False,TN
2020-01-24,303.02552540689584,303.1075588185603,298.3949910655985,299.68023681640625,87578400,6795,False,0.021881976064878073,0.0,5.0,2020-01-31,False,False,,,-1,False,TN
2020-01-27,294.44798875528124,296.3530601744167,294.1107311676986,294.87640380859375,84062500,6796,True,0.005501348437049192,0.31233144536885105,4.0,2020-01-31,False,False,,,-1,False,FN
2020-01-28,296.2985479035743,298.8416952816207,294.9677371260553,297.9666442871094,63834000,6797,False,0.01603878353870347,0.0,3.0,2020-01-31,False,False,,,-1,False,TN
2020-01-29,299.32474201380455,299.5526218615138,297.5199236056963,297.720458984375,53888900,6798,False,0.015199314355453852,0.0,2.0,2020-01-31,False,False,,,-1,False,TN
2020-01-30,295.66042488337473,298.89633550564963,294.9130001022843,298.6866760253906,75491800,6799,False,0.01849402537700673,0.0,1.0,2020-01-31,False,False,,,-1,False,TN
2020-01-31,298.0667573540076,298.2217278467031,292.35154238779836,293.2630615234375,113845600,6800,True,0.0,1.0,0.0,2020-01-31,True,False,,,-1,False,FN
2020-02-03,294.7398209430448,297.3011883827756,294.62131896327486,295.4416809082031,69083000,6801,True,0.007428891226355594,0.07138859670555076,1.0,2020-01-31,False,True,0.4429156482219696,0.650625,2,True,TP
2020-02-04,299.04215432222543,300.81050405404096,298.7231169921296,299.9445495605469,62573200,6802,False,0.022783258151914954,0.0,2.0,2020-01-31,False,False,,,-1,False,TN
2020-02-05,302.8704407127794,303.61789304939,301.4120324096972,303.4082336425781,65951100,6803,False,0.03459410150885933,0.0,3.0,2020-01-31,False,False,,,-1,False,TN
2020-02-06,304.3654472195234,304.62067153969036,303.35364621707834,304.42926025390625,50359700,6804,False,0.03807570811155969,0.0,4.0,2020-01-31,False,False,,,-1,False,TN
2020-02-07,303.3718697108561,304.4383317479117,302.25981501693957,302.8067321777344,64139400,6805,False,0.03254303697410643,0.0,5.0,2020-01-31,False,False,,,-1,False,TN
2020-02-10,301.9225963763189,305.1311348147873,301.88612780958465,305.06732177734375,42070000,6806,False,0.04025143907516249,0.0,6.0,2020-01-31,False,False,,,-1,False,TN
2020-02-11,306.41630901268127,307.20020220152,305.06725053223005,305.595947265625,54864500,6807,False,0.042054003249235805,0.0,7.0,2020-01-31,False,False,,,-1,False,TN
2020-02-12,307.02705945948134,307.77451202465284,306.66245727222037,307.56488037109375,43992700,6808,False,,0.0,,,False,False,,,-1,False,TN
2020-02-13,306.1428904532812,308.20293318619815,305.8694457619048,307.2367248535156,54501900,6809,False,,0.0,,,False,False,,,-1,False,TN
2020-02-14,307.64690946641167,307.8474448392001,306.4528213248784,307.72894287109375,64582200,6810,False,,0.0,,,False,False,,,-1,False,TN
2020-02-18,306.7353777212436,307.79274347896046,305.550385905375,306.9359130859375,57226200,6811,False,,0.0,,,False,False,,,-1,False,TN
2020-02-19,307.902056949455,309.07789660720476,307.61948824248975,308.40338134765625,48814700,6812,False,,0.0,,,False,False,,,-1,False,TN
2020-02-20,307.8565854998732,308.6769752996938,304.1558185736376,307.1365051269531,74163400,6813,False,,0.0,,,False,False,,,-1,False,TN
2020-02-21,305.7873641141862,306.0972773213097,303.153060127596,303.97344970703125,113788200,6814,False,,0.0,,,False,False,,,-1,False,TN
2020-02-24,294.5484154937722,304.04643281297626,292.81650624331786,293.8921203613281,161088400,6815,False,,0.0,,,False,False,,,-1,False,TN
2020-02-25,295.2775089533604,295.88821119223576,284.11139962009605,284.9864501953125,218913200,6816,False,,0.0,,,False,True,0.491623193025589,0.70875,2,True,FP
2020-02-26,286.3811587759355,289.9634233462724,283.2090890630601,283.93829345703125,194773800,6817,False,,0.0,,,False,True,0.39896833896636963,0.6025,2,True,FP
2020-02-27,278.43268874388383,283.9929622601153,271.1861267089844,271.1861267089844,284353500,6818,False,,0.0,,,False,True,0.40900373458862305,0.615,2,True,FP
2020-02-28,263.15566832306206,271.5325340386913,260.27526361074985,270.0467529296875,384975800,6819,False,,0.0,,,False,True,0.4866800308227539,0.703125,2,True,FP
2020-03-02,271.8241810091955,281.80532914475464,268.40598340350584,281.74151611328125,238703600,6820,False,,0.0,,,False,True,0.05944480374455452,0.2025,2,False,TN
2020-03-03,282.11517570579525,286.07116546161603,271.2407589694564,273.67449951171875,300139100,6821,False,,0.0,,,False,True,0.10777441412210464,0.28,2,False,TN
2020-03-04,279.0342265229959,285.39663994831454,276.4910804079347,285.1778564453125,176613400,6822,False,,0.0,,,False,True,0.02790236473083496,0.06375,2,False,TN
2020-03-05,277.995197331708,281.17639114422417,273.46494478951723,275.6981506347656,186366800,6823,False,,0.0,,,False,True,0.046894706785678864,0.160625,2,False,TN
2020-03-06,267.2119174164198,272.3437762979566,264.55029623787203,271.14056396484375,228667200,6824,False,,0.0,,,False,True,0.2117331176996231,0.37,2,False,TN
2020-03-09,250.94126219037892,259.04468244351574,249.25497367188592,249.96595764160156,309417300,6825,False,,0.0,,,False,True,0.44758087396621704,0.65875,2,True,FP
2020-03-10,259.4549092564181,262.9915813511426,249.30056924454237,262.90045166015625,276444100,6826,False,,0.0,,,False,True,0.0694965124130249,0.2275,2,False,TN
2020-03-11,255.86357750702288,256.99385297422504,246.912447845986,250.0845184326172,255316300,6827,False,,0.0,,,False,True,0.2612563669681549,0.433125,2,False,TN
2020-03-12,233.34894558391483,243.06574485920348,225.7650981762707,226.1570587158203,392220700,6828,False,0.10634470810282037,0.0,7.0,2020-03-23,False,True,0.36701688170433044,0.5525,2,True,FP
2020-03-13,239.8116563713259,247.45931815181189,226.53082479595767,245.4904327392578,329566100,6829,False,0.2009222382584439,0.0,6.0,2020-03-23,False,True,0.06945359706878662,0.2275,2,False,TN
2020-03-16,219.84020754106757,234.1692913616769,216.35821121478764,218.62789916992188,297240000,6830,False,0.06951257972546343,0.0,5.0,2020-03-23,False,True,0.34380587935447693,0.51875,2,True,FP
2020-03-17,223.3586992105736,233.50392810842425,216.09390266325667,230.43209838867188,262070500,6831,False,0.1272579068587878,0.0,4.0,2020-03-23,False,True,0.04659055173397064,0.159375,2,False,TN
2020-03-18,215.34648084640503,226.3940926828577,207.84467929166857,218.76467895507812,327597100,6832,False,0.07018169698557597,0.0,3.0,2020-03-23,False,True,0.16414007544517517,0.32625,2,False,TN
2020-03-19,218.0809829271714,225.4916389608034,211.67300364288351,219.2294921875,289322000,6833,False,0.07245553120886372,0.0,2.0,2020-03-23,False,True,0.16414007544517517,0.32625,2,False,TN
2020-03-20,222.3707472149836,224.14949538908877,209.50693107809147,209.7819976806641,347158800,6834,False,0.02623904072292138,0.0,1.0,2020-03-23,False,True,0.2998301088809967,0.473125,2,False,TN
2020-03-23,209.22271174158337,210.58885308857097,200.1180920586079,204.4182586669922,326025200,6835,True,0.0,1.0,0.0,2020-03-23,True,True,0.2998301088809967,0.473125,2,False,FN
2020-03-24,214.9348561536564,223.81025556170377,214.3663954320049,222.939208984375,235494500,6836,False,0.09060320950857137,0.0,1.0,2020-03-23,False,True,0.06593464314937592,0.215625,2,False,TN
2020-03-25,224.5162352253458,235.04201992086357,219.82181757105965,226.27664184570312,299430300,6837,False,0.10692970051329587,0.0,2.0,2020-03-23,False,True,0.02846013754606247,0.0675,2,False,TN
2020-03-26,228.7797629312914,240.95590684573168,228.34882847309677,239.48892211914065,257632800,6838,False,0.17156326289463397,0.0,3.0,2020-03-23,False,True,0.021115120500326157,0.024375,2,False,TN
2020-03-27,232.21801874837783,239.13128235143063,230.18254563117415,232.3555450439453,224341200,6839,False,0.13666727502294407,0.0,4.0,2020-03-23,False,True,0.026762990280985832,0.0575,2,False,TN
2020-03-30,234.44607454125364,240.6166693743866,232.45644779685475,239.90150451660156,171369500,6840,False,0.17358158748144614,0.0,5.0,2020-03-23,False,True,0.01932486891746521,0.014375,2,False,TN
2020-03-31,238.9020663927464,241.44181196172076,234.92281361805345,236.3256378173828,194881100,6841,False,0.15608869461298647,0.0,6.0,2020-03-23,False,True,0.023816484957933426,0.038125,2,False,TN
2020-04-01,227.36774076850008,236.24314028710725,223.6268712845055,225.6898498535156,189554600,6842,False,0.10405915462363824,0.0,7.0,2020-03-23,False,True,0.17326495051383972,0.334375,2,False,TN
2020-04-02,224.80964222485147,231.67705936295383,224.25950903784965,230.8977203369141,177660400,6843,False,,0.0,,,False,True,0.05672670528292656,0.195625,2,False,TN
2020-04-03,229.91666012342145,232.26388300481997,224.83715469449984,227.5602874755859,135561200,6844,False,,0.0,,,False,True,0.10547173768281937,0.276875,2,False,TN
2020-04-06,236.4082118927348,244.80683164702756,227.54198862018023,242.84469604492188,188061200,6845,False,,0.0,,,False,False,,,-1,False,TN
2020-04-07,251.41742888047233,252.16927651382895,242.87213629825405,243.09217834472656,201427200,6846,False,,0.0,,,False,False,,,-1,False,TN
2020-04-08,245.6870219261838,253.05874090906812,243.20228632655915,251.2524871826172,153774500,6847,False,,0.0,,,False,False,,,-1,False,TN
2020-04-09,254.5073779529067,257.8265049685233,252.5727758010134,255.07586669921875,189999200,6848,False,0.0188985012853371,0.0,7.0,2020-04-21,False,False,,,-1,False,TN
2020-04-13,254.10401636703236,254.44325732952132,248.85028638040373,252.7470245361328,114839100,6849,False,0.009595959965360334,0.0,6.0,2020-04-21,False,False,,,-1,False,TN
2020-04-14,257.6247434043118,261.2188944182337,252.60941275513804,260.201171875,134143400,6850,False,0.03937149165408638,0.0,5.0,2020-04-21,False,False,,,-1,False,TN
2020-04-15,254.49816925151632,260.3386853472331,252.56353956668625,254.67237854003903,121775000,6851,False,0.017286771073480534,0.0,4.0,2020-04-21,False,False,,,-1,False,TN
2020-04-16,255.94675743848893,256.7536154044949,252.83855229776756,255.9009246826172,131798300,6852,False,0.02219418877485335,0.0,3.0,2020-04-21,False,False,,,-1,False,TN
2020-04-17,261.6590844120488,263.4194774380583,258.9267733430212,262.8143615722656,146684800,6853,False,0.049809856916049444,0.0,2.0,2020-04-21,False,False,,,-1,False,TN
2020-04-20,259.1192277447229,262.95180422099605,257.9639789331066,258.18402099609375,100109300,6854,False,0.03131399866590212,0.0,1.0,2020-04-21,False,False,,,-1,False,TN
2020-04-21,253.72801334575112,254.92912296463592,249.40949178866583,250.3447265625,126385700,6855,True,0.0,1.0,0.0,2020-04-21,True,False,,,-1,False,FN
2020-04-22,255.21326545898827,257.64298911962527,253.8929575111468,255.9009246826172,92951600,6856,False,0.02219418877485335,0.0,1.0,2020-04-21,False,False,,,-1,False,TN
2020-04-23,257.17553974798005,260.33878543364244,255.5801782617905,255.8827362060547,104709700,6857,False,0.022121535051276897,0.0,2.0,2020-04-21,False,False,,,-1,False,TN
2020-04-24,257.39557038512345,260.11870338954105,255.35091919954365,259.4493713378906,85063200,6858,False,0.03636843044551852,0.0,3.0,2020-04-21,False,False,,,-1,False,TN
2020-04-27,261.420615255831,264.3087793852271,260.96217561684955,263.190185546875,77896600,6859,False,0.05131108276478136,0.0,4.0,2020-04-21,False,False,,,-1,False,TN
2020-04-28,266.8303148734214,267.1787336293906,261.6774555396394,261.98004150390625,105270000,6860,False,0.04647717210253055,0.0,5.0,2020-04-21,False,False,,,-1,False,TN
2020-04-29,267.2978754969445,270.36942737195216,266.27097494933463,268.8382263183594,118745600,6861,False,0.07387213627302969,0.0,6.0,2020-04-21,False,False,,,-1,False,TN
2020-04-30,267.4628878219718,268.93907823852754,264.60222850800403,266.33514404296875,122901700,6862,False,0.06387359422359018,0.0,7.0,2020-04-21,False,False,,,-1,False,TN
2020-05-01,261.5947967015309,266.5001059124838,258.1198167734185,259.2842712402344,125180000,6863,False,,0.0,,,False,False,,,-1,False,TN
2020-05-04,257.40472721224256,260.3020696248995,255.92856473218876,259.99951171875,80873200,6864,True,0.006995823875630691,0.1255220155461636,7.0,2020-05-13,False,False,,,-1,False,FN
2020-05-05,262.81440147658856,265.2074439793071,260.1279227837245,262.40179443359375,79569900,6865,False,0.016300028509034226,0.0,6.0,2020-05-13,False,False,,,-1,False,TN
2020-05-06,264.09793589455825,264.4830095523587,260.192020908388,260.6229553222656,73632600,6866,False,0.00941046343018992,0.0,5.0,2020-05-13,False,False,,,-1,False,TN
2020-05-07,263.8320410550969,265.6933050734505,263.2635803176103,263.7678527832031,75250400,6867,False,0.021590865573048124,0.0,4.0,2020-05-13,False,False,,,-1,False,TN
2020-05-08,266.8944094168429,268.5998195757135,265.7666377314456,268.1322021484375,76452400,6868,False,0.03849428802823862,0.0,3.0,2020-05-13,False,False,,,-1,False,TN
2020-05-11,266.20676247386785,269.56254444611375,265.7850057832069,268.1872253417969,79514200,6869,False,0.03870739660510836,0.0,2.0,2020-05-13,False,False,,,-1,False,TN
2020-05-12,269.36997290557235,269.78255179515514,262.7042425975372,262.841796875,95870800,6870,False,0.018004187944035355,0.0,1.0,2020-05-13,False,False,,,-1,False,TN
2020-05-13,262.2825114779081,263.31858964743844,255.7726623265701,258.1932373046875,144721100,6871,True,0.0,1.0,0.0,2020-05-13,True,False,,,-1,False,FN
2020-05-14,255.76347804149395,261.41142959963264,250.2988575639048,261.2830810546875,121977900,6872,False,0.01196717536932912,0.0,1.0,2020-05-13,False,False,,,-1,False,TN
2020-05-15,258.89925085277906,262.53008571070245,257.954866120157,262.4842529296875,111146300,6873,False,0.016619395882690347,0.0,2.0,2020-05-13,False,False,,,-1,False,TN
2020-05-18,268.6915050760796,272.0839701507051,268.3706196611589,270.47943115234375,119703800,6874,False,0.04758526588811307,0.0,3.0,2020-05-13,False,False,,,-1,False,TN
2020-05-19,269.88344074536735,271.58882289589167,267.6829359139752,267.7012634277344,95189300,6875,False,0.03682523300107454,0.0,4.0,2020-05-13,False,False,,,-1,False,TN
2020-05-20,271.23139183302885,273.11098424923154,271.0021718807626,272.2491149902344,85861700,6876,False,0.05443937196914206,0.0,5.0,2020-05-13,False,False,,,-1,False,TN
2020-05-21,272.1206276660374,272.92748596370774,269.278296110494,270.369384765625,78293900,6877,False,0.04715904873437382,0.0,6.0,2020-05-13,False,False,,,-1,False,TN
2020-05-22,270.0851015880697,271.0569912617553,268.84730912262285,270.8827819824219,63958200,6878,False,0.0491474711351938,0.0,7.0,2020-05-13,False,False,,,-1,False,TN
2020-05-26,276.83341854716673,277.0718161691973,270.90120710948116,274.2203063964844,88951400,6879,False,,0.0,,,False,False,,,-1,False,TN
2020-05-27,277.007581296367,278.3370675296901,272.19396476879547,278.3003845214844,104817400,6880,False,,0.0,,,False,False,,,-1,False,TN
2020-05-28,279.3272461114309,281.33521382254526,277.11756385460404,277.7868957519531,90405200,6881,False,,0.0,,,False,False,,,-1,False,TN
2020-05-29,277.3193091660714,279.61150744849493,274.5778489741923,279.02471923828125,119090800,6882,False,,0.0,,,False,False,,,-1,False,TN
2020-06-01,278.3828347935377,280.75754836392883,277.8693847232331,280.15240478515625,55758300,6883,False,,0.0,,,False,False,,,-1,False,TN
2020-06-02,281.06928299945145,282.51796767814466,279.7398250642185,282.47210693359375,74267200,6884,False,0.024849373578327505,0.0,7.0,2020-06-11,False,False,,,-1,False,TN
2020-06-03,284.45263612777273,287.18494662104723,284.1775835194625,286.23138427734375,92567600,6885,False,0.03848857170189701,0.0,6.0,2020-06-11,False,False,,,-1,False,TN
2020-06-04,285.2503333753304,286.9832488519643,283.38906933428206,285.47955322265625,75794400,6886,False,0.035760820654908265,0.0,5.0,2020-06-11,False,False,,,-1,False,TN
2020-06-05,290.861571594763,294.56574307144007,290.79738334131844,292.7961730957031,150524700,6887,False,0.062306568392633155,0.0,4.0,2020-06-11,False,False,,,-1,False,TN
2020-06-08,293.60307791418927,296.52792499363557,293.0621225082108,296.33538818359375,73641200,6888,False,0.07514734904584075,0.0,3.0,2020-06-11,False,False,,,-1,False,TN
2020-06-09,293.6763815746221,296.4086915242657,292.81451293214826,294.12567138671875,77479200,6889,False,0.06713017913959152,0.0,2.0,2020-06-11,False,False,,,-1,False,TN
2020-06-10,294.7034187889176,295.5927930158741,291.76939322056137,292.48455810546875,95000800,6890,False,0.06117598445283767,0.0,1.0,2020-06-11,False,False,,,-1,False,TN
2020-06-11,285.57119193533765,286.2038408309795,275.0729417317749,275.623046875,209243600,6891,True,0.0,1.0,0.0,2020-06-11,True,False,,,-1,False,FN
2020-06-12,282.6188503742168,283.3890255846192,273.78014897594073,278.923828125,194678900,6892,False,0.011975708444645905,0.0,1.0,2020-06-11,False,True,0.8093864917755127,0.97,2,True,FP
2020-06-15,273.2484410988326,282.6556345001692,272.07483636108043,281.5278625488281,135782700,6893,False,0.021423519334745844,0.0,2.0,2020-06-11,False,False,,,-1,False,TN
2020-06-16,289.2570561458452,289.40376017355715,282.09623192993956,286.9465026855469,137627500,6894,False,0.041083123994642756,0.0,3.0,2020-06-11,False,False,,,-1,False,TN
2020-06-17,287.9643521488298,288.25776030514066,285.021148798676,285.7546691894531,83398900,6895,False,0.03414282722864659,0.0,7.0,2020-06-26,False,False,,,-1,False,TN
2020-06-18,284.2417274083413,286.34136061280276,283.78328781211144,285.8645935058594,80828700,6896,False,0.03454064205236218,0.0,6.0,2020-06-26,False,False,,,-1,False,TN
2020-06-19,289.32367329044104,289.5170574345226,282.28787417657315,284.23101806640625,135549600,6897,False,0.028628751519692353,0.0,5.0,2020-06-26,False,False,,,-1,False,TN
2020-06-22,283.6323128106449,286.45030759053503,282.490388367676,286.0543212890625,74649400,6898,False,0.03522726469507198,0.0,4.0,2020-06-26,False,False,,,-1,False,TN
2020-06-23,288.69736494870455,289.6274972240298,286.9660418676936,287.3712463378906,68471200,6899,False,0.03999320114365679,0.0,3.0,2020-06-26,False,False,,,-1,False,TN
2020-06-24,285.3361520549054,285.9531771502916,278.20828264965706,280.0408935546875,132813500,6900,False,0.013464739602476739,0.0,2.0,2020-06-26,False,False,,,-1,False,TN
2020-06-25,279.4697872300513,283.3100111754416,277.45298321689944,283.0429382324219,89468000,6901,False,0.024329104406401125,0.0,1.0,2020-06-26,False,False,,,-1,False,TN
2020-06-26,281.94711324330086,282.15893364058905,275.7401601235611,276.3203125,127961000,6902,True,0.0,1.0,0.0,2020-06-26,True,False,,,-1,False,FN
2020-06-29,277.5727536803356,280.5196622715444,275.28887633629,280.38153076171875,79773300,6903,False,0.014697501696400828,0.0,1.0,2020-06-26,False,True,0.11237295717000961,0.284375,2,False,TN
2020-06-30,279.94872310498295,285.66762102118946,279.7921834155964,283.9731140136719,113394800,6904,False,0.027695399749780858,0.0,2.0,2020-06-26,False,False,,,-1,False,TN
2020-07-01,285.08730690922806,287.22383378335286,284.62684998484224,285.962158203125,72396500,6905,False,0.034893727558030996,0.0,3.0,2020-06-26,False,False,,,-1,False,TN
2020-07-02,289.3880053272748,290.7325599973722,286.87392810290646,287.5369873046875,69344200,6906,False,0.04059301577652752,0.0,4.0,2020-06-26,False,False,,,-1,False,TN
2020-07-06,291.3496151795207,292.55601050927066,290.6036769406393,291.975830078125,61713800,6907,False,0.056657136192711066,0.0,5.0,2020-06-26,False,False,,,-1,False,TN
2020-07-07,290.4379766600847,292.40871878523126,288.58692979485284,288.9645080566406,82910000,6908,False,0.04575919678956142,0.0,6.0,2020-06-26,False,False,,,-1,False,TN
2020-07-08,289.7287189273089,291.2850657221682,287.96979804712055,291.174560546875,54638600,6909,False,0.05375735107014612,0.0,7.0,2020-06-26,False,False,,,-1,False,TN
2020-07-09,291.7823777440841,292.0218243686505,286.10954433852584,289.5169372558594,83354200,6910,False,,0.0,,,False,False,,,-1,False,TN
2020-07-10,289.4525470058198,292.74021752489676,288.02514120267125,292.47314453125,57550400,6911,False,,0.0,,,False,False,,,-1,False,TN
2020-07-13,294.81228763297554,297.1882340667077,289.2868020526864,289.9406433105469,102997500,6912,False,,0.0,,,False,False,,,-1,False,TN
2020-07-14,288.5223761645233,294.47150148289853,287.3251990766644,293.69793701171875,93657000,6913,False,,0.0,,,False,False,,,-1,False,TN
2020-07-15,296.91194993690715,297.4921303782736,294.0202658653574,296.396240234375,87196500,6914,False,,0.0,,,False,False,,,-1,False,TN
2020-07-16,294.49906899438264,295.8712217355854,293.8544180117162,295.41998291015625,54622500,6915,False,,0.0,,,False,False,,,-1,False,TN
2020-07-17,296.4239304864982,297.0593636685046,294.4531601877359,296.2765808105469,62774900,6916,False,,0.0,,,False,False,,,-1,False,TN
2020-07-20,296.0094731698983,299.4168672808463,295.26353484413016,298.6709289550781,56308800,6917,False,,0.0,,,False,False,,,-1,False,TN
2020-07-21,300.63251546137764,301.0745363843272,298.3210113368383,299.306396484375,57292200,6918,False,,0.0,,,False,False,,,-1,False,TN
2020-07-22,298.94714058873586,301.32311478404205,298.83663538971115,301.0099792480469,57792900,6919,False,,0.0,,,False,False,,,-1,False,TN
2020-07-23,300.65084417889534,301.3507479273714,296.05549155599056,297.4184265136719,75738000,6920,False,,0.0,,,False,False,,,-1,False,TN
2020-07-24,295.56736989715625,296.52510025578465,294.001804800679,295.5028991699219,73766600,6921,False,,0.0,,,False,False,,,-1,False,TN
2020-07-27,296.19361733148213,297.83284336537673,295.4016165623497,297.6578674316406,48293000,6922,False,,0.0,,,False,False,,,-1,False,TN
2020-07-28,296.9303216498821,298.0446479275418,295.4752897615271,295.7699890136719,57495000,6923,False,,0.0,,,False,False,,,-1,False,TN
2020-07-29,296.64485042658015,299.9693649980808,296.60800599281623,299.4075927734375,48454200,6924,False,,0.0,,,False,False,,,-1,False,TN
2020-07-30,296.44227447076116,298.7537780991364,294.36102749576685,298.33935546875,61861700,6925,False,,0.0,,,False,False,,,-1,False,TN
2020-07-31,300.1258761780566,300.7981535361253,295.9172923240878,300.69683837890625,84986800,6926,False,,0.0,,,False,False,,,-1,False,TN
2020-08-03,302.35455324026356,303.551730444188,301.8112172413089,302.7873840332031,53077900,6927,False,,0.0,,,False,False,,,-1,False,TN
2020-08-04,301.9308868941844,303.9569091796875,301.9308868941844,303.9569091796875,41917900,6928,False,,0.0,,,False,False,,,-1,False,TN
2020-08-05,305.25535623296946,306.1026094552458,304.98828331124287,305.8447265625,42697700,6929,False,,0.0,,,False,False,,,-1,False,TN
2020-08-06,305.264638297825,308.00894452980793,304.942312718452,307.88922119140625,43679400,6930,False,,0.0,,,False,False,,,-1,False,TN
2020-08-07,306.9223032635199,308.39577169944573,306.01979717179796,308.11029052734375,57308300,6931,False,,0.0,,,False,False,,,-1,False,TN
2020-08-10,308.5615137232704,309.21535494485994,306.6275882566364,309.03118896484375,44282100,6932,False,,0.0,,,False,False,,,-1,False,TN
2020-08-11,310.20985119434204,310.8452840303046,305.75263131441477,306.4801330566406,69601100,6933,False,,0.0,,,False,False,,,-1,False,TN
2020-08-12,308.911406789461,311.5267992817978,308.88378049251634,310.75323486328125,53774400,6934,False,,0.0,,,False,False,,,-1,False,TN
2020-08-13,309.98892606516085,311.49923889521347,309.2706140885454,310.1915283203125,41816100,6935,False,,0.0,,,False,False,,,-1,False,TN
2020-08-14,309.8046668206931,310.73479890808306,309.07713692746546,310.2006530761719,47260400,6936,False,,0.0,,,False,False,,,-1,False,TN
2020-08-17,311.2136614504933,311.58202140842496,310.2098686209025,311.18603515625,35481000,6937,False,,0.0,,,False,False,,,-1,False,TN
2020-08-18,311.5820463337453,312.28194998264934,309.98885496076423,311.85833740234375,38733900,6938,False,,0.0,,,False,False,,,-1,False,TN
2020-08-19,312.23597917424223,312.7516889289628,309.998164191715,310.5599365234375,68054200,6939,False,,0.0,,,False,False,,,-1,False,TN
2020-08-20,308.8377131218765,312.0056596078708,308.7087997728297,311.52679443359375,42207800,6940,False,,0.0,,,False,False,,,-1,False,TN
2020-08-21,311.1953341258538,312.85296841916903,310.85457226958493,312.6319580078125,55106600,6941,False,,0.0,,,False,False,,,-1,False,TN
2020-08-24,315.0631480494956,315.87355700727335,312.604322979584,315.7998962402344,48588700,6942,False,,0.0,,,False,False,,,-1,False,TN
2020-08-25,316.3616932240013,316.9879082126617,315.20133219483836,316.905029296875,38463400,6943,False,,0.0,,,False,False,,,-1,False,TN
2020-08-26,317.49441695300277,320.3492287448196,316.95108089894495,320.0821838378906,50790200,6944,False,,0.0,,,False,False,,,-1,False,TN
2020-08-27,320.94782937860447,322.22788555251475,319.1244090738759,320.78204345703125,58034100,6945,False,0.045376900674243936,0.0,7.0,2020-09-08,False,False,,,-1,False,TN
2020-08-28,321.80426786042483,322.9830369399693,320.616280645361,322.8540954589844,48588900,6946,False,0.05212938368886055,0.0,6.0,2020-09-08,False,False,,,-1,False,TN
2020-08-31,322.6422984405211,323.5171500758055,321.4543112428884,321.6845397949219,66099200,6947,False,0.04831799056321184,0.0,5.0,2020-09-08,False,False,,,-1,False,TN
2020-09-01,322.5132054673394,324.8154899062223,321.6199179808905,324.7142028808594,54908700,6948,False,0.0581911735279832,0.0,4.0,2020-09-08,False,False,,,-1,False,TN
2020-09-02,326.6206721827685,330.37798998883557,325.4787193923163,329.4110412597656,69540000,6949,False,0.07349741166586243,0.0,3.0,2020-09-08,False,False,,,-1,False,TN
2020-09-03,327.7258111608905,328.1954865098459,315.49606874968345,318.07464599609375,148011100,6950,False,0.03655392936292334,0.0,2.0,2020-09-08,False,False,,,-1,False,TN
2020-09-04,318.75596006198134,320.32149696391184,308.38645966468334,315.4775085449219,139156300,6951,False,0.02809027762583738,0.0,1.0,2020-09-08,False,False,,,-1,False,TN
2020-09-08,310.0809875272591,315.54202965407626,306.55389879011744,306.8577880859375,114465300,6952,True,0.0,1.0,0.0,2020-09-08,True,True,0.5179135203361511,0.73125,2,True,TP
2020-09-09,310.85461330882225,315.37630593191915,309.98895161129644,312.91748046875,91462300,6953,False,0.01974755935187611,0.0,1.0,2020-09-08,False,True,0.49461260437965393,0.710625,2,True,FP
2020-09-10,314.78685053527204,315.4406916483202,306.52625029812896,307.4840087890625,90569500,6954,True,0.0020407521902283676,0.744905976221454,2.0,2020-09-08,False,True,0.6252829432487488,0.8475,2,True,TP
2020-09-11,309.26138178450964,310.32042738546795,304.8225690491499,307.64056396484375,84680200,6955,True,0.0025509402377854595,0.6811324702768176,3.0,2020-09-08,False,True,0.320650577545166,0.4975,2,False,FN
2020-09-14,310.79930858274395,313.46076397555305,307.78792941912315,311.6925964355469,65605700,6956,False,0.0157558600020129,0.0,4.0,2020-09-08,False,True,0.04850529879331589,0.16375,2,False,TN
2020-09-15,314.1422160421619,314.97103311859536,311.70179927663685,313.2673645019531,52920900,6957,False,0.020887774939642556,0.0,5.0,2020-09-08,False,False,,,-1,False,TN
2020-09-16,314.5013391992171,315.92874461250403,311.7477873154288,312.0240783691406,82096000,6958,False,0.01683610611752262,0.0,6.0,2020-09-08,False,False,,,-1,False,TN
2020-09-17,307.1801324619214,310.9927306673699,306.65520463292705,309.2798156738281,91523300,6959,True,0.007892996957966414,0.013375380254198266,7.0,2020-09-08,False,True,0.6582165360450745,0.87375,2,True,TP
2020-09-18,310.0833240814501,310.1942716478776,303.2412847248806,305.7192077636719,105877900,6960,False,0.02482659043506752,0.0,3.0,2020-09-23,False,True,0.5264158844947815,0.746875,2,True,FP
2020-09-21,301.142417821237,302.4645898682485,297.4717524188794,302.316650390625,99450800,6961,False,0.013420597017490543,0.0,2.0,2020-09-23,False,True,0.31485870480537415,0.4925,2,False,TN
2020-09-22,303.7959671425477,305.9502737084909,301.29027968535905,305.3955078125,63612100,6962,False,0.023741489110521874,0.0,1.0,2020-09-23,False,True,0.18634937703609467,0.34625,2,False,TN
2020-09-23,305.95029107636867,306.2276881483939,297.8138181951708,298.3131103515625,93112200,6963,True,0.0,1.0,0.0,2020-09-23,True,True,0.43724989891052246,0.646875,2,True,TP
2020-09-24,297.0001579503366,302.15941605078405,295.68721289484193,299.1082458496094,76681300,6964,True,0.002665439333557229,0.6668200833053464,1.0,2020-09-23,False,True,0.37943682074546814,0.576875,2,True,TP
2020-09-25,298.25759348900306,304.72979648153216,297.38849504638966,303.94390869140625,71069400,6965,False,0.018875463881583565,0.0,2.0,2020-09-23,False,True,0.0503518208861351,0.170625,2,False,TN
2020-09-28,308.09538490645014,309.70418077413325,307.10605558287943,308.99224853515625,64584600,6966,False,0.035798420562235256,0.0,3.0,2020-09-23,False,False,,,-1,False,TN
2020-09-29,308.788814611231,309.5284836874694,306.6159979020015,307.3094482421875,51304000,6967,False,0.030157366801689678,0.0,4.0,2020-09-23,False,False,,,-1,False,TN
2020-09-30,307.9752282610911,312.78316294549495,307.7810700245136,309.6395263671875,104081100,6968,False,0.037968214009356904,0.0,5.0,2020-09-23,False,False,,,-1,False,TN
2020-10-01,312.2283039383906,313.19912304877136,309.7503816970542,311.6273193359375,88698700,6969,False,0.044631658892511306,0.0,6.0,2020-09-23,False,False,,,-1,False,TN
2020-10-02,306.69007030245626,311.59969787140113,306.2185149056574,308.668701171875,89431100,6970,False,0.03471383074015222,0.0,7.0,2020-09-23,False,False,,,-1,False,TN
2020-10-05,310.7212700191764,314.3272066536649,310.675051276602,314.1423034667969,45713100,6971,False,,0.0,,,False,False,,,-1,False,TN
2020-10-06,314.28103543468586,316.37064209992303,309.16799456037955,309.676513671875,90128900,6972,False,,0.0,,,False,False,,,-1,False,TN
2020-10-07,312.6259658002967,315.87132309591203,312.5982289095894,315.0669250488281,56999600,6973,False,,0.0,,,False,False,,,-1,False,TN
2020-10-08,316.99932011187576,317.9239207082548,316.08394633419226,317.85919189453125,45242500,6974,False,,0.0,,,False,False,,,-1,False,TN
2020-10-09,319.50498071538817,321.1600236881462,318.8855141153723,320.6977233886719,59528600,6975,False,,0.0,,,False,False,,,-1,False,TN
2020-10-12,323.23107167134015,327.3270449402805,322.74103455582997,325.85693359375,80388500,6976,False,,0.0,,,False,False,,,-1,False,TN
2020-10-13,325.71820121665775,325.89387753565416,322.7687239239019,323.7303161621094,73255500,6977,False,,0.0,,,False,False,,,-1,False,TN
2020-10-14,324.30360807019053,325.39462982999737,320.96581398724754,321.69622802734375,57727900,6978,False,,0.0,,,False,False,,,-1,False,TN
2020-10-15,317.7944015372411,321.77942707857534,317.2581457104829,321.29864501953125,60357700,6979,False,,0.0,,,False,False,,,-1,False,TN
2020-10-16,322.64852844457636,324.30357096252817,320.9287853470718,321.1044616699219,89501900,6980,False,,0.0,,,False,False,,,-1,False,TN
2020-10-19,322.36195837394564,322.99067994136914,315.3257621196153,316.2226257324219,68425600,6981,False,,0.0,,,False,False,,,-1,False,TN
2020-10-20,317.56327447111846,320.72542054305353,316.8051235185024,317.48931884765625,60051900,6982,False,,0.0,,,False,False,,,-1,False,TN
2020-10-21,317.44313504454004,319.60672543903087,316.583263194965,316.8883972167969,63575000,6983,False,0.04958060437767675,0.0,7.0,2020-10-30,False,False,,,-1,False,TN
2020-10-22,317.1010927406869,319.20918150432095,314.96526708081734,318.6266784667969,55399300,6984,False,0.055338045486210685,0.0,6.0,2020-10-30,False,False,,,-1,False,TN
2020-10-23,319.84699739967823,319.902471164237,317.2581276650549,319.70831298828125,49143900,6985,False,0.058920576827674154,0.0,5.0,2020-10-30,False,False,,,-1,False,TN
2020-10-26,316.3336594798121,317.11957576154066,310.31449956101216,313.8002624511719,91473000,6986,False,0.039352251486968415,0.0,4.0,2020-10-30,False,False,,,-1,False,TN
2020-10-27,314.14230712329396,314.475149793473,312.5057460118679,312.7184143066406,65994100,6987,False,0.03576901259480669,0.0,3.0,2020-10-30,False,True,0.5023369193077087,0.72,2,True,FP
2020-10-28,307.05985871686283,312.7461466489848,301.5399921174108,302.030029296875,127094300,6988,True,0.00036752204829060275,0.9540597439636747,2.0,2020-10-30,False,True,0.40691086649894714,0.61375,2,True,TP
2020-10-29,302.2612611563048,308.26191152233594,300.5784808713042,305.09979248046875,90597700,6989,False,0.01053502557896846,0.0,1.0,2020-10-30,False,True,0.4233865737915039,0.62625,2,True,FP
2020-10-30,303.5278632885841,304.8315534323046,298.27613900813606,301.9190673828125,120287300,6990,True,0.0,1.0,0.0,2020-10-30,True,True,0.41202038526535034,0.6175,2,True,TP
2020-11-02,305.3030700683594,307.300182145621,302.56623250835605,305.3030700683594,86068300,6991,False,0.011208310607478733,0.0,1.0,2020-10-30,False,True,0.09746091812849045,0.26875,2,False,TN
2020-11-03,308.52995012960014,312.746126248305,305.38631400131226,310.6935119628906,93294200,6992,False,0.029062240606860135,0.0,2.0,2020-10-30,False,True,0.02416696585714817,0.04,2,False,TN
2020-11-04,315.15934752702685,321.70553558783416,313.9851149209246,317.6372985839844,126959700,6993,False,0.052061074967624466,0.0,3.0,2020-10-30,False,False,,,-1,False,TN
2020-11-05,322.907491721787,325.63507467035436,322.55613899305547,323.83209228515625,82039700,6994,False,0.07257913550242767,0.0,4.0,2020-10-30,False,False,,,-1,False,TN
2020-11-06,323.5453884056445,325.00627273599883,321.4373007708258,323.758056640625,74973000,6995,False,0.07233391864622507,0.0,5.0,2020-10-30,False,False,,,-1,False,TN
2020-11-09,336.52684917649657,336.9059387720614,327.36405472488747,327.82635498046875,172304200,6996,False,0.08580871629683329,0.0,6.0,2020-10-30,False,False,,,-1,False,TN
2020-11-10,326.83706430106344,328.39964160698554,324.08177251066513,327.3456115722656,85552000,6997,False,0.08421642399025431,0.0,7.0,2020-10-30,False,False,,,-1,False,TN
2020-11-11,329.5276225136965,330.60016251209254,328.2886611922482,329.77728271484375,58649000,6998,False,,0.0,,,False,False,,,-1,False,TN
2020-11-12,328.76945432758134,329.8235125087104,324.7752013576145,326.5781555175781,67546200,6999,False,,0.0,,,False,False,,,-1,False,TN
2020-11-13,328.48285175165734,331.8391565132532,327.965077662347,331.0994873046875,62892200,7000,False,,0.0,,,False,False,,,-1,False,TN
2020-11-16,333.762310414162,335.42658008620566,332.4771021299016,335.232421875,74541100,7001,False,,0.0,,,False,False,,,-1,False,TN
2020-11-17,332.82842818706325,334.6314103678308,331.32132492500256,333.4294128417969,66111000,7002,False,,0.0,,,False,False,,,-1,False,TN
2020-11-18,333.6976848697734,334.2431959668281,329.37978663106264,329.4167785644531,70591300,7003,False,,0.0,,,False,False,,,-1,False,TN
2020-11-19,328.7879664083773,331.173423449706,327.44728430310664,330.8035888671875,59940900,7004,False,,0.0,,,False,False,,,-1,False,TN
2020-11-20,330.54463375254744,330.7480469635193,328.46428291074824,328.5382385253906,70417300,7005,False,,0.0,,,False,False,,,-1,False,TN
2020-11-23,330.34129961206247,331.7651924296882,328.1130087910506,330.5077209472656,63230600,7006,False,,0.0,,,False,False,,,-1,False,TN
2020-11-24,333.0503176608031,336.37888489880055,332.1997010545498,335.8333740234375,62415900,7007,False,,0.0,,,False,False,,,-1,False,TN
2020-11-25,335.75020670349176,335.77794359169803,334.2246214190069,335.3156433105469,45330900,7008,False,,0.0,,,False,False,,,-1,False,TN
2020-11-27,336.40664748720786,336.7210082758483,335.24164181075275,336.2494812011719,28514100,7009,False,,0.0,,,False,False,,,-1,False,TN
2020-11-30,335.47279650501997,335.7409385582566,332.08878340971694,334.7608642578125,83872700,7010,False,,0.0,,,False,False,,,-1,False,TN
2020-12-01,338.00624890506265,339.95714263167446,337.41449097572354,338.42230224609375,74231400,7011,False,,0.0,,,False,False,,,-1,False,TN
2020-12-02,337.31284330421136,339.29147418331377,336.7395953692992,339.1343078613281,45927000,7012,False,,0.0,,,False,False,,,-1,False,TN
2020-12-03,339.03258456312386,340.42874067685017,337.9415624876724,339.0418395996094,62882000,7013,True,0.005566870099153576,0.304141237605803,7.0,2020-12-14,False,False,,,-1,False,FN
2020-12-04,339.62432345507125,341.96356201171875,339.53185774514355,341.96356201171875,50749900,7014,False,0.014232429679389869,0.0,6.0,2020-12-14,False,False,,,-1,False,TN
2020-12-07,341.19598287878136,341.75074868637205,339.9940138094691,341.2607116699219,48944300,7015,False,0.012147840298965873,0.0,5.0,2020-12-14,False,False,,,-1,False,TN
2020-12-08,339.9940864550397,342.82336164005824,339.9478677180988,342.2593688964844,42458900,7016,False,0.015109765655441754,0.0,4.0,2020-12-14,False,False,,,-1,False,TN
2020-12-09,342.91589783781166,343.0730641489794,338.3576233487797,339.18975830078125,74098300,7017,True,0.006005583343342558,0.2493020820821803,3.0,2020-12-14,False,False,,,-1,False,FN
2020-12-10,337.82129446332254,340.1235407764272,336.952167699225,339.0787658691406,57735400,7018,True,0.005676390013630295,0.29045124829621316,2.0,2020-12-14,False,False,,,-1,False,FN
2020-12-11,337.38671728522763,339.0879788216525,335.8703871356922,338.68115234375,57698600,7019,True,0.004497104917996264,0.437861885250467,1.0,2020-12-14,False,False,,,-1,False,FN
2020-12-14,340.8448073293693,341.9173192847848,336.9892100885421,337.1648864746094,69216200,7020,True,0.0,1.0,0.0,2020-12-14,True,False,,,-1,False,FN
2020-12-15,339.69826688785116,341.72314453125,338.3298760097503,341.72314453125,63865300,7021,False,0.013519373575053173,0.0,1.0,2020-12-14,False,False,,,-1,False,TN
2020-12-16,341.935753088197,343.1747143338236,341.0573713537836,342.2593688964844,58420500,7022,False,0.015109765655441754,0.0,2.0,2020-12-14,False,False,,,-1,False,TN
2020-12-17,343.8959099470601,344.3766920459077,343.0730019635639,344.17327880859375,64119500,7023,False,0.020786246181398127,0.0,3.0,2020-12-14,False,False,,,-1,False,TN
2020-12-18,344.4611087749372,344.62823947679175,340.7933577976849,342.79901123046875,136542300,7024,False,0.01671029511634403,0.0,4.0,2020-12-14,False,False,,,-1,False,TN
2020-12-21,338.8898932592316,351.4159127548199,336.15997816972384,341.5733642578125,96386700,7025,False,0.013075139078977394,0.0,5.0,2020-12-14,False,False,,,-1,False,TN
2020-12-22,341.89839793934385,342.0098184311258,339.87418344037354,340.9977111816406,47949000,7026,False,0.011367805073378756,0.0,6.0,2020-12-14,False,False,,,-1,False,TN
2020-12-23,341.9633643931626,343.20760697353194,340.979112376798,341.3041076660156,46201400,7027,False,0.012276548826557487,0.0,7.0,2020-12-14,False,False,,,-1,False,TN
2020-12-24,341.77759567483866,342.6597215709097,341.1926382423749,342.6318664550781,26457900,7028,False,,0.0,,,False,False,,,-1,False,TN
2020-12-28,345.1761449139129,345.9654111690172,344.5540377310399,345.575439453125,39000400,7029,False,,0.0,,,False,False,,,-1,False,TN
2020-12-29,347.09815522580993,347.27458040793783,344.3310908811892,344.91607666015625,53680500,7030,False,,0.0,,,False,False,,,-1,False,TN
2020-12-30,345.7332289197448,346.4389297116673,345.0182619794542,345.4082336425781,49455300,7031,False,,0.0,,,False,False,,,-1,False,TN
2020-12-31,345.2132645868987,347.8874694685123,344.7025779385661,347.1632080078125,78520700,7032,False,,0.0,,,False,False,,,-1,False,TN
2021-01-04,348.4910332362678,348.6210426946345,338.7506384714175,342.43695068359375,110210800,7033,False,,0.0,,,False,False,,,-1,False,TN
2021-01-05,341.7962685644844,345.8818471316903,341.7498244688002,344.7954406738281,66426200,7034,False,,0.0,,,False,False,,,-1,False,TN
2021-01-06,343.29118386394964,350.04170094295614,342.743347597711,346.8567810058594,107997700,7035,False,,0.0,,,False,False,,,-1,False,TN
2021-01-07,349.22456754371,352.7530149569909,349.04814233936133,352.01019287109375,68766800,7036,False,,0.0,,,False,False,,,-1,False,TN
2021-01-08,353.3937336428552,354.22941562712896,350.1531317059406,354.015869140625,71677200,7037,False,,0.0,,,False,False,,,-1,False,TN
2021-01-11,350.84948394564515,353.38438462890787,350.7287689918053,351.62945556640625,51034700,7038,False,,0.0,,,False,False,,,-1,False,TN
2021-01-12,351.815275742109,352.71593423715626,349.46603738716954,351.7038269042969,52547700,7039,False,,0.0,,,False,False,,,-1,False,TN
2021-01-13,351.6294773146356,353.6443970420134,350.84950564563337,352.65087890625,45303600,7040,False,,0.0,,,False,False,,,-1,False,TN
2021-01-14,353.39372265354797,353.89514316325904,351.0816626236897,351.4159240722656,49989100,7041,False,,0.0,,,False,False,,,-1,False,TN
2021-01-15,349.80025180486865,350.5987841141442,346.99606590019863,348.8531494140625,107160000,7042,False,,0.0,,,False,False,,,-1,False,TN
2021-01-19,351.3044700083426,352.13088573862603,349.82809207789774,351.5923156738281,51233300,7043,False,,0.0,,,False,False,,,-1,False,TN
2021-01-20,353.8764823240062,357.2935370131807,353.4865107131989,356.4578552246094,61836100,7044,False,0.037344140752699984,0.0,7.0,2021-01-29,False,False,,,-1,False,TN
2021-01-21,357.0150334029827,357.44218304043847,355.86365062010475,356.78289794921875,47840100,7045,False,0.03829006229973775,0.0,6.0,2021-01-29,False,False,,,-1,False,TN
2021-01-22,354.9350947122526,356.68075778914084,354.55438918277406,355.52008056640625,52860500,7046,False,0.03461508026833937,0.0,5.0,2021-01-29,False,False,,,-1,False,TN
2021-01-25,356.2535985157263,357.2749716933398,351.4158759647186,356.9221496582031,70402000,7047,False,0.03869530500175,0.0,4.0,2021-01-29,False,False,,,-1,False,TN
2021-01-26,357.86928439217473,358.2778450349725,356.1329158287073,356.36505126953125,42665300,7048,False,0.037074067761943885,0.0,3.0,2021-01-29,False,False,,,-1,False,TN
2021-01-27,353.05019098865546,353.1430508430368,345.4268701693278,347.6553649902344,123351100,7049,False,0.011727615447322481,0.0,2.0,2021-01-29,False,False,,,-1,False,TN
2021-01-28,349.465906140877,354.6378897005829,349.02951878829003,350.6451721191406,94198100,7050,False,0.020428388516826823,0.0,1.0,2021-01-29,False,False,,,-1,False,TN
2021-01-29,348.78814770996314,349.75383907984985,341.9540655846165,343.6254577636719,126765100,7051,True,0.0,1.0,0.0,2021-01-29,True,False,,,-1,False,FN
2021-02-01,347.01459668411917,350.3759130211794,343.9132708831619,349.3452453613281,75817600,7052,False,0.016645412813360405,0.0,1.0,2021-01-29,False,True,0.1894136667251587,0.34875,2,False,TN
2021-02-02,352.52084118245415,355.83574176244537,349.42880987347587,354.2850646972656,64450700,7053,False,0.031021004680406694,0.0,2.0,2021-01-29,False,False,,,-1,False,TN
2021-02-03,355.11155700905664,356.28152883956943,353.29162286803046,354.563720703125,52427100,7054,False,0.031831934137359186,0.0,3.0,2021-01-29,False,False,,,-1,False,TN
2021-02-04,355.59433635934124,358.63995212915546,354.67508910571235,358.5935363769531,47142600,7055,False,0.04355928315292501,0.0,4.0,2021-01-29,False,False,,,-1,False,TN
2021-02-05,360.4599486119879,360.7106447040377,358.54715471512554,360.00494384765625,48669800,7056,False,0.047666683925523756,0.0,5.0,2021-01-29,False,False,,,-1,False,TN
2021-02-08,361.4534473259199,362.6512741525483,360.59920475972706,362.6048583984375,38365200,7057,False,0.05523281295362792,0.0,6.0,2021-01-29,False,False,,,-1,False,TN
2021-02-09,361.7690925550702,362.9576530503986,361.3605603058533,362.3633728027344,35551100,7058,False,0.05453005478991457,0.0,7.0,2021-01-29,False,False,,,-1,False,TN
2021-02-10,364.09992228743914,364.2484924232781,359.81006233619235,362.2056884765625,59154400,7059,False,,0.0,,,False,False,,,-1,False,TN
2021-02-11,363.2826838806573,363.7005390243798,360.3670773709089,362.7905578613281,42913300,7060,False,,0.0,,,False,False,,,-1,False,TN
2021-02-12,361.9920325190132,364.82407372216704,361.91773330512245,364.5826721191406,50593300,7061,False,,0.0,,,False,False,,,-1,False,TN
2021-02-16,365.80828939947554,366.0033035639086,363.5519398125603,364.2669067382813,50972400,7062,False,,0.0,,,False,False,,,-1,False,TN
2021-02-17,362.5213571797197,364.60128206037706,361.50922152730385,364.3505859375,52290600,7063,False,,0.0,,,False,False,,,-1,False,TN
2021-02-18,361.7505784893111,363.54265727343494,360.0327705772848,362.7998352050781,59712800,7064,False,,0.0,,,False,False,,,-1,False,TN
2021-02-19,364.0534130118511,364.34125872083973,361.71346939446187,362.1591796875,83241000,7065,False,,0.0,,,False,False,,,-1,False,TN
2021-02-22,359.4013292371553,361.7783935972179,359.10418910793686,359.37347412109375,67414200,7066,False,,0.0,,,False,False,,,-1,False,TN
2021-02-23,357.1729115862207,361.15636405887625,353.0316228676275,359.8099670410156,107284100,7067,False,0.028670140396937827,0.0,7.0,2021-03-04,False,False,,,-1,False,TN
2021-02-24,358.72354113198065,364.2019604215528,357.7392890909114,363.7748107910156,72433900,7068,False,0.04000533605731671,0.0,6.0,2021-03-04,False,False,,,-1,False,TN
2021-02-25,362.5119400777811,363.87689740324714,353.57007967389603,355.0093078613281,146670500,7069,False,0.014945410109507895,0.0,5.0,2021-03-04,False,False,,,-1,False,TN
2021-02-26,356.8850463128118,358.0271345906392,351.20237503364604,353.1801452636719,152701600,7070,False,0.009715969242114042,0.0,4.0,2021-03-04,False,True,0.6506223678588867,0.8675,2,True,FP
2021-03-01,358.0364901808045,362.9856346855263,353.3752197529631,361.7413635253906,105348800,7071,False,0.03419186040120237,0.0,3.0,2021-03-04,False,False,,,-1,False,TN
2021-03-02,361.9641337209318,362.1962691468464,358.41709761211445,358.91851806640625,79595300,7072,False,0.026121553570926936,0.0,2.0,2021-03-04,False,False,,,-1,False,TN
2021-03-03,358.22221361056233,359.18787685432164,354.0623353944959,354.16448974609375,119940200,7073,False,0.012530137468911517,0.0,1.0,2021-03-04,False,False,,,-1,False,TN
2021-03-04,353.97867561907805,356.5600204671109,345.30609935501286,349.78167724609375,183433000,7074,True,0.0,1.0,0.0,2021-03-04,True,True,0.47933128476142883,0.694375,2,True,TP
2021-03-05,353.27300175449477,357.2657484566025,346.01182648724296,356.21649169921875,152039600,7075,False,0.018396659607180288,0.0,1.0,2021-03-04,False,True,0.05853908136487007,0.19875,2,False,TN
2021-03-08,357.17293919990277,359.97712560372787,354.1644724397162,354.4430236816406,123149200,7076,False,0.013326445433753609,0.0,2.0,2021-03-04,False,True,0.08262491971254349,0.24563206577595068,3,False,TN
2021-03-09,358.27788847962165,362.04776622878813,357.77646793232316,359.5035705566406,113633600,7077,False,0.027794175461360426,0.0,3.0,2021-03-04,False,False,,,-1,False,TN
2021-03-10,361.8435178759324,363.43131668977617,360.43214430105473,361.7413635253906,109899400,7078,False,0.03419186040120237,0.0,4.0,2021-03-04,False,False,,,-1,False,TN
2021-03-11,364.2019037645304,367.37750035793965,363.7468990842494,365.4089965820313,86245000,7079,False,0.04467735262457073,0.0,5.0,2021-03-04,False,False,,,-1,False,TN
2021-03-12,364.0533342174548,366.0403986280399,363.2455075098559,365.901123046875,64653600,7080,False,0.04608430586671419,0.0,6.0,2021-03-04,False,False,,,-1,False,TN
2021-03-15,366.151838816547,368.3432119800072,364.0162042253978,368.0832214355469,73427200,7081,False,0.019601201371590493,0.0,7.0,2021-03-24,False,False,,,-1,False,TN
2021-03-16,368.6960693202915,369.401741761804,366.84825201962127,367.6189575195313,73722500,7082,False,0.018315176856056103,0.0,6.0,2021-03-24,False,False,,,-1,False,TN
2021-03-17,366.33762904443535,369.6710910137919,365.19551232371896,368.87255859375,97959300,7083,False,0.021787688198271482,0.0,5.0,2021-03-24,False,False,,,-1,False,TN
2021-03-18,366.2912103516865,368.371135091279,362.82773894437463,363.5055847167969,115349100,7084,True,0.006921014864644581,0.13487314191942734,4.0,2021-03-24,False,False,,,-1,False,FN
2021-03-19,363.20560482975657,364.7799824618673,360.6623728633488,362.8329772949219,113624500,7085,True,0.005057872793890583,0.3677659007636771,3.0,2021-03-24,False,False,,,-1,False,FN
2021-03-22,363.3453133880508,367.1089166376452,363.28942068287944,365.7301635742187,73778600,7086,False,0.013083162834136575,0.0,2.0,2021-03-24,False,False,,,-1,False,TN
2021-03-23,365.096619429753,366.54056140133423,362.0689753225367,362.85150146484375,90686600,7087,True,0.005109185281955364,0.3613518397555795,1.0,2021-03-24,False,False,,,-1,False,FN
2021-03-24,364.248968775631,365.87923909623805,360.9604817803928,361.0070495605469,97588600,7088,True,0.0,1.0,0.0,2021-03-24,True,False,,,-1,False,FN
2021-03-25,359.5724129695901,363.82972563036685,357.63470442840975,363.0379028320313,116128600,7089,True,0.005625522476518263,0.2968096904352171,1.0,2021-03-24,False,False,,,-1,False,FN
2021-03-26,364.1837033175459,369.28878794295866,363.587505033435,368.8882141113281,114409100,7090,False,0.02183105443612532,0.0,2.0,2021-03-24,False,False,,,-1,False,TN
2021-03-29,367.4163152580118,369.60554090899944,365.93510175704296,368.701904296875,108107600,7091,False,0.021314970845292436,0.0,3.0,2021-03-24,False,False,,,-1,False,TN
2021-03-30,367.4349664373488,368.3944957563923,366.1307275395253,367.7237548828125,76262200,7092,False,0.01860546859248835,0.0,4.0,2021-03-24,False,False,,,-1,False,TN
2021-03-31,368.2920667610857,370.7700812685605,368.2641204047091,369.2143249511719,112734200,7093,False,0.0227343909228801,0.0,5.0,2021-03-24,False,False,,,-1,False,TN
2021-04-01,371.1425953951237,373.257306623369,370.9376460344491,373.2013854980469,99682900,7094,False,0.03377866430127652,0.0,6.0,2021-03-24,False,False,,,-1,False,TN
2021-04-05,375.8564594894642,379.0983784802134,375.7819453604423,378.55804443359375,91684800,7095,False,0.04861676494797451,0.0,7.0,2021-03-24,False,False,,,-1,False,TN
2021-04-06,377.9991164320186,379.3778410378448,377.663731778131,378.33447265625,62021000,7096,False,,0.0,,,False,False,,,-1,False,TN
2021-04-07,378.1668155866389,379.1170200378233,377.7103490017058,378.7723388671875,55836300,7097,False,,0.0,,,False,False,,,-1,False,TN
2021-04-08,380.02062094317336,380.62614416673193,379.08903800549706,380.57025146484375,57863100,7098,False,,0.0,,,False,False,,,-1,False,TN
2021-04-09,380.4492124791382,383.5048037222059,380.32810213483407,383.3370971679687,61104600,7099,False,,0.0,,,False,False,,,-1,False,TN
2021-04-12,382.74093955092366,383.7470368351651,382.1354161945966,383.4768981933594,56704900,7100,False,,0.0,,,False,False,,,-1,False,TN
2021-04-13,383.3744102474096,385.23757653606214,382.9924577466764,384.6134033203125,56551000,7101,False,,0.0,,,False,False,,,-1,False,TN
2021-04-14,384.58539585907903,385.63808919365846,382.7595011466084,383.2998352050781,61659900,7102,False,,0.0,,,False,False,,,-1,False,TN
2021-04-15,385.43314308577106,387.6875864651336,385.3865753074208,387.41741943359375,60229800,7103,False,,0.0,,,False,False,,,-1,False,TN
2021-04-16,388.7030163808725,389.3178645876654,387.28702042046496,388.71234130859375,82037300,7104,False,,0.0,,,False,False,,,-1,False,TN
2021-04-19,387.78073043129933,388.2278720552796,385.4797193923822,386.8025512695313,78498500,7105,False,,0.0,,,False,False,,,-1,False,TN
2021-04-20,385.5914957452918,386.6907567846418,382.4986335803177,383.9705505371094,81851800,7106,False,,0.0,,,False,False,,,-1,False,TN
2021-04-21,383.3557434051097,387.808709170284,383.2159832062883,387.603759765625,66793000,7107,False,,0.0,,,False,False,,,-1,False,TN
2021-04-22,387.4361366812249,388.265230915813,383.0017917121167,384.0637817382813,97582800,7108,False,,0.0,,,False,False,,,-1,False,TN
2021-04-23,384.6227137075241,389.6346353832558,384.5481995678462,388.2279357910156,73209200,7109,False,,0.0,,,False,False,,,-1,False,TN
2021-04-26,388.8800074072831,389.6066410056365,388.2931055721406,389.0383605957031,52182400,7110,False,,0.0,,,False,False,,,-1,False,TN
2021-04-27,389.336389612309,389.53204246806536,387.8179051119229,388.9544372558594,51303100,7111,False,,0.0,,,False,False,,,-1,False,TN
2021-04-28,389.2247259133634,390.34263698563,388.3769818956655,388.8427734375,51238900,7112,False,,0.0,,,False,False,,,-1,False,TN
2021-04-29,391.56289934262634,391.93552678623496,387.94835343735446,391.3206787109375,78544300,7113,False,,0.0,,,False,False,,,-1,False,TN
2021-04-30,389.05704160482367,389.9047856090629,387.85529148566474,388.7496032714844,85527000,7114,False,,0.0,,,False,False,,,-1,False,TN
2021-05-03,390.73390277771705,391.1158552700201,389.0943358120596,389.5880737304687,68128300,7115,False,0.03154855647286303,0.0,7.0,2021-05-12,False,False,,,-1,False,TN
2021-05-04,387.6037940867692,388.0975320013042,383.504834060297,387.1845703125,101591200,7116,False,0.025184577058548374,0.0,6.0,2021-05-12,False,False,,,-1,False,TN
2021-05-05,388.82405711429095,389.0569528283678,386.7466171100507,387.3055725097656,60162200,7117,False,0.025504965823851755,0.0,5.0,2021-05-12,False,False,,,-1,False,TN
2021-05-06,387.3801805344539,390.5289359008101,385.3772825937991,390.3985290527344,74321400,7118,False,0.03369447436445472,0.0,4.0,2021-05-12,False,False,,,-1,False,TN
2021-05-07,391.16236490015007,393.89189602548134,390.48229913565626,393.2397766113281,67733800,7119,False,0.04121750962984416,0.0,3.0,2021-05-12,False,False,,,-1,False,TN
2021-05-10,393.59381081117,393.81738162988034,389.2246843410474,389.3457946777344,81852400,7120,False,0.030907051704201827,0.0,2.0,2021-05-12,False,False,,,-1,False,TN
2021-05-11,384.8369282355566,386.8584473474661,382.0049080638009,385.8709716796875,116888000,7121,False,0.021706439854584758,0.0,1.0,2021-05-12,False,False,,,-1,False,TN
2021-05-12,383.0948540805935,384.3617932044162,376.3594993403955,377.6730346679687,134811000,7122,True,0.0,1.0,0.0,2021-05-12,True,True,0.5417743921279907,0.7420349434737924,3,True,TP
2021-05-13,379.21952621514686,384.13828367571983,379.17293000396353,382.20989990234375,106394000,7123,False,0.012012679799508597,0.0,1.0,2021-05-12,False,True,0.27317461371421814,0.4367934224049332,3,False,TN
2021-05-14,384.93936652675745,388.92654024691893,384.91142017662577,388.0787963867187,82201600,7124,False,0.02755230255688823,0.0,2.0,2021-05-12,False,False,,,-1,False,TN
2021-05-17,386.97025720812496,387.9018401628468,385.0791165175704,387.0913391113281,65129200,7125,False,0.024937720141019692,0.0,3.0,2021-05-12,False,False,,,-1,False,TN
2021-05-18,387.3521523950896,387.5943730427938,383.5978745039429,383.7562561035156,59810200,7126,False,0.016107110852896955,0.0,4.0,2021-05-12,False,False,,,-1,False,TN
2021-05-19,379.0798024141684,382.92721668401646,377.5985602871788,382.7502136230469,106467100,7127,False,0.01344331866197912,0.0,5.0,2021-05-12,False,True,0.20858493447303772,0.3802672147995889,3,False,TN
2021-05-20,383.62581816312553,388.1253793888649,383.50473626977606,386.86773681640625,78022200,7128,False,0.024345667560092155,0.0,6.0,2021-05-12,False,False,,,-1,False,TN
2021-05-21,388.3490042918943,389.5880256140857,386.0945893314259,386.5510559082031,76578700,7129,False,0.02350716208277759,0.0,7.0,2021-05-12,False,False,,,-1,False,TN
2021-05-24,388.7868558465473,391.5629834929008,388.5446351628032,390.4916687011719,51376700,7130,False,,0.0,,,False,False,,,-1,False,TN
2021-05-25,391.5722490957163,391.9262551656702,389.0476672600288,389.625244140625,57451400,7131,False,,0.0,,,False,False,,,-1,False,TN
2021-05-26,390.2122010644439,390.9015634477315,389.1781574895125,390.3985290527344,43088600,7132,False,,0.0,,,False,False,,,-1,False,TN
2021-05-27,391.4232216191229,391.9355808710809,390.3239321287522,390.6034240722656,56707700,7133,False,,0.0,,,False,False,,,-1,False,TN
2021-05-28,392.1685199593985,392.4293620777178,391.0692587771713,391.3021545410156,58520200,7134,False,,0.0,,,False,False,,,-1,False,TN
2021-06-01,393.65901283958925,393.7987445957446,390.5195828561252,390.9574279785156,54216600,7135,False,,0.0,,,False,False,,,-1,False,TN
2021-06-02,391.609506384416,392.41068247668926,390.6034093428114,391.5722351074219,49097100,7136,False,,0.0,,,False,False,,,-1,False,TN
2021-06-03,389.2619476298755,391.2555203916502,387.79935555163786,390.1189880371094,58138800,7137,False,,0.0,,,False,False,,,-1,False,TN
2021-06-04,391.96354696648706,393.9850945840739,390.18422002621526,393.6869812011719,55938800,7138,False,,0.0,,,False,False,,,-1,False,TN
2021-06-07,393.67768124837585,393.85468430384935,392.3734706525122,393.3050537109375,51555000,7139,False,,0.0,,,False,False,,,-1,False,TN
2021-06-08,394.1620869131879,394.2552509032389,391.5629906976117,393.3888854980469,47134300,7140,False,,0.0,,,False,False,,,-1,False,TN
2021-06-09,394.22732293544,394.30186550282065,392.5784311103021,392.802001953125,48436300,7141,False,0.012906170004358897,0.0,7.0,2021-06-18,False,False,,,-1,False,TN
2021-06-10,394.0223149057569,395.5780709347275,392.7087795402519,394.6278381347656,51020100,7142,False,0.017614396348942796,0.0,6.0,2021-06-18,False,False,,,-1,False,TN
2021-06-11,395.1775688004502,395.39181472194224,393.89197955285624,395.280029296875,45570800,7143,False,0.01929618118923937,0.0,5.0,2021-06-18,False,False,,,-1,False,TN
2021-06-14,395.39171779317087,396.2674079810726,394.1527250628629,396.1649475097656,42358500,7144,False,0.02157809195682514,0.0,4.0,2021-06-18,False,False,,,-1,False,TN
2021-06-15,396.3140447697688,396.3512876197017,394.56266421460623,395.4383544921875,51508500,7145,False,0.019704449391544143,0.0,3.0,2021-06-18,False,False,,,-1,False,TN
2021-06-16,395.5780452993392,395.8016160944157,391.19029786804174,393.2304382324219,80386100,7146,False,0.014010965164759526,0.0,2.0,2021-06-18,False,False,,,-1,False,TN
2021-06-17,392.82063411530976,394.07824847919915,390.63140827908353,393.10009765625,90949700,7147,False,0.013674860019801116,0.0,1.0,2021-06-18,False,False,,,-1,False,TN
2021-06-18,389.8251604695109,390.5167781405025,387.5914076691271,387.7970275878906,118676300,7148,True,0.0,1.0,0.0,2021-06-18,True,False,,,-1,False,FN
2021-06-21,389.5541254102761,393.53566194360144,388.74100113745214,393.3487243652344,72822000,7149,False,0.014315985895702932,0.0,1.0,2021-06-18,False,False,,,-1,False,TN
2021-06-22,393.33938339648705,396.28346475320944,392.61969941589416,395.4516296386719,57700300,7150,False,0.01973868159432035,0.0,2.0,2021-06-18,False,False,,,-1,False,TN
2021-06-23,395.5263432061953,396.33011186649463,394.89080121581947,394.9749145507813,49445400,7151,False,0.018509391388421337,0.0,3.0,2021-06-18,False,False,,,-1,False,TN
2021-06-24,397.1152589733079,397.73209014648296,396.8628904252522,397.3115234375,45110300,7152,False,0.024534731245336783,0.0,4.0,2021-06-18,False,False,,,-1,False,TN
2021-06-25,398.05925946140326,399.17147241602134,397.73213297075046,398.7228393554687,58129500,7153,False,0.028174047221395604,0.0,5.0,2021-06-18,False,False,,,-1,False,TN
2021-06-28,399.2462335097463,399.69483801915226,398.04990728021846,399.526611328125,53159600,7154,False,0.030246708731092475,0.0,6.0,2021-06-18,False,False,,,-1,False,TN
2021-06-29,399.9098038354574,400.5453458904214,399.20883078354126,399.7415771484375,35970500,7155,False,0.03080103433190895,0.0,7.0,2021-06-18,False,False,,,-1,False,TN
2021-06-30,399.2835916114196,400.7509687229313,399.2555538300446,400.0780334472656,64827900,7156,False,,0.0,,,False,False,,,-1,False,TN
2021-07-01,400.835038783346,402.4519600618117,400.76960779298105,402.2930603027344,53441000,7157,False,,0.0,,,False,False,,,-1,False,TN
2021-07-02,403.4521211484216,405.72326732240344,402.3772728272661,405.36810302734375,57697700,7158,False,,0.0,,,False,False,,,-1,False,TN
2021-07-06,405.4240804253988,405.6390557421083,401.9005331586208,404.629638671875,68710400,7159,False,,0.0,,,False,False,,,-1,False,TN
2021-07-07,405.3120296077387,406.3401292771382,403.3025789263996,406.0597229003906,63549500,7160,False,,0.0,,,False,False,,,-1,False,TN
2021-07-08,400.7510054866028,403.5081778396305,399.57336151548776,402.7511291503906,97595200,7161,False,0.01400125285043452,0.0,7.0,2021-07-19,False,False,,,-1,False,TN
2021-07-09,404.2558173257462,407.3494426746745,402.5547825987507,407.05035400390625,76238600,7162,False,0.024825355062008336,0.0,6.0,2021-07-19,False,False,,,-1,False,TN
2021-07-12,406.9662269112006,408.7607303525051,406.536304788165,408.50836181640625,52889600,7163,False,0.028496162271560932,0.0,5.0,2021-07-19,False,False,,,-1,False,TN
2021-07-13,407.72328794262097,409.2187027689948,406.85408823599073,407.11578369140625,52911300,7164,False,0.024990086530889632,0.0,4.0,2021-07-19,False,False,,,-1,False,TN
2021-07-14,408.8075027783235,409.29352904474496,406.48028123314407,407.7233276367187,64130400,7165,False,0.026519691979813187,0.0,3.0,2021-07-19,False,False,,,-1,False,TN
2021-07-15,406.3867945573869,407.0597298390083,404.43341971053184,406.3307189941406,55126400,7166,False,0.023013539405434713,0.0,2.0,2021-07-19,False,False,,,-1,False,TN
2021-07-16,407.5084154784258,407.5551356129404,402.7511477644121,403.1436767578125,75874700,7167,False,0.014989564830015789,0.0,1.0,2021-07-19,False,False,,,-1,False,TN
2021-07-19,398.33022241023,403.20899534087897,394.3860800906429,397.1899719238281,147987000,7168,True,0.0,1.0,0.0,2021-07-19,True,False,,,-1,False,FN
2021-07-20,397.85357937142714,404.15300952398457,397.05913759218,402.88189697265625,99608200,7169,False,0.014330485287074923,0.0,1.0,2021-07-19,False,False,,,-1,False,TN
2021-07-21,404.07824240394586,406.28398573679834,402.8351960952672,406.1437683105469,64724400,7170,False,0.022542856113285437,0.0,2.0,2021-07-19,False,False,,,-1,False,TN
2021-07-22,406.3213579405747,407.23730633204167,405.3400070746696,406.9942932128906,47878500,7171,False,0.024684211541329493,0.0,3.0,2021-07-19,False,False,,,-1,False,TN
2021-07-23,408.91963853760046,411.5179109011736,408.2373763394922,411.1814575195313,63766600,7172,False,0.03522618037896086,0.0,4.0,2021-07-19,False,False,,,-1,False,TN
2021-07-26,410.5926462837905,412.20021236866125,410.5459261537889,412.19085693359375,43719200,7173,False,0.03776753208825334,0.0,5.0,2021-07-19,False,False,,,-1,False,TN
2021-07-27,411.15341783224966,411.1814556139232,407.48965273178777,410.312255859375,67397100,7174,False,0.033037802721926246,0.0,6.0,2021-07-19,False,False,,,-1,False,TN
2021-07-28,410.93851547172494,411.5179820776677,408.7234447581243,410.1440734863281,52472400,7175,False,0.03261437215988994,0.0,7.0,2021-07-19,False,False,,,-1,False,TN
2021-07-29,411.06927031045103,412.91982079238494,411.05991487644866,411.8450012207031,47435300,7176,False,,0.0,,,False,False,,,-1,False,TN
2021-07-30,409.2841560298152,411.29360644207577,409.1532940336554,409.8449401855469,68951200,7177,False,,0.0,,,False,False,,,-1,False,TN
2021-08-02,411.55528082300833,412.1067095157106,408.62988215553224,408.9850463867187,58783300,7178,False,,0.0,,,False,False,,,-1,False,TN
2021-08-03,409.7795060797524,412.43385397257424,407.5924735593852,412.3123474121094,58053900,7179,False,,0.0,,,False,False,,,-1,False,TN
2021-08-04,411.0319645301903,412.2843664783354,410.0506135217893,410.2842712402344,46732200,7180,False,,0.0,,,False,False,,,-1,False,TN
2021-08-05,411.4431375086628,412.96659014888616,411.12536648595767,412.8824768066406,38969700,7181,False,,0.0,,,False,False,,,-1,False,TN
2021-08-06,413.20029762470335,413.9853841029397,412.91989126076,413.5647888183594,46930000,7182,False,,0.0,,,False,False,,,-1,False,TN
2021-08-09,413.53671760242094,413.8544886377314,412.4618979342041,413.2283020019531,41222600,7183,True,0.006717015410563798,0.16037307367952525,7.0,2021-08-18,False,False,,,-1,False,FN
2021-08-10,413.676878576167,414.4526380263717,412.9946164227404,413.7423095703125,43339300,7184,True,0.007969253368637519,0.0038433289203101406,6.0,2021-08-18,False,False,,,-1,False,FN
2021-08-11,414.80780947459465,414.8638850355054,413.6862412110491,414.7704162597656,44034300,7185,False,0.010473952327822111,0.0,5.0,2021-08-18,False,False,,,-1,False,TN
2021-08-12,414.6208676326382,416.1536756754447,413.7236301446858,416.0134582519531,38909400,7186,False,0.013502281990486642,0.0,4.0,2021-08-18,False,False,,,-1,False,TN
2021-08-13,416.4620942233985,416.7892206760995,415.9760965228515,416.7705383300781,39470300,7187,False,0.0153466992121154,0.0,3.0,2021-08-18,False,False,,,-1,False,TN
2021-08-16,415.4713908619817,417.8827255582406,413.9199004513762,417.75189208984375,73740000,7188,False,0.01773749752701037,0.0,2.0,2021-08-18,False,False,,,-1,False,TN
2021-08-17,415.2003367624512,415.87327201338974,412.0319534928369,415.013427734375,92673900,7189,False,0.011065982896019122,0.0,1.0,2021-08-18,False,False,,,-1,False,TN
2021-08-18,414.0040642835704,415.5649103189403,410.22817626839674,410.4711608886719,89351900,7190,True,0.0,1.0,0.0,2021-08-18,True,False,,,-1,False,FN
2021-08-19,407.7513380397817,412.3030136509168,407.61114913490746,411.1066589355469,92812200,7191,True,0.001548216068332664,0.806472991458417,1.0,2021-08-18,False,True,0.8004041314125061,0.9640287769784173,3,True,TP
2021-08-20,411.45252871527185,414.7050256555393,410.96650244315384,414.3778991699219,72008700,7192,False,0.009517692480007334,0.0,2.0,2021-08-18,False,False,,,-1,False,TN
2021-08-23,416.0602189821948,418.9295421673049,414.4526529864892,418.02294921875,54973000,7193,False,0.018397853612245108,0.0,3.0,2021-08-18,False,False,,,-1,False,TN
2021-08-24,418.6864929199219,419.2192392352231,418.17245747210313,418.6864929199219,38744700,7194,False,0.02001439519761572,0.0,4.0,2021-08-18,False,False,,,-1,False,TN
2021-08-25,418.8734458981507,420.07909894332823,418.4995708066867,419.5650634765625,40529700,7195,False,0.02215479052950342,0.0,5.0,2021-08-18,False,False,,,-1,False,TN
2021-08-26,419.2846772641112,419.5183349461485,416.9948490937456,417.08831787109375,57829600,7196,False,0.016120881593960634,0.0,6.0,2021-08-18,False,False,,,-1,False,TN
2021-08-27,417.8921363097158,421.19138203158167,417.8360607411706,420.8175354003906,77235100,7197,False,0.025206093624991377,0.0,7.0,2021-08-18,False,False,,,-1,False,TN
2021-08-30,421.4904469021432,423.4531772582027,421.2474337704148,422.6680908203125,48357400,7198,False,,0.0,,,False,False,,,-1,False,TN
2021-08-31,422.5745248356213,422.9109781504676,421.4436298305058,422.0417785644531,59300200,7199,False,,0.0,,,False,False,,,-1,False,TN
2021-09-01,422.97644169749,423.49047714229727,422.0324556203987,422.26611328125,48721400,7200,False,,0.0,,,False,False,,,-1,False,TN
2021-09-02,423.686814177093,424.36907636322894,422.3689814101181,423.5653076171875,42501000,7201,False,,0.0,,,False,False,,,-1,False,TN
2021-09-03,422.4344228744772,423.9765579301553,422.0325099688313,423.4624938964844,47170500,7202,False,,0.0,,,False,False,,,-1,False,TN
2021-09-07,423.1166526229062,423.21012139664674,421.27542901861193,421.9483642578125,51671500,7203,False,,0.0,,,False,False,,,-1,False,TN
2021-09-08,421.4156133100836,422.14462405168274,419.51828577257527,421.4342956542969,56181900,7204,False,,0.0,,,False,False,,,-1,False,TN
2021-09-09,421.2380284408069,422.98578312246457,419.387449559995,419.6304626464844,57970400,7205,False,,0.0,,,False,False,,,-1,False,TN
2021-09-10,421.5558370150139,421.9764037145198,416.2003928599835,416.3218994140625,89948200,7206,False,,0.0,,,False,False,,,-1,False,TN
2021-09-13,419.3127250750678,419.5744205265016,415.07882068151736,417.3873596191406,83738600,7207,False,,0.0,,,False,True,0.7587162852287292,0.947584789311408,3,True,FP
2021-09-14,418.8267230433787,419.03234294728094,414.2470381175579,415.1349487304687,78197100,7208,False,,0.0,,,False,True,0.7193080186843872,0.9270298047276464,3,True,FP
2021-09-15,415.5555116773011,419.0977701394543,414.4526542585058,418.6024169921875,78792200,7209,False,,0.0,,,False,False,,,-1,False,TN
2021-09-16,418.0790622084627,419.05105771787464,414.99476341128366,417.9388732910156,77786700,7210,False,,0.0,,,False,False,,,-1,False,TN
2021-09-17,417.168134146106,417.5900482343099,413.51137369740354,413.86767578125,118425000,7211,False,,0.0,,,False,True,0.7772160768508911,0.9588900308324769,3,True,FP
2021-09-20,407.7543985068498,409.3296017705494,402.10987722418974,406.966796875,166445500,7212,False,,0.0,,,False,True,0.6501224637031555,0.8597122302158273,3,True,FP
2021-09-21,409.30144322368784,410.59537031179264,406.05726871090457,406.5823364257813,92526100,7213,False,,0.0,,,False,True,0.5961442589759827,0.8057553956834532,3,True,FP
2021-09-22,408.8513933729336,412.5831513891095,406.6948671942367,410.5484924316406,102350100,7214,False,,0.0,,,False,True,0.07026610523462296,0.22456320657759507,3,False,TN
2021-09-23,412.41428200419415,417.1399190998085,412.1798757996464,415.53656005859375,76396000,7215,False,0.03392090467895015,0.0,7.0,2021-10-04,False,False,,,-1,False,TN
2021-09-24,413.9051954031547,416.9337345501658,413.6895313452658,416.22113037109375,62094800,7216,False,0.035624224253806513,0.0,6.0,2021-10-04,False,False,,,-1,False,TN
2021-09-27,415.1897146952346,416.3523605127942,414.33647253059087,415.03033447265625,61371100,7217,False,0.03266133508605962,0.0,5.0,2021-10-04,False,False,,,-1,False,TN
2021-09-28,412.2644018182025,412.5925763413833,405.9354320967594,406.6667785644531,130436300,7218,False,0.011851480738410691,0.0,4.0,2021-10-04,False,True,0.6449756622314453,0.8576567317574512,3,True,FP
2021-09-29,408.045029638689,409.7796416267998,406.7886155612909,407.3511962890625,82329200,7219,False,0.013554420650380594,0.0,3.0,2021-10-04,False,True,0.4321672320365906,0.6145940390544707,3,True,FP
2021-09-30,408.8232109595568,409.52642965582174,402.0348156347722,402.3723754882813,140506000,7220,True,0.001166324387918971,0.8542094515101286,2.0,2021-10-04,False,True,0.3455945551395416,0.5066803699897225,3,True,TP
2021-10-01,404.0975677717047,408.8325618141087,400.5814745875316,407.1542053222656,129240100,7221,False,0.013064275863660768,0.0,1.0,2021-10-04,False,True,0.02623668499290943,0.08067831449126413,3,False,TN
2021-10-04,405.9916570765266,406.89176913571015,399.76581284989487,401.9036254882813,128570000,7222,True,0.0,1.0,0.0,2021-10-04,True,True,0.3778241276741028,0.5364850976361768,3,True,TP
2021-10-05,403.4037052054627,408.3262356545151,402.60674697637165,406.0853271484375,90682500,7223,False,0.01040473734238101,0.0,1.0,2021-10-04,False,True,0.04647045210003853,0.1695786228160329,3,False,TN
2021-10-06,402.49426854273986,407.97938044868795,400.8721956255004,407.7731018066406,113032200,7224,False,0.014604188532084894,0.0,2.0,2021-10-04,False,True,0.03316758945584297,0.12024665981500514,3,False,TN
2021-10-07,411.0454050378357,414.1301704422201,410.86725401277494,411.2985534667969,72437500,7225,False,0.023376071731379566,0.0,3.0,2021-10-04,False,False,,,-1,False,TN
2021-10-08,412.0674690550003,412.45189876084635,409.9202996692927,410.5484924316406,74557400,7226,False,0.02150980084555476,0.0,4.0,2021-10-04,False,False,,,-1,False,TN
2021-10-11,409.8921372238028,412.7987803671197,407.5105617770027,407.5762023925781,65233300,7227,False,0.014114271543097079,0.0,5.0,2021-10-04,False,False,,,-1,False,TN
2021-10-12,408.4950240548549,408.89819586614095,405.785274549618,406.5728759765625,71181200,7228,False,0.011617836197940212,0.0,6.0,2021-10-04,False,True,0.5400602221488953,0.7410071942446043,3,True,FP
2021-10-13,407.5950510863336,408.85146544656,404.6227951649018,408.0357360839844,72974000,7229,False,0.015257664292659845,0.0,7.0,2021-10-04,False,True,0.21853896975517273,0.3920863309352518,3,False,TN
2021-10-14,411.6922973111735,415.04901022272514,411.2234848966917,414.89898681640625,70236800,7230,False,,0.0,,,False,False,,,-1,False,TN
2021-10-15,417.0087329506892,418.42455590539737,416.38989699593026,418.0588684082031,66260200,7231,False,,0.0,,,False,False,,,-1,False,TN
2021-10-18,416.2774158643815,419.6341011247243,415.6210668502245,419.2965698242187,62213200,7232,False,,0.0,,,False,False,,,-1,False,TN
2021-10-19,420.9186862186984,422.597014600356,420.30920699257047,422.5314025878906,46996800,7233,False,,0.0,,,False,False,,,-1,False,TN
2021-10-20,422.99078957769177,424.49099536699856,422.8782791509517,424.1909484863281,49571600,7234,False,,0.0,,,False,False,,,-1,False,TN
2021-10-21,423.5908483463569,425.5223536137635,423.1595488456662,425.2973327636719,41305400,7235,False,,0.0,,,False,False,,,-1,False,TN
2021-10-22,424.86601382430814,426.30996431243693,422.91573783259383,424.8566284179687,58845100,7236,False,,0.0,,,False,False,,,-1,False,TN
2021-10-25,425.9442668817109,427.4632147429343,424.17217058163135,427.1350402832031,45214500,7237,False,,0.0,,,False,False,,,-1,False,TN
2021-10-26,428.6821140262044,429.8916295403,427.14439546156063,427.5194396972656,56075100,7238,False,,0.0,,,False,False,,,-1,False,TN
2021-10-27,427.9789361517596,428.6446418796485,425.5504622585324,425.62548828125,72438000,7239,False,,0.0,,,False,False,,,-1,False,TN
2021-10-28,427.0505864256295,429.8072056463084,427.041229635109,429.7322082519531,51437900,7240,False,,0.0,,,False,False,,,-1,False,TN
2021-10-29,427.435131798945,430.89497056169455,427.14447031928165,430.6043090820313,70162400,7241,False,,0.0,,,False,False,,,-1,False,TN
2021-11-01,431.5887947913139,431.9638676988326,429.6198050970678,431.3450317382813,48433600,7242,False,,0.0,,,False,False,,,-1,False,TN
2021-11-02,431.513786097975,433.398421537022,431.38250486096626,433.0889892578125,48908400,7243,False,,0.0,,,False,False,,,-1,False,TN
2021-11-03,432.5263728629684,436.1362346004919,432.0856879971298,435.7330627441406,52509800,7244,False,,0.0,,,False,False,,,-1,False,TN
2021-11-04,436.3331630823048,437.8708818410705,435.9862464051318,437.7864990234375,52847100,7245,False,,0.0,,,False,False,,,-1,False,TN
2021-11-05,440.0086386395662,441.29318025230174,437.795857475972,439.305419921875,66390600,7246,False,,0.0,,,False,False,,,-1,False,TN
2021-11-08,440.4024399467041,440.8993800137787,438.99600255528054,439.6804504394531,50405200,7247,False,,0.0,,,False,False,,,-1,False,TN
2021-11-09,440.0461369788913,440.28054321030675,436.8207049454919,438.2271423339844,51149100,7248,False,,0.0,,,False,False,,,-1,False,TN
2021-11-10,436.5394889244419,438.22723130169896,433.2203166158605,434.7017517089844,69429700,7249,False,,0.0,,,False,False,,,-1,False,TN
2021-11-11,436.19246728766257,436.26749330276374,434.8235429594951,434.84228515625,34848500,7250,False,,0.0,,,False,False,,,-1,False,TN
2021-11-12,436.10807465603904,438.6771576415782,435.1610643814979,438.12396240234375,53466700,7251,False,,0.0,,,False,False,,,-1,False,TN
2021-11-15,439.40856410960447,439.56794432499424,437.1488845782679,438.2740173339844,46980500,7252,False,,0.0,,,False,False,,,-1,False,TN
2021-11-16,438.0114907479462,441.14315465497026,437.9364933419403,440.0086364746094,48857500,7253,False,,0.0,,,False,False,,,-1,False,TN
2021-11-17,439.7461631711891,439.9243142257767,438.3209833485355,438.9398193359375,47858300,7254,False,,0.0,,,False,False,,,-1,False,TN
2021-11-18,439.97117780399594,440.6931674194312,437.2520708292828,440.4306335449219,50625600,7255,False,,0.0,,,False,False,,,-1,False,TN
2021-11-19,440.3180067810075,441.5650638970231,439.277256897484,439.6429443359375,57315600,7256,False,0.04082137947113407,0.0,7.0,2021-12-01,False,False,,,-1,False,TN
2021-11-22,441.5181949166131,444.0028951339013,438.1989948186662,438.4052734375,72762000,7257,False,0.03789128733969149,0.0,6.0,2021-12-01,False,False,,,-1,False,TN
2021-11-23,438.0771663973215,439.8399060268832,435.4799553727706,438.9866638183594,73206500,7258,False,0.03926768504153877,0.0,5.0,2021-12-01,False,False,,,-1,False,TN
2021-11-24,436.9894839645097,440.2805567109923,436.17375483241744,440.1586608886719,61858800,7259,False,0.042042299357938795,0.0,4.0,2021-12-01,False,False,,,-1,False,TN
2021-11-26,433.50155816840993,434.96425094373944,429.2166048622243,430.3417663574219,112669600,7260,False,0.01880154492351571,0.0,3.0,2021-12-01,False,False,,,-1,False,TN
2021-11-29,435.1236348523177,437.4583119148909,432.92959581507233,435.6205749511719,86268800,7261,False,0.03129872454005622,0.0,2.0,2021-12-01,False,False,,,-1,False,TN
2021-11-30,433.18277789277585,435.0861556207731,426.9006785426518,427.14447021484375,148559600,7262,False,0.011232188415992495,0.0,1.0,2021-12-01,False,False,,,-1,False,TN
2021-12-01,432.84514843479013,435.6861505788109,422.2031006903949,422.3999938964844,131939200,7263,True,0.0,1.0,0.0,2021-12-01,True,True,0.5717684626579285,0.774922918807811,3,True,TP
2021-12-02,422.6156566962603,430.4354444700302,422.2218416711752,428.8695983886719,127637800,7264,False,0.015316298735015943,0.0,1.0,2021-12-01,False,True,0.07728114724159241,0.23484069886947584,3,False,TN
2021-12-03,430.5292522904625,431.58874442702455,420.9185967447433,425.1379089355469,137331600,7265,True,0.006481806530834078,0.18977418364574028,2.0,2021-12-01,False,True,0.22661644220352173,0.3972250770811922,3,False,FN
2021-12-06,427.6788270649763,432.0481622961489,425.2691243350437,430.17291259765625,98977500,7266,False,0.01840179643344575,0.0,3.0,2021-12-01,False,True,0.034762926399707794,0.12589928057553956,3,False,TN
2021-12-07,435.4425011894109,439.6336867722237,430.0417711460416,439.0711059570313,95484700,7267,False,0.03946759541060141,0.0,4.0,2021-12-01,False,False,,,-1,False,TN
2021-12-08,439.46481188962696,440.68371284123066,437.7114292516763,440.233642578125,72238800,7268,False,0.04221981282985299,0.0,5.0,2021-12-01,False,False,,,-1,False,TN
2021-12-09,438.9491577219033,440.3368530852221,437.06455084489505,437.2614440917969,61272600,7269,False,0.021401612008928872,0.0,7.0,2021-12-20,False,False,,,-1,False,TN
2021-12-10,439.9617692478392,441.52758690349503,437.41142821807136,441.3775634765625,77159800,7270,False,0.031016479799417684,0.0,6.0,2021-12-20,False,False,,,-1,False,TN
2021-12-13,440.86184888742423,441.2087655181387,437.18634673203786,437.4676513671875,87724700,7271,False,0.021883292811885058,0.0,5.0,2021-12-20,False,False,,,-1,False,TN
2021-12-14,434.2046763056092,436.6893763663621,431.541825239176,434.4578247070313,97264100,7272,False,0.01485262078696814,0.0,4.0,2021-12-20,False,False,,,-1,False,TN
2021-12-15,434.5142873045404,441.4901925403467,432.0014299956625,441.2464294433594,116899300,7273,False,0.03071016303009655,0.0,3.0,2021-12-20,False,False,,,-1,False,TN
2021-12-16,443.0934854498481,443.3747615247552,435.8081203552477,437.355224609375,116568600,7274,False,0.02162067447858762,0.0,2.0,2021-12-20,False,False,,,-1,False,TN
2021-12-17,434.2812684547361,437.2828031601146,430.9974694601213,432.7005310058594,135511600,7275,False,0.010747747962248422,0.0,1.0,2021-12-20,False,False,,,-1,False,TN
2021-12-20,427.62896667138153,428.4945962518149,424.4863000014907,428.0994262695313,107134800,7276,True,0.0,1.0,0.0,2021-12-20,True,True,0.3530377745628357,0.5143884892086331,3,True,TP
2021-12-21,431.5148943716561,435.8431279715981,429.3507919289712,435.7019958496094,69806300,7277,False,0.017758887570411108,0.0,1.0,2021-12-20,False,False,,,-1,False,TN
2021-12-22,435.4478830766361,440.1712858051097,435.250269425295,440.0583801269531,58890200,7278,False,0.027934991554724675,0.0,2.0,2021-12-20,False,False,,,-1,False,TN
2021-12-23,441.0558332086626,444.2925972471357,440.9523458894644,442.7965393066406,56439700,7279,False,0.03433107389369883,0.0,3.0,2021-12-20,False,False,,,-1,False,TN
2021-12-27,444.17028879957417,449.11011430535285,444.1232543282057,449.0630798339844,56808600,7280,False,0.04896912324113778,0.0,4.0,2021-12-20,False,False,,,-1,False,TN
2021-12-28,449.4958929694086,450.5214913868531,447.9339637503562,448.6961059570313,47274600,7281,False,0.048111906775909485,0.0,5.0,2021-12-20,False,False,,,-1,False,TN
2021-12-29,448.7995600259367,450.28619942831625,447.802188171838,449.27001953125,54503000,7282,False,0.04945251491271496,0.0,6.0,2021-12-20,False,False,,,-1,False,TN
2021-12-30,449.693431506238,450.7002217741406,447.56697399413,448.0280151367187,55329000,7283,False,0.04655130944894181,0.0,7.0,2021-12-20,False,False,,,-1,False,TN
2021-12-31,447.5387725895835,448.68666632067624,446.6260799179109,446.89892578125,65237400,7284,False,,0.0,,,False,False,,,-1,False,TN
2022-01-03,448.15981168840295,449.61825370387953,445.85457683489585,449.4865112304687,72668200,7285,False,,0.0,,,False,False,,,-1,False,TN
2022-01-04,450.9072238974489,451.62233155714586,447.4822648058163,449.33587646484375,71178700,7286,False,,0.0,,,False,False,,,-1,False,TN
2022-01-05,448.9689402836536,449.74050080120287,440.61357447061033,440.7076721191406,104538900,7287,False,,0.0,,,False,False,,,-1,False,TN
2022-01-06,440.2466056724417,443.0034914570786,437.93192425280233,440.2936401367187,86858900,7288,False,,0.0,,,False,True,0.7060061097145081,0.9172661870503597,3,True,FP
2022-01-07,440.3031029677847,441.47925183914367,437.1980527186537,438.552978515625,85111600,7289,False,,0.0,,,False,True,0.496589720249176,0.6870503597122302,3,True,FP
2022-01-10,435.3633434538239,438.2237172664322,429.6237303519184,438.00732421875,119362000,7290,False,,0.0,,,False,True,0.4842219054698944,0.6695786228160329,3,True,FP
2022-01-11,437.7437907456816,442.0908322693714,434.75164626994354,441.9967346191406,74303100,7291,False,,0.0,,,False,False,,,-1,False,TN
2022-01-12,443.72804221308974,445.2429369205549,441.2346123000405,443.1917114257813,67605400,7292,False,,0.0,,,False,False,,,-1,False,TN
2022-01-13,444.29252568167936,444.94176206075105,436.0594847879406,437.0850830078125,91173100,7293,False,,0.0,,,False,False,,,-1,False,TN
2022-01-14,433.94247281173614,437.6120514809011,432.7286791584299,437.263916015625,95890900,7294,False,,0.0,,,False,True,0.5328209400177002,0.7276464542651593,3,True,FP
2022-01-18,432.5780671415864,432.7850704583351,428.4098031013755,429.52008056640625,109709100,7295,False,0.058551939691367405,0.0,7.0,2022-01-27,False,True,0.718558132648468,0.9270298047276464,3,True,FP
2022-01-19,431.0632487949444,432.455790611051,424.7873060995941,425.0601806640625,109357600,7296,False,0.04756051948528617,0.0,6.0,2022-01-27,False,True,0.672908365726471,0.8905447070914697,3,True,FP
2022-01-20,426.9420242523039,431.6372011815895,418.2385229314581,420.3555908203125,122379700,7297,False,0.035966061088866796,0.0,5.0,2022-01-27,False,True,0.6745047569274902,0.8915724563206577,3,True,FP
2022-01-21,419.2359449897429,421.5882429254132,412.07556385655806,412.1037902832031,202271200,7298,False,0.015629504406849293,0.0,4.0,2022-01-27,False,True,0.5211871862411499,0.7137718396711202,3,True,FP
2022-01-24,406.50524550753806,414.3619251147175,395.901098425589,413.8538208007813,251783900,7299,False,0.01994245339973144,0.0,3.0,2022-01-27,False,True,0.36885276436805725,0.5282631038026722,3,True,FP
2022-01-25,407.4743871661888,413.7409112645625,401.9135523304981,408.8010864257813,167997300,7300,True,0.007489993048289012,0.0637508689638735,2.0,2022-01-27,False,True,0.43622007966041565,0.6187050359712231,3,True,TP
2022-01-26,414.6818862839636,417.80574473347866,403.5225703047687,407.7755432128906,186391100,7301,True,0.004962542513703649,0.3796821857870438,1.0,2022-01-27,False,True,0.36244142055511475,0.5246659815005139,3,True,TP
2022-01-27,412.3672026513168,415.50045053402,404.0777079047049,405.7619323730469,149878300,7302,True,0.0,1.0,0.0,2022-01-27,True,True,0.3607410192489624,0.5215827338129496,3,True,TP
2022-01-28,407.11686454826264,415.886237349482,402.54401155859085,415.8392028808594,164457400,7303,False,0.024835426154634188,0.0,1.0,2022-01-27,False,True,0.04995051398873329,0.18139773895169578,3,False,TN
2022-01-31,415.17113717300543,423.677053931945,413.8256297428248,423.3289184570313,152251400,7304,False,0.04329382498068801,0.0,2.0,2022-01-27,False,True,0.019701547920703888,0.0328879753340185,3,False,TN
2022-02-01,424.053395889453,426.8291186076498,420.5343677869096,426.1893005371094,123155400,7305,False,0.05034323462675672,0.0,3.0,2022-01-27,False,False,,,-1,False,TN
2022-02-02,428.5886396673794,431.05384305532795,426.2833764423959,430.329345703125,117361000,7306,False,0.06054637305771582,0.0,4.0,2022-01-27,False,False,,,-1,False,TN
2022-02-03,424.30745056905977,426.2080966836343,419.3770152968473,420.2144470214844,118024400,7307,False,0.03561821229486406,0.0,5.0,2022-01-27,False,False,,,-1,False,TN
2022-02-04,419.9792943228935,426.0293979401201,417.60815954090174,422.1904602050781,118454400,7308,False,0.04048809541090037,0.0,6.0,2022-01-27,False,True,0.07334030419588089,0.22970195272353547,3,False,TN
2022-02-07,422.95251700944823,424.3450587788941,419.5087499574974,420.83544921875,84472900,7309,False,0.03714867177792547,0.0,7.0,2022-01-27,False,True,0.25508934259414673,0.4188078108941418,3,False,TN
2022-02-08,420.33677354523064,425.2201456654425,418.91597660458353,424.2980346679687,81012000,7310,False,,0.0,,,False,False,,,-1,False,TN
2022-02-09,428.32517855026134,430.82802671260504,428.1275935863995,430.5081176757813,92589900,7311,False,,0.0,,,False,False,,,-1,False,TN
2022-02-10,424.6744500762086,430.66810052892527,420.7790596867854,422.7738037109375,140103700,7312,False,,0.0,,,False,False,,,-1,False,TN
2022-02-11,422.85846290665194,424.92846773085336,413.00703862428105,414.4372253417969,153214600,7313,False,0.04386767627146115,0.0,7.0,2022-02-23,False,True,0.5808663964271545,0.7867420349434738,3,True,FP
2022-02-14,413.92909493615394,415.5098319487012,409.6196698794952,413.0822448730469,123006300,7314,False,0.040454806416102995,0.0,6.0,2022-02-23,False,True,0.2523080110549927,0.4141829393627955,3,False,TN
2022-02-15,417.5140448697904,419.9133771021189,416.9965221332092,419.7440185546875,88482700,7315,False,0.05723421180654653,0.0,5.0,2022-02-23,False,True,0.08684521913528442,0.2538540596094553,3,False,TN
2022-02-16,417.7021805621434,421.5881807733141,415.82976087005267,420.2144470214844,84863600,7316,False,0.05841910795114891,0.0,4.0,2022-02-23,False,True,0.051072437316179276,0.18499486125385406,3,False,TN
2022-02-17,417.0341941741858,420.18627912524965,410.63595532705654,411.2381286621094,102259100,7317,False,0.03580992128953597,0.0,3.0,2022-02-23,False,True,0.386728435754776,0.55344295991778,3,True,FP
2022-02-18,411.4921129303483,412.74355133918664,406.3076685231581,408.5752868652344,132642900,7318,False,0.029102863359375508,0.0,2.0,2022-02-23,False,True,0.48179611563682556,0.6664953751284687,3,True,FP
2022-02-22,406.37352124987865,409.77022506154026,400.6997521061171,404.1905822753906,124391800,7319,False,0.018058847254011745,0.0,1.0,2022-02-23,False,True,0.45399996638298035,0.6382322713257965,3,True,FP
2022-02-23,407.0980794779474,407.6626367061376,396.4562862776691,397.0208435058594,132578000,7320,True,0.0,1.0,0.0,2022-02-23,True,True,0.39323070645332336,0.5632065775950668,3,True,TP
2022-02-24,386.7365259239518,403.4284488931798,386.3790008159794,402.99560546875,213942900,7321,False,0.015048988134050978,0.0,1.0,2022-02-23,False,True,0.12383532524108887,0.2918807810894142,3,False,TN
2022-02-25,404.22823397331,411.97200837339045,402.581625575988,411.8873291015625,121804500,7322,False,0.03744510102901866,0.0,2.0,2022-02-23,False,True,0.0183581355959177,0.020554984583761562,3,False,TN
2022-02-28,406.50529284633944,412.3107765451423,405.25388303089113,410.8335266113281,145615000,7323,False,0.034790826052095936,0.0,3.0,2022-02-23,False,True,0.020681021735072136,0.04162384378211716,3,False,TN
2022-03-01,409.3374336179091,411.34159579885494,401.8759236906789,404.5763854980469,137785900,7324,False,0.019030592765530763,0.0,4.0,2022-02-23,False,True,0.0772458165884018,0.23484069886947584,3,False,TN
2022-03-02,406.8251817399771,413.740942784039,406.0724579549326,412.0190734863281,117726500,7325,False,0.03777693344265787,0.0,5.0,2022-02-23,False,True,0.02259809896349907,0.05447070914696814,3,False,TN
2022-03-03,414.4466183746847,415.04879163986294,408.1706756272168,409.96783447265625,105501700,7326,False,0.032610355800137825,0.0,6.0,2022-02-23,False,True,0.026708241552114487,0.08530318602261049,3,False,TN
2022-03-04,406.2418557535522,407.7661402300269,402.60050312317946,406.6370544433594,113978200,7327,False,0.02422092213744964,0.0,7.0,2022-02-23,False,True,0.08860139548778534,0.25590955806783144,3,False,TN
2022-03-07,406.0536235461076,406.7593128666358,394.5838174926232,394.6496887207031,137896600,7328,True,0.007639570896807557,0.045053637899055365,1.0,2022-03-08,False,True,0.5496187806129456,0.7507708119218911,3,True,TP
2022-03-08,394.8284856869652,401.9700585274635,390.59434954887394,391.6575927734375,164772700,7329,True,0.0,1.0,0.0,2022-03-08,True,True,0.5262158513069153,0.7194244604316546,3,True,TP
2022-03-09,400.0223879907191,404.13420015154503,397.8394486342406,402.15826416015625,116990800,7330,False,0.026810845954397422,0.0,1.0,2022-03-08,False,True,0.03290559723973274,0.11921891058581706,3,False,TN
2022-03-10,397.5571135281267,401.2361105228519,395.6000145047704,400.3422546386719,93972700,7331,False,0.022174118478684113,0.0,2.0,2022-03-08,False,True,0.0265521090477705,0.08478931140801645,3,False,TN
2022-03-11,402.82618602999435,403.4377775586542,394.74369630218587,395.2518005371094,95636300,7332,False,0.009176913278305943,0.0,3.0,2022-03-08,False,True,0.0826503112912178,0.24563206577595068,3,False,TN
2022-03-14,396.0234396841189,399.4671781987032,391.2247467020312,392.3632507324219,95729200,7333,True,0.0018017216364616395,0.7747847954422951,4.0,2022-03-08,False,True,0.3562218248844147,0.5169578622816033,3,True,TP
2022-03-15,394.96952056412135,401.6218241501706,393.6993030071115,400.9914245605469,106219100,7334,False,0.02383161199815853,0.0,5.0,2022-03-08,False,True,0.026493223384022713,0.08478931140801645,3,False,TN
2022-03-16,404.49170046381727,409.939601038674,399.7023972745846,409.8831481933594,144954800,7335,False,0.04653441106774303,0.0,6.0,2022-03-08,False,False,,,-1,False,TN
2022-03-17,407.9730846505351,415.01116943359375,407.596722776026,415.01116943359375,102676900,7336,False,0.05962753458903469,0.0,7.0,2022-03-08,False,False,,,-1,False,TN
2022-03-18,413.4029213586048,419.8776656161691,412.6667255275147,419.5567626953125,106345500,7337,False,,0.0,,,False,False,,,-1,False,TN
2022-03-21,419.3868116069883,421.3877523283893,415.93234592986585,419.43402099609375,88349800,7338,False,,0.0,,,False,False,,,-1,False,TN
2022-03-22,420.8214989932451,425.2764356419781,420.8214989932451,424.342041015625,74650400,7339,False,,0.0,,,False,False,,,-1,False,TN
2022-03-23,421.81246957458256,423.30372739490633,418.79216338171153,418.8771057128906,79426100,7340,False,,0.0,,,False,False,,,-1,False,TN
2022-03-24,420.8969363393452,425.2008538879378,419.7832096061072,425.19140625,64736900,7341,False,,0.0,,,False,False,,,-1,False,TN
2022-03-25,425.8238060374059,427.54160557531713,423.24710673053914,427.2678833007813,77101300,7342,False,,0.0,,,False,False,,,-1,False,TN
2022-03-28,426.6733001787727,430.3070983886719,424.7856157896072,430.3070983886719,68529800,7343,False,,0.0,,,False,False,,,-1,False,TN
2022-03-29,434.186232796667,436.121126385376,431.50572468711965,435.63031005859375,86581500,7344,False,,0.0,,,False,False,,,-1,False,TN
2022-03-30,434.4882852945164,435.30000450918726,430.83562083793777,432.9403991699219,79666900,7345,False,,0.0,,,False,False,,,-1,False,TN
2022-03-31,432.1758994727403,432.9970375414447,425.823831381212,426.2768859863281,121699900,7346,False,,0.0,,,False,False,,,-1,False,TN
2022-04-01,427.8530688001301,427.99463935727147,423.9172632927216,427.4849853515625,89048800,7347,False,,0.0,,,False,False,,,-1,False,TN
2022-04-04,427.68314952394616,431.25087129409127,426.862011555196,431.14703369140625,59601000,7348,False,,0.0,,,False,False,,,-1,False,TN
2022-04-05,429.6558732347616,432.1192876988634,424.5591308094842,425.701171875,74214500,7349,False,,0.0,,,False,False,,,-1,False,TN
2022-04-06,421.793612229182,423.71902938512,418.5656595556562,421.4443664550781,106898000,7350,False,,0.0,,,False,False,,,-1,False,TN
2022-04-07,420.5666126114327,425.3802132507673,418.62230012164184,423.5680236816406,78097200,7351,False,,0.0,,,False,False,,,-1,False,TN
2022-04-08,422.8129253472982,425.3235486630253,420.8969271331609,422.4353942871094,79272700,7352,False,,0.0,,,False,False,,,-1,False,TN
2022-04-11,419.16969873165914,420.0097320215141,414.7147916975716,415.2150268554687,89770500,7353,False,,0.0,,,False,False,,,-1,False,TN
2022-04-12,418.197650318671,420.7177220340196,412.1287510001065,413.6766662597656,84363600,7354,False,,0.0,,,False,True,0.5952240228652954,0.8047276464542652,3,True,FP
2022-04-13,413.4311873130841,419.169735071056,413.25185499529334,418.4146728515625,74070400,7355,False,,0.0,,,False,True,0.23080262541770935,0.40082219938335045,3,False,TN
2022-04-14,418.64116191799894,419.7549175134308,413.1008132674667,413.20465087890625,97869500,7356,False,,0.0,,,False,True,0.43521782755851746,0.6171634121274409,3,True,FP
2022-04-18,412.2797427735474,415.0546413726437,411.1471205194664,413.3746032714844,66002500,7357,False,,0.0,,,False,True,0.3027174174785614,0.46557040082219936,3,False,TN
2022-04-19,413.27067735850744,420.7647857423862,413.1007926978209,420.0474853515625,77821000,7358,False,,0.0,,,False,False,,,-1,False,TN
2022-04-20,421.8219654514646,422.4354571159878,418.5751460041488,419.7360534667969,65224400,7359,False,,0.0,,,False,False,,,-1,False,TN
2022-04-21,423.3510108398269,424.73846009934624,412.55345319655066,413.45953369140625,85417300,7360,False,,0.0,,,False,False,,,-1,False,TN
2022-04-22,412.3740924107077,413.4783716367902,401.5482213990768,402.1145324707031,132471800,7361,False,,0.0,,,False,True,0.669980525970459,0.8848920863309353,3,True,FP
2022-04-25,399.8776384964426,404.6157159823245,395.3188645295105,404.4458312988281,119647700,7362,False,,0.0,,,False,True,0.22923827171325684,0.40030832476875644,3,False,TN
2022-04-26,401.9162927984164,402.1145203899857,392.70441293823944,392.7327270507813,103996300,7363,False,,0.0,,,False,True,0.25257688760757446,0.4141829393627955,3,False,TN
2022-04-27,393.80863047196954,399.16967497196913,391.703881227094,393.8369445800781,122030000,7364,False,,0.0,,,False,True,0.2798245847225189,0.44450154162384375,3,False,TN
2022-04-28,398.5751573273392,405.5124037214935,394.1485348093446,403.78515625,105449100,7365,False,,0.0,,,False,True,0.018536580726504326,0.02158273381294964,3,False,TN
2022-04-29,399.8020720492202,401.95403088704296,388.11730223189977,388.8629455566406,145491100,7366,False,,0.0,,,False,True,0.39596569538116455,0.564748201438849,3,True,FP
2022-05-02,388.9289811149941,392.5627785875403,382.2748777111381,391.2036437988281,158312500,7367,False,,0.0,,,False,True,0.2578829824924469,0.42189105858170606,3,False,TN
2022-05-03,391.7038892723819,395.4037338921699,390.1465268831045,392.9969482421875,100028200,7368,False,,0.0,,,False,True,0.1608077734708786,0.33093525179856115,3,False,TN
2022-05-04,393.6576359549688,405.5311852675608,390.47689280324255,404.9648742675781,144247900,7369,False,,0.0,,,False,True,0.013398886658251286,0.0035971223021582736,3,False,TN
2022-05-05,400.7082690292883,401.13300961981093,386.4468245601506,390.5714111328125,172929100,7370,False,,0.0,,,False,True,0.08871275931596756,0.25590955806783144,3,False,TN
2022-05-06,388.01353835630266,391.50573725161655,382.9451102963641,388.2400512695313,151770800,7371,False,,0.0,,,False,True,0.35688063502311707,0.5174717368961973,3,True,FP
2022-05-09,382.3504814055953,383.5869123846669,374.23343271582064,375.8096618652344,155586100,7372,False,,0.0,,,False,True,0.4172500967979431,0.5976361767728674,3,True,FP
2022-05-10,381.7747206128694,383.2754262479383,372.6477827083813,376.677978515625,132497200,7373,False,0.024726636816749803,0.0,7.0,2022-05-19,False,True,0.3897213339805603,0.5570400822199383,3,True,FP
2022-05-11,375.71521640762944,381.3499546680365,369.9483264327751,370.6939697265625,142361000,7374,False,0.008447550831255812,0.0,6.0,2022-05-19,False,True,0.3216453194618225,0.48252826310380265,3,False,TN
2022-05-12,367.5038552140162,373.57275401716174,363.5208397349999,370.30706787109375,125090800,7375,True,0.007395010837558891,0.07562364530513865,5.0,2022-05-19,False,True,0.3140731155872345,0.47687564234326824,3,False,FN
2022-05-13,374.43164996045624,380.5383104542552,373.3934177273955,379.1603088378906,104174400,7376,False,0.03147964641032219,0.0,4.0,2022-05-19,False,True,0.04127300903201103,0.1526207605344296,3,False,TN
2022-05-16,377.51804786382434,381.2839693671578,375.27169861489534,377.6218566894531,78622400,7377,False,0.027294392729753092,0.0,3.0,2022-05-19,False,True,0.04841990768909454,0.1747173689619733,3,False,TN
2022-05-17,383.70013247510735,385.62557844782094,379.9719446127917,385.3896179199219,83029700,7378,False,0.048426055038925275,0.0,2.0,2022-05-19,False,True,0.024126369506120682,0.06628982528263104,3,False,TN
2022-05-18,380.8402470610884,381.12338813962504,368.61748163761905,369.8539123535156,117674500,7379,True,0.00616223229469659,0.22972096316292623,1.0,2022-05-19,False,True,0.3487333655357361,0.5092497430626927,3,True,TP
2022-05-19,366.7959211904098,372.0059481432004,365.3707103676318,367.5887451171875,98510700,7380,True,0.0,1.0,0.0,2022-05-19,True,True,0.3603207767009735,0.5210688591983555,3,True,TP
2022-05-20,371.1659411793916,374.7336635050742,359.1697150107811,367.7492370605469,131432200,7381,True,0.00043660733766004434,0.9454240827924945,1.0,2022-05-19,False,True,0.2438247799873352,0.40750256937307294,3,False,FN
2022-05-23,370.7695124155736,375.3943621595535,368.4571163473613,374.6298522949219,76414900,7382,False,0.019154849737006208,0.0,2.0,2022-05-19,False,True,0.020255329087376595,0.03699897225077081,3,False,TN
2022-05-24,370.5146932699092,372.9592411216309,365.22917116715337,371.77001953125,91448800,7383,False,0.011374870611801535,0.0,3.0,2022-05-19,False,True,0.028869308531284332,0.09558067831449127,3,False,TN
2022-05-25,370.2787563943249,377.0178039870792,369.8823587734453,375.0545959472656,91472900,7384,False,0.020310335746808628,0.0,4.0,2022-05-19,False,True,0.024967297911643982,0.07194244604316546,3,False,TN
2022-05-26,376.281548358921,384.1815022465309,376.0739019416365,382.5486450195313,82168300,7385,False,0.04069738287981206,0.0,5.0,2022-05-19,False,False,,,-1,False,TN
2022-05-27,385.0026651402334,392.0531673410909,384.80446634850006,391.9399108886719,84768700,7386,False,0.066245678342848,0.0,6.0,2022-05-19,False,False,,,-1,False,TN
2022-05-31,390.3259001664865,393.07248421298215,387.00358624823434,389.74072265625,95937000,7387,False,0.0602629374084902,0.0,7.0,2022-05-19,False,False,,,-1,False,TN
2022-06-01,391.8549734040455,392.8648626531449,384.07769419751776,386.58831787109375,86585800,7388,False,,0.0,,,False,False,,,-1,False,TN
2022-06-02,386.4278338799512,393.9974369297573,384.1814851394755,393.95025634765625,79609600,7389,False,,0.0,,,False,False,,,-1,False,TN
2022-06-03,389.2405486758481,390.7884638335638,386.5128594774759,387.4850158691406,71874300,7390,False,,0.0,,,False,False,,,-1,False,TN
2022-06-06,391.48690467497266,393.21412339545446,387.4944414109475,388.6648254394531,57508900,7391,False,,0.0,,,False,False,,,-1,False,TN
2022-06-07,385.18200495505744,392.8459989582093,384.7195026936411,392.3929443359375,59272400,7392,False,0.13388803426973794,0.0,7.0,2022-06-16,False,False,,,-1,False,TN
2022-06-08,390.6846048993001,392.4684805286195,387.3339765253382,388.1268005371094,64350000,7393,False,0.1215602657005257,0.0,6.0,2022-06-16,False,False,,,-1,False,TN
2022-06-09,386.3523433395128,388.6175587452947,378.89599609375,378.89599609375,86289800,7394,False,0.09488624197993523,0.0,5.0,2022-06-16,False,False,,,-1,False,TN
2022-06-10,372.70430959774984,373.5537615823621,367.8623958405589,367.9095764160156,132893900,7395,False,0.0631390610179261,0.0,4.0,2022-06-16,False,True,0.5991932153701782,0.8103802672147996,3,True,FP
2022-06-13,358.5184050405398,360.3683273758739,352.3362223896235,353.9407653808594,170004900,7396,False,0.022773738668555588,0.0,3.0,2022-06-16,False,True,0.4007841646671295,0.5734840698869476,3,True,FP
2022-06-14,355.68695837561785,356.7157429736958,349.77849666174114,352.8742980957031,104011800,7397,False,0.01969199494448004,0.0,2.0,2022-06-16,False,True,0.2650690972805023,0.42857142857142855,3,False,TN
2022-06-15,356.1683036625761,362.3410401471121,351.2225794060758,357.9049987792969,125666800,7398,False,0.03422908433779992,0.0,1.0,2022-06-16,False,True,0.20212356746196747,0.3720452209660843,3,False,TN
2022-06-16,349.70293778443306,350.1087829653544,343.63401132773026,346.0596923828125,134473300,7399,True,0.0,1.0,0.0,2022-06-16,True,True,0.33303406834602356,0.4933196300102775,3,False,FN
2022-06-17,346.474006989018,350.14245020385545,343.30795986691686,346.8057556152344,111113900,7400,True,0.002155880181493597,0.7305149773133004,1.0,2022-06-16,False,True,0.2950326204299927,0.4563206577595067,3,False,FN
2022-06-21,352.521725834006,356.92005638665404,352.44587608946637,355.5361022949219,76811900,7401,False,0.027383743673985883,0.0,2.0,2022-06-16,False,True,0.047623805701732635,0.17163412127440905,3,False,TN
2022-06-22,351.3178660517575,358.9960185982588,350.9007792220965,354.89154052734375,90059400,7402,False,0.025521169725717163,0.0,3.0,2022-06-16,False,True,0.0484134703874588,0.1747173689619733,3,False,TN
2022-06-23,357.02430174493765,359.1002181811548,353.4696047412398,358.3703308105469,79292100,7403,False,0.03557374261928281,0.0,4.0,2022-06-16,False,True,0.03260330855846405,0.11613566289825282,3,False,TN
2022-06-24,361.5364704588315,369.7738927483488,361.5080340326159,369.764404296875,98050300,7404,False,0.06849891055165203,0.0,5.0,2022-06-16,False,False,,,-1,False,TN
2022-06-27,370.6838019079576,370.9776545538821,367.2618273862305,368.3519287109375,66009600,7405,False,0.06441731533259665,0.0,6.0,2022-06-16,False,False,,,-1,False,TN
2022-06-28,369.9064903475498,372.68388643941586,360.7116632691244,360.8254089355469,86548900,7406,False,0.04266812020511335,0.0,7.0,2022-06-16,False,False,,,-1,False,TN
2022-06-29,361.3752782573753,362.36109348225904,358.7116273894593,360.5316162109375,65676000,7407,False,,0.0,,,False,True,0.09091241657733917,0.2595066803699897,3,False,TN
2022-06-30,356.64516179349505,360.834977987892,353.156825579061,357.6025695800781,112508300,7408,False,,0.0,,,False,True,0.14138302206993103,0.30935251798561153,3,False,TN
2022-07-01,356.9484798436387,361.82079880218214,354.33221338787916,361.3847351074219,74839700,7409,False,,0.0,,,False,True,0.03231924772262573,0.11408016443987667,3,False,TN
2022-07-05,356.30395395124316,362.0862681620961,353.47914368346136,362.0672912597656,81438000,7410,False,0.01071668564706818,0.0,7.0,2022-07-14,False,True,0.03402866795659065,0.1223021582733813,3,False,TN
2022-07-06,362.2094276989218,365.7736135029027,359.8301699411462,363.2900695800781,70426200,7411,False,0.014130091058220495,0.0,6.0,2022-07-14,False,True,0.04186747223138809,0.15364850976361769,3,False,TN
2022-07-07,365.06272708039626,369.5274195059166,363.30907034528104,368.7311706542969,64525900,7412,False,0.029319012501167085,0.0,5.0,2022-07-14,False,False,,,-1,False,TN
2022-07-08,367.10071569720793,370.2952282014979,365.5745794315864,368.4278259277344,72397800,7413,False,0.028472220802383763,0.0,4.0,2022-07-14,False,False,,,-1,False,TN
2022-07-11,365.7547105106273,366.7215778956689,363.5270941091934,364.2190856933594,58366900,7414,False,0.016723454528478454,0.0,3.0,2022-07-14,False,False,,,-1,False,TN
2022-07-12,363.66926385832295,366.0485507559225,359.25195608212715,360.9961242675781,62219200,7415,True,0.007726505704684028,0.0341867869144965,2.0,2022-07-14,False,True,0.3597049117088318,0.5210688591983555,3,True,TP
2022-07-13,355.56452982281553,362.02934629353234,355.14744302288534,359.1002502441406,84224600,7416,True,0.0024341427775993463,0.6957321528000817,1.0,2022-07-14,False,True,0.45049867033958435,0.6356628982528263,3,True,TP
2022-07-14,354.1522001663063,359.30888470117276,351.7160689703167,358.228271484375,89704800,7417,True,0.0,1.0,0.0,2022-07-14,True,True,0.3179050087928772,0.48047276464542654,3,False,FN
2022-07-15,362.6265866415455,365.185980816866,360.7212881519426,365.0722351074219,79060400,7418,False,0.019105034883728944,0.0,1.0,2022-07-14,False,False,,,-1,False,TN
2022-07-18,368.15297671533693,368.8259914543638,360.8350370842649,362.057861328125,63203600,7419,False,0.010690361840737683,0.0,2.0,2022-07-14,False,False,,,-1,False,TN
2022-07-19,365.97264856832055,372.4090283274704,365.31861090466685,371.84027099609375,78506000,7420,False,0.03799811627182659,0.0,3.0,2022-07-14,False,False,,,-1,False,TN
2022-07-20,372.02984989964705,375.62247177061846,370.66484393622255,374.2100524902344,71843800,7421,False,0.04461339955005883,0.0,4.0,2022-07-14,False,False,,,-1,False,TN
2022-07-21,373.6319412200877,378.06819739042936,371.2337061216237,378.0208129882813,64903900,7422,False,0.05525119896844766,0.0,5.0,2022-07-14,False,False,,,-1,False,TN
2022-07-22,378.143943990978,379.3383025244326,372.29526973672574,374.5133972167969,72197300,7423,False,0.045460191248842374,0.0,6.0,2022-07-14,False,False,,,-1,False,TN
2022-07-25,375.13906335562353,375.8215664094441,372.73134023128426,374.9684448242187,53631500,7424,False,0.04673046398732894,0.0,7.0,2022-07-14,False,False,,,-1,False,TN
2022-07-26,373.3285714235852,373.537114847819,369.64118001606494,370.5322265625,52946400,7425,False,,0.0,,,False,False,,,-1,False,TN
2022-07-27,373.8213815204988,381.89767117984184,373.5275288987167,380.1535034179687,82342100,7426,False,,0.0,,,False,False,,,-1,False,TN
2022-07-28,380.95921396681945,385.61347120527086,377.41397692695415,384.9215087890625,73966600,7427,False,,0.0,,,False,False,,,-1,False,TN
2022-07-29,386.3529063740456,391.5190777399874,385.5850941133151,390.5332336425781,87003700,7428,False,,0.0,,,False,False,,,-1,False,TN
2022-08-01,387.8411455020427,391.8792906615118,387.13020608259814,389.3767700195313,69997500,7429,False,,0.0,,,False,False,,,-1,False,TN
2022-08-02,387.8126838455422,391.4906148313067,385.632481339068,386.8078918457031,63435400,7430,False,,0.0,,,False,False,,,-1,False,TN
2022-08-03,388.931285023342,394.0310955881913,388.6469207989162,392.86517333984375,67820600,7431,False,,0.0,,,False,False,,,-1,False,TN
2022-08-04,392.7892674075008,393.4717703766951,390.9597903262571,392.5997009277344,45656600,7432,False,,0.0,,,False,False,,,-1,False,TN
2022-08-05,388.3246478205913,392.58079648264055,388.26777497334547,391.9362182617187,56814900,7433,False,,0.0,,,False,False,,,-1,False,TN
2022-08-08,393.6235081493515,395.8700723692773,390.3816112599049,391.481201171875,53886100,7434,False,,0.0,,,False,False,,,-1,False,TN
2022-08-09,390.7512597952123,391.2536558218168,388.85542136603334,389.9265747070313,44931800,7435,False,,0.0,,,False,False,,,-1,False,TN
2022-08-10,396.9696030117307,398.2587881715667,395.0168917661512,398.1165771484375,68665700,7436,False,,0.0,,,False,False,,,-1,False,TN
2022-08-11,400.9603347598482,402.818277227606,397.37720132659865,398.1165771484375,59489700,7437,False,,0.0,,,False,False,,,-1,False,TN
2022-08-12,400.050395788599,404.9606110010774,399.10247645360926,404.8563537597656,61694500,7438,False,,0.0,,,False,False,,,-1,False,TN
2022-08-15,402.6476112740378,407.04597006301,402.59073843868015,406.5245971679687,54048300,7439,False,,0.0,,,False,False,,,-1,False,TN
2022-08-16,405.4535207281274,409.2451978170758,404.64778356108576,407.3209228515625,59289000,7440,False,,0.0,,,False,False,,,-1,False,TN
2022-08-17,403.7282975362389,407.1313242254354,402.42965277199465,404.42974853515625,63563400,7441,False,,0.0,,,False,False,,,-1,False,TN
2022-08-18,404.6288399076743,406.2876987703884,403.3396834770453,405.605224609375,49023200,7442,False,,0.0,,,False,False,,,-1,False,TN
2022-08-19,402.8467196760706,403.1121358999802,399.2825341593999,400.1546325683594,68016900,7443,False,,0.0,,,False,False,,,-1,False,TN
2022-08-22,395.3297327861423,395.5003802457015,390.9219138235221,391.8224487304687,77695600,7444,False,,0.0,,,False,False,,,-1,False,TN
2022-08-23,391.39585573923233,393.7846307828097,390.3247023494631,390.87451171875,49105200,7445,False,,0.0,,,False,True,0.5340202450752258,0.7297019527235354,3,True,FP
2022-08-24,390.6470127203874,393.4907706486535,389.96453858867704,392.1257934570313,49177800,7446,False,,0.0,,,False,True,0.22518756985664368,0.39671120246659813,3,False,TN
2022-08-25,393.614017515164,397.7090360070508,392.52391605971974,397.6616516113281,50942300,7447,False,,0.0,,,False,False,,,-1,False,TN
2022-08-26,397.5478603350803,398.088152311537,384.1442685177949,384.2011413574219,103087000,7448,False,,0.0,,,False,False,,,-1,False,TN
2022-08-29,381.2531682301508,384.70357956798847,380.30524889484775,381.6607666015625,65370800,7449,False,,0.0,,,False,True,0.7510244846343994,0.9439876670092497,3,True,FP
2022-08-30,382.81716425809753,383.0541440516301,375.3759929555365,377.4708862304687,85652400,7450,False,,0.0,,,False,True,0.44987279176712036,0.6351490236382322,3,True,FP
2022-08-31,379.10134082789193,380.3431127380741,374.4660307121569,374.5987243652344,76029700,7451,False,,0.0,,,False,True,0.454268217086792,0.6387461459403906,3,True,FP
2022-09-01,372.42807654595646,376.1154680642841,369.7265004007181,375.7742309570313,78740100,7452,False,,0.0,,,False,True,0.4569835662841797,0.6408016443987667,3,True,FP
2022-09-02,379.4331384469464,380.6464740008536,370.0013297859772,371.8118591308594,99632100,7453,False,,0.0,,,False,True,0.4675023555755615,0.6536485097636177,3,True,FP
2022-09-06,372.6554995418325,373.5939303427136,368.19080797230174,370.408935546875,76637400,7454,False,,0.0,,,False,True,0.4597913324832916,0.6449126413155191,3,True,FP
2022-09-07,370.0960816393788,377.83110568507885,369.8780787401788,377.0632934570313,70964200,7455,False,,0.0,,,False,True,0.027351340278983116,0.08838643371017471,3,False,TN
2022-09-08,374.79781566335777,379.98290632149366,373.59393967123,379.5279235839844,80821700,7456,False,,0.0,,,False,True,0.0301028061658144,0.10020554984583761,3,False,TN
2022-09-09,381.7649972904449,386.28659071940456,381.4995810521483,385.4239807128906,76706900,7457,False,,0.0,,,False,False,,,-1,False,TN
2022-09-12,387.49043025851944,390.2868036201907,387.1870891554379,389.5663757324219,69256300,7458,False,,0.0,,,False,False,,,-1,False,TN
2022-09-13,380.90239200547273,382.10626800654813,371.5085373863549,372.6270751953125,122947100,7459,False,,0.0,,,False,False,,,-1,False,TN
2022-09-14,373.92568555402255,375.56559617352946,370.7501504689949,374.0489196777344,85023700,7460,False,,0.0,,,False,True,0.14726535975933075,0.316032887975334,3,False,TN
2022-09-15,372.4943947202488,375.3381528851013,368.53209861998994,369.80230712890625,87633800,7461,False,,0.0,,,False,True,0.15856719017028809,0.32939362795477906,3,False,TN
2022-09-16,365.6296118982591,367.6379242213292,363.6974028191352,366.9811706542969,103084800,7462,False,,0.0,,,False,True,0.4617787301540375,0.6474820143884892,3,True,FP
2022-09-19,363.8401119198843,369.8269958496094,363.7639505998914,369.8269958496094,73278500,7463,False,,0.0,,,False,True,0.1303824633359909,0.2975334018499486,3,False,TN
2022-09-20,366.5051079074727,367.5140273539414,362.8311237056201,365.5818481445313,77274900,7464,False,,0.0,,,False,True,0.4873415529727936,0.6731757451181911,3,True,FP
2022-09-21,367.504586823731,370.5504007332188,359.19527603958755,359.2048034667969,106746600,7465,False,0.05658220775914602,0.0,7.0,2022-09-30,False,True,0.3981955945491791,0.5678314491264131,3,True,FP
2022-09-22,358.4338263970015,360.0709463739704,355.4451478506608,356.18756103515625,89472600,7466,False,0.04770714640417695,0.0,6.0,2022-09-30,False,True,0.31035318970680237,0.47070914696813976,3,False,TN
2022-09-23,352.7229712221048,352.76105188849385,345.7842729569001,350.2197265625,122346900,7467,False,0.030153072344465404,0.0,5.0,2022-09-30,False,True,0.43289822340011597,0.6161356628982528,3,True,FP
2022-09-26,348.753848761664,352.37072699861113,345.53671576875286,346.7550354003906,92581200,7468,False,0.019961863869705887,0.0,4.0,2022-09-30,False,True,0.33273983001708984,0.4933196300102775,3,False,TN
2022-09-27,350.28630194167937,352.5516221250691,343.48084301099055,345.8699035644531,108294100,7469,False,0.01735829470708139,0.0,3.0,2022-09-30,False,True,0.33110639452934265,0.4892086330935252,3,False,TN
2022-09-28,346.8217084645166,354.3600529595543,345.127482081543,352.67535400390625,110802200,7470,False,0.03737617247685199,0.0,2.0,2022-09-30,False,True,0.0483662486076355,0.17420349434737925,3,False,TN
2022-09-29,349.1345668445761,349.4200991606359,342.367189530678,345.30828857421875,112952300,7471,False,0.015706333484499124,0.0,1.0,2022-09-30,False,True,0.17219169437885284,0.34224049331963,3,False,TN
2022-09-30,344.36600021604005,348.2779675279083,339.8353891876637,339.9686279296875,153711200,7472,True,0.0,1.0,0.0,2022-09-30,True,True,0.29545944929122925,0.4563206577595067,3,False,FN
2022-10-03,343.6806881754969,350.7907337489844,341.90080218718504,348.9442138671875,89756500,7473,False,0.02640121823051378,0.0,1.0,2022-09-30,False,True,0.041267476975917816,0.1526207605344296,3,False,TN
2022-10-04,354.45525951637643,359.78541969158493,348.90620087696135,359.7568664550781,103602800,7474,False,0.05820607226583041,0.0,2.0,2022-09-30,False,True,0.016338955610990524,0.010277492291880781,3,False,TN
2022-10-05,355.3975589353477,361.1750432151708,353.0751323104993,358.91925048828125,88065700,7475,False,0.05574226855577136,0.0,3.0,2022-09-30,False,True,0.02185508981347084,0.050359712230215826,3,False,TN
2022-10-06,357.52004633285617,360.4706728707626,354.7217133827097,355.2166748046875,82333500,7476,False,0.044851335159530104,0.0,4.0,2022-09-30,False,True,0.03811982646584511,0.14285714285714285,3,False,TN
2022-10-07,351.19048666130027,355.3023262947486,343.5474284997668,345.30828857421875,107789500,7477,False,0.015706333484499124,0.0,5.0,2022-09-30,False,True,0.3951404392719269,0.5637204522096608,3,True,FP
2022-10-10,346.42189898919605,346.659852271921,340.43501530969775,342.6717529296875,76042800,7478,True,0.007951101301497232,0.006112337312845995,6.0,2022-09-30,False,True,0.4115411639213562,0.5914696813977389,3,True,TP
2022-10-11,340.9775545535183,345.5367479558779,338.56946829764377,340.50164794921875,92482800,7479,True,0.0015678506066196807,0.8040186741725399,7.0,2022-09-30,False,True,0.36754265427589417,0.5282631038026722,3,True,TP
2022-10-12,340.91094386553914,342.4814298234217,339.13102879643657,339.3785095214844,76991800,7480,True,0.0,1.0,0.0,2022-10-12,True,True,0.39010941982269287,0.5580678314491264,3,True,TP
2022-10-13,332.3826260098785,349.80082219820514,331.3356258487721,348.33502197265625,147254500,7481,False,0.026390923997516413,0.0,1.0,2022-10-12,False,True,0.016286678612232208,0.009763617677286743,3,False,TN
2022-10-14,350.7907569397952,352.41837848921915,339.7592450066515,340.39697265625,123737000,7482,True,0.003000965312157211,0.6248793359803486,2.0,2022-10-12,False,True,0.18931090831756592,0.35714285714285715,3,False,FN
2022-10-17,346.4696022478733,350.2483025774225,340.0638876603589,349.1441955566406,93168200,7483,False,0.028775204561201084,0.0,3.0,2022-10-12,False,True,0.025943947955965996,0.07810894141829394,3,False,TN
2022-10-18,357.0536513093477,357.35823847132036,349.81033854515664,353.24639892578125,97162900,7484,False,0.0408626033034627,0.0,4.0,2022-10-12,False,False,,,-1,False,TN
2022-10-19,351.2095126771094,353.9317132956456,347.9352732315164,350.7431335449219,79746900,7485,False,0.03348657532694488,0.0,5.0,2022-10-12,False,False,,,-1,False,TN
2022-10-20,350.2958089110657,354.7122360773966,347.0405950042413,347.80206298828125,88283100,7486,False,0.02482052702356996,0.0,6.0,2022-10-12,False,True,0.15637798607349396,0.32682425488180883,3,False,TN
2022-10-21,347.5259812950986,356.7395247837277,346.02212943460694,356.2541198730469,131038400,7487,False,0.049725041150533444,0.0,7.0,2022-10-12,False,False,,,-1,False,TN
2022-10-24,357.77710987202045,361.74615500669046,355.1310410528587,360.6134948730469,85436900,7488,False,,0.0,,,False,False,,,-1,False,TN
2022-10-25,360.53729867069814,366.68600327248134,360.4230857441992,366.3719177246094,78846300,7489,False,0.03749214553041247,0.0,7.0,2022-11-03,False,False,,,-1,False,TN
2022-10-26,363.2309138667366,368.90371186098525,362.9739347843384,363.6116333007813,104087300,7490,False,0.02967557097705331,0.0,6.0,2022-11-03,False,False,,,-1,False,TN
2022-10-27,364.61105138754175,366.44804370025827,361.0512506396155,361.6699523925781,81971800,7491,False,0.024177118191975655,0.0,5.0,2022-11-03,False,False,,,-1,False,TN
2022-10-28,361.5652682350303,370.75025961760167,361.3844214069697,370.27435302734375,100302000,7492,False,0.048543063406904396,0.0,4.0,2022-11-03,False,False,,,-1,False,TN
2022-10-31,367.81862838081696,369.684173780078,366.6954959805395,367.5997009277344,96631300,7493,False,0.040968982504074436,0.0,3.0,2022-11-03,False,False,,,-1,False,TN
2022-11-01,371.3403946996117,371.5783479860967,364.8204688405162,365.9911804199219,85407600,7494,False,0.036413973476241646,0.0,2.0,2022-11-03,False,False,,,-1,False,TN
2022-11-02,365.4011480085662,369.9032357188449,356.70158888563316,356.8062744140625,126990400,7495,False,0.010404152915493459,0.0,1.0,2022-11-03,False,False,,,-1,False,TN
2022-11-03,353.5700586148132,356.1685191668986,351.01920615203176,353.1322326660156,87100100,7496,True,0.0,1.0,0.0,2022-11-03,True,True,0.3648853003978729,0.526207605344296,3,True,TP
2022-11-04,358.8336386983156,360.6135250438023,352.170945141583,358.2149658203125,103505200,7497,False,0.014393285812297929,0.0,1.0,2022-11-03,False,False,,,-1,False,TN
2022-11-07,359.5093069084671,362.2315073959389,357.4343613850076,361.6413879394531,68286900,7498,False,0.024096229362005728,0.0,2.0,2022-11-03,False,False,,,-1,False,TN
2022-11-08,362.7455541021946,366.56233474373306,359.5189221082523,363.5926818847656,84641100,7499,False,0.02962190434947698,0.0,3.0,2022-11-03,False,False,,,-1,False,TN
2022-11-09,361.6223724698831,362.77408732506177,355.6069062348671,356.10186767578125,78495500,7500,False,0.008409413627711082,0.0,4.0,2022-11-03,False,False,,,-1,False,TN
2022-11-10,369.35108918360226,376.00428299719744,367.0572450041489,375.671142578125,141455800,7501,False,0.06382569425042028,0.0,5.0,2022-11-03,False,False,,,-1,False,TN
2022-11-11,376.5277909851231,380.1066180137116,374.64319033872147,379.3070983886719,93839900,7502,False,0.07412199539262065,0.0,6.0,2022-11-03,False,False,,,-1,False,TN
2022-11-14,377.54630613796775,380.89667884378287,375.8044713523552,376.08050537109375,71903500,7503,False,0.0649849279739414,0.0,7.0,2022-11-03,False,False,,,-1,False,TN
2022-11-15,381.8198207261606,382.9239274120566,375.4807419701021,379.2879943847656,93194500,7504,False,,0.0,,,False,False,,,-1,False,TN
2022-11-16,377.6604299906343,378.61224316456577,375.76633106956126,376.39453125,68508500,7505,False,,0.0,,,False,False,,,-1,False,TN
2022-11-17,371.6450058437323,375.9186672305997,371.3404476693323,375.2428588867187,74496300,7506,False,,0.0,,,False,False,,,-1,False,TN
2022-11-18,378.5741867367159,378.6408206344442,374.1006819611119,376.9465942382813,92922500,7507,False,,0.0,,,False,False,,,-1,False,TN
2022-11-21,375.62353581760493,376.7466683045898,373.73893542221714,375.575927734375,51243200,7508,False,,0.0,,,False,False,,,-1,False,TN
2022-11-22,377.5176474312929,380.79188693120494,376.1089535381112,380.6300659179687,60429000,7509,False,,0.0,,,False,False,,,-1,False,TN
2022-11-23,380.2968975987144,383.5140303982983,380.0684717587064,383.0286254882813,68261600,7510,False,,0.0,,,False,False,,,-1,False,TN
2022-11-25,382.46702560328106,383.49499996496786,382.1910207322794,382.94293212890625,30545400,7511,False,,0.0,,,False,False,,,-1,False,TN
2022-11-28,379.8591567063179,381.49627670237254,376.07092941217024,376.8323974609375,67881600,7512,False,,0.0,,,False,False,,,-1,False,TN
2022-11-29,376.9655537509073,378.1553200852392,374.34806781537714,376.1850891113281,52310000,7513,False,,0.0,,,False,False,,,-1,False,TN
2022-11-30,376.4325818837763,388.0351867675781,374.5194571611336,388.0351867675781,144566700,7514,False,,0.0,,,False,False,,,-1,False,TN
2022-12-01,389.07260830077985,390.24334880412266,385.2463303133382,387.7496032714844,76398200,7515,False,,0.0,,,False,False,,,-1,False,TN
2022-12-02,382.8668240269508,388.20648163885994,382.7621385272809,387.3022766113281,85342700,7516,False,,0.0,,,False,False,,,-1,False,TN
2022-12-05,384.4849425076752,385.4177008262784,378.9834635345457,380.33502197265625,77289800,7517,False,,0.0,,,False,False,,,-1,False,TN
2022-12-06,380.17323078475664,380.7157422182558,372.7681254520418,374.8525695800781,77972200,7518,False,,0.0,,,False,False,,,-1,False,TN
2022-12-07,374.0054742055746,376.5753814167961,373.0822142567911,374.2148742675781,65927900,7519,False,,0.0,,,False,True,0.5318506956100464,0.7266187050359713,3,True,FP
2022-12-08,376.0994521400108,378.212449392276,374.3195371968257,377.14642333984375,60737900,7520,False,,0.0,,,False,False,,,-1,False,TN
2022-12-09,375.9090843451082,378.45993659247966,374.205330689029,374.3290710449219,81447700,7521,False,,0.0,,,False,False,,,-1,False,TN
2022-12-12,375.119059475854,379.7258605957031,374.4528077117335,379.7258605957031,75405800,7522,False,,0.0,,,False,False,,,-1,False,TN
2022-12-13,390.4528004635384,390.70977956297014,379.8400894083029,382.600341796875,123782500,7523,False,,0.0,,,False,False,,,-1,False,TN
2022-12-14,382.257673780074,385.9602409589763,377.21307559103866,380.1541748046875,108111300,7524,False,,0.0,,,False,False,,,-1,False,TN
2022-12-15,375.2999627142446,376.2041969443103,369.1988651828772,370.8550109863281,117705900,7525,False,,0.0,,,False,False,,,-1,False,TN
2022-12-16,368.302907769073,369.6415593936089,364.34432159505855,366.4765930175781,119858000,7526,False,0.01754897789697818,0.0,7.0,2022-12-28,False,True,0.3619931638240814,0.5231243576567317,3,True,FP
2022-12-19,366.66780330486046,367.0024734712642,361.70520704366805,363.3689575195313,79878100,7527,False,0.008920401379508114,0.0,6.0,2022-12-28,False,True,0.4075390696525574,0.5811921891058581,3,True,FP
2022-12-20,362.61364283927566,365.482194633709,361.2941043449694,363.8662414550781,74427200,7528,False,0.01030114648023539,0.0,5.0,2022-12-28,False,True,0.5361914038658142,0.7343268242548818,3,True,FP
2022-12-21,366.4575070608886,370.4352358837999,365.92204637130624,369.3069458007813,78167400,7529,False,0.025407658741836814,0.0,4.0,2022-12-28,False,True,0.027121858671307564,0.08787255909558069,3,False,TN
2022-12-22,366.2662256920997,369.28777027212345,358.34902428686854,364.038330078125,100120900,7530,False,0.010778963087967997,0.0,3.0,2022-12-28,False,True,0.4561062753200531,0.6408016443987667,3,True,FP
2022-12-23,363.01518610522345,366.2757764750935,361.466172965727,366.1323547363281,59857300,7531,False,0.016593175212952005,0.0,2.0,2022-12-28,False,True,0.10656856745481491,0.2749229188078109,3,False,TN
2022-12-27,366.017616610939,366.36182878328543,363.0151853768707,364.6885070800781,51638200,7532,False,0.012584226933994191,0.0,1.0,2022-12-28,False,True,0.12989141047000885,0.2975334018499486,3,False,TN
2022-12-28,364.6215818081712,366.5913474236552,359.92674469166934,360.1562194824219,70911500,7533,True,0.0,1.0,0.0,2022-12-28,True,True,0.4784693121910095,0.6649537512846866,3,True,TP
2022-12-29,362.9961017998292,367.5092910145083,362.47018314198056,366.63916015625,66970900,7534,False,0.018000357409195145,0.0,1.0,2022-12-28,False,True,0.025316663086414337,0.07451181911613566,3,False,TN
2022-12-30,363.961883087202,365.8168531569802,361.8486954876929,365.6734313964844,84022200,7535,False,0.015318941102811623,0.0,2.0,2022-12-28,False,True,0.05310665816068649,0.18859198355601234,3,False,TN
2023-01-03,367.5284134560836,369.49815002254616,361.274962367188,364.1339721679687,74850700,7536,False,0.011044520323050921,0.0,3.0,2022-12-28,False,True,0.14160163700580597,0.30935251798561153,3,False,TN
2023-01-04,366.3905568832152,368.9722652057651,363.34989894273167,366.9451599121094,85934100,7537,False,0.01884998803975635,0.0,4.0,2022-12-28,False,True,0.031292594969272614,0.10739979445015416,3,False,TN
2023-01-05,364.99457777745386,365.1093151949147,362.1642811518745,362.7571105957031,76970500,7538,True,0.00722156378978811,0.09730452627648623,5.0,2022-12-28,False,True,0.2067110687494278,0.37872559095580677,3,False,FN
2023-01-06,365.8455090657922,372.1945841873677,362.7857380848977,371.0758361816406,104189600,7539,False,0.030319111842386892,0.0,6.0,2022-12-28,False,False,,,-1,False,TN
2023-01-09,373.2654480450159,376.4495562925387,370.6837694128646,370.8654174804687,73978100,7540,False,0.02973486897834765,0.0,7.0,2022-12-28,False,False,,,-1,False,TN
2023-01-10,370.2821986713312,373.5332179494702,369.3451279864,373.4662780761719,65358100,7541,False,,0.0,,,False,False,,,-1,False,TN
2023-01-11,375.0440257972263,378.266360907405,374.2312636370513,378.1898498535156,68881100,7542,False,,0.0,,,False,False,,,-1,False,TN
2023-01-12,379.289500125456,381.02973273660194,375.22571833967487,379.5667724609375,90157700,7543,False,,0.0,,,False,False,,,-1,False,TN
2023-01-13,376.3730941204777,381.61299228704434,376.1053638013344,381.0392761230469,63903900,7544,False,,0.0,,,False,False,,,-1,False,TN
2023-01-17,381.0201591163604,382.69348088927234,379.66236518124305,380.34124755859375,62677300,7545,False,,0.0,,,False,False,,,-1,False,TN
2023-01-18,381.52697849057256,382.58832869980466,374.1356658339176,374.3364562988281,99632300,7546,False,,0.0,,,False,False,,,-1,False,TN
2023-01-19,372.2997525257694,373.94439001524745,370.29178966269103,371.611328125,86958900,7547,False,,0.0,,,False,False,,,-1,False,TN
2023-01-20,373.00740648744664,378.68714212069887,371.3627687421207,378.5341491699219,91806400,7548,False,,0.0,,,False,False,,,-1,False,TN
2023-01-23,379.3372757234957,385.0074392135379,378.3810918291715,383.0759582519531,84178800,7549,False,,0.0,,,False,False,,,-1,False,TN
2023-01-24,381.4026252152029,383.5731520865071,380.21696655885887,382.664794921875,59524900,7550,False,,0.0,,,False,False,,,-1,False,TN
2023-01-25,378.6010242444025,383.1428977378186,376.31573073269413,382.8082275390625,84800300,7551,False,,0.0,,,False,False,,,-1,False,TN
2023-01-26,385.4663374256009,387.1779144092396,382.502162136623,387.0153503417969,72287400,7552,False,,0.0,,,False,False,,,-1,False,TN
2023-01-27,385.97318218490153,390.2760095744735,385.762820567528,387.9046630859375,68346200,7553,False,,0.0,,,False,False,,,-1,False,TN
2023-01-30,385.1508473703547,387.378772106544,382.7412745466371,383.0376892089844,74202000,7554,False,,0.0,,,False,False,,,-1,False,TN
2023-01-31,383.5540875652921,388.717475261581,383.2098461559824,388.669677734375,86811800,7555,False,,0.0,,,False,False,,,-1,False,TN
2023-02-01,387.4553193407529,395.5446571758706,384.7206470447407,392.8003845214844,101459200,7556,False,,0.0,,,False,False,,,-1,False,TN
2023-02-02,396.6824854385565,399.981331954011,394.7892597691829,398.5183715820313,101654500,7557,False,,0.0,,,False,False,,,-1,False,TN
2023-02-03,393.5557310779442,398.7000051703591,393.0776391240828,394.2824401855469,94736800,7558,False,,0.0,,,False,False,,,-1,False,TN
2023-02-06,391.8346069060138,393.26888274999055,390.21865378736663,391.8728332519531,60295300,7559,False,,0.0,,,False,False,,,-1,False,TN
2023-02-07,390.9549267928235,398.24104381969875,389.7118993305467,396.9980163574219,90990700,7560,False,,0.0,,,False,False,,,-1,False,TN
2023-02-08,395.0282680161365,396.3669196696717,391.9684677962696,392.6569213867187,76227500,7561,False,,0.0,,,False,False,,,-1,False,TN
2023-02-09,396.25217230001425,396.40516522520073,388.028984948847,389.2528991699219,78694900,7562,False,,0.0,,,False,False,,,-1,False,TN
2023-02-10,388.0767823283588,390.54375312300726,387.2640493604547,390.1612854003906,70769700,7563,False,,0.0,,,False,False,,,-1,False,TN
2023-02-13,390.8115223602018,394.8753043260224,390.352543539111,394.7414245605469,64913500,7564,False,,0.0,,,False,False,,,-1,False,TN
2023-02-14,393.2210725630297,396.86413102531327,390.61070909281807,394.5597534179687,88389300,7565,False,,0.0,,,False,False,,,-1,False,TN
2023-02-15,392.3700815999979,395.91751581058026,391.5286350725414,395.8410339355469,61555700,7566,False,,0.0,,,False,False,,,-1,False,TN
2023-02-16,390.8783796232902,394.8178521686059,390.2568659959704,390.3907165527344,76431500,7567,False,,0.0,,,False,False,,,-1,False,TN
2023-02-17,388.2680948062688,389.6545733573568,386.3461555191352,389.41552734375,89257800,7568,False,,0.0,,,False,False,,,-1,False,TN
2023-02-21,385.39953691428894,386.4513451946088,381.34532592151567,381.6034851074219,82655900,7569,False,,0.0,,,False,False,,,-1,False,TN
2023-02-22,382.0145255408099,383.5539965692342,379.624066139242,381.0774841308594,83742300,7570,False,,0.0,,,False,True,0.42374056577682495,0.6027749229188079,3,True,FP
2023-02-23,383.965204449082,384.577176151522,378.88787027584414,383.1046447753906,96242400,7571,False,,0.0,,,False,True,0.4580206573009491,0.6428571428571429,3,True,FP
2023-02-24,378.0942177024235,379.8440212478962,376.3922116756281,379.01214599609375,108194400,7572,False,,0.0,,,False,True,0.3398650884628296,0.5,3,True,FP
2023-02-27,382.3492272761536,383.707021167783,379.3659383654355,380.3030090332031,80444700,7573,False,,0.0,,,False,True,0.3441183567047119,0.5056526207605344,3,True,FP
2023-02-28,379.824960535171,381.78512595829335,378.79226552930106,378.8974609375,96438600,7574,False,,0.0,,,False,True,0.49243879318237305,0.6808838643371018,3,True,FP
2023-03-01,378.08465625730815,379.3085704071732,376.14360422634064,377.4440002441406,99706800,7575,False,,0.0,,,False,True,0.5639075040817261,0.7661870503597122,3,True,FP
2023-03-02,375.4742282559995,381.22090193596534,375.1395581071414,380.37945556640625,85127800,7576,False,0.032307260362806955,0.0,7.0,2023-03-13,False,True,0.036809105426073074,0.13566289825282632,3,False,TN
2023-03-03,382.1962961869598,386.7286281625777,381.5460980741436,386.4800109863281,90120000,7577,False,0.04886348483832048,0.0,6.0,2023-03-13,False,False,,,-1,False,TN
2023-03-06,387.3022544543635,389.5971190249731,386.3078442662089,386.7476806640625,72795900,7578,False,0.04958991037908134,0.0,5.0,2023-03-13,False,False,,,-1,False,TN
2023-03-07,386.69989002886615,386.9389359941927,380.2073934400801,380.8193359375,108310600,7579,False,0.03350104644700802,0.0,4.0,2023-03-13,False,False,,,-1,False,TN
2023-03-08,380.9341111603913,382.19625170885286,379.212962662717,381.4408874511719,74746600,7580,False,0.03518786767476745,0.0,3.0,2023-03-13,False,True,0.30407291650772095,0.4671120246659815,3,False,TN
2023-03-09,382.2249901315046,383.88877016600645,373.4185434936177,374.4034118652344,111945300,7581,False,0.01608894675336403,0.0,2.0,2023-03-13,False,True,0.4865144193172455,0.671634121274409,3,True,FP
2023-03-10,373.8583166785041,375.9332484862883,367.48058669730784,369.00091552734375,189253000,7582,True,0.0014271764814037802,0.8216029398245275,1.0,2023-03-13,False,True,0.5380480289459229,0.737410071942446,3,True,TP
2023-03-13,365.0805952370844,373.28466995051247,363.97141834242984,368.47503662109375,157790000,7583,True,0.0,1.0,0.0,2023-03-13,True,True,0.6238667964935303,0.8335046248715313,3,True,TP
2023-03-14,373.3898317252391,376.21058604424246,370.0909854321958,374.5659484863281,149752400,7584,False,0.016530052947651086,0.0,1.0,2023-03-13,False,True,0.025756018236279488,0.07708119218910586,3,False,TN
2023-03-15,368.9818486133687,372.42408758364206,366.8973453679593,372.2232971191406,172996900,7585,False,0.010172359388083141,0.0,2.0,2023-03-13,False,True,0.12853524088859558,0.2959917780061665,3,False,TN
2023-03-16,369.8710702132339,379.0982391870772,369.3642939038433,378.7539978027344,143254200,7586,False,0.02789594995606337,0.0,3.0,2023-03-13,False,True,0.0106669832020998,0.0005138746145940391,3,False,TN
2023-03-17,377.4256197444262,378.55821591341066,372.94318572096427,374.3253479003906,140553400,7587,False,0.01587708989174419,0.0,4.0,2023-03-13,False,True,0.06762216240167618,0.21942446043165467,3,False,TN
2023-03-20,375.10286177523193,378.33752477252494,374.4022021758944,377.9247741699219,93055800,7588,False,0.025645529845066184,0.0,5.0,2023-03-13,False,True,0.01757100410759449,0.01644398766700925,3,False,TN
2023-03-21,381.28412015653794,383.36697102971766,379.6907935748145,382.8870544433594,91524200,7589,False,0.03911260299862773,0.0,6.0,2023-03-13,False,False,,,-1,False,TN
2023-03-22,382.7143506832372,386.3233040523079,376.3218572494295,376.3602294921875,111746600,7590,False,0.021399530734566907,0.0,7.0,2023-03-13,False,False,,,-1,False,TN
2023-03-23,379.2205184817109,383.25182988301947,374.6709182110407,377.3776550292969,119351300,7591,False,,0.0,,,False,True,0.07279839366674423,0.22918807810894143,3,False,TN
2023-03-24,376.1009919988445,379.9403243336123,373.7589969312936,379.85394287109375,107682400,7592,False,,0.0,,,False,False,,,-1,False,TN
2023-03-27,382.1287415933862,382.8966256334002,379.67157124890343,380.564208984375,74010400,7593,False,,0.0,,,False,False,,,-1,False,TN
2023-03-28,379.8731772141997,380.5642582938647,377.8767370350477,379.71002197265625,62871700,7594,False,,0.0,,,False,False,,,-1,False,TN
2023-03-29,383.8660584843338,385.46899270747423,382.6662670661032,385.2290344238281,77497900,7595,False,,0.0,,,False,False,,,-1,False,TN
2023-03-30,387.8589998974814,388.10856590647154,385.62260139743574,387.4846801757813,69840000,7596,False,,0.0,,,False,False,,,-1,False,TN
2023-03-31,388.4061147934353,393.24368242982905,388.30051790737826,392.9461364746094,112062600,7597,False,,0.0,,,False,False,,,-1,False,TN
2023-04-03,392.4277954226003,394.84656445369103,392.03426030988214,394.4434509277344,67391100,7598,False,,0.0,,,False,False,,,-1,False,TN
2023-04-04,395.08655642138893,395.37452397054454,390.882482113078,392.2550659179687,66601500,7599,False,,0.0,,,False,False,,,-1,False,TN
2023-04-05,391.5255732993779,392.2838497468419,389.57711302940226,391.22802734375,65200200,7600,False,,0.0,,,False,False,,,-1,False,TN
2023-04-06,390.4313411526847,393.0325102209904,389.3851264771968,392.754150390625,63743300,7601,False,,0.0,,,False,False,,,-1,False,TN
2023-04-10,390.277787817443,393.2340906618624,389.6635097627265,393.15728759765625,63681000,7602,False,,0.0,,,False,False,,,-1,False,TN
2023-04-11,393.78116601430696,394.6641961280183,392.4949930804865,393.2628479003906,59297900,7603,False,,0.0,,,False,False,,,-1,False,TN
2023-04-12,395.32651264091214,395.6144801885437,391.0744584094718,391.6599426269531,86420400,7604,False,,0.0,,,False,False,,,-1,False,TN
2023-04-13,392.7445509263928,397.2173772579594,391.60234704835096,396.86224365234375,85814800,7605,False,,0.0,,,False,False,,,-1,False,TN
2023-04-14,396.2288003118919,398.41721916409074,393.5892586164342,395.8928527832031,78161500,7606,False,,0.0,,,False,False,,,-1,False,TN
2023-04-17,395.8064397500749,397.3325711300684,394.5778543396015,397.3133850097656,66436400,7607,False,0.02369196878655777,0.0,7.0,2023-04-26,False,False,,,-1,False,TN
2023-04-18,398.8874765900454,399.0218673008723,396.1999552913603,397.572509765625,63560000,7608,False,0.024359612871794223,0.0,6.0,2023-04-26,False,False,,,-1,False,TN
2023-04-19,395.6624782963843,398.4075874340768,395.60489064257166,397.50537109375,55227300,7609,False,0.02418662771250557,0.0,5.0,2023-04-26,False,False,,,-1,False,TN
2023-04-20,394.693049912546,397.0830547892666,393.79080425161,395.3361511230469,75840400,7610,False,0.018597555845506708,0.0,4.0,2023-04-26,False,False,,,-1,False,TN
2023-04-21,395.63370284019766,396.104011798768,393.6948500576411,395.643310546875,73457400,7611,False,0.019388962949252297,0.0,3.0,2023-04-26,False,False,,,-1,False,TN
2023-04-24,395.4416619438187,396.4782981802782,394.1075090570705,396.0559692382813,64332100,7612,False,0.020452192641934763,0.0,2.0,2023-04-26,False,False,,,-1,False,TN
2023-04-25,394.088292257947,394.6450119030647,389.7114553215701,389.76904296875,97766700,7613,True,0.004253705066908253,0.46828686663646835,1.0,2023-04-26,False,False,,,-1,False,FN
2023-04-26,390.3833244029181,391.4583328014488,387.5614127108838,388.11810302734375,80447000,7614,True,0.0,1.0,0.0,2023-04-26,True,True,0.6486808061599731,0.8591983556012333,3,True,TP
2023-04-27,390.6521771625275,396.1136313192731,390.40261111578326,395.8448791503906,92968400,7615,False,0.01990831157520767,0.0,1.0,2023-04-26,False,False,,,-1,False,TN
2023-04-28,394.9617875942257,399.2330574132173,394.90419994068407,399.2234497070313,89433100,7616,False,0.028613317938702698,0.0,2.0,2023-04-26,False,False,,,-1,False,TN
2023-05-01,398.7819414839583,400.8455772162606,398.589963107647,398.8203430175781,62122300,7617,False,0.02757469931640988,0.0,3.0,2023-04-26,False,False,,,-1,False,TN
2023-05-02,398.11002828382885,398.1580375216088,391.4392047424731,394.337890625,103998500,7618,False,0.016025502415737858,0.0,4.0,2023-04-26,False,False,,,-1,False,TN
2023-05-03,394.83697342513307,397.24616414474065,391.3911757317851,391.6311340332031,91531800,7619,False,0.009051448459779454,0.0,5.0,2023-04-26,False,False,,,-1,False,TN
2023-05-04,390.58495750937874,390.9112973161723,387.5230869408355,388.8572692871094,94901900,7620,True,0.0019044879741503262,0.7619390032312092,6.0,2023-04-26,False,True,0.6110997796058655,0.8201438848920863,3,True,TP
2023-05-05,392.485388641624,397.1021838881152,392.22624422840113,396.0559692382813,87891800,7621,True,0.005801237965302741,0.27484525433715734,7.0,2023-05-16,False,False,,,-1,False,FN
2023-05-08,396.3823627822816,396.6415072306633,394.76024214675766,396.1615905761719,50046800,7622,True,0.0060694679142421215,0.2413165107197348,6.0,2023-05-16,False,False,,,-1,False,FN
2023-05-09,394.6162337304968,395.53766541370464,394.1939047732381,394.42425537109375,49220100,7623,True,0.001657430132337101,0.7928212334578624,5.0,2023-05-16,False,False,,,-1,False,FN
2023-05-10,397.25577792419296,397.8892713646366,392.44700411687967,396.26715087890625,96142900,7624,True,0.006337542861766243,0.2078071422792196,4.0,2023-05-16,False,False,,,-1,False,FN
2023-05-11,395.4033173680311,395.8640185793233,393.5028369960926,395.5760803222656,70157100,7625,True,0.004582539338584102,0.4271825826769873,3.0,2023-05-16,False,False,,,-1,False,FN
2023-05-12,396.8143117058912,397.02547621204064,392.6390308249023,395.0578002929687,70481500,7626,True,0.003266344821728051,0.5917068972839936,2.0,2023-05-16,False,False,,,-1,False,FN
2023-05-15,395.6624998283395,396.8238899658133,393.7524408587719,396.4207763671875,54289400,7627,True,0.006727681423731369,0.15903982203357891,1.0,2023-05-16,False,False,,,-1,False,FN
2023-05-16,395.31692397910456,396.2383850257728,393.7619987390595,393.7716064453125,57705500,7628,True,0.0,1.0,0.0,2023-05-16,True,False,,,-1,False,FN
2023-05-17,395.7872805401457,399.1562756190207,394.1459737431661,398.5516052246094,87287000,7629,False,0.01213901332919165,0.0,1.0,2023-05-16,False,False,,,-1,False,TN
2023-05-18,398.23480532655367,402.8132286270494,398.0140624281471,402.3908996582031,97177200,7630,False,0.021889067347184987,0.0,2.0,2023-05-16,False,False,,,-1,False,TN
2023-05-19,403.29314851307697,403.8210450825171,400.5864117249465,401.8053894042969,103793300,7631,False,0.020402138771526968,0.0,3.0,2023-05-16,False,False,,,-1,False,TN
2023-05-22,401.8246282749285,403.5043365562108,400.5864351115969,401.9685974121094,60745400,7632,False,0.020816612555672576,0.0,4.0,2023-05-16,False,False,,,-1,False,TN
2023-05-23,400.32722839371974,401.9013689419868,397.0638012887145,397.4573364257813,86383500,7633,False,0.00936007045744347,0.0,5.0,2023-05-16,False,False,,,-1,False,TN
2023-05-24,395.8544755940859,396.2384030684528,393.4164907295838,394.577880859375,89213700,7634,True,0.0020475686943022264,0.7440539132122217,6.0,2023-05-16,False,False,,,-1,False,FN
2023-05-25,398.0812240048889,399.4442000783956,395.8448254698011,397.9948425292969,90961600,7635,False,0.010725090420075523,0.0,7.0,2023-05-16,False,False,,,-1,False,TN
2023-05-26,398.64748907245814,403.8689837488059,398.57071530888675,403.1491088867187,93830000,7636,False,,0.0,,,False,False,,,-1,False,TN
2023-05-30,405.0783704702366,405.60626696953454,401.9205113036728,403.30267333984375,72216000,7637,False,,0.0,,,False,False,,,-1,False,TN
2023-05-31,401.47906649861943,402.3813121326053,399.5018122688516,401.06634521484375,110811800,7638,False,,0.0,,,False,False,,,-1,False,TN
2023-06-01,401.2966730663804,405.9326839874396,400.0489015795839,404.8768615722656,88865000,7639,False,,0.0,,,False,False,,,-1,False,TN
2023-06-02,407.44926010636226,411.51894416726753,406.92136347665047,410.7319030761719,91426200,7640,False,,0.0,,,False,False,,,-1,False,TN
2023-06-05,411.0773899248413,412.3635629860605,409.2441048720611,409.9447937011719,65460200,7641,False,,0.0,,,False,False,,,-1,False,TN
2023-06-06,409.53204325524,411.3652988856477,408.8793344192004,410.83740234375,64022200,7642,False,,0.0,,,False,False,,,-1,False,TN
2023-06-07,411.2309384070294,412.3635345526036,408.9945106484148,409.4168395996094,85373300,7643,False,,0.0,,,False,False,,,-1,False,TN
2023-06-08,409.4840283285931,412.344341762355,408.71617349799953,411.8932189941406,61952800,7644,False,,0.0,,,False,False,,,-1,False,TN
2023-06-09,412.6898813507892,414.63834160760314,411.64366666036057,412.6322937011719,85742800,7645,False,,0.0,,,False,False,,,-1,False,TN
2023-06-12,413.61134578902306,416.4524439304632,412.89147087099775,416.3756408691406,76104300,7646,False,,0.0,,,False,False,,,-1,False,TN
2023-06-13,417.8345242682373,419.7637687522181,417.1722371300444,419.1206970214844,95899700,7647,False,,0.0,,,False,False,,,-1,False,TN
2023-06-14,419.45671780561304,421.4243641568749,416.1740753599218,419.619873046875,100612100,7648,False,0.009554201857624456,0.0,7.0,2023-06-26,False,False,,,-1,False,TN
2023-06-15,418.8039711627685,426.069914890404,418.70801128446885,424.8221435546875,110303100,7649,False,0.02207022978601425,0.0,6.0,2023-06-26,False,False,,,-1,False,TN
2023-06-16,426.8048493495723,427.3732510116979,422.9030966686289,423.3751525878906,114165800,7650,False,0.018588946118553995,0.0,5.0,2023-06-26,False,False,,,-1,False,TN
2023-06-20,421.4387253030806,422.32503554227975,419.1072877770987,421.1785888671875,76160400,7651,False,0.013304281887134062,0.0,4.0,2023-06-26,False,False,,,-1,False,TN
2023-06-21,420.1960080674684,420.9956161046276,418.4329718665532,419.0206604003906,76982300,7652,False,0.008112569361355737,0.0,3.0,2023-06-26,False,False,,,-1,False,TN
2023-06-22,418.0668439684426,420.6391018260277,417.72964857046975,420.53314208984375,70637200,7653,False,0.011751415714682523,0.0,2.0,2023-06-26,False,False,,,-1,False,TN
2023-06-23,417.0841314152319,419.13617505158805,416.6409763099136,417.3538818359375,92074500,7654,True,0.0041025035580091185,0.4871870552488602,1.0,2023-06-26,False,False,,,-1,False,FN
2023-06-26,416.7854848977608,418.7026386450146,415.4078319979814,415.648681640625,72823600,7655,True,0.0,1.0,0.0,2023-06-26,True,False,,,-1,False,FN
2023-06-27,416.5253768197751,420.82212620155866,416.0725783167209,420.20556640625,72813700,7656,False,0.01096330859907546,0.0,1.0,2023-06-26,False,False,,,-1,False,TN
2023-06-28,419.1265918933675,421.4291288943605,418.5100320148264,420.4175720214844,75636000,7657,False,0.011473368235010106,0.0,2.0,2023-06-26,False,False,,,-1,False,TN
2023-06-29,420.00325329466176,422.2383451446893,419.5986423394109,422.0745544433594,67882300,7658,False,0.01545986571488811,0.0,3.0,2023-06-26,False,False,,,-1,False,TN
2023-06-30,425.28267848094407,428.0379843526411,424.96474047999936,427.0553283691406,104964000,7659,False,0.02744299989955934,0.0,4.0,2023-06-26,False,False,,,-1,False,TN
2023-07-03,426.70850932168867,427.82602579498047,426.4291155030701,427.5466613769531,32793400,7660,False,0.028625087151401774,0.0,5.0,2023-06-26,False,False,,,-1,False,TN
2023-07-05,425.7354801650757,427.6430199831629,425.7258367708566,426.9108276367187,58418400,7661,False,0.0270953487730079,0.0,6.0,2023-06-26,False,False,,,-1,False,TN
2023-07-06,423.3365733138423,423.99167722455906,421.06293761114665,423.5677795410156,80658300,7662,False,0.019052383058531186,0.0,7.0,2023-06-26,False,False,,,-1,False,TN
2023-07-07,422.5755014325792,426.43873894163033,422.25756345371417,422.4984130859375,86134200,7663,False,,0.0,,,False,False,,,-1,False,TN
2023-07-10,422.1419392054069,423.7411842113957,421.5735376298801,423.5677795410156,62443500,7664,False,,0.0,,,False,False,,,-1,False,TN
2023-07-11,424.3289390845195,426.7566930521444,423.3558970583311,426.2653503417969,64463800,7665,False,,0.0,,,False,False,,,-1,False,TN
2023-07-12,430.0514589385291,431.101559747161,428.6256186127397,429.6949768066406,91924500,7666,False,,0.0,,,False,False,,,-1,False,TN
2023-07-13,431.506253963796,433.89549322497544,431.0727422071223,433.1054992675781,72425200,7667,False,,0.0,,,False,False,,,-1,False,TN
2023-07-14,433.9918751608312,434.8396413558847,432.0746916750242,432.8357849121094,69815800,7668,False,,0.0,,,False,False,,,-1,False,TN
2023-07-17,432.6912196663996,435.3887239970372,432.6430320958501,434.338623046875,52680200,7669,False,,0.0,,,False,False,,,-1,False,TN
2023-07-18,434.0110663595222,438.2114701147798,433.5775252322227,437.5660095214844,80668200,7670,False,,0.0,,,False,False,,,-1,False,TN
2023-07-19,438.3559839057652,439.7239933832524,437.4889016897744,438.5390319824219,65891700,7671,False,,0.0,,,False,False,,,-1,False,TN
2023-07-20,437.5467608684042,438.44271452207744,434.9166720715067,435.6295776367187,70591600,7672,False,,0.0,,,False,False,,,-1,False,TN
2023-07-21,437.3444259913096,437.5467608684042,435.61996364299455,435.6295776367187,71275600,7673,False,,0.0,,,False,False,,,-1,False,TN
2023-07-24,436.77598531715506,438.38487379289774,435.7451418375123,437.57562255859375,54023400,7674,False,,0.0,,,False,False,,,-1,False,TN
2023-07-25,437.3059083742901,440.0226701000181,437.2577208036124,438.770263671875,55191200,7675,False,,0.0,,,False,False,,,-1,False,TN
2023-07-26,437.83576473919794,440.263518637083,436.7856637889011,438.8377075195313,71052900,7676,False,,0.0,,,False,False,,,-1,False,TN
2023-07-27,442.2192143317386,442.6238546795818,435.02262562113657,435.92822265625,92194400,7677,False,,0.0,,,False,False,,,-1,False,TN
2023-07-28,439.1941936182639,441.024645224626,435.9282579906258,440.1961364746094,80011800,7678,False,,0.0,,,False,False,,,-1,False,TN
2023-07-31,440.6681140687776,441.3906629481321,439.3578768125751,441.0342102050781,62040400,7679,False,,0.0,,,False,False,,,-1,False,TN
2023-08-01,439.5698819163366,440.5140231570704,438.8184321616605,439.772216796875,55291500,7680,False,,0.0,,,False,False,,,-1,False,TN
2023-08-02,436.6604316074864,436.9205386548979,432.9031828085776,433.6546325683594,93933400,7681,False,,0.0,,,False,False,,,-1,False,TN
2023-08-03,431.6411275781037,434.2904737931767,430.9956375639887,432.4118347167969,64276100,7682,False,,0.0,,,False,True,0.8698399662971497,0.987667009249743,3,True,FP
2023-08-04,434.2229769011584,436.3231785934213,429.93584177835424,430.4560852050781,100128900,7683,False,,0.0,,,False,True,0.6865644454956055,0.9008221993833505,3,True,FP
2023-08-07,432.2865513057546,434.3674956833761,431.5929031798807,434.2133483886719,58357500,7684,False,,0.0,,,False,False,,,-1,False,TN
2023-08-08,431.6796137883657,434.2037427118271,428.9724661870649,432.3251037597656,71361300,7685,False,0.028558888585963116,0.0,7.0,2023-08-17,False,False,,,-1,False,TN
2023-08-09,432.5948520910791,432.7586427817327,428.67381291504086,429.4349060058594,78789600,7686,False,0.021682723950371408,0.0,6.0,2023-08-17,False,True,0.6342606544494629,0.8473792394655704,3,True,FP
2023-08-10,431.7855978075418,435.1671361209915,428.4233462814403,429.5890502929687,93005500,7687,False,0.02204945369900768,0.0,5.0,2023-08-17,False,True,0.5233514904975891,0.7158273381294964,3,True,FP
2023-08-11,427.7200594884635,430.3501481391964,427.1227570858758,429.3385620117187,68690900,7688,False,0.021453508781801522,0.0,4.0,2023-08-17,False,True,0.6484329104423523,0.8591983556012333,3,True,FP
2023-08-14,428.4234238736149,431.7085876464844,428.1151292261153,431.7085876464844,47867400,7689,False,0.027092114802166778,0.0,3.0,2023-08-17,False,True,0.18522219359874725,0.3540596094552929,3,False,TN
2023-08-15,429.9358583347008,430.2923404930472,426.1111649328765,426.6795959472656,75707500,7690,False,0.015127475071852192,0.0,2.0,2023-08-17,False,True,0.6716209650039673,0.8879753340184995,3,True,FP
2023-08-16,426.26534575201464,427.9223925566891,423.4425948477228,423.548583984375,80107200,7691,True,0.00767838142289845,0.0402023221376937,1.0,2023-08-17,False,True,0.6426162123680115,0.8566289825282631,3,True,TP
2023-08-17,425.01294414487614,425.27305119137833,419.8009540161682,420.3211975097656,95711300,7692,True,0.0,1.0,0.0,2023-08-17,True,True,0.6479312777519226,0.8581706063720452,3,True,TP
2023-08-18,417.5080561439708,421.5543421169173,417.1612467523088,420.52349853515625,98852000,7693,True,0.00048130103023402704,0.9398373712207466,1.0,2023-08-17,False,True,0.6830661296844482,0.8977389516957862,3,True,TP
2023-08-21,421.53502982303786,424.0013277942752,419.38666984217986,423.259521484375,68719000,7694,True,0.006990663311814416,0.12616708602319804,2.0,2023-08-17,False,True,0.1157175824046135,0.2867420349434738,3,False,FN
2023-08-22,425.0321947779214,425.0321947779214,421.55433988295033,422.1130981445313,64994200,7695,True,0.004263169798197186,0.46710377522535174,3.0,2023-08-17,False,True,0.3096331059932709,0.4696813977389517,3,False,FN
2023-08-23,423.17289859888336,427.4311339866133,423.0283946673013,426.8145446777344,68441000,7696,False,0.015448536039674554,0.0,4.0,2023-08-17,False,True,0.016011280938982964,0.008221993833504625,3,False,TN
2023-08-24,428.41372832126285,428.9243284062607,420.8703007742917,420.8992309570313,88517300,7697,True,0.001375218406043599,0.8280976992445501,5.0,2023-08-17,False,True,0.570903480052948,0.7738951695786228,3,True,TP
2023-08-25,422.62372359066535,425.14782341445994,419.07842352366526,423.8665161132813,102325100,7698,False,0.008434784218640967,0.0,6.0,2023-08-17,False,True,0.022755423560738564,0.05549845837615622,3,False,TN
2023-08-28,426.0534267072631,427.17097271429145,423.8665222680011,426.5544128417969,61595400,7699,False,0.01482964782399887,0.0,7.0,2023-08-17,False,True,0.015357392840087414,0.006680369989722507,3,False,TN
2023-08-29,426.44835885508,432.9994865828607,426.26531078000176,432.7200927734375,83081900,7700,False,,0.0,,,False,False,,,-1,False,TN
2023-08-30,433.0573129923486,435.1382574911251,432.35402143192493,434.5024108886719,69053900,7701,False,,0.0,,,False,False,,,-1,False,TN
2023-08-31,435.1189529964718,436.2557562391773,433.6834985527266,433.8665466308594,66084600,7702,False,,0.0,,,False,False,,,-1,False,TN
2023-09-01,436.5833515582069,437.0650508527564,433.2210704898494,434.6758117675781,58944100,7703,False,,0.0,,,False,False,,,-1,False,TN
2023-09-05,434.2326640905419,434.55057269413254,432.7297646178386,432.7971801757813,55166200,7704,False,,0.0,,,False,False,,,-1,False,TN
2023-09-06,431.9878970619196,432.0938861890391,427.5659013158959,429.8876953125,70758500,7705,False,,0.0,,,False,False,,,-1,False,TN
2023-09-07,426.8915375451562,429.24223247025344,426.5447281630559,428.56787109375,70355400,7706,False,,0.0,,,False,False,,,-1,False,TN
2023-09-08,428.6159849900901,430.7450874340842,428.2595322506645,429.2132873535156,61659700,7707,False,,0.0,,,False,True,0.5524090528488159,0.7548818088386434,3,True,FP
2023-09-11,431.8337674259448,432.34436749416994,430.12856253408137,432.0361022949219,60180100,7708,False,,0.0,,,False,False,,,-1,False,TN
2023-09-12,430.59102153155527,432.11317840274216,429.0881220484013,429.6661376953125,67565400,7709,False,,0.0,,,False,False,,,-1,False,TN
2023-09-13,429.8877204342684,431.3231749266096,428.7894319282898,430.1671142578125,60199300,7710,False,,0.0,,,False,False,,,-1,False,TN
2023-09-14,432.6333966988674,434.5698078044723,431.3328027678491,433.8761596679687,83430800,7711,False,,0.0,,,False,False,,,-1,False,TN
2023-09-15,432.2935551441486,432.6222625307114,428.2136712808251,428.6487121582031,111848900,7712,False,,0.0,,,False,False,,,-1,False,TN
2023-09-18,428.3393572391215,430.1956202798295,427.8656361967372,428.9001159667969,55752200,7713,False,,0.0,,,False,True,0.645814836025238,0.8576567317574512,3,True,FP
2023-09-19,427.9816784232244,428.57143992105387,425.33266414931774,428.01068115234375,66514600,7714,False,,0.0,,,False,True,0.40836939215660095,0.5817060637204522,3,True,FP
2023-09-20,429.2674385052619,429.6831540306982,423.872696066376,424.07574462890625,82562600,7715,False,,0.0,,,False,True,0.5423616170883179,0.7430626927029804,3,True,FP
2023-09-21,421.233389771168,421.49441429318694,416.91180676973505,417.0664978027344,104095800,7716,False,,0.0,,,False,True,0.430838406085968,0.6115107913669064,3,True,FP
2023-09-22,418.091288955446,419.6864977783781,415.71294757869936,416.1286926269531,100829700,7717,False,0.02094433703931564,0.0,7.0,2023-10-03,False,True,0.49625054001808167,0.6865364850976362,3,True,FP
2023-09-25,414.92017485715184,417.9172211836111,414.485104517223,417.8785705566406,70874500,7718,False,0.025237547275664518,0.0,6.0,2023-10-03,False,True,0.33210158348083496,0.4897225077081192,3,False,TN
2023-09-26,414.84288124552415,415.54865360911657,410.90801075336816,411.7394714355469,96168400,7719,False,0.010175671963397859,0.0,5.0,2023-10-03,False,True,0.676117479801178,0.8926002055498459,3,True,FP
2023-09-27,412.90925504168933,413.4700137261174,408.2686420542666,411.9037780761719,104705800,7720,False,0.010578787483322971,0.0,4.0,2023-10-03,False,True,0.7018894553184509,0.9146968139773896,3,True,FP
2023-09-28,411.3527676631777,415.964378389492,410.7630061946947,414.2918090820313,92258300,7721,False,0.016437664257033413,0.0,3.0,2023-10-03,False,True,0.14160050451755524,0.30935251798561153,3,False,TN
2023-09-29,417.3371969608053,417.5112133076614,411.7684378270295,413.2863159179687,115111300,7722,False,0.013970753010656534,0.0,2.0,2023-10-03,False,True,0.33949172496795654,0.5,3,True,FP
2023-10-02,412.4548865420046,414.36915501527096,410.3666017087048,413.1219787597656,83798600,7723,False,0.01356756261786396,0.0,1.0,2023-10-03,False,True,0.564509391784668,0.7672147995889003,3,True,FP
2023-10-03,410.9467362805822,413.1800350218719,406.2287621330651,407.5919494628906,103760600,7724,True,0.0,1.0,0.0,2023-10-03,True,True,0.5956663489341736,0.8057553956834532,3,True,TP
2023-10-04,408.0559059967463,411.30432887204057,406.5960334820363,410.5599060058594,87453000,7725,True,0.007281685879418909,0.0897892650726364,1.0,2023-10-03,False,True,0.1266384869813919,0.2949640287769784,3,False,FN
2023-10-05,410.269877205424,411.2463514179395,407.1858225474584,410.4052429199219,70142700,7726,True,0.006902230185700464,0.13722122678744197,2.0,2023-10-03,False,True,0.16340117156505585,0.3329907502569373,3,False,FN
2023-10-06,407.9592344326086,416.8150963910029,406.63472757769614,415.27789306640625,113273300,7727,False,0.018856956359525334,0.0,3.0,2023-10-03,False,True,0.03353037312626839,0.12127440904419322,3,False,TN
2023-10-09,413.3829504373266,418.5069910271343,412.8318987010215,417.93658447265625,80374400,7728,False,0.025379880597242943,0.0,4.0,2023-10-03,False,False,,,-1,False,TN
2023-10-10,418.5650575162268,422.70294712015226,418.1686672417201,420.1119384765625,78607300,7729,False,0.030716968355656293,0.0,5.0,2023-10-03,False,False,,,-1,False,TN
2023-10-11,421.17537943505704,422.08414129890025,418.79703802262225,421.8327941894531,62451700,7730,False,0.034938974494782116,0.0,6.0,2023-10-03,False,False,,,-1,False,TN
2023-10-12,422.4418474172078,422.81888280363904,416.91176888328704,419.2610778808594,81154200,7731,False,0.02862943793013062,0.0,7.0,2023-10-03,False,False,,,-1,False,TN
2023-10-13,420.75956736765113,421.95841529247537,415.606554136673,417.1727600097656,95143100,7732,False,,0.0,,,False,False,,,-1,False,TN
2023-10-16,419.4158131019472,422.6255856986061,419.1741138914331,421.5621032714844,75433200,7733,False,,0.0,,,False,False,,,-1,False,TN
2023-10-17,418.43937576892034,423.5924199141401,418.0913430371363,421.5427856445313,75324700,7734,False,,0.0,,,False,False,,,-1,False,TN
2023-10-18,419.77352121429993,420.7306406420035,414.8428514424272,415.9256591796875,93559800,7735,False,0.04755532541383811,0.0,7.0,2023-10-27,False,False,,,-1,False,TN
2023-10-19,416.6411507436909,418.449056290601,411.5944695651963,412.2712097167969,121323000,7736,False,0.038351185414740474,0.0,6.0,2023-10-27,False,True,0.6405029892921448,0.8535457348406988,3,True,FP
2023-10-20,411.8360731446502,412.377476941903,407.0987456622459,407.2051086425781,123919900,7737,False,0.02559164283242077,0.0,5.0,2023-10-27,False,True,0.5192039608955383,0.7117163412127441,3,True,FP
2023-10-23,405.677575980599,410.3568982821464,403.9276761980999,406.4993591308594,92035100,7738,False,0.02381413369565033,0.0,4.0,2023-10-27,False,True,0.5597065687179565,0.763103802672148,3,True,FP
2023-10-24,408.6167068763109,410.71466914656554,406.7701212432729,409.5641784667969,78564200,7739,False,0.03153322422525284,0.0,3.0,2023-10-27,False,True,0.2784513235092163,0.44347379239465573,3,False,TN
2023-10-25,407.8819288454219,407.91093157015536,403.17360349885,403.6860046386719,94223200,7740,False,0.016728385520410338,0.0,2.0,2023-10-27,False,True,0.5950221419334412,0.8036998972250771,3,True,FP
2023-10-26,402.6225206966068,403.47327705797994,397.9335505307934,398.85198974609375,115156800,7741,True,0.004553377962960292,0.4308277546299635,1.0,2023-10-27,False,True,0.5206624865531921,0.7132579650565262,3,True,TP
2023-10-27,400.43756406837696,400.833954292058,395.6229054415524,397.0440979003906,107367700,7742,True,0.0,1.0,0.0,2023-10-27,True,True,0.7047820687294006,0.9167523124357657,3,True,TP
2023-10-30,399.82854108268697,402.84494282186495,398.5330367205683,401.7911376953125,86562700,7743,False,0.011955951039254176,0.0,1.0,2023-10-27,False,True,0.06632977724075317,0.2173689619732785,3,False,TN
2023-10-31,402.36144387141417,404.6334220192291,400.4568531906025,404.31439208984375,79665200,7744,False,0.018311049648890743,0.0,2.0,2023-10-27,False,True,0.030528945848345757,0.10277492291880781,3,False,TN
2023-11-01,405.28123407598383,409.43844855236455,404.7494781285323,408.6263427734375,98068100,7745,False,0.029171180063612523,0.0,3.0,2023-10-27,False,True,0.02988903596997261,0.0986639260020555,3,False,TN
2023-11-02,412.41622487157895,416.61214954670544,412.3968995543654,416.45745849609375,94938900,7746,False,0.04889472151421703,0.0,4.0,2023-10-27,False,False,,,-1,False,TN
2023-11-03,418.7584345746445,421.8038389898476,418.63274625361095,420.2569580078125,100167800,7747,False,0.05846418629611638,0.0,5.0,2023-10-27,False,False,,,-1,False,TN
2023-11-06,421.01102787683624,421.66844265759465,419.28045324415575,421.2237243652344,67831700,7748,False,0.06089909557328288,0.0,6.0,2023-10-27,False,False,,,-1,False,TN
2023-11-07,421.22369728667144,423.0606052933152,420.0828841514639,422.4225158691406,64256100,7749,False,0.06391838615144674,0.0,7.0,2023-10-27,False,False,,,-1,False,TN
2023-11-08,423.0218692389836,423.54394769961874,420.4308612561604,422.7318420410156,61746000,7750,False,,0.0,,,False,False,,,-1,False,TN
2023-11-09,423.8727133946502,423.9113935278032,419.0097266771128,419.43511962890625,83174400,7751,False,,0.0,,,False,False,,,-1,False,TN
2023-11-10,421.50413223667414,426.28975929301595,419.4254952530958,425.9803771972656,89462200,7752,False,,0.0,,,False,False,,,-1,False,TN
2023-11-13,424.6461326803493,426.67638218285714,423.863029699829,425.5742492675781,52236100,7753,False,,0.0,,,False,False,,,-1,False,TN
2023-11-14,431.5007656250587,435.1165763059157,431.2783917339626,433.8307495117187,97176900,7754,False,,0.0,,,False,False,,,-1,False,TN
2023-11-15,435.16489156652574,436.3927423798599,433.8983901244557,434.7491760253906,77327600,7755,False,,0.0,,,False,False,,,-1,False,TN
2023-11-16,434.3045314885397,435.600035874236,433.2410489318332,435.281005859375,66665800,7756,False,,0.0,,,False,False,,,-1,False,TN
2023-11-17,435.2905402507456,436.43138278914034,434.3721010809706,435.8222961425781,83133200,7757,False,,0.0,,,False,False,,,-1,False,TN
2023-11-20,435.57099160312566,440.0182630951851,435.5613141930735,439.1771545410156,69936200,7758,False,,0.0,,,False,False,,,-1,False,TN
2023-11-21,438.13293202095787,439.05140070988807,436.9534388382608,438.2199401855469,49244600,7759,False,,0.0,,,False,False,,,-1,False,TN
2023-11-22,439.8732146058272,441.2267242124143,438.81940964411666,439.911865234375,59394900,7760,False,,0.0,,,False,False,,,-1,False,TN
2023-11-24,439.96027278304024,440.3759883694041,439.63156537724313,440.1826171875,29737400,7761,False,,0.0,,,False,False,,,-1,False,TN
2023-11-27,439.5542010097652,440.3663068584605,439.0031197003399,439.3898620605469,50506000,7762,False,,0.0,,,False,False,,,-1,False,TN
2023-11-28,439.00304598057033,441.1203331786689,438.44231685931027,439.8248291015625,62115000,7763,False,,0.0,,,False,False,,,-1,False,TN
2023-11-29,441.97114450802434,443.1023097287387,439.1191116939092,439.5154724121094,63146000,7764,False,,0.0,,,False,False,,,-1,False,TN
2023-11-30,440.3565657673249,441.5940643469376,438.2876066943745,441.2460021972656,79752700,7765,False,,0.0,,,False,False,,,-1,False,TN
2023-12-01,440.6370255353667,444.38820233909854,440.0472935709732,443.8564758300781,89183400,7766,False,,0.0,,,False,False,,,-1,False,TN
2023-12-04,440.4726537072012,443.8757680204174,439.25448022667734,441.5264587402344,72430900,7767,False,,0.0,,,False,False,,,-1,False,TN
2023-12-05,440.14394887033336,442.3965725770802,439.76688393206007,441.439453125,69793500,7768,False,,0.0,,,False,False,,,-1,False,TN
2023-12-06,443.57606849081975,443.6050712166776,439.225482586349,439.6605529785156,69124700,7769,False,,0.0,,,False,False,,,-1,False,TN
2023-12-07,441.73911050428126,443.6630266124851,441.1397012346477,443.0152893066406,66995400,7770,False,,0.0,,,False,False,,,-1,False,TN
2023-12-08,442.2708784448438,445.451648340426,442.029179232505,444.919921875,83194400,7771,False,,0.0,,,False,False,,,-1,False,TN
2023-12-11,444.42680041904015,446.82446698086267,444.2141039538438,446.6504211425781,65002200,7772,False,,0.0,,,False,False,,,-1,False,TN
2023-12-12,446.3024706126427,448.7871457987425,445.30667095693167,448.6904602050781,68327600,7773,False,,0.0,,,False,False,,,-1,False,TN
2023-12-13,449.0674408996175,455.1292757819329,448.709730800554,454.8778991699219,93278000,7774,False,,0.0,,,False,False,,,-1,False,TN
2023-12-14,456.8115200961749,458.00069086527446,453.66943027540754,456.3377990722656,119026000,7775,False,,0.0,,,False,False,,,-1,False,TN
2023-12-15,455.7417439978948,456.91633245678577,453.74207009746453,455.58642578125,141553700,7776,False,,0.0,,,False,False,,,-1,False,TN
2023-12-18,457.1881393985243,459.12957270241793,456.1300618027728,458.1491394042969,70375300,7777,False,,0.0,,,False,False,,,-1,False,TN
2023-12-19,458.6927663957653,461.01279355520546,458.6151220933891,460.93511962890625,55761800,7778,False,,0.0,,,False,False,,,-1,False,TN
2023-12-20,460.0808576886502,461.96405036999886,454.1206728290634,454.54779052734375,102921000,7779,False,,0.0,,,False,False,,,-1,False,TN
2023-12-21,457.5278204873464,459.1295265010188,455.1107457468796,458.8577270507813,86667500,7780,False,,0.0,,,False,False,,,-1,False,TN
2023-12-22,459.98377994700513,461.4592882220052,457.8870580411275,459.7799377441406,67160400,7781,False,0.013632234837585022,0.0,7.0,2024-01-04,False,False,,,-1,False,TN
2023-12-26,460.1875639711455,462.62404216620433,460.1098900641648,461.7212829589844,55387000,7782,False,0.017912130342308874,0.0,6.0,2024-01-04,False,False,,,-1,False,TN
2023-12-27,461.5175089754055,462.7017844285322,460.98362668768385,462.5561828613281,68000300,7783,False,0.019752753180335647,0.0,5.0,2024-01-04,False,False,,,-1,False,TN
2023-12-28,462.9153345190397,463.5656980482324,462.31349497002446,462.73089599609375,77158100,7784,False,0.020137926283183116,0.0,4.0,2024-01-04,False,False,,,-1,False,TN
2023-12-29,462.5367348441508,463.060930093317,459.44014657654174,461.3912963867187,122283100,7785,False,0.01718464095172534,0.0,3.0,2024-01-04,False,False,,,-1,False,TN
2024-01-02,458.333531951908,459.7993234289346,456.71242227128295,458.8091735839844,123623700,7786,False,0.01149208524778933,0.0,2.0,2024-01-04,False,False,,,-1,False,TN
2024-01-03,456.6542157231931,457.3919698393569,454.4604162904711,455.062255859375,103585900,7787,True,0.003231619152677112,0.596047605915361,1.0,2024-01-04,False,False,,,-1,False,FN
2024-01-04,454.5865251948926,457.1686346402992,453.37312956964047,453.5964050292969,84232200,7788,True,0.0,1.0,0.0,2024-01-04,True,False,,,-1,False,FN
2024-01-05,453.80028176128866,456.6639075045455,452.77132456262234,454.21771240234375,86118900,7789,True,0.0013697361049560541,0.8287829868804932,1.0,2024-01-04,False,False,,,-1,False,FN
2024-01-08,454.71278328613425,460.8477194894472,454.5865853845721,460.7021179199219,74879100,7790,False,0.015665276029174224,0.0,2.0,2024-01-04,False,False,,,-1,False,TN
2024-01-09,458.05208481523704,461.0224755494378,457.54732279548995,460.0032348632813,65931400,7791,False,0.014124516338639426,0.0,3.0,2024-01-04,False,False,,,-1,False,TN
2024-01-10,460.27499186871785,463.4686578138975,459.9934757568045,462.6047058105469,67310600,7792,False,0.01985972702025318,0.0,4.0,2024-01-04,False,False,,,-1,False,TN
2024-01-11,463.60455806414546,464.119036700077,458.4306513904914,462.40087890625,77940700,7793,False,0.019410369613455103,0.0,5.0,2024-01-04,False,False,,,-1,False,TN
2024-01-12,463.84719564870727,464.5849497110556,461.3136396565663,462.7211608886719,58026400,7794,False,0.020116464236055176,0.0,6.0,2024-01-04,False,False,,,-1,False,TN
2024-01-16,461.34284456675533,462.6532884587613,459.2072559019865,461.0224914550781,85014900,7795,False,0.016371572489207953,0.0,7.0,2024-01-04,False,False,,,-1,False,TN
2024-01-17,458.0035093314712,458.9451056102245,456.11060012839494,458.4597473144531,68843900,7796,False,,0.0,,,False,False,,,-1,False,TN
2024-01-18,460.1293545970972,463.09002818161,458.5859188601028,462.5367126464844,91856200,7797,False,,0.0,,,False,False,,,-1,False,TN
2024-01-19,463.662771314668,468.5843115147551,462.5852901238366,468.30279541015625,110834500,7798,False,,0.0,,,False,False,,,-1,False,TN
2024-01-22,469.83656769535,471.0111265282756,468.6425755704272,469.29296875,75844900,7799,True,0.0011804296982855789,0.8524462877143026,7.0,2024-01-31,False,False,,,-1,False,FN
2024-01-23,469.8365357098171,470.9043002358288,468.7493378931313,470.66162109375,49945300,7800,True,0.004100285807089099,0.4874642741138626,6.0,2024-01-31,False,False,,,-1,False,FN
2024-01-24,473.5252650573401,474.45714470411593,470.6810725123754,471.1761474609375,81765000,7801,True,0.005197966283240207,0.3502542145949741,5.0,2024-01-31,False,False,,,-1,False,FN
2024-01-25,473.30199623812143,474.0106300348732,471.1761540957068,473.73883056640625,72525000,7802,False,0.010665144237232749,0.0,4.0,2024-01-31,False,False,,,-1,False,TN
2024-01-26,473.3116847619897,474.7968799164263,472.2924442217773,473.136962890625,76641600,7803,False,0.009381131523670927,0.0,3.0,2024-01-31,False,False,,,-1,False,TN
2024-01-29,473.4476867516387,477.0296338958358,472.9040877465936,476.8840026855469,61322800,7804,False,0.017374992846521886,0.0,2.0,2024-01-31,False,False,,,-1,False,TN
2024-01-30,476.1947226231299,477.2236798269538,475.7578883130134,476.51507568359375,58618400,7805,False,0.016587931204992135,0.0,1.0,2024-01-31,False,False,,,-1,False,TN
2024-01-31,474.31155855924624,474.75807991768903,468.7202212489611,468.7396545410156,126011100,7806,True,0.0,1.0,0.0,2024-01-31,True,False,,,-1,False,FN
2024-02-01,470.43842101293257,474.90372358641025,469.6327095934461,474.8746032714844,91891600,7807,False,0.013088179485211349,0.0,1.0,2024-01-31,False,False,,,-1,False,TN
2024-02-02,475.3113992166019,481.5239798187347,474.971642466127,479.873779296875,99228200,7808,False,0.023753323722444097,0.0,2.0,2024-01-31,False,False,,,-1,False,TN
2024-02-05,479.24284325758833,479.9029234991888,475.8744551474019,478.1264953613281,75757100,7809,False,0.020025702390176425,0.0,3.0,2024-01-31,False,False,,,-1,False,TN
2024-02-06,479.0680669349689,479.84465802363434,477.6411122849623,479.5146179199219,55918600,7810,False,0.022987095874056118,0.0,4.0,2024-01-31,False,False,,,-1,False,TN
2024-02-07,481.756982255993,483.93137810723994,480.854193242822,483.5139770507813,70556500,7811,False,0.031519250327204595,0.0,5.0,2024-01-31,False,False,,,-1,False,TN
2024-02-08,483.513949705615,484.1060726186496,482.69855130751233,483.7275085449219,52343600,7812,False,0.03197479423536764,0.0,6.0,2024-01-31,False,False,,,-1,False,TN
2024-02-09,484.2323170511552,486.96002861938376,483.8925602799828,486.5232238769531,63979400,7813,False,0.03793911857820298,0.0,7.0,2024-01-31,False,False,,,-1,False,TN
2024-02-12,486.4940088202494,488.7557652655047,485.5912199471907,486.3095703125,56502300,7814,False,,0.0,,,False,False,,,-1,False,TN
2024-02-13,480.0484981553463,482.53353038052535,476.3500701317823,479.6116638183594,113099200,7815,False,,0.0,,,False,False,,,-1,False,TN
2024-02-14,482.2422795475269,484.4555120799487,479.92225279096976,483.97015380859375,68387800,7816,False,,0.0,,,False,False,,,-1,False,TN
2024-02-15,484.6690979139186,487.4938867654942,484.19342663721847,487.3094482421875,61683000,7817,False,,0.0,,,False,False,,,-1,False,TN
2024-02-16,487.0085929456435,488.14431492487785,484.1449667563623,484.8827209472656,75532900,7818,False,,0.0,,,False,False,,,-1,False,TN
2024-02-20,483.14507545774694,483.8148722929186,479.970842787005,482.2131958007813,71736700,7819,False,,0.0,,,False,False,,,-1,False,TN
2024-02-21,480.9124629140013,482.8053426352379,479.1069145137689,482.6500244140625,59293400,7820,False,,0.0,,,False,False,,,-1,False,TN
2024-02-22,489.25091074641995,493.59970240133447,488.2898811137423,492.6387023925781,76402500,7821,False,,0.0,,,False,False,,,-1,False,TN
2024-02-23,494.3568250348437,495.1916567031526,492.25038663284334,492.9784240722656,61321800,7822,False,,0.0,,,False,False,,,-1,False,TN
2024-02-26,493.4152963659735,493.85213073904663,491.04674520195,491.1729431152344,50386700,7823,False,,0.0,,,False,False,,,-1,False,TN
2024-02-27,491.8620813041637,492.308602616629,489.9691722068436,492.0853271484375,48854500,7824,False,,0.0,,,False,False,,,-1,False,TN
2024-02-28,490.5322390639573,492.01743437576624,490.17307863790023,491.4350280761719,56506600,7825,False,,0.0,,,False,False,,,-1,False,TN
2024-02-29,493.1920341688055,494.8131144463538,490.5516835957709,493.20172119140625,83924800,7826,False,,0.0,,,False,False,,,-1,False,TN
2024-03-01,494.0753617325155,498.25911842016706,493.6676477127876,497.8320007324219,76844800,7827,False,,0.0,,,False,False,,,-1,False,TN
2024-03-04,497.03604251314806,499.1424809176813,497.0068925765737,497.298095703125,49799300,7828,False,,0.0,,,False,False,,,-1,False,TN
2024-03-05,495.29839314371,495.7449440770518,490.1244870696133,492.3280029296875,72855600,7829,False,,0.0,,,False,False,,,-1,False,TN
2024-03-06,495.5993764159242,497.0748846909984,493.53177482463775,494.82281494140625,68382400,7830,False,,0.0,,,False,False,,,-1,False,TN
2024-03-07,498.11356939849594,500.78304025779806,494.8810662776538,499.7346496582031,58652100,7831,False,,0.0,,,False,False,,,-1,False,TN
2024-03-08,500.36560770630734,503.04473579557066,496.1623881738849,496.735107421875,86532500,7832,False,,0.0,,,False,False,,,-1,False,TN
2024-03-11,495.5314219659159,496.89041928478855,493.6093924281333,496.3079833984375,62557200,7833,False,,0.0,,,False,False,,,-1,False,TN
2024-03-12,498.4145303039695,502.22944004596746,495.9003478364412,501.64703369140625,73114400,7834,False,,0.0,,,False,False,,,-1,False,TN
2024-03-13,501.9672573875113,502.14197926945354,499.4239845817287,500.8606262207031,55104100,7835,False,,0.0,,,False,False,,,-1,False,TN
2024-03-14,501.8312904786425,501.9866383004977,496.8321359535948,499.8704833984375,110171800,7836,False,,0.0,,,False,False,,,-1,False,TN
2024-03-15,496.80813351794416,498.2590153922283,494.7730358188075,496.4381103515625,107646300,7837,False,,0.0,,,False,False,,,-1,False,TN
2024-03-18,500.4985887866016,501.9396941096387,498.9795682095846,499.3885192871094,88893300,7838,False,,0.0,,,False,False,,,-1,False,TN
2024-03-19,498.6972709773949,502.44611843714694,497.6942976787681,502.1637573242187,60755300,7839,False,,0.0,,,False,False,,,-1,False,TN
2024-03-20,502.22213711517423,506.9447169695435,501.5502591703246,506.8083801269531,69594600,7840,False,,0.0,,,False,False,,,-1,False,TN
2024-03-21,509.6419901809582,510.34304922248214,508.20082532016534,508.4832458496094,60256100,7841,False,,0.0,,,False,False,,,-1,False,TN
2024-03-22,508.3955498176283,508.88241615238655,507.2854803107173,507.5192260742187,79070800,7842,False,,0.0,,,False,False,,,-1,False,TN
2024-03-25,506.1462159868013,507.2660322991133,505.96120440733904,506.1170349121094,48512100,7843,False,,0.0,,,False,False,,,-1,False,TN
2024-03-26,507.5386061090331,507.8794481661174,504.78298573958654,505.18218994140625,65463700,7844,False,,0.0,,,False,False,,,-1,False,TN
2024-03-27,508.00615306178463,509.466752240446,505.8444353727608,509.4277648925781,82999800,7845,False,,0.0,,,False,False,,,-1,False,TN
2024-03-28,509.4666590943707,510.8298490860622,509.0479612048705,509.330322265625,96294900,7846,False,,0.0,,,False,False,,,-1,False,TN
2024-04-01,510.07035956686866,510.605900605306,507.2854391895369,508.4441833496094,62477500,7847,False,,0.0,,,False,False,,,-1,False,TN
2024-04-02,504.62724203503336,505.3477947483364,502.9134629158643,505.2115173339844,74230300,7848,False,,0.0,,,False,False,,,-1,False,TN
2024-04-03,504.12080800253995,507.2660046821648,504.0721332594207,505.7664184570313,59155800,7849,False,,0.0,,,False,False,,,-1,False,TN
2024-04-04,509.7685667902678,510.1093494656174,499.2911933332161,499.5930480957031,96858100,7850,False,,0.0,,,False,False,,,-1,False,TN
2024-04-05,500.9465048519071,506.7694068986325,500.5083132867227,504.8121948242187,74546500,7851,False,,0.0,,,False,False,,,-1,False,TN
2024-04-08,505.5133313161047,506.5162450455588,504.28641866242464,505.0945739746094,48401800,7852,False,,0.0,,,False,False,,,-1,False,TN
2024-04-09,506.82786095826793,507.071294128757,500.839381191466,505.6788635253906,68049200,7853,False,,0.0,,,False,False,,,-1,False,TN
2024-04-10,499.9922448100833,502.6018412987628,498.6388015333815,500.6154479980469,82652800,7854,False,0.03829052939175992,0.0,7.0,2024-04-19,False,False,,,-1,False,TN
2024-04-11,502.13451800051297,505.83469071601695,498.6291037293899,504.3935852050781,70099000,7855,False,0.04612649229799959,0.0,6.0,2024-04-19,False,False,,,-1,False,TN
2024-04-12,500.85886371567153,502.2707879594682,495.70780962230026,497.4313354492187,92561100,7856,False,0.03168659034595844,0.0,5.0,2024-04-19,False,False,,,-1,False,TN
2024-04-15,501.5988896297534,501.7644075343254,490.3522600316743,491.1994323730469,92101400,7857,False,0.018761447963812294,0.0,4.0,2024-04-19,False,True,0.7967329621315002,0.9640287769784173,3,True,FP
2024-04-16,491.6766166443132,493.19563735543574,489.0183155418661,490.30364990234375,73484000,7858,False,0.016903569907021243,0.0,3.0,2024-04-19,False,True,0.7525165677070618,0.9439876670092497,3,True,FP
2024-04-17,492.7574157801548,492.9229634124424,486.0094553717644,487.4018859863281,75910300,7859,False,0.0108852298726132,0.0,2.0,2024-04-19,False,True,0.622214138507843,0.8299075025693731,3,True,FP
2024-04-18,488.7943295112607,490.88784877913054,485.46415075166374,486.39892578125,74548100,7860,False,0.008805062178120604,0.0,1.0,2024-04-19,False,True,0.7191742658615112,0.9270298047276464,3,True,FP
2024-04-19,486.3211091060286,487.3143058583513,480.88766347352384,482.1535339355469,102212600,7861,True,0.0,1.0,0.0,2024-04-19,True,True,0.47508111596107483,0.6628982528263104,3,True,TP
2024-04-22,484.7533503648902,489.18385210193054,482.416397763488,486.5937194824219,67961000,7862,False,0.009209069796984215,0.0,1.0,2024-04-19,False,True,0.09224928915500641,0.2605344295991778,3,False,TN
2024-04-23,488.5996095177476,492.7963952191992,486.4087108687592,492.3679504394531,64633600,7863,False,0.021184987322464988,0.0,2.0,2024-04-19,False,True,0.022161880508065224,0.052415210688591986,3,False,TN
2024-04-24,493.25400289949073,494.042723959268,489.9141070818203,492.13421630859375,55928100,7864,False,0.020700216156418483,0.0,3.0,2024-04-19,False,True,0.054956380277872086,0.19270298047276466,3,False,TN
2024-04-25,486.0678630419317,491.02415872515365,484.4222524660216,490.2646484375,69122400,7865,False,0.016822679771206328,0.0,4.0,2024-04-19,False,True,0.11831054091453552,0.2867420349434738,3,False,TN
2024-04-26,493.04949947545424,496.4867743057136,492.41657923952914,494.9093322753906,64306100,7866,False,0.026455884779533534,0.0,5.0,2024-04-19,False,False,,,-1,False,TN
2024-04-29,496.6913201679961,497.3339873298741,493.9259228058318,496.662109375,46415400,7867,False,0.030091193817512574,0.0,6.0,2024-04-19,False,False,,,-1,False,TN
2024-04-30,495.20145909113546,496.1751917116098,488.7943115234375,488.7943115234375,77483600,7868,False,0.013773159627568754,0.0,7.0,2024-04-19,False,False,,,-1,False,TN
2024-05-01,488.2101579548078,494.8412759718296,486.739811911867,487.2072143554687,80242800,7869,False,,0.0,,,False,True,0.5908140540122986,0.7985611510791367,3,True,FP
2024-05-02,490.9073316662554,492.6016467604268,486.4281553313073,491.76422119140625,62550200,7870,False,,0.0,,,False,True,0.1374763399362564,0.3052415210688592,3,False,TN
2024-05-03,497.7332427499149,499.0867158383158,495.201531622673,497.8598327636719,72756700,7871,False,,0.0,,,False,False,,,-1,False,TN
2024-05-06,500.2551653379584,503.0400265445959,499.8169737447077,503.0010986328125,47264700,7872,False,,0.0,,,False,False,,,-1,False,TN
2024-05-07,503.9651034446084,504.9485829994704,502.8842743906612,503.55615234375,52561300,7873,False,,0.0,,,False,False,,,-1,False,TN
2024-05-08,501.72550045922026,504.1403384404924,501.6086572944442,503.6047973632813,42047200,7874,False,,0.0,,,False,False,,,-1,False,TN
2024-05-09,503.7898075228846,506.5454875869059,503.1374232827404,506.5065002441406,43643700,7875,False,,0.0,,,False,False,,,-1,False,TN
2024-05-10,508.10351940578255,508.9117342857,505.94186107705553,507.1590270996094,52233200,7876,False,,0.0,,,False,False,,,-1,False,TN
2024-05-13,508.83376404779614,508.9408603825465,506.0878306657376,507.2270812988281,36716400,7877,False,,0.0,,,False,False,,,-1,False,TN
2024-05-14,507.4218746415022,510.07045870728615,506.8863334989738,509.5543518066406,57535900,7878,False,,0.0,,,False,False,,,-1,False,TN
2024-05-15,512.0179402902028,516.1563047340521,511.38499019072265,515.8641967773438,59504900,7879,False,,0.0,,,False,False,,,-1,False,TN
2024-05-16,515.9615398171848,517.5584758697495,514.6567117176663,514.8027954101562,50244800,7880,False,,0.0,,,False,False,,,-1,False,TN
2024-05-17,514.9195214966393,515.6108930215729,513.4686694664939,515.542724609375,59187600,7881,False,,0.0,,,False,False,,,-1,False,TN
2024-05-20,515.6595992673854,517.5973177042522,515.2700824401487,516.13671875,37764200,7882,False,0.01425524020571789,0.0,7.0,2024-05-30,False,False,,,-1,False,TN
2024-05-21,515.3772666864285,517.5584184029028,515.1727614260365,517.402587890625,33437000,7883,False,0.0167427873277346,0.0,6.0,2024-05-30,False,False,,,-1,False,TN
2024-05-22,516.7113097871478,517.4221156794935,513.7413773413039,515.912841796875,48390000,7884,False,0.013815301785102818,0.0,5.0,2024-05-30,False,False,,,-1,False,TN
2024-05-23,518.9605372397859,519.0676335599267,510.9369308576571,512.1444091796875,57211200,7885,True,0.006409991543659066,0.19875105704261675,4.0,2024-05-30,False,False,,,-1,False,FN
2024-05-24,513.9848197975488,516.3412958961842,513.0403275362747,515.5330810546875,41291100,7886,False,0.013069037648497872,0.0,3.0,2024-05-30,False,False,,,-1,False,TN
2024-05-28,516.3412489766735,516.5749353115505,513.2642204156563,515.893310546875,36269600,7887,False,0.013776921115910667,0.0,2.0,2024-05-30,False,False,,,-1,False,TN
2024-05-29,511.871810616093,513.4589997088932,511.56995584928654,512.28076171875,45190300,7888,True,0.00667793659045679,0.16525792619290125,1.0,2024-05-30,False,False,,,-1,False,FN
2024-05-30,510.7423397089747,511.40447087133504,507.6361297457073,508.8824768066406,46377600,7889,True,0.0,1.0,0.0,2024-05-30,True,False,,,-1,False,FN
2024-05-31,509.8368376154552,513.6441071219834,504.7441741112185,513.5175170898438,90785800,7890,False,0.009108272527458716,0.0,1.0,2024-05-30,False,False,,,-1,False,TN
2024-06-03,515.1240197883811,515.4063808363203,508.8726139393969,513.93603515625,46835700,7891,False,0.009930698304492003,0.0,2.0,2024-05-30,False,False,,,-1,False,TN
2024-06-04,512.6312623824123,515.250605333056,511.17066354967966,514.5105590820312,34632700,7892,False,0.01105968967669746,0.0,3.0,2024-05-30,False,False,,,-1,False,TN
2024-06-05,516.8280887412405,520.645104022442,514.8416361330836,520.6256103515625,47610400,7893,False,0.023076317381987455,0.0,4.0,2024-05-30,False,False,,,-1,False,TN
2024-06-06,520.927446289771,521.3558910101924,518.6878732006264,520.6158447265625,30808500,7894,False,0.02305712704739138,0.0,5.0,2024-05-30,False,False,,,-1,False,TN
2024-06-07,519.6421291117942,522.787325920015,518.5515533208824,519.9829711914062,43224500,7895,False,0.021813473425974284,0.0,6.0,2024-05-30,False,False,,,-1,False,TN
2024-06-10,519.1748224338155,521.9110090941606,518.5808597177815,521.5896606445312,35686100,7896,False,0.024970763225393933,0.0,7.0,2024-05-30,False,False,,,-1,False,TN
2024-06-11,520.0414093421914,522.9041857425336,518.0744503489441,522.8457641601562,36383400,7897,False,,0.0,,,False,False,,,-1,False,TN
2024-06-12,527.4028804771598,529.8274655446977,526.1077992631506,527.1399536132812,63251300,7898,False,,0.0,,,False,False,,,-1,False,TN
2024-06-13,528.8829186945259,529.0581834417079,525.4164327979901,528.2012939453125,44760900,7899,False,,0.0,,,False,False,,,-1,False,TN
2024-06-14,526.6725890295746,528.551886156822,525.6696157422205,528.522705078125,40089900,7900,False,,0.0,,,False,False,,,-1,False,TN
2024-06-17,527.8410888070123,534.1216772051151,527.3834034899254,532.7291870117188,55839500,7901,False,,0.0,,,False,False,,,-1,False,TN
2024-06-18,532.7875604635906,534.2092316077063,532.3688625324717,534.0826416015625,41376400,7902,False,,0.0,,,False,False,,,-1,False,TN
2024-06-20,535.0076850141029,535.669816103357,530.8595742964317,532.6317749023438,70328200,7903,False,,0.0,,,False,False,,,-1,False,TN
2024-06-21,531.8102827682807,533.0313753907063,530.4621917432297,531.917724609375,64338600,7904,False,,0.0,,,False,False,,,-1,False,TN
2024-06-24,531.7419157804823,534.3013212499749,530.0714395414016,530.1886596679688,45528700,7905,False,,0.0,,,False,False,,,-1,False,TN
2024-06-25,531.4097461795637,532.5917853363576,529.8956032092343,532.2303466796875,37936200,7906,False,,0.0,,,False,False,,,-1,False,TN
2024-06-26,531.1166134619692,533.6076301716555,530.4719028733521,532.89453125,38550600,7907,False,,0.0,,,False,False,,,-1,False,TN
2024-06-27,532.7578670304722,534.311123211826,532.0154331135317,533.7347412109375,35041500,7908,False,,0.0,,,False,False,,,-1,False,TN
2024-06-28,534.5064116818106,537.5543137581463,530.3938098387125,531.6343994140625,76144500,7909,False,,0.0,,,False,False,,,-1,False,TN
2024-07-01,533.0118486999152,533.2560672380866,529.973784394742,532.7285766601562,40297800,7910,False,,0.0,,,False,False,,,-1,False,TN
2024-07-02,531.1264605772033,536.3136596679688,531.0776287968915,536.3136596679688,40434800,7911,False,,0.0,,,False,False,,,-1,False,TN
2024-07-03,536.000949362856,539.068347757372,535.9618958708759,538.7069091796875,32789900,7912,False,,0.0,,,False,False,,,-1,False,TN
2024-07-05,539.0097918869257,542.2139076372644,538.3747999305978,541.8134155273438,41488400,7913,False,,0.0,,,False,False,,,-1,False,TN
2024-07-08,542.5949943367658,543.3862600338458,541.3739016175886,542.438720703125,36110500,7914,False,,0.0,,,False,False,,,-1,False,TN
2024-07-09,543.3959524424528,544.2946598471173,542.6730752067231,542.9661254882812,27289700,7915,False,,0.0,,,False,False,,,-1,False,TN
2024-07-10,544.1872742397521,548.6808713510104,543.8942239279161,548.3389892578125,38701200,7916,False,,0.0,,,False,False,,,-1,False,TN
2024-07-11,548.4561564855596,549.3255886798729,542.9759074999535,543.61083984375,53054200,7917,False,,0.0,,,False,False,,,-1,False,TN
2024-07-12,544.7342644743289,550.6345620898736,544.2653840243584,547.0396728515625,53084400,7918,False,,0.0,,,False,False,,,-1,False,TN
2024-07-15,549.0325043663784,551.7775178290722,546.6879829958002,548.5440673828125,40584300,7919,False,,0.0,,,False,False,,,-1,False,TN
2024-07-16,549.8530882979716,552.090108393895,549.1008762046278,551.7970581054688,36475300,7920,False,,0.0,,,False,False,,,-1,False,TN
2024-07-17,545.8771519032762,547.5476278240299,543.7377955656038,544.0601806640625,57119000,7921,False,,0.0,,,False,False,,,-1,False,TN
2024-07-18,545.593898977862,546.580551242634,537.7007404833427,539.879150390625,56270400,7922,False,,0.0,,,False,False,,,-1,False,TN
2024-07-19,539.6447995873152,541.2664440605769,535.2390876445896,536.2941284179688,65509100,7923,False,,0.0,,,False,False,,,-1,False,TN
2024-07-22,540.2113760766848,542.4288993582354,538.277184442637,541.8232421875,43346700,7924,False,,0.0,,,False,False,,,-1,False,TN
2024-07-23,541.7157018138391,543.8648365993427,540.484890622907,540.9733276367188,34439600,7925,False,,0.0,,,False,False,,,-1,False,TN
2024-07-24,536.1671163330532,536.4699449259502,527.7952979520205,528.7135620117188,74515300,7926,False,,0.0,,,False,False,,,-1,False,TN
2024-07-25,528.8307523766035,534.7994982405838,525.0209792890996,525.958740234375,61158300,7927,False,0.040647001592795995,0.0,7.0,2024-08-05,False,True,0.5259038805961609,0.7189105858170607,3,True,FP
2024-07-26,529.7392217162956,534.5356464631268,528.9674531548811,531.8492431640625,53763800,7928,False,0.052301783123608336,0.0,6.0,2024-08-05,False,True,0.4317348897457123,0.6120246659815005,3,True,FP
2024-07-29,533.3927971337158,534.3989464184045,530.1690650137424,532.1619262695312,39515800,7929,False,0.05292044902125981,0.0,5.0,2024-08-05,False,True,0.17344382405281067,0.34275436793422404,3,False,TN
2024-07-30,533.6272524601584,534.6822931769603,526.0662565076813,529.4657592773438,46853600,7930,False,0.04758588970779898,0.0,4.0,2024-08-05,False,True,0.5038184523582458,0.6952723535457348,3,True,FP
2024-07-31,536.2843251839307,540.6998152024645,534.9167372159726,538.072021484375,65663400,7931,False,0.06461399529014478,0.0,3.0,2024-08-05,False,False,,,-1,False,TN
2024-08-01,539.7912440920945,542.0380422456446,526.955106117804,530.4523315429688,76428700,7932,False,0.04953789352775595,0.0,2.0,2024-08-05,False,False,,,-1,False,TN
2024-08-02,523.3603002519518,524.5716145988897,516.3756265717791,520.5762329101562,82789100,7933,False,0.02999732571612279,0.0,1.0,2024-08-05,False,True,0.6568396091461182,0.8705035971223022,3,True,FP
2024-08-05,499.8078827767836,511.4717620077493,498.4695402072865,505.4151306152344,146267400,7934,True,0.0,1.0,0.0,2024-08-05,True,True,0.49077263474464417,0.6788283658787256,3,True,TP
2024-08-06,507.2125052074326,517.4990173620844,505.89374911647377,510.0747985839844,84826300,7935,False,0.009219486490398277,0.0,1.0,2024-08-05,False,True,0.2674054503440857,0.43216855087358685,3,False,TN
2024-08-07,516.2484739328038,519.296375074829,506.0694655236468,506.6653442382813,70698300,7936,True,0.0024736371100031462,0.6907953612496067,2.0,2024-08-05,False,True,0.25379109382629395,0.41778006166495374,3,False,FN
2024-08-08,511.79405372836936,519.0033889369354,509.77197692780607,518.3782348632812,63276600,7937,False,0.025648429306552645,0.0,3.0,2024-08-05,False,True,0.022606274113059044,0.05447070914696814,3,False,TN
2024-08-09,517.5576103421191,522.1489300560904,516.3365178449808,520.6640625,45619600,7938,False,0.03017110284411806,0.0,4.0,2024-08-05,False,True,0.026177240535616875,0.08016443987667009,3,False,TN
2024-08-12,521.8560083095788,523.340816607706,518.6713887529162,520.937744140625,42542100,7939,False,0.030712601552896013,0.0,5.0,2024-08-05,False,True,0.04901841655373573,0.17677286742034942,3,False,TN
2024-08-13,524.1223559231595,529.7393827100993,523.8781373672056,529.5048828125,52333100,7940,False,0.047663298421520395,0.0,6.0,2024-08-05,False,False,,,-1,False,TN
2024-08-14,530.2960824274743,532.3573320967027,527.6292352085552,531.17529296875,42446900,7941,False,0.050968324438879,0.0,7.0,2024-08-05,False,False,,,-1,False,TN
2024-08-15,536.7922766972661,540.5629961238054,536.1866195717042,540.2797241210938,60846800,7942,False,,0.0,,,False,False,,,-1,False,TN
2024-08-16,538.667786928332,542.1845687274085,538.51151333941,541.490966796875,44430700,7943,False,,0.0,,,False,False,,,-1,False,TN
2024-08-19,541.9013070349608,546.66845703125,541.0514314058853,546.66845703125,39121800,7944,False,,0.0,,,False,False,,,-1,False,TN
2024-08-20,546.2192073450451,547.8701270511177,544.4412892289927,545.7796020507812,33732300,7945,False,,0.0,,,False,False,,,-1,False,TN
2024-08-21,546.8247712917706,549.1106230342316,541.9012882335657,547.6550903320312,41514600,7946,False,,0.0,,,False,False,,,-1,False,TN
2024-08-22,549.5502187339081,550.155875826028,542.1454973391976,543.3568115234375,56121500,7947,False,,0.0,,,False,False,,,-1,False,TN
2024-08-23,546.5902786774961,550.0679473561338,544.4020310704757,549.130126953125,50639400,7948,False,,0.0,,,False,False,,,-1,False,TN
2024-08-26,550.1559715338451,550.8690705771505,546.1214765619129,547.8212280273438,35788600,7949,False,,0.0,,,False,False,,,-1,False,TN
2024-08-27,546.5512887213379,549.0618623501647,545.4083627021253,548.5734252929688,32693900,7950,False,0.03923307562832434,0.0,7.0,2024-09-06,False,False,,,-1,False,TN
2024-08-28,548.2315309438809,548.661357929549,542.204174863817,545.3887939453125,41066000,7951,False,0.03320001956404317,0.0,6.0,2024-09-06,False,False,,,-1,False,TN
2024-08-29,547.3522554939839,550.6443160255352,544.294635177053,545.4375610351562,38715200,7952,False,0.0332924053239636,0.0,5.0,2024-09-06,False,False,,,-1,False,TN
2024-08-30,547.8017316610252,551.1524028130747,544.2556737558524,550.6444091796875,62700100,7953,False,0.043156406316503526,0.0,4.0,2024-09-06,False,False,,,-1,False,TN
2024-09-03,547.508549729637,547.8407131286382,536.8020487007664,539.3126220703125,60600100,7954,False,0.02168914700886937,0.0,3.0,2024-09-06,False,False,,,-1,False,TN
2024-09-04,537.4760847370844,541.608242662233,536.7532075195429,538.208740234375,47224900,7955,False,0.019597921910098126,0.0,2.0,2024-09-06,False,True,0.37316834926605225,0.5313463514902363,3,True,FP
2024-09-05,538.1502077884983,540.9928852935313,534.4478166491117,536.8997802734375,44264300,7956,False,0.017118190987381876,0.0,1.0,2024-09-06,False,True,0.4775083661079407,0.6644398766700925,3,True,FP
2024-09-06,537.2221796738046,538.8437645502386,526.9650009606123,527.8637084960938,68493800,7957,True,0.0,1.0,0.0,2024-09-06,True,True,0.6552706360816956,0.868448098663926,3,True,TP
2024-09-09,532.0544335310877,535.043665505135,530.1299607989381,533.773681640625,40445800,7958,False,0.01119602096035166,0.0,1.0,2024-09-06,False,True,0.350678950548172,0.512332990750257,3,True,FP
2024-09-10,535.6786451567546,536.4504138231891,530.8138314182086,536.0986938476562,36394600,7959,False,0.01560059011259618,0.0,2.0,2024-09-06,False,True,0.045120079070329666,0.16495375128468653,3,False,TN
2024-09-11,536.0107592184578,542.5167136236998,527.4728902611638,541.5984497070312,75248600,7960,False,0.026019483798324305,0.0,3.0,2024-09-06,False,False,,,-1,False,TN
2024-09-12,542.1748597619055,546.4633510224045,539.9573366553728,546.1605224609375,51819600,7961,False,0.03466200398010333,0.0,4.0,2024-09-06,False,False,,,-1,False,TN
2024-09-13,546.7662020730168,550.0094311099382,546.5122052774053,549.0130004882812,39310500,7962,False,0.040065819361673416,0.0,5.0,2024-09-06,False,False,,,-1,False,TN
2024-09-16,548.7491943236346,550.0875069413107,546.9517795427174,549.8237915039062,36656100,7963,False,0.04160180488705634,0.0,6.0,2024-09-06,False,False,,,-1,False,TN
2024-09-17,552.0314851715059,553.477299266029,547.8211605278194,550.0484619140625,49321000,7964,False,0.04202742689239636,0.0,7.0,2024-09-06,False,False,,,-1,False,TN
2024-09-18,550.7030274298603,555.5385664291312,547.8603498689396,548.4171752929688,59044900,7965,False,,0.0,,,False,False,,,-1,False,TN
2024-09-19,557.8049085738365,559.6316584337985,554.9426745171918,557.7755737304688,75315500,7966,False,,0.0,,,False,False,,,-1,False,TN
2024-09-20,556.4094978111054,557.8498782387624,553.7932014239487,556.8112182617188,77503100,7967,False,,0.0,,,False,False,,,-1,False,TN
2024-09-23,557.8794446150124,558.8495067502496,556.6643550711399,558.2027587890625,44116900,7968,False,,0.0,,,False,False,,,-1,False,TN
2024-09-24,558.9964258828836,559.8587165873663,556.1743944512203,559.7999267578125,46805700,7969,False,,0.0,,,False,False,,,-1,False,TN
2024-09-25,559.6431398003925,560.3780425284191,557.4579883539482,558.5652465820312,38428600,7970,False,,0.0,,,False,False,,,-1,False,TN
2024-09-26,562.8180547288375,563.1414287581459,558.4282537761399,560.7799072265625,48336000,7971,True,0.007925448021753434,0.009318997280820751,7.0,2024-10-07,False,False,,,-1,False,FN
2024-09-27,561.8478858705382,562.6611352170194,558.9376397719122,559.9664916992188,42100900,7972,True,0.0064634444812190495,0.19206943984761882,6.0,2024-10-07,False,False,,,-1,False,FN
2024-09-30,558.937595094156,562.8179029799776,556.6447321030395,562.2103881835938,63557400,7973,False,0.010496542565124445,0.0,5.0,2024-10-07,False,False,,,-1,False,TN
2024-10-01,561.857759819067,562.5044480240527,554.6066943100618,557.1739501953125,72668800,7974,True,0.0014442317559193452,0.8194710305100819,4.0,2024-10-07,False,False,,,-1,False,FN
2024-10-02,556.282242548741,558.4281611024765,553.8913563966638,557.4090576171875,38097800,7975,True,0.0018668053012136365,0.7666493373482954,3.0,2024-10-07,False,False,,,-1,False,FN
2024-10-03,555.9392527365582,558.3301388916863,554.106899883147,556.3900146484375,40846500,7976,True,3.5214462107857614e-05,0.9955981922365178,2.0,2024-10-07,False,False,,,-1,False,FN
2024-10-04,560.8287828388663,561.8184614824812,556.6643337627131,561.4461059570312,42939100,7977,False,0.00912284943579511,0.0,1.0,2024-10-07,False,False,,,-1,False,TN
2024-10-07,559.7999688939893,560.4467168743025,555.22399069742,556.3704223632812,49964700,7978,True,0.0,1.0,0.0,2024-10-07,True,False,,,-1,False,FN
2024-10-08,558.9376805045769,562.2300906410503,558.0656412646009,561.63232421875,37398700,7979,False,0.00945755137938109,0.0,1.0,2024-10-07,False,False,,,-1,False,TN
2024-10-09,561.6225357741174,566.0809942856702,561.0248291372598,565.5224609375,37912200,7980,False,0.01644954189934089,0.0,2.0,2024-10-07,False,False,,,-1,False,TN
2024-10-10,564.1800368650188,565.953600014702,562.9257739624676,564.5327758789062,44138100,7981,False,0.014670717902209862,0.0,3.0,2024-10-07,False,False,,,-1,False,TN
2024-10-11,564.4542980317323,568.6481717987969,564.3171018304082,567.9132690429688,42268000,7982,False,0.020746693597868182,0.0,4.0,2024-10-07,False,False,,,-1,False,TN
2024-10-14,569.520288010914,573.4888112745962,569.0401610478535,572.5579223632812,36217200,7983,False,0.029094824867290203,0.0,5.0,2024-10-07,False,False,,,-1,False,TN
2024-10-15,572.8224268603595,573.1261842726946,566.8941634738084,568.1092529296875,54203600,7984,False,0.021098947921321054,0.0,6.0,2024-10-07,False,False,,,-1,False,TN
2024-10-16,568.1093193754714,571.097912292803,567.3058184280349,570.5785522460938,30725400,7985,False,0.025537176873028145,0.0,7.0,2024-10-07,False,False,,,-1,False,TN
2024-10-17,574.1158386665669,574.3216329805343,570.4413246734956,570.6275024414062,34393700,7986,False,,0.0,,,False,False,,,-1,False,TN
2024-10-18,572.3128969974695,573.6063330690159,570.8528997080355,572.8224487304688,37416800,7987,False,,0.0,,,False,False,,,-1,False,TN
2024-10-21,572.0973176864316,573.0771881011084,568.912738838732,571.8817749023438,36439000,7988,False,,0.0,,,False,False,,,-1,False,TN
2024-10-22,569.3536172092114,572.7341816541917,568.6971208640092,571.5779418945312,34183800,7989,False,0.025815804235683082,0.0,7.0,2024-10-31,False,False,,,-1,False,TN
2024-10-23,569.5594810059998,570.0004346494243,562.8571411229607,566.3552856445312,49314600,7990,False,0.016442658547830558,0.0,6.0,2024-10-31,False,False,,,-1,False,TN
2024-10-24,568.3051725972728,568.3835789691921,564.9638411001258,567.580078125,34979900,7991,False,0.01864080405220303,0.0,5.0,2024-10-31,False,False,,,-1,False,TN
2024-10-25,569.8043437567766,572.6949728800472,566.4433960638868,567.384033203125,47268200,7992,False,0.018288960559899925,0.0,4.0,2024-10-31,False,False,,,-1,False,TN
2024-10-28,570.8529569215461,570.9803448675634,568.8344261393737,569.13818359375,30174700,7993,False,0.021437149217679474,0.0,3.0,2024-10-31,False,False,,,-1,False,TN
2024-10-29,568.1778707648036,571.1762720247682,566.7864714367279,570.0592651367188,42899700,7994,False,0.02309022211380163,0.0,2.0,2024-10-31,False,False,,,-1,False,TN
2024-10-30,569.5888588084969,571.5780244818477,567.6291179550885,568.3346557617188,41435800,7995,False,0.019995050968560912,0.0,1.0,2024-10-31,False,False,,,-1,False,TN
2024-10-31,563.9742291931302,564.0428273008541,556.9975564307639,557.1935424804688,60182500,7996,True,0.0,1.0,0.0,2024-10-31,True,False,,,-1,False,FN
2024-11-01,559.8195584319851,563.9643910438907,559.1336371976272,559.545166015625,45667500,7997,True,0.004220478802908323,0.47244014963645964,1.0,2024-10-31,False,True,0.6640018224716187,0.8792394655704008,3,True,TP
2024-11-04,559.6822611574623,560.9756970155746,556.4585096866238,558.33984375,38217000,7998,True,0.0020572766590729596,0.74284041761588,2.0,2024-10-31,False,True,0.6827073693275452,0.8972250770811921,3,True,TP
2024-11-05,559.251198693126,565.1304208425688,559.0356559214524,565.0912475585938,39478300,7999,False,0.014174078620808661,0.0,3.0,2024-10-31,False,False,,,-1,False,TN
2024-11-06,577.3395892403747,580.0146160051545,573.6062858121453,579.1425170898438,68182000,8000,False,0.00903097552826293,0.0,7.0,2024-11-15,False,False,,,-1,False,TN
2024-11-07,581.1415036340469,584.6396478381987,581.0630972629532,583.6205444335938,47233200,8001,False,0.016832972732355733,0.0,6.0,2024-11-15,False,False,,,-1,False,TN
2024-11-08,584.1692634497057,587.569444510154,584.1692634497057,586.1486206054688,46444900,8002,False,0.02123760042008782,0.0,5.0,2024-11-15,False,False,,,-1,False,TN
2024-11-11,587.7360051791314,588.0887441353201,584.9825720146739,586.7071533203125,37586800,8003,False,0.0222107232585822,0.0,4.0,2024-11-15,False,False,,,-1,False,TN
2024-11-12,586.6287817012992,587.2264882691159,582.4055428293386,584.8846435546875,43006100,8004,False,0.01903539291682277,0.0,3.0,2024-11-15,False,False,,,-1,False,TN
2024-11-13,585.3451316888757,587.1676761411395,582.9836705187753,585.1687622070312,47388600,8005,False,0.019530408413838574,0.0,2.0,2024-11-15,False,False,,,-1,False,TN
2024-11-14,585.2962448517161,585.7763718199695,580.7202664359244,581.4061279296875,38904100,8006,False,0.012974829392456977,0.0,1.0,2024-11-15,False,False,,,-1,False,TN
2024-11-15,577.8491633593196,578.3195418358689,572.1071369723535,573.9591064453125,75988800,8007,True,0.0,1.0,0.0,2024-11-15,True,False,,,-1,False,FN
2024-11-18,574.4195277074432,577.6237226660043,573.5572968817456,576.3107299804688,37001700,8008,True,0.004097197010638043,0.48785037367024464,1.0,2024-11-15,False,False,,,-1,False,FN
2024-11-19,572.9399780116551,579.142513878155,572.2736733921519,578.4174194335938,49412000,8009,True,0.00776764919001427,0.02904385124821629,2.0,2024-11-15,False,False,,,-1,False,FN
2024-11-20,578.495884693383,578.8976052377521,572.8616299600318,578.6134643554688,50032600,8010,False,0.008109215199985087,0.0,3.0,2024-11-15,False,False,,,-1,False,TN
2024-11-21,581.4550801704302,583.1404284379229,575.6248397212988,581.7196044921875,46750300,8011,False,0.013520994718487778,0.0,4.0,2024-11-15,False,False,,,-1,False,TN
2024-11-22,581.7098478799927,584.1497754660484,581.2101642027249,583.5226440429688,38226400,8012,False,0.016662402408571975,0.0,5.0,2024-11-15,False,False,,,-1,False,TN
2024-11-25,587.4518855330788,588.7648782973704,583.2188384863542,585.501953125,42441400,8013,False,0.020110921753947908,0.0,6.0,2024-11-15,False,False,,,-1,False,TN
2024-11-26,586.7463470552605,589.2254477201681,586.0310608458545,588.5591430664062,45621300,8014,False,0.025437416110558386,0.0,7.0,2024-11-15,False,False,,,-1,False,TN
2024-11-27,588.3729502321648,588.7550542016285,585.256969810655,586.7757568359375,34000200,8015,False,,0.0,,,False,False,,,-1,False,TN
2024-11-29,587.5890586237147,591.2047827973582,587.3147260107087,590.4208984375,30177400,8016,False,,0.0,,,False,False,,,-1,False,TN
2024-12-02,590.8323780737772,592.1552388895445,590.3424429138348,591.4791259765625,31746000,8017,False,,0.0,,,False,False,,,-1,False,TN
2024-12-03,591.2440480710218,591.9985076527607,590.2151960547985,591.7535400390625,26906600,8018,False,,0.0,,,False,False,,,-1,False,TN
2024-12-04,593.438872844782,595.6729460981672,592.7725681970518,595.427978515625,42787600,8019,False,,0.0,,,False,False,,,-1,False,TN
2024-12-05,595.4279293312596,596.231430112411,594.095320145877,594.4480590820312,28762200,8020,False,,0.0,,,False,False,,,-1,False,TN
2024-12-06,595.212525949607,596.8097196143469,594.8009970944031,595.5750732421875,31241500,8021,False,,0.0,,,False,False,,,-1,False,TN
2024-12-09,595.4574149257465,595.6239761392873,591.9200973185369,592.5079956054688,34742700,8022,False,,0.0,,,False,False,,,-1,False,TN
2024-12-10,593.184106485161,593.6054435570935,590.0093361336401,590.6658325195312,37234500,8023,False,0.028493424210180418,0.0,7.0,2024-12-19,False,False,,,-1,False,TN
2024-12-11,593.5858198104879,596.1824400499527,593.311427437485,595.2319946289062,28677700,8024,False,0.036444227261268614,0.0,6.0,2024-12-19,False,False,,,-1,False,TN
2024-12-12,594.369747252086,594.9380289691392,592.1650390625,592.1650390625,31543800,8025,False,0.031103908829544613,0.0,5.0,2024-12-19,False,False,,,-1,False,TN
2024-12-13,594.1934038090473,594.9086900260288,590.6756429397628,592.0474853515625,35904700,8026,False,0.030899219118316612,0.0,4.0,2024-12-19,False,False,,,-1,False,TN
2024-12-16,593.8014244521054,595.54562235978,593.0273484159295,594.5755004882812,43695200,8027,False,0.03530111068080699,0.0,3.0,2024-12-19,False,False,,,-1,False,TN
2024-12-17,592.0278913761272,592.9881452170704,590.7540718346318,592.1258544921875,55773500,8028,False,0.031035678925801946,0.0,2.0,2024-12-19,False,False,,,-1,False,TN
2024-12-18,591.8220501813851,594.2031278558312,574.0962297805506,574.4783935546875,108248700,8029,True,0.00030714084395078167,0.9616073945061523,1.0,2024-12-19,False,False,,,-1,False,FN
2024-12-19,579.456129686489,581.0631314525076,574.057034359764,574.302001953125,85919500,8030,True,0.0,1.0,0.0,2024-12-19,True,True,0.6035634875297546,0.8150051387461459,3,True,TP
2024-12-20,571.9778279294948,585.7225012446567,571.132257605004,581.199951171875,125716700,8031,False,0.012011013709321894,0.0,1.0,2024-12-19,False,True,0.512174129486084,0.7050359712230215,3,True,FP
2024-12-23,580.9443313472664,585.2800771480029,577.7686569320756,584.6803588867188,57635800,8032,False,0.0180712532749292,0.0,2.0,2024-12-19,False,True,0.0814935564994812,0.24254881808838644,3,False,TN
2024-12-24,586.0272849416975,591.2184422848073,585.4471892507113,591.1790771484375,33160100,8033,False,0.029387108416679464,0.0,3.0,2024-12-19,False,False,,,-1,False,TN
2024-12-26,589.4093887705021,592.3392110668057,588.0133066034633,591.2184448242188,41219100,8034,False,0.029455657151747916,0.0,4.0,2024-12-19,False,False,,,-1,False,TN
2024-12-27,587.4823184826345,587.7183292627742,580.8164691334702,584.9949340820312,64969300,8035,False,0.018619005492826135,0.0,5.0,2024-12-19,False,False,,,-1,False,TN
2024-12-30,577.9948115421023,581.7799853973963,574.5733451400716,578.3192138671875,56578800,8036,True,0.006994946736038621,0.1256316579951724,6.0,2024-12-19,False,True,0.6840843558311462,0.8982528263103803,3,True,TP
2024-12-31,579.9808236627084,580.698577374324,574.5832389413312,576.21533203125,57052700,8037,True,0.0033315748014424162,0.583553149819698,7.0,2024-12-19,False,True,0.6749603152275085,0.8920863309352518,3,True,TP
2025-01-02,579.4696102256324,581.1803135593343,570.7292291618253,574.799560546875,50204000,8038,True,0.0071492233815217965,0.10634707730977544,5.0,2025-01-10,False,True,0.6906458139419556,0.9049331963001028,3,True,TP
2025-01-03,577.6408633877121,582.6254735449975,576.5593423217554,581.9864501953125,37888500,8039,False,0.019741909292878113,0.0,4.0,2025-01-10,False,True,0.03660348430275917,0.1341212744090442,3,False,TN
2025-01-06,586.2337670283534,589.6060270134918,583.608664526265,585.3390502929688,47679400,8040,False,0.025616250222176618,0.0,3.0,2025-01-10,False,False,,,-1,False,TN
2025-01-07,587.3643786767495,587.6888410122485,576.903513754268,578.7223510742188,60393100,8041,False,0.014022637531914794,0.0,2.0,2025-01-10,False,False,,,-1,False,TN
2025-01-08,578.7911287868388,580.6394897953063,575.3500401020275,579.5678100585938,47304700,8042,False,0.015504029338658798,0.0,1.0,2025-01-10,False,True,0.16829755902290344,0.3381294964028777,3,False,TN
2025-01-10,576.0186519228087,576.0874809051687,568.8120114375996,570.7193603515625,73105000,8043,True,0.0,1.0,0.0,2025-01-10,True,True,0.5846543908119202,0.7929085303186023,3,True,TP
2025-01-13,566.0788468496604,571.9581742427216,565.6658729466735,571.604248046875,47910100,8044,True,0.00155047779484363,0.8061902756445463,1.0,2025-01-10,False,True,0.5751882195472717,0.7800616649537513,3,True,TP
2025-01-14,574.5242667122994,575.1535088845837,568.6154150795988,572.3908081054688,48420600,8045,True,0.002928668396454226,0.6339164504432218,2.0,2025-01-10,False,True,0.17048567533493042,0.34172661870503596,3,False,FN
2025-01-15,580.3937768602567,583.9430001285099,579.2827918470954,582.8025512695312,56900200,8046,False,0.02117186091343659,0.0,3.0,2025-01-10,False,False,,,-1,False,TN
2025-01-16,584.1690862304802,584.34604932179,580.9836305712422,581.6817016601562,43319700,8047,False,0.01920793663253506,0.0,4.0,2025-01-10,False,False,,,-1,False,TN
2025-01-17,586.9121689712896,589.2717368825727,585.5848557638515,587.521728515625,58070600,8048,False,0.029440683690338254,0.0,5.0,2025-01-10,False,False,,,-1,False,TN
2025-01-21,590.5596519481012,592.9094384516549,588.5933154613438,592.8995971679688,42532900,8049,False,0.0388636488566696,0.0,6.0,2025-01-10,False,False,,,-1,False,TN
2025-01-22,595.7213992287225,597.5894432517595,595.1708273073808,596.232666015625,48196000,8050,False,0.044703767624680424,0.0,7.0,2025-01-10,False,False,,,-1,False,TN
2025-01-23,595.6032293330956,599.4867553710938,595.3279734662245,599.4867553710938,41152100,8051,False,0.020040882677847538,0.0,7.0,2025-02-03,False,False,,,-1,False,TN
2025-01-24,599.5459337435196,600.4996383180872,596.5865871884719,597.7368774414062,34604700,8052,False,0.01706342402344907,0.0,6.0,2025-02-03,False,False,,,-1,False,TN
2025-01-27,584.7983708814467,589.5962372876534,584.6312490621345,589.2816162109375,70361100,8053,True,0.002676597206132225,0.6654253492334719,5.0,2025-02-03,False,False,,,-1,False,FN
2025-01-28,590.5105293609671,595.1805787054238,587.1972570477369,594.3449096679688,44433300,8054,False,0.011291910690364393,0.0,4.0,2025-02-03,False,False,,,-1,False,TN
2025-01-29,593.5583059073574,593.9614384934404,589.1340487911447,591.6804809570312,37177400,8055,True,0.006758322266956274,0.1552097166304658,3.0,2025-02-03,False,False,,,-1,False,FN
2025-01-30,593.7943615542468,596.3898803192325,590.6088457833347,594.8561401367188,39281300,8056,False,0.012161781415486184,0.0,2.0,2025-02-03,False,False,,,-1,False,TN
2025-01-31,597.2747575383468,599.6933732210748,590.9333098394596,591.6903686523438,66566900,8057,True,0.0067751464142185025,0.1531066982226872,1.0,2025-02-03,False,False,,,-1,False,FN
2025-02-03,582.6943625959686,590.1861005375324,580.5510628181718,587.7085571289062,65857200,8058,True,0.0,1.0,0.0,2025-02-03,True,False,,,-1,False,FN
2025-02-04,587.767535135661,592.1622687341741,587.2268045597665,591.6510620117188,33457800,8059,True,0.006708265236212485,0.16146684547343937,1.0,2025-02-03,False,False,,,-1,False,FN
2025-02-05,590.5302274178379,594.1974260072697,588.5049031019603,594.0499267578125,30653100,8060,False,0.010789990297036534,0.0,2.0,2025-02-03,False,False,,,-1,False,TN
2025-02-06,595.7901616750784,596.242440705887,592.4867305159943,596.1146240234375,35771500,8061,False,0.014303121492048376,0.0,3.0,2025-02-03,False,False,,,-1,False,TN
2025-02-07,596.6750050236558,597.8941240756534,589.9501076619601,590.6580200195312,50788500,8062,True,0.005018580816712692,0.3726773979109135,4.0,2025-02-03,False,False,,,-1,False,FN
2025-02-10,593.8631663388722,595.3083949100401,592.5948408497425,594.6693115234375,26048700,8063,False,0.011843888114435819,0.0,5.0,2025-02-03,False,False,,,-1,False,TN
2025-02-11,592.4080280097315,595.662312577201,592.2900526181724,595.12158203125,30056700,8064,False,0.012613437072548583,0.0,6.0,2025-02-03,False,False,,,-1,False,TN
2025-02-12,589.1143924293652,594.3743182514838,588.436003976824,593.204345703125,45076100,8065,False,0.00935121414782003,0.0,7.0,2025-02-03,False,False,,,-1,False,TN
2025-02-13,594.3054692189053,599.6735889668723,593.0470451801535,599.4671020507812,40921300,8066,False,,0.0,,,False,False,,,-1,False,TN
2025-02-14,599.6737559982794,600.7060708506282,598.8184042628043,599.4378051757812,26910400,8067,False,,0.0,,,False,False,,,-1,False,TN
2025-02-18,600.5978525430173,601.1975708007812,598.1399318067746,601.1975708007812,26749000,8068,False,,0.0,,,False,False,,,-1,False,TN
2025-02-19,599.8112758662747,602.9082197102092,599.3000091966954,602.61328125,31011100,8069,False,,0.0,,,False,False,,,-1,False,TN
2025-02-20,601.2466498622931,601.3843078099816,596.8027704742943,600.106201171875,36554000,8070,False,,0.0,,,False,False,,,-1,False,TN
2025-02-21,599.8899309928074,600.0275889538111,589.3798596850504,589.8419799804688,76519800,8071,False,,0.0,,,False,False,,,-1,False,TN
2025-02-24,591.8870576091449,592.8800672914438,586.4501075695626,587.1580200195312,50737200,8072,False,,0.0,,,False,True,0.8381404876708984,0.9779033915724563,3,True,FP
2025-02-25,587.098968367302,587.8265033006376,579.6366946428752,584.2379150390625,58266500,8073,False,,0.0,,,False,True,0.6878532767295837,0.9033915724563206,3,True,FP
2025-02-26,585.8995163780398,589.4881049123491,581.8980139327481,584.5328979492188,43321600,8074,False,,0.0,,,False,True,0.6208938360214233,0.828879753340185,3,True,FP
2025-02-27,586.8040113591791,587.9543615454245,574.8094053796542,575.20263671875,74196700,8075,False,,0.0,,,False,True,0.5674402713775635,0.7702980472764646,3,True,FP
2025-02-28,575.7039886670112,584.70978328648,572.636508577737,584.1788940429688,88744100,8076,False,,0.0,,,False,True,0.05285533890128136,0.1880781089414183,3,False,TN
2025-03-03,586.1452445030724,587.2857532860544,570.1392964764723,573.9441528320312,74249200,8077,False,,0.0,,,False,True,0.5204846858978271,0.7132579650565262,3,True,FP
2025-03-04,569.9525173224438,575.5369060706639,562.6180601948478,567.1504516601562,109648200,8078,False,0.04613539133567501,0.0,7.0,2025-03-13,False,True,0.5744397640228271,0.7780061664953751,3,True,FP
2025-03-05,566.9833166199888,575.035467216836,563.434093538414,573.24609375,71230500,8079,False,0.057379086733315265,0.0,6.0,2025-03-13,False,True,0.10209701955318451,0.27183967112024665,3,False,TN
2025-03-06,565.7936477589768,570.4047092717689,560.5238803180225,563.0703125,80094900,8080,False,0.03860938485094123,0.0,5.0,2025-03-13,False,True,0.5576077103614807,0.7589928057553957,3,True,FP
2025-03-07,561.2907933786839,567.6715458955733,556.1094773560538,566.2262573242188,81158800,8081,False,0.04443067189048011,0.0,4.0,2025-03-13,False,True,0.23920351266860962,0.40493319630010277,3,False,TN
2025-03-10,558.0364891964213,559.9536192631458,546.2384702857362,551.1444702148438,99326600,8082,False,0.016611613978203987,0.0,3.0,2025-03-13,False,True,0.4021872580051422,0.5755395683453237,3,True,FP
2025-03-11,549.9843938775969,554.5266268117218,542.728606721458,546.5629272460938,88102100,8083,False,0.008160744843735968,0.0,2.0,2025-03-13,False,True,0.460656076669693,0.6469681397738952,3,True,FP
2025-03-12,552.7077001878538,553.631880779765,544.3704523001988,549.4632568359375,69588200,8084,False,0.013510537692515534,0.0,1.0,2025-03-13,False,True,0.24116283655166626,0.4064748201438849,3,False,TN
2025-03-13,549.0896792735167,549.6992388466521,540.4279685563406,542.138671875,74079400,8085,True,0.0,1.0,0.0,2025-03-13,True,True,0.3669987618923187,0.5277492291880781,3,True,TP
2025-03-14,546.7497954782853,554.3398871601003,542.2075620137377,553.3370361328125,62660300,8086,False,0.020655903809781107,0.0,1.0,2025-03-13,False,True,0.05038152635097504,0.1829393627954779,3,False,TN
2025-03-17,553.3172833424321,560.1208513978755,552.8846868765244,557.6039428710938,49008700,8087,False,0.028526411780599892,0.0,2.0,2025-03-13,False,True,0.023963941261172295,0.06423432682425488,3,False,TN
2025-03-18,555.2934322950165,555.5097605205915,549.6500559715837,551.5770874023438,66041400,8088,False,0.017409596505449043,0.0,3.0,2025-03-13,False,True,0.06934847682714462,0.22302158273381295,3,False,TN
2025-03-19,553.3566775077279,561.3399999727566,552.1768634471969,557.5842895507812,66556000,8089,False,0.028490160317031332,0.0,4.0,2025-03-13,False,True,0.0364067479968071,0.13309352517985612,3,False,TN
2025-03-20,553.8481847501696,560.9663132490421,553.1304311253591,555.9718017578125,62958200,8090,False,0.025515851571647374,0.0,5.0,2025-03-13,False,True,0.045430175960063934,0.1659815005138746,3,False,TN
2025-03-21,551.520408741678,557.0525594569796,550.287751620354,556.1551513671875,83763000,8091,False,0.025854048455372425,0.0,6.0,2025-03-13,False,True,0.044188037514686584,0.1618705035971223,3,False,TN
2025-03-24,562.880651498493,567.1703352751009,562.2890000340255,566.1151733398438,58766800,8092,False,0.0442257723137891,0.0,7.0,2025-03-13,False,False,,,-1,False,TN
2025-03-25,567.3181993393742,568.4127846067184,565.73055113845,567.4760131835938,38355700,8093,False,,0.0,,,False,False,,,-1,False,TN
2025-03-26,567.2097001365158,568.3338979913931,559.3206937528307,560.7012939453125,51848300,8094,False,,0.0,,,False,False,,,-1,False,TN
2025-03-27,559.3108077400744,562.9792269072261,557.1018956425098,559.2122192382812,42164200,8095,False,,0.0,,,False,True,0.33513155579566956,0.4943473792394656,3,False,TN
2025-03-28,557.6838635858104,558.413587192946,547.3689639965595,547.9507446289062,71662700,8096,False,0.11919912459962934,0.0,7.0,2025-04-08,False,True,0.7589295506477356,0.947584789311408,3,True,FP
2025-03-31,542.201546342058,552.9305994826874,539.282592409213,551.62890625,95328200,8097,False,0.12671183501532912,0.0,6.0,2025-04-08,False,True,0.18023793399333954,0.3484069886947585,3,False,TN
2025-04-01,549.7158288612504,555.1296497708261,545.998115405224,553.1869506835938,54609600,8098,False,0.12989416843353885,0.0,5.0,2025-04-08,False,True,0.254380464553833,0.41778006166495374,3,False,TN
2025-04-02,547.3491017135567,559.547472787333,547.1124411566806,556.687744140625,76014500,8099,False,0.13704460122502438,0.0,4.0,2025-04-08,False,True,0.02719258889555931,0.08787255909558069,3,False,TN
2025-04-03,537.5470145495102,540.3673198616506,529.2537231445312,529.2537231445312,125986000,8100,False,0.08101012625799076,0.0,3.0,2025-04-08,False,True,0.5617388486862183,0.763617677286742,3,True,FP
2025-04-04,516.404523136506,518.5740121118964,498.0527349403516,498.2696838378906,217965100,8101,False,0.017724675862193617,0.0,2.0,2025-04-08,False,True,0.40371647477149963,0.5765673175745119,3,True,FP
2025-04-07,482.40291724281104,515.9114550791749,475.115432610906,497.3821716308594,256611400,8102,False,0.015911916421829098,0.0,1.0,2025-04-08,False,True,0.4113370180130005,0.590955806783145,3,True,FP
2025-04-08,514.6196789750944,517.6963871548359,482.37337814369187,489.5918273925781,165816600,8103,True,0.0,1.0,0.0,2025-04-08,True,True,0.3417038917541504,0.5030832476875642,3,True,TP
2025-04-09,486.5939443539347,541.0083618164062,486.20934082523814,541.0083618164062,241867300,8104,False,0.06760336147813972,0.0,7.0,2025-04-21,False,False,,,-1,False,TN
2025-04-10,524.7866027854379,526.0981670837639,502.25365007002944,517.3019409179688,162331200,8105,False,0.020822098144586576,0.0,6.0,2025-04-21,False,False,,,-1,False,TN
2025-04-11,515.7537548286505,528.9875485351057,512.8545420601603,526.5321044921875,97866300,8106,False,0.03903651839078082,0.0,5.0,2025-04-21,False,True,0.021162427961826324,0.044707091469681395,3,False,TN
2025-04-14,536.5018528789103,536.7287027931718,526.4532262576091,531.6402587890625,68034000,8107,False,0.049116737262043575,0.0,4.0,2025-04-21,False,True,0.014416557736694813,0.0046248715313463515,3,False,TN
2025-04-15,532.1825399641931,535.6931457102869,529.3622343758641,530.151123046875,56892900,8108,False,0.04617813882944466,0.0,3.0,2025-04-21,False,True,0.015904966741800308,0.008221993833504625,3,False,TN
2025-04-16,524.3034408726064,530.4273047249436,513.0714517926509,518.366943359375,83484800,8109,False,0.022923729591853625,0.0,2.0,2025-04-21,False,True,0.06800275295972824,0.2199383350462487,3,False,TN
2025-04-17,520.3194821276195,523.800475242003,516.6411916080497,519.1065063476562,79868100,8110,False,0.024383152380926587,0.0,1.0,2025-04-21,False,True,0.05981142446398735,0.20246659815005139,3,False,TN
2025-04-21,513.9293002870572,514.4618467446136,501.40552056556845,506.7503356933594,69368100,8111,True,0.0,1.0,0.0,2025-04-21,True,True,0.4553984999656677,0.6392600205549845,3,True,TP
2025-04-22,512.9235348557764,521.9564215250564,511.9867032226325,519.9348754882812,75948100,8112,False,0.026017821531153285,0.0,1.0,2025-04-21,False,True,0.02381218411028385,0.0632065775950668,3,False,TN
2025-04-23,532.9320165359907,537.8626460694973,526.4729038847668,527.9915161132812,90590700,8113,False,0.0419164604811928,0.0,2.0,2025-04-21,False,True,0.02185508981347084,0.050359712230215826,3,False,TN
2025-04-24,529.2734571828396,539.8348871004667,528.0211182344198,539.1051635742188,64150400,8114,False,0.06384766935889652,0.0,3.0,2025-04-21,False,False,,,-1,False,TN
2025-04-25,539.0657336001437,543.4046513367819,536.1467793425768,543.0003662109375,61119600,8115,False,0.0715342999585371,0.0,4.0,2025-04-21,False,False,,,-1,False,TN
2025-04-28,543.7399439376,545.8699492792146,537.4583271221219,543.2073974609375,47613800,8116,False,0.07194284680185925,0.0,5.0,2025-04-21,False,False,,,-1,False,TN
2025-04-29,541.2944189414077,547.7437217731817,540.9394280116835,546.62939453125,47775100,8117,False,0.07869567325165416,0.0,6.0,2025-04-21,False,False,,,-1,False,TN
2025-04-30,539.9729233205555,548.7987614609631,534.0068741379372,546.84619140625,93101500,8118,False,0.0791234911724914,0.0,7.0,2025-04-21,False,False,,,-1,False,TN
2025-05-01,552.5952816524762,556.2439589647481,550.1200963901105,550.7216186523438,63186100,8119,False,,0.0,,,False,False,,,-1,False,TN
2025-05-02,556.894803218062,560.4941864598073,554.5774316657111,558.8966674804688,60717300,8120,False,,0.0,,,False,False,,,-1,False,TN
2025-05-05,554.7648727126054,558.788283367358,553.9069479669498,555.6918334960938,38659200,8121,False,,0.0,,,False,False,,,-1,False,TN
2025-05-06,550.1892553966732,555.5340413030556,549.2327420958744,551.0471801757812,48264700,8122,False,,0.0,,,False,False,,,-1,False,TN
2025-05-07,552.3784371058738,555.9975022415719,548.3254139860352,553.3645629882812,55588000,8123,False,,0.0,,,False,False,,,-1,False,TN
2025-05-08,557.3977713110521,562.3974366423718,553.9069074354913,557.2202758789062,65130800,8124,False,,0.0,,,False,False,,,-1,False,TN
2025-05-09,558.6205173502777,559.6263849147109,554.9521583078488,556.51025390625,37603400,8125,False,,0.0,,,False,False,,,-1,False,TN
2025-05-12,573.402558732667,574.9113601462691,569.0340285188223,574.9014892578125,78993600,8126,False,,0.0,,,False,False,,,-1,False,TN
2025-05-13,575.3156554869938,580.9070323903663,574.7536167184122,578.6981201171875,67947200,8127,False,,0.0,,,False,False,,,-1,False,TN
2025-05-14,579.6547240062519,580.8084745781977,577.4161987168885,579.4378051757812,66283500,8128,False,0.014643297669352684,0.0,7.0,2025-05-23,False,False,,,-1,False,TN
2025-05-15,577.4358426248243,582.770756919371,576.9822030720642,582.2678833007812,71268100,8129,False,0.01959899744551885,0.0,6.0,2025-05-23,False,False,,,-1,False,TN
2025-05-16,583.0469103495059,586.2518193704545,581.1042713102905,585.9559936523438,76052100,8130,False,0.02605718228581,0.0,5.0,2025-05-23,False,False,,,-1,False,TN
2025-05-19,579.9406348417033,587.27741416191,579.9406348417033,586.5969848632812,68168500,8131,False,0.027179610664202603,0.0,4.0,2025-05-23,False,False,,,-1,False,TN
2025-05-20,584.8613545300925,585.8079967408526,581.4197250633151,584.6246337890625,60614500,8132,False,0.023725861564245276,0.0,3.0,2025-05-23,False,False,,,-1,False,TN
2025-05-21,580.2759146876367,584.3584902721909,573.7477661832594,574.7733154296875,95197700,8133,True,0.006475392131180646,0.19057598360241923,2.0,2025-05-23,False,False,,,-1,False,FN
2025-05-22,574.5760350084579,578.4811148637216,573.3433777523152,575.0001220703125,70860400,8134,True,0.006872549230219516,0.14093134622256054,1.0,2025-05-23,False,False,,,-1,False,FN
2025-05-23,567.9887994120531,573.7379304924723,567.6140667399493,571.0753784179688,76029000,8135,True,0.0,1.0,0.0,2025-05-23,True,False,,,-1,False,FN
2025-05-27,577.9387671986972,583.1060568711622,570.4047514802384,582.9483032226562,72588500,8136,False,0.02079046874263546,0.0,1.0,2025-05-23,False,False,,,-1,False,TN
2025-05-28,583.3526850377893,584.5459191469531,578.8460820656009,579.5758056640625,68445500,8137,False,0.014884947884887367,0.0,2.0,2025-05-23,False,False,,,-1,False,TN
2025-05-29,584.8318350718904,584.9699071457442,577.9388245287198,581.8635864257812,69973300,8138,False,0.018891040334638065,0.0,3.0,2025-05-23,False,False,,,-1,False,TN
2025-05-30,580.7591289651484,582.9286180198035,575.1480700909575,581.2127685546875,90601200,8139,False,0.017751404665356185,0.0,4.0,2025-05-23,False,False,,,-1,False,TN
2025-06-02,579.6053591727813,584.5655410710423,576.9428072484826,584.4866943359375,61630500,8140,False,0.02348431822629382,0.0,5.0,2025-05-23,False,False,,,-1,False,TN
2025-06-03,584.1219126819936,588.7961403827543,583.6386603743783,587.8198852539062,63606200,8141,False,0.029321009920484142,0.0,6.0,2025-05-23,False,False,,,-1,False,TN
2025-06-04,588.6777258495218,589.6539808386906,587.2280895107962,587.6619873046875,57314200,8142,False,0.029044517612837772,0.0,7.0,2025-05-23,False,False,,,-1,False,TN
2025-06-05,589.3383724752952,590.6893600195378,582.8496477946317,584.8218994140625,92278700,8143,False,,0.0,,,False,False,,,-1,False,TN
2025-06-06,590.3541332655441,592.4940699072976,588.5791185976601,590.8275146484375,66588700,8144,False,,0.0,,,False,False,,,-1,False,TN
2025-06-09,591.3993476813894,592.9081490758875,590.1864321834666,591.3599243164062,53016400,8145,False,,0.0,,,False,False,,,-1,False,TN
2025-06-10,591.8924637491524,595.0973729509094,590.7781968461302,594.7128295898438,66247000,8146,False,0.011816638059825912,0.0,7.0,2025-06-20,False,False,,,-1,False,TN
2025-06-11,595.8073544523882,596.6652790904382,590.9556323288738,593.0166015625,73658200,8147,False,0.00893075489972417,0.0,6.0,2025-06-20,False,False,,,-1,False,TN
2025-06-12,591.6854337777163,595.37353515625,591.2022416981604,595.37353515625,64129000,8148,False,0.012940731658764415,0.0,5.0,2025-06-20,False,False,,,-1,False,TN
2025-06-13,590.1963519379123,593.499849631983,587.218232455665,588.7171630859375,89506000,8149,True,0.0016158910386219194,0.7980136201722601,4.0,2025-06-20,False,False,,,-1,False,FN
2025-06-16,592.0700235861916,596.0638215052488,591.8924679557008,594.318359375,79984100,8150,False,0.01114550485613619,0.0,3.0,2025-06-20,False,False,,,-1,False,TN
2025-06-17,591.8826784891205,593.401290785268,588.480531921813,589.2398681640625,82209400,8151,True,0.0025051970507521393,0.6868503686559826,2.0,2025-06-20,False,False,,,-1,False,FN
2025-06-18,590.1371267775953,592.8785252065284,588.1944276516227,589.1510009765625,76605000,8152,True,0.002354002567606317,0.7057496790492104,1.0,2025-06-20,False,False,,,-1,False,FN
2025-06-20,591.8224395288368,592.8906208578056,586.3629131433069,587.7673950195312,94051400,8153,True,0.0,1.0,0.0,2025-06-20,True,False,,,-1,False,FN
2025-06-23,588.5190130228361,593.9587392448562,585.4035696790836,593.5730590820312,87426000,8154,False,0.009877485739587577,0.0,1.0,2025-06-20,False,False,,,-1,False,TN
2025-06-24,597.7072691809916,601.1886530620405,596.7973078378046,600.1304321289062,67735300,8155,False,0.02103389404402778,0.0,2.0,2025-06-20,False,False,,,-1,False,TN
2025-06-25,601.247995602986,601.940336500435,598.903972841808,600.4666748046875,62114800,8156,False,0.02160596163169992,0.0,3.0,2025-06-20,False,False,,,-1,False,TN
2025-06-26,602.3161076886594,605.5997312639034,601.7029070585035,605.16455078125,78548400,8157,False,0.029598708450203626,0.0,4.0,2025-06-20,False,False,,,-1,False,TN
2025-06-27,606.1636033457827,609.6351477759472,604.1360808658505,608.1713256835938,86258400,8158,False,0.03471429486724853,0.0,5.0,2025-06-20,False,False,,,-1,False,TN
2025-06-30,610.6142811588834,612.4340832221852,608.2998981128763,611.0791015625,92502500,8159,False,0.03966144896859092,0.0,6.0,2025-06-20,False,False,,,-1,False,TN
2025-07-01,609.6053849111585,612.0483479268365,608.7746241554748,610.8812866210938,70030100,8160,False,0.03932489586428045,0.0,7.0,2025-06-20,False,False,,,-1,False,TN
2025-07-02,610.4757300098587,613.6901136433279,609.8526292762224,613.6505737304688,66510400,8161,False,,0.0,,,False,False,,,-1,False,TN
2025-07-03,615.628656191773,619.4167005776212,615.6088560521965,618.4869995117188,51065800,8162,False,,0.0,,,False,False,,,-1,False,TN
2025-07-07,616.5286134886126,617.1913144548079,611.0987877910964,613.8779907226562,74814500,8163,False,,0.0,,,False,False,,,-1,False,TN
2025-07-08,614.5406899285775,615.2923708557059,612.7307881009865,613.5418090820312,59024600,8164,False,,0.0,,,False,False,,,-1,False,TN
2025-07-09,615.945166968477,617.8737488887257,614.1055045789822,617.2210083007812,66113300,8165,False,,0.0,,,False,False,,,-1,False,TN
2025-07-10,617.3594891460615,620.0002120765442,616.1825277796053,618.9617309570312,57529000,8166,False,,0.0,,,False,False,,,-1,False,TN
2025-07-11,615.9154056597896,618.0121678287132,614.7187046395575,616.7857666015625,63670200,8167,False,,0.0,,,False,False,,,-1,False,TN
2025-07-14,616.3308265898004,618.3089087938923,614.9857451789246,617.9627685546875,51898500,8168,False,,0.0,,,False,False,,,-1,False,TN
2025-07-15,620.6430672331502,620.9793073894895,615.2428812967698,615.322021484375,74317300,8169,False,,0.0,,,False,False,,,-1,False,TN
2025-07-16,616.9044910111767,617.8836320494379,611.276844692317,617.3792114257812,88987500,8170,False,,0.0,,,False,False,,,-1,False,TN
2025-07-17,617.5573456006476,621.5135103761386,617.3397251475282,621.1574096679688,68885700,8171,False,,0.0,,,False,False,,,-1,False,TN
2025-07-18,622.4035141905442,622.5716342647312,619.5946714429975,620.702392578125,65621600,8172,False,,0.0,,,False,False,,,-1,False,TN
2025-07-21,621.87939453125,624.6189973413707,621.4541141003111,621.87939453125,63375000,8173,False,,0.0,,,False,False,,,-1,False,TN
2025-07-22,622.2058050575365,622.828905853138,619.3277216791315,621.9684448242188,60046300,8174,False,,0.0,,,False,False,,,-1,False,TN
2025-07-23,624.6289433239532,627.2598266601562,622.8288811376781,627.2598266601562,70511000,8175,False,0.020089571527688754,0.0,7.0,2025-08-01,False,False,,,-1,False,TN
2025-07-24,627.6454273719465,629.1784892953694,627.0421268182102,627.4674072265625,71307100,8176,False,0.020427152163404516,0.0,6.0,2025-08-01,False,False,,,-1,False,TN
2025-07-25,628.1301809903662,630.5928838363332,627.8829206987424,630.1181030273438,56865400,8177,False,0.024737881192659295,0.0,5.0,2025-08-01,False,False,,,-1,False,TN
2025-07-28,630.4939604147171,631.0478210681617,628.5752180855901,629.9598999023438,54917100,8178,False,0.024480601272701907,0.0,4.0,2025-08-01,False,False,,,-1,False,TN
2025-07-29,631.3543820995848,631.6708825055948,627.3883778702398,628.2982788085938,60556300,8179,False,0.021778368039322427,0.0,3.0,2025-08-01,False,False,,,-1,False,TN
2025-07-30,628.9509803708415,630.6917023127537,624.6189756546709,627.5070190429688,80418900,8180,False,0.020491571402622144,0.0,2.0,2025-08-01,False,False,,,-1,False,TN
2025-07-31,632.4522656090571,632.8379457731452,623.8574957354674,625.1531372070312,103385200,8181,False,0.0166635400009727,0.0,1.0,2025-08-01,False,False,,,-1,False,TN
2025-08-01,619.4364414435403,619.476041722763,612.5032535330552,614.9066162109375,140103600,8182,True,0.0,1.0,0.0,2025-08-01,True,False,,,-1,False,FN
2025-08-04,618.813325728958,624.3024917393647,618.7243458354196,624.2530517578125,73218000,8183,False,0.015199764160073403,0.0,1.0,2025-08-01,False,False,,,-1,False,TN
2025-08-05,624.866279158634,625.6773001361546,620.1683337507773,621.088134765625,68051400,8184,False,0.010052776131728836,0.0,2.0,2025-08-01,False,False,,,-1,False,TN
2025-08-06,622.1562946160922,626.4981995520814,621.2463937026511,625.845458984375,64357500,8185,False,0.017789437428471278,0.0,3.0,2025-08-01,False,False,,,-1,False,TN
2025-08-07,629.2674923107387,629.9993730574174,622.2156245224251,625.3212280273438,74205800,8186,False,0.016936899915927395,0.0,4.0,2025-08-01,False,False,,,-1,False,TN
2025-08-08,627.1114011688534,630.6620853000642,626.7949007710238,630.1972045898438,64051600,8187,False,0.024866521152637766,0.0,5.0,2025-08-01,False,False,,,-1,False,TN
2025-08-11,630.4742118551501,631.947873553624,627.70484826023,628.9510498046875,58742300,8188,False,0.02283994548683177,0.0,6.0,2025-08-01,False,False,,,-1,False,TN
2025-08-12,631.2950454377703,635.8050706066525,629.8114837326607,635.6468505859375,64730800,8189,False,0.011234386193725854,0.0,7.0,2025-08-21,False,False,,,-1,False,TN
2025-08-13,637.8424936799373,639.10849531226,635.6369512596368,637.82275390625,60092800,8190,False,0.01469597537096301,0.0,6.0,2025-08-21,False,False,,,-1,False,TN
2025-08-14,635.7457174616427,638.5447207235369,635.300697252298,637.882080078125,59327500,8191,False,0.01479035586690336,0.0,5.0,2025-08-21,False,False,,,-1,False,TN
2025-08-15,638.9106535836406,639.0095939138803,635.4787099260534,636.3886108398438,68592500,8192,False,0.012414433690807636,0.0,4.0,2025-08-21,False,False,,,-1,False,TN
2025-08-18,635.814941575414,636.942462907598,635.1424008771667,636.2501220703125,43804900,8193,False,0.012194115434337682,0.0,3.0,2025-08-21,False,False,,,-1,False,TN
2025-08-19,636.0721245937336,637.0512656505922,631.4829592777961,632.7984008789062,69750700,8194,True,0.0067028600980041375,0.1621424877494828,2.0,2025-08-21,False,False,,,-1,False,FN
2025-08-20,632.3929672116759,632.6500672159099,626.0136394005863,631.1170654296875,88890300,8195,True,0.004028066351430715,0.49649170607116067,1.0,2025-08-21,False,False,,,-1,False,FN
2025-08-21,629.3071240874224,630.9785456585483,626.864161086776,628.5850830078125,54805800,8196,True,0.0,1.0,0.0,2025-08-21,True,False,,,-1,False,FN
2025-08-22,630.7708500494616,639.4150594466402,630.2664294390896,638.2380981445312,84083200,8197,False,0.015356735941821187,0.0,1.0,2025-08-21,False,False,,,-1,False,TN
2025-08-25,636.9820621561176,638.218363635622,635.3105801411765,635.4292602539062,51274300,8198,False,0.01088822727600225,0.0,2.0,2025-08-21,False,False,,,-1,False,TN
2025-08-26,635.1621986940528,638.4359222802034,634.5390979794016,638.0897216796875,51581600,8199,False,0.015120687602694582,0.0,3.0,2025-08-21,False,False,,,-1,False,TN
2025-08-27,637.5062787617181,640.2755819843173,637.3578984386413,639.543701171875,48341100,8200,False,0.017433786547439212,0.0,4.0,2025-08-21,False,False,,,-1,False,TN
2025-08-28,640.146950913372,642.3623933153343,638.267809046051,641.8085327148438,61519500,8201,False,0.02103684936931116,0.0,5.0,2025-08-21,False,False,,,-1,False,TN
2025-08-29,640.374419619015,640.7404203673219,636.0919150690585,637.98095703125,74522200,8202,False,0.014947656693470535,0.0,6.0,2025-08-21,False,False,,,-1,False,TN
2025-09-02,630.5136938017484,633.4709169972102,627.9619508913343,633.2533569335938,81983500,8203,True,0.007426638098765093,0.07167023765436342,7.0,2025-08-21,False,False,,,-1,False,FN
2025-09-03,635.6270215222661,637.1501834379544,633.4412793439511,636.685302734375,70820900,8204,False,,0.0,,,False,False,,,-1,False,TN
2025-09-04,637.3577818657208,642.0359868267901,636.4577811203425,642.0062866210938,65219200,8205,False,,0.0,,,False,False,,,-1,False,TN
2025-09-05,644.3404359625918,645.062476969223,636.2797877246134,640.1469116210938,85178900,8206,False,,0.0,,,False,False,,,-1,False,TN
2025-09-08,641.5118230975241,642.718484610511,640.1370415028089,641.7195434570312,63133100,8207,False,,0.0,,,False,False,,,-1,False,TN
2025-09-09,641.8580441132016,643.7273464852004,640.1272219983028,643.2031860351562,66133900,8208,False,,0.0,,,False,False,,,-1,False,TN
2025-09-10,646.4570213518696,647.3768223058731,643.4997982019892,645.0625,78034500,8209,False,,0.0,,,False,False,,,-1,False,TN
2025-09-11,647.0109525903231,651.1154976382888,646.4274520986086,650.4231567382812,69934400,8210,False,,0.0,,,False,False,,,-1,False,TN
2025-09-12,650.3934256012134,651.8868873722256,649.7011451004063,650.2055053710938,72780100,8211,False,,0.0,,,False,False,,,-1,False,TN
2025-09-15,652.4111340519337,653.795755474802,652.1144337731963,653.6671752929688,63772400,8212,False,,0.0,,,False,False,,,-1,False,TN
2025-09-16,654.2210123755038,654.5276730798186,651.9858301119879,652.7671508789062,61169000,8213,False,,0.0,,,False,False,,,-1,False,TN
2025-09-17,652.7770367516476,654.4682584259048,647.1295902463727,651.9561157226562,101952200,8214,False,,0.0,,,False,False,,,-1,False,TN
2025-09-18,654.6364399867887,657.603563340362,653.0341982051615,655.0023803710938,90459200,8215,False,,0.0,,,False,False,,,-1,False,TN
2025-09-19,656.8877828567474,659.0895125014193,654.9438659954435,658.2465209960938,97945600,8216,False,,0.0,,,False,False,,,-1,False,TN
2025-09-22,656.7588293222589,661.8069717744121,656.7290467709187,661.3607177734375,69452200,8217,False,,0.0,,,False,False,,,-1,False,TN
2025-09-23,661.2416672722171,661.856628548307,656.5406245808955,657.7605590820312,81708900,8218,False,,0.0,,,False,False,,,-1,False,TN
2025-09-24,659.0497999269948,659.1489540239103,654.2495430702726,655.6677856445312,68082200,8219,False,,0.0,,,False,False,,,-1,False,TN
2025-09-25,652.5338627083877,653.9917550046746,649.0328388399253,652.6429443359375,89622100,8220,False,,0.0,,,False,False,,,-1,False,TN
2025-09-26,654.0909412604747,656.9274266555326,652.4743298182361,656.3819580078125,69179200,8221,False,,0.0,,,False,False,,,-1,False,TN
2025-09-29,658.9010899003678,659.8135740530697,656.4216318338509,658.2266845703125,73499000,8222,False,,0.0,,,False,False,,,-1,False,TN
2025-09-30,657.4828203674869,661.1722852976668,656.173659297658,660.7061157226562,86288000,8223,False,,0.0,,,False,False,,,-1,False,TN
2025-10-01,657.7208144097488,663.8698820443607,657.6117327913598,662.9574584960938,72545400,8224,False,0.023628692301233212,0.0,7.0,2025-10-10,False,False,,,-1,False,TN
2025-10-02,664.9410037342527,665.0600128657511,661.3011766397112,663.7210693359375,56896000,8225,False,0.024807733211624994,0.0,6.0,2025-10-10,False,False,,,-1,False,TN
2025-10-03,664.4848631838105,667.1527626006609,662.6698828508305,663.7113037109375,70494400,8226,False,0.02479265475701209,0.0,5.0,2025-10-10,False,False,,,-1,False,TN
2025-10-06,666.1014192164715,666.9841207809839,663.9591941673339,666.0914916992188,54623300,8227,False,0.02846774534789631,0.0,4.0,2025-10-10,False,False,,,-1,False,TN
2025-10-07,667.0138297258598,667.4601442579947,662.1838505424819,663.6219482421875,72020100,8228,False,0.024654686897303657,0.0,3.0,2025-10-10,False,False,,,-1,False,TN
2025-10-08,664.7426772273783,667.6783772359653,663.919480237528,667.5791625976562,60702200,8229,False,0.030764759427497568,0.0,2.0,2025-10-10,False,False,,,-1,False,TN
2025-10-09,667.9957845708525,668.4023890582872,663.7112737749407,665.6452026367188,66501900,8230,False,0.027778659972084174,0.0,1.0,2025-10-10,False,False,,,-1,False,TN
2025-10-10,666.6071968358344,668.4122493878771,647.4757221413303,647.6542358398438,159422600,8231,True,0.0,1.0,0.0,2025-10-10,True,False,,,-1,False,FN
2025-10-13,655.2216030747315,659.664772492732,654.3488290056752,657.5919189453125,79560500,8232,False,0.015344118135168339,0.0,1.0,2025-10-10,False,False,,,-1,False,TN
2025-10-14,651.7701536094826,660.3590300864076,647.8030207789583,656.78857421875,88779600,8233,False,0.014103726762570101,0.0,2.0,2025-10-10,False,False,,,-1,False,TN
2025-10-15,661.3408732132422,664.7228272522149,653.5156893256119,659.7044067382812,81702600,8234,False,0.018605870588974893,0.0,3.0,2025-10-10,False,False,,,-1,False,TN
2025-10-16,661.340821247798,663.2153058553965,651.7105854492366,655.2116088867188,110563300,8235,False,0.0116688390636015,0.0,4.0,2025-10-10,False,False,,,-1,False,TN
2025-10-17,654.0810128478913,660.2895852935891,652.7322022395391,658.9308471679688,96500900,8236,False,0.01741146850294606,0.0,5.0,2025-10-10,False,False,,,-1,False,TN
2025-10-20,661.8367798071084,666.6866142382812,661.7872027532737,665.7840576171875,60493400,8237,False,0.02799305674861219,0.0,6.0,2025-10-10,False,False,,,-1,False,TN
2025-10-21,665.9229005771253,667.4601523988813,664.4748753427003,665.7741088867188,56249000,8238,False,0.027977695572975136,0.0,7.0,2025-10-10,False,False,,,-1,False,TN
2025-10-22,666.4783066993808,666.4783066993808,657.8497808005621,662.3128051757812,80564000,8239,False,,0.0,,,False,False,,,-1,False,TN
2025-10-23,662.6301900162397,667.1825015615415,662.3128121266341,666.2402954101562,65604500,8240,False,,0.0,,,False,False,,,-1,False,TN
2025-10-24,670.9016937183009,672.8951271271609,670.0983517375236,671.6851806640625,74356500,8241,False,,0.0,,,False,False,,,-1,False,TN
2025-10-27,677.1201724129126,679.9070809796764,676.515199146416,679.6095581054688,63339800,8242,False,,0.0,,,False,False,,,-1,False,TN
2025-10-28,681.4046232640447,683.2493254549719,679.2028936555786,681.41455078125,61738100,8243,False,,0.0,,,False,False,,,-1,False,TN
2025-10-29,683.0609104229828,684.0328991417463,677.2590027977353,681.7418823242188,85657100,8244,False,,0.0,,,False,False,,,-1,False,TN
2025-10-30,678.2805836148408,680.3037996369978,674.2440185546875,674.2440185546875,76335800,8245,False,,0.0,,,False,False,,,-1,False,TN
2025-10-31,679.4111219213156,679.4508319897004,673.6587916341136,676.4556274414062,87164100,8246,False,,0.0,,,False,False,,,-1,False,TN
2025-11-03,680.0359087204932,680.1648453676048,674.3530108656404,677.72509765625,57315000,8247,False,,0.0,,,False,False,,,-1,False,TN
2025-11-04,670.5544968959969,674.3728983771498,669.0371001406891,669.691650390625,78427000,8248,False,,0.0,,,False,False,,,-1,False,TN
2025-11-05,669.4337786331213,675.2654684624238,668.6304366940664,672.012451171875,74402400,8249,False,,0.0,,,False,False,,,-1,False,TN
2025-11-06,670.9115428502156,671.8140994484131,663.2252231578799,664.8021850585938,85035300,8250,False,,0.0,,,False,False,,,-1,False,TN
2025-11-07,662.4218719882706,665.5658682287408,655.7769731606511,665.4567260742188,100592400,8251,False,,0.0,,,False,True,0.5057002902030945,0.6988694758478932,3,True,FP
2025-11-10,671.6751969912248,676.5746080726943,669.4833950163819,675.8406982421875,75842900,8252,False,,0.0,,,False,False,,,-1,False,TN
2025-11-11,674.3630127379913,677.9532631527235,673.1530057317516,677.387939453125,58953400,8253,False,0.04669512221115002,0.0,7.0,2025-11-20,False,False,,,-1,False,TN
2025-11-12,679.1632192686196,679.3318660026857,675.3548055474994,677.7648315429688,62312500,8254,False,0.047277493241195234,0.0,6.0,2025-11-20,False,False,,,-1,False,TN
2025-11-13,674.9085136071693,675.265541055433,665.0105359672095,666.5180053710938,103457800,8255,False,0.029898975838062558,0.0,5.0,2025-11-20,False,False,,,-1,False,TN
2025-11-14,659.9126462553079,670.1081450818862,657.8199984349773,666.4088134765625,96846700,8256,False,0.02973025328377088,0.0,4.0,2025-11-20,False,True,0.5359276533126831,0.7332990750256937,3,True,FP
2025-11-17,664.1972328051172,668.1742931923078,656.7290761218832,660.2003173828125,90456100,8257,False,0.02013692839693948,0.0,3.0,2025-11-20,False,True,0.42133110761642456,0.6007194244604317,3,True,FP
2025-11-18,656.6596108350068,659.6548153709225,650.4708935566339,654.65625,114467500,8258,False,0.011570274122751245,0.0,2.0,2025-11-20,False,True,0.536443829536438,0.7343268242548818,3,True,FP
2025-11-19,655.3505280387882,661.856623370592,653.3371790986623,657.185302734375,94703000,8259,False,0.015478148778774958,0.0,1.0,2025-11-20,False,True,0.36706358194351196,0.5277492291880781,3,True,FP
2025-11-20,667.3808213360044,670.0090710879778,646.5335791707308,647.1683349609375,165293500,8260,True,0.0,1.0,0.0,2025-11-20,True,True,0.46530985832214355,0.6500513874614594,3,True,TP
2025-11-21,649.6675301260088,659.0894699034471,645.5020288545189,653.6148681640625,123956200,8261,False,0.009961138168965045,0.0,1.0,2025-11-20,False,True,0.11669188737869263,0.2867420349434738,3,False,TN
2025-11-24,657.2448196444445,664.5542570793402,656.1538823239337,663.2351684570312,80437900,8262,False,0.024826359121948638,0.0,2.0,2025-11-20,False,True,0.025911584496498108,0.0775950668036999,3,False,TN
2025-11-25,663.1360620641211,670.6537963067218,659.0201372218106,669.4735717773438,81077100,8263,False,0.034465896446791655,0.0,3.0,2025-11-20,False,False,,,-1,False,TN
2025-11-26,672.0620713400136,676.0986363282427,671.1595147067713,674.09521484375,71879600,8264,False,0.0416072270971628,0.0,4.0,2025-11-20,False,False,,,-1,False,TN
2025-11-28,675.2654787466182,678.0523870500939,674.9084513312986,677.7747192382812,49212000,8265,False,0.04729277163906831,0.0,5.0,2025-11-20,False,False,,,-1,False,TN
2025-12-01,673.2323336611282,677.3779800628074,673.1629015749381,674.6803588867188,61201200,8266,False,0.04251138759352591,0.0,6.0,2025-11-20,False,False,,,-1,False,TN
2025-12-02,676.316742094939,678.2011542749951,673.748057660358,675.9299926757812,62953800,8267,False,0.04444231301363,0.0,7.0,2025-11-20,False,False,,,-1,False,TN
2025-12-03,674.9779023816353,679.2822075879724,674.105128319461,678.2706298828125,57238500,8268,False,,0.0,,,False,False,,,-1,False,TN
2025-12-04,679.6690366334618,679.7384687237238,675.7416137771377,678.7665405273438,61970300,8269,False,,0.0,,,False,False,,,-1,False,TN
2025-12-05,679.8375623637357,682.7336127271673,678.9549213715281,680.0557861328125,79241000,8270,False,,0.0,,,False,False,,,-1,False,TN
2025-12-08,680.9483951231146,680.997972172105,675.9696245182643,678.0126953125,55231500,8271,False,0.01821558922406763,0.0,7.0,2025-12-17,False,False,,,-1,False,TN
2025-12-09,677.5367544682442,679.7583392727543,676.9813582671167,677.4276123046875,58310100,8272,False,0.017336932166960306,0.0,6.0,2025-12-17,False,False,,,-1,False,TN
2025-12-10,676.9515664343469,683.3088703732143,675.711837383319,681.92041015625,85671300,8273,False,0.02408405776404776,0.0,5.0,2025-12-17,False,False,,,-1,False,TN
2025-12-11,679.51034738166,683.5865617528303,676.5647198382891,683.5072021484375,86173700,8274,False,0.02646704609814754,0.0,4.0,2025-12-17,False,False,,,-1,False,TN
2025-12-12,682.5154459360199,683.2196338188487,673.5893968987631,676.1581420898438,113160300,8275,False,0.01543048650341139,0.0,3.0,2025-12-17,False,False,,,-1,False,TN
2025-12-15,680.1054404790556,680.1252955149479,673.6687768311533,675.1365966796875,90811000,8276,False,0.013896365580731818,0.0,2.0,2025-12-17,False,False,,,-1,False,TN
2025-12-16,673.6488975485244,675.4837328267965,669.4338188610296,673.2918701171875,122030600,8277,False,0.011126020192246733,0.0,1.0,2025-12-17,False,False,,,-1,False,TN
2025-12-17,674.3034691132465,674.8489377460819,665.6848710067972,665.8832397460938,110625200,8278,True,0.0,1.0,0.0,2025-12-17,True,True,0.7810842394828796,0.9594039054470709,3,True,TP
2025-12-18,672.0322799303326,675.1464937426624,669.3545136860721,670.9115600585938,108650100,8279,True,0.0075513543702006025,0.056080703724924685,1.0,2025-12-17,False,True,0.5847146511077881,0.7929085303186023,3,True,TP
2025-12-19,673.0134542661981,677.4896664833268,672.8940327515619,676.9923095703125,103599500,8280,False,0.016683209849905012,0.0,2.0,2025-12-17,False,False,,,-1,False,TN
2025-12-22,680.3245290528953,681.7370055876305,676.9922622536055,681.2098388671875,69556700,8281,False,0.0230169468252992,0.0,3.0,2025-12-17,False,False,,,-1,False,TN
2025-12-23,680.3046207584179,684.562024812114,680.2548972126992,684.3233032226562,64840000,8282,False,0.027692637951953536,0.0,4.0,2025-12-17,False,False,,,-1,False,TN
2025-12-24,684.313382495532,687.1781631452748,684.164151137988,686.7305297851562,39445600,8283,False,0.03130772603168652,0.0,5.0,2025-12-17,False,False,,,-1,False,TN
2025-12-26,686.989161229118,688.0037280321676,685.6264081645946,686.660888671875,41613300,8284,False,0.031203141460211414,0.0,6.0,2025-12-17,False,False,,,-1,False,TN
2025-12-29,683.9055083361335,685.5567672531378,682.4433081832867,684.2138671875,62559500,8285,False,0.027528290768207064,0.0,7.0,2025-12-17,False,False,,,-1,False,TN
2025-12-30,683.8159723723246,684.9200900521846,682.9505762759469,683.3782958984375,47160700,8286,False,,0.0,,,False,False,,,-1,False,TN
2025-12-31,683.5076844111845,683.726492314561,678.1063955310838,678.3152465820312,74144800,8287,False,,0.0,,,False,False,,,-1,False,TN
2026-01-02,682.0852055985325,683.2390468658663,676.2263268834449,679.55859375,89377200,8288,False,,0.0,,,False,False,,,-1,False,TN
2026-01-05,682.910839643419,685.7855773037328,682.7517121374489,684.0845947265625,71927200,8289,False,,0.0,,,False,False,,,-1,False,TN
2026-01-06,684.2934596862484,688.6602678554459,684.1442890432024,688.1529541015625,69273800,8290,False,,0.0,,,False,False,,,-1,False,TN
2026-01-07,688.5309418430683,690.2916046822218,685.6761181181482,685.9347534179688,75588300,8291,False,,0.0,,,False,False,,,-1,False,TN
2026-01-08,685.1787573638412,686.9692300361542,683.8557710289468,685.8651123046875,64019200,8292,False,0.017606788721614253,0.0,7.0,2026-01-20,False,False,,,-1,False,TN
2026-01-09,686.9791831428475,691.6344363504869,685.5368360184962,690.4010009765625,80125500,8293,False,0.024336612155664294,0.0,6.0,2026-01-20,False,False,,,-1,False,TN
2026-01-12,687.0289310253164,692.410366767912,686.979207477028,691.4852294921875,63976000,8294,False,0.025945264175181837,0.0,5.0,2026-01-20,False,False,,,-1,False,TN
2026-01-13,691.813478661017,692.4103433578374,687.6953490317495,690.1026000976562,78309700,8295,False,0.023893879678552166,0.0,4.0,2026-01-20,False,False,,,-1,False,TN
2026-01-14,687.347202661372,688.0633674208381,682.4134005947378,686.7105712890625,94676700,8296,False,0.01886118231395595,0.0,3.0,2026-01-20,False,False,,,-1,False,TN
2026-01-15,690.8983886882239,691.7737417111902,687.5959315038539,688.5806884765625,77862000,8297,False,0.021635844432736473,0.0,2.0,2026-01-20,False,False,,,-1,False,TN
2026-01-16,689.9931507530615,690.5800586110835,686.4519720383781,688.0037231445312,79289200,8298,False,0.0207798104572523,0.0,1.0,2026-01-20,False,False,,,-1,False,TN
2026-01-20,677.8874730475171,681.1501633341576,672.9934983300664,673.9981689453125,111623300,8299,True,0.0,1.0,0.0,2026-01-20,True,False,,,-1,False,FN
2026-01-21,676.0572511802958,685.0991655259935,674.5452667925615,681.77685546875,127844500,8300,False,0.0115411092816613,0.0,1.0,2026-01-20,False,True,0.6216299533843994,0.829393627954779,3,True,FP
2026-01-22,686.2033478813381,687.476610793547,683.2888434897402,685.3379516601562,77112200,8301,False,0.016824649141982784,0.0,2.0,2026-01-20,False,False,,,-1,False,TN
2026-01-23,684.5123006998919,687.3074439470811,683.5274830754288,685.5865478515625,63059600,8302,False,0.017193487223242432,0.0,3.0,2026-01-20,False,False,,,-1,False,TN
2026-01-26,686.8399658941375,690.4607389282814,686.2729717064406,689.068115234375,60473800,8303,False,0.022359031498029536,0.0,4.0,2026-01-20,False,False,,,-1,False,TN
2026-01-27,690.5104039402848,692.8480177488461,689.9036431059924,691.8134765625,55506100,8304,False,0.02637167881958491,0.0,7.0,2026-02-05,False,False,,,-1,False,TN
2026-01-28,693.3652237572153,694.1510864943795,690.271678492269,691.7438354492188,61172200,8305,False,0.026268359545279285,0.0,6.0,2026-02-05,False,False,,,-1,False,TN
2026-01-29,692.7087686795362,693.375209936545,681.2098793986574,690.3711547851562,97486200,8306,False,0.024231856057868928,0.0,5.0,2026-02-05,False,False,,,-1,False,TN
2026-01-30,688.1330925763239,690.540343876794,683.4877957603626,688.3121337890625,101835100,8307,False,0.021177100826753392,0.0,4.0,2026-02-05,False,False,,,-1,False,TN
2026-02-02,685.9347490634862,693.2458711004026,685.7755608588325,691.73388671875,79286500,8308,False,0.02625359964894991,0.0,3.0,2026-02-05,False,False,,,-1,False,TN
2026-02-03,692.529690413304,693.2757257351432,680.4140840721383,685.885009765625,107904600,8309,False,0.01757622943145054,0.0,2.0,2026-02-05,False,False,,,-1,False,TN
2026-02-04,686.7006659106327,687.7948875474046,678.1561081391175,682.5626831054688,105204600,8310,False,0.012647239021036816,0.0,1.0,2026-02-05,False,True,0.8633114099502563,0.9850976361767728,3,True,FP
2026-02-05,677.3404209861714,680.0758839506523,672.2176206040476,674.0379638671875,113610800,8311,True,0.0,1.0,0.0,2026-02-05,True,True,0.7222285866737366,0.9301130524152107,3,True,TP
2026-02-06,677.8576866055596,688.6503070282812,677.2508650473027,686.96923828125,89127600,8312,False,0.01918478647681998,0.0,1.0,2026-02-05,False,False,,,-1,False,TN
2026-02-09,685.7755337993461,692.1914496038428,684.7012866666231,690.2816162109375,73885200,8313,False,0.024099016990904554,0.0,2.0,2026-02-05,False,False,,,-1,False,TN
2026-02-10,691.276360737094,692.8579216647231,688.0037135108784,688.4613037109375,65185700,8314,False,0.02139840872018306,0.0,3.0,2026-02-05,False,False,,,-1,False,TN
2026-02-11,692.7087599208829,693.4547952732178,685.5368515439336,688.3021850585938,76353900,8315,False,0.021162340930424017,0.0,4.0,2026-02-05,False,False,,,-1,False,TN
2026-02-12,690.5701102294341,691.6742279947084,676.7734344520502,677.668701171875,118829000,8316,True,0.005386547196624791,0.3266816004219011,5.0,2026-02-05,False,False,,,-1,False,FN
2026-02-13,678.0864377658819,682.6522007204912,673.9384983110481,678.1461181640625,96267500,8317,True,0.006094841117412875,0.23814486032339066,6.0,2026-02-05,False,True,0.7252107858657837,0.9326824254881809,3,True,TP
2026-02-17,676.5446598627462,681.31927396984,672.2077222570326,679.2402954101562,81354700,8318,True,0.0077181580591116905,0.03523024261103869,7.0,2026-02-05,False,True,0.7848451137542725,0.9609455292908531,3,True,TP
2026-02-18,680.4041503420104,685.507036973797,679.2204384959671,682.662109375,73570300,8319,False,,0.0,,,False,True,0.23833027482032776,0.40441932168550876,3,False,TN
2026-02-19,680.2251236342836,682.5527199680946,677.9471901363287,680.8616943359375,58649400,8320,False,,0.0,,,False,True,0.7171832323074341,0.9254881808838643,3,True,FP
2026-02-20,678.7131823752115,686.4122580979458,678.126274472082,685.7855834960938,100034000,8321,False,,0.0,,,False,False,,,-1,False,TN
2026-02-23,684.1940214696967,686.3525334522094,676.7734345413753,678.7827758789062,90558100,8322,False,,0.0,,,False,False,,,-1,False,TN
2026-02-24,678.295350173768,684.7112054782021,676.4053697086953,683.7164916992188,73798700,8323,False,,0.0,,,False,False,,,-1,False,TN
2026-02-25,686.53156929616,690.0130676270821,686.4519751919497,689.4859008789062,56369500,8324,False,,0.0,,,False,False,,,-1,False,TN
2026-02-26,689.615191050754,689.6350440416309,680.7323436648176,685.6561889648438,71671000,8325,False,,0.0,,,False,False,,,-1,False,TN
2026-02-27,679.4790749097389,683.2291046432514,678.0367277603054,682.3637084960938,83308900,8326,False,,0.0,,,False,False,,,-1,False,TN
2026-03-02,675.1122534180175,684.9797970984218,674.4358553343317,682.7516479492188,87477200,8327,False,,0.0,,,False,True,0.7107783555984497,0.9198355601233299,3,True,FP
2026-03-03,671.4915420947397,679.0016196644848,666.1200629162043,676.7337036132812,105003100,8328,False,,0.0,,,False,True,0.43884292244911194,0.6223021582733813,3,True,FP
2026-03-04,678.026802327329,683.4579617719511,676.027417786932,681.50830078125,79182200,8329,False,,0.0,,,False,True,0.4378807544708252,0.6223021582733813,3,True,FP
2026-03-05,678.4743840881955,681.9061587313661,672.0385544367263,677.7084350585938,106606500,8330,False,,0.0,,,False,True,0.3085293471813202,0.4681397738951696,3,False,TN
2026-03-06,669.8501461298736,672.5358853430707,666.2194774432897,668.8256225585938,100687000,8331,False,,0.0,,,False,True,0.5405237078666687,0.7415210688591983,3,True,FP
2026-03-09,662.8673051642795,676.3257505242918,658.888450195908,674.6845092773438,102667700,8332,False,,0.0,,,False,True,0.1787400096654892,0.3484069886947585,3,False,TN
2026-03-10,674.1374043547928,679.7476047325034,671.1930903760745,673.6002807617188,81505300,8333,False,,0.0,,,False,True,0.22629950940608978,0.3972250770811922,3,False,TN
2026-03-11,673.9982140650914,676.4849986405864,669.7806371390539,672.7548217773438,68441700,8334,False,,0.0,,,False,True,0.16754142940044403,0.33761562178828364,3,False,TN
2026-03-12,667.6120785283837,668.0995392824933,662.3500644519811,662.5390625,108882200,8335,False,,0.0,,,False,True,0.4467634856700897,0.6330935251798561,3,True,FP
2026-03-13,665.7321452917186,668.7859240392634,657.863924887251,658.7890014648438,97200200,8336,False,,0.0,,,False,True,0.428293377161026,0.6084275436793423,3,True,FP
2026-03-16,664.8468199428278,668.5173163233716,663.5934708305671,665.493408203125,82023100,8337,False,,0.0,,,False,True,0.04650247469544411,0.1695786228160329,3,False,TN
2026-03-17,668.8355969918504,670.8747480492216,666.1598145596139,667.2440185546875,87128000,8338,False,,0.0,,,False,True,0.028951900079846382,0.09558067831449127,3,False,TN
2026-03-18,664.8268919718373,666.1796881508768,657.6948111200146,657.9335327148438,82062600,8339,False,,0.0,,,False,True,0.5688157677650452,0.7713257965056526,3,True,FP
2026-03-19,653.497076818377,659.4753162945015,651.7066041735543,656.3121337890625,111272500,8340,False,0.04119334714100775,0.0,7.0,2026-03-30,False,True,0.559201180934906,0.762589928057554,3,True,FP
2026-03-20,654.8230422006715,655.0025723674255,643.063298812559,646.9034423828125,163617500,8341,False,0.02626711556132655,0.0,6.0,2026-03-30,False,True,0.6128504872322083,0.8227132579650566,3,True,FP
2026-03-23,656.3790129905765,660.9173090129275,652.2596206790361,653.6959228515625,134802700,8342,False,0.037042911269715484,0.0,5.0,2026-03-30,False,True,0.09987612813711166,0.27029804727646456,3,False,TN
2026-03-24,649.6463809650626,655.3417305137531,648.2100787416998,651.5015869140625,96457500,8343,False,0.03356175061171096,0.0,4.0,2026-03-30,False,True,0.25686362385749817,0.4193216855087359,3,False,TN
2026-03-25,656.9774239230809,659.1917509309695,652.5588148295345,655.1322021484375,90653800,8344,False,0.039321468028843176,0.0,3.0,2026-03-30,False,True,0.02864186093211174,0.09506680369989723,3,False,TN
2026-03-26,650.3844333840033,653.1672421520028,643.1630473705688,643.432373046875,96494400,8345,False,0.020760506565423276,0.0,2.0,2026-03-30,False,True,0.4600884020328522,0.645426515930113,3,True,FP
2026-03-27,640.8489947137006,641.0085567819559,631.4831091918358,632.4606323242188,103649400,8346,True,0.0033546064473899406,0.5806741940762574,1.0,2026-03-30,False,True,0.44597211480140686,0.630524152106886,3,True,TP
2026-03-30,638.4651675144013,638.7245091624994,627.6630399662237,630.3460693359375,99275900,8347,True,0.0,1.0,0.0,2026-03-30,True,True,0.4372180998325348,0.6223021582733813,3,True,TP
2026-03-31,637.2981538716512,649.865752001465,636.3405988140365,648.6688842773438,152534100,8348,False,0.029067865784757174,0.0,1.0,2026-03-30,False,True,0.03612597659230232,0.13257965056526208,3,False,TN
2026-04-01,652.219751792706,656.8278752918841,651.3220400966815,653.5562744140625,97841500,8349,False,0.03682136878013176,0.0,2.0,2026-03-30,False,True,0.017192332074046135,0.012846865364850977,3,False,TN
2026-04-02,644.7589215344626,656.5086804928782,643.4522901873171,654.144775390625,68358700,8350,False,0.03775498446394554,0.0,3.0,2026-03-30,False,True,0.0290500707924366,0.09558067831449127,3,False,TN
2026-04-06,654.1746977251443,658.0247645183308,653.8356054757206,657.23681640625,39105800,8351,False,0.0426602915104104,0.0,4.0,2026-03-30,False,False,,,-1,False,TN
2026-04-07,654.9626585699763,657.9150134208243,649.386996170508,657.5260009765625,69980400,8352,False,0.043119062627389404,0.0,5.0,2026-03-30,False,False,,,-1,False,TN
2026-04-08,674.6519776493207,675.3402070755335,669.734652974974,674.27294921875,93606100,8353,False,0.0696869259914461,0.0,6.0,2026-03-30,False,False,,,-1,False,TN
2026-04-09,673.1059235004034,679.4096297331154,672.0386657215836,678.162841796875,57134400,8354,False,0.07585796880007822,0.0,7.0,2026-03-30,False,False,,,-1,False,TN
2026-04-10,679.5692561407437,680.2774536083281,676.7066358948267,677.7140502929688,42253500,8355,False,,0.0,,,False,False,,,-1,False,TN
2026-04-13,675.669302461078,684.536473353906,674.8414790590384,684.3369750976562,54185800,8356,False,,0.0,,,False,False,,,-1,False,TN
2026-04-14,685.9229138241225,692.7952238870419,685.8929616905456,692.675537109375,63480500,8357,False,,0.0,,,False,False,,,-1,False,TN
2026-04-15,693.4734516118131,698.480571570673,692.4161778504387,698.1414184570312,58240400,8358,False,,0.0,,,False,False,,,-1,False,TN
2026-04-16,699.2585607342904,700.9741726960574,696.7350934539525,699.8569946289062,49972400,8359,False,,0.0,,,False,False,,,-1,False,TN
2026-04-17,704.3255249385737,710.5594650064761,703.9464965121796,708.3152465820312,70661900,8360,False,,0.0,,,False,False,,,-1,False,TN
2026-04-20,706.9587079747221,708.0857482546458,704.3254772575062,706.8988037109375,43546800,8361,False,,0.0,,,False,False,,,-1,False,TN
2026-04-21,708.4548936431559,709.4523240430285,700.8345107773317,702.2708129882812,58941400,8362,False,,0.0,,,False,False,,,-1,False,TN
2026-04-22,707.3278031045794,709.6218808832724,706.4001392457644,709.3825073242188,42518500,8363,False,,0.0,,,False,False,,,-1,False,TN
2026-04-23,707.6768673789517,710.5295037064266,700.4754491270062,706.6295776367188,56174000,8364,False,,0.0,,,False,False,,,-1,False,TN
2026-04-24,708.9236633096505,712.6340752101273,707.1881441382454,712.10546875,45182000,8365,False,,0.0,,,False,False,,,-1,False,TN
2026-04-27,711.3374146094498,713.7911152864904,710.4696550399041,713.332275390625,33135900,8366,False,,0.0,,,False,False,,,-1,False,TN
2026-04-28,709.9908768700561,711.0481506026886,707.4274735730012,709.8612060546875,43117400,8367,False,,0.0,,,False,False,,,-1,False,TN
2026-04-29,709.1729992133655,710.3699278433978,706.5497524472755,709.7515258789062,41859200,8368,False,,0.0,,,False,False,,,-1,False,TN
2026-04-30,712.7936806635566,717.9403946619685,708.6244289610544,716.8132934570312,67240900,8369,False,,0.0,,,False,False,,,-1,False,TN
2026-05-01,719.3966516418469,723.0073446973263,718.6186267345964,718.7982177734375,43049800,8370,False,,0.0,,,False,False,,,-1,False,TN
2026-05-04,718.2196821209096,720.2644021704073,713.152718877996,716.1649780273438,51950600,8371,False,,0.0,,,False,False,,,-1,False,TN
2026-05-05,719.9153564929043,723.1769124909786,719.6360467603954,721.9102172851562,36933200,8372,False,,0.0,,,False,False,,,-1,False,TN
2026-05-06,726.288861980811,732.7023927493656,725.9497697512824,731.9443359375,53288900,8373,False,,0.0,,,False,False,,,-1,False,TN
2026-05-07,733.161188473549,734.238430329629,727.8748196364371,729.7001342773438,51724600,8374,False,,0.0,,,False,False,,,-1,False,TN
2026-05-08,733.0415191543954,736.1834492768152,732.6824588199246,735.724609375,47227100,8375,True,0.005301678606354887,0.3372901742056391,7.0,2026-05-19,False,False,,,-1,False,FN
2026-05-11,734.5576163199453,738.8864300819614,734.5576163199453,737.4002685546875,44024000,8376,True,0.007591316555998873,0.051085430500140916,6.0,2026-05-19,False,False,,,-1,False,FN
2026-05-12,734.9964788307154,736.9414802248905,729.9494836014034,736.2831420898438,54185300,8377,True,0.0060648634565476645,0.24189206793154194,5.0,2026-05-19,False,False,,,-1,False,FN
2026-05-13,736.5723674930287,741.9983910774667,733.5800764180441,740.4025268554688,44200200,8378,False,0.011693633198565978,0.0,4.0,2026-05-19,False,False,,,-1,False,TN
2026-05-14,741.7391534739264,747.6040491923611,741.649357949993,746.2474975585938,45307600,8379,False,0.01968026132596834,0.0,3.0,2026-05-19,False,False,,,-1,False,TN
2026-05-15,739.8838927249178,741.5496453663399,736.0637780312098,737.2706298828125,60410800,8380,True,0.007414176940458539,0.07322788244268263,2.0,2026-05-19,False,False,,,-1,False,FN
2026-05-18,737.9289136337939,739.5147938000424,731.5054597381557,736.751953125,47843900,8381,True,0.006705451680165897,0.16181853997926288,1.0,2026-05-19,False,False,,,-1,False,FN
2026-05-19,732.8919551385734,735.7545755811656,729.650306265128,731.8446044921875,54255900,8382,True,0.0,1.0,0.0,2026-05-19,True,False,,,-1,False,FN
2026-05-20,733.8195334397973,739.9636778498481,732.0042028263388,739.3452758789062,45768000,8383,False,0.010248994582563453,0.0,1.0,2026-05-19,False,False,,,-1,False,TN
2026-05-21,736.7419902854853,742.9559620700644,735.1361419849363,740.8114624023438,43332200,8384,False,0.012252406938735527,0.0,2.0,2026-05-19,False,False,,,-1,False,TN
2026-05-22,744.3224328967863,747.015507083493,742.566945697205,743.7239990234375,41762000,8385,False,0.016232126954728088,0.0,3.0,2026-05-19,False,False,,,-1,False,TN
2026-05-26,748.0827892360243,750.1973368284331,746.4469887578754,748.6613159179688,41123600,8386,False,0.022978527576151375,0.0,4.0,2026-05-19,False,False,,,-1,False,TN
2026-05-27,748.9505199197505,749.4492351039673,746.2973210478585,748.5316162109375,42106300,8387,False,0.022801304561545166,0.0,5.0,2026-05-19,False,False,,,-1,False,TN
2026-05-28,748.3221518516883,753.2095851254732,747.3047533704411,752.6609497070312,41562600,8388,False,0.0284436683512721,0.0,6.0,2026-05-19,False,False,,,-1,False,TN
2026-05-29,753.9576670103595,756.1320579864754,752.7507543048832,754.5361328125,55075700,8389,False,0.0310059378466796,0.0,7.0,2026-05-19,False,False,,,-1,False,TN
2026-06-01,753.4189990020213,758.3264003155792,752.7507376917755,756.5908203125,43634900,8390,False,0.0456418710771509,0.0,7.0,2026-06-10,False,False,,,-1,False,TN
2026-06-02,755.0847737682097,758.4461093852723,754.805464031348,757.6182250976562,31581900,8391,False,0.04706178978758491,0.0,6.0,2026-06-10,False,False,,,-1,False,TN
2026-06-03,756.2018667594974,756.8501599793441,751.6336185743088,752.3018798828125,51402500,8392,False,0.03971436630781655,0.0,5.0,2026-06-10,False,False,,,-1,False,TN
2026-06-04,750.1673635570705,756.3614281257201,749.5389775481502,755.1445922851562,49923000,8393,False,0.04364312018047545,0.0,4.0,2026-06-10,False,False,,,-1,False,TN
2026-06-05,750.3768677170906,750.8855669656407,733.6400171295905,735.65478515625,93989400,8394,False,0.016707347440350517,0.0,3.0,2026-06-10,False,False,,,-1,False,TN
2026-06-08,741.4498108327123,743.4247643242134,736.2931129658897,737.3204345703125,49319100,8395,False,0.01900934836756174,0.0,2.0,2026-06-10,False,True,0.6133443713188171,0.8227132579650566,3,True,FP
2026-06-09,741.7191759970133,744.9807928982774,720.7332622187009,735.1560668945312,87683500,8396,False,0.016018096814617744,0.0,1.0,2026-06-10,False,True,0.7041766047477722,0.9167523124357657,3,True,FP
2026-06-10,731.5054857614351,736.4826536495077,723.4661992814284,723.56591796875,60341300,8397,True,0.0,1.0,0.0,2026-06-10,True,True,0.575269877910614,0.7805755395683454,3,True,TP
2026-06-11,726.8873842592473,738.0984921563339,722.5485255148498,735.8642578125,86330500,8398,False,0.016996847886747934,0.0,1.0,2026-06-10,False,True,0.09854009747505188,0.2697841726618705,3,False,TN
2026-06-12,738.8066884479139,742.5270843334097,733.1412911200548,739.843994140625,57079500,8399,False,0.022497018955193626,0.0,2.0,2026-06-10,False,False,,,-1,False,TN
2026-06-15,749.9179969688896,754.7356026867302,749.8282623277308,752.890380859375,60176400,8400,False,0.040527700603901984,0.0,3.0,2026-06-10,False,False,,,-1,False,TN
2026-06-16,752.6111046530555,753.4988323298886,747.9531216783239,748.4019775390625,67093100,8401,False,0.026628606105340902,0.0,7.0,2026-06-26,False,False,,,-1,False,TN
2026-06-17,749.3594421826946,750.217278570044,737.3204502885575,739.0560302734375,85945200,8402,False,0.013808200625397005,0.0,6.0,2026-06-26,False,False,,,-1,False,TN
2026-06-18,747.760009765625,748.22998046875,743.8599853515625,746.739990234375,80875700,8403,False,0.0243487568248959,0.0,5.0,2026-06-26,False,False,,,-1,False,TN
2026-06-22,747.7000122070312,750.1799926757812,743.1300048828125,744.3900146484375,46628100,8404,False,0.021125152087631882,0.0,4.0,2026-06-26,False,False,,,-1,False,TN
2026-06-23,733.8099975585938,739.6300048828125,732.2999877929688,733.5800170898438,66846800,8405,True,0.006296419590059221,0.21294755124259734,3.0,2026-06-26,False,False,,,-1,False,FN
2026-06-24,735.1699829101562,739.9500122070312,730.8400268554688,733.239990234375,57439500,8406,True,0.005829984028496105,0.2712519964379869,2.0,2026-06-26,False,True,0.5238027572631836,0.7163412127440905,3,True,TP
2026-06-25,738.9099731445312,739.3699951171875,729.5999755859375,734.2999877929688,53934400,8407,True,0.007284047284224826,0.08949408947189674,1.0,2026-06-26,False,True,0.3719606399536133,0.5303186022610483,3,True,TP
2026-06-26,728.9500122070312,736.530029296875,716.5800170898438,728.989990234375,71034000,8408,True,0.0,1.0,0.0,2026-06-26,True,True,0.40425124764442444,0.5765673175745119,3,True,TP
