comparison,period,variant,pct,price_lambda,candidate_count,selected_count,event_count,covered_event_count,stage1_event_coverage,post_bottom_rate,center_day_rate,overpay_mean,overpay_median,overpay_p75,overpay_p90,within_0_8pct_rate,exact_bottom_rate
matched_budget,development,v3_n2_temporal,,0.0,978,460,,,,,,0.02101586327279367,0.01219788031975333,0.027032183652800856,0.050025033254198124,0.3934782608695652,0.1608695652173913
matched_budget,development,v3_n2_stored_oos,,0.0,978,460,,,,,,0.020642112740033747,0.012040591019848779,0.02590313672836403,0.04997516966867319,0.39565217391304347,0.1608695652173913
matched_budget,development,spatial_p0005_l000,0.0005,0.0,978,460,,,,,,0.020775609539612563,0.009583358002920539,0.027910479387706355,0.052157001615930114,0.45652173913043476,0.23043478260869565
matched_budget,development,spatial_p0005_l025,0.0005,0.25,978,460,,,,,,0.021133012995113717,0.009971585044745046,0.027769919563993772,0.05222792624696767,0.45217391304347826,0.22826086956521738
matched_budget,development,spatial_p0005_l050,0.0005,0.5,978,460,,,,,,0.021066368595758486,0.009691821557851643,0.027769919563993772,0.05222792624696767,0.45652173913043476,0.23043478260869565
matched_budget,development,spatial_p0005_l100,0.0005,1.0,978,460,,,,,,0.021117807466085464,0.009786576947382386,0.027910479387706355,0.05222792624696767,0.45652173913043476,0.23043478260869565
matched_budget,development,spatial_p0005_l200,0.0005,2.0,978,460,,,,,,0.021145551365617493,0.009971585044745046,0.027910479387706355,0.05222792624696767,0.4543478260869565,0.23043478260869565
matched_budget,development,spatial_p0005_l400,0.0005,4.0,978,460,,,,,,0.02119524043925001,0.009691821557851643,0.028148671502553513,0.05222792624696767,0.45217391304347826,0.22826086956521738
matched_budget,development,spatial_p0010_l000,0.001,0.0,978,460,,,,,,0.021338433343016116,0.010389646328083812,0.028905425111769356,0.05272799400677477,0.45,0.23043478260869565
matched_budget,development,spatial_p0010_l025,0.001,0.25,978,460,,,,,,0.021149921720305564,0.010075406996784775,0.028279711482323555,0.05272799400677477,0.4543478260869565,0.2326086956521739
matched_budget,development,spatial_p0010_l050,0.001,0.5,978,460,,,,,,0.02087542937410349,0.010000255053054241,0.027910479387706355,0.05222792624696767,0.4543478260869565,0.2326086956521739
matched_budget,development,spatial_p0010_l100,0.001,1.0,978,460,,,,,,0.021221330476432963,0.010190742173448952,0.028596836633615508,0.05272799400677477,0.45217391304347826,0.23043478260869565
matched_budget,development,spatial_p0010_l200,0.001,2.0,978,460,,,,,,0.021261098879617604,0.010317936323709365,0.028279711482323555,0.05272799400677477,0.44782608695652176,0.22826086956521738
matched_budget,development,spatial_p0010_l400,0.001,4.0,978,460,,,,,,0.020990904431365025,0.010317936323709365,0.028148671502553513,0.05222792624696767,0.45217391304347826,0.23043478260869565
matched_budget,development,spatial_p0015_l000,0.0015,0.0,978,460,,,,,,0.021127266494462442,0.009971585044745046,0.027769919563993772,0.05222792624696767,0.45652173913043476,0.22826086956521738
matched_budget,development,spatial_p0015_l025,0.0015,0.25,978,460,,,,,,0.021088598423962948,0.009868312442082638,0.027925586639346356,0.05222792624696767,0.45869565217391306,0.23043478260869565
matched_budget,development,spatial_p0015_l050,0.0015,0.5,978,460,,,,,,0.021076259302812518,0.009868312442082638,0.027925586639346356,0.05222792624696767,0.45869565217391306,0.2326086956521739
matched_budget,development,spatial_p0015_l100,0.0015,1.0,978,460,,,,,,0.02111465641712308,0.009971585044745046,0.027925586639346356,0.05272799400677477,0.45652173913043476,0.23043478260869565
matched_budget,development,spatial_p0015_l200,0.0015,2.0,978,460,,,,,,0.021108937126912645,0.009868312442082638,0.028596836633615508,0.05272799400677477,0.45869565217391306,0.23043478260869565
matched_budget,development,spatial_p0015_l400,0.0015,4.0,978,460,,,,,,0.020781470107260207,0.009971585044745046,0.027910479387706355,0.05222792624696767,0.45652173913043476,0.23043478260869565
matched_budget,development,spatial_p0020_l000,0.002,0.0,978,460,,,,,,0.021010835919784553,0.00947685794601516,0.027925586639346356,0.05222792624696767,0.4652173913043478,0.23043478260869565
matched_budget,development,spatial_p0020_l025,0.002,0.25,978,460,,,,,,0.020866220533386697,0.00947685794601516,0.02758205236145106,0.05222792624696767,0.4652173913043478,0.23043478260869565
matched_budget,development,spatial_p0020_l050,0.002,0.5,978,460,,,,,,0.020829049917766445,0.00947685794601516,0.02758205236145106,0.05222792624696767,0.4652173913043478,0.23043478260869565
matched_budget,development,spatial_p0020_l100,0.002,1.0,978,460,,,,,,0.02112005332582557,0.009691821557851643,0.028279711482323555,0.05222792624696767,0.45869565217391306,0.23043478260869565
matched_budget,development,spatial_p0020_l200,0.002,2.0,978,460,,,,,,0.02106218859986765,0.009868312442082638,0.027925586639346356,0.05222792624696767,0.45869565217391306,0.23043478260869565
matched_budget,development,spatial_p0020_l400,0.002,4.0,978,460,,,,,,0.020935562345444983,0.00947685794601516,0.027649565514797025,0.05222792624696767,0.4652173913043478,0.2326086956521739
matched_budget,development,spatial_p0025_l000,0.0025,0.0,978,460,,,,,,0.021017249776553535,0.009691821557851643,0.027769919563993772,0.05219302125252046,0.4608695652173913,0.22826086956521738
matched_budget,development,spatial_p0025_l025,0.0025,0.25,978,460,,,,,,0.021013622279387884,0.009583358002920539,0.027769919563993772,0.05219302125252046,0.4608695652173913,0.22826086956521738
matched_budget,development,spatial_p0025_l050,0.0025,0.5,978,460,,,,,,0.02098884365438445,0.009691821557851643,0.027910479387706355,0.05219302125252046,0.4608695652173913,0.22826086956521738
matched_budget,development,spatial_p0025_l100,0.0025,1.0,978,460,,,,,,0.02082693566353358,0.009353958468829582,0.027649565514797025,0.05222792624696767,0.4652173913043478,0.23043478260869565
matched_budget,development,spatial_p0025_l200,0.0025,2.0,978,460,,,,,,0.02089590105234415,0.009583358002920539,0.027769919563993772,0.05222792624696767,0.46304347826086956,0.22826086956521738
matched_budget,development,spatial_p0025_l400,0.0025,4.0,978,460,,,,,,0.020950273719305933,0.009691821557851643,0.027769919563993772,0.05222792624696767,0.4608695652173913,0.22826086956521738
matched_budget,development,spatial_p0030_l000,0.003,0.0,978,460,,,,,,0.02067705924747379,0.00947685794601516,0.027247664817652784,0.05099221794142057,0.46304347826086956,0.2326086956521739
matched_budget,development,spatial_p0030_l025,0.003,0.25,978,460,,,,,,0.02053389228492891,0.009237991478616592,0.027247664817652784,0.05040064410057385,0.4717391304347826,0.23043478260869565
matched_budget,development,spatial_p0030_l050,0.003,0.5,978,460,,,,,,0.02043222977397547,0.009198302769797051,0.02710978372412559,0.05040064410057385,0.47391304347826085,0.2326086956521739
matched_budget,development,spatial_p0030_l100,0.003,1.0,978,460,,,,,,0.02018090882650005,0.009237991478616592,0.02710978372412559,0.050025033254198124,0.4717391304347826,0.22826086956521738
matched_budget,development,spatial_p0030_l200,0.003,2.0,978,460,,,,,,0.020715471087151043,0.00947685794601516,0.02758205236145106,0.051187585285345776,0.4652173913043478,0.23043478260869565
matched_budget,development,spatial_p0030_l400,0.003,4.0,978,460,,,,,,0.020815244530504637,0.00947685794601516,0.027910479387706355,0.051183706952629415,0.4652173913043478,0.23043478260869565
matched_budget,development,spatial_p0035_l000,0.0035,0.0,978,460,,,,,,0.02043544580356659,0.00947685794601516,0.026464109549774573,0.05040064410057385,0.4652173913043478,0.23043478260869565
matched_budget,development,spatial_p0035_l025,0.0035,0.25,978,460,,,,,,0.020362660793869815,0.009198302769797051,0.027032183652800856,0.050025033254198124,0.4717391304347826,0.23043478260869565
matched_budget,development,spatial_p0035_l050,0.0035,0.5,978,460,,,,,,0.020546945350337336,0.00947685794601516,0.02710978372412559,0.050025033254198124,0.4652173913043478,0.2326086956521739
matched_budget,development,spatial_p0035_l100,0.0035,1.0,978,460,,,,,,0.020382838639691293,0.009278303033640967,0.02710978372412559,0.04997516966867319,0.46956521739130436,0.2326086956521739
matched_budget,development,spatial_p0035_l200,0.0035,2.0,978,460,,,,,,0.020693900282682316,0.009321430514152018,0.027769919563993772,0.05099221794142057,0.46956521739130436,0.23478260869565218
matched_budget,development,spatial_p0035_l400,0.0035,4.0,978,460,,,,,,0.02077402447284952,0.00947685794601516,0.027769919563993772,0.051183706952629415,0.4652173913043478,0.23478260869565218
matched_budget,development,spatial_p0040_l000,0.004,0.0,978,460,,,,,,0.020008139645053737,0.00913812724966867,0.02607636550136655,0.04963371132762827,0.4673913043478261,0.23043478260869565
matched_budget,development,spatial_p0040_l025,0.004,0.25,978,460,,,,,,0.020276353270428368,0.009321430514152018,0.026464109549774573,0.04997516966867319,0.4652173913043478,0.23043478260869565
matched_budget,development,spatial_p0040_l050,0.004,0.5,978,460,,,,,,0.020349243198962835,0.009198302769797051,0.026975253961627144,0.050025033254198124,0.46956521739130436,0.22826086956521738
matched_budget,development,spatial_p0040_l100,0.004,1.0,978,460,,,,,,0.02041698148023826,0.009237991478616592,0.027032183652800856,0.050025033254198124,0.4673913043478261,0.22826086956521738
matched_budget,development,spatial_p0040_l200,0.004,2.0,978,460,,,,,,0.02041776613661388,0.009237991478616592,0.02710978372412559,0.050025033254198124,0.4717391304347826,0.2326086956521739
matched_budget,development,spatial_p0040_l400,0.004,4.0,978,460,,,,,,0.02077236496260419,0.009583358002920539,0.027649565514797025,0.05099221794142057,0.4652173913043478,0.23043478260869565
matched_budget,development,spatial_p0060_l000,0.006,0.0,978,460,,,,,,0.018556387802806926,0.009076877830179297,0.025799481332915708,0.047613470208182046,0.47391304347826085,0.20869565217391303
matched_budget,development,spatial_p0060_l025,0.006,0.25,978,460,,,,,,0.018395423182174214,0.00887103365839137,0.026031783704020317,0.047613470208182046,0.48043478260869565,0.21304347826086956
matched_budget,development,spatial_p0060_l050,0.006,0.5,978,460,,,,,,0.019338551737540618,0.0091700323581414,0.026160720630269196,0.04864159429392914,0.4782608695652174,0.21521739130434783
matched_budget,development,spatial_p0060_l100,0.006,1.0,978,460,,,,,,0.01922811985400974,0.009076877830179297,0.02607636550136655,0.048782517911404824,0.4782608695652174,0.21304347826086956
matched_budget,development,spatial_p0060_l200,0.006,2.0,978,460,,,,,,0.018888474807550997,0.008777584834237295,0.02607636550136655,0.048880798926021034,0.4826086956521739,0.21956521739130436
matched_budget,development,spatial_p0060_l400,0.006,4.0,978,460,,,,,,0.01922515547005733,0.009245453909397128,0.026031783704020317,0.04864159429392914,0.4652173913043478,0.21956521739130436
matched_budget,development,spatial_p0080_l000,0.008,0.0,978,460,,,,,,0.01826934827794562,0.008716392988893595,0.024078566763954146,0.04719321047728894,0.48043478260869565,0.18478260869565216
matched_budget,development,spatial_p0080_l025,0.008,0.25,978,460,,,,,,0.017698775884687025,0.008250488005439705,0.023986123326967757,0.0469776785497503,0.4934782608695652,0.1934782608695652
matched_budget,development,spatial_p0080_l050,0.008,0.5,978,460,,,,,,0.017889602032861714,0.00833119832882434,0.023978466753568517,0.046317430365354975,0.4934782608695652,0.20217391304347826
matched_budget,development,spatial_p0080_l100,0.008,1.0,978,460,,,,,,0.018648325206148793,0.008533004728008553,0.02509068082029703,0.048426768688145536,0.48695652173913045,0.20434782608695654
matched_budget,development,spatial_p0080_l200,0.008,2.0,978,460,,,,,,0.018460111972351572,0.008591777807685164,0.024865254097293954,0.048426768688145536,0.48478260869565215,0.20652173913043478
matched_budget,development,spatial_p0080_l400,0.008,4.0,978,460,,,,,,0.018670509431872147,0.008533004728008553,0.02570159067269734,0.04864159429392914,0.4891304347826087,0.20652173913043478
matched_budget,development,spatial_p0100_l000,0.01,0.0,978,460,,,,,,0.01719743183556729,0.008777584834237295,0.023765475471617115,0.044233936532596475,0.47391304347826085,0.17173913043478262
matched_budget,development,spatial_p0100_l025,0.01,0.25,978,460,,,,,,0.017505384618824334,0.008777584834237295,0.023986123326967757,0.04534464972313046,0.4782608695652174,0.18043478260869567
matched_budget,development,spatial_p0100_l050,0.01,0.5,978,460,,,,,,0.01854012914005932,0.009064618786162826,0.02401426986198385,0.04719321047728894,0.46956521739130436,0.17608695652173914
matched_budget,development,spatial_p0100_l100,0.01,1.0,978,460,,,,,,0.01799995875811069,0.00881652990506454,0.02401426986198385,0.04719321047728894,0.4782608695652174,0.18478260869565216
matched_budget,development,spatial_p0100_l200,0.01,2.0,978,460,,,,,,0.017390982631856584,0.008871363863496073,0.023986123326967757,0.04534464972313046,0.47391304347826085,0.18695652173913044
matched_budget,development,spatial_p0100_l400,0.01,4.0,978,460,,,,,,0.018561648966828367,0.009097597793996548,0.024865254097293954,0.04762333701158576,0.46956521739130436,0.1826086956521739
matched_budget,development,spatial_p0120_l000,0.012,0.0,978,460,,,,,,0.016064270011534126,0.008456039721256303,0.022285006208550118,0.0378901837396111,0.48695652173913045,0.17173913043478262
matched_budget,development,spatial_p0120_l025,0.012,0.25,978,460,,,,,,0.01617949990049788,0.008533004728008553,0.022166145462686526,0.03884133459202957,0.48695652173913045,0.17608695652173914
matched_budget,development,spatial_p0120_l050,0.012,0.5,978,460,,,,,,0.016499871584521222,0.008777584834237295,0.022944365199710215,0.039056528620633066,0.4782608695652174,0.17173913043478262
matched_budget,development,spatial_p0120_l100,0.012,1.0,978,460,,,,,,0.01680268902313885,0.00868700502657771,0.02305697371911314,0.04232830678402896,0.48043478260869565,0.18043478260869567
matched_budget,development,spatial_p0120_l200,0.012,2.0,978,460,,,,,,0.016908117583001474,0.00881652990506454,0.023839215651518586,0.04213222395631058,0.47608695652173916,0.17608695652173914
matched_budget,development,spatial_p0120_l400,0.012,4.0,978,460,,,,,,0.01784552862958725,0.00868700502657771,0.023978466753568517,0.046317430365354975,0.48043478260869565,0.18043478260869567
matched_budget,development,spatial_p0150_l000,0.015,0.0,978,460,,,,,,0.016341057401511642,0.008777584834237295,0.02037290448548945,0.03770953437734917,0.47608695652173916,0.15869565217391304
matched_budget,development,spatial_p0150_l025,0.015,0.25,978,460,,,,,,0.016855360256322033,0.008956189952587512,0.022060537694349125,0.03975534072125598,0.4652173913043478,0.1565217391304348
matched_budget,development,spatial_p0150_l050,0.015,0.5,978,460,,,,,,0.01630205718948205,0.008716392988893595,0.02091327524824904,0.0378901837396111,0.47608695652173916,0.1608695652173913
matched_budget,development,spatial_p0150_l100,0.015,1.0,978,460,,,,,,0.01621937345916721,0.008533004728008553,0.020555617468150267,0.03770953437734917,0.48478260869565215,0.16956521739130434
matched_budget,development,spatial_p0150_l200,0.015,2.0,978,460,,,,,,0.017006037202859103,0.008533004728008553,0.022166145462686526,0.03984863147507416,0.48478260869565215,0.17173913043478262
matched_budget,development,spatial_p0150_l400,0.015,4.0,978,460,,,,,,0.016376599862088077,0.00881652990506454,0.020555617468150267,0.03856602397416938,0.47391304347826085,0.16304347826086957
matched_budget,development,spatial_p0200_l000,0.02,0.0,978,460,,,,,,0.015843996926843802,0.009358081774834104,0.02043946245139433,0.037224293549852114,0.44130434782608696,0.1391304347826087
matched_budget,development,spatial_p0200_l025,0.02,0.25,978,460,,,,,,0.015034885279073734,0.009245453909397128,0.020344833531470485,0.03693344588820095,0.44782608695652176,0.14565217391304347
matched_budget,development,spatial_p0200_l050,0.02,0.5,978,460,,,,,,0.01617182835895705,0.009497902877601994,0.02137377443356464,0.037224293549852114,0.4369565217391304,0.1282608695652174
matched_budget,development,spatial_p0200_l100,0.02,1.0,978,460,,,,,,0.015891973031130192,0.009278303033640967,0.02137377443356464,0.0378901837396111,0.44782608695652176,0.14130434782608695
matched_budget,development,spatial_p0200_l200,0.02,2.0,978,460,,,,,,0.016349368799968705,0.009244838492661223,0.020555617468150267,0.0378901837396111,0.4543478260869565,0.14130434782608695
matched_budget,development,spatial_p0200_l400,0.02,4.0,978,460,,,,,,0.016688217136203137,0.009244838492661223,0.0220567914499471,0.03884133459202957,0.4543478260869565,0.15217391304347827
matched_budget,development,spatial_p0250_l000,0.025,0.0,978,460,,,,,,0.015223775747075608,0.010633145454102433,0.02035512057503197,0.03473703642489383,0.41304347826086957,0.1282608695652174
matched_budget,development,spatial_p0250_l025,0.025,0.25,978,460,,,,,,0.015570875703233287,0.010866550841005518,0.020857737759353512,0.037224293549852114,0.4043478260869565,0.12173913043478261
matched_budget,development,spatial_p0250_l050,0.025,0.5,978,460,,,,,,0.015104835331371776,0.010001728504787533,0.02043946245139433,0.03693344588820095,0.4260869565217391,0.13260869565217392
matched_budget,development,spatial_p0250_l100,0.025,1.0,978,460,,,,,,0.0150310302374868,0.009693837109209236,0.02066904196513658,0.0349783690077429,0.4282608695652174,0.13695652173913042
matched_budget,development,spatial_p0250_l200,0.025,2.0,978,460,,,,,,0.015267810973061605,0.009693837109209236,0.020555617468150267,0.03693344588820095,0.43043478260869567,0.13478260869565217
matched_budget,development,spatial_p0250_l400,0.025,4.0,978,460,,,,,,0.01502668223137478,0.009314954294323052,0.020344833531470485,0.03693344588820095,0.4434782608695652,0.13695652173913042
matched_budget,development,spatial_p0300_l000,0.03,0.0,978,460,,,,,,0.01631847494748658,0.01207915005112381,0.02206687583977096,0.03697521717149539,0.3934782608695652,0.11521739130434783
matched_budget,development,spatial_p0300_l025,0.03,0.25,978,460,,,,,,0.01595236648512275,0.011782194954135239,0.02206687583977096,0.03754313078984777,0.3978260869565217,0.11521739130434783
matched_budget,development,spatial_p0300_l050,0.03,0.5,978,460,,,,,,0.01561809963490323,0.011782194954135239,0.02173301614343498,0.03693344588820095,0.4,0.11956521739130435
matched_budget,development,spatial_p0300_l100,0.03,1.0,978,460,,,,,,0.0165306132549271,0.012008923600886234,0.022212355761357105,0.03856602397416938,0.39565217391304347,0.11521739130434783
matched_budget,development,spatial_p0300_l200,0.03,2.0,978,460,,,,,,0.016081463686079607,0.012008923600886234,0.022224767549998803,0.03697521717149539,0.3978260869565217,0.11956521739130435
matched_budget,development,spatial_p0300_l400,0.03,4.0,978,460,,,,,,0.01584417344033764,0.01103471145647883,0.02173301614343498,0.03754313078984777,0.4108695652173913,0.12608695652173912
matched_budget,final_test,v3_n2_temporal,,0.0,391,202,,,,,,0.030512703059713722,0.01857905378549629,0.03564609843314498,0.0682543861994198,0.24257425742574257,0.13861386138613863
matched_budget,final_test,v3_n2_stored_oos,,0.0,391,202,,,,,,0.030308411211122377,0.01881845592269793,0.03591679896535177,0.06804429742092595,0.2376237623762376,0.13861386138613863
matched_budget,final_test,spatial_p0005_l000,0.0005,0.0,391,202,,,,,,0.021490902384683756,0.015356552118549027,0.029903580886398273,0.051306829785482254,0.33663366336633666,0.1782178217821782
matched_budget,final_test,spatial_p0005_l025,0.0005,0.25,391,202,,,,,,0.021490902384683756,0.015356552118549027,0.029903580886398273,0.051306829785482254,0.33663366336633666,0.1782178217821782
matched_budget,final_test,spatial_p0005_l050,0.0005,0.5,391,202,,,,,,0.021490902384683753,0.015356552118549027,0.029903580886398273,0.051306829785482254,0.33663366336633666,0.1782178217821782
matched_budget,final_test,spatial_p0005_l100,0.0005,1.0,391,202,,,,,,0.021487129383724875,0.015356552118549027,0.029903580886398273,0.051306829785482254,0.33663366336633666,0.1782178217821782
matched_budget,final_test,spatial_p0005_l200,0.0005,2.0,391,202,,,,,,0.021603219092882462,0.015553826592812126,0.029988333475577278,0.051306829785482254,0.33663366336633666,0.1782178217821782
matched_budget,final_test,spatial_p0005_l400,0.0005,4.0,391,202,,,,,,0.021603219092882455,0.015553826592812126,0.029988333475577278,0.051306829785482254,0.33663366336633666,0.1782178217821782
matched_budget,final_test,spatial_p0010_l000,0.001,0.0,391,202,,,,,,0.02134622398559423,0.015181215265087644,0.029903580886398273,0.04985811775337713,0.3415841584158416,0.1782178217821782
matched_budget,final_test,spatial_p0010_l025,0.001,0.25,391,202,,,,,,0.021484331321234583,0.015181215265087644,0.029988333475577278,0.051306829785482254,0.3415841584158416,0.1782178217821782
matched_budget,final_test,spatial_p0010_l050,0.001,0.5,391,202,,,,,,0.021533402605888742,0.015432229932586194,0.029988333475577278,0.051306829785482254,0.3415841584158416,0.1782178217821782
matched_budget,final_test,spatial_p0010_l100,0.001,1.0,391,202,,,,,,0.021484331321234583,0.015181215265087644,0.029988333475577278,0.051306829785482254,0.3415841584158416,0.1782178217821782
matched_budget,final_test,spatial_p0010_l200,0.001,2.0,391,202,,,,,,0.021583728798342295,0.015432229932586194,0.029988333475577278,0.051306829785482254,0.33663366336633666,0.1782178217821782
matched_budget,final_test,spatial_p0010_l400,0.001,4.0,391,202,,,,,,0.021583728798342295,0.015432229932586194,0.029988333475577278,0.051306829785482254,0.33663366336633666,0.1782178217821782
matched_budget,final_test,spatial_p0015_l000,0.0015,0.0,391,202,,,,,,0.021309983240649904,0.015181215265087644,0.029903580886398273,0.04985811775337713,0.3465346534653465,0.1782178217821782
matched_budget,final_test,spatial_p0015_l025,0.0015,0.25,391,202,,,,,,0.021309983240649907,0.015181215265087644,0.029903580886398273,0.04985811775337713,0.3465346534653465,0.1782178217821782
matched_budget,final_test,spatial_p0015_l050,0.0015,0.5,391,202,,,,,,0.021212183221043616,0.015181215265087644,0.029903580886398273,0.04985811775337713,0.3465346534653465,0.1782178217821782
matched_budget,final_test,spatial_p0015_l100,0.0015,1.0,391,202,,,,,,0.021309983240649904,0.015181215265087644,0.029903580886398273,0.04985811775337713,0.3465346534653465,0.1782178217821782
matched_budget,final_test,spatial_p0015_l200,0.0015,2.0,391,202,,,,,,0.021533402605888742,0.015432229932586194,0.029988333475577278,0.051306829785482254,0.3415841584158416,0.1782178217821782
matched_budget,final_test,spatial_p0015_l400,0.0015,4.0,391,202,,,,,,0.0214021603965883,0.015181215265087644,0.029903580886398273,0.051306829785482254,0.3465346534653465,0.1782178217821782
matched_budget,final_test,spatial_p0020_l000,0.002,0.0,391,202,,,,,,0.02123334417819015,0.015181215265087644,0.029903580886398273,0.04985811775337713,0.3465346534653465,0.1782178217821782
matched_budget,final_test,spatial_p0020_l025,0.002,0.25,391,202,,,,,,0.021132634172071653,0.015181215265087644,0.029573405802672037,0.04769502073453915,0.3465346534653465,0.1782178217821782
matched_budget,final_test,spatial_p0020_l050,0.002,0.5,391,202,,,,,,0.020727604859859423,0.014741049486168278,0.029015481225118933,0.0475833526855477,0.35148514851485146,0.1782178217821782
matched_budget,final_test,spatial_p0020_l100,0.002,1.0,391,202,,,,,,0.02123334417819015,0.015181215265087644,0.029903580886398273,0.04985811775337713,0.3465346534653465,0.1782178217821782
matched_budget,final_test,spatial_p0020_l200,0.002,2.0,391,202,,,,,,0.02114425792471604,0.015062392339802333,0.029573405802672037,0.04985811775337713,0.3465346534653465,0.1782178217821782
matched_budget,final_test,spatial_p0020_l400,0.002,4.0,391,202,,,,,,0.02121477643505561,0.015062392339802333,0.029573405802672037,0.04985811775337713,0.3465346534653465,0.1782178217821782
matched_budget,final_test,spatial_p0025_l000,0.0025,0.0,391,202,,,,,,0.02138089424929423,0.015432229932586194,0.029903580886398273,0.04985811775337713,0.33663366336633666,0.1782178217821782
matched_budget,final_test,spatial_p0025_l025,0.0025,0.25,391,202,,,,,,0.021277994419215903,0.015181215265087644,0.029573405802672037,0.04985811775337713,0.33663366336633666,0.1782178217821782
matched_budget,final_test,spatial_p0025_l050,0.0025,0.5,391,202,,,,,,0.021277994419215907,0.015181215265087644,0.029573405802672037,0.04985811775337713,0.33663366336633666,0.1782178217821782
matched_budget,final_test,spatial_p0025_l100,0.0025,1.0,391,202,,,,,,0.021102212677148575,0.015062392339802333,0.029573405802672037,0.04769502073453915,0.33663366336633666,0.1782178217821782
matched_budget,final_test,spatial_p0025_l200,0.0025,2.0,391,202,,,,,,0.021305274527262136,0.015181215265087644,0.029903580886398273,0.04985811775337713,0.33663366336633666,0.1782178217821782
matched_budget,final_test,spatial_p0025_l400,0.0025,4.0,391,202,,,,,,0.021365772387638413,0.015181215265087644,0.029903580886398273,0.04985811775337713,0.33663366336633666,0.1782178217821782
matched_budget,final_test,spatial_p0030_l000,0.003,0.0,391,202,,,,,,0.021393844594062218,0.015181215265087644,0.029903580886398273,0.04985811775337713,0.33663366336633666,0.17326732673267325
matched_budget,final_test,spatial_p0030_l025,0.003,0.25,391,202,,,,,,0.021428270980950608,0.015181215265087644,0.03011413568737975,0.04985811775337713,0.3415841584158416,0.1782178217821782
matched_budget,final_test,spatial_p0030_l050,0.003,0.5,391,202,,,,,,0.021262367791338145,0.015062392339802333,0.029903580886398273,0.04985811775337713,0.3415841584158416,0.1782178217821782
matched_budget,final_test,spatial_p0030_l100,0.003,1.0,391,202,,,,,,0.021251673789545084,0.015062392339802333,0.029903580886398273,0.04985811775337713,0.3415841584158416,0.1782178217821782
matched_budget,final_test,spatial_p0030_l200,0.003,2.0,391,202,,,,,,0.021113173257041748,0.014741049486168278,0.029573405802672037,0.04985811775337713,0.3415841584158416,0.1782178217821782
matched_budget,final_test,spatial_p0030_l400,0.003,4.0,391,202,,,,,,0.021277994419215903,0.015181215265087644,0.029573405802672037,0.04985811775337713,0.33663366336633666,0.1782178217821782
matched_budget,final_test,spatial_p0035_l000,0.0035,0.0,391,202,,,,,,0.02116092864763023,0.015062392339802333,0.029903580886398273,0.04769502073453915,0.3415841584158416,0.1782178217821782
matched_budget,final_test,spatial_p0035_l025,0.0035,0.25,391,202,,,,,,0.021230460577891033,0.015062392339802333,0.029903580886398273,0.04985811775337713,0.3465346534653465,0.1782178217821782
matched_budget,final_test,spatial_p0035_l050,0.0035,0.5,391,202,,,,,,0.02119780647372792,0.015062392339802333,0.029903580886398273,0.04769502073453915,0.3415841584158416,0.1782178217821782
matched_budget,final_test,spatial_p0035_l100,0.0035,1.0,391,202,,,,,,0.021242256911424697,0.015062392339802333,0.029903580886398273,0.04985811775337713,0.3415841584158416,0.1782178217821782
matched_budget,final_test,spatial_p0035_l200,0.0035,2.0,391,202,,,,,,0.021251673789545084,0.015062392339802333,0.029903580886398273,0.04985811775337713,0.3415841584158416,0.1782178217821782
matched_budget,final_test,spatial_p0035_l400,0.0035,4.0,391,202,,,,,,0.021251673789545084,0.015062392339802333,0.029903580886398273,0.04985811775337713,0.3415841584158416,0.1782178217821782
matched_budget,final_test,spatial_p0040_l000,0.004,0.0,391,202,,,,,,0.02101406938662861,0.014741049486168278,0.029903580886398273,0.04769502073453915,0.3465346534653465,0.17326732673267325
matched_budget,final_test,spatial_p0040_l025,0.004,0.25,391,202,,,,,,0.021299363287003235,0.014806132218218138,0.029988333475577278,0.049930136334751504,0.35148514851485146,0.1782178217821782
matched_budget,final_test,spatial_p0040_l050,0.004,0.5,391,202,,,,,,0.02105354749298224,0.014741049486168278,0.029903580886398273,0.048355313636546354,0.35148514851485146,0.1782178217821782
matched_budget,final_test,spatial_p0040_l100,0.004,1.0,391,202,,,,,,0.021155907098057005,0.014741049486168278,0.029903580886398273,0.04985811775337713,0.3465346534653465,0.1782178217821782
matched_budget,final_test,spatial_p0040_l200,0.004,2.0,391,202,,,,,,0.02146937453517913,0.015181215265087644,0.03011413568737975,0.049930136334751504,0.3415841584158416,0.1782178217821782
matched_budget,final_test,spatial_p0040_l400,0.004,4.0,391,202,,,,,,0.021354573619623403,0.015181215265087644,0.029988333475577278,0.04985811775337713,0.3415841584158416,0.1782178217821782
matched_budget,final_test,spatial_p0060_l000,0.006,0.0,391,202,,,,,,0.021545423190288376,0.014741049486168278,0.029573405802672037,0.048355313636546354,0.33663366336633666,0.16336633663366337
matched_budget,final_test,spatial_p0060_l025,0.006,0.25,391,202,,,,,,0.02114875203171901,0.01419340835604177,0.02820881113095547,0.048343187966908556,0.35148514851485146,0.16336633663366337
matched_budget,final_test,spatial_p0060_l050,0.006,0.5,391,202,,,,,,0.02121260669342969,0.014450426533005545,0.029015481225118933,0.048343187966908556,0.3415841584158416,0.16336633663366337
matched_budget,final_test,spatial_p0060_l100,0.006,1.0,391,202,,,,,,0.021775075403374224,0.015181215265087644,0.029988333475577278,0.049930136334751504,0.3415841584158416,0.16831683168316833
matched_budget,final_test,spatial_p0060_l200,0.006,2.0,391,202,,,,,,0.020834082376274574,0.014450426533005545,0.029015481225118933,0.04769502073453915,0.3465346534653465,0.16831683168316833
matched_budget,final_test,spatial_p0060_l400,0.006,4.0,391,202,,,,,,0.02060026549152021,0.0139852421759038,0.029015481225118933,0.04741800667032506,0.35148514851485146,0.17326732673267325
matched_budget,final_test,spatial_p0080_l000,0.008,0.0,391,202,,,,,,0.020584465716954024,0.015062392339802333,0.029015481225118933,0.0475833526855477,0.3415841584158416,0.16336633663366337
matched_budget,final_test,spatial_p0080_l025,0.008,0.25,391,202,,,,,,0.020576827984029995,0.014741049486168278,0.029015481225118933,0.0475833526855477,0.33663366336633666,0.16336633663366337
matched_budget,final_test,spatial_p0080_l050,0.008,0.5,391,202,,,,,,0.020219027898549728,0.014450426533005545,0.029015481225118933,0.0475833526855477,0.3415841584158416,0.16831683168316833
matched_budget,final_test,spatial_p0080_l100,0.008,1.0,391,202,,,,,,0.020440853598033642,0.015181215265087644,0.029015481225118933,0.0475833526855477,0.3316831683168317,0.16831683168316833
matched_budget,final_test,spatial_p0080_l200,0.008,2.0,391,202,,,,,,0.01992086230151059,0.014450426533005545,0.028182686898539477,0.04590861982925364,0.33663366336633666,0.16831683168316833
matched_budget,final_test,spatial_p0080_l400,0.008,4.0,391,202,,,,,,0.019844392814776225,0.01419340835604177,0.02820881113095547,0.04741800667032506,0.3465346534653465,0.17326732673267325
matched_budget,final_test,spatial_p0100_l000,0.01,0.0,391,202,,,,,,0.021910781127064786,0.015181215265087644,0.03011413568737975,0.051306829785482254,0.32673267326732675,0.14356435643564355
matched_budget,final_test,spatial_p0100_l025,0.01,0.25,391,202,,,,,,0.022251914458161385,0.015356552118549027,0.029988333475577278,0.051306829785482254,0.3217821782178218,0.14356435643564355
matched_budget,final_test,spatial_p0100_l050,0.01,0.5,391,202,,,,,,0.021039173452580377,0.014741049486168278,0.029573405802672037,0.049845992083739334,0.33663366336633666,0.13861386138613863
matched_budget,final_test,spatial_p0100_l100,0.01,1.0,391,202,,,,,,0.020871944802377147,0.014741049486168278,0.029015481225118933,0.048343187966908556,0.33663366336633666,0.15346534653465346
matched_budget,final_test,spatial_p0100_l200,0.01,2.0,391,202,,,,,,0.021103607347549944,0.015062392339802333,0.029988333475577278,0.048343187966908556,0.3316831683168317,0.15346534653465346
matched_budget,final_test,spatial_p0100_l400,0.01,4.0,391,202,,,,,,0.020097724682714747,0.015062392339802333,0.02874462674487721,0.04741800667032506,0.3465346534653465,0.16336633663366337
matched_budget,final_test,spatial_p0120_l000,0.012,0.0,391,202,,,,,,0.021124625507909608,0.015553826592812126,0.029988333475577278,0.04741800667032506,0.3118811881188119,0.13366336633663367
matched_budget,final_test,spatial_p0120_l025,0.012,0.25,391,202,,,,,,0.021400202412635887,0.015181215265087644,0.030320853712881568,0.0475833526855477,0.3217821782178218,0.13366336633663367
matched_budget,final_test,spatial_p0120_l050,0.012,0.5,391,202,,,,,,0.020646631109512283,0.015062392339802333,0.029903580886398273,0.04596491939115553,0.32673267326732675,0.13366336633663367
matched_budget,final_test,spatial_p0120_l100,0.012,1.0,391,202,,,,,,0.02114022338310221,0.015181215265087644,0.029903580886398273,0.0475833526855477,0.32673267326732675,0.13861386138613863
matched_budget,final_test,spatial_p0120_l200,0.012,2.0,391,202,,,,,,0.020820701812799422,0.015062392339802333,0.029573405802672037,0.0475833526855477,0.33663366336633666,0.1485148514851485
matched_budget,final_test,spatial_p0120_l400,0.012,4.0,391,202,,,,,,0.02059530819282888,0.014741049486168278,0.029015481225118933,0.04596491939115553,0.33663366336633666,0.15346534653465346
matched_budget,final_test,spatial_p0150_l000,0.015,0.0,391,202,,,,,,0.022053610276756813,0.015491089058716878,0.03324812804948496,0.049930136334751504,0.297029702970297,0.11386138613861387
matched_budget,final_test,spatial_p0150_l025,0.015,0.25,391,202,,,,,,0.02134440942544882,0.015223208087331908,0.03124411337786137,0.049930136334751504,0.3118811881188119,0.12376237623762376
matched_budget,final_test,spatial_p0150_l050,0.015,0.5,391,202,,,,,,0.02237245681396866,0.015770710414339195,0.03394877459171741,0.051306829785482254,0.3069306930693069,0.12376237623762376
matched_budget,final_test,spatial_p0150_l100,0.015,1.0,391,202,,,,,,0.021552984971047528,0.015491089058716878,0.031690754622448636,0.048343187966908556,0.297029702970297,0.12376237623762376
matched_budget,final_test,spatial_p0150_l200,0.015,2.0,391,202,,,,,,0.02087762324700628,0.015491089058716878,0.03011413568737975,0.048343187966908556,0.3069306930693069,0.1188118811881188
matched_budget,final_test,spatial_p0150_l400,0.015,4.0,391,202,,,,,,0.0223388271264527,0.015302811925313575,0.03310712914749503,0.051306829785482254,0.3118811881188119,0.13366336633663367
matched_budget,final_test,spatial_p0200_l000,0.02,0.0,391,202,,,,,,0.02168976938774291,0.01539854494079329,0.030281917055795915,0.04596491939115553,0.27722772277227725,0.09405940594059406
matched_budget,final_test,spatial_p0200_l025,0.02,0.25,391,202,,,,,,0.02019073987016771,0.01527562709666952,0.029903580886398273,0.0436310192819219,0.2871287128712871,0.10396039603960396
matched_budget,final_test,spatial_p0200_l050,0.02,0.5,391,202,,,,,,0.019279603962449023,0.014741049486168278,0.02873226154218378,0.04196098614699719,0.3069306930693069,0.11386138613861387
matched_budget,final_test,spatial_p0200_l100,0.02,1.0,391,202,,,,,,0.019287680914710788,0.015181215265087644,0.02873226154218378,0.0436310192819219,0.30198019801980197,0.1188118811881188
matched_budget,final_test,spatial_p0200_l200,0.02,2.0,391,202,,,,,,0.02072040842306934,0.015286981513837894,0.029903580886398273,0.044374372328578215,0.29207920792079206,0.10891089108910891
matched_budget,final_test,spatial_p0200_l400,0.02,4.0,391,202,,,,,,0.020392425947160953,0.01527562709666952,0.029903580886398273,0.04596491939115553,0.30198019801980197,0.11386138613861387
matched_budget,final_test,spatial_p0250_l000,0.025,0.0,391,202,,,,,,0.02047095997093888,0.015317619918913783,0.028749213088118064,0.043302971719086314,0.2871287128712871,0.10396039603960396
matched_budget,final_test,spatial_p0250_l025,0.025,0.25,391,202,,,,,,0.02124155829142242,0.015317619918913783,0.029930557608034813,0.0436310192819219,0.28217821782178215,0.09900990099009901
matched_budget,final_test,spatial_p0250_l050,0.025,0.5,391,202,,,,,,0.02065679669653551,0.01484740565207665,0.02874462674487721,0.0436310192819219,0.2871287128712871,0.09900990099009901
matched_budget,final_test,spatial_p0250_l100,0.025,1.0,391,202,,,,,,0.020557826076430273,0.015181215265087644,0.029573405802672037,0.043846037535933614,0.297029702970297,0.10891089108910891
matched_budget,final_test,spatial_p0250_l200,0.025,2.0,391,202,,,,,,0.021611335302615678,0.015286981513837894,0.03124411337786137,0.04741800667032506,0.297029702970297,0.10396039603960396
matched_budget,final_test,spatial_p0250_l400,0.025,4.0,391,202,,,,,,0.020345147221043323,0.01524630987549147,0.029903580886398273,0.043846037535933614,0.297029702970297,0.10891089108910891
matched_budget,final_test,spatial_p0300_l000,0.03,0.0,391,202,,,,,,0.02147116643217716,0.016263305505198722,0.03012765856211924,0.0436310192819219,0.27722772277227725,0.10891089108910891
matched_budget,final_test,spatial_p0300_l025,0.03,0.25,391,202,,,,,,0.0209956698689845,0.016263305505198722,0.029486023668415462,0.04196098614699719,0.2623762376237624,0.09900990099009901
matched_budget,final_test,spatial_p0300_l050,0.03,0.5,391,202,,,,,,0.021602437181958423,0.016263305505198722,0.030325361337794732,0.0436310192819219,0.27722772277227725,0.10891089108910891
matched_budget,final_test,spatial_p0300_l100,0.03,1.0,391,202,,,,,,0.021124159294399265,0.015491089058716878,0.03012765856211924,0.0436310192819219,0.27722772277227725,0.10396039603960396
matched_budget,final_test,spatial_p0300_l200,0.03,2.0,391,202,,,,,,0.02083706400324535,0.015491089058716878,0.029988333475577278,0.0436310192819219,0.2871287128712871,0.10891089108910891
matched_budget,final_test,spatial_p0300_l400,0.03,4.0,391,202,,,,,,0.019901002806764212,0.015317619918913783,0.029486023668415462,0.0436310192819219,0.29207920792079206,0.11386138613861387
matched_budget,all_common_oos,v3_n2_temporal,,0.0,1369,662,,,,,,0.02369006274511021,0.014510628020021676,0.029591573463139176,0.055253867460524395,0.3474320241691843,0.15256797583081572
matched_budget,all_common_oos,v3_n2_stored_oos,,0.0,1369,662,,,,,,0.023542689966927287,0.014229767753867861,0.029094113965720925,0.0546026476897323,0.3504531722054381,0.1540785498489426
matched_budget,all_common_oos,spatial_p0005_l000,0.0005,0.0,1369,662,,,,,,0.02101015352419315,0.011740869716035496,0.028699217655980325,0.05205829813893855,0.41842900302114805,0.21299093655589124
matched_budget,all_common_oos,spatial_p0005_l025,0.0005,0.25,1369,662,,,,,,0.02124221791458977,0.011823442932499706,0.028451147932023635,0.052150496941583246,0.4169184290030212,0.21299093655589124
matched_budget,all_common_oos,spatial_p0005_l050,0.0005,0.5,1369,662,,,,,,0.021232050947119736,0.011772776488230052,0.028699217655980325,0.052150496941583246,0.4199395770392749,0.21299093655589124
matched_budget,all_common_oos,spatial_p0005_l100,0.0005,1.0,1369,662,,,,,,0.021230500860893866,0.011823442932499706,0.028699217655980325,0.052150496941583246,0.4199395770392749,0.21450151057401812
matched_budget,all_common_oos,spatial_p0005_l200,0.0005,2.0,1369,662,,,,,,0.021285202243121304,0.01187973268653375,0.028770894753468057,0.052150496941583246,0.41842900302114805,0.21450151057401812
matched_budget,all_common_oos,spatial_p0005_l400,0.0005,4.0,1369,662,,,,,,0.021257832533057026,0.011772776488230052,0.028770894753468057,0.052150496941583246,0.41842900302114805,0.21299093655589124
matched_budget,all_common_oos,spatial_p0010_l000,0.001,0.0,1369,662,,,,,,0.02135987132806232,0.011989467628938044,0.029295302753044594,0.052188028277660954,0.4169184290030212,0.21450151057401812
matched_budget,all_common_oos,spatial_p0010_l025,0.001,0.25,1369,662,,,,,,0.021251962112129825,0.01187973268653375,0.02924430803150968,0.052188028277660954,0.4199395770392749,0.21601208459214502
matched_budget,all_common_oos,spatial_p0010_l050,0.001,0.5,1369,662,,,,,,0.021016375583617394,0.011823442932499706,0.028673093423564333,0.05205829813893855,0.4199395770392749,0.21450151057401812
matched_budget,all_common_oos,spatial_p0010_l100,0.001,1.0,1369,662,,,,,,0.02111224048643626,0.011950022715945696,0.02924430803150968,0.052150496941583246,0.4169184290030212,0.21450151057401812
matched_budget,all_common_oos,spatial_p0010_l200,0.001,2.0,1369,662,,,,,,0.021359544866902176,0.011989467628938044,0.02924430803150968,0.052188028277660954,0.41389728096676737,0.21299093655589124
matched_budget,all_common_oos,spatial_p0010_l400,0.001,4.0,1369,662,,,,,,0.020935833099290917,0.011950022715945696,0.028770894753468057,0.05205829813893855,0.41842900302114805,0.21450151057401812
matched_budget,all_common_oos,spatial_p0015_l000,0.0015,0.0,1369,662,,,,,,0.02118215145323421,0.011823442932499706,0.028699217655980325,0.05205829813893855,0.4229607250755287,0.21299093655589124
matched_budget,all_common_oos,spatial_p0015_l025,0.0015,0.25,1369,662,,,,,,0.021143359670970488,0.011772776488230052,0.028770894753468057,0.05205829813893855,0.4244712990936556,0.21450151057401812
matched_budget,all_common_oos,spatial_p0015_l050,0.0015,0.5,1369,662,,,,,,0.021041945786334688,0.011772776488230052,0.028699217655980325,0.051404717731187634,0.4259818731117825,0.21601208459214502
matched_budget,all_common_oos,spatial_p0015_l100,0.0015,1.0,1369,662,,,,,,0.02117425765330498,0.01187973268653375,0.028770894753468057,0.052150496941583246,0.4229607250755287,0.21450151057401812
matched_budget,all_common_oos,spatial_p0015_l200,0.0015,2.0,1369,662,,,,,,0.021238456804787524,0.011823442932499706,0.029295302753044594,0.052188028277660954,0.4229607250755287,0.21450151057401812
matched_budget,all_common_oos,spatial_p0015_l400,0.0015,4.0,1369,662,,,,,,0.02097040112491956,0.011823442932499706,0.028699217655980325,0.052150496941583246,0.4229607250755287,0.21450151057401812
matched_budget,all_common_oos,spatial_p0020_l000,0.002,0.0,1369,662,,,,,,0.021018667741639477,0.011692403346642233,0.028699217655980325,0.051066685573054646,0.42900302114803623,0.21450151057401812
matched_budget,all_common_oos,spatial_p0020_l025,0.002,0.25,1369,662,,,,,,0.020947512912562468,0.011602466483082163,0.028104524384764462,0.051066685573054646,0.42900302114803623,0.21450151057401812
matched_budget,all_common_oos,spatial_p0020_l050,0.002,0.5,1369,662,,,,,,0.02088944556345198,0.011440763068579662,0.02781405169908946,0.051066685573054646,0.43051359516616317,0.21450151057401812
matched_budget,all_common_oos,spatial_p0020_l100,0.002,1.0,1369,662,,,,,,0.021154622437876393,0.011772776488230052,0.029021334535491883,0.051404717731187634,0.4244712990936556,0.21450151057401812
matched_budget,all_common_oos,spatial_p0020_l200,0.002,2.0,1369,662,,,,,,0.021095225394332773,0.011823442932499706,0.028699217655980325,0.05205829813893855,0.4229607250755287,0.21450151057401812
matched_budget,all_common_oos,spatial_p0020_l400,0.002,4.0,1369,662,,,,,,0.021072703499283876,0.011772776488230052,0.028451147932023635,0.05205829813893855,0.4259818731117825,0.21601208459214502
matched_budget,all_common_oos,spatial_p0025_l000,0.0025,0.0,1369,662,,,,,,0.02107889364225937,0.011772776488230052,0.028673093423564333,0.051404717731187634,0.4229607250755287,0.21299093655589124
matched_budget,all_common_oos,spatial_p0025_l025,0.0025,0.25,1369,662,,,,,,0.021094291723867127,0.011823442932499706,0.028673093423564333,0.051404717731187634,0.4229607250755287,0.21299093655589124
matched_budget,all_common_oos,spatial_p0025_l050,0.0025,0.5,1369,662,,,,,,0.02107707394818498,0.011823442932499706,0.028673093423564333,0.051404717731187634,0.4229607250755287,0.21299093655589124
matched_budget,all_common_oos,spatial_p0025_l100,0.0025,1.0,1369,662,,,,,,0.02093599670842706,0.011602466483082163,0.028178886005833514,0.051066685573054646,0.4259818731117825,0.21450151057401812
matched_budget,all_common_oos,spatial_p0025_l200,0.0025,2.0,1369,662,,,,,,0.021020815617198284,0.011772776488230052,0.028451147932023635,0.051404717731187634,0.4244712990936556,0.21299093655589124
matched_budget,all_common_oos,spatial_p0025_l400,0.0025,4.0,1369,662,,,,,,0.02106255949131412,0.011772776488230052,0.028673093423564333,0.051404717731187634,0.4244712990936556,0.21299093655589124
matched_budget,all_common_oos,spatial_p0030_l000,0.003,0.0,1369,662,,,,,,0.020818039901848866,0.011555691702206272,0.02781405169908946,0.05091821333336713,0.4259818731117825,0.21601208459214502
matched_budget,all_common_oos,spatial_p0030_l025,0.003,0.25,1369,662,,,,,,0.020806799379485378,0.010973993631063661,0.028451147932023635,0.05031206460882269,0.43202416918429004,0.21450151057401812
matched_budget,all_common_oos,spatial_p0030_l050,0.003,0.5,1369,662,,,,,,0.020684604613456545,0.010973993631063661,0.027715090835896294,0.05031206460882269,0.4335347432024169,0.21601208459214502
matched_budget,all_common_oos,spatial_p0030_l100,0.003,1.0,1369,662,,,,,,0.02057887648350766,0.011166643995700665,0.02781405169908946,0.05008645183068727,0.43051359516616317,0.21299093655589124
matched_budget,all_common_oos,spatial_p0030_l200,0.003,2.0,1369,662,,,,,,0.020902894839324743,0.011555691702206272,0.028451147932023635,0.051066685573054646,0.42749244712990936,0.21450151057401812
matched_budget,all_common_oos,spatial_p0030_l400,0.003,4.0,1369,662,,,,,,0.020922090740687113,0.011602466483082163,0.028451147932023635,0.051066685573054646,0.42749244712990936,0.21450151057401812
matched_budget,all_common_oos,spatial_p0035_l000,0.0035,0.0,1369,662,,,,,,0.020656657464832757,0.011440763068579662,0.027129970220654942,0.05008645183068727,0.42900302114803623,0.21450151057401812
matched_budget,all_common_oos,spatial_p0035_l025,0.0035,0.25,1369,662,,,,,,0.02062745770681889,0.010905590578873636,0.027605219356648614,0.05008645183068727,0.4335347432024169,0.21450151057401812
matched_budget,all_common_oos,spatial_p0035_l050,0.0035,0.5,1369,662,,,,,,0.020846531928023264,0.011692403346642233,0.02805920262984446,0.05008645183068727,0.4259818731117825,0.21450151057401812
matched_budget,all_common_oos,spatial_p0035_l100,0.0035,1.0,1369,662,,,,,,0.02064507805191206,0.011166643995700665,0.027715090835896294,0.04998878523187791,0.43051359516616317,0.21601208459214502
matched_budget,all_common_oos,spatial_p0035_l200,0.0035,2.0,1369,662,,,,,,0.020820540869523726,0.011440763068579662,0.028451147932023635,0.05031206460882269,0.43051359516616317,0.2175226586102719
matched_budget,all_common_oos,spatial_p0035_l400,0.0035,4.0,1369,662,,,,,,0.02091977245165995,0.011602466483082163,0.028699217655980325,0.051066685573054646,0.42749244712990936,0.2175226586102719
matched_budget,all_common_oos,spatial_p0040_l000,0.004,0.0,1369,662,,,,,,0.020358697748939586,0.010781203305839537,0.026998205572840717,0.0495164982068922,0.42900302114803623,0.21450151057401812
matched_budget,all_common_oos,spatial_p0040_l025,0.004,0.25,1369,662,,,,,,0.020588510405395326,0.010905590578873636,0.027129970220654942,0.04998878523187791,0.43051359516616317,0.21450151057401812
matched_budget,all_common_oos,spatial_p0040_l050,0.004,0.5,1369,662,,,,,,0.020601374720763222,0.01083433669816214,0.027605219356648614,0.04998878523187791,0.43202416918429004,0.21299093655589124
matched_budget,all_common_oos,spatial_p0040_l100,0.004,1.0,1369,662,,,,,,0.020642454251838544,0.010905590578873636,0.027605219356648614,0.05008645183068727,0.43051359516616317,0.21299093655589124
matched_budget,all_common_oos,spatial_p0040_l200,0.004,2.0,1369,662,,,,,,0.020769817725831998,0.011166643995700665,0.02805920262984446,0.05008645183068727,0.43051359516616317,0.21601208459214502
matched_budget,all_common_oos,spatial_p0040_l400,0.004,4.0,1369,662,,,,,,0.020950017755229387,0.011692403346642233,0.028451147932023635,0.05091821333336713,0.42749244712990936,0.21450151057401812
matched_budget,all_common_oos,spatial_p0060_l000,0.006,0.0,1369,662,,,,,,0.019497285325958718,0.010905590578873636,0.026297208190151355,0.048334866484297176,0.43202416918429004,0.1933534743202417
matched_budget,all_common_oos,spatial_p0060_l025,0.006,0.25,1369,662,,,,,,0.019183094018440667,0.010428673022354618,0.026207250830078577,0.04832274081465938,0.4425981873111782,0.19939577039274925
matched_budget,all_common_oos,spatial_p0060_l050,0.006,0.5,1369,662,,,,,,0.019891161072867695,0.01083433669816214,0.026297208190151355,0.048765001104079636,0.43655589123867067,0.19788519637462235
matched_budget,all_common_oos,spatial_p0060_l100,0.006,1.0,1369,662,,,,,,0.019926864708540572,0.010905590578873636,0.026634019346243654,0.048765001104079636,0.43655589123867067,0.19788519637462235
matched_budget,all_common_oos,spatial_p0060_l200,0.006,2.0,1369,662,,,,,,0.019535990849102673,0.010556906531145716,0.02653166552227776,0.048765001104079636,0.4395770392749245,0.2039274924471299
matched_budget,all_common_oos,spatial_p0060_l400,0.006,4.0,1369,662,,,,,,0.019971139226915013,0.010905590578873636,0.02692066414451899,0.048765001104079636,0.42749244712990936,0.2054380664652568
matched_budget,all_common_oos,spatial_p0080_l000,0.008,0.0,1369,662,,,,,,0.01909948298231514,0.010678875285645484,0.025842422138793564,0.0475833526855477,0.4380664652567976,0.1797583081570997
matched_budget,all_common_oos,spatial_p0080_l025,0.008,0.25,1369,662,,,,,,0.018576973050951795,0.010342970463046997,0.024893172630266913,0.04742525281794622,0.44561933534743203,0.18429003021148035
matched_budget,all_common_oos,spatial_p0080_l050,0.008,0.5,1369,662,,,,,,0.01862649354462739,0.010498936706684336,0.024893172630266913,0.04740452763628439,0.44561933534743203,0.19184290030211482
matched_budget,all_common_oos,spatial_p0080_l100,0.008,1.0,1369,662,,,,,,0.01919529006288707,0.010905590578873636,0.026207250830078577,0.04835304410418967,0.4395770392749245,0.1933534743202417
matched_budget,all_common_oos,spatial_p0080_l200,0.008,2.0,1369,662,,,,,,0.019010800805229742,0.010678875285645484,0.025842422138793564,0.0475833526855477,0.4395770392749245,0.19486404833836857
matched_budget,all_common_oos,spatial_p0080_l400,0.008,4.0,1369,662,,,,,,0.019072296496239056,0.010428673022354618,0.02610004260148896,0.04835304410418967,0.44561933534743203,0.19637462235649547
matched_budget,all_common_oos,spatial_p0100_l000,0.01,0.0,1369,662,,,,,,0.01870052313559486,0.01064290747496155,0.02519885655325299,0.046235274162113614,0.42900302114803623,0.16314199395770393
matched_budget,all_common_oos,spatial_p0100_l025,0.01,0.25,1369,662,,,,,,0.019101177680445915,0.010846190134745082,0.025752537510883633,0.0475354322391764,0.42900302114803623,0.16767371601208458
matched_budget,all_common_oos,spatial_p0100_l050,0.01,0.5,1369,662,,,,,,0.01919353551776793,0.010846190134745082,0.025503118943231706,0.04742525281794622,0.42900302114803623,0.1661631419939577
matched_budget,all_common_oos,spatial_p0100_l100,0.01,1.0,1369,662,,,,,,0.019008543894133586,0.01064290747496155,0.025752537510883633,0.047558120391824124,0.4335347432024169,0.17371601208459214
matched_budget,all_common_oos,spatial_p0100_l200,0.01,2.0,1369,662,,,,,,0.01852383790764217,0.010781203305839537,0.025654998648308336,0.047143480003044934,0.43051359516616317,0.17673716012084592
matched_budget,all_common_oos,spatial_p0100_l400,0.01,4.0,1369,662,,,,,,0.019020955391214102,0.010781203305839537,0.025842422138793564,0.047558120391824124,0.4335347432024169,0.17673716012084592
matched_budget,all_common_oos,spatial_p0120_l000,0.012,0.0,1369,662,,,,,,0.017713080973899942,0.010498936706684336,0.02414761954561001,0.043400612140736886,0.4350453172205438,0.15861027190332327
matched_budget,all_common_oos,spatial_p0120_l025,0.012,0.25,1369,662,,,,,,0.017974697881951156,0.010389646328083812,0.024382932753245046,0.04384603753593361,0.4380664652567976,0.1646525679758308
matched_budget,all_common_oos,spatial_p0120_l050,0.012,0.5,1369,662,,,,,,0.017828029983852297,0.01079529696029402,0.024382932753245046,0.043418355003571,0.4259818731117825,0.15861027190332327
matched_budget,all_common_oos,spatial_p0120_l100,0.012,1.0,1369,662,,,,,,0.01828180094941193,0.01079529696029402,0.024893172630266913,0.04461716119044467,0.43202416918429004,0.1661631419939577
matched_budget,all_common_oos,spatial_p0120_l200,0.012,2.0,1369,662,,,,,,0.018151938688100715,0.010742995277284062,0.024893172630266913,0.04456086162854276,0.43202416918429004,0.16767371601208458
matched_budget,all_common_oos,spatial_p0120_l400,0.012,4.0,1369,662,,,,,,0.018710256200882784,0.01064290747496155,0.024893172630266913,0.046235274162113614,0.4350453172205438,0.17220543806646527
matched_budget,all_common_oos,spatial_p0150_l000,0.015,0.0,1369,662,,,,,,0.01802642330325388,0.010781203305839537,0.023960379847343782,0.04347860067519242,0.4199395770392749,0.14652567975830816
matched_budget,all_common_oos,spatial_p0150_l025,0.015,0.25,1369,662,,,,,,0.01824254189239038,0.010781203305839537,0.023978466753568517,0.0443743723285782,0.4244712990936556,0.14954682779456194
matched_budget,all_common_oos,spatial_p0150_l050,0.015,0.5,1369,662,,,,,,0.018172101979191443,0.010511055638002476,0.024001436473766236,0.04384603753593361,0.43051359516616317,0.1540785498489426
matched_budget,all_common_oos,spatial_p0150_l100,0.015,1.0,1369,662,,,,,,0.017914717775347155,0.010498936706684336,0.023816219293263774,0.043634353515438026,0.43051359516616317,0.15861027190332327
matched_budget,all_common_oos,spatial_p0150_l200,0.015,2.0,1369,662,,,,,,0.01812269899813446,0.010846190134745082,0.024001436473766236,0.043634353515438026,0.42900302114803623,0.1555891238670695
matched_budget,all_common_oos,spatial_p0150_l400,0.015,4.0,1369,662,,,,,,0.017698011329882142,0.01064290747496155,0.023797682554571098,0.04332944753391303,0.42900302114803623,0.1555891238670695
matched_budget,all_common_oos,spatial_p0200_l000,0.02,0.0,1369,662,,,,,,0.0173886194041076,0.01188790886282809,0.023797682554571098,0.040280652845308774,0.38821752265861026,0.12235649546827794
matched_budget,all_common_oos,spatial_p0200_l025,0.02,0.25,1369,662,,,,,,0.01675459956568391,0.011594055160345729,0.02369759003718397,0.0396238867141496,0.3972809667673716,0.13141993957703926
matched_budget,all_common_oos,spatial_p0200_l050,0.02,0.5,1369,662,,,,,,0.017105879450238608,0.01175956631577657,0.023124231283571495,0.03992911796402522,0.3972809667673716,0.12386706948640483
matched_budget,all_common_oos,spatial_p0200_l100,0.02,1.0,1369,662,,,,,,0.01706270855187821,0.01175956631577657,0.02369759003718397,0.04051057596360054,0.4003021148036254,0.13141993957703926
matched_budget,all_common_oos,spatial_p0200_l200,0.02,2.0,1369,662,,,,,,0.0175784077308344,0.011169746294087624,0.023448494582501922,0.04063590782289674,0.4108761329305136,0.13595166163141995
matched_budget,all_common_oos,spatial_p0200_l400,0.02,4.0,1369,662,,,,,,0.017647840202676273,0.01125363648737987,0.023797682554571098,0.04175693853187521,0.41389728096676737,0.13897280966767372
matched_budget,all_common_oos,spatial_p0250_l000,0.025,0.0,1369,662,,,,,,0.016992156484806953,0.012276629139557516,0.023797682554571098,0.0396238867141496,0.3731117824773414,0.11782477341389729
matched_budget,all_common_oos,spatial_p0250_l025,0.025,0.25,1369,662,,,,,,0.017181240951262524,0.012276629139557516,0.023960379847343782,0.040527938146033435,0.37462235649546827,0.11782477341389729
matched_budget,all_common_oos,spatial_p0250_l050,0.025,0.5,1369,662,,,,,,0.016544072642415746,0.01188790886282809,0.023124231283571495,0.0396238867141496,0.38972809667673713,0.12386706948640483
matched_budget,all_common_oos,spatial_p0250_l100,0.025,1.0,1369,662,,,,,,0.016776560938998458,0.01180299805343521,0.02360071186495022,0.040244453212517524,0.39274924471299094,0.12537764350453173
matched_budget,all_common_oos,spatial_p0250_l200,0.025,2.0,1369,662,,,,,,0.01648837747813346,0.01175956631577657,0.02301921621725217,0.0396238867141496,0.3987915407854985,0.1299093655589124
matched_budget,all_common_oos,spatial_p0250_l400,0.025,4.0,1369,662,,,,,,0.016771974727191368,0.01142618064803469,0.02301921621725217,0.040280652845308774,0.40181268882175225,0.13141993957703926
matched_budget,all_common_oos,spatial_p0300_l000,0.03,0.0,1369,662,,,,,,0.01775446391787866,0.013215047408798863,0.024479425973635838,0.0404374442336701,0.3610271903323263,0.11178247734138973
matched_budget,all_common_oos,spatial_p0300_l025,0.03,0.25,1369,662,,,,,,0.01769645778588351,0.013448783157801625,0.024656654364364927,0.0404374442336701,0.3564954682779456,0.11178247734138973
matched_budget,all_common_oos,spatial_p0300_l050,0.03,0.5,1369,662,,,,,,0.017510702189601005,0.013215047408798863,0.024871210978879676,0.0404374442336701,0.3595166163141994,0.11178247734138973
matched_budget,all_common_oos,spatial_p0300_l100,0.03,1.0,1369,662,,,,,,0.01754174945522718,0.012974184644712672,0.024079952605823185,0.040527938146033435,0.3640483383685801,0.11329305135951662
matched_budget,all_common_oos,spatial_p0300_l200,0.03,2.0,1369,662,,,,,,0.01716756727136183,0.013037394119654322,0.02414761954561001,0.040280652845308774,0.3685800604229607,0.11933534743202417
matched_budget,all_common_oos,spatial_p0300_l400,0.03,4.0,1369,662,,,,,,0.017365180127860206,0.012585704702136158,0.024060678644056088,0.0404374442336701,0.37462235649546827,0.12084592145015106
event_top1,development,v3_n2_temporal,,0.0,978,124,158.0,124.0,0.7848101265822784,0.3629032258064516,0.1532258064516129,0.01664872543829642,0.00877696791686211,0.022017207343298983,0.03893718929774792,0.45161290322580644,0.1532258064516129
event_top1,development,v3_n2_stored_oos,,0.0,978,124,158.0,124.0,0.7848101265822784,0.3467741935483871,0.16129032258064516,0.017902578779262306,0.008956699982275107,0.019996815097754916,0.03825670508922506,0.4435483870967742,0.16129032258064516
event_top1,development,spatial_p0005_l000,0.0005,0.0,978,124,158.0,124.0,0.7848101265822784,0.08064516129032258,0.4435483870967742,0.009529044456571621,0.001081979076716033,0.011761462169050718,0.025881722367940736,0.7016129032258065,0.4435483870967742
event_top1,development,spatial_p0005_l025,0.0005,0.25,978,124,158.0,124.0,0.7848101265822784,0.08064516129032258,0.4435483870967742,0.009822551353004126,0.002134053531162361,0.011025119605251155,0.031165046253678292,0.7096774193548387,0.4435483870967742
event_top1,development,spatial_p0005_l050,0.0005,0.5,978,124,158.0,124.0,0.7848101265822784,0.08064516129032258,0.4435483870967742,0.010517516789345704,0.0024754449686891222,0.011025119605251155,0.031165046253678292,0.7016129032258065,0.4435483870967742
event_top1,development,spatial_p0005_l100,0.0005,1.0,978,124,158.0,124.0,0.7848101265822784,0.08870967741935484,0.45161290322580644,0.008846393170806436,0.00150103557715342,0.009569993972805113,0.0258293644485143,0.7258064516129032,0.45161290322580644
event_top1,development,spatial_p0005_l200,0.0005,2.0,978,124,158.0,124.0,0.7848101265822784,0.0967741935483871,0.43548387096774194,0.00971803150415883,0.002230763954738091,0.011642353833571373,0.029019741574357324,0.7016129032258065,0.43548387096774194
event_top1,development,spatial_p0005_l400,0.0005,4.0,978,124,158.0,124.0,0.7848101265822784,0.08064516129032258,0.4435483870967742,0.008859287859335464,0.002230763954738091,0.010484456715321722,0.027127951571002007,0.7096774193548387,0.4435483870967742
event_top1,development,spatial_p0010_l000,0.001,0.0,978,124,158.0,124.0,0.7848101265822784,0.08870967741935484,0.4112903225806452,0.011237939028907436,0.002843361822150836,0.011827638091752912,0.031165046253678292,0.6854838709677419,0.4112903225806452
event_top1,development,spatial_p0010_l025,0.001,0.25,978,124,158.0,124.0,0.7848101265822784,0.08870967741935484,0.41935483870967744,0.010472940046330011,0.0028306830548229245,0.011827638091752912,0.03228070892080488,0.6854838709677419,0.41935483870967744
event_top1,development,spatial_p0010_l050,0.001,0.5,978,124,158.0,124.0,0.7848101265822784,0.08870967741935484,0.4032258064516129,0.011308760047512753,0.002843361822150836,0.011827638091752912,0.03228070892080488,0.6854838709677419,0.4032258064516129
event_top1,development,spatial_p0010_l100,0.001,1.0,978,124,158.0,124.0,0.7848101265822784,0.0967741935483871,0.4112903225806452,0.011425539685576367,0.0028306830548229245,0.011827638091752912,0.03228070892080488,0.6774193548387096,0.4112903225806452
event_top1,development,spatial_p0010_l200,0.001,2.0,978,124,158.0,124.0,0.7848101265822784,0.0967741935483871,0.4032258064516129,0.01165145332818887,0.002843361822150836,0.012095245799327359,0.03318129519568516,0.6774193548387096,0.4032258064516129
event_top1,development,spatial_p0010_l400,0.001,4.0,978,124,158.0,124.0,0.7848101265822784,0.0967741935483871,0.4032258064516129,0.01163103775220259,0.002843361822150836,0.012095245799327359,0.03318129519568516,0.6774193548387096,0.4032258064516129
event_top1,development,spatial_p0015_l000,0.0015,0.0,978,124,158.0,124.0,0.7848101265822784,0.08870967741935484,0.4596774193548387,0.010576119785060248,0.0019894015254203756,0.012095245799327359,0.028468079693622486,0.6854838709677419,0.4596774193548387
event_top1,development,spatial_p0015_l025,0.0015,0.25,978,124,158.0,124.0,0.7848101265822784,0.08870967741935484,0.45161290322580644,0.010445916151563922,0.0025447082037467483,0.011761462169050718,0.03139419331051122,0.6935483870967742,0.45161290322580644
event_top1,development,spatial_p0015_l050,0.0015,0.5,978,124,158.0,124.0,0.7848101265822784,0.08870967741935484,0.4596774193548387,0.009707292168568396,0.0013841235934998197,0.011025119605251155,0.028468079693622486,0.7016129032258065,0.4596774193548387
event_top1,development,spatial_p0015_l100,0.0015,1.0,978,124,158.0,124.0,0.7848101265822784,0.08870967741935484,0.4435483870967742,0.010703611153816942,0.0027890766236278175,0.011827638091752912,0.03139419331051122,0.6774193548387096,0.4435483870967742
event_top1,development,spatial_p0015_l200,0.0015,2.0,978,124,158.0,124.0,0.7848101265822784,0.08870967741935484,0.45161290322580644,0.00878361673611932,0.002203316766219987,0.011025119605251155,0.027694638106667835,0.7016129032258065,0.45161290322580644
event_top1,development,spatial_p0015_l400,0.0015,4.0,978,124,158.0,124.0,0.7848101265822784,0.08870967741935484,0.45161290322580644,0.01074355479258948,0.0019894015254203756,0.01179369513421491,0.03171395507632993,0.6935483870967742,0.45161290322580644
event_top1,development,spatial_p0020_l000,0.002,0.0,978,124,158.0,124.0,0.7848101265822784,0.08870967741935484,0.4435483870967742,0.009439030782502758,0.0029319065731832072,0.011215378264392117,0.031165046253678292,0.6854838709677419,0.4435483870967742
event_top1,development,spatial_p0020_l025,0.002,0.25,978,124,158.0,124.0,0.7848101265822784,0.08870967741935484,0.43548387096774194,0.01143228228501921,0.0031128674294802483,0.014041566828969676,0.03318129519568516,0.6532258064516129,0.43548387096774194
event_top1,development,spatial_p0020_l050,0.002,0.5,978,124,158.0,124.0,0.7848101265822784,0.08870967741935484,0.45161290322580644,0.008820430669542455,0.0027890766236278175,0.010484456715321722,0.027694638106667835,0.7016129032258065,0.45161290322580644
event_top1,development,spatial_p0020_l100,0.002,1.0,978,124,158.0,124.0,0.7848101265822784,0.08870967741935484,0.4596774193548387,0.008558918707450033,0.001845450579908814,0.011761462169050718,0.027694638106667835,0.6935483870967742,0.4596774193548387
event_top1,development,spatial_p0020_l200,0.002,2.0,978,124,158.0,124.0,0.7848101265822784,0.08870967741935484,0.43548387096774194,0.010280668257166128,0.0027890766236278175,0.011761462169050718,0.027694638106667835,0.6935483870967742,0.43548387096774194
event_top1,development,spatial_p0020_l400,0.002,4.0,978,124,158.0,124.0,0.7848101265822784,0.08870967741935484,0.4596774193548387,0.009451351905833183,0.001845450579908814,0.011827638091752912,0.028468079693622486,0.6854838709677419,0.4596774193548387
event_top1,development,spatial_p0025_l000,0.0025,0.0,978,124,158.0,124.0,0.7848101265822784,0.10483870967741936,0.3951612903225806,0.011499606786753052,0.00326725744501144,0.012852508666752527,0.0359978962221403,0.6612903225806451,0.3951612903225806
event_top1,development,spatial_p0025_l025,0.0025,0.25,978,124,158.0,124.0,0.7848101265822784,0.08870967741935484,0.4112903225806452,0.010894929038751597,0.003189641186177372,0.011998546903834784,0.03572310033217668,0.6774193548387096,0.4112903225806452
event_top1,development,spatial_p0025_l050,0.0025,0.5,978,124,158.0,124.0,0.7848101265822784,0.08870967741935484,0.4112903225806452,0.010485327447534002,0.003189641186177372,0.011761462169050718,0.03171395507632993,0.6774193548387096,0.4112903225806452
event_top1,development,spatial_p0025_l100,0.0025,1.0,978,124,158.0,124.0,0.7848101265822784,0.0967741935483871,0.4112903225806452,0.010172208751225853,0.0031526703167106263,0.011761462169050718,0.028468079693622486,0.6774193548387096,0.4112903225806452
event_top1,development,spatial_p0025_l200,0.0025,2.0,978,124,158.0,124.0,0.7848101265822784,0.08870967741935484,0.45161290322580644,0.01027134870753097,0.0022485721109036794,0.011025119605251155,0.0310855249402927,0.7016129032258065,0.45161290322580644
event_top1,development,spatial_p0025_l400,0.0025,4.0,978,124,158.0,124.0,0.7848101265822784,0.08870967741935484,0.41935483870967744,0.010610182860614985,0.003051852577443115,0.011025119605251155,0.0310855249402927,0.6854838709677419,0.41935483870967744
event_top1,development,spatial_p0030_l000,0.003,0.0,978,124,158.0,124.0,0.7848101265822784,0.0967741935483871,0.4112903225806452,0.011248578478351074,0.0033165572730092796,0.011998546903834784,0.03363384886452094,0.6693548387096774,0.4112903225806452
event_top1,development,spatial_p0030_l025,0.003,0.25,978,124,158.0,124.0,0.7848101265822784,0.0967741935483871,0.3790322580645161,0.01247020423706822,0.0036716344063804085,0.015068114734742455,0.03616602472597675,0.6451612903225806,0.3790322580645161
event_top1,development,spatial_p0030_l050,0.003,0.5,978,124,158.0,124.0,0.7848101265822784,0.0967741935483871,0.4112903225806452,0.011450494389078159,0.0031128674294802483,0.011761462169050718,0.03307060395149759,0.6774193548387096,0.4112903225806452
event_top1,development,spatial_p0030_l100,0.003,1.0,978,124,158.0,124.0,0.7848101265822784,0.10483870967741936,0.3951612903225806,0.013211353523386005,0.0034501010838861035,0.012852508666752527,0.03363384886452094,0.6451612903225806,0.3951612903225806
event_top1,development,spatial_p0030_l200,0.003,2.0,978,124,158.0,124.0,0.7848101265822784,0.08870967741935484,0.4032258064516129,0.011308979572560147,0.0033165572730092796,0.011998546903834784,0.03363384886452094,0.6693548387096774,0.4032258064516129
event_top1,development,spatial_p0030_l400,0.003,4.0,978,124,158.0,124.0,0.7848101265822784,0.08870967741935484,0.3951612903225806,0.010713985133861436,0.0033165572730092796,0.011761462169050718,0.03307060395149759,0.6693548387096774,0.3951612903225806
event_top1,development,spatial_p0035_l000,0.0035,0.0,978,124,158.0,124.0,0.7848101265822784,0.0967741935483871,0.3951612903225806,0.012260075939503283,0.0034501010838861035,0.013689616629800172,0.0337461418469045,0.6451612903225806,0.3951612903225806
event_top1,development,spatial_p0035_l025,0.0035,0.25,978,124,158.0,124.0,0.7848101265822784,0.08870967741935484,0.3629032258064516,0.013726363205741443,0.004297551054276094,0.015716798676817967,0.036908137188345444,0.6209677419354839,0.3629032258064516
event_top1,development,spatial_p0035_l050,0.0035,0.5,978,124,158.0,124.0,0.7848101265822784,0.08870967741935484,0.3951612903225806,0.01182042137558802,0.004595609412422763,0.014451083614682836,0.03363384886452094,0.6290322580645161,0.3951612903225806
event_top1,development,spatial_p0035_l100,0.0035,1.0,978,124,158.0,124.0,0.7848101265822784,0.0967741935483871,0.3790322580645161,0.011765986174338841,0.0036716344063804085,0.014399520143686784,0.033570327364284024,0.6370967741935484,0.3790322580645161
event_top1,development,spatial_p0035_l200,0.0035,2.0,978,124,158.0,124.0,0.7848101265822784,0.08870967741935484,0.3951612903225806,0.01091809617071806,0.0033165572730092796,0.010819070464066827,0.03307060395149759,0.6774193548387096,0.3951612903225806
event_top1,development,spatial_p0035_l400,0.0035,4.0,978,124,158.0,124.0,0.7848101265822784,0.08870967741935484,0.4112903225806452,0.01095118975512885,0.00326725744501144,0.0111320004263184,0.03307060395149759,0.6612903225806451,0.4112903225806452
event_top1,development,spatial_p0040_l000,0.004,0.0,978,124,158.0,124.0,0.7848101265822784,0.08870967741935484,0.3790322580645161,0.012325524516454637,0.004024047304007072,0.014041566828969676,0.03440048085970962,0.6370967741935484,0.3790322580645161
event_top1,development,spatial_p0040_l025,0.004,0.25,978,124,158.0,124.0,0.7848101265822784,0.10483870967741936,0.3629032258064516,0.012239788088890357,0.004297551054276094,0.01703842273451245,0.035991864123335354,0.6048387096774194,0.3629032258064516
event_top1,development,spatial_p0040_l050,0.004,0.5,978,124,158.0,124.0,0.7848101265822784,0.11290322580645161,0.3709677419354839,0.011407829269771373,0.0038004583219500843,0.014041566828969676,0.03363384886452094,0.6451612903225806,0.3709677419354839
event_top1,development,spatial_p0040_l100,0.004,1.0,978,124,158.0,124.0,0.7848101265822784,0.10483870967741936,0.3790322580645161,0.011844486390759213,0.0034501010838861035,0.013731070820442726,0.03363384886452094,0.6532258064516129,0.3790322580645161
event_top1,development,spatial_p0040_l200,0.004,2.0,978,124,158.0,124.0,0.7848101265822784,0.08870967741935484,0.3951612903225806,0.011929080514826005,0.0038004583219500843,0.013689616629800172,0.03363384886452094,0.6451612903225806,0.3951612903225806
event_top1,development,spatial_p0040_l400,0.004,4.0,978,124,158.0,124.0,0.7848101265822784,0.08870967741935484,0.3790322580645161,0.012796377110430123,0.0038004583219500843,0.014451083614682836,0.03440048085970962,0.6370967741935484,0.3790322580645161
event_top1,development,spatial_p0060_l000,0.006,0.0,978,124,158.0,124.0,0.7848101265822784,0.12096774193548387,0.3467741935483871,0.014494482587484281,0.005111293043302156,0.019996815097754916,0.038264267193787574,0.5967741935483871,0.3467741935483871
event_top1,development,spatial_p0060_l025,0.006,0.25,978,124,158.0,124.0,0.7848101265822784,0.12903225806451613,0.3467741935483871,0.01368188714393895,0.004746914295188476,0.019911850384559004,0.03683349693007056,0.6129032258064516,0.3467741935483871
event_top1,development,spatial_p0060_l050,0.006,0.5,978,124,158.0,124.0,0.7848101265822784,0.12903225806451613,0.3225806451612903,0.014532350662842917,0.006054037237537835,0.021200568239060247,0.03683349693007056,0.5725806451612904,0.3225806451612903
event_top1,development,spatial_p0060_l100,0.006,1.0,978,124,158.0,124.0,0.7848101265822784,0.12903225806451613,0.3225806451612903,0.015116977678938102,0.005436315166940764,0.02046097469137187,0.03683349693007056,0.5967741935483871,0.3225806451612903
event_top1,development,spatial_p0060_l200,0.006,2.0,978,124,158.0,124.0,0.7848101265822784,0.0967741935483871,0.3548387096774194,0.0146103974106356,0.005111293043302156,0.017899597140940193,0.03440048085970962,0.5967741935483871,0.3548387096774194
event_top1,development,spatial_p0060_l400,0.006,4.0,978,124,158.0,124.0,0.7848101265822784,0.10483870967741936,0.3467741935483871,0.015055076263428743,0.005111293043302156,0.021044191728592287,0.037579660609888724,0.5967741935483871,0.3467741935483871
event_top1,development,spatial_p0080_l000,0.008,0.0,978,124,158.0,124.0,0.7848101265822784,0.1693548387096774,0.31451612903225806,0.01718652591625029,0.006313931586532262,0.023787776630667445,0.036908137188345444,0.5645161290322581,0.31451612903225806
event_top1,development,spatial_p0080_l025,0.008,0.25,978,124,158.0,124.0,0.7848101265822784,0.1693548387096774,0.2903225806451613,0.01845833447805608,0.00636802862854513,0.0245264572805014,0.0441371540302749,0.5564516129032258,0.2903225806451613
event_top1,development,spatial_p0080_l050,0.008,0.5,978,124,158.0,124.0,0.7848101265822784,0.16129032258064516,0.33064516129032256,0.014323340178850499,0.0057426056375601275,0.019140651613841986,0.035991864123335354,0.5967741935483871,0.33064516129032256
event_top1,development,spatial_p0080_l100,0.008,1.0,978,124,158.0,124.0,0.7848101265822784,0.1693548387096774,0.3225806451612903,0.013730091070818719,0.005436315166940764,0.017543088140578977,0.03464638808635536,0.6048387096774194,0.3225806451612903
event_top1,development,spatial_p0080_l200,0.008,2.0,978,124,158.0,124.0,0.7848101265822784,0.1532258064516129,0.33064516129032256,0.015486986801916016,0.006054037237537835,0.020664225169283013,0.036908137188345444,0.5806451612903226,0.33064516129032256
event_top1,development,spatial_p0080_l400,0.008,4.0,978,124,158.0,124.0,0.7848101265822784,0.1693548387096774,0.3225806451612903,0.014203838578451177,0.0057426056375601275,0.018769379564505084,0.03464638808635536,0.6048387096774194,0.3225806451612903
event_top1,development,spatial_p0100_l000,0.01,0.0,978,124,158.0,124.0,0.7848101265822784,0.1935483870967742,0.31451612903225806,0.016535589649866782,0.00581077708527622,0.02054593940456778,0.03683349693007056,0.5967741935483871,0.31451612903225806
event_top1,development,spatial_p0100_l025,0.01,0.25,978,124,158.0,124.0,0.7848101265822784,0.1935483870967742,0.29838709677419356,0.016826993838568494,0.005195355405019919,0.02286684176466447,0.04122809404459854,0.6129032258064516,0.29838709677419356
event_top1,development,spatial_p0100_l050,0.01,0.5,978,124,158.0,124.0,0.7848101265822784,0.1935483870967742,0.25,0.017253635394649,0.006054037237537835,0.02286684176466447,0.03873999581484524,0.5725806451612904,0.25
event_top1,development,spatial_p0100_l100,0.01,1.0,978,124,158.0,124.0,0.7848101265822784,0.1935483870967742,0.2661290322580645,0.015792809749596168,0.0063554662132274675,0.02054593940456778,0.036908137188345444,0.5645161290322581,0.2661290322580645
event_top1,development,spatial_p0100_l200,0.01,2.0,978,124,158.0,124.0,0.7848101265822784,0.1693548387096774,0.2661290322580645,0.01718592757434992,0.0063554662132274675,0.023129739967954366,0.038061300046332396,0.5645161290322581,0.2661290322580645
event_top1,development,spatial_p0100_l400,0.01,4.0,978,124,158.0,124.0,0.7848101265822784,0.1774193548387097,0.3064516129032258,0.013787196368844604,0.005188045732512858,0.01841257538322172,0.03434714887584611,0.6129032258064516,0.3064516129032258
event_top1,development,spatial_p0120_l000,0.012,0.0,978,124,158.0,124.0,0.7848101265822784,0.1935483870967742,0.2903225806451613,0.0155586595502665,0.0063554662132274675,0.02068312577444864,0.04127532585712629,0.5725806451612904,0.2903225806451613
event_top1,development,spatial_p0120_l025,0.012,0.25,978,124,158.0,124.0,0.7848101265822784,0.1693548387096774,0.3064516129032258,0.015350232516167371,0.00636802862854513,0.01981803407449584,0.03735356908503149,0.5806451612903226,0.3064516129032258
event_top1,development,spatial_p0120_l050,0.012,0.5,978,124,158.0,124.0,0.7848101265822784,0.18548387096774194,0.28225806451612906,0.015478556718919368,0.0065449636969953096,0.023129739967954366,0.03683349693007056,0.5645161290322581,0.28225806451612906
event_top1,development,spatial_p0120_l100,0.012,1.0,978,124,158.0,124.0,0.7848101265822784,0.18548387096774194,0.2903225806451613,0.014695781275592118,0.006054037237537835,0.019086044964385374,0.035991864123335354,0.5967741935483871,0.2903225806451613
event_top1,development,spatial_p0120_l200,0.012,2.0,978,124,158.0,124.0,0.7848101265822784,0.1774193548387097,0.27419354838709675,0.01613962364869638,0.006774833925762391,0.023129739967954366,0.038146497526660314,0.5403225806451613,0.27419354838709675
event_top1,development,spatial_p0120_l400,0.012,4.0,978,124,158.0,124.0,0.7848101265822784,0.1774193548387097,0.27419354838709675,0.015662933016470808,0.006638004808693365,0.02046240490330392,0.03673286164274834,0.5645161290322581,0.27419354838709675
event_top1,development,spatial_p0150_l000,0.015,0.0,978,124,158.0,124.0,0.7848101265822784,0.27419354838709675,0.22580645161290322,0.018954653970732954,0.0069106529572394715,0.025448161167746397,0.04289461207719682,0.532258064516129,0.22580645161290322
event_top1,development,spatial_p0150_l025,0.015,0.25,978,124,158.0,124.0,0.7848101265822784,0.3064516129032258,0.23387096774193547,0.018433733099102626,0.006651802612746671,0.024991959380883888,0.038927451733107896,0.5483870967741935,0.23387096774193547
event_top1,development,spatial_p0150_l050,0.015,0.5,978,124,158.0,124.0,0.7848101265822784,0.2903225806451613,0.22580645161290322,0.018498375272646885,0.006798288894678595,0.02592588969418691,0.038927451733107896,0.5403225806451613,0.22580645161290322
event_top1,development,spatial_p0150_l100,0.015,1.0,978,124,158.0,124.0,0.7848101265822784,0.25,0.25806451612903225,0.01712043602387703,0.006337146824067497,0.024043071579370467,0.038233715398261106,0.5806451612903226,0.25806451612903225
event_top1,development,spatial_p0150_l200,0.015,2.0,978,124,158.0,124.0,0.7848101265822784,0.24193548387096775,0.25,0.018222173871823327,0.006470632540180654,0.024991959380883888,0.03873999581484524,0.5483870967741935,0.25
event_top1,development,spatial_p0150_l400,0.015,4.0,978,124,158.0,124.0,0.7848101265822784,0.22580645161290322,0.23387096774193547,0.01738189838745165,0.006774833925762391,0.02316918746728841,0.03873999581484524,0.5403225806451613,0.23387096774193547
event_top1,development,spatial_p0200_l000,0.02,0.0,978,124,158.0,124.0,0.7848101265822784,0.33064516129032256,0.18548387096774194,0.01937749135083205,0.008889577379626257,0.02394975072819161,0.0412711526151377,0.4596774193548387,0.18548387096774194
event_top1,development,spatial_p0200_l025,0.02,0.25,978,124,158.0,124.0,0.7848101265822784,0.3225806451612903,0.18548387096774194,0.019115643935069312,0.008433022924241307,0.023787776630667445,0.044348263484734314,0.4838709677419355,0.18548387096774194
event_top1,development,spatial_p0200_l050,0.02,0.5,978,124,158.0,124.0,0.7848101265822784,0.2903225806451613,0.18548387096774194,0.019287509122328756,0.008592929078460432,0.024991959380883888,0.04280762615685889,0.4838709677419355,0.18548387096774194
event_top1,development,spatial_p0200_l100,0.02,1.0,978,124,158.0,124.0,0.7848101265822784,0.25806451612903225,0.21774193548387097,0.01886351870824786,0.006924331362340053,0.02428200526843921,0.038927451733107896,0.5241935483870968,0.21774193548387097
event_top1,development,spatial_p0200_l200,0.02,2.0,978,124,158.0,124.0,0.7848101265822784,0.25806451612903225,0.25,0.01829512605860381,0.0072028505271417576,0.024151110469873116,0.045062485498705,0.5161290322580645,0.25
event_top1,development,spatial_p0200_l400,0.02,4.0,978,124,158.0,124.0,0.7848101265822784,0.24193548387096775,0.24193548387096775,0.017670519350488908,0.0069106529572394715,0.023244038484830365,0.038927451733107896,0.5241935483870968,0.24193548387096775
event_top1,development,spatial_p0250_l000,0.025,0.0,978,124,158.0,124.0,0.7848101265822784,0.3387096774193548,0.18548387096774194,0.020175434491163647,0.009069309445039253,0.024506399113108757,0.04752562831200093,0.45161290322580644,0.18548387096774194
event_top1,development,spatial_p0250_l025,0.025,0.25,978,124,158.0,124.0,0.7848101265822784,0.31451612903225806,0.1774193548387097,0.020507519047021642,0.009462474077092553,0.02597472917290594,0.04752562831200093,0.45161290322580644,0.1774193548387097
event_top1,development,spatial_p0250_l050,0.025,0.5,978,124,158.0,124.0,0.7848101265822784,0.2903225806451613,0.18548387096774194,0.02078568346506171,0.009433730465504109,0.026061322516982732,0.049032163888634676,0.4435483870967742,0.18548387096774194
event_top1,development,spatial_p0250_l100,0.025,1.0,978,124,158.0,124.0,0.7848101265822784,0.27419354838709675,0.1935483870967742,0.0199321421147455,0.009141744009184105,0.023787776630667445,0.044614985893708166,0.4596774193548387,0.1935483870967742
event_top1,development,spatial_p0250_l200,0.025,2.0,978,124,158.0,124.0,0.7848101265822784,0.2661290322580645,0.18548387096774194,0.019374567658960257,0.008664428046956552,0.023244038484830365,0.044614985893708166,0.47580645161290325,0.18548387096774194
event_top1,development,spatial_p0250_l400,0.025,4.0,978,124,158.0,124.0,0.7848101265822784,0.2661290322580645,0.22580645161290322,0.018941658513989285,0.008433022924241307,0.02289179210384512,0.043362273922666915,0.49193548387096775,0.22580645161290322
event_top1,development,spatial_p0300_l000,0.03,0.0,978,124,158.0,124.0,0.7848101265822784,0.3548387096774194,0.1532258064516129,0.0206153161792737,0.008736291261390416,0.02689441004561194,0.04819822066864017,0.4596774193548387,0.1532258064516129
event_top1,development,spatial_p0300_l025,0.03,0.25,978,124,158.0,124.0,0.7848101265822784,0.3467741935483871,0.1935483870967742,0.019619935790812306,0.008592929078460432,0.02592588969418691,0.04419038261877724,0.47580645161290325,0.1935483870967742
event_top1,development,spatial_p0300_l050,0.03,0.5,978,124,158.0,124.0,0.7848101265822784,0.31451612903225806,0.20161290322580644,0.0196601206028674,0.008664428046956552,0.023244038484830365,0.04819822066864017,0.46774193548387094,0.20161290322580644
event_top1,development,spatial_p0300_l100,0.03,1.0,978,124,158.0,124.0,0.7848101265822784,0.31451612903225806,0.18548387096774194,0.02021871490038612,0.008664428046956552,0.026247313974345987,0.04752562831200093,0.46774193548387094,0.18548387096774194
event_top1,development,spatial_p0300_l200,0.03,2.0,978,124,158.0,124.0,0.7848101265822784,0.3064516129032258,0.20161290322580644,0.020394118156179687,0.009270519433294155,0.02592588969418691,0.04819822066864017,0.45161290322580644,0.20161290322580644
event_top1,development,spatial_p0300_l400,0.03,4.0,978,124,158.0,124.0,0.7848101265822784,0.31451612903225806,0.1774193548387097,0.01958923525039429,0.008592929078460432,0.02513053650554592,0.04419038261877724,0.4838709677419355,0.1774193548387097
event_top1,final_test,v3_n2_temporal,,0.0,391,42,61.0,42.0,0.6885245901639344,0.38095238095238093,0.2619047619047619,0.019600356067199915,0.011555691702206272,0.025736285950515803,0.05674096893825271,0.42857142857142855,0.2619047619047619
event_top1,final_test,v3_n2_stored_oos,,0.0,391,42,61.0,42.0,0.6885245901639344,0.4523809523809524,0.23809523809523808,0.018757029442572716,0.01199419412207725,0.019529535484302973,0.049890199412063685,0.35714285714285715,0.23809523809523808
event_top1,final_test,spatial_p0005_l000,0.0005,0.0,391,42,61.0,42.0,0.6885245901639344,0.19047619047619047,0.30952380952380953,0.017639542705432623,0.00970985843717831,0.01966175989323249,0.043545608803594635,0.42857142857142855,0.30952380952380953
event_top1,final_test,spatial_p0005_l025,0.0005,0.25,391,42,61.0,42.0,0.6885245901639344,0.19047619047619047,0.30952380952380953,0.0169314920100238,0.01062853926188767,0.01966175989323249,0.043545608803594635,0.42857142857142855,0.30952380952380953
event_top1,final_test,spatial_p0005_l050,0.0005,0.5,391,42,61.0,42.0,0.6885245901639344,0.19047619047619047,0.30952380952380953,0.016802806293665824,0.00970985843717831,0.017180074233651144,0.043545608803594635,0.4523809523809524,0.30952380952380953
event_top1,final_test,spatial_p0005_l100,0.0005,1.0,391,42,61.0,42.0,0.6885245901639344,0.19047619047619047,0.3333333333333333,0.016664429501209648,0.009075649231749194,0.017501307099503982,0.043545608803594635,0.4523809523809524,0.3333333333333333
event_top1,final_test,spatial_p0005_l200,0.0005,2.0,391,42,61.0,42.0,0.6885245901639344,0.19047619047619047,0.30952380952380953,0.016042544029893517,0.00970985843717831,0.0166369631045713,0.04015920269299706,0.4523809523809524,0.30952380952380953
event_top1,final_test,spatial_p0005_l400,0.0005,4.0,391,42,61.0,42.0,0.6885245901639344,0.19047619047619047,0.30952380952380953,0.01618191457522981,0.00970985843717831,0.017501307099503982,0.043545608803594635,0.4523809523809524,0.30952380952380953
event_top1,final_test,spatial_p0010_l000,0.001,0.0,391,42,61.0,42.0,0.6885245901639344,0.19047619047619047,0.30952380952380953,0.015048408496814674,0.00830414783749589,0.018232439176199322,0.04041741997499044,0.47619047619047616,0.30952380952380953
event_top1,final_test,spatial_p0010_l025,0.001,0.25,391,42,61.0,42.0,0.6885245901639344,0.19047619047619047,0.2857142857142857,0.015132527941467836,0.009075649231749194,0.018232439176199322,0.0381126729821531,0.4523809523809524,0.2857142857142857
event_top1,final_test,spatial_p0010_l050,0.001,0.5,391,42,61.0,42.0,0.6885245901639344,0.19047619047619047,0.35714285714285715,0.013650201603730368,0.007411951031957242,0.01615843503412051,0.03594635623946078,0.5238095238095238,0.35714285714285715
event_top1,final_test,spatial_p0010_l100,0.001,1.0,391,42,61.0,42.0,0.6885245901639344,0.19047619047619047,0.30952380952380953,0.014913958056366548,0.007943625274209998,0.01615843503412051,0.04017890754240307,0.5,0.30952380952380953
event_top1,final_test,spatial_p0010_l200,0.001,2.0,391,42,61.0,42.0,0.6885245901639344,0.19047619047619047,0.30952380952380953,0.015315804032611246,0.009075649231749194,0.0166369631045713,0.04017890754240307,0.47619047619047616,0.30952380952380953
event_top1,final_test,spatial_p0010_l400,0.001,4.0,391,42,61.0,42.0,0.6885245901639344,0.19047619047619047,0.3333333333333333,0.013833020209037475,0.007553636324627022,0.01615843503412051,0.03594635623946078,0.5238095238095238,0.3333333333333333
event_top1,final_test,spatial_p0015_l000,0.0015,0.0,391,42,61.0,42.0,0.6885245901639344,0.19047619047619047,0.3333333333333333,0.015681247743738944,0.007919563133317209,0.016839030633606034,0.04041741997499044,0.5,0.3333333333333333
event_top1,final_test,spatial_p0015_l025,0.0015,0.25,391,42,61.0,42.0,0.6885245901639344,0.19047619047619047,0.3333333333333333,0.017058574307862645,0.00830414783749589,0.01966175989323249,0.043545608803594635,0.47619047619047616,0.3333333333333333
event_top1,final_test,spatial_p0015_l050,0.0015,0.5,391,42,61.0,42.0,0.6885245901639344,0.19047619047619047,0.3333333333333333,0.014816221070290195,0.007919563133317209,0.018232439176199322,0.04041741997499044,0.5,0.3333333333333333
event_top1,final_test,spatial_p0015_l100,0.0015,1.0,391,42,61.0,42.0,0.6885245901639344,0.19047619047619047,0.30952380952380953,0.015232232136342557,0.00830414783749589,0.01843920216640904,0.04041741997499044,0.47619047619047616,0.30952380952380953
event_top1,final_test,spatial_p0015_l200,0.0015,2.0,391,42,61.0,42.0,0.6885245901639344,0.19047619047619047,0.3333333333333333,0.0147413737069104,0.008062966127077131,0.018232439176199322,0.0381126729821531,0.5,0.3333333333333333
event_top1,final_test,spatial_p0015_l400,0.0015,4.0,391,42,61.0,42.0,0.6885245901639344,0.19047619047619047,0.30952380952380953,0.01509622742130957,0.008062966127077131,0.018232439176199322,0.04041741997499044,0.5,0.30952380952380953
event_top1,final_test,spatial_p0020_l000,0.002,0.0,391,42,61.0,42.0,0.6885245901639344,0.19047619047619047,0.30952380952380953,0.018206456359572958,0.008938357042925005,0.020398614770439805,0.055310754610377516,0.47619047619047616,0.30952380952380953
event_top1,final_test,spatial_p0020_l025,0.002,0.25,391,42,61.0,42.0,0.6885245901639344,0.19047619047619047,0.3333333333333333,0.01909433820273878,0.009374348655745601,0.020398614770439805,0.0555375261167989,0.47619047619047616,0.3333333333333333
event_top1,final_test,spatial_p0020_l050,0.002,0.5,391,42,61.0,42.0,0.6885245901639344,0.19047619047619047,0.30952380952380953,0.01792370020057436,0.00830414783749589,0.018232439176199322,0.04719123516390366,0.47619047619047616,0.30952380952380953
event_top1,final_test,spatial_p0020_l100,0.002,1.0,391,42,61.0,42.0,0.6885245901639344,0.19047619047619047,0.2857142857142857,0.017507471417397138,0.009081760036684927,0.018232439176199322,0.055310754610377516,0.4523809523809524,0.2857142857142857
event_top1,final_test,spatial_p0020_l200,0.002,2.0,391,42,61.0,42.0,0.6885245901639344,0.19047619047619047,0.3333333333333333,0.01727425334212325,0.00830414783749589,0.016839030633606034,0.04719123516390366,0.47619047619047616,0.3333333333333333
event_top1,final_test,spatial_p0020_l400,0.002,4.0,391,42,61.0,42.0,0.6885245901639344,0.19047619047619047,0.2857142857142857,0.01733762572657522,0.010008557861174716,0.020398614770439805,0.04719123516390366,0.42857142857142855,0.2857142857142857
event_top1,final_test,spatial_p0025_l000,0.0025,0.0,391,42,61.0,42.0,0.6885245901639344,0.19047619047619047,0.2857142857142857,0.017157762198707936,0.010921127880948345,0.018585797786362157,0.054988687142511,0.4523809523809524,0.2857142857142857
event_top1,final_test,spatial_p0025_l025,0.0025,0.25,391,42,61.0,42.0,0.6885245901639344,0.19047619047619047,0.30952380952380953,0.018703049846252474,0.010921127880948345,0.020398614770439805,0.0555375261167989,0.4523809523809524,0.30952380952380953
event_top1,final_test,spatial_p0025_l050,0.0025,0.5,391,42,61.0,42.0,0.6885245901639344,0.19047619047619047,0.30952380952380953,0.016854864698228913,0.008721237473399035,0.01770548864384891,0.0555375261167989,0.5,0.30952380952380953
event_top1,final_test,spatial_p0025_l100,0.0025,1.0,391,42,61.0,42.0,0.6885245901639344,0.19047619047619047,0.2619047619047619,0.018550075158600594,0.011555691702206272,0.020398614770439805,0.04741800667032505,0.42857142857142855,0.2619047619047619
event_top1,final_test,spatial_p0025_l200,0.0025,2.0,391,42,61.0,42.0,0.6885245901639344,0.19047619047619047,0.2857142857142857,0.018105921207405486,0.011555691702206272,0.023965658600155204,0.043545608803594635,0.4523809523809524,0.2857142857142857
event_top1,final_test,spatial_p0025_l400,0.0025,4.0,391,42,61.0,42.0,0.6885245901639344,0.19047619047619047,0.2857142857142857,0.018552180491087977,0.011555691702206272,0.02177317453408467,0.055310754610377516,0.4523809523809524,0.2857142857142857
event_top1,final_test,spatial_p0030_l000,0.003,0.0,391,42,61.0,42.0,0.6885245901639344,0.19047619047619047,0.2619047619047619,0.018657885995889783,0.011059948382492135,0.020776754776281492,0.0555375261167989,0.42857142857142855,0.2619047619047619
event_top1,final_test,spatial_p0030_l025,0.003,0.25,391,42,61.0,42.0,0.6885245901639344,0.19047619047619047,0.2619047619047619,0.020234141367526697,0.011696295010035995,0.02095240495373163,0.055682575954011305,0.42857142857142855,0.2619047619047619
event_top1,final_test,spatial_p0030_l050,0.003,0.5,391,42,61.0,42.0,0.6885245901639344,0.19047619047619047,0.23809523809523808,0.0196098071152557,0.011913594591528298,0.02095240495373163,0.0555375261167989,0.40476190476190477,0.23809523809523808
event_top1,final_test,spatial_p0030_l100,0.003,1.0,391,42,61.0,42.0,0.6885245901639344,0.19047619047619047,0.23809523809523808,0.02026995994629911,0.011696295010035995,0.020776754776281492,0.0555375261167989,0.40476190476190477,0.23809523809523808
event_top1,final_test,spatial_p0030_l200,0.003,2.0,391,42,61.0,42.0,0.6885245901639344,0.19047619047619047,0.2619047619047619,0.018468086057306293,0.010008557861174716,0.018585797786362157,0.054988687142511,0.4523809523809524,0.2619047619047619
event_top1,final_test,spatial_p0030_l400,0.003,4.0,391,42,61.0,42.0,0.6885245901639344,0.19047619047619047,0.30952380952380953,0.017728232346304426,0.01043996698177918,0.021227452265208835,0.04741800667032505,0.47619047619047616,0.30952380952380953
event_top1,final_test,spatial_p0035_l000,0.0035,0.0,391,42,61.0,42.0,0.6885245901639344,0.19047619047619047,0.23809523809523808,0.019184484795782445,0.011059948382492135,0.023965658600155204,0.0555375261167989,0.40476190476190477,0.23809523809523808
event_top1,final_test,spatial_p0035_l025,0.0035,0.25,391,42,61.0,42.0,0.6885245901639344,0.19047619047619047,0.2619047619047619,0.0191961942945092,0.011696295010035995,0.023908354808012733,0.04741800667032505,0.42857142857142855,0.2619047619047619
event_top1,final_test,spatial_p0035_l050,0.0035,0.5,391,42,61.0,42.0,0.6885245901639344,0.19047619047619047,0.23809523809523808,0.02050130708387173,0.011555691702206272,0.023908354808012733,0.0555375261167989,0.42857142857142855,0.23809523809523808
event_top1,final_test,spatial_p0035_l100,0.0035,1.0,391,42,61.0,42.0,0.6885245901639344,0.19047619047619047,0.21428571428571427,0.019887186873379144,0.011555691702206272,0.018585797786362157,0.0555375261167989,0.42857142857142855,0.21428571428571427
event_top1,final_test,spatial_p0035_l200,0.0035,2.0,391,42,61.0,42.0,0.6885245901639344,0.19047619047619047,0.2619047619047619,0.019119691433629096,0.01043996698177918,0.018585797786362157,0.0555375261167989,0.4523809523809524,0.2619047619047619
event_top1,final_test,spatial_p0035_l400,0.0035,4.0,391,42,61.0,42.0,0.6885245901639344,0.19047619047619047,0.2857142857142857,0.019409563287369154,0.008804483100040228,0.020398614770439805,0.0555375261167989,0.5,0.2857142857142857
event_top1,final_test,spatial_p0040_l000,0.004,0.0,391,42,61.0,42.0,0.6885245901639344,0.19047619047619047,0.21428571428571427,0.019629692941522756,0.010921127880948345,0.023908354808012733,0.0455865523613871,0.40476190476190477,0.21428571428571427
event_top1,final_test,spatial_p0040_l025,0.004,0.25,391,42,61.0,42.0,0.6885245901639344,0.19047619047619047,0.23809523809523808,0.018303143011873222,0.011555691702206272,0.020780493577304215,0.04044323991861051,0.40476190476190477,0.23809523809523808
event_top1,final_test,spatial_p0040_l050,0.004,0.5,391,42,61.0,42.0,0.6885245901639344,0.21428571428571427,0.23809523809523808,0.019569037636581226,0.011913594591528298,0.020780493577304215,0.0455865523613871,0.40476190476190477,0.23809523809523808
event_top1,final_test,spatial_p0040_l100,0.004,1.0,391,42,61.0,42.0,0.6885245901639344,0.19047619047619047,0.23809523809523808,0.018518543280223367,0.011059948382492135,0.020780493577304215,0.0555375261167989,0.42857142857142855,0.23809523809523808
event_top1,final_test,spatial_p0040_l200,0.004,2.0,391,42,61.0,42.0,0.6885245901639344,0.19047619047619047,0.23809523809523808,0.020214580250295117,0.011696295010035995,0.02847934916701561,0.04741800667032505,0.40476190476190477,0.23809523809523808
event_top1,final_test,spatial_p0040_l400,0.004,4.0,391,42,61.0,42.0,0.6885245901639344,0.19047619047619047,0.21428571428571427,0.020376167224121815,0.011913594591528298,0.02847934916701561,0.0555375261167989,0.38095238095238093,0.21428571428571427
event_top1,final_test,spatial_p0060_l000,0.006,0.0,391,42,61.0,42.0,0.6885245901639344,0.19047619047619047,0.23809523809523808,0.020514828159617242,0.011555691702206272,0.028679653491279544,0.0555375261167989,0.40476190476190477,0.23809523809523808
event_top1,final_test,spatial_p0060_l025,0.006,0.25,391,42,61.0,42.0,0.6885245901639344,0.19047619047619047,0.2619047619047619,0.019283998515271225,0.010921127880948345,0.020604843399854078,0.0555375261167989,0.42857142857142855,0.2619047619047619
event_top1,final_test,spatial_p0060_l050,0.006,0.5,391,42,61.0,42.0,0.6885245901639344,0.19047619047619047,0.23809523809523808,0.02081763270601625,0.011710877430580968,0.028679653491279544,0.0555375261167989,0.38095238095238093,0.23809523809523808
event_top1,final_test,spatial_p0060_l100,0.006,1.0,391,42,61.0,42.0,0.6885245901639344,0.21428571428571427,0.23809523809523808,0.019705058443102323,0.011710877430580968,0.023908354808012733,0.04590861982925362,0.38095238095238093,0.23809523809523808
event_top1,final_test,spatial_p0060_l200,0.006,2.0,391,42,61.0,42.0,0.6885245901639344,0.19047619047619047,0.2619047619047619,0.01961192869933324,0.010921127880948345,0.023908354808012733,0.0555375261167989,0.42857142857142855,0.2619047619047619
event_top1,final_test,spatial_p0060_l400,0.006,4.0,391,42,61.0,42.0,0.6885245901639344,0.19047619047619047,0.2619047619047619,0.019713524988497242,0.010238409221816624,0.027861371482542474,0.0555375261167989,0.42857142857142855,0.2619047619047619
event_top1,final_test,spatial_p0080_l000,0.008,0.0,391,42,61.0,42.0,0.6885245901639344,0.23809523809523808,0.2619047619047619,0.017688006199367893,0.010418086029601925,0.016839030633606034,0.04590861982925362,0.4523809523809524,0.2619047619047619
event_top1,final_test,spatial_p0080_l025,0.008,0.25,391,42,61.0,42.0,0.6885245901639344,0.23809523809523808,0.23809523809523808,0.018768160410679573,0.010008557861174716,0.023235339603515426,0.04590861982925362,0.4523809523809524,0.23809523809523808
event_top1,final_test,spatial_p0080_l050,0.008,0.5,391,42,61.0,42.0,0.6885245901639344,0.2619047619047619,0.2619047619047619,0.01704268384772012,0.008804483100040228,0.01615843503412051,0.043545608803594635,0.5,0.2619047619047619
event_top1,final_test,spatial_p0080_l100,0.008,1.0,391,42,61.0,42.0,0.6885245901639344,0.23809523809523808,0.2619047619047619,0.018470367875765697,0.00994582060275595,0.020604843399854078,0.054784925468325515,0.47619047619047616,0.2619047619047619
event_top1,final_test,spatial_p0080_l200,0.008,2.0,391,42,61.0,42.0,0.6885245901639344,0.23809523809523808,0.23809523809523808,0.019434480842613705,0.01043996698177918,0.023235339603515426,0.0555375261167989,0.4523809523809524,0.23809523809523808
event_top1,final_test,spatial_p0080_l400,0.008,4.0,391,42,61.0,42.0,0.6885245901639344,0.19047619047619047,0.2619047619047619,0.01802542769707299,0.010008557861174716,0.01777002791726412,0.054784925468325515,0.4523809523809524,0.2619047619047619
event_top1,final_test,spatial_p0100_l000,0.01,0.0,391,42,61.0,42.0,0.6885245901639344,0.23809523809523808,0.2619047619047619,0.017854354374555594,0.00970985843717831,0.02255096226269082,0.04590861982925362,0.47619047619047616,0.2619047619047619
event_top1,final_test,spatial_p0100_l025,0.01,0.25,391,42,61.0,42.0,0.6885245901639344,0.2619047619047619,0.23809523809523808,0.017909616044914207,0.009672935769991176,0.02255096226269082,0.04590861982925362,0.47619047619047616,0.23809523809523808
event_top1,final_test,spatial_p0100_l050,0.01,0.5,391,42,61.0,42.0,0.6885245901639344,0.23809523809523808,0.23809523809523808,0.018906407987249317,0.010238409221816624,0.02255096226269082,0.04741800667032505,0.4523809523809524,0.23809523809523808
event_top1,final_test,spatial_p0100_l100,0.01,1.0,391,42,61.0,42.0,0.6885245901639344,0.19047619047619047,0.30952380952380953,0.017357359013223578,0.008833535271805637,0.02255096226269082,0.04590861982925362,0.5,0.30952380952380953
event_top1,final_test,spatial_p0100_l200,0.01,2.0,391,42,61.0,42.0,0.6885245901639344,0.21428571428571427,0.23809523809523808,0.01746880333424213,0.00970985843717831,0.017726231820611393,0.045198092012466946,0.47619047619047616,0.23809523809523808
event_top1,final_test,spatial_p0100_l400,0.01,4.0,391,42,61.0,42.0,0.6885245901639344,0.19047619047619047,0.30952380952380953,0.018186667891035735,0.008804483100040228,0.02753377422265707,0.04590861982925362,0.5,0.30952380952380953
event_top1,final_test,spatial_p0120_l000,0.012,0.0,391,42,61.0,42.0,0.6885245901639344,0.2619047619047619,0.21428571428571427,0.019001439960413154,0.010008557861174716,0.026988051953781234,0.04334184712940915,0.42857142857142855,0.21428571428571427
event_top1,final_test,spatial_p0120_l025,0.012,0.25,391,42,61.0,42.0,0.6885245901639344,0.2619047619047619,0.2619047619047619,0.018990730509351787,0.01043996698177918,0.023235339603515426,0.04590861982925362,0.42857142857142855,0.2619047619047619
event_top1,final_test,spatial_p0120_l050,0.012,0.5,391,42,61.0,42.0,0.6885245901639344,0.2857142857142857,0.23809523809523808,0.018548170823518124,0.010678875285645484,0.01843920216640904,0.04590861982925362,0.4523809523809524,0.23809523809523808
event_top1,final_test,spatial_p0120_l100,0.012,1.0,391,42,61.0,42.0,0.6885245901639344,0.2857142857142857,0.23809523809523808,0.018336687482298136,0.010008557861174716,0.01843920216640904,0.04590861982925362,0.47619047619047616,0.23809523809523808
event_top1,final_test,spatial_p0120_l200,0.012,2.0,391,42,61.0,42.0,0.6885245901639344,0.2857142857142857,0.30952380952380953,0.01782502280030099,0.007660944092161004,0.02255096226269082,0.04590861982925362,0.5238095238095238,0.30952380952380953
event_top1,final_test,spatial_p0120_l400,0.012,4.0,391,42,61.0,42.0,0.6885245901639344,0.21428571428571427,0.2619047619047619,0.019739623811277057,0.01043996698177918,0.02847934916701561,0.0555375261167989,0.4523809523809524,0.2619047619047619
event_top1,final_test,spatial_p0150_l000,0.015,0.0,391,42,61.0,42.0,0.6885245901639344,0.3333333333333333,0.14285714285714285,0.020495254201444806,0.011579472739800756,0.028600176220073326,0.05182765675977611,0.38095238095238093,0.14285714285714285
event_top1,final_test,spatial_p0150_l025,0.015,0.25,391,42,61.0,42.0,0.6885245901639344,0.2619047619047619,0.16666666666666666,0.019450906250399462,0.010238409221816624,0.02483379791512802,0.04686916769603714,0.42857142857142855,0.16666666666666666
event_top1,final_test,spatial_p0150_l050,0.015,0.5,391,42,61.0,42.0,0.6885245901639344,0.2857142857142857,0.16666666666666666,0.019942322472406054,0.011913594591528298,0.023235339603515426,0.04686916769603714,0.38095238095238093,0.16666666666666666
event_top1,final_test,spatial_p0150_l100,0.015,1.0,391,42,61.0,42.0,0.6885245901639344,0.2857142857142857,0.19047619047619047,0.019663525940056485,0.011913594591528298,0.02348186745053138,0.04666540602185166,0.38095238095238093,0.19047619047619047
event_top1,final_test,spatial_p0150_l200,0.015,2.0,391,42,61.0,42.0,0.6885245901639344,0.2619047619047619,0.19047619047619047,0.020087947694098766,0.011059948382492135,0.028008806723719082,0.0555375261167989,0.40476190476190477,0.19047619047619047
event_top1,final_test,spatial_p0150_l400,0.015,4.0,391,42,61.0,42.0,0.6885245901639344,0.30952380952380953,0.21428571428571427,0.019569555349224423,0.011059948382492135,0.024498511036474935,0.043545608803594635,0.40476190476190477,0.21428571428571427
event_top1,final_test,spatial_p0200_l000,0.02,0.0,391,42,61.0,42.0,0.6885245901639344,0.2857142857142857,0.19047619047619047,0.018794745618970442,0.010008557861174716,0.023235339603515426,0.05531741787034316,0.4523809523809524,0.19047619047619047
event_top1,final_test,spatial_p0200_l025,0.02,0.25,391,42,61.0,42.0,0.6885245901639344,0.23809523809523808,0.2857142857142857,0.018653703198358646,0.010008557861174716,0.02525597593959411,0.04686916769603714,0.42857142857142855,0.2857142857142857
event_top1,final_test,spatial_p0200_l050,0.02,0.5,391,42,61.0,42.0,0.6885245901639344,0.2619047619047619,0.2857142857142857,0.018438528119431467,0.00970985843717831,0.019501031504860156,0.055705878219263316,0.47619047619047616,0.2857142857142857
event_top1,final_test,spatial_p0200_l100,0.02,1.0,391,42,61.0,42.0,0.6885245901639344,0.2857142857142857,0.2619047619047619,0.018596976980241226,0.010147378362718507,0.019501031504860156,0.05531741787034316,0.4523809523809524,0.2619047619047619
event_top1,final_test,spatial_p0200_l200,0.02,2.0,391,42,61.0,42.0,0.6885245901639344,0.30952380952380953,0.21428571428571427,0.017577774912342053,0.008827424466869904,0.01770548864384891,0.055218079319464375,0.5,0.21428571428571427
event_top1,final_test,spatial_p0200_l400,0.02,4.0,391,42,61.0,42.0,0.6885245901639344,0.2857142857142857,0.21428571428571427,0.019383719423373004,0.011555691702206272,0.019501031504860156,0.05531741787034316,0.40476190476190477,0.21428571428571427
event_top1,final_test,spatial_p0250_l000,0.025,0.0,391,42,61.0,42.0,0.6885245901639344,0.30952380952380953,0.21428571428571427,0.0190943611722669,0.00970985843717831,0.026500745305812534,0.046480707347116984,0.4523809523809524,0.21428571428571427
event_top1,final_test,spatial_p0250_l025,0.025,0.25,391,42,61.0,42.0,0.6885245901639344,0.30952380952380953,0.16666666666666666,0.020055828999389493,0.010068405066181452,0.026500745305812534,0.04686916769603714,0.40476190476190477,0.16666666666666666
event_top1,final_test,spatial_p0250_l050,0.025,0.5,391,42,61.0,42.0,0.6885245901639344,0.30952380952380953,0.19047619047619047,0.019936336481865092,0.010131142324600217,0.025218566579149615,0.04719123516390366,0.40476190476190477,0.19047619047619047
event_top1,final_test,spatial_p0250_l100,0.025,1.0,391,42,61.0,42.0,0.6885245901639344,0.2857142857142857,0.23809523809523808,0.018435774021259614,0.009838553705539543,0.017735536336299484,0.04719123516390366,0.4523809523809524,0.23809523809523808
event_top1,final_test,spatial_p0250_l200,0.025,2.0,391,42,61.0,42.0,0.6885245901639344,0.30952380952380953,0.21428571428571427,0.018829292825742156,0.009838553705539543,0.025009448092578157,0.046480707347116984,0.4523809523809524,0.21428571428571427
event_top1,final_test,spatial_p0250_l400,0.025,4.0,391,42,61.0,42.0,0.6885245901639344,0.30952380952380953,0.19047619047619047,0.019029244233204907,0.00970985843717831,0.024480439304965185,0.056027945687129835,0.4523809523809524,0.19047619047619047
event_top1,final_test,spatial_p0300_l000,0.03,0.0,391,42,61.0,42.0,0.6885245901639344,0.3333333333333333,0.19047619047619047,0.01956519441161928,0.009260515710117323,0.026525675882112243,0.055705878219263316,0.47619047619047616,0.19047619047619047
event_top1,final_test,spatial_p0300_l025,0.03,0.25,391,42,61.0,42.0,0.6885245901639344,0.3333333333333333,0.21428571428571427,0.019392198103839187,0.01062853926188767,0.024350701739424885,0.056027945687129835,0.42857142857142855,0.21428571428571427
event_top1,final_test,spatial_p0300_l050,0.03,0.5,391,42,61.0,42.0,0.6885245901639344,0.35714285714285715,0.19047619047619047,0.018452947414117977,0.009260515710117323,0.02313775614503294,0.055222170188937304,0.47619047619047616,0.19047619047619047
event_top1,final_test,spatial_p0300_l100,0.03,1.0,391,42,61.0,42.0,0.6885245901639344,0.30952380952380953,0.19047619047619047,0.019429518825245223,0.00970985843717831,0.0248265326067878,0.056027945687129835,0.4523809523809524,0.19047619047619047
event_top1,final_test,spatial_p0300_l200,0.03,2.0,391,42,61.0,42.0,0.6885245901639344,0.30952380952380953,0.16666666666666666,0.018627833933183197,0.010008557861174716,0.019328482832639382,0.04638545966571113,0.42857142857142855,0.16666666666666666
event_top1,final_test,spatial_p0300_l400,0.03,4.0,391,42,61.0,42.0,0.6885245901639344,0.2619047619047619,0.21428571428571427,0.019016831250238363,0.009838553705539543,0.023556832664269667,0.04719123516390366,0.42857142857142855,0.21428571428571427
event_top1,all_common_oos,v3_n2_temporal,,0.0,1369,166,219.0,166.0,0.7579908675799086,0.3674698795180723,0.18072289156626506,0.01739552354922381,0.009157773314124928,0.02277634547418972,0.045798717008804,0.4457831325301205,0.18072289156626506
event_top1,all_common_oos,v3_n2_stored_oos,,0.0,1369,166,219.0,166.0,0.7579908675799086,0.37349397590361444,0.18072289156626506,0.018118765091666145,0.009786576947382386,0.019770843952662098,0.041088620984008783,0.42168674698795183,0.18072289156626506
event_top1,all_common_oos,spatial_p0005_l000,0.0005,0.0,1369,166,219.0,166.0,0.7579908675799086,0.10843373493975904,0.40963855421686746,0.011581098230379826,0.0027890766236278175,0.014124475210254783,0.0321238778286187,0.6325301204819277,0.40963855421686746
event_top1,all_common_oos,spatial_p0005_l025,0.0005,0.25,1369,166,219.0,166.0,0.7579908675799086,0.10843373493975904,0.40963855421686746,0.011621198989117537,0.002843361822150836,0.014523154431882401,0.03745494322742371,0.6385542168674698,0.40963855421686746
event_top1,all_common_oos,spatial_p0005_l050,0.0005,0.5,1369,166,219.0,166.0,0.7579908675799086,0.10843373493975904,0.40963855421686746,0.012107770760318265,0.0031128674294802483,0.013341581529111635,0.03616385681745682,0.6385542168674698,0.40963855421686746
event_top1,all_common_oos,spatial_p0005_l100,0.0005,1.0,1369,166,219.0,166.0,0.7579908675799086,0.1144578313253012,0.42168674698795183,0.010824450555607249,0.002230763954738091,0.011906122925036788,0.0321238778286187,0.6566265060240963,0.42168674698795183
event_top1,all_common_oos,spatial_p0005_l200,0.0005,2.0,1369,166,219.0,166.0,0.7579908675799086,0.12048192771084337,0.4036144578313253,0.011318209372115797,0.0029633078264107438,0.013341581529111635,0.0321238778286187,0.6385542168674698,0.4036144578313253
event_top1,all_common_oos,spatial_p0005_l400,0.0005,4.0,1369,166,219.0,166.0,0.7579908675799086,0.10843373493975904,0.40963855421686746,0.010712000642874997,0.0029633078264107438,0.013518656153739539,0.03078721035736165,0.6445783132530121,0.40963855421686746
event_top1,all_common_oos,spatial_p0010_l000,0.001,0.0,1369,166,219.0,166.0,0.7579908675799086,0.1144578313253012,0.3855421686746988,0.012202033713558666,0.0033939098274230473,0.013341581529111635,0.03461772667451757,0.6325301204819277,0.3855421686746988
event_top1,all_common_oos,spatial_p0010_l025,0.001,0.25,1369,166,219.0,166.0,0.7579908675799086,0.1144578313253012,0.3855421686746988,0.011651871923413075,0.0033939098274230473,0.013896613968818139,0.034771188970906364,0.6265060240963856,0.3855421686746988
event_top1,all_common_oos,spatial_p0010_l050,0.001,0.5,1369,166,219.0,166.0,0.7579908675799086,0.1144578313253012,0.39156626506024095,0.011901172971375043,0.0031128674294802483,0.012449906287841206,0.03361990305061724,0.6445783132530121,0.39156626506024095
event_top1,all_common_oos,spatial_p0010_l100,0.001,1.0,1369,166,219.0,166.0,0.7579908675799086,0.12048192771084337,0.3855421686746988,0.012308151562523281,0.0034501010838861035,0.012449906287841206,0.034771188970906364,0.6325301204819277,0.3855421686746988
event_top1,all_common_oos,spatial_p0010_l200,0.001,2.0,1369,166,219.0,166.0,0.7579908675799086,0.12048192771084337,0.3795180722891566,0.012578578205211398,0.0033939098274230473,0.013896613968818139,0.035867536841836745,0.6265060240963856,0.3795180722891566
event_top1,all_common_oos,spatial_p0010_l400,0.001,4.0,1369,166,219.0,166.0,0.7579908675799086,0.12048192771084337,0.3855421686746988,0.012188165843690936,0.0032389410141752117,0.013341581529111635,0.034771188970906364,0.6385542168674698,0.3855421686746988
event_top1,all_common_oos,spatial_p0015_l000,0.0015,0.0,1369,166,219.0,166.0,0.7579908675799086,0.1144578313253012,0.42771084337349397,0.011867778666171726,0.0029319065731832072,0.013896613968818139,0.033144660453045094,0.6385542168674698,0.42771084337349397
event_top1,all_common_oos,spatial_p0015_l025,0.0015,0.25,1369,166,219.0,166.0,0.7579908675799086,0.1144578313253012,0.42168674698795183,0.012118998335687697,0.003051852577443115,0.013896613968818139,0.038589083574961824,0.6385542168674698,0.42168674698795183
event_top1,all_common_oos,spatial_p0015_l050,0.0015,0.5,1369,166,219.0,166.0,0.7579908675799086,0.1144578313253012,0.42771084337349397,0.010999912734064272,0.0027890766236278175,0.012449906287841206,0.033144660453045094,0.6506024096385542,0.42771084337349397
event_top1,all_common_oos,spatial_p0015_l100,0.0015,1.0,1369,166,219.0,166.0,0.7579908675799086,0.1144578313253012,0.40963855421686746,0.011849406824094508,0.0033165572730092796,0.013896613968818139,0.03706009900477358,0.6265060240963856,0.40963855421686746
event_top1,all_common_oos,spatial_p0015_l200,0.0015,2.0,1369,166,219.0,166.0,0.7579908675799086,0.1144578313253012,0.42168674698795183,0.01029100102993393,0.0029559505557535948,0.012449906287841206,0.031179288087827106,0.6506024096385542,0.42168674698795183
event_top1,all_common_oos,spatial_p0015_l400,0.0015,4.0,1369,166,219.0,166.0,0.7579908675799086,0.1144578313253012,0.41566265060240964,0.011844833409494564,0.0031128674294802483,0.013896613968818139,0.03616385681745682,0.6445783132530121,0.41566265060240964
event_top1,all_common_oos,spatial_p0020_l000,0.002,0.0,1369,166,219.0,166.0,0.7579908675799086,0.1144578313253012,0.40963855421686746,0.011657295085134979,0.0033939098274230473,0.013351398225477595,0.034771188970906364,0.6325301204819277,0.40963855421686746
event_top1,all_common_oos,spatial_p0020_l025,0.002,0.25,1369,166,219.0,166.0,0.7579908675799086,0.1144578313253012,0.40963855421686746,0.01337087474612898,0.0038004583219500843,0.015753932811681026,0.03889874601941512,0.608433734939759,0.40963855421686746
event_top1,all_common_oos,spatial_p0020_l050,0.002,0.5,1369,166,219.0,166.0,0.7579908675799086,0.1144578313253012,0.41566265060240964,0.011123667538839683,0.003227454557781062,0.0119628655802958,0.034771188970906364,0.6445783132530121,0.41566265060240964
event_top1,all_common_oos,spatial_p0020_l100,0.002,1.0,1369,166,219.0,166.0,0.7579908675799086,0.1144578313253012,0.41566265060240964,0.010823010356954722,0.0032389410141752117,0.012637422324670855,0.03361990305061724,0.6325301204819277,0.41566265060240964
event_top1,all_common_oos,spatial_p0020_l200,0.002,2.0,1369,166,219.0,166.0,0.7579908675799086,0.1144578313253012,0.40963855421686746,0.012050129543721545,0.0031128674294802483,0.012637422324670855,0.033144660453045094,0.6385542168674698,0.40963855421686746
event_top1,all_common_oos,spatial_p0020_l400,0.002,4.0,1369,166,219.0,166.0,0.7579908675799086,0.1144578313253012,0.41566265060240964,0.011446674197828155,0.0031128674294802483,0.014124475210254783,0.03418321072474895,0.6204819277108434,0.41566265060240964
event_top1,all_common_oos,spatial_p0025_l000,0.0025,0.0,1369,166,219.0,166.0,0.7579908675799086,0.12650602409638553,0.3674698795180723,0.012931188276524768,0.004595609412422763,0.015089566492950901,0.03889874601941512,0.608433734939759,0.3674698795180723
event_top1,all_common_oos,spatial_p0025_l025,0.0025,0.25,1369,166,219.0,166.0,0.7579908675799086,0.1144578313253012,0.3855421686746988,0.012870477676793987,0.004297551054276094,0.01496741706582888,0.03889874601941512,0.6204819277108434,0.3855421686746988
event_top1,all_common_oos,spatial_p0025_l050,0.0025,0.5,1369,166,219.0,166.0,0.7579908675799086,0.1144578313253012,0.3855421686746988,0.012096897113372472,0.0038004583219500843,0.013351398225477595,0.03769284138764506,0.6325301204819277,0.3855421686746988
event_top1,all_common_oos,spatial_p0025_l100,0.0025,1.0,1369,166,219.0,166.0,0.7579908675799086,0.12048192771084337,0.37349397590361444,0.012291909890441148,0.004836080894560002,0.01496741706582888,0.037794689919388835,0.6144578313253012,0.37349397590361444
event_top1,all_common_oos,spatial_p0025_l200,0.0025,2.0,1369,166,219.0,166.0,0.7579908675799086,0.1144578313253012,0.40963855421686746,0.012253589942438978,0.0033165572730092796,0.014564608622524955,0.0387181832930622,0.6385542168674698,0.40963855421686746
event_top1,all_common_oos,spatial_p0025_l400,0.0025,4.0,1369,166,219.0,166.0,0.7579908675799086,0.1144578313253012,0.3855421686746988,0.01261960394784309,0.004189993466518271,0.014124475210254783,0.03889874601941512,0.6265060240963856,0.3855421686746988
event_top1,all_common_oos,spatial_p0030_l000,0.003,0.0,1369,166,219.0,166.0,0.7579908675799086,0.12048192771084337,0.37349397590361444,0.01312322254905364,0.004757520161339124,0.01525498278504328,0.03685683235039616,0.608433734939759,0.37349397590361444
event_top1,all_common_oos,spatial_p0030_l025,0.003,0.25,1369,166,219.0,166.0,0.7579908675799086,0.12048192771084337,0.3493975903614458,0.014434573872485423,0.005273838877870918,0.01738389632749493,0.03889874601941512,0.5903614457831325,0.3493975903614458
event_top1,all_common_oos,spatial_p0030_l050,0.003,0.5,1369,166,219.0,166.0,0.7579908675799086,0.12048192771084337,0.3674698795180723,0.013514898813773681,0.004947514401773101,0.01650629629836131,0.03685683235039616,0.608433734939759,0.3674698795180723
event_top1,all_common_oos,spatial_p0030_l100,0.003,1.0,1369,166,219.0,166.0,0.7579908675799086,0.12650602409638553,0.35542168674698793,0.014997265991833899,0.005513643093201348,0.01650629629836131,0.0378891241661905,0.5843373493975904,0.35542168674698793
event_top1,all_common_oos,spatial_p0030_l200,0.003,2.0,1369,166,219.0,166.0,0.7579908675799086,0.1144578313253012,0.3674698795180723,0.01312031976749592,0.00475026000938894,0.014564608622524955,0.03685683235039616,0.6144578313253012,0.3674698795180723
event_top1,all_common_oos,spatial_p0030_l400,0.003,4.0,1369,166,219.0,166.0,0.7579908675799086,0.1144578313253012,0.37349397590361444,0.01248867418761207,0.004598955126623228,0.014124475210254783,0.037794689919388835,0.6204819277108434,0.37349397590361444
event_top1,all_common_oos,spatial_p0035_l000,0.0035,0.0,1369,166,219.0,166.0,0.7579908675799086,0.12048192771084337,0.35542168674698793,0.014012034806754637,0.004947514401773101,0.016310696174030137,0.03765122600596915,0.5843373493975904,0.35542168674698793
event_top1,all_common_oos,spatial_p0035_l025,0.0035,0.25,1369,166,219.0,166.0,0.7579908675799086,0.1144578313253012,0.3373493975903614,0.015110296372779067,0.005513643093201348,0.017931379914753354,0.03981571135153583,0.572289156626506,0.3373493975903614
event_top1,all_common_oos,spatial_p0035_l050,0.0035,0.5,1369,166,219.0,166.0,0.7579908675799086,0.1144578313253012,0.35542168674698793,0.014016790048768237,0.005513643093201348,0.017432104360796508,0.03890570142272942,0.5783132530120482,0.35542168674698793
event_top1,all_common_oos,spatial_p0035_l100,0.0035,1.0,1369,166,219.0,166.0,0.7579908675799086,0.12048192771084337,0.3373493975903614,0.013820747796987594,0.005273838877870918,0.017212389273736528,0.03666054957185072,0.5843373493975904,0.3373493975903614
event_top1,all_common_oos,spatial_p0035_l200,0.0035,2.0,1369,166,219.0,166.0,0.7579908675799086,0.1144578313253012,0.3614457831325301,0.01299319858663531,0.004638826502175841,0.013896613968818139,0.03685683235039616,0.6204819277108434,0.3614457831325301
event_top1,all_common_oos,spatial_p0035_l400,0.0035,4.0,1369,166,219.0,166.0,0.7579908675799086,0.1144578313253012,0.3795180722891566,0.013091260166900492,0.004628220636025193,0.013896613968818139,0.039736991663989585,0.6204819277108434,0.3795180722891566
event_top1,all_common_oos,spatial_p0040_l000,0.004,0.0,1369,166,219.0,166.0,0.7579908675799086,0.1144578313253012,0.3373493975903614,0.014173567130026089,0.005102827824204681,0.016872020157705503,0.038589083574961824,0.5783132530120482,0.3373493975903614
event_top1,all_common_oos,spatial_p0040_l025,0.004,0.25,1369,166,219.0,166.0,0.7579908675799086,0.12650602409638553,0.3313253012048193,0.013773889936873973,0.006054037237537835,0.018208429978711582,0.03778032572406953,0.5542168674698795,0.3313253012048193
event_top1,all_common_oos,spatial_p0040_l050,0.004,0.5,1369,166,219.0,166.0,0.7579908675799086,0.13855421686746988,0.3373493975903614,0.013472713314385916,0.005188045732512858,0.017294214516071493,0.037794689919388835,0.5843373493975904,0.3373493975903614
event_top1,all_common_oos,spatial_p0040_l100,0.004,1.0,1369,166,219.0,166.0,0.7579908675799086,0.12650602409638553,0.3433734939759036,0.013533103194117614,0.005102827824204681,0.017169730511679526,0.03666054957185072,0.5963855421686747,0.3433734939759036
event_top1,all_common_oos,spatial_p0040_l200,0.004,2.0,1369,166,219.0,166.0,0.7579908675799086,0.1144578313253012,0.35542168674698793,0.014025411773197707,0.005102827824204681,0.017294214516071493,0.038589083574961824,0.5843373493975904,0.35542168674698793
event_top1,all_common_oos,spatial_p0040_l400,0.004,4.0,1369,166,219.0,166.0,0.7579908675799086,0.1144578313253012,0.3373493975903614,0.014714155331966575,0.005273838877870918,0.01791225163405863,0.03897746570696137,0.572289156626506,0.3373493975903614
event_top1,all_common_oos,spatial_p0060_l000,0.006,0.0,1369,166,219.0,166.0,0.7579908675799086,0.13855421686746988,0.3192771084337349,0.016017702551517923,0.006313931586532262,0.021898869527417986,0.04425277924761761,0.5481927710843374,0.3192771084337349
event_top1,all_common_oos,spatial_p0060_l025,0.006,0.25,1369,166,219.0,166.0,0.7579908675799086,0.14457831325301204,0.3253012048192771,0.015099288816203742,0.00581077708527622,0.02040491274968459,0.03890570142272942,0.5662650602409639,0.3253012048192771
event_top1,all_common_oos,spatial_p0060_l050,0.006,0.5,1369,166,219.0,166.0,0.7579908675799086,0.14457831325301204,0.30120481927710846,0.01612260274605545,0.006884901637385643,0.022904642974995726,0.043418232258452316,0.5240963855421686,0.30120481927710846
event_top1,all_common_oos,spatial_p0060_l100,0.006,1.0,1369,166,219.0,166.0,0.7579908675799086,0.15060240963855423,0.30120481927710846,0.016277817390353146,0.006470632540180654,0.02249933306507451,0.03890570142272942,0.5421686746987951,0.30120481927710846
event_top1,all_common_oos,spatial_p0060_l200,0.006,2.0,1369,166,219.0,166.0,0.7579908675799086,0.12048192771084337,0.3313253012048193,0.01587584508608922,0.006278921361492551,0.02040491274968459,0.04089788499031333,0.5542168674698795,0.3313253012048193
event_top1,all_common_oos,spatial_p0060_l400,0.006,4.0,1369,166,219.0,166.0,0.7579908675799086,0.12650602409638553,0.3253012048192771,0.01623371991675933,0.006054037237537835,0.022030203533670634,0.04425277924761761,0.5542168674698795,0.3253012048192771
event_top1,all_common_oos,spatial_p0080_l000,0.008,0.0,1369,166,219.0,166.0,0.7579908675799086,0.18674698795180722,0.30120481927710846,0.017313406469810163,0.006698954876959262,0.022904642974995726,0.041347329003322164,0.536144578313253,0.30120481927710846
event_top1,all_common_oos,spatial_p0080_l025,0.008,0.25,1369,166,219.0,166.0,0.7579908675799086,0.18674698795180722,0.27710843373493976,0.018536724171852387,0.007072085058780209,0.02456513899425178,0.04494117027729616,0.5301204819277109,0.27710843373493976
event_top1,all_common_oos,spatial_p0080_l050,0.008,0.5,1369,166,219.0,166.0,0.7579908675799086,0.18674698795180722,0.3132530120481928,0.015011366890251246,0.006313931586532262,0.018487756703059743,0.03778032572406953,0.572289156626506,0.3132530120481928
event_top1,all_common_oos,spatial_p0080_l100,0.008,1.0,1369,166,219.0,166.0,0.7579908675799086,0.18674698795180722,0.3072289156626506,0.01492943821423904,0.0063554662132274675,0.018194174213916448,0.03685683235039616,0.572289156626506,0.3072289156626506
event_top1,all_common_oos,spatial_p0080_l200,0.008,2.0,1369,166,219.0,166.0,0.7579908675799086,0.1746987951807229,0.3072289156626506,0.016485750354381698,0.006698954876959262,0.0221200358294269,0.043418232258452316,0.5481927710843374,0.3072289156626506
event_top1,all_common_oos,spatial_p0080_l400,0.008,4.0,1369,166,219.0,166.0,0.7579908675799086,0.1746987951807229,0.3072289156626506,0.015170746668704889,0.006470632540180654,0.018615095068228227,0.03685683235039616,0.5662650602409639,0.3072289156626506
event_top1,all_common_oos,spatial_p0100_l000,0.01,0.0,1369,166,219.0,166.0,0.7579908675799086,0.20481927710843373,0.30120481927710846,0.016869253013944676,0.006470632540180654,0.022080607241188488,0.03817648308607169,0.5662650602409639,0.30120481927710846
event_top1,all_common_oos,spatial_p0100_l025,0.01,0.25,1369,166,219.0,166.0,0.7579908675799086,0.21084337349397592,0.28313253012048195,0.017100910300415002,0.006054037237537835,0.022904642974995726,0.04425277924761761,0.5783132530120482,0.28313253012048195
event_top1,all_common_oos,spatial_p0100_l050,0.01,0.5,1369,166,219.0,166.0,0.7579908675799086,0.20481927710843373,0.2469879518072289,0.017671806773499686,0.006698954876959262,0.022904642974995726,0.04538663677972454,0.5421686746987951,0.2469879518072289
event_top1,all_common_oos,spatial_p0100_l100,0.01,1.0,1369,166,219.0,166.0,0.7579908675799086,0.1927710843373494,0.27710843373493976,0.01618865956328503,0.0065449636969953096,0.022080607241188488,0.03803150655217513,0.5481927710843374,0.27710843373493976
event_top1,all_common_oos,spatial_p0100_l200,0.01,2.0,1369,166,219.0,166.0,0.7579908675799086,0.18072289156626506,0.25903614457831325,0.017257498549744333,0.006926091325988537,0.022080607241188488,0.03868200520128662,0.5421686746987951,0.25903614457831325
event_top1,all_common_oos,spatial_p0100_l400,0.01,4.0,1369,166,219.0,166.0,0.7579908675799086,0.18072289156626506,0.3072289156626506,0.01490031566963995,0.005987347286199984,0.020427109997499804,0.03685683235039616,0.5843373493975904,0.3072289156626506
event_top1,all_common_oos,spatial_p0120_l000,0.012,0.0,1369,166,219.0,166.0,0.7579908675799086,0.21084337349397592,0.2710843373493976,0.016429724473315654,0.007062544068554777,0.022176737644923783,0.04306240922433313,0.536144578313253,0.2710843373493976
event_top1,all_common_oos,spatial_p0120_l025,0.012,0.25,1369,166,219.0,166.0,0.7579908675799086,0.1927710843373494,0.29518072289156627,0.016271322369864633,0.006926091325988537,0.01989689125097266,0.041347329003322164,0.5421686746987951,0.29518072289156627
event_top1,all_common_oos,spatial_p0120_l050,0.012,0.5,1369,166,219.0,166.0,0.7579908675799086,0.21084337349397592,0.2710843373493976,0.01625520607068532,0.007062544068554777,0.022273319570829897,0.041347329003322164,0.536144578313253,0.2710843373493976
event_top1,all_common_oos,spatial_p0120_l100,0.012,1.0,1369,166,219.0,166.0,0.7579908675799086,0.21084337349397592,0.27710843373493976,0.01561697441222858,0.006638004808693365,0.018712147299967063,0.04054206195619414,0.5662650602409639,0.27710843373493976
event_top1,all_common_oos,spatial_p0120_l200,0.012,2.0,1369,166,219.0,166.0,0.7579908675799086,0.20481927710843373,0.28313253012048195,0.016566049940066222,0.006860879527640251,0.02354213274354039,0.04062078164374039,0.536144578313253,0.28313253012048195
event_top1,all_common_oos,spatial_p0120_l400,0.012,4.0,1369,166,219.0,166.0,0.7579908675799086,0.18674698795180722,0.2710843373493976,0.016694384904313353,0.006926091325988537,0.022904642974995726,0.04306240922433313,0.536144578313253,0.2710843373493976
event_top1,all_common_oos,spatial_p0150_l000,0.015,0.0,1369,166,219.0,166.0,0.7579908675799086,0.2891566265060241,0.20481927710843373,0.019344444390551618,0.008592929078460432,0.026049883999095746,0.04857824005114364,0.4939759036144578,0.20481927710843373
event_top1,all_common_oos,spatial_p0150_l025,0.015,0.25,1369,166,219.0,166.0,0.7579908675799086,0.29518072289156627,0.21686746987951808,0.018691090161478935,0.007541033506990313,0.025203709155684206,0.04410376053904108,0.5180722891566265,0.21686746987951808
event_top1,all_common_oos,spatial_p0150_l050,0.015,0.5,1369,166,219.0,166.0,0.7579908675799086,0.2891566265060241,0.21084337349397592,0.01886371131114017,0.008059861459064899,0.025842422138793564,0.04410376053904108,0.5,0.21084337349397592
event_top1,all_common_oos,spatial_p0150_l100,0.015,1.0,1369,166,219.0,166.0,0.7579908675799086,0.25903614457831325,0.24096385542168675,0.017763868412307978,0.007062544068554777,0.024316976480772245,0.0387181832930622,0.5301204819277109,0.24096385542168675
event_top1,all_common_oos,spatial_p0150_l200,0.015,2.0,1369,166,219.0,166.0,0.7579908675799086,0.2469879518072289,0.23493975903614459,0.018694237128061692,0.007490122798278098,0.025203709155684206,0.04786567597633806,0.5120481927710844,0.23493975903614459
event_top1,all_common_oos,spatial_p0150_l400,0.015,4.0,1369,166,219.0,166.0,0.7579908675799086,0.2469879518072289,0.2289156626506024,0.017935401956092955,0.0077953360991523946,0.023883122770414766,0.042257338932128574,0.5060240963855421,0.2289156626506024
event_top1,all_common_oos,spatial_p0200_l000,0.02,0.0,1369,166,219.0,166.0,0.7579908675799086,0.3192771084337349,0.18674698795180722,0.01923004965963815,0.009237670309050316,0.024037013927235673,0.04375080025401168,0.4578313253012048,0.18674698795180722
event_top1,all_common_oos,spatial_p0200_l025,0.02,0.25,1369,166,219.0,166.0,0.7579908675799086,0.30120481927710846,0.21084337349397592,0.01899876736313047,0.00874943909369652,0.023866671629335534,0.04640248890805221,0.46987951807228917,0.21084337349397592
event_top1,all_common_oos,spatial_p0200_l050,0.02,0.5,1369,166,219.0,166.0,0.7579908675799086,0.28313253012048195,0.21084337349397592,0.019072706699908962,0.008664428046956552,0.024684724751802223,0.04494117027729616,0.4819277108433735,0.21084337349397592
event_top1,all_common_oos,spatial_p0200_l100,0.02,1.0,1369,166,219.0,166.0,0.7579908675799086,0.26506024096385544,0.2289156626506024,0.018796080439716062,0.007805362449888942,0.024037013927235673,0.04210748431723266,0.5060240963855421,0.2289156626506024
event_top1,all_common_oos,spatial_p0200_l200,0.02,2.0,1369,166,219.0,166.0,0.7579908675799086,0.2710843373493976,0.24096385542168675,0.01811362757581469,0.007649597247544104,0.022251588662465738,0.04742020947390968,0.5120481927710844,0.24096385542168675
event_top1,all_common_oos,spatial_p0200_l400,0.02,4.0,1369,166,219.0,166.0,0.7579908675799086,0.25301204819277107,0.23493975903614459,0.01810397960989332,0.008334390096127464,0.02299839459770331,0.04210748431723266,0.4939759036144578,0.23493975903614459
event_top1,all_common_oos,spatial_p0250_l000,0.025,0.0,1369,166,219.0,166.0,0.7579908675799086,0.3313253012048193,0.1927710843373494,0.01990190991650302,0.009157773314124928,0.02591208850400717,0.047638578837199574,0.45180722891566266,0.1927710843373494
event_top1,all_common_oos,spatial_p0250_l025,0.025,0.25,1369,166,219.0,166.0,0.7579908675799086,0.3132530120481928,0.1746987951807229,0.02039323602292194,0.009838553705539543,0.02619640243525284,0.047638578837199574,0.4397590361445783,0.1746987951807229
event_top1,all_common_oos,spatial_p0250_l050,0.025,0.5,1369,166,219.0,166.0,0.7579908675799086,0.29518072289156627,0.18674698795180722,0.020570788445216783,0.009838553705539543,0.026456182467483214,0.048656299403057046,0.43373493975903615,0.18674698795180722
event_top1,all_common_oos,spatial_p0250_l100,0.025,1.0,1369,166,219.0,166.0,0.7579908675799086,0.27710843373493976,0.20481927710843373,0.019553542958562323,0.009433730465504109,0.02356708308272104,0.04640248890805221,0.4578313253012048,0.20481927710843373
event_top1,all_common_oos,spatial_p0250_l200,0.025,2.0,1369,166,219.0,166.0,0.7579908675799086,0.27710843373493976,0.1927710843373494,0.019236606556579775,0.009141744009184105,0.023685425580723174,0.04640248890805221,0.46987951807228917,0.1927710843373494
event_top1,all_common_oos,spatial_p0250_l400,0.025,4.0,1369,166,219.0,166.0,0.7579908675799086,0.27710843373493976,0.21686746987951808,0.018963818756200467,0.008736291261390416,0.02297949399253768,0.04742020947390968,0.4819277108433735,0.21686746987951808
event_top1,all_common_oos,spatial_p0300_l000,0.03,0.0,1369,166,219.0,166.0,0.7579908675799086,0.3493975903614458,0.16265060240963855,0.020349622719987644,0.0087919143458145,0.026982489212308447,0.04900028688843361,0.463855421686747,0.16265060240963855
event_top1,all_common_oos,spatial_p0300_l025,0.03,0.25,1369,166,219.0,166.0,0.7579908675799086,0.3433734939759036,0.19879518072289157,0.019562315412180554,0.008929171159109517,0.0248265326067878,0.04617726020644353,0.463855421686747,0.19879518072289157
event_top1,all_common_oos,spatial_p0300_l050,0.03,0.5,1369,166,219.0,166.0,0.7579908675799086,0.3253012048192771,0.19879518072289157,0.019354691241858513,0.008736291261390416,0.023685425580723174,0.04900028688843361,0.46987951807228917,0.19879518072289157
event_top1,all_common_oos,spatial_p0300_l100,0.03,1.0,1369,166,219.0,166.0,0.7579908675799086,0.3132530120481928,0.18674698795180722,0.020019038784989025,0.0087919143458145,0.026049883999095746,0.04806062567448954,0.463855421686747,0.18674698795180722
event_top1,all_common_oos,spatial_p0300_l200,0.03,2.0,1369,166,219.0,166.0,0.7579908675799086,0.3072289156626506,0.1927710843373494,0.019947226967228768,0.009630188787466132,0.024871210978879676,0.04806062567448954,0.4457831325301205,0.1927710843373494
event_top1,all_common_oos,spatial_p0300_l400,0.03,4.0,1369,166,219.0,166.0,0.7579908675799086,0.30120481927710846,0.18674698795180722,0.019444410141921102,0.009017635028195192,0.024871210978879676,0.04609920085453012,0.46987951807228917,0.18674698795180722
