时间,开盘价,最高价,最低价,收盘价,成交量
2026-04-17 12:00:00,7080.5,7080.75,7080.5,7080.5,0
2026-04-17 12:10:00,7080.75,7082.25,7080.0,7082.25,348
2026-04-17 12:20:00,7082.5,7083.0,7081.25,7082.0,388
2026-04-17 12:30:00,7082.0,7082.75,7081.5,7081.75,265
2026-04-17 12:40:00,7082.0,7082.0,7080.25,7081.5,429
2026-04-17 12:50:00,7081.5,7081.75,7079.25,7079.25,376
2026-04-17 13:00:00,7079.5,7079.5,7075.25,7077.5,1106
2026-04-17 13:10:00,7077.5,7078.25,7076.75,7077.25,356
2026-04-17 13:20:00,7077.25,7079.25,7077.25,7079.0,461
2026-04-17 13:30:00,7079.0,7080.75,7076.75,7079.5,779
2026-04-17 13:40:00,7079.5,7082.0,7079.25,7081.5,560
2026-04-17 13:50:00,7081.5,7081.75,7080.75,7081.25,307
2026-04-17 14:00:00,7081.5,7083.75,7080.5,7081.5,1319
2026-04-17 14:10:00,7081.5,7083.5,7081.25,7081.5,864
2026-04-17 14:20:00,7082.0,7082.0,7079.75,7080.5,930
2026-04-17 14:30:00,7080.25,7080.25,7077.25,7079.0,1245
2026-04-17 14:40:00,7079.0,7081.75,7078.25,7081.25,726
2026-04-17 14:50:00,7081.25,7082.0,7079.5,7079.75,573
2026-04-17 15:00:00,7080.0,7086.5,7080.0,7084.25,2557
2026-04-17 15:10:00,7084.0,7085.5,7082.25,7083.5,1374
2026-04-17 15:20:00,7083.5,7083.75,7080.75,7082.75,1065
2026-04-17 15:30:00,7082.75,7084.5,7082.25,7082.75,1098
2026-04-17 15:40:00,7082.5,7084.0,7081.75,7083.5,834
2026-04-17 15:50:00,7083.25,7087.75,7083.25,7086.5,2261
2026-04-17 16:00:00,7086.5,7087.75,7085.75,7086.25,1940
2026-04-17 16:10:00,7086.25,7087.25,7084.5,7086.25,1273
2026-04-17 16:20:00,7086.5,7088.0,7085.75,7087.25,1744
2026-04-17 16:30:00,7087.5,7088.75,7085.75,7086.75,1436
2026-04-17 16:40:00,7086.75,7090.5,7086.5,7089.5,2353
2026-04-17 16:50:00,7089.75,7091.0,7089.0,7090.75,1405
2026-04-17 17:00:00,7090.75,7092.75,7089.5,7089.75,2466
2026-04-17 17:10:00,7089.5,7090.0,7087.75,7088.5,1416
2026-04-17 17:20:00,7088.25,7092.0,7088.25,7091.5,1509
2026-04-17 17:30:00,7091.75,7091.75,7088.75,7090.25,1728
2026-04-17 17:40:00,7090.25,7092.0,7089.75,7091.75,2074
2026-04-17 17:50:00,7091.5,7093.75,7091.0,7093.0,3026
2026-04-17 18:00:00,7093.0,7094.75,7092.0,7094.75,1949
2026-04-17 18:10:00,7094.75,7095.5,7091.5,7091.5,2221
2026-04-17 18:20:00,7091.75,7093.0,7090.5,7091.0,1269
2026-04-17 18:30:00,7091.25,7091.25,7089.25,7089.75,1223
2026-04-17 18:40:00,7090.0,7091.25,7088.0,7091.0,2104
2026-04-17 18:50:00,7091.0,7092.75,7090.5,7091.75,1557
2026-04-17 19:00:00,7091.5,7094.75,7091.25,7094.25,2213
2026-04-17 19:10:00,7094.5,7096.0,7093.5,7095.25,2034
2026-04-17 19:20:00,7095.5,7096.25,7093.25,7095.25,1716
2026-04-17 19:30:00,7095.5,7098.5,7095.25,7097.25,3355
2026-04-17 19:40:00,7097.25,7099.5,7095.5,7099.25,2320
2026-04-17 19:50:00,7099.0,7102.25,7098.75,7101.0,3725
2026-04-17 20:00:00,7101.25,7105.25,7099.5,7103.5,5122
2026-04-17 20:10:00,7103.5,7106.75,7102.5,7105.5,3514
2026-04-17 20:20:00,7105.5,7114.25,7101.75,7114.25,16866
2026-04-17 20:30:00,7114.25,7120.0,7112.0,7113.0,12848
2026-04-17 20:40:00,7113.25,7133.0,7109.25,7132.0,28701
2026-04-17 20:50:00,7132.25,7137.0,7126.5,7136.0,28069
2026-04-17 21:00:00,7136.0,7145.0,7127.5,7144.0,31407
2026-04-17 21:10:00,7144.25,7147.5,7138.0,7140.25,29716
2026-04-17 21:20:00,7140.25,7140.25,7119.0,7121.0,56231
2026-04-17 21:30:00,7121.25,7135.5,7119.25,7130.25,89041
2026-04-17 21:40:00,7130.25,7134.5,7117.0,7130.25,71649
2026-04-17 21:50:00,7130.25,7143.75,7129.25,7143.5,51749
2026-04-17 22:00:00,7143.5,7152.25,7141.5,7152.0,47937
2026-04-17 22:10:00,7152.0,7154.75,7147.5,7150.25,45583
2026-04-17 22:20:00,7150.25,7155.75,7145.75,7153.25,44144
2026-04-17 22:30:00,7153.25,7164.5,7153.0,7164.25,39871
2026-04-17 22:40:00,7164.25,7174.5,7163.75,7173.5,48332
2026-04-17 22:50:00,7173.5,7174.75,7163.0,7166.0,36714
2026-04-17 23:00:00,7166.0,7173.0,7163.0,7170.0,42698
2026-04-17 23:10:00,7169.75,7171.5,7159.5,7162.75,39029
2026-04-17 23:20:00,7162.75,7168.5,7159.75,7167.5,26129
2026-04-17 23:30:00,7167.5,7175.0,7167.25,7174.0,28907
2026-04-17 23:40:00,7174.0,7174.5,7165.5,7169.5,31649
2026-04-17 23:50:00,7169.5,7175.0,7168.25,7169.0,22457
2026-04-18 00:00:00,7169.25,7178.25,7166.75,7173.25,26954
2026-04-18 00:10:00,7173.0,7177.75,7171.0,7174.5,23751
2026-04-18 00:20:00,7174.5,7177.5,7173.25,7177.25,15814
2026-04-18 00:30:00,7177.25,7184.25,7177.0,7182.75,24175
2026-04-18 00:40:00,7182.5,7185.75,7180.5,7184.0,14079
2026-04-18 00:50:00,7184.0,7185.5,7180.75,7181.0,13572
2026-04-18 01:00:00,7181.25,7183.75,7169.0,7176.0,31062
2026-04-18 01:10:00,7176.25,7176.5,7170.25,7170.75,27247
2026-04-18 01:20:00,7170.75,7172.75,7151.5,7160.5,66201
2026-04-18 01:30:00,7160.25,7165.25,7157.25,7162.0,28989
2026-04-18 01:40:00,7161.75,7169.0,7159.25,7166.0,19612
2026-04-18 01:50:00,7166.0,7168.75,7164.0,7164.5,13907
2026-04-18 02:00:00,7164.75,7166.75,7156.5,7157.75,23238
2026-04-18 02:10:00,7157.75,7160.5,7155.0,7158.0,20827
2026-04-18 02:20:00,7157.75,7165.5,7152.75,7159.5,31926
2026-04-18 02:30:00,7159.75,7165.5,7159.75,7163.0,16244
2026-04-18 02:40:00,7163.0,7164.0,7159.0,7160.5,15659
2026-04-18 02:50:00,7160.5,7161.25,7153.5,7158.0,22769
2026-04-18 03:00:00,7157.75,7160.5,7154.25,7155.5,16786
2026-04-18 03:10:00,7155.5,7157.5,7151.0,7155.75,21415
2026-04-18 03:20:00,7155.75,7157.25,7153.0,7153.75,16353
2026-04-18 03:30:00,7154.0,7162.75,7153.75,7161.5,22030
2026-04-18 03:40:00,7161.75,7165.0,7158.75,7160.0,22334
2026-04-18 03:50:00,7160.0,7165.5,7158.25,7161.25,103011
2026-04-18 04:00:00,7161.5,7165.0,7160.75,7163.75,29527
2026-04-18 04:10:00,7163.75,7166.25,7163.25,7163.75,8186
2026-04-18 04:20:00,7163.75,7164.0,7159.5,7161.75,6344
2026-04-18 04:30:00,7161.75,7165.0,7160.75,7165.0,2491
2026-04-18 04:40:00,7165.0,7165.0,7162.0,7162.25,3321
2026-04-18 04:50:00,7162.25,7165.25,7161.5,7161.5,4170
2026-04-20 06:10:00,7109.75,7112.0,7101.75,7105.0,5102
2026-04-20 06:20:00,7104.75,7108.0,7102.25,7102.75,4065
2026-04-20 06:30:00,7102.5,7109.5,7101.25,7109.5,3558
2026-04-20 06:40:00,7109.5,7116.0,7108.25,7114.5,2777
2026-04-20 06:50:00,7114.5,7116.0,7110.25,7110.75,1865
2026-04-20 07:00:00,7110.75,7113.25,7109.75,7112.75,1592
2026-04-20 07:10:00,7112.5,7114.0,7106.5,7107.0,2145
2026-04-20 07:20:00,7107.0,7109.0,7106.0,7107.75,1445
2026-04-20 07:30:00,7108.0,7108.5,7105.25,7106.5,1565
2026-04-20 07:40:00,7106.5,7107.5,7102.5,7104.75,1657
2026-04-20 07:50:00,7104.75,7108.5,7104.5,7106.5,1315
2026-04-20 08:00:00,7106.75,7107.75,7101.5,7105.25,3211
2026-04-20 08:10:00,7105.5,7112.5,7104.0,7110.75,2897
2026-04-20 08:20:00,7110.75,7112.5,7107.75,7111.75,1896
2026-04-20 08:30:00,7111.5,7113.25,7108.75,7109.5,1597
2026-04-20 08:40:00,7109.5,7113.75,7109.5,7113.0,877
2026-04-20 08:50:00,7113.25,7114.0,7111.25,7112.75,1225
2026-04-20 09:00:00,7112.75,7119.5,7112.25,7119.25,3665
2026-04-20 09:10:00,7119.0,7122.0,7118.25,7119.0,2784
2026-04-20 09:20:00,7119.0,7121.75,7118.25,7119.5,1548
2026-04-20 09:30:00,7119.25,7125.0,7119.25,7124.25,1772
2026-04-20 09:40:00,7124.0,7125.25,7123.25,7124.25,1222
2026-04-20 09:50:00,7124.25,7126.75,7123.75,7124.5,1418
2026-04-20 10:00:00,7124.5,7124.5,7121.25,7122.75,1413
2026-04-20 10:10:00,7122.5,7123.25,7120.75,7122.75,848
2026-04-20 10:20:00,7123.0,7123.75,7121.0,7122.5,813
2026-04-20 10:30:00,7122.75,7123.0,7121.5,7121.5,661
2026-04-20 10:40:00,7121.75,7122.25,7119.5,7120.5,918
2026-04-20 10:50:00,7120.5,7122.25,7120.25,7122.0,694
2026-04-20 11:00:00,7122.0,7123.0,7121.25,7121.5,583
2026-04-20 11:10:00,7121.75,7122.0,7119.75,7120.75,625
2026-04-20 11:20:00,7121.0,7123.0,7121.0,7122.0,362
2026-04-20 11:30:00,7122.25,7123.75,7121.0,7122.0,557
2026-04-20 11:40:00,7121.75,7121.75,7119.0,7119.5,887
2026-04-20 11:50:00,7119.5,7120.75,7118.75,7119.25,601
2026-04-20 12:00:00,7119.25,7120.5,7117.5,7120.25,1075
2026-04-20 12:10:00,7120.25,7120.25,7118.0,7118.25,616
2026-04-20 12:20:00,7118.5,7119.5,7117.5,7118.25,609
2026-04-20 12:30:00,7118.25,7118.5,7116.0,7117.75,1079
2026-04-20 12:40:00,7118.0,7121.75,7118.0,7120.5,1091
2026-04-20 12:50:00,7120.5,7121.0,7117.75,7120.25,827
2026-04-20 13:00:00,7120.5,7121.0,7119.0,7119.5,834
2026-04-20 13:10:00,7119.25,7120.5,7118.5,7118.75,701
2026-04-20 13:20:00,7118.75,7119.0,7115.0,7115.0,1529
2026-04-20 13:30:00,7115.25,7116.0,7112.25,7113.5,1844
2026-04-20 13:40:00,7113.5,7113.5,7109.5,7111.25,1655
2026-04-20 13:50:00,7111.5,7115.25,7109.75,7113.75,1557
2026-04-20 14:00:00,7114.0,7116.0,7113.5,7115.75,431
2026-04-20 17:30:00,7161.5,7161.5,7127.0,7128.5,60033
2026-04-20 17:40:00,7128.5,7131.0,7128.5,7130.25,1178
2026-04-20 17:50:00,7130.0,7130.25,7127.75,7128.0,1200
2026-04-20 18:00:00,7128.25,7134.75,7127.5,7134.25,2052
2026-04-20 18:10:00,7134.0,7136.25,7132.0,7134.5,2640
2026-04-20 18:20:00,7134.25,7134.5,7129.0,7130.5,1546
2026-04-20 18:30:00,7130.5,7131.25,7127.5,7128.5,962
2026-04-20 18:40:00,7128.5,7128.75,7125.75,7127.75,699
2026-04-20 18:50:00,7161.5,7161.5,7125.25,7126.5,2417
2026-04-20 19:00:00,7126.25,7127.0,7121.0,7125.75,2938
2026-04-20 19:10:00,7125.5,7127.0,7122.25,7124.75,1362
2026-04-20 19:20:00,7124.5,7124.75,7121.5,7122.0,1681
2026-04-20 19:30:00,7121.75,7127.75,7121.25,7126.0,4979
2026-04-20 19:40:00,7126.0,7126.75,7125.5,7125.75,143
2026-04-20 19:50:00,7161.5,7161.5,7126.75,7129.0,4382
2026-04-20 20:00:00,7129.25,7134.0,7126.75,7129.25,4231
2026-04-20 20:10:00,7129.25,7133.0,7128.0,7132.25,3070
2026-04-20 20:20:00,7132.25,7134.25,7129.0,7130.25,2352
2026-04-20 20:30:00,7130.25,7134.75,7130.0,7131.75,3608
2026-04-20 20:40:00,7131.75,7139.0,7131.75,7138.75,5475
2026-04-20 20:50:00,7138.75,7141.0,7135.75,7136.5,5080
2026-04-20 21:00:00,7136.5,7147.5,7134.75,7140.5,15182
2026-04-20 21:10:00,7140.75,7143.0,7139.5,7140.5,6572
2026-04-20 21:20:00,7140.5,7148.25,7139.5,7148.25,11808
2026-04-20 21:30:00,7148.25,7154.5,7143.75,7146.25,58559
2026-04-20 21:40:00,7146.5,7152.75,7142.25,7146.5,35586
2026-04-20 21:50:00,7146.5,7159.5,7145.5,7156.75,35311
2026-04-20 22:00:00,7157.0,7157.5,7150.25,7154.25,28974
2026-04-20 22:10:00,7154.0,7156.25,7146.75,7151.0,35455
2026-04-20 22:20:00,7151.0,7156.75,7148.5,7149.75,26418
2026-04-20 22:30:00,7149.75,7150.5,7142.75,7145.25,30424
2026-04-20 22:40:00,7145.25,7148.0,7139.5,7147.0,35124
2026-04-20 22:50:00,7147.25,7148.25,7124.75,7131.75,74369
2026-04-20 23:00:00,7131.75,7136.25,7121.5,7125.5,41581
2026-04-20 23:10:00,7125.25,7131.75,7123.0,7129.5,31492
2026-04-20 23:20:00,7129.5,7145.25,7127.75,7143.0,58207
2026-04-20 23:30:00,7143.25,7143.25,7132.75,7136.25,29507
2026-04-20 23:40:00,7136.25,7140.75,7133.25,7135.25,18852
2026-04-20 23:50:00,7135.0,7137.75,7131.25,7136.0,16708
2026-04-21 00:00:00,7136.25,7137.25,7130.75,7134.75,16167
2026-04-21 00:10:00,7134.75,7137.75,7130.25,7135.25,16347
2026-04-21 00:20:00,7135.25,7138.25,7134.25,7136.5,12689
2026-04-21 00:30:00,7136.75,7141.25,7134.0,7135.75,15978
2026-04-21 00:40:00,7135.75,7140.75,7134.0,7137.5,12139
2026-04-21 00:50:00,7137.5,7138.5,7135.0,7136.75,12563
2026-04-21 01:00:00,7136.75,7139.0,7132.75,7138.25,17488
2026-04-21 01:10:00,7138.5,7144.0,7137.25,7143.25,13378
2026-04-21 01:20:00,7143.25,7144.25,7139.75,7140.25,11821
2026-04-21 01:30:00,7140.0,7140.5,7136.25,7139.25,22315
2026-04-21 01:40:00,7139.0,7143.0,7136.5,7140.0,12123
2026-04-21 01:50:00,7140.25,7141.0,7137.0,7137.75,6827
2026-04-21 02:00:00,7137.75,7143.0,7135.0,7142.0,15134
2026-04-21 02:10:00,7142.25,7145.0,7135.75,7144.25,18629
2026-04-21 02:20:00,7144.5,7146.5,7140.5,7143.5,17997
2026-04-21 02:30:00,7143.75,7144.25,7139.5,7139.75,18258
2026-04-21 02:40:00,7139.5,7144.25,7139.0,7143.75,10430
2026-04-21 02:50:00,7143.75,7146.75,7142.25,7143.0,10690
2026-04-21 03:00:00,7143.25,7146.0,7142.25,7144.75,11118
2026-04-21 03:10:00,7144.75,7145.5,7143.25,7143.75,6543
2026-04-21 03:20:00,7143.75,7144.25,7140.0,7140.75,9851
2026-04-21 03:30:00,7140.5,7142.25,7137.5,7140.0,16534
2026-04-21 03:40:00,7139.75,7140.75,7136.5,7139.75,18815
2026-04-21 03:50:00,7139.75,7149.25,7137.75,7148.25,104929
2026-04-21 04:00:00,7148.25,7149.5,7147.0,7147.25,35561
2026-04-21 04:10:00,7147.0,7147.75,7145.25,7146.25,5778
2026-04-21 04:20:00,7146.0,7148.25,7145.75,7147.5,2770
2026-04-21 04:30:00,7147.5,7160.5,7145.0,7158.75,12690
2026-04-21 04:40:00,7158.75,7160.0,7151.5,7152.75,6481
2026-04-21 04:50:00,7153.0,7154.5,7151.25,7152.0,3007
2026-04-21 06:00:00,7150.75,7160.75,7150.0,7158.25,896
2026-04-21 06:10:00,7158.25,7159.5,7156.25,7156.75,568
2026-04-21 06:20:00,7157.0,7158.25,7155.75,7156.5,454
2026-04-21 06:30:00,7156.5,7157.5,7155.0,7156.0,657
2026-04-21 06:40:00,7156.25,7158.0,7156.25,7157.25,439
2026-04-21 06:50:00,7157.25,7158.75,7157.25,7158.25,544
2026-04-21 07:00:00,7158.25,7158.5,7156.75,7157.25,408
2026-04-21 07:10:00,7157.5,7158.25,7156.5,7157.0,477
2026-04-21 07:20:00,7157.25,7157.5,7155.5,7155.75,304
2026-04-21 07:30:00,7155.5,7156.5,7155.0,7155.75,430
2026-04-21 07:40:00,7156.0,7156.25,7154.75,7154.75,369
2026-04-21 07:50:00,7154.75,7155.75,7154.25,7155.0,615
2026-04-21 08:00:00,7155.0,7157.5,7153.75,7155.5,1952
2026-04-21 08:10:00,7155.5,7158.0,7154.5,7154.5,1071
2026-04-21 08:20:00,7154.5,7156.0,7152.25,7152.25,1154
2026-04-21 08:30:00,7152.5,7153.0,7150.0,7150.5,1351
2026-04-21 08:40:00,7151.0,7160.5,7151.0,7157.25,2945
2026-04-21 08:50:00,7157.0,7159.25,7156.25,7158.25,1057
2026-04-21 09:00:00,7158.5,7158.5,7156.75,7157.5,1098
2026-04-21 09:10:00,7157.25,7158.5,7155.5,7158.5,846
2026-04-21 09:20:00,7158.25,7160.0,7157.5,7159.75,633
2026-04-21 09:30:00,7159.75,7162.5,7159.25,7161.75,1992
2026-04-21 09:40:00,7161.75,7162.25,7160.25,7161.0,1189
2026-04-21 09:50:00,7161.0,7162.0,7157.25,7158.75,1111
2026-04-21 10:00:00,7158.75,7160.0,7158.25,7159.75,671
2026-04-21 10:10:00,7159.5,7160.75,7159.0,7160.25,491
2026-04-21 10:20:00,7160.25,7160.5,7159.0,7160.0,364
2026-04-21 10:30:00,7160.25,7160.5,7157.75,7159.75,894
2026-04-21 10:40:00,7159.75,7160.5,7159.0,7159.0,415
2026-04-21 10:50:00,7159.25,7159.75,7157.5,7158.0,433
2026-04-21 11:00:00,7158.0,7158.75,7157.5,7158.25,444
2026-04-21 11:10:00,7158.25,7158.5,7154.75,7155.25,664
2026-04-21 11:20:00,7155.25,7155.5,7153.5,7155.5,1003
2026-04-21 11:30:00,7155.5,7156.0,7155.0,7155.75,410
2026-04-21 11:40:00,7155.25,7156.5,7154.0,7156.25,514
2026-04-21 11:50:00,7156.25,7157.0,7156.0,7156.75,704
2026-04-21 12:00:00,7158.0,7158.25,7157.5,7157.5,526
2026-04-21 12:10:00,7157.25,7159.0,7157.0,7158.5,375
2026-04-21 12:20:00,7158.25,7160.5,7158.25,7160.0,478
2026-04-21 12:30:00,7160.0,7161.25,7159.75,7160.75,419
2026-04-21 12:40:00,7161.0,7161.0,7160.0,7160.25,476
2026-04-21 12:50:00,7160.5,7161.25,7160.5,7160.75,413
2026-04-21 13:00:00,7160.75,7164.5,7160.0,7163.5,1551
2026-04-21 13:10:00,7163.25,7165.0,7162.75,7163.75,1137
2026-04-21 13:20:00,7163.75,7165.25,7162.75,7164.0,927
2026-04-21 13:30:00,7163.75,7163.75,7162.25,7163.0,445
2026-04-21 13:40:00,7162.75,7163.25,7160.5,7161.0,942
2026-04-21 13:50:00,7161.0,7162.0,7160.25,7160.5,895
2026-04-21 14:00:00,7160.75,7164.75,7159.5,7163.75,1462
2026-04-21 14:10:00,7163.75,7165.25,7163.25,7164.25,1058
2026-04-21 14:20:00,7164.75,7165.75,7163.5,7163.5,582
2026-04-21 14:30:00,7148.0,7164.25,7148.0,7164.0,1044
2026-04-21 14:40:00,7164.0,7165.0,7163.25,7163.5,605
2026-04-21 14:50:00,7163.5,7164.0,7162.5,7162.75,564
2026-04-21 15:00:00,7163.0,7163.0,7156.5,7158.0,2793
2026-04-21 15:10:00,7158.0,7159.25,7157.25,7159.0,1491
2026-04-21 15:20:00,7158.75,7161.0,7158.0,7159.0,1830
2026-04-21 15:30:00,7159.0,7160.25,7156.75,7158.5,1607
2026-04-21 15:40:00,7158.5,7161.0,7158.0,7161.0,949
2026-04-21 15:50:00,7161.0,7163.25,7158.0,7158.25,2449
2026-04-21 16:00:00,7158.0,7159.25,7154.5,7157.0,2232
2026-04-21 16:10:00,7157.0,7157.5,7155.0,7156.5,1218
2026-04-21 16:20:00,7156.75,7162.75,7156.75,7161.75,1659
2026-04-21 16:30:00,7161.5,7162.0,7160.25,7161.75,1149
2026-04-21 16:40:00,7162.0,7167.0,7161.5,7165.5,1898
2026-04-21 16:50:00,7165.5,7165.75,7163.75,7164.0,893
2026-04-21 17:00:00,7164.0,7164.0,7158.5,7159.5,1781
2026-04-21 17:10:00,7159.75,7161.5,7159.25,7161.25,1193
2026-04-21 17:20:00,7161.25,7162.0,7159.75,7161.0,919
2026-04-21 17:30:00,7161.0,7162.75,7161.0,7162.25,719
2026-04-21 17:40:00,7162.0,7163.25,7161.5,7163.0,585
2026-04-21 17:50:00,7163.0,7169.75,7163.0,7168.5,3602
2026-04-21 18:00:00,7168.5,7172.0,7168.0,7171.0,2607
2026-04-21 18:10:00,7171.0,7171.25,7168.75,7169.25,1118
2026-04-21 18:20:00,7169.25,7170.0,7168.0,7169.5,1128
2026-04-21 18:30:00,7169.5,7173.75,7169.25,7173.0,1477
2026-04-21 18:40:00,7173.0,7174.75,7171.5,7174.75,1541
2026-04-21 18:50:00,7174.75,7177.5,7174.75,7176.0,2264
2026-04-21 19:00:00,7175.75,7177.75,7170.0,7174.0,8236
2026-04-21 19:10:00,7174.0,7175.0,7171.25,7174.0,3796
2026-04-21 19:20:00,7174.25,7178.75,7173.75,7178.5,3256
2026-04-21 19:30:00,7178.5,7183.0,7178.0,7181.75,5157
2026-04-21 19:40:00,7182.0,7183.0,7178.75,7180.0,2933
2026-04-21 19:50:00,7180.0,7180.75,7175.0,7175.5,4598
2026-04-21 20:00:00,7175.75,7177.25,7173.75,7177.25,3295
2026-04-21 20:10:00,7177.0,7177.0,7167.0,7167.0,6611
2026-04-21 20:20:00,7167.25,7174.5,7166.5,7174.25,3823
2026-04-21 20:30:00,7173.75,7176.25,7163.75,7164.75,9862
2026-04-21 20:40:00,7164.75,7168.0,7161.75,7162.5,7971
2026-04-21 20:50:00,7162.5,7166.75,7160.75,7164.0,5082
2026-04-21 21:00:00,7164.25,7165.5,7160.25,7160.5,5389
2026-04-21 21:10:00,7160.5,7163.25,7160.5,7162.0,4032
2026-04-21 21:20:00,7162.0,7163.75,7160.0,7162.25,10258
2026-04-21 21:30:00,7162.25,7164.0,7147.0,7150.0,64171
2026-04-21 21:40:00,7150.25,7164.0,7149.5,7161.75,42177
2026-04-21 21:50:00,7161.75,7168.5,7160.75,7167.75,29174
2026-04-21 22:00:00,7167.5,7171.75,7164.5,7170.25,29316
2026-04-21 22:10:00,7170.25,7172.5,7166.75,7168.0,28372
2026-04-21 22:20:00,7168.0,7168.5,7161.25,7165.5,29995
2026-04-21 22:30:00,7165.5,7167.5,7158.0,7159.25,27306
2026-04-21 22:40:00,7159.0,7165.0,7148.75,7151.0,40765
2026-04-21 22:50:00,7151.25,7152.5,7134.0,7135.25,46308
2026-04-21 23:00:00,7135.5,7138.25,7120.75,7136.75,76304
2026-04-21 23:10:00,7136.75,7141.5,7132.5,7137.75,36050
2026-04-21 23:20:00,7137.75,7139.25,7121.75,7126.25,41348
2026-04-21 23:30:00,7126.25,7133.25,7119.25,7126.5,37834
2026-04-21 23:40:00,7126.5,7134.25,7123.25,7129.75,28643
2026-04-21 23:50:00,7129.75,7129.75,7123.5,7126.5,31670
2026-04-22 00:00:00,7126.5,7138.25,7126.5,7132.75,36919
2026-04-22 00:10:00,7132.75,7133.0,7125.25,7129.0,18600
2026-04-22 00:20:00,7129.0,7129.25,7121.75,7122.75,21977
2026-04-22 00:30:00,7122.75,7131.0,7122.0,7124.25,19992
2026-04-22 00:40:00,7124.5,7125.5,7115.5,7125.0,24296
2026-04-22 00:50:00,7124.75,7125.25,7113.5,7114.75,18924
2026-04-22 01:00:00,7114.5,7122.0,7106.25,7113.5,51635
2026-04-22 01:10:00,7113.5,7114.0,7098.0,7099.0,46503
2026-04-22 01:20:00,7099.25,7108.5,7096.75,7105.5,29565
2026-04-22 01:30:00,7105.5,7127.25,7105.0,7122.0,42616
2026-04-22 01:40:00,7122.0,7133.25,7117.25,7121.0,59884
2026-04-22 01:50:00,7120.75,7123.5,7111.75,7116.75,24061
2026-04-22 02:00:00,7116.75,7123.5,7116.75,7117.25,22633
2026-04-22 02:10:00,7117.25,7120.75,7105.5,7110.0,35080
2026-04-22 02:20:00,7110.0,7112.0,7106.75,7109.75,15842
2026-04-22 02:30:00,7110.0,7116.5,7109.75,7112.75,14493
2026-04-22 02:40:00,7113.0,7115.0,7110.0,7110.5,11350
2026-04-22 02:50:00,7110.75,7128.0,7109.0,7122.0,47444
2026-04-22 03:00:00,7122.25,7128.0,7122.25,7126.25,23857
2026-04-22 03:10:00,7126.0,7132.5,7121.0,7126.0,42256
2026-04-22 03:20:00,7126.0,7137.5,7126.0,7136.75,31504
2026-04-22 03:30:00,7136.75,7138.5,7116.25,7121.75,35852
2026-04-22 03:40:00,7121.75,7122.5,7085.0,7099.0,100055
2026-04-22 03:50:00,7099.25,7107.0,7092.5,7100.5,115555
2026-04-22 04:00:00,7100.5,7140.0,7091.75,7123.25,41520
2026-04-22 04:10:00,7123.25,7137.0,7109.75,7121.5,35735
2026-04-22 04:20:00,7121.5,7130.25,7120.75,7122.25,8641
2026-04-22 04:30:00,7122.0,7126.25,7120.0,7123.75,5426
2026-04-22 04:40:00,7123.5,7124.0,7118.25,7123.25,4812
2026-04-22 04:50:00,7123.25,7128.5,7121.75,7122.25,3997
2026-04-22 06:00:00,7125.0,7129.5,7123.75,7127.5,1010
2026-04-22 06:10:00,7127.25,7130.5,7127.0,7128.5,1073
2026-04-22 06:20:00,7128.25,7128.5,7126.5,7127.75,525
2026-04-22 06:30:00,7127.75,7128.75,7125.75,7127.0,591
2026-04-22 06:40:00,7127.0,7127.75,7126.5,7126.75,323
2026-04-22 06:50:00,7126.75,7127.0,7121.25,7124.25,1858
2026-04-22 07:00:00,7124.25,7127.75,7123.0,7127.0,1035
2026-04-22 07:10:00,7126.75,7128.0,7126.0,7127.75,494
2026-04-22 07:20:00,7127.75,7127.75,7125.0,7126.0,720
2026-04-22 07:30:00,7126.25,7128.0,7124.25,7127.25,724
2026-04-22 07:40:00,7127.0,7130.5,7127.0,7130.5,1183
2026-04-22 07:50:00,7130.5,7131.25,7129.75,7131.0,1272
2026-04-22 08:00:00,7131.25,7135.5,7131.25,7135.0,2157
2026-04-22 08:10:00,7135.0,7138.75,7134.25,7137.5,3210
2026-04-22 08:20:00,7137.5,7140.0,7136.0,7136.5,1527
2026-04-22 08:30:00,7136.25,7138.75,7136.0,7137.75,946
2026-04-22 08:40:00,7137.75,7137.75,7134.75,7135.0,855
2026-04-22 08:50:00,7135.0,7135.75,7133.5,7134.5,1071
2026-04-22 09:00:00,7134.5,7138.0,7134.25,7136.75,1218
2026-04-22 09:10:00,7137.0,7138.0,7134.25,7134.5,721
2026-04-22 09:20:00,7134.5,7136.75,7134.25,7135.75,641
2026-04-22 09:30:00,7135.75,7142.0,7135.25,7141.0,1556
2026-04-22 09:40:00,7140.75,7141.5,7136.75,7138.75,1473
2026-04-22 09:50:00,7139.0,7140.25,7138.25,7139.75,772
2026-04-22 10:00:00,7139.75,7141.75,7139.0,7140.75,992
2026-04-22 10:10:00,7140.5,7142.5,7140.5,7141.75,663
2026-04-22 10:20:00,7142.0,7143.0,7140.0,7142.25,889
2026-04-22 10:30:00,7142.25,7143.0,7140.5,7141.0,704
2026-04-22 10:40:00,7140.75,7141.0,7139.5,7139.75,441
2026-04-22 10:50:00,7139.5,7140.5,7139.25,7139.75,380
2026-04-22 11:00:00,7139.75,7141.5,7138.5,7140.25,501
2026-04-22 11:10:00,7140.0,7140.25,7137.25,7137.5,800
2026-04-22 11:20:00,7137.5,7138.5,7136.75,7138.0,477
2026-04-22 11:30:00,7138.0,7140.25,7136.75,7137.0,887
2026-04-22 11:40:00,7137.0,7138.0,7135.5,7137.5,493
2026-04-22 11:50:00,7137.25,7138.0,7135.5,7136.75,366
2026-04-22 12:00:00,7137.0,7137.0,7137.0,7137.0,309
2026-04-22 12:10:00,7137.0,7138.0,7134.25,7135.5,1556
2026-04-22 12:20:00,7135.5,7135.5,7134.0,7134.0,384
2026-04-22 12:30:00,7134.0,7134.5,7132.0,7133.5,556
2026-04-22 12:40:00,7133.75,7135.0,7133.0,7134.5,486
2026-04-22 12:50:00,7134.75,7134.75,7129.5,7130.25,894
2026-04-22 13:00:00,7130.25,7133.25,7128.5,7132.75,981
2026-04-22 13:10:00,7132.75,7147.25,7132.75,7141.75,7013
2026-04-22 13:20:00,7142.0,7147.5,7140.0,7140.5,3485
2026-04-22 13:30:00,7140.5,7143.0,7139.75,7140.75,1257
2026-04-22 13:40:00,7140.75,7143.75,7140.0,7141.0,805
2026-04-22 13:50:00,7140.75,7143.25,7140.75,7141.0,573
2026-04-22 14:00:00,7141.0,7141.25,7135.5,7136.25,1502
2026-04-22 14:10:00,7136.25,7137.0,7134.0,7135.75,1126
2026-04-22 14:20:00,7135.75,7138.25,7134.75,7138.0,1031
2026-04-22 14:30:00,7138.0,7143.75,7138.0,7142.5,1974
2026-04-22 14:40:00,7142.25,7143.5,7140.75,7142.75,1072
2026-04-22 14:50:00,7142.5,7143.5,7140.25,7142.0,727
2026-04-22 15:00:00,7142.0,7145.25,7141.25,7145.0,2424
2026-04-22 15:10:00,7144.75,7145.25,7139.5,7140.75,1708
2026-04-22 15:20:00,7140.75,7145.25,7140.25,7144.75,1460
2026-04-22 15:30:00,7144.75,7146.0,7143.75,7143.75,1628
2026-04-22 15:40:00,7143.5,7147.0,7141.5,7144.0,2635
2026-04-22 15:50:00,7144.0,7145.0,7142.0,7142.25,1387
2026-04-22 16:00:00,7142.5,7144.0,7139.0,7139.25,1916
2026-04-22 16:10:00,7139.25,7142.25,7137.25,7138.0,2070
2026-04-22 16:20:00,7138.0,7138.75,7134.5,7135.25,2753
2026-04-22 16:30:00,7135.5,7137.25,7130.0,7130.75,3185
2026-04-22 16:40:00,7130.5,7136.0,7130.0,7135.0,2334
2026-04-22 16:50:00,7135.0,7139.25,7134.25,7138.5,1490
2026-04-22 17:00:00,7138.5,7145.5,7137.5,7143.0,4833
2026-04-22 17:10:00,7143.0,7145.0,7142.0,7143.25,1295
2026-04-22 17:20:00,7143.0,7146.5,7142.25,7145.5,1095
2026-04-22 17:30:00,7145.5,7146.0,7143.5,7144.5,1355
2026-04-22 17:40:00,7144.5,7146.5,7144.0,7144.5,959
2026-04-22 17:50:00,7144.5,7145.25,7134.0,7138.25,3494
2026-04-22 18:00:00,7138.5,7141.5,7134.75,7136.5,2639
2026-04-22 18:10:00,7136.75,7138.75,7132.75,7137.5,2731
2026-04-22 18:20:00,7137.5,7140.0,7136.25,7139.75,1513
2026-04-22 18:30:00,7139.75,7143.5,7138.75,7139.75,2799
2026-04-22 18:40:00,7139.5,7140.75,7138.0,7138.75,1123
2026-04-22 18:50:00,7138.75,7140.25,7138.5,7139.0,1010
2026-04-22 19:00:00,7138.75,7140.25,7135.75,7137.0,2464
2026-04-22 19:10:00,7137.25,7139.5,7135.5,7139.0,1520
2026-04-22 19:20:00,7139.0,7139.75,7136.25,7137.0,1887
2026-04-22 19:30:00,7137.25,7139.5,7136.75,7138.75,2076
2026-04-22 19:40:00,7138.75,7142.5,7135.75,7141.75,3181
2026-04-22 19:50:00,7141.75,7143.0,7141.25,7142.0,2127
2026-04-22 20:00:00,7142.0,7151.25,7142.0,7150.25,5810
2026-04-22 20:10:00,7150.25,7156.5,7149.0,7153.75,8966
2026-04-22 20:20:00,7153.5,7157.25,7148.25,7148.75,7833
2026-04-22 20:30:00,7148.75,7150.5,7143.0,7145.0,9442
2026-04-22 20:40:00,7145.0,7147.25,7139.5,7140.5,7433
2026-04-22 20:50:00,7140.5,7143.0,7138.0,7139.0,5415
2026-04-22 21:00:00,7139.0,7150.75,7137.5,7143.5,13371
2026-04-22 21:10:00,7143.25,7151.5,7139.5,7149.5,14116
2026-04-22 21:20:00,7149.25,7152.75,7143.5,7150.0,16942
2026-04-22 21:30:00,7150.25,7152.25,7140.75,7147.5,47034
2026-04-22 21:40:00,7147.75,7153.5,7143.0,7145.25,31820
2026-04-22 21:50:00,7145.0,7153.5,7141.0,7152.75,27065
2026-04-22 22:00:00,7152.75,7158.25,7146.25,7154.25,35128
2026-04-22 22:10:00,7154.25,7163.25,7154.25,7162.5,29556
2026-04-22 22:20:00,7162.25,7166.25,7160.5,7164.5,30881
2026-04-22 22:30:00,7164.25,7165.25,7153.25,7163.75,40518
2026-04-22 22:40:00,7163.75,7165.75,7153.75,7160.5,25112
2026-04-22 22:50:00,7160.5,7162.25,7153.75,7159.25,22479
2026-04-22 23:00:00,7159.25,7161.25,7151.75,7157.5,29657
2026-04-22 23:10:00,7157.5,7160.75,7154.5,7158.0,18530
2026-04-22 23:20:00,7157.75,7164.0,7156.5,7160.75,24382
2026-04-22 23:30:00,7160.75,7163.25,7155.25,7156.5,19814
2026-04-22 23:40:00,7156.5,7158.25,7150.0,7156.25,21179
2026-04-22 23:50:00,7156.25,7159.25,7153.25,7154.75,16253
2026-04-23 00:00:00,7155.0,7160.25,7152.5,7158.25,19400
2026-04-23 00:10:00,7158.25,7159.0,7152.5,7152.75,11101
2026-04-23 00:20:00,7152.75,7156.75,7148.75,7150.0,13923
2026-04-23 00:30:00,7150.0,7154.75,7146.5,7153.75,18135
2026-04-23 00:40:00,7153.75,7155.5,7147.5,7152.0,21558
2026-04-23 00:50:00,7152.0,7152.5,7146.75,7147.75,18342
2026-04-23 01:00:00,7147.75,7156.5,7147.75,7156.5,22586
2026-04-23 01:10:00,7156.5,7162.75,7154.5,7155.5,21572
2026-04-23 01:20:00,7155.75,7163.0,7155.5,7159.0,15413
2026-04-23 01:30:00,7159.25,7161.75,7157.5,7159.0,10845
2026-04-23 01:40:00,7159.0,7162.75,7156.75,7160.5,17884
2026-04-23 01:50:00,7160.75,7162.0,7158.0,7158.25,10500
2026-04-23 02:00:00,7158.25,7160.5,7157.0,7157.75,10569
2026-04-23 02:10:00,7157.5,7160.0,7154.5,7154.75,13926
2026-04-23 02:20:00,7154.5,7154.75,7150.5,7152.75,15800
2026-04-23 02:30:00,7152.75,7157.0,7151.75,7157.0,9640
2026-04-23 02:40:00,7157.0,7159.5,7155.75,7157.75,9082
2026-04-23 02:50:00,7157.5,7158.75,7153.25,7154.5,12120
2026-04-23 03:00:00,7154.5,7157.25,7150.0,7157.25,24080
2026-04-23 03:10:00,7157.0,7162.0,7155.75,7161.5,14654
2026-04-23 03:20:00,7161.75,7164.0,7160.0,7162.75,14671
2026-04-23 03:30:00,7162.75,7164.0,7159.5,7162.5,15449
2026-04-23 03:40:00,7162.5,7165.75,7161.75,7165.75,15124
2026-04-23 03:50:00,7165.5,7173.0,7162.75,7170.25,95241
2026-04-23 04:00:00,7170.25,7173.0,7166.5,7169.5,26240
2026-04-23 04:10:00,7169.25,7169.5,7160.0,7164.75,10474
2026-04-23 04:20:00,7164.5,7164.75,7161.75,7163.25,2706
2026-04-23 04:30:00,7163.5,7165.25,7156.0,7160.5,5301
2026-04-23 04:40:00,7160.5,7162.75,7160.25,7161.25,2091
2026-04-23 04:50:00,7161.5,7164.75,7161.25,7164.5,2558
2026-04-23 06:00:00,7163.0,7164.0,7158.25,7162.25,348
2026-04-23 06:10:00,7162.0,7163.25,7160.5,7162.5,707
2026-04-23 06:20:00,7162.5,7163.5,7160.25,7160.5,497
2026-04-23 06:30:00,7160.5,7161.0,7158.5,7160.0,653
2026-04-23 06:40:00,7159.75,7161.25,7159.25,7160.75,387
2026-04-23 06:50:00,7161.0,7161.75,7160.0,7161.0,274
2026-04-23 07:00:00,7161.0,7161.25,7159.5,7160.75,250
2026-04-23 07:10:00,7160.75,7162.0,7160.75,7162.0,309
2026-04-23 07:20:00,7162.25,7163.25,7161.5,7162.75,573
2026-04-23 07:30:00,7162.5,7162.5,7160.75,7161.75,296
2026-04-23 07:40:00,7161.5,7163.0,7161.25,7162.75,407
2026-04-23 07:50:00,7162.75,7163.25,7161.5,7162.75,446
2026-04-23 08:00:00,7162.5,7163.0,7148.0,7148.5,3927
2026-04-23 08:10:00,7148.5,7153.25,7105.5,7151.0,27582
2026-04-23 08:20:00,7151.0,7154.75,7139.25,7153.0,12845
2026-04-23 08:30:00,7153.25,7158.25,7149.25,7150.75,4080
2026-04-23 08:40:00,7151.0,7156.25,7150.0,7151.25,2103
2026-04-23 08:50:00,7151.0,7156.25,7150.5,7154.75,1673
2026-04-23 09:00:00,7154.75,7155.25,7151.75,7152.75,1396
2026-04-23 09:10:00,7152.75,7152.75,7146.5,7148.5,2244
2026-04-23 09:20:00,7148.25,7149.75,7144.5,7145.25,1179
2026-04-23 09:30:00,7145.5,7148.5,7141.5,7143.75,2421
2026-04-23 09:40:00,7143.75,7147.0,7142.0,7143.25,1435
2026-04-23 09:50:00,7143.0,7143.5,7139.5,7141.5,1874
2026-04-23 10:00:00,7141.5,7141.5,7138.5,7139.0,1534
2026-04-23 10:10:00,7139.0,7139.5,7132.0,7136.0,3446
2026-04-23 10:20:00,7136.0,7142.5,7135.5,7136.0,2476
2026-04-23 10:30:00,7136.25,7140.25,7133.0,7136.25,2067
2026-04-23 10:40:00,7136.5,7137.5,7134.0,7136.5,1384
2026-04-23 10:50:00,7136.5,7138.25,7132.25,7133.0,2000
2026-04-23 11:00:00,7133.5,7136.5,7131.0,7131.5,1955
2026-04-23 11:10:00,7131.5,7131.5,7125.5,7126.25,1977
2026-04-23 11:20:00,7126.25,7127.5,7124.0,7124.75,1691
2026-04-23 11:30:00,7124.5,7126.0,7120.25,7120.25,1906
2026-04-23 11:40:00,7120.5,7124.5,7118.75,7124.0,2703
2026-04-23 11:50:00,7124.25,7128.25,7123.75,7126.5,1697
2026-04-23 12:00:00,7127.0,7128.5,7127.0,7127.5,1298
2026-04-23 12:10:00,7127.75,7131.75,7127.5,7130.75,1376
2026-04-23 12:20:00,7130.75,7132.5,7129.5,7131.25,766
2026-04-23 12:30:00,7131.0,7135.0,7131.0,7133.75,906
2026-04-23 12:40:00,7134.0,7134.5,7132.5,7134.25,600
2026-04-23 12:50:00,7134.25,7135.5,7133.0,7135.25,767
2026-04-23 13:00:00,7135.25,7137.25,7134.0,7135.75,1487
2026-04-23 13:10:00,7136.0,7136.0,7132.25,7132.75,814
2026-04-23 13:20:00,7133.25,7134.5,7131.5,7133.75,607
2026-04-23 13:30:00,7134.0,7136.0,7131.25,7131.75,1684
2026-04-23 13:40:00,7131.75,7134.75,7131.0,7133.5,840
2026-04-23 13:50:00,7133.25,7142.0,7133.25,7138.25,1854
2026-04-23 14:00:00,7138.25,7141.25,7138.25,7140.5,2074
2026-04-23 14:10:00,7140.25,7144.0,7139.0,7143.25,1979
2026-04-23 14:20:00,7143.0,7144.25,7141.75,7143.5,1803
2026-04-23 14:30:00,7143.25,7144.5,7142.5,7143.5,1202
2026-04-23 14:40:00,7143.25,7144.0,7140.5,7141.0,1581
2026-04-23 14:50:00,7141.25,7144.75,7140.5,7143.25,2322
2026-04-23 15:00:00,7143.25,7144.5,7141.25,7143.5,2808
2026-04-23 15:10:00,7143.75,7145.25,7142.0,7143.75,1867
2026-04-23 15:20:00,7143.75,7145.25,7140.75,7143.0,2151
2026-04-23 15:30:00,7143.0,7146.0,7140.25,7142.0,2653
2026-04-23 15:40:00,7142.25,7148.75,7141.0,7148.75,2494
2026-04-23 15:50:00,7148.75,7149.0,7143.5,7145.0,1538
2026-04-23 16:00:00,7145.0,7146.0,7137.75,7139.5,2487
2026-04-23 16:10:00,7139.5,7143.75,7138.75,7143.75,2593
2026-04-23 16:20:00,7144.0,7146.5,7141.5,7142.25,1992
2026-04-23 16:30:00,7142.25,7142.5,7137.0,7137.75,2483
2026-04-23 16:40:00,7138.0,7138.0,7132.5,7133.25,2383
2026-04-23 16:50:00,7133.25,7135.0,7130.75,7133.0,2463
2026-04-23 17:00:00,7132.75,7133.0,7125.75,7127.0,3533
2026-04-23 17:10:00,7127.0,7136.75,7126.5,7135.5,4661
2026-04-23 17:20:00,7135.25,7138.5,7134.25,7135.5,1795
2026-04-23 17:30:00,7135.75,7140.5,7135.0,7136.5,1988
2026-04-23 17:40:00,7136.75,7139.0,7134.25,7137.25,1951
2026-04-23 17:50:00,7137.25,7137.5,7134.5,7135.0,1323
2026-04-23 18:00:00,7135.0,7136.0,7131.0,7131.5,3130
2026-04-23 18:10:00,7131.25,7133.5,7129.0,7132.0,2360
2026-04-23 18:20:00,7131.75,7137.5,7131.75,7134.5,2120
2026-04-23 18:30:00,7134.5,7142.25,7133.5,7137.75,3922
2026-04-23 18:40:00,7137.75,7138.5,7135.0,7135.5,1902
2026-04-23 18:50:00,7135.5,7143.0,7134.75,7141.75,3809
2026-04-23 19:00:00,7141.75,7145.25,7141.75,7144.0,3565
2026-04-23 19:10:00,7144.0,7145.0,7139.0,7140.25,2594
2026-04-23 19:20:00,7140.25,7142.25,7135.75,7138.5,2228
2026-04-23 19:30:00,7138.5,7143.25,7134.25,7139.5,5992
2026-04-23 19:40:00,7139.75,7158.25,7138.0,7151.5,11867
2026-04-23 19:50:00,7151.5,7160.75,7151.0,7158.25,8010
2026-04-23 20:00:00,7158.0,7169.5,7157.0,7165.5,8924
2026-04-23 20:10:00,7165.25,7169.5,7160.25,7161.25,6056
2026-04-23 20:20:00,7161.5,7161.5,7155.75,7158.75,4281
2026-04-23 20:30:00,7158.5,7161.5,7154.5,7157.5,8305
2026-04-23 20:40:00,7157.25,7158.25,7136.25,7149.5,18311
2026-04-23 20:50:00,7149.5,7154.5,7148.5,7152.0,5223
2026-04-23 21:00:00,7152.25,7155.5,7151.75,7153.25,5020
2026-04-23 21:10:00,7153.5,7153.5,7142.5,7150.75,10090
2026-04-23 21:20:00,7150.75,7153.75,7146.25,7152.25,11113
2026-04-23 21:30:00,7152.0,7161.25,7149.75,7160.0,49632
2026-04-23 21:40:00,7160.25,7171.0,7157.0,7167.5,36337
2026-04-23 21:50:00,7167.5,7168.0,7158.75,7159.75,33886
2026-04-23 22:00:00,7159.75,7161.5,7149.0,7160.5,45462
2026-04-23 22:10:00,7160.5,7164.75,7157.5,7159.5,30999
2026-04-23 22:20:00,7159.75,7167.25,7159.0,7163.0,25356
2026-04-23 22:30:00,7163.0,7169.5,7161.75,7164.5,23750
2026-04-23 22:40:00,7164.5,7170.5,7162.25,7168.75,19431
2026-04-23 22:50:00,7169.0,7178.5,7167.5,7175.0,28026
2026-04-23 23:00:00,7175.0,7178.0,7171.75,7175.0,21247
2026-04-23 23:10:00,7175.0,7179.75,7172.75,7178.25,18407
2026-04-23 23:20:00,7178.25,7180.5,7176.5,7177.75,17042
2026-04-23 23:30:00,7177.75,7181.5,7175.25,7175.75,19005
2026-04-23 23:40:00,7175.5,7177.5,7166.0,7170.0,36145
2026-04-23 23:50:00,7170.0,7172.25,7164.25,7168.75,31645
2026-04-24 00:00:00,7168.75,7169.75,7160.25,7162.5,24328
2026-04-24 00:10:00,7162.5,7168.25,7162.25,7167.0,17573
2026-04-24 00:20:00,7166.75,7168.0,7161.25,7164.75,18738
2026-04-24 00:30:00,7164.5,7170.25,7163.5,7165.75,16932
2026-04-24 00:40:00,7165.5,7169.25,7164.75,7166.0,11901
2026-04-24 00:50:00,7166.0,7169.5,7163.0,7166.25,15376
2026-04-24 01:00:00,7166.25,7168.25,7135.25,7136.0,74713
2026-04-24 01:10:00,7136.0,7139.0,7118.25,7122.25,68230
2026-04-24 01:20:00,7122.25,7131.0,7115.5,7117.0,59989
2026-04-24 01:30:00,7117.25,7133.75,7112.75,7115.0,63618
2026-04-24 01:40:00,7115.0,7115.5,7079.25,7092.0,109749
2026-04-24 01:50:00,7092.0,7127.5,7084.75,7123.5,98549
2026-04-24 02:00:00,7123.25,7136.75,7119.0,7130.75,51761
2026-04-24 02:10:00,7130.75,7140.75,7129.0,7138.75,46604
2026-04-24 02:20:00,7139.0,7143.25,7133.5,7142.5,27776
2026-04-24 02:30:00,7142.25,7152.25,7142.25,7146.5,29018
2026-04-24 02:40:00,7146.75,7147.75,7137.0,7137.5,28999
2026-04-24 02:50:00,7137.5,7141.5,7124.5,7128.25,30469
2026-04-24 03:00:00,7128.25,7138.25,7124.5,7135.75,31935
2026-04-24 03:10:00,7135.75,7144.0,7133.75,7142.0,19659
2026-04-24 03:20:00,7142.0,7144.0,7139.0,7141.25,14566
2026-04-24 03:30:00,7141.25,7146.25,7128.0,7133.0,31540
2026-04-24 03:40:00,7133.0,7138.0,7129.75,7137.0,25842
2026-04-24 03:50:00,7137.0,7146.75,7121.5,7142.25,94324
2026-04-24 04:00:00,7142.0,7144.5,7136.25,7139.25,30958
2026-04-24 04:10:00,7139.0,7140.5,7128.75,7133.5,9457
2026-04-24 04:20:00,7133.75,7139.5,7132.75,7136.5,3955
2026-04-24 04:30:00,7136.25,7138.75,7134.75,7138.5,1672
2026-04-24 04:40:00,7138.25,7138.75,7135.0,7135.0,1528
2026-04-24 04:50:00,7135.5,7135.75,7129.5,7132.5,3564
2026-04-24 06:00:00,7143.0,7146.0,7139.75,7145.0,744
2026-04-24 06:10:00,7145.0,7147.5,7144.0,7146.75,1017
2026-04-24 06:20:00,7147.0,7147.25,7143.0,7144.25,1015
2026-04-24 06:30:00,7144.25,7147.0,7142.75,7143.0,1599
2026-04-24 06:40:00,7143.25,7148.0,7142.0,7147.25,1259
2026-04-24 06:50:00,7147.25,7148.0,7145.25,7146.5,756
2026-04-24 07:00:00,7146.5,7147.5,7144.5,7145.0,557
2026-04-24 07:10:00,7145.0,7145.75,7144.25,7145.0,242
2026-04-24 07:20:00,7145.0,7147.75,7144.75,7147.5,296
2026-04-24 07:30:00,7147.5,7151.75,7147.5,7150.5,1196
2026-04-24 07:40:00,7150.5,7153.0,7149.75,7151.5,893
2026-04-24 07:50:00,7151.5,7153.75,7151.0,7153.25,1085
2026-04-24 08:00:00,7153.5,7157.25,7150.5,7156.75,2335
2026-04-24 08:10:00,7156.75,7159.5,7155.75,7157.0,2245
2026-04-24 08:20:00,7156.75,7160.25,7156.5,7159.75,1605
2026-04-24 08:30:00,7159.5,7161.25,7157.5,7158.75,1910
2026-04-24 08:40:00,7158.5,7159.0,7154.5,7155.0,2175
2026-04-24 08:50:00,7155.0,7156.75,7154.0,7156.25,1028
2026-04-24 09:00:00,7156.5,7157.75,7154.75,7155.25,1305
2026-04-24 09:10:00,7155.0,7157.0,7154.5,7154.5,1164
2026-04-24 09:20:00,7154.75,7157.75,7153.75,7156.5,988
2026-04-24 09:30:00,7156.5,7157.0,7150.75,7154.5,1990
2026-04-24 09:40:00,7154.5,7157.75,7153.75,7157.0,1090
2026-04-24 09:50:00,7156.75,7157.75,7155.5,7156.75,1091
2026-04-24 10:00:00,7156.5,7157.0,7152.0,7152.0,1424
2026-04-24 10:10:00,7151.75,7152.75,7149.0,7149.25,1597
2026-04-24 10:20:00,7149.5,7150.0,7144.25,7145.25,1644
2026-04-24 10:30:00,7145.25,7148.5,7144.5,7145.25,1325
2026-04-24 10:40:00,7145.25,7146.75,7141.25,7142.0,1061
2026-04-24 10:50:00,7142.0,7143.5,7140.5,7142.5,1339
2026-04-24 11:00:00,7142.75,7144.5,7139.25,7140.75,1286
2026-04-24 11:10:00,7140.75,7141.75,7139.5,7141.75,788
2026-04-24 11:20:00,7141.5,7142.25,7138.0,7138.75,1195
2026-04-24 11:30:00,7138.5,7140.5,7136.25,7139.25,1156
2026-04-24 11:40:00,7139.5,7141.25,7137.25,7140.5,683
2026-04-24 11:50:00,7140.75,7142.75,7139.25,7139.25,979
2026-04-24 12:00:00,7141.0,7142.25,7141.0,7142.0,1006
2026-04-24 12:10:00,7142.0,7142.75,7139.5,7140.75,682
2026-04-24 12:20:00,7140.5,7140.75,7137.0,7138.5,656
2026-04-24 12:30:00,7138.5,7141.5,7138.25,7140.0,683
2026-04-24 12:40:00,7139.75,7145.25,7139.5,7144.25,744
2026-04-24 12:50:00,7144.0,7144.75,7143.0,7144.5,884
2026-04-24 13:00:00,7144.5,7144.75,7141.25,7141.25,933
2026-04-24 13:10:00,7141.25,7145.25,7140.0,7143.5,1105
2026-04-24 13:20:00,7143.5,7146.5,7143.0,7145.0,913
2026-04-24 13:30:00,7145.25,7149.5,7145.25,7148.75,1208
2026-04-24 13:40:00,7148.75,7150.0,7148.0,7149.75,569
2026-04-24 13:50:00,7149.75,7151.25,7149.5,7150.75,973
2026-04-24 14:00:00,7151.0,7152.5,7148.25,7149.75,1499
2026-04-24 14:10:00,7149.5,7151.75,7149.0,7150.0,830
2026-04-24 14:20:00,7150.0,7151.0,7146.25,7146.5,747
2026-04-24 14:30:00,7146.75,7148.75,7146.75,7148.25,1002
2026-04-24 14:40:00,7148.25,7150.0,7145.0,7146.25,1248
2026-04-24 14:50:00,7146.0,7147.5,7145.0,7147.25,796
2026-04-24 15:00:00,7147.0,7153.75,7146.5,7153.25,2823
2026-04-24 15:10:00,7153.25,7154.25,7149.75,7153.25,1762
2026-04-24 15:20:00,7153.25,7155.5,7150.75,7154.5,1276
2026-04-24 15:30:00,7154.25,7154.25,7149.0,7149.25,1544
2026-04-24 15:40:00,7149.0,7151.0,7147.5,7150.25,1706
2026-04-24 15:50:00,7150.25,7154.25,7148.75,7153.75,1979
2026-04-24 16:00:00,7153.5,7154.75,7146.75,7147.75,3063
2026-04-24 16:10:00,7147.75,7156.0,7146.75,7154.25,4525
2026-04-24 16:20:00,7154.5,7159.25,7147.75,7149.25,3099
2026-04-24 16:30:00,7149.5,7149.5,7141.25,7146.5,3555
2026-04-24 16:40:00,7146.5,7148.25,7142.25,7145.75,2104
2026-04-24 16:50:00,7146.0,7146.0,7141.5,7143.5,1758
2026-04-24 17:00:00,7143.75,7145.75,7140.5,7144.0,2022
2026-04-24 17:10:00,7144.0,7146.75,7142.5,7144.0,1442
2026-04-24 17:20:00,7144.25,7145.5,7135.5,7142.75,4525
2026-04-24 17:30:00,7142.5,7144.75,7141.0,7144.0,1713
2026-04-24 17:40:00,7144.0,7146.75,7143.75,7145.25,1582
2026-04-24 17:50:00,7145.25,7145.25,7142.25,7143.75,1345
2026-04-24 18:00:00,7143.75,7145.5,7141.5,7142.75,2304
2026-04-24 18:10:00,7142.75,7146.5,7142.0,7145.5,2170
2026-04-24 18:20:00,7145.75,7151.75,7145.75,7151.0,2139
2026-04-24 18:30:00,7151.0,7152.0,7148.25,7149.5,1833
2026-04-24 18:40:00,7149.5,7151.5,7148.75,7150.25,1646
2026-04-24 18:50:00,7150.5,7152.5,7150.0,7151.25,1855
2026-04-24 19:00:00,7150.75,7175.25,7150.5,7168.25,17159
2026-04-24 19:10:00,7168.5,7175.75,7166.25,7168.75,10085
2026-04-24 19:20:00,7169.0,7187.5,7166.75,7187.25,19823
2026-04-24 19:30:00,7187.0,7189.5,7177.25,7177.5,9325
2026-04-24 19:40:00,7177.5,7179.25,7170.75,7171.5,6620
2026-04-24 19:50:00,7171.25,7173.5,7169.0,7171.0,5794
2026-04-24 20:00:00,7171.25,7174.25,7168.5,7171.75,6658
2026-04-24 20:10:00,7172.0,7177.75,7167.0,7174.25,7994
2026-04-24 20:20:00,7174.5,7175.5,7167.5,7173.5,7937
2026-04-24 20:30:00,7173.5,7173.75,7160.75,7165.5,10913
2026-04-24 20:40:00,7165.5,7168.5,7155.5,7158.0,9355
2026-04-24 20:50:00,7158.0,7163.0,7154.25,7162.25,9722
2026-04-24 21:00:00,7162.5,7167.0,7162.0,7164.5,6812
2026-04-24 21:10:00,7164.75,7170.25,7163.5,7169.25,10488
2026-04-24 21:20:00,7169.25,7170.5,7161.75,7162.75,12934
2026-04-24 21:30:00,7162.5,7166.75,7150.75,7158.25,66171
2026-04-24 21:40:00,7158.5,7160.5,7152.0,7158.25,40435
2026-04-24 21:50:00,7158.25,7160.5,7145.0,7154.75,39217
2026-04-24 22:00:00,7154.75,7158.25,7146.5,7154.75,46492
2026-04-24 22:10:00,7155.0,7162.5,7152.25,7159.25,37667
2026-04-24 22:20:00,7159.0,7162.0,7150.25,7154.0,26755
2026-04-24 22:30:00,7154.0,7164.75,7149.5,7161.0,34457
2026-04-24 22:40:00,7161.0,7170.75,7160.75,7167.25,32248
2026-04-24 22:50:00,7167.0,7171.75,7164.75,7170.0,20147
2026-04-24 23:00:00,7170.0,7172.25,7167.5,7171.25,26084
2026-04-24 23:10:00,7171.25,7174.5,7171.0,7172.25,23005
2026-04-24 23:20:00,7172.25,7177.0,7170.75,7174.0,24010
2026-04-24 23:30:00,7174.25,7176.75,7170.5,7172.75,25022
2026-04-24 23:40:00,7172.75,7197.25,7171.75,7188.5,79523
2026-04-24 23:50:00,7188.5,7196.75,7188.5,7193.5,43511
2026-04-25 00:00:00,7193.5,7195.75,7186.75,7188.5,24015
2026-04-25 00:10:00,7188.25,7194.25,7185.25,7188.5,19685
2026-04-25 00:20:00,7188.5,7192.0,7187.25,7189.0,14511
2026-04-25 00:30:00,7189.0,7194.5,7189.0,7190.25,23334
2026-04-25 00:40:00,7190.0,7190.5,7184.25,7187.5,18921
2026-04-25 00:50:00,7187.75,7194.0,7187.5,7191.5,18327
2026-04-25 01:00:00,7191.5,7193.5,7188.25,7189.25,15767
2026-04-25 01:10:00,7189.25,7192.0,7186.0,7186.25,10562
2026-04-25 01:20:00,7186.0,7188.75,7183.0,7186.0,17329
2026-04-25 01:30:00,7186.0,7191.5,7182.75,7187.75,21683
2026-04-25 01:40:00,7187.75,7192.0,7187.25,7189.5,10177
2026-04-25 01:50:00,7189.75,7200.5,7189.0,7192.25,26347
2026-04-25 02:00:00,7192.25,7193.5,7188.0,7192.0,14676
2026-04-25 02:10:00,7192.0,7192.75,7186.25,7187.75,14656
2026-04-25 02:20:00,7187.75,7189.75,7184.75,7185.5,16219
2026-04-25 02:30:00,7185.5,7191.5,7185.25,7190.0,13654
2026-04-25 02:40:00,7190.25,7192.0,7187.0,7188.25,13490
2026-04-25 02:50:00,7188.25,7191.5,7187.25,7190.75,10951
2026-04-25 03:00:00,7191.0,7197.25,7190.75,7196.75,17912
2026-04-25 03:10:00,7196.5,7200.0,7196.25,7197.75,19851
2026-04-25 03:20:00,7197.75,7198.0,7190.75,7193.0,20811
2026-04-25 03:30:00,7193.0,7194.0,7189.75,7192.25,18187
2026-04-25 03:40:00,7192.25,7195.25,7191.0,7194.0,20849
2026-04-25 03:50:00,7194.0,7199.0,7191.0,7194.75,98534
2026-04-25 04:00:00,7194.75,7197.25,7190.75,7193.5,26518
2026-04-25 04:10:00,7193.5,7193.75,7191.75,7192.5,6030
2026-04-25 04:20:00,7192.5,7194.5,7190.0,7190.75,4882
2026-04-25 04:30:00,7191.0,7195.75,7190.75,7194.0,3467
2026-04-25 04:40:00,7194.25,7196.25,7193.75,7194.75,1982
2026-04-25 04:50:00,7194.5,7197.0,7194.25,7196.0,3209
2026-04-27 06:10:00,7175.0,7177.75,7171.5,7177.5,1840
2026-04-27 06:20:00,7177.5,7178.25,7176.0,7178.0,1005
2026-04-27 06:30:00,7177.75,7178.0,7175.5,7178.0,1035
2026-04-27 06:40:00,7178.25,7180.25,7177.5,7179.0,1801
2026-04-27 06:50:00,7179.0,7182.5,7178.75,7182.0,1362
2026-04-27 07:00:00,7182.25,7182.75,7178.0,7178.5,1372
2026-04-27 07:10:00,7178.5,7181.0,7177.5,7180.0,1157
2026-04-27 07:20:00,7180.25,7181.0,7178.5,7178.5,631
2026-04-27 07:30:00,7178.25,7178.25,7175.0,7176.5,1448
2026-04-27 07:40:00,7176.5,7179.25,7175.5,7178.0,765
2026-04-27 07:50:00,7178.0,7179.0,7175.5,7178.5,634
2026-04-27 08:00:00,7178.75,7182.5,7177.25,7180.0,2339
2026-04-27 08:10:00,7180.0,7183.0,7179.0,7182.5,1457
2026-04-27 08:20:00,7182.5,7183.0,7180.75,7181.75,877
2026-04-27 08:30:00,7182.0,7183.5,7181.0,7183.25,964
2026-04-27 08:40:00,7183.5,7186.5,7183.5,7185.25,1775
2026-04-27 08:50:00,7185.25,7193.0,7184.5,7190.5,3637
2026-04-27 09:00:00,7190.75,7202.25,7190.75,7192.0,6966
2026-04-27 09:10:00,7192.0,7195.0,7189.75,7193.75,2321
2026-04-27 09:20:00,7193.75,7198.25,7192.0,7198.0,2376
2026-04-27 09:30:00,7198.0,7203.5,7197.0,7202.0,2969
2026-04-27 09:40:00,7202.0,7203.75,7201.25,7203.5,1477
2026-04-27 09:50:00,7203.5,7208.0,7202.5,7207.5,2945
2026-04-27 10:00:00,7207.75,7208.5,7203.0,7205.5,1597
2026-04-27 10:10:00,7205.25,7207.0,7203.75,7204.25,1164
2026-04-27 10:20:00,7204.25,7204.75,7201.75,7204.25,1378
2026-04-27 10:30:00,7204.0,7206.25,7203.5,7204.75,834
2026-04-27 10:40:00,7204.5,7205.25,7203.25,7205.0,724
2026-04-27 10:50:00,7204.75,7204.75,7203.0,7203.25,519
2026-04-27 11:00:00,7203.5,7206.75,7202.25,7202.5,2927
2026-04-27 11:10:00,7202.5,7203.5,7201.75,7203.5,827
2026-04-27 11:20:00,7203.25,7204.25,7203.0,7204.0,602
2026-04-27 11:30:00,7204.0,7204.5,7202.5,7203.0,777
2026-04-27 11:40:00,7203.25,7204.25,7202.75,7203.5,487
2026-04-27 11:50:00,7203.5,7204.0,7202.75,7203.0,934
2026-04-27 12:00:00,7202.75,7203.0,7200.0,7202.0,1598
2026-04-27 12:10:00,7202.0,7202.5,7201.0,7201.5,621
2026-04-27 12:20:00,7201.75,7204.25,7201.5,7203.25,853
2026-04-27 12:30:00,7203.25,7205.25,7202.75,7204.25,1061
2026-04-27 12:40:00,7204.5,7204.5,7203.0,7203.25,688
2026-04-27 12:50:00,7203.0,7203.0,7199.75,7200.75,1102
2026-04-27 13:00:00,7200.5,7201.0,7195.25,7197.25,1297
2026-04-27 13:10:00,7197.25,7198.5,7194.0,7194.75,1083
2026-04-27 13:20:00,7194.75,7195.75,7191.75,7192.0,1277
2026-04-27 13:30:00,7192.0,7193.0,7188.0,7190.0,1764
2026-04-27 13:40:00,7190.25,7192.25,7189.75,7190.75,806
2026-04-27 13:50:00,7190.75,7191.25,7188.5,7189.75,1025
2026-04-27 14:00:00,7189.75,7190.75,7186.5,7189.5,1451
2026-04-27 14:10:00,7189.5,7190.75,7187.75,7190.0,1079
2026-04-27 14:20:00,7190.0,7191.5,7189.5,7190.5,1094
2026-04-27 14:30:00,7190.75,7191.0,7186.25,7188.0,2239
2026-04-27 14:40:00,7187.75,7190.25,7186.0,7189.75,1328
2026-04-27 14:50:00,7189.5,7189.75,7186.75,7188.0,1109
2026-04-27 15:00:00,7188.0,7190.25,7185.25,7186.5,2788
2026-04-27 15:10:00,7186.75,7188.5,7185.0,7187.75,1439
2026-04-27 15:20:00,7187.75,7189.5,7186.0,7187.25,1245
2026-04-27 15:30:00,7187.5,7188.5,7185.5,7188.0,1609
2026-04-27 15:40:00,7187.75,7188.75,7186.75,7187.0,1048
2026-04-27 15:50:00,7187.25,7189.0,7186.25,7187.0,1209
2026-04-27 16:00:00,7186.75,7189.0,7181.75,7183.0,3759
2026-04-27 16:10:00,7183.0,7184.75,7181.5,7183.75,2434
2026-04-27 16:20:00,7183.75,7186.75,7182.5,7186.25,1952
2026-04-27 16:30:00,7186.0,7188.25,7185.75,7187.0,2071
2026-04-27 16:40:00,7187.0,7190.0,7186.0,7188.75,1917
2026-04-27 16:50:00,7189.0,7189.75,7187.75,7188.75,1651
2026-04-27 17:00:00,7189.0,7190.5,7187.75,7187.75,1466
2026-04-27 17:10:00,7187.75,7190.75,7187.75,7188.75,1080
2026-04-27 17:20:00,7188.75,7189.0,7187.25,7188.5,1441
2026-04-27 17:30:00,7188.5,7190.5,7188.0,7189.25,1219
2026-04-27 17:40:00,7189.0,7190.0,7188.5,7189.25,967
2026-04-27 17:50:00,7189.25,7191.25,7188.0,7189.0,1189
2026-04-27 18:00:00,7189.0,7189.5,7187.0,7187.75,1373
2026-04-27 18:10:00,7188.0,7190.0,7186.5,7189.25,1178
2026-04-27 18:20:00,7189.25,7191.0,7188.0,7189.0,1514
2026-04-27 18:30:00,7189.0,7192.0,7188.5,7192.0,1373
2026-04-27 18:40:00,7192.0,7195.25,7192.0,7193.5,2559
2026-04-27 18:50:00,7193.25,7195.0,7192.75,7194.0,2084
2026-04-27 19:00:00,7193.75,7196.0,7193.75,7195.0,2327
2026-04-27 19:10:00,7194.75,7195.75,7193.5,7195.5,2173
2026-04-27 19:20:00,7195.5,7197.75,7194.75,7196.5,2520
2026-04-27 19:30:00,7196.75,7198.0,7195.75,7196.25,2157
2026-04-27 19:40:00,7196.25,7198.5,7195.75,7197.75,1797
2026-04-27 19:50:00,7197.5,7198.0,7195.5,7196.5,2002
2026-04-27 20:00:00,7196.75,7197.25,7192.75,7193.75,2671
2026-04-27 20:10:00,7194.0,7196.75,7193.25,7194.25,2296
2026-04-27 20:20:00,7194.5,7195.75,7185.5,7188.75,5631
2026-04-27 20:30:00,7188.75,7190.75,7186.0,7187.75,4346
2026-04-27 20:40:00,7188.0,7192.25,7185.0,7191.5,6106
2026-04-27 20:50:00,7191.5,7193.0,7186.75,7188.25,3785
2026-04-27 21:00:00,7188.5,7191.5,7183.25,7187.5,11785
2026-04-27 21:10:00,7187.5,7189.75,7186.25,7187.5,5627
2026-04-27 21:20:00,7187.5,7188.5,7184.75,7186.25,7045
2026-04-27 21:30:00,7186.5,7198.0,7183.25,7198.0,53085
2026-04-27 21:40:00,7198.25,7198.5,7180.25,7183.5,46520
2026-04-27 21:50:00,7183.5,7197.5,7180.75,7195.5,40171
2026-04-27 22:00:00,7195.5,7197.25,7191.25,7192.25,31162
2026-04-27 22:10:00,7192.0,7195.5,7188.75,7189.5,28881
2026-04-27 22:20:00,7189.25,7193.0,7188.0,7189.25,23221
2026-04-27 22:30:00,7189.25,7199.0,7185.25,7194.0,38080
2026-04-27 22:40:00,7193.75,7196.25,7190.0,7191.5,19302
2026-04-27 22:50:00,7191.25,7193.25,7187.75,7190.75,16685
2026-04-27 23:00:00,7190.75,7192.75,7182.25,7185.0,27025
2026-04-27 23:10:00,7185.25,7186.75,7181.5,7182.75,19565
2026-04-27 23:20:00,7182.75,7184.5,7177.0,7184.5,29364
2026-04-27 23:30:00,7184.5,7187.0,7182.0,7185.0,16337
2026-04-27 23:40:00,7184.75,7188.5,7184.0,7185.75,16021
2026-04-27 23:50:00,7186.0,7189.5,7185.0,7188.75,13093
2026-04-28 00:00:00,7188.75,7192.5,7186.25,7192.0,14430
2026-04-28 00:10:00,7192.0,7196.0,7191.25,7194.75,18533
2026-04-28 00:20:00,7194.75,7195.25,7192.0,7193.5,11657
2026-04-28 00:30:00,7193.5,7197.75,7193.25,7197.25,12260
2026-04-28 00:40:00,7197.25,7197.75,7195.75,7197.25,9135
2026-04-28 00:50:00,7197.25,7197.25,7193.5,7196.0,11670
2026-04-28 01:00:00,7196.25,7198.5,7195.75,7197.0,10261
2026-04-28 01:10:00,7197.0,7198.75,7193.75,7196.25,11871
2026-04-28 01:20:00,7196.0,7202.0,7195.25,7201.0,20987
2026-04-28 01:30:00,7201.0,7207.25,7200.75,7202.5,22160
2026-04-28 01:40:00,7202.5,7204.0,7201.75,7203.75,10167
2026-04-28 01:50:00,7203.5,7204.75,7201.25,7203.5,8710
2026-04-28 02:00:00,7203.5,7205.25,7202.0,7204.5,9573
2026-04-28 02:10:00,7204.25,7207.25,7204.25,7207.0,9131
2026-04-28 02:20:00,7207.0,7207.25,7204.75,7205.75,10617
2026-04-28 02:30:00,7205.5,7207.0,7205.0,7206.0,8770
2026-04-28 02:40:00,7206.0,7206.75,7201.75,7204.75,13175
2026-04-28 02:50:00,7204.75,7206.0,7203.0,7203.0,8323
2026-04-28 03:00:00,7203.25,7204.75,7201.5,7202.25,10928
2026-04-28 03:10:00,7202.5,7206.5,7201.5,7206.0,14417
2026-04-28 03:20:00,7205.75,7206.75,7204.75,7206.0,13038
2026-04-28 03:30:00,7206.0,7207.75,7203.5,7206.5,20341
2026-04-28 03:40:00,7206.5,7210.0,7205.25,7210.0,23742
2026-04-28 03:50:00,7210.0,7211.25,7204.75,7207.0,86216
2026-04-28 04:00:00,7207.0,7208.0,7203.25,7203.5,20782
2026-04-28 04:10:00,7203.5,7205.25,7203.0,7203.75,5328
2026-04-28 04:20:00,7203.5,7204.5,7202.25,7204.5,3081
2026-04-28 04:30:00,7204.25,7207.25,7204.25,7207.0,2307
2026-04-28 04:40:00,7207.25,7207.5,7206.25,7206.75,2496
2026-04-28 04:50:00,7206.5,7206.5,7204.75,7205.25,2069
2026-04-28 06:00:00,7204.75,7218.25,7204.75,7214.5,2283
2026-04-28 06:10:00,7214.5,7221.75,7214.0,7218.75,1887
2026-04-28 06:20:00,7218.75,7219.25,7217.25,7218.75,620
2026-04-28 06:30:00,7218.75,7220.0,7217.25,7218.5,838
2026-04-28 06:40:00,7218.5,7219.25,7217.0,7217.0,501
2026-04-28 06:50:00,7216.75,7217.25,7215.75,7216.5,732
2026-04-28 07:00:00,7216.5,7217.5,7215.0,7215.75,529
2026-04-28 07:10:00,7215.25,7217.75,7215.25,7217.25,458
2026-04-28 07:20:00,7217.25,7218.25,7216.5,7217.5,404
2026-04-28 07:30:00,7217.25,7219.5,7216.75,7219.25,479
2026-04-28 07:40:00,7219.5,7220.0,7217.0,7217.5,485
2026-04-28 07:50:00,7217.5,7217.75,7216.5,7217.25,496
2026-04-28 08:00:00,7217.25,7222.75,7216.75,7221.5,2226
2026-04-28 08:10:00,7221.5,7223.25,7217.75,7218.25,1757
2026-04-28 08:20:00,7218.25,7219.25,7212.25,7215.0,1907
2026-04-28 08:30:00,7215.25,7217.25,7213.25,7215.25,1263
2026-04-28 08:40:00,7215.25,7217.0,7215.0,7216.0,1457
2026-04-28 08:50:00,7215.75,7215.75,7213.5,7213.75,995
2026-04-28 09:00:00,7213.75,7214.75,7211.75,7212.5,1863
2026-04-28 09:10:00,7212.5,7214.75,7212.5,7213.75,564
2026-04-28 09:20:00,7213.75,7216.25,7212.75,7215.75,849
2026-04-28 09:30:00,7215.75,7218.75,7213.75,7217.75,1163
2026-04-28 09:40:00,7218.0,7219.25,7214.5,7214.75,932
2026-04-28 09:50:00,7214.5,7214.5,7208.0,7208.75,2728
2026-04-28 10:00:00,7209.0,7210.5,7207.0,7209.75,1496
2026-04-28 10:10:00,7209.75,7211.5,7209.25,7211.0,670
2026-04-28 10:20:00,7211.0,7212.0,7209.75,7210.5,730
2026-04-28 10:30:00,7210.25,7210.25,7207.0,7207.0,1015
2026-04-28 10:40:00,7206.75,7207.5,7206.5,7206.75,809
2026-04-28 10:50:00,7206.75,7208.25,7204.5,7206.0,1495
2026-04-28 11:00:00,7205.75,7207.0,7205.0,7206.75,976
2026-04-28 11:10:00,7206.75,7210.0,7206.75,7209.5,691
2026-04-28 11:20:00,7209.25,7210.75,7208.75,7210.5,538
2026-04-28 11:30:00,7210.5,7212.0,7210.25,7211.25,655
2026-04-28 11:40:00,7211.0,7211.75,7208.0,7208.5,826
2026-04-28 11:50:00,7208.5,7209.0,7207.5,7208.25,359
2026-04-28 12:00:00,7207.75,7208.25,7207.75,7207.75,396
2026-04-28 12:10:00,7208.0,7211.0,7208.0,7210.25,604
2026-04-28 12:20:00,7210.0,7211.0,7210.0,7210.5,211
2026-04-28 12:30:00,7210.5,7212.5,7210.5,7211.5,495
2026-04-28 12:40:00,7211.75,7213.0,7211.5,7211.75,468
2026-04-28 12:50:00,7211.5,7211.75,7209.0,7209.5,433
2026-04-28 13:00:00,7209.75,7210.5,7205.25,7205.75,965
2026-04-28 13:10:00,7205.75,7206.25,7202.0,7204.0,1865
2026-04-28 13:20:00,7203.75,7205.5,7203.75,7204.75,648
2026-04-28 13:30:00,7204.5,7205.0,7196.0,7199.5,2177
2026-04-28 13:40:00,7199.75,7202.25,7198.25,7198.75,1092
2026-04-28 13:50:00,7198.75,7200.5,7197.25,7198.25,1151
2026-04-28 14:00:00,7198.25,7200.25,7196.25,7199.5,1365
2026-04-28 14:10:00,7200.0,7200.5,7197.5,7198.5,1013
2026-04-28 14:20:00,7198.5,7201.0,7198.0,7199.75,1154
2026-04-28 14:30:00,7199.75,7200.5,7195.25,7196.75,1428
2026-04-28 14:40:00,7196.75,7197.5,7189.5,7191.5,2646
2026-04-28 14:50:00,7191.75,7194.5,7191.5,7194.0,1062
2026-04-28 15:00:00,7193.75,7195.0,7191.0,7193.5,2140
2026-04-28 15:10:00,7193.5,7195.25,7190.75,7193.0,1862
2026-04-28 15:20:00,7193.25,7194.5,7190.75,7192.25,1381
2026-04-28 15:30:00,7192.5,7196.5,7191.75,7195.0,1554
2026-04-28 15:40:00,7195.5,7198.0,7195.25,7196.25,1799
2026-04-28 15:50:00,7196.25,7197.75,7193.5,7196.75,2035
2026-04-28 16:00:00,7197.0,7197.25,7188.5,7191.0,4044
2026-04-28 16:10:00,7191.0,7197.75,7188.5,7195.0,3302
2026-04-28 16:20:00,7195.25,7201.75,7195.25,7201.75,1825
2026-04-28 16:30:00,7201.5,7201.75,7198.75,7200.5,2223
2026-04-28 16:40:00,7200.5,7201.0,7197.75,7198.25,1167
2026-04-28 16:50:00,7198.25,7200.75,7197.25,7200.5,1114
2026-04-28 17:00:00,7200.5,7200.75,7196.5,7199.75,1848
2026-04-28 17:10:00,7199.75,7201.0,7198.0,7199.25,1847
2026-04-28 17:20:00,7199.25,7199.25,7194.0,7196.0,2191
2026-04-28 17:30:00,7196.0,7196.5,7191.25,7191.75,2390
2026-04-28 17:40:00,7192.0,7193.0,7188.0,7189.0,2415
2026-04-28 17:50:00,7188.75,7194.0,7188.0,7191.75,2469
2026-04-28 18:00:00,7191.75,7194.5,7188.0,7188.5,2735
2026-04-28 18:10:00,7188.5,7191.25,7186.0,7190.0,2934
2026-04-28 18:20:00,7190.0,7191.75,7188.25,7189.25,1818
2026-04-28 18:30:00,7189.25,7190.75,7186.75,7188.25,3054
2026-04-28 18:40:00,7188.5,7189.0,7186.25,7188.0,2194
2026-04-28 18:50:00,7188.0,7190.0,7187.5,7189.0,2341
2026-04-28 19:00:00,7189.0,7191.75,7180.75,7181.25,5619
2026-04-28 19:10:00,7181.0,7182.25,7173.25,7173.75,7889
2026-04-28 19:20:00,7173.75,7174.75,7166.75,7169.75,7676
2026-04-28 19:30:00,7169.5,7169.75,7161.75,7163.75,8172
2026-04-28 19:40:00,7163.75,7169.5,7156.75,7158.0,11271
2026-04-28 19:50:00,7157.75,7161.5,7155.25,7158.5,7027
2026-04-28 20:00:00,7158.75,7160.25,7154.25,7155.0,6329
2026-04-28 20:10:00,7154.75,7160.0,7151.0,7153.25,8750
2026-04-28 20:20:00,7153.25,7164.0,7149.5,7152.0,19258
2026-04-28 20:30:00,7152.0,7155.75,7147.5,7155.75,7357
2026-04-28 20:40:00,7155.75,7162.0,7154.25,7161.75,8513
2026-04-28 20:50:00,7161.5,7170.0,7161.25,7169.5,10130
2026-04-28 21:00:00,7169.25,7171.25,7163.75,7164.5,11679
2026-04-28 21:10:00,7164.5,7167.5,7160.5,7164.0,6755
2026-04-28 21:20:00,7164.0,7175.0,7164.0,7172.25,17859
2026-04-28 21:30:00,7172.0,7175.75,7161.75,7174.5,63833
2026-04-28 21:40:00,7174.25,7183.0,7172.5,7176.25,47177
2026-04-28 21:50:00,7176.25,7178.0,7163.5,7169.5,40617
2026-04-28 22:00:00,7169.75,7177.5,7164.75,7175.0,32697
2026-04-28 22:10:00,7175.0,7175.25,7165.25,7167.25,28089
2026-04-28 22:20:00,7167.5,7170.75,7163.5,7166.5,29879
2026-04-28 22:30:00,7166.5,7169.75,7150.25,7154.5,50084
2026-04-28 22:40:00,7154.5,7160.75,7150.5,7154.75,46920
2026-04-28 22:50:00,7154.5,7159.25,7146.25,7159.0,58916
2026-04-28 23:00:00,7158.75,7164.75,7152.5,7154.75,40929
2026-04-28 23:10:00,7154.75,7162.0,7154.25,7160.25,24001
2026-04-28 23:20:00,7160.25,7160.75,7152.0,7152.75,23048
2026-04-28 23:30:00,7153.0,7155.5,7148.0,7152.5,30119
2026-04-28 23:40:00,7152.5,7154.75,7147.75,7149.75,20863
2026-04-28 23:50:00,7149.5,7154.25,7149.25,7153.75,15850
2026-04-29 00:00:00,7153.75,7158.75,7151.75,7156.5,22234
2026-04-29 00:10:00,7156.75,7158.5,7154.5,7157.25,12997
2026-04-29 00:20:00,7157.5,7159.75,7156.0,7157.25,14902
2026-04-29 00:30:00,7157.25,7158.25,7149.25,7150.75,16967
2026-04-29 00:40:00,7150.5,7152.5,7147.25,7151.25,18625
2026-04-29 00:50:00,7151.25,7158.0,7149.0,7155.5,22077
2026-04-29 01:00:00,7155.5,7157.5,7148.0,7152.25,15946
2026-04-29 01:10:00,7152.25,7153.75,7149.0,7150.0,13079
2026-04-29 01:20:00,7150.0,7156.75,7149.75,7154.75,12253
2026-04-29 01:30:00,7155.0,7162.0,7154.75,7160.0,17657
2026-04-29 01:40:00,7159.75,7163.75,7159.0,7161.0,16985
2026-04-29 01:50:00,7161.25,7165.5,7159.5,7164.5,13533
2026-04-29 02:00:00,7164.5,7165.5,7161.5,7164.0,13515
2026-04-29 02:10:00,7164.0,7169.0,7162.25,7168.25,14615
2026-04-29 02:20:00,7168.25,7170.5,7165.75,7167.5,25848
2026-04-29 02:30:00,7167.5,7167.75,7162.0,7164.5,14802
2026-04-29 02:40:00,7164.25,7168.5,7164.25,7168.0,11388
2026-04-29 02:50:00,7167.75,7170.0,7166.5,7169.25,10730
2026-04-29 03:00:00,7169.25,7174.25,7168.25,7173.5,16370
2026-04-29 03:10:00,7173.5,7176.25,7169.75,7170.5,19430
2026-04-29 03:20:00,7170.5,7172.25,7168.25,7170.25,12228
2026-04-29 03:30:00,7170.25,7170.75,7166.25,7169.75,17293
2026-04-29 03:40:00,7169.75,7172.5,7169.5,7171.75,15538
2026-04-29 03:50:00,7171.75,7174.5,7168.25,7171.5,90990
2026-04-29 04:00:00,7171.5,7174.5,7167.5,7174.0,24995
2026-04-29 04:10:00,7173.75,7176.25,7173.0,7174.5,7126
2026-04-29 04:20:00,7174.25,7174.25,7172.25,7174.0,2409
2026-04-29 04:30:00,7174.0,7174.0,7171.5,7171.75,2765
2026-04-29 04:40:00,7171.75,7172.75,7171.25,7171.5,2453
2026-04-29 04:50:00,7171.5,7172.75,7170.75,7172.5,2208
2026-04-29 06:00:00,7172.5,7178.0,7172.5,7176.5,432
2026-04-29 06:10:00,7176.5,7177.75,7175.5,7175.75,364
2026-04-29 06:20:00,7175.5,7176.0,7174.5,7174.75,414
2026-04-29 06:30:00,7174.75,7176.25,7174.75,7175.25,435
2026-04-29 06:40:00,7175.0,7175.75,7174.25,7175.0,352
2026-04-29 06:50:00,7175.0,7176.0,7175.0,7176.0,259
2026-04-29 07:00:00,7176.0,7176.25,7174.25,7175.0,356
2026-04-29 07:10:00,7174.75,7176.0,7174.25,7175.75,220
2026-04-29 07:20:00,7175.75,7176.0,7175.25,7175.75,137
2026-04-29 07:30:00,7176.0,7177.75,7175.75,7177.5,574
2026-04-29 07:40:00,7177.75,7179.0,7177.75,7178.25,595
2026-04-29 07:50:00,7178.25,7179.5,7178.0,7179.5,382
2026-04-29 08:00:00,7179.5,7184.5,7179.5,7184.25,2684
2026-04-29 08:10:00,7184.0,7186.0,7183.25,7184.0,1548
2026-04-29 08:20:00,7184.0,7186.75,7183.75,7186.75,1054
2026-04-29 08:30:00,7186.75,7188.0,7185.0,7185.5,1255
2026-04-29 08:40:00,7185.75,7186.75,7184.0,7184.5,1440
2026-04-29 08:50:00,7184.25,7184.75,7183.0,7183.5,1013
2026-04-29 09:00:00,7183.25,7183.5,7169.0,7172.5,5786
2026-04-29 09:10:00,7172.25,7178.25,7172.25,7177.25,2145
2026-04-29 09:20:00,7177.0,7179.5,7176.25,7176.75,1300
2026-04-29 09:30:00,7176.75,7182.0,7175.75,7179.75,1745
2026-04-29 09:40:00,7179.75,7183.25,7179.5,7180.25,1260
2026-04-29 09:50:00,7180.25,7180.25,7177.25,7178.25,1133
2026-04-29 10:00:00,7178.5,7182.5,7178.5,7182.5,1345
2026-04-29 10:10:00,7182.5,7185.25,7181.5,7183.75,1260
2026-04-29 10:20:00,7183.75,7184.25,7181.75,7182.25,771
2026-04-29 10:30:00,7182.5,7182.75,7179.75,7180.5,700
2026-04-29 10:40:00,7180.5,7182.75,7179.25,7182.0,539
2026-04-29 10:50:00,7182.0,7182.5,7180.25,7181.5,740
2026-04-29 11:00:00,7181.75,7184.75,7181.5,7184.5,781
2026-04-29 11:10:00,7184.75,7185.25,7183.5,7184.5,861
2026-04-29 11:20:00,7184.25,7185.25,7184.0,7184.75,840
2026-04-29 11:30:00,7184.5,7184.75,7183.25,7183.5,465
2026-04-29 11:40:00,7183.25,7183.75,7181.75,7181.75,540
2026-04-29 11:50:00,7182.0,7182.75,7181.25,7182.75,662
2026-04-29 12:00:00,7184.0,7184.5,7184.0,7184.5,507
2026-04-29 12:10:00,7184.25,7184.75,7183.75,7184.0,331
2026-04-29 12:20:00,7184.25,7184.75,7183.5,7184.5,428
2026-04-29 12:30:00,7184.25,7187.0,7184.25,7185.75,1048
2026-04-29 12:40:00,7185.75,7186.0,7184.25,7185.75,703
2026-04-29 12:50:00,7185.5,7186.0,7184.0,7184.5,658
2026-04-29 13:00:00,7184.75,7185.75,7184.0,7184.0,686
2026-04-29 13:10:00,7183.75,7184.0,7182.5,7182.75,634
2026-04-29 13:20:00,7183.0,7185.0,7182.0,7184.75,611
2026-04-29 13:30:00,7184.75,7186.5,7184.25,7186.0,860
2026-04-29 13:40:00,7186.0,7187.25,7185.5,7186.5,715
2026-04-29 13:50:00,7186.5,7187.25,7185.0,7185.0,671
2026-04-29 14:00:00,7185.0,7188.5,7184.75,7186.0,1071
2026-04-29 14:10:00,7186.25,7186.75,7183.25,7184.25,799
2026-04-29 14:20:00,7184.25,7185.0,7182.5,7183.25,1037
2026-04-29 14:30:00,7183.25,7183.5,7181.0,7183.25,1280
2026-04-29 14:40:00,7183.25,7185.25,7182.75,7183.75,1289
2026-04-29 14:50:00,7183.5,7183.5,7179.25,7179.75,1752
2026-04-29 15:00:00,7179.5,7183.5,7179.5,7180.25,2130
2026-04-29 15:10:00,7180.25,7180.25,7176.0,7176.25,2239
2026-04-29 15:20:00,7176.25,7179.0,7175.75,7178.0,1902
2026-04-29 15:30:00,7178.0,7180.25,7176.0,7176.75,2039
2026-04-29 15:40:00,7177.0,7178.0,7169.25,7173.5,4569
2026-04-29 15:50:00,7173.5,7175.25,7171.25,7174.5,2597
2026-04-29 16:00:00,7174.75,7180.25,7170.5,7172.0,5133
2026-04-29 16:10:00,7172.0,7173.25,7166.5,7171.25,3768
2026-04-29 16:20:00,7171.0,7176.5,7171.0,7175.5,2941
2026-04-29 16:30:00,7175.5,7176.0,7166.75,7168.75,4488
2026-04-29 16:40:00,7169.0,7175.5,7167.5,7172.0,2442
2026-04-29 16:50:00,7172.0,7174.0,7171.0,7172.75,1358
2026-04-29 17:00:00,7172.75,7174.25,7170.0,7173.25,1990
2026-04-29 17:10:00,7173.25,7177.0,7173.25,7176.75,1638
2026-04-29 17:20:00,7176.75,7176.75,7172.25,7174.0,1062
2026-04-29 17:30:00,7174.0,7177.75,7172.0,7173.5,1761
2026-04-29 17:40:00,7173.5,7173.5,7170.0,7172.5,1855
2026-04-29 17:50:00,7172.5,7173.5,7167.5,7169.5,2125
2026-04-29 18:00:00,7169.25,7173.0,7166.5,7172.0,1902
2026-04-29 18:10:00,7171.75,7179.25,7171.75,7178.75,1688
2026-04-29 18:20:00,7178.75,7181.0,7177.0,7179.25,2525
2026-04-29 18:30:00,7179.25,7181.0,7178.0,7178.5,1859
2026-04-29 18:40:00,7178.5,7178.5,7175.25,7177.0,1618
2026-04-29 18:50:00,7177.0,7177.75,7174.5,7176.5,1637
2026-04-29 19:00:00,7176.25,7178.5,7173.0,7174.75,3032
2026-04-29 19:10:00,7174.75,7178.0,7174.5,7176.25,1711
2026-04-29 19:20:00,7176.5,7177.5,7174.0,7174.75,1558
2026-04-29 19:30:00,7174.5,7180.0,7173.75,7174.5,2635
2026-04-29 19:40:00,7174.5,7175.25,7169.75,7171.5,4133
2026-04-29 19:50:00,7171.75,7175.5,7171.75,7173.5,2204
2026-04-29 20:00:00,7173.25,7174.5,7171.0,7173.0,1960
2026-04-29 20:10:00,7173.0,7174.5,7170.0,7172.25,3333
2026-04-29 20:20:00,7172.25,7174.75,7167.0,7170.75,4900
2026-04-29 20:30:00,7171.0,7171.0,7161.25,7168.0,9309
2026-04-29 20:40:00,7168.25,7171.5,7167.25,7167.5,3870
2026-04-29 20:50:00,7167.5,7169.75,7166.0,7169.0,3635
2026-04-29 21:00:00,7169.0,7174.0,7169.0,7171.0,5634
2026-04-29 21:10:00,7171.25,7172.0,7167.25,7167.5,6028
2026-04-29 21:20:00,7167.75,7168.5,7161.75,7163.25,14119
2026-04-29 21:30:00,7163.25,7165.0,7152.5,7158.5,60680
2026-04-29 21:40:00,7158.75,7159.5,7149.5,7152.75,33237
2026-04-29 21:50:00,7152.75,7163.5,7152.25,7160.75,34311
2026-04-29 22:00:00,7160.75,7162.0,7155.75,7161.75,27568
2026-04-29 22:10:00,7161.5,7167.0,7160.5,7163.5,27387
2026-04-29 22:20:00,7163.5,7169.75,7162.75,7168.0,21169
2026-04-29 22:30:00,7168.25,7175.25,7166.25,7172.0,27757
2026-04-29 22:40:00,7172.0,7172.5,7168.25,7168.25,20194
2026-04-29 22:50:00,7168.25,7170.5,7167.25,7168.0,17398
2026-04-29 23:00:00,7167.75,7168.5,7159.25,7159.5,27270
2026-04-29 23:10:00,7159.25,7162.0,7154.25,7160.0,33639
2026-04-29 23:20:00,7160.0,7164.5,7159.25,7162.0,19638
2026-04-29 23:30:00,7161.75,7164.0,7158.25,7160.0,23510
2026-04-29 23:40:00,7159.75,7162.75,7157.25,7162.0,14859
2026-04-29 23:50:00,7162.0,7163.75,7145.25,7153.5,65800
2026-04-30 00:00:00,7153.75,7160.25,7152.25,7158.0,21531
2026-04-30 00:10:00,7158.0,7160.75,7151.5,7152.25,16474
2026-04-30 00:20:00,7152.25,7156.75,7149.0,7150.75,14833
2026-04-30 00:30:00,7150.75,7150.75,7142.0,7147.5,32308
2026-04-30 00:40:00,7147.75,7152.5,7147.75,7151.25,16155
2026-04-30 00:50:00,7151.0,7153.75,7147.25,7150.25,13157
2026-04-30 01:00:00,7150.0,7151.0,7145.25,7150.0,14350
2026-04-30 01:10:00,7150.0,7151.5,7147.0,7149.5,11039
2026-04-30 01:20:00,7149.25,7154.75,7148.5,7152.25,20337
2026-04-30 01:30:00,7152.5,7155.75,7151.75,7153.75,15575
2026-04-30 01:40:00,7154.0,7160.5,7151.0,7158.0,15893
2026-04-30 01:50:00,7158.0,7160.75,7155.5,7159.25,11774
2026-04-30 02:00:00,7159.25,7160.25,7140.5,7141.75,31246
2026-04-30 02:10:00,7141.5,7152.5,7137.5,7148.75,28436
2026-04-30 02:20:00,7148.5,7152.5,7144.5,7145.75,15302
2026-04-30 02:30:00,7145.75,7155.25,7140.5,7147.25,29095
2026-04-30 02:40:00,7147.25,7149.25,7137.0,7148.0,27275
2026-04-30 02:50:00,7148.25,7160.0,7148.25,7158.75,22706
2026-04-30 03:00:00,7159.0,7161.25,7153.0,7157.75,24785
2026-04-30 03:10:00,7157.75,7168.25,7156.5,7166.0,24414
2026-04-30 03:20:00,7166.0,7166.5,7162.0,7162.0,16125
2026-04-30 03:30:00,7162.0,7163.75,7154.0,7163.5,26468
2026-04-30 03:40:00,7163.5,7164.25,7157.75,7161.0,15951
2026-04-30 03:50:00,7160.75,7170.75,7157.5,7170.25,92468
2026-04-30 04:00:00,7170.25,7190.75,7154.75,7168.75,57381
2026-04-30 04:10:00,7168.5,7169.75,7131.25,7143.75,34826
2026-04-30 04:20:00,7143.75,7162.75,7143.75,7162.0,14345
2026-04-30 04:30:00,7161.75,7165.75,7155.5,7165.25,8305
2026-04-30 04:40:00,7165.0,7167.5,7157.75,7157.75,6600
2026-04-30 04:50:00,7157.75,7158.25,7140.75,7141.5,9787
2026-04-30 06:00:00,7150.0,7180.0,7148.5,7179.5,5987
2026-04-30 06:10:00,7179.25,7196.5,7177.25,7195.25,11526
2026-04-30 06:20:00,7195.25,7196.0,7185.75,7188.0,5161
2026-04-30 06:30:00,7188.0,7191.5,7185.5,7186.0,2934
2026-04-30 06:40:00,7185.75,7191.5,7183.75,7188.0,2820
2026-04-30 06:50:00,7188.0,7189.75,7183.5,7184.25,1730
2026-04-30 07:00:00,7184.5,7186.5,7183.0,7183.5,1584
2026-04-30 07:10:00,7183.75,7185.75,7182.0,7182.25,1222
2026-04-30 07:20:00,7182.25,7183.5,7180.0,7183.5,1424
2026-04-30 07:30:00,7183.75,7188.0,7183.75,7187.5,1594
2026-04-30 07:40:00,7187.75,7190.75,7187.25,7188.75,1606
2026-04-30 07:50:00,7188.75,7193.25,7188.5,7192.75,1911
2026-04-30 08:00:00,7192.75,7197.75,7191.0,7197.25,3600
2026-04-30 08:10:00,7197.5,7198.5,7194.0,7196.5,1788
2026-04-30 08:20:00,7196.5,7198.25,7195.0,7196.5,1275
2026-04-30 08:30:00,7196.5,7200.5,7196.5,7200.25,2566
2026-04-30 08:40:00,7200.0,7200.5,7198.0,7199.0,976
2026-04-30 08:50:00,7199.0,7201.5,7198.0,7199.25,1567
2026-04-30 09:00:00,7199.0,7199.75,7196.0,7197.25,1703
2026-04-30 09:10:00,7197.25,7198.0,7195.75,7197.75,1089
2026-04-30 09:20:00,7197.75,7198.5,7196.25,7198.0,1073
2026-04-30 09:30:00,7198.0,7200.5,7193.75,7195.75,2619
2026-04-30 09:40:00,7195.75,7197.0,7194.25,7195.75,1286
2026-04-30 09:50:00,7195.75,7199.75,7194.5,7199.25,1217
2026-04-30 10:00:00,7199.25,7199.75,7195.75,7197.75,1313
2026-04-30 10:10:00,7197.75,7198.25,7194.25,7194.75,1047
2026-04-30 10:20:00,7194.5,7195.25,7187.5,7189.75,2353
2026-04-30 10:30:00,7189.5,7189.5,7165.5,7180.0,10164
2026-04-30 10:40:00,7179.75,7182.0,7170.75,7171.0,3401
2026-04-30 10:50:00,7171.25,7179.0,7170.25,7177.25,2276
2026-04-30 11:00:00,7177.0,7181.5,7176.75,7179.25,1749
2026-04-30 11:10:00,7179.0,7180.5,7171.75,7174.75,2302
2026-04-30 11:20:00,7174.5,7175.5,7172.5,7174.75,1270
2026-04-30 11:30:00,7175.0,7177.75,7173.0,7176.5,1095
2026-04-30 11:40:00,7176.25,7177.25,7174.0,7175.25,1026
2026-04-30 11:50:00,7175.5,7176.25,7171.75,7172.5,917
2026-04-30 12:00:00,7165.75,7167.25,7164.0,7164.5,3654
2026-04-30 12:10:00,7164.75,7165.0,7156.75,7157.5,2618
2026-04-30 12:20:00,7158.0,7159.0,7153.75,7155.0,3354
2026-04-30 12:30:00,7155.0,7155.25,7146.75,7147.5,3726
2026-04-30 12:40:00,7147.5,7153.0,7146.5,7151.0,1936
2026-04-30 12:50:00,7151.0,7151.5,7144.75,7145.25,2224
2026-04-30 13:00:00,7145.5,7156.25,7145.25,7155.5,3492
2026-04-30 13:10:00,7155.5,7158.75,7155.0,7155.75,1608
2026-04-30 13:20:00,7155.75,7156.5,7148.75,7150.5,2233
2026-04-30 13:30:00,7150.5,7157.5,7150.5,7155.75,1930
2026-04-30 13:40:00,7155.75,7157.5,7151.25,7151.5,1251
2026-04-30 13:50:00,7151.5,7152.5,7143.0,7143.5,1862
2026-04-30 14:00:00,7143.25,7144.5,7138.0,7138.75,5130
2026-04-30 14:10:00,7138.75,7140.25,7133.75,7139.5,3642
2026-04-30 14:20:00,7139.5,7143.25,7137.0,7142.5,2834
2026-04-30 14:30:00,7142.5,7158.0,7142.5,7154.0,5794
2026-04-30 14:40:00,7154.5,7155.0,7146.25,7147.25,3665
2026-04-30 14:50:00,7147.5,7154.25,7146.75,7153.25,2628
2026-04-30 15:00:00,7153.25,7160.0,7149.75,7159.75,4278
2026-04-30 15:10:00,7159.5,7162.25,7155.5,7155.75,3338
2026-04-30 15:20:00,7156.0,7163.5,7154.75,7163.25,2185
2026-04-30 15:30:00,7163.25,7165.75,7161.0,7163.25,2583
2026-04-30 15:40:00,7163.25,7165.5,7160.75,7161.75,2572
2026-04-30 15:50:00,7162.0,7162.25,7157.75,7161.25,2887
2026-04-30 16:00:00,7160.75,7169.0,7160.5,7164.0,3317
2026-04-30 16:10:00,7164.0,7167.0,7162.0,7163.75,2077
2026-04-30 16:20:00,7163.75,7165.25,7159.25,7165.0,2004
2026-04-30 16:30:00,7165.0,7169.0,7163.75,7168.75,3134
2026-04-30 16:40:00,7169.0,7170.5,7166.25,7169.0,2099
2026-04-30 16:50:00,7168.75,7171.0,7165.0,7165.0,1952
2026-04-30 17:00:00,7164.75,7168.5,7163.0,7167.75,1873
2026-04-30 17:10:00,7167.75,7167.75,7161.75,7161.75,2568
2026-04-30 17:20:00,7161.5,7173.5,7158.5,7172.75,2999
2026-04-30 17:30:00,7172.5,7184.75,7172.5,7177.25,7052
2026-04-30 17:40:00,7177.0,7178.0,7171.0,7175.75,3714
2026-04-30 17:50:00,7175.75,7176.0,7169.25,7171.25,6812
2026-04-30 18:00:00,7171.0,7178.0,7171.0,7178.0,2992
2026-04-30 18:10:00,7177.75,7180.0,7173.5,7177.25,3341
2026-04-30 18:20:00,7177.25,7183.0,7177.0,7181.75,2708
2026-04-30 18:30:00,7181.5,7187.25,7175.25,7177.0,7065
2026-04-30 18:40:00,7177.25,7183.75,7175.5,7179.0,4775
2026-04-30 18:50:00,7179.0,7182.75,7175.25,7180.5,3165
2026-04-30 19:00:00,7180.75,7196.0,7180.0,7188.5,5593
2026-04-30 19:10:00,7188.25,7194.25,7187.25,7193.5,3856
2026-04-30 19:20:00,7193.25,7200.5,7191.75,7199.5,7004
2026-04-30 19:30:00,7199.75,7199.75,7193.25,7193.75,4813
2026-04-30 19:40:00,7193.75,7197.0,7190.75,7195.75,3841
2026-04-30 19:50:00,7196.0,7197.75,7192.5,7194.5,3136
2026-04-30 20:00:00,7194.5,7199.25,7193.25,7197.75,4337
2026-04-30 20:10:00,7198.0,7208.5,7197.25,7207.5,8019
2026-04-30 20:20:00,7207.75,7211.5,7206.25,7209.25,7256
2026-04-30 20:30:00,7209.75,7210.25,7199.25,7201.75,8551
2026-04-30 20:40:00,7201.75,7205.0,7197.0,7201.0,6765
2026-04-30 20:50:00,7200.75,7205.5,7200.25,7204.0,4250
2026-04-30 21:00:00,7204.0,7209.75,7204.0,7208.5,6977
2026-04-30 21:10:00,7208.25,7208.25,7200.75,7203.25,6990
2026-04-30 21:20:00,7203.5,7204.25,7199.25,7200.25,9522
2026-04-30 21:30:00,7200.0,7200.75,7170.75,7171.0,79786
2026-04-30 21:40:00,7171.25,7185.0,7166.75,7177.75,54802
2026-04-30 21:50:00,7178.0,7181.0,7160.25,7165.25,49043
2026-04-30 22:00:00,7165.25,7175.5,7159.25,7164.75,51741
2026-04-30 22:10:00,7164.75,7172.5,7157.25,7168.5,41951
2026-04-30 22:20:00,7168.5,7176.5,7165.75,7173.25,33865
2026-04-30 22:30:00,7173.25,7181.25,7164.75,7166.25,42851
2026-04-30 22:40:00,7166.5,7184.5,7166.5,7181.5,33866
2026-04-30 22:50:00,7181.5,7194.75,7180.25,7192.0,38886
2026-04-30 23:00:00,7192.0,7198.0,7188.75,7197.25,40049
2026-04-30 23:10:00,7197.25,7198.75,7192.0,7195.5,25827
2026-04-30 23:20:00,7195.5,7199.5,7191.0,7197.75,25078
2026-04-30 23:30:00,7197.5,7203.0,7192.0,7193.25,31440
2026-04-30 23:40:00,7193.25,7194.25,7187.75,7194.0,21095
2026-04-30 23:50:00,7194.0,7204.25,7193.25,7199.25,22957
2026-05-01 00:00:00,7199.5,7203.0,7194.25,7200.75,18639
2026-05-01 00:10:00,7200.5,7207.5,7199.75,7205.25,19441
2026-05-01 00:20:00,7205.25,7206.25,7201.0,7205.5,15220
2026-05-01 00:30:00,7205.5,7207.0,7202.5,7205.25,12649
2026-05-01 00:40:00,7205.25,7206.0,7198.0,7201.75,17973
2026-05-01 00:50:00,7201.5,7201.75,7192.5,7197.0,19428
2026-05-01 01:00:00,7197.25,7206.25,7196.75,7205.75,19626
2026-05-01 01:10:00,7205.75,7210.0,7205.0,7208.25,16887
2026-05-01 01:20:00,7208.25,7213.0,7206.0,7212.0,15387
2026-05-01 01:30:00,7212.0,7220.75,7212.0,7218.75,27485
2026-05-01 01:40:00,7218.5,7222.5,7216.5,7221.5,16492
2026-05-01 01:50:00,7221.5,7225.5,7219.5,7224.75,14562
2026-05-01 02:00:00,7224.75,7233.25,7224.25,7229.25,34064
2026-05-01 02:10:00,7229.25,7235.0,7228.5,7232.5,20800
2026-05-01 02:20:00,7232.5,7233.5,7230.0,7232.5,16959
2026-05-01 02:30:00,7232.5,7239.5,7232.25,7238.75,23360
2026-05-01 02:40:00,7238.75,7241.25,7238.5,7240.25,14535
2026-05-01 02:50:00,7240.25,7242.0,7236.5,7237.5,17503
2026-05-01 03:00:00,7237.5,7245.0,7236.25,7242.75,21266
2026-05-01 03:10:00,7242.75,7248.0,7242.25,7245.25,22907
2026-05-01 03:20:00,7245.25,7247.75,7243.75,7245.0,16389
2026-05-01 03:30:00,7245.0,7246.5,7241.25,7246.0,22254
2026-05-01 03:40:00,7245.75,7249.75,7242.75,7249.25,24878
2026-05-01 03:50:00,7249.0,7251.75,7237.25,7238.25,181829
2026-05-01 04:00:00,7238.25,7247.0,7238.0,7243.75,51238
2026-05-01 04:10:00,7243.75,7247.5,7243.25,7246.25,8203
2026-05-01 04:20:00,7246.5,7251.5,7246.0,7249.5,5663
2026-05-01 04:30:00,7249.25,7253.5,7242.5,7246.0,7128
2026-05-01 04:40:00,7246.0,7246.75,7243.75,7246.5,3144
2026-05-01 04:50:00,7246.25,7249.0,7244.75,7246.75,4343
2026-05-01 06:00:00,7256.0,7262.25,7252.0,7262.0,2194
2026-05-01 06:10:00,7261.75,7263.5,7258.0,7258.0,2619
2026-05-01 06:20:00,7258.0,7259.25,7256.25,7257.5,1478
2026-05-01 06:30:00,7257.5,7257.75,7254.5,7256.25,1191
2026-05-01 06:40:00,7256.25,7257.75,7252.25,7253.0,1039
2026-05-01 06:50:00,7253.0,7253.5,7246.25,7250.0,2385
2026-05-01 07:00:00,7250.0,7252.75,7249.0,7249.0,1074
2026-05-01 07:10:00,7249.25,7254.75,7249.0,7252.25,1570
2026-05-01 07:20:00,7252.0,7254.25,7251.25,7254.0,566
2026-05-01 07:30:00,7254.0,7257.25,7252.5,7256.0,970
2026-05-01 07:40:00,7256.0,7256.25,7253.0,7255.25,619
2026-05-01 07:50:00,7255.5,7256.25,7249.75,7252.75,2381
2026-05-01 08:00:00,7252.75,7258.0,7252.75,7255.25,2212
2026-05-01 08:10:00,7255.5,7257.75,7250.5,7257.0,1810
2026-05-01 08:20:00,7257.0,7259.0,7256.25,7259.0,1078
2026-05-01 08:30:00,7258.75,7260.0,7257.5,7258.5,1133
2026-05-01 08:40:00,7258.75,7261.0,7257.0,7259.25,1210
2026-05-01 08:50:00,7259.25,7259.25,7257.25,7258.0,718
2026-05-01 09:00:00,7257.75,7258.75,7255.5,7258.5,886
2026-05-01 09:10:00,7258.5,7261.75,7258.5,7259.5,1021
2026-05-01 09:20:00,7259.5,7262.75,7259.5,7261.75,1052
2026-05-01 09:30:00,7262.0,7264.0,7262.0,7263.5,1704
2026-05-01 09:40:00,7263.5,7263.75,7261.25,7262.5,903
2026-05-01 09:50:00,7262.25,7263.25,7262.0,7262.75,823
2026-05-01 10:00:00,7262.75,7263.0,7262.0,7262.5,633
2026-05-01 10:10:00,7262.75,7263.0,7261.0,7261.75,511
2026-05-01 10:20:00,7261.75,7262.5,7260.0,7260.75,732
2026-05-01 10:30:00,7260.5,7260.75,7259.0,7259.25,717
2026-05-01 10:40:00,7259.0,7259.75,7258.25,7259.25,749
2026-05-01 10:50:00,7259.5,7261.25,7259.0,7260.75,561
2026-05-01 11:00:00,7261.0,7263.25,7260.0,7262.0,1282
2026-05-01 11:10:00,7262.0,7262.5,7261.5,7262.25,298
2026-05-01 11:20:00,7262.25,7264.0,7262.25,7263.5,576
2026-05-01 11:30:00,7263.5,7265.75,7261.75,7261.75,2135
2026-05-01 11:40:00,7261.75,7262.25,7259.25,7259.75,740
2026-05-01 11:50:00,7259.75,7261.25,7259.75,7260.75,348
2026-05-01 12:00:00,7259.0,7259.0,7258.5,7258.75,627
2026-05-01 12:10:00,7258.5,7259.75,7258.0,7259.25,387
2026-05-01 12:20:00,7259.0,7259.75,7258.75,7258.75,284
2026-05-01 12:30:00,7258.75,7259.25,7257.75,7258.0,284
2026-05-01 12:40:00,7258.0,7258.5,7256.75,7258.0,328
2026-05-01 12:50:00,7257.75,7259.0,7257.5,7258.0,306
2026-05-01 13:00:00,7258.0,7260.0,7256.75,7259.0,618
2026-05-01 13:10:00,7259.25,7260.25,7257.5,7258.25,679
2026-05-01 13:20:00,7258.5,7260.0,7258.0,7260.0,413
2026-05-01 13:30:00,7260.0,7260.25,7258.25,7259.0,635
2026-05-01 13:40:00,7259.0,7259.25,7258.0,7258.75,413
2026-05-01 13:50:00,7258.5,7258.75,7256.25,7257.0,667
2026-05-01 14:00:00,7257.25,7257.75,7256.0,7257.25,662
2026-05-01 14:10:00,7257.5,7258.25,7256.75,7257.0,641
2026-05-01 14:20:00,7257.0,7257.0,7255.0,7255.25,766
2026-05-01 14:30:00,7255.5,7256.0,7252.25,7252.75,1003
2026-05-01 14:40:00,7253.0,7253.5,7251.0,7252.5,978
2026-05-01 14:50:00,7252.5,7253.25,7251.25,7252.0,962
2026-05-01 15:00:00,7252.0,7256.0,7251.5,7255.75,1711
2026-05-01 15:10:00,7255.75,7257.0,7254.75,7255.5,1091
2026-05-01 15:20:00,7255.5,7257.0,7253.25,7254.25,1455
2026-05-01 15:30:00,7254.25,7254.25,7251.0,7251.0,1590
2026-05-01 15:40:00,7251.0,7253.0,7250.0,7253.0,1484
2026-05-01 15:50:00,7253.0,7254.0,7248.5,7249.75,4890
2026-05-01 16:00:00,7249.75,7251.25,7249.0,7250.0,1576
2026-05-01 16:10:00,7249.75,7253.0,7249.25,7251.75,1293
2026-05-01 16:20:00,7251.75,7252.75,7250.75,7251.5,997
2026-05-01 16:30:00,7251.75,7251.75,7249.0,7249.5,1100
2026-05-01 16:40:00,7249.5,7250.0,7247.75,7249.0,1694
2026-05-01 16:50:00,7249.0,7250.5,7248.75,7250.25,946
2026-05-01 17:00:00,7250.25,7250.25,7246.5,7248.25,1255
2026-05-01 17:10:00,7248.25,7250.0,7247.75,7249.5,638
2026-05-01 17:20:00,7249.5,7252.25,7249.5,7251.25,751
2026-05-01 17:30:00,7251.25,7253.25,7250.25,7253.0,1014
2026-05-01 17:40:00,7252.75,7253.0,7251.5,7252.25,494
2026-05-01 17:50:00,7252.25,7254.25,7252.25,7253.25,920
2026-05-01 18:00:00,7253.25,7253.75,7251.75,7251.75,617
2026-05-01 18:10:00,7251.75,7254.5,7251.25,7254.25,849
2026-05-01 18:20:00,7254.25,7254.25,7252.0,7252.5,702
2026-05-01 18:30:00,7252.5,7253.5,7249.5,7249.5,1356
2026-05-01 18:40:00,7249.5,7252.0,7248.75,7251.0,1290
2026-05-01 18:50:00,7251.0,7254.25,7251.0,7254.0,1310
2026-05-01 19:00:00,7254.25,7255.0,7250.0,7250.75,1716
2026-05-01 19:10:00,7250.5,7253.75,7249.0,7253.0,1606
2026-05-01 19:20:00,7253.5,7254.75,7252.5,7253.0,1583
2026-05-01 19:30:00,7252.75,7254.0,7252.0,7252.75,947
2026-05-01 19:40:00,7252.75,7255.25,7251.0,7254.25,1373
2026-05-01 19:50:00,7254.25,7257.0,7253.5,7256.25,1267
2026-05-01 20:00:00,7256.25,7258.75,7254.75,7255.25,3102
2026-05-01 20:10:00,7255.25,7271.5,7254.5,7266.25,12984
2026-05-01 20:20:00,7266.0,7268.75,7263.0,7266.25,4543
2026-05-01 20:30:00,7266.0,7266.5,7262.0,7263.0,3290
2026-05-01 20:40:00,7262.75,7263.75,7257.0,7259.0,5859
2026-05-01 20:50:00,7258.75,7260.75,7257.75,7258.5,3094
2026-05-01 21:00:00,7258.25,7265.25,7258.0,7264.25,4836
2026-05-01 21:10:00,7264.0,7265.75,7261.0,7262.75,4192
2026-05-01 21:20:00,7262.75,7265.5,7261.5,7264.5,6542
2026-05-01 21:30:00,7264.5,7277.25,7258.75,7272.25,64159
2026-05-01 21:40:00,7272.5,7277.5,7270.75,7273.25,41172
2026-05-01 21:50:00,7273.25,7293.25,7270.25,7293.25,57287
2026-05-01 22:00:00,7293.0,7298.5,7289.5,7292.25,41750
2026-05-01 22:10:00,7292.5,7298.5,7290.5,7296.75,32095
2026-05-01 22:20:00,7296.5,7300.75,7293.75,7294.5,27748
2026-05-01 22:30:00,7294.5,7294.75,7274.5,7280.25,52967
2026-05-01 22:40:00,7280.25,7285.5,7276.25,7283.0,33349
2026-05-01 22:50:00,7282.75,7284.5,7277.75,7278.5,23353
2026-05-01 23:00:00,7278.75,7279.5,7272.0,7277.75,31938
2026-05-01 23:10:00,7277.75,7283.25,7274.75,7281.5,22450
2026-05-01 23:20:00,7281.25,7285.25,7281.0,7284.25,16953
2026-05-01 23:30:00,7284.5,7292.25,7283.0,7289.25,19900
2026-05-01 23:40:00,7289.5,7295.5,7289.25,7294.5,16599
2026-05-01 23:50:00,7294.75,7295.75,7278.5,7285.25,34999
2026-05-02 00:00:00,7285.25,7287.75,7276.25,7277.25,16642
2026-05-02 00:10:00,7277.25,7282.0,7275.25,7281.5,20907
2026-05-02 00:20:00,7281.75,7283.25,7270.25,7272.75,33306
2026-05-02 00:30:00,7272.75,7274.75,7267.75,7274.25,21187
2026-05-02 00:40:00,7274.0,7274.75,7266.0,7268.25,17759
2026-05-02 00:50:00,7268.25,7275.0,7266.75,7270.25,17509
2026-05-02 01:00:00,7270.0,7276.0,7269.75,7273.25,13796
2026-05-02 01:10:00,7273.25,7278.5,7273.25,7278.0,11424
2026-05-02 01:20:00,7278.25,7281.0,7277.5,7280.75,9035
2026-05-02 01:30:00,7280.75,7282.25,7277.5,7279.25,11113
2026-05-02 01:40:00,7279.5,7281.75,7279.25,7279.75,8440
2026-05-02 01:50:00,7279.75,7283.75,7279.0,7279.5,16250
2026-05-02 02:00:00,7279.5,7280.75,7273.0,7276.0,16458
2026-05-02 02:10:00,7276.0,7276.5,7266.25,7269.5,17290
2026-05-02 02:20:00,7269.5,7273.75,7268.5,7272.75,15580
2026-05-02 02:30:00,7272.75,7273.5,7263.5,7264.75,21242
2026-05-02 02:40:00,7264.75,7266.0,7259.0,7262.75,18521
2026-05-02 02:50:00,7262.5,7264.75,7261.0,7262.75,13829
2026-05-02 03:00:00,7262.75,7269.25,7262.0,7269.25,17683
2026-05-02 03:10:00,7268.75,7274.25,7267.75,7273.0,14866
2026-05-02 03:20:00,7273.25,7277.0,7271.75,7275.25,15035
2026-05-02 03:30:00,7275.5,7276.5,7271.25,7274.5,17253
2026-05-02 03:40:00,7274.5,7275.25,7269.5,7271.0,20389
2026-05-02 03:50:00,7270.75,7272.75,7255.5,7257.5,106820
2026-05-02 04:00:00,7257.5,7258.25,7252.0,7254.75,29847
2026-05-02 04:10:00,7255.0,7255.5,7250.0,7250.5,8182
2026-05-02 04:20:00,7250.25,7251.0,7247.5,7249.25,4468
2026-05-02 04:30:00,7249.25,7249.5,7245.75,7247.0,4869
2026-05-02 04:40:00,7247.0,7249.5,7245.75,7248.5,3569
2026-05-02 04:50:00,7248.75,7258.0,7240.75,7258.0,5487
2026-05-04 12:30:00,7258.0,7270.75,7258.0,7269.25,608
2026-05-04 12:40:00,7269.5,7269.75,7267.25,7268.25,385
2026-05-04 12:50:00,7268.0,7268.75,7267.25,7267.75,337
2026-05-04 13:00:00,7267.75,7270.5,7267.25,7270.0,714
2026-05-04 13:10:00,7270.25,7274.5,7269.5,7273.25,1914
2026-05-04 13:20:00,7273.0,7273.25,7268.25,7268.5,1285
2026-05-04 13:30:00,7268.75,7270.0,7267.75,7269.75,913
2026-05-04 13:40:00,7270.0,7272.75,7269.5,7271.0,741
2026-05-04 13:50:00,7270.75,7271.0,7269.25,7270.0,1284
2026-05-04 14:00:00,7270.0,7271.25,7265.75,7266.25,1688
2026-05-04 14:10:00,7266.75,7269.75,7266.0,7268.75,1101
2026-05-04 14:20:00,7268.5,7268.75,7263.75,7267.25,1049
2026-05-04 14:30:00,7267.25,7268.75,7262.75,7262.75,1984
2026-05-04 14:40:00,7262.75,7263.0,7259.5,7263.0,1884
2026-05-04 14:50:00,7263.25,7264.0,7261.5,7262.75,973
2026-05-04 15:00:00,7263.0,7268.5,7259.5,7268.0,3596
2026-05-04 15:10:00,7268.0,7273.0,7267.5,7272.25,2255
2026-05-04 15:20:00,7272.0,7273.5,7269.75,7271.25,2949
2026-05-04 15:30:00,7271.5,7271.5,7268.0,7270.0,1826
2026-05-04 15:40:00,7269.75,7273.0,7268.5,7270.0,1372
2026-05-04 15:50:00,7270.25,7270.25,7265.25,7265.25,1299
2026-05-04 16:00:00,7265.0,7265.5,7255.0,7260.0,5229
2026-05-04 16:10:00,7259.75,7261.25,7256.25,7257.75,2295
2026-05-04 16:20:00,7257.75,7263.75,7257.0,7262.5,2379
2026-05-04 16:30:00,7262.75,7264.75,7260.75,7263.75,2129
2026-05-04 16:40:00,7263.75,7264.5,7261.75,7263.75,1382
2026-05-04 16:50:00,7263.5,7264.5,7261.5,7262.25,1685
2026-05-04 17:00:00,7262.5,7265.25,7260.5,7264.0,1693
2026-05-04 17:10:00,7264.0,7266.75,7263.75,7264.5,1131
2026-05-04 17:20:00,7264.5,7266.25,7264.0,7265.25,1038
2026-05-04 17:30:00,7265.25,7267.75,7264.25,7267.0,1651
2026-05-04 17:40:00,7266.75,7267.25,7265.25,7266.25,960
2026-05-04 17:50:00,7266.5,7267.5,7263.5,7263.75,1694
2026-05-04 18:00:00,7264.0,7265.5,7215.5,7224.25,25027
2026-05-04 18:10:00,7224.0,7230.0,7214.0,7217.75,18667
2026-05-04 18:20:00,7217.5,7235.5,7213.75,7232.75,9735
2026-05-04 18:30:00,7232.75,7254.0,7230.5,7246.25,17119
2026-05-04 18:40:00,7246.25,7252.5,7245.5,7251.5,5342
2026-05-04 18:50:00,7251.5,7252.75,7246.0,7247.0,3160
2026-05-04 19:00:00,7247.25,7254.25,7244.25,7248.75,7401
2026-05-04 19:10:00,7248.75,7252.0,7246.75,7249.5,3464
2026-05-04 19:20:00,7249.5,7250.75,7245.5,7246.0,2341
2026-05-04 19:30:00,7246.0,7248.0,7236.75,7240.0,7199
2026-05-04 19:40:00,7240.0,7247.0,7239.25,7241.0,4388
2026-05-04 19:50:00,7241.0,7248.0,7240.25,7245.25,4305
2026-05-04 20:00:00,7245.25,7250.0,7245.25,7248.25,3866
2026-05-04 20:10:00,7248.5,7256.0,7245.25,7253.5,8407
2026-05-04 20:20:00,7253.25,7255.0,7251.0,7252.0,2854
2026-05-04 20:30:00,7251.75,7253.75,7247.25,7253.25,3538
2026-05-04 20:40:00,7253.25,7254.5,7249.75,7252.5,4114
2026-05-04 20:50:00,7252.25,7254.25,7246.5,7249.25,5801
2026-05-04 21:00:00,7249.25,7252.0,7238.25,7251.75,23255
2026-05-04 21:10:00,7252.0,7256.0,7247.75,7248.75,11143
2026-05-04 21:20:00,7248.75,7252.0,7246.5,7250.5,7943
2026-05-04 21:30:00,7250.75,7252.5,7242.25,7248.0,51872
2026-05-04 21:40:00,7248.25,7256.25,7245.75,7253.75,33084
2026-05-04 21:50:00,7253.75,7257.75,7250.75,7257.75,24986
2026-05-04 22:00:00,7257.5,7257.75,7248.0,7250.5,34147
2026-05-04 22:10:00,7250.5,7264.25,7249.5,7264.0,31363
2026-05-04 22:20:00,7264.0,7267.0,7260.5,7262.25,23041
2026-05-04 22:30:00,7262.25,7270.0,7261.0,7267.75,24026
2026-05-04 22:40:00,7267.75,7270.75,7266.75,7267.5,18646
2026-05-04 22:50:00,7267.75,7271.0,7257.0,7258.75,32189
2026-05-04 23:00:00,7259.0,7264.25,7252.0,7257.5,44746
2026-05-04 23:10:00,7257.25,7258.5,7235.25,7237.5,49568
2026-05-04 23:20:00,7237.25,7238.25,7223.75,7234.0,87180
2026-05-04 23:30:00,7234.0,7235.0,7223.0,7228.0,54640
2026-05-04 23:40:00,7227.75,7234.0,7222.25,7225.0,39339
2026-05-04 23:50:00,7225.0,7232.5,7218.75,7225.25,41657
2026-05-05 00:00:00,7225.25,7227.0,7199.5,7210.0,59007
2026-05-05 00:10:00,7210.0,7225.5,7204.0,7221.25,53554
2026-05-05 00:20:00,7221.25,7228.25,7218.0,7219.25,35706
2026-05-05 00:30:00,7219.5,7226.25,7215.5,7217.75,27016
2026-05-05 00:40:00,7218.0,7222.75,7216.0,7218.75,17634
2026-05-05 00:50:00,7218.5,7219.5,7212.75,7215.0,22071
2026-05-05 01:00:00,7214.75,7224.75,7214.25,7224.0,27155
2026-05-05 01:10:00,7224.0,7235.0,7221.0,7232.5,28829
2026-05-05 01:20:00,7232.5,7236.25,7230.75,7235.25,17471
2026-05-05 01:30:00,7235.5,7235.75,7225.25,7230.5,19518
2026-05-05 01:40:00,7230.5,7233.25,7228.0,7232.5,11058
2026-05-05 01:50:00,7232.75,7236.0,7232.25,7232.75,12781
2026-05-05 02:00:00,7233.0,7239.5,7232.25,7236.5,18882
2026-05-05 02:10:00,7236.25,7237.0,7231.0,7231.75,14015
2026-05-05 02:20:00,7231.75,7232.25,7221.0,7227.0,23473
2026-05-05 02:30:00,7227.0,7228.0,7222.0,7224.5,18139
2026-05-05 02:40:00,7224.25,7225.25,7217.5,7224.0,15179
2026-05-05 02:50:00,7224.0,7225.0,7218.5,7223.75,20433
2026-05-05 03:00:00,7224.0,7231.5,7220.5,7228.25,33344
2026-05-05 03:10:00,7228.0,7231.0,7226.75,7228.25,13316
2026-05-05 03:20:00,7228.25,7229.75,7223.25,7226.75,17722
2026-05-05 03:30:00,7226.75,7231.5,7226.25,7228.75,13581
2026-05-05 03:40:00,7228.75,7231.0,7225.0,7230.5,17053
2026-05-05 03:50:00,7230.5,7231.5,7223.25,7231.25,80039
2026-05-05 04:00:00,7231.0,7231.5,7223.75,7223.75,20668
2026-05-05 04:10:00,7224.0,7226.25,7222.75,7223.25,6440
2026-05-05 04:20:00,7223.25,7228.5,7222.75,7227.75,4139
2026-05-05 04:30:00,7227.75,7228.75,7225.25,7225.75,2113
2026-05-05 04:40:00,7225.75,7226.0,7223.5,7225.0,1887
2026-05-05 04:50:00,7225.0,7226.0,7224.5,7225.25,1858
2026-05-05 06:00:00,7228.75,7234.75,7227.75,7231.75,514
2026-05-05 06:10:00,7231.75,7233.0,7231.0,7231.5,603
2026-05-05 06:20:00,7231.5,7233.75,7231.5,7233.5,561
2026-05-05 06:30:00,7233.25,7234.0,7231.25,7231.25,765
2026-05-05 06:40:00,7231.5,7232.25,7228.0,7228.0,826
2026-05-05 06:50:00,7228.0,7228.5,7226.0,7227.5,694
2026-05-05 07:00:00,7227.5,7228.0,7226.25,7227.5,493
2026-05-05 07:10:00,7227.25,7229.25,7225.5,7228.0,767
2026-05-05 07:20:00,7228.0,7228.75,7227.0,7228.25,349
2026-05-05 07:30:00,7228.0,7228.75,7226.75,7228.25,337
2026-05-05 07:40:00,7228.25,7228.25,7226.25,7227.25,425
2026-05-05 07:50:00,7227.25,7228.25,7224.5,7227.0,682
2026-05-05 08:00:00,7227.25,7235.75,7227.0,7233.0,2150
2026-05-05 08:10:00,7233.0,7234.0,7225.75,7228.25,1687
2026-05-05 08:20:00,7228.25,7228.5,7223.75,7225.75,1417
2026-05-05 08:30:00,7225.75,7229.75,7225.25,7228.5,1163
2026-05-05 08:40:00,7228.5,7229.5,7225.75,7229.25,819
2026-05-05 08:50:00,7229.25,7232.75,7229.25,7231.75,989
2026-05-05 09:00:00,7231.75,7232.0,7227.25,7230.0,1568
2026-05-05 09:10:00,7230.25,7234.75,7230.0,7234.0,1006
2026-05-05 09:20:00,7234.0,7234.25,7232.0,7232.75,965
2026-05-05 09:30:00,7233.0,7239.0,7231.0,7235.0,1927
2026-05-05 09:40:00,7234.75,7237.25,7232.75,7236.25,1177
2026-05-05 09:50:00,7236.25,7237.75,7235.25,7235.5,986
2026-05-05 10:00:00,7235.75,7237.75,7235.75,7236.25,854
2026-05-05 10:10:00,7236.5,7236.5,7234.75,7235.75,843
2026-05-05 10:20:00,7235.75,7239.25,7235.0,7239.0,993
2026-05-05 10:30:00,7238.75,7241.0,7238.5,7240.75,1394
2026-05-05 10:40:00,7240.75,7241.0,7233.75,7235.75,2006
2026-05-05 10:50:00,7235.75,7238.25,7235.0,7236.5,874
2026-05-05 11:00:00,7236.25,7238.5,7235.5,7238.25,643
2026-05-05 11:10:00,7238.0,7240.25,7238.0,7240.25,715
2026-05-05 11:20:00,7240.0,7242.0,7239.25,7241.0,805
2026-05-05 11:30:00,7240.75,7241.0,7240.0,7240.25,455
2026-05-05 11:40:00,7240.25,7241.5,7239.75,7241.5,434
2026-05-05 11:50:00,7241.25,7241.75,7240.0,7240.75,429
2026-05-05 12:00:00,7242.75,7243.0,7242.0,7242.0,920
2026-05-05 12:10:00,7241.75,7242.5,7240.25,7240.75,593
2026-05-05 12:20:00,7240.75,7241.5,7240.25,7240.75,316
2026-05-05 12:30:00,7240.5,7240.5,7238.5,7239.75,558
2026-05-05 12:40:00,7239.5,7242.75,7239.25,7242.5,676
2026-05-05 12:50:00,7242.5,7243.25,7239.5,7240.0,775
2026-05-05 13:00:00,7239.75,7240.75,7238.5,7239.75,859
2026-05-05 13:10:00,7239.75,7241.25,7239.75,7241.0,413
2026-05-05 13:20:00,7241.25,7241.75,7239.5,7239.75,536
2026-05-05 13:30:00,7240.0,7243.75,7238.25,7242.0,1571
2026-05-05 13:40:00,7241.75,7244.0,7241.75,7243.0,667
2026-05-05 13:50:00,7243.0,7244.25,7242.5,7243.75,415
2026-05-05 14:00:00,7243.75,7247.75,7241.25,7242.0,2888
2026-05-05 14:10:00,7241.75,7242.5,7237.5,7239.25,1497
2026-05-05 14:20:00,7239.25,7240.0,7235.75,7238.25,1215
2026-05-05 14:30:00,7237.75,7248.25,7237.75,7244.5,2426
2026-05-05 14:40:00,7244.25,7245.75,7242.75,7244.25,1228
2026-05-05 14:50:00,7244.5,7248.25,7244.5,7247.5,2175
2026-05-05 15:00:00,7247.75,7252.0,7246.75,7250.0,4134
2026-05-05 15:10:00,7250.0,7251.75,7249.25,7251.0,2309
2026-05-05 15:20:00,7251.25,7252.0,7247.75,7248.5,2071
2026-05-05 15:30:00,7248.5,7256.75,7248.0,7255.25,4148
2026-05-05 15:40:00,7254.75,7256.0,7247.5,7247.5,3009
2026-05-05 15:50:00,7247.75,7248.75,7245.75,7247.25,1598
2026-05-05 16:00:00,7247.5,7252.5,7247.25,7251.75,2730
2026-05-05 16:10:00,7252.0,7256.25,7251.75,7254.25,2731
2026-05-05 16:20:00,7254.0,7257.0,7253.75,7254.0,2561
2026-05-05 16:30:00,7254.0,7256.0,7252.75,7255.0,2232
2026-05-05 16:40:00,7254.75,7256.75,7252.75,7255.25,2357
2026-05-05 16:50:00,7255.0,7256.0,7253.5,7254.75,1307
2026-05-05 17:00:00,7254.75,7254.75,7249.75,7254.0,2339
2026-05-05 17:10:00,7254.0,7255.0,7251.25,7251.75,1400
2026-05-05 17:20:00,7252.0,7253.75,7250.75,7253.0,1062
2026-05-05 17:30:00,7253.0,7256.5,7252.75,7254.0,1604
2026-05-05 17:40:00,7254.0,7258.0,7253.5,7255.25,2012
2026-05-05 17:50:00,7255.25,7255.75,7253.75,7255.5,1088
2026-05-05 18:00:00,7255.25,7255.5,7253.25,7253.5,837
2026-05-05 18:10:00,7253.5,7256.5,7253.25,7254.75,1551
2026-05-05 18:20:00,7255.0,7256.5,7254.75,7255.75,809
2026-05-05 18:30:00,7256.0,7261.75,7255.25,7256.25,4873
2026-05-05 18:40:00,7256.25,7257.25,7253.0,7254.5,2342
2026-05-05 18:50:00,7254.5,7256.0,7253.75,7255.5,944
2026-05-05 19:00:00,7255.5,7256.75,7249.0,7251.25,4847
2026-05-05 19:10:00,7251.5,7252.0,7248.75,7249.75,2369
2026-05-05 19:20:00,7250.0,7256.5,7249.75,7255.0,3900
2026-05-05 19:30:00,7255.0,7258.0,7254.25,7257.5,2148
2026-05-05 19:40:00,7257.5,7259.25,7257.25,7259.0,2372
2026-05-05 19:50:00,7259.0,7259.25,7257.0,7258.25,2074
2026-05-05 20:00:00,7258.25,7263.5,7256.25,7262.0,6113
2026-05-05 20:10:00,7261.75,7269.0,7261.25,7264.0,10148
2026-05-05 20:20:00,7264.0,7266.75,7263.0,7265.25,4097
2026-05-05 20:30:00,7265.25,7266.25,7262.0,7262.5,3108
2026-05-05 20:40:00,7262.5,7263.25,7260.25,7261.25,3373
2026-05-05 20:50:00,7261.25,7263.0,7260.5,7261.75,2412
2026-05-05 21:00:00,7261.75,7268.75,7261.5,7267.0,4764
2026-05-05 21:10:00,7267.0,7267.75,7264.0,7264.25,4527
2026-05-05 21:20:00,7264.25,7267.5,7262.5,7267.25,9201
2026-05-05 21:30:00,7267.5,7274.0,7264.25,7269.5,49743
2026-05-05 21:40:00,7269.5,7275.25,7267.0,7270.75,35625
2026-05-05 21:50:00,7270.75,7277.25,7270.5,7275.0,32635
2026-05-05 22:00:00,7275.0,7282.0,7270.5,7281.25,32825
2026-05-05 22:10:00,7281.5,7283.5,7266.75,7270.75,80051
2026-05-05 22:20:00,7270.5,7286.25,7269.0,7282.5,40276
2026-05-05 22:30:00,7282.5,7283.5,7274.75,7276.0,27519
2026-05-05 22:40:00,7276.0,7280.0,7273.0,7276.25,25500
2026-05-05 22:50:00,7276.25,7281.0,7274.0,7280.75,17805
2026-05-05 23:00:00,7280.5,7285.75,7279.25,7282.5,24738
2026-05-05 23:10:00,7282.5,7285.75,7282.25,7283.0,16635
2026-05-05 23:20:00,7283.25,7284.25,7280.25,7284.25,18189
2026-05-05 23:30:00,7284.25,7284.75,7278.5,7280.75,19422
2026-05-05 23:40:00,7280.75,7283.5,7279.0,7282.25,12965
2026-05-05 23:50:00,7282.25,7283.5,7278.75,7279.5,13609
2026-05-06 00:00:00,7279.75,7284.75,7279.25,7284.0,12413
2026-05-06 00:10:00,7284.0,7285.5,7283.0,7285.25,8932
2026-05-06 00:20:00,7285.25,7288.0,7279.0,7285.25,19113
2026-05-06 00:30:00,7285.25,7286.0,7282.5,7283.5,10820
2026-05-06 00:40:00,7283.5,7286.75,7281.75,7285.5,11066
2026-05-06 00:50:00,7285.5,7286.0,7283.75,7284.0,7474
2026-05-06 01:00:00,7284.0,7285.0,7280.25,7281.5,10092
2026-05-06 01:10:00,7281.5,7285.75,7280.25,7285.0,11309
2026-05-06 01:20:00,7285.0,7288.0,7283.75,7287.75,10031
2026-05-06 01:30:00,7287.75,7289.5,7286.25,7287.5,11689
2026-05-06 01:40:00,7287.5,7288.75,7287.0,7288.0,6301
2026-05-06 01:50:00,7288.25,7291.5,7288.0,7289.25,12395
2026-05-06 02:00:00,7289.25,7292.75,7289.0,7291.5,11621
2026-05-06 02:10:00,7291.75,7296.25,7291.25,7294.0,13676
2026-05-06 02:20:00,7294.0,7295.75,7293.5,7293.75,9891
2026-05-06 02:30:00,7294.0,7294.5,7290.5,7290.5,10217
2026-05-06 02:40:00,7290.5,7293.75,7290.25,7293.0,9639
2026-05-06 02:50:00,7293.25,7294.0,7290.5,7292.75,10059
2026-05-06 03:00:00,7292.75,7296.75,7292.25,7296.75,12919
2026-05-06 03:10:00,7296.5,7299.5,7294.75,7298.0,19079
2026-05-06 03:20:00,7298.25,7299.75,7296.5,7296.5,15380
2026-05-06 03:30:00,7296.5,7298.5,7294.0,7297.0,15183
2026-05-06 03:40:00,7297.25,7297.5,7294.0,7294.0,14599
2026-05-06 03:50:00,7294.0,7294.0,7282.5,7287.0,116167
2026-05-06 04:00:00,7286.75,7290.25,7286.0,7288.25,22255
2026-05-06 04:10:00,7288.25,7295.25,7284.75,7293.75,11442
2026-05-06 04:20:00,7293.5,7304.25,7292.5,7302.0,11467
2026-05-06 04:30:00,7302.0,7302.0,7297.5,7297.5,6074
2026-05-06 04:40:00,7297.75,7297.75,7293.0,7293.0,3942
2026-05-06 04:50:00,7293.0,7297.5,7292.75,7295.5,2877
2026-05-06 06:00:00,7300.5,7301.25,7294.5,7296.5,1031
2026-05-06 06:10:00,7296.75,7296.75,7293.5,7294.75,1001
2026-05-06 06:20:00,7294.5,7296.75,7294.5,7296.25,1054
2026-05-06 06:30:00,7296.5,7299.25,7296.0,7298.75,1359
2026-05-06 06:40:00,7298.75,7300.25,7298.5,7299.75,921
2026-05-06 06:50:00,7299.75,7320.0,7299.25,7316.75,15912
2026-05-06 07:00:00,7316.75,7319.0,7312.25,7315.75,3555
2026-05-06 07:10:00,7315.75,7319.25,7315.75,7317.0,2459
2026-05-06 07:20:00,7317.0,7318.5,7313.5,7313.75,2059
2026-05-06 07:30:00,7313.75,7316.5,7313.75,7315.0,1549
2026-05-06 07:40:00,7315.0,7316.0,7313.75,7315.0,1089
2026-05-06 07:50:00,7315.0,7315.5,7313.5,7314.25,753
2026-05-06 08:00:00,7314.25,7316.0,7307.75,7310.5,4070
2026-05-06 08:10:00,7310.75,7311.75,7304.25,7306.75,3361
2026-05-06 08:20:00,7307.0,7307.75,7301.0,7301.5,2913
2026-05-06 08:30:00,7301.25,7304.5,7300.75,7303.25,1995
2026-05-06 08:40:00,7303.25,7305.0,7299.25,7300.5,1858
2026-05-06 08:50:00,7300.75,7304.0,7300.75,7303.5,1435
2026-05-06 09:00:00,7303.25,7307.5,7302.75,7307.0,1894
2026-05-06 09:10:00,7307.25,7308.25,7305.0,7307.5,1284
2026-05-06 09:20:00,7307.5,7308.5,7304.75,7305.5,1275
2026-05-06 09:30:00,7305.5,7307.25,7303.75,7305.75,1133
2026-05-06 09:40:00,7305.75,7310.25,7305.75,7308.75,1726
2026-05-06 09:50:00,7308.75,7309.25,7305.5,7307.75,1095
2026-05-06 10:00:00,7307.75,7308.25,7304.0,7306.75,1329
2026-05-06 10:10:00,7306.75,7308.0,7306.0,7307.25,1072
2026-05-06 10:20:00,7307.0,7308.25,7303.75,7304.25,1122
2026-05-06 10:30:00,7304.0,7305.5,7302.5,7303.0,1131
2026-05-06 10:40:00,7303.0,7304.75,7302.5,7304.5,857
2026-05-06 10:50:00,7304.25,7305.25,7303.75,7304.25,696
2026-05-06 11:00:00,7304.25,7305.5,7303.25,7303.75,955
2026-05-06 11:10:00,7304.0,7307.25,7303.75,7305.75,1143
2026-05-06 11:20:00,7306.0,7308.5,7305.25,7308.0,860
2026-05-06 11:30:00,7308.25,7311.0,7308.0,7310.5,1058
2026-05-06 11:40:00,7310.5,7310.75,7306.75,7307.0,695
2026-05-06 11:50:00,7307.0,7308.75,7306.75,7307.75,543
2026-05-06 12:00:00,7308.25,7308.5,7308.0,7308.25,575
2026-05-06 12:10:00,7308.0,7308.5,7306.75,7308.0,558
2026-05-06 12:20:00,7308.0,7310.0,7307.5,7309.0,750
2026-05-06 12:30:00,7309.25,7310.0,7307.0,7308.0,1108
2026-05-06 12:40:00,7308.0,7310.0,7306.5,7309.5,744
2026-05-06 12:50:00,7309.5,7310.25,7308.75,7308.75,827
2026-05-06 13:00:00,7308.5,7310.0,7307.25,7309.75,801
2026-05-06 13:10:00,7309.75,7310.5,7307.0,7308.0,1190
2026-05-06 13:20:00,7308.25,7310.0,7307.0,7309.0,796
2026-05-06 13:30:00,7309.25,7309.5,7307.25,7308.0,1061
2026-05-06 13:40:00,7307.75,7310.25,7307.25,7309.75,737
2026-05-06 13:50:00,7309.75,7312.75,7309.75,7311.5,1498
2026-05-06 14:00:00,7311.5,7314.75,7310.0,7310.5,2673
2026-05-06 14:10:00,7310.5,7311.0,7308.75,7309.0,1409
2026-05-06 14:20:00,7308.75,7311.25,7308.25,7309.25,1653
2026-05-06 14:30:00,7309.5,7310.75,7307.25,7310.75,1988
2026-05-06 14:40:00,7310.75,7311.0,7303.75,7307.75,4249
2026-05-06 14:50:00,7307.5,7309.75,7306.0,7309.75,1441
2026-05-06 15:00:00,7309.75,7311.5,7307.25,7310.0,4429
2026-05-06 15:10:00,7310.0,7310.25,7306.75,7308.25,2712
2026-05-06 15:20:00,7308.25,7309.75,7307.0,7308.75,1987
2026-05-06 15:30:00,7308.75,7309.25,7306.5,7307.75,1886
2026-05-06 15:40:00,7307.75,7311.75,7307.25,7310.25,2531
2026-05-06 15:50:00,7310.25,7310.75,7308.25,7310.75,2541
2026-05-06 16:00:00,7311.0,7312.25,7308.0,7309.25,4574
2026-05-06 16:10:00,7309.25,7311.5,7307.0,7307.0,3651
2026-05-06 16:20:00,7306.75,7307.75,7305.5,7306.75,2268
2026-05-06 16:30:00,7307.0,7310.0,7306.25,7309.0,2475
2026-05-06 16:40:00,7309.0,7312.5,7308.75,7311.5,2360
2026-05-06 16:50:00,7311.25,7343.25,7311.25,7335.25,32915
2026-05-06 17:00:00,7335.25,7339.75,7323.0,7323.25,7765
2026-05-06 17:10:00,7323.5,7335.0,7323.0,7334.25,6655
2026-05-06 17:20:00,7334.25,7336.25,7330.5,7333.0,4839
2026-05-06 17:30:00,7332.75,7341.0,7331.25,7340.0,7484
2026-05-06 17:40:00,7340.0,7341.75,7336.75,7339.75,4921
2026-05-06 17:50:00,7339.5,7343.0,7337.0,7341.75,4068
2026-05-06 18:00:00,7341.75,7347.75,7340.5,7342.25,7675
2026-05-06 18:10:00,7342.0,7348.25,7341.5,7348.0,4015
2026-05-06 18:20:00,7347.75,7352.75,7346.5,7350.5,8760
2026-05-06 18:30:00,7350.5,7353.75,7350.0,7352.25,5775
2026-05-06 18:40:00,7352.0,7359.5,7351.25,7354.75,12850
2026-05-06 18:50:00,7354.5,7363.75,7353.25,7358.0,10682
2026-05-06 19:00:00,7357.75,7364.75,7355.5,7362.75,9047
2026-05-06 19:10:00,7362.5,7366.25,7359.0,7361.0,8313
2026-05-06 19:20:00,7361.0,7361.25,7356.0,7356.5,7079
2026-05-06 19:30:00,7356.75,7360.75,7352.5,7359.5,7652
2026-05-06 19:40:00,7359.75,7360.25,7345.0,7346.5,16444
2026-05-06 19:50:00,7346.5,7352.0,7345.75,7348.0,8150
2026-05-06 20:00:00,7348.25,7348.75,7336.75,7341.0,12494
2026-05-06 20:10:00,7340.75,7346.25,7326.5,7338.25,15522
2026-05-06 20:20:00,7338.0,7345.75,7337.0,7343.0,7506
2026-05-06 20:30:00,7343.0,7344.25,7339.0,7342.75,6726
2026-05-06 20:40:00,7342.5,7343.0,7337.0,7338.75,6310
2026-05-06 20:50:00,7338.75,7340.75,7334.75,7338.5,5166
2026-05-06 21:00:00,7338.5,7339.25,7328.5,7331.75,16244
2026-05-06 21:10:00,7331.5,7338.0,7330.5,7332.75,11248
2026-05-06 21:20:00,7333.0,7334.75,7329.75,7331.25,11318
2026-05-06 21:30:00,7331.0,7345.0,7327.25,7340.0,61800
2026-05-06 21:40:00,7340.25,7344.5,7337.5,7340.25,39485
2026-05-06 21:50:00,7340.25,7347.5,7331.5,7346.0,44601
2026-05-06 22:00:00,7346.0,7349.5,7336.25,7347.0,48298
2026-05-06 22:10:00,7347.0,7352.0,7345.0,7347.0,43735
2026-05-06 22:20:00,7347.0,7356.5,7346.5,7350.0,35629
2026-05-06 22:30:00,7350.0,7362.75,7349.75,7362.0,34699
2026-05-06 22:40:00,7362.25,7370.0,7361.75,7367.25,53306
2026-05-06 22:50:00,7367.5,7372.0,7366.0,7371.25,26936
2026-05-06 23:00:00,7371.5,7375.0,7367.75,7368.5,32373
2026-05-06 23:10:00,7368.5,7372.0,7363.75,7371.75,34160
2026-05-06 23:20:00,7371.75,7373.5,7369.5,7370.0,22948
2026-05-06 23:30:00,7370.0,7371.0,7364.0,7364.25,25874
2026-05-06 23:40:00,7364.25,7366.75,7358.75,7364.75,38899
2026-05-06 23:50:00,7365.0,7368.5,7362.75,7365.75,15943
2026-05-07 00:00:00,7365.75,7369.0,7364.0,7365.75,15074
2026-05-07 00:10:00,7365.75,7369.5,7365.25,7367.75,11388
2026-05-07 00:20:00,7367.5,7369.75,7366.25,7367.0,9621
2026-05-07 00:30:00,7366.75,7367.75,7364.0,7366.0,10504
2026-05-07 00:40:00,7366.0,7367.5,7360.75,7362.75,12965
2026-05-07 00:50:00,7362.75,7363.5,7354.5,7359.0,27534
2026-05-07 01:00:00,7359.25,7365.25,7355.5,7364.0,15909
2026-05-07 01:10:00,7364.0,7366.75,7363.0,7365.0,13529
2026-05-07 01:20:00,7365.0,7367.75,7364.5,7366.0,9505
2026-05-07 01:30:00,7366.0,7368.75,7365.75,7365.75,8424
2026-05-07 01:40:00,7366.0,7369.5,7364.75,7368.0,9120
2026-05-07 01:50:00,7368.0,7371.0,7367.25,7371.0,7906
2026-05-07 02:00:00,7371.0,7375.0,7369.75,7374.75,19145
2026-05-07 02:10:00,7374.75,7380.0,7373.0,7378.5,22117
2026-05-07 02:20:00,7378.75,7381.75,7378.25,7380.0,17515
2026-05-07 02:30:00,7380.25,7384.5,7378.5,7381.75,17040
2026-05-07 02:40:00,7381.75,7382.0,7377.25,7378.0,14958
2026-05-07 02:50:00,7378.0,7381.25,7376.75,7379.25,15943
2026-05-07 03:00:00,7379.25,7387.25,7379.0,7385.25,22473
2026-05-07 03:10:00,7385.25,7388.5,7385.0,7387.75,19075
2026-05-07 03:20:00,7388.0,7390.0,7386.0,7388.5,20476
2026-05-07 03:30:00,7388.25,7390.0,7385.25,7389.5,19347
2026-05-07 03:40:00,7389.5,7390.0,7385.75,7386.75,21843
2026-05-07 03:50:00,7386.5,7395.75,7386.5,7387.0,146252
2026-05-07 04:00:00,7387.0,7391.5,7385.0,7389.0,44357
2026-05-07 04:10:00,7389.25,7395.75,7385.75,7391.75,11676
2026-05-07 04:20:00,7392.0,7394.0,7390.0,7392.75,4291
2026-05-07 04:30:00,7392.75,7393.0,7387.25,7387.75,4036
2026-05-07 04:40:00,7387.5,7388.5,7385.0,7386.0,3521
2026-05-07 04:50:00,7386.0,7387.75,7384.5,7386.75,4273
2026-05-07 06:00:00,7380.5,7383.75,7378.5,7380.5,758
2026-05-07 06:10:00,7380.75,7382.5,7379.5,7382.0,999
2026-05-07 06:20:00,7381.75,7382.75,7377.0,7377.5,1475
2026-05-07 06:30:00,7377.5,7380.0,7377.0,7378.0,783
2026-05-07 06:40:00,7378.0,7379.75,7378.0,7379.5,525
2026-05-07 06:50:00,7379.5,7380.25,7378.0,7378.75,578
2026-05-07 07:00:00,7378.75,7380.0,7378.0,7379.75,509
2026-05-07 07:10:00,7379.75,7381.5,7378.75,7381.25,964
2026-05-07 07:20:00,7381.25,7381.75,7379.25,7379.75,440
2026-05-07 07:30:00,7379.75,7380.25,7378.25,7378.5,469
2026-05-07 07:40:00,7378.5,7382.5,7378.0,7378.5,1143
2026-05-07 07:50:00,7378.75,7381.25,7377.5,7379.75,1124
2026-05-07 08:00:00,7379.75,7384.0,7378.75,7381.25,2116
2026-05-07 08:10:00,7381.25,7385.0,7379.25,7380.5,2248
2026-05-07 08:20:00,7380.5,7381.0,7378.5,7380.25,1590
2026-05-07 08:30:00,7380.25,7382.75,7379.25,7382.5,1309
2026-05-07 08:40:00,7382.75,7385.25,7380.0,7384.25,1976
2026-05-07 08:50:00,7384.5,7385.5,7383.5,7384.75,1153
2026-05-07 09:00:00,7384.75,7385.25,7381.0,7382.25,1959
2026-05-07 09:10:00,7382.25,7386.0,7382.0,7385.5,1347
2026-05-07 09:20:00,7385.75,7386.5,7384.75,7386.0,759
2026-05-07 09:30:00,7385.75,7388.5,7385.75,7388.5,1287
2026-05-07 09:40:00,7388.75,7392.25,7387.5,7391.5,1840
2026-05-07 09:50:00,7391.5,7393.0,7389.75,7390.25,1493
2026-05-07 10:00:00,7390.25,7391.25,7388.75,7389.25,1114
2026-05-07 10:10:00,7389.25,7389.5,7383.25,7385.25,2119
2026-05-07 10:20:00,7385.25,7388.25,7384.0,7388.0,1338
2026-05-07 10:30:00,7388.25,7389.5,7386.0,7386.0,1123
2026-05-07 10:40:00,7386.0,7388.25,7385.5,7388.0,687
2026-05-07 10:50:00,7388.0,7389.5,7387.0,7388.5,762
2026-05-07 11:00:00,7388.5,7388.5,7386.75,7388.0,758
2026-05-07 11:10:00,7388.25,7390.5,7387.25,7390.5,704
2026-05-07 11:20:00,7390.5,7390.75,7387.0,7389.5,1176
2026-05-07 11:30:00,7389.5,7391.5,7389.5,7390.75,703
2026-05-07 11:40:00,7390.75,7391.5,7390.25,7390.5,712
2026-05-07 11:50:00,7390.75,7392.0,7390.25,7390.75,567
2026-05-07 12:00:00,7391.0,7391.0,7390.75,7391.0,916
2026-05-07 12:10:00,7391.0,7394.0,7391.0,7393.5,1090
2026-05-07 12:20:00,7393.5,7394.25,7392.5,7393.25,650
2026-05-07 12:30:00,7393.5,7394.0,7391.75,7392.5,741
2026-05-07 12:40:00,7392.5,7394.0,7392.0,7393.75,654
2026-05-07 12:50:00,7393.75,7394.5,7393.25,7393.5,949
2026-05-07 13:00:00,7393.25,7395.0,7392.25,7392.25,1211
2026-05-07 13:10:00,7392.25,7394.5,7392.25,7393.0,850
2026-05-07 13:20:00,7393.0,7393.25,7392.0,7392.75,712
2026-05-07 13:30:00,7392.75,7395.0,7392.75,7394.5,980
2026-05-07 13:40:00,7394.75,7395.75,7393.75,7394.0,1429
2026-05-07 13:50:00,7394.25,7395.0,7393.5,7394.0,804
2026-05-07 14:00:00,7393.75,7395.75,7390.75,7392.25,1732
2026-05-07 14:10:00,7392.25,7393.75,7390.25,7393.5,1459
2026-05-07 14:20:00,7393.5,7395.75,7393.0,7394.0,1501
2026-05-07 14:30:00,7394.0,7398.5,7393.0,7397.25,2415
2026-05-07 14:40:00,7397.25,7403.0,7396.75,7397.5,3795
2026-05-07 14:50:00,7397.75,7400.5,7397.75,7399.5,1430
2026-05-07 15:00:00,7399.25,7407.25,7395.5,7403.5,6536
2026-05-07 15:10:00,7403.75,7410.5,7400.0,7402.5,9178
2026-05-07 15:20:00,7402.5,7404.0,7400.5,7401.75,4653
2026-05-07 15:30:00,7402.0,7405.75,7401.25,7404.25,3038
2026-05-07 15:40:00,7404.0,7405.0,7400.0,7401.5,2671
2026-05-07 15:50:00,7401.5,7403.0,7399.0,7402.0,1548
2026-05-07 16:00:00,7402.0,7408.5,7402.0,7404.0,4427
2026-05-07 16:10:00,7404.0,7404.0,7396.25,7399.75,3992
2026-05-07 16:20:00,7399.5,7401.25,7394.25,7398.25,5001
2026-05-07 16:30:00,7398.25,7400.0,7396.25,7398.75,2721
2026-05-07 16:40:00,7398.75,7398.75,7394.25,7395.75,3039
2026-05-07 16:50:00,7395.75,7399.25,7393.75,7395.25,2417
2026-05-07 17:00:00,7395.25,7396.25,7392.25,7394.75,2492
2026-05-07 17:10:00,7395.0,7399.0,7394.0,7398.25,2643
2026-05-07 17:20:00,7398.25,7399.5,7395.25,7396.5,2292
2026-05-07 17:30:00,7396.5,7398.25,7395.5,7395.75,1870
2026-05-07 17:40:00,7395.75,7399.5,7395.25,7398.75,1801
2026-05-07 17:50:00,7399.0,7399.25,7392.0,7394.0,2834
2026-05-07 18:00:00,7393.75,7394.75,7391.0,7392.0,2824
2026-05-07 18:10:00,7392.0,7394.0,7389.75,7391.75,2091
2026-05-07 18:20:00,7391.75,7396.75,7391.5,7395.0,1980
2026-05-07 18:30:00,7395.25,7396.75,7393.75,7396.75,2672
2026-05-07 18:40:00,7396.75,7398.75,7396.25,7397.25,1854
2026-05-07 18:50:00,7397.25,7397.75,7394.75,7395.25,1827
2026-05-07 19:00:00,7395.5,7399.0,7395.25,7397.75,3745
2026-05-07 19:10:00,7397.75,7398.25,7393.25,7393.75,3757
2026-05-07 19:20:00,7394.0,7396.0,7393.0,7393.75,3676
2026-05-07 19:30:00,7393.75,7398.25,7392.75,7397.0,3275
2026-05-07 19:40:00,7397.0,7398.25,7393.25,7394.0,2919
2026-05-07 19:50:00,7393.75,7397.75,7393.75,7396.75,2021
2026-05-07 20:00:00,7396.5,7399.5,7395.25,7399.5,2691
2026-05-07 20:10:00,7399.75,7402.25,7399.0,7399.5,4289
2026-05-07 20:20:00,7399.25,7400.75,7396.75,7400.5,3628
2026-05-07 20:30:00,7400.5,7402.75,7398.75,7402.25,4308
2026-05-07 20:40:00,7402.25,7402.75,7400.25,7402.75,3592
2026-05-07 20:50:00,7402.75,7402.75,7398.5,7401.75,4308
2026-05-07 21:00:00,7402.0,7402.0,7396.0,7397.25,5842
2026-05-07 21:10:00,7397.0,7402.0,7395.75,7401.75,5117
2026-05-07 21:20:00,7401.75,7402.0,7397.5,7399.25,9333
2026-05-07 21:30:00,7399.25,7400.25,7391.0,7393.75,51672
2026-05-07 21:40:00,7393.75,7394.5,7384.25,7385.25,46210
2026-05-07 21:50:00,7385.25,7391.5,7383.75,7387.75,39454
2026-05-07 22:00:00,7387.75,7397.5,7387.25,7395.25,36502
2026-05-07 22:10:00,7395.5,7396.75,7389.0,7394.0,36818
2026-05-07 22:20:00,7394.0,7398.75,7393.5,7393.75,26758
2026-05-07 22:30:00,7394.0,7400.25,7393.0,7400.25,30555
2026-05-07 22:40:00,7400.25,7404.0,7398.25,7400.5,27702
2026-05-07 22:50:00,7400.5,7409.5,7400.0,7409.25,24086
2026-05-07 23:00:00,7409.5,7410.0,7400.25,7404.75,26662
2026-05-07 23:10:00,7404.75,7406.25,7400.75,7402.5,21117
2026-05-07 23:20:00,7402.25,7404.0,7391.25,7397.5,43328
2026-05-07 23:30:00,7397.5,7404.75,7396.75,7400.75,30210
2026-05-07 23:40:00,7400.75,7403.5,7396.25,7396.75,18002
2026-05-07 23:50:00,7396.75,7398.0,7386.0,7388.0,32228
2026-05-08 00:00:00,7388.0,7388.5,7377.25,7381.75,48962
2026-05-08 00:10:00,7381.75,7382.0,7366.0,7367.0,57904
2026-05-08 00:20:00,7367.0,7382.5,7365.75,7382.0,42297
2026-05-08 00:30:00,7381.75,7386.5,7375.0,7375.5,30124
2026-05-08 00:40:00,7375.5,7380.0,7371.75,7372.75,24671
2026-05-08 00:50:00,7372.75,7373.5,7364.0,7368.5,31851
2026-05-08 01:00:00,7368.5,7374.75,7365.0,7370.0,27764
2026-05-08 01:10:00,7370.0,7371.5,7360.25,7362.0,28770
2026-05-08 01:20:00,7361.75,7373.75,7345.75,7354.25,76454
2026-05-08 01:30:00,7354.5,7364.75,7350.0,7362.0,39007
2026-05-08 01:40:00,7362.0,7365.25,7351.75,7353.75,22138
2026-05-08 01:50:00,7353.75,7366.25,7349.5,7365.25,42640
2026-05-08 02:00:00,7365.25,7369.75,7359.5,7362.0,31447
2026-05-08 02:10:00,7362.0,7370.5,7358.75,7366.75,20251
2026-05-08 02:20:00,7367.0,7368.75,7359.75,7361.25,17771
2026-05-08 02:30:00,7361.0,7367.5,7357.75,7362.25,19910
2026-05-08 02:40:00,7362.5,7363.5,7345.5,7350.0,39234
2026-05-08 02:50:00,7350.25,7360.25,7347.25,7359.75,33816
2026-05-08 03:00:00,7359.75,7362.75,7355.0,7357.75,18686
2026-05-08 03:10:00,7357.5,7363.75,7351.75,7354.5,28089
2026-05-08 03:20:00,7354.5,7356.5,7348.5,7354.0,27448
2026-05-08 03:30:00,7353.75,7362.75,7352.5,7362.0,22133
2026-05-08 03:40:00,7362.0,7363.5,7358.0,7361.0,24235
2026-05-08 03:50:00,7361.0,7367.5,7354.75,7364.25,130834
2026-05-08 04:00:00,7364.25,7378.75,7355.0,7367.75,54442
2026-05-08 04:10:00,7368.0,7371.25,7366.5,7368.25,7864
2026-05-08 04:20:00,7368.0,7370.75,7367.75,7368.75,3305
2026-05-08 04:30:00,7368.75,7370.75,7352.25,7354.0,13102
2026-05-08 04:40:00,7353.75,7362.0,7352.0,7356.75,8236
2026-05-08 04:50:00,7356.75,7358.25,7351.25,7352.25,6525
2026-05-08 06:00:00,7340.0,7350.25,7336.25,7346.25,1972
2026-05-08 06:10:00,7346.0,7357.25,7345.0,7352.25,5557
2026-05-08 06:20:00,7352.25,7359.25,7352.0,7357.0,3050
2026-05-08 06:30:00,7357.25,7357.75,7345.75,7351.5,4338
2026-05-08 06:40:00,7351.75,7352.25,7350.25,7350.75,821
2026-05-08 06:50:00,7350.75,7351.25,7347.5,7349.5,919
2026-05-08 07:00:00,7349.5,7352.25,7348.25,7351.75,1249
2026-05-08 07:10:00,7351.75,7353.0,7351.25,7351.75,593
2026-05-08 07:20:00,7352.0,7355.25,7352.0,7354.25,672
2026-05-08 07:30:00,7354.25,7355.0,7352.25,7353.75,600
2026-05-08 07:40:00,7353.75,7358.5,7353.5,7358.25,1103
2026-05-08 07:50:00,7358.25,7363.0,7358.25,7362.75,1344
2026-05-08 08:00:00,7363.0,7372.75,7363.0,7370.75,4536
2026-05-08 08:10:00,7370.25,7371.5,7366.0,7366.75,2450
2026-05-08 08:20:00,7366.75,7370.25,7365.5,7367.5,1724
2026-05-08 08:30:00,7367.25,7369.75,7366.5,7368.25,1262
2026-05-08 08:40:00,7368.5,7371.75,7367.25,7368.25,2431
2026-05-08 08:50:00,7368.0,7373.25,7367.5,7372.75,1228
2026-05-08 09:00:00,7372.5,7378.25,7372.5,7376.0,2988
2026-05-08 09:10:00,7375.75,7377.75,7375.0,7376.75,1737
2026-05-08 09:20:00,7376.75,7379.25,7376.5,7377.0,1709
2026-05-08 09:30:00,7377.0,7378.25,7375.5,7377.5,1755
2026-05-08 09:40:00,7377.75,7380.5,7376.0,7379.0,1695
2026-05-08 09:50:00,7378.75,7379.25,7375.75,7376.25,1509
2026-05-08 10:00:00,7376.25,7377.25,7374.5,7376.75,1610
2026-05-08 10:10:00,7376.75,7377.5,7373.75,7374.0,1671
2026-05-08 10:20:00,7374.0,7376.25,7372.25,7375.25,1520
2026-05-08 10:30:00,7375.25,7376.25,7367.25,7370.75,2958
2026-05-08 10:40:00,7370.75,7379.0,7370.25,7378.5,1298
2026-05-08 10:50:00,7378.75,7379.5,7374.75,7374.75,976
2026-05-08 11:00:00,7374.5,7375.75,7373.5,7375.5,629
2026-05-08 11:10:00,7375.5,7376.75,7374.5,7374.75,537
2026-05-08 11:20:00,7374.5,7376.5,7374.0,7375.75,626
2026-05-08 11:30:00,7376.0,7379.5,7375.0,7375.75,1256
2026-05-08 11:40:00,7375.5,7377.0,7375.0,7376.0,946
2026-05-08 11:50:00,7376.0,7379.25,7375.75,7378.25,784
2026-05-08 12:00:00,7378.25,7379.25,7378.25,7379.25,647
2026-05-08 12:10:00,7379.25,7379.5,7375.5,7377.75,829
2026-05-08 12:20:00,7377.5,7378.75,7376.25,7378.0,724
2026-05-08 12:30:00,7378.0,7378.75,7376.75,7377.5,504
2026-05-08 12:40:00,7377.25,7378.5,7375.25,7378.5,776
2026-05-08 12:50:00,7378.5,7382.5,7378.25,7379.25,1547
2026-05-08 13:00:00,7379.25,7381.5,7379.25,7379.75,765
2026-05-08 13:10:00,7379.5,7382.0,7378.75,7381.5,695
2026-05-08 13:20:00,7381.75,7382.0,7380.75,7381.75,777
2026-05-08 13:30:00,7381.75,7385.5,7381.25,7382.0,2705
2026-05-08 13:40:00,7381.75,7384.25,7381.25,7382.75,793
2026-05-08 13:50:00,7382.75,7384.25,7382.25,7382.75,827
2026-05-08 14:00:00,7382.5,7386.5,7379.25,7385.75,1784
2026-05-08 14:10:00,7386.0,7387.0,7384.75,7386.5,1384
2026-05-08 14:20:00,7386.5,7388.75,7384.5,7387.5,1852
2026-05-08 14:30:00,7387.75,7388.25,7384.75,7385.5,1794
2026-05-08 14:40:00,7385.75,7387.5,7384.75,7385.75,1202
2026-05-08 14:50:00,7385.75,7388.75,7385.75,7388.0,1015
2026-05-08 15:00:00,7388.0,7388.25,7382.5,7384.75,3996
2026-05-08 15:10:00,7384.5,7387.0,7380.75,7384.0,3323
2026-05-08 15:20:00,7384.0,7386.25,7382.5,7385.0,1924
2026-05-08 15:30:00,7385.0,7386.0,7382.0,7385.0,1753
2026-05-08 15:40:00,7385.25,7386.75,7383.0,7386.0,1701
2026-05-08 15:50:00,7386.0,7388.5,7384.25,7387.25,1473
2026-05-08 16:00:00,7387.25,7390.25,7386.25,7390.0,2648
2026-05-08 16:10:00,7390.0,7392.75,7389.5,7391.0,3189
2026-05-08 16:20:00,7391.25,7393.75,7391.25,7392.5,2443
2026-05-08 16:30:00,7392.5,7393.5,7391.5,7393.25,1891
2026-05-08 16:40:00,7393.0,7394.5,7390.25,7392.75,2386
2026-05-08 16:50:00,7392.75,7394.0,7392.0,7393.75,1298
2026-05-08 17:00:00,7394.0,7399.0,7393.25,7398.5,3695
2026-05-08 17:10:00,7398.25,7400.0,7398.25,7399.5,1952
2026-05-08 17:20:00,7399.75,7402.25,7399.5,7399.75,3724
2026-05-08 17:30:00,7399.75,7399.75,7396.5,7397.5,3359
2026-05-08 17:40:00,7397.5,7397.75,7393.0,7394.5,2900
2026-05-08 17:50:00,7394.5,7395.25,7390.5,7394.5,3644
2026-05-08 18:00:00,7394.75,7397.25,7394.5,7395.75,2024
2026-05-08 18:10:00,7395.75,7397.0,7395.0,7395.5,1353
2026-05-08 18:20:00,7395.75,7398.25,7395.25,7396.25,2020
2026-05-08 18:30:00,7396.25,7399.25,7395.75,7398.75,1533
2026-05-08 18:40:00,7398.75,7399.75,7396.25,7397.0,1612
2026-05-08 18:50:00,7397.25,7397.5,7391.0,7396.25,4846
2026-05-08 19:00:00,7396.25,7399.75,7396.25,7399.0,3356
2026-05-08 19:10:00,7399.25,7400.0,7396.75,7397.5,3755
2026-05-08 19:20:00,7397.5,7400.25,7396.5,7399.75,2010
2026-05-08 19:30:00,7399.75,7401.25,7398.75,7400.5,1626
2026-05-08 19:40:00,7400.5,7401.25,7399.0,7401.0,2309
2026-05-08 19:50:00,7401.0,7402.0,7399.25,7399.75,2402
2026-05-08 20:00:00,7399.75,7401.5,7398.75,7400.75,3746
2026-05-08 20:10:00,7401.0,7401.25,7397.25,7399.75,3511
2026-05-08 20:20:00,7400.0,7401.5,7396.5,7401.0,4239
2026-05-08 20:30:00,7401.0,7412.5,7400.25,7407.0,15090
2026-05-08 20:40:00,7407.0,7411.25,7402.75,7403.5,8244
2026-05-08 20:50:00,7403.5,7404.25,7394.5,7398.25,9020
2026-05-08 21:00:00,7398.0,7400.75,7391.0,7394.25,11206
2026-05-08 21:10:00,7394.0,7396.25,7389.0,7394.0,11035
2026-05-08 21:20:00,7394.0,7397.25,7392.75,7396.0,8623
2026-05-08 21:30:00,7395.75,7401.25,7393.25,7395.75,47595
2026-05-08 21:40:00,7395.75,7409.5,7391.75,7407.5,42392
2026-05-08 21:50:00,7407.25,7413.75,7405.25,7413.5,28820
2026-05-08 22:00:00,7413.5,7416.0,7409.25,7412.75,39715
2026-05-08 22:10:00,7412.75,7417.25,7409.5,7416.0,33224
2026-05-08 22:20:00,7416.25,7422.75,7414.25,7415.25,37038
2026-05-08 22:30:00,7415.25,7416.75,7408.25,7416.75,30803
2026-05-08 22:40:00,7416.5,7422.0,7414.75,7419.0,23862
2026-05-08 22:50:00,7419.0,7421.5,7417.25,7417.75,18738
2026-05-08 23:00:00,7417.75,7420.75,7414.0,7414.25,23732
2026-05-08 23:10:00,7414.25,7416.5,7407.25,7411.0,24236
2026-05-08 23:20:00,7410.75,7416.75,7409.75,7416.0,20828
2026-05-08 23:30:00,7416.0,7420.5,7410.0,7419.75,27427
2026-05-08 23:40:00,7419.75,7420.5,7412.5,7417.75,25834
2026-05-08 23:50:00,7417.75,7418.75,7413.75,7416.0,14562
2026-05-09 00:00:00,7415.75,7422.25,7415.5,7419.5,19826
2026-05-09 00:10:00,7419.5,7422.25,7417.75,7419.5,11732
2026-05-09 00:20:00,7419.5,7424.25,7419.0,7422.25,12001
2026-05-09 00:30:00,7422.5,7423.25,7418.75,7420.5,12314
2026-05-09 00:40:00,7420.75,7421.25,7415.0,7420.0,17079
2026-05-09 00:50:00,7420.25,7420.25,7415.5,7415.75,13559
2026-05-09 01:00:00,7415.75,7423.0,7414.75,7420.0,19412
2026-05-09 01:10:00,7420.25,7422.0,7418.0,7422.0,9350
2026-05-09 01:20:00,7422.0,7425.0,7420.75,7423.5,14898
2026-05-09 01:30:00,7423.5,7426.0,7421.25,7421.25,11206
2026-05-09 01:40:00,7421.25,7423.0,7418.75,7419.25,12824
2026-05-09 01:50:00,7419.5,7421.75,7417.5,7418.75,12403
2026-05-09 02:00:00,7418.75,7427.75,7418.5,7420.75,24620
2026-05-09 02:10:00,7421.0,7426.5,7420.25,7424.5,13554
2026-05-09 02:20:00,7424.5,7426.0,7423.25,7424.0,8245
2026-05-09 02:30:00,7424.25,7426.75,7421.25,7421.5,10671
2026-05-09 02:40:00,7421.5,7422.5,7415.0,7416.0,16891
2026-05-09 02:50:00,7416.25,7417.0,7407.5,7410.75,30025
2026-05-09 03:00:00,7410.5,7417.25,7410.0,7415.25,18197
2026-05-09 03:10:00,7415.0,7418.25,7413.75,7418.0,12172
2026-05-09 03:20:00,7418.0,7418.75,7412.75,7412.75,17407
2026-05-09 03:30:00,7413.0,7419.0,7411.5,7417.5,17131
2026-05-09 03:40:00,7417.75,7421.5,7417.5,7418.5,24753
2026-05-09 03:50:00,7418.25,7422.0,7417.0,7421.25,110884
2026-05-09 04:00:00,7421.25,7425.0,7418.5,7422.25,39694
2026-05-09 04:10:00,7422.25,7422.5,7417.25,7417.5,9535
2026-05-09 04:20:00,7417.5,7421.25,7417.25,7421.0,3044
2026-05-09 04:30:00,7420.75,7421.25,7419.5,7421.0,2201
2026-05-09 04:40:00,7421.0,7422.5,7420.75,7421.75,3051
2026-05-09 04:50:00,7421.75,7422.0,7419.0,7419.0,4608
2026-05-11 06:10:00,7399.5,7403.5,7390.5,7394.25,3199
2026-05-11 06:20:00,7394.25,7399.75,7392.0,7399.75,1531
2026-05-11 06:30:00,7399.5,7400.0,7396.0,7396.75,989
2026-05-11 06:40:00,7396.5,7402.25,7395.25,7402.0,1234
2026-05-11 06:50:00,7402.0,7406.25,7401.25,7404.5,1876
2026-05-11 07:00:00,7404.25,7408.5,7403.25,7408.0,1978
2026-05-11 07:10:00,7408.0,7409.0,7405.5,7407.75,1110
2026-05-11 07:20:00,7407.75,7409.0,7403.25,7404.0,1268
2026-05-11 07:30:00,7404.0,7405.0,7402.0,7402.75,1119
2026-05-11 07:40:00,7402.75,7405.5,7401.5,7404.0,1383
2026-05-11 07:50:00,7404.25,7404.25,7401.25,7402.75,1084
2026-05-11 08:00:00,7402.75,7408.75,7402.5,7408.0,2871
2026-05-11 08:10:00,7408.0,7408.75,7405.25,7407.0,1693
2026-05-11 08:20:00,7407.0,7412.0,7407.0,7410.25,2270
2026-05-11 08:30:00,7410.5,7412.75,7410.5,7410.5,2498
2026-05-11 08:40:00,7410.75,7412.5,7409.5,7409.5,1653
2026-05-11 08:50:00,7409.5,7409.5,7397.0,7402.25,5847
2026-05-11 09:00:00,7402.25,7402.75,7398.0,7402.5,3263
2026-05-11 09:10:00,7402.5,7409.25,7401.0,7409.25,3548
2026-05-11 09:20:00,7409.5,7410.25,7408.0,7408.5,1345
2026-05-11 09:30:00,7408.5,7409.0,7405.75,7407.75,1747
2026-05-11 09:40:00,7408.0,7410.75,7407.25,7410.75,1065
2026-05-11 09:50:00,7410.5,7411.25,7408.0,7411.0,1429
2026-05-11 10:00:00,7411.0,7413.0,7409.5,7409.75,1962
2026-05-11 10:10:00,7409.75,7412.25,7409.5,7411.0,861
2026-05-11 10:20:00,7411.0,7413.75,7411.0,7413.25,961
2026-05-11 10:30:00,7413.25,7414.5,7410.25,7412.25,1303
2026-05-11 10:40:00,7412.5,7413.25,7411.0,7411.75,799
2026-05-11 10:50:00,7411.75,7413.5,7411.0,7411.25,708
2026-05-11 11:00:00,7411.25,7411.25,7407.5,7410.5,1559
2026-05-11 11:10:00,7410.5,7411.25,7409.0,7410.5,1084
2026-05-11 11:20:00,7410.5,7413.25,7410.0,7413.0,1041
2026-05-11 11:30:00,7413.0,7414.5,7412.0,7413.0,1127
2026-05-11 11:40:00,7413.0,7415.5,7412.75,7413.0,1168
2026-05-11 11:50:00,7412.75,7413.5,7411.0,7411.5,645
2026-05-11 12:00:00,7411.25,7411.5,7409.0,7409.25,965
2026-05-11 12:10:00,7409.0,7412.0,7406.75,7411.25,1086
2026-05-11 12:20:00,7411.5,7412.75,7411.5,7411.5,709
2026-05-11 12:30:00,7411.75,7412.5,7411.5,7411.5,496
2026-05-11 12:40:00,7411.5,7412.0,7410.75,7411.0,426
2026-05-11 12:50:00,7411.0,7413.25,7410.75,7412.75,521
2026-05-11 13:00:00,7413.0,7413.75,7411.75,7412.25,569
2026-05-11 13:10:00,7412.25,7413.75,7411.75,7413.5,892
2026-05-11 13:20:00,7413.5,7415.0,7412.75,7413.75,1060
2026-05-11 13:30:00,7413.75,7415.0,7412.25,7412.5,962
2026-05-11 13:40:00,7412.75,7413.0,7410.25,7411.25,847
2026-05-11 13:50:00,7411.5,7412.75,7410.5,7410.5,1182
2026-05-11 14:00:00,7410.5,7413.25,7410.5,7412.75,1083
2026-05-11 14:10:00,7412.75,7414.75,7411.5,7412.25,1251
2026-05-11 14:20:00,7412.25,7416.25,7412.0,7415.0,1403
2026-05-11 14:30:00,7414.75,7415.25,7411.0,7411.5,1349
2026-05-11 14:40:00,7411.5,7411.75,7409.75,7410.0,1424
2026-05-11 14:50:00,7410.0,7413.75,7409.5,7413.0,1809
2026-05-11 15:00:00,7413.0,7413.75,7410.0,7410.5,2955
2026-05-11 15:10:00,7410.5,7413.0,7410.0,7411.25,1806
2026-05-11 15:20:00,7411.25,7413.25,7410.75,7412.0,1593
2026-05-11 15:30:00,7412.0,7412.75,7410.0,7412.25,1788
2026-05-11 15:40:00,7412.25,7415.0,7411.75,7412.75,2568
2026-05-11 15:50:00,7413.0,7414.25,7411.75,7414.25,958
2026-05-11 16:00:00,7414.25,7416.75,7410.0,7410.5,4189
2026-05-11 16:10:00,7410.25,7416.5,7410.0,7416.0,3144
2026-05-11 16:20:00,7416.0,7417.75,7412.25,7412.25,2331
2026-05-11 16:30:00,7412.5,7415.0,7412.0,7413.25,1937
2026-05-11 16:40:00,7413.5,7415.75,7413.5,7415.25,1346
2026-05-11 16:50:00,7415.25,7416.25,7414.0,7414.0,1412
2026-05-11 17:00:00,7413.75,7417.75,7413.0,7415.75,3139
2026-05-11 17:10:00,7415.75,7416.25,7414.25,7415.75,1601
2026-05-11 17:20:00,7415.75,7418.25,7415.75,7416.5,1550
2026-05-11 17:30:00,7416.5,7418.75,7416.5,7417.25,1689
2026-05-11 17:40:00,7417.25,7420.75,7417.25,7419.0,3742
2026-05-11 17:50:00,7419.0,7419.75,7414.75,7415.0,2181
2026-05-11 18:00:00,7414.75,7416.75,7414.0,7415.5,1743
2026-05-11 18:10:00,7415.25,7416.75,7414.75,7415.0,1421
2026-05-11 18:20:00,7415.0,7416.5,7414.25,7415.0,1410
2026-05-11 18:30:00,7415.0,7415.25,7411.0,7412.5,2105
2026-05-11 18:40:00,7412.5,7413.75,7411.25,7413.0,1881
2026-05-11 18:50:00,7413.0,7414.0,7412.0,7412.25,1161
2026-05-11 19:00:00,7412.25,7415.5,7412.0,7415.0,3334
2026-05-11 19:10:00,7415.0,7415.75,7412.25,7415.25,1955
2026-05-11 19:20:00,7415.25,7417.75,7415.0,7417.25,2388
2026-05-11 19:30:00,7417.25,7420.25,7417.25,7418.5,3363
2026-05-11 19:40:00,7418.5,7418.5,7413.5,7414.0,3314
2026-05-11 19:50:00,7414.0,7414.5,7410.75,7414.0,2745
2026-05-11 20:00:00,7414.0,7415.75,7409.75,7410.75,6456
2026-05-11 20:10:00,7410.5,7412.25,7408.5,7410.0,5001
2026-05-11 20:20:00,7410.0,7412.0,7408.25,7411.75,3521
2026-05-11 20:30:00,7411.5,7414.5,7411.25,7412.25,4116
2026-05-11 20:40:00,7412.0,7412.75,7402.5,7407.5,9333
2026-05-11 20:50:00,7407.5,7409.0,7406.0,7408.75,3549
2026-05-11 21:00:00,7408.75,7411.0,7406.75,7410.75,5121
2026-05-11 21:10:00,7410.75,7412.75,7410.0,7411.5,3583
2026-05-11 21:20:00,7411.5,7414.0,7409.0,7410.25,7405
2026-05-11 21:30:00,7410.0,7424.75,7410.0,7421.25,57461
2026-05-11 21:40:00,7421.5,7437.25,7420.5,7433.75,40632
2026-05-11 21:50:00,7433.75,7437.0,7429.0,7432.75,34608
2026-05-11 22:00:00,7432.5,7434.75,7430.5,7433.5,22975
2026-05-11 22:10:00,7433.75,7441.0,7431.25,7441.0,27313
2026-05-11 22:20:00,7440.75,7442.0,7430.25,7430.25,31029
2026-05-11 22:30:00,7430.25,7434.0,7421.5,7432.0,52179
2026-05-11 22:40:00,7432.0,7437.75,7431.75,7436.75,23644
2026-05-11 22:50:00,7436.75,7445.75,7436.25,7443.0,32887
2026-05-11 23:00:00,7442.75,7443.75,7440.5,7442.25,15566
2026-05-11 23:10:00,7442.25,7442.75,7435.75,7441.25,19641
2026-05-11 23:20:00,7441.0,7447.25,7440.0,7447.0,17600
2026-05-11 23:30:00,7447.0,7448.0,7443.75,7447.0,20442
2026-05-11 23:40:00,7447.0,7448.25,7443.25,7445.5,25916
2026-05-11 23:50:00,7445.25,7449.75,7443.5,7448.5,13899
2026-05-12 00:00:00,7448.25,7449.25,7446.5,7446.75,11063
2026-05-12 00:10:00,7447.0,7448.25,7446.0,7446.75,10352
2026-05-12 00:20:00,7446.5,7450.5,7445.5,7449.5,13583
2026-05-12 00:30:00,7449.5,7450.5,7447.0,7447.0,9730
2026-05-12 00:40:00,7447.0,7447.5,7434.25,7441.25,43516
2026-05-12 00:50:00,7441.25,7442.5,7436.5,7439.5,17690
2026-05-12 01:00:00,7439.5,7442.75,7439.5,7440.5,11597
2026-05-12 01:10:00,7440.5,7440.5,7434.75,7435.5,15624
2026-05-12 01:20:00,7435.75,7444.75,7435.0,7444.0,17191
2026-05-12 01:30:00,7444.0,7450.5,7444.0,7449.0,16813
2026-05-12 01:40:00,7449.25,7454.75,7448.25,7449.75,16285
2026-05-12 01:50:00,7450.0,7450.75,7447.75,7448.0,11355
2026-05-12 02:00:00,7448.25,7452.75,7448.0,7451.75,10093
2026-05-12 02:10:00,7452.0,7452.0,7448.75,7449.25,9462
2026-05-12 02:20:00,7449.5,7451.5,7447.0,7449.5,13490
2026-05-12 02:30:00,7449.75,7449.75,7443.75,7444.0,11338
2026-05-12 02:40:00,7444.0,7445.25,7441.0,7441.25,17141
2026-05-12 02:50:00,7441.5,7441.75,7431.0,7431.25,25178
2026-05-12 03:00:00,7431.5,7436.25,7428.0,7435.5,30876
2026-05-12 03:10:00,7435.5,7438.0,7430.0,7431.75,20884
2026-05-12 03:20:00,7432.0,7433.0,7427.5,7431.25,20700
2026-05-12 03:30:00,7431.25,7435.0,7429.5,7432.5,21230
2026-05-12 03:40:00,7432.75,7433.75,7427.75,7433.0,22291
2026-05-12 03:50:00,7432.75,7439.0,7431.5,7438.75,92444
2026-05-12 04:00:00,7439.0,7440.25,7434.0,7434.75,23485
2026-05-12 04:10:00,7435.0,7436.25,7426.0,7435.0,17820
2026-05-12 04:20:00,7435.0,7435.0,7431.75,7434.5,2671
2026-05-12 04:30:00,7434.25,7436.75,7434.0,7436.0,2484
2026-05-12 04:40:00,7436.0,7436.25,7435.0,7435.25,2034
2026-05-12 04:50:00,7435.0,7436.75,7433.5,7435.0,2983
2026-05-12 06:00:00,7435.5,7439.75,7434.25,7438.5,311
2026-05-12 06:10:00,7438.5,7441.5,7438.5,7441.0,725
2026-05-12 06:20:00,7441.25,7442.0,7439.75,7441.25,754
2026-05-12 06:30:00,7441.25,7443.0,7441.25,7442.75,637
2026-05-12 06:40:00,7442.75,7443.75,7442.0,7442.25,445
2026-05-12 06:50:00,7442.0,7442.5,7440.5,7441.0,532
2026-05-12 07:00:00,7441.25,7441.75,7440.75,7441.0,293
2026-05-12 07:10:00,7440.75,7440.75,7438.5,7439.0,690
2026-05-12 07:20:00,7439.0,7441.5,7439.0,7441.5,453
2026-05-12 07:30:00,7441.25,7441.5,7439.5,7440.75,362
2026-05-12 07:40:00,7440.75,7441.0,7438.5,7439.75,470
2026-05-12 07:50:00,7439.75,7439.75,7436.25,7438.75,1010
2026-05-12 08:00:00,7438.5,7438.75,7433.25,7434.0,1960
2026-05-12 08:10:00,7434.0,7434.75,7432.0,7434.0,1134
2026-05-12 08:20:00,7433.75,7434.25,7428.75,7431.75,2144
2026-05-12 08:30:00,7431.75,7434.25,7431.0,7431.25,1649
2026-05-12 08:40:00,7431.5,7432.0,7429.25,7431.0,1265
2026-05-12 08:50:00,7430.75,7431.75,7429.5,7429.75,782
2026-05-12 09:00:00,7429.75,7432.0,7429.0,7431.25,1167
2026-05-12 09:10:00,7431.0,7431.75,7425.0,7427.25,2629
2026-05-12 09:20:00,7427.25,7428.5,7423.0,7424.75,2605
2026-05-12 09:30:00,7424.25,7425.25,7415.75,7416.0,4334
2026-05-12 09:40:00,7415.75,7421.75,7411.25,7421.5,6746
2026-05-12 09:50:00,7421.5,7422.0,7417.75,7419.0,2326
2026-05-12 10:00:00,7419.25,7425.25,7417.75,7425.25,2145
2026-05-12 10:10:00,7425.25,7429.0,7423.5,7423.75,2735
2026-05-12 10:20:00,7423.75,7428.0,7423.5,7426.0,1621
2026-05-12 10:30:00,7425.75,7426.75,7423.25,7424.0,996
2026-05-12 10:40:00,7424.0,7427.5,7423.25,7426.25,1008
2026-05-12 10:50:00,7426.5,7430.75,7426.25,7429.25,1429
2026-05-12 11:00:00,7429.25,7430.25,7425.0,7426.25,864
2026-05-12 11:10:00,7426.5,7427.75,7426.25,7426.5,597
2026-05-12 11:20:00,7426.5,7427.25,7425.75,7427.0,476
2026-05-12 11:30:00,7427.0,7428.75,7427.0,7428.5,487
2026-05-12 11:40:00,7428.25,7429.75,7426.0,7426.75,1029
2026-05-12 11:50:00,7427.0,7427.0,7424.25,7425.25,919
2026-05-12 12:00:00,7427.5,7427.5,7427.0,7427.25,586
2026-05-12 12:10:00,7427.25,7427.5,7424.5,7427.25,946
2026-05-12 12:20:00,7427.25,7427.5,7425.25,7426.0,850
2026-05-12 12:30:00,7426.0,7427.5,7425.25,7426.25,565
2026-05-12 12:40:00,7426.25,7427.5,7425.75,7426.0,580
2026-05-12 12:50:00,7425.75,7425.75,7420.75,7420.75,1675
2026-05-12 13:00:00,7420.75,7423.5,7420.5,7421.75,1088
2026-05-12 13:10:00,7421.75,7422.5,7418.5,7420.0,1003
2026-05-12 13:20:00,7420.0,7424.0,7419.75,7423.0,1021
2026-05-12 13:30:00,7422.75,7423.25,7419.0,7420.25,1071
2026-05-12 13:40:00,7420.0,7424.0,7419.25,7423.25,1032
2026-05-12 13:50:00,7423.5,7424.0,7421.25,7421.5,848
2026-05-12 14:00:00,7421.5,7422.75,7417.75,7419.25,2021
2026-05-12 14:10:00,7419.25,7420.75,7418.75,7418.75,1043
2026-05-12 14:20:00,7418.75,7418.75,7415.0,7415.75,1996
2026-05-12 14:30:00,7416.0,7416.75,7412.0,7412.75,2134
2026-05-12 14:40:00,7412.75,7415.0,7412.25,7413.5,1259
2026-05-12 14:50:00,7413.25,7413.25,7408.25,7408.75,2928
2026-05-12 15:00:00,7409.0,7409.25,7402.75,7403.5,6062
2026-05-12 15:10:00,7403.5,7414.5,7402.25,7414.5,4105
2026-05-12 15:20:00,7414.5,7416.25,7410.5,7412.75,2903
2026-05-12 15:30:00,7413.0,7416.75,7412.5,7416.25,1944
2026-05-12 15:40:00,7416.5,7417.25,7413.5,7416.25,1792
2026-05-12 15:50:00,7416.25,7417.25,7414.75,7416.0,1722
2026-05-12 16:00:00,7416.0,7416.75,7410.0,7411.5,4351
2026-05-12 16:10:00,7411.75,7411.75,7405.5,7409.75,3536
2026-05-12 16:20:00,7409.75,7411.25,7408.0,7410.25,2175
2026-05-12 16:30:00,7410.5,7411.25,7408.25,7410.0,1898
2026-05-12 16:40:00,7410.0,7410.5,7405.75,7406.25,2406
2026-05-12 16:50:00,7406.5,7409.5,7406.0,7409.5,1259
2026-05-12 17:00:00,7409.5,7411.25,7403.25,7405.75,2674
2026-05-12 17:10:00,7405.75,7409.0,7405.0,7407.5,1467
2026-05-12 17:20:00,7407.25,7411.5,7406.25,7409.5,1761
2026-05-12 17:30:00,7409.5,7416.5,7409.5,7412.75,4478
2026-05-12 17:40:00,7412.5,7413.0,7409.5,7412.0,1983
2026-05-12 17:50:00,7412.0,7413.25,7409.25,7411.5,1355
2026-05-12 18:00:00,7411.5,7414.0,7411.5,7413.5,1232
2026-05-12 18:10:00,7413.75,7416.0,7411.25,7412.0,2029
2026-05-12 18:20:00,7412.0,7412.5,7410.0,7412.5,1760
2026-05-12 18:30:00,7412.5,7413.0,7409.75,7410.0,1756
2026-05-12 18:40:00,7410.0,7410.5,7406.75,7408.5,1827
2026-05-12 18:50:00,7408.5,7412.0,7407.75,7412.0,2146
2026-05-12 19:00:00,7411.75,7413.75,7402.0,7408.5,5699
2026-05-12 19:10:00,7408.5,7412.75,7402.75,7404.25,4616
2026-05-12 19:20:00,7404.25,7406.5,7403.25,7406.0,2271
2026-05-12 19:30:00,7406.25,7411.0,7405.5,7411.0,2576
2026-05-12 19:40:00,7411.0,7412.0,7409.0,7409.75,1908
2026-05-12 19:50:00,7409.75,7410.5,7407.75,7407.75,2034
2026-05-12 20:00:00,7407.75,7408.25,7402.0,7404.0,3783
2026-05-12 20:10:00,7404.0,7408.25,7404.0,7406.25,2810
2026-05-12 20:20:00,7406.0,7407.5,7402.75,7407.5,3548
2026-05-12 20:30:00,7407.5,7416.5,7398.75,7414.75,15652
2026-05-12 20:40:00,7414.5,7417.5,7412.5,7416.75,7341
2026-05-12 20:50:00,7416.5,7420.75,7416.25,7419.5,6230
2026-05-12 21:00:00,7419.5,7421.25,7415.75,7419.0,6843
2026-05-12 21:10:00,7419.0,7420.75,7412.75,7415.25,7103
2026-05-12 21:20:00,7415.25,7416.5,7413.5,7414.0,7280
2026-05-12 21:30:00,7414.0,7417.5,7400.25,7405.75,61247
2026-05-12 21:40:00,7405.75,7414.0,7401.0,7402.75,50488
2026-05-12 21:50:00,7402.75,7409.5,7393.5,7396.25,51794
2026-05-12 22:00:00,7396.0,7401.25,7391.5,7398.0,51400
2026-05-12 22:10:00,7398.25,7408.75,7395.5,7407.0,38559
2026-05-12 22:20:00,7406.75,7407.75,7390.5,7394.25,38460
2026-05-12 22:30:00,7394.25,7394.75,7380.0,7391.5,61321
2026-05-12 22:40:00,7391.5,7397.0,7385.25,7386.0,38984
2026-05-12 22:50:00,7386.0,7388.0,7381.75,7383.0,31192
2026-05-12 23:00:00,7383.0,7385.5,7377.5,7385.0,38177
2026-05-12 23:10:00,7385.0,7385.5,7371.25,7374.75,35414
2026-05-12 23:20:00,7374.75,7375.75,7363.25,7368.25,44835
2026-05-12 23:30:00,7368.25,7378.0,7366.0,7376.25,37209
2026-05-12 23:40:00,7376.0,7382.75,7373.25,7378.5,24028
2026-05-12 23:50:00,7378.25,7380.0,7368.75,7369.75,25434
2026-05-13 00:00:00,7370.0,7378.5,7366.25,7373.0,27910
2026-05-13 00:10:00,7372.75,7380.0,7372.0,7375.5,16557
2026-05-13 00:20:00,7375.5,7377.75,7370.75,7372.5,16825
2026-05-13 00:30:00,7372.5,7375.5,7367.0,7373.0,20254
2026-05-13 00:40:00,7373.0,7375.0,7363.75,7366.5,20063
2026-05-13 00:50:00,7366.25,7368.5,7363.5,7366.25,18811
2026-05-13 01:00:00,7366.25,7379.25,7365.25,7375.5,24630
2026-05-13 01:10:00,7375.25,7386.25,7374.75,7386.0,22380
2026-05-13 01:20:00,7385.75,7395.75,7385.75,7388.75,34233
2026-05-13 01:30:00,7388.75,7395.25,7386.75,7391.75,27338
2026-05-13 01:40:00,7391.75,7395.0,7389.0,7391.75,16471
2026-05-13 01:50:00,7392.0,7397.25,7390.25,7396.0,22971
2026-05-13 02:00:00,7396.0,7397.75,7392.5,7394.5,25885
2026-05-13 02:10:00,7394.25,7398.5,7391.75,7397.25,17297
2026-05-13 02:20:00,7397.25,7410.0,7397.0,7407.0,37664
2026-05-13 02:30:00,7407.0,7409.75,7403.5,7406.0,21640
2026-05-13 02:40:00,7405.75,7408.5,7402.75,7405.5,15533
2026-05-13 02:50:00,7405.75,7410.5,7404.0,7405.25,17806
2026-05-13 03:00:00,7405.25,7411.5,7404.75,7409.75,16726
2026-05-13 03:10:00,7409.5,7419.5,7409.5,7415.25,26015
2026-05-13 03:20:00,7415.25,7416.5,7410.5,7416.0,15919
2026-05-13 03:30:00,7416.0,7425.75,7415.75,7423.0,25778
2026-05-13 03:40:00,7423.0,7427.0,7421.0,7425.75,23472
2026-05-13 03:50:00,7425.75,7433.75,7424.5,7428.0,138747
2026-05-13 04:00:00,7428.25,7428.75,7416.75,7417.75,35950
2026-05-13 04:10:00,7417.75,7422.0,7415.75,7419.5,7987
2026-05-13 04:20:00,7419.5,7420.5,7416.5,7419.5,3771
2026-05-13 04:30:00,7419.25,7420.25,7416.0,7419.5,3167
2026-05-13 04:40:00,7419.75,7421.0,7419.25,7420.25,2371
2026-05-13 04:50:00,7420.0,7422.25,7420.0,7420.5,3323
2026-05-13 06:00:00,7419.25,7425.0,7419.25,7423.75,427
2026-05-13 06:10:00,7423.75,7426.75,7422.5,7426.25,935
2026-05-13 06:20:00,7426.25,7427.5,7425.25,7425.5,1211
2026-05-13 06:30:00,7425.5,7426.75,7424.75,7425.75,446
2026-05-13 06:40:00,7425.5,7425.75,7424.5,7424.75,608
2026-05-13 06:50:00,7425.0,7425.75,7421.5,7421.75,853
2026-05-13 07:00:00,7421.75,7423.0,7419.75,7420.75,1008
2026-05-13 07:10:00,7420.75,7423.5,7418.0,7419.75,1264
2026-05-13 07:20:00,7419.75,7420.5,7418.75,7419.25,527
2026-05-13 07:30:00,7419.25,7419.5,7416.25,7416.5,886
2026-05-13 07:40:00,7416.25,7416.5,7412.25,7414.25,1789
2026-05-13 07:50:00,7414.0,7416.25,7411.75,7412.0,1029
2026-05-13 08:00:00,7411.75,7416.5,7410.0,7413.75,2640
2026-05-13 08:10:00,7413.5,7420.25,7412.0,7419.75,2151
2026-05-13 08:20:00,7419.75,7423.25,7415.5,7417.25,1864
2026-05-13 08:30:00,7417.5,7420.0,7415.0,7419.75,1545
2026-05-13 08:40:00,7419.75,7421.75,7417.25,7417.25,1529
2026-05-13 08:50:00,7417.25,7421.25,7415.75,7420.5,1150
2026-05-13 09:00:00,7420.25,7424.5,7420.0,7424.0,1845
2026-05-13 09:10:00,7424.0,7425.75,7421.75,7423.5,1494
2026-05-13 09:20:00,7423.5,7427.0,7423.0,7426.75,1867
2026-05-13 09:30:00,7426.75,7429.0,7424.75,7428.0,1529
2026-05-13 09:40:00,7428.0,7433.0,7427.25,7432.75,2159
2026-05-13 09:50:00,7432.75,7436.5,7428.5,7429.0,3214
2026-05-13 10:00:00,7428.75,7431.0,7425.25,7426.25,2252
2026-05-13 10:10:00,7426.0,7429.0,7425.75,7429.0,1040
2026-05-13 10:20:00,7428.75,7431.5,7428.25,7431.0,1402
2026-05-13 10:30:00,7431.0,7432.0,7430.5,7430.5,734
2026-05-13 10:40:00,7430.25,7430.5,7428.25,7429.0,695
2026-05-13 10:50:00,7429.25,7430.5,7428.25,7429.25,674
2026-05-13 11:00:00,7429.0,7429.75,7425.75,7427.25,1049
2026-05-13 11:10:00,7427.25,7429.25,7425.5,7428.5,1777
2026-05-13 11:20:00,7428.5,7430.75,7428.0,7430.75,638
2026-05-13 11:30:00,7431.0,7435.5,7431.0,7434.75,922
2026-05-13 11:40:00,7434.75,7436.0,7434.25,7434.5,1012
2026-05-13 11:50:00,7434.5,7435.25,7433.0,7434.75,612
2026-05-13 12:00:00,7434.75,7434.75,7434.5,7434.5,624
2026-05-13 12:10:00,7434.5,7435.25,7433.75,7434.75,470
2026-05-13 12:20:00,7434.75,7436.75,7434.5,7435.75,728
2026-05-13 12:30:00,7435.75,7437.5,7433.0,7435.25,1169
2026-05-13 12:40:00,7435.25,7436.5,7435.0,7436.5,566
2026-05-13 12:50:00,7436.5,7438.5,7435.75,7437.25,1153
2026-05-13 13:00:00,7437.25,7439.25,7435.5,7438.25,1196
2026-05-13 13:10:00,7438.5,7441.0,7438.0,7438.0,2204
2026-05-13 13:20:00,7437.75,7441.75,7437.75,7440.0,1413
2026-05-13 13:30:00,7440.25,7441.25,7439.25,7440.25,1235
2026-05-13 13:40:00,7440.25,7440.75,7438.0,7438.75,1057
2026-05-13 13:50:00,7438.5,7439.75,7438.0,7439.25,634
2026-05-13 14:00:00,7439.5,7440.5,7438.5,7439.5,1056
2026-05-13 14:10:00,7439.5,7443.5,7439.25,7442.0,2778
2026-05-13 14:20:00,7441.75,7441.75,7438.25,7439.0,1555
2026-05-13 14:30:00,7438.75,7440.0,7438.25,7438.75,1336
2026-05-13 14:40:00,7438.5,7438.75,7436.75,7437.0,1026
2026-05-13 14:50:00,7437.0,7437.5,7434.25,7437.25,1353
2026-05-13 15:00:00,7437.5,7439.0,7436.0,7436.0,2382
2026-05-13 15:10:00,7436.0,7438.25,7434.25,7436.5,1528
2026-05-13 15:20:00,7436.5,7438.25,7436.25,7438.0,932
2026-05-13 15:30:00,7437.75,7441.25,7437.0,7439.75,1901
2026-05-13 15:40:00,7439.75,7446.5,7439.5,7444.5,3419
2026-05-13 15:50:00,7444.25,7446.0,7442.75,7445.0,2499
2026-05-13 16:00:00,7445.25,7448.0,7444.0,7447.75,3049
2026-05-13 16:10:00,7447.75,7452.75,7447.75,7451.0,5370
2026-05-13 16:20:00,7451.25,7453.25,7450.75,7452.25,1926
2026-05-13 16:30:00,7452.5,7453.25,7451.5,7452.75,2012
2026-05-13 16:40:00,7453.0,7454.25,7446.5,7447.0,2347
2026-05-13 16:50:00,7447.0,7449.0,7446.0,7447.5,2433
2026-05-13 17:00:00,7447.25,7447.5,7443.75,7444.25,2438
2026-05-13 17:10:00,7444.5,7444.75,7441.25,7441.75,2769
2026-05-13 17:20:00,7441.75,7442.75,7440.25,7441.25,2017
2026-05-13 17:30:00,7441.25,7445.25,7439.5,7445.0,2481
2026-05-13 17:40:00,7445.0,7446.0,7443.75,7445.0,1143
2026-05-13 17:50:00,7445.0,7447.5,7444.0,7447.0,1180
2026-05-13 18:00:00,7447.25,7448.5,7446.5,7448.25,1175
2026-05-13 18:10:00,7448.25,7449.0,7441.75,7443.75,2274
2026-05-13 18:20:00,7444.0,7446.0,7441.75,7442.5,2314
2026-05-13 18:30:00,7442.75,7444.0,7439.25,7441.5,1765
2026-05-13 18:40:00,7441.25,7445.0,7441.25,7443.75,1729
2026-05-13 18:50:00,7443.75,7444.25,7441.25,7442.75,1300
2026-05-13 19:00:00,7442.5,7445.0,7438.75,7441.0,2357
2026-05-13 19:10:00,7440.75,7442.0,7439.0,7440.25,2127
2026-05-13 19:20:00,7440.25,7440.75,7438.5,7440.75,1760
2026-05-13 19:30:00,7440.75,7444.5,7439.75,7442.25,2828
2026-05-13 19:40:00,7442.25,7442.75,7440.75,7440.75,1910
2026-05-13 19:50:00,7441.0,7442.5,7440.0,7441.25,1752
2026-05-13 20:00:00,7441.25,7446.25,7441.0,7442.75,2508
2026-05-13 20:10:00,7442.5,7442.75,7437.5,7438.25,2953
2026-05-13 20:20:00,7438.25,7439.25,7432.25,7438.75,6133
2026-05-13 20:30:00,7438.5,7438.5,7420.0,7420.5,23264
2026-05-13 20:40:00,7420.5,7424.75,7416.5,7422.0,12018
2026-05-13 20:50:00,7422.0,7424.0,7418.0,7421.0,8176
2026-05-13 21:00:00,7421.25,7432.25,7421.25,7429.75,11171
2026-05-13 21:10:00,7429.75,7433.25,7429.0,7433.0,3962
2026-05-13 21:20:00,7432.75,7435.0,7428.5,7429.25,10693
2026-05-13 21:30:00,7429.25,7429.5,7411.0,7412.0,60442
2026-05-13 21:40:00,7412.25,7419.0,7399.0,7408.0,60571
2026-05-13 21:50:00,7407.75,7417.0,7404.0,7413.5,42999
2026-05-13 22:00:00,7413.25,7419.25,7412.25,7415.5,36509
2026-05-13 22:10:00,7415.25,7422.0,7414.0,7417.25,29036
2026-05-13 22:20:00,7417.5,7432.0,7416.75,7427.5,34815
2026-05-13 22:30:00,7427.5,7431.5,7422.0,7424.0,27997
2026-05-13 22:40:00,7424.0,7430.25,7422.0,7429.25,21465
2026-05-13 22:50:00,7429.5,7434.5,7428.0,7433.0,21228
2026-05-13 23:00:00,7433.0,7438.25,7432.75,7435.75,24767
2026-05-13 23:10:00,7435.75,7437.25,7431.25,7437.25,13972
2026-05-13 23:20:00,7437.25,7438.25,7433.75,7437.25,16690
2026-05-13 23:30:00,7437.25,7442.75,7434.0,7442.25,21553
2026-05-13 23:40:00,7442.5,7447.0,7442.5,7443.25,22441
2026-05-13 23:50:00,7443.25,7444.75,7440.0,7442.0,17503
2026-05-14 00:00:00,7442.0,7448.25,7439.75,7448.0,17310
2026-05-14 00:10:00,7448.0,7453.25,7447.25,7452.0,21121
2026-05-14 00:20:00,7452.0,7464.75,7451.25,7462.5,35217
2026-05-14 00:30:00,7462.25,7463.5,7458.75,7462.0,24392
2026-05-14 00:40:00,7461.75,7463.0,7459.0,7460.0,14625
2026-05-14 00:50:00,7460.25,7467.75,7459.75,7465.25,20602
2026-05-14 01:00:00,7465.5,7474.0,7465.5,7471.75,17064
2026-05-14 01:10:00,7472.0,7474.0,7468.75,7469.75,15139
2026-05-14 01:20:00,7469.75,7473.0,7467.75,7471.0,12740
2026-05-14 01:30:00,7470.75,7471.75,7466.5,7468.75,13413
2026-05-14 01:40:00,7468.5,7472.5,7468.5,7470.5,10491
2026-05-14 01:50:00,7470.5,7472.5,7466.0,7466.25,9322
2026-05-14 02:00:00,7466.25,7473.75,7465.75,7472.75,13908
2026-05-14 02:10:00,7472.5,7483.75,7472.25,7481.0,27772
2026-05-14 02:20:00,7481.0,7483.75,7480.0,7480.25,13858
2026-05-14 02:30:00,7480.25,7480.25,7473.25,7475.75,18057
2026-05-14 02:40:00,7475.75,7477.25,7473.0,7475.5,15060
2026-05-14 02:50:00,7475.5,7478.5,7470.75,7471.5,19916
2026-05-14 03:00:00,7471.5,7478.75,7471.25,7478.25,18311
2026-05-14 03:10:00,7478.0,7482.25,7477.75,7481.25,15585
2026-05-14 03:20:00,7481.25,7482.0,7475.0,7479.75,16937
2026-05-14 03:30:00,7479.75,7480.25,7475.0,7478.75,15596
2026-05-14 03:40:00,7478.75,7481.25,7477.75,7479.0,14972
2026-05-14 03:50:00,7479.0,7479.0,7467.75,7468.5,102346
2026-05-14 04:00:00,7468.5,7472.75,7466.5,7471.75,28133
2026-05-14 04:10:00,7471.5,7473.75,7470.75,7472.75,7337
2026-05-14 04:20:00,7472.75,7474.75,7472.25,7474.25,3440
2026-05-14 04:30:00,7474.0,7478.0,7474.0,7477.25,3520
2026-05-14 04:40:00,7477.5,7477.5,7474.75,7475.25,2722
2026-05-14 04:50:00,7475.0,7476.5,7475.0,7476.0,2952
2026-05-14 06:00:00,7477.5,7478.5,7472.5,7476.25,691
2026-05-14 06:10:00,7476.5,7479.25,7474.75,7476.5,1662
2026-05-14 06:20:00,7476.0,7476.25,7474.25,7475.75,543
2026-05-14 06:30:00,7475.5,7477.0,7475.25,7476.0,397
2026-05-14 06:40:00,7475.75,7480.0,7475.75,7479.5,801
2026-05-14 06:50:00,7479.5,7481.75,7478.5,7479.0,1505
2026-05-14 07:00:00,7479.0,7483.75,7478.75,7481.5,2020
2026-05-14 07:10:00,7481.25,7483.25,7481.0,7481.5,773
2026-05-14 07:20:00,7481.5,7482.0,7479.25,7479.5,733
2026-05-14 07:30:00,7479.5,7480.5,7477.0,7477.5,791
2026-05-14 07:40:00,7477.5,7479.75,7477.0,7477.75,629
2026-05-14 07:50:00,7477.75,7481.0,7477.25,7480.5,603
2026-05-14 08:00:00,7480.25,7480.5,7475.5,7478.0,1765
2026-05-14 08:10:00,7478.25,7484.5,7477.5,7481.0,1609
2026-05-14 08:20:00,7481.0,7485.25,7480.5,7484.25,1552
2026-05-14 08:30:00,7484.5,7488.75,7484.5,7486.5,2883
2026-05-14 08:40:00,7486.75,7488.25,7485.0,7487.5,1217
2026-05-14 08:50:00,7487.75,7489.0,7485.75,7487.75,1192
2026-05-14 09:00:00,7487.75,7487.75,7485.0,7485.5,1187
2026-05-14 09:10:00,7485.75,7486.5,7482.5,7483.5,1284
2026-05-14 09:20:00,7483.75,7486.5,7483.0,7486.25,1203
2026-05-14 09:30:00,7486.25,7487.0,7483.0,7484.25,847
2026-05-14 09:40:00,7484.25,7484.75,7478.75,7481.25,1957
2026-05-14 09:50:00,7481.5,7482.25,7477.75,7478.75,1428
2026-05-14 10:00:00,7478.5,7481.75,7477.5,7480.75,857
2026-05-14 10:10:00,7480.75,7480.75,7479.0,7479.0,1458
2026-05-14 10:20:00,7479.25,7482.25,7479.25,7481.75,1577
2026-05-14 10:30:00,7481.5,7484.0,7481.0,7482.5,773
2026-05-14 10:40:00,7482.75,7483.0,7477.5,7478.75,1488
2026-05-14 10:50:00,7478.5,7479.75,7476.5,7478.5,678
2026-05-14 11:00:00,7478.5,7481.25,7477.5,7480.75,778
2026-05-14 11:10:00,7480.75,7482.75,7479.25,7479.5,1020
2026-05-14 11:20:00,7479.5,7480.75,7477.25,7480.25,1042
2026-05-14 11:30:00,7480.25,7480.5,7474.25,7474.25,1292
2026-05-14 11:40:00,7474.25,7476.25,7472.25,7473.5,1348
2026-05-14 11:50:00,7473.75,7474.5,7471.75,7472.25,950
2026-05-14 12:00:00,7473.5,7474.75,7473.5,7474.5,1256
2026-05-14 12:10:00,7474.25,7476.0,7473.75,7475.75,819
2026-05-14 12:20:00,7475.75,7478.25,7475.75,7477.5,643
2026-05-14 12:30:00,7477.5,7479.25,7477.5,7479.0,552
2026-05-14 12:40:00,7479.0,7481.75,7478.0,7480.75,961
2026-05-14 12:50:00,7480.5,7480.5,7476.5,7477.5,872
2026-05-14 13:00:00,7477.5,7479.5,7476.25,7478.0,721
2026-05-14 13:10:00,7477.75,7479.0,7473.25,7474.0,1230
2026-05-14 13:20:00,7474.0,7477.75,7474.0,7476.75,655
2026-05-14 13:30:00,7477.0,7478.75,7475.75,7476.25,865
2026-05-14 13:40:00,7476.5,7486.75,7474.75,7480.75,3444
2026-05-14 13:50:00,7481.0,7484.0,7481.0,7483.0,1481
2026-05-14 14:00:00,7483.25,7489.5,7483.0,7488.0,2111
2026-05-14 14:10:00,7488.0,7488.75,7484.25,7486.0,1212
2026-05-14 14:20:00,7486.25,7489.25,7486.25,7486.75,1647
2026-05-14 14:30:00,7486.75,7489.0,7486.5,7489.0,1351
2026-05-14 14:40:00,7488.75,7489.25,7485.5,7486.0,2042
2026-05-14 14:50:00,7486.0,7489.0,7484.75,7485.0,1175
2026-05-14 15:00:00,7485.0,7486.75,7481.5,7482.75,2577
2026-05-14 15:10:00,7482.5,7485.25,7481.5,7484.75,1272
2026-05-14 15:20:00,7484.75,7485.25,7483.25,7484.5,860
2026-05-14 15:30:00,7484.5,7488.75,7484.25,7487.25,1835
2026-05-14 15:40:00,7487.5,7489.0,7485.75,7486.0,1323
2026-05-14 15:50:00,7485.75,7488.0,7478.25,7479.25,2091
2026-05-14 16:00:00,7479.5,7484.5,7478.0,7482.0,2623
2026-05-14 16:10:00,7482.5,7491.75,7481.75,7487.75,3419
2026-05-14 16:20:00,7487.75,7489.75,7486.25,7488.25,3346
2026-05-14 16:30:00,7488.0,7491.25,7486.75,7487.0,2441
2026-05-14 16:40:00,7487.0,7488.0,7482.25,7483.5,2272
2026-05-14 16:50:00,7483.75,7488.25,7483.25,7487.75,1306
2026-05-14 17:00:00,7488.0,7490.0,7486.5,7487.5,1629
2026-05-14 17:10:00,7487.5,7490.0,7483.0,7484.75,3681
2026-05-14 17:20:00,7484.75,7486.0,7482.25,7483.0,1042
2026-05-14 17:30:00,7483.0,7484.5,7475.25,7477.25,3032
2026-05-14 17:40:00,7477.0,7485.75,7477.0,7485.25,2209
2026-05-14 17:50:00,7485.25,7486.75,7484.5,7485.0,1430
2026-05-14 18:00:00,7485.0,7489.5,7484.75,7488.75,2038
2026-05-14 18:10:00,7488.75,7496.25,7488.0,7492.25,7714
2026-05-14 18:20:00,7492.25,7492.5,7488.0,7489.25,2377
2026-05-14 18:30:00,7489.25,7490.25,7486.0,7486.25,1320
2026-05-14 18:40:00,7486.25,7486.5,7483.25,7486.5,1721
2026-05-14 18:50:00,7486.75,7492.75,7486.0,7488.5,3438
2026-05-14 19:00:00,7488.25,7494.0,7487.75,7493.75,1966
2026-05-14 19:10:00,7493.75,7495.0,7491.75,7492.0,2392
2026-05-14 19:20:00,7492.0,7493.75,7485.0,7486.75,2374
2026-05-14 19:30:00,7486.75,7490.75,7486.75,7489.5,1497
2026-05-14 19:40:00,7489.75,7494.75,7489.5,7494.25,2100
2026-05-14 19:50:00,7494.0,7494.75,7490.75,7491.0,2728
2026-05-14 20:00:00,7491.0,7496.5,7491.0,7495.75,2733
2026-05-14 20:10:00,7496.0,7496.75,7493.0,7494.25,2779
2026-05-14 20:20:00,7494.5,7499.25,7494.5,7496.5,5976
2026-05-14 20:30:00,7496.5,7497.0,7492.5,7493.75,4142
2026-05-14 20:40:00,7493.75,7494.75,7490.75,7491.5,3102
2026-05-14 20:50:00,7491.75,7491.75,7486.0,7489.75,4486
2026-05-14 21:00:00,7489.5,7489.5,7485.0,7485.5,5722
2026-05-14 21:10:00,7485.5,7486.25,7482.0,7484.0,5830
2026-05-14 21:20:00,7483.75,7487.25,7480.5,7481.0,8213
2026-05-14 21:30:00,7481.0,7498.5,7479.75,7497.25,53045
2026-05-14 21:40:00,7497.25,7503.25,7496.25,7501.25,46281
2026-05-14 21:50:00,7501.25,7503.25,7485.75,7488.5,43679
2026-05-14 22:00:00,7488.5,7499.25,7486.75,7494.5,34742
2026-05-14 22:10:00,7494.75,7505.5,7492.25,7505.0,26502
2026-05-14 22:20:00,7505.0,7508.0,7499.25,7503.75,32928
2026-05-14 22:30:00,7503.75,7511.0,7501.5,7510.75,23785
2026-05-14 22:40:00,7510.75,7517.25,7509.75,7517.0,33273
2026-05-14 22:50:00,7517.0,7520.0,7514.75,7516.5,34298
2026-05-14 23:00:00,7516.5,7523.25,7515.75,7522.25,26956
2026-05-14 23:10:00,7522.25,7530.25,7521.5,7529.25,23755
2026-05-14 23:20:00,7529.0,7533.0,7528.0,7530.0,28654
2026-05-14 23:30:00,7529.75,7533.0,7526.75,7529.5,24830
2026-05-14 23:40:00,7529.25,7533.0,7528.0,7532.25,19573
2026-05-14 23:50:00,7532.5,7537.5,7530.75,7537.25,23053
2026-05-15 00:00:00,7537.0,7540.0,7536.25,7536.5,22036
2026-05-15 00:10:00,7536.25,7538.25,7533.75,7534.75,20948
2026-05-15 00:20:00,7534.75,7538.0,7522.75,7524.25,34026
2026-05-15 00:30:00,7524.5,7527.0,7518.0,7525.75,35601
2026-05-15 00:40:00,7525.75,7527.75,7518.75,7525.0,29466
2026-05-15 00:50:00,7525.0,7525.0,7515.75,7522.75,22553
2026-05-15 01:00:00,7522.5,7527.5,7518.5,7518.5,20378
2026-05-15 01:10:00,7518.5,7522.25,7508.25,7509.0,33378
2026-05-15 01:20:00,7509.0,7514.0,7507.0,7513.5,29680
2026-05-15 01:30:00,7513.5,7522.0,7511.0,7520.75,22544
2026-05-15 01:40:00,7521.0,7526.75,7518.25,7525.75,18542
2026-05-15 01:50:00,7525.75,7527.0,7521.0,7521.5,14266
2026-05-15 02:00:00,7521.5,7521.5,7511.0,7517.5,29413
2026-05-15 02:10:00,7517.75,7527.5,7516.0,7527.0,20639
2026-05-15 02:20:00,7527.25,7527.5,7518.0,7519.75,18745
2026-05-15 02:30:00,7520.0,7525.25,7519.75,7522.0,13262
2026-05-15 02:40:00,7522.0,7525.25,7517.75,7524.75,13439
2026-05-15 02:50:00,7524.75,7528.0,7522.0,7527.5,15722
2026-05-15 03:00:00,7527.5,7531.0,7526.25,7530.25,16777
2026-05-15 03:10:00,7530.25,7531.25,7526.0,7528.75,14480
2026-05-15 03:20:00,7528.75,7530.75,7524.25,7525.0,16883
2026-05-15 03:30:00,7525.25,7529.75,7524.0,7528.5,16647
2026-05-15 03:40:00,7528.5,7531.25,7526.75,7527.5,18580
2026-05-15 03:50:00,7527.75,7529.0,7522.5,7526.0,96574
2026-05-15 04:00:00,7526.0,7530.0,7525.75,7527.5,28319
2026-05-15 04:10:00,7527.5,7529.0,7519.75,7522.5,12549
2026-05-15 04:20:00,7522.5,7524.5,7518.5,7519.75,3973
2026-05-15 04:30:00,7519.5,7521.75,7519.0,7520.0,2730
2026-05-15 04:40:00,7520.0,7524.0,7518.25,7522.25,3411
2026-05-15 04:50:00,7522.25,7523.0,7520.0,7523.0,2485
2026-05-15 06:00:00,7522.25,7527.0,7521.25,7524.0,822
2026-05-15 06:10:00,7524.0,7524.25,7520.75,7521.75,898
2026-05-15 06:20:00,7522.0,7524.0,7520.5,7524.0,643
2026-05-15 06:30:00,7523.75,7525.5,7523.5,7524.25,609
2026-05-15 06:40:00,7524.25,7525.75,7523.75,7524.5,604
2026-05-15 06:50:00,7524.5,7526.25,7523.75,7524.0,606
2026-05-15 07:00:00,7524.25,7526.0,7524.25,7524.75,435
2026-05-15 07:10:00,7525.0,7526.5,7525.0,7525.75,335
2026-05-15 07:20:00,7526.0,7527.0,7524.0,7526.75,526
2026-05-15 07:30:00,7526.75,7528.25,7526.75,7527.25,540
2026-05-15 07:40:00,7527.5,7527.75,7522.75,7523.5,1087
2026-05-15 07:50:00,7523.5,7523.75,7519.25,7521.0,1349
2026-05-15 08:00:00,7520.75,7522.75,7517.0,7522.25,2181
2026-05-15 08:10:00,7522.25,7526.5,7518.75,7525.75,2057
2026-05-15 08:20:00,7525.5,7526.5,7524.5,7525.5,940
2026-05-15 08:30:00,7525.75,7525.75,7518.5,7521.0,1304
2026-05-15 08:40:00,7521.0,7521.5,7512.75,7518.25,2837
2026-05-15 08:50:00,7518.25,7519.5,7514.75,7519.0,1272
2026-05-15 09:00:00,7518.75,7520.0,7514.0,7514.5,1456
2026-05-15 09:10:00,7514.25,7515.5,7511.0,7512.5,1912
2026-05-15 09:20:00,7512.5,7512.75,7503.5,7504.5,4724
2026-05-15 09:30:00,7504.5,7507.0,7498.0,7506.0,5658
2026-05-15 09:40:00,7506.0,7508.0,7497.75,7499.0,4501
2026-05-15 09:50:00,7499.0,7499.5,7494.25,7495.25,3838
2026-05-15 10:00:00,7495.25,7498.75,7493.75,7497.75,3838
2026-05-15 10:10:00,7497.75,7500.5,7496.5,7500.25,2625
2026-05-15 10:20:00,7500.25,7503.5,7499.25,7500.0,2155
2026-05-15 10:30:00,7500.0,7503.0,7497.25,7500.0,2124
2026-05-15 10:40:00,7500.0,7505.5,7499.75,7503.75,1409
2026-05-15 10:50:00,7504.0,7512.0,7503.75,7508.25,4422
2026-05-15 11:00:00,7508.0,7509.25,7505.25,7505.75,1837
2026-05-15 11:10:00,7505.75,7509.5,7505.75,7508.25,1249
2026-05-15 11:20:00,7508.0,7509.25,7506.75,7508.25,727
2026-05-15 11:30:00,7508.0,7508.75,7501.25,7506.25,2778
2026-05-15 11:40:00,7506.25,7509.5,7505.5,7506.5,1594
2026-05-15 11:50:00,7506.5,7507.0,7503.75,7506.0,994
2026-05-15 12:00:00,7502.25,7502.5,7502.0,7502.5,1156
2026-05-15 12:10:00,7502.25,7505.0,7499.5,7501.75,1541
2026-05-15 12:20:00,7502.0,7502.5,7499.75,7500.5,1216
2026-05-15 12:30:00,7500.0,7501.0,7496.75,7500.0,2280
2026-05-15 12:40:00,7500.0,7501.75,7494.25,7494.5,1852
2026-05-15 12:50:00,7494.25,7495.25,7492.25,7493.5,2588
2026-05-15 13:00:00,7493.75,7493.75,7486.5,7487.0,4535
2026-05-15 13:10:00,7487.25,7490.75,7486.0,7487.5,2745
2026-05-15 13:20:00,7487.5,7489.5,7486.0,7488.25,1602
2026-05-15 13:30:00,7488.75,7488.75,7479.0,7480.0,4761
2026-05-15 13:40:00,7480.0,7481.5,7471.75,7472.0,4864
2026-05-15 13:50:00,7472.25,7478.0,7466.0,7466.0,4613
2026-05-15 14:00:00,7466.25,7476.0,7463.25,7474.75,5640
2026-05-15 14:10:00,7475.0,7479.5,7472.25,7473.0,4333
2026-05-15 14:20:00,7473.0,7473.0,7463.0,7469.5,6555
2026-05-15 14:30:00,7469.75,7480.5,7468.25,7479.25,5355
2026-05-15 14:40:00,7479.25,7484.75,7479.0,7483.0,3325
2026-05-15 14:50:00,7482.75,7482.75,7478.25,7480.75,2741
2026-05-15 15:00:00,7480.5,7483.25,7478.75,7479.25,3954
2026-05-15 15:10:00,7479.25,7487.25,7479.0,7483.5,4408
2026-05-15 15:20:00,7483.5,7486.0,7481.5,7484.75,3176
2026-05-15 15:30:00,7484.75,7485.5,7476.5,7477.5,3801
2026-05-15 15:40:00,7477.5,7478.0,7472.0,7474.25,3715
2026-05-15 15:50:00,7474.25,7475.5,7472.25,7474.5,1993
2026-05-15 16:00:00,7474.75,7476.0,7460.5,7464.0,7686
2026-05-15 16:10:00,7464.0,7464.75,7449.75,7454.25,8875
2026-05-15 16:20:00,7454.25,7456.5,7440.75,7442.5,9669
2026-05-15 16:30:00,7442.5,7451.25,7435.75,7450.0,9423
2026-05-15 16:40:00,7450.0,7458.5,7450.0,7453.25,6293
2026-05-15 16:50:00,7453.5,7454.25,7448.0,7450.0,3126
2026-05-15 17:00:00,7450.0,7455.0,7446.75,7452.0,3546
2026-05-15 17:10:00,7452.0,7452.75,7443.0,7444.25,4456
2026-05-15 17:20:00,7444.25,7449.5,7439.75,7449.25,4636
2026-05-15 17:30:00,7449.25,7450.25,7443.75,7447.0,4186
2026-05-15 17:40:00,7447.0,7447.25,7438.5,7442.0,3585
2026-05-15 17:50:00,7442.0,7450.25,7436.25,7445.0,7596
2026-05-15 18:00:00,7445.5,7451.25,7441.5,7449.75,4738
2026-05-15 18:10:00,7449.75,7457.75,7449.5,7453.5,5631
2026-05-15 18:20:00,7453.5,7461.5,7451.5,7453.0,5106
2026-05-15 18:30:00,7453.0,7459.0,7451.25,7452.0,3941
2026-05-15 18:40:00,7451.75,7466.0,7449.25,7461.75,9526
2026-05-15 18:50:00,7461.75,7471.5,7460.5,7464.25,9041
2026-05-15 19:00:00,7464.25,7468.5,7457.25,7458.5,5408
2026-05-15 19:10:00,7458.25,7464.0,7456.5,7462.0,3310
2026-05-15 19:20:00,7462.25,7464.75,7456.75,7459.0,2922
2026-05-15 19:30:00,7459.25,7460.5,7451.75,7453.0,3454
2026-05-15 19:40:00,7453.25,7454.5,7449.25,7453.75,3752
2026-05-15 19:50:00,7454.0,7457.5,7446.0,7446.5,5253
2026-05-15 20:00:00,7446.5,7447.0,7438.25,7441.75,6821
2026-05-15 20:10:00,7442.0,7444.25,7431.0,7437.75,13590
2026-05-15 20:20:00,7437.5,7445.0,7436.25,7438.0,7269
2026-05-15 20:30:00,7438.25,7438.5,7429.75,7432.25,9840
2026-05-15 20:40:00,7432.0,7437.25,7431.0,7432.5,7012
2026-05-15 20:50:00,7432.5,7440.5,7432.0,7437.75,6679
2026-05-15 21:00:00,7438.0,7439.0,7432.5,7437.0,8339
2026-05-15 21:10:00,7437.25,7444.25,7435.25,7443.0,8545
2026-05-15 21:20:00,7443.0,7460.0,7443.0,7459.75,27783
2026-05-15 21:30:00,7459.5,7462.0,7431.5,7432.25,96904
2026-05-15 21:40:00,7432.25,7442.0,7420.25,7437.25,75950
2026-05-15 21:50:00,7437.25,7451.0,7429.0,7432.25,64631
2026-05-15 22:00:00,7432.5,7441.5,7430.25,7437.75,54572
2026-05-15 22:10:00,7437.75,7463.0,7436.75,7460.75,56870
2026-05-15 22:20:00,7461.0,7467.75,7448.75,7452.25,60430
2026-05-15 22:30:00,7452.5,7463.75,7451.75,7459.5,43513
2026-05-15 22:40:00,7459.5,7463.25,7449.25,7452.0,37142
2026-05-15 22:50:00,7452.0,7457.75,7444.25,7450.5,41387
2026-05-15 23:00:00,7450.5,7455.25,7442.0,7454.25,34380
2026-05-15 23:10:00,7454.25,7455.25,7446.0,7453.5,26349
2026-05-15 23:20:00,7453.5,7458.75,7448.5,7453.5,27615
2026-05-15 23:30:00,7453.25,7460.5,7450.75,7451.25,32323
2026-05-15 23:40:00,7451.25,7453.75,7438.25,7439.5,32291
2026-05-15 23:50:00,7439.5,7444.5,7431.75,7443.75,37800
2026-05-16 00:00:00,7443.75,7447.25,7437.25,7444.5,27998
2026-05-16 00:10:00,7444.25,7445.25,7438.0,7443.5,17671
2026-05-16 00:20:00,7443.5,7454.75,7442.75,7454.0,21769
2026-05-16 00:30:00,7454.0,7455.75,7450.75,7454.0,17647
2026-05-16 00:40:00,7454.0,7458.0,7451.25,7454.5,15100
2026-05-16 00:50:00,7454.5,7457.0,7443.0,7450.25,20599
2026-05-16 01:00:00,7450.5,7458.0,7447.5,7456.25,17302
2026-05-16 01:10:00,7456.25,7458.75,7453.5,7458.75,12837
2026-05-16 01:20:00,7458.5,7470.5,7457.75,7466.5,26167
2026-05-16 01:30:00,7466.5,7469.75,7464.25,7467.5,18304
2026-05-16 01:40:00,7467.25,7468.0,7461.5,7464.0,14155
2026-05-16 01:50:00,7464.25,7471.0,7464.0,7470.75,13158
2026-05-16 02:00:00,7470.75,7475.75,7470.25,7471.0,20231
2026-05-16 02:10:00,7471.0,7472.75,7456.75,7458.75,23911
2026-05-16 02:20:00,7458.5,7467.75,7456.0,7458.25,23201
2026-05-16 02:30:00,7458.25,7459.25,7445.25,7455.75,31664
2026-05-16 02:40:00,7455.5,7455.5,7449.75,7453.25,14302
2026-05-16 02:50:00,7453.0,7459.75,7451.5,7457.0,19519
2026-05-16 03:00:00,7457.0,7458.5,7446.75,7448.0,22634
2026-05-16 03:10:00,7448.0,7448.25,7441.0,7445.5,24089
2026-05-16 03:20:00,7445.5,7448.5,7442.25,7442.75,20715
2026-05-16 03:30:00,7442.5,7449.0,7442.0,7447.75,22270
2026-05-16 03:40:00,7448.0,7449.5,7439.25,7444.0,31529
2026-05-16 03:50:00,7444.0,7444.0,7427.0,7432.5,152199
2026-05-16 04:00:00,7432.25,7433.0,7413.0,7413.0,59375
2026-05-16 04:10:00,7413.0,7422.5,7409.25,7417.75,18810
2026-05-16 04:20:00,7417.5,7418.5,7412.0,7417.75,5720
2026-05-16 04:30:00,7417.5,7420.0,7417.0,7418.25,4258
2026-05-16 04:40:00,7418.5,7419.25,7415.5,7418.5,3177
2026-05-16 04:50:00,7418.5,7432.25,7415.25,7432.25,4980
2026-05-18 06:10:00,7432.25,7435.0,7426.75,7429.5,3135
2026-05-18 06:20:00,7429.5,7430.0,7422.5,7427.0,3299
2026-05-18 06:30:00,7427.0,7430.5,7423.25,7430.0,2445
2026-05-18 06:40:00,7429.75,7432.0,7428.25,7428.75,1499
2026-05-18 06:50:00,7428.75,7431.0,7424.25,7429.5,1681
2026-05-18 07:00:00,7429.25,7430.75,7420.0,7423.0,2473
2026-05-18 07:10:00,7423.25,7426.5,7418.25,7419.5,2133
2026-05-18 07:20:00,7419.5,7421.75,7411.75,7414.75,3539
2026-05-18 07:30:00,7414.5,7418.25,7410.5,7411.75,2501
2026-05-18 07:40:00,7411.75,7417.0,7397.75,7415.0,7086
2026-05-18 07:50:00,7415.25,7417.25,7407.5,7411.25,3114
2026-05-18 08:00:00,7411.0,7415.25,7391.0,7392.5,9173
2026-05-18 08:10:00,7392.25,7401.0,7381.5,7393.75,10187
2026-05-18 08:20:00,7393.75,7402.5,7393.5,7395.5,3424
2026-05-18 08:30:00,7395.5,7398.5,7388.5,7390.0,5088
2026-05-18 08:40:00,7390.25,7393.25,7385.0,7392.0,3685
2026-05-18 08:50:00,7391.75,7398.0,7387.25,7397.5,3408
2026-05-18 09:00:00,7397.25,7400.0,7386.0,7389.75,3173
2026-05-18 09:10:00,7390.0,7392.25,7380.0,7382.0,5386
2026-05-18 09:20:00,7382.0,7386.5,7378.0,7379.5,4489
2026-05-18 09:30:00,7379.25,7382.0,7375.0,7379.5,3471
2026-05-18 09:40:00,7379.5,7387.25,7378.0,7385.25,3686
2026-05-18 09:50:00,7385.5,7392.25,7385.25,7387.75,3061
2026-05-18 10:00:00,7387.5,7388.0,7383.0,7384.0,2555
2026-05-18 10:10:00,7384.0,7392.75,7383.0,7390.75,3039
2026-05-18 10:20:00,7390.75,7393.0,7387.5,7391.75,2173
2026-05-18 10:30:00,7391.75,7392.75,7386.75,7387.5,2381
2026-05-18 10:40:00,7387.5,7388.75,7382.0,7382.0,1366
2026-05-18 10:50:00,7382.0,7383.5,7378.75,7382.0,3754
2026-05-18 11:00:00,7382.0,7388.25,7382.0,7387.0,2340
2026-05-18 11:10:00,7386.75,7387.75,7381.5,7381.75,1357
2026-05-18 11:20:00,7381.5,7385.75,7381.0,7384.75,1489
2026-05-18 11:30:00,7385.0,7386.5,7378.0,7385.0,2384
2026-05-18 11:40:00,7385.0,7388.25,7384.25,7386.25,1171
2026-05-18 11:50:00,7386.5,7387.25,7383.25,7386.25,929
2026-05-18 12:00:00,7385.5,7388.0,7385.0,7388.0,1392
2026-05-18 12:10:00,7387.75,7393.25,7387.5,7390.5,3614
2026-05-18 12:20:00,7390.5,7390.5,7379.75,7381.0,1953
2026-05-18 12:30:00,7380.75,7383.25,7379.5,7380.75,1541
2026-05-18 12:40:00,7380.5,7389.0,7380.5,7385.75,1589
2026-05-18 12:50:00,7385.75,7385.75,7381.25,7384.75,1166
2026-05-18 13:00:00,7384.75,7392.25,7383.25,7391.75,1981
2026-05-18 13:10:00,7391.75,7392.5,7380.0,7381.5,1829
2026-05-18 13:20:00,7381.25,7387.75,7379.5,7387.25,1640
2026-05-18 13:30:00,7387.25,7392.5,7384.5,7392.25,2703
2026-05-18 13:40:00,7392.0,7392.5,7386.75,7391.5,1859
2026-05-18 13:50:00,7391.5,7392.0,7384.75,7385.0,1681
2026-05-18 14:00:00,7384.5,7388.25,7382.0,7385.75,2673
2026-05-18 14:10:00,7385.75,7389.75,7383.25,7383.25,1926
2026-05-18 14:20:00,7383.0,7386.25,7379.25,7379.75,2252
2026-05-18 14:30:00,7379.75,7385.75,7376.0,7382.0,4290
2026-05-18 14:40:00,7382.25,7393.75,7382.0,7390.0,3595
2026-05-18 14:50:00,7389.5,7395.25,7388.0,7395.25,2540
2026-05-18 15:00:00,7395.0,7401.25,7395.0,7397.0,4795
2026-05-18 15:10:00,7396.75,7396.75,7388.0,7390.25,3223
2026-05-18 15:20:00,7390.0,7403.75,7384.75,7402.75,8661
2026-05-18 15:30:00,7402.75,7407.75,7392.75,7392.75,7933
2026-05-18 15:40:00,7392.75,7396.75,7386.5,7393.0,4934
2026-05-18 15:50:00,7393.0,7398.25,7389.0,7396.5,3481
2026-05-18 16:00:00,7396.75,7406.75,7396.75,7404.5,4478
2026-05-18 16:10:00,7404.5,7405.75,7400.5,7402.75,2769
2026-05-18 16:20:00,7402.5,7414.25,7402.5,7413.75,6350
2026-05-18 16:30:00,7413.75,7416.25,7407.75,7409.5,4423
2026-05-18 16:40:00,7409.5,7411.5,7406.0,7410.75,2209
2026-05-18 16:50:00,7410.75,7416.75,7410.5,7416.25,3368
2026-05-18 17:00:00,7416.25,7417.75,7410.0,7410.5,3270
2026-05-18 17:10:00,7410.5,7411.25,7407.75,7408.5,1858
2026-05-18 17:20:00,7408.5,7412.25,7405.5,7408.5,2016
2026-05-18 17:30:00,7408.5,7410.25,7407.0,7409.0,1600
2026-05-18 17:40:00,7408.75,7412.5,7407.75,7410.75,3310
2026-05-18 17:50:00,7410.75,7412.5,7406.5,7410.5,4430
2026-05-18 18:00:00,7411.0,7411.5,7397.25,7397.5,5597
2026-05-18 18:10:00,7397.5,7403.75,7397.5,7402.75,2558
2026-05-18 18:20:00,7402.75,7404.5,7400.75,7402.5,1979
2026-05-18 18:30:00,7402.5,7403.5,7394.0,7396.0,4383
2026-05-18 18:40:00,7396.0,7405.0,7395.75,7404.75,2494
2026-05-18 18:50:00,7404.5,7404.75,7398.0,7399.0,1885
2026-05-18 19:00:00,7398.75,7400.75,7389.25,7390.5,4973
2026-05-18 19:10:00,7390.25,7402.5,7386.5,7402.25,8209
2026-05-18 19:20:00,7402.0,7403.0,7397.0,7397.5,2579
2026-05-18 19:30:00,7397.5,7421.75,7397.0,7420.5,16245
2026-05-18 19:40:00,7420.25,7433.0,7414.5,7417.5,16332
2026-05-18 19:50:00,7417.5,7417.75,7409.0,7414.0,5883
2026-05-18 20:00:00,7414.25,7422.5,7413.25,7420.75,4820
2026-05-18 20:10:00,7421.0,7423.0,7415.0,7416.0,5888
2026-05-18 20:20:00,7416.25,7422.5,7415.0,7420.5,4748
2026-05-18 20:30:00,7420.5,7433.75,7417.25,7431.0,11274
2026-05-18 20:40:00,7431.0,7453.0,7429.5,7449.5,22081
2026-05-18 20:50:00,7449.75,7453.25,7445.25,7450.0,12178
2026-05-18 21:00:00,7450.0,7452.5,7440.75,7443.5,19267
2026-05-18 21:10:00,7443.5,7445.75,7438.5,7442.5,10788
2026-05-18 21:20:00,7442.5,7444.25,7438.0,7438.25,11357
2026-05-18 21:30:00,7438.25,7440.75,7422.5,7427.0,67488
2026-05-18 21:40:00,7427.25,7433.0,7415.25,7428.5,71600
2026-05-18 21:50:00,7428.25,7454.25,7428.25,7445.75,58526
2026-05-18 22:00:00,7445.75,7445.75,7425.75,7443.75,62632
2026-05-18 22:10:00,7443.75,7447.5,7435.75,7445.75,45121
2026-05-18 22:20:00,7445.75,7448.0,7432.25,7435.25,39207
2026-05-18 22:30:00,7435.0,7438.5,7404.25,7419.5,66320
2026-05-18 22:40:00,7419.5,7427.5,7411.25,7415.25,45105
2026-05-18 22:50:00,7415.25,7428.0,7414.25,7423.0,36735
2026-05-18 23:00:00,7423.0,7430.5,7407.5,7408.0,54401
2026-05-18 23:10:00,7407.75,7415.0,7399.25,7403.25,35159
2026-05-18 23:20:00,7403.25,7409.0,7395.25,7396.25,35413
2026-05-18 23:30:00,7396.25,7413.0,7391.75,7408.0,36200
2026-05-18 23:40:00,7408.0,7414.0,7401.25,7404.75,23402
2026-05-18 23:50:00,7405.0,7411.75,7399.75,7403.0,21845
2026-05-19 00:00:00,7403.0,7405.0,7396.75,7402.25,24065
2026-05-19 00:10:00,7402.25,7413.5,7401.75,7412.0,23625
2026-05-19 00:20:00,7412.0,7419.0,7384.75,7388.25,51135
2026-05-19 00:30:00,7388.25,7401.0,7381.75,7397.0,35806
2026-05-19 00:40:00,7397.25,7397.75,7390.5,7394.5,19570
2026-05-19 00:50:00,7394.5,7413.5,7394.25,7404.75,37005
2026-05-19 01:00:00,7405.0,7413.25,7399.25,7410.0,26388
2026-05-19 01:10:00,7410.25,7414.75,7405.5,7412.25,16694
2026-05-19 01:20:00,7412.25,7413.75,7406.0,7413.5,13271
2026-05-19 01:30:00,7413.5,7414.0,7402.0,7404.25,18795
2026-05-19 01:40:00,7404.0,7411.25,7403.0,7406.25,16629
2026-05-19 01:50:00,7406.25,7413.0,7405.75,7410.0,12318
2026-05-19 02:00:00,7410.0,7411.25,7393.5,7395.5,23608
2026-05-19 02:10:00,7395.75,7397.75,7381.5,7384.5,26630
2026-05-19 02:20:00,7384.25,7387.0,7376.5,7387.0,31773
2026-05-19 02:30:00,7387.0,7391.75,7383.5,7383.5,22701
2026-05-19 02:40:00,7383.5,7387.25,7378.75,7379.0,20842
2026-05-19 02:50:00,7379.0,7381.25,7373.5,7376.5,29036
2026-05-19 03:00:00,7376.5,7420.5,7376.0,7403.0,89713
2026-05-19 03:10:00,7403.0,7407.25,7395.5,7397.25,35102
2026-05-19 03:20:00,7397.5,7402.0,7386.5,7395.0,25141
2026-05-19 03:30:00,7395.0,7410.75,7392.75,7410.25,26880
2026-05-19 03:40:00,7410.25,7425.25,7410.0,7423.5,40345
2026-05-19 03:50:00,7423.5,7428.0,7418.5,7426.5,98750
2026-05-19 04:00:00,7426.5,7428.25,7417.0,7420.25,28710
2026-05-19 04:10:00,7420.5,7423.5,7419.75,7420.25,6668
2026-05-19 04:20:00,7420.25,7423.0,7419.25,7421.75,2194
2026-05-19 04:30:00,7421.75,7424.25,7419.5,7421.0,2804
2026-05-19 04:40:00,7421.0,7425.25,7420.25,7423.75,3226
2026-05-19 04:50:00,7424.0,7424.0,7420.0,7420.25,2427
2026-05-19 06:00:00,7423.5,7432.25,7422.75,7428.5,990
2026-05-19 06:10:00,7428.25,7431.0,7426.5,7431.0,1110
2026-05-19 06:20:00,7430.75,7437.5,7430.5,7435.5,2360
2026-05-19 06:30:00,7435.5,7438.25,7434.5,7437.75,1316
2026-05-19 06:40:00,7437.5,7438.5,7432.25,7433.25,1149
2026-05-19 06:50:00,7433.5,7434.5,7430.75,7434.25,955
2026-05-19 07:00:00,7434.25,7438.75,7434.0,7438.75,2054
2026-05-19 07:10:00,7438.5,7438.75,7433.0,7434.25,826
2026-05-19 07:20:00,7434.25,7436.5,7433.25,7435.0,334
2026-05-19 07:30:00,7435.0,7435.5,7432.25,7433.75,506
2026-05-19 07:40:00,7433.75,7435.25,7431.25,7432.25,683
2026-05-19 07:50:00,7432.25,7432.5,7426.5,7429.25,1559
2026-05-19 08:00:00,7429.25,7432.0,7423.25,7430.25,3451
2026-05-19 08:10:00,7430.5,7434.25,7425.25,7431.25,2784
2026-05-19 08:20:00,7431.5,7440.75,7430.0,7435.75,3092
2026-05-19 08:30:00,7436.0,7438.0,7428.75,7429.0,1907
2026-05-19 08:40:00,7428.75,7432.75,7427.25,7432.25,1332
2026-05-19 08:50:00,7432.25,7433.0,7423.25,7424.0,1778
2026-05-19 09:00:00,7423.75,7425.25,7418.5,7424.5,2627
2026-05-19 09:10:00,7424.5,7426.5,7418.0,7418.5,1739
2026-05-19 09:20:00,7418.5,7418.75,7411.5,7416.5,2734
2026-05-19 09:30:00,7416.75,7423.5,7413.0,7422.25,2666
2026-05-19 09:40:00,7422.25,7425.75,7420.25,7422.25,1818
2026-05-19 09:50:00,7422.5,7423.75,7416.5,7416.75,1407
2026-05-19 10:00:00,7416.5,7416.5,7403.5,7404.0,4459
2026-05-19 10:10:00,7403.75,7409.25,7402.75,7408.5,2903
2026-05-19 10:20:00,7408.25,7414.0,7408.0,7411.5,1828
2026-05-19 10:30:00,7411.25,7414.5,7409.75,7411.25,1747
2026-05-19 10:40:00,7411.25,7416.5,7409.75,7413.75,1260
2026-05-19 10:50:00,7413.75,7414.5,7409.5,7410.5,1427
2026-05-19 11:00:00,7410.75,7412.75,7406.25,7412.5,1288
2026-05-19 11:10:00,7412.5,7416.75,7412.25,7416.0,1074
2026-05-19 11:20:00,7416.25,7418.75,7413.5,7418.0,843
2026-05-19 11:30:00,7417.75,7422.25,7417.75,7420.0,1423
2026-05-19 11:40:00,7419.75,7420.5,7413.75,7415.25,1305
2026-05-19 11:50:00,7415.25,7416.0,7411.5,7412.25,913
2026-05-19 12:00:00,7405.5,7406.25,7405.0,7406.25,2271
2026-05-19 12:10:00,7406.25,7408.75,7400.75,7402.0,1444
2026-05-19 12:20:00,7402.25,7405.25,7397.25,7401.0,2437
2026-05-19 12:30:00,7401.0,7409.0,7400.5,7404.5,1984
2026-05-19 12:40:00,7404.5,7407.25,7401.5,7401.5,1228
2026-05-19 12:50:00,7401.5,7407.0,7400.25,7404.75,1168
2026-05-19 13:00:00,7405.25,7407.5,7400.5,7405.5,1694
2026-05-19 13:10:00,7405.5,7406.5,7400.75,7402.0,1026
2026-05-19 13:20:00,7402.5,7405.5,7391.5,7403.75,3044
2026-05-19 13:30:00,7403.75,7405.5,7397.75,7404.0,1623
2026-05-19 13:40:00,7403.75,7406.5,7399.25,7402.25,1343
2026-05-19 13:50:00,7402.25,7403.5,7398.75,7402.0,1267
2026-05-19 14:00:00,7402.0,7402.75,7396.5,7400.5,2534
2026-05-19 14:10:00,7400.75,7409.5,7399.0,7409.5,2872
2026-05-19 14:20:00,7409.5,7412.0,7407.75,7409.75,1980
2026-05-19 14:30:00,7409.5,7414.25,7407.5,7413.25,1911
2026-05-19 14:40:00,7413.5,7416.5,7411.0,7412.75,2557
2026-05-19 14:50:00,7412.5,7414.5,7412.0,7413.5,1966
2026-05-19 15:00:00,7413.75,7426.25,7411.0,7424.25,5082
2026-05-19 15:10:00,7424.0,7426.0,7417.25,7420.25,3050
2026-05-19 15:20:00,7420.25,7421.75,7418.75,7420.0,2296
2026-05-19 15:30:00,7420.0,7423.0,7416.25,7422.5,2250
2026-05-19 15:40:00,7422.75,7433.0,7422.0,7428.75,4145
2026-05-19 15:50:00,7428.5,7431.5,7427.75,7429.75,2411
2026-05-19 16:00:00,7429.5,7431.25,7420.25,7421.75,3580
2026-05-19 16:10:00,7421.5,7421.75,7414.5,7418.5,3451
2026-05-19 16:20:00,7418.5,7419.5,7406.5,7410.5,4870
2026-05-19 16:30:00,7410.75,7414.0,7409.5,7413.5,2769
2026-05-19 16:40:00,7413.5,7416.75,7413.0,7416.25,1461
2026-05-19 16:50:00,7416.25,7417.75,7412.75,7413.25,1647
2026-05-19 17:00:00,7412.75,7413.0,7408.0,7410.0,2375
2026-05-19 17:10:00,7410.25,7410.75,7398.75,7401.0,3805
2026-05-19 17:20:00,7401.25,7404.0,7394.5,7396.25,4615
2026-05-19 17:30:00,7396.25,7398.75,7387.25,7390.0,5779
2026-05-19 17:40:00,7389.75,7390.0,7384.0,7389.25,3302
2026-05-19 17:50:00,7389.5,7400.75,7389.5,7398.0,3210
2026-05-19 18:00:00,7398.0,7399.75,7395.5,7396.0,2156
2026-05-19 18:10:00,7396.0,7398.0,7392.75,7396.75,1747
2026-05-19 18:20:00,7397.0,7398.5,7394.25,7396.0,1945
2026-05-19 18:30:00,7396.25,7401.25,7388.25,7393.25,6858
2026-05-19 18:40:00,7393.5,7396.5,7384.25,7393.0,6973
2026-05-19 18:50:00,7392.75,7401.25,7392.25,7399.75,5269
2026-05-19 19:00:00,7399.5,7405.25,7399.0,7403.75,3086
2026-05-19 19:10:00,7403.75,7404.0,7396.0,7401.0,3680
2026-05-19 19:20:00,7401.25,7401.25,7395.0,7397.5,2662
2026-05-19 19:30:00,7398.0,7403.25,7398.0,7399.0,2577
2026-05-19 19:40:00,7399.25,7400.5,7392.5,7395.5,3552
2026-05-19 19:50:00,7395.5,7397.5,7388.5,7389.0,4076
2026-05-19 20:00:00,7389.0,7394.5,7385.75,7392.75,4791
2026-05-19 20:10:00,7392.75,7397.25,7388.0,7393.25,3586
2026-05-19 20:20:00,7393.25,7396.25,7390.75,7394.75,2664
2026-05-19 20:30:00,7394.75,7402.75,7393.25,7400.5,3987
2026-05-19 20:40:00,7400.75,7404.75,7399.0,7404.0,4959
2026-05-19 20:50:00,7403.75,7404.5,7400.75,7401.25,2587
2026-05-19 21:00:00,7401.25,7403.5,7386.25,7390.25,10171
2026-05-19 21:10:00,7390.25,7394.75,7386.5,7386.5,9161
2026-05-19 21:20:00,7386.5,7388.25,7380.0,7386.75,18865
2026-05-19 21:30:00,7386.75,7396.0,7377.5,7393.25,78925
2026-05-19 21:40:00,7393.0,7394.0,7370.0,7384.75,82174
2026-05-19 21:50:00,7384.75,7402.0,7381.0,7392.0,57320
2026-05-19 22:00:00,7392.5,7393.0,7367.25,7372.25,72676
2026-05-19 22:10:00,7372.25,7378.0,7362.5,7364.25,60967
2026-05-19 22:20:00,7364.5,7370.0,7356.25,7363.25,62857
2026-05-19 22:30:00,7363.25,7372.5,7359.25,7368.75,44293
2026-05-19 22:40:00,7369.0,7374.0,7354.25,7358.25,41263
2026-05-19 22:50:00,7358.25,7371.0,7354.75,7370.75,37549
2026-05-19 23:00:00,7370.75,7375.0,7365.5,7371.75,36837
2026-05-19 23:10:00,7371.5,7378.75,7368.75,7369.0,33523
2026-05-19 23:20:00,7369.0,7371.25,7355.75,7361.25,37824
2026-05-19 23:30:00,7361.25,7374.75,7359.25,7373.0,34304
2026-05-19 23:40:00,7373.0,7378.5,7370.5,7378.0,26394
2026-05-19 23:50:00,7377.75,7378.5,7364.5,7368.75,23578
2026-05-20 00:00:00,7368.75,7379.0,7364.75,7365.25,26004
2026-05-20 00:10:00,7365.0,7376.5,7361.75,7376.0,22725
2026-05-20 00:20:00,7375.75,7386.5,7372.5,7384.0,27935
2026-05-20 00:30:00,7384.0,7390.5,7382.25,7389.5,30489
2026-05-20 00:40:00,7389.5,7395.5,7389.25,7394.0,25395
2026-05-20 00:50:00,7394.0,7402.0,7392.25,7400.25,27444
2026-05-20 01:00:00,7400.25,7406.25,7398.25,7405.25,22689
2026-05-20 01:10:00,7405.25,7412.75,7404.5,7412.0,21991
2026-05-20 01:20:00,7411.75,7415.25,7406.25,7409.0,27930
2026-05-20 01:30:00,7409.0,7414.75,7406.0,7411.25,21086
2026-05-20 01:40:00,7411.25,7413.5,7402.0,7406.25,23237
2026-05-20 01:50:00,7406.5,7407.0,7399.25,7406.75,20908
2026-05-20 02:00:00,7406.75,7410.5,7404.75,7410.0,18229
2026-05-20 02:10:00,7410.0,7411.75,7404.5,7407.0,15837
2026-05-20 02:20:00,7406.75,7407.25,7396.75,7397.5,29876
2026-05-20 02:30:00,7397.5,7402.25,7394.25,7395.75,23053
2026-05-20 02:40:00,7395.5,7397.75,7392.0,7395.5,18311
2026-05-20 02:50:00,7395.5,7395.75,7380.0,7383.0,27268
2026-05-20 03:00:00,7382.75,7393.25,7382.0,7391.0,24872
2026-05-20 03:10:00,7391.25,7400.5,7390.75,7392.0,20394
2026-05-20 03:20:00,7392.0,7393.5,7377.5,7386.5,26648
2026-05-20 03:30:00,7386.5,7389.25,7378.5,7380.75,19464
2026-05-20 03:40:00,7380.75,7381.0,7375.0,7377.25,24944
2026-05-20 03:50:00,7377.0,7379.5,7365.0,7377.5,146843
2026-05-20 04:00:00,7377.75,7378.25,7369.5,7375.25,33872
2026-05-20 04:10:00,7375.25,7377.25,7372.75,7374.0,6140
2026-05-20 04:20:00,7373.75,7376.0,7372.0,7373.25,3838
2026-05-20 04:30:00,7373.5,7373.75,7371.25,7371.5,2497
2026-05-20 04:40:00,7371.25,7373.0,7370.75,7372.0,2708
2026-05-20 04:50:00,7372.0,7373.75,7370.75,7372.5,2431
2026-05-20 06:00:00,7377.0,7380.75,7373.0,7379.75,753
2026-05-20 06:10:00,7380.0,7380.25,7372.75,7373.0,1281
2026-05-20 06:20:00,7373.0,7375.75,7367.75,7369.25,1496
2026-05-20 06:30:00,7369.5,7374.75,7368.5,7371.25,1635
2026-05-20 06:40:00,7371.25,7372.5,7367.75,7372.25,1157
2026-05-20 06:50:00,7372.5,7376.0,7370.5,7375.0,1020
2026-05-20 07:00:00,7375.0,7377.75,7374.0,7377.5,716
2026-05-20 07:10:00,7377.5,7384.75,7377.5,7383.5,1637
2026-05-20 07:20:00,7383.5,7385.0,7381.75,7383.75,769
2026-05-20 07:30:00,7383.75,7393.75,7383.75,7387.5,2869
2026-05-20 07:40:00,7387.0,7389.25,7384.75,7385.5,1000
2026-05-20 07:50:00,7385.25,7386.5,7381.25,7382.0,1183
2026-05-20 08:00:00,7381.5,7381.5,7367.0,7371.25,4297
2026-05-20 08:10:00,7371.0,7372.25,7356.0,7360.25,6064
2026-05-20 08:20:00,7360.0,7371.0,7358.0,7370.75,3657
2026-05-20 08:30:00,7371.0,7379.5,7370.75,7372.5,4065
2026-05-20 08:40:00,7372.25,7379.25,7369.0,7376.5,3065
2026-05-20 08:50:00,7376.5,7381.25,7373.5,7375.5,1978
2026-05-20 09:00:00,7375.5,7376.75,7367.5,7375.75,2748
2026-05-20 09:10:00,7375.75,7380.5,7375.25,7379.0,2119
2026-05-20 09:20:00,7379.25,7382.0,7367.25,7368.75,2167
2026-05-20 09:30:00,7369.0,7371.0,7359.5,7367.5,3469
2026-05-20 09:40:00,7367.75,7374.75,7361.75,7374.5,1986
2026-05-20 09:50:00,7374.25,7386.0,7373.75,7381.5,4110
2026-05-20 10:00:00,7381.75,7383.75,7379.25,7379.5,1892
2026-05-20 10:10:00,7379.25,7384.25,7379.0,7381.75,1381
2026-05-20 10:20:00,7382.0,7387.0,7376.75,7377.0,1795
2026-05-20 10:30:00,7376.5,7376.75,7364.0,7366.5,3738
2026-05-20 10:40:00,7366.5,7369.0,7362.0,7363.5,2035
2026-05-20 10:50:00,7363.5,7367.75,7361.25,7364.75,1669
2026-05-20 11:00:00,7365.0,7365.0,7358.5,7360.75,2456
2026-05-20 11:10:00,7360.75,7362.25,7356.0,7362.25,2391
2026-05-20 11:20:00,7362.25,7365.0,7358.0,7363.75,1916
2026-05-20 11:30:00,7363.75,7368.25,7359.75,7368.0,1644
2026-05-20 11:40:00,7368.0,7368.75,7363.25,7364.75,1134
2026-05-20 11:50:00,7364.75,7367.0,7363.5,7365.5,646
2026-05-20 12:00:00,7370.25,7371.5,7370.0,7371.25,1572
2026-05-20 12:10:00,7371.0,7374.75,7367.25,7369.5,1502
2026-05-20 12:20:00,7369.75,7372.25,7368.5,7371.25,499
2026-05-20 12:30:00,7371.25,7371.75,7364.5,7365.5,996
2026-05-20 12:40:00,7365.75,7367.25,7364.5,7365.25,588
2026-05-20 12:50:00,7365.5,7367.0,7362.25,7364.0,764
2026-05-20 13:00:00,7364.0,7374.25,7364.0,7370.0,1327
2026-05-20 13:10:00,7370.25,7371.75,7365.5,7369.5,829
2026-05-20 13:20:00,7369.5,7374.5,7368.75,7370.5,1466
2026-05-20 13:30:00,7370.75,7380.5,7370.75,7380.5,1926
2026-05-20 13:40:00,7380.75,7381.25,7370.0,7371.0,1374
2026-05-20 13:50:00,7371.0,7377.25,7369.25,7376.5,1194
2026-05-20 14:00:00,7376.25,7380.75,7375.75,7377.75,1964
2026-05-20 14:10:00,7377.75,7389.0,7377.25,7387.75,2551
2026-05-20 14:20:00,7387.75,7389.5,7385.75,7387.75,2556
2026-05-20 14:30:00,7388.0,7388.5,7383.5,7384.5,1757
2026-05-20 14:40:00,7384.75,7384.75,7382.25,7384.0,925
2026-05-20 14:50:00,7384.0,7389.5,7384.0,7389.25,1943
2026-05-20 15:00:00,7389.25,7390.75,7386.5,7389.5,3585
2026-05-20 15:10:00,7389.75,7390.0,7386.75,7388.75,1884
2026-05-20 15:20:00,7388.75,7392.5,7388.25,7391.5,3018
2026-05-20 15:30:00,7391.5,7391.5,7385.25,7388.25,2403
2026-05-20 15:40:00,7388.25,7391.5,7387.25,7387.75,1832
2026-05-20 15:50:00,7387.75,7389.0,7384.5,7385.0,2432
2026-05-20 16:00:00,7385.25,7393.75,7384.5,7389.25,4492
2026-05-20 16:10:00,7389.25,7393.0,7386.5,7392.5,2452
2026-05-20 16:20:00,7392.25,7396.5,7388.25,7396.5,2790
2026-05-20 16:30:00,7396.5,7402.0,7395.0,7400.5,3770
2026-05-20 16:40:00,7400.25,7403.75,7398.25,7402.0,2566
2026-05-20 16:50:00,7402.0,7402.5,7397.5,7397.75,2132
2026-05-20 17:00:00,7397.75,7399.0,7395.75,7395.75,2062
2026-05-20 17:10:00,7396.0,7398.5,7392.25,7395.75,2105
2026-05-20 17:20:00,7396.25,7397.0,7393.25,7397.0,1377
2026-05-20 17:30:00,7396.75,7398.75,7396.5,7397.5,1355
2026-05-20 17:40:00,7397.75,7399.5,7396.75,7399.0,1675
2026-05-20 17:50:00,7399.25,7406.0,7397.5,7402.0,3422
2026-05-20 18:00:00,7402.0,7408.0,7401.5,7405.5,2662
2026-05-20 18:10:00,7405.5,7406.25,7403.25,7403.75,1488
2026-05-20 18:20:00,7403.75,7407.5,7403.25,7405.25,1723
2026-05-20 18:30:00,7405.5,7412.0,7405.0,7407.0,3896
2026-05-20 18:40:00,7406.75,7407.5,7403.5,7403.75,2078
2026-05-20 18:50:00,7403.75,7404.75,7399.5,7400.75,2987
2026-05-20 19:00:00,7400.5,7404.25,7399.0,7401.75,3155
2026-05-20 19:10:00,7401.75,7404.0,7399.0,7401.25,1758
2026-05-20 19:20:00,7401.0,7405.5,7401.0,7405.25,2315
2026-05-20 19:30:00,7405.25,7407.75,7402.75,7403.5,2849
2026-05-20 19:40:00,7403.75,7405.25,7396.5,7398.5,5446
2026-05-20 19:50:00,7398.5,7401.5,7395.0,7399.0,2955
2026-05-20 20:00:00,7399.0,7406.25,7397.5,7403.75,2800
2026-05-20 20:10:00,7403.75,7407.0,7402.5,7405.0,2224
2026-05-20 20:20:00,7405.0,7414.5,7402.25,7412.5,7567
2026-05-20 20:30:00,7412.75,7416.25,7409.25,7410.0,6307
2026-05-20 20:40:00,7410.25,7410.75,7407.25,7408.25,3038
2026-05-20 20:50:00,7408.25,7409.0,7402.25,7402.5,4943
2026-05-20 21:00:00,7402.5,7404.0,7401.0,7402.25,4367
2026-05-20 21:10:00,7402.25,7402.75,7398.5,7399.25,4209
2026-05-20 21:20:00,7399.0,7403.5,7393.5,7394.75,12847
2026-05-20 21:30:00,7394.75,7399.0,7380.75,7387.0,71483
2026-05-20 21:40:00,7387.0,7410.5,7384.5,7398.5,56285
2026-05-20 21:50:00,7398.5,7404.75,7391.25,7399.5,40759
2026-05-20 22:00:00,7399.75,7401.0,7384.0,7385.5,36531
2026-05-20 22:10:00,7385.75,7423.75,7376.75,7411.5,92854
2026-05-20 22:20:00,7411.75,7420.25,7403.25,7417.75,60093
2026-05-20 22:30:00,7417.5,7428.75,7412.75,7418.0,58934
2026-05-20 22:40:00,7417.75,7423.5,7414.5,7418.75,31039
2026-05-20 22:50:00,7419.0,7433.75,7417.25,7430.75,39542
2026-05-20 23:00:00,7430.75,7434.0,7424.5,7427.5,30313
2026-05-20 23:10:00,7427.5,7458.0,7425.0,7442.5,81813
2026-05-20 23:20:00,7442.5,7446.25,7430.25,7431.0,45383
2026-05-20 23:30:00,7431.5,7440.5,7431.25,7438.0,29550
2026-05-20 23:40:00,7438.0,7446.5,7435.5,7446.5,20771
2026-05-20 23:50:00,7446.5,7448.5,7438.0,7441.25,28578
2026-05-21 00:00:00,7441.5,7444.25,7437.5,7440.5,15911
2026-05-21 00:10:00,7440.5,7442.0,7434.0,7435.75,16834
2026-05-21 00:20:00,7435.75,7436.5,7424.0,7428.0,35549
2026-05-21 00:30:00,7428.25,7432.5,7423.75,7427.25,22679
2026-05-21 00:40:00,7427.25,7439.0,7426.5,7430.0,27547
2026-05-21 00:50:00,7430.0,7434.75,7425.5,7432.5,18064
2026-05-21 01:00:00,7432.75,7436.0,7427.25,7428.75,15754
2026-05-21 01:10:00,7429.0,7440.0,7426.25,7436.0,25169
2026-05-21 01:20:00,7436.0,7442.5,7433.75,7440.25,18010
2026-05-21 01:30:00,7440.5,7446.0,7436.75,7443.0,21893
2026-05-21 01:40:00,7442.75,7443.5,7438.0,7440.25,11066
2026-05-21 01:50:00,7440.25,7441.0,7434.75,7437.25,11558
2026-05-21 02:00:00,7437.5,7443.75,7432.0,7439.25,15972
2026-05-21 02:10:00,7439.25,7441.75,7437.0,7439.5,10943
2026-05-21 02:20:00,7439.5,7440.75,7435.0,7439.75,14068
2026-05-21 02:30:00,7439.5,7447.25,7439.5,7446.0,14072
2026-05-21 02:40:00,7446.25,7446.5,7435.25,7439.5,18938
2026-05-21 02:50:00,7439.5,7441.75,7437.25,7440.25,11043
2026-05-21 03:00:00,7440.5,7446.0,7439.5,7440.75,16526
2026-05-21 03:10:00,7440.75,7446.5,7439.0,7445.5,11608
2026-05-21 03:20:00,7445.5,7448.5,7444.5,7447.0,12426
2026-05-21 03:30:00,7447.0,7455.0,7444.25,7452.75,20295
2026-05-21 03:40:00,7452.75,7453.5,7448.75,7449.75,18295
2026-05-21 03:50:00,7449.75,7453.75,7444.5,7451.75,85989
2026-05-21 04:00:00,7451.75,7452.0,7445.0,7448.75,28184
2026-05-21 04:10:00,7448.75,7450.5,7440.5,7447.5,8397
2026-05-21 04:20:00,7447.0,7453.75,7428.5,7452.25,16427
2026-05-21 04:30:00,7452.5,7453.75,7436.25,7439.0,6740
2026-05-21 04:40:00,7438.75,7442.0,7436.5,7438.25,3483
2026-05-21 04:50:00,7438.0,7451.75,7431.25,7451.75,4143
2026-05-21 06:00:00,7432.75,7432.75,7408.75,7411.0,3112
2026-05-21 06:10:00,7411.5,7418.25,7407.5,7411.25,3325
2026-05-21 06:20:00,7411.0,7417.0,7408.0,7416.25,2601
2026-05-21 06:30:00,7416.0,7418.5,7415.0,7417.5,1823
2026-05-21 06:40:00,7417.75,7419.0,7415.0,7418.5,957
2026-05-21 06:50:00,7418.25,7419.0,7415.0,7419.0,1114
2026-05-21 07:00:00,7419.0,7423.0,7418.75,7421.75,1216
2026-05-21 07:10:00,7421.5,7425.75,7418.5,7421.25,1473
2026-05-21 07:20:00,7421.25,7421.5,7415.5,7417.75,1074
2026-05-21 07:30:00,7418.0,7420.25,7417.0,7419.0,804
2026-05-21 07:40:00,7419.25,7422.25,7417.25,7421.25,812
2026-05-21 07:50:00,7421.0,7422.0,7418.5,7420.75,830
2026-05-21 08:00:00,7420.5,7421.5,7415.0,7420.25,2218
2026-05-21 08:10:00,7420.5,7423.0,7415.0,7417.5,2206
2026-05-21 08:20:00,7418.0,7418.75,7414.5,7418.75,1906
2026-05-21 08:30:00,7419.0,7422.5,7416.25,7420.75,1438
2026-05-21 08:40:00,7420.75,7423.0,7420.0,7422.25,1111
2026-05-21 08:50:00,7422.25,7424.75,7421.5,7422.5,1735
2026-05-21 09:00:00,7422.75,7429.75,7422.75,7429.5,2644
2026-05-21 09:10:00,7429.5,7434.25,7428.0,7430.5,3018
2026-05-21 09:20:00,7430.5,7432.25,7428.75,7430.5,1095
2026-05-21 09:30:00,7430.5,7435.0,7429.0,7432.75,2518
2026-05-21 09:40:00,7432.75,7437.5,7432.75,7435.25,1981
2026-05-21 09:50:00,7435.0,7436.0,7430.5,7435.0,1808
2026-05-21 10:00:00,7435.25,7438.75,7435.25,7438.0,1258
2026-05-21 10:10:00,7438.0,7444.5,7437.0,7442.0,2035
2026-05-21 10:20:00,7441.75,7442.75,7440.5,7441.5,1288
2026-05-21 10:30:00,7441.5,7441.75,7438.5,7440.5,1461
2026-05-21 10:40:00,7440.5,7440.75,7436.25,7437.5,1520
2026-05-21 10:50:00,7437.25,7440.5,7437.25,7438.75,1307
2026-05-21 11:00:00,7438.75,7441.75,7438.25,7441.75,1068
2026-05-21 11:10:00,7441.75,7443.0,7440.0,7442.5,949
2026-05-21 11:20:00,7442.5,7445.25,7442.25,7444.25,1179
2026-05-21 11:30:00,7444.0,7445.5,7443.25,7444.5,1007
2026-05-21 11:40:00,7444.75,7448.0,7444.75,7445.5,1256
2026-05-21 11:50:00,7445.5,7446.0,7443.25,7444.0,956
2026-05-21 12:00:00,7446.5,7447.0,7446.25,7446.25,1057
2026-05-21 12:10:00,7446.25,7449.25,7446.25,7447.75,655
2026-05-21 12:20:00,7447.75,7451.75,7447.0,7450.75,1142
2026-05-21 12:30:00,7450.75,7451.5,7447.5,7449.25,833
2026-05-21 12:40:00,7449.0,7451.25,7449.0,7450.25,531
2026-05-21 12:50:00,7450.25,7454.0,7450.25,7453.0,1245
2026-05-21 13:00:00,7453.25,7457.5,7452.5,7452.75,1902
2026-05-21 13:10:00,7453.0,7454.75,7452.0,7454.25,940
2026-05-21 13:20:00,7454.5,7456.0,7450.0,7450.5,1363
2026-05-21 13:30:00,7451.0,7451.0,7447.5,7449.5,1598
2026-05-21 13:40:00,7449.75,7449.75,7434.0,7441.5,4059
2026-05-21 13:50:00,7441.25,7447.25,7440.5,7445.75,1509
2026-05-21 14:00:00,7445.75,7451.25,7444.25,7448.25,1939
2026-05-21 14:10:00,7448.25,7449.0,7442.0,7443.0,1668
2026-05-21 14:20:00,7443.0,7451.25,7442.25,7447.5,4038
2026-05-21 14:30:00,7447.5,7449.0,7444.25,7444.75,1329
2026-05-21 14:40:00,7444.5,7444.75,7434.75,7435.25,2717
2026-05-21 14:50:00,7435.25,7438.0,7433.0,7438.0,2498
2026-05-21 15:00:00,7438.0,7439.5,7432.75,7435.5,3585
2026-05-21 15:10:00,7435.0,7435.5,7426.5,7428.25,3933
2026-05-21 15:20:00,7428.5,7433.0,7427.75,7430.5,2749
2026-05-21 15:30:00,7430.25,7434.5,7430.0,7433.75,1705
2026-05-21 15:40:00,7433.75,7438.0,7432.25,7438.0,2662
2026-05-21 15:50:00,7438.0,7441.5,7437.5,7440.25,2767
2026-05-21 16:00:00,7440.25,7452.75,7439.5,7451.5,4925
2026-05-21 16:10:00,7451.5,7469.75,7450.0,7455.0,9793
2026-05-21 16:20:00,7455.0,7460.75,7451.5,7459.5,4646
2026-05-21 16:30:00,7459.5,7459.75,7451.0,7453.0,2702
2026-05-21 16:40:00,7453.25,7456.25,7450.25,7453.5,3172
2026-05-21 16:50:00,7453.25,7456.0,7449.75,7452.5,2563
2026-05-21 17:00:00,7452.25,7458.25,7451.25,7456.25,3286
2026-05-21 17:10:00,7456.75,7459.5,7454.75,7457.75,1747
2026-05-21 17:20:00,7457.75,7463.75,7457.75,7462.0,2340
2026-05-21 17:30:00,7462.0,7463.75,7458.25,7458.25,2722
2026-05-21 17:40:00,7458.25,7459.5,7452.75,7455.75,1904
2026-05-21 17:50:00,7455.75,7457.25,7454.5,7454.75,904
2026-05-21 18:00:00,7454.75,7457.0,7451.0,7452.75,1617
2026-05-21 18:10:00,7453.0,7459.0,7452.25,7456.25,1596
2026-05-21 18:20:00,7456.25,7457.25,7427.5,7433.0,12821
2026-05-21 18:30:00,7433.5,7434.25,7420.25,7420.75,11032
2026-05-21 18:40:00,7420.5,7426.25,7417.75,7422.5,8540
2026-05-21 18:50:00,7422.5,7426.25,7415.0,7423.5,7896
2026-05-21 19:00:00,7423.25,7428.5,7418.75,7424.75,7106
2026-05-21 19:10:00,7424.75,7433.0,7423.75,7432.5,3723
2026-05-21 19:20:00,7432.5,7438.0,7429.25,7433.25,5857
2026-05-21 19:30:00,7433.25,7435.5,7427.75,7431.0,3257
2026-05-21 19:40:00,7431.25,7434.0,7428.5,7433.25,1938
2026-05-21 19:50:00,7433.0,7435.25,7429.0,7429.75,2585
2026-05-21 20:00:00,7430.25,7432.75,7426.25,7429.0,2952
2026-05-21 20:10:00,7429.0,7430.0,7424.0,7429.75,2548
2026-05-21 20:20:00,7430.0,7430.0,7422.0,7425.5,3972
2026-05-21 20:30:00,7425.75,7436.5,7423.0,7431.25,11290
2026-05-21 20:40:00,7431.25,7432.0,7422.5,7424.5,8866
2026-05-21 20:50:00,7424.25,7426.5,7417.75,7419.25,8521
2026-05-21 21:00:00,7419.25,7428.25,7417.5,7422.25,10925
2026-05-21 21:10:00,7422.25,7422.75,7419.25,7422.0,6197
2026-05-21 21:20:00,7422.0,7423.75,7418.75,7423.75,7700
2026-05-21 21:30:00,7423.75,7424.5,7412.0,7413.75,68130
2026-05-21 21:40:00,7414.0,7420.75,7410.5,7412.5,42631
2026-05-21 21:50:00,7412.5,7439.5,7412.0,7435.5,73781
2026-05-21 22:00:00,7435.25,7443.75,7433.75,7441.5,40672
2026-05-21 22:10:00,7441.5,7442.25,7419.5,7419.75,53343
2026-05-21 22:20:00,7419.5,7423.75,7411.5,7422.25,49354
2026-05-21 22:30:00,7422.25,7430.25,7418.5,7426.5,32436
2026-05-21 22:40:00,7426.5,7427.75,7413.5,7418.5,30681
2026-05-21 22:50:00,7418.75,7430.0,7414.25,7426.75,28393
2026-05-21 23:00:00,7426.75,7428.75,7410.0,7414.0,38925
2026-05-21 23:10:00,7414.0,7430.75,7408.5,7427.0,51425
2026-05-21 23:20:00,7426.75,7431.0,7424.0,7425.25,31723
2026-05-21 23:30:00,7425.0,7427.25,7415.0,7426.75,31251
2026-05-21 23:40:00,7427.0,7434.5,7424.5,7434.25,23896
2026-05-21 23:50:00,7434.25,7435.75,7429.25,7430.0,18201
2026-05-22 00:00:00,7430.25,7437.0,7430.0,7436.75,21207
2026-05-22 00:10:00,7436.75,7436.75,7427.5,7429.0,22227
2026-05-22 00:20:00,7428.75,7430.75,7420.75,7425.25,18941
2026-05-22 00:30:00,7425.25,7429.0,7420.75,7424.5,15468
2026-05-22 00:40:00,7424.5,7429.0,7419.75,7422.0,14030
2026-05-22 00:50:00,7422.0,7426.5,7418.0,7426.25,15442
2026-05-22 01:00:00,7426.25,7430.5,7426.25,7427.75,12232
2026-05-22 01:10:00,7427.5,7462.0,7427.25,7454.75,85450
2026-05-22 01:20:00,7454.75,7468.0,7447.75,7459.0,49675
2026-05-22 01:30:00,7459.0,7466.25,7457.0,7465.5,25306
2026-05-22 01:40:00,7465.25,7476.25,7465.25,7475.75,32382
2026-05-22 01:50:00,7475.75,7486.75,7473.5,7474.5,39167
2026-05-22 02:00:00,7474.5,7478.75,7464.75,7472.0,41200
2026-05-22 02:10:00,7472.0,7472.75,7463.0,7469.5,28233
2026-05-22 02:20:00,7469.25,7473.75,7467.75,7471.0,18340
2026-05-22 02:30:00,7470.75,7473.0,7466.5,7468.25,15928
2026-05-22 02:40:00,7468.5,7474.5,7458.5,7461.25,30507
2026-05-22 02:50:00,7461.0,7467.25,7438.0,7447.75,61490
2026-05-22 03:00:00,7447.5,7462.25,7447.25,7461.75,30466
2026-05-22 03:10:00,7461.75,7466.0,7457.75,7465.25,19357
2026-05-22 03:20:00,7465.25,7466.5,7461.25,7464.5,17327
2026-05-22 03:30:00,7464.25,7466.5,7460.75,7464.75,14294
2026-05-22 03:40:00,7464.75,7467.75,7458.5,7463.75,20600
2026-05-22 03:50:00,7464.0,7469.75,7456.75,7465.0,106121
2026-05-22 04:00:00,7465.25,7470.25,7463.25,7468.0,23597
2026-05-22 04:10:00,7468.25,7468.75,7465.0,7465.5,5562
2026-05-22 04:20:00,7465.75,7467.25,7464.0,7465.25,2963
2026-05-22 04:30:00,7465.25,7467.75,7465.0,7467.0,1344
2026-05-22 04:40:00,7467.0,7468.75,7466.75,7468.0,1434
2026-05-22 04:50:00,7468.0,7468.75,7466.5,7467.0,3213
2026-05-22 06:00:00,7467.0,7476.25,7466.75,7474.75,701
2026-05-22 06:10:00,7474.75,7476.75,7472.5,7474.0,1166
2026-05-22 06:20:00,7474.0,7474.25,7471.0,7473.5,823
2026-05-22 06:30:00,7473.5,7474.25,7470.75,7470.75,1442
2026-05-22 06:40:00,7470.75,7476.25,7470.25,7475.0,1528
2026-05-22 06:50:00,7475.0,7479.0,7474.75,7478.0,977
2026-05-22 07:00:00,7478.0,7479.0,7477.0,7477.5,595
2026-05-22 07:10:00,7477.25,7479.0,7476.75,7476.75,690
2026-05-22 07:20:00,7477.0,7478.75,7476.75,7477.5,389
2026-05-22 07:30:00,7477.75,7478.25,7476.25,7477.25,525
2026-05-22 07:40:00,7477.25,7480.25,7477.0,7480.0,797
2026-05-22 07:50:00,7480.0,7484.0,7478.5,7479.5,1797
2026-05-22 08:00:00,7479.75,7484.25,7476.5,7482.25,2675
2026-05-22 08:10:00,7482.25,7484.75,7480.5,7484.25,2050
2026-05-22 08:20:00,7484.0,7488.0,7481.75,7484.5,2866
2026-05-22 08:30:00,7484.75,7488.5,7484.5,7485.25,1733
2026-05-22 08:40:00,7485.25,7486.75,7484.25,7485.25,1415
2026-05-22 08:50:00,7485.25,7487.0,7484.25,7484.25,846
2026-05-22 09:00:00,7484.25,7484.75,7480.25,7481.5,2057
2026-05-22 09:10:00,7481.5,7485.25,7481.0,7483.75,1564
2026-05-22 09:20:00,7483.5,7484.5,7480.0,7481.25,1499
2026-05-22 09:30:00,7481.25,7481.75,7476.5,7477.25,2023
2026-05-22 09:40:00,7477.5,7482.25,7474.25,7482.0,2317
2026-05-22 09:50:00,7482.25,7484.0,7479.5,7480.75,1812
2026-05-22 10:00:00,7480.5,7483.0,7479.5,7480.75,1192
2026-05-22 10:10:00,7480.5,7483.75,7479.0,7482.25,1176
2026-05-22 10:20:00,7482.25,7483.0,7478.25,7479.5,1066
2026-05-22 10:30:00,7479.25,7482.0,7478.75,7481.25,769
2026-05-22 10:40:00,7481.0,7484.5,7481.0,7483.0,755
2026-05-22 10:50:00,7483.0,7485.0,7481.25,7483.5,1022
2026-05-22 11:00:00,7483.25,7484.25,7480.0,7480.5,979
2026-05-22 11:10:00,7480.0,7482.5,7480.0,7481.0,778
2026-05-22 11:20:00,7481.0,7483.5,7480.75,7483.25,433
2026-05-22 11:30:00,7483.25,7486.5,7483.25,7485.75,787
2026-05-22 11:40:00,7485.75,7487.25,7485.75,7487.0,821
2026-05-22 11:50:00,7487.0,7488.75,7486.5,7488.25,744
2026-05-22 12:00:00,7492.25,7492.5,7491.5,7491.5,1960
2026-05-22 12:10:00,7491.75,7492.25,7490.25,7491.25,1009
2026-05-22 12:20:00,7491.25,7493.0,7490.75,7492.75,871
2026-05-22 12:30:00,7492.5,7492.5,7489.0,7490.5,761
2026-05-22 12:40:00,7490.5,7491.5,7489.25,7491.0,446
2026-05-22 12:50:00,7491.0,7493.75,7491.0,7493.25,695
2026-05-22 13:00:00,7493.25,7494.5,7492.75,7494.5,1188
2026-05-22 13:10:00,7494.5,7494.75,7492.25,7493.25,736
2026-05-22 13:20:00,7493.0,7493.75,7490.5,7492.5,925
2026-05-22 13:30:00,7492.5,7493.25,7489.5,7490.25,1183
2026-05-22 13:40:00,7490.5,7493.25,7490.25,7492.25,1045
2026-05-22 13:50:00,7492.0,7493.0,7484.25,7485.5,2695
2026-05-22 14:00:00,7485.25,7488.5,7483.25,7487.0,2559
2026-05-22 14:10:00,7486.75,7492.0,7486.5,7489.5,1946
2026-05-22 14:20:00,7489.5,7490.25,7486.5,7489.75,1828
2026-05-22 14:30:00,7490.0,7494.75,7487.5,7494.0,2745
2026-05-22 14:40:00,7494.0,7494.5,7490.25,7492.0,2454
2026-05-22 14:50:00,7491.75,7492.0,7488.25,7489.0,1374
2026-05-22 15:00:00,7489.0,7489.25,7481.5,7484.25,3604
2026-05-22 15:10:00,7484.25,7487.0,7481.75,7486.75,2181
2026-05-22 15:20:00,7486.75,7489.75,7486.0,7489.0,2154
2026-05-22 15:30:00,7489.25,7489.25,7481.5,7482.5,3168
2026-05-22 15:40:00,7482.75,7488.0,7482.0,7487.75,1669
2026-05-22 15:50:00,7487.75,7489.0,7485.75,7488.75,1466
2026-05-22 16:00:00,7488.75,7492.5,7488.0,7488.5,3377
2026-05-22 16:10:00,7488.5,7497.75,7488.0,7495.5,4342
2026-05-22 16:20:00,7495.5,7500.5,7492.25,7494.25,4226
2026-05-22 16:30:00,7494.25,7494.75,7483.75,7490.0,8260
2026-05-22 16:40:00,7490.25,7491.75,7488.0,7490.0,2347
2026-05-22 16:50:00,7490.0,7492.75,7484.75,7485.25,2515
2026-05-22 17:00:00,7485.25,7485.25,7475.75,7478.75,4995
2026-05-22 17:10:00,7478.5,7480.0,7475.5,7478.75,2961
2026-05-22 17:20:00,7479.0,7480.25,7475.0,7476.5,3260
2026-05-22 17:30:00,7476.5,7481.75,7473.0,7481.0,3526
2026-05-22 17:40:00,7481.25,7483.0,7479.5,7482.75,2138
2026-05-22 17:50:00,7482.75,7485.5,7482.25,7483.25,1884
2026-05-22 18:00:00,7483.5,7483.5,7478.25,7480.75,2311
2026-05-22 18:10:00,7481.0,7481.5,7475.25,7475.5,2477
2026-05-22 18:20:00,7475.5,7479.75,7472.0,7472.75,2411
2026-05-22 18:30:00,7473.0,7474.5,7470.5,7471.75,2879
2026-05-22 18:40:00,7471.5,7474.25,7469.5,7474.25,2241
2026-05-22 18:50:00,7474.25,7475.75,7473.25,7474.5,1929
2026-05-22 19:00:00,7474.5,7478.75,7474.5,7477.0,2131
2026-05-22 19:10:00,7476.75,7477.0,7472.75,7473.5,1826
2026-05-22 19:20:00,7473.75,7476.25,7472.5,7474.5,1424
2026-05-22 19:30:00,7474.5,7478.5,7472.25,7478.5,1597
2026-05-22 19:40:00,7478.25,7486.75,7476.5,7482.5,4984
2026-05-22 19:50:00,7482.75,7484.0,7479.75,7480.75,2565
2026-05-22 20:00:00,7480.75,7482.5,7478.75,7479.25,2015
2026-05-22 20:10:00,7479.25,7499.5,7478.0,7494.75,18636
2026-05-22 20:20:00,7494.75,7496.5,7487.5,7491.0,6619
2026-05-22 20:30:00,7491.0,7495.25,7490.25,7494.75,5451
2026-05-22 20:40:00,7494.75,7499.25,7492.0,7498.0,5609
2026-05-22 20:50:00,7498.0,7503.5,7495.75,7502.75,6966
2026-05-22 21:00:00,7503.0,7507.0,7495.75,7505.25,9252
2026-05-22 21:10:00,7505.5,7507.75,7498.0,7500.75,14237
2026-05-22 21:20:00,7500.5,7500.75,7494.75,7496.75,9449
2026-05-22 21:30:00,7496.75,7514.25,7491.0,7512.75,56105
2026-05-22 21:40:00,7512.75,7516.25,7504.0,7508.25,52468
2026-05-22 21:50:00,7508.5,7510.0,7500.5,7509.75,31088
2026-05-22 22:00:00,7510.0,7510.0,7486.0,7495.5,47151
2026-05-22 22:10:00,7495.5,7497.75,7488.0,7488.75,27884
2026-05-22 22:20:00,7488.75,7491.5,7478.75,7491.25,35002
2026-05-22 22:30:00,7491.25,7497.5,7488.5,7494.75,27118
2026-05-22 22:40:00,7494.75,7499.75,7492.0,7496.0,21609
2026-05-22 22:50:00,7495.75,7501.75,7493.25,7499.5,19012
2026-05-22 23:00:00,7499.5,7506.0,7498.75,7505.0,18821
2026-05-22 23:10:00,7505.0,7509.25,7501.5,7508.75,16181
2026-05-22 23:20:00,7509.0,7513.75,7505.25,7513.5,20296
2026-05-22 23:30:00,7513.5,7515.25,7509.25,7511.25,21799
2026-05-22 23:40:00,7511.25,7513.0,7507.75,7508.5,13815
2026-05-22 23:50:00,7508.5,7512.0,7508.25,7510.75,14294
2026-05-23 00:00:00,7510.75,7512.25,7506.75,7507.75,16178
2026-05-23 00:10:00,7508.0,7510.25,7503.5,7503.75,16056
2026-05-23 00:20:00,7503.5,7508.25,7502.75,7508.25,12916
2026-05-23 00:30:00,7508.25,7511.0,7502.75,7504.5,13891
2026-05-23 00:40:00,7504.5,7510.0,7503.5,7506.0,10955
2026-05-23 00:50:00,7506.25,7509.5,7505.0,7507.25,10261
2026-05-23 01:00:00,7507.25,7513.5,7507.0,7512.0,11584
2026-05-23 01:10:00,7511.75,7513.0,7501.75,7502.5,14805
2026-05-23 01:20:00,7502.75,7522.5,7501.5,7522.25,45363
2026-05-23 01:30:00,7522.0,7524.0,7512.25,7517.25,31957
2026-05-23 01:40:00,7517.5,7518.0,7511.25,7511.5,13453
2026-05-23 01:50:00,7511.5,7512.5,7505.25,7508.25,16669
2026-05-23 02:00:00,7508.25,7511.5,7502.5,7507.75,18665
2026-05-23 02:10:00,7507.5,7509.25,7503.75,7507.5,11847
2026-05-23 02:20:00,7507.75,7510.25,7506.0,7507.0,9591
2026-05-23 02:30:00,7507.25,7508.75,7502.25,7506.0,16321
2026-05-23 02:40:00,7505.75,7509.0,7503.5,7505.0,12476
2026-05-23 02:50:00,7504.75,7508.75,7504.25,7505.5,8775
2026-05-23 03:00:00,7505.5,7506.75,7495.5,7498.75,25906
2026-05-23 03:10:00,7498.75,7500.5,7494.5,7497.75,14715
2026-05-23 03:20:00,7497.75,7498.0,7489.0,7489.75,16414
2026-05-23 03:30:00,7490.0,7495.5,7486.5,7492.75,21585
2026-05-23 03:40:00,7492.75,7494.0,7483.75,7489.0,19645
2026-05-23 03:50:00,7489.0,7497.0,7484.5,7490.5,73637
2026-05-23 04:00:00,7490.5,7493.0,7487.25,7492.75,23926
2026-05-23 04:10:00,7492.75,7495.0,7491.0,7492.75,5839
2026-05-23 04:20:00,7492.75,7492.75,7490.75,7491.5,1877
2026-05-23 04:30:00,7491.5,7493.25,7485.0,7488.0,8753
2026-05-23 04:40:00,7488.0,7488.25,7483.0,7484.25,5421
2026-05-23 04:50:00,7484.5,7491.0,7482.25,7491.0,2741
2026-05-26 12:00:00,7540.25,7541.0,7538.0,7540.25,659
2026-05-26 12:10:00,7540.25,7542.5,7540.0,7541.5,829
2026-05-26 12:20:00,7541.5,7542.0,7540.0,7540.0,603
2026-05-26 12:30:00,7540.0,7542.25,7539.25,7540.0,803
2026-05-26 12:40:00,7540.0,7540.5,7537.25,7538.5,902
2026-05-26 12:50:00,7538.5,7539.75,7538.25,7538.5,621
2026-05-26 13:00:00,7538.5,7539.75,7535.5,7539.0,1116
2026-05-26 13:10:00,7539.0,7540.25,7538.25,7539.25,600
2026-05-26 13:20:00,7539.25,7540.25,7539.0,7539.75,849
2026-05-26 13:30:00,7539.75,7541.25,7539.0,7539.5,949
2026-05-26 13:40:00,7539.25,7539.25,7536.25,7537.0,1128
2026-05-26 13:50:00,7537.0,7537.5,7536.0,7537.25,920
2026-05-26 14:00:00,7537.5,7540.25,7536.25,7539.75,1978
2026-05-26 14:10:00,7539.5,7541.5,7539.0,7541.25,1260
2026-05-26 14:20:00,7541.25,7544.0,7536.0,7538.75,4012
2026-05-26 14:30:00,7538.75,7544.5,7537.75,7544.25,1930
2026-05-26 14:40:00,7544.25,7544.25,7539.75,7540.25,1304
2026-05-26 14:50:00,7540.25,7541.0,7538.75,7539.5,918
2026-05-26 15:00:00,7539.75,7541.25,7531.25,7531.25,5423
2026-05-26 15:10:00,7531.25,7534.0,7528.75,7531.25,4399
2026-05-26 15:20:00,7531.5,7533.5,7529.25,7531.0,2492
2026-05-26 15:30:00,7531.0,7531.0,7525.25,7529.75,3485
2026-05-26 15:40:00,7529.75,7535.0,7529.5,7534.25,1993
2026-05-26 15:50:00,7534.0,7534.75,7528.5,7531.25,1860
2026-05-26 16:00:00,7531.25,7533.25,7528.0,7530.0,2189
2026-05-26 16:10:00,7530.0,7532.25,7529.25,7531.75,1657
2026-05-26 16:20:00,7531.75,7532.5,7529.75,7531.0,1211
2026-05-26 16:30:00,7531.0,7532.0,7528.5,7531.5,1847
2026-05-26 16:40:00,7531.5,7532.25,7530.0,7530.25,1743
2026-05-26 16:50:00,7530.25,7533.5,7529.5,7532.75,2086
2026-05-26 17:00:00,7532.75,7534.25,7530.75,7531.25,1853
2026-05-26 17:10:00,7531.0,7535.0,7530.0,7533.5,2484
2026-05-26 17:20:00,7533.75,7537.5,7530.75,7537.25,4031
2026-05-26 17:30:00,7537.25,7539.0,7536.75,7537.25,2689
2026-05-26 17:40:00,7537.25,7538.25,7536.0,7537.5,1294
2026-05-26 17:50:00,7537.5,7538.5,7536.5,7537.5,1116
2026-05-26 18:00:00,7537.75,7539.5,7536.25,7539.25,1716
2026-05-26 18:10:00,7539.25,7543.5,7539.25,7543.0,2789
2026-05-26 18:20:00,7543.25,7547.25,7541.75,7546.25,3548
2026-05-26 18:30:00,7546.25,7551.25,7546.0,7547.0,4836
2026-05-26 18:40:00,7547.0,7548.25,7542.5,7544.0,2753
2026-05-26 18:50:00,7544.25,7545.0,7542.25,7542.25,2299
2026-05-26 19:00:00,7542.5,7544.5,7541.25,7542.75,2616
2026-05-26 19:10:00,7543.0,7543.25,7539.75,7541.25,2403
2026-05-26 19:20:00,7541.25,7544.0,7541.25,7541.25,2194
2026-05-26 19:30:00,7541.25,7543.25,7532.25,7538.25,7238
2026-05-26 19:40:00,7538.0,7541.5,7537.75,7539.75,2701
2026-05-26 19:50:00,7539.75,7542.0,7539.25,7540.0,1838
2026-05-26 20:00:00,7540.0,7542.0,7536.0,7540.25,6372
2026-05-26 20:10:00,7540.25,7542.5,7539.0,7542.5,2387
2026-05-26 20:20:00,7542.25,7547.75,7541.5,7545.0,3063
2026-05-26 20:30:00,7545.25,7545.75,7543.25,7544.5,2841
2026-05-26 20:40:00,7544.75,7548.5,7543.75,7544.25,4677
2026-05-26 20:50:00,7544.25,7545.5,7542.75,7544.0,2744
2026-05-26 21:00:00,7543.75,7544.75,7540.25,7540.75,3727
2026-05-26 21:10:00,7540.75,7543.5,7540.5,7543.0,3787
2026-05-26 21:20:00,7542.75,7544.0,7534.0,7534.25,7814
2026-05-26 21:30:00,7534.0,7538.25,7525.0,7531.25,60542
2026-05-26 21:40:00,7531.25,7545.0,7530.25,7543.5,40535
2026-05-26 21:50:00,7543.5,7544.0,7529.5,7541.5,46697
2026-05-26 22:00:00,7541.5,7548.25,7539.0,7547.0,30821
2026-05-26 22:10:00,7547.0,7550.25,7544.5,7549.75,25334
2026-05-26 22:20:00,7549.75,7552.75,7546.75,7549.75,26930
2026-05-26 22:30:00,7549.5,7555.25,7547.25,7551.25,28812
2026-05-26 22:40:00,7551.25,7555.25,7551.0,7551.0,19665
2026-05-26 22:50:00,7551.0,7554.25,7545.75,7547.75,21806
2026-05-26 23:00:00,7548.0,7548.75,7537.25,7542.75,35661
2026-05-26 23:10:00,7542.5,7543.5,7534.0,7537.5,28989
2026-05-26 23:20:00,7537.5,7538.25,7530.75,7532.0,26932
2026-05-26 23:30:00,7532.0,7533.75,7525.25,7532.0,27988
2026-05-26 23:40:00,7532.0,7532.5,7523.0,7524.5,27702
2026-05-26 23:50:00,7524.25,7525.75,7517.0,7523.25,32815
2026-05-27 00:00:00,7523.0,7527.75,7521.5,7522.25,19707
2026-05-27 00:10:00,7522.25,7527.25,7519.75,7526.5,15201
2026-05-27 00:20:00,7526.75,7531.25,7525.0,7530.75,14137
2026-05-27 00:30:00,7531.0,7534.0,7530.25,7530.5,17591
2026-05-27 00:40:00,7530.5,7530.75,7522.0,7522.0,17195
2026-05-27 00:50:00,7522.25,7526.25,7522.0,7523.5,12608
2026-05-27 01:00:00,7523.5,7528.0,7522.5,7524.75,12895
2026-05-27 01:10:00,7524.75,7527.5,7520.75,7521.25,10775
2026-05-27 01:20:00,7521.25,7523.75,7518.5,7519.75,13887
2026-05-27 01:30:00,7519.75,7525.0,7518.25,7522.0,12019
2026-05-27 01:40:00,7522.0,7526.25,7519.5,7525.75,9314
2026-05-27 01:50:00,7525.75,7526.75,7521.25,7524.0,10309
2026-05-27 02:00:00,7523.75,7527.75,7521.5,7527.5,10307
2026-05-27 02:10:00,7527.5,7533.0,7527.5,7533.0,14059
2026-05-27 02:20:00,7533.25,7533.75,7529.5,7530.0,12191
2026-05-27 02:30:00,7530.0,7533.75,7529.75,7530.5,10888
2026-05-27 02:40:00,7530.75,7530.75,7526.25,7526.75,12452
2026-05-27 02:50:00,7526.75,7529.5,7523.75,7524.75,12862
2026-05-27 03:00:00,7524.5,7528.0,7522.0,7527.75,15431
2026-05-27 03:10:00,7527.5,7528.5,7525.0,7527.75,11837
2026-05-27 03:20:00,7527.75,7529.25,7526.75,7528.75,12869
2026-05-27 03:30:00,7528.5,7536.25,7528.5,7536.0,17409
2026-05-27 03:40:00,7535.75,7541.0,7535.25,7539.25,23762
2026-05-27 03:50:00,7539.25,7542.5,7534.25,7539.25,85440
2026-05-27 04:00:00,7539.25,7540.75,7536.25,7537.25,28802
2026-05-27 04:10:00,7537.0,7538.75,7535.5,7537.5,6891
2026-05-27 04:20:00,7537.25,7538.5,7535.0,7535.25,2973
2026-05-27 04:30:00,7535.25,7537.5,7535.0,7537.25,1628
2026-05-27 04:40:00,7537.0,7537.5,7532.75,7533.0,1820
2026-05-27 04:50:00,7533.0,7533.75,7531.0,7532.75,5008
2026-05-27 06:00:00,7533.0,7538.0,7530.25,7531.25,1128
2026-05-27 06:10:00,7531.25,7534.75,7529.25,7534.25,1204
2026-05-27 06:20:00,7534.25,7534.25,7532.0,7532.75,753
2026-05-27 06:30:00,7533.0,7534.75,7532.75,7534.75,571
2026-05-27 06:40:00,7534.75,7536.25,7531.5,7532.25,974
2026-05-27 06:50:00,7532.25,7534.5,7531.5,7533.25,665
2026-05-27 07:00:00,7533.5,7535.5,7533.5,7535.0,663
2026-05-27 07:10:00,7535.25,7536.0,7533.5,7534.75,574
2026-05-27 07:20:00,7534.75,7539.25,7534.75,7539.0,1338
2026-05-27 07:30:00,7538.75,7540.0,7536.5,7538.25,1087
2026-05-27 07:40:00,7538.25,7544.75,7537.75,7543.0,1774
2026-05-27 07:50:00,7543.0,7544.25,7541.75,7543.5,883
2026-05-27 08:00:00,7543.5,7545.25,7542.0,7544.5,2302
2026-05-27 08:10:00,7544.5,7544.5,7539.5,7540.5,1411
2026-05-27 08:20:00,7540.5,7543.0,7537.75,7542.25,1605
2026-05-27 08:30:00,7542.25,7546.25,7541.25,7541.5,2297
2026-05-27 08:40:00,7541.5,7547.25,7541.5,7545.25,1560
2026-05-27 08:50:00,7545.25,7546.0,7543.0,7545.75,1125
2026-05-27 09:00:00,7545.75,7548.0,7544.0,7546.5,1848
2026-05-27 09:10:00,7546.75,7548.75,7546.25,7546.75,1783
2026-05-27 09:20:00,7547.0,7548.25,7546.0,7547.0,934
2026-05-27 09:30:00,7547.0,7547.5,7545.5,7546.0,1497
2026-05-27 09:40:00,7546.0,7547.25,7543.5,7545.0,1162
2026-05-27 09:50:00,7545.0,7545.5,7541.5,7542.25,1238
2026-05-27 10:00:00,7542.5,7545.0,7542.25,7544.25,961
2026-05-27 10:10:00,7544.5,7546.0,7543.0,7545.0,921
2026-05-27 10:20:00,7545.0,7546.5,7544.5,7545.5,738
2026-05-27 10:30:00,7545.5,7546.75,7544.75,7544.75,878
2026-05-27 10:40:00,7544.75,7546.5,7544.25,7546.25,738
2026-05-27 10:50:00,7546.0,7547.0,7544.0,7544.25,758
2026-05-27 11:00:00,7544.25,7546.75,7543.75,7545.75,899
2026-05-27 11:10:00,7545.5,7545.5,7543.25,7543.5,658
2026-05-27 11:20:00,7543.25,7543.75,7541.75,7543.0,535
2026-05-27 11:30:00,7543.0,7543.5,7540.0,7541.25,841
2026-05-27 11:40:00,7541.25,7542.5,7539.75,7540.0,652
2026-05-27 11:50:00,7540.0,7541.0,7538.5,7539.25,700
2026-05-27 12:00:00,7541.5,7541.75,7541.25,7541.75,874
2026-05-27 12:10:00,7541.25,7542.5,7537.5,7537.75,819
2026-05-27 12:20:00,7537.5,7540.0,7535.5,7536.25,1062
2026-05-27 12:30:00,7536.0,7539.75,7535.5,7539.75,941
2026-05-27 12:40:00,7539.5,7542.25,7539.5,7542.0,535
2026-05-27 12:50:00,7542.0,7543.0,7541.5,7541.5,632
2026-05-27 13:00:00,7541.25,7543.5,7540.25,7542.75,736
2026-05-27 13:10:00,7542.75,7542.75,7539.0,7539.25,719
2026-05-27 13:20:00,7539.5,7542.5,7538.75,7542.25,955
2026-05-27 13:30:00,7542.5,7543.25,7537.75,7541.0,862
2026-05-27 13:40:00,7541.25,7543.0,7540.5,7541.5,411
2026-05-27 13:50:00,7541.25,7545.0,7541.25,7543.75,1347
2026-05-27 14:00:00,7543.75,7545.5,7542.5,7544.5,1226
2026-05-27 14:10:00,7544.75,7545.25,7542.0,7544.0,836
2026-05-27 14:20:00,7544.0,7544.25,7540.25,7541.5,1023
2026-05-27 14:30:00,7541.5,7542.0,7537.0,7539.25,2341
2026-05-27 14:40:00,7539.0,7541.25,7538.75,7540.0,925
2026-05-27 14:50:00,7540.0,7541.25,7538.75,7540.0,851
2026-05-27 15:00:00,7540.25,7545.25,7540.0,7544.75,2322
2026-05-27 15:10:00,7544.75,7546.25,7543.75,7546.25,1263
2026-05-27 15:20:00,7546.0,7547.5,7545.25,7546.25,1186
2026-05-27 15:30:00,7546.5,7548.25,7545.25,7546.0,1569
2026-05-27 15:40:00,7546.0,7547.75,7544.75,7545.0,1143
2026-05-27 15:50:00,7545.0,7548.5,7544.75,7548.0,1395
2026-05-27 16:00:00,7547.75,7552.0,7547.0,7550.25,3274
2026-05-27 16:10:00,7550.25,7554.0,7550.0,7553.75,2304
2026-05-27 16:20:00,7554.0,7558.5,7553.0,7557.0,3416
2026-05-27 16:30:00,7557.25,7558.25,7555.0,7557.75,1686
2026-05-27 16:40:00,7557.5,7559.25,7556.75,7557.75,1910
2026-05-27 16:50:00,7557.75,7559.75,7557.25,7557.75,1593
2026-05-27 17:00:00,7557.5,7558.5,7555.75,7556.25,1644
2026-05-27 17:10:00,7556.25,7558.5,7556.0,7557.5,1358
2026-05-27 17:20:00,7557.5,7559.0,7556.75,7557.25,1194
2026-05-27 17:30:00,7557.25,7561.25,7556.0,7560.0,2108
2026-05-27 17:40:00,7560.0,7560.25,7557.0,7558.0,1203
2026-05-27 17:50:00,7558.0,7561.0,7558.0,7560.0,1592
2026-05-27 18:00:00,7560.25,7565.0,7560.0,7564.25,3375
2026-05-27 18:10:00,7564.25,7565.0,7562.5,7562.5,1890
2026-05-27 18:20:00,7562.5,7562.75,7561.0,7561.5,1279
2026-05-27 18:30:00,7561.5,7561.75,7559.5,7560.0,1732
2026-05-27 18:40:00,7560.0,7561.5,7559.25,7561.0,1809
2026-05-27 18:50:00,7560.75,7563.0,7560.5,7561.75,1475
2026-05-27 19:00:00,7562.0,7566.5,7561.75,7562.5,3595
2026-05-27 19:10:00,7562.5,7563.75,7560.0,7561.75,3373
2026-05-27 19:20:00,7561.75,7565.25,7559.75,7560.0,3694
2026-05-27 19:30:00,7560.0,7560.5,7558.0,7558.75,2716
2026-05-27 19:40:00,7558.75,7558.75,7554.0,7554.25,2701
2026-05-27 19:50:00,7554.25,7555.0,7550.5,7551.0,3206
2026-05-27 20:00:00,7551.25,7551.25,7547.25,7549.5,5201
2026-05-27 20:10:00,7549.5,7559.25,7545.25,7558.0,10780
2026-05-27 20:20:00,7557.75,7570.75,7554.0,7566.75,21885
2026-05-27 20:30:00,7567.0,7568.75,7559.5,7561.0,10898
2026-05-27 20:40:00,7561.25,7561.5,7553.0,7553.5,6888
2026-05-27 20:50:00,7553.75,7556.0,7551.5,7552.75,5766
2026-05-27 21:00:00,7552.75,7553.5,7546.25,7548.0,8748
2026-05-27 21:10:00,7548.0,7549.0,7544.0,7545.25,8344
2026-05-27 21:20:00,7545.25,7547.5,7541.75,7542.0,9781
2026-05-27 21:30:00,7541.75,7546.25,7535.75,7538.75,62687
2026-05-27 21:40:00,7538.5,7538.75,7525.5,7529.0,57737
2026-05-27 21:50:00,7529.0,7538.25,7528.25,7538.0,44080
2026-05-27 22:00:00,7538.0,7546.25,7534.5,7539.25,45962
2026-05-27 22:10:00,7539.25,7546.75,7535.5,7545.75,27433
2026-05-27 22:20:00,7545.75,7547.0,7528.75,7533.75,47838
2026-05-27 22:30:00,7533.75,7543.0,7525.75,7542.75,49387
2026-05-27 22:40:00,7542.75,7543.5,7532.75,7532.75,26704
2026-05-27 22:50:00,7533.0,7537.25,7528.0,7530.0,23970
2026-05-27 23:00:00,7530.0,7534.75,7527.0,7533.25,25741
2026-05-27 23:10:00,7533.0,7534.75,7524.25,7524.75,19209
2026-05-27 23:20:00,7524.5,7528.75,7522.0,7528.5,23750
2026-05-27 23:30:00,7528.75,7535.0,7524.0,7524.25,30007
2026-05-27 23:40:00,7524.25,7527.75,7516.5,7520.0,36058
2026-05-27 23:50:00,7520.0,7526.0,7518.5,7524.25,22167
2026-05-28 00:00:00,7524.25,7528.0,7519.0,7528.0,21688
2026-05-28 00:10:00,7528.0,7531.5,7526.5,7527.0,16275
2026-05-28 00:20:00,7527.0,7531.0,7526.75,7529.5,12343
2026-05-28 00:30:00,7529.75,7534.75,7527.75,7533.75,11849
2026-05-28 00:40:00,7534.0,7538.25,7534.0,7538.0,15242
2026-05-28 00:50:00,7538.25,7539.75,7529.25,7531.0,16465
2026-05-28 01:00:00,7531.0,7532.0,7515.0,7516.25,24223
2026-05-28 01:10:00,7516.0,7527.0,7515.75,7526.0,23047
2026-05-28 01:20:00,7526.0,7528.25,7524.25,7524.75,11573
2026-05-28 01:30:00,7524.75,7532.5,7524.5,7529.75,13343
2026-05-28 01:40:00,7530.0,7530.5,7525.0,7527.75,12328
2026-05-28 01:50:00,7528.0,7533.75,7528.0,7530.75,12156
2026-05-28 02:00:00,7530.5,7531.75,7526.5,7531.5,12410
2026-05-28 02:10:00,7531.5,7537.5,7530.5,7536.75,11878
2026-05-28 02:20:00,7536.75,7541.5,7536.0,7540.5,14774
2026-05-28 02:30:00,7540.5,7542.5,7537.75,7541.0,14612
2026-05-28 02:40:00,7541.0,7544.0,7539.75,7541.5,11645
2026-05-28 02:50:00,7541.75,7544.25,7540.25,7542.0,13152
2026-05-28 03:00:00,7542.0,7545.25,7539.5,7543.75,14151
2026-05-28 03:10:00,7543.75,7544.25,7541.5,7542.5,10677
2026-05-28 03:20:00,7542.5,7543.5,7536.75,7539.5,14163
2026-05-28 03:30:00,7539.25,7542.75,7537.25,7541.75,17579
2026-05-28 03:40:00,7541.75,7542.75,7537.25,7537.25,14812
2026-05-28 03:50:00,7537.25,7541.5,7535.25,7539.75,88880
2026-05-28 04:00:00,7539.75,7542.75,7538.5,7542.25,22226
2026-05-28 04:10:00,7542.25,7549.25,7541.25,7547.5,7070
2026-05-28 04:20:00,7547.75,7548.5,7545.0,7546.0,4898
2026-05-28 04:30:00,7546.0,7549.25,7546.0,7548.75,2689
2026-05-28 04:40:00,7549.0,7550.75,7548.0,7550.0,3224
2026-05-28 04:50:00,7550.25,7557.25,7550.25,7554.25,6023
2026-05-28 06:00:00,7553.75,7557.75,7550.75,7551.25,1197
2026-05-28 06:10:00,7551.25,7552.0,7548.75,7550.0,1621
2026-05-28 06:20:00,7550.25,7551.75,7545.0,7545.0,2127
2026-05-28 06:30:00,7545.0,7546.5,7541.25,7544.75,2328
2026-05-28 06:40:00,7544.75,7547.75,7543.5,7544.5,1205
2026-05-28 06:50:00,7544.75,7547.0,7544.5,7546.25,868
2026-05-28 07:00:00,7546.0,7547.75,7544.25,7545.0,919
2026-05-28 07:10:00,7545.0,7549.25,7541.75,7547.25,1682
2026-05-28 07:20:00,7547.25,7547.5,7540.75,7543.5,1703
2026-05-28 07:30:00,7543.5,7543.5,7536.5,7538.5,1884
2026-05-28 07:40:00,7538.5,7539.5,7534.25,7535.75,1399
2026-05-28 07:50:00,7536.0,7537.75,7532.25,7534.5,1840
2026-05-28 08:00:00,7534.25,7539.75,7532.5,7537.5,2304
2026-05-28 08:10:00,7537.25,7540.0,7533.5,7538.5,1633
2026-05-28 08:20:00,7538.25,7542.25,7537.0,7540.0,2261
2026-05-28 08:30:00,7540.0,7540.5,7536.25,7538.75,1471
2026-05-28 08:40:00,7538.75,7543.75,7538.75,7542.5,1352
2026-05-28 08:50:00,7542.75,7551.75,7542.0,7549.25,2051
2026-05-28 09:00:00,7549.0,7550.25,7544.25,7545.75,1183
2026-05-28 09:10:00,7545.75,7548.25,7544.5,7546.75,908
2026-05-28 09:20:00,7546.75,7548.0,7544.0,7546.5,946
2026-05-28 09:30:00,7546.5,7549.25,7545.25,7547.25,1069
2026-05-28 09:40:00,7547.25,7547.5,7542.75,7545.5,1064
2026-05-28 09:50:00,7545.5,7550.5,7544.5,7549.25,1229
2026-05-28 10:00:00,7549.5,7550.75,7543.5,7544.75,1589
2026-05-28 10:10:00,7544.75,7545.5,7539.5,7540.25,2193
2026-05-28 10:20:00,7540.5,7541.25,7537.75,7537.75,1511
2026-05-28 10:30:00,7537.75,7539.25,7534.75,7535.75,2313
2026-05-28 10:40:00,7536.0,7536.75,7532.5,7536.5,2343
2026-05-28 10:50:00,7536.5,7537.75,7533.5,7534.0,1323
2026-05-28 11:00:00,7534.25,7536.25,7530.0,7531.0,2719
2026-05-28 11:10:00,7530.75,7533.25,7527.75,7529.5,4419
2026-05-28 11:20:00,7529.5,7530.5,7526.75,7527.25,3508
2026-05-28 11:30:00,7527.25,7527.25,7514.75,7517.75,8144
2026-05-28 11:40:00,7517.75,7520.0,7512.25,7515.25,5454
2026-05-28 11:50:00,7515.0,7515.5,7511.5,7515.0,2778
2026-05-28 12:00:00,7514.0,7514.5,7512.5,7513.5,5853
2026-05-28 12:10:00,7513.75,7514.0,7507.5,7509.0,2742
2026-05-28 12:20:00,7509.0,7510.5,7505.75,7509.5,2955
2026-05-28 12:30:00,7509.25,7514.5,7508.25,7513.25,1911
2026-05-28 12:40:00,7513.5,7515.0,7509.0,7510.0,1825
2026-05-28 12:50:00,7510.0,7513.0,7508.75,7510.0,1938
2026-05-28 13:00:00,7510.0,7511.5,7507.0,7510.25,1999
2026-05-28 13:10:00,7510.5,7514.75,7509.75,7513.0,1973
2026-05-28 13:20:00,7513.25,7517.75,7513.0,7517.75,3338
2026-05-28 13:30:00,7517.75,7526.0,7517.0,7526.0,5286
2026-05-28 13:40:00,7525.75,7527.5,7524.0,7526.75,2012
2026-05-28 13:50:00,7527.0,7529.25,7526.5,7527.75,2028
2026-05-28 14:00:00,7528.0,7530.5,7527.5,7528.75,3113
2026-05-28 14:10:00,7528.75,7531.25,7528.5,7530.75,2119
2026-05-28 14:20:00,7530.5,7531.5,7528.0,7529.25,2284
2026-05-28 14:30:00,7529.0,7529.25,7526.0,7526.5,2315
2026-05-28 14:40:00,7526.75,7527.75,7524.25,7526.25,1942
2026-05-28 14:50:00,7526.5,7529.0,7523.75,7528.25,1511
2026-05-28 15:00:00,7528.25,7534.25,7528.25,7532.5,4227
2026-05-28 15:10:00,7532.75,7532.75,7528.75,7530.5,2744
2026-05-28 15:20:00,7530.5,7531.5,7528.5,7529.5,1719
2026-05-28 15:30:00,7529.75,7531.0,7528.0,7529.0,2533
2026-05-28 15:40:00,7529.0,7531.5,7525.25,7527.0,2102
2026-05-28 15:50:00,7527.25,7532.25,7525.75,7531.75,1861
2026-05-28 16:00:00,7531.75,7534.5,7529.75,7531.5,3576
2026-05-28 16:10:00,7531.25,7533.5,7530.5,7532.25,1337
2026-05-28 16:20:00,7532.25,7534.25,7526.75,7530.0,2719
2026-05-28 16:30:00,7530.0,7533.0,7529.0,7530.5,1682
2026-05-28 16:40:00,7530.5,7531.75,7529.25,7530.25,1095
2026-05-28 16:50:00,7530.25,7533.25,7529.75,7533.25,1466
2026-05-28 17:00:00,7533.0,7536.0,7530.75,7531.25,2261
2026-05-28 17:10:00,7531.0,7533.0,7530.0,7532.5,1263
2026-05-28 17:20:00,7532.5,7534.25,7531.0,7531.5,1643
2026-05-28 17:30:00,7531.5,7531.5,7527.5,7527.75,2211
2026-05-28 17:40:00,7528.0,7531.0,7528.0,7530.5,1493
2026-05-28 17:50:00,7530.25,7533.75,7530.25,7532.25,1444
2026-05-28 18:00:00,7532.25,7532.5,7528.0,7529.0,1363
2026-05-28 18:10:00,7529.25,7530.0,7527.0,7527.0,1112
2026-05-28 18:20:00,7527.25,7527.5,7524.0,7527.25,2227
2026-05-28 18:30:00,7527.25,7528.0,7525.0,7525.0,2461
2026-05-28 18:40:00,7525.0,7526.25,7523.0,7525.25,2593
2026-05-28 18:50:00,7525.5,7525.75,7515.0,7519.25,9700
2026-05-28 19:00:00,7519.0,7523.25,7517.75,7519.75,4546
2026-05-28 19:10:00,7519.5,7521.0,7517.5,7520.75,2220
2026-05-28 19:20:00,7521.0,7522.5,7518.0,7518.5,1624
2026-05-28 19:30:00,7518.5,7520.75,7517.0,7520.25,3136
2026-05-28 19:40:00,7520.25,7524.75,7520.0,7522.0,2667
2026-05-28 19:50:00,7521.75,7523.25,7520.5,7522.0,1593
2026-05-28 20:00:00,7522.0,7525.75,7520.75,7523.75,2018
2026-05-28 20:10:00,7523.75,7526.0,7522.5,7523.0,2027
2026-05-28 20:20:00,7523.0,7525.5,7521.0,7525.0,2510
2026-05-28 20:30:00,7525.0,7535.5,7524.75,7533.75,9829
2026-05-28 20:40:00,7533.75,7539.75,7532.5,7538.0,5972
2026-05-28 20:50:00,7538.0,7539.5,7537.0,7538.25,4049
2026-05-28 21:00:00,7538.25,7544.0,7536.75,7537.25,7660
2026-05-28 21:10:00,7537.25,7538.0,7535.25,7536.75,4432
2026-05-28 21:20:00,7536.75,7538.75,7534.5,7535.0,7412
2026-05-28 21:30:00,7535.25,7537.25,7525.75,7527.0,42929
2026-05-28 21:40:00,7527.25,7532.0,7525.25,7527.25,30505
2026-05-28 21:50:00,7527.25,7537.0,7526.25,7535.75,34959
2026-05-28 22:00:00,7535.75,7540.25,7533.25,7540.0,32784
2026-05-28 22:10:00,7540.0,7574.0,7535.0,7564.5,93529
2026-05-28 22:20:00,7564.5,7566.25,7553.25,7561.25,38310
2026-05-28 22:30:00,7561.5,7563.75,7551.25,7553.25,35231
2026-05-28 22:40:00,7553.25,7562.25,7552.0,7557.5,37465
2026-05-28 22:50:00,7557.5,7563.5,7557.25,7562.75,25443
2026-05-28 23:00:00,7562.75,7573.5,7561.5,7569.75,36389
2026-05-28 23:10:00,7569.75,7570.75,7565.0,7568.5,18985
2026-05-28 23:20:00,7568.5,7575.75,7567.75,7573.5,20857
2026-05-28 23:30:00,7573.5,7576.5,7571.75,7575.25,19238
2026-05-28 23:40:00,7575.25,7575.75,7572.25,7572.75,15835
2026-05-28 23:50:00,7573.0,7577.0,7573.0,7574.75,11797
2026-05-29 00:00:00,7574.75,7575.25,7570.75,7574.75,13160
2026-05-29 00:10:00,7574.75,7579.75,7574.0,7579.0,16060
2026-05-29 00:20:00,7578.75,7582.75,7576.5,7578.0,17107
2026-05-29 00:30:00,7578.0,7578.5,7574.5,7576.0,11906
2026-05-29 00:40:00,7576.0,7579.5,7575.75,7577.25,11470
2026-05-29 00:50:00,7577.25,7582.25,7576.5,7581.0,10995
2026-05-29 01:00:00,7581.0,7582.75,7578.25,7578.5,12621
2026-05-29 01:10:00,7578.5,7579.25,7574.75,7575.5,13104
2026-05-29 01:20:00,7575.5,7579.25,7575.25,7576.5,11760
2026-05-29 01:30:00,7576.75,7578.5,7575.0,7578.5,11070
2026-05-29 01:40:00,7578.5,7582.5,7577.5,7582.0,11577
2026-05-29 01:50:00,7582.0,7583.75,7580.25,7581.0,13958
2026-05-29 02:00:00,7581.0,7583.0,7580.0,7581.0,11586
2026-05-29 02:10:00,7581.0,7582.25,7578.0,7580.25,22664
2026-05-29 02:20:00,7580.25,7582.5,7579.25,7581.75,11500
2026-05-29 02:30:00,7581.75,7582.0,7577.0,7577.5,12792
2026-05-29 02:40:00,7577.5,7579.25,7576.0,7576.75,11441
2026-05-29 02:50:00,7577.0,7580.25,7576.0,7576.75,10115
2026-05-29 03:00:00,7576.5,7579.25,7575.25,7578.0,11697
2026-05-29 03:10:00,7578.25,7579.5,7576.0,7577.25,12923
2026-05-29 03:20:00,7577.5,7582.25,7576.75,7582.25,14848
2026-05-29 03:30:00,7582.0,7586.5,7581.5,7586.25,22055
2026-05-29 03:40:00,7586.25,7586.5,7581.75,7582.25,20541
2026-05-29 03:50:00,7582.25,7584.25,7579.75,7581.75,88936
2026-05-29 04:00:00,7582.0,7588.75,7580.0,7587.5,21490
2026-05-29 04:10:00,7587.75,7590.5,7587.5,7589.0,8764
2026-05-29 04:20:00,7589.25,7590.0,7587.25,7589.75,3773
2026-05-29 04:30:00,7589.75,7590.75,7587.5,7588.0,3160
2026-05-29 04:40:00,7587.75,7589.5,7587.5,7587.75,2434
2026-05-29 04:50:00,7587.75,7588.75,7587.5,7587.75,3475
2026-05-29 06:00:00,7587.5,7592.5,7587.5,7589.25,974
2026-05-29 06:10:00,7589.0,7589.5,7585.75,7587.25,1594
2026-05-29 06:20:00,7587.25,7588.5,7585.0,7586.5,1075
2026-05-29 06:30:00,7586.5,7587.5,7585.0,7587.0,1004
2026-05-29 06:40:00,7586.75,7588.5,7586.75,7586.75,786
2026-05-29 06:50:00,7586.75,7587.25,7585.25,7585.5,484
2026-05-29 07:00:00,7585.5,7588.75,7585.5,7587.25,779
2026-05-29 07:10:00,7587.25,7590.0,7586.75,7590.0,624
2026-05-29 07:20:00,7590.0,7590.0,7588.0,7589.0,527
2026-05-29 07:30:00,7588.75,7588.75,7586.75,7587.25,440
2026-05-29 07:40:00,7587.0,7588.0,7584.0,7585.5,1037
2026-05-29 07:50:00,7585.5,7586.25,7584.5,7585.25,446
2026-05-29 08:00:00,7585.0,7585.25,7582.0,7583.0,1968
2026-05-29 08:10:00,7583.0,7584.75,7582.5,7584.75,1465
2026-05-29 08:20:00,7584.5,7586.0,7582.75,7583.0,1583
2026-05-29 08:30:00,7583.0,7583.0,7578.5,7579.0,2086
2026-05-29 08:40:00,7579.25,7579.25,7576.5,7577.75,1684
2026-05-29 08:50:00,7577.75,7578.75,7575.75,7577.5,1666
2026-05-29 09:00:00,7577.5,7579.5,7574.0,7577.75,2868
2026-05-29 09:10:00,7578.0,7578.75,7575.25,7577.25,1515
2026-05-29 09:20:00,7577.0,7577.25,7574.25,7574.75,1565
2026-05-29 09:30:00,7574.75,7576.0,7572.75,7575.5,1810
2026-05-29 09:40:00,7575.75,7579.5,7574.75,7575.25,1996
2026-05-29 09:50:00,7575.0,7578.25,7574.5,7577.25,1064
2026-05-29 10:00:00,7577.25,7580.25,7576.25,7580.25,1637
2026-05-29 10:10:00,7580.5,7581.25,7578.5,7579.75,1299
2026-05-29 10:20:00,7579.75,7579.75,7574.25,7575.75,959
2026-05-29 10:30:00,7575.75,7578.25,7575.0,7578.0,811
2026-05-29 10:40:00,7578.0,7578.75,7576.25,7577.0,758
2026-05-29 10:50:00,7576.75,7577.25,7575.25,7576.0,629
2026-05-29 11:00:00,7576.25,7581.0,7575.75,7580.25,1292
2026-05-29 11:10:00,7580.5,7581.5,7579.25,7580.0,962
2026-05-29 11:20:00,7580.0,7582.0,7579.75,7580.5,883
2026-05-29 11:30:00,7580.75,7580.75,7579.25,7580.5,556
2026-05-29 11:40:00,7580.5,7582.25,7580.0,7582.25,799
2026-05-29 11:50:00,7582.25,7582.75,7578.25,7580.5,1236
2026-05-29 12:00:00,7582.0,7582.5,7581.75,7582.5,841
2026-05-29 12:10:00,7582.5,7584.25,7582.0,7583.5,1140
2026-05-29 12:20:00,7583.5,7584.5,7583.5,7584.0,872
2026-05-29 12:30:00,7584.0,7586.25,7583.25,7586.0,1361
2026-05-29 12:40:00,7586.25,7587.5,7585.25,7586.25,1080
2026-05-29 12:50:00,7586.0,7586.0,7584.5,7585.0,688
2026-05-29 13:00:00,7585.25,7587.25,7584.5,7586.25,1151
2026-05-29 13:10:00,7586.0,7587.5,7585.25,7585.5,873
2026-05-29 13:20:00,7585.75,7588.0,7585.75,7587.5,910
2026-05-29 13:30:00,7587.25,7587.5,7584.0,7584.25,1309
2026-05-29 13:40:00,7584.5,7587.25,7584.0,7587.0,790
2026-05-29 13:50:00,7586.75,7587.25,7584.75,7586.0,953
2026-05-29 14:00:00,7586.0,7589.5,7586.0,7589.5,1732
2026-05-29 14:10:00,7589.5,7590.25,7588.5,7589.75,2447
2026-05-29 14:20:00,7589.75,7592.5,7587.5,7587.75,3767
2026-05-29 14:30:00,7587.75,7590.5,7587.0,7589.5,2012
2026-05-29 14:40:00,7589.75,7591.0,7589.0,7591.0,977
2026-05-29 14:50:00,7591.0,7592.75,7590.5,7592.5,1728
2026-05-29 15:00:00,7592.5,7592.75,7589.75,7591.5,3080
2026-05-29 15:10:00,7591.25,7592.5,7588.0,7588.25,1884
2026-05-29 15:20:00,7588.25,7588.75,7584.25,7585.75,2717
2026-05-29 15:30:00,7585.75,7586.0,7580.0,7582.5,3904
2026-05-29 15:40:00,7582.5,7585.0,7581.75,7583.75,1961
2026-05-29 15:50:00,7583.75,7587.0,7583.75,7586.5,1954
2026-05-29 16:00:00,7586.5,7589.5,7584.5,7586.25,3055
2026-05-29 16:10:00,7586.25,7589.0,7586.0,7587.5,1374
2026-05-29 16:20:00,7587.25,7588.75,7584.75,7587.5,1839
2026-05-29 16:30:00,7587.5,7588.75,7585.75,7588.0,1422
2026-05-29 16:40:00,7588.0,7588.25,7582.25,7582.75,1643
2026-05-29 16:50:00,7582.75,7586.25,7582.25,7586.0,2269
2026-05-29 17:00:00,7586.0,7590.75,7585.25,7589.75,2692
2026-05-29 17:10:00,7589.75,7595.0,7589.25,7594.5,3245
2026-05-29 17:20:00,7594.5,7595.25,7589.75,7592.25,2469
2026-05-29 17:30:00,7592.25,7592.5,7590.0,7590.75,1498
2026-05-29 17:40:00,7590.75,7593.25,7589.75,7592.25,1561
2026-05-29 17:50:00,7592.25,7592.25,7589.75,7590.25,1402
2026-05-29 18:00:00,7590.5,7590.5,7585.0,7585.25,2034
2026-05-29 18:10:00,7585.25,7588.25,7585.0,7587.0,1742
2026-05-29 18:20:00,7587.0,7589.25,7587.0,7588.5,1353
2026-05-29 18:30:00,7588.75,7590.75,7587.0,7589.25,2172
2026-05-29 18:40:00,7589.5,7591.25,7588.0,7590.5,1603
2026-05-29 18:50:00,7590.5,7591.0,7589.25,7590.25,1031
2026-05-29 19:00:00,7590.25,7593.25,7589.5,7591.75,2340
2026-05-29 19:10:00,7592.0,7594.0,7591.5,7593.75,2416
2026-05-29 19:20:00,7593.75,7595.75,7590.0,7590.0,3848
2026-05-29 19:30:00,7590.25,7590.75,7586.25,7589.25,2550
2026-05-29 19:40:00,7589.5,7593.0,7589.5,7591.0,2891
2026-05-29 19:50:00,7591.0,7593.75,7584.25,7593.5,6317
2026-05-29 20:00:00,7593.5,7594.0,7589.75,7590.5,2735
2026-05-29 20:10:00,7590.5,7593.0,7589.25,7592.5,2032
2026-05-29 20:20:00,7592.75,7592.75,7589.5,7592.0,1700
2026-05-29 20:30:00,7592.0,7592.75,7586.0,7587.0,6051
2026-05-29 20:40:00,7587.0,7589.25,7586.25,7588.5,2288
2026-05-29 20:50:00,7588.5,7592.25,7588.5,7591.25,2977
2026-05-29 21:00:00,7591.5,7593.25,7590.0,7590.5,3294
2026-05-29 21:10:00,7590.25,7591.0,7587.75,7588.5,4249
2026-05-29 21:20:00,7588.5,7591.0,7587.25,7590.75,7659
2026-05-29 21:30:00,7590.5,7598.75,7586.75,7598.75,52946
2026-05-29 21:40:00,7598.75,7608.75,7597.0,7607.0,43561
2026-05-29 21:50:00,7607.25,7610.0,7604.0,7609.0,26058
2026-05-29 22:00:00,7608.75,7611.5,7603.5,7604.0,32876
2026-05-29 22:10:00,7604.0,7608.5,7595.75,7598.5,38849
2026-05-29 22:20:00,7598.25,7600.75,7589.25,7597.0,50644
2026-05-29 22:30:00,7596.75,7600.25,7586.75,7587.0,44646
2026-05-29 22:40:00,7586.75,7590.25,7577.5,7580.5,54947
2026-05-29 22:50:00,7580.5,7598.25,7579.5,7590.75,61487
2026-05-29 23:00:00,7591.0,7598.25,7589.25,7597.25,27368
2026-05-29 23:10:00,7597.25,7604.75,7597.25,7599.0,31615
2026-05-29 23:20:00,7599.25,7603.5,7593.25,7598.25,27673
2026-05-29 23:30:00,7598.5,7603.5,7597.75,7602.0,30345
2026-05-29 23:40:00,7602.0,7604.0,7593.25,7597.0,26536
2026-05-29 23:50:00,7596.75,7599.5,7593.5,7594.75,14354
2026-05-30 00:00:00,7594.75,7603.25,7593.75,7603.0,12716
2026-05-30 00:10:00,7603.25,7605.25,7598.5,7599.0,15407
2026-05-30 00:20:00,7598.75,7603.25,7597.25,7598.0,13174
2026-05-30 00:30:00,7598.0,7607.75,7595.25,7607.25,33203
2026-05-30 00:40:00,7607.25,7608.5,7601.75,7602.0,18398
2026-05-30 00:50:00,7602.0,7602.25,7595.5,7598.25,17000
2026-05-30 01:00:00,7598.0,7600.5,7595.25,7597.75,14112
2026-05-30 01:10:00,7597.75,7600.25,7595.5,7598.5,12182
2026-05-30 01:20:00,7598.5,7599.25,7592.0,7596.0,24995
2026-05-30 01:30:00,7596.25,7597.25,7592.75,7594.0,13205
2026-05-30 01:40:00,7593.75,7595.0,7590.0,7591.25,13031
2026-05-30 01:50:00,7591.0,7593.25,7582.5,7583.5,23625
2026-05-30 02:00:00,7583.25,7590.0,7581.75,7590.0,19650
2026-05-30 02:10:00,7590.0,7591.75,7585.75,7589.75,17404
2026-05-30 02:20:00,7589.75,7594.75,7589.5,7593.5,13356
2026-05-30 02:30:00,7593.5,7598.25,7593.5,7596.5,15116
2026-05-30 02:40:00,7596.5,7597.5,7584.75,7588.75,30668
2026-05-30 02:50:00,7588.75,7590.5,7584.5,7585.25,18583
2026-05-30 03:00:00,7585.25,7593.75,7583.75,7593.25,18440
2026-05-30 03:10:00,7593.0,7595.75,7590.25,7592.5,24488
2026-05-30 03:20:00,7592.5,7599.5,7591.5,7599.25,20735
2026-05-30 03:30:00,7599.5,7605.75,7599.0,7605.0,28991
2026-05-30 03:40:00,7605.25,7607.0,7600.25,7602.75,29765
2026-05-30 03:50:00,7602.75,7604.0,7593.0,7594.5,201449
2026-05-30 04:00:00,7594.75,7599.0,7593.25,7597.75,45172
2026-05-30 04:10:00,7597.75,7598.0,7591.0,7591.75,10179
2026-05-30 04:20:00,7591.75,7594.0,7589.25,7590.75,7081
2026-05-30 04:30:00,7591.0,7592.75,7590.0,7592.0,3877
2026-05-30 04:40:00,7592.0,7592.0,7589.25,7589.75,4203
2026-05-30 04:50:00,7590.0,7595.75,7589.25,7595.75,5292
2026-06-01 06:10:00,7589.0,7595.5,7587.75,7594.25,1986
2026-06-01 06:20:00,7594.25,7597.5,7592.25,7595.75,2616
2026-06-01 06:30:00,7595.5,7598.75,7595.25,7596.25,1663
2026-06-01 06:40:00,7596.25,7602.5,7596.25,7602.0,1582
2026-06-01 06:50:00,7602.0,7603.25,7601.0,7601.5,872
2026-06-01 07:00:00,7601.5,7604.0,7600.25,7603.25,1028
2026-06-01 07:10:00,7603.0,7604.0,7602.5,7603.0,747
2026-06-01 07:20:00,7603.0,7604.75,7600.75,7603.75,931
2026-06-01 07:30:00,7604.0,7605.25,7602.75,7604.25,909
2026-06-01 07:40:00,7604.0,7604.75,7602.75,7603.75,463
2026-06-01 07:50:00,7603.75,7606.5,7602.5,7605.25,892
2026-06-01 08:00:00,7605.25,7612.0,7604.5,7609.0,3888
2026-06-01 08:10:00,7609.0,7610.75,7607.0,7607.75,2005
2026-06-01 08:20:00,7608.0,7612.0,7608.0,7611.75,1847
2026-06-01 08:30:00,7611.5,7613.5,7609.5,7610.25,2128
2026-06-01 08:40:00,7610.5,7612.75,7609.75,7611.75,1576
2026-06-01 08:50:00,7612.0,7614.0,7610.75,7611.75,1897
2026-06-01 09:00:00,7611.5,7612.75,7608.25,7609.0,2154
2026-06-01 09:10:00,7609.0,7611.5,7608.5,7610.75,1225
2026-06-01 09:20:00,7610.75,7613.25,7610.75,7610.75,1947
2026-06-01 09:30:00,7610.75,7613.0,7610.25,7611.75,1432
2026-06-01 09:40:00,7611.75,7613.5,7611.25,7613.25,1711
2026-06-01 09:50:00,7613.25,7614.5,7613.0,7613.75,1806
2026-06-01 10:00:00,7613.75,7617.0,7613.75,7616.5,2530
2026-06-01 10:10:00,7616.75,7617.5,7615.75,7616.5,1325
2026-06-01 10:20:00,7616.75,7617.75,7616.25,7616.75,936
2026-06-01 10:30:00,7616.75,7617.0,7614.75,7616.75,884
2026-06-01 10:40:00,7616.5,7616.5,7614.0,7615.0,943
2026-06-01 10:50:00,7615.0,7615.75,7614.5,7615.5,481
2026-06-01 11:00:00,7615.5,7617.25,7615.5,7616.0,1058
2026-06-01 11:10:00,7616.25,7616.25,7611.0,7615.0,2954
2026-06-01 11:20:00,7615.0,7618.0,7614.5,7617.5,1310
2026-06-01 11:30:00,7617.25,7619.75,7615.5,7616.0,1632
2026-06-01 11:40:00,7615.75,7616.0,7612.5,7613.75,1534
2026-06-01 11:50:00,7614.0,7614.25,7611.5,7612.5,904
2026-06-01 12:00:00,7612.25,7615.0,7612.25,7614.5,937
2026-06-01 12:10:00,7614.5,7615.25,7613.25,7613.75,713
2026-06-01 12:20:00,7613.75,7615.5,7613.25,7614.75,817
2026-06-01 12:30:00,7615.0,7616.0,7614.25,7616.0,796
2026-06-01 12:40:00,7615.75,7618.0,7615.75,7616.75,1104
2026-06-01 12:50:00,7616.5,7617.75,7616.5,7617.5,701
2026-06-01 13:00:00,7617.5,7617.75,7615.25,7616.0,882
2026-06-01 13:10:00,7615.75,7617.0,7615.0,7615.75,832
2026-06-01 13:20:00,7615.75,7617.0,7614.0,7614.25,1015
2026-06-01 13:30:00,7614.5,7617.0,7614.5,7616.25,1100
2026-06-01 13:40:00,7616.5,7618.75,7616.25,7618.5,1115
2026-06-01 13:50:00,7618.5,7619.0,7617.5,7617.75,890
2026-06-01 14:00:00,7618.0,7618.75,7617.5,7618.25,985
2026-06-01 14:10:00,7618.25,7618.25,7616.25,7617.25,1152
2026-06-01 14:20:00,7617.25,7617.5,7614.25,7614.5,1538
2026-06-01 14:30:00,7614.5,7617.5,7614.25,7616.0,1493
2026-06-01 14:40:00,7615.75,7618.5,7615.25,7618.5,1669
2026-06-01 14:50:00,7618.25,7618.5,7617.25,7617.5,1319
2026-06-01 15:00:00,7617.75,7620.5,7616.25,7620.0,4013
2026-06-01 15:10:00,7620.25,7620.25,7615.0,7617.0,2372
2026-06-01 15:20:00,7617.0,7617.5,7612.0,7613.25,3296
2026-06-01 15:30:00,7613.25,7614.5,7610.25,7610.5,2019
2026-06-01 15:40:00,7610.5,7610.5,7607.5,7608.5,3212
2026-06-01 15:50:00,7608.5,7612.0,7607.75,7611.25,2288
2026-06-01 16:00:00,7611.25,7612.75,7608.75,7610.5,2839
2026-06-01 16:10:00,7610.5,7611.0,7608.25,7609.75,2007
2026-06-01 16:20:00,7609.75,7610.5,7607.5,7607.75,1506
2026-06-01 16:30:00,7607.75,7609.0,7605.75,7608.5,1458
2026-06-01 16:40:00,7608.5,7610.0,7605.75,7609.5,3302
2026-06-01 16:50:00,7609.5,7614.25,7609.0,7614.0,2348
2026-06-01 17:00:00,7614.25,7616.5,7612.25,7613.25,2781
2026-06-01 17:10:00,7613.25,7614.25,7611.5,7613.5,1683
2026-06-01 17:20:00,7613.5,7613.5,7611.0,7612.25,1284
2026-06-01 17:30:00,7612.25,7613.0,7611.0,7612.0,2129
2026-06-01 17:40:00,7611.75,7612.75,7610.75,7611.0,1490
2026-06-01 17:50:00,7611.25,7611.25,7609.0,7610.0,1876
2026-06-01 18:00:00,7610.0,7613.0,7610.0,7613.0,1467
2026-06-01 18:10:00,7613.0,7615.0,7613.0,7613.5,1349
2026-06-01 18:20:00,7613.75,7615.25,7612.0,7614.5,1268
2026-06-01 18:30:00,7614.75,7617.75,7614.75,7616.5,1660
2026-06-01 18:40:00,7616.75,7617.75,7615.0,7616.75,1282
2026-06-01 18:50:00,7616.5,7616.75,7615.75,7616.5,1143
2026-06-01 19:00:00,7616.25,7617.5,7614.75,7616.25,2368
2026-06-01 19:10:00,7616.0,7616.25,7614.0,7615.5,1826
2026-06-01 19:20:00,7615.75,7617.25,7614.5,7616.75,2584
2026-06-01 19:30:00,7616.75,7621.75,7615.5,7621.5,3977
2026-06-01 19:40:00,7621.75,7623.0,7617.25,7618.25,3994
2026-06-01 19:50:00,7618.25,7618.5,7613.75,7614.25,3266
2026-06-01 20:00:00,7614.25,7614.25,7609.25,7609.5,4919
2026-06-01 20:10:00,7609.25,7611.0,7606.25,7609.0,5304
2026-06-01 20:20:00,7609.0,7611.5,7608.75,7610.25,4393
2026-06-01 20:30:00,7610.25,7611.0,7606.75,7610.75,4283
2026-06-01 20:40:00,7610.5,7615.75,7609.5,7612.25,7066
2026-06-01 20:50:00,7612.0,7612.25,7608.25,7608.75,4165
2026-06-01 21:00:00,7608.75,7610.0,7605.0,7609.75,5486
2026-06-01 21:10:00,7609.75,7610.25,7581.5,7588.75,50561
2026-06-01 21:20:00,7589.0,7589.75,7577.0,7583.0,28148
2026-06-01 21:30:00,7583.0,7594.75,7576.25,7591.25,59271
2026-06-01 21:40:00,7591.5,7596.0,7587.25,7592.75,32103
2026-06-01 21:50:00,7592.75,7596.75,7583.25,7584.75,33780
2026-06-01 22:00:00,7585.25,7594.0,7581.5,7592.25,45071
2026-06-01 22:10:00,7592.0,7596.25,7583.5,7587.5,42494
2026-06-01 22:20:00,7587.25,7593.75,7585.5,7587.0,32938
2026-06-01 22:30:00,7587.0,7590.25,7581.5,7582.5,27900
2026-06-01 22:40:00,7582.25,7588.25,7581.0,7585.0,18638
2026-06-01 22:50:00,7585.0,7587.25,7581.25,7585.0,16708
2026-06-01 23:00:00,7585.0,7591.25,7582.75,7588.5,25819
2026-06-01 23:10:00,7588.5,7589.5,7585.0,7587.0,18211
2026-06-01 23:20:00,7587.0,7592.25,7586.75,7589.75,15204
2026-06-01 23:30:00,7589.75,7602.75,7589.5,7602.5,60713
2026-06-01 23:40:00,7602.25,7603.0,7597.0,7597.5,20763
2026-06-01 23:50:00,7597.5,7600.25,7595.0,7595.5,18578
2026-06-02 00:00:00,7595.5,7600.75,7595.0,7596.25,17875
2026-06-02 00:10:00,7596.25,7596.5,7587.0,7592.0,28935
2026-06-02 00:20:00,7591.75,7596.75,7591.25,7596.25,14201
2026-06-02 00:30:00,7596.25,7601.0,7596.0,7600.0,23101
2026-06-02 00:40:00,7600.0,7601.0,7596.5,7599.5,10985
2026-06-02 00:50:00,7599.5,7609.25,7598.75,7607.75,35099
2026-06-02 01:00:00,7607.75,7608.5,7598.75,7599.5,24649
2026-06-02 01:10:00,7599.5,7602.5,7599.25,7602.0,11195
2026-06-02 01:20:00,7601.75,7614.0,7601.25,7613.75,20032
2026-06-02 01:30:00,7614.0,7616.0,7606.75,7613.0,38566
2026-06-02 01:40:00,7613.0,7632.25,7612.0,7625.0,53622
2026-06-02 01:50:00,7624.75,7628.5,7623.25,7624.25,19572
2026-06-02 02:00:00,7624.25,7626.25,7623.75,7625.75,13363
2026-06-02 02:10:00,7625.75,7627.0,7622.0,7626.75,12624
2026-06-02 02:20:00,7626.5,7628.25,7626.0,7627.25,11290
2026-06-02 02:30:00,7627.25,7627.5,7624.25,7626.0,8285
2026-06-02 02:40:00,7625.75,7628.0,7624.5,7625.0,8849
2026-06-02 02:50:00,7624.75,7627.25,7623.5,7624.25,9014
2026-06-02 03:00:00,7624.25,7626.0,7622.75,7625.25,13803
2026-06-02 03:10:00,7625.25,7625.5,7622.75,7623.5,10852
2026-06-02 03:20:00,7623.25,7626.5,7623.0,7625.75,9817
2026-06-02 03:30:00,7625.5,7625.75,7619.25,7620.5,22160
2026-06-02 03:40:00,7620.75,7620.75,7614.75,7615.75,24233
2026-06-02 03:50:00,7615.5,7616.75,7610.5,7613.75,98758
2026-06-02 04:00:00,7613.75,7616.0,7613.0,7614.5,21889
2026-06-02 04:10:00,7614.25,7616.25,7613.25,7614.0,6481
2026-06-02 04:20:00,7614.25,7614.75,7610.75,7611.75,3010
2026-06-02 04:30:00,7611.75,7614.75,7610.5,7612.75,3278
2026-06-02 04:40:00,7612.75,7618.0,7610.0,7612.0,7986
2026-06-02 04:50:00,7612.0,7612.25,7606.5,7608.5,7879
2026-06-02 06:00:00,7612.0,7612.0,7595.5,7599.5,2011
2026-06-02 06:10:00,7599.5,7600.5,7597.75,7598.25,1273
2026-06-02 06:20:00,7598.25,7599.25,7593.75,7594.5,2149
2026-06-02 06:30:00,7594.25,7595.75,7592.0,7593.0,1503
2026-06-02 06:40:00,7592.75,7594.0,7591.0,7593.0,1362
2026-06-02 06:50:00,7593.0,7595.5,7591.25,7595.5,1422
2026-06-02 07:00:00,7595.5,7596.25,7593.5,7595.75,874
2026-06-02 07:10:00,7595.75,7596.75,7594.25,7596.0,449
2026-06-02 07:20:00,7596.0,7596.25,7594.75,7595.25,533
2026-06-02 07:30:00,7595.5,7599.0,7593.75,7596.0,1854
2026-06-02 07:40:00,7595.75,7598.0,7592.0,7592.75,1314
2026-06-02 07:50:00,7592.75,7596.25,7592.5,7595.75,757
2026-06-02 08:00:00,7595.75,7596.0,7587.0,7588.0,3905
2026-06-02 08:10:00,7587.75,7591.0,7585.5,7587.0,3960
2026-06-02 08:20:00,7586.75,7588.25,7583.75,7586.75,2380
2026-06-02 08:30:00,7586.75,7589.75,7585.5,7586.0,2255
2026-06-02 08:40:00,7586.25,7587.0,7583.0,7584.25,1911
2026-06-02 08:50:00,7584.25,7584.25,7580.25,7581.75,2278
2026-06-02 09:00:00,7581.5,7583.75,7580.0,7581.5,3199
2026-06-02 09:10:00,7581.5,7586.0,7581.5,7584.75,2142
2026-06-02 09:20:00,7584.75,7585.25,7578.5,7583.0,2222
2026-06-02 09:30:00,7583.0,7584.75,7579.75,7580.5,1734
2026-06-02 09:40:00,7580.25,7585.0,7578.0,7578.75,3538
2026-06-02 09:50:00,7578.5,7580.25,7577.5,7577.5,1894
2026-06-02 10:00:00,7577.75,7579.75,7577.25,7577.25,2025
2026-06-02 10:10:00,7577.25,7580.5,7577.25,7580.25,1587
2026-06-02 10:20:00,7580.0,7581.75,7578.75,7579.75,1212
2026-06-02 10:30:00,7580.0,7582.5,7580.0,7582.25,1237
2026-06-02 10:40:00,7582.25,7583.25,7579.75,7580.5,1075
2026-06-02 10:50:00,7580.5,7582.5,7580.0,7581.5,787
2026-06-02 11:00:00,7581.25,7582.75,7579.0,7579.75,1910
2026-06-02 11:10:00,7579.75,7580.0,7577.25,7577.75,1607
2026-06-02 11:20:00,7577.5,7579.75,7576.5,7578.25,1754
2026-06-02 11:30:00,7578.0,7580.5,7577.0,7579.5,1555
2026-06-02 11:40:00,7579.5,7581.5,7578.0,7581.25,1181
2026-06-02 11:50:00,7581.25,7582.25,7580.5,7581.25,1196
2026-06-02 12:00:00,7583.5,7583.75,7583.5,7583.75,1588
2026-06-02 12:10:00,7583.75,7584.25,7581.5,7581.75,996
2026-06-02 12:20:00,7581.75,7586.75,7581.75,7585.5,1264
2026-06-02 12:30:00,7585.5,7585.75,7584.0,7585.5,951
2026-06-02 12:40:00,7585.25,7589.0,7585.0,7588.25,1482
2026-06-02 12:50:00,7588.25,7590.75,7587.75,7590.25,1559
2026-06-02 13:00:00,7590.5,7591.75,7588.5,7590.5,1703
2026-06-02 13:10:00,7590.5,7593.0,7590.0,7592.75,1299
2026-06-02 13:20:00,7592.5,7594.25,7592.25,7593.5,989
2026-06-02 13:30:00,7593.75,7596.75,7593.75,7594.0,1520
2026-06-02 13:40:00,7594.0,7595.5,7592.25,7593.25,799
2026-06-02 13:50:00,7593.5,7594.5,7592.0,7594.25,986
2026-06-02 14:00:00,7594.0,7598.0,7593.75,7595.5,2691
2026-06-02 14:10:00,7595.5,7597.75,7595.0,7597.25,1252
2026-06-02 14:20:00,7597.25,7598.75,7596.75,7597.25,1279
2026-06-02 14:30:00,7597.25,7600.25,7595.25,7599.25,2964
2026-06-02 14:40:00,7599.25,7601.0,7598.25,7600.0,1635
2026-06-02 14:50:00,7600.25,7602.5,7599.25,7601.5,1548
2026-06-02 15:00:00,7601.5,7605.25,7601.25,7605.0,3172
2026-06-02 15:10:00,7605.0,7605.25,7603.75,7604.5,1844
2026-06-02 15:20:00,7604.5,7606.0,7603.25,7604.0,1981
2026-06-02 15:30:00,7604.0,7605.0,7602.25,7603.25,1865
2026-06-02 15:40:00,7603.25,7605.0,7602.25,7603.25,2116
2026-06-02 15:50:00,7603.25,7606.5,7602.75,7606.25,2000
2026-06-02 16:00:00,7606.25,7610.5,7606.25,7608.75,4456
2026-06-02 16:10:00,7608.5,7609.0,7605.75,7606.25,2642
2026-06-02 16:20:00,7606.75,7607.5,7603.25,7603.75,4609
2026-06-02 16:30:00,7603.75,7606.75,7603.5,7606.25,1987
2026-06-02 16:40:00,7606.25,7607.75,7605.25,7607.0,1468
2026-06-02 16:50:00,7607.0,7607.5,7604.75,7605.75,1423
2026-06-02 17:00:00,7605.5,7605.5,7601.75,7604.25,1689
2026-06-02 17:10:00,7604.5,7604.5,7602.0,7603.25,1349
2026-06-02 17:20:00,7603.25,7603.25,7599.0,7600.25,2225
2026-06-02 17:30:00,7600.25,7601.25,7599.5,7601.0,1305
2026-06-02 17:40:00,7601.25,7605.25,7598.5,7605.0,2948
2026-06-02 17:50:00,7605.25,7605.75,7601.0,7601.5,2735
2026-06-02 18:00:00,7601.5,7602.25,7599.5,7601.75,1370
2026-06-02 18:10:00,7601.75,7603.25,7601.25,7603.0,1432
2026-06-02 18:20:00,7603.0,7603.5,7600.75,7602.0,1303
2026-06-02 18:30:00,7602.25,7602.75,7599.25,7600.5,1072
2026-06-02 18:40:00,7600.25,7600.75,7598.75,7599.0,1022
2026-06-02 18:50:00,7599.25,7601.0,7599.0,7599.0,1252
2026-06-02 19:00:00,7599.0,7599.75,7595.5,7598.0,2662
2026-06-02 19:10:00,7598.25,7601.75,7596.75,7597.5,2657
2026-06-02 19:20:00,7597.25,7598.5,7596.0,7598.5,1893
2026-06-02 19:30:00,7598.75,7604.5,7598.75,7601.25,3627
2026-06-02 19:40:00,7601.5,7601.75,7597.75,7598.0,1356
2026-06-02 19:50:00,7598.0,7599.0,7596.0,7596.25,1838
2026-06-02 20:00:00,7596.25,7599.5,7595.25,7599.5,2899
2026-06-02 20:10:00,7599.25,7600.25,7597.25,7597.75,2082
2026-06-02 20:20:00,7598.0,7603.0,7597.5,7601.25,3805
2026-06-02 20:30:00,7601.0,7601.5,7597.25,7599.0,3910
2026-06-02 20:40:00,7599.0,7602.0,7598.5,7599.25,3597
2026-06-02 20:50:00,7599.25,7600.5,7596.5,7597.0,2837
2026-06-02 21:00:00,7597.0,7598.25,7587.5,7591.75,10897
2026-06-02 21:10:00,7591.5,7595.25,7590.25,7594.25,7962
2026-06-02 21:20:00,7594.0,7599.75,7594.0,7598.0,9493
2026-06-02 21:30:00,7598.25,7605.25,7596.5,7597.75,50787
2026-06-02 21:40:00,7598.0,7604.5,7595.5,7604.25,32114
2026-06-02 21:50:00,7604.25,7605.25,7601.5,7603.75,25387
2026-06-02 22:00:00,7603.5,7607.0,7600.0,7606.75,26481
2026-06-02 22:10:00,7606.5,7611.75,7606.5,7610.75,30591
2026-06-02 22:20:00,7610.75,7612.5,7603.0,7604.75,33739
2026-06-02 22:30:00,7605.0,7616.0,7604.75,7613.0,26702
2026-06-02 22:40:00,7613.0,7620.75,7611.75,7620.5,23000
2026-06-02 22:50:00,7620.75,7625.25,7620.0,7625.25,24172
2026-06-02 23:00:00,7625.25,7629.5,7621.75,7629.0,27309
2026-06-02 23:10:00,7629.25,7630.25,7626.25,7629.5,22329
2026-06-02 23:20:00,7629.5,7632.0,7626.5,7627.0,23377
2026-06-02 23:30:00,7626.75,7628.5,7624.75,7625.75,21954
2026-06-02 23:40:00,7625.75,7627.25,7623.5,7625.25,16441
2026-06-02 23:50:00,7625.25,7626.5,7623.5,7624.75,11267
2026-06-03 00:00:00,7624.75,7626.5,7621.75,7625.25,18634
2026-06-03 00:10:00,7625.0,7627.75,7622.75,7623.25,13725
2026-06-03 00:20:00,7623.0,7624.0,7620.0,7621.25,14175
2026-06-03 00:30:00,7621.25,7623.25,7618.75,7620.25,13732
2026-06-03 00:40:00,7620.0,7624.75,7620.0,7624.5,10531
2026-06-03 00:50:00,7624.5,7627.25,7624.0,7626.5,11679
2026-06-03 01:00:00,7626.5,7627.5,7624.0,7625.5,12317
2026-06-03 01:10:00,7625.25,7626.75,7620.5,7621.75,13320
2026-06-03 01:20:00,7621.5,7623.0,7617.0,7618.0,16778
2026-06-03 01:30:00,7618.0,7621.25,7615.75,7615.75,14500
2026-06-03 01:40:00,7615.75,7620.5,7615.5,7620.25,10607
2026-06-03 01:50:00,7620.25,7621.0,7616.25,7616.5,9275
2026-06-03 02:00:00,7616.75,7619.75,7616.0,7619.5,10314
2026-06-03 02:10:00,7619.5,7621.25,7616.5,7617.25,11298
2026-06-03 02:20:00,7617.25,7619.0,7616.5,7617.5,9473
2026-06-03 02:30:00,7617.5,7620.25,7614.75,7615.25,12512
2026-06-03 02:40:00,7615.0,7618.25,7614.25,7618.0,11063
2026-06-03 02:50:00,7618.0,7619.75,7616.5,7619.0,11508
2026-06-03 03:00:00,7619.0,7622.25,7618.75,7622.0,12790
2026-06-03 03:10:00,7622.0,7622.75,7620.0,7621.25,10822
2026-06-03 03:20:00,7621.25,7623.75,7620.75,7621.5,12387
2026-06-03 03:30:00,7621.5,7623.0,7621.0,7621.5,9761
2026-06-03 03:40:00,7621.5,7623.0,7619.5,7622.75,16179
2026-06-03 03:50:00,7622.75,7625.25,7621.0,7623.5,84875
2026-06-03 04:00:00,7623.5,7630.0,7623.25,7628.0,27310
2026-06-03 04:10:00,7627.75,7629.5,7626.25,7629.0,6875
2026-06-03 04:20:00,7629.0,7629.5,7625.75,7626.25,3376
2026-06-03 04:30:00,7626.25,7628.0,7625.75,7627.25,1791
2026-06-03 04:40:00,7627.25,7628.5,7627.0,7628.0,2311
2026-06-03 04:50:00,7628.25,7629.0,7627.75,7628.25,6268
2026-06-03 06:00:00,7628.0,7628.5,7623.0,7624.75,662
2026-06-03 06:10:00,7624.75,7626.5,7622.25,7624.25,1606
2026-06-03 06:20:00,7624.0,7625.75,7623.75,7625.0,1006
2026-06-03 06:30:00,7625.0,7627.0,7624.5,7625.0,937
2026-06-03 06:40:00,7625.0,7626.25,7623.75,7625.0,963
2026-06-03 06:50:00,7625.25,7625.25,7620.5,7621.5,2069
2026-06-03 07:00:00,7621.5,7622.0,7616.0,7616.0,2190
2026-06-03 07:10:00,7616.25,7616.75,7609.0,7609.75,4266
2026-06-03 07:20:00,7609.5,7610.75,7602.0,7610.25,8127
2026-06-03 07:30:00,7610.5,7616.75,7608.0,7616.5,4993
2026-06-03 07:40:00,7616.25,7622.75,7615.5,7620.25,5700
2026-06-03 07:50:00,7620.5,7625.75,7618.75,7624.5,2669
2026-06-03 08:00:00,7624.5,7626.5,7621.75,7622.75,2529
2026-06-03 08:10:00,7622.75,7624.0,7619.5,7623.5,1680
2026-06-03 08:20:00,7623.25,7624.5,7620.0,7622.25,891
2026-06-03 08:30:00,7622.5,7625.5,7621.5,7624.75,1092
2026-06-03 08:40:00,7625.0,7626.5,7624.25,7625.25,1244
2026-06-03 08:50:00,7625.5,7627.0,7625.0,7625.25,977
2026-06-03 09:00:00,7625.25,7626.0,7620.25,7621.5,1782
2026-06-03 09:10:00,7621.75,7622.75,7620.0,7621.75,975
2026-06-03 09:20:00,7621.75,7622.0,7620.5,7621.5,616
2026-06-03 09:30:00,7621.25,7623.5,7619.75,7620.5,1750
2026-06-03 09:40:00,7620.25,7620.75,7619.25,7620.25,2192
2026-06-03 09:50:00,7620.25,7622.5,7619.5,7621.75,1250
2026-06-03 10:00:00,7622.0,7622.5,7620.25,7621.5,773
2026-06-03 10:10:00,7621.5,7623.0,7621.5,7622.5,602
2026-06-03 10:20:00,7622.75,7623.0,7620.0,7621.25,968
2026-06-03 10:30:00,7621.25,7622.75,7620.5,7622.25,496
2026-06-03 10:40:00,7622.5,7622.75,7620.0,7620.75,514
2026-06-03 10:50:00,7620.5,7621.5,7620.0,7621.5,483
2026-06-03 11:00:00,7621.25,7622.0,7621.0,7621.25,494
2026-06-03 11:10:00,7621.5,7623.0,7621.5,7622.25,486
2026-06-03 11:20:00,7622.25,7624.5,7621.25,7621.25,715
2026-06-03 11:30:00,7621.5,7623.0,7621.5,7622.25,388
2026-06-03 11:40:00,7622.0,7623.5,7622.0,7622.25,379
2026-06-03 11:50:00,7622.0,7624.0,7621.75,7623.5,433
2026-06-03 12:00:00,7624.75,7624.75,7624.5,7624.75,728
2026-06-03 12:10:00,7624.75,7626.0,7624.0,7624.75,806
2026-06-03 12:20:00,7624.5,7625.0,7624.25,7624.5,291
2026-06-03 12:30:00,7624.75,7625.75,7624.0,7624.5,507
2026-06-03 12:40:00,7624.5,7625.0,7622.5,7623.25,569
2026-06-03 12:50:00,7623.0,7623.5,7622.0,7622.25,337
2026-06-03 13:00:00,7622.25,7622.75,7619.5,7622.25,1267
2026-06-03 13:10:00,7622.5,7624.25,7622.5,7623.5,1152
2026-06-03 13:20:00,7623.5,7624.5,7621.5,7621.75,663
2026-06-03 13:30:00,7621.75,7622.25,7619.0,7621.25,1050
2026-06-03 13:40:00,7621.5,7622.0,7618.75,7619.25,785
2026-06-03 13:50:00,7619.5,7620.0,7617.5,7619.0,924
2026-06-03 14:00:00,7619.0,7621.75,7618.75,7618.75,1785
2026-06-03 14:10:00,7618.75,7618.75,7615.75,7617.25,1691
2026-06-03 14:20:00,7617.5,7619.25,7617.25,7618.5,933
2026-06-03 14:30:00,7618.5,7621.0,7616.75,7620.5,1134
2026-06-03 14:40:00,7620.5,7622.0,7617.25,7618.25,2922
2026-06-03 14:50:00,7618.0,7619.75,7617.75,7619.25,738
2026-06-03 15:00:00,7619.0,7621.75,7617.75,7621.0,1975
2026-06-03 15:10:00,7621.25,7623.5,7620.5,7622.5,2001
2026-06-03 15:20:00,7622.25,7622.25,7618.5,7619.0,1304
2026-06-03 15:30:00,7619.0,7620.25,7617.75,7618.0,1980
2026-06-03 15:40:00,7618.0,7618.75,7615.75,7618.0,1922
2026-06-03 15:50:00,7618.0,7620.5,7618.0,7620.25,1283
2026-06-03 16:00:00,7620.25,7620.5,7617.25,7619.25,3211
2026-06-03 16:10:00,7619.0,7622.0,7618.25,7619.0,1682
2026-06-03 16:20:00,7619.0,7621.5,7615.25,7621.5,3851
2026-06-03 16:30:00,7621.5,7622.25,7618.25,7618.75,2098
2026-06-03 16:40:00,7618.75,7620.0,7617.25,7618.75,2089
2026-06-03 16:50:00,7619.0,7619.75,7617.75,7618.75,1100
2026-06-03 17:00:00,7618.5,7621.5,7617.5,7621.5,1829
2026-06-03 17:10:00,7621.5,7621.5,7617.75,7619.25,1451
2026-06-03 17:20:00,7619.25,7620.25,7616.75,7618.75,1885
2026-06-03 17:30:00,7618.75,7619.25,7615.75,7616.0,1933
2026-06-03 17:40:00,7616.0,7616.25,7613.25,7614.25,2416
2026-06-03 17:50:00,7614.25,7615.75,7611.25,7612.0,1973
2026-06-03 18:00:00,7612.0,7622.25,7610.5,7617.25,9580
2026-06-03 18:10:00,7617.25,7619.0,7614.0,7614.5,3029
2026-06-03 18:20:00,7614.75,7616.25,7613.5,7616.25,2389
2026-06-03 18:30:00,7616.0,7618.0,7614.0,7614.75,2879
2026-06-03 18:40:00,7614.75,7615.0,7611.0,7611.5,2187
2026-06-03 18:50:00,7611.5,7615.75,7611.5,7614.5,1482
2026-06-03 19:00:00,7614.5,7618.0,7614.5,7616.0,2065
2026-06-03 19:10:00,7616.0,7617.5,7615.75,7617.25,1390
2026-06-03 19:20:00,7617.5,7618.75,7616.25,7617.5,1820
2026-06-03 19:30:00,7617.5,7620.25,7617.5,7619.0,2197
2026-06-03 19:40:00,7619.0,7619.5,7617.0,7617.5,1614
2026-06-03 19:50:00,7617.75,7618.5,7616.25,7616.25,1705
2026-06-03 20:00:00,7616.5,7619.0,7616.0,7616.5,3063
2026-06-03 20:10:00,7616.5,7618.25,7612.75,7613.5,2698
2026-06-03 20:20:00,7613.5,7614.75,7611.25,7611.25,2890
2026-06-03 20:30:00,7611.25,7611.25,7604.0,7604.75,10304
2026-06-03 20:40:00,7604.75,7609.25,7604.75,7608.75,4903
2026-06-03 20:50:00,7608.5,7610.0,7603.75,7607.0,5313
2026-06-03 21:00:00,7607.0,7608.75,7605.75,7608.5,5328
2026-06-03 21:10:00,7608.25,7608.5,7605.5,7606.75,5178
2026-06-03 21:20:00,7606.75,7609.25,7605.75,7608.5,8623
2026-06-03 21:30:00,7608.5,7614.75,7602.75,7606.0,54806
2026-06-03 21:40:00,7606.0,7606.0,7575.25,7578.25,71144
2026-06-03 21:50:00,7578.25,7590.0,7574.0,7586.25,54074
2026-06-03 22:00:00,7586.5,7593.75,7585.0,7591.5,38327
2026-06-03 22:10:00,7591.25,7597.0,7587.5,7589.25,34787
2026-06-03 22:20:00,7589.25,7595.25,7586.5,7595.0,24155
2026-06-03 22:30:00,7594.75,7597.25,7590.75,7596.25,23250
2026-06-03 22:40:00,7596.25,7596.5,7586.25,7587.25,22517
2026-06-03 22:50:00,7587.25,7591.5,7583.75,7588.75,20269
2026-06-03 23:00:00,7589.0,7592.25,7585.5,7588.75,17802
2026-06-03 23:10:00,7588.75,7591.75,7585.75,7587.75,13470
2026-06-03 23:20:00,7588.0,7589.25,7580.5,7588.5,24723
2026-06-03 23:30:00,7588.5,7590.0,7578.75,7580.5,25272
2026-06-03 23:40:00,7580.5,7581.5,7574.75,7579.25,25182
2026-06-03 23:50:00,7579.0,7582.75,7577.0,7579.25,15659
2026-06-04 00:00:00,7579.25,7582.0,7576.75,7577.75,18315
2026-06-04 00:10:00,7577.75,7581.25,7573.0,7576.0,16911
2026-06-04 00:20:00,7576.0,7576.75,7565.75,7570.0,30498
2026-06-04 00:30:00,7570.0,7573.5,7565.75,7566.0,19769
2026-06-04 00:40:00,7565.75,7573.25,7562.5,7572.75,24371
2026-06-04 00:50:00,7572.75,7578.75,7570.5,7578.25,28263
2026-06-04 01:00:00,7578.0,7578.75,7572.25,7576.0,21142
2026-06-04 01:10:00,7576.25,7576.75,7567.0,7568.5,19109
2026-06-04 01:20:00,7568.75,7573.75,7568.25,7573.25,12161
2026-06-04 01:30:00,7573.25,7578.75,7568.75,7577.0,16089
2026-06-04 01:40:00,7577.0,7581.0,7576.5,7579.5,12342
2026-06-04 01:50:00,7579.25,7585.0,7579.25,7583.0,14940
2026-06-04 02:00:00,7583.0,7583.75,7579.75,7581.0,12804
2026-06-04 02:10:00,7581.0,7582.25,7577.25,7582.25,11538
2026-06-04 02:20:00,7582.0,7587.75,7578.0,7587.25,18937
2026-06-04 02:30:00,7587.25,7588.0,7582.5,7584.75,17050
2026-06-04 02:40:00,7584.75,7586.5,7583.0,7583.5,10291
2026-06-04 02:50:00,7583.25,7585.0,7582.25,7583.5,11161
2026-06-04 03:00:00,7583.5,7583.5,7575.75,7578.5,22879
2026-06-04 03:10:00,7578.75,7581.75,7574.25,7578.75,20704
2026-06-04 03:20:00,7578.5,7579.25,7573.5,7575.75,17723
2026-06-04 03:30:00,7575.75,7581.75,7573.5,7581.0,21754
2026-06-04 03:40:00,7580.75,7582.75,7578.75,7581.25,23410
2026-06-04 03:50:00,7581.25,7582.25,7568.5,7572.5,140589
2026-06-04 04:00:00,7572.5,7573.25,7566.0,7568.0,34643
2026-06-04 04:10:00,7568.0,7570.0,7552.5,7559.75,18786
2026-06-04 04:20:00,7559.5,7565.0,7557.75,7558.5,9339
2026-06-04 04:30:00,7558.5,7559.25,7550.0,7552.25,5197
2026-06-04 04:40:00,7552.25,7552.25,7543.0,7545.0,8797
2026-06-04 04:50:00,7545.0,7547.5,7541.75,7547.5,5296
2026-06-04 06:00:00,7539.75,7545.5,7533.25,7542.5,1479
2026-06-04 06:10:00,7542.75,7542.75,7534.5,7534.75,2516
2026-06-04 06:20:00,7534.75,7540.5,7532.5,7538.25,2392
2026-06-04 06:30:00,7537.75,7541.25,7536.25,7537.25,2081
2026-06-04 06:40:00,7537.0,7539.0,7534.0,7535.0,1320
2026-06-04 06:50:00,7535.0,7546.25,7530.5,7543.5,4913
2026-06-04 07:00:00,7543.5,7544.75,7534.75,7535.25,2795
2026-06-04 07:10:00,7535.25,7538.0,7532.75,7534.5,1398
2026-06-04 07:20:00,7534.25,7535.75,7531.75,7534.75,1605
2026-06-04 07:30:00,7535.0,7537.5,7529.0,7530.5,2177
2026-06-04 07:40:00,7530.5,7533.0,7529.0,7531.5,1391
2026-06-04 07:50:00,7531.25,7538.5,7531.0,7534.5,1880
2026-06-04 08:00:00,7534.25,7543.5,7531.5,7541.25,3890
2026-06-04 08:10:00,7541.25,7544.0,7535.5,7541.0,2554
2026-06-04 08:20:00,7541.0,7542.25,7537.75,7540.5,1450
2026-06-04 08:30:00,7540.25,7548.75,7540.25,7543.25,2736
2026-06-04 08:40:00,7543.5,7547.0,7542.5,7545.0,1488
2026-06-04 08:50:00,7545.25,7547.0,7542.25,7546.5,1268
2026-06-04 09:00:00,7546.5,7548.75,7545.75,7548.75,1657
2026-06-04 09:10:00,7548.75,7551.25,7544.0,7544.75,2197
2026-06-04 09:20:00,7544.75,7547.75,7542.75,7545.5,1274
2026-06-04 09:30:00,7545.5,7551.0,7545.5,7547.75,1452
2026-06-04 09:40:00,7547.5,7548.0,7541.75,7544.75,1121
2026-06-04 09:50:00,7544.5,7544.5,7536.5,7540.75,2128
2026-06-04 10:00:00,7540.75,7541.5,7536.5,7536.75,1322
2026-06-04 10:10:00,7536.75,7537.0,7527.5,7531.75,3016
2026-06-04 10:20:00,7531.5,7537.5,7531.0,7535.25,1550
2026-06-04 10:30:00,7535.5,7535.75,7531.25,7534.0,1768
2026-06-04 10:40:00,7533.75,7539.0,7533.75,7538.25,1555
2026-06-04 10:50:00,7538.25,7539.25,7534.25,7535.0,922
2026-06-04 11:00:00,7535.0,7539.25,7534.25,7538.75,1132
2026-06-04 11:10:00,7538.75,7541.25,7537.5,7541.0,945
2026-06-04 11:20:00,7541.0,7542.5,7539.5,7542.0,960
2026-06-04 11:30:00,7542.25,7544.75,7541.5,7543.0,1177
2026-06-04 11:40:00,7543.0,7543.0,7538.25,7539.0,778
2026-06-04 11:50:00,7538.75,7543.25,7538.75,7543.25,558
2026-06-04 12:00:00,7543.25,7543.5,7542.75,7543.0,659
2026-06-04 12:10:00,7543.0,7546.5,7543.0,7545.5,806
2026-06-04 12:20:00,7546.0,7546.75,7544.75,7545.25,567
2026-06-04 12:30:00,7545.25,7548.0,7543.75,7545.5,1041
2026-06-04 12:40:00,7545.5,7547.75,7544.5,7545.5,875
2026-06-04 12:50:00,7545.25,7546.5,7545.0,7546.25,543
2026-06-04 13:00:00,7546.0,7546.75,7539.75,7540.0,1256
2026-06-04 13:10:00,7540.0,7544.25,7538.5,7542.75,1310
2026-06-04 13:20:00,7542.75,7542.75,7539.25,7540.25,743
2026-06-04 13:30:00,7540.25,7544.0,7539.25,7542.5,1144
2026-06-04 13:40:00,7542.5,7545.0,7541.5,7542.0,869
2026-06-04 13:50:00,7542.0,7544.0,7539.5,7543.75,954
2026-06-04 14:00:00,7543.75,7547.0,7542.75,7546.5,1459
2026-06-04 14:10:00,7546.5,7547.25,7543.75,7544.5,1176
2026-06-04 14:20:00,7544.5,7546.0,7542.25,7546.0,1528
2026-06-04 14:30:00,7545.75,7549.0,7543.5,7548.75,1870
2026-06-04 14:40:00,7548.75,7551.0,7547.75,7549.25,1434
2026-06-04 14:50:00,7549.5,7553.0,7549.5,7552.75,2344
2026-06-04 15:00:00,7552.75,7557.0,7550.75,7555.0,3880
2026-06-04 15:10:00,7554.75,7557.5,7553.5,7554.75,2873
2026-06-04 15:20:00,7554.75,7556.25,7550.75,7556.25,2897
2026-06-04 15:30:00,7556.0,7557.75,7555.25,7555.75,2352
2026-06-04 15:40:00,7555.5,7555.75,7553.25,7555.0,1833
2026-06-04 15:50:00,7555.0,7555.0,7552.25,7553.75,1551
2026-06-04 16:00:00,7553.5,7553.75,7546.5,7548.25,3413
2026-06-04 16:10:00,7548.25,7549.5,7542.5,7543.25,4171
2026-06-04 16:20:00,7543.5,7544.0,7537.0,7543.75,5210
2026-06-04 16:30:00,7544.0,7550.0,7541.5,7546.25,5113
2026-06-04 16:40:00,7546.25,7547.0,7538.25,7538.75,2147
2026-06-04 16:50:00,7538.75,7542.5,7538.0,7540.75,2398
2026-06-04 17:00:00,7540.5,7540.5,7534.0,7537.75,4482
2026-06-04 17:10:00,7538.0,7538.75,7532.25,7536.0,3913
2026-06-04 17:20:00,7535.75,7540.75,7535.75,7540.25,2695
2026-06-04 17:30:00,7540.25,7547.25,7538.75,7544.5,2957
2026-06-04 17:40:00,7544.25,7548.75,7542.5,7548.0,2334
2026-06-04 17:50:00,7548.0,7549.75,7546.5,7547.75,1870
2026-06-04 18:00:00,7547.75,7547.75,7544.0,7544.5,1863
2026-06-04 18:10:00,7544.25,7544.5,7540.0,7540.25,2195
2026-06-04 18:20:00,7540.25,7542.25,7537.25,7537.75,2059
2026-06-04 18:30:00,7537.75,7540.25,7536.25,7537.0,2300
2026-06-04 18:40:00,7536.75,7537.5,7533.5,7534.0,2285
2026-06-04 18:50:00,7534.0,7534.0,7528.0,7533.5,5252
2026-06-04 19:00:00,7533.75,7538.0,7533.25,7534.75,4716
2026-06-04 19:10:00,7534.5,7543.75,7532.75,7541.75,3759
2026-06-04 19:20:00,7541.75,7543.0,7535.5,7540.25,4076
2026-06-04 19:30:00,7540.5,7542.75,7524.5,7533.0,8628
2026-06-04 19:40:00,7533.0,7538.0,7528.75,7537.5,6063
2026-06-04 19:50:00,7537.75,7546.0,7537.25,7544.0,7520
2026-06-04 20:00:00,7543.75,7547.5,7539.5,7543.0,6961
2026-06-04 20:10:00,7543.0,7544.5,7536.75,7539.25,6224
2026-06-04 20:20:00,7539.25,7543.75,7538.75,7542.0,3774
2026-06-04 20:30:00,7542.0,7549.0,7541.75,7546.5,5889
2026-06-04 20:40:00,7546.75,7550.5,7545.5,7549.75,5177
2026-06-04 20:50:00,7549.75,7552.5,7547.25,7550.25,3597
2026-06-04 21:00:00,7550.25,7552.0,7548.0,7549.25,5252
2026-06-04 21:10:00,7549.25,7555.0,7547.5,7554.0,8345
2026-06-04 21:20:00,7554.0,7554.25,7545.5,7548.25,12873
2026-06-04 21:30:00,7548.25,7561.5,7541.75,7556.75,65782
2026-06-04 21:40:00,7557.0,7557.5,7543.5,7553.25,41730
2026-06-04 21:50:00,7553.25,7564.5,7549.5,7559.5,38893
2026-06-04 22:00:00,7559.25,7562.5,7549.75,7554.5,38233
2026-06-04 22:10:00,7554.25,7564.75,7554.0,7559.5,34216
2026-06-04 22:20:00,7559.5,7570.5,7558.25,7568.0,30352
2026-06-04 22:30:00,7567.75,7569.5,7562.25,7564.25,31349
2026-06-04 22:40:00,7564.25,7570.0,7561.25,7564.75,24946
2026-06-04 22:50:00,7565.0,7569.75,7562.75,7569.75,16864
2026-06-04 23:00:00,7569.5,7582.75,7569.5,7581.5,31194
2026-06-04 23:10:00,7581.5,7587.5,7579.25,7584.5,26217
2026-06-04 23:20:00,7584.5,7586.75,7581.25,7586.5,20801
2026-06-04 23:30:00,7586.5,7587.5,7582.5,7584.25,17825
2026-06-04 23:40:00,7584.25,7585.25,7575.75,7577.0,20081
2026-06-04 23:50:00,7577.0,7582.5,7575.5,7581.0,17141
2026-06-05 00:00:00,7581.25,7591.5,7579.5,7589.75,16429
2026-06-05 00:10:00,7590.0,7593.75,7589.0,7592.0,14818
2026-06-05 00:20:00,7592.0,7595.0,7591.25,7593.5,12542
2026-06-05 00:30:00,7593.5,7596.75,7588.5,7595.5,21043
2026-06-05 00:40:00,7595.5,7596.75,7593.5,7595.25,12044
2026-06-05 00:50:00,7595.25,7597.5,7595.25,7596.5,11329
2026-06-05 01:00:00,7596.5,7597.75,7594.0,7597.25,12303
2026-06-05 01:10:00,7597.25,7598.0,7595.0,7596.75,10466
2026-06-05 01:20:00,7596.5,7600.0,7594.25,7599.5,13014
2026-06-05 01:30:00,7599.25,7602.5,7598.25,7599.25,17049
2026-06-05 01:40:00,7599.0,7602.25,7599.0,7602.25,7341
2026-06-05 01:50:00,7602.25,7605.5,7601.0,7604.75,11519
2026-06-05 02:00:00,7604.75,7607.0,7603.75,7605.5,16568
2026-06-05 02:10:00,7605.5,7607.0,7603.5,7606.75,11342
2026-06-05 02:20:00,7606.75,7607.5,7605.5,7606.0,10338
2026-06-05 02:30:00,7606.0,7607.5,7604.0,7606.25,10687
2026-06-05 02:40:00,7606.0,7608.0,7604.75,7606.75,9098
2026-06-05 02:50:00,7607.0,7607.5,7603.0,7604.5,10441
2026-06-05 03:00:00,7604.5,7609.0,7604.25,7607.25,12642
2026-06-05 03:10:00,7607.5,7607.75,7604.0,7605.25,12846
2026-06-05 03:20:00,7605.0,7611.25,7604.75,7611.0,15401
2026-06-05 03:30:00,7611.0,7611.5,7609.0,7610.25,14772
2026-06-05 03:40:00,7610.25,7610.25,7604.5,7606.75,20678
2026-06-05 03:50:00,7606.5,7609.0,7598.25,7599.75,109630
2026-06-05 04:00:00,7599.75,7602.0,7593.0,7595.25,29197
2026-06-05 04:10:00,7595.25,7595.5,7591.0,7591.5,8613
2026-06-05 04:20:00,7591.5,7592.0,7587.5,7588.75,4080
2026-06-05 04:30:00,7588.75,7590.75,7588.25,7589.5,2858
2026-06-05 04:40:00,7589.5,7591.25,7587.25,7587.25,3001
2026-06-05 04:50:00,7587.5,7590.25,7587.25,7587.75,3059
2026-06-05 06:00:00,7589.5,7591.0,7584.5,7586.75,784
2026-06-05 06:10:00,7586.75,7586.75,7582.5,7584.75,1209
2026-06-05 06:20:00,7584.75,7586.0,7578.25,7581.5,1754
2026-06-05 06:30:00,7581.75,7583.75,7580.5,7582.25,887
2026-06-05 06:40:00,7582.25,7585.0,7582.0,7584.25,1053
2026-06-05 06:50:00,7584.5,7586.25,7584.25,7585.75,714
2026-06-05 07:00:00,7586.0,7586.75,7582.25,7582.75,860
2026-06-05 07:10:00,7583.0,7583.5,7577.75,7578.5,1808
2026-06-05 07:20:00,7578.5,7580.0,7576.25,7579.25,2178
2026-06-05 07:30:00,7579.5,7579.5,7576.0,7577.0,1447
2026-06-05 07:40:00,7577.25,7577.5,7573.25,7574.75,1887
2026-06-05 07:50:00,7574.75,7576.75,7573.25,7573.5,1213
2026-06-05 08:00:00,7573.5,7573.5,7567.0,7568.0,3820
2026-06-05 08:10:00,7568.0,7569.25,7563.0,7564.5,4016
2026-06-05 08:20:00,7564.25,7567.25,7561.5,7564.5,2912
2026-06-05 08:30:00,7564.5,7566.75,7561.0,7562.5,2529
2026-06-05 08:40:00,7562.5,7565.0,7560.0,7561.75,2653
2026-06-05 08:50:00,7561.75,7562.25,7556.75,7559.0,3581
2026-06-05 09:00:00,7559.25,7560.25,7556.0,7557.5,2779
2026-06-05 09:10:00,7557.25,7558.5,7555.25,7557.75,2041
2026-06-05 09:20:00,7558.0,7558.0,7546.75,7550.75,5310
2026-06-05 09:30:00,7551.0,7556.75,7550.5,7553.25,2813
2026-06-05 09:40:00,7553.0,7556.0,7552.5,7553.25,2416
2026-06-05 09:50:00,7553.25,7561.0,7552.0,7560.75,3112
2026-06-05 10:00:00,7560.5,7563.5,7558.25,7562.0,2186
2026-06-05 10:10:00,7562.0,7565.5,7561.0,7562.0,2356
2026-06-05 10:20:00,7562.25,7566.5,7562.0,7565.0,1070
2026-06-05 10:30:00,7565.0,7566.0,7563.0,7563.5,1531
2026-06-05 10:40:00,7563.75,7563.75,7559.75,7560.0,1334
2026-06-05 10:50:00,7560.25,7564.0,7560.25,7561.25,890
2026-06-05 11:00:00,7561.5,7562.0,7557.0,7560.0,1266
2026-06-05 11:10:00,7560.0,7564.0,7559.75,7561.75,1155
2026-06-05 11:20:00,7561.5,7563.5,7558.5,7558.75,929
2026-06-05 11:30:00,7559.0,7561.0,7557.5,7559.5,941
2026-06-05 11:40:00,7559.5,7560.5,7556.75,7556.75,763
2026-06-05 11:50:00,7556.75,7557.5,7553.75,7556.75,1201
2026-06-05 12:00:00,7557.75,7558.25,7557.75,7558.25,1130
2026-06-05 12:10:00,7558.5,7559.75,7556.5,7557.75,761
2026-06-05 12:20:00,7558.0,7561.75,7557.5,7557.75,750
2026-06-05 12:30:00,7557.75,7560.75,7556.25,7560.75,944
2026-06-05 12:40:00,7560.75,7562.75,7558.5,7562.25,871
2026-06-05 12:50:00,7562.25,7565.5,7562.0,7563.75,1086
2026-06-05 13:00:00,7564.0,7564.25,7559.25,7560.0,1666
2026-06-05 13:10:00,7560.0,7561.25,7558.5,7561.0,712
2026-06-05 13:20:00,7561.0,7563.25,7559.25,7559.75,1002
2026-06-05 13:30:00,7559.5,7564.0,7559.5,7563.0,956
2026-06-05 13:40:00,7563.0,7564.5,7559.0,7560.0,1146
2026-06-05 13:50:00,7560.0,7560.75,7556.75,7558.0,1125
2026-06-05 14:00:00,7558.0,7565.0,7557.75,7563.5,2315
2026-06-05 14:10:00,7563.25,7564.0,7556.0,7557.0,1710
2026-06-05 14:20:00,7556.5,7557.0,7553.5,7555.25,1665
2026-06-05 14:30:00,7555.5,7556.75,7553.75,7554.25,1624
2026-06-05 14:40:00,7554.25,7555.25,7550.75,7553.5,2273
2026-06-05 14:50:00,7553.25,7556.0,7552.75,7554.0,1529
2026-06-05 15:00:00,7554.0,7555.25,7549.25,7550.5,3479
2026-06-05 15:10:00,7550.5,7552.75,7548.25,7549.5,2667
2026-06-05 15:20:00,7549.5,7555.75,7547.25,7555.25,3565
2026-06-05 15:30:00,7555.25,7560.0,7554.75,7557.75,3144
2026-06-05 15:40:00,7557.75,7558.5,7556.0,7557.75,1615
2026-06-05 15:50:00,7557.5,7559.75,7556.25,7557.25,1796
2026-06-05 16:00:00,7557.5,7559.25,7554.5,7558.25,3335
2026-06-05 16:10:00,7558.0,7560.0,7556.75,7559.5,2230
2026-06-05 16:20:00,7559.5,7566.5,7558.5,7566.5,4560
2026-06-05 16:30:00,7566.5,7568.5,7564.75,7564.75,3352
2026-06-05 16:40:00,7564.75,7565.25,7561.0,7562.5,1974
2026-06-05 16:50:00,7562.5,7562.75,7559.5,7560.25,1919
2026-06-05 17:00:00,7560.5,7562.75,7559.75,7560.25,1739
2026-06-05 17:10:00,7560.5,7578.75,7560.0,7569.25,11323
2026-06-05 17:20:00,7569.5,7570.0,7565.0,7566.25,3271
2026-06-05 17:30:00,7566.5,7568.25,7564.0,7565.0,2668
2026-06-05 17:40:00,7565.0,7567.75,7563.75,7566.75,1726
2026-06-05 17:50:00,7566.5,7569.0,7566.25,7567.75,1694
2026-06-05 18:00:00,7567.75,7569.5,7567.25,7569.5,1336
2026-06-05 18:10:00,7569.25,7571.25,7568.25,7571.25,1249
2026-06-05 18:20:00,7571.5,7574.25,7570.5,7573.5,1910
2026-06-05 18:30:00,7573.5,7574.0,7570.75,7571.75,1586
2026-06-05 18:40:00,7572.25,7573.0,7570.5,7571.25,1082
2026-06-05 18:50:00,7571.25,7571.5,7568.25,7568.5,1727
2026-06-05 19:00:00,7568.25,7570.0,7567.0,7567.75,2218
2026-06-05 19:10:00,7567.75,7569.25,7564.5,7565.75,2104
2026-06-05 19:20:00,7565.75,7569.5,7559.5,7568.75,5970
2026-06-05 19:30:00,7568.5,7571.0,7566.5,7566.75,3160
2026-06-05 19:40:00,7566.75,7569.25,7565.25,7566.5,3017
2026-06-05 19:50:00,7566.25,7566.75,7562.5,7563.25,3309
2026-06-05 20:00:00,7563.25,7563.5,7560.5,7561.0,3022
2026-06-05 20:10:00,7561.25,7563.25,7557.5,7562.5,3735
2026-06-05 20:20:00,7562.5,7563.25,7557.75,7558.75,4167
2026-06-05 20:30:00,7558.5,7568.25,7544.5,7554.0,16455
2026-06-05 20:40:00,7554.0,7563.0,7553.75,7561.75,9637
2026-06-05 20:50:00,7561.75,7562.0,7548.25,7549.75,9697
2026-06-05 21:00:00,7549.75,7551.75,7543.5,7548.5,11077
2026-06-05 21:10:00,7548.5,7550.0,7544.5,7547.75,7969
2026-06-05 21:20:00,7547.75,7549.75,7543.5,7548.25,12852
2026-06-05 21:30:00,7548.0,7553.0,7535.0,7540.0,73208
2026-06-05 21:40:00,7540.25,7540.75,7517.5,7518.5,68904
2026-06-05 21:50:00,7518.5,7525.5,7510.5,7511.25,66584
2026-06-05 22:00:00,7511.25,7522.5,7505.75,7522.0,85768
2026-06-05 22:10:00,7522.25,7533.5,7517.25,7533.0,52247
2026-06-05 22:20:00,7533.25,7533.25,7512.75,7516.25,41069
2026-06-05 22:30:00,7516.25,7531.5,7515.0,7526.0,41515
2026-06-05 22:40:00,7526.0,7527.5,7515.0,7518.0,37481
2026-06-05 22:50:00,7518.0,7525.0,7516.5,7523.0,29110
2026-06-05 23:00:00,7523.0,7526.25,7512.5,7513.5,30412
2026-06-05 23:10:00,7513.5,7516.5,7506.25,7510.75,29505
2026-06-05 23:20:00,7510.75,7512.25,7499.75,7505.75,37883
2026-06-05 23:30:00,7505.5,7509.0,7491.75,7492.5,35821
2026-06-05 23:40:00,7492.5,7495.25,7486.25,7488.25,46592
2026-06-05 23:50:00,7488.0,7493.75,7487.0,7490.25,26406
2026-06-06 00:00:00,7490.0,7490.5,7475.0,7476.75,39411
2026-06-06 00:10:00,7476.75,7483.0,7470.5,7472.25,35757
2026-06-06 00:20:00,7472.25,7480.0,7471.0,7471.75,30366
2026-06-06 00:30:00,7471.75,7472.5,7461.75,7466.75,40940
2026-06-06 00:40:00,7466.5,7468.5,7449.0,7460.25,51231
2026-06-06 00:50:00,7460.0,7470.75,7457.0,7469.75,43845
2026-06-06 01:00:00,7469.75,7470.25,7457.25,7459.5,30919
2026-06-06 01:10:00,7459.25,7461.25,7452.25,7457.25,25166
2026-06-06 01:20:00,7457.0,7466.0,7452.0,7464.75,30509
2026-06-06 01:30:00,7464.75,7474.25,7459.75,7473.75,29323
2026-06-06 01:40:00,7473.75,7477.75,7460.75,7464.25,33990
2026-06-06 01:50:00,7464.25,7472.0,7462.0,7471.25,22042
2026-06-06 02:00:00,7471.5,7472.5,7455.25,7456.5,29880
2026-06-06 02:10:00,7456.75,7458.75,7437.5,7438.75,40718
2026-06-06 02:20:00,7438.75,7444.5,7429.5,7433.25,41131
2026-06-06 02:30:00,7433.25,7435.75,7425.25,7430.5,35586
2026-06-06 02:40:00,7430.25,7431.0,7410.25,7420.75,56155
2026-06-06 02:50:00,7420.75,7426.5,7409.25,7416.25,55789
2026-06-06 03:00:00,7416.25,7418.0,7399.5,7404.5,46796
2026-06-06 03:10:00,7404.5,7405.25,7379.75,7387.75,59573
2026-06-06 03:20:00,7387.75,7409.75,7383.25,7409.0,65537
2026-06-06 03:30:00,7409.0,7413.0,7397.0,7411.75,55865
2026-06-06 03:40:00,7411.75,7414.75,7394.5,7412.5,67246
2026-06-06 03:50:00,7412.25,7423.0,7397.25,7400.25,174673
2026-06-06 04:00:00,7400.25,7401.5,7370.75,7375.25,82358
2026-06-06 04:10:00,7375.25,7375.5,7360.75,7362.75,28308
2026-06-06 04:20:00,7362.75,7371.5,7362.75,7369.75,10064
2026-06-06 04:30:00,7369.75,7370.0,7359.0,7364.5,6635
2026-06-06 04:40:00,7364.5,7366.5,7361.0,7366.0,6670
2026-06-06 04:50:00,7365.75,7400.5,7365.5,7400.5,7456
2026-06-08 06:10:00,7369.0,7394.25,7367.5,7388.25,8241
2026-06-08 06:20:00,7388.0,7396.25,7382.0,7383.75,4698
2026-06-08 06:30:00,7384.0,7391.25,7381.0,7389.25,3451
2026-06-08 06:40:00,7389.25,7391.75,7380.75,7384.5,3493
2026-06-08 06:50:00,7384.5,7386.75,7355.5,7368.0,7670
2026-06-08 07:00:00,7368.0,7384.0,7368.0,7384.0,3252
2026-06-08 07:10:00,7384.0,7386.5,7376.75,7379.75,2476
2026-06-08 07:20:00,7379.5,7383.75,7373.75,7381.0,2549
2026-06-08 07:30:00,7381.0,7387.25,7380.75,7383.5,1871
2026-06-08 07:40:00,7383.5,7401.5,7383.25,7398.75,4667
2026-06-08 07:50:00,7398.5,7404.25,7395.5,7400.5,3221
2026-06-08 08:00:00,7400.0,7407.25,7395.75,7405.25,4624
2026-06-08 08:10:00,7405.25,7411.25,7399.25,7408.75,5193
2026-06-08 08:20:00,7408.75,7416.0,7408.75,7415.0,4056
2026-06-08 08:30:00,7415.0,7423.0,7414.0,7422.5,4702
2026-06-08 08:40:00,7422.5,7422.75,7411.5,7415.75,5981
2026-06-08 08:50:00,7415.75,7416.5,7406.5,7415.25,4084
2026-06-08 09:00:00,7415.5,7419.0,7412.25,7415.0,3918
2026-06-08 09:10:00,7415.25,7416.0,7397.75,7399.75,7915
2026-06-08 09:20:00,7399.5,7405.5,7391.25,7393.0,6211
2026-06-08 09:30:00,7393.0,7404.75,7384.25,7396.25,9144
2026-06-08 09:40:00,7396.5,7409.5,7394.5,7404.75,5252
2026-06-08 09:50:00,7404.75,7408.0,7400.5,7405.75,2869
2026-06-08 10:00:00,7406.25,7410.75,7401.5,7403.0,2568
2026-06-08 10:10:00,7403.25,7407.5,7400.75,7401.0,2274
2026-06-08 10:20:00,7401.5,7410.0,7401.0,7408.25,2725
2026-06-08 10:30:00,7408.25,7413.0,7401.25,7412.0,4868
2026-06-08 10:40:00,7411.75,7419.25,7411.0,7418.0,3135
2026-06-08 10:50:00,7417.75,7418.25,7412.0,7414.5,2507
2026-06-08 11:00:00,7414.75,7418.5,7413.0,7417.75,2042
2026-06-08 11:10:00,7417.5,7418.5,7411.0,7412.0,1759
2026-06-08 11:20:00,7412.0,7418.25,7410.75,7417.0,1695
2026-06-08 11:30:00,7416.75,7419.25,7416.0,7417.0,1098
2026-06-08 11:40:00,7416.75,7418.5,7415.25,7416.25,732
2026-06-08 11:50:00,7415.75,7418.75,7415.0,7415.5,875
2026-06-08 12:00:00,7416.75,7418.75,7410.5,7413.5,1723
2026-06-08 12:10:00,7413.25,7416.25,7410.5,7410.75,1401
2026-06-08 12:20:00,7410.75,7412.25,7407.75,7411.75,1712
2026-06-08 12:30:00,7412.0,7413.0,7404.75,7405.5,2204
2026-06-08 12:40:00,7405.75,7407.0,7401.5,7404.5,1954
2026-06-08 12:50:00,7404.25,7408.5,7400.75,7401.25,1497
2026-06-08 13:00:00,7401.25,7408.75,7401.25,7404.0,1803
2026-06-08 13:10:00,7404.25,7404.5,7395.5,7401.25,3239
2026-06-08 13:20:00,7401.5,7404.0,7397.5,7402.25,1646
2026-06-08 13:30:00,7402.25,7403.5,7387.5,7392.75,3873
2026-06-08 13:40:00,7392.75,7393.75,7386.25,7387.5,2910
2026-06-08 13:50:00,7387.5,7392.75,7387.0,7391.5,2810
2026-06-08 14:00:00,7391.75,7400.0,7389.75,7395.5,4261
2026-06-08 14:10:00,7396.0,7396.5,7391.25,7395.25,2011
2026-06-08 14:20:00,7395.25,7409.75,7395.0,7407.25,4237
2026-06-08 14:30:00,7407.25,7409.75,7397.0,7399.0,3701
2026-06-08 14:40:00,7398.75,7402.0,7395.75,7396.25,2319
2026-06-08 14:50:00,7396.25,7402.75,7394.25,7402.5,2597
2026-06-08 15:00:00,7402.5,7407.75,7400.5,7407.25,5638
2026-06-08 15:10:00,7407.0,7415.25,7404.0,7412.75,6073
2026-06-08 15:20:00,7412.75,7423.5,7412.75,7420.75,7359
2026-06-08 15:30:00,7421.0,7423.75,7415.75,7421.75,5113
2026-06-08 15:40:00,7422.0,7429.0,7420.0,7427.75,4535
2026-06-08 15:50:00,7427.5,7428.5,7422.0,7423.25,4314
2026-06-08 16:00:00,7423.0,7423.75,7416.75,7422.25,7645
2026-06-08 16:10:00,7422.25,7422.75,7415.75,7420.25,4368
2026-06-08 16:20:00,7420.0,7420.25,7413.0,7417.25,3855
2026-06-08 16:30:00,7417.25,7421.25,7414.25,7414.5,3312
2026-06-08 16:40:00,7414.5,7415.75,7409.25,7415.5,5121
2026-06-08 16:50:00,7415.5,7417.25,7410.5,7413.75,4680
2026-06-08 17:00:00,7413.75,7417.25,7407.5,7408.0,3162
2026-06-08 17:10:00,7407.75,7418.0,7407.25,7416.5,2948
2026-06-08 17:20:00,7416.25,7420.25,7415.25,7416.5,2345
2026-06-08 17:30:00,7416.75,7431.0,7412.0,7418.75,7416
2026-06-08 17:40:00,7418.75,7426.75,7417.5,7425.25,3471
2026-06-08 17:50:00,7425.25,7427.5,7422.5,7427.25,2945
2026-06-08 18:00:00,7427.5,7427.75,7416.0,7425.5,5581
2026-06-08 18:10:00,7425.25,7426.75,7418.5,7418.5,2453
2026-06-08 18:20:00,7418.5,7421.25,7414.0,7420.25,2849
2026-06-08 18:30:00,7420.25,7435.75,7419.25,7428.5,9242
2026-06-08 18:40:00,7428.5,7431.0,7426.25,7427.5,2574
2026-06-08 18:50:00,7427.5,7430.25,7424.75,7428.25,6320
2026-06-08 19:00:00,7428.25,7430.5,7422.75,7430.5,4362
2026-06-08 19:10:00,7430.5,7452.25,7430.25,7449.0,20699
2026-06-08 19:20:00,7448.75,7454.25,7445.75,7452.0,9885
2026-06-08 19:30:00,7452.25,7457.0,7452.0,7456.0,7542
2026-06-08 19:40:00,7456.0,7457.75,7445.0,7448.25,7429
2026-06-08 19:50:00,7448.25,7449.75,7445.0,7447.0,4128
2026-06-08 20:00:00,7447.0,7456.5,7446.0,7456.25,9462
2026-06-08 20:10:00,7456.25,7456.75,7451.0,7454.25,5068
2026-06-08 20:20:00,7453.75,7458.75,7453.0,7458.25,6263
2026-06-08 20:30:00,7458.0,7463.75,7458.0,7460.0,8434
2026-06-08 20:40:00,7460.0,7467.75,7459.0,7462.25,8768
2026-06-08 20:50:00,7462.25,7462.5,7456.5,7459.25,7513
2026-06-08 21:00:00,7459.25,7465.0,7459.25,7464.0,8982
2026-06-08 21:10:00,7464.0,7464.5,7460.25,7463.75,7388
2026-06-08 21:20:00,7463.75,7471.75,7456.5,7457.25,17721
2026-06-08 21:30:00,7457.5,7469.25,7439.0,7439.25,81987
2026-06-08 21:40:00,7439.25,7458.5,7438.0,7448.75,60821
2026-06-08 21:50:00,7448.75,7460.5,7431.0,7431.5,50927
2026-06-08 22:00:00,7431.25,7448.5,7429.0,7446.25,51182
2026-06-08 22:10:00,7446.5,7448.0,7431.5,7438.75,37244
2026-06-08 22:20:00,7438.75,7453.25,7434.75,7448.0,37279
2026-06-08 22:30:00,7447.75,7459.75,7445.5,7455.5,37534
2026-06-08 22:40:00,7455.25,7466.0,7442.0,7458.75,42954
2026-06-08 22:50:00,7458.75,7473.5,7455.75,7473.25,29161
2026-06-08 23:00:00,7473.0,7476.75,7468.5,7474.25,30950
2026-06-08 23:10:00,7474.5,7475.5,7467.0,7471.25,28588
2026-06-08 23:20:00,7471.5,7474.25,7453.75,7455.25,33085
2026-06-08 23:30:00,7455.25,7458.75,7440.75,7457.5,44928
2026-06-08 23:40:00,7457.25,7466.0,7454.0,7456.25,29615
2026-06-08 23:50:00,7456.0,7464.25,7447.0,7450.0,25016
2026-06-09 00:00:00,7450.0,7455.0,7444.25,7448.75,23158
2026-06-09 00:10:00,7448.75,7459.75,7445.75,7459.5,17919
2026-06-09 00:20:00,7459.5,7462.25,7443.25,7443.75,22650
2026-06-09 00:30:00,7444.0,7448.5,7437.25,7440.0,23889
2026-06-09 00:40:00,7439.75,7452.0,7438.25,7447.0,18546
2026-06-09 00:50:00,7447.25,7449.5,7441.0,7441.5,15969
2026-06-09 01:00:00,7441.5,7442.0,7425.5,7430.75,30941
2026-06-09 01:10:00,7430.75,7434.25,7423.0,7425.75,26834
2026-06-09 01:20:00,7425.75,7443.0,7423.5,7442.5,27245
2026-06-09 01:30:00,7442.5,7446.5,7427.75,7434.25,29305
2026-06-09 01:40:00,7434.0,7436.25,7425.75,7436.25,22792
2026-06-09 01:50:00,7436.5,7439.75,7431.25,7433.75,16011
2026-06-09 02:00:00,7433.75,7445.5,7433.5,7441.5,20835
2026-06-09 02:10:00,7441.5,7443.5,7432.75,7438.25,17913
2026-06-09 02:20:00,7438.5,7443.25,7435.0,7441.75,14049
2026-06-09 02:30:00,7442.0,7447.0,7431.0,7432.0,18990
2026-06-09 02:40:00,7432.0,7438.0,7430.0,7432.25,18006
2026-06-09 02:50:00,7432.5,7437.75,7431.0,7432.0,14291
2026-06-09 03:00:00,7432.0,7434.25,7424.0,7424.0,18801
2026-06-09 03:10:00,7424.25,7424.5,7411.5,7414.75,35757
2026-06-09 03:20:00,7414.5,7419.5,7403.75,7414.5,32593
2026-06-09 03:30:00,7414.5,7424.25,7413.0,7416.0,34591
2026-06-09 03:40:00,7416.0,7421.5,7411.25,7415.5,30698
2026-06-09 03:50:00,7415.75,7422.5,7410.5,7415.75,102147
2026-06-09 04:00:00,7415.75,7419.0,7411.25,7416.0,26389
2026-06-09 04:10:00,7416.25,7417.75,7410.0,7411.0,8438
2026-06-09 04:20:00,7411.0,7413.25,7407.5,7413.0,5526
2026-06-09 04:30:00,7412.75,7413.75,7410.75,7412.0,2107
2026-06-09 04:40:00,7412.0,7413.0,7409.5,7411.75,1984
2026-06-09 04:50:00,7411.5,7413.75,7410.5,7412.25,3042
2026-06-09 06:00:00,7412.75,7416.75,7398.25,7401.75,2311
2026-06-09 06:10:00,7401.75,7402.75,7390.75,7395.25,3538
2026-06-09 06:20:00,7416.0,7416.0,7395.0,7395.75,2423
2026-06-09 06:30:00,7396.25,7404.0,7396.25,7402.75,1670
2026-06-09 06:40:00,7403.0,7406.5,7401.75,7405.75,1261
2026-06-09 06:50:00,7405.75,7412.75,7404.75,7411.75,1662
2026-06-09 07:00:00,7411.75,7411.75,7408.75,7410.75,720
2026-06-09 07:10:00,7410.75,7416.5,7410.25,7412.25,1930
2026-06-09 07:20:00,7412.0,7414.75,7411.5,7412.25,997
2026-06-09 07:30:00,7412.0,7418.0,7410.25,7418.0,1555
2026-06-09 07:40:00,7418.0,7419.25,7407.25,7409.0,2188
2026-06-09 07:50:00,7408.75,7411.0,7403.25,7410.5,2319
2026-06-09 08:00:00,7410.0,7411.75,7394.25,7395.5,5444
2026-06-09 08:10:00,7395.75,7402.25,7395.0,7396.25,3252
2026-06-09 08:20:00,7396.0,7400.25,7393.75,7399.5,2948
2026-06-09 08:30:00,7399.5,7401.0,7391.0,7392.5,3480
2026-06-09 08:40:00,7392.25,7398.0,7392.0,7395.25,2164
2026-06-09 08:50:00,7395.25,7397.25,7390.25,7395.25,2275
2026-06-09 09:00:00,7395.5,7399.75,7393.25,7395.75,2124
2026-06-09 09:10:00,7396.0,7403.75,7395.0,7402.5,2105
2026-06-09 09:20:00,7402.5,7417.75,7402.25,7413.75,4116
2026-06-09 09:30:00,7413.75,7419.0,7412.0,7418.5,2247
2026-06-09 09:40:00,7418.5,7428.0,7416.5,7425.0,3578
2026-06-09 09:50:00,7424.75,7426.5,7418.5,7419.75,2266
2026-06-09 10:00:00,7419.75,7424.0,7419.0,7423.75,1773
2026-06-09 10:10:00,7423.75,7424.75,7419.0,7419.75,1220
2026-06-09 10:20:00,7419.5,7421.0,7415.5,7420.0,1589
2026-06-09 10:30:00,7420.25,7423.5,7417.0,7420.0,1714
2026-06-09 10:40:00,7420.0,7425.25,7419.75,7422.5,1174
2026-06-09 10:50:00,7422.25,7424.0,7419.75,7423.5,763
2026-06-09 11:00:00,7423.25,7426.0,7421.25,7424.25,1814
2026-06-09 11:10:00,7424.25,7429.0,7423.5,7426.5,1451
2026-06-09 11:20:00,7426.5,7427.75,7422.25,7425.25,1248
2026-06-09 11:30:00,7425.25,7430.25,7424.5,7429.75,1651
2026-06-09 11:40:00,7429.75,7433.0,7429.0,7430.0,1688
2026-06-09 11:50:00,7429.75,7430.75,7428.75,7429.75,797
2026-06-09 12:00:00,7431.25,7433.0,7431.25,7432.75,1091
2026-06-09 12:10:00,7432.75,7435.25,7430.75,7434.75,1230
2026-06-09 12:20:00,7434.5,7435.25,7431.75,7433.5,748
2026-06-09 12:30:00,7433.5,7437.25,7431.75,7437.0,1372
2026-06-09 12:40:00,7437.0,7437.25,7434.5,7436.25,780
2026-06-09 12:50:00,7436.25,7436.25,7433.25,7434.0,755
2026-06-09 13:00:00,7434.25,7437.5,7433.0,7433.5,1129
2026-06-09 13:10:00,7433.5,7435.75,7433.25,7434.0,685
2026-06-09 13:20:00,7433.75,7436.5,7432.25,7432.5,921
2026-06-09 13:30:00,7432.5,7440.0,7432.5,7437.0,2310
2026-06-09 13:40:00,7437.0,7440.75,7435.75,7440.5,1265
2026-06-09 13:50:00,7440.25,7440.25,7434.5,7436.5,1004
2026-06-09 14:00:00,7436.75,7438.5,7435.0,7437.5,1961
2026-06-09 14:10:00,7437.25,7441.75,7436.75,7439.5,1757
2026-06-09 14:20:00,7439.5,7442.0,7435.75,7436.5,1161
2026-06-09 14:30:00,7436.5,7437.0,7433.5,7436.25,1608
2026-06-09 14:40:00,7436.25,7437.75,7434.75,7435.5,1121
2026-06-09 14:50:00,7435.25,7435.5,7430.0,7433.5,1513
2026-06-09 15:00:00,7433.25,7446.75,7431.5,7445.0,4548
2026-06-09 15:10:00,7444.75,7446.25,7436.0,7437.5,2577
2026-06-09 15:20:00,7437.5,7440.5,7430.75,7433.5,3168
2026-06-09 15:30:00,7433.5,7436.5,7431.0,7433.5,2349
2026-06-09 15:40:00,7433.5,7439.0,7431.5,7436.75,1809
2026-06-09 15:50:00,7436.75,7437.75,7430.75,7432.5,1847
2026-06-09 16:00:00,7432.75,7438.75,7428.0,7438.0,3233
2026-06-09 16:10:00,7437.75,7445.5,7437.0,7442.25,5050
2026-06-09 16:20:00,7442.25,7444.75,7439.75,7443.25,2362
2026-06-09 16:30:00,7443.25,7448.5,7441.0,7447.5,3282
2026-06-09 16:40:00,7447.5,7449.0,7445.25,7446.25,1984
2026-06-09 16:50:00,7446.25,7446.25,7440.5,7442.0,1955
2026-06-09 17:00:00,7442.0,7446.5,7441.25,7446.5,1848
2026-06-09 17:10:00,7446.5,7448.75,7446.25,7448.0,1552
2026-06-09 17:20:00,7447.75,7450.75,7446.25,7449.25,1782
2026-06-09 17:30:00,7449.5,7449.5,7444.5,7448.5,2152
2026-06-09 17:40:00,7448.5,7450.0,7447.5,7448.75,776
2026-06-09 17:50:00,7449.25,7451.0,7448.5,7448.75,1765
2026-06-09 18:00:00,7448.75,7451.75,7434.5,7441.5,8074
2026-06-09 18:10:00,7441.5,7450.25,7441.25,7445.25,3333
2026-06-09 18:20:00,7445.25,7449.75,7445.0,7449.0,1074
2026-06-09 18:30:00,7449.25,7449.75,7445.75,7446.0,932
2026-06-09 18:40:00,7446.0,7448.0,7445.25,7447.5,1511
2026-06-09 18:50:00,7447.5,7456.0,7447.5,7451.25,4799
2026-06-09 19:00:00,7451.5,7454.75,7449.25,7452.5,2928
2026-06-09 19:10:00,7452.5,7452.5,7447.0,7449.5,2200
2026-06-09 19:20:00,7449.25,7449.5,7444.75,7446.75,1987
2026-06-09 19:30:00,7446.75,7449.75,7445.0,7446.5,2300
2026-06-09 19:40:00,7446.25,7451.5,7445.5,7446.0,3544
2026-06-09 19:50:00,7445.75,7448.0,7443.0,7443.5,2924
2026-06-09 20:00:00,7443.5,7448.0,7442.5,7447.25,3172
2026-06-09 20:10:00,7447.0,7447.25,7442.0,7444.0,3867
2026-06-09 20:20:00,7444.0,7445.5,7441.5,7443.5,4646
2026-06-09 20:30:00,7443.75,7455.75,7443.75,7451.25,7372
2026-06-09 20:40:00,7451.25,7452.25,7446.25,7448.25,4575
2026-06-09 20:50:00,7448.0,7456.75,7447.0,7456.25,4636
2026-06-09 21:00:00,7456.25,7459.75,7452.0,7457.25,11476
2026-06-09 21:10:00,7457.25,7457.25,7449.0,7450.75,5917
2026-06-09 21:20:00,7450.75,7459.5,7450.5,7458.5,9868
2026-06-09 21:30:00,7458.75,7470.75,7454.5,7466.0,60057
2026-06-09 21:40:00,7466.0,7491.0,7463.25,7489.25,59702
2026-06-09 21:50:00,7489.5,7490.0,7464.0,7465.5,62133
2026-06-09 22:00:00,7465.25,7472.25,7459.5,7461.25,55925
2026-06-09 22:10:00,7461.25,7461.75,7415.5,7422.5,90558
2026-06-09 22:20:00,7422.75,7443.25,7415.25,7433.5,71686
2026-06-09 22:30:00,7433.25,7439.0,7424.75,7430.75,47121
2026-06-09 22:40:00,7430.75,7434.0,7371.75,7374.25,83497
2026-06-09 22:50:00,7374.25,7399.5,7367.5,7399.0,71341
2026-06-09 23:00:00,7399.0,7402.75,7384.25,7400.75,46180
2026-06-09 23:10:00,7400.75,7405.75,7383.25,7383.75,36907
2026-06-09 23:20:00,7383.75,7388.5,7328.5,7331.5,72759
2026-06-09 23:30:00,7331.75,7339.5,7326.0,7336.25,83701
2026-06-09 23:40:00,7336.0,7346.25,7333.75,7341.25,47229
2026-06-09 23:50:00,7341.0,7349.0,7311.0,7312.25,67185
2026-06-10 00:00:00,7312.25,7327.25,7299.25,7304.5,70257
2026-06-10 00:10:00,7304.5,7315.0,7278.75,7281.0,78757
2026-06-10 00:20:00,7280.75,7303.0,7274.75,7295.0,69223
2026-06-10 00:30:00,7295.0,7307.5,7250.5,7255.0,87947
2026-06-10 00:40:00,7255.25,7279.25,7247.25,7270.0,74744
2026-06-10 00:50:00,7269.75,7288.25,7257.0,7287.5,46405
2026-06-10 01:00:00,7287.25,7310.0,7285.25,7304.0,45914
2026-06-10 01:10:00,7303.75,7321.75,7292.75,7320.5,36741
2026-06-10 01:20:00,7320.5,7334.5,7316.75,7329.0,38165
2026-06-10 01:30:00,7328.75,7347.25,7323.5,7342.5,31879
2026-06-10 01:40:00,7342.5,7361.5,7331.0,7333.5,49463
2026-06-10 01:50:00,7333.5,7353.25,7333.5,7347.5,28552
2026-06-10 02:00:00,7347.75,7359.5,7342.5,7357.5,25596
2026-06-10 02:10:00,7357.5,7367.0,7346.75,7366.25,25190
2026-06-10 02:20:00,7366.0,7373.5,7358.5,7373.0,26391
2026-06-10 02:30:00,7373.25,7384.75,7370.25,7381.75,28337
2026-06-10 02:40:00,7381.5,7382.0,7364.75,7377.25,33210
2026-06-10 02:50:00,7377.5,7393.5,7373.0,7389.5,28138
2026-06-10 03:00:00,7389.25,7398.75,7383.0,7386.75,30591
2026-06-10 03:10:00,7386.5,7386.75,7356.5,7358.5,40399
2026-06-10 03:20:00,7358.5,7370.5,7353.75,7367.75,34212
2026-06-10 03:30:00,7367.5,7372.0,7357.25,7357.5,31141
2026-06-10 03:40:00,7357.75,7360.75,7347.25,7352.5,38935
2026-06-10 03:50:00,7352.5,7395.5,7352.5,7391.75,147793
2026-06-10 04:00:00,7391.75,7399.0,7384.0,7387.5,46049
2026-06-10 04:10:00,7387.5,7390.25,7383.25,7383.25,9746
2026-06-10 04:20:00,7383.25,7391.5,7382.5,7389.75,4286
2026-06-10 04:30:00,7389.5,7391.25,7386.25,7390.0,3129
2026-06-10 04:40:00,7390.0,7393.75,7388.25,7391.0,3425
2026-06-10 04:50:00,7391.0,7391.25,7385.75,7390.0,3335
2026-06-10 06:00:00,7380.0,7386.0,7374.25,7381.75,1760
2026-06-10 06:10:00,7382.0,7387.75,7378.75,7382.75,2530
2026-06-10 06:20:00,7382.5,7383.0,7376.0,7378.25,1349
2026-06-10 06:30:00,7378.25,7378.5,7366.75,7371.5,2695
2026-06-10 06:40:00,7371.5,7373.25,7364.25,7367.0,2726
2026-06-10 06:50:00,7367.25,7371.75,7363.5,7370.25,1395
2026-06-10 07:00:00,7370.5,7379.5,7368.75,7375.5,2414
2026-06-10 07:10:00,7376.0,7376.25,7367.25,7369.0,1999
2026-06-10 07:20:00,7369.0,7370.75,7366.5,7367.5,1123
2026-06-10 07:30:00,7367.25,7371.0,7365.0,7369.0,1488
2026-06-10 07:40:00,7369.25,7373.25,7367.0,7372.5,1296
2026-06-10 07:50:00,7372.25,7380.0,7370.5,7378.75,1864
2026-06-10 08:00:00,7378.75,7393.0,7378.25,7389.25,5362
2026-06-10 08:10:00,7389.25,7389.5,7377.0,7382.0,3556
2026-06-10 08:20:00,7382.0,7385.0,7377.5,7383.25,1935
2026-06-10 08:30:00,7383.25,7384.0,7367.75,7373.0,3689
2026-06-10 08:40:00,7372.25,7376.5,7364.0,7376.25,2941
2026-06-10 08:50:00,7376.5,7384.75,7370.0,7381.5,3597
2026-06-10 09:00:00,7381.75,7385.5,7378.25,7380.5,2444
2026-06-10 09:10:00,7380.75,7390.0,7378.75,7388.25,2329
2026-06-10 09:20:00,7388.25,7388.25,7380.75,7383.25,2031
2026-06-10 09:30:00,7383.25,7389.0,7377.25,7385.5,2364
2026-06-10 09:40:00,7385.75,7386.25,7378.0,7384.5,1595
2026-06-10 09:50:00,7384.5,7385.5,7376.5,7380.0,1975
2026-06-10 10:00:00,7380.25,7381.25,7371.75,7372.75,1818
2026-06-10 10:10:00,7372.5,7378.0,7372.0,7375.5,1806
2026-06-10 10:20:00,7375.5,7379.75,7372.75,7378.5,1934
2026-06-10 10:30:00,7378.5,7381.25,7373.75,7374.0,1212
2026-06-10 10:40:00,7373.75,7381.25,7373.5,7381.0,1410
2026-06-10 10:50:00,7380.75,7381.25,7369.5,7371.25,2073
2026-06-10 11:00:00,7371.0,7380.0,7370.25,7377.75,1728
2026-06-10 11:10:00,7377.5,7381.25,7376.25,7377.0,994
2026-06-10 11:20:00,7377.0,7378.5,7374.25,7376.25,723
2026-06-10 11:30:00,7376.25,7378.0,7371.5,7372.5,1225
2026-06-10 11:40:00,7372.5,7373.25,7369.75,7371.0,948
2026-06-10 11:50:00,7371.25,7374.25,7369.75,7372.75,771
2026-06-10 12:00:00,7367.0,7368.0,7366.5,7366.75,1698
2026-06-10 12:10:00,7366.75,7369.5,7363.5,7368.75,1544
2026-06-10 12:20:00,7368.75,7370.75,7364.75,7365.5,1824
2026-06-10 12:30:00,7365.25,7365.5,7358.75,7360.5,2367
2026-06-10 12:40:00,7360.75,7363.0,7356.0,7360.75,1998
2026-06-10 12:50:00,7360.75,7365.0,7357.75,7358.0,1970
2026-06-10 13:00:00,7358.0,7365.25,7357.0,7361.25,1806
2026-06-10 13:10:00,7361.25,7361.75,7354.0,7354.25,1868
2026-06-10 13:20:00,7354.0,7367.25,7353.75,7367.0,2748
2026-06-10 13:30:00,7366.75,7368.0,7358.75,7365.5,1738
2026-06-10 13:40:00,7365.75,7368.75,7359.5,7362.0,1414
2026-06-10 13:50:00,7362.25,7370.5,7361.75,7368.25,1706
2026-06-10 14:00:00,7368.5,7375.5,7367.5,7372.25,2438
2026-06-10 14:10:00,7372.0,7374.75,7369.75,7374.5,1658
2026-06-10 14:20:00,7374.25,7374.75,7366.75,7370.5,1661
2026-06-10 14:30:00,7370.25,7376.0,7367.5,7372.5,3024
2026-06-10 14:40:00,7372.75,7373.0,7369.75,7371.25,1518
2026-06-10 14:50:00,7371.5,7371.5,7366.5,7368.5,1129
2026-06-10 15:00:00,7368.5,7370.75,7364.5,7369.25,2571
2026-06-10 15:10:00,7369.0,7373.5,7366.75,7367.0,2255
2026-06-10 15:20:00,7367.0,7369.5,7362.5,7364.5,1939
2026-06-10 15:30:00,7364.5,7370.75,7362.75,7365.25,1971
2026-06-10 15:40:00,7365.5,7367.75,7361.75,7364.75,1773
2026-06-10 15:50:00,7365.0,7368.25,7362.75,7367.5,1726
2026-06-10 16:00:00,7367.5,7367.75,7352.75,7362.25,4755
2026-06-10 16:10:00,7362.25,7364.5,7353.0,7353.75,4275
2026-06-10 16:20:00,7353.75,7358.25,7350.75,7353.0,5233
2026-06-10 16:30:00,7353.25,7357.0,7350.75,7353.25,3427
2026-06-10 16:40:00,7352.75,7353.25,7332.5,7337.75,6338
2026-06-10 16:50:00,7337.5,7345.0,7333.75,7336.25,4717
2026-06-10 17:00:00,7336.5,7339.5,7331.75,7333.25,4322
2026-06-10 17:10:00,7333.25,7339.75,7319.0,7325.25,8903
2026-06-10 17:20:00,7325.25,7337.25,7321.0,7336.5,3907
2026-06-10 17:30:00,7336.5,7342.75,7334.5,7337.5,3965
2026-06-10 17:40:00,7337.5,7338.0,7328.5,7331.75,3843
2026-06-10 17:50:00,7332.0,7339.5,7330.0,7337.5,3577
2026-06-10 18:00:00,7337.75,7338.0,7330.5,7336.25,2241
2026-06-10 18:10:00,7336.25,7336.75,7326.25,7327.75,3343
2026-06-10 18:20:00,7327.5,7337.25,7324.5,7336.0,3262
2026-06-10 18:30:00,7336.0,7341.75,7333.75,7339.25,3374
2026-06-10 18:40:00,7339.5,7346.5,7338.25,7341.75,2992
2026-06-10 18:50:00,7341.5,7346.75,7334.75,7343.75,5329
2026-06-10 19:00:00,7344.25,7346.5,7307.0,7321.75,20211
2026-06-10 19:10:00,7321.75,7331.5,7319.75,7322.25,8900
2026-06-10 19:20:00,7322.0,7334.0,7305.5,7316.5,15205
2026-06-10 19:30:00,7316.75,7318.75,7306.5,7307.0,7669
2026-06-10 19:40:00,7307.0,7316.25,7307.0,7313.75,5205
2026-06-10 19:50:00,7313.75,7326.5,7313.75,7322.25,5914
2026-06-10 20:00:00,7322.25,7329.5,7319.25,7327.25,5435
2026-06-10 20:10:00,7327.25,7335.0,7322.0,7324.0,9428
2026-06-10 20:20:00,7324.0,7339.25,7323.25,7338.5,8506
2026-06-10 20:30:00,7338.75,7367.0,7318.75,7353.5,36504
2026-06-10 20:40:00,7353.5,7366.75,7351.25,7363.75,15909
2026-06-10 20:50:00,7364.0,7364.25,7350.0,7350.25,9206
2026-06-10 21:00:00,7350.5,7356.0,7345.0,7354.5,12276
2026-06-10 21:10:00,7354.5,7355.75,7349.5,7354.25,7045
2026-06-10 21:20:00,7354.25,7356.0,7350.5,7355.0,8936
2026-06-10 21:30:00,7354.75,7373.0,7335.25,7366.5,68247
2026-06-10 21:40:00,7366.5,7390.5,7353.0,7387.0,62245
2026-06-10 21:50:00,7386.75,7387.5,7367.5,7378.0,43373
2026-06-10 22:00:00,7378.0,7394.5,7370.75,7392.0,37976
2026-06-10 22:10:00,7392.0,7396.75,7378.5,7385.75,41386
2026-06-10 22:20:00,7385.75,7404.75,7382.5,7392.75,36354
2026-06-10 22:30:00,7392.5,7400.0,7378.25,7386.0,33054
2026-06-10 22:40:00,7385.75,7393.25,7365.25,7370.0,33373
2026-06-10 22:50:00,7370.25,7377.5,7343.0,7349.25,53738
2026-06-10 23:00:00,7349.0,7364.75,7337.75,7338.25,43368
2026-06-10 23:10:00,7338.25,7341.0,7315.5,7322.25,55688
2026-06-10 23:20:00,7322.25,7346.25,7320.75,7334.75,39527
2026-06-10 23:30:00,7334.75,7343.75,7321.0,7328.5,32117
2026-06-10 23:40:00,7328.25,7348.5,7309.75,7320.25,53256
2026-06-10 23:50:00,7320.0,7342.0,7305.0,7340.25,47664
2026-06-11 00:00:00,7340.25,7346.0,7325.75,7329.5,26017
2026-06-11 00:10:00,7329.5,7331.5,7319.5,7326.0,21470
2026-06-11 00:20:00,7325.75,7330.0,7319.5,7327.25,16943
2026-06-11 00:30:00,7327.25,7344.0,7320.5,7340.25,23309
2026-06-11 00:40:00,7340.25,7343.5,7314.5,7320.0,22952
2026-06-11 00:50:00,7320.0,7331.0,7315.25,7324.0,19926
2026-06-11 01:00:00,7324.0,7334.5,7316.0,7317.0,20697
2026-06-11 01:10:00,7317.0,7317.75,7307.25,7310.25,18548
2026-06-11 01:20:00,7310.0,7318.75,7308.0,7317.0,15247
2026-06-11 01:30:00,7316.75,7317.5,7301.25,7302.25,18250
2026-06-11 01:40:00,7302.25,7327.25,7299.0,7324.0,33937
2026-06-11 01:50:00,7323.75,7328.75,7310.0,7327.25,24771
2026-06-11 02:00:00,7327.25,7338.5,7325.0,7325.75,22805
2026-06-11 02:10:00,7325.75,7333.5,7315.0,7318.0,15356
2026-06-11 02:20:00,7318.25,7325.25,7313.5,7316.0,16704
2026-06-11 02:30:00,7316.25,7316.5,7302.0,7306.0,20120
2026-06-11 02:40:00,7306.0,7309.25,7299.5,7299.75,16707
2026-06-11 02:50:00,7299.75,7302.0,7290.5,7295.25,30645
2026-06-11 03:00:00,7295.0,7302.25,7289.0,7298.75,25804
2026-06-11 03:10:00,7298.75,7299.25,7284.0,7286.25,23111
2026-06-11 03:20:00,7286.0,7286.25,7276.0,7281.25,31855
2026-06-11 03:30:00,7281.0,7298.0,7278.0,7296.25,33262
2026-06-11 03:40:00,7296.25,7298.75,7284.0,7290.0,28929
2026-06-11 03:50:00,7290.0,7300.75,7275.25,7276.0,111396
2026-06-11 04:00:00,7276.0,7278.75,7261.5,7268.25,46494
2026-06-11 04:10:00,7268.25,7275.5,7268.0,7271.75,13591
2026-06-11 04:20:00,7272.0,7275.75,7268.25,7270.25,5277
2026-06-11 04:30:00,7270.0,7270.0,7264.5,7268.75,8053
2026-06-11 04:40:00,7268.75,7270.0,7256.0,7259.75,6946
2026-06-11 04:50:00,7260.0,7268.0,7256.25,7267.0,6285
2026-06-11 06:00:00,7259.25,7266.0,7247.25,7249.25,2013
2026-06-11 06:10:00,7249.5,7257.5,7247.0,7257.25,3365
2026-06-11 06:20:00,7256.75,7259.5,7253.25,7258.75,1672
2026-06-11 06:30:00,7258.75,7265.5,7258.5,7265.25,2535
2026-06-11 06:40:00,7265.25,7266.75,7256.5,7259.5,3735
2026-06-11 06:50:00,7259.75,7260.5,7243.0,7244.0,4741
2026-06-11 07:00:00,7244.0,7251.25,7240.0,7243.25,4369
2026-06-11 07:10:00,7243.25,7252.5,7232.25,7247.5,7062
2026-06-11 07:20:00,7247.75,7258.5,7240.5,7257.25,7988
2026-06-11 07:30:00,7257.5,7259.0,7247.25,7255.0,3425
2026-06-11 07:40:00,7255.25,7263.25,7252.0,7255.75,3118
2026-06-11 07:50:00,7255.5,7257.0,7247.25,7249.5,1955
2026-06-11 08:00:00,7250.0,7258.5,7245.75,7248.25,3826
2026-06-11 08:10:00,7248.25,7283.0,7246.0,7274.75,7660
2026-06-11 08:20:00,7274.5,7278.0,7264.75,7267.0,4451
2026-06-11 08:30:00,7267.5,7272.5,7257.75,7263.5,5937
2026-06-11 08:40:00,7263.75,7277.75,7262.25,7274.5,3947
2026-06-11 08:50:00,7274.5,7279.75,7272.25,7277.0,3440
2026-06-11 09:00:00,7277.25,7292.75,7277.0,7291.0,7010
2026-06-11 09:10:00,7291.5,7304.25,7291.25,7303.25,5697
2026-06-11 09:20:00,7303.75,7306.0,7297.5,7304.25,3586
2026-06-11 09:30:00,7304.25,7305.25,7296.0,7301.75,3815
2026-06-11 09:40:00,7301.75,7303.25,7293.0,7294.0,2844
2026-06-11 09:50:00,7294.0,7295.0,7285.5,7287.5,3052
2026-06-11 10:00:00,7287.75,7297.0,7286.5,7293.0,3081
2026-06-11 10:10:00,7292.75,7292.75,7285.5,7287.0,2102
2026-06-11 10:20:00,7287.0,7288.0,7276.5,7278.25,3484
2026-06-11 10:30:00,7278.5,7281.5,7272.75,7280.25,3178
2026-06-11 10:40:00,7279.75,7283.5,7278.25,7282.25,2062
2026-06-11 10:50:00,7282.75,7291.25,7278.75,7289.25,2114
2026-06-11 11:00:00,7289.5,7294.5,7288.0,7290.0,2318
2026-06-11 11:10:00,7290.0,7290.5,7282.0,7283.0,2195
2026-06-11 11:20:00,7283.25,7288.0,7281.0,7288.0,1508
2026-06-11 11:30:00,7287.75,7296.75,7287.25,7296.75,2101
2026-06-11 11:40:00,7296.5,7300.0,7296.0,7298.0,1584
2026-06-11 11:50:00,7298.0,7305.75,7297.75,7304.5,2510
2026-06-11 12:00:00,7303.5,7304.0,7302.75,7304.0,1944
2026-06-11 12:10:00,7304.0,7305.0,7300.5,7303.75,1560
2026-06-11 12:20:00,7303.75,7309.0,7302.25,7306.25,2249
2026-06-11 12:30:00,7306.25,7312.25,7305.25,7312.0,1734
2026-06-11 12:40:00,7311.75,7317.5,7311.5,7313.5,2341
2026-06-11 12:50:00,7314.0,7314.25,7310.25,7312.75,1556
2026-06-11 13:00:00,7313.0,7313.75,7304.75,7307.5,2078
2026-06-11 13:10:00,7307.5,7308.75,7304.0,7305.75,1245
2026-06-11 13:20:00,7305.5,7308.0,7302.75,7305.5,1115
2026-06-11 13:30:00,7305.75,7308.25,7302.75,7306.25,1484
2026-06-11 13:40:00,7306.25,7309.5,7305.75,7307.5,1173
2026-06-11 13:50:00,7307.25,7310.5,7305.75,7308.5,1970
2026-06-11 14:00:00,7308.25,7308.75,7294.75,7299.0,5793
2026-06-11 14:10:00,7299.0,7310.0,7298.25,7306.0,2988
2026-06-11 14:20:00,7306.25,7309.5,7304.75,7305.75,2614
2026-06-11 14:30:00,7306.0,7311.5,7303.75,7310.25,2799
2026-06-11 14:40:00,7310.5,7312.75,7308.75,7311.75,2780
2026-06-11 14:50:00,7311.5,7316.0,7311.25,7315.5,2017
2026-06-11 15:00:00,7315.5,7319.75,7312.5,7317.25,5292
2026-06-11 15:10:00,7317.5,7325.0,7312.25,7322.75,5254
2026-06-11 15:20:00,7322.75,7330.0,7322.5,7327.0,6153
2026-06-11 15:30:00,7326.75,7331.25,7326.25,7328.25,3917
2026-06-11 15:40:00,7328.25,7330.75,7325.5,7326.0,3434
2026-06-11 15:50:00,7326.0,7328.75,7324.25,7327.25,2354
2026-06-11 16:00:00,7327.0,7336.0,7326.5,7334.75,5703
2026-06-11 16:10:00,7334.75,7337.25,7331.25,7333.5,3943
2026-06-11 16:20:00,7333.25,7336.5,7330.0,7332.25,3268
2026-06-11 16:30:00,7332.25,7337.25,7331.25,7336.0,3684
2026-06-11 16:40:00,7336.25,7337.0,7333.75,7334.25,3702
2026-06-11 16:50:00,7334.25,7337.5,7333.0,7336.5,1932
2026-06-11 17:00:00,7336.5,7337.75,7333.25,7333.75,2940
2026-06-11 17:10:00,7334.0,7336.5,7331.75,7335.0,3606
2026-06-11 17:20:00,7335.0,7335.25,7331.75,7333.5,2087
2026-06-11 17:30:00,7333.25,7335.5,7332.25,7334.5,2386
2026-06-11 17:40:00,7334.5,7338.75,7334.25,7335.5,2398
2026-06-11 17:50:00,7335.75,7337.75,7333.5,7333.75,1930
2026-06-11 18:00:00,7333.5,7337.75,7331.5,7332.75,3399
2026-06-11 18:10:00,7332.75,7334.0,7329.75,7331.0,2036
2026-06-11 18:20:00,7331.0,7333.5,7328.25,7328.75,2833
2026-06-11 18:30:00,7329.0,7334.25,7329.0,7332.0,2762
2026-06-11 18:40:00,7332.0,7333.0,7330.25,7331.5,1575
2026-06-11 18:50:00,7331.75,7334.25,7328.25,7329.0,2935
2026-06-11 19:00:00,7328.75,7329.25,7317.5,7317.75,5647
2026-06-11 19:10:00,7318.0,7324.0,7317.75,7322.0,3518
2026-06-11 19:20:00,7322.25,7325.75,7317.5,7322.75,4961
2026-06-11 19:30:00,7322.5,7332.75,7322.0,7327.75,6585
2026-06-11 19:40:00,7328.0,7331.25,7325.0,7329.75,3081
2026-06-11 19:50:00,7329.5,7334.0,7326.75,7332.25,3859
2026-06-11 20:00:00,7332.0,7334.0,7327.5,7333.0,4393
2026-06-11 20:10:00,7332.75,7332.75,7326.0,7326.5,3189
2026-06-11 20:20:00,7326.25,7327.25,7296.5,7306.0,29374
2026-06-11 20:30:00,7306.75,7315.0,7288.25,7301.5,17802
2026-06-11 20:40:00,7301.5,7315.0,7296.25,7311.75,16650
2026-06-11 20:50:00,7312.0,7319.5,7310.0,7316.5,10994
2026-06-11 21:00:00,7316.25,7316.75,7304.25,7307.0,10299
2026-06-11 21:10:00,7306.75,7311.75,7305.5,7307.25,7186
2026-06-11 21:20:00,7307.5,7311.75,7306.75,7308.0,8692
2026-06-11 21:30:00,7307.75,7311.0,7287.75,7292.5,82629
2026-06-11 21:40:00,7292.5,7317.5,7283.0,7305.5,71331
2026-06-11 21:50:00,7305.75,7335.5,7305.75,7317.0,62134
2026-06-11 22:00:00,7317.25,7335.75,7314.75,7320.25,53098
2026-06-11 22:10:00,7320.25,7321.75,7289.0,7290.5,60937
2026-06-11 22:20:00,7290.25,7317.5,7289.0,7308.0,63551
2026-06-11 22:30:00,7308.0,7320.25,7296.5,7311.0,45721
2026-06-11 22:40:00,7311.0,7318.5,7298.0,7301.25,33189
2026-06-11 22:50:00,7301.0,7302.25,7270.25,7275.5,39648
2026-06-11 23:00:00,7275.5,7292.75,7263.0,7286.0,50164
2026-06-11 23:10:00,7285.5,7303.5,7284.0,7292.75,36718
2026-06-11 23:20:00,7292.75,7307.0,7290.75,7291.25,26848
2026-06-11 23:30:00,7291.0,7309.0,7286.5,7304.25,29788
2026-06-11 23:40:00,7304.25,7314.25,7292.25,7296.75,28994
2026-06-11 23:50:00,7296.75,7303.25,7287.5,7300.25,26428
2026-06-12 00:00:00,7300.25,7312.0,7295.0,7309.75,24472
2026-06-12 00:10:00,7309.75,7323.0,7307.75,7317.0,26954
2026-06-12 00:20:00,7317.25,7319.75,7297.25,7298.0,31182
2026-06-12 00:30:00,7298.0,7318.75,7293.5,7306.75,33530
2026-06-12 00:40:00,7307.0,7308.75,7300.5,7302.5,16206
2026-06-12 00:50:00,7302.5,7303.5,7284.5,7284.75,23089
2026-06-12 01:00:00,7285.0,7292.25,7275.0,7287.25,33898
2026-06-12 01:10:00,7287.5,7292.0,7273.5,7276.25,27915
2026-06-12 01:20:00,7276.25,7346.5,7271.75,7345.0,49906
2026-06-12 01:30:00,7345.25,7371.5,7342.0,7363.0,93893
2026-06-12 01:40:00,7362.75,7386.5,7358.25,7368.0,58137
2026-06-12 01:50:00,7368.25,7371.25,7354.0,7369.25,36142
2026-06-12 02:00:00,7369.25,7376.25,7344.75,7352.0,39989
2026-06-12 02:10:00,7351.75,7377.75,7350.75,7375.5,29312
2026-06-12 02:20:00,7375.5,7375.5,7358.0,7364.75,33145
2026-06-12 02:30:00,7364.75,7373.75,7361.0,7363.0,19392
2026-06-12 02:40:00,7363.0,7379.5,7360.5,7378.5,24836
2026-06-12 02:50:00,7378.5,7383.25,7371.75,7377.5,23183
2026-06-12 03:00:00,7377.75,7387.0,7373.0,7381.5,33488
2026-06-12 03:10:00,7381.5,7394.5,7380.5,7394.0,34707
2026-06-12 03:20:00,7393.75,7402.0,7391.0,7399.25,33600
2026-06-12 03:30:00,7399.25,7420.0,7398.75,7409.0,58011
2026-06-12 03:40:00,7409.0,7418.25,7398.5,7399.25,42882
2026-06-12 03:50:00,7399.25,7404.75,7392.5,7394.5,148221
2026-06-12 04:00:00,7394.5,7405.75,7390.25,7403.0,46107
2026-06-12 04:10:00,7403.0,7409.5,7400.25,7404.0,11797
2026-06-12 04:20:00,7404.25,7407.25,7399.0,7401.5,7255
2026-06-12 04:30:00,7401.5,7404.0,7395.5,7395.5,4433
2026-06-12 04:40:00,7395.25,7395.75,7392.0,7393.5,3698
2026-06-12 04:50:00,7393.25,7399.0,7393.0,7398.25,4638
2026-06-12 06:00:00,7397.5,7409.25,7396.75,7407.0,1087
2026-06-12 06:10:00,7406.75,7416.25,7406.5,7410.75,3622
2026-06-12 06:20:00,7410.5,7414.0,7409.25,7410.75,1858
2026-06-12 06:30:00,7411.0,7412.25,7408.0,7408.75,1738
2026-06-12 06:40:00,7408.5,7415.25,7408.25,7412.75,1761
2026-06-12 06:50:00,7412.75,7415.25,7410.75,7411.5,1299
2026-06-12 07:00:00,7411.75,7412.5,7406.5,7408.5,1506
2026-06-12 07:10:00,7408.25,7412.75,7406.5,7410.5,1254
2026-06-12 07:20:00,7410.5,7410.75,7402.75,7406.0,1477
2026-06-12 07:30:00,7406.5,7411.75,7406.5,7410.25,736
2026-06-12 07:40:00,7410.5,7417.0,7410.5,7415.75,1475
2026-06-12 07:50:00,7415.75,7416.75,7412.25,7415.0,1147
2026-06-12 08:00:00,7415.0,7416.75,7406.5,7413.25,2755
2026-06-12 08:10:00,7413.5,7415.0,7407.25,7411.0,1750
2026-06-12 08:20:00,7411.0,7418.25,7410.0,7416.75,1870
2026-06-12 08:30:00,7417.0,7421.25,7416.25,7416.25,2109
2026-06-12 08:40:00,7416.25,7418.0,7411.0,7413.5,1281
2026-06-12 08:50:00,7413.75,7415.5,7408.75,7412.75,1088
2026-06-12 09:00:00,7412.5,7412.75,7404.25,7409.0,2049
2026-06-12 09:10:00,7408.75,7410.75,7403.75,7404.75,1455
2026-06-12 09:20:00,7404.75,7405.0,7396.75,7398.5,2484
2026-06-12 09:30:00,7398.75,7403.5,7396.75,7399.75,1976
2026-06-12 09:40:00,7399.75,7406.75,7397.25,7405.75,1557
2026-06-12 09:50:00,7406.25,7411.25,7404.5,7410.25,1136
2026-06-12 10:00:00,7410.25,7414.25,7410.25,7414.25,1837
2026-06-12 10:10:00,7414.25,7415.25,7409.25,7411.25,943
2026-06-12 10:20:00,7411.0,7412.75,7405.25,7405.75,1223
2026-06-12 10:30:00,7406.0,7410.75,7404.75,7409.75,988
2026-06-12 10:40:00,7409.75,7414.0,7408.75,7412.25,984
2026-06-12 10:50:00,7412.5,7413.5,7410.0,7411.5,834
2026-06-12 11:00:00,7411.5,7411.75,7406.5,7408.5,1189
2026-06-12 11:10:00,7408.25,7408.75,7402.75,7403.0,1172
2026-06-12 11:20:00,7402.75,7405.25,7399.5,7404.0,1321
2026-06-12 11:30:00,7404.25,7407.5,7403.5,7406.75,1019
2026-06-12 11:40:00,7406.75,7409.5,7402.25,7404.75,1061
2026-06-12 11:50:00,7405.0,7408.5,7404.5,7406.75,681
2026-06-12 12:00:00,7401.75,7402.0,7401.5,7401.5,782
2026-06-12 12:10:00,7401.25,7405.5,7400.5,7401.75,793
2026-06-12 12:20:00,7401.75,7408.75,7400.25,7408.5,986
2026-06-12 12:30:00,7408.25,7410.0,7407.0,7408.0,857
2026-06-12 12:40:00,7408.0,7410.75,7407.25,7409.0,724
2026-06-12 12:50:00,7409.0,7411.5,7408.75,7410.75,585
2026-06-12 13:00:00,7410.75,7412.75,7405.0,7407.0,1122
2026-06-12 13:10:00,7406.75,7411.25,7404.25,7410.5,1088
2026-06-12 13:20:00,7410.25,7411.75,7408.0,7410.75,975
2026-06-12 13:30:00,7410.25,7410.25,7398.25,7400.75,1468
2026-06-12 13:40:00,7401.0,7407.0,7395.75,7396.25,1868
2026-06-12 13:50:00,7396.25,7398.0,7387.5,7393.0,3914
2026-06-12 14:00:00,7393.25,7401.75,7391.5,7399.75,3315
2026-06-12 14:10:00,7399.25,7403.75,7398.0,7398.0,2265
2026-06-12 14:20:00,7397.75,7399.75,7395.5,7397.0,1219
2026-06-12 14:30:00,7396.5,7396.5,7391.0,7391.25,1831
2026-06-12 14:40:00,7391.25,7391.75,7387.25,7389.0,2401
2026-06-12 14:50:00,7389.25,7390.25,7384.5,7388.0,2614
2026-06-12 15:00:00,7388.0,7389.75,7379.5,7384.0,4027
2026-06-12 15:10:00,7384.0,7385.75,7374.75,7379.5,4330
2026-06-12 15:20:00,7379.5,7382.75,7377.75,7380.25,3985
2026-06-12 15:30:00,7380.0,7388.0,7378.5,7387.0,4259
2026-06-12 15:40:00,7387.25,7393.75,7386.0,7391.25,3413
2026-06-12 15:50:00,7391.0,7408.5,7391.0,7400.75,7240
2026-06-12 16:00:00,7401.0,7412.5,7399.25,7410.5,6993
2026-06-12 16:10:00,7410.0,7425.25,7407.75,7422.75,6831
2026-06-12 16:20:00,7422.75,7428.25,7418.5,7421.5,6740
2026-06-12 16:30:00,7421.5,7424.0,7412.25,7412.25,5137
2026-06-12 16:40:00,7412.0,7416.5,7408.0,7416.0,3751
2026-06-12 16:50:00,7416.25,7420.0,7414.0,7415.0,2585
2026-06-12 17:00:00,7415.0,7421.5,7415.0,7419.5,2542
2026-06-12 17:10:00,7419.5,7433.25,7418.25,7431.75,5033
2026-06-12 17:20:00,7431.75,7437.75,7428.25,7436.25,4022
2026-06-12 17:30:00,7436.0,7451.25,7434.5,7445.25,8245
2026-06-12 17:40:00,7445.25,7447.5,7441.75,7442.25,4667
2026-06-12 17:50:00,7442.5,7446.25,7438.25,7439.25,3854
2026-06-12 18:00:00,7439.25,7444.75,7438.25,7442.5,6255
2026-06-12 18:10:00,7442.5,7443.25,7430.5,7433.25,5347
2026-06-12 18:20:00,7433.75,7433.75,7419.25,7421.75,6545
2026-06-12 18:30:00,7421.75,7429.5,7420.5,7423.25,5680
2026-06-12 18:40:00,7423.25,7428.0,7423.25,7425.25,2643
2026-06-12 18:50:00,7425.25,7427.0,7420.75,7424.75,4075
2026-06-12 19:00:00,7425.0,7429.5,7422.5,7425.0,5479
2026-06-12 19:10:00,7425.0,7433.0,7425.0,7432.5,5095
2026-06-12 19:20:00,7432.25,7440.75,7431.75,7438.25,5055
2026-06-12 19:30:00,7438.25,7439.75,7432.5,7434.5,5268
2026-06-12 19:40:00,7434.25,7444.0,7434.25,7439.25,4629
2026-06-12 19:50:00,7439.25,7448.0,7439.0,7443.0,5426
2026-06-12 20:00:00,7443.0,7444.5,7432.0,7436.5,5091
2026-06-12 20:10:00,7436.25,7437.5,7430.5,7433.75,4539
2026-06-12 20:20:00,7433.75,7434.25,7425.25,7425.5,5011
2026-06-12 20:30:00,7425.25,7428.25,7415.75,7416.5,9246
2026-06-12 20:40:00,7416.5,7421.25,7410.75,7416.0,9417
2026-06-12 20:50:00,7415.75,7418.0,7402.0,7404.5,10970
2026-06-12 21:00:00,7404.5,7412.75,7397.0,7411.75,11903
2026-06-12 21:10:00,7412.0,7417.25,7408.5,7416.5,7605
2026-06-12 21:20:00,7416.75,7423.75,7414.75,7423.75,11759
2026-06-12 21:30:00,7423.75,7424.75,7395.75,7408.5,78681
2026-06-12 21:40:00,7408.5,7409.5,7366.5,7372.5,82151
2026-06-12 21:50:00,7372.75,7390.75,7368.0,7383.0,46968
2026-06-12 22:00:00,7383.25,7419.0,7380.25,7418.5,68410
2026-06-12 22:10:00,7418.25,7427.75,7404.25,7420.0,52575
2026-06-12 22:20:00,7420.0,7424.75,7405.5,7412.5,39626
2026-06-12 22:30:00,7412.25,7428.75,7409.0,7421.0,43397
2026-06-12 22:40:00,7421.0,7421.25,7388.5,7391.0,53507
2026-06-12 22:50:00,7391.0,7443.5,7390.5,7440.5,77605
2026-06-12 23:00:00,7440.75,7446.5,7433.0,7441.25,37148
2026-06-12 23:10:00,7441.25,7453.75,7438.5,7453.5,33706
2026-06-12 23:20:00,7453.5,7461.75,7449.25,7458.75,37977
2026-06-12 23:30:00,7458.5,7459.25,7430.25,7436.5,51457
2026-06-12 23:40:00,7436.75,7437.75,7411.0,7412.25,39629
2026-06-12 23:50:00,7412.0,7429.5,7401.25,7405.75,45153
2026-06-13 00:00:00,7405.75,7416.0,7398.25,7413.25,42398
2026-06-13 00:10:00,7413.0,7439.5,7406.5,7423.25,44186
2026-06-13 00:20:00,7423.0,7429.0,7416.75,7423.25,20936
2026-06-13 00:30:00,7423.25,7428.75,7419.25,7424.25,16808
2026-06-13 00:40:00,7424.0,7431.75,7420.0,7430.5,19478
2026-06-13 00:50:00,7430.25,7433.25,7420.0,7432.25,20733
2026-06-13 01:00:00,7432.25,7447.0,7431.25,7439.5,24721
2026-06-13 01:10:00,7439.75,7443.25,7429.0,7442.25,17970
2026-06-13 01:20:00,7442.25,7444.75,7433.75,7438.25,16428
2026-06-13 01:30:00,7438.5,7439.75,7430.5,7434.5,18095
2026-06-13 01:40:00,7434.25,7438.75,7431.75,7435.75,15436
2026-06-13 01:50:00,7436.0,7438.0,7426.25,7430.5,18503
2026-06-13 02:00:00,7430.5,7432.5,7422.5,7427.0,18827
2026-06-13 02:10:00,7427.0,7438.0,7422.0,7424.0,22254
2026-06-13 02:20:00,7424.0,7431.25,7421.75,7430.0,17250
2026-06-13 02:30:00,7430.25,7436.25,7429.75,7435.5,17445
2026-06-13 02:40:00,7435.5,7441.25,7435.25,7437.5,18311
2026-06-13 02:50:00,7437.75,7439.75,7427.25,7428.0,20351
2026-06-13 03:00:00,7428.0,7439.75,7427.25,7435.5,21043
2026-06-13 03:10:00,7435.75,7436.25,7427.5,7434.25,19812
2026-06-13 03:20:00,7434.25,7437.75,7431.25,7432.0,21220
2026-06-13 03:30:00,7432.0,7435.5,7418.75,7424.0,31725
2026-06-13 03:40:00,7424.25,7429.75,7421.75,7426.75,29487
2026-06-13 03:50:00,7427.0,7437.5,7425.75,7433.75,89156
2026-06-13 04:00:00,7433.5,7440.25,7433.0,7438.75,33110
2026-06-13 04:10:00,7438.75,7444.5,7438.25,7444.25,11994
2026-06-13 04:20:00,7444.0,7444.75,7440.0,7440.5,3582
2026-06-13 04:30:00,7440.5,7441.75,7438.25,7440.0,2964
2026-06-13 04:40:00,7440.0,7443.5,7437.25,7438.0,2258
2026-06-13 04:50:00,7438.0,7438.5,7435.0,7435.0,3114
2026-06-15 06:10:00,7500.25,7502.0,7494.75,7501.25,2216
2026-06-15 06:20:00,7501.25,7504.5,7494.5,7495.5,2900
2026-06-15 06:30:00,7495.5,7497.5,7491.0,7492.75,1756
2026-06-15 06:40:00,7493.0,7496.25,7490.75,7496.0,1375
2026-06-15 06:50:00,7496.5,7499.0,7494.75,7494.75,921
2026-06-15 07:00:00,7494.75,7498.5,7492.0,7493.0,1083
2026-06-15 07:10:00,7493.25,7494.0,7486.0,7487.0,2291
2026-06-15 07:20:00,7486.75,7492.5,7484.75,7491.5,985
2026-06-15 07:30:00,7491.75,7496.75,7491.0,7496.25,551
2026-06-15 07:40:00,7496.0,7497.25,7489.75,7492.5,1098
2026-06-15 07:50:00,7493.25,7498.0,7491.0,7496.5,1159
2026-06-15 08:00:00,7496.5,7503.5,7494.0,7502.75,3084
2026-06-15 08:10:00,7503.5,7514.0,7503.5,7508.5,3320
2026-06-15 08:20:00,7508.25,7510.0,7504.75,7508.25,2486
2026-06-15 08:30:00,7508.75,7509.75,7506.75,7507.25,1035
2026-06-15 08:40:00,7507.25,7509.0,7504.0,7507.25,1723
2026-06-15 08:50:00,7506.5,7509.0,7504.75,7507.25,903
2026-06-15 09:00:00,7507.25,7509.75,7505.5,7508.75,1101
2026-06-15 09:10:00,7508.5,7511.5,7507.0,7508.75,1145
2026-06-15 09:20:00,7508.25,7512.5,7507.75,7511.0,758
2026-06-15 09:30:00,7511.0,7514.5,7509.0,7512.25,1359
2026-06-15 09:40:00,7512.5,7513.75,7511.0,7513.5,1511
2026-06-15 09:50:00,7513.75,7514.5,7510.0,7512.25,939
2026-06-15 10:00:00,7512.0,7514.75,7511.75,7514.75,1037
2026-06-15 10:10:00,7514.75,7515.75,7513.75,7515.25,1050
2026-06-15 10:20:00,7515.25,7518.5,7515.0,7517.5,1157
2026-06-15 10:30:00,7517.5,7518.75,7516.0,7518.5,813
2026-06-15 10:40:00,7518.25,7519.25,7516.75,7519.0,827
2026-06-15 10:50:00,7519.0,7520.0,7517.75,7519.0,1076
2026-06-15 11:00:00,7519.0,7519.25,7515.5,7518.75,1246
2026-06-15 11:10:00,7518.75,7523.0,7518.0,7521.0,992
2026-06-15 11:20:00,7520.75,7521.75,7520.5,7520.75,1299
2026-06-15 11:30:00,7520.75,7523.5,7520.0,7521.25,767
2026-06-15 11:40:00,7521.25,7522.0,7517.75,7519.75,951
2026-06-15 11:50:00,7520.0,7520.25,7518.5,7519.5,429
2026-06-15 12:00:00,7519.5,7520.75,7517.0,7518.25,753
2026-06-15 12:10:00,7518.5,7521.0,7517.0,7520.75,551
2026-06-15 12:20:00,7520.75,7523.5,7520.25,7523.0,469
2026-06-15 12:30:00,7522.75,7524.75,7522.0,7524.0,1393
2026-06-15 12:40:00,7524.0,7524.5,7522.25,7524.0,618
2026-06-15 12:50:00,7524.0,7527.25,7523.75,7526.75,1104
2026-06-15 13:00:00,7526.5,7528.5,7526.0,7528.5,873
2026-06-15 13:10:00,7528.5,7529.75,7527.75,7529.5,719
2026-06-15 13:20:00,7529.5,7530.0,7527.5,7528.5,888
2026-06-15 13:30:00,7528.75,7530.25,7526.0,7530.0,2653
2026-06-15 13:40:00,7530.0,7530.75,7528.5,7530.0,1148
2026-06-15 13:50:00,7529.75,7531.25,7527.5,7531.25,1127
2026-06-15 14:00:00,7531.25,7533.25,7529.0,7529.0,1805
2026-06-15 14:10:00,7529.5,7530.5,7525.75,7527.25,1274
2026-06-15 14:20:00,7527.25,7532.25,7526.5,7528.75,1648
2026-06-15 14:30:00,7528.75,7530.0,7523.0,7525.0,2064
2026-06-15 14:40:00,7524.75,7527.75,7524.0,7527.0,1548
2026-06-15 14:50:00,7526.75,7528.25,7523.25,7526.0,1716
2026-06-15 15:00:00,7526.0,7528.5,7521.25,7525.75,2776
2026-06-15 15:10:00,7525.5,7532.0,7523.5,7530.25,3971
2026-06-15 15:20:00,7530.25,7531.25,7526.5,7528.5,2964
2026-06-15 15:30:00,7528.25,7530.5,7525.75,7528.75,3783
2026-06-15 15:40:00,7528.5,7529.75,7524.5,7525.75,3832
2026-06-15 15:50:00,7525.75,7529.5,7522.25,7522.5,3693
2026-06-15 16:00:00,7522.25,7530.0,7522.0,7526.25,4453
2026-06-15 16:10:00,7526.5,7527.75,7523.25,7523.75,3079
2026-06-15 16:20:00,7523.75,7530.0,7523.25,7529.5,6046
2026-06-15 16:30:00,7529.5,7529.75,7526.0,7529.5,5535
2026-06-15 16:40:00,7529.5,7532.25,7528.25,7529.0,3997
2026-06-15 16:50:00,7528.75,7530.25,7525.75,7527.75,4492
2026-06-15 17:00:00,7527.75,7531.5,7527.75,7529.25,4841
2026-06-15 17:10:00,7529.5,7530.5,7524.75,7525.25,3624
2026-06-15 17:20:00,7525.25,7525.25,7521.0,7521.5,5643
2026-06-15 17:30:00,7521.5,7587.25,7521.0,7585.75,5748
2026-06-15 17:40:00,7586.0,7587.75,7583.0,7585.5,2739
2026-06-15 17:50:00,7585.75,7588.75,7585.0,7587.5,3720
2026-06-15 18:00:00,7587.5,7589.5,7587.0,7589.5,5691
2026-06-15 18:10:00,7589.75,7591.5,7588.0,7588.75,2336
2026-06-15 18:20:00,7589.0,7591.5,7587.25,7591.25,3132
2026-06-15 18:30:00,7591.25,7591.25,7587.5,7587.75,3214
2026-06-15 18:40:00,7587.75,7591.0,7587.5,7591.0,2646
2026-06-15 18:50:00,7591.0,7592.75,7589.25,7592.0,3878
2026-06-15 19:00:00,7592.25,7595.75,7591.25,7595.0,5386
2026-06-15 19:10:00,7595.25,7599.25,7595.0,7598.25,6674
2026-06-15 19:20:00,7598.0,7601.0,7597.0,7599.5,5719
2026-06-15 19:30:00,7599.75,7602.25,7592.5,7595.5,5203
2026-06-15 19:40:00,7595.5,7597.5,7591.5,7594.0,7081
2026-06-15 19:50:00,7594.25,7600.25,7594.0,7595.5,6144
2026-06-15 20:00:00,7595.75,7598.5,7594.75,7596.25,4090
2026-06-15 20:10:00,7596.5,7599.0,7590.0,7591.5,7943
2026-06-15 20:20:00,7591.75,7593.0,7587.75,7589.25,11295
2026-06-15 20:30:00,7589.5,7591.5,7588.25,7591.0,14541
2026-06-15 20:40:00,7591.0,7595.5,7587.5,7592.5,16575
2026-06-15 20:50:00,7592.25,7594.75,7590.0,7594.5,7336
2026-06-15 21:00:00,7594.75,7595.0,7592.0,7594.75,9616
2026-06-15 21:10:00,7594.75,7598.75,7594.0,7597.75,12467
2026-06-15 21:20:00,7598.0,7601.0,7596.25,7599.25,15402
2026-06-15 21:30:00,7599.25,7616.0,7598.5,7612.0,84350
2026-06-15 21:40:00,7612.0,7620.5,7606.75,7619.25,66800
2026-06-15 21:50:00,7619.5,7622.5,7613.25,7614.25,48778
2026-06-15 22:00:00,7614.25,7621.0,7610.0,7613.0,56550
2026-06-15 22:10:00,7613.25,7614.5,7605.5,7613.75,56919
2026-06-15 22:20:00,7613.75,7618.0,7607.25,7617.25,51820
2026-06-15 22:30:00,7617.25,7618.25,7610.0,7614.5,47740
2026-06-15 22:40:00,7614.5,7619.25,7611.5,7615.75,40607
2026-06-15 22:50:00,7615.75,7625.0,7615.75,7623.0,48000
2026-06-15 23:00:00,7623.25,7629.0,7623.0,7628.0,52715
2026-06-15 23:10:00,7628.25,7629.5,7625.25,7627.5,35988
2026-06-15 23:20:00,7627.5,7634.0,7627.0,7632.75,52351
2026-06-15 23:30:00,7633.0,7636.0,7629.25,7634.0,43891
2026-06-15 23:40:00,7633.75,7642.25,7633.0,7641.5,34144
2026-06-15 23:50:00,7641.5,7644.5,7640.0,7643.25,28672
2026-06-16 00:00:00,7643.25,7648.75,7643.0,7644.75,38301
2026-06-16 00:10:00,7644.75,7646.75,7641.0,7643.25,32629
2026-06-16 00:20:00,7643.25,7647.5,7642.75,7646.75,27642
2026-06-16 00:30:00,7646.75,7648.25,7639.75,7641.0,28833
2026-06-16 00:40:00,7641.0,7644.25,7636.75,7638.5,28753
2026-06-16 00:50:00,7638.75,7641.5,7637.5,7640.5,38677
2026-06-16 01:00:00,7640.25,7642.25,7632.5,7635.75,37940
2026-06-16 01:10:00,7635.5,7644.0,7635.0,7641.75,23306
2026-06-16 01:20:00,7641.75,7646.5,7640.75,7643.5,35935
2026-06-16 01:30:00,7643.25,7645.25,7639.0,7642.25,26696
2026-06-16 01:40:00,7642.25,7642.5,7637.5,7639.25,20484
2026-06-16 01:50:00,7639.25,7640.0,7632.0,7633.5,27027
2026-06-16 02:00:00,7633.75,7635.0,7628.0,7631.5,34026
2026-06-16 02:10:00,7631.5,7635.5,7631.0,7632.75,29224
2026-06-16 02:20:00,7632.5,7633.25,7628.0,7628.75,27946
2026-06-16 02:30:00,7628.75,7634.5,7625.75,7633.75,25503
2026-06-16 02:40:00,7634.0,7636.25,7631.75,7633.75,21262
2026-06-16 02:50:00,7634.0,7634.75,7630.5,7631.5,17494
2026-06-16 03:00:00,7631.75,7632.25,7628.5,7630.25,25283
2026-06-16 03:10:00,7630.0,7634.5,7628.5,7631.5,22884
2026-06-16 03:20:00,7631.5,7631.75,7624.75,7625.0,24617
2026-06-16 03:30:00,7625.0,7628.25,7622.75,7624.75,32059
2026-06-16 03:40:00,7624.75,7631.25,7623.75,7629.25,44440
2026-06-16 03:50:00,7629.5,7631.25,7616.5,7630.0,201713
2026-06-16 04:00:00,7630.25,7631.75,7627.0,7628.5,48366
2026-06-16 04:10:00,7628.5,7629.25,7625.75,7628.0,7380
2026-06-16 04:20:00,7627.75,7628.25,7624.25,7625.5,3255
2026-06-16 04:30:00,7625.5,7628.0,7625.5,7627.5,3799
2026-06-16 04:40:00,7627.5,7629.0,7625.75,7627.5,4395
2026-06-16 04:50:00,7627.5,7627.5,7624.0,7624.25,2820
2026-06-16 06:00:00,7626.5,7630.25,7623.0,7626.25,1111
2026-06-16 06:10:00,7626.25,7626.25,7617.0,7617.0,3089
2026-06-16 06:20:00,7617.25,7619.5,7612.0,7616.75,3957
2026-06-16 06:30:00,7616.75,7618.75,7615.25,7615.5,1729
2026-06-16 06:40:00,7615.75,7617.0,7615.25,7615.5,461
2026-06-16 06:50:00,7615.5,7619.5,7615.25,7617.5,1530
2026-06-16 07:00:00,7617.25,7618.5,7615.5,7616.25,914
2026-06-16 07:10:00,7616.25,7617.25,7614.5,7614.75,570
2026-06-16 07:20:00,7615.0,7622.0,7615.0,7621.0,1443
2026-06-16 07:30:00,7621.0,7621.75,7616.5,7618.0,709
2026-06-16 07:40:00,7618.0,7620.5,7616.75,7618.75,883
2026-06-16 07:50:00,7618.75,7621.5,7617.75,7620.5,869
2026-06-16 08:00:00,7620.25,7622.0,7615.5,7621.25,1755
2026-06-16 08:10:00,7621.0,7623.75,7619.75,7621.5,1162
2026-06-16 08:20:00,7621.75,7621.75,7617.5,7621.75,1307
2026-06-16 08:30:00,7621.75,7625.0,7616.75,7618.25,1838
2026-06-16 08:40:00,7618.25,7622.0,7615.25,7615.5,1372
2026-06-16 08:50:00,7615.5,7616.75,7612.75,7615.5,1899
2026-06-16 09:00:00,7615.25,7618.75,7613.75,7614.25,1425
2026-06-16 09:10:00,7614.5,7617.75,7613.5,7615.5,1429
2026-06-16 09:20:00,7615.5,7618.5,7615.5,7616.5,959
2026-06-16 09:30:00,7616.75,7618.0,7614.75,7617.25,1154
2026-06-16 09:40:00,7617.25,7618.75,7615.25,7618.0,1173
2026-06-16 09:50:00,7618.25,7618.25,7614.0,7616.25,1021
2026-06-16 10:00:00,7616.25,7618.0,7614.5,7616.25,1019
2026-06-16 10:10:00,7616.0,7618.25,7613.75,7616.75,1100
2026-06-16 10:20:00,7616.75,7618.25,7616.5,7616.5,616
2026-06-16 10:30:00,7616.75,7621.0,7616.25,7619.5,1219
2026-06-16 10:40:00,7619.25,7620.25,7618.25,7619.25,692
2026-06-16 10:50:00,7619.25,7619.25,7615.75,7617.5,806
2026-06-16 11:00:00,7617.75,7620.5,7617.0,7619.0,972
2026-06-16 11:10:00,7619.25,7620.25,7617.25,7620.25,628
2026-06-16 11:20:00,7620.0,7623.5,7619.5,7621.75,1377
2026-06-16 11:30:00,7621.5,7627.5,7621.0,7626.75,1656
2026-06-16 11:40:00,7626.5,7627.5,7623.5,7624.75,997
2026-06-16 11:50:00,7624.5,7625.25,7621.0,7622.25,885
2026-06-16 12:00:00,7621.5,7621.5,7620.75,7621.25,750
2026-06-16 12:10:00,7621.5,7622.5,7619.25,7619.75,535
2026-06-16 12:20:00,7619.75,7622.0,7619.75,7620.25,595
2026-06-16 12:30:00,7620.5,7621.5,7619.25,7621.25,505
2026-06-16 12:40:00,7621.5,7622.0,7617.0,7618.0,936
2026-06-16 12:50:00,7617.75,7619.0,7615.0,7618.25,1194
2026-06-16 13:00:00,7618.5,7622.0,7618.5,7621.5,806
2026-06-16 13:10:00,7621.5,7625.25,7621.5,7624.75,753
2026-06-16 13:20:00,7624.5,7624.75,7621.5,7621.75,883
2026-06-16 13:30:00,7621.75,7622.5,7616.0,7617.75,1458
2026-06-16 13:40:00,7617.75,7620.0,7617.0,7618.25,794
2026-06-16 13:50:00,7618.25,7620.5,7617.5,7618.25,758
2026-06-16 14:00:00,7618.0,7623.0,7617.0,7622.25,1333
2026-06-16 14:10:00,7622.25,7624.0,7621.0,7621.0,906
2026-06-16 14:20:00,7621.0,7623.25,7619.75,7623.25,1038
2026-06-16 14:30:00,7623.0,7624.0,7621.5,7622.0,872
2026-06-16 14:40:00,7622.0,7623.0,7619.75,7620.25,874
2026-06-16 14:50:00,7620.25,7622.75,7620.0,7622.25,912
2026-06-16 15:00:00,7622.25,7626.25,7622.0,7625.25,3130
2026-06-16 15:10:00,7625.5,7626.25,7623.5,7625.5,2123
2026-06-16 15:20:00,7625.25,7627.75,7623.75,7626.5,1993
2026-06-16 15:30:00,7626.5,7627.75,7625.0,7627.25,1778
2026-06-16 15:40:00,7627.25,7627.75,7620.25,7621.25,2846
2026-06-16 15:50:00,7621.25,7625.0,7621.0,7624.5,3048
2026-06-16 16:00:00,7624.5,7630.25,7622.75,7629.0,5017
2026-06-16 16:10:00,7629.0,7630.25,7625.0,7626.5,4074
2026-06-16 16:20:00,7626.5,7626.5,7624.0,7626.25,3870
2026-06-16 16:30:00,7626.25,7627.5,7620.75,7621.5,4151
2026-06-16 16:40:00,7621.5,7623.5,7620.75,7622.25,2494
2026-06-16 16:50:00,7622.25,7628.75,7622.0,7626.5,5652
2026-06-16 17:00:00,7626.5,7628.75,7625.25,7628.25,4580
2026-06-16 17:10:00,7628.0,7628.25,7622.0,7622.25,3581
2026-06-16 17:20:00,7622.25,7624.75,7622.25,7622.75,4200
2026-06-16 17:30:00,7622.75,7625.0,7622.75,7623.5,3331
2026-06-16 17:40:00,7623.0,7623.25,7619.25,7619.75,3997
2026-06-16 17:50:00,7620.0,7622.25,7618.75,7620.25,3622
2026-06-16 18:00:00,7620.5,7624.75,7620.5,7624.75,3675
2026-06-16 18:10:00,7624.75,7625.75,7623.5,7623.75,3386
2026-06-16 18:20:00,7624.0,7627.25,7622.75,7626.0,3268
2026-06-16 18:30:00,7626.25,7628.25,7624.5,7628.0,2046
2026-06-16 18:40:00,7628.0,7628.0,7626.25,7627.5,2586
2026-06-16 18:50:00,7627.5,7631.0,7626.75,7630.75,3409
2026-06-16 19:00:00,7630.5,7632.25,7628.75,7629.5,8550
2026-06-16 19:10:00,7629.25,7633.5,7628.5,7633.25,7595
2026-06-16 19:20:00,7633.25,7634.25,7629.0,7632.0,5018
2026-06-16 19:30:00,7631.75,7633.25,7629.0,7631.5,3879
2026-06-16 19:40:00,7631.5,7634.5,7630.75,7632.75,3785
2026-06-16 19:50:00,7632.75,7633.5,7630.5,7631.25,4942
2026-06-16 20:00:00,7631.25,7634.5,7630.25,7633.75,8778
2026-06-16 20:10:00,7634.0,7634.75,7628.0,7629.0,4954
2026-06-16 20:20:00,7629.0,7629.0,7622.0,7625.25,9432
2026-06-16 20:30:00,7625.5,7627.0,7622.5,7625.25,11342
2026-06-16 20:40:00,7625.25,7625.75,7622.25,7624.25,6646
2026-06-16 20:50:00,7624.25,7628.75,7624.0,7625.25,7350
2026-06-16 21:00:00,7625.0,7627.25,7620.75,7621.5,8005
2026-06-16 21:10:00,7621.75,7626.75,7620.5,7626.25,11632
2026-06-16 21:20:00,7626.5,7630.75,7626.25,7628.0,14318
2026-06-16 21:30:00,7627.75,7636.75,7624.25,7629.75,65336
2026-06-16 21:40:00,7630.0,7636.25,7628.5,7633.5,51391
2026-06-16 21:50:00,7633.5,7635.25,7621.75,7622.75,48894
2026-06-16 22:00:00,7622.75,7632.75,7622.25,7632.75,48613
2026-06-16 22:10:00,7633.0,7634.0,7620.25,7621.75,47377
2026-06-16 22:20:00,7621.75,7625.25,7612.25,7612.25,58647
2026-06-16 22:30:00,7612.0,7617.75,7604.0,7617.75,62581
2026-06-16 22:40:00,7617.5,7621.5,7611.5,7612.75,43355
2026-06-16 22:50:00,7612.75,7619.0,7606.5,7611.0,47746
2026-06-16 23:00:00,7611.0,7618.0,7610.25,7616.0,35960
2026-06-16 23:10:00,7616.0,7619.25,7611.5,7611.75,34412
2026-06-16 23:20:00,7612.0,7614.25,7604.5,7608.0,47760
2026-06-16 23:30:00,7608.0,7616.25,7608.0,7610.0,38808
2026-06-16 23:40:00,7610.25,7611.75,7599.0,7604.5,45665
2026-06-16 23:50:00,7604.25,7616.75,7602.5,7610.0,49011
2026-06-17 00:00:00,7609.75,7619.5,7609.5,7617.75,34085
2026-06-17 00:10:00,7617.75,7622.25,7615.5,7618.75,28336
2026-06-17 00:20:00,7619.0,7621.75,7614.25,7616.25,25116
2026-06-17 00:30:00,7616.0,7617.0,7606.75,7610.25,26765
2026-06-17 00:40:00,7610.25,7615.0,7608.25,7610.5,26738
2026-06-17 00:50:00,7610.75,7613.75,7606.0,7610.5,25092
2026-06-17 01:00:00,7610.25,7610.5,7604.75,7607.5,21153
2026-06-17 01:10:00,7607.5,7611.5,7604.25,7604.5,20074
2026-06-17 01:20:00,7604.75,7608.25,7602.0,7605.75,22413
2026-06-17 01:30:00,7605.5,7606.75,7598.75,7600.75,19998
2026-06-17 01:40:00,7601.0,7606.0,7599.0,7605.5,24313
2026-06-17 01:50:00,7605.75,7611.5,7604.0,7605.75,24511
2026-06-17 02:00:00,7605.5,7607.5,7603.5,7604.25,19700
2026-06-17 02:10:00,7604.0,7606.25,7601.75,7603.5,27883
2026-06-17 02:20:00,7603.5,7607.5,7602.5,7605.25,16347
2026-06-17 02:30:00,7605.25,7606.5,7601.5,7604.75,19529
2026-06-17 02:40:00,7604.75,7606.75,7602.0,7602.0,12888
2026-06-17 02:50:00,7602.25,7604.5,7600.5,7602.0,14672
2026-06-17 03:00:00,7602.0,7603.0,7597.25,7598.0,21911
2026-06-17 03:10:00,7598.0,7599.25,7584.75,7594.0,36299
2026-06-17 03:20:00,7594.0,7600.0,7592.5,7596.25,26958
2026-06-17 03:30:00,7596.25,7597.25,7588.0,7588.75,27315
2026-06-17 03:40:00,7588.5,7595.0,7587.5,7592.5,30973
2026-06-17 03:50:00,7592.5,7597.75,7583.0,7588.0,126095
2026-06-17 04:00:00,7588.0,7589.0,7581.5,7582.75,40158
2026-06-17 04:10:00,7583.0,7583.5,7578.0,7579.5,11185
2026-06-17 04:20:00,7579.5,7584.75,7579.0,7583.0,5012
2026-06-17 04:30:00,7582.75,7584.25,7581.75,7584.0,2940
2026-06-17 04:40:00,7584.0,7585.75,7584.0,7585.0,2768
2026-06-17 04:50:00,7585.0,7585.25,7581.25,7583.0,3943
2026-06-17 06:00:00,7581.25,7591.5,7581.25,7591.5,620
2026-06-17 06:10:00,7591.75,7593.25,7591.0,7591.75,1220
2026-06-17 06:20:00,7592.0,7595.5,7590.25,7593.5,1194
2026-06-17 06:30:00,7593.75,7596.75,7593.5,7595.25,1138
2026-06-17 06:40:00,7595.25,7595.5,7590.75,7594.5,957
2026-06-17 06:50:00,7594.5,7597.5,7594.5,7596.5,834
2026-06-17 07:00:00,7596.5,7596.75,7593.0,7595.0,888
2026-06-17 07:10:00,7595.0,7595.0,7590.5,7593.25,635
2026-06-17 07:20:00,7593.0,7593.0,7591.25,7592.0,554
2026-06-17 07:30:00,7592.0,7594.75,7590.75,7591.75,711
2026-06-17 07:40:00,7591.75,7594.5,7590.0,7591.75,881
2026-06-17 07:50:00,7591.75,7593.25,7589.25,7591.75,1001
2026-06-17 08:00:00,7592.0,7598.75,7592.0,7596.75,2049
2026-06-17 08:10:00,7597.0,7599.5,7594.75,7596.25,1794
2026-06-17 08:20:00,7596.25,7597.75,7594.25,7597.5,862
2026-06-17 08:30:00,7597.25,7600.5,7596.25,7598.75,1082
2026-06-17 08:40:00,7598.75,7600.0,7595.75,7598.5,698
2026-06-17 08:50:00,7598.25,7598.25,7595.25,7597.0,816
2026-06-17 09:00:00,7597.0,7602.75,7595.25,7602.5,1901
2026-06-17 09:10:00,7602.25,7602.75,7599.75,7602.5,1096
2026-06-17 09:20:00,7602.25,7604.25,7601.5,7603.25,1169
2026-06-17 09:30:00,7603.25,7604.25,7602.25,7604.0,1005
2026-06-17 09:40:00,7604.0,7605.25,7602.0,7603.0,1560
2026-06-17 09:50:00,7603.25,7605.5,7603.25,7605.5,894
2026-06-17 10:00:00,7605.25,7605.5,7603.25,7604.0,1261
2026-06-17 10:10:00,7603.75,7605.25,7603.5,7604.0,1204
2026-06-17 10:20:00,7604.25,7605.75,7603.75,7604.0,924
2026-06-17 10:30:00,7603.75,7604.0,7601.5,7601.75,935
2026-06-17 10:40:00,7601.75,7603.5,7601.25,7602.0,551
2026-06-17 10:50:00,7602.25,7603.25,7601.25,7602.5,485
2026-06-17 11:00:00,7602.5,7605.25,7602.5,7603.5,751
2026-06-17 11:10:00,7603.5,7604.25,7599.5,7600.5,761
2026-06-17 11:20:00,7600.5,7601.5,7598.75,7601.0,534
2026-06-17 11:30:00,7601.0,7602.5,7600.25,7602.25,543
2026-06-17 11:40:00,7602.25,7605.5,7602.0,7605.0,841
2026-06-17 11:50:00,7604.75,7606.25,7604.5,7606.0,623
2026-06-17 12:00:00,7605.25,7605.5,7604.75,7605.25,598
2026-06-17 12:10:00,7605.5,7606.25,7604.5,7606.25,499
2026-06-17 12:20:00,7606.25,7606.5,7605.25,7605.5,550
2026-06-17 12:30:00,7605.25,7606.0,7602.75,7602.75,540
2026-06-17 12:40:00,7602.75,7605.75,7601.0,7605.0,1022
2026-06-17 12:50:00,7605.0,7606.25,7604.5,7606.0,598
2026-06-17 13:00:00,7606.0,7607.5,7605.5,7605.75,1126
2026-06-17 13:10:00,7605.75,7606.5,7605.0,7606.0,930
2026-06-17 13:20:00,7606.0,7607.0,7604.0,7604.5,978
2026-06-17 13:30:00,7604.5,7608.0,7603.75,7607.75,1289
2026-06-17 13:40:00,7607.75,7607.75,7605.25,7607.0,867
2026-06-17 13:50:00,7607.0,7607.25,7603.0,7604.0,744
2026-06-17 14:00:00,7603.75,7607.25,7603.0,7606.25,1160
2026-06-17 14:10:00,7606.5,7606.75,7604.5,7605.0,1063
2026-06-17 14:20:00,7604.75,7605.5,7602.25,7602.75,1786
2026-06-17 14:30:00,7602.75,7607.0,7601.25,7607.0,2135
2026-06-17 14:40:00,7607.25,7609.25,7606.5,7608.75,1104
2026-06-17 14:50:00,7608.75,7609.25,7607.0,7609.0,1310
2026-06-17 15:00:00,7608.75,7611.0,7608.25,7610.5,2927
2026-06-17 15:10:00,7610.75,7612.5,7607.0,7607.5,3271
2026-06-17 15:20:00,7607.75,7608.0,7603.5,7604.75,1721
2026-06-17 15:30:00,7604.75,7607.25,7603.25,7607.0,2071
2026-06-17 15:40:00,7607.0,7608.25,7604.25,7604.75,1631
2026-06-17 15:50:00,7604.5,7607.0,7604.5,7605.75,1997
2026-06-17 16:00:00,7605.75,7608.25,7604.5,7607.25,2523
2026-06-17 16:10:00,7607.0,7607.0,7597.75,7599.0,3521
2026-06-17 16:20:00,7598.75,7602.25,7598.0,7599.5,1868
2026-06-17 16:30:00,7599.5,7600.5,7593.5,7593.75,3572
2026-06-17 16:40:00,7594.0,7597.0,7591.75,7591.75,3208
2026-06-17 16:50:00,7592.0,7600.0,7592.0,7599.75,3066
2026-06-17 17:00:00,7600.0,7601.0,7597.5,7597.75,2912
2026-06-17 17:10:00,7597.75,7599.75,7596.5,7598.0,1868
2026-06-17 17:20:00,7597.75,7601.75,7597.25,7601.0,2152
2026-06-17 17:30:00,7601.0,7602.75,7596.0,7597.25,2066
2026-06-17 17:40:00,7597.25,7598.5,7594.75,7595.0,2375
2026-06-17 17:50:00,7595.0,7595.0,7590.5,7592.25,2848
2026-06-17 18:00:00,7592.25,7592.5,7585.25,7589.25,5131
2026-06-17 18:10:00,7589.25,7589.75,7586.75,7586.75,2902
2026-06-17 18:20:00,7586.75,7594.25,7586.75,7591.5,2203
2026-06-17 18:30:00,7591.75,7593.5,7590.5,7593.5,1420
2026-06-17 18:40:00,7593.25,7596.0,7592.25,7595.25,1602
2026-06-17 18:50:00,7595.75,7598.25,7590.25,7591.0,2539
2026-06-17 19:00:00,7591.25,7596.5,7589.75,7594.5,2380
2026-06-17 19:10:00,7594.75,7596.75,7594.5,7596.5,1748
2026-06-17 19:20:00,7596.75,7597.75,7593.5,7594.5,1724
2026-06-17 19:30:00,7594.25,7594.5,7592.0,7592.5,1937
2026-06-17 19:40:00,7592.5,7594.25,7585.5,7586.25,3620
2026-06-17 19:50:00,7586.5,7587.75,7583.0,7586.5,4588
2026-06-17 20:00:00,7586.75,7592.75,7586.25,7591.25,3915
2026-06-17 20:10:00,7591.5,7593.5,7589.5,7590.75,3781
2026-06-17 20:20:00,7590.75,7593.5,7589.25,7590.25,4378
2026-06-17 20:30:00,7590.25,7596.5,7590.0,7592.25,5625
2026-06-17 20:40:00,7592.25,7596.0,7590.0,7594.5,4126
2026-06-17 20:50:00,7594.75,7596.25,7592.75,7595.25,3731
2026-06-17 21:00:00,7595.25,7595.75,7591.0,7591.75,4469
2026-06-17 21:10:00,7592.0,7598.75,7591.75,7597.5,5304
2026-06-17 21:20:00,7597.75,7598.75,7590.25,7595.75,10500
2026-06-17 21:30:00,7595.75,7596.0,7584.75,7586.25,55429
2026-06-17 21:40:00,7586.5,7600.25,7583.25,7594.0,44498
2026-06-17 21:50:00,7593.75,7597.5,7581.0,7581.0,35478
2026-06-17 22:00:00,7581.25,7593.25,7578.5,7589.25,41815
2026-06-17 22:10:00,7589.25,7598.25,7585.25,7595.75,30215
2026-06-17 22:20:00,7595.75,7604.25,7593.75,7599.25,29506
2026-06-17 22:30:00,7599.25,7599.75,7582.25,7582.75,33469
2026-06-17 22:40:00,7582.75,7588.75,7560.5,7576.25,73209
2026-06-17 22:50:00,7576.0,7584.5,7571.25,7572.5,34352
2026-06-17 23:00:00,7572.25,7577.5,7568.0,7569.5,28797
2026-06-17 23:10:00,7569.25,7584.75,7569.25,7580.25,28728
2026-06-17 23:20:00,7580.25,7583.25,7578.25,7582.25,23012
2026-06-17 23:30:00,7582.0,7590.5,7580.0,7589.5,20735
2026-06-17 23:40:00,7589.5,7590.5,7584.25,7589.25,16548
2026-06-17 23:50:00,7589.5,7591.25,7585.75,7588.75,14162
2026-06-18 00:00:00,7589.0,7592.0,7587.5,7588.75,11741
2026-06-18 00:10:00,7588.75,7592.25,7585.5,7592.0,13034
2026-06-18 00:20:00,7592.0,7593.25,7590.0,7590.25,9283
2026-06-18 00:30:00,7590.25,7591.25,7584.25,7588.0,15485
2026-06-18 00:40:00,7588.0,7588.0,7581.75,7583.25,13912
2026-06-18 00:50:00,7583.0,7585.75,7581.5,7582.75,10979
2026-06-18 01:00:00,7582.5,7583.0,7568.5,7576.5,24371
2026-06-18 01:10:00,7576.5,7579.0,7572.0,7576.25,17204
2026-06-18 01:20:00,7576.0,7579.75,7573.0,7578.25,14126
2026-06-18 01:30:00,7578.25,7579.0,7572.5,7577.5,15308
2026-06-18 01:40:00,7577.5,7578.0,7573.0,7577.25,12610
2026-06-18 01:50:00,7577.25,7589.75,7576.5,7588.75,16685
2026-06-18 02:00:00,7588.25,7590.75,7514.5,7546.5,102332
2026-06-18 02:10:00,7546.5,7560.25,7539.75,7556.75,47866
2026-06-18 02:20:00,7556.75,7558.5,7533.75,7542.75,39863
2026-06-18 02:30:00,7542.5,7569.25,7535.75,7560.75,66067
2026-06-18 02:40:00,7561.0,7584.25,7557.0,7568.75,45879
2026-06-18 02:50:00,7568.5,7574.25,7531.5,7540.75,42630
2026-06-18 03:00:00,7540.5,7552.0,7536.25,7538.0,46259
2026-06-18 03:10:00,7538.0,7551.5,7521.25,7521.5,47362
2026-06-18 03:20:00,7521.5,7522.0,7497.25,7500.25,68611
2026-06-18 03:30:00,7500.25,7503.75,7472.25,7475.5,63613
2026-06-18 03:40:00,7475.25,7497.75,7473.25,7489.0,66651
2026-06-18 03:50:00,7488.75,7498.75,7474.0,7492.5,127103
2026-06-18 04:00:00,7492.25,7504.5,7492.0,7498.0,38244
2026-06-18 04:10:00,7498.25,7503.0,7490.0,7502.5,16236
2026-06-18 04:20:00,7502.75,7510.0,7502.75,7508.0,7359
2026-06-18 04:30:00,7508.25,7515.25,7505.75,7513.25,5690
2026-06-18 04:40:00,7513.25,7513.5,7508.75,7508.75,3277
2026-06-18 04:50:00,7509.0,7511.25,7507.25,7511.0,4666
2026-06-18 06:00:00,7512.5,7517.25,7504.25,7517.0,1555
2026-06-18 06:10:00,7516.75,7521.75,7516.25,7519.25,2691
2026-06-18 06:20:00,7519.25,7526.75,7519.25,7523.5,3265
2026-06-18 06:30:00,7523.25,7527.25,7522.25,7525.0,1912
2026-06-18 06:40:00,7525.0,7526.75,7523.5,7526.25,703
2026-06-18 06:50:00,7526.0,7527.75,7525.25,7525.5,1048
2026-06-18 07:00:00,7525.75,7528.5,7524.25,7528.25,1216
2026-06-18 07:10:00,7528.25,7534.25,7527.5,7534.0,2020
2026-06-18 07:20:00,7534.25,7539.25,7534.0,7537.75,2108
2026-06-18 07:30:00,7538.0,7539.5,7534.25,7536.0,1630
2026-06-18 07:40:00,7536.0,7538.0,7534.0,7537.0,1016
2026-06-18 07:50:00,7537.25,7541.25,7536.25,7541.25,1390
2026-06-18 08:00:00,7541.5,7558.0,7539.75,7555.5,6048
2026-06-18 08:10:00,7555.5,7560.5,7553.5,7554.75,4707
2026-06-18 08:20:00,7555.0,7556.0,7549.0,7552.75,3272
2026-06-18 08:30:00,7552.75,7558.0,7552.75,7557.75,2518
2026-06-18 08:40:00,7557.75,7558.25,7553.25,7554.25,2167
2026-06-18 08:50:00,7554.0,7554.25,7548.0,7550.75,3554
2026-06-18 09:00:00,7550.75,7558.75,7550.0,7557.5,2451
2026-06-18 09:10:00,7557.75,7560.75,7554.75,7556.5,1904
2026-06-18 09:20:00,7556.5,7561.25,7556.25,7556.75,1823
2026-06-18 09:30:00,7557.25,7559.25,7554.0,7555.0,1966
2026-06-18 09:40:00,7555.25,7557.0,7550.25,7552.5,1990
2026-06-18 09:50:00,7552.75,7556.25,7551.75,7553.0,1348
2026-06-18 10:00:00,7553.0,7558.25,7552.0,7557.75,1370
2026-06-18 10:10:00,7557.5,7559.75,7554.75,7555.0,862
2026-06-18 10:20:00,7555.0,7556.75,7554.5,7555.5,549
2026-06-18 10:30:00,7555.75,7556.75,7553.25,7556.5,692
2026-06-18 10:40:00,7556.25,7557.75,7555.25,7556.75,738
2026-06-18 10:50:00,7556.75,7558.5,7556.0,7556.75,845
2026-06-18 11:00:00,7556.5,7558.25,7555.0,7555.0,1020
2026-06-18 11:10:00,7555.0,7555.5,7552.25,7554.0,1296
2026-06-18 11:20:00,7553.75,7557.5,7553.75,7556.5,940
2026-06-18 11:30:00,7556.75,7558.75,7550.75,7551.75,963
2026-06-18 11:40:00,7551.75,7554.0,7550.25,7554.0,936
2026-06-18 11:50:00,7554.0,7556.5,7553.25,7555.0,694
2026-06-18 12:00:00,7552.5,7553.0,7552.25,7553.0,1046
2026-06-18 12:10:00,7553.25,7553.5,7547.75,7548.0,1304
2026-06-18 12:20:00,7547.75,7547.75,7544.75,7546.75,1479
2026-06-18 12:30:00,7546.5,7546.75,7542.75,7543.0,1128
2026-06-18 12:40:00,7542.75,7543.5,7539.25,7542.25,1580
2026-06-18 12:50:00,7542.25,7546.25,7541.75,7544.75,945
2026-06-18 13:00:00,7545.0,7548.0,7542.75,7546.5,1082
2026-06-18 13:10:00,7546.75,7549.25,7544.0,7548.5,963
2026-06-18 13:20:00,7548.5,7549.5,7546.5,7548.25,710
2026-06-18 13:30:00,7548.5,7550.5,7546.5,7547.5,1117
2026-06-18 13:40:00,7547.75,7549.75,7545.25,7545.75,875
2026-06-18 13:50:00,7545.75,7547.0,7544.25,7546.5,769
2026-06-18 14:00:00,7546.25,7548.5,7541.25,7542.0,1578
2026-06-18 14:10:00,7541.75,7545.75,7541.0,7541.5,2170
2026-06-18 14:20:00,7541.75,7550.75,7541.5,7550.25,1851
2026-06-18 14:30:00,7550.25,7550.25,7545.25,7546.75,2030
2026-06-18 14:40:00,7546.5,7552.25,7543.75,7551.5,1561
2026-06-18 14:50:00,7551.75,7557.25,7550.0,7556.75,2408
2026-06-18 15:00:00,7556.5,7559.0,7555.25,7558.25,3414
2026-06-18 15:10:00,7558.25,7558.25,7550.25,7552.75,2950
2026-06-18 15:20:00,7553.0,7559.25,7552.75,7558.75,1829
2026-06-18 15:30:00,7558.5,7558.5,7553.5,7556.25,2084
2026-06-18 15:40:00,7556.25,7557.25,7554.5,7556.5,1645
2026-06-18 15:50:00,7556.5,7559.5,7554.0,7559.25,1774
2026-06-18 16:00:00,7559.5,7568.0,7559.5,7567.5,5276
2026-06-18 16:10:00,7567.5,7568.25,7562.5,7562.75,3352
2026-06-18 16:20:00,7562.75,7563.5,7555.5,7556.5,3247
2026-06-18 16:30:00,7556.5,7558.5,7554.75,7558.0,2633
2026-06-18 16:40:00,7558.25,7560.0,7554.25,7557.0,1975
2026-06-18 16:50:00,7556.75,7556.75,7547.0,7547.75,3087
2026-06-18 17:00:00,7548.25,7553.0,7545.75,7551.0,2798
2026-06-18 17:10:00,7551.0,7556.25,7548.75,7554.75,2263
2026-06-18 17:20:00,7554.5,7554.5,7551.75,7554.0,1692
2026-06-18 17:30:00,7554.0,7558.5,7552.5,7558.25,2056
2026-06-18 17:40:00,7558.25,7563.75,7557.5,7562.75,2250
2026-06-18 17:50:00,7563.0,7564.0,7561.5,7563.25,2434
2026-06-18 18:00:00,7563.25,7563.5,7559.0,7560.0,2545
2026-06-18 18:10:00,7560.0,7564.25,7559.0,7563.5,2163
2026-06-18 18:20:00,7563.5,7564.75,7559.75,7560.75,2216
2026-06-18 18:30:00,7560.75,7563.25,7557.0,7557.25,2182
2026-06-18 18:40:00,7557.25,7557.75,7551.5,7553.5,2846
2026-06-18 18:50:00,7553.25,7555.25,7552.0,7553.5,2270
2026-06-18 19:00:00,7553.5,7554.75,7542.5,7544.25,4947
2026-06-18 19:10:00,7544.0,7545.0,7537.0,7538.5,5477
2026-06-18 19:20:00,7538.25,7542.75,7535.5,7541.5,3961
2026-06-18 19:30:00,7541.25,7543.75,7535.75,7537.25,3117
2026-06-18 19:40:00,7537.0,7539.75,7530.75,7539.0,4530
2026-06-18 19:50:00,7538.75,7543.75,7537.75,7543.25,3478
2026-06-18 20:00:00,7543.25,7545.5,7540.75,7541.5,4956
2026-06-18 20:10:00,7541.25,7548.25,7541.0,7547.5,5025
2026-06-18 20:20:00,7547.5,7555.5,7547.5,7555.0,7153
2026-06-18 20:30:00,7554.75,7560.0,7552.75,7554.0,6020
2026-06-18 20:40:00,7554.25,7560.0,7553.0,7559.5,6300
2026-06-18 20:50:00,7559.75,7565.0,7556.5,7560.5,6968
2026-06-18 21:00:00,7560.5,7560.75,7550.5,7554.5,16095
2026-06-18 21:10:00,7554.5,7566.25,7553.5,7563.75,11784
2026-06-18 21:20:00,7563.75,7579.75,7563.0,7577.0,31239
2026-06-18 21:30:00,7577.25,7581.5,7541.5,7544.0,92665
2026-06-18 21:40:00,7544.0,7550.0,7535.5,7549.25,53097
2026-06-18 21:50:00,7549.25,7554.75,7535.75,7544.0,46135
2026-06-18 22:00:00,7544.25,7558.25,7540.75,7554.5,42033
2026-06-18 22:10:00,7554.75,7561.5,7539.0,7558.25,37481
2026-06-18 22:20:00,7558.25,7566.25,7548.5,7550.5,38898
2026-06-18 22:30:00,7550.5,7563.5,7541.25,7562.5,39242
2026-06-18 22:40:00,7562.5,7570.75,7555.75,7568.5,32722
2026-06-18 22:50:00,7568.5,7570.5,7560.25,7566.25,24646
2026-06-18 23:00:00,7566.5,7567.5,7557.25,7561.5,24840
2026-06-18 23:10:00,7561.5,7568.75,7553.5,7554.75,24806
2026-06-18 23:20:00,7554.75,7559.75,7549.25,7551.75,25690
2026-06-18 23:30:00,7551.5,7556.25,7541.0,7546.75,32025
2026-06-18 23:40:00,7546.75,7551.5,7541.0,7549.5,24668
2026-06-18 23:50:00,7549.25,7563.25,7549.25,7560.5,24216
2026-06-19 00:00:00,7560.25,7563.75,7555.0,7558.75,21467
2026-06-19 00:10:00,7558.5,7562.0,7556.5,7559.5,14883
2026-06-19 00:20:00,7559.5,7566.75,7559.25,7564.0,14558
2026-06-19 00:30:00,7564.25,7570.5,7560.5,7569.5,17039
2026-06-19 00:40:00,7569.5,7570.25,7565.75,7567.0,13310
2026-06-19 00:50:00,7567.0,7567.25,7559.25,7564.0,15661
2026-06-19 01:00:00,7564.0,7574.5,7561.5,7572.0,15985
2026-06-19 01:10:00,7571.75,7579.0,7571.0,7577.25,15121
2026-06-19 01:20:00,7577.25,7578.5,7571.0,7572.75,13135
2026-06-19 01:30:00,7573.0,7577.0,7569.75,7570.25,11795
2026-06-19 01:40:00,7570.5,7572.25,7568.25,7569.5,10630
2026-06-19 01:50:00,7569.5,7572.75,7566.75,7567.0,10542
2026-06-19 02:00:00,7567.0,7568.0,7562.0,7563.25,15703
2026-06-19 02:10:00,7563.25,7566.75,7561.0,7563.5,13130
2026-06-19 02:20:00,7563.25,7566.75,7561.75,7562.75,11751
2026-06-19 02:30:00,7562.75,7563.5,7559.5,7560.25,12863
2026-06-19 02:40:00,7560.25,7566.0,7559.25,7565.75,12424
2026-06-19 02:50:00,7565.75,7567.25,7560.5,7561.5,14868
2026-06-19 03:00:00,7561.5,7562.25,7555.75,7556.25,17113
2026-06-19 03:10:00,7556.25,7556.5,7549.0,7556.0,22939
2026-06-19 03:20:00,7556.0,7560.0,7555.25,7557.75,14689
2026-06-19 03:30:00,7557.75,7567.5,7553.75,7567.25,24082
2026-06-19 03:40:00,7567.25,7573.0,7566.25,7568.75,31289
2026-06-19 03:50:00,7568.75,7580.75,7564.25,7564.5,156768
2026-06-19 04:00:00,7564.5,7576.25,7562.25,7573.5,42839
2026-06-19 04:10:00,7573.5,7579.5,7572.25,7579.25,11662
2026-06-19 04:20:00,7579.25,7583.0,7577.0,7577.5,6635
2026-06-19 04:30:00,7577.5,7579.5,7575.0,7575.75,3502
2026-06-19 04:40:00,7575.75,7576.0,7571.5,7572.25,2933
2026-06-19 04:50:00,7572.25,7575.25,7570.75,7574.75,3565
2026-06-19 06:00:00,7576.75,7580.0,7572.0,7573.25,498
2026-06-19 06:10:00,7573.25,7574.75,7568.5,7569.0,908
2026-06-19 06:20:00,7569.0,7569.0,7565.0,7566.25,884
2026-06-19 06:30:00,7566.5,7566.5,7561.25,7561.25,819
2026-06-19 06:40:00,7561.25,7563.25,7559.5,7563.25,920
2026-06-19 06:50:00,7563.25,7564.0,7561.0,7561.0,584
2026-06-19 07:00:00,7561.25,7564.0,7560.5,7562.5,586
2026-06-19 07:10:00,7562.25,7564.0,7561.25,7562.25,392
2026-06-19 07:20:00,7562.25,7566.0,7562.0,7564.25,448
2026-06-19 07:30:00,7564.0,7567.25,7562.75,7566.0,561
2026-06-19 07:40:00,7566.25,7567.5,7564.5,7565.75,427
2026-06-19 07:50:00,7566.0,7568.25,7565.75,7565.75,483
2026-06-19 08:00:00,7565.5,7565.75,7559.0,7561.0,1496
2026-06-19 08:10:00,7561.25,7561.75,7556.0,7560.25,1840
2026-06-19 08:20:00,7560.25,7561.75,7556.5,7559.5,1154
2026-06-19 08:30:00,7559.75,7561.25,7556.75,7558.75,723
2026-06-19 08:40:00,7558.75,7560.25,7557.75,7559.5,559
2026-06-19 08:50:00,7559.5,7559.75,7557.25,7558.25,350
2026-06-19 09:00:00,7558.25,7560.75,7553.25,7553.5,1527
2026-06-19 09:10:00,7553.5,7554.5,7551.0,7554.5,1469
2026-06-19 09:20:00,7554.5,7556.0,7552.75,7555.0,688
2026-06-19 09:30:00,7555.0,7555.0,7551.0,7552.0,768
2026-06-19 09:40:00,7552.0,7552.75,7550.0,7550.75,679
2026-06-19 09:50:00,7550.5,7551.75,7547.25,7547.75,1122
2026-06-19 10:00:00,7547.5,7548.5,7544.0,7545.75,1153
2026-06-19 10:10:00,7546.0,7546.0,7541.75,7542.5,1684
2026-06-19 10:20:00,7542.5,7546.75,7542.5,7546.0,873
2026-06-19 10:30:00,7546.0,7548.0,7545.75,7547.0,387
2026-06-19 10:40:00,7547.0,7549.25,7546.75,7546.75,509
2026-06-19 10:50:00,7546.5,7547.25,7544.5,7546.25,466
2026-06-19 11:00:00,7546.25,7548.5,7544.75,7545.0,627
2026-06-19 11:10:00,7545.0,7546.0,7539.25,7540.5,1593
2026-06-19 11:20:00,7540.25,7542.25,7537.5,7539.0,776
2026-06-19 11:30:00,7538.5,7541.0,7536.0,7540.5,1603
2026-06-19 11:40:00,7540.75,7541.25,7537.5,7538.0,933
2026-06-19 11:50:00,7538.25,7540.0,7536.25,7536.75,900
2026-06-22 06:00:00,7543.25,7556.25,7532.25,7536.0,4547
2026-06-22 06:10:00,7536.25,7538.25,7526.0,7533.5,3050
2026-06-22 06:20:00,7533.75,7556.25,7532.75,7541.0,1811
2026-06-22 06:30:00,7541.0,7556.25,7536.25,7537.25,1081
2026-06-22 06:40:00,7537.0,7556.25,7536.75,7543.0,972
2026-06-22 06:50:00,7543.25,7556.25,7537.0,7538.25,850
2026-06-22 07:00:00,7537.75,7538.0,7525.5,7530.25,3234
2026-06-22 07:10:00,7530.25,7556.25,7523.5,7525.5,1921
2026-06-22 07:20:00,7525.5,7529.0,7523.75,7526.0,971
2026-06-22 07:30:00,7526.5,7556.25,7516.0,7518.75,1891
2026-06-22 07:40:00,7518.5,7556.25,7514.5,7515.0,1628
2026-06-22 07:50:00,7515.25,7517.0,7513.0,7516.0,1188
2026-06-22 08:00:00,7515.75,7556.25,7514.5,7532.0,5098
2026-06-22 08:10:00,7532.25,7540.0,7527.75,7538.5,3863
2026-06-22 08:20:00,7538.75,7556.25,7534.75,7543.75,2974
2026-06-22 08:30:00,7543.75,7556.25,7540.75,7542.0,2349
2026-06-22 08:40:00,7542.0,7546.0,7540.5,7545.0,1970
2026-06-22 08:50:00,7545.0,7556.25,7543.5,7548.75,3145
2026-06-22 09:00:00,7549.0,7557.25,7549.0,7552.75,4670
2026-06-22 09:10:00,7553.0,7556.25,7551.25,7551.75,2000
2026-06-22 09:20:00,7551.5,7556.25,7551.0,7554.75,1919
2026-06-22 09:30:00,7554.5,7555.75,7552.0,7555.25,1932
2026-06-22 09:40:00,7555.25,7556.25,7551.0,7552.25,1654
2026-06-22 09:50:00,7552.5,7554.0,7548.75,7549.5,1776
2026-06-22 10:00:00,7549.75,7556.25,7547.5,7548.75,2353
2026-06-22 10:10:00,7548.5,7556.25,7544.0,7545.5,2256
2026-06-22 10:20:00,7545.25,7547.0,7542.25,7542.5,2309
2026-06-22 10:30:00,7542.25,7556.25,7539.75,7540.75,1930
2026-06-22 10:40:00,7540.5,7541.25,7537.25,7538.0,1785
2026-06-22 10:50:00,7538.0,7556.25,7537.5,7538.5,1372
2026-06-22 11:00:00,7538.5,7556.25,7534.5,7536.25,2621
2026-06-22 11:10:00,7536.25,7540.25,7535.0,7539.5,1810
2026-06-22 11:20:00,7539.75,7556.25,7538.75,7540.25,1418
2026-06-22 11:30:00,7540.25,7542.25,7540.0,7540.75,912
2026-06-22 11:40:00,7540.5,7556.25,7539.0,7541.25,645
2026-06-22 11:50:00,7541.25,7556.25,7533.5,7534.5,1561
2026-06-22 12:00:00,7534.75,7536.0,7532.75,7536.0,1052
2026-06-22 12:10:00,7535.75,7536.5,7532.25,7532.5,913
2026-06-22 12:20:00,7532.5,7534.25,7530.0,7531.0,1064
2026-06-22 12:30:00,7531.0,7532.5,7528.75,7531.0,1023
2026-06-22 12:40:00,7530.5,7534.5,7528.25,7533.5,2150
2026-06-22 12:50:00,7533.25,7535.5,7532.25,7534.75,1456
2026-06-22 13:00:00,7534.75,7544.0,7534.0,7543.5,3375
2026-06-22 13:10:00,7543.5,7547.0,7542.5,7543.25,2572
2026-06-22 13:20:00,7543.25,7545.75,7542.75,7545.25,851
2026-06-22 13:30:00,7545.25,7546.5,7541.25,7544.5,1263
2026-06-22 13:40:00,7544.75,7545.75,7543.25,7544.75,860
2026-06-22 13:50:00,7545.0,7547.5,7544.25,7546.25,1066
2026-06-22 14:00:00,7546.5,7552.25,7546.0,7551.75,4971
2026-06-22 14:10:00,7551.75,7555.25,7550.25,7553.75,2467
2026-06-22 14:20:00,7553.75,7560.25,7552.75,7558.75,2872
2026-06-22 14:30:00,7558.5,7559.75,7554.5,7558.75,1913
2026-06-22 14:40:00,7559.0,7562.25,7558.75,7560.0,1483
2026-06-22 14:50:00,7560.0,7562.75,7559.75,7561.75,853
2026-06-22 15:00:00,7561.75,7566.25,7561.25,7564.25,2775
2026-06-22 15:10:00,7564.5,7567.25,7563.0,7566.75,1809
2026-06-22 15:20:00,7567.0,7567.25,7564.5,7566.75,1436
2026-06-22 15:30:00,7566.5,7567.25,7564.25,7565.0,1469
2026-06-22 15:40:00,7565.0,7565.0,7562.0,7564.5,1857
2026-06-22 15:50:00,7564.25,7564.75,7560.5,7562.75,1424
2026-06-22 16:00:00,7562.75,7563.75,7555.75,7556.25,2309
2026-06-22 16:10:00,7556.0,7557.5,7552.5,7553.5,1771
2026-06-22 16:20:00,7553.5,7556.5,7552.75,7555.0,1609
2026-06-22 16:30:00,7554.75,7558.0,7553.25,7557.5,1496
2026-06-22 16:40:00,7557.5,7560.5,7555.75,7557.5,1128
2026-06-22 16:50:00,7557.25,7560.25,7556.25,7559.5,1234
2026-06-22 17:00:00,7559.5,7564.5,7556.25,7563.75,1844
2026-06-22 17:10:00,7563.75,7564.5,7560.25,7561.0,1634
2026-06-22 17:20:00,7560.75,7562.5,7559.75,7560.5,1011
2026-06-22 17:30:00,7560.5,7561.75,7557.5,7557.5,1450
2026-06-22 17:40:00,7557.5,7558.25,7555.5,7556.25,1107
2026-06-22 17:50:00,7556.25,7557.75,7554.25,7554.75,1637
2026-06-22 18:00:00,7554.75,7564.75,7554.75,7563.25,1751
2026-06-22 18:10:00,7563.25,7564.75,7562.75,7563.5,1177
2026-06-22 18:20:00,7563.5,7564.5,7562.0,7563.0,989
2026-06-22 18:30:00,7563.0,7563.0,7557.75,7558.0,1467
2026-06-22 18:40:00,7557.75,7562.5,7557.0,7561.75,1240
2026-06-22 18:50:00,7561.75,7562.0,7558.0,7558.75,984
2026-06-22 19:00:00,7558.75,7577.75,7558.5,7569.25,7975
2026-06-22 19:10:00,7569.0,7569.0,7560.0,7563.75,2980
2026-06-22 19:20:00,7563.5,7564.0,7560.75,7561.75,1604
2026-06-22 19:30:00,7561.5,7565.75,7561.0,7565.25,2184
2026-06-22 19:40:00,7565.5,7565.5,7558.75,7564.5,3298
2026-06-22 19:50:00,7564.25,7565.25,7560.0,7563.5,2492
2026-06-22 20:00:00,7563.75,7569.0,7563.75,7568.75,2166
2026-06-22 20:10:00,7568.5,7570.25,7567.5,7568.75,1972
2026-06-22 20:20:00,7568.75,7574.75,7568.75,7574.25,3697
2026-06-22 20:30:00,7574.25,7576.25,7572.25,7573.25,3391
2026-06-22 20:40:00,7573.25,7574.5,7569.0,7570.5,3633
2026-06-22 20:50:00,7570.5,7570.75,7567.5,7568.0,2965
2026-06-22 21:00:00,7568.0,7578.0,7568.0,7570.75,8547
2026-06-22 21:10:00,7570.5,7577.5,7569.75,7575.25,6195
2026-06-22 21:20:00,7575.25,7579.0,7572.25,7573.25,7237
2026-06-22 21:30:00,7573.0,7595.5,7571.5,7595.25,58137
2026-06-22 21:40:00,7595.5,7596.75,7576.0,7592.0,52730
2026-06-22 21:50:00,7592.0,7596.5,7584.25,7596.25,35052
2026-06-22 22:00:00,7596.25,7597.5,7590.5,7596.75,29591
2026-06-22 22:10:00,7596.5,7599.25,7579.25,7581.25,32993
2026-06-22 22:20:00,7581.25,7581.75,7560.25,7561.25,48160
2026-06-22 22:30:00,7561.25,7562.25,7545.5,7550.5,61515
2026-06-22 22:40:00,7550.5,7553.5,7540.0,7544.0,50667
2026-06-22 22:50:00,7544.0,7546.5,7527.25,7543.0,45721
2026-06-22 23:00:00,7542.75,7550.0,7536.25,7538.75,31978
2026-06-22 23:10:00,7538.75,7545.75,7535.5,7537.75,31695
2026-06-22 23:20:00,7537.75,7547.0,7534.75,7539.75,33925
2026-06-22 23:30:00,7539.75,7548.0,7537.5,7547.5,31650
2026-06-22 23:40:00,7547.75,7559.25,7539.0,7540.5,30018
2026-06-22 23:50:00,7540.75,7547.5,7540.25,7542.5,24662
2026-06-23 00:00:00,7542.5,7544.25,7532.25,7538.25,26149
2026-06-23 00:10:00,7538.25,7547.25,7537.75,7546.0,21011
2026-06-23 00:20:00,7546.0,7550.25,7540.0,7544.25,20590
2026-06-23 00:30:00,7544.5,7545.25,7537.0,7540.25,14535
2026-06-23 00:40:00,7540.5,7546.25,7536.75,7546.25,17580
2026-06-23 00:50:00,7546.0,7549.75,7543.0,7546.0,19496
2026-06-23 01:00:00,7546.25,7547.0,7535.5,7538.25,14498
2026-06-23 01:10:00,7538.25,7547.0,7537.75,7546.75,12362
2026-06-23 01:20:00,7546.5,7549.0,7542.75,7543.25,10185
2026-06-23 01:30:00,7543.25,7544.5,7535.5,7540.5,14142
2026-06-23 01:40:00,7540.25,7544.5,7538.25,7544.0,9871
2026-06-23 01:50:00,7544.0,7549.5,7542.75,7542.75,12400
2026-06-23 02:00:00,7543.0,7545.25,7538.5,7545.25,12498
2026-06-23 02:10:00,7545.0,7549.5,7542.75,7548.25,9173
2026-06-23 02:20:00,7548.5,7553.75,7544.25,7547.25,16029
2026-06-23 02:30:00,7547.25,7551.5,7544.75,7545.0,13185
2026-06-23 02:40:00,7545.0,7546.0,7539.75,7543.75,13169
2026-06-23 02:50:00,7543.75,7544.5,7531.5,7533.0,19408
2026-06-23 03:00:00,7533.0,7539.75,7528.5,7532.5,21064
2026-06-23 03:10:00,7532.75,7538.0,7531.0,7537.25,14427
2026-06-23 03:20:00,7537.25,7538.25,7530.25,7530.5,15211
2026-06-23 03:30:00,7530.25,7536.25,7530.25,7532.5,19040
2026-06-23 03:40:00,7532.25,7535.5,7528.0,7535.25,22489
2026-06-23 03:50:00,7535.25,7545.75,7533.25,7540.25,114367
2026-06-23 04:00:00,7540.25,7547.0,7539.0,7543.25,25202
2026-06-23 04:10:00,7543.25,7547.0,7542.25,7547.0,6949
2026-06-23 04:20:00,7546.75,7547.25,7541.0,7541.75,3435
2026-06-23 04:30:00,7541.5,7542.5,7540.5,7541.0,2122
2026-06-23 04:40:00,7541.0,7542.75,7541.0,7542.0,1852
2026-06-23 04:50:00,7541.75,7542.25,7539.5,7540.75,2104
2026-06-23 06:00:00,7541.25,7549.5,7538.25,7542.5,981
2026-06-23 06:10:00,7542.5,7542.5,7540.25,7541.5,525
2026-06-23 06:20:00,7541.5,7543.25,7539.0,7540.25,854
2026-06-23 06:30:00,7540.0,7540.0,7530.0,7533.5,2398
2026-06-23 06:40:00,7533.75,7533.75,7529.5,7532.0,957
2026-06-23 06:50:00,7532.0,7533.75,7530.5,7532.0,798
2026-06-23 07:00:00,7532.0,7533.0,7529.5,7531.5,834
2026-06-23 07:10:00,7531.75,7531.75,7526.0,7526.75,1441
2026-06-23 07:20:00,7526.75,7531.25,7526.0,7531.0,817
2026-06-23 07:30:00,7531.0,7531.5,7528.25,7528.75,540
2026-06-23 07:40:00,7529.0,7531.5,7527.0,7528.25,859
2026-06-23 07:50:00,7527.75,7532.25,7526.5,7532.0,908
2026-06-23 08:00:00,7531.75,7535.0,7530.0,7530.25,3008
2026-06-23 08:10:00,7530.0,7530.75,7524.0,7525.0,3074
2026-06-23 08:20:00,7525.25,7527.25,7522.0,7525.5,3333
2026-06-23 08:30:00,7525.25,7534.25,7523.75,7533.25,2365
2026-06-23 08:40:00,7533.5,7545.25,7532.25,7541.75,3281
2026-06-23 08:50:00,7542.25,7542.75,7538.25,7540.25,1442
2026-06-23 09:00:00,7540.25,7542.25,7537.25,7540.0,2390
2026-06-23 09:10:00,7540.0,7541.25,7533.0,7534.25,1718
2026-06-23 09:20:00,7534.5,7537.5,7532.75,7535.75,1446
2026-06-23 09:30:00,7535.75,7536.75,7522.25,7525.75,3239
2026-06-23 09:40:00,7525.5,7528.5,7518.0,7519.25,4093
2026-06-23 09:50:00,7519.25,7525.5,7512.0,7522.25,4831
2026-06-23 10:00:00,7522.75,7525.0,7514.5,7516.25,2871
2026-06-23 10:10:00,7516.0,7522.25,7514.0,7520.75,2659
2026-06-23 10:20:00,7520.75,7522.25,7519.0,7520.0,1272
2026-06-23 10:30:00,7520.0,7520.25,7516.25,7516.75,1164
2026-06-23 10:40:00,7517.0,7518.25,7512.5,7514.25,1645
2026-06-23 10:50:00,7514.25,7516.75,7510.5,7512.75,1857
2026-06-23 11:00:00,7512.75,7513.75,7506.5,7506.75,3002
2026-06-23 11:10:00,7506.75,7508.25,7504.75,7505.5,2792
2026-06-23 11:20:00,7505.75,7508.75,7505.25,7507.5,1558
2026-06-23 11:30:00,7507.5,7507.75,7498.75,7500.75,3154
2026-06-23 11:40:00,7500.75,7501.0,7496.5,7499.75,4202
2026-06-23 11:50:00,7499.75,7506.75,7499.75,7506.25,2443
2026-06-23 12:00:00,7504.25,7504.25,7502.75,7503.25,2755
2026-06-23 12:10:00,7503.5,7504.0,7495.5,7496.0,2159
2026-06-23 12:20:00,7496.25,7497.5,7493.5,7496.75,1842
2026-06-23 12:30:00,7496.5,7496.75,7492.25,7493.5,1366
2026-06-23 12:40:00,7493.5,7493.75,7490.5,7491.0,1528
2026-06-23 12:50:00,7491.0,7491.25,7481.75,7483.25,3061
2026-06-23 13:00:00,7483.5,7487.75,7482.75,7483.5,2345
2026-06-23 13:10:00,7483.5,7488.0,7480.5,7481.25,2672
2026-06-23 13:20:00,7481.25,7484.25,7474.5,7476.75,3503
2026-06-23 13:30:00,7477.0,7477.5,7468.0,7470.0,4624
2026-06-23 13:40:00,7470.0,7476.0,7467.25,7474.25,4318
2026-06-23 13:50:00,7474.25,7476.0,7467.0,7468.75,3450
2026-06-23 14:00:00,7468.75,7472.5,7463.25,7464.5,4311
2026-06-23 14:10:00,7464.75,7468.5,7461.75,7463.0,3996
2026-06-23 14:20:00,7462.75,7463.25,7451.25,7454.75,7070
2026-06-23 14:30:00,7454.75,7458.75,7453.0,7454.25,4546
2026-06-23 14:40:00,7454.5,7457.25,7447.75,7452.25,4063
2026-06-23 14:50:00,7452.25,7453.5,7444.75,7447.25,3246
2026-06-23 15:00:00,7447.0,7455.0,7442.25,7454.75,6382
2026-06-23 15:10:00,7454.75,7455.5,7445.75,7446.75,4245
2026-06-23 15:20:00,7446.5,7449.75,7440.5,7446.75,3622
2026-06-23 15:30:00,7446.5,7447.0,7438.5,7445.5,4484
2026-06-23 15:40:00,7445.75,7447.25,7436.25,7438.25,4889
2026-06-23 15:50:00,7438.25,7438.5,7428.25,7433.5,5844
2026-06-23 16:00:00,7433.75,7435.0,7422.25,7434.0,9006
2026-06-23 16:10:00,7434.0,7435.0,7424.75,7424.75,5335
2026-06-23 16:20:00,7425.0,7428.5,7421.75,7424.5,5399
2026-06-23 16:30:00,7424.75,7435.0,7424.25,7432.0,4978
2026-06-23 16:40:00,7431.75,7438.5,7423.5,7427.25,5433
2026-06-23 16:50:00,7427.0,7432.25,7425.5,7430.5,3790
2026-06-23 17:00:00,7430.75,7438.0,7429.5,7432.75,4409
2026-06-23 17:10:00,7432.5,7439.5,7431.25,7438.5,3513
2026-06-23 17:20:00,7438.25,7446.25,7437.75,7445.0,5763
2026-06-23 17:30:00,7445.0,7445.5,7439.5,7439.75,3255
2026-06-23 17:40:00,7440.0,7443.5,7438.0,7443.25,2499
2026-06-23 17:50:00,7443.0,7446.0,7440.75,7444.5,2765
2026-06-23 18:00:00,7444.5,7449.5,7442.5,7444.25,4042
2026-06-23 18:10:00,7443.75,7447.0,7441.0,7446.75,2786
2026-06-23 18:20:00,7446.75,7449.75,7439.25,7440.0,4200
2026-06-23 18:30:00,7439.75,7439.75,7430.25,7432.75,6799
2026-06-23 18:40:00,7432.5,7436.75,7427.25,7433.25,4285
2026-06-23 18:50:00,7433.5,7437.75,7430.5,7436.75,3239
2026-06-23 19:00:00,7436.5,7441.5,7432.5,7435.75,5033
2026-06-23 19:10:00,7435.75,7443.0,7435.75,7441.0,3641
2026-06-23 19:20:00,7441.0,7448.5,7436.0,7440.25,7540
2026-06-23 19:30:00,7440.0,7448.5,7438.25,7444.5,4559
2026-06-23 19:40:00,7444.75,7451.0,7444.25,7448.5,5839
2026-06-23 19:50:00,7448.25,7453.5,7446.25,7450.75,6291
2026-06-23 20:00:00,7450.75,7454.5,7447.25,7448.75,5432
2026-06-23 20:10:00,7448.75,7451.5,7440.25,7443.5,6170
2026-06-23 20:20:00,7443.5,7443.5,7432.5,7437.25,7022
2026-06-23 20:30:00,7437.25,7440.5,7427.5,7431.5,7125
2026-06-23 20:40:00,7431.5,7436.5,7429.75,7432.25,6788
2026-06-23 20:50:00,7432.25,7435.5,7429.75,7432.75,4816
2026-06-23 21:00:00,7432.5,7434.5,7430.0,7432.5,7137
2026-06-23 21:10:00,7432.5,7436.0,7427.5,7430.5,7779
2026-06-23 21:20:00,7430.5,7432.75,7423.75,7429.5,13890
2026-06-23 21:30:00,7429.5,7439.5,7415.25,7437.0,91628
2026-06-23 21:40:00,7436.75,7463.5,7430.5,7457.75,62879
2026-06-23 21:50:00,7457.75,7466.5,7454.75,7465.25,57646
2026-06-23 22:00:00,7465.25,7480.5,7463.75,7478.75,55618
2026-06-23 22:10:00,7478.75,7487.5,7476.25,7486.25,47353
2026-06-23 22:20:00,7486.25,7491.0,7475.75,7483.75,46130
2026-06-23 22:30:00,7483.75,7486.0,7470.0,7470.5,42242
2026-06-23 22:40:00,7470.5,7476.0,7461.5,7467.75,44711
2026-06-23 22:50:00,7467.75,7474.0,7459.75,7464.75,34959
2026-06-23 23:00:00,7464.75,7468.5,7450.5,7454.0,36295
2026-06-23 23:10:00,7454.25,7457.0,7445.5,7446.75,28493
2026-06-23 23:20:00,7446.5,7449.5,7436.25,7440.0,34564
2026-06-23 23:30:00,7439.75,7449.25,7436.75,7438.75,34042
2026-06-23 23:40:00,7438.75,7449.25,7435.75,7444.75,28236
2026-06-23 23:50:00,7445.0,7456.5,7443.25,7453.75,26682
2026-06-24 00:00:00,7454.0,7466.75,7452.5,7466.25,27068
2026-06-24 00:10:00,7466.25,7471.5,7464.0,7464.5,21111
2026-06-24 00:20:00,7464.75,7470.5,7460.75,7469.0,17421
2026-06-24 00:30:00,7469.0,7470.75,7464.5,7470.0,15191
2026-06-24 00:40:00,7470.25,7475.25,7466.25,7469.0,17882
2026-06-24 00:50:00,7469.0,7472.0,7464.5,7469.75,18061
2026-06-24 01:00:00,7469.75,7470.25,7460.5,7464.75,15690
2026-06-24 01:10:00,7464.75,7473.0,7464.5,7466.75,19642
2026-06-24 01:20:00,7466.75,7476.5,7466.25,7471.0,18136
2026-06-24 01:30:00,7470.75,7475.75,7466.0,7471.25,16798
2026-06-24 01:40:00,7471.0,7472.5,7466.0,7468.5,13827
2026-06-24 01:50:00,7468.5,7469.0,7452.5,7453.25,24033
2026-06-24 02:00:00,7453.25,7461.25,7448.75,7453.25,22908
2026-06-24 02:10:00,7453.5,7456.0,7450.25,7451.5,17397
2026-06-24 02:20:00,7451.5,7454.5,7447.75,7449.75,17642
2026-06-24 02:30:00,7449.5,7451.0,7444.25,7445.0,16485
2026-06-24 02:40:00,7445.0,7445.0,7430.25,7435.25,36412
2026-06-24 02:50:00,7435.5,7441.25,7428.75,7436.0,29079
2026-06-24 03:00:00,7436.0,7452.25,7433.75,7440.5,33387
2026-06-24 03:10:00,7440.75,7445.25,7434.0,7434.25,21399
2026-06-24 03:20:00,7434.25,7449.75,7433.5,7446.75,30825
2026-06-24 03:30:00,7446.75,7449.25,7440.25,7442.75,28423
2026-06-24 03:40:00,7443.0,7444.5,7436.25,7444.25,30338
2026-06-24 03:50:00,7444.25,7453.0,7433.0,7434.75,133215
2026-06-24 04:00:00,7434.75,7442.25,7431.5,7439.75,33871
2026-06-24 04:10:00,7439.5,7441.25,7435.25,7437.75,8388
2026-06-24 04:20:00,7437.75,7442.0,7437.0,7441.0,3367
2026-06-24 04:30:00,7440.75,7443.0,7439.5,7439.75,2417
2026-06-24 04:40:00,7439.75,7441.75,7438.25,7440.0,2051
2026-06-24 04:50:00,7440.25,7446.75,7439.75,7445.5,3793
2026-06-24 06:00:00,7449.25,7451.75,7443.75,7450.25,738
2026-06-24 06:10:00,7449.75,7452.25,7446.0,7448.0,1517
2026-06-24 06:20:00,7447.75,7448.5,7436.75,7436.75,2600
2026-06-24 06:30:00,7437.0,7440.75,7431.0,7433.25,2290
2026-06-24 06:40:00,7433.25,7434.5,7429.25,7434.0,1427
2026-06-24 06:50:00,7434.0,7436.25,7432.0,7434.75,1371
2026-06-24 07:00:00,7435.0,7435.5,7420.25,7426.5,4088
2026-06-24 07:10:00,7426.5,7436.0,7425.75,7434.25,1807
2026-06-24 07:20:00,7434.75,7438.25,7433.5,7435.75,968
2026-06-24 07:30:00,7436.0,7437.0,7427.5,7428.5,1663
2026-06-24 07:40:00,7428.5,7450.75,7427.75,7446.5,4049
2026-06-24 07:50:00,7446.75,7448.75,7444.25,7446.75,1755
2026-06-24 08:00:00,7446.75,7456.75,7443.5,7455.0,4961
2026-06-24 08:10:00,7455.0,7459.75,7452.0,7456.5,4912
2026-06-24 08:20:00,7456.25,7456.5,7448.5,7454.75,2797
2026-06-24 08:30:00,7455.0,7458.25,7453.25,7456.0,2495
2026-06-24 08:40:00,7455.75,7458.25,7453.25,7455.0,1913
2026-06-24 08:50:00,7454.75,7456.75,7448.75,7453.5,2340
2026-06-24 09:00:00,7453.75,7454.75,7446.0,7447.75,3905
2026-06-24 09:10:00,7447.75,7452.0,7442.5,7444.0,2825
2026-06-24 09:20:00,7444.0,7452.75,7442.5,7451.0,2377
2026-06-24 09:30:00,7451.0,7453.0,7448.0,7450.0,2120
2026-06-24 09:40:00,7450.0,7454.25,7448.75,7450.5,2226
2026-06-24 09:50:00,7450.25,7454.0,7449.5,7451.25,1950
2026-06-24 10:00:00,7451.0,7453.25,7447.25,7451.0,1836
2026-06-24 10:10:00,7451.25,7453.25,7445.75,7448.75,1637
2026-06-24 10:20:00,7448.75,7449.5,7442.75,7448.0,1651
2026-06-24 10:30:00,7448.25,7450.5,7439.0,7441.25,2574
2026-06-24 10:40:00,7441.5,7443.75,7434.25,7436.0,2698
2026-06-24 10:50:00,7436.0,7436.75,7429.75,7430.25,2489
2026-06-24 11:00:00,7430.0,7436.75,7426.75,7435.75,3810
2026-06-24 11:10:00,7435.75,7446.25,7435.5,7438.25,3228
2026-06-24 11:20:00,7438.5,7448.25,7436.25,7448.0,1852
2026-06-24 11:30:00,7447.75,7451.75,7446.0,7447.75,1980
2026-06-24 11:40:00,7447.5,7450.0,7444.25,7445.0,1744
2026-06-24 11:50:00,7445.0,7447.5,7443.5,7447.5,897
2026-06-24 12:00:00,7440.0,7442.0,7439.5,7441.5,1370
2026-06-24 12:10:00,7441.5,7443.0,7436.25,7436.5,1094
2026-06-24 12:20:00,7436.5,7438.75,7434.75,7436.75,1239
2026-06-24 12:30:00,7437.0,7449.0,7437.0,7448.0,1771
2026-06-24 12:40:00,7447.75,7450.5,7447.0,7449.5,1246
2026-06-24 12:50:00,7449.75,7451.5,7448.25,7449.5,1165
2026-06-24 13:00:00,7449.75,7452.5,7447.5,7451.75,1676
2026-06-24 13:10:00,7451.5,7456.25,7450.0,7455.75,1777
2026-06-24 13:20:00,7455.5,7457.5,7453.75,7454.25,1546
2026-06-24 13:30:00,7454.25,7459.25,7453.75,7458.5,1740
2026-06-24 13:40:00,7458.5,7458.5,7451.75,7452.5,1332
2026-06-24 13:50:00,7451.75,7452.0,7449.75,7450.25,812
2026-06-24 14:00:00,7450.25,7450.5,7445.75,7449.75,1361
2026-06-24 14:10:00,7449.75,7453.75,7447.5,7448.5,1190
2026-06-24 14:20:00,7448.5,7448.75,7445.25,7447.0,1464
2026-06-24 14:30:00,7447.5,7453.75,7446.75,7450.25,1582
2026-06-24 14:40:00,7450.0,7451.25,7448.25,7449.0,1221
2026-06-24 14:50:00,7449.25,7451.75,7448.5,7448.75,1090
2026-06-24 15:00:00,7449.0,7450.75,7442.75,7446.5,3820
2026-06-24 15:10:00,7446.75,7450.0,7444.75,7446.5,2340
2026-06-24 15:20:00,7446.5,7450.5,7444.5,7444.5,1844
2026-06-24 15:30:00,7444.5,7448.0,7439.75,7444.5,2539
2026-06-24 15:40:00,7444.75,7452.75,7443.25,7451.5,2769
2026-06-24 15:50:00,7451.5,7451.5,7442.0,7442.75,1819
2026-06-24 16:00:00,7443.0,7452.5,7442.5,7448.75,3367
2026-06-24 16:10:00,7448.75,7453.0,7446.75,7448.5,2443
2026-06-24 16:20:00,7448.25,7449.75,7445.75,7448.5,2161
2026-06-24 16:30:00,7448.5,7453.25,7447.0,7447.5,2125
2026-06-24 16:40:00,7447.5,7450.0,7445.0,7445.0,1229
2026-06-24 16:50:00,7445.25,7447.75,7445.0,7447.5,1372
2026-06-24 17:00:00,7447.5,7449.25,7444.25,7447.0,2158
2026-06-24 17:10:00,7447.0,7452.25,7443.0,7446.5,2162
2026-06-24 17:20:00,7446.75,7449.75,7446.0,7447.0,1765
2026-06-24 17:30:00,7446.75,7448.25,7444.0,7444.25,2006
2026-06-24 17:40:00,7444.25,7444.5,7439.25,7444.25,2626
2026-06-24 17:50:00,7444.25,7448.75,7444.25,7447.75,1545
2026-06-24 18:00:00,7447.75,7447.75,7442.25,7445.75,2662
2026-06-24 18:10:00,7445.75,7450.0,7443.75,7448.0,1779
2026-06-24 18:20:00,7448.25,7450.5,7447.0,7450.5,1285
2026-06-24 18:30:00,7450.5,7453.75,7449.75,7452.0,2701
2026-06-24 18:40:00,7452.0,7458.25,7451.75,7452.75,3678
2026-06-24 18:50:00,7452.75,7452.75,7447.5,7449.0,1942
2026-06-24 19:00:00,7449.0,7455.75,7448.5,7449.25,2479
2026-06-24 19:10:00,7449.5,7451.0,7445.75,7446.25,2352
2026-06-24 19:20:00,7446.5,7449.25,7443.75,7447.5,2458
2026-06-24 19:30:00,7447.75,7459.0,7447.5,7456.25,4247
2026-06-24 19:40:00,7456.25,7464.25,7453.75,7463.25,3423
2026-06-24 19:50:00,7463.25,7465.0,7460.0,7463.75,4927
2026-06-24 20:00:00,7463.75,7464.5,7458.5,7460.5,5724
2026-06-24 20:10:00,7460.25,7465.5,7457.0,7465.5,4002
2026-06-24 20:20:00,7465.25,7467.25,7462.25,7465.0,3976
2026-06-24 20:30:00,7464.75,7467.25,7455.0,7457.0,3828
2026-06-24 20:40:00,7456.75,7457.25,7450.5,7451.75,3890
2026-06-24 20:50:00,7451.75,7451.75,7447.75,7450.5,4534
2026-06-24 21:00:00,7450.5,7455.75,7445.0,7446.75,9212
2026-06-24 21:10:00,7446.75,7447.25,7442.0,7446.75,7534
2026-06-24 21:20:00,7446.75,7449.25,7438.75,7447.25,14816
2026-06-24 21:30:00,7447.25,7468.0,7438.25,7458.5,71818
2026-06-24 21:40:00,7458.5,7460.5,7437.75,7450.0,64064
2026-06-24 21:50:00,7450.0,7472.25,7449.75,7454.75,53016
2026-06-24 22:00:00,7454.5,7460.5,7447.75,7453.0,51681
2026-06-24 22:10:00,7453.0,7457.75,7442.5,7444.0,42341
2026-06-24 22:20:00,7444.25,7466.0,7436.5,7461.0,50870
2026-06-24 22:30:00,7461.0,7469.0,7458.25,7458.75,34581
2026-06-24 22:40:00,7459.0,7486.0,7457.5,7479.5,45845
2026-06-24 22:50:00,7479.75,7494.25,7478.0,7493.75,37986
2026-06-24 23:00:00,7493.75,7496.5,7479.25,7481.0,39274
2026-06-24 23:10:00,7481.0,7490.75,7476.25,7489.0,30973
2026-06-24 23:20:00,7489.0,7493.75,7478.25,7493.75,30415
2026-06-24 23:30:00,7493.5,7496.5,7483.25,7485.75,29555
2026-06-24 23:40:00,7485.5,7487.5,7474.5,7483.25,30592
2026-06-24 23:50:00,7483.25,7489.75,7478.0,7480.25,22224
2026-06-25 00:00:00,7480.25,7483.0,7474.5,7478.0,24654
2026-06-25 00:10:00,7478.0,7485.5,7476.0,7480.0,20260
2026-06-25 00:20:00,7480.0,7484.25,7476.75,7477.75,15949
2026-06-25 00:30:00,7477.75,7477.75,7461.25,7461.75,29954
2026-06-25 00:40:00,7461.75,7462.25,7455.0,7459.25,39912
2026-06-25 00:50:00,7459.5,7464.5,7450.75,7453.0,22338
2026-06-25 01:00:00,7453.0,7461.25,7442.5,7445.5,22038
2026-06-25 01:10:00,7445.75,7450.0,7431.0,7433.75,35317
2026-06-25 01:20:00,7433.75,7434.25,7415.75,7416.75,39729
2026-06-25 01:30:00,7416.75,7424.5,7407.75,7420.25,48064
2026-06-25 01:40:00,7420.25,7423.5,7410.25,7420.0,30339
2026-06-25 01:50:00,7420.0,7427.25,7412.5,7414.0,27081
2026-06-25 02:00:00,7414.25,7429.5,7413.0,7426.0,30363
2026-06-25 02:10:00,7426.0,7435.75,7421.0,7433.75,30593
2026-06-25 02:20:00,7433.75,7443.25,7431.75,7440.0,30129
2026-06-25 02:30:00,7440.0,7442.25,7431.25,7432.75,24722
2026-06-25 02:40:00,7432.75,7434.25,7410.75,7414.25,28800
2026-06-25 02:50:00,7414.0,7424.5,7408.25,7415.5,37511
2026-06-25 03:00:00,7415.5,7425.25,7404.75,7409.5,36932
2026-06-25 03:10:00,7409.25,7413.25,7404.25,7412.0,25102
2026-06-25 03:20:00,7412.0,7419.75,7408.75,7416.25,23574
2026-06-25 03:30:00,7416.0,7418.5,7410.0,7414.0,29776
2026-06-25 03:40:00,7414.0,7418.5,7405.25,7417.25,31709
2026-06-25 03:50:00,7417.0,7431.5,7411.25,7428.25,106076
2026-06-25 04:00:00,7428.0,7465.25,7421.25,7459.75,49862
2026-06-25 04:10:00,7459.75,7465.0,7457.0,7462.75,12321
2026-06-25 04:20:00,7462.5,7474.0,7462.25,7470.5,10540
2026-06-25 04:30:00,7470.5,7475.0,7468.0,7473.25,6164
2026-06-25 04:40:00,7473.25,7482.25,7472.5,7479.25,7238
2026-06-25 04:50:00,7479.25,7479.25,7474.75,7477.5,5338
2026-06-25 06:00:00,7476.25,7486.75,7472.25,7474.0,1176
2026-06-25 06:10:00,7474.0,7477.5,7470.75,7471.25,1698
2026-06-25 06:20:00,7471.0,7475.25,7468.25,7468.5,1906
2026-06-25 06:30:00,7468.5,7471.25,7468.0,7468.75,1503
2026-06-25 06:40:00,7468.75,7471.5,7466.5,7466.75,1474
2026-06-25 06:50:00,7466.75,7469.5,7465.75,7466.25,1003
2026-06-25 07:00:00,7466.5,7468.25,7465.25,7467.0,1154
2026-06-25 07:10:00,7467.0,7468.75,7464.0,7464.25,1169
2026-06-25 07:20:00,7464.5,7470.75,7464.5,7468.25,875
2026-06-25 07:30:00,7468.5,7475.5,7468.0,7473.75,1025
2026-06-25 07:40:00,7474.0,7478.5,7471.5,7472.75,1733
2026-06-25 07:50:00,7472.75,7474.0,7469.75,7471.75,863
2026-06-25 08:00:00,7472.0,7472.75,7464.75,7468.75,3020
2026-06-25 08:10:00,7469.0,7473.0,7467.5,7469.5,1841
2026-06-25 08:20:00,7469.25,7471.25,7464.5,7466.0,1422
2026-06-25 08:30:00,7466.25,7467.0,7458.75,7459.75,2411
2026-06-25 08:40:00,7459.75,7460.25,7453.5,7454.25,2889
2026-06-25 08:50:00,7454.25,7460.5,7453.0,7454.5,1947
2026-06-25 09:00:00,7455.0,7459.0,7452.25,7455.0,1917
2026-06-25 09:10:00,7454.75,7458.25,7454.25,7458.0,1386
2026-06-25 09:20:00,7458.0,7460.0,7455.75,7456.25,1146
2026-06-25 09:30:00,7456.75,7466.5,7455.75,7464.0,1643
2026-06-25 09:40:00,7463.75,7464.5,7459.5,7462.5,1466
2026-06-25 09:50:00,7462.75,7465.0,7460.0,7460.25,1429
2026-06-25 10:00:00,7460.0,7465.0,7458.25,7461.25,1391
2026-06-25 10:10:00,7461.0,7461.0,7452.75,7459.5,2468
2026-06-25 10:20:00,7459.25,7463.0,7458.0,7461.25,967
2026-06-25 10:30:00,7461.25,7463.5,7459.75,7461.75,713
2026-06-25 10:40:00,7461.75,7462.0,7458.5,7460.25,631
2026-06-25 10:50:00,7460.25,7464.0,7459.0,7463.25,670
2026-06-25 11:00:00,7463.5,7467.25,7462.25,7463.75,1054
2026-06-25 11:10:00,7464.0,7467.0,7460.25,7466.5,1432
2026-06-25 11:20:00,7466.25,7468.25,7465.5,7466.5,744
2026-06-25 11:30:00,7466.5,7469.5,7464.5,7466.25,1205
2026-06-25 11:40:00,7466.0,7467.5,7464.0,7467.0,632
2026-06-25 11:50:00,7467.0,7469.75,7466.0,7469.5,735
2026-06-25 12:00:00,7466.5,7467.75,7466.5,7467.5,824
2026-06-25 12:10:00,7467.5,7468.0,7462.5,7464.5,982
2026-06-25 12:20:00,7464.25,7467.0,7463.75,7463.75,791
2026-06-25 12:30:00,7464.0,7464.5,7459.75,7463.75,921
2026-06-25 12:40:00,7463.75,7467.75,7462.25,7465.75,836
2026-06-25 12:50:00,7466.0,7467.75,7463.0,7464.5,667
2026-06-25 13:00:00,7464.25,7470.5,7464.25,7469.5,822
2026-06-25 13:10:00,7469.75,7471.0,7468.25,7469.0,764
2026-06-25 13:20:00,7469.0,7474.0,7468.5,7473.75,1138
2026-06-25 13:30:00,7473.25,7475.0,7472.5,7473.75,1500
2026-06-25 13:40:00,7473.75,7476.5,7471.5,7472.25,1697
2026-06-25 13:50:00,7472.25,7473.5,7470.75,7472.0,1147
2026-06-25 14:00:00,7472.0,7475.0,7471.0,7474.25,1395
2026-06-25 14:10:00,7474.5,7480.75,7474.0,7480.0,1885
2026-06-25 14:20:00,7480.0,7482.25,7479.0,7480.0,1511
2026-06-25 14:30:00,7480.0,7482.25,7479.0,7480.25,1476
2026-06-25 14:40:00,7480.0,7481.25,7478.0,7479.0,874
2026-06-25 14:50:00,7479.0,7480.25,7477.0,7477.75,928
2026-06-25 15:00:00,7478.0,7484.0,7478.0,7482.75,2907
2026-06-25 15:10:00,7482.75,7485.5,7481.0,7484.5,1618
2026-06-25 15:20:00,7485.0,7488.75,7485.0,7485.75,2676
2026-06-25 15:30:00,7486.0,7487.25,7483.25,7487.0,1151
2026-06-25 15:40:00,7487.0,7488.5,7485.0,7485.75,1133
2026-06-25 15:50:00,7485.75,7488.25,7484.5,7488.0,1056
2026-06-25 16:00:00,7488.25,7491.25,7485.5,7488.0,2802
2026-06-25 16:10:00,7487.75,7489.5,7480.25,7482.75,1919
2026-06-25 16:20:00,7482.75,7485.25,7481.5,7483.75,1483
2026-06-25 16:30:00,7483.5,7485.5,7482.25,7485.0,1127
2026-06-25 16:40:00,7485.0,7485.0,7479.0,7480.75,1974
2026-06-25 16:50:00,7481.0,7481.0,7475.5,7477.0,1482
2026-06-25 17:00:00,7477.0,7482.5,7476.25,7479.75,1502
2026-06-25 17:10:00,7479.75,7482.75,7477.0,7477.0,1450
2026-06-25 17:20:00,7477.0,7480.0,7476.75,7479.0,1281
2026-06-25 17:30:00,7479.0,7482.75,7478.5,7482.25,1254
2026-06-25 17:40:00,7482.25,7482.5,7480.75,7482.0,814
2026-06-25 17:50:00,7482.0,7484.5,7479.75,7480.75,1369
2026-06-25 18:00:00,7480.5,7484.75,7479.75,7484.5,1307
2026-06-25 18:10:00,7484.5,7486.75,7483.75,7485.75,1031
2026-06-25 18:20:00,7485.5,7486.5,7483.5,7486.25,885
2026-06-25 18:30:00,7486.25,7487.5,7483.75,7485.5,1007
2026-06-25 18:40:00,7485.75,7486.0,7480.0,7483.5,1019
2026-06-25 18:50:00,7483.5,7486.0,7481.75,7483.75,960
2026-06-25 19:00:00,7483.75,7487.0,7481.0,7482.0,1619
2026-06-25 19:10:00,7482.0,7482.75,7478.5,7478.75,2251
2026-06-25 19:20:00,7478.75,7479.25,7472.5,7473.75,2487
2026-06-25 19:30:00,7473.75,7477.5,7472.25,7476.75,2492
2026-06-25 19:40:00,7476.75,7480.5,7476.0,7476.5,1600
2026-06-25 19:50:00,7476.5,7478.5,7473.0,7476.0,2962
2026-06-25 20:00:00,7475.75,7482.75,7474.75,7481.0,2851
2026-06-25 20:10:00,7480.75,7480.75,7474.5,7476.0,3388
2026-06-25 20:20:00,7476.0,7476.5,7472.5,7474.5,2170
2026-06-25 20:30:00,7474.25,7496.0,7474.0,7487.5,13395
2026-06-25 20:40:00,7487.5,7492.75,7483.25,7489.0,6041
2026-06-25 20:50:00,7489.25,7490.25,7484.75,7487.0,3110
2026-06-25 21:00:00,7487.0,7488.75,7481.5,7481.75,5603
2026-06-25 21:10:00,7482.0,7484.25,7480.0,7481.75,5142
2026-06-25 21:20:00,7481.75,7488.25,7479.25,7485.75,11263
2026-06-25 21:30:00,7485.75,7490.5,7464.5,7466.5,73910
2026-06-25 21:40:00,7466.25,7467.75,7410.5,7424.5,102735
2026-06-25 21:50:00,7424.5,7432.0,7390.5,7393.25,103210
2026-06-25 22:00:00,7393.25,7445.75,7392.5,7444.75,96407
2026-06-25 22:10:00,7445.0,7454.25,7427.5,7452.25,75707
2026-06-25 22:20:00,7452.0,7462.0,7441.25,7451.0,52920
2026-06-25 22:30:00,7450.75,7467.75,7449.25,7463.0,40386
2026-06-25 22:40:00,7463.0,7464.0,7444.0,7460.5,32289
2026-06-25 22:50:00,7460.25,7475.75,7446.75,7449.5,41791
2026-06-25 23:00:00,7449.25,7462.25,7441.5,7444.0,30776
2026-06-25 23:10:00,7444.25,7445.5,7414.25,7432.75,38877
2026-06-25 23:20:00,7432.5,7445.0,7426.0,7439.25,27170
2026-06-25 23:30:00,7439.25,7451.5,7437.5,7438.25,23450
2026-06-25 23:40:00,7438.25,7454.75,7435.5,7440.25,18018
2026-06-25 23:50:00,7440.25,7446.0,7436.25,7437.5,13672
2026-06-26 00:00:00,7437.75,7450.5,7432.5,7449.75,17241
2026-06-26 00:10:00,7449.75,7458.75,7448.5,7451.25,20704
2026-06-26 00:20:00,7451.25,7453.75,7435.25,7437.75,19850
2026-06-26 00:30:00,7437.75,7438.25,7422.0,7422.75,22314
2026-06-26 00:40:00,7422.75,7425.0,7409.75,7423.0,27613
2026-06-26 00:50:00,7422.75,7425.75,7415.5,7420.25,16560
2026-06-26 01:00:00,7420.25,7425.0,7416.5,7421.75,10395
2026-06-26 01:10:00,7422.0,7438.0,7420.0,7420.0,18971
2026-06-26 01:20:00,7420.25,7431.75,7415.75,7427.75,16821
2026-06-26 01:30:00,7427.75,7430.75,7421.0,7428.25,13208
2026-06-26 01:40:00,7428.25,7433.0,7411.25,7413.25,16342
2026-06-26 01:50:00,7413.25,7431.0,7410.75,7429.5,16883
2026-06-26 02:00:00,7429.5,7431.25,7408.25,7429.25,29347
2026-06-26 02:10:00,7429.5,7449.75,7424.25,7443.75,25763
2026-06-26 02:20:00,7443.75,7456.75,7437.5,7454.25,21930
2026-06-26 02:30:00,7454.25,7454.5,7431.25,7440.0,23626
2026-06-26 02:40:00,7440.0,7440.75,7422.25,7431.0,15813
2026-06-26 02:50:00,7431.0,7439.5,7429.25,7434.5,12957
2026-06-26 03:00:00,7434.25,7435.0,7422.75,7426.25,14370
2026-06-26 03:10:00,7426.25,7427.75,7414.25,7418.25,17737
2026-06-26 03:20:00,7418.25,7424.75,7416.0,7419.75,17953
2026-06-26 03:30:00,7419.5,7420.75,7412.75,7416.75,20306
2026-06-26 03:40:00,7416.75,7419.25,7409.5,7413.5,25430
2026-06-26 03:50:00,7413.5,7430.0,7409.0,7428.75,91971
2026-06-26 04:00:00,7428.75,7451.75,7427.75,7438.5,41853
2026-06-26 04:10:00,7438.5,7447.5,7436.25,7447.0,10611
2026-06-26 04:20:00,7446.75,7454.5,7445.75,7446.75,6093
2026-06-26 04:30:00,7446.75,7447.0,7441.25,7441.5,3719
2026-06-26 04:40:00,7441.25,7442.5,7436.75,7437.75,2385
2026-06-26 04:50:00,7437.75,7438.25,7432.0,7433.75,2744
2026-06-26 06:00:00,7431.0,7435.75,7423.25,7423.25,704
2026-06-26 06:10:00,7423.25,7425.75,7416.75,7420.25,1864
2026-06-26 06:20:00,7420.5,7423.25,7416.5,7417.25,1214
2026-06-26 06:30:00,7417.25,7422.25,7416.0,7421.25,1009
2026-06-26 06:40:00,7420.75,7422.75,7419.25,7420.5,499
2026-06-26 06:50:00,7421.0,7426.5,7420.0,7425.25,678
2026-06-26 07:00:00,7425.25,7427.25,7424.5,7425.25,578
2026-06-26 07:10:00,7425.5,7449.0,7425.5,7446.75,2338
2026-06-26 07:20:00,7447.25,7454.25,7446.5,7449.75,3196
2026-06-26 07:30:00,7450.0,7451.25,7436.75,7437.25,3267
2026-06-26 07:40:00,7437.0,7437.25,7422.0,7423.0,2449
2026-06-26 07:50:00,7423.0,7423.75,7417.25,7423.75,2311
2026-06-26 08:00:00,7423.75,7434.25,7419.75,7433.5,2403
2026-06-26 08:10:00,7433.25,7434.75,7427.0,7427.25,1560
2026-06-26 08:20:00,7427.5,7431.0,7420.5,7429.5,1906
2026-06-26 08:30:00,7429.25,7430.5,7421.75,7425.75,1582
2026-06-26 08:40:00,7425.75,7429.75,7424.0,7425.75,1205
2026-06-26 08:50:00,7425.5,7428.75,7418.75,7421.25,1670
2026-06-26 09:00:00,7421.75,7427.25,7411.25,7418.0,2422
2026-06-26 09:10:00,7418.75,7427.75,7418.75,7425.5,1387
2026-06-26 09:20:00,7425.5,7427.0,7416.5,7417.5,994
2026-06-26 09:30:00,7417.75,7418.75,7406.25,7408.75,2469
2026-06-26 09:40:00,7408.5,7409.0,7397.75,7406.5,3964
2026-06-26 09:50:00,7406.75,7407.5,7395.0,7399.75,2409
2026-06-26 10:00:00,7399.75,7401.5,7395.75,7396.75,2141
2026-06-26 10:10:00,7396.5,7397.25,7391.75,7392.5,2442
2026-06-26 10:20:00,7392.5,7394.0,7386.0,7388.75,3222
2026-06-26 10:30:00,7389.0,7390.0,7379.0,7384.75,3693
2026-06-26 10:40:00,7384.75,7384.75,7371.75,7373.0,4191
2026-06-26 10:50:00,7373.5,7376.75,7366.5,7370.75,3845
2026-06-26 11:00:00,7371.25,7371.25,7365.25,7367.25,2511
2026-06-26 11:10:00,7367.0,7371.75,7365.75,7370.25,2345
2026-06-26 11:20:00,7370.25,7370.5,7365.25,7368.5,1422
2026-06-26 11:30:00,7368.25,7368.5,7357.25,7362.75,3293
2026-06-26 11:40:00,7363.25,7370.75,7361.5,7367.25,2568
2026-06-26 11:50:00,7367.25,7381.25,7367.0,7381.0,2654
2026-06-26 12:00:00,7383.25,7384.0,7381.25,7381.25,3280
2026-06-26 12:10:00,7381.0,7385.0,7380.25,7381.0,1394
2026-06-26 12:20:00,7381.25,7382.0,7371.5,7376.5,2572
2026-06-26 12:30:00,7376.75,7380.0,7369.75,7370.0,1662
2026-06-26 12:40:00,7370.0,7373.5,7368.0,7369.0,1391
2026-06-26 12:50:00,7369.25,7370.25,7365.75,7367.75,1436
2026-06-26 13:00:00,7367.75,7371.75,7364.5,7367.75,1891
2026-06-26 13:10:00,7367.75,7379.25,7367.75,7376.5,2027
2026-06-26 13:20:00,7376.5,7380.25,7373.5,7378.75,1589
2026-06-26 13:30:00,7378.75,7382.75,7374.75,7375.0,2533
2026-06-26 13:40:00,7375.0,7375.0,7365.25,7369.5,2764
2026-06-26 13:50:00,7369.75,7375.75,7369.0,7372.0,2421
2026-06-26 14:00:00,7372.25,7375.5,7369.0,7370.25,2263
2026-06-26 14:10:00,7370.25,7379.5,7369.25,7376.5,2592
2026-06-26 14:20:00,7376.5,7388.0,7376.25,7386.5,3077
2026-06-26 14:30:00,7386.75,7393.0,7384.0,7391.0,2769
2026-06-26 14:40:00,7391.0,7404.5,7389.25,7398.5,2863
2026-06-26 14:50:00,7398.5,7409.5,7396.75,7404.0,3215
2026-06-26 15:00:00,7404.0,7406.25,7395.0,7395.0,2993
2026-06-26 15:10:00,7395.0,7407.0,7394.75,7404.25,2788
2026-06-26 15:20:00,7404.5,7409.75,7401.25,7409.25,2052
2026-06-26 15:30:00,7409.5,7413.75,7408.5,7412.25,2647
2026-06-26 15:40:00,7412.25,7412.25,7404.5,7406.25,1604
2026-06-26 15:50:00,7406.25,7412.0,7405.75,7410.75,1365
2026-06-26 16:00:00,7411.0,7416.0,7401.0,7407.0,4253
2026-06-26 16:10:00,7407.0,7408.25,7401.25,7402.0,2085
2026-06-26 16:20:00,7402.0,7409.5,7400.25,7407.75,1927
2026-06-26 16:30:00,7407.5,7407.75,7398.5,7400.5,2352
2026-06-26 16:40:00,7400.75,7403.0,7391.25,7392.0,2058
2026-06-26 16:50:00,7392.0,7393.75,7382.75,7388.5,2990
2026-06-26 17:00:00,7388.75,7389.5,7383.5,7384.75,2542
2026-06-26 17:10:00,7384.75,7390.0,7382.25,7385.75,2816
2026-06-26 17:20:00,7385.75,7386.25,7380.25,7383.5,2797
2026-06-26 17:30:00,7383.5,7389.5,7379.75,7387.25,2406
2026-06-26 17:40:00,7387.5,7396.75,7387.5,7393.75,2473
2026-06-26 17:50:00,7393.75,7394.5,7384.25,7385.25,2002
2026-06-26 18:00:00,7385.5,7386.25,7376.5,7385.25,2682
2026-06-26 18:10:00,7385.25,7389.5,7383.75,7384.75,1216
2026-06-26 18:20:00,7384.5,7387.0,7381.0,7386.25,1249
2026-06-26 18:30:00,7386.25,7389.25,7383.75,7384.5,1833
2026-06-26 18:40:00,7384.25,7388.75,7383.5,7386.25,1205
2026-06-26 18:50:00,7386.5,7387.75,7383.0,7386.5,1262
2026-06-26 19:00:00,7386.5,7393.25,7383.25,7390.5,2889
2026-06-26 19:10:00,7390.5,7394.75,7386.5,7387.25,2274
2026-06-26 19:20:00,7386.75,7389.75,7384.0,7386.5,1738
2026-06-26 19:30:00,7386.5,7390.5,7386.0,7387.25,1807
2026-06-26 19:40:00,7387.25,7390.75,7384.5,7388.0,1979
2026-06-26 19:50:00,7388.0,7388.0,7377.75,7384.5,3039
2026-06-26 20:00:00,7384.75,7396.5,7383.0,7396.25,3817
2026-06-26 20:10:00,7395.75,7403.75,7393.25,7397.5,4294
2026-06-26 20:20:00,7397.75,7398.5,7390.0,7394.75,3483
2026-06-26 20:30:00,7394.5,7397.25,7385.25,7386.25,4243
2026-06-26 20:40:00,7386.25,7388.0,7381.0,7383.5,5950
2026-06-26 20:50:00,7383.25,7386.75,7380.25,7384.0,4371
2026-06-26 21:00:00,7384.0,7385.0,7375.25,7375.75,7766
2026-06-26 21:10:00,7375.75,7378.25,7364.75,7374.0,12975
2026-06-26 21:20:00,7374.25,7383.0,7372.0,7381.0,15422
2026-06-26 21:30:00,7381.0,7388.25,7360.0,7373.0,66150
2026-06-26 21:40:00,7372.75,7390.25,7368.75,7378.5,49435
2026-06-26 21:50:00,7378.75,7405.75,7377.25,7401.5,40433
2026-06-26 22:00:00,7401.25,7424.75,7398.75,7423.0,43638
2026-06-26 22:10:00,7423.0,7429.5,7417.25,7419.75,36024
2026-06-26 22:20:00,7420.0,7436.25,7418.25,7428.5,31112
2026-06-26 22:30:00,7428.75,7433.0,7415.0,7415.25,25813
2026-06-26 22:40:00,7415.25,7427.5,7409.25,7422.25,29982
2026-06-26 22:50:00,7422.25,7426.0,7411.75,7418.0,22705
2026-06-26 23:00:00,7418.0,7428.0,7416.0,7424.5,21632
2026-06-26 23:10:00,7424.25,7426.25,7409.5,7424.25,25379
2026-06-26 23:20:00,7424.25,7440.75,7422.0,7440.75,27477
2026-06-26 23:30:00,7440.5,7453.75,7437.5,7451.75,35790
2026-06-26 23:40:00,7451.75,7459.5,7449.0,7449.5,24903
2026-06-26 23:50:00,7449.5,7454.25,7435.0,7447.5,31320
2026-06-27 00:00:00,7447.75,7449.0,7434.5,7436.25,16573
2026-06-27 00:10:00,7436.0,7440.25,7431.25,7433.75,16280
2026-06-27 00:20:00,7433.75,7435.25,7420.75,7427.25,25218
2026-06-27 00:30:00,7427.25,7441.5,7427.25,7437.75,14833
2026-06-27 00:40:00,7437.75,7439.75,7432.0,7437.25,10836
2026-06-27 00:50:00,7437.25,7442.75,7436.0,7438.25,10496
2026-06-27 01:00:00,7438.25,7451.75,7435.0,7450.0,14559
2026-06-27 01:10:00,7449.75,7452.25,7436.5,7438.0,10718
2026-06-27 01:20:00,7437.75,7443.25,7431.25,7440.75,13169
2026-06-27 01:30:00,7440.75,7447.75,7433.25,7433.75,12620
2026-06-27 01:40:00,7433.5,7439.0,7429.25,7432.0,11784
2026-06-27 01:50:00,7432.25,7436.75,7427.75,7430.0,10546
2026-06-27 02:00:00,7430.25,7439.5,7429.5,7435.0,12490
2026-06-27 02:10:00,7434.75,7438.0,7425.5,7427.5,12726
2026-06-27 02:20:00,7427.25,7430.25,7420.25,7421.25,17849
2026-06-27 02:30:00,7421.5,7429.75,7420.75,7422.25,16008
2026-06-27 02:40:00,7422.0,7424.5,7410.0,7412.75,19197
2026-06-27 02:50:00,7413.0,7414.0,7405.25,7409.0,23274
2026-06-27 03:00:00,7408.75,7417.5,7406.5,7416.25,20985
2026-06-27 03:10:00,7416.0,7422.75,7412.75,7420.75,20545
2026-06-27 03:20:00,7420.5,7422.0,7411.0,7415.0,22618
2026-06-27 03:30:00,7415.25,7421.25,7410.5,7416.0,19112
2026-06-27 03:40:00,7416.25,7431.75,7415.75,7423.75,25985
2026-06-27 03:50:00,7423.5,7429.5,7369.75,7375.5,131560
2026-06-27 04:00:00,7379.75,7408.75,7368.5,7400.5,68403
2026-06-27 04:10:00,7400.75,7417.25,7398.75,7413.25,17827
2026-06-27 04:20:00,7413.0,7421.0,7410.75,7415.75,11627
2026-06-27 04:30:00,7415.5,7416.75,7397.25,7404.0,12068
2026-06-27 04:40:00,7403.75,7404.0,7396.0,7400.0,7185
2026-06-27 04:50:00,7400.25,7404.75,7395.25,7401.75,7195
