时间,开盘价,最高价,最低价,收盘价,成交量
2026-04-17 12:00:00,7080.5,7081.0,7080.0,7081.0,134
2026-04-17 12:15:00,7081.0,7083.0,7080.75,7082.0,602
2026-04-17 12:30:00,7082.0,7082.75,7080.75,7081.0,485
2026-04-17 12:45:00,7081.0,7082.0,7079.25,7079.25,585
2026-04-17 13:00:00,7079.5,7079.5,7075.25,7077.5,1305
2026-04-17 13:15:00,7077.5,7079.25,7077.0,7079.0,618
2026-04-17 13:30:00,7079.0,7082.0,7076.75,7081.0,1155
2026-04-17 13:45:00,7081.0,7081.75,7080.75,7081.25,491
2026-04-17 14:00:00,7081.5,7083.75,7080.5,7082.75,1861
2026-04-17 14:15:00,7082.5,7083.5,7079.75,7080.5,1252
2026-04-17 14:30:00,7080.25,7080.25,7077.25,7079.75,1562
2026-04-17 14:45:00,7079.5,7082.0,7079.25,7079.75,982
2026-04-17 15:00:00,7080.0,7086.5,7080.0,7084.0,3172
2026-04-17 15:15:00,7084.0,7084.0,7080.75,7082.75,1824
2026-04-17 15:30:00,7082.75,7084.5,7082.0,7084.0,1556
2026-04-17 15:45:00,7083.75,7087.75,7081.75,7086.5,2637
2026-04-17 16:00:00,7086.5,7087.75,7084.5,7085.75,2540
2026-04-17 16:15:00,7085.75,7088.0,7084.75,7087.25,2417
2026-04-17 16:30:00,7087.5,7090.5,7085.75,7090.25,3115
2026-04-17 16:45:00,7090.0,7091.0,7088.5,7090.75,2079
2026-04-17 17:00:00,7090.75,7092.75,7088.75,7089.5,3172
2026-04-17 17:15:00,7089.75,7092.0,7087.75,7091.5,2219
2026-04-17 17:30:00,7091.75,7091.75,7088.75,7091.25,2547
2026-04-17 17:45:00,7091.5,7093.75,7089.75,7093.0,4281
2026-04-17 18:00:00,7093.0,7095.5,7092.0,7094.75,3339
2026-04-17 18:15:00,7094.75,7095.0,7090.5,7091.0,2100
2026-04-17 18:30:00,7091.25,7091.25,7088.0,7089.5,2130
2026-04-17 18:45:00,7089.5,7092.75,7088.5,7091.75,2754
2026-04-17 19:00:00,7091.5,7095.0,7091.25,7093.5,3116
2026-04-17 19:15:00,7093.75,7096.25,7093.25,7095.25,2847
2026-04-17 19:30:00,7095.5,7098.5,7095.25,7098.0,4700
2026-04-17 19:45:00,7098.25,7102.25,7097.5,7101.0,4700
2026-04-17 20:00:00,7101.25,7106.75,7099.5,7105.75,7208
2026-04-17 20:15:00,7105.75,7114.25,7101.75,7114.25,18294
2026-04-17 20:30:00,7114.25,7120.0,7109.75,7110.25,16485
2026-04-17 20:45:00,7110.0,7137.0,7109.25,7136.0,53133
2026-04-17 21:00:00,7136.0,7147.5,7127.5,7145.5,49805
2026-04-17 21:15:00,7145.5,7145.5,7119.0,7121.0,67549
2026-04-17 21:30:00,7121.25,7135.5,7119.25,7130.75,117071
2026-04-17 21:45:00,7130.75,7143.75,7117.0,7143.5,95368
2026-04-17 22:00:00,7143.5,7154.75,7141.5,7151.75,75056
2026-04-17 22:15:00,7152.0,7155.75,7145.75,7153.25,62608
2026-04-17 22:30:00,7153.25,7171.25,7153.0,7170.0,66718
2026-04-17 22:45:00,7170.0,7174.75,7163.0,7166.0,58199
2026-04-17 23:00:00,7166.0,7173.0,7162.25,7163.5,62428
2026-04-17 23:15:00,7163.5,7168.5,7159.5,7167.5,45428
2026-04-17 23:30:00,7167.5,7175.0,7165.5,7165.75,42988
2026-04-17 23:45:00,7165.75,7175.0,7165.75,7169.0,40025
2026-04-18 00:00:00,7169.25,7178.25,7166.75,7175.25,37999
2026-04-18 00:15:00,7175.25,7177.5,7171.0,7177.25,28520
2026-04-18 00:30:00,7177.25,7184.25,7177.0,7184.0,30868
2026-04-18 00:45:00,7184.0,7185.75,7180.75,7181.0,20958
2026-04-18 01:00:00,7181.25,7183.75,7169.0,7174.0,46758
2026-04-18 01:15:00,7174.0,7175.75,7151.5,7160.5,77752
2026-04-18 01:30:00,7160.25,7165.25,7157.25,7160.75,36737
2026-04-18 01:45:00,7160.5,7169.0,7160.25,7164.5,25771
2026-04-18 02:00:00,7164.75,7166.75,7155.0,7156.5,33485
2026-04-18 02:15:00,7156.25,7165.5,7152.75,7159.5,42506
2026-04-18 02:30:00,7159.75,7165.5,7159.0,7162.75,22526
2026-04-18 02:45:00,7162.75,7163.5,7153.5,7158.0,32146
2026-04-18 03:00:00,7157.75,7160.5,7151.0,7153.0,27442
2026-04-18 03:15:00,7152.75,7157.5,7152.25,7153.75,27112
2026-04-18 03:30:00,7154.0,7165.0,7153.75,7164.25,33959
2026-04-18 03:45:00,7164.0,7165.5,7158.25,7161.25,113416
2026-04-18 04:00:00,7161.5,7166.25,7160.75,7165.25,34189
2026-04-18 04:15:00,7165.5,7166.25,7159.5,7161.75,9868
2026-04-18 04:30:00,7161.75,7165.0,7160.75,7162.5,3902
2026-04-18 04:45:00,7162.5,7165.25,7161.5,7161.5,6080
2026-04-20 06:00:00,7109.75,7112.0,7103.25,7103.5,3020
2026-04-20 06:15:00,7103.5,7108.0,7101.75,7102.75,6147
2026-04-20 06:30:00,7102.5,7116.0,7101.25,7113.75,5371
2026-04-20 06:45:00,7113.75,7116.0,7110.25,7110.75,2829
2026-04-20 07:00:00,7110.75,7114.0,7106.75,7107.5,3098
2026-04-20 07:15:00,7107.5,7109.25,7106.0,7107.75,2084
2026-04-20 07:30:00,7108.0,7108.5,7104.5,7106.5,2203
2026-04-20 07:45:00,7106.5,7108.5,7102.5,7106.5,2334
2026-04-20 08:00:00,7106.75,7108.75,7101.5,7104.75,4246
2026-04-20 08:15:00,7104.5,7112.5,7104.5,7111.75,3758
2026-04-20 08:30:00,7111.5,7113.25,7108.75,7111.0,1919
2026-04-20 08:45:00,7111.5,7114.0,7111.0,7112.75,1780
2026-04-20 09:00:00,7112.75,7122.0,7112.25,7121.25,5842
2026-04-20 09:15:00,7121.25,7121.75,7118.25,7119.5,2155
2026-04-20 09:30:00,7119.25,7125.25,7119.25,7124.25,2611
2026-04-20 09:45:00,7124.25,7126.75,7123.75,7124.5,1801
2026-04-20 10:00:00,7124.5,7124.5,7120.75,7121.75,1797
2026-04-20 10:15:00,7121.5,7123.75,7121.0,7122.5,1277
2026-04-20 10:30:00,7122.75,7123.0,7121.25,7121.75,946
2026-04-20 10:45:00,7121.75,7122.25,7119.5,7122.0,1327
2026-04-20 11:00:00,7122.0,7123.0,7120.25,7121.0,952
2026-04-20 11:15:00,7121.0,7123.0,7119.75,7122.0,618
2026-04-20 11:30:00,7122.25,7123.75,7120.75,7121.25,962
2026-04-20 11:45:00,7121.0,7121.0,7118.75,7119.25,1083
2026-04-20 12:00:00,7119.25,7120.5,7117.5,7119.5,1368
2026-04-20 12:15:00,7119.5,7119.5,7117.5,7118.25,932
2026-04-20 12:30:00,7118.25,7119.5,7116.0,7119.25,1416
2026-04-20 12:45:00,7119.25,7121.75,7117.75,7120.25,1581
2026-04-20 13:00:00,7120.5,7121.0,7118.5,7119.5,1195
2026-04-20 13:15:00,7119.25,7120.5,7115.0,7115.0,1869
2026-04-20 13:30:00,7115.25,7116.0,7109.5,7109.75,2678
2026-04-20 13:45:00,7109.75,7115.25,7109.75,7113.75,2378
2026-04-20 14:00:00,7114.0,7116.0,7113.5,7115.75,431
2026-04-20 17:30:00,7161.5,7161.5,7127.0,7130.75,60674
2026-04-20 17:45:00,7130.75,7131.0,7127.75,7128.0,1737
2026-04-20 18:00:00,7128.25,7136.25,7127.5,7132.5,3414
2026-04-20 18:15:00,7132.25,7135.5,7129.0,7130.5,2824
2026-04-20 18:30:00,7130.5,7131.25,7125.75,7127.0,1576
2026-04-20 18:45:00,7127.0,7161.5,7125.25,7126.5,2502
2026-04-20 19:00:00,7126.25,7127.0,7121.0,7126.0,3711
2026-04-20 19:15:00,7126.25,7127.0,7121.5,7122.0,2270
2026-04-20 19:30:00,7121.75,7127.75,7121.25,7125.75,5122
2026-04-20 19:45:00,7161.5,7161.5,7126.75,7129.0,4382
2026-04-20 20:00:00,7129.25,7134.0,7126.75,7129.25,5514
2026-04-20 20:15:00,7129.5,7134.25,7128.0,7130.25,4139
2026-04-20 20:30:00,7130.25,7135.5,7130.0,7134.5,5507
2026-04-20 20:45:00,7134.75,7141.0,7134.25,7136.5,8656
2026-04-20 21:00:00,7136.5,7147.5,7134.75,7141.0,19685
2026-04-20 21:15:00,7141.0,7148.25,7139.5,7148.25,13877
2026-04-20 21:30:00,7148.25,7154.5,7142.25,7148.5,75743
2026-04-20 21:45:00,7148.5,7159.5,7144.5,7156.75,53713
2026-04-20 22:00:00,7157.0,7157.5,7146.75,7153.0,47537
2026-04-20 22:15:00,7152.75,7156.75,7148.0,7149.75,43310
2026-04-20 22:30:00,7149.75,7150.5,7139.5,7141.5,51977
2026-04-20 22:45:00,7141.5,7148.25,7124.75,7131.75,87940
2026-04-20 23:00:00,7131.75,7136.25,7121.5,7127.75,58881
2026-04-20 23:15:00,7127.5,7145.25,7124.0,7143.0,72399
2026-04-20 23:30:00,7143.25,7143.25,7132.75,7135.5,39227
2026-04-20 23:45:00,7135.75,7139.0,7131.25,7136.0,25840
2026-04-21 00:00:00,7136.25,7137.75,7130.75,7136.0,23311
2026-04-21 00:15:00,7136.0,7138.25,7130.25,7136.5,21892
2026-04-21 00:30:00,7136.75,7141.25,7134.0,7137.0,24156
2026-04-21 00:45:00,7137.25,7139.25,7135.0,7136.75,16524
2026-04-21 01:00:00,7136.75,7141.75,7132.75,7140.75,23114
2026-04-21 01:15:00,7140.75,7144.25,7139.75,7140.25,19573
2026-04-21 01:30:00,7140.0,7143.0,7136.25,7140.0,30078
2026-04-21 01:45:00,7140.0,7141.0,7137.0,7137.75,11187
2026-04-21 02:00:00,7137.75,7143.0,7135.0,7142.25,27476
2026-04-21 02:15:00,7142.25,7146.5,7140.5,7143.5,24284
2026-04-21 02:30:00,7143.75,7144.25,7139.0,7141.5,24933
2026-04-21 02:45:00,7141.75,7146.75,7140.75,7143.0,14445
2026-04-21 03:00:00,7143.25,7146.0,7142.25,7145.0,14457
2026-04-21 03:15:00,7145.0,7145.5,7140.0,7140.75,13055
2026-04-21 03:30:00,7140.5,7142.25,7136.75,7137.5,25082
2026-04-21 03:45:00,7137.5,7149.25,7136.5,7148.25,115196
2026-04-21 04:00:00,7148.25,7149.5,7146.5,7146.5,39170
2026-04-21 04:15:00,7146.5,7148.25,7145.25,7147.5,4939
2026-04-21 04:30:00,7147.5,7160.5,7145.0,7157.75,16520
2026-04-21 04:45:00,7157.5,7157.5,7151.25,7152.0,5658
2026-04-21 06:00:00,7150.75,7160.75,7150.0,7157.25,1286
2026-04-21 06:15:00,7157.0,7158.25,7155.75,7156.5,632
2026-04-21 06:30:00,7156.5,7157.75,7155.0,7157.0,818
2026-04-21 06:45:00,7157.0,7158.75,7156.75,7158.25,822
2026-04-21 07:00:00,7158.25,7158.5,7156.75,7158.0,549
2026-04-21 07:15:00,7157.75,7158.25,7155.5,7155.75,640
2026-04-21 07:30:00,7155.5,7156.5,7155.0,7155.75,560
2026-04-21 07:45:00,7155.75,7155.75,7154.25,7155.0,854
2026-04-21 08:00:00,7155.0,7158.0,7153.75,7156.0,2467
2026-04-21 08:15:00,7155.75,7156.75,7152.25,7152.25,1710
2026-04-21 08:30:00,7152.5,7153.75,7150.0,7152.75,1765
2026-04-21 08:45:00,7153.0,7160.5,7152.75,7158.25,3588
2026-04-21 09:00:00,7158.5,7158.5,7155.75,7156.5,1562
2026-04-21 09:15:00,7156.25,7160.0,7155.5,7159.75,1015
2026-04-21 09:30:00,7159.75,7162.5,7159.25,7162.25,2709
2026-04-21 09:45:00,7162.0,7162.25,7157.25,7158.75,1583
2026-04-21 10:00:00,7158.75,7160.5,7158.25,7160.0,907
2026-04-21 10:15:00,7160.0,7160.75,7159.0,7160.0,619
2026-04-21 10:30:00,7160.25,7160.5,7157.75,7160.0,1122
2026-04-21 10:45:00,7160.25,7160.25,7157.5,7158.0,620
2026-04-21 11:00:00,7158.0,7158.75,7156.25,7156.75,780
2026-04-21 11:15:00,7156.5,7157.0,7153.5,7155.5,1331
2026-04-21 11:30:00,7155.5,7156.0,7154.0,7155.25,656
2026-04-21 11:45:00,7155.25,7157.0,7155.0,7156.75,972
2026-04-21 12:00:00,7158.0,7158.25,7157.0,7158.0,712
2026-04-21 12:15:00,7158.0,7160.5,7158.0,7160.0,667
2026-04-21 12:30:00,7160.0,7161.25,7159.75,7160.0,597
2026-04-21 12:45:00,7160.0,7161.25,7160.0,7160.75,711
2026-04-21 13:00:00,7160.75,7164.5,7160.0,7164.25,1999
2026-04-21 13:15:00,7164.25,7165.25,7162.75,7164.0,1616
2026-04-21 13:30:00,7163.75,7163.75,7162.25,7162.5,635
2026-04-21 13:45:00,7162.5,7162.5,7160.25,7160.5,1647
2026-04-21 14:00:00,7160.75,7165.25,7159.5,7164.5,2152
2026-04-21 14:15:00,7164.5,7165.75,7163.5,7163.5,950
2026-04-21 14:30:00,7148.0,7165.0,7148.0,7163.75,1362
2026-04-21 14:45:00,7163.75,7164.25,7162.5,7162.75,851
2026-04-21 15:00:00,7163.0,7163.0,7156.5,7158.0,3616
2026-04-21 15:15:00,7158.25,7161.0,7157.25,7159.0,2498
2026-04-21 15:30:00,7159.0,7160.25,7156.75,7159.25,2129
2026-04-21 15:45:00,7159.25,7163.25,7158.0,7158.25,2876
2026-04-21 16:00:00,7158.0,7159.25,7154.5,7155.25,2876
2026-04-21 16:15:00,7155.25,7162.75,7155.25,7161.75,2233
2026-04-21 16:30:00,7161.5,7167.0,7160.25,7165.25,2438
2026-04-21 16:45:00,7165.25,7166.75,7163.75,7164.0,1502
2026-04-21 17:00:00,7164.0,7164.0,7158.5,7160.0,2450
2026-04-21 17:15:00,7159.75,7162.0,7159.25,7161.0,1443
2026-04-21 17:30:00,7161.0,7163.0,7161.0,7162.25,1018
2026-04-21 17:45:00,7162.25,7169.75,7161.75,7168.5,3888
2026-04-21 18:00:00,7168.5,7172.0,7168.0,7169.75,3390
2026-04-21 18:15:00,7169.25,7170.0,7168.0,7169.5,1463
2026-04-21 18:30:00,7169.5,7173.75,7169.25,7173.0,2039
2026-04-21 18:45:00,7172.75,7177.5,7172.75,7176.0,3243
2026-04-21 19:00:00,7175.75,7177.75,7170.0,7172.75,10999
2026-04-21 19:15:00,7173.0,7178.75,7171.25,7178.5,4289
2026-04-21 19:30:00,7178.5,7183.0,7178.0,7180.25,6838
2026-04-21 19:45:00,7180.25,7181.25,7175.0,7175.5,5850
2026-04-21 20:00:00,7175.75,7177.25,7172.5,7172.5,6605
2026-04-21 20:15:00,7172.5,7174.5,7166.5,7174.25,7124
2026-04-21 20:30:00,7173.75,7176.25,7161.75,7165.0,14160
2026-04-21 20:45:00,7165.0,7168.0,7160.75,7164.0,8755
2026-04-21 21:00:00,7164.25,7165.5,7160.25,7161.25,7661
2026-04-21 21:15:00,7161.0,7163.75,7160.0,7162.25,12018
2026-04-21 21:30:00,7162.25,7164.0,7147.0,7156.5,83741
2026-04-21 21:45:00,7156.25,7168.5,7153.25,7167.75,51781
2026-04-21 22:00:00,7167.5,7171.75,7164.5,7170.0,41463
2026-04-21 22:15:00,7170.25,7172.5,7161.25,7165.5,46220
2026-04-21 22:30:00,7165.5,7167.5,7156.75,7158.5,45270
2026-04-21 22:45:00,7158.25,7158.75,7134.0,7135.25,69109
2026-04-21 23:00:00,7135.5,7140.25,7120.75,7138.5,95623
2026-04-21 23:15:00,7138.25,7141.5,7121.75,7126.25,58079
2026-04-21 23:30:00,7126.25,7133.25,7119.25,7128.5,52324
2026-04-21 23:45:00,7128.5,7134.25,7123.5,7126.5,45823
2026-04-22 00:00:00,7126.5,7138.25,7125.25,7128.25,47904
2026-04-22 00:15:00,7128.0,7131.25,7121.75,7122.75,29592
2026-04-22 00:30:00,7122.75,7131.0,7115.5,7117.75,32984
2026-04-22 00:45:00,7117.75,7125.5,7113.5,7114.75,30228
2026-04-22 01:00:00,7114.5,7122.0,7102.0,7105.75,78671
2026-04-22 01:15:00,7105.75,7108.5,7096.75,7105.5,49032
2026-04-22 01:30:00,7105.5,7133.25,7105.0,7124.0,86582
2026-04-22 01:45:00,7124.25,7124.75,7111.75,7116.75,39979
2026-04-22 02:00:00,7116.75,7123.5,7113.5,7118.25,31394
2026-04-22 02:15:00,7118.25,7120.75,7105.5,7109.75,42161
2026-04-22 02:30:00,7110.0,7116.5,7109.75,7113.25,19782
2026-04-22 02:45:00,7113.5,7128.0,7109.0,7122.0,53505
2026-04-22 03:00:00,7122.25,7132.5,7121.0,7125.5,46542
2026-04-22 03:15:00,7125.5,7137.5,7121.75,7136.75,51075
2026-04-22 03:30:00,7136.75,7138.5,7085.0,7090.75,99815
2026-04-22 03:45:00,7090.5,7107.0,7089.75,7100.5,151647
2026-04-22 04:00:00,7100.5,7140.0,7091.75,7124.75,67531
2026-04-22 04:15:00,7125.25,7130.25,7120.75,7122.25,18365
2026-04-22 04:30:00,7122.0,7126.25,7120.0,7120.75,7684
2026-04-22 04:45:00,7121.0,7128.5,7118.25,7122.25,6551
2026-04-22 06:00:00,7125.0,7130.5,7123.75,7129.0,1542
2026-04-22 06:15:00,7128.75,7129.75,7126.5,7127.75,1066
2026-04-22 06:30:00,7127.75,7128.75,7125.75,7126.75,746
2026-04-22 06:45:00,7126.5,7127.5,7121.25,7124.25,2026
2026-04-22 07:00:00,7124.25,7127.75,7123.0,7126.75,1219
2026-04-22 07:15:00,7126.5,7128.0,7125.0,7126.0,1030
2026-04-22 07:30:00,7126.25,7129.5,7124.25,7129.0,1033
2026-04-22 07:45:00,7129.0,7131.25,7128.75,7131.0,2146
2026-04-22 08:00:00,7131.25,7138.0,7131.25,7136.25,4000
2026-04-22 08:15:00,7136.5,7140.0,7134.25,7136.5,2894
2026-04-22 08:30:00,7136.25,7138.75,7136.0,7137.25,1238
2026-04-22 08:45:00,7137.0,7137.25,7133.5,7134.5,1634
2026-04-22 09:00:00,7134.5,7138.0,7134.25,7136.0,1549
2026-04-22 09:15:00,7136.0,7136.75,7134.25,7135.75,1031
2026-04-22 09:30:00,7135.75,7142.0,7135.25,7138.75,2431
2026-04-22 09:45:00,7138.75,7140.25,7136.75,7139.75,1370
2026-04-22 10:00:00,7139.75,7142.25,7139.0,7141.5,1316
2026-04-22 10:15:00,7142.0,7143.0,7140.0,7142.25,1228
2026-04-22 10:30:00,7142.25,7143.0,7139.75,7140.0,940
2026-04-22 10:45:00,7140.0,7140.75,7139.25,7139.75,585
2026-04-22 11:00:00,7139.75,7141.5,7137.75,7137.75,960
2026-04-22 11:15:00,7137.75,7138.5,7136.75,7138.0,818
2026-04-22 11:30:00,7138.0,7140.25,7135.5,7137.5,1248
2026-04-22 11:45:00,7137.5,7138.0,7135.5,7136.75,498
2026-04-22 12:00:00,7137.0,7138.0,7134.25,7137.25,1419
2026-04-22 12:15:00,7137.25,7137.75,7134.0,7134.0,830
2026-04-22 12:30:00,7134.0,7134.5,7132.0,7134.0,738
2026-04-22 12:45:00,7133.75,7135.0,7129.5,7130.25,1198
2026-04-22 13:00:00,7130.25,7134.5,7128.5,7133.5,1285
2026-04-22 13:15:00,7133.5,7147.5,7133.5,7140.5,10194
2026-04-22 13:30:00,7140.5,7143.75,7139.75,7143.0,1658
2026-04-22 13:45:00,7142.75,7143.75,7140.75,7141.0,977
2026-04-22 14:00:00,7141.0,7141.25,7134.75,7135.75,2033
2026-04-22 14:15:00,7135.5,7138.25,7134.0,7138.0,1626
2026-04-22 14:30:00,7138.0,7143.75,7138.0,7141.5,2405
2026-04-22 14:45:00,7141.25,7143.5,7140.25,7142.0,1368
2026-04-22 15:00:00,7142.0,7145.25,7141.25,7144.25,3234
2026-04-22 15:15:00,7144.0,7145.25,7139.5,7144.75,2358
2026-04-22 15:30:00,7144.75,7146.75,7141.5,7146.5,3176
2026-04-22 15:45:00,7146.25,7147.0,7142.0,7142.25,2474
2026-04-22 16:00:00,7142.5,7144.0,7139.0,7140.25,2752
2026-04-22 16:15:00,7140.25,7140.25,7134.5,7135.25,3987
2026-04-22 16:30:00,7135.5,7137.25,7130.0,7135.0,4812
2026-04-22 16:45:00,7135.25,7139.25,7132.75,7138.5,2197
2026-04-22 17:00:00,7138.5,7145.5,7137.5,7144.25,5417
2026-04-22 17:15:00,7144.25,7146.5,7142.25,7145.5,1806
2026-04-22 17:30:00,7145.5,7146.5,7143.5,7146.25,1792
2026-04-22 17:45:00,7146.0,7146.5,7134.0,7138.25,4016
2026-04-22 18:00:00,7138.5,7141.5,7132.75,7135.25,4690
2026-04-22 18:15:00,7135.25,7140.0,7135.25,7139.75,2193
2026-04-22 18:30:00,7139.75,7143.5,7138.25,7139.0,3466
2026-04-22 18:45:00,7139.25,7140.25,7138.0,7139.0,1466
2026-04-22 19:00:00,7138.75,7140.25,7135.75,7136.5,2951
2026-04-22 19:15:00,7136.25,7139.75,7135.5,7137.0,2920
2026-04-22 19:30:00,7137.25,7139.5,7135.75,7136.75,3620
2026-04-22 19:45:00,7136.75,7143.0,7136.25,7142.0,3764
2026-04-22 20:00:00,7142.0,7156.5,7142.0,7155.25,10919
2026-04-22 20:15:00,7155.5,7157.25,7148.25,7148.75,11690
2026-04-22 20:30:00,7148.75,7150.5,7143.0,7143.5,13950
2026-04-22 20:45:00,7143.5,7146.0,7138.0,7139.0,8340
2026-04-22 21:00:00,7139.0,7150.75,7137.5,7142.25,18829
2026-04-22 21:15:00,7142.25,7152.75,7139.5,7150.0,25600
2026-04-22 21:30:00,7150.25,7152.25,7140.75,7145.75,60765
2026-04-22 21:45:00,7146.0,7153.5,7141.0,7152.75,45154
2026-04-22 22:00:00,7152.75,7160.5,7146.25,7160.0,48683
2026-04-22 22:15:00,7160.0,7166.25,7159.75,7164.5,46882
2026-04-22 22:30:00,7164.25,7165.75,7153.25,7156.25,56380
2026-04-22 22:45:00,7156.25,7162.25,7153.75,7159.25,31729
2026-04-22 23:00:00,7159.25,7161.25,7151.75,7157.25,38956
2026-04-22 23:15:00,7157.25,7164.0,7154.5,7160.75,33613
2026-04-22 23:30:00,7160.75,7163.25,7151.25,7151.5,30442
2026-04-22 23:45:00,7151.5,7159.25,7150.0,7154.75,26804
2026-04-23 00:00:00,7155.0,7160.25,7152.5,7157.75,25049
2026-04-23 00:15:00,7158.0,7159.0,7148.75,7150.0,19375
2026-04-23 00:30:00,7150.0,7155.5,7146.5,7149.25,32223
2026-04-23 00:45:00,7149.25,7152.75,7146.75,7147.75,25812
2026-04-23 01:00:00,7147.75,7162.75,7147.75,7158.0,37419
2026-04-23 01:15:00,7158.25,7163.0,7154.5,7159.0,22152
2026-04-23 01:30:00,7159.25,7162.0,7157.5,7160.75,15120
2026-04-23 01:45:00,7161.0,7162.75,7156.75,7158.25,24109
2026-04-23 02:00:00,7158.25,7160.5,7156.75,7157.75,16016
2026-04-23 02:15:00,7157.75,7157.75,7150.5,7152.75,24279
2026-04-23 02:30:00,7152.75,7158.0,7151.75,7156.75,13572
2026-04-23 02:45:00,7157.0,7159.5,7153.25,7154.5,17270
2026-04-23 03:00:00,7154.5,7158.5,7150.0,7157.75,29312
2026-04-23 03:15:00,7157.75,7164.0,7157.25,7162.75,24093
2026-04-23 03:30:00,7162.75,7164.0,7159.5,7162.75,21082
2026-04-23 03:45:00,7162.5,7173.0,7162.0,7170.25,104732
2026-04-23 04:00:00,7170.25,7173.0,7163.25,7163.75,31938
2026-04-23 04:15:00,7163.5,7165.25,7160.0,7163.25,7482
2026-04-23 04:30:00,7163.5,7165.25,7156.0,7161.75,6249
2026-04-23 04:45:00,7161.5,7164.75,7161.25,7164.5,3701
2026-04-23 06:00:00,7163.0,7164.0,7158.25,7161.0,616
2026-04-23 06:15:00,7160.75,7163.5,7160.25,7160.5,936
2026-04-23 06:30:00,7160.5,7161.25,7158.5,7159.75,862
2026-04-23 06:45:00,7160.0,7161.75,7159.75,7161.0,452
2026-04-23 07:00:00,7161.0,7162.0,7159.5,7161.5,406
2026-04-23 07:15:00,7161.75,7163.25,7161.0,7162.75,726
2026-04-23 07:30:00,7162.5,7162.5,7160.75,7161.75,393
2026-04-23 07:45:00,7161.75,7163.25,7161.5,7162.75,756
2026-04-23 08:00:00,7162.5,7163.0,7122.75,7123.25,12102
2026-04-23 08:15:00,7123.5,7154.75,7105.5,7153.0,32252
2026-04-23 08:30:00,7153.25,7158.25,7149.25,7152.0,4986
2026-04-23 08:45:00,7152.0,7156.25,7150.0,7154.75,2870
2026-04-23 09:00:00,7154.75,7155.25,7146.5,7149.0,2917
2026-04-23 09:15:00,7149.0,7150.25,7144.5,7145.25,1902
2026-04-23 09:30:00,7145.5,7148.5,7141.5,7145.0,3219
2026-04-23 09:45:00,7145.0,7145.5,7139.5,7141.5,2511
2026-04-23 10:00:00,7141.5,7141.5,7133.75,7134.0,2986
2026-04-23 10:15:00,7134.0,7142.5,7132.0,7136.0,4470
2026-04-23 10:30:00,7136.25,7140.25,7133.0,7136.0,2537
2026-04-23 10:45:00,7135.75,7138.25,7132.25,7133.0,2914
2026-04-23 11:00:00,7133.5,7136.5,7127.5,7129.0,2983
2026-04-23 11:15:00,7128.75,7129.25,7124.0,7124.75,2640
2026-04-23 11:30:00,7124.5,7126.0,7118.75,7121.75,3089
2026-04-23 11:45:00,7121.75,7128.25,7121.25,7126.5,3217
2026-04-23 12:00:00,7127.0,7131.5,7127.0,7131.0,2205
2026-04-23 12:15:00,7130.75,7132.5,7129.5,7131.25,1235
2026-04-23 12:30:00,7131.0,7135.0,7131.0,7133.5,1266
2026-04-23 12:45:00,7133.5,7135.5,7132.5,7135.25,1007
2026-04-23 13:00:00,7135.25,7137.25,7134.0,7135.5,1718
2026-04-23 13:15:00,7135.75,7136.0,7131.5,7133.75,1190
2026-04-23 13:30:00,7134.0,7136.0,7131.0,7132.0,2043
2026-04-23 13:45:00,7131.75,7142.0,7131.75,7138.25,2335
2026-04-23 14:00:00,7138.25,7141.5,7138.25,7140.5,3092
2026-04-23 14:15:00,7140.5,7144.25,7140.0,7143.5,2764
2026-04-23 14:30:00,7143.25,7144.5,7142.25,7142.5,1837
2026-04-23 14:45:00,7142.5,7144.75,7140.5,7143.25,3268
2026-04-23 15:00:00,7143.25,7144.5,7141.25,7144.5,3783
2026-04-23 15:15:00,7144.5,7145.25,7140.75,7143.0,3043
2026-04-23 15:30:00,7143.0,7146.0,7140.25,7145.5,3484
2026-04-23 15:45:00,7145.5,7149.0,7142.75,7145.0,3201
2026-04-23 16:00:00,7145.0,7146.0,7137.75,7141.5,4174
2026-04-23 16:15:00,7141.75,7146.5,7140.5,7142.25,2898
2026-04-23 16:30:00,7142.25,7142.5,7133.0,7133.5,3876
2026-04-23 16:45:00,7133.25,7135.25,7130.75,7133.0,3453
2026-04-23 17:00:00,7132.75,7133.0,7125.75,7128.0,5737
2026-04-23 17:15:00,7128.0,7138.5,7127.75,7135.5,4252
2026-04-23 17:30:00,7135.75,7140.5,7135.0,7136.25,3150
2026-04-23 17:45:00,7136.5,7137.5,7134.25,7135.0,2112
2026-04-23 18:00:00,7135.0,7136.0,7129.0,7130.25,4418
2026-04-23 18:15:00,7130.25,7137.5,7130.25,7134.5,3192
2026-04-23 18:30:00,7134.5,7142.25,7133.5,7135.5,4610
2026-04-23 18:45:00,7135.5,7143.0,7134.75,7141.75,5023
2026-04-23 19:00:00,7141.75,7145.25,7139.0,7141.75,5289
2026-04-23 19:15:00,7141.5,7142.75,7135.75,7138.5,3098
2026-04-23 19:30:00,7138.5,7144.25,7134.25,7144.25,8131
2026-04-23 19:45:00,7144.25,7160.75,7143.5,7158.25,17738
2026-04-23 20:00:00,7158.0,7169.5,7157.0,7164.5,12213
2026-04-23 20:15:00,7164.5,7164.5,7155.75,7158.75,7048
2026-04-23 20:30:00,7158.5,7161.5,7154.5,7156.25,10028
2026-04-23 20:45:00,7156.25,7158.25,7136.25,7152.0,21811
2026-04-23 21:00:00,7152.25,7155.5,7142.5,7148.75,11091
2026-04-23 21:15:00,7148.5,7153.75,7146.25,7152.25,15132
2026-04-23 21:30:00,7152.0,7163.75,7149.75,7163.75,62927
2026-04-23 21:45:00,7163.75,7171.0,7158.75,7159.75,56928
2026-04-23 22:00:00,7159.75,7161.5,7149.0,7158.75,57526
2026-04-23 22:15:00,7158.75,7167.25,7158.0,7163.0,44291
2026-04-23 22:30:00,7163.0,7169.5,7161.75,7167.25,32689
2026-04-23 22:45:00,7167.25,7178.5,7166.25,7175.0,38518
2026-04-23 23:00:00,7175.0,7178.0,7171.75,7174.0,30111
2026-04-23 23:15:00,7174.0,7180.5,7172.75,7177.75,26585
2026-04-23 23:30:00,7177.75,7181.5,7172.25,7173.5,30700
2026-04-23 23:45:00,7173.25,7173.75,7164.25,7168.75,56095
2026-04-24 00:00:00,7168.75,7169.75,7160.25,7166.5,34778
2026-04-24 00:15:00,7166.25,7168.25,7161.25,7164.75,25861
2026-04-24 00:30:00,7164.5,7170.25,7163.5,7166.75,22777
2026-04-24 00:45:00,7167.0,7169.5,7163.0,7166.25,21432
2026-04-24 01:00:00,7166.25,7168.25,7130.0,7134.25,108311
2026-04-24 01:15:00,7134.25,7134.25,7115.5,7117.0,94621
2026-04-24 01:30:00,7117.25,7133.75,7090.0,7094.25,114869
2026-04-24 01:45:00,7094.25,7127.5,7079.25,7123.5,157047
2026-04-24 02:00:00,7123.25,7139.75,7119.0,7135.25,80089
2026-04-24 02:15:00,7135.25,7143.25,7133.5,7142.5,46052
2026-04-24 02:30:00,7142.25,7152.25,7138.0,7143.75,45794
2026-04-24 02:45:00,7144.0,7144.5,7124.5,7128.25,42692
2026-04-24 03:00:00,7128.25,7139.25,7124.5,7139.25,40548
2026-04-24 03:15:00,7139.25,7144.0,7139.0,7141.25,25612
2026-04-24 03:30:00,7141.25,7146.25,7128.0,7130.5,45723
2026-04-24 03:45:00,7130.5,7146.75,7121.5,7142.25,105983
2026-04-24 04:00:00,7142.0,7144.5,7133.0,7134.0,36421
2026-04-24 04:15:00,7133.75,7139.5,7128.75,7136.5,7949
2026-04-24 04:30:00,7136.25,7138.75,7134.75,7137.75,2466
2026-04-24 04:45:00,7137.75,7138.25,7129.5,7132.5,4298
2026-04-24 06:00:00,7143.0,7147.5,7139.75,7146.0,1332
2026-04-24 06:15:00,7146.25,7147.25,7143.0,7144.25,1444
2026-04-24 06:30:00,7144.25,7147.0,7142.0,7144.25,2089
2026-04-24 06:45:00,7144.25,7148.0,7144.25,7146.5,1525
2026-04-24 07:00:00,7146.5,7147.5,7144.5,7145.0,654
2026-04-24 07:15:00,7145.0,7147.75,7144.25,7147.5,441
2026-04-24 07:30:00,7147.5,7151.75,7147.5,7150.0,1496
2026-04-24 07:45:00,7150.25,7153.75,7150.0,7153.25,1678
2026-04-24 08:00:00,7153.5,7158.5,7150.5,7158.5,3312
2026-04-24 08:15:00,7158.25,7160.25,7156.5,7159.75,2873
2026-04-24 08:30:00,7159.5,7161.25,7155.75,7156.75,2844
2026-04-24 08:45:00,7157.25,7159.0,7154.0,7156.25,2269
2026-04-24 09:00:00,7156.5,7157.75,7154.75,7155.75,2073
2026-04-24 09:15:00,7155.75,7157.75,7153.75,7156.5,1384
2026-04-24 09:30:00,7156.5,7157.0,7150.75,7154.25,2406
2026-04-24 09:45:00,7154.0,7157.75,7154.0,7156.75,1765
2026-04-24 10:00:00,7156.5,7157.0,7149.25,7150.0,2419
2026-04-24 10:15:00,7150.25,7151.25,7144.25,7145.25,2246
2026-04-24 10:30:00,7145.25,7148.5,7144.5,7146.25,1633
2026-04-24 10:45:00,7146.25,7146.25,7140.5,7142.5,2092
2026-04-24 11:00:00,7142.75,7144.5,7139.25,7140.5,1670
2026-04-24 11:15:00,7140.25,7142.25,7138.0,7138.75,1599
2026-04-24 11:30:00,7138.5,7140.5,7136.25,7138.25,1458
2026-04-24 11:45:00,7138.25,7142.75,7138.25,7139.25,1360
2026-04-24 12:00:00,7141.0,7142.75,7140.75,7142.0,1352
2026-04-24 12:15:00,7142.25,7142.25,7137.0,7138.5,992
2026-04-24 12:30:00,7138.5,7141.5,7138.25,7141.25,852
2026-04-24 12:45:00,7141.25,7145.25,7141.25,7144.5,1459
2026-04-24 13:00:00,7144.5,7144.75,7140.0,7143.0,1425
2026-04-24 13:15:00,7143.25,7146.5,7142.5,7145.0,1526
2026-04-24 13:30:00,7145.25,7149.5,7145.25,7148.75,1552
2026-04-24 13:45:00,7148.75,7151.25,7148.5,7150.75,1198
2026-04-24 14:00:00,7151.0,7152.5,7148.25,7150.75,1994
2026-04-24 14:15:00,7150.75,7151.5,7146.25,7146.5,1082
2026-04-24 14:30:00,7146.75,7150.0,7146.75,7147.75,1685
2026-04-24 14:45:00,7147.75,7148.0,7145.0,7147.25,1361
2026-04-24 15:00:00,7147.0,7153.75,7146.5,7153.0,3571
2026-04-24 15:15:00,7152.75,7155.5,7149.75,7154.5,2290
2026-04-24 15:30:00,7154.25,7154.25,7147.5,7148.75,2361
2026-04-24 15:45:00,7148.75,7154.25,7148.0,7153.75,2868
2026-04-24 16:00:00,7153.5,7154.75,7146.75,7147.0,4802
2026-04-24 16:15:00,7147.25,7159.25,7147.25,7149.25,5885
2026-04-24 16:30:00,7149.5,7149.5,7141.25,7142.75,4392
2026-04-24 16:45:00,7142.75,7148.25,7141.5,7143.5,3025
2026-04-24 17:00:00,7143.75,7146.25,7140.5,7145.25,2917
2026-04-24 17:15:00,7145.25,7146.75,7135.5,7142.75,5072
2026-04-24 17:30:00,7142.5,7146.0,7141.0,7146.0,2592
2026-04-24 17:45:00,7146.0,7146.75,7142.25,7143.75,2048
2026-04-24 18:00:00,7143.75,7145.5,7141.5,7144.25,3347
2026-04-24 18:15:00,7144.5,7151.75,7144.0,7151.0,3266
2026-04-24 18:30:00,7151.0,7152.0,7148.25,7150.5,2559
2026-04-24 18:45:00,7150.75,7152.5,7148.75,7151.25,2775
2026-04-24 19:00:00,7150.75,7175.75,7150.5,7170.5,23036
2026-04-24 19:15:00,7170.5,7187.5,7166.25,7187.25,24031
2026-04-24 19:30:00,7187.0,7189.5,7173.0,7174.75,12265
2026-04-24 19:45:00,7174.5,7174.75,7169.0,7171.0,9474
2026-04-24 20:00:00,7171.25,7177.0,7168.5,7175.25,9742
2026-04-24 20:15:00,7175.25,7177.75,7167.0,7173.5,12847
2026-04-24 20:30:00,7173.5,7173.75,7160.75,7163.75,13949
2026-04-24 20:45:00,7164.0,7167.25,7154.25,7162.25,16041
2026-04-24 21:00:00,7162.5,7170.25,7162.0,7165.75,12600
2026-04-24 21:15:00,7165.75,7170.5,7161.75,7162.75,17634
2026-04-24 21:30:00,7162.5,7166.75,7150.75,7154.75,86750
2026-04-24 21:45:00,7155.0,7160.5,7145.0,7154.75,59073
2026-04-24 22:00:00,7154.75,7162.5,7146.5,7155.75,69086
2026-04-24 22:15:00,7155.5,7162.0,7150.25,7154.0,41828
2026-04-24 22:30:00,7154.0,7166.5,7149.5,7165.25,48084
2026-04-24 22:45:00,7165.25,7171.75,7162.25,7170.0,38768
2026-04-24 23:00:00,7170.0,7174.5,7167.5,7173.25,38275
2026-04-24 23:15:00,7173.25,7177.0,7170.75,7174.0,34824
2026-04-24 23:30:00,7174.25,7191.5,7170.5,7189.75,54136
2026-04-24 23:45:00,7189.75,7197.25,7182.0,7193.5,93920
2026-04-25 00:00:00,7193.5,7195.75,7186.75,7189.0,35125
2026-04-25 00:15:00,7189.25,7192.0,7185.25,7189.0,23086
2026-04-25 00:30:00,7189.0,7194.5,7184.25,7186.75,34118
2026-04-25 00:45:00,7187.0,7194.0,7185.5,7191.5,26464
2026-04-25 01:00:00,7191.5,7193.5,7187.75,7188.75,21103
2026-04-25 01:15:00,7188.75,7189.0,7183.0,7186.0,22555
2026-04-25 01:30:00,7186.0,7191.5,7182.75,7191.0,26606
2026-04-25 01:45:00,7191.0,7200.5,7189.0,7192.25,31601
2026-04-25 02:00:00,7192.25,7193.5,7188.0,7190.5,20928
2026-04-25 02:15:00,7190.75,7191.75,7184.75,7185.5,24623
2026-04-25 02:30:00,7185.5,7192.0,7185.25,7188.75,19954
2026-04-25 02:45:00,7188.75,7191.5,7187.0,7190.75,18141
2026-04-25 03:00:00,7191.0,7199.5,7190.75,7197.5,29277
2026-04-25 03:15:00,7197.75,7200.0,7190.75,7193.0,29297
2026-04-25 03:30:00,7193.0,7195.25,7189.75,7193.5,28056
2026-04-25 03:45:00,7193.25,7199.0,7191.0,7194.75,109514
2026-04-25 04:00:00,7194.75,7197.25,7190.75,7192.5,31112
2026-04-25 04:15:00,7192.5,7194.5,7190.0,7190.75,6318
2026-04-25 04:30:00,7191.0,7196.25,7190.75,7195.75,4626
2026-04-25 04:45:00,7195.5,7197.0,7194.25,7196.0,4032
2026-04-27 06:00:00,7175.0,7175.5,7171.5,7174.25,867
2026-04-27 06:15:00,7174.25,7178.25,7174.0,7178.0,1978
2026-04-27 06:30:00,7177.75,7180.25,7175.5,7179.5,2340
2026-04-27 06:45:00,7179.5,7182.5,7178.75,7182.0,1858
2026-04-27 07:00:00,7182.25,7182.75,7177.5,7178.0,1886
2026-04-27 07:15:00,7178.25,7181.0,7177.75,7178.5,1274
2026-04-27 07:30:00,7178.25,7178.25,7175.0,7176.75,1754
2026-04-27 07:45:00,7177.0,7179.25,7175.5,7178.5,1093
2026-04-27 08:00:00,7178.75,7182.5,7177.25,7181.5,2838
2026-04-27 08:15:00,7181.5,7183.0,7179.0,7181.75,1835
2026-04-27 08:30:00,7182.0,7186.5,7181.0,7185.0,2298
2026-04-27 08:45:00,7185.0,7193.0,7184.5,7190.5,4078
2026-04-27 09:00:00,7190.75,7202.25,7190.75,7193.0,8021
2026-04-27 09:15:00,7193.0,7198.25,7189.75,7198.0,3642
2026-04-27 09:30:00,7198.0,7203.5,7197.0,7202.0,3748
2026-04-27 09:45:00,7202.0,7208.0,7201.25,7207.5,3643
2026-04-27 10:00:00,7207.75,7208.5,7203.0,7205.25,2043
2026-04-27 10:15:00,7205.0,7207.0,7201.75,7204.25,2096
2026-04-27 10:30:00,7204.0,7206.25,7203.25,7203.75,1274
2026-04-27 10:45:00,7203.75,7205.25,7203.0,7203.25,803
2026-04-27 11:00:00,7203.5,7206.75,7201.75,7202.75,3465
2026-04-27 11:15:00,7202.75,7204.25,7202.0,7204.0,891
2026-04-27 11:30:00,7204.0,7204.5,7202.5,7204.0,978
2026-04-27 11:45:00,7204.0,7204.0,7202.75,7203.0,1220
2026-04-27 12:00:00,7202.75,7203.0,7200.0,7201.0,1947
2026-04-27 12:15:00,7201.25,7204.25,7201.0,7203.25,1125
2026-04-27 12:30:00,7203.25,7205.25,7202.75,7203.5,1390
2026-04-27 12:45:00,7203.5,7204.25,7199.75,7200.75,1461
2026-04-27 13:00:00,7200.5,7201.0,7194.75,7195.0,1856
2026-04-27 13:15:00,7195.0,7196.0,7191.75,7192.0,1801
2026-04-27 13:30:00,7192.0,7193.0,7188.0,7190.75,2299
2026-04-27 13:45:00,7190.75,7192.25,7188.5,7189.75,1296
2026-04-27 14:00:00,7189.75,7190.75,7186.5,7190.0,1967
2026-04-27 14:15:00,7189.75,7191.5,7187.75,7190.5,1657
2026-04-27 14:30:00,7190.75,7191.0,7186.0,7188.25,2971
2026-04-27 14:45:00,7188.25,7190.25,7186.75,7188.0,1705
2026-04-27 15:00:00,7188.0,7190.25,7185.0,7188.25,3589
2026-04-27 15:15:00,7188.5,7189.5,7186.0,7187.25,1883
2026-04-27 15:30:00,7187.5,7188.5,7185.5,7187.0,2138
2026-04-27 15:45:00,7187.0,7189.0,7186.25,7187.0,1728
2026-04-27 16:00:00,7186.75,7189.0,7181.5,7181.5,5085
2026-04-27 16:15:00,7181.5,7186.75,7181.5,7186.25,3060
2026-04-27 16:30:00,7186.0,7188.25,7185.75,7187.75,2821
2026-04-27 16:45:00,7187.75,7190.0,7187.75,7188.75,2818
2026-04-27 17:00:00,7189.0,7190.75,7187.75,7190.0,1978
2026-04-27 17:15:00,7190.0,7190.25,7187.25,7188.5,2009
2026-04-27 17:30:00,7188.5,7190.5,7188.0,7189.25,1628
2026-04-27 17:45:00,7189.25,7191.25,7188.0,7189.0,1747
2026-04-27 18:00:00,7189.0,7189.5,7186.5,7187.5,1843
2026-04-27 18:15:00,7187.5,7191.0,7187.25,7189.0,2222
2026-04-27 18:30:00,7189.0,7194.75,7188.5,7194.5,2612
2026-04-27 18:45:00,7194.25,7195.25,7192.5,7194.0,3404
2026-04-27 19:00:00,7193.75,7196.0,7193.75,7194.25,3136
2026-04-27 19:15:00,7194.25,7197.75,7193.5,7196.5,3884
2026-04-27 19:30:00,7196.75,7198.0,7195.75,7196.75,3223
2026-04-27 19:45:00,7197.0,7198.5,7195.5,7196.5,2733
2026-04-27 20:00:00,7196.75,7197.25,7192.75,7195.0,3850
2026-04-27 20:15:00,7195.0,7195.75,7185.5,7188.75,6748
2026-04-27 20:30:00,7188.75,7190.75,7185.0,7189.25,7359
2026-04-27 20:45:00,7189.5,7193.0,7186.75,7188.25,6878
2026-04-27 21:00:00,7188.5,7191.5,7183.25,7187.25,15225
2026-04-27 21:15:00,7187.0,7188.75,7184.75,7186.25,9232
2026-04-27 21:30:00,7186.5,7198.5,7183.25,7191.5,71175
2026-04-27 21:45:00,7191.5,7197.5,7180.25,7195.5,68601
2026-04-27 22:00:00,7195.5,7197.25,7189.5,7193.25,46068
2026-04-27 22:15:00,7193.0,7194.0,7188.0,7189.25,37196
2026-04-27 22:30:00,7189.25,7199.0,7185.25,7194.25,49211
2026-04-27 22:45:00,7194.25,7194.75,7187.75,7190.75,24856
2026-04-27 23:00:00,7190.75,7192.75,7182.25,7183.25,35359
2026-04-27 23:15:00,7183.0,7186.75,7177.0,7184.5,40595
2026-04-27 23:30:00,7184.5,7188.5,7182.0,7187.25,24233
2026-04-27 23:45:00,7187.25,7189.5,7185.0,7188.75,21218
2026-04-28 00:00:00,7188.75,7195.0,7186.25,7194.0,26427
2026-04-28 00:15:00,7194.25,7196.0,7192.0,7193.5,18193
2026-04-28 00:30:00,7193.5,7197.75,7193.25,7195.75,17239
2026-04-28 00:45:00,7196.0,7197.5,7193.5,7196.0,15826
2026-04-28 01:00:00,7196.25,7198.5,7195.5,7198.0,14688
2026-04-28 01:15:00,7198.0,7202.0,7193.75,7201.0,28431
2026-04-28 01:30:00,7201.0,7207.25,7200.75,7203.0,27738
2026-04-28 01:45:00,7203.0,7204.75,7201.25,7203.5,13299
2026-04-28 02:00:00,7203.5,7206.0,7202.0,7205.5,13158
2026-04-28 02:15:00,7205.5,7207.25,7204.75,7205.75,16163
2026-04-28 02:30:00,7205.5,7207.0,7202.5,7203.75,16035
2026-04-28 02:45:00,7203.5,7206.0,7201.75,7203.0,14233
2026-04-28 03:00:00,7203.25,7204.75,7201.5,7204.0,16839
2026-04-28 03:15:00,7204.0,7206.75,7203.75,7206.0,21544
2026-04-28 03:30:00,7206.0,7207.75,7203.5,7206.75,28176
2026-04-28 03:45:00,7206.75,7211.25,7204.75,7207.0,102123
2026-04-28 04:00:00,7207.0,7208.0,7203.25,7204.75,23670
2026-04-28 04:15:00,7204.5,7205.25,7202.25,7204.5,5521
2026-04-28 04:30:00,7204.25,7207.5,7204.25,7206.75,3500
2026-04-28 04:45:00,7207.0,7207.5,7204.75,7205.25,3372
2026-04-28 06:00:00,7204.75,7218.25,7204.75,7217.25,3011
2026-04-28 06:15:00,7217.25,7221.75,7217.25,7218.75,1779
2026-04-28 06:30:00,7218.75,7220.0,7217.25,7218.5,1071
2026-04-28 06:45:00,7218.75,7219.0,7215.75,7216.5,1000
2026-04-28 07:00:00,7216.5,7217.5,7215.0,7215.25,687
2026-04-28 07:15:00,7215.5,7218.25,7215.5,7217.5,704
2026-04-28 07:30:00,7217.25,7220.0,7216.75,7218.5,700
2026-04-28 07:45:00,7218.75,7219.25,7216.5,7217.25,760
2026-04-28 08:00:00,7217.25,7223.25,7216.75,7220.75,3113
2026-04-28 08:15:00,7220.75,7220.75,7212.25,7215.0,2777
2026-04-28 08:30:00,7215.25,7217.25,7213.25,7216.25,1925
2026-04-28 08:45:00,7216.25,7217.0,7213.5,7213.75,1790
2026-04-28 09:00:00,7213.75,7214.75,7211.75,7214.0,2154
2026-04-28 09:15:00,7214.0,7216.25,7212.75,7215.75,1122
2026-04-28 09:30:00,7215.75,7219.25,7213.75,7218.0,1548
2026-04-28 09:45:00,7218.0,7218.5,7208.0,7208.75,3275
2026-04-28 10:00:00,7209.0,7210.5,7207.0,7210.25,1788
2026-04-28 10:15:00,7210.0,7212.0,7209.75,7210.5,1108
2026-04-28 10:30:00,7210.25,7210.25,7206.5,7207.0,1525
2026-04-28 10:45:00,7207.0,7208.25,7204.5,7206.0,1794
2026-04-28 11:00:00,7205.75,7208.75,7205.0,7208.5,1345
2026-04-28 11:15:00,7208.25,7210.75,7207.5,7210.5,860
2026-04-28 11:30:00,7210.5,7212.0,7210.25,7210.25,871
2026-04-28 11:45:00,7210.25,7210.25,7207.5,7208.25,969
2026-04-28 12:00:00,7207.75,7210.75,7207.75,7210.0,794
2026-04-28 12:15:00,7210.0,7211.0,7209.5,7210.5,417
2026-04-28 12:30:00,7210.5,7212.5,7210.5,7212.5,694
2026-04-28 12:45:00,7212.25,7213.0,7209.0,7209.5,702
2026-04-28 13:00:00,7209.75,7210.5,7202.0,7204.5,2322
2026-04-28 13:15:00,7204.5,7205.5,7202.5,7204.75,1156
2026-04-28 13:30:00,7204.5,7205.0,7196.0,7200.25,2850
2026-04-28 13:45:00,7200.25,7200.5,7197.25,7198.25,1570
2026-04-28 14:00:00,7198.25,7200.5,7196.25,7200.0,1874
2026-04-28 14:15:00,7200.0,7201.0,7197.5,7199.75,1658
2026-04-28 14:30:00,7199.75,7200.5,7189.5,7193.25,3279
2026-04-28 14:45:00,7193.5,7195.0,7191.0,7194.0,1857
2026-04-28 15:00:00,7193.75,7195.0,7190.75,7193.5,2987
2026-04-28 15:15:00,7193.5,7195.25,7190.75,7192.25,2396
2026-04-28 15:30:00,7192.5,7198.0,7191.75,7195.75,2328
2026-04-28 15:45:00,7195.75,7197.75,7193.5,7196.75,3060
2026-04-28 16:00:00,7197.0,7197.25,7188.5,7191.25,5885
2026-04-28 16:15:00,7191.25,7201.75,7191.25,7201.75,3286
2026-04-28 16:30:00,7201.5,7201.75,7198.75,7199.5,2916
2026-04-28 16:45:00,7199.5,7200.75,7197.25,7200.5,1588
2026-04-28 17:00:00,7200.5,7200.75,7196.5,7200.0,2586
2026-04-28 17:15:00,7200.0,7201.0,7194.0,7196.0,3300
2026-04-28 17:30:00,7196.0,7196.5,7190.25,7192.5,3432
2026-04-28 17:45:00,7192.5,7194.0,7188.0,7191.75,3842
2026-04-28 18:00:00,7191.75,7194.5,7186.5,7186.75,4496
2026-04-28 18:15:00,7186.75,7191.75,7186.0,7189.25,2991
2026-04-28 18:30:00,7189.25,7190.75,7186.5,7186.5,3695
2026-04-28 18:45:00,7186.75,7190.0,7186.25,7189.0,3894
2026-04-28 19:00:00,7189.0,7191.75,7178.5,7179.5,8977
2026-04-28 19:15:00,7179.25,7179.75,7166.75,7169.75,12207
2026-04-28 19:30:00,7169.5,7169.75,7160.5,7168.25,13708
2026-04-28 19:45:00,7168.25,7169.5,7155.25,7158.5,12762
2026-04-28 20:00:00,7158.75,7160.25,7151.0,7158.75,12311
2026-04-28 20:15:00,7159.0,7164.0,7149.5,7152.0,22026
2026-04-28 20:30:00,7152.0,7159.25,7147.5,7156.25,11778
2026-04-28 20:45:00,7156.25,7170.0,7155.5,7169.5,14222
2026-04-28 21:00:00,7169.25,7171.25,7163.0,7163.5,15191
2026-04-28 21:15:00,7163.25,7175.0,7160.5,7172.25,21102
2026-04-28 21:30:00,7172.0,7183.0,7161.75,7177.75,88970
2026-04-28 21:45:00,7178.0,7180.0,7163.5,7169.5,62657
2026-04-28 22:00:00,7169.75,7177.5,7164.75,7170.0,45190
2026-04-28 22:15:00,7170.25,7172.0,7163.5,7166.5,45475
2026-04-28 22:30:00,7166.5,7169.75,7150.25,7158.5,72944
2026-04-28 22:45:00,7158.75,7160.75,7146.25,7159.0,82976
2026-04-28 23:00:00,7158.75,7164.75,7152.5,7160.5,54173
2026-04-28 23:15:00,7160.75,7162.0,7152.0,7152.75,33805
2026-04-28 23:30:00,7153.0,7155.5,7148.0,7151.75,38736
2026-04-28 23:45:00,7151.75,7154.25,7147.75,7153.75,28096
2026-04-29 00:00:00,7153.75,7158.75,7151.75,7158.25,27730
2026-04-29 00:15:00,7158.25,7159.75,7154.5,7157.25,22403
2026-04-29 00:30:00,7157.25,7158.25,7147.25,7148.75,26551
2026-04-29 00:45:00,7148.75,7158.0,7147.5,7155.5,31118
2026-04-29 01:00:00,7155.5,7157.5,7148.0,7153.5,23973
2026-04-29 01:15:00,7153.25,7156.75,7149.0,7154.75,17305
2026-04-29 01:30:00,7155.0,7163.75,7154.75,7161.25,27728
2026-04-29 01:45:00,7161.25,7165.5,7159.5,7164.5,20447
2026-04-29 02:00:00,7164.5,7165.5,7161.5,7164.5,19122
2026-04-29 02:15:00,7164.25,7170.5,7164.25,7167.5,34856
2026-04-29 02:30:00,7167.5,7167.75,7162.0,7167.5,21312
2026-04-29 02:45:00,7167.75,7170.0,7166.5,7169.25,15608
2026-04-29 03:00:00,7169.25,7176.25,7168.25,7173.25,25751
2026-04-29 03:15:00,7173.25,7173.5,7168.25,7170.25,22277
2026-04-29 03:30:00,7170.25,7172.5,7166.25,7171.0,24995
2026-04-29 03:45:00,7170.75,7174.5,7168.25,7171.5,98826
2026-04-29 04:00:00,7171.5,7176.25,7167.5,7173.25,29869
2026-04-29 04:15:00,7173.25,7175.25,7172.25,7174.0,4661
2026-04-29 04:30:00,7174.0,7174.0,7171.5,7172.0,4120
2026-04-29 04:45:00,7172.0,7172.75,7170.75,7172.5,3306
2026-04-29 06:00:00,7172.5,7178.0,7172.5,7176.75,638
2026-04-29 06:15:00,7177.0,7177.25,7174.5,7174.75,572
2026-04-29 06:30:00,7174.75,7176.25,7174.25,7175.25,641
2026-04-29 06:45:00,7175.0,7176.0,7174.75,7176.0,405
2026-04-29 07:00:00,7176.0,7176.25,7174.25,7175.5,488
2026-04-29 07:15:00,7175.5,7176.0,7175.25,7175.75,225
2026-04-29 07:30:00,7176.0,7178.5,7175.75,7178.5,821
2026-04-29 07:45:00,7178.5,7179.5,7177.75,7179.5,730
2026-04-29 08:00:00,7179.5,7186.0,7179.5,7185.25,3548
2026-04-29 08:15:00,7185.0,7186.75,7183.25,7186.75,1738
2026-04-29 08:30:00,7186.75,7188.0,7185.0,7186.0,1705
2026-04-29 08:45:00,7186.0,7186.0,7183.0,7183.5,2003
2026-04-29 09:00:00,7183.25,7183.5,7169.0,7175.5,6902
2026-04-29 09:15:00,7175.5,7179.5,7174.25,7176.75,2329
2026-04-29 09:30:00,7176.75,7183.25,7175.75,7181.75,2480
2026-04-29 09:45:00,7181.75,7182.25,7177.25,7178.25,1658
2026-04-29 10:00:00,7178.5,7183.0,7178.5,7183.0,1922
2026-04-29 10:15:00,7182.75,7185.25,7181.75,7182.25,1454
2026-04-29 10:30:00,7182.5,7182.75,7179.25,7180.5,981
2026-04-29 10:45:00,7180.75,7182.75,7180.0,7181.5,998
2026-04-29 11:00:00,7181.75,7185.25,7181.5,7184.25,1361
2026-04-29 11:15:00,7184.0,7185.25,7183.75,7184.75,1121
2026-04-29 11:30:00,7184.5,7184.75,7182.0,7182.75,690
2026-04-29 11:45:00,7182.5,7183.0,7181.25,7182.75,977
2026-04-29 12:00:00,7184.0,7184.75,7183.75,7184.5,671
2026-04-29 12:15:00,7184.5,7184.75,7183.5,7184.5,595
2026-04-29 12:30:00,7184.25,7187.0,7184.25,7185.25,1372
2026-04-29 12:45:00,7185.0,7186.0,7184.0,7184.5,1037
2026-04-29 13:00:00,7184.75,7185.75,7182.5,7183.0,1060
2026-04-29 13:15:00,7183.0,7185.0,7182.0,7184.75,871
2026-04-29 13:30:00,7184.75,7187.0,7184.25,7186.75,1149
2026-04-29 13:45:00,7186.5,7187.25,7185.0,7185.0,1097
2026-04-29 14:00:00,7185.0,7188.5,7184.25,7185.0,1430
2026-04-29 14:15:00,7184.75,7185.0,7182.5,7183.25,1477
2026-04-29 14:30:00,7183.25,7185.25,7181.0,7183.75,2029
2026-04-29 14:45:00,7183.75,7184.5,7179.25,7179.75,2292
2026-04-29 15:00:00,7179.5,7183.5,7177.0,7177.5,3183
2026-04-29 15:15:00,7177.5,7179.0,7175.75,7178.0,3088
2026-04-29 15:30:00,7178.0,7180.25,7174.0,7174.25,3396
2026-04-29 15:45:00,7174.25,7175.25,7169.25,7174.5,5809
2026-04-29 16:00:00,7174.75,7180.25,7169.25,7169.75,6847
2026-04-29 16:15:00,7169.75,7176.5,7166.5,7175.5,4995
2026-04-29 16:30:00,7175.5,7176.0,7166.75,7173.75,6072
2026-04-29 16:45:00,7173.75,7175.5,7171.0,7172.75,2216
2026-04-29 17:00:00,7172.75,7175.75,7170.0,7174.25,2669
2026-04-29 17:15:00,7174.0,7177.0,7172.25,7174.0,2021
2026-04-29 17:30:00,7174.0,7177.75,7171.0,7171.5,2601
2026-04-29 17:45:00,7171.75,7173.5,7167.5,7169.5,3140
2026-04-29 18:00:00,7169.25,7174.0,7166.5,7173.75,2298
2026-04-29 18:15:00,7173.75,7181.0,7173.75,7179.25,3817
2026-04-29 18:30:00,7179.25,7181.0,7175.25,7176.5,2737
2026-04-29 18:45:00,7176.5,7178.0,7174.5,7176.5,2377
2026-04-29 19:00:00,7176.25,7178.5,7173.0,7176.5,3934
2026-04-29 19:15:00,7176.5,7178.0,7174.0,7174.75,2367
2026-04-29 19:30:00,7174.5,7180.0,7171.0,7172.75,4357
2026-04-29 19:45:00,7172.75,7175.5,7169.75,7173.5,4615
2026-04-29 20:00:00,7173.25,7174.5,7170.0,7171.0,3952
2026-04-29 20:15:00,7171.25,7174.75,7167.0,7170.75,6241
2026-04-29 20:30:00,7171.0,7171.5,7161.25,7170.0,11674
2026-04-29 20:45:00,7170.0,7170.5,7166.0,7169.0,5140
2026-04-29 21:00:00,7169.0,7174.0,7169.0,7170.75,7313
2026-04-29 21:15:00,7170.75,7172.0,7161.75,7163.25,18468
2026-04-29 21:30:00,7163.25,7165.0,7152.5,7153.25,74583
2026-04-29 21:45:00,7153.5,7163.5,7149.5,7160.75,53645
2026-04-29 22:00:00,7160.75,7166.0,7155.75,7164.75,41565
2026-04-29 22:15:00,7164.75,7169.75,7162.75,7168.0,34559
2026-04-29 22:30:00,7168.25,7175.25,7166.25,7171.75,37586
2026-04-29 22:45:00,7172.0,7172.5,7167.25,7168.0,27763
2026-04-29 23:00:00,7167.75,7168.5,7154.75,7155.75,44744
2026-04-29 23:15:00,7155.75,7164.5,7154.25,7162.0,35803
2026-04-29 23:30:00,7161.75,7164.0,7157.25,7159.0,31135
2026-04-29 23:45:00,7158.75,7163.75,7145.25,7153.5,73034
2026-04-30 00:00:00,7153.75,7160.75,7152.25,7155.75,29571
2026-04-30 00:15:00,7155.75,7158.75,7149.0,7150.75,23267
2026-04-30 00:30:00,7150.75,7152.0,7142.0,7150.75,40976
2026-04-30 00:45:00,7151.0,7153.75,7147.25,7150.25,20644
2026-04-30 01:00:00,7150.0,7151.5,7145.25,7149.75,19412
2026-04-30 01:15:00,7149.75,7154.75,7147.0,7152.25,26314
2026-04-30 01:30:00,7152.5,7155.75,7151.0,7153.5,20005
2026-04-30 01:45:00,7153.5,7160.75,7153.0,7159.25,23237
2026-04-30 02:00:00,7159.25,7160.25,7137.5,7143.5,47473
2026-04-30 02:15:00,7143.75,7152.5,7142.75,7145.75,27511
2026-04-30 02:30:00,7145.75,7155.25,7139.75,7140.25,41835
2026-04-30 02:45:00,7140.25,7160.0,7137.0,7158.75,37241
2026-04-30 03:00:00,7159.0,7166.25,7153.0,7165.5,37683
2026-04-30 03:15:00,7165.75,7168.25,7162.0,7162.0,27641
2026-04-30 03:30:00,7162.0,7164.25,7154.0,7159.0,34353
2026-04-30 03:45:00,7159.0,7170.75,7157.5,7170.25,100534
2026-04-30 04:00:00,7170.25,7190.75,7135.25,7137.75,76511
2026-04-30 04:15:00,7137.75,7162.75,7131.25,7162.0,30041
2026-04-30 04:30:00,7161.75,7167.5,7155.5,7161.5,11696
2026-04-30 04:45:00,7161.75,7164.5,7140.75,7141.5,12996
2026-04-30 06:00:00,7150.0,7186.25,7148.5,7185.75,11971
2026-04-30 06:15:00,7186.0,7196.5,7184.0,7188.0,10703
2026-04-30 06:30:00,7188.0,7191.5,7183.75,7187.25,4078
2026-04-30 06:45:00,7187.25,7191.5,7183.5,7184.25,3406
2026-04-30 07:00:00,7184.5,7186.5,7183.0,7185.5,2106
2026-04-30 07:15:00,7185.25,7185.25,7180.0,7183.5,2124
2026-04-30 07:30:00,7183.75,7189.75,7183.75,7189.25,2372
2026-04-30 07:45:00,7189.5,7193.25,7187.5,7192.75,2739
2026-04-30 08:00:00,7192.75,7198.5,7191.0,7195.25,4483
2026-04-30 08:15:00,7195.5,7198.25,7194.0,7196.5,2180
2026-04-30 08:30:00,7196.5,7200.5,7196.5,7198.25,3072
2026-04-30 08:45:00,7198.25,7201.5,7198.0,7199.25,2037
2026-04-30 09:00:00,7199.0,7199.75,7195.75,7196.5,2373
2026-04-30 09:15:00,7196.75,7198.5,7196.25,7198.0,1492
2026-04-30 09:30:00,7198.0,7200.5,7193.75,7196.25,3335
2026-04-30 09:45:00,7196.25,7199.75,7194.25,7199.25,1787
2026-04-30 10:00:00,7199.25,7199.75,7195.75,7197.75,1690
2026-04-30 10:15:00,7197.5,7197.75,7187.5,7189.75,3023
2026-04-30 10:30:00,7189.5,7189.5,7165.5,7176.75,11759
2026-04-30 10:45:00,7177.0,7179.0,7170.25,7177.25,4082
2026-04-30 11:00:00,7177.0,7181.5,7172.75,7174.5,3130
2026-04-30 11:15:00,7174.5,7175.5,7171.75,7174.75,2191
2026-04-30 11:30:00,7175.0,7177.75,7173.0,7175.75,1610
2026-04-30 11:45:00,7175.75,7176.25,7171.75,7172.5,1428
2026-04-30 12:00:00,7165.75,7167.25,7160.0,7163.0,4832
2026-04-30 12:15:00,7163.25,7164.25,7153.75,7155.0,4794
2026-04-30 12:30:00,7155.0,7155.25,7146.5,7150.5,4892
2026-04-30 12:45:00,7150.75,7153.0,7144.75,7145.25,2994
2026-04-30 13:00:00,7145.5,7158.25,7145.25,7158.0,4402
2026-04-30 13:15:00,7157.75,7158.75,7148.75,7150.5,2931
2026-04-30 13:30:00,7150.5,7157.5,7150.5,7153.5,2699
2026-04-30 13:45:00,7153.25,7154.0,7143.0,7143.5,2344
2026-04-30 14:00:00,7143.25,7144.5,7133.75,7137.25,7405
2026-04-30 14:15:00,7137.5,7143.25,7136.75,7142.5,4201
2026-04-30 14:30:00,7142.5,7158.0,7142.5,7151.5,7918
2026-04-30 14:45:00,7151.25,7154.25,7146.25,7153.25,4169
2026-04-30 15:00:00,7153.25,7162.25,7149.75,7158.5,6317
2026-04-30 15:15:00,7158.25,7163.5,7154.75,7163.25,3484
2026-04-30 15:30:00,7163.25,7165.75,7161.0,7163.5,3870
2026-04-30 15:45:00,7163.25,7165.5,7157.75,7161.25,4172
2026-04-30 16:00:00,7160.75,7169.0,7160.5,7165.5,4349
2026-04-30 16:15:00,7165.25,7165.25,7159.25,7165.0,3049
2026-04-30 16:30:00,7165.0,7170.5,7163.75,7168.5,4490
2026-04-30 16:45:00,7168.5,7171.0,7165.0,7165.0,2695
2026-04-30 17:00:00,7164.75,7168.5,7162.25,7163.75,3749
2026-04-30 17:15:00,7163.75,7173.5,7158.5,7172.75,3691
2026-04-30 17:30:00,7172.5,7184.75,7171.0,7172.75,8883
2026-04-30 17:45:00,7172.75,7177.75,7169.25,7171.25,8695
2026-04-30 18:00:00,7171.0,7180.0,7171.0,7175.0,5174
2026-04-30 18:15:00,7175.0,7183.0,7173.5,7181.75,3867
2026-04-30 18:30:00,7181.5,7187.25,7175.25,7177.0,8471
2026-04-30 18:45:00,7176.75,7183.75,7175.25,7180.5,6534
2026-04-30 19:00:00,7180.75,7196.0,7180.0,7187.75,7376
2026-04-30 19:15:00,7188.0,7200.5,7187.25,7199.5,9077
2026-04-30 19:30:00,7199.75,7199.75,7190.75,7192.0,6615
2026-04-30 19:45:00,7192.0,7197.75,7191.25,7194.5,5175
2026-04-30 20:00:00,7194.5,7202.5,7193.25,7202.0,6763
2026-04-30 20:15:00,7201.5,7211.5,7201.5,7209.25,12849
2026-04-30 20:30:00,7209.75,7210.25,7197.0,7199.5,12134
2026-04-30 20:45:00,7199.5,7205.5,7198.25,7204.0,7432
2026-04-30 21:00:00,7204.0,7209.75,7200.75,7202.0,11221
2026-04-30 21:15:00,7202.25,7204.5,7199.25,7200.25,12268
2026-04-30 21:30:00,7200.0,7200.75,7166.75,7181.5,108002
2026-04-30 21:45:00,7181.25,7185.0,7160.25,7165.25,75629
2026-04-30 22:00:00,7165.25,7175.5,7159.25,7169.25,71127
2026-04-30 22:15:00,7169.5,7176.5,7157.25,7173.25,56430
2026-04-30 22:30:00,7173.25,7181.25,7164.75,7175.5,59226
2026-04-30 22:45:00,7175.5,7194.75,7175.25,7192.0,56377
2026-04-30 23:00:00,7192.0,7198.75,7188.75,7196.5,54604
2026-04-30 23:15:00,7196.75,7199.5,7191.0,7197.75,36350
2026-04-30 23:30:00,7197.5,7203.0,7190.75,7192.5,41134
2026-04-30 23:45:00,7192.25,7204.25,7187.75,7199.25,34358
2026-05-01 00:00:00,7199.5,7207.5,7194.25,7206.75,29927
2026-05-01 00:15:00,7206.5,7207.25,7201.0,7205.5,23373
2026-05-01 00:30:00,7205.5,7207.0,7199.5,7201.0,19708
2026-05-01 00:45:00,7201.25,7202.5,7192.5,7197.0,30342
2026-05-01 01:00:00,7197.25,7210.0,7196.75,7209.0,29294
2026-05-01 01:15:00,7209.0,7213.0,7205.5,7212.0,22606
2026-05-01 01:30:00,7212.0,7220.75,7212.0,7218.25,33708
2026-05-01 01:45:00,7218.25,7225.5,7218.0,7224.75,24831
2026-05-01 02:00:00,7224.75,7233.25,7224.25,7231.5,43769
2026-05-01 02:15:00,7231.75,7235.0,7230.0,7232.5,28054
2026-05-01 02:30:00,7232.5,7240.75,7232.25,7239.5,31899
2026-05-01 02:45:00,7239.25,7242.0,7236.5,7237.5,23499
2026-05-01 03:00:00,7237.5,7247.5,7236.25,7246.5,34493
2026-05-01 03:15:00,7246.5,7248.0,7243.75,7245.0,26069
2026-05-01 03:30:00,7245.0,7248.5,7241.25,7248.25,34126
2026-05-01 03:45:00,7248.0,7251.75,7237.25,7238.25,194835
2026-05-01 04:00:00,7238.25,7247.0,7238.0,7245.0,56233
2026-05-01 04:15:00,7245.0,7251.5,7243.75,7249.5,8871
2026-05-01 04:30:00,7249.25,7253.5,7242.5,7244.25,8881
2026-05-01 04:45:00,7244.25,7249.0,7243.75,7246.75,5734
2026-05-01 06:00:00,7256.0,7263.5,7252.0,7261.5,3795
2026-05-01 06:15:00,7261.75,7262.25,7256.25,7257.5,2496
2026-05-01 06:30:00,7257.5,7257.75,7254.5,7256.25,1541
2026-05-01 06:45:00,7256.25,7256.25,7246.25,7250.0,3074
2026-05-01 07:00:00,7250.0,7252.75,7249.0,7249.75,1498
2026-05-01 07:15:00,7249.75,7254.75,7249.0,7254.0,1712
2026-05-01 07:30:00,7254.0,7257.25,7252.5,7254.25,1199
2026-05-01 07:45:00,7254.0,7256.25,7249.75,7252.75,2771
2026-05-01 08:00:00,7252.75,7258.0,7250.5,7252.25,3203
2026-05-01 08:15:00,7252.0,7259.0,7252.0,7259.0,1897
2026-05-01 08:30:00,7258.75,7260.0,7257.0,7258.75,1543
2026-05-01 08:45:00,7259.0,7261.0,7257.25,7258.0,1518
2026-05-01 09:00:00,7257.75,7260.75,7255.5,7260.5,1422
2026-05-01 09:15:00,7260.75,7262.75,7259.5,7261.75,1537
2026-05-01 09:30:00,7262.0,7264.0,7261.75,7262.25,2090
2026-05-01 09:45:00,7262.25,7263.25,7261.25,7262.75,1340
2026-05-01 10:00:00,7262.75,7263.0,7261.0,7261.25,949
2026-05-01 10:15:00,7261.25,7262.5,7260.0,7260.75,927
2026-05-01 10:30:00,7260.5,7260.75,7258.75,7259.75,1025
2026-05-01 10:45:00,7259.5,7261.25,7258.25,7260.75,1002
2026-05-01 11:00:00,7261.0,7263.25,7260.0,7262.25,1427
2026-05-01 11:15:00,7262.0,7264.0,7261.75,7263.5,729
2026-05-01 11:30:00,7263.5,7265.75,7259.75,7260.5,2491
2026-05-01 11:45:00,7260.25,7261.25,7259.25,7260.75,732
2026-05-01 12:00:00,7259.0,7259.25,7258.0,7259.0,815
2026-05-01 12:15:00,7259.0,7259.75,7258.5,7258.75,483
2026-05-01 12:30:00,7258.75,7259.25,7256.75,7258.0,479
2026-05-01 12:45:00,7258.0,7259.0,7257.5,7258.0,439
2026-05-01 13:00:00,7258.0,7260.25,7256.75,7260.25,881
2026-05-01 13:15:00,7260.0,7260.25,7257.5,7260.0,829
2026-05-01 13:30:00,7260.0,7260.25,7258.0,7259.25,817
2026-05-01 13:45:00,7259.0,7259.0,7256.25,7257.0,898
2026-05-01 14:00:00,7257.25,7258.0,7256.0,7257.5,1006
2026-05-01 14:15:00,7257.5,7258.25,7255.0,7255.25,1063
2026-05-01 14:30:00,7255.5,7256.0,7251.75,7253.0,1358
2026-05-01 14:45:00,7253.25,7253.5,7251.0,7252.0,1585
2026-05-01 15:00:00,7252.0,7256.5,7251.5,7256.25,2273
2026-05-01 15:15:00,7256.25,7257.0,7253.25,7254.25,1984
2026-05-01 15:30:00,7254.25,7254.25,7250.0,7250.25,2609
2026-05-01 15:45:00,7250.25,7254.0,7248.5,7249.75,5355
2026-05-01 16:00:00,7249.75,7252.5,7249.0,7251.5,2418
2026-05-01 16:15:00,7251.5,7253.0,7250.75,7251.5,1448
2026-05-01 16:30:00,7251.75,7251.75,7248.5,7249.25,1941
2026-05-01 16:45:00,7249.25,7250.5,7247.75,7250.25,1799
2026-05-01 17:00:00,7250.25,7250.25,7246.5,7249.0,1575
2026-05-01 17:15:00,7249.0,7252.25,7249.0,7251.25,1069
2026-05-01 17:30:00,7251.25,7253.25,7250.25,7252.25,1264
2026-05-01 17:45:00,7252.0,7254.25,7251.5,7253.25,1164
2026-05-01 18:00:00,7253.25,7253.75,7251.25,7253.0,937
2026-05-01 18:15:00,7253.25,7254.5,7252.0,7252.5,1231
2026-05-01 18:30:00,7252.5,7253.5,7248.75,7250.75,1977
2026-05-01 18:45:00,7250.5,7254.25,7250.25,7254.0,1979
2026-05-01 19:00:00,7254.25,7255.0,7249.0,7250.5,2381
2026-05-01 19:15:00,7250.25,7254.75,7249.0,7253.0,2524
2026-05-01 19:30:00,7252.75,7254.0,7251.0,7253.0,1420
2026-05-01 19:45:00,7253.0,7257.0,7252.5,7256.25,2167
2026-05-01 20:00:00,7256.25,7271.5,7254.5,7266.0,12117
2026-05-01 20:15:00,7266.0,7268.75,7262.5,7266.25,8512
2026-05-01 20:30:00,7266.0,7266.5,7258.0,7258.5,7237
2026-05-01 20:45:00,7258.25,7260.75,7257.0,7258.5,5006
2026-05-01 21:00:00,7258.25,7265.75,7258.0,7262.25,7488
2026-05-01 21:15:00,7262.0,7265.5,7261.0,7264.5,8082
2026-05-01 21:30:00,7264.5,7277.5,7258.75,7276.25,84618
2026-05-01 21:45:00,7276.5,7293.25,7270.25,7293.25,78000
2026-05-01 22:00:00,7293.0,7298.5,7289.5,7296.5,58828
2026-05-01 22:15:00,7296.5,7300.75,7293.75,7294.5,42765
2026-05-01 22:30:00,7294.5,7294.75,7274.5,7281.25,73862
2026-05-01 22:45:00,7281.0,7285.5,7277.75,7278.5,35807
2026-05-01 23:00:00,7278.75,7281.5,7272.0,7281.25,43804
2026-05-01 23:15:00,7281.25,7285.25,7279.0,7284.25,27537
2026-05-01 23:30:00,7284.5,7292.25,7283.0,7291.75,28713
2026-05-01 23:45:00,7292.0,7295.75,7278.5,7285.25,42785
2026-05-02 00:00:00,7285.25,7287.75,7275.25,7276.75,28029
2026-05-02 00:15:00,7276.5,7283.25,7270.25,7272.75,42826
2026-05-02 00:30:00,7272.75,7274.75,7267.75,7268.0,29302
2026-05-02 00:45:00,7268.0,7275.0,7266.0,7270.25,27153
2026-05-02 01:00:00,7270.0,7276.75,7269.75,7276.5,18019
2026-05-02 01:15:00,7276.25,7281.0,7274.25,7280.75,16236
2026-05-02 01:30:00,7280.75,7282.25,7277.5,7280.25,15783
2026-05-02 01:45:00,7280.25,7283.75,7279.0,7279.5,20020
2026-05-02 02:00:00,7279.5,7280.75,7268.75,7269.5,24519
2026-05-02 02:15:00,7269.75,7273.75,7266.25,7272.75,24809
2026-05-02 02:30:00,7272.75,7273.5,7262.25,7263.25,27897
2026-05-02 02:45:00,7263.25,7264.75,7259.0,7262.75,25695
2026-05-02 03:00:00,7262.75,7272.5,7262.0,7271.75,24460
2026-05-02 03:15:00,7271.75,7277.0,7271.0,7275.25,23124
2026-05-02 03:30:00,7275.5,7276.5,7271.0,7272.5,25853
2026-05-02 03:45:00,7272.5,7273.0,7255.5,7257.5,118609
2026-05-02 04:00:00,7257.5,7258.25,7252.0,7254.25,35015
2026-05-02 04:15:00,7254.25,7254.75,7247.5,7249.25,7482
2026-05-02 04:30:00,7249.25,7249.5,7245.75,7246.75,6621
2026-05-02 04:45:00,7247.0,7258.0,7240.75,7258.0,7304
2026-05-04 12:30:00,7258.0,7270.75,7258.0,7269.0,724
2026-05-04 12:45:00,7269.25,7269.5,7267.25,7267.75,606
2026-05-04 13:00:00,7267.75,7270.75,7267.25,7270.0,1186
2026-05-04 13:15:00,7270.25,7274.5,7268.25,7268.5,2727
2026-05-04 13:30:00,7268.75,7272.25,7267.75,7272.25,1301
2026-05-04 13:45:00,7272.25,7272.75,7269.25,7270.0,1637
2026-05-04 14:00:00,7270.0,7271.25,7265.75,7269.0,2297
2026-05-04 14:15:00,7269.0,7269.25,7263.75,7267.25,1541
2026-05-04 14:30:00,7267.25,7268.75,7259.75,7261.25,3043
2026-05-04 14:45:00,7261.5,7264.0,7259.5,7262.75,1798
2026-05-04 15:00:00,7263.0,7270.75,7259.5,7269.0,4650
2026-05-04 15:15:00,7269.0,7273.5,7269.0,7271.25,4150
2026-05-04 15:30:00,7271.5,7271.5,7268.0,7271.0,2436
2026-05-04 15:45:00,7271.0,7273.0,7265.25,7265.25,2061
2026-05-04 16:00:00,7265.0,7265.5,7255.0,7259.75,6300
2026-05-04 16:15:00,7259.5,7263.75,7256.25,7262.5,3603
2026-05-04 16:30:00,7262.75,7264.75,7260.75,7262.5,2807
2026-05-04 16:45:00,7262.75,7264.5,7261.5,7262.25,2389
2026-05-04 17:00:00,7262.5,7266.75,7260.5,7266.0,2288
2026-05-04 17:15:00,7266.0,7266.25,7264.0,7265.25,1574
2026-05-04 17:30:00,7265.25,7267.75,7264.25,7266.25,2113
2026-05-04 17:45:00,7266.0,7267.5,7263.5,7263.75,2192
2026-05-04 18:00:00,7264.0,7265.5,7214.5,7222.75,34429
2026-05-04 18:15:00,7223.0,7235.5,7213.75,7232.75,19000
2026-05-04 18:30:00,7232.75,7254.0,7230.5,7249.25,20141
2026-05-04 18:45:00,7249.0,7252.75,7246.0,7247.0,5480
2026-05-04 19:00:00,7247.25,7254.25,7244.25,7248.75,9674
2026-05-04 19:15:00,7248.75,7252.0,7245.5,7246.0,3532
2026-05-04 19:30:00,7246.0,7248.0,7236.75,7243.0,10187
2026-05-04 19:45:00,7242.75,7248.0,7239.25,7245.25,5705
2026-05-04 20:00:00,7245.25,7251.5,7245.25,7248.75,5302
2026-05-04 20:15:00,7248.5,7256.0,7245.25,7252.0,9825
2026-05-04 20:30:00,7251.75,7254.5,7247.25,7252.75,6001
2026-05-04 20:45:00,7252.25,7254.25,7246.5,7249.25,7452
2026-05-04 21:00:00,7249.25,7256.0,7238.25,7249.5,31463
2026-05-04 21:15:00,7249.5,7252.0,7246.5,7250.5,10878
2026-05-04 21:30:00,7250.75,7253.0,7242.25,7249.25,66983
2026-05-04 21:45:00,7249.25,7257.75,7248.0,7257.75,42959
2026-05-04 22:00:00,7257.5,7261.75,7248.0,7259.5,52144
2026-05-04 22:15:00,7259.75,7267.0,7258.5,7262.25,36407
2026-05-04 22:30:00,7262.25,7270.75,7261.0,7269.0,33239
2026-05-04 22:45:00,7269.25,7271.0,7257.0,7258.75,41622
2026-05-04 23:00:00,7259.0,7264.25,7249.75,7252.25,62049
2026-05-04 23:15:00,7252.0,7254.5,7223.75,7234.0,119445
2026-05-04 23:30:00,7234.0,7235.0,7222.25,7232.5,75694
2026-05-04 23:45:00,7232.25,7232.75,7218.75,7225.25,59942
2026-05-05 00:00:00,7225.25,7227.0,7199.5,7208.5,79616
2026-05-05 00:15:00,7208.75,7228.25,7204.0,7219.25,68651
2026-05-05 00:30:00,7219.5,7226.25,7215.5,7218.25,36201
2026-05-05 00:45:00,7218.5,7220.5,7212.75,7215.0,30520
2026-05-05 01:00:00,7214.75,7226.25,7214.25,7224.0,34476
2026-05-05 01:15:00,7224.0,7236.25,7222.0,7235.25,38979
2026-05-05 01:30:00,7235.5,7235.75,7225.25,7231.5,25651
2026-05-05 01:45:00,7231.75,7236.0,7230.25,7232.75,17706
2026-05-05 02:00:00,7233.0,7239.5,7232.25,7234.0,24944
2026-05-05 02:15:00,7234.0,7234.25,7221.0,7227.0,31426
2026-05-05 02:30:00,7227.0,7228.0,7219.25,7219.75,23922
2026-05-05 02:45:00,7219.75,7225.0,7217.5,7223.75,29829
2026-05-05 03:00:00,7224.0,7231.5,7220.5,7229.5,39826
2026-05-05 03:15:00,7229.5,7231.0,7223.25,7226.75,24556
2026-05-05 03:30:00,7226.75,7231.5,7225.75,7226.5,20701
2026-05-05 03:45:00,7226.5,7231.5,7223.25,7231.25,89972
2026-05-05 04:00:00,7231.0,7231.5,7222.75,7225.25,24900
2026-05-05 04:15:00,7225.0,7228.5,7222.75,7227.75,6347
2026-05-05 04:30:00,7227.75,7228.75,7224.5,7224.75,2838
2026-05-05 04:45:00,7224.5,7226.0,7223.5,7225.25,3020
2026-05-05 06:00:00,7228.75,7234.75,7227.75,7232.25,883
2026-05-05 06:15:00,7232.25,7233.75,7231.5,7233.5,795
2026-05-05 06:30:00,7233.25,7234.0,7229.75,7230.0,1122
2026-05-05 06:45:00,7229.75,7230.0,7226.0,7227.5,1163
2026-05-05 07:00:00,7227.5,7229.25,7225.5,7229.0,1035
2026-05-05 07:15:00,7229.0,7229.25,7227.0,7228.25,574
2026-05-05 07:30:00,7228.0,7228.75,7226.25,7226.75,518
2026-05-05 07:45:00,7226.75,7228.25,7224.5,7227.0,926
2026-05-05 08:00:00,7227.25,7235.75,7227.0,7233.25,2573
2026-05-05 08:15:00,7233.0,7233.0,7223.75,7225.75,2681
2026-05-05 08:30:00,7225.75,7229.75,7225.25,7227.0,1563
2026-05-05 08:45:00,7227.25,7232.75,7226.75,7231.75,1408
2026-05-05 09:00:00,7231.75,7233.75,7227.25,7232.25,2200
2026-05-05 09:15:00,7232.5,7234.75,7232.0,7232.75,1339
2026-05-05 09:30:00,7233.0,7239.0,7231.0,7235.0,2570
2026-05-05 09:45:00,7235.0,7237.75,7234.75,7235.5,1520
2026-05-05 10:00:00,7235.75,7237.75,7234.75,7235.0,1334
2026-05-05 10:15:00,7235.25,7239.25,7235.0,7239.0,1356
2026-05-05 10:30:00,7238.75,7241.0,7238.5,7240.25,1711
2026-05-05 10:45:00,7240.0,7240.25,7233.75,7236.5,2563
2026-05-05 11:00:00,7236.25,7240.0,7235.5,7239.75,1037
2026-05-05 11:15:00,7239.75,7242.0,7239.25,7241.0,1126
2026-05-05 11:30:00,7240.75,7241.0,7239.75,7240.0,572
2026-05-05 11:45:00,7240.0,7241.75,7239.75,7240.75,746
2026-05-05 12:00:00,7242.75,7243.0,7241.25,7241.25,1183
2026-05-05 12:15:00,7241.5,7241.5,7240.25,7240.75,646
2026-05-05 12:30:00,7240.5,7240.5,7238.5,7240.0,736
2026-05-05 12:45:00,7240.0,7243.25,7239.5,7240.0,1273
2026-05-05 13:00:00,7239.75,7240.75,7238.5,7240.25,1057
2026-05-05 13:15:00,7240.0,7241.75,7239.5,7239.75,751
2026-05-05 13:30:00,7240.0,7243.75,7238.25,7242.25,1784
2026-05-05 13:45:00,7242.25,7244.25,7241.75,7243.75,869
2026-05-05 14:00:00,7243.75,7247.75,7241.0,7241.0,3405
2026-05-05 14:15:00,7241.25,7241.75,7235.75,7238.25,2195
2026-05-05 14:30:00,7237.75,7248.25,7237.75,7244.5,3184
2026-05-05 14:45:00,7244.75,7248.25,7243.75,7247.5,2645
2026-05-05 15:00:00,7247.75,7252.0,7246.75,7250.75,5448
2026-05-05 15:15:00,7250.75,7252.0,7247.75,7248.5,3066
2026-05-05 15:30:00,7248.5,7256.75,7248.0,7250.5,6000
2026-05-05 15:45:00,7250.5,7251.25,7245.75,7247.25,2755
2026-05-05 16:00:00,7247.5,7256.25,7247.25,7255.25,4423
2026-05-05 16:15:00,7255.25,7257.0,7253.25,7254.0,3599
2026-05-05 16:30:00,7254.0,7256.0,7252.75,7254.75,3106
2026-05-05 16:45:00,7254.75,7256.75,7253.25,7254.75,2790
2026-05-05 17:00:00,7254.75,7255.0,7249.75,7252.5,3118
2026-05-05 17:15:00,7252.5,7253.75,7250.75,7253.0,1683
2026-05-05 17:30:00,7253.0,7256.5,7252.75,7255.25,2039
2026-05-05 17:45:00,7255.25,7258.0,7253.75,7255.5,2665
2026-05-05 18:00:00,7255.25,7256.5,7253.25,7255.0,1881
2026-05-05 18:15:00,7255.0,7256.5,7254.25,7255.75,1316
2026-05-05 18:30:00,7256.0,7261.75,7253.5,7253.5,6075
2026-05-05 18:45:00,7253.75,7256.0,7253.0,7255.5,2084
2026-05-05 19:00:00,7255.5,7256.75,7249.0,7251.0,5641
2026-05-05 19:15:00,7251.0,7256.5,7248.75,7255.0,5475
2026-05-05 19:30:00,7255.0,7258.75,7254.25,7258.0,3236
2026-05-05 19:45:00,7258.25,7259.25,7257.0,7258.25,3358
2026-05-05 20:00:00,7258.25,7267.0,7256.25,7266.25,11714
2026-05-05 20:15:00,7266.25,7269.0,7263.0,7265.25,8644
2026-05-05 20:30:00,7265.25,7266.25,7261.25,7261.5,4784
2026-05-05 20:45:00,7261.75,7263.0,7260.25,7261.75,4109
2026-05-05 21:00:00,7261.75,7268.75,7261.5,7266.0,6782
2026-05-05 21:15:00,7266.0,7267.5,7262.5,7267.25,11710
2026-05-05 21:30:00,7267.5,7274.0,7264.25,7271.5,64869
2026-05-05 21:45:00,7271.5,7277.25,7270.0,7275.0,53134
2026-05-05 22:00:00,7275.0,7283.5,7270.5,7272.25,67209
2026-05-05 22:15:00,7272.25,7286.25,7266.75,7282.5,85943
2026-05-05 22:30:00,7282.5,7283.5,7274.75,7276.25,40646
2026-05-05 22:45:00,7276.25,7281.0,7273.0,7280.75,30178
2026-05-05 23:00:00,7280.5,7285.75,7279.25,7284.75,32801
2026-05-05 23:15:00,7284.75,7285.75,7280.25,7284.25,26761
2026-05-05 23:30:00,7284.25,7284.75,7278.5,7280.75,24795
2026-05-05 23:45:00,7280.5,7283.5,7278.75,7279.5,21201
2026-05-06 00:00:00,7279.75,7285.25,7279.25,7284.0,16328
2026-05-06 00:15:00,7284.25,7288.0,7279.0,7285.25,24130
2026-05-06 00:30:00,7285.25,7286.0,7281.75,7283.5,16813
2026-05-06 00:45:00,7283.75,7286.75,7282.75,7284.0,12547
2026-05-06 01:00:00,7284.0,7285.0,7280.25,7281.75,14703
2026-05-06 01:15:00,7282.0,7288.0,7281.75,7287.75,16729
2026-05-06 01:30:00,7287.75,7289.5,7286.25,7287.5,15138
2026-05-06 01:45:00,7287.75,7291.5,7287.75,7289.25,15247
2026-05-06 02:00:00,7289.25,7295.75,7289.0,7295.5,19228
2026-05-06 02:15:00,7295.5,7296.25,7293.5,7293.75,15960
2026-05-06 02:30:00,7294.0,7294.5,7290.25,7291.75,15335
2026-05-06 02:45:00,7291.75,7294.0,7290.5,7292.75,14580
2026-05-06 03:00:00,7292.75,7299.5,7292.25,7296.75,23325
2026-05-06 03:15:00,7296.75,7299.75,7294.75,7296.5,24053
2026-05-06 03:30:00,7296.5,7298.5,7294.0,7297.0,22229
2026-05-06 03:45:00,7297.0,7297.5,7282.5,7287.0,123720
2026-05-06 04:00:00,7286.75,7290.75,7286.0,7290.25,26041
2026-05-06 04:15:00,7290.25,7304.25,7284.75,7302.0,19123
2026-05-06 04:30:00,7302.0,7302.0,7295.5,7295.5,8165
2026-05-06 04:45:00,7295.5,7297.5,7292.75,7295.5,4728
2026-05-06 06:00:00,7300.5,7301.25,7294.0,7294.75,1706
2026-05-06 06:15:00,7295.0,7296.75,7293.5,7296.25,1380
2026-05-06 06:30:00,7296.5,7300.0,7296.0,7299.0,1775
2026-05-06 06:45:00,7299.0,7320.0,7298.5,7316.75,16417
2026-05-06 07:00:00,7316.75,7319.0,7312.25,7318.75,4976
2026-05-06 07:15:00,7319.0,7319.25,7313.5,7313.75,3097
2026-05-06 07:30:00,7313.75,7316.5,7313.75,7313.75,2031
2026-05-06 07:45:00,7314.0,7315.5,7313.5,7314.25,1360
2026-05-06 08:00:00,7314.25,7316.0,7307.75,7308.5,5331
2026-05-06 08:15:00,7308.5,7308.5,7301.0,7301.5,5013
2026-05-06 08:30:00,7301.25,7305.0,7300.75,7302.75,2803
2026-05-06 08:45:00,7302.75,7304.0,7299.25,7303.5,2485
2026-05-06 09:00:00,7303.25,7307.5,7302.75,7306.5,2424
2026-05-06 09:15:00,7306.75,7308.5,7304.75,7305.5,2029
2026-05-06 09:30:00,7305.5,7308.25,7303.75,7308.0,1923
2026-05-06 09:45:00,7308.0,7310.25,7305.5,7307.75,2031
2026-05-06 10:00:00,7307.75,7308.25,7304.0,7306.5,1997
2026-05-06 10:15:00,7306.5,7308.25,7303.75,7304.25,1526
2026-05-06 10:30:00,7304.0,7305.5,7302.5,7303.75,1614
2026-05-06 10:45:00,7303.5,7305.25,7303.25,7304.25,1070
2026-05-06 11:00:00,7304.25,7307.25,7303.25,7306.5,1554
2026-05-06 11:15:00,7306.5,7308.5,7305.25,7308.0,1404
2026-05-06 11:30:00,7308.25,7311.0,7308.0,7309.0,1381
2026-05-06 11:45:00,7309.0,7309.25,7306.75,7307.75,915
2026-05-06 12:00:00,7308.25,7308.5,7306.75,7308.0,942
2026-05-06 12:15:00,7308.0,7310.0,7307.5,7309.0,941
2026-05-06 12:30:00,7309.25,7310.0,7306.5,7308.0,1479
2026-05-06 12:45:00,7308.25,7310.25,7308.0,7308.75,1200
2026-05-06 13:00:00,7308.5,7310.5,7307.25,7309.25,1298
2026-05-06 13:15:00,7309.0,7310.0,7307.0,7309.0,1489
2026-05-06 13:30:00,7309.25,7309.5,7307.25,7308.5,1441
2026-05-06 13:45:00,7308.75,7312.75,7308.75,7311.5,1855
2026-05-06 14:00:00,7311.5,7314.75,7309.25,7310.25,3502
2026-05-06 14:15:00,7310.25,7311.25,7308.25,7309.25,2233
2026-05-06 14:30:00,7309.5,7311.0,7303.75,7308.5,5637
2026-05-06 14:45:00,7308.5,7309.75,7306.0,7309.75,2041
2026-05-06 15:00:00,7309.75,7311.5,7306.75,7307.5,5981
2026-05-06 15:15:00,7307.25,7309.75,7307.0,7308.75,3147
2026-05-06 15:30:00,7308.75,7309.25,7306.5,7308.75,2709
2026-05-06 15:45:00,7308.75,7311.75,7308.0,7310.75,4249
2026-05-06 16:00:00,7311.0,7312.25,7307.75,7308.75,7216
2026-05-06 16:15:00,7308.5,7308.75,7305.5,7306.75,3277
2026-05-06 16:30:00,7307.0,7310.75,7306.25,7309.75,3466
2026-05-06 16:45:00,7310.0,7343.25,7309.75,7335.25,34284
2026-05-06 17:00:00,7335.25,7339.75,7323.0,7329.75,11075
2026-05-06 17:15:00,7330.0,7336.25,7329.5,7333.0,8184
2026-05-06 17:30:00,7332.75,7341.75,7331.25,7340.0,10035
2026-05-06 17:45:00,7340.0,7343.0,7336.75,7341.75,6438
2026-05-06 18:00:00,7341.75,7347.75,7340.5,7342.25,9182
2026-05-06 18:15:00,7342.25,7352.75,7341.75,7350.5,11268
2026-05-06 18:30:00,7350.5,7358.5,7350.0,7357.25,11702
2026-05-06 18:45:00,7357.25,7363.75,7351.25,7358.0,17605
2026-05-06 19:00:00,7357.75,7366.25,7355.5,7362.0,13873
2026-05-06 19:15:00,7361.75,7363.75,7356.0,7356.5,10566
2026-05-06 19:30:00,7356.75,7360.75,7350.0,7350.25,16592
2026-05-06 19:45:00,7350.5,7352.0,7345.0,7348.0,15654
2026-05-06 20:00:00,7348.25,7348.75,7331.75,7333.5,19767
2026-05-06 20:15:00,7333.5,7345.75,7326.5,7343.0,15755
2026-05-06 20:30:00,7343.0,7344.25,7338.75,7340.0,10236
2026-05-06 20:45:00,7340.25,7342.75,7334.75,7338.5,7966
2026-05-06 21:00:00,7338.5,7339.25,7328.5,7334.75,21553
2026-05-06 21:15:00,7334.75,7338.0,7329.75,7331.25,17257
2026-05-06 21:30:00,7331.0,7345.0,7327.25,7340.75,79677
2026-05-06 21:45:00,7341.0,7347.5,7331.5,7346.0,66209
2026-05-06 22:00:00,7346.0,7352.0,7336.25,7350.25,68584
2026-05-06 22:15:00,7350.25,7356.5,7345.0,7350.0,59078
2026-05-06 22:30:00,7350.0,7369.5,7349.75,7368.25,65612
2026-05-06 22:45:00,7368.25,7372.0,7364.5,7371.25,49329
2026-05-06 23:00:00,7371.5,7375.0,7363.75,7367.0,51286
2026-05-06 23:15:00,7367.0,7373.5,7365.0,7370.0,38195
2026-05-06 23:30:00,7370.0,7371.0,7358.75,7362.75,50462
2026-05-06 23:45:00,7362.75,7368.5,7361.25,7365.75,30254
2026-05-07 00:00:00,7365.75,7369.25,7364.0,7368.5,20670
2026-05-07 00:15:00,7368.5,7369.75,7366.25,7367.0,15413
2026-05-07 00:30:00,7366.75,7367.75,7364.0,7365.25,14855
2026-05-07 00:45:00,7365.5,7365.75,7354.5,7359.0,36148
2026-05-07 01:00:00,7359.25,7366.75,7355.5,7364.5,24259
2026-05-07 01:15:00,7364.5,7367.75,7363.0,7366.0,14684
2026-05-07 01:30:00,7366.0,7368.75,7364.75,7368.25,13717
2026-05-07 01:45:00,7368.25,7371.0,7367.25,7371.0,11733
2026-05-07 02:00:00,7371.0,7375.5,7369.75,7374.5,27893
2026-05-07 02:15:00,7374.75,7381.75,7374.5,7380.0,30884
2026-05-07 02:30:00,7380.25,7384.5,7378.5,7379.75,23583
2026-05-07 02:45:00,7380.0,7381.25,7376.75,7379.25,24358
2026-05-07 03:00:00,7379.25,7388.0,7379.0,7387.5,31897
2026-05-07 03:15:00,7387.25,7390.0,7385.75,7388.5,30127
2026-05-07 03:30:00,7388.25,7390.0,7385.25,7386.75,29501
2026-05-07 03:45:00,7386.75,7395.75,7385.75,7387.0,157941
2026-05-07 04:00:00,7387.0,7395.75,7385.0,7394.0,52374
2026-05-07 04:15:00,7394.25,7394.75,7390.0,7392.75,7950
2026-05-07 04:30:00,7392.75,7393.0,7387.0,7387.75,5577
2026-05-07 04:45:00,7387.75,7387.75,7384.5,7386.75,6253
2026-05-07 06:00:00,7380.5,7383.75,7378.5,7380.5,1355
2026-05-07 06:15:00,7380.25,7382.75,7377.0,7377.5,1877
2026-05-07 06:30:00,7377.5,7380.0,7377.0,7379.75,1057
2026-05-07 06:45:00,7379.5,7380.25,7378.0,7378.75,829
2026-05-07 07:00:00,7378.75,7381.5,7378.0,7380.25,1034
2026-05-07 07:15:00,7380.25,7381.75,7378.75,7379.75,879
2026-05-07 07:30:00,7379.75,7380.5,7378.25,7380.0,777
2026-05-07 07:45:00,7380.0,7382.5,7377.5,7379.75,1959
2026-05-07 08:00:00,7379.75,7385.0,7378.75,7383.0,3244
2026-05-07 08:15:00,7383.0,7383.75,7378.5,7380.25,2710
2026-05-07 08:30:00,7380.25,7383.0,7379.25,7382.75,2270
2026-05-07 08:45:00,7382.75,7385.5,7382.0,7384.75,2168
2026-05-07 09:00:00,7384.75,7385.75,7381.0,7384.75,2729
2026-05-07 09:15:00,7384.75,7386.5,7384.5,7386.0,1336
2026-05-07 09:30:00,7385.75,7389.5,7385.75,7389.0,2095
2026-05-07 09:45:00,7389.0,7393.0,7388.75,7390.25,2525
2026-05-07 10:00:00,7390.25,7391.25,7383.25,7383.75,2609
2026-05-07 10:15:00,7383.5,7388.25,7383.5,7388.0,1962
2026-05-07 10:30:00,7388.25,7389.5,7385.5,7386.5,1439
2026-05-07 10:45:00,7386.25,7389.5,7386.25,7388.5,1133
2026-05-07 11:00:00,7388.5,7388.75,7386.75,7387.75,1116
2026-05-07 11:15:00,7387.75,7390.75,7387.0,7389.5,1522
2026-05-07 11:30:00,7389.5,7391.5,7389.5,7391.25,995
2026-05-07 11:45:00,7391.25,7392.0,7390.25,7390.75,987
2026-05-07 12:00:00,7391.0,7392.25,7390.75,7391.75,1348
2026-05-07 12:15:00,7391.75,7394.25,7391.75,7393.25,1308
2026-05-07 12:30:00,7393.5,7394.0,7391.75,7392.75,1048
2026-05-07 12:45:00,7392.75,7394.5,7392.0,7393.5,1296
2026-05-07 13:00:00,7393.25,7395.0,7392.25,7394.25,1665
2026-05-07 13:15:00,7394.25,7394.5,7392.0,7392.75,1108
2026-05-07 13:30:00,7392.75,7395.75,7392.75,7394.75,1979
2026-05-07 13:45:00,7394.75,7395.25,7393.5,7394.0,1234
2026-05-07 14:00:00,7393.75,7395.75,7390.75,7390.75,2397
2026-05-07 14:15:00,7390.75,7395.75,7390.25,7394.0,2295
2026-05-07 14:30:00,7394.0,7403.0,7393.0,7401.5,5046
2026-05-07 14:45:00,7401.25,7401.5,7396.75,7399.5,2594
2026-05-07 15:00:00,7399.25,7409.5,7395.5,7409.25,11823
2026-05-07 15:15:00,7409.5,7410.5,7400.0,7401.75,8544
2026-05-07 15:30:00,7402.0,7405.75,7401.25,7403.5,4584
2026-05-07 15:45:00,7403.5,7403.75,7399.0,7402.0,2673
2026-05-07 16:00:00,7402.0,7408.5,7400.25,7402.25,6242
2026-05-07 16:15:00,7402.25,7402.5,7394.25,7398.25,7178
2026-05-07 16:30:00,7398.25,7400.0,7396.0,7396.5,4496
2026-05-07 16:45:00,7396.25,7399.25,7393.75,7395.25,3681
2026-05-07 17:00:00,7395.25,7396.25,7392.25,7395.0,3566
2026-05-07 17:15:00,7395.25,7399.5,7395.25,7396.5,3861
2026-05-07 17:30:00,7396.5,7398.25,7395.25,7395.75,2725
2026-05-07 17:45:00,7395.75,7399.5,7392.0,7394.0,3780
2026-05-07 18:00:00,7393.75,7394.75,7389.75,7393.25,4276
2026-05-07 18:15:00,7393.25,7396.75,7391.5,7395.0,2619
2026-05-07 18:30:00,7395.25,7398.75,7393.75,7398.25,3852
2026-05-07 18:45:00,7398.0,7398.5,7394.75,7395.25,2501
2026-05-07 19:00:00,7395.5,7399.0,7395.25,7396.5,5003
2026-05-07 19:15:00,7396.5,7397.0,7393.0,7393.75,6175
2026-05-07 19:30:00,7393.75,7398.25,7392.75,7396.0,4684
2026-05-07 19:45:00,7396.0,7397.75,7393.25,7396.75,3531
2026-05-07 20:00:00,7396.5,7402.25,7395.25,7401.5,5373
2026-05-07 20:15:00,7401.5,7402.0,7396.75,7400.5,5235
2026-05-07 20:30:00,7400.5,7402.75,7398.75,7401.75,6429
2026-05-07 20:45:00,7402.0,7402.75,7398.5,7401.75,5779
2026-05-07 21:00:00,7402.0,7402.0,7395.75,7397.25,7799
2026-05-07 21:15:00,7397.5,7402.0,7397.5,7399.25,12493
2026-05-07 21:30:00,7399.25,7400.25,7390.0,7391.0,70516
2026-05-07 21:45:00,7391.0,7393.0,7383.75,7387.75,66820
2026-05-07 22:00:00,7387.75,7397.5,7387.25,7393.25,50585
2026-05-07 22:15:00,7393.25,7398.75,7389.0,7393.75,49493
2026-05-07 22:30:00,7394.0,7401.75,7393.0,7400.25,44242
2026-05-07 22:45:00,7400.25,7409.5,7398.25,7409.25,38101
2026-05-07 23:00:00,7409.5,7410.0,7400.25,7401.5,38611
2026-05-07 23:15:00,7401.5,7404.5,7391.25,7397.5,52496
2026-05-07 23:30:00,7397.5,7404.75,7396.75,7401.25,39061
2026-05-07 23:45:00,7401.0,7402.5,7386.0,7388.0,41379
2026-05-08 00:00:00,7388.0,7388.5,7374.25,7375.0,70361
2026-05-08 00:15:00,7375.0,7382.5,7365.75,7382.0,78802
2026-05-08 00:30:00,7381.75,7386.5,7373.25,7375.75,43756
2026-05-08 00:45:00,7375.75,7377.0,7364.0,7368.5,42890
2026-05-08 01:00:00,7368.5,7374.75,7364.75,7368.0,40646
2026-05-08 01:15:00,7368.0,7373.75,7345.75,7354.25,92342
2026-05-08 01:30:00,7354.5,7365.25,7350.0,7356.0,50799
2026-05-08 01:45:00,7355.75,7366.25,7349.5,7365.25,52986
2026-05-08 02:00:00,7365.25,7369.75,7358.75,7364.5,42143
2026-05-08 02:15:00,7364.75,7370.5,7359.75,7361.25,27326
2026-05-08 02:30:00,7361.0,7367.5,7347.5,7351.25,38899
2026-05-08 02:45:00,7351.25,7360.25,7345.5,7359.75,54061
2026-05-08 03:00:00,7359.75,7363.75,7355.0,7360.25,28707
2026-05-08 03:15:00,7360.5,7361.75,7348.5,7354.0,45516
2026-05-08 03:30:00,7353.75,7363.5,7352.5,7361.25,32269
2026-05-08 03:45:00,7361.5,7367.5,7354.75,7364.25,144933
2026-05-08 04:00:00,7364.25,7378.75,7355.0,7369.5,58331
2026-05-08 04:15:00,7369.5,7371.25,7366.5,7368.75,7280
2026-05-08 04:30:00,7368.75,7370.75,7352.0,7360.25,18244
2026-05-08 04:45:00,7360.0,7362.0,7351.25,7352.25,9619
2026-05-08 06:00:00,7340.0,7353.5,7336.25,7349.75,4205
2026-05-08 06:15:00,7349.75,7359.25,7347.5,7357.0,6374
2026-05-08 06:30:00,7357.25,7357.75,7345.75,7351.25,4790
2026-05-08 06:45:00,7351.5,7352.25,7347.5,7349.5,1288
2026-05-08 07:00:00,7349.5,7353.0,7348.25,7351.5,1646
2026-05-08 07:15:00,7351.75,7355.25,7351.25,7354.25,868
2026-05-08 07:30:00,7354.25,7356.5,7352.25,7356.5,1013
2026-05-08 07:45:00,7356.5,7363.0,7354.75,7362.75,2034
2026-05-08 08:00:00,7363.0,7372.75,7363.0,7370.5,5524
2026-05-08 08:15:00,7370.5,7370.5,7365.5,7367.5,3186
2026-05-08 08:30:00,7367.25,7371.75,7366.5,7371.0,2665
2026-05-08 08:45:00,7371.25,7373.25,7367.25,7372.75,2256
2026-05-08 09:00:00,7372.5,7378.25,7372.5,7377.0,3895
2026-05-08 09:15:00,7377.25,7379.25,7375.0,7377.0,2539
2026-05-08 09:30:00,7377.0,7378.25,7375.5,7377.5,2324
2026-05-08 09:45:00,7377.25,7380.5,7375.75,7376.25,2635
2026-05-08 10:00:00,7376.25,7377.5,7374.5,7376.25,2315
2026-05-08 10:15:00,7376.25,7376.5,7372.25,7375.25,2486
2026-05-08 10:30:00,7375.25,7376.25,7367.25,7373.25,3505
2026-05-08 10:45:00,7373.5,7379.5,7373.5,7374.75,1727
2026-05-08 11:00:00,7374.5,7376.75,7373.5,7375.5,914
2026-05-08 11:15:00,7375.5,7376.5,7374.0,7375.75,878
2026-05-08 11:30:00,7376.0,7379.5,7375.0,7376.5,1796
2026-05-08 11:45:00,7376.5,7379.25,7375.25,7378.25,1190
2026-05-08 12:00:00,7378.25,7379.5,7377.25,7377.5,982
2026-05-08 12:15:00,7377.5,7379.0,7375.5,7378.0,1218
2026-05-08 12:30:00,7378.0,7378.75,7375.25,7376.5,946
2026-05-08 12:45:00,7376.5,7382.5,7376.0,7379.25,1881
2026-05-08 13:00:00,7379.25,7381.5,7378.75,7380.25,1125
2026-05-08 13:15:00,7380.5,7382.0,7380.0,7381.75,1112
2026-05-08 13:30:00,7381.75,7385.5,7381.25,7383.5,3086
2026-05-08 13:45:00,7383.5,7384.25,7382.25,7382.75,1239
2026-05-08 14:00:00,7382.5,7386.75,7379.25,7385.0,2512
2026-05-08 14:15:00,7385.0,7388.75,7384.5,7387.5,2508
2026-05-08 14:30:00,7387.75,7388.25,7384.75,7387.0,2364
2026-05-08 14:45:00,7387.0,7388.75,7384.75,7388.0,1647
2026-05-08 15:00:00,7388.0,7388.25,7380.75,7381.75,5777
2026-05-08 15:15:00,7382.0,7386.25,7381.25,7385.0,3466
2026-05-08 15:30:00,7385.0,7386.0,7382.0,7384.75,2668
2026-05-08 15:45:00,7385.0,7388.5,7384.25,7387.25,2259
2026-05-08 16:00:00,7387.25,7392.75,7386.25,7389.75,4519
2026-05-08 16:15:00,7389.5,7393.75,7389.5,7392.5,3761
2026-05-08 16:30:00,7392.5,7393.5,7390.75,7391.75,2577
2026-05-08 16:45:00,7391.5,7394.5,7390.25,7393.75,2998
2026-05-08 17:00:00,7394.0,7399.75,7393.25,7399.25,4546
2026-05-08 17:15:00,7399.25,7402.25,7398.25,7399.75,4825
2026-05-08 17:30:00,7399.75,7399.75,7396.25,7396.5,4731
2026-05-08 17:45:00,7396.25,7396.5,7390.5,7394.5,5172
2026-05-08 18:00:00,7394.75,7397.25,7394.5,7395.5,2760
2026-05-08 18:15:00,7395.75,7398.25,7395.25,7396.25,2637
2026-05-08 18:30:00,7396.25,7399.75,7395.75,7398.0,2290
2026-05-08 18:45:00,7397.75,7397.75,7391.0,7396.25,5701
2026-05-08 19:00:00,7396.25,7400.0,7396.25,7399.25,5271
2026-05-08 19:15:00,7399.25,7400.25,7396.5,7399.75,3850
2026-05-08 19:30:00,7399.75,7401.25,7398.75,7399.75,2612
2026-05-08 19:45:00,7399.75,7402.0,7399.0,7399.75,3725
2026-05-08 20:00:00,7399.75,7401.5,7398.25,7399.0,5914
2026-05-08 20:15:00,7399.0,7401.5,7396.5,7401.0,5582
2026-05-08 20:30:00,7401.0,7412.5,7400.25,7408.25,19473
2026-05-08 20:45:00,7408.25,7408.25,7394.5,7398.25,12881
2026-05-08 21:00:00,7398.0,7400.75,7389.0,7392.75,17823
2026-05-08 21:15:00,7392.75,7397.25,7390.75,7396.0,13041
2026-05-08 21:30:00,7395.75,7401.25,7391.75,7399.5,67485
2026-05-08 21:45:00,7399.5,7413.75,7399.25,7413.5,51322
2026-05-08 22:00:00,7413.5,7416.0,7409.25,7415.25,58408
2026-05-08 22:15:00,7415.25,7422.75,7412.5,7415.25,51569
2026-05-08 22:30:00,7415.25,7418.75,7408.25,7418.5,42131
2026-05-08 22:45:00,7418.75,7422.0,7416.75,7417.75,31272
2026-05-08 23:00:00,7417.75,7420.75,7411.5,7412.75,33870
2026-05-08 23:15:00,7412.75,7416.75,7407.25,7416.0,34926
2026-05-08 23:30:00,7416.0,7420.5,7410.0,7414.5,40631
2026-05-08 23:45:00,7414.5,7420.5,7413.25,7416.0,27192
2026-05-09 00:00:00,7415.75,7422.25,7415.5,7420.75,25497
2026-05-09 00:15:00,7420.75,7424.25,7419.0,7422.25,18062
2026-05-09 00:30:00,7422.5,7423.25,7415.0,7415.25,21667
2026-05-09 00:45:00,7415.25,7420.25,7415.0,7415.75,21285
2026-05-09 01:00:00,7415.75,7423.0,7414.75,7418.5,23997
2026-05-09 01:15:00,7418.5,7425.0,7418.5,7423.5,19663
2026-05-09 01:30:00,7423.5,7426.0,7419.5,7419.75,17247
2026-05-09 01:45:00,7419.75,7423.0,7417.5,7418.75,19186
2026-05-09 02:00:00,7418.75,7427.75,7418.5,7425.0,32020
2026-05-09 02:15:00,7424.75,7426.5,7423.25,7424.0,14399
2026-05-09 02:30:00,7424.25,7426.75,7419.0,7419.25,16846
2026-05-09 02:45:00,7419.25,7419.25,7407.5,7410.75,40741
2026-05-09 03:00:00,7410.5,7417.25,7410.0,7414.75,23572
2026-05-09 03:15:00,7414.75,7418.75,7412.75,7412.75,24204
2026-05-09 03:30:00,7413.0,7420.75,7411.5,7419.75,30856
2026-05-09 03:45:00,7419.75,7422.0,7417.0,7421.25,121912
2026-05-09 04:00:00,7421.25,7425.0,7418.5,7420.5,45538
2026-05-09 04:15:00,7420.5,7421.75,7417.25,7421.0,6735
2026-05-09 04:30:00,7420.75,7422.0,7419.5,7421.25,3332
2026-05-09 04:45:00,7421.0,7422.5,7419.0,7419.0,6528
2026-05-11 06:00:00,7399.5,7403.5,7398.75,7399.5,1033
2026-05-11 06:15:00,7399.5,7400.25,7390.5,7399.75,3697
2026-05-11 06:30:00,7399.5,7400.0,7395.25,7398.75,1538
2026-05-11 06:45:00,7398.75,7406.25,7398.5,7404.5,2561
2026-05-11 07:00:00,7404.25,7409.0,7403.25,7406.25,2776
2026-05-11 07:15:00,7406.25,7409.0,7403.25,7404.0,1580
2026-05-11 07:30:00,7404.0,7405.0,7402.0,7403.75,1664
2026-05-11 07:45:00,7404.0,7405.5,7401.25,7402.75,1922
2026-05-11 08:00:00,7402.75,7408.75,7402.5,7408.25,3734
2026-05-11 08:15:00,7408.0,7412.0,7405.25,7410.25,3100
2026-05-11 08:30:00,7410.5,7412.75,7410.25,7411.25,3129
2026-05-11 08:45:00,7411.0,7411.5,7397.0,7402.25,6869
2026-05-11 09:00:00,7402.25,7405.5,7398.0,7404.5,5364
2026-05-11 09:15:00,7404.75,7410.25,7403.25,7408.5,2792
2026-05-11 09:30:00,7408.5,7409.0,7405.75,7408.75,2185
2026-05-11 09:45:00,7408.75,7411.25,7407.75,7411.0,2056
2026-05-11 10:00:00,7411.0,7413.0,7409.5,7411.75,2399
2026-05-11 10:15:00,7411.5,7413.75,7410.0,7413.25,1385
2026-05-11 10:30:00,7413.25,7414.5,7410.25,7412.75,1678
2026-05-11 10:45:00,7412.75,7413.5,7411.0,7411.25,1132
2026-05-11 11:00:00,7411.25,7411.25,7407.5,7410.5,2165
2026-05-11 11:15:00,7410.5,7413.25,7409.0,7413.0,1519
2026-05-11 11:30:00,7413.0,7415.5,7412.0,7414.75,1800
2026-05-11 11:45:00,7414.75,7414.75,7411.0,7411.5,1140
2026-05-11 12:00:00,7411.25,7411.5,7406.75,7409.75,1565
2026-05-11 12:15:00,7410.0,7412.75,7410.0,7411.5,1195
2026-05-11 12:30:00,7411.75,7412.5,7411.0,7411.5,748
2026-05-11 12:45:00,7411.25,7413.25,7410.75,7412.75,695
2026-05-11 13:00:00,7413.0,7413.75,7411.75,7412.75,973
2026-05-11 13:15:00,7412.75,7415.0,7412.0,7413.75,1548
2026-05-11 13:30:00,7413.75,7415.0,7410.5,7410.75,1412
2026-05-11 13:45:00,7410.75,7412.75,7410.25,7410.5,1579
2026-05-11 14:00:00,7410.5,7414.75,7410.5,7413.5,1798
2026-05-11 14:15:00,7413.5,7416.25,7411.5,7415.0,1939
2026-05-11 14:30:00,7414.75,7415.25,7410.0,7411.25,1970
2026-05-11 14:45:00,7411.25,7413.75,7409.5,7413.0,2612
2026-05-11 15:00:00,7413.0,7413.75,7410.0,7410.75,4022
2026-05-11 15:15:00,7410.75,7413.25,7410.0,7412.0,2332
2026-05-11 15:30:00,7412.0,7415.0,7410.0,7412.0,3761
2026-05-11 15:45:00,7412.0,7414.25,7411.75,7414.25,1553
2026-05-11 16:00:00,7414.25,7416.75,7410.0,7412.5,6216
2026-05-11 16:15:00,7412.5,7417.75,7412.25,7412.25,3448
2026-05-11 16:30:00,7412.5,7415.0,7412.0,7414.5,2661
2026-05-11 16:45:00,7414.5,7416.25,7414.0,7414.0,2034
2026-05-11 17:00:00,7413.75,7417.75,7413.0,7414.75,3997
2026-05-11 17:15:00,7414.75,7418.25,7414.25,7416.5,2293
2026-05-11 17:30:00,7416.5,7419.25,7416.5,7419.25,2524
2026-05-11 17:45:00,7419.25,7420.75,7414.75,7415.0,5088
2026-05-11 18:00:00,7414.75,7416.75,7414.0,7415.75,2573
2026-05-11 18:15:00,7415.5,7416.5,7414.25,7415.0,2001
2026-05-11 18:30:00,7415.0,7415.25,7411.0,7413.75,3148
2026-05-11 18:45:00,7413.75,7414.0,7411.25,7412.25,1999
2026-05-11 19:00:00,7412.25,7415.75,7412.0,7414.0,4506
2026-05-11 19:15:00,7413.75,7417.75,7413.0,7417.25,3171
2026-05-11 19:30:00,7417.25,7420.25,7415.0,7415.25,5052
2026-05-11 19:45:00,7415.5,7415.5,7410.75,7414.0,4370
2026-05-11 20:00:00,7414.0,7415.75,7408.5,7410.25,9578
2026-05-11 20:15:00,7410.25,7412.25,7408.25,7411.75,5400
2026-05-11 20:30:00,7411.5,7414.5,7408.75,7409.0,6305
2026-05-11 20:45:00,7408.75,7411.0,7402.5,7408.75,10693
2026-05-11 21:00:00,7408.75,7412.75,7406.75,7412.25,7053
2026-05-11 21:15:00,7412.25,7414.0,7409.0,7410.25,9056
2026-05-11 21:30:00,7410.0,7429.5,7410.0,7429.5,75420
2026-05-11 21:45:00,7429.5,7437.25,7429.0,7432.75,57281
2026-05-11 22:00:00,7432.5,7436.5,7430.5,7436.5,33612
2026-05-11 22:15:00,7436.5,7442.0,7430.25,7430.25,47705
2026-05-11 22:30:00,7430.25,7437.0,7421.5,7435.75,63317
2026-05-11 22:45:00,7435.75,7445.75,7432.5,7443.0,45393
2026-05-11 23:00:00,7442.75,7443.75,7436.75,7437.5,25827
2026-05-11 23:15:00,7437.5,7447.25,7435.75,7447.0,26980
2026-05-11 23:30:00,7447.0,7448.25,7443.25,7444.75,33043
2026-05-11 23:45:00,7445.0,7449.75,7443.5,7448.5,27214
2026-05-12 00:00:00,7448.25,7449.25,7446.25,7447.25,15580
2026-05-12 00:15:00,7447.25,7450.5,7445.5,7449.5,19418
2026-05-12 00:30:00,7449.5,7450.5,7434.25,7442.75,42560
2026-05-12 00:45:00,7442.75,7445.25,7436.5,7439.5,28376
2026-05-12 01:00:00,7439.5,7442.75,7436.0,7436.75,18920
2026-05-12 01:15:00,7436.5,7444.75,7434.75,7444.0,25492
2026-05-12 01:30:00,7444.0,7453.0,7444.0,7452.5,24674
2026-05-12 01:45:00,7452.75,7454.75,7447.75,7448.0,19779
2026-05-12 02:00:00,7448.25,7452.75,7448.0,7449.75,15604
2026-05-12 02:15:00,7449.5,7451.5,7447.0,7449.5,17441
2026-05-12 02:30:00,7449.75,7449.75,7442.25,7443.75,20708
2026-05-12 02:45:00,7443.75,7444.0,7431.0,7431.25,32949
2026-05-12 03:00:00,7431.5,7438.0,7428.0,7434.0,42294
2026-05-12 03:15:00,7433.75,7434.25,7427.5,7431.25,30166
2026-05-12 03:30:00,7431.25,7435.0,7428.25,7428.5,31041
2026-05-12 03:45:00,7428.25,7439.0,7427.75,7438.75,104924
2026-05-12 04:00:00,7439.0,7440.25,7426.0,7434.5,39016
2026-05-12 04:15:00,7434.5,7435.5,7431.75,7434.5,4960
2026-05-12 04:30:00,7434.25,7436.75,7434.0,7435.75,3546
2026-05-12 04:45:00,7435.5,7436.75,7433.5,7435.0,3955
2026-05-12 06:00:00,7435.5,7440.75,7434.25,7440.5,723
2026-05-12 06:15:00,7440.25,7442.0,7439.75,7441.25,1067
2026-05-12 06:30:00,7441.25,7443.25,7441.25,7443.25,794
2026-05-12 06:45:00,7443.0,7443.75,7440.5,7441.0,820
2026-05-12 07:00:00,7441.25,7441.75,7440.25,7440.5,516
2026-05-12 07:15:00,7440.5,7441.5,7438.5,7441.5,920
2026-05-12 07:30:00,7441.25,7441.5,7439.5,7440.5,571
2026-05-12 07:45:00,7440.5,7440.5,7436.25,7438.75,1271
2026-05-12 08:00:00,7438.5,7438.75,7432.0,7433.0,2654
2026-05-12 08:15:00,7433.0,7434.75,7428.75,7431.75,2584
2026-05-12 08:30:00,7431.75,7434.25,7429.25,7430.25,2307
2026-05-12 08:45:00,7430.25,7432.0,7429.5,7429.75,1389
2026-05-12 09:00:00,7429.75,7432.0,7429.0,7430.0,1654
2026-05-12 09:15:00,7430.0,7430.0,7423.0,7424.75,4747
2026-05-12 09:30:00,7424.25,7425.25,7411.25,7416.5,9004
2026-05-12 09:45:00,7416.5,7422.0,7416.0,7419.0,4402
2026-05-12 10:00:00,7419.25,7429.0,7417.75,7427.75,3800
2026-05-12 10:15:00,7428.0,7428.25,7423.5,7426.0,2701
2026-05-12 10:30:00,7425.75,7426.75,7423.25,7424.75,1471
2026-05-12 10:45:00,7425.0,7430.75,7425.0,7429.25,1962
2026-05-12 11:00:00,7429.25,7430.25,7425.0,7427.25,1123
2026-05-12 11:15:00,7427.25,7427.5,7425.75,7427.0,814
2026-05-12 11:30:00,7427.0,7429.75,7427.0,7428.5,738
2026-05-12 11:45:00,7428.5,7429.0,7424.25,7425.25,1697
2026-05-12 12:00:00,7427.5,7427.5,7424.5,7425.25,1228
2026-05-12 12:15:00,7425.0,7427.5,7425.0,7426.0,1154
2026-05-12 12:30:00,7426.0,7427.5,7425.25,7427.0,858
2026-05-12 12:45:00,7427.25,7427.5,7420.75,7420.75,1962
2026-05-12 13:00:00,7420.75,7423.5,7419.25,7420.25,1525
2026-05-12 13:15:00,7420.25,7424.0,7418.5,7423.0,1587
2026-05-12 13:30:00,7422.75,7423.25,7419.0,7420.0,1613
2026-05-12 13:45:00,7420.0,7424.0,7420.0,7421.5,1338
2026-05-12 14:00:00,7421.5,7422.75,7417.75,7419.75,2567
2026-05-12 14:15:00,7419.75,7420.75,7415.0,7415.75,2493
2026-05-12 14:30:00,7416.0,7416.75,7412.0,7413.75,2679
2026-05-12 14:45:00,7413.75,7415.0,7408.25,7408.75,3642
2026-05-12 15:00:00,7409.0,7410.5,7402.25,7409.75,8474
2026-05-12 15:15:00,7409.75,7416.25,7409.5,7412.75,4596
2026-05-12 15:30:00,7413.0,7417.25,7412.5,7415.0,2697
2026-05-12 15:45:00,7415.0,7417.25,7413.5,7416.0,2761
2026-05-12 16:00:00,7416.0,7416.75,7407.5,7407.5,6154
2026-05-12 16:15:00,7407.5,7411.25,7405.5,7410.25,3908
2026-05-12 16:30:00,7410.5,7411.25,7406.25,7407.0,2957
2026-05-12 16:45:00,7407.0,7409.5,7405.75,7409.5,2606
2026-05-12 17:00:00,7409.5,7411.25,7403.25,7408.5,3540
2026-05-12 17:15:00,7408.5,7411.5,7406.25,7409.5,2362
2026-05-12 17:30:00,7409.5,7416.5,7409.5,7410.25,5831
2026-05-12 17:45:00,7410.25,7413.25,7409.25,7411.5,1985
2026-05-12 18:00:00,7411.5,7416.0,7411.5,7415.25,2198
2026-05-12 18:15:00,7415.0,7415.25,7410.0,7412.5,2823
2026-05-12 18:30:00,7412.5,7413.0,7407.75,7409.75,2666
2026-05-12 18:45:00,7409.5,7412.0,7406.75,7412.0,3063
2026-05-12 19:00:00,7411.75,7413.75,7402.0,7405.25,9032
2026-05-12 19:15:00,7405.25,7406.5,7402.75,7406.0,3554
2026-05-12 19:30:00,7406.25,7412.0,7405.5,7409.0,3606
2026-05-12 19:45:00,7409.25,7411.25,7407.75,7407.75,2912
2026-05-12 20:00:00,7407.75,7408.25,7402.0,7407.5,5401
2026-05-12 20:15:00,7407.25,7407.75,7402.75,7407.5,4740
2026-05-12 20:30:00,7407.5,7416.5,7398.75,7414.25,19712
2026-05-12 20:45:00,7414.5,7420.75,7414.0,7419.5,9511
2026-05-12 21:00:00,7419.5,7421.25,7415.75,7418.5,9178
2026-05-12 21:15:00,7418.5,7418.5,7412.75,7414.0,12048
2026-05-12 21:30:00,7414.0,7417.5,7400.25,7412.25,85799
2026-05-12 21:45:00,7412.5,7414.0,7393.5,7396.25,77730
2026-05-12 22:00:00,7396.0,7406.5,7391.5,7406.0,72353
2026-05-12 22:15:00,7406.25,7408.75,7390.5,7394.25,56066
2026-05-12 22:30:00,7394.25,7397.0,7380.0,7391.25,82284
2026-05-12 22:45:00,7391.25,7391.5,7381.75,7383.0,49213
2026-05-12 23:00:00,7383.0,7385.5,7376.75,7377.25,51136
2026-05-12 23:15:00,7377.25,7377.5,7363.25,7368.25,67290
2026-05-12 23:30:00,7368.25,7380.75,7366.0,7380.25,49663
2026-05-12 23:45:00,7380.5,7382.75,7368.75,7369.75,37008
2026-05-13 00:00:00,7370.0,7380.0,7366.25,7378.5,37306
2026-05-13 00:15:00,7378.5,7379.25,7370.75,7372.5,23986
2026-05-13 00:30:00,7372.5,7375.5,7367.0,7369.5,29117
2026-05-13 00:45:00,7369.25,7371.0,7363.5,7366.25,30011
2026-05-13 01:00:00,7366.25,7379.25,7365.25,7378.5,33936
2026-05-13 01:15:00,7378.25,7395.75,7378.25,7388.75,47307
2026-05-13 01:30:00,7388.75,7395.25,7386.75,7393.0,35767
2026-05-13 01:45:00,7393.25,7397.25,7389.0,7396.0,31013
2026-05-13 02:00:00,7396.0,7397.75,7391.75,7395.75,34013
2026-05-13 02:15:00,7395.75,7410.0,7395.25,7407.0,46833
2026-05-13 02:30:00,7407.0,7409.75,7403.5,7407.5,27535
2026-05-13 02:45:00,7407.5,7410.5,7402.75,7405.25,27444
2026-05-13 03:00:00,7405.25,7418.5,7404.75,7416.25,31140
2026-05-13 03:15:00,7416.5,7419.5,7410.5,7416.0,27520
2026-05-13 03:30:00,7416.0,7425.75,7415.75,7425.0,35935
2026-05-13 03:45:00,7424.75,7433.75,7422.5,7428.0,152062
2026-05-13 04:00:00,7428.25,7428.75,7415.75,7420.0,41486
2026-05-13 04:15:00,7420.0,7422.0,7416.5,7419.5,6222
2026-05-13 04:30:00,7419.25,7421.0,7416.0,7419.75,4259
2026-05-13 04:45:00,7419.75,7422.25,7419.5,7420.5,4602
2026-05-13 06:00:00,7419.25,7425.0,7419.25,7423.0,660
2026-05-13 06:15:00,7422.75,7427.5,7422.75,7425.5,1913
2026-05-13 06:30:00,7425.5,7426.75,7424.5,7424.75,779
2026-05-13 06:45:00,7424.75,7425.75,7421.5,7421.75,1128
2026-05-13 07:00:00,7421.75,7423.5,7418.0,7420.25,2039
2026-05-13 07:15:00,7420.5,7421.5,7418.75,7419.25,760
2026-05-13 07:30:00,7419.25,7419.5,7412.25,7413.0,1840
2026-05-13 07:45:00,7413.0,7416.25,7411.75,7412.0,1864
2026-05-13 08:00:00,7411.75,7416.5,7410.0,7412.5,3359
2026-05-13 08:15:00,7412.5,7423.25,7412.25,7417.25,3296
2026-05-13 08:30:00,7417.5,7421.75,7415.0,7419.75,2436
2026-05-13 08:45:00,7419.75,7421.25,7415.75,7420.5,1788
2026-05-13 09:00:00,7420.25,7425.75,7420.0,7425.0,2668
2026-05-13 09:15:00,7424.75,7427.0,7421.75,7426.75,2538
2026-05-13 09:30:00,7426.75,7429.75,7424.75,7429.25,2229
2026-05-13 09:45:00,7429.5,7436.5,7428.5,7429.0,4673
2026-05-13 10:00:00,7428.75,7431.0,7425.25,7427.75,2833
2026-05-13 10:15:00,7427.75,7431.5,7427.0,7431.0,1861
2026-05-13 10:30:00,7431.0,7432.0,7429.0,7429.5,1052
2026-05-13 10:45:00,7429.75,7430.5,7428.25,7429.25,1051
2026-05-13 11:00:00,7429.0,7429.75,7425.5,7426.0,2129
2026-05-13 11:15:00,7426.0,7430.75,7425.75,7430.75,1335
2026-05-13 11:30:00,7431.0,7436.0,7431.0,7435.5,1422
2026-05-13 11:45:00,7435.25,7435.5,7433.0,7434.75,1124
2026-05-13 12:00:00,7434.75,7435.0,7433.75,7434.75,806
2026-05-13 12:15:00,7435.0,7436.75,7434.25,7435.75,1016
2026-05-13 12:30:00,7435.75,7437.5,7433.0,7435.75,1517
2026-05-13 12:45:00,7436.0,7438.5,7435.75,7437.25,1371
2026-05-13 13:00:00,7437.25,7441.0,7435.5,7439.0,2817
2026-05-13 13:15:00,7439.0,7441.75,7437.75,7440.0,1996
2026-05-13 13:30:00,7440.25,7441.25,7438.0,7439.0,1932
2026-05-13 13:45:00,7439.0,7439.75,7438.0,7439.25,994
2026-05-13 14:00:00,7439.5,7441.5,7438.5,7441.5,1852
2026-05-13 14:15:00,7441.5,7443.5,7438.25,7439.0,3537
2026-05-13 14:30:00,7438.75,7440.0,7437.75,7438.25,1823
2026-05-13 14:45:00,7438.25,7438.25,7434.25,7437.25,1892
2026-05-13 15:00:00,7437.5,7439.0,7434.25,7437.0,3181
2026-05-13 15:15:00,7437.0,7438.25,7436.0,7438.0,1661
2026-05-13 15:30:00,7437.75,7444.75,7437.0,7444.0,3576
2026-05-13 15:45:00,7444.25,7446.5,7442.75,7445.0,4243
2026-05-13 16:00:00,7445.25,7451.75,7444.0,7451.5,6414
2026-05-13 16:15:00,7451.5,7453.25,7450.75,7452.25,3931
2026-05-13 16:30:00,7452.5,7454.25,7451.5,7452.5,2969
2026-05-13 16:45:00,7452.25,7452.5,7446.0,7447.5,3823
2026-05-13 17:00:00,7447.25,7447.5,7441.5,7442.0,4030
2026-05-13 17:15:00,7442.0,7443.75,7440.25,7441.25,3194
2026-05-13 17:30:00,7441.25,7445.75,7439.5,7445.5,3144
2026-05-13 17:45:00,7445.5,7447.5,7443.75,7447.0,1660
2026-05-13 18:00:00,7447.25,7449.0,7441.75,7443.5,2751
2026-05-13 18:15:00,7443.75,7446.0,7441.75,7442.5,3012
2026-05-13 18:30:00,7442.75,7444.0,7439.25,7443.75,2687
2026-05-13 18:45:00,7443.75,7445.0,7441.25,7442.75,2107
2026-05-13 19:00:00,7442.5,7445.0,7438.75,7440.75,3360
2026-05-13 19:15:00,7440.75,7442.0,7438.5,7440.75,2884
2026-05-13 19:30:00,7440.75,7444.5,7439.75,7442.25,3554
2026-05-13 19:45:00,7442.0,7442.75,7440.0,7441.25,2936
2026-05-13 20:00:00,7441.25,7446.25,7440.5,7441.0,3747
2026-05-13 20:15:00,7440.75,7441.25,7432.25,7438.75,7847
2026-05-13 20:30:00,7438.5,7438.5,7416.5,7422.75,31504
2026-05-13 20:45:00,7422.75,7424.75,7418.0,7421.0,11954
2026-05-13 21:00:00,7421.25,7432.25,7421.25,7431.5,13259
2026-05-13 21:15:00,7431.25,7435.0,7428.5,7429.25,12567
2026-05-13 21:30:00,7429.25,7429.5,7409.5,7413.5,86381
2026-05-13 21:45:00,7413.5,7417.0,7399.0,7413.5,77631
2026-05-13 22:00:00,7413.25,7421.75,7412.25,7420.5,51389
2026-05-13 22:15:00,7420.25,7432.0,7416.0,7427.5,48971
2026-05-13 22:30:00,7427.5,7431.5,7422.0,7428.25,40088
2026-05-13 22:45:00,7428.5,7434.5,7425.25,7433.0,30602
2026-05-13 23:00:00,7433.0,7438.25,7431.25,7434.0,32945
2026-05-13 23:15:00,7434.0,7438.25,7433.75,7437.25,22484
2026-05-13 23:30:00,7437.25,7447.0,7434.0,7445.75,34858
2026-05-13 23:45:00,7445.75,7445.75,7440.0,7442.0,26639
2026-05-14 00:00:00,7442.0,7451.5,7439.75,7451.25,27865
2026-05-14 00:15:00,7451.25,7464.75,7449.5,7462.5,45783
2026-05-14 00:30:00,7462.25,7463.5,7458.75,7461.0,31229
2026-05-14 00:45:00,7461.0,7467.75,7459.0,7465.25,28390
2026-05-14 01:00:00,7465.5,7474.0,7465.5,7471.5,24398
2026-05-14 01:15:00,7471.5,7473.0,7467.75,7471.0,20545
2026-05-14 01:30:00,7470.75,7471.75,7466.5,7471.0,18337
2026-05-14 01:45:00,7471.0,7472.5,7466.0,7466.25,14889
2026-05-14 02:00:00,7466.25,7478.75,7465.75,7478.25,24515
2026-05-14 02:15:00,7478.25,7483.75,7478.25,7480.25,31023
2026-05-14 02:30:00,7480.25,7480.25,7473.25,7473.25,24579
2026-05-14 02:45:00,7473.5,7478.5,7470.75,7471.5,28454
2026-05-14 03:00:00,7471.5,7480.5,7471.25,7480.25,26664
2026-05-14 03:15:00,7480.5,7482.25,7475.0,7479.75,24169
2026-05-14 03:30:00,7479.75,7480.25,7475.0,7479.75,21863
2026-05-14 03:45:00,7479.75,7481.25,7467.75,7468.5,111051
2026-05-14 04:00:00,7468.5,7473.75,7466.5,7472.5,32401
2026-05-14 04:15:00,7472.5,7474.75,7472.0,7474.25,6509
2026-05-14 04:30:00,7474.0,7478.0,7474.0,7476.75,5142
2026-05-14 04:45:00,7476.5,7476.5,7474.75,7476.0,4052
2026-05-14 06:00:00,7477.5,7478.5,7472.5,7477.0,980
2026-05-14 06:15:00,7477.0,7479.25,7474.25,7475.75,1916
2026-05-14 06:30:00,7475.5,7478.25,7475.25,7478.25,611
2026-05-14 06:45:00,7478.0,7481.75,7477.75,7479.0,2092
2026-05-14 07:00:00,7479.0,7483.75,7478.75,7482.5,2556
2026-05-14 07:15:00,7482.25,7482.75,7479.25,7479.5,970
2026-05-14 07:30:00,7479.5,7480.5,7477.0,7478.5,985
2026-05-14 07:45:00,7478.5,7481.0,7477.25,7480.5,1038
2026-05-14 08:00:00,7480.25,7481.25,7475.5,7481.0,2267
2026-05-14 08:15:00,7481.25,7485.25,7480.0,7484.25,2659
2026-05-14 08:30:00,7484.5,7488.75,7484.5,7486.5,3485
2026-05-14 08:45:00,7486.25,7489.0,7485.75,7487.75,1807
2026-05-14 09:00:00,7487.75,7487.75,7484.5,7485.25,1590
2026-05-14 09:15:00,7485.25,7486.5,7482.5,7486.25,2084
2026-05-14 09:30:00,7486.25,7487.0,7481.0,7482.75,1570
2026-05-14 09:45:00,7482.5,7482.5,7477.75,7478.75,2662
2026-05-14 10:00:00,7478.5,7481.75,7477.5,7480.0,1574
2026-05-14 10:15:00,7480.0,7482.25,7479.0,7481.75,2318
2026-05-14 10:30:00,7481.5,7484.0,7481.0,7482.75,1030
2026-05-14 10:45:00,7482.75,7482.75,7476.5,7478.5,1909
2026-05-14 11:00:00,7478.5,7482.5,7477.5,7481.25,1197
2026-05-14 11:15:00,7481.25,7482.75,7477.25,7480.25,1643
2026-05-14 11:30:00,7480.25,7480.5,7473.75,7475.0,1870
2026-05-14 11:45:00,7475.0,7476.0,7471.75,7472.25,1720
2026-05-14 12:00:00,7473.5,7475.25,7473.5,7474.75,1788
2026-05-14 12:15:00,7475.0,7478.25,7474.0,7477.5,930
2026-05-14 12:30:00,7477.5,7480.25,7477.5,7479.0,1003
2026-05-14 12:45:00,7479.0,7481.75,7476.5,7477.5,1382
2026-05-14 13:00:00,7477.5,7479.5,7476.0,7476.25,1178
2026-05-14 13:15:00,7476.25,7477.75,7473.25,7476.75,1428
2026-05-14 13:30:00,7477.0,7478.75,7474.75,7476.75,1391
2026-05-14 13:45:00,7477.0,7486.75,7477.0,7483.0,4399
2026-05-14 14:00:00,7483.25,7489.5,7483.0,7487.0,2794
2026-05-14 14:15:00,7487.0,7489.25,7485.5,7486.75,2176
2026-05-14 14:30:00,7486.75,7489.25,7486.5,7488.25,2143
2026-05-14 14:45:00,7488.25,7489.0,7484.75,7485.0,2425
2026-05-14 15:00:00,7485.0,7486.75,7481.5,7483.5,3238
2026-05-14 15:15:00,7483.25,7485.25,7483.0,7484.5,1471
2026-05-14 15:30:00,7484.5,7489.0,7484.25,7486.75,2521
2026-05-14 15:45:00,7487.0,7488.5,7478.25,7479.25,2728
2026-05-14 16:00:00,7479.5,7486.5,7478.0,7486.5,3920
2026-05-14 16:15:00,7486.5,7491.75,7486.25,7488.25,5468
2026-05-14 16:30:00,7488.0,7491.25,7482.75,7483.5,3885
2026-05-14 16:45:00,7483.75,7488.25,7482.25,7487.75,2134
2026-05-14 17:00:00,7488.0,7490.0,7483.0,7485.5,4846
2026-05-14 17:15:00,7485.25,7486.0,7482.25,7483.0,1506
2026-05-14 17:30:00,7483.0,7484.5,7475.25,7480.75,4246
2026-05-14 17:45:00,7480.75,7486.75,7479.75,7485.0,2425
2026-05-14 18:00:00,7485.0,7496.25,7484.75,7489.0,8129
2026-05-14 18:15:00,7489.25,7494.0,7488.0,7489.25,4000
2026-05-14 18:30:00,7489.25,7490.25,7483.25,7485.25,2431
2026-05-14 18:45:00,7485.5,7492.75,7484.0,7488.5,4048
2026-05-14 19:00:00,7488.25,7495.0,7487.75,7493.25,3346
2026-05-14 19:15:00,7493.25,7494.0,7485.0,7486.75,3386
2026-05-14 19:30:00,7486.75,7490.75,7486.75,7490.25,2376
2026-05-14 19:45:00,7490.25,7494.75,7490.25,7491.0,3949
2026-05-14 20:00:00,7491.0,7496.75,7491.0,7494.0,4400
2026-05-14 20:15:00,7494.0,7499.25,7493.75,7496.5,7088
2026-05-14 20:30:00,7496.5,7497.0,7492.25,7492.25,5473
2026-05-14 20:45:00,7492.25,7492.5,7486.0,7489.75,6257
2026-05-14 21:00:00,7489.5,7489.5,7482.0,7485.0,9749
2026-05-14 21:15:00,7484.75,7487.25,7480.5,7481.0,10016
2026-05-14 21:30:00,7481.0,7500.5,7479.75,7498.25,74362
2026-05-14 21:45:00,7498.25,7503.25,7485.75,7488.5,68643
2026-05-14 22:00:00,7488.5,7500.75,7486.75,7499.25,48278
2026-05-14 22:15:00,7499.25,7508.0,7498.75,7503.75,45894
2026-05-14 22:30:00,7503.75,7514.75,7501.5,7514.5,40968
2026-05-14 22:45:00,7514.5,7520.0,7514.5,7516.5,50388
2026-05-14 23:00:00,7516.5,7525.0,7515.75,7525.0,36978
2026-05-14 23:15:00,7525.0,7533.0,7525.0,7530.0,42387
2026-05-14 23:30:00,7529.75,7533.0,7526.75,7532.25,35392
2026-05-14 23:45:00,7532.25,7537.5,7530.5,7537.25,32064
2026-05-15 00:00:00,7537.0,7540.0,7533.75,7534.25,33676
2026-05-15 00:15:00,7534.0,7538.0,7522.75,7524.25,43334
2026-05-15 00:30:00,7524.5,7527.75,7518.0,7522.75,47038
2026-05-15 00:45:00,7522.75,7526.75,7515.75,7522.75,40582
2026-05-15 01:00:00,7522.5,7527.5,7513.75,7515.0,33350
2026-05-15 01:15:00,7515.0,7516.25,7507.0,7513.5,50086
2026-05-15 01:30:00,7513.5,7523.75,7511.0,7521.5,31834
2026-05-15 01:45:00,7521.75,7527.0,7521.0,7521.5,23518
2026-05-15 02:00:00,7521.5,7522.75,7511.0,7522.75,40527
2026-05-15 02:15:00,7522.5,7527.5,7518.0,7519.75,28270
2026-05-15 02:30:00,7520.0,7525.25,7517.75,7521.75,19098
2026-05-15 02:45:00,7522.0,7528.0,7519.5,7527.5,23325
2026-05-15 03:00:00,7527.5,7531.25,7526.0,7528.5,25439
2026-05-15 03:15:00,7528.25,7530.75,7524.25,7525.0,22701
2026-05-15 03:30:00,7525.25,7531.25,7524.0,7529.75,24985
2026-05-15 03:45:00,7529.5,7530.5,7522.5,7526.0,106816
2026-05-15 04:00:00,7526.0,7530.0,7525.75,7527.0,33519
2026-05-15 04:15:00,7526.75,7527.25,7518.5,7519.75,11322
2026-05-15 04:30:00,7519.5,7521.75,7518.25,7520.0,4125
2026-05-15 04:45:00,7520.0,7524.0,7520.0,7523.0,4501
2026-05-15 06:00:00,7522.25,7527.0,7521.25,7523.5,1180
2026-05-15 06:15:00,7523.5,7524.0,7520.5,7524.0,1183
2026-05-15 06:30:00,7523.75,7525.5,7523.5,7524.5,868
2026-05-15 06:45:00,7524.5,7526.25,7523.75,7524.0,951
2026-05-15 07:00:00,7524.25,7526.5,7524.25,7526.25,597
2026-05-15 07:15:00,7526.25,7527.0,7524.0,7526.75,699
2026-05-15 07:30:00,7526.75,7528.25,7526.5,7526.5,741
2026-05-15 07:45:00,7526.5,7526.5,7519.25,7521.0,2235
2026-05-15 08:00:00,7520.75,7522.75,7517.0,7522.5,3184
2026-05-15 08:15:00,7522.5,7526.5,7522.25,7525.5,1994
2026-05-15 08:30:00,7525.75,7525.75,7512.75,7517.25,3509
2026-05-15 08:45:00,7517.0,7519.5,7514.75,7519.0,1904
2026-05-15 09:00:00,7518.75,7520.0,7512.75,7514.25,2413
2026-05-15 09:15:00,7514.25,7515.25,7503.5,7504.5,5679
2026-05-15 09:30:00,7504.5,7508.0,7498.0,7504.75,7321
2026-05-15 09:45:00,7504.5,7504.75,7494.25,7495.25,6676
2026-05-15 10:00:00,7495.25,7500.25,7493.75,7498.0,5194
2026-05-15 10:15:00,7497.75,7503.5,7496.5,7500.0,3424
2026-05-15 10:30:00,7500.0,7504.25,7497.25,7504.25,2639
2026-05-15 10:45:00,7504.0,7512.0,7502.25,7508.25,5316
2026-05-15 11:00:00,7508.0,7509.5,7505.25,7508.25,2562
2026-05-15 11:15:00,7508.25,7509.25,7506.5,7508.25,1251
2026-05-15 11:30:00,7508.0,7509.5,7501.25,7506.25,3837
2026-05-15 11:45:00,7506.0,7508.0,7503.75,7506.0,1529
2026-05-15 12:00:00,7502.25,7504.0,7499.5,7503.75,2313
2026-05-15 12:15:00,7503.75,7505.0,7499.75,7500.5,1600
2026-05-15 12:30:00,7500.0,7501.75,7496.75,7497.25,2872
2026-05-15 12:45:00,7497.5,7498.5,7492.25,7493.5,3848
2026-05-15 13:00:00,7493.75,7493.75,7486.0,7488.25,6149
2026-05-15 13:15:00,7488.25,7490.75,7486.0,7488.25,2733
2026-05-15 13:30:00,7488.75,7488.75,7476.75,7477.5,6814
2026-05-15 13:45:00,7477.5,7478.0,7466.0,7466.0,7424
2026-05-15 14:00:00,7466.25,7477.0,7463.25,7475.25,7367
2026-05-15 14:15:00,7475.5,7479.5,7463.0,7469.5,9161
2026-05-15 14:30:00,7469.75,7482.75,7468.25,7482.25,6944
2026-05-15 14:45:00,7482.25,7484.75,7478.25,7480.75,4477
2026-05-15 15:00:00,7480.5,7487.0,7478.75,7486.5,6443
2026-05-15 15:15:00,7486.5,7487.25,7481.5,7484.75,5095
2026-05-15 15:30:00,7484.75,7485.5,7473.25,7476.0,6142
2026-05-15 15:45:00,7475.75,7475.75,7472.0,7474.5,3367
2026-05-15 16:00:00,7474.75,7476.0,7460.25,7461.0,10650
2026-05-15 16:15:00,7461.25,7461.25,7440.75,7442.5,15580
2026-05-15 16:30:00,7442.5,7457.25,7435.75,7457.0,12708
2026-05-15 16:45:00,7457.0,7458.5,7448.0,7450.0,6134
2026-05-15 17:00:00,7450.0,7455.0,7445.75,7447.25,5490
2026-05-15 17:15:00,7447.25,7449.5,7439.75,7449.25,7148
2026-05-15 17:30:00,7449.25,7450.25,7441.75,7443.25,5567
2026-05-15 17:45:00,7443.25,7450.25,7436.25,7445.0,9800
2026-05-15 18:00:00,7445.5,7455.0,7441.5,7454.5,7079
2026-05-15 18:15:00,7454.5,7461.5,7451.5,7453.0,8396
2026-05-15 18:30:00,7453.0,7459.0,7449.25,7457.5,6553
2026-05-15 18:45:00,7457.5,7471.5,7455.75,7464.25,15955
2026-05-15 19:00:00,7464.25,7468.5,7456.5,7461.25,6867
2026-05-15 19:15:00,7461.5,7464.75,7456.75,7459.0,4773
2026-05-15 19:30:00,7459.25,7460.5,7449.5,7449.75,5554
2026-05-15 19:45:00,7449.75,7457.5,7446.0,7446.5,6905
2026-05-15 20:00:00,7446.5,7447.0,7432.25,7432.25,14291
2026-05-15 20:15:00,7432.5,7445.0,7431.0,7438.0,13389
2026-05-15 20:30:00,7438.25,7438.5,7429.75,7431.75,13501
2026-05-15 20:45:00,7431.5,7440.5,7431.0,7437.75,10030
2026-05-15 21:00:00,7438.0,7439.75,7432.5,7439.25,11805
2026-05-15 21:15:00,7439.0,7460.0,7437.5,7459.75,32862
2026-05-15 21:30:00,7459.5,7462.0,7427.0,7427.5,131203
2026-05-15 21:45:00,7427.5,7451.0,7420.25,7432.25,106282
2026-05-15 22:00:00,7432.5,7452.25,7430.25,7452.0,80204
2026-05-15 22:15:00,7452.0,7467.75,7448.5,7452.25,91668
2026-05-15 22:30:00,7452.5,7463.75,7451.75,7461.5,60146
2026-05-15 22:45:00,7461.25,7462.25,7444.25,7450.5,61896
2026-05-15 23:00:00,7450.5,7455.25,7442.0,7449.75,49575
2026-05-15 23:15:00,7449.75,7458.75,7448.0,7453.5,38769
2026-05-15 23:30:00,7453.25,7460.5,7438.75,7442.0,49955
2026-05-15 23:45:00,7442.0,7444.75,7431.75,7443.75,52459
2026-05-16 00:00:00,7443.75,7447.25,7437.25,7445.0,37686
2026-05-16 00:15:00,7444.75,7454.75,7439.25,7454.0,29752
2026-05-16 00:30:00,7454.0,7457.25,7450.75,7456.25,25220
2026-05-16 00:45:00,7456.5,7458.0,7443.0,7450.25,28126
2026-05-16 01:00:00,7450.5,7458.25,7447.5,7457.25,23060
2026-05-16 01:15:00,7457.5,7470.5,7453.5,7466.5,33246
2026-05-16 01:30:00,7466.5,7469.75,7461.5,7465.25,25820
2026-05-16 01:45:00,7465.0,7471.0,7463.25,7470.75,19797
2026-05-16 02:00:00,7470.75,7475.75,7470.0,7471.0,26967
2026-05-16 02:15:00,7470.75,7471.5,7456.0,7458.25,40376
2026-05-16 02:30:00,7458.25,7459.25,7445.25,7454.75,39472
2026-05-16 02:45:00,7454.75,7459.75,7449.75,7457.0,26013
2026-05-16 03:00:00,7457.0,7458.5,7443.75,7447.0,34828
2026-05-16 03:15:00,7446.75,7448.5,7441.0,7442.75,32610
2026-05-16 03:30:00,7442.5,7449.5,7440.5,7441.5,36803
2026-05-16 03:45:00,7441.5,7445.75,7427.0,7432.5,169195
2026-05-16 04:00:00,7432.25,7433.0,7409.25,7419.75,72327
2026-05-16 04:15:00,7419.75,7422.5,7412.0,7417.75,11578
2026-05-16 04:30:00,7417.5,7420.0,7415.5,7417.0,5988
2026-05-16 04:45:00,7417.0,7432.25,7415.25,7432.25,6427
2026-05-18 06:00:00,7432.25,7435.0,7429.0,7430.75,1602
2026-05-18 06:15:00,7431.0,7432.5,7422.5,7427.0,4832
2026-05-18 06:30:00,7427.0,7431.75,7423.25,7430.0,3403
2026-05-18 06:45:00,7429.75,7432.0,7424.25,7429.5,2222
2026-05-18 07:00:00,7429.25,7430.75,7420.0,7422.5,3546
2026-05-18 07:15:00,7422.5,7422.5,7411.75,7414.75,4599
2026-05-18 07:30:00,7414.5,7418.25,7397.75,7412.25,7281
2026-05-18 07:45:00,7412.25,7417.25,7407.5,7411.25,5420
2026-05-18 08:00:00,7411.0,7415.25,7381.5,7393.75,15719
2026-05-18 08:15:00,7393.75,7402.5,7391.5,7395.5,7065
2026-05-18 08:30:00,7395.5,7398.5,7385.75,7386.0,6492
2026-05-18 08:45:00,7386.0,7398.0,7385.0,7397.5,5689
2026-05-18 09:00:00,7397.25,7400.0,7382.0,7382.5,5078
2026-05-18 09:15:00,7382.25,7386.5,7378.0,7379.5,7970
2026-05-18 09:30:00,7379.25,7383.25,7375.0,7383.0,5216
2026-05-18 09:45:00,7383.0,7392.25,7381.25,7387.75,5002
2026-05-18 10:00:00,7387.5,7390.5,7383.0,7389.0,3778
2026-05-18 10:15:00,7389.0,7393.0,7387.5,7391.75,3989
2026-05-18 10:30:00,7391.75,7392.75,7386.5,7387.25,2924
2026-05-18 10:45:00,7387.0,7387.0,7378.75,7382.0,4577
2026-05-18 11:00:00,7382.0,7388.25,7381.5,7382.0,3144
2026-05-18 11:15:00,7382.5,7385.75,7381.0,7384.75,2042
2026-05-18 11:30:00,7385.0,7388.25,7378.0,7387.25,3104
2026-05-18 11:45:00,7387.25,7387.5,7383.25,7386.25,1380
2026-05-18 12:00:00,7385.5,7392.75,7385.0,7390.5,3890
2026-05-18 12:15:00,7390.5,7393.25,7379.75,7381.0,3069
2026-05-18 12:30:00,7380.75,7387.75,7379.5,7386.25,2344
2026-05-18 12:45:00,7386.25,7389.0,7381.25,7384.75,1952
2026-05-18 13:00:00,7384.75,7392.5,7383.25,7387.25,2613
2026-05-18 13:15:00,7387.0,7387.75,7379.5,7387.25,2837
2026-05-18 13:30:00,7387.25,7392.5,7384.5,7389.25,3751
2026-05-18 13:45:00,7388.75,7392.5,7384.75,7385.0,2492
2026-05-18 14:00:00,7384.5,7388.25,7382.0,7385.75,3551
2026-05-18 14:15:00,7385.75,7389.75,7379.25,7379.75,3300
2026-05-18 14:30:00,7379.75,7389.25,7376.0,7389.0,5522
2026-05-18 14:45:00,7389.25,7395.25,7388.0,7395.25,4903
2026-05-18 15:00:00,7395.0,7401.25,7390.5,7391.5,6454
2026-05-18 15:15:00,7391.5,7403.75,7384.75,7402.75,10225
2026-05-18 15:30:00,7402.75,7407.75,7386.5,7389.25,10704
2026-05-18 15:45:00,7389.25,7398.25,7388.5,7396.5,5644
2026-05-18 16:00:00,7396.75,7406.75,7396.75,7403.5,6136
2026-05-18 16:15:00,7403.5,7414.25,7400.5,7413.75,7461
2026-05-18 16:30:00,7413.75,7416.25,7406.0,7407.25,5323
2026-05-18 16:45:00,7407.25,7416.75,7407.0,7416.25,4677
2026-05-18 17:00:00,7416.25,7417.75,7408.25,7408.25,4157
2026-05-18 17:15:00,7408.25,7412.25,7405.5,7408.5,2987
2026-05-18 17:30:00,7408.5,7411.5,7407.0,7411.0,3391
2026-05-18 17:45:00,7411.5,7412.5,7406.5,7410.5,5949
2026-05-18 18:00:00,7411.0,7411.5,7397.25,7401.75,7081
2026-05-18 18:15:00,7402.0,7404.5,7400.25,7402.5,3053
2026-05-18 18:30:00,7402.5,7403.5,7394.0,7400.5,5546
2026-05-18 18:45:00,7400.5,7405.0,7398.0,7399.0,3216
2026-05-18 19:00:00,7398.75,7400.75,7386.5,7399.5,10454
2026-05-18 19:15:00,7399.25,7403.0,7397.0,7397.5,5307
2026-05-18 19:30:00,7397.5,7433.0,7397.0,7426.0,27871
2026-05-18 19:45:00,7426.0,7426.75,7409.0,7414.0,10589
2026-05-18 20:00:00,7414.25,7423.0,7413.25,7419.75,6783
2026-05-18 20:15:00,7419.75,7422.5,7415.0,7420.5,8673
2026-05-18 20:30:00,7420.5,7443.75,7417.25,7442.5,21061
2026-05-18 20:45:00,7442.25,7453.25,7441.5,7450.0,24472
2026-05-18 21:00:00,7450.0,7452.5,7440.75,7443.5,24900
2026-05-18 21:15:00,7443.25,7444.25,7438.0,7438.25,16512
2026-05-18 21:30:00,7438.25,7440.75,7419.5,7420.0,102595
2026-05-18 21:45:00,7420.0,7454.25,7415.25,7445.75,95019
2026-05-18 22:00:00,7445.75,7447.0,7425.75,7439.25,88928
2026-05-18 22:15:00,7439.0,7448.0,7432.25,7435.25,58032
2026-05-18 22:30:00,7435.0,7438.5,7404.25,7423.0,90326
2026-05-18 22:45:00,7423.0,7428.0,7412.5,7423.0,57834
2026-05-18 23:00:00,7423.0,7430.5,7404.75,7412.25,73651
2026-05-18 23:15:00,7412.25,7414.25,7395.25,7396.25,51322
2026-05-18 23:30:00,7396.25,7414.0,7391.75,7402.5,48686
2026-05-18 23:45:00,7402.25,7411.75,7399.75,7403.0,32761
2026-05-19 00:00:00,7403.0,7409.25,7396.75,7409.25,36510
2026-05-19 00:15:00,7409.0,7419.0,7384.75,7388.25,62315
2026-05-19 00:30:00,7388.25,7401.0,7381.75,7391.25,47218
2026-05-19 00:45:00,7391.25,7413.5,7391.0,7404.75,45163
2026-05-19 01:00:00,7405.0,7414.75,7399.25,7407.5,34591
2026-05-19 01:15:00,7407.25,7414.0,7405.5,7413.5,21762
2026-05-19 01:30:00,7413.5,7414.0,7402.0,7407.75,27989
2026-05-19 01:45:00,7408.0,7413.0,7403.25,7410.0,19753
2026-05-19 02:00:00,7410.0,7411.25,7390.0,7390.25,34449
2026-05-19 02:15:00,7390.5,7391.25,7376.5,7387.0,47562
2026-05-19 02:30:00,7387.0,7391.75,7379.25,7385.5,33553
2026-05-19 02:45:00,7385.5,7387.25,7373.5,7376.5,39026
2026-05-19 03:00:00,7376.5,7420.5,7376.0,7400.75,107821
2026-05-19 03:15:00,7400.75,7405.25,7386.5,7395.0,42135
2026-05-19 03:30:00,7395.0,7419.0,7392.75,7418.5,47665
2026-05-19 03:45:00,7418.25,7428.0,7415.75,7426.5,118310
2026-05-19 04:00:00,7426.5,7428.25,7417.0,7422.0,32803
2026-05-19 04:15:00,7421.75,7423.5,7419.25,7421.75,4769
2026-05-19 04:30:00,7421.75,7424.75,7419.5,7424.0,4576
2026-05-19 04:45:00,7424.25,7425.25,7420.0,7420.25,3881
2026-05-19 06:00:00,7423.5,7432.25,7422.75,7428.0,1662
2026-05-19 06:15:00,7428.0,7437.5,7427.5,7435.5,2798
2026-05-19 06:30:00,7435.5,7438.5,7434.25,7435.0,1858
2026-05-19 06:45:00,7434.75,7435.0,7430.75,7434.25,1562
2026-05-19 07:00:00,7434.25,7438.75,7434.0,7435.5,2349
2026-05-19 07:15:00,7435.5,7436.5,7433.0,7435.0,865
2026-05-19 07:30:00,7435.0,7435.5,7432.25,7434.5,725
2026-05-19 07:45:00,7434.5,7434.5,7426.5,7429.25,2023
2026-05-19 08:00:00,7429.25,7434.25,7423.25,7429.5,4995
2026-05-19 08:15:00,7429.75,7440.75,7425.25,7435.75,4332
2026-05-19 08:30:00,7436.0,7438.0,7427.25,7430.5,2742
2026-05-19 08:45:00,7430.5,7433.0,7423.25,7424.0,2275
2026-05-19 09:00:00,7423.75,7426.5,7418.5,7422.5,3405
2026-05-19 09:15:00,7422.75,7423.5,7411.5,7416.5,3695
2026-05-19 09:30:00,7416.75,7425.75,7413.0,7424.0,3721
2026-05-19 09:45:00,7424.25,7425.75,7416.5,7416.75,2170
2026-05-19 10:00:00,7416.5,7416.5,7402.75,7408.5,6104
2026-05-19 10:15:00,7408.5,7414.0,7404.25,7411.5,3086
2026-05-19 10:30:00,7411.25,7414.5,7409.75,7414.5,2216
2026-05-19 10:45:00,7414.25,7416.5,7409.5,7410.5,2218
2026-05-19 11:00:00,7410.75,7415.5,7406.25,7414.0,1862
2026-05-19 11:15:00,7414.25,7418.75,7412.75,7418.0,1343
2026-05-19 11:30:00,7417.75,7422.25,7417.0,7418.0,1882
2026-05-19 11:45:00,7417.75,7417.75,7411.5,7412.25,1759
2026-05-19 12:00:00,7405.5,7408.75,7405.0,7406.5,2794
2026-05-19 12:15:00,7406.75,7406.75,7397.25,7401.0,3358
2026-05-19 12:30:00,7401.0,7409.0,7400.5,7404.0,2626
2026-05-19 12:45:00,7404.0,7407.0,7400.25,7404.75,1754
2026-05-19 13:00:00,7405.25,7407.5,7400.5,7404.25,2255
2026-05-19 13:15:00,7404.5,7405.5,7391.5,7403.75,3509
2026-05-19 13:30:00,7403.75,7406.5,7397.75,7399.75,2301
2026-05-19 13:45:00,7399.75,7403.5,7398.75,7402.0,1932
2026-05-19 14:00:00,7402.0,7407.5,7396.5,7407.25,4209
2026-05-19 14:15:00,7407.25,7412.0,7403.5,7409.75,3177
2026-05-19 14:30:00,7409.5,7416.5,7407.5,7415.75,3306
2026-05-19 14:45:00,7415.75,7415.75,7411.0,7413.5,3128
2026-05-19 15:00:00,7413.75,7426.25,7411.0,7420.75,6935
2026-05-19 15:15:00,7420.75,7421.75,7417.25,7420.0,3493
2026-05-19 15:30:00,7420.0,7427.25,7416.25,7424.5,3794
2026-05-19 15:45:00,7424.5,7433.0,7424.0,7429.75,5012
2026-05-19 16:00:00,7429.5,7431.25,7414.5,7418.25,5831
2026-05-19 16:15:00,7418.25,7420.5,7406.5,7410.5,6070
2026-05-19 16:30:00,7410.75,7415.5,7409.5,7414.25,3512
2026-05-19 16:45:00,7414.25,7417.75,7412.75,7413.25,2365
2026-05-19 17:00:00,7412.75,7413.0,7406.5,7407.0,3296
2026-05-19 17:15:00,7406.75,7407.0,7394.5,7396.25,7499
2026-05-19 17:30:00,7396.25,7398.75,7384.25,7384.5,7503
2026-05-19 17:45:00,7384.5,7400.75,7384.0,7398.0,4788
2026-05-19 18:00:00,7398.0,7399.75,7392.75,7397.0,3476
2026-05-19 18:15:00,7397.25,7398.5,7394.25,7396.0,2372
2026-05-19 18:30:00,7396.25,7401.25,7384.75,7387.25,9719
2026-05-19 18:45:00,7387.0,7401.25,7384.25,7399.75,9381
2026-05-19 19:00:00,7399.5,7405.25,7398.25,7399.25,5560
2026-05-19 19:15:00,7399.0,7401.25,7395.0,7397.5,3868
2026-05-19 19:30:00,7398.0,7403.25,7395.25,7396.0,4118
2026-05-19 19:45:00,7396.0,7397.5,7388.5,7389.0,6087
2026-05-19 20:00:00,7389.0,7397.25,7385.75,7395.75,6264
2026-05-19 20:15:00,7395.5,7396.25,7388.0,7394.75,4777
2026-05-19 20:30:00,7394.75,7404.75,7393.25,7401.0,6671
2026-05-19 20:45:00,7400.75,7404.5,7399.0,7401.25,4862
2026-05-19 21:00:00,7401.25,7403.5,7386.25,7394.5,14748
2026-05-19 21:15:00,7394.5,7394.75,7380.0,7386.75,23449
2026-05-19 21:30:00,7386.75,7396.0,7373.5,7375.0,116601
2026-05-19 21:45:00,7375.0,7402.0,7370.0,7392.0,101818
2026-05-19 22:00:00,7392.5,7393.0,7367.0,7368.0,104890
2026-05-19 22:15:00,7368.0,7370.5,7356.25,7363.25,91610
2026-05-19 22:30:00,7363.25,7374.0,7359.25,7366.5,64996
2026-05-19 22:45:00,7366.5,7371.0,7354.25,7370.75,58109
2026-05-19 23:00:00,7370.75,7376.25,7365.5,7374.5,52788
2026-05-19 23:15:00,7374.75,7378.75,7355.75,7361.25,55396
2026-05-19 23:30:00,7361.25,7378.5,7359.25,7374.25,50680
2026-05-19 23:45:00,7374.5,7378.5,7364.5,7368.75,33596
2026-05-20 00:00:00,7368.75,7379.0,7361.75,7366.75,37398
2026-05-20 00:15:00,7367.0,7386.5,7366.5,7384.0,39266
2026-05-20 00:30:00,7384.0,7393.5,7382.25,7393.25,43415
2026-05-20 00:45:00,7393.25,7402.0,7391.25,7400.25,39913
2026-05-20 01:00:00,7400.25,7409.25,7398.25,7407.75,32790
2026-05-20 01:15:00,7407.75,7415.25,7406.25,7409.0,39820
2026-05-20 01:30:00,7409.0,7414.75,7406.0,7410.25,31491
2026-05-20 01:45:00,7410.25,7410.5,7399.25,7406.75,33740
2026-05-20 02:00:00,7406.75,7411.75,7404.75,7408.75,25938
2026-05-20 02:15:00,7408.5,7410.0,7396.75,7397.5,38004
2026-05-20 02:30:00,7397.5,7402.25,7394.0,7397.0,32781
2026-05-20 02:45:00,7397.0,7397.25,7380.0,7383.0,35851
2026-05-20 03:00:00,7382.75,7399.5,7382.0,7399.0,35247
2026-05-20 03:15:00,7399.25,7400.5,7377.5,7386.5,36667
2026-05-20 03:30:00,7386.5,7389.25,7376.5,7377.5,31483
2026-05-20 03:45:00,7377.5,7379.5,7365.0,7377.5,159768
2026-05-20 04:00:00,7377.75,7378.25,7369.5,7374.75,38116
2026-05-20 04:15:00,7374.75,7376.0,7372.0,7373.25,5734
2026-05-20 04:30:00,7373.5,7373.75,7371.25,7372.75,3578
2026-05-20 04:45:00,7372.75,7373.75,7370.75,7372.5,4058
2026-05-20 06:00:00,7377.0,7380.75,7373.0,7375.75,1244
2026-05-20 06:15:00,7375.5,7376.25,7367.75,7369.25,2286
2026-05-20 06:30:00,7369.5,7374.75,7367.75,7370.75,2253
2026-05-20 06:45:00,7370.75,7376.0,7368.5,7375.0,1559
2026-05-20 07:00:00,7375.0,7381.75,7374.0,7380.5,1580
2026-05-20 07:15:00,7380.75,7385.0,7379.75,7383.75,1542
2026-05-20 07:30:00,7383.75,7393.75,7383.75,7388.0,3246
2026-05-20 07:45:00,7388.0,7388.25,7381.25,7382.0,1806
2026-05-20 08:00:00,7381.5,7381.5,7359.5,7362.5,7251
2026-05-20 08:15:00,7362.75,7371.0,7356.0,7370.75,6767
2026-05-20 08:30:00,7371.0,7379.5,7369.0,7374.0,5716
2026-05-20 08:45:00,7374.0,7381.25,7372.75,7375.5,3392
2026-05-20 09:00:00,7375.5,7380.5,7367.5,7379.25,4097
2026-05-20 09:15:00,7379.0,7382.0,7367.25,7368.75,2937
2026-05-20 09:30:00,7369.0,7371.0,7359.5,7367.0,4221
2026-05-20 09:45:00,7367.5,7386.0,7366.75,7381.5,5344
2026-05-20 10:00:00,7381.75,7383.75,7379.0,7382.5,2640
2026-05-20 10:15:00,7382.75,7387.0,7376.75,7377.0,2428
2026-05-20 10:30:00,7376.5,7376.75,7364.0,7364.0,4621
2026-05-20 10:45:00,7364.0,7368.0,7361.25,7364.75,2821
2026-05-20 11:00:00,7365.0,7365.0,7356.5,7357.0,3616
2026-05-20 11:15:00,7356.75,7365.0,7356.0,7363.75,3147
2026-05-20 11:30:00,7363.75,7368.75,7359.75,7366.0,2326
2026-05-20 11:45:00,7366.25,7367.0,7363.25,7365.5,1098
2026-05-20 12:00:00,7370.25,7373.25,7367.25,7372.75,2333
2026-05-20 12:15:00,7372.75,7374.75,7368.5,7371.25,1240
2026-05-20 12:30:00,7371.25,7371.75,7364.5,7364.75,1417
2026-05-20 12:45:00,7364.5,7367.0,7362.25,7364.0,931
2026-05-20 13:00:00,7364.0,7374.25,7364.0,7369.75,1701
2026-05-20 13:15:00,7369.5,7374.5,7365.5,7370.5,1921
2026-05-20 13:30:00,7370.75,7381.25,7370.75,7373.75,2753
2026-05-20 13:45:00,7373.75,7377.25,7369.25,7376.5,1741
2026-05-20 14:00:00,7376.25,7380.75,7375.75,7379.75,2505
2026-05-20 14:15:00,7379.75,7389.5,7379.75,7387.75,4566
2026-05-20 14:30:00,7388.0,7388.5,7382.25,7383.0,2220
2026-05-20 14:45:00,7383.0,7389.5,7382.75,7389.25,2405
2026-05-20 15:00:00,7389.25,7390.75,7386.5,7387.5,4880
2026-05-20 15:15:00,7387.5,7392.5,7386.75,7391.5,3607
2026-05-20 15:30:00,7391.5,7391.5,7385.25,7390.0,3552
2026-05-20 15:45:00,7389.75,7390.25,7384.5,7385.0,3115
2026-05-20 16:00:00,7385.25,7393.75,7384.5,7391.75,6038
2026-05-20 16:15:00,7391.5,7396.5,7388.25,7396.5,3696
2026-05-20 16:30:00,7396.5,7402.0,7395.0,7400.5,4800
2026-05-20 16:45:00,7400.5,7403.75,7397.5,7397.75,3668
2026-05-20 17:00:00,7397.75,7399.0,7393.25,7393.25,3331
2026-05-20 17:15:00,7393.0,7397.0,7392.25,7397.0,2213
2026-05-20 17:30:00,7396.75,7398.75,7396.5,7397.75,1997
2026-05-20 17:45:00,7397.75,7406.0,7396.75,7402.0,4455
2026-05-20 18:00:00,7402.0,7408.0,7401.5,7406.0,3359
2026-05-20 18:15:00,7406.0,7407.5,7403.25,7405.25,2514
2026-05-20 18:30:00,7405.5,7412.0,7404.5,7405.0,4893
2026-05-20 18:45:00,7405.0,7407.0,7399.5,7400.75,4068
2026-05-20 19:00:00,7400.5,7404.25,7399.0,7399.5,4173
2026-05-20 19:15:00,7399.75,7405.5,7399.5,7405.25,3055
2026-05-20 19:30:00,7405.25,7407.75,7399.0,7401.5,5612
2026-05-20 19:45:00,7401.5,7403.5,7395.0,7399.0,5638
2026-05-20 20:00:00,7399.0,7406.25,7397.5,7406.0,3806
2026-05-20 20:15:00,7406.0,7414.5,7402.25,7412.5,8785
2026-05-20 20:30:00,7412.75,7416.25,7407.75,7407.75,7921
2026-05-20 20:45:00,7408.0,7410.25,7402.25,7402.5,6367
2026-05-20 21:00:00,7402.5,7404.0,7400.0,7401.75,5948
2026-05-20 21:15:00,7401.5,7403.5,7393.5,7394.75,15475
2026-05-20 21:30:00,7394.75,7400.0,7380.75,7398.25,97971
2026-05-20 21:45:00,7398.0,7410.5,7391.25,7399.5,70556
2026-05-20 22:00:00,7399.75,7401.0,7376.75,7391.25,74057
2026-05-20 22:15:00,7391.25,7423.75,7390.0,7417.75,115421
2026-05-20 22:30:00,7417.5,7428.75,7412.75,7421.5,73390
2026-05-20 22:45:00,7421.5,7433.75,7414.5,7430.75,56125
2026-05-20 23:00:00,7430.75,7434.0,7424.5,7426.5,38988
2026-05-20 23:15:00,7426.5,7458.0,7426.5,7431.0,118521
2026-05-20 23:30:00,7431.5,7443.25,7431.25,7442.0,41806
2026-05-20 23:45:00,7442.0,7448.5,7438.0,7441.25,37093
2026-05-21 00:00:00,7441.5,7444.25,7437.25,7439.75,23347
2026-05-21 00:15:00,7439.5,7440.25,7424.0,7428.0,44947
2026-05-21 00:30:00,7428.25,7438.25,7423.75,7438.0,35925
2026-05-21 00:45:00,7437.75,7439.0,7425.5,7432.5,32365
2026-05-21 01:00:00,7432.75,7440.0,7426.25,7435.25,32649
2026-05-21 01:15:00,7435.0,7442.5,7433.75,7440.25,26284
2026-05-21 01:30:00,7440.5,7446.0,7436.75,7441.5,27485
2026-05-21 01:45:00,7441.5,7442.25,7434.75,7437.25,17032
2026-05-21 02:00:00,7437.5,7443.75,7432.0,7439.25,21611
2026-05-21 02:15:00,7439.25,7441.75,7435.0,7439.75,19372
2026-05-21 02:30:00,7439.5,7447.25,7436.25,7436.75,23885
2026-05-21 02:45:00,7436.5,7441.75,7435.25,7440.25,20168
2026-05-21 03:00:00,7440.5,7446.0,7439.0,7444.25,22388
2026-05-21 03:15:00,7444.0,7448.5,7442.75,7447.0,18172
2026-05-21 03:30:00,7447.0,7455.0,7444.25,7451.25,28753
2026-05-21 03:45:00,7451.0,7453.75,7444.5,7451.75,95826
2026-05-21 04:00:00,7451.75,7452.0,7444.25,7448.0,33157
2026-05-21 04:15:00,7448.25,7453.75,7428.5,7452.25,19851
2026-05-21 04:30:00,7452.5,7453.75,7436.25,7438.75,8677
2026-05-21 04:45:00,7439.0,7451.75,7431.25,7451.75,5689
2026-05-21 06:00:00,7432.75,7432.75,7407.5,7415.75,5188
2026-05-21 06:15:00,7416.0,7418.25,7408.0,7416.25,3850
2026-05-21 06:30:00,7416.0,7418.5,7415.0,7417.5,2360
2026-05-21 06:45:00,7417.25,7419.0,7415.0,7419.0,1534
2026-05-21 07:00:00,7419.0,7425.75,7418.75,7422.75,2026
2026-05-21 07:15:00,7422.5,7422.5,7415.5,7417.75,1737
2026-05-21 07:30:00,7418.0,7420.5,7417.0,7419.0,1093
2026-05-21 07:45:00,7418.75,7422.25,7417.25,7420.75,1353
2026-05-21 08:00:00,7420.5,7422.25,7415.0,7420.5,3150
2026-05-21 08:15:00,7420.75,7423.0,7414.5,7418.75,3180
2026-05-21 08:30:00,7419.0,7422.5,7416.25,7422.0,2083
2026-05-21 08:45:00,7421.75,7424.75,7420.0,7422.5,2201
2026-05-21 09:00:00,7422.75,7431.5,7422.75,7431.5,4130
2026-05-21 09:15:00,7431.5,7434.25,7428.75,7430.5,2627
2026-05-21 09:30:00,7430.5,7437.5,7429.0,7436.25,3899
2026-05-21 09:45:00,7436.25,7437.0,7430.5,7435.0,2408
2026-05-21 10:00:00,7435.25,7439.0,7435.25,7438.25,1708
2026-05-21 10:15:00,7438.25,7444.5,7438.0,7441.5,2873
2026-05-21 10:30:00,7441.5,7441.75,7438.5,7439.0,2032
2026-05-21 10:45:00,7439.0,7440.5,7436.25,7438.75,2256
2026-05-21 11:00:00,7438.75,7442.75,7438.25,7441.5,1476
2026-05-21 11:15:00,7441.25,7445.25,7440.0,7444.25,1720
2026-05-21 11:30:00,7444.0,7448.0,7443.25,7447.75,1582
2026-05-21 11:45:00,7447.75,7448.0,7443.25,7444.0,1637
2026-05-21 12:00:00,7446.5,7448.0,7446.25,7448.0,1296
2026-05-21 12:15:00,7448.0,7451.75,7447.0,7450.75,1558
2026-05-21 12:30:00,7450.75,7451.5,7447.5,7450.5,1076
2026-05-21 12:45:00,7450.5,7454.0,7450.0,7453.0,1533
2026-05-21 13:00:00,7453.25,7457.5,7452.0,7453.25,2514
2026-05-21 13:15:00,7453.25,7456.0,7450.0,7450.5,1691
2026-05-21 13:30:00,7451.0,7451.0,7446.0,7448.0,2698
2026-05-21 13:45:00,7448.0,7448.25,7434.0,7445.75,4468
2026-05-21 14:00:00,7445.75,7451.25,7444.25,7445.75,2634
2026-05-21 14:15:00,7445.5,7451.25,7442.0,7447.5,5011
2026-05-21 14:30:00,7447.5,7449.0,7438.75,7439.0,2307
2026-05-21 14:45:00,7439.25,7439.25,7433.0,7438.0,4237
2026-05-21 15:00:00,7438.0,7439.5,7428.75,7430.5,5407
2026-05-21 15:15:00,7430.5,7433.0,7426.5,7430.5,4860
2026-05-21 15:30:00,7430.25,7434.75,7430.0,7434.25,2391
2026-05-21 15:45:00,7434.5,7441.5,7432.25,7440.25,4743
2026-05-21 16:00:00,7440.25,7461.25,7439.5,7460.75,9508
2026-05-21 16:15:00,7461.0,7469.75,7451.5,7459.5,9856
2026-05-21 16:30:00,7459.5,7459.75,7451.0,7454.75,3848
2026-05-21 16:45:00,7455.0,7456.0,7449.75,7452.5,4589
2026-05-21 17:00:00,7452.25,7458.75,7451.25,7457.5,4411
2026-05-21 17:15:00,7457.25,7463.75,7457.25,7462.0,2962
2026-05-21 17:30:00,7462.0,7463.75,7453.25,7454.0,3884
2026-05-21 17:45:00,7454.0,7457.25,7452.75,7454.75,1646
2026-05-21 18:00:00,7454.75,7457.5,7451.0,7457.5,2434
2026-05-21 18:15:00,7457.5,7459.0,7427.5,7433.0,13600
2026-05-21 18:30:00,7433.5,7434.25,7417.75,7425.0,15661
2026-05-21 18:45:00,7425.0,7426.25,7415.0,7423.5,11807
2026-05-21 19:00:00,7423.25,7429.75,7418.75,7428.25,8921
2026-05-21 19:15:00,7428.25,7438.0,7428.0,7433.25,7765
2026-05-21 19:30:00,7433.25,7435.5,7427.75,7429.0,4295
2026-05-21 19:45:00,7429.0,7435.25,7428.75,7429.75,3485
2026-05-21 20:00:00,7430.25,7432.75,7425.75,7427.25,3999
2026-05-21 20:15:00,7427.0,7430.0,7422.0,7425.5,5473
2026-05-21 20:30:00,7425.75,7436.5,7422.5,7425.25,16073
2026-05-21 20:45:00,7425.5,7428.0,7417.75,7419.25,12604
2026-05-21 21:00:00,7419.25,7428.25,7417.5,7422.25,13930
2026-05-21 21:15:00,7422.0,7423.75,7418.75,7423.75,10892
2026-05-21 21:30:00,7423.75,7424.5,7411.25,7413.25,87926
2026-05-21 21:45:00,7413.75,7439.5,7410.5,7435.5,96616
2026-05-21 22:00:00,7435.25,7443.75,7429.5,7431.5,63423
2026-05-21 22:15:00,7431.25,7432.75,7411.5,7422.25,79946
2026-05-21 22:30:00,7422.25,7430.25,7417.0,7422.75,47317
2026-05-21 22:45:00,7422.75,7430.0,7413.5,7426.75,44193
2026-05-21 23:00:00,7426.75,7430.75,7408.5,7427.0,74074
2026-05-21 23:15:00,7427.0,7431.0,7424.0,7425.25,47999
2026-05-21 23:30:00,7425.0,7430.75,7415.0,7428.5,43650
2026-05-21 23:45:00,7428.5,7435.75,7428.25,7430.0,29698
2026-05-22 00:00:00,7430.25,7437.0,7429.5,7431.75,35441
2026-05-22 00:15:00,7431.75,7432.75,7420.75,7425.25,26934
2026-05-22 00:30:00,7425.25,7429.0,7420.75,7426.5,20947
2026-05-22 00:45:00,7426.5,7429.0,7418.0,7426.25,23993
2026-05-22 01:00:00,7426.25,7449.25,7426.25,7442.25,56474
2026-05-22 01:15:00,7442.25,7468.0,7440.75,7459.0,90883
2026-05-22 01:30:00,7459.0,7474.0,7457.0,7473.0,44029
2026-05-22 01:45:00,7473.0,7486.75,7469.0,7474.5,52826
2026-05-22 02:00:00,7474.5,7478.75,7464.75,7466.25,56781
2026-05-22 02:15:00,7466.25,7473.75,7463.0,7471.0,30992
2026-05-22 02:30:00,7470.75,7474.5,7466.5,7472.5,23250
2026-05-22 02:45:00,7472.5,7474.0,7438.0,7447.75,84675
2026-05-22 03:00:00,7447.5,7463.0,7447.25,7462.75,40319
2026-05-22 03:15:00,7462.75,7466.5,7461.25,7464.5,26831
2026-05-22 03:30:00,7464.25,7467.75,7458.5,7461.5,24996
2026-05-22 03:45:00,7461.25,7469.75,7456.75,7465.0,116019
2026-05-22 04:00:00,7465.25,7470.25,7463.25,7468.5,27088
2026-05-22 04:15:00,7468.25,7468.25,7464.0,7465.25,5034
2026-05-22 04:30:00,7465.25,7467.75,7465.0,7467.0,1946
2026-05-22 04:45:00,7467.25,7468.75,7466.5,7467.0,4045
2026-05-22 06:00:00,7467.0,7476.25,7466.75,7475.5,1234
2026-05-22 06:15:00,7475.5,7476.75,7471.0,7473.5,1456
2026-05-22 06:30:00,7473.5,7474.25,7470.25,7472.75,2052
2026-05-22 06:45:00,7472.75,7479.0,7472.75,7478.0,1895
2026-05-22 07:00:00,7478.0,7479.0,7477.0,7477.75,1029
2026-05-22 07:15:00,7477.75,7478.75,7476.75,7477.5,645
2026-05-22 07:30:00,7477.75,7480.0,7476.25,7478.0,1036
2026-05-22 07:45:00,7478.25,7484.0,7478.25,7479.5,2083
2026-05-22 08:00:00,7479.75,7484.5,7476.5,7480.5,3465
2026-05-22 08:15:00,7480.75,7488.0,7480.5,7484.5,4126
2026-05-22 08:30:00,7484.75,7488.5,7484.25,7484.5,2396
2026-05-22 08:45:00,7484.5,7487.0,7484.25,7484.25,1598
2026-05-22 09:00:00,7484.25,7485.25,7480.25,7484.75,2968
2026-05-22 09:15:00,7484.75,7484.75,7480.0,7481.25,2152
2026-05-22 09:30:00,7481.25,7481.75,7474.25,7479.25,3343
2026-05-22 09:45:00,7479.25,7484.0,7479.0,7480.75,2809
2026-05-22 10:00:00,7480.5,7483.0,7479.0,7482.0,1932
2026-05-22 10:15:00,7482.0,7483.75,7478.25,7479.5,1502
2026-05-22 10:30:00,7479.25,7484.5,7478.75,7482.75,1230
2026-05-22 10:45:00,7483.0,7485.0,7481.25,7483.5,1316
2026-05-22 11:00:00,7483.25,7484.25,7480.0,7481.5,1278
2026-05-22 11:15:00,7481.75,7483.5,7480.75,7483.25,912
2026-05-22 11:30:00,7483.25,7486.75,7483.25,7486.75,1226
2026-05-22 11:45:00,7486.5,7488.75,7486.5,7488.25,1126
2026-05-22 12:00:00,7492.25,7492.5,7490.25,7492.0,2437
2026-05-22 12:15:00,7492.0,7493.0,7490.75,7492.75,1403
2026-05-22 12:30:00,7492.5,7492.5,7489.0,7490.25,1012
2026-05-22 12:45:00,7490.25,7493.75,7490.25,7493.25,890
2026-05-22 13:00:00,7493.25,7494.75,7492.75,7493.0,1607
2026-05-22 13:15:00,7493.25,7494.0,7490.5,7492.5,1242
2026-05-22 13:30:00,7492.5,7493.25,7489.5,7491.75,1610
2026-05-22 13:45:00,7491.75,7493.25,7484.25,7485.5,3313
2026-05-22 14:00:00,7485.25,7489.5,7483.25,7489.25,3222
2026-05-22 14:15:00,7489.25,7492.0,7486.5,7489.75,3111
2026-05-22 14:30:00,7490.0,7494.75,7487.5,7493.0,3828
2026-05-22 14:45:00,7492.75,7493.0,7488.25,7489.0,2745
2026-05-22 15:00:00,7489.0,7489.25,7481.5,7483.0,4734
2026-05-22 15:15:00,7482.75,7489.75,7482.75,7489.0,3205
2026-05-22 15:30:00,7489.25,7489.25,7481.5,7485.75,4129
2026-05-22 15:45:00,7485.75,7489.0,7484.0,7488.75,2174
2026-05-22 16:00:00,7488.75,7492.5,7488.0,7489.25,4432
2026-05-22 16:15:00,7489.5,7500.5,7489.5,7494.25,7513
2026-05-22 16:30:00,7494.25,7494.75,7483.75,7489.25,9619
2026-05-22 16:45:00,7489.5,7492.75,7484.75,7485.25,3503
2026-05-22 17:00:00,7485.25,7485.25,7475.75,7476.75,6539
2026-05-22 17:15:00,7476.5,7480.25,7475.0,7476.5,4677
2026-05-22 17:30:00,7476.5,7482.25,7473.0,7482.0,4957
2026-05-22 17:45:00,7482.0,7485.5,7480.5,7483.25,2591
2026-05-22 18:00:00,7483.5,7483.5,7478.25,7478.75,3356
2026-05-22 18:15:00,7478.5,7479.75,7472.0,7472.75,3843
2026-05-22 18:30:00,7473.0,7474.5,7469.5,7472.5,4213
2026-05-22 18:45:00,7472.75,7475.75,7472.0,7474.5,2836
2026-05-22 19:00:00,7474.5,7478.75,7473.0,7474.0,3154
2026-05-22 19:15:00,7474.0,7476.25,7472.5,7474.5,2227
2026-05-22 19:30:00,7474.5,7479.25,7472.25,7479.25,2479
2026-05-22 19:45:00,7479.0,7486.75,7478.75,7480.75,6667
2026-05-22 20:00:00,7480.75,7499.5,7478.0,7495.5,13286
2026-05-22 20:15:00,7495.25,7499.25,7486.0,7491.0,13984
2026-05-22 20:30:00,7491.0,7495.25,7490.25,7494.25,8124
2026-05-22 20:45:00,7494.25,7503.5,7494.25,7502.75,9902
2026-05-22 21:00:00,7503.0,7507.75,7495.75,7502.75,16783
2026-05-22 21:15:00,7502.75,7505.25,7494.75,7496.75,16155
2026-05-22 21:30:00,7496.75,7516.25,7491.0,7508.5,87488
2026-05-22 21:45:00,7508.25,7515.75,7500.5,7509.75,52173
2026-05-22 22:00:00,7510.0,7510.0,7486.0,7489.75,61548
2026-05-22 22:15:00,7490.0,7495.0,7478.75,7491.25,48489
2026-05-22 22:30:00,7491.25,7499.75,7488.5,7498.0,37040
2026-05-22 22:45:00,7498.0,7501.75,7492.0,7499.5,30699
2026-05-22 23:00:00,7499.5,7506.0,7498.75,7504.75,26324
2026-05-22 23:15:00,7504.75,7513.75,7503.25,7513.5,28974
2026-05-22 23:30:00,7513.5,7515.25,7509.0,7512.0,27934
2026-05-22 23:45:00,7512.25,7513.0,7507.75,7510.75,21974
2026-05-23 00:00:00,7510.75,7512.25,7506.0,7508.5,22821
2026-05-23 00:15:00,7508.25,7508.5,7502.75,7508.25,22329
2026-05-23 00:30:00,7508.25,7511.0,7502.75,7504.5,18542
2026-05-23 00:45:00,7504.5,7510.0,7504.5,7507.25,16565
2026-05-23 01:00:00,7507.25,7513.5,7507.0,7510.5,17350
2026-05-23 01:15:00,7510.75,7522.5,7501.5,7522.25,54402
2026-05-23 01:30:00,7522.0,7524.0,7512.25,7514.75,38986
2026-05-23 01:45:00,7514.75,7515.5,7505.25,7508.25,23093
2026-05-23 02:00:00,7508.25,7511.5,7502.5,7506.5,23650
2026-05-23 02:15:00,7506.5,7510.25,7503.75,7507.0,16453
2026-05-23 02:30:00,7507.25,7509.0,7502.25,7507.5,22506
2026-05-23 02:45:00,7507.75,7509.0,7503.5,7505.5,15066
2026-05-23 03:00:00,7505.5,7506.75,7495.5,7498.0,32585
2026-05-23 03:15:00,7498.0,7498.75,7489.0,7489.75,24450
2026-05-23 03:30:00,7490.0,7495.5,7486.5,7490.5,29712
2026-05-23 03:45:00,7490.75,7497.0,7483.75,7490.5,85155
2026-05-23 04:00:00,7490.5,7495.0,7487.25,7494.25,27237
2026-05-23 04:15:00,7494.25,7494.5,7490.75,7491.5,4405
2026-05-23 04:30:00,7491.5,7493.25,7485.0,7485.5,11636
2026-05-23 04:45:00,7485.5,7491.0,7482.25,7491.0,5279
2026-05-26 12:00:00,7540.25,7542.25,7538.0,7542.25,1058
2026-05-26 12:15:00,7542.25,7542.5,7540.0,7540.0,1033
2026-05-26 12:30:00,7540.0,7542.25,7539.25,7540.0,1046
2026-05-26 12:45:00,7539.5,7540.0,7537.25,7538.5,1280
2026-05-26 13:00:00,7538.5,7539.75,7535.5,7538.75,1470
2026-05-26 13:15:00,7539.0,7540.25,7538.5,7539.75,1095
2026-05-26 13:30:00,7539.75,7541.25,7537.5,7538.5,1421
2026-05-26 13:45:00,7538.5,7539.25,7536.0,7537.25,1576
2026-05-26 14:00:00,7537.5,7541.5,7536.25,7541.0,2765
2026-05-26 14:15:00,7541.0,7544.0,7536.0,7538.75,4485
2026-05-26 14:30:00,7538.75,7544.5,7537.75,7542.5,2572
2026-05-26 14:45:00,7542.75,7542.75,7538.75,7539.5,1580
2026-05-26 15:00:00,7539.75,7541.25,7529.5,7532.25,8038
2026-05-26 15:15:00,7532.5,7533.5,7528.75,7531.0,4276
2026-05-26 15:30:00,7531.0,7533.0,7525.25,7532.75,4471
2026-05-26 15:45:00,7532.75,7535.0,7528.5,7531.25,2867
2026-05-26 16:00:00,7531.25,7533.25,7528.0,7530.0,3054
2026-05-26 16:15:00,7530.0,7532.5,7529.25,7531.0,2003
2026-05-26 16:30:00,7531.0,7532.25,7528.5,7531.5,2981
2026-05-26 16:45:00,7531.5,7533.5,7529.5,7532.75,2695
2026-05-26 17:00:00,7532.75,7534.25,7530.75,7531.0,2408
2026-05-26 17:15:00,7530.75,7537.5,7530.0,7537.25,5960
2026-05-26 17:30:00,7537.25,7539.0,7536.0,7536.0,3325
2026-05-26 17:45:00,7536.0,7538.5,7536.0,7537.5,1774
2026-05-26 18:00:00,7537.75,7541.75,7536.25,7541.75,2909
2026-05-26 18:15:00,7542.0,7547.25,7540.75,7546.25,5144
2026-05-26 18:30:00,7546.25,7551.25,7544.25,7545.0,6189
2026-05-26 18:45:00,7545.25,7545.5,7542.25,7542.25,3699
2026-05-26 19:00:00,7542.5,7544.5,7540.25,7540.25,3343
2026-05-26 19:15:00,7540.5,7544.0,7539.75,7541.25,3870
2026-05-26 19:30:00,7541.25,7543.25,7532.25,7540.75,9008
2026-05-26 19:45:00,7541.0,7542.0,7539.25,7540.0,2769
2026-05-26 20:00:00,7540.0,7542.25,7536.0,7541.0,7593
2026-05-26 20:15:00,7541.0,7547.75,7540.0,7545.0,4229
2026-05-26 20:30:00,7545.25,7548.5,7543.25,7545.5,5236
2026-05-26 20:45:00,7545.5,7546.0,7542.75,7544.0,5026
2026-05-26 21:00:00,7543.75,7544.75,7540.25,7542.5,5906
2026-05-26 21:15:00,7542.75,7544.0,7534.0,7534.25,9422
2026-05-26 21:30:00,7534.0,7540.75,7525.0,7540.0,82206
2026-05-26 21:45:00,7540.0,7545.0,7529.5,7541.5,65568
2026-05-26 22:00:00,7541.5,7548.5,7539.0,7548.25,44247
2026-05-26 22:15:00,7548.25,7552.75,7545.25,7549.75,38838
2026-05-26 22:30:00,7549.5,7555.25,7547.25,7554.25,38263
2026-05-26 22:45:00,7554.25,7554.75,7545.75,7547.75,32020
2026-05-26 23:00:00,7548.0,7548.75,7537.25,7539.5,49017
2026-05-26 23:15:00,7539.5,7539.5,7530.75,7532.0,42565
2026-05-26 23:30:00,7532.0,7533.75,7525.25,7527.25,40898
2026-05-26 23:45:00,7527.25,7527.75,7517.0,7523.25,47607
2026-05-27 00:00:00,7523.0,7527.75,7519.75,7522.5,28417
2026-05-27 00:15:00,7522.5,7531.25,7521.5,7530.75,20628
2026-05-27 00:30:00,7531.0,7534.0,7525.5,7526.0,25312
2026-05-27 00:45:00,7526.0,7528.0,7522.0,7523.5,22082
2026-05-27 01:00:00,7523.5,7528.0,7522.5,7526.25,17626
2026-05-27 01:15:00,7526.25,7526.75,7518.5,7519.75,19931
2026-05-27 01:30:00,7519.75,7525.0,7518.25,7522.0,16888
2026-05-27 01:45:00,7522.0,7526.75,7521.25,7524.0,14754
2026-05-27 02:00:00,7523.75,7530.75,7521.5,7530.0,16751
2026-05-27 02:15:00,7530.25,7533.75,7529.5,7530.0,19806
2026-05-27 02:30:00,7530.0,7533.75,7527.5,7527.5,16789
2026-05-27 02:45:00,7527.5,7529.5,7523.75,7524.75,19413
2026-05-27 03:00:00,7524.5,7528.0,7522.0,7525.5,21143
2026-05-27 03:15:00,7525.25,7529.25,7525.25,7528.75,18994
2026-05-27 03:30:00,7528.5,7539.0,7528.5,7538.75,28505
2026-05-27 03:45:00,7538.75,7542.5,7534.25,7539.25,98106
2026-05-27 04:00:00,7539.25,7540.75,7535.75,7535.75,32805
2026-05-27 04:15:00,7535.75,7538.75,7535.0,7535.25,5861
2026-05-27 04:30:00,7535.25,7537.5,7535.0,7535.75,2155
2026-05-27 04:45:00,7536.0,7536.25,7531.0,7532.75,6301
2026-05-27 06:00:00,7533.0,7538.0,7529.25,7531.75,1664
2026-05-27 06:15:00,7531.75,7534.75,7530.25,7532.75,1421
2026-05-27 06:30:00,7533.0,7536.25,7532.75,7533.75,1075
2026-05-27 06:45:00,7533.5,7534.5,7531.5,7533.25,1135
2026-05-27 07:00:00,7533.5,7536.0,7533.5,7534.0,983
2026-05-27 07:15:00,7534.0,7539.25,7533.5,7539.0,1592
2026-05-27 07:30:00,7538.75,7542.0,7536.5,7542.0,1696
2026-05-27 07:45:00,7542.0,7544.75,7541.25,7543.5,2048
2026-05-27 08:00:00,7543.5,7545.25,7542.0,7543.75,2727
2026-05-27 08:15:00,7543.75,7543.75,7537.75,7542.25,2591
2026-05-27 08:30:00,7542.25,7546.25,7541.25,7543.75,2858
2026-05-27 08:45:00,7544.0,7547.25,7543.0,7545.75,2124
2026-05-27 09:00:00,7545.75,7548.75,7544.0,7547.75,2811
2026-05-27 09:15:00,7547.75,7548.75,7546.0,7547.0,1754
2026-05-27 09:30:00,7547.0,7547.5,7545.25,7545.25,1875
2026-05-27 09:45:00,7545.5,7545.5,7541.5,7542.25,2022
2026-05-27 10:00:00,7542.5,7545.0,7542.25,7544.0,1501
2026-05-27 10:15:00,7544.25,7546.5,7544.0,7545.5,1119
2026-05-27 10:30:00,7545.5,7546.75,7544.25,7545.0,1226
2026-05-27 10:45:00,7545.0,7547.0,7544.0,7544.25,1148
2026-05-27 11:00:00,7544.25,7546.75,7543.25,7543.75,1328
2026-05-27 11:15:00,7543.75,7544.25,7541.75,7543.0,764
2026-05-27 11:30:00,7543.0,7543.5,7540.0,7541.75,1100
2026-05-27 11:45:00,7541.75,7541.75,7538.5,7539.25,1093
2026-05-27 12:00:00,7541.5,7542.5,7540.5,7540.5,1290
2026-05-27 12:15:00,7540.5,7540.75,7535.5,7536.25,1465
2026-05-27 12:30:00,7536.0,7540.75,7535.5,7540.75,1171
2026-05-27 12:45:00,7541.0,7543.0,7540.5,7541.5,937
2026-05-27 13:00:00,7541.25,7543.5,7540.25,7542.0,1050
2026-05-27 13:15:00,7542.25,7542.5,7538.75,7542.25,1360
2026-05-27 13:30:00,7542.5,7543.25,7537.75,7542.5,1093
2026-05-27 13:45:00,7542.75,7545.0,7541.25,7543.75,1527
2026-05-27 14:00:00,7543.75,7545.5,7542.0,7543.25,1759
2026-05-27 14:15:00,7543.25,7544.25,7540.25,7541.5,1326
2026-05-27 14:30:00,7541.5,7542.0,7537.0,7539.5,2752
2026-05-27 14:45:00,7539.5,7541.25,7538.75,7540.0,1365
2026-05-27 15:00:00,7540.25,7545.5,7540.0,7545.25,2920
2026-05-27 15:15:00,7545.25,7547.5,7544.25,7546.25,1851
2026-05-27 15:30:00,7546.5,7548.25,7545.25,7547.25,2109
2026-05-27 15:45:00,7547.5,7548.5,7544.75,7548.0,1998
2026-05-27 16:00:00,7547.75,7552.0,7547.0,7551.5,4165
2026-05-27 16:15:00,7551.5,7558.5,7551.5,7557.0,4829
2026-05-27 16:30:00,7557.25,7559.0,7555.0,7558.75,2759
2026-05-27 16:45:00,7558.75,7559.75,7557.25,7557.75,2430
2026-05-27 17:00:00,7557.5,7558.5,7555.75,7557.75,2357
2026-05-27 17:15:00,7557.75,7559.0,7556.75,7557.25,1839
2026-05-27 17:30:00,7557.25,7561.25,7556.0,7558.25,2802
2026-05-27 17:45:00,7558.25,7561.0,7557.0,7560.0,2101
2026-05-27 18:00:00,7560.25,7565.0,7560.0,7564.75,4614
2026-05-27 18:15:00,7564.75,7564.75,7561.0,7561.5,1930
2026-05-27 18:30:00,7561.5,7561.75,7559.25,7560.5,2507
2026-05-27 18:45:00,7560.5,7563.0,7560.25,7561.75,2509
2026-05-27 19:00:00,7562.0,7566.5,7561.0,7563.0,4653
2026-05-27 19:15:00,7563.0,7565.25,7559.75,7560.0,6009
2026-05-27 19:30:00,7560.0,7560.5,7556.0,7556.75,3885
2026-05-27 19:45:00,7556.5,7556.75,7550.5,7551.0,4738
2026-05-27 20:00:00,7551.25,7551.25,7547.25,7548.75,6713
2026-05-27 20:15:00,7548.75,7570.75,7545.25,7566.75,31153
2026-05-27 20:30:00,7567.0,7568.75,7558.25,7558.25,13851
2026-05-27 20:45:00,7558.25,7558.25,7551.5,7552.75,9701
2026-05-27 21:00:00,7552.75,7553.5,7544.75,7547.5,13425
2026-05-27 21:15:00,7547.25,7548.5,7541.75,7542.0,13448
2026-05-27 21:30:00,7541.75,7546.25,7525.5,7528.25,92142
2026-05-27 21:45:00,7528.25,7538.25,7526.25,7538.0,72362
2026-05-27 22:00:00,7538.0,7546.25,7534.5,7541.5,60234
2026-05-27 22:15:00,7541.5,7547.0,7528.75,7533.75,60999
2026-05-27 22:30:00,7533.75,7543.5,7525.75,7537.5,64160
2026-05-27 22:45:00,7537.75,7538.75,7528.0,7530.0,35901
2026-05-27 23:00:00,7530.0,7534.75,7527.0,7531.5,33591
2026-05-27 23:15:00,7531.5,7531.75,7522.0,7528.5,35109
2026-05-27 23:30:00,7528.75,7535.0,7518.5,7519.25,47742
2026-05-27 23:45:00,7519.25,7526.0,7516.5,7524.25,40490
2026-05-28 00:00:00,7524.25,7530.5,7519.0,7529.0,29988
2026-05-28 00:15:00,7529.0,7531.5,7526.5,7529.5,20318
2026-05-28 00:30:00,7529.75,7537.5,7527.75,7535.5,19208
2026-05-28 00:45:00,7535.75,7539.75,7529.25,7531.0,24348
2026-05-28 01:00:00,7531.0,7532.0,7515.0,7522.0,38594
2026-05-28 01:15:00,7522.0,7528.25,7520.5,7524.75,20249
2026-05-28 01:30:00,7524.75,7532.5,7524.5,7527.25,19547
2026-05-28 01:45:00,7527.0,7533.75,7525.0,7530.75,18280
2026-05-28 02:00:00,7530.5,7534.0,7526.5,7533.5,17199
2026-05-28 02:15:00,7533.75,7541.5,7532.25,7540.5,21863
2026-05-28 02:30:00,7540.5,7542.75,7537.75,7541.75,19889
2026-05-28 02:45:00,7541.75,7544.25,7540.25,7542.0,19520
2026-05-28 03:00:00,7542.0,7545.25,7539.5,7543.0,19540
2026-05-28 03:15:00,7543.0,7543.75,7536.75,7539.5,19451
2026-05-28 03:30:00,7539.25,7542.75,7537.25,7542.5,23792
2026-05-28 03:45:00,7542.75,7542.75,7535.25,7539.75,97479
2026-05-28 04:00:00,7539.75,7543.75,7538.5,7543.0,25276
2026-05-28 04:15:00,7543.25,7549.25,7543.25,7546.0,8918
2026-05-28 04:30:00,7546.0,7549.25,7546.0,7549.0,4001
2026-05-28 04:45:00,7549.0,7557.25,7549.0,7554.25,7935
2026-05-28 06:00:00,7553.75,7557.75,7548.75,7550.0,2303
2026-05-28 06:15:00,7549.75,7552.0,7545.0,7545.0,2642
2026-05-28 06:30:00,7545.0,7547.75,7541.25,7544.75,3183
2026-05-28 06:45:00,7544.5,7547.0,7543.5,7546.25,1218
2026-05-28 07:00:00,7546.0,7547.75,7544.0,7545.5,1119
2026-05-28 07:15:00,7545.25,7549.25,7540.75,7543.5,3185
2026-05-28 07:30:00,7543.5,7543.5,7536.5,7537.75,2189
2026-05-28 07:45:00,7537.75,7537.75,7532.25,7534.5,2934
2026-05-28 08:00:00,7534.25,7539.75,7532.5,7534.0,2993
2026-05-28 08:15:00,7534.5,7542.25,7533.75,7540.0,3205
2026-05-28 08:30:00,7540.0,7542.5,7536.25,7541.5,2097
2026-05-28 08:45:00,7541.5,7551.75,7541.25,7549.25,2777
2026-05-28 09:00:00,7549.0,7550.25,7544.25,7547.25,1646
2026-05-28 09:15:00,7547.25,7548.25,7544.0,7546.5,1391
2026-05-28 09:30:00,7546.5,7549.25,7544.75,7545.0,1526
2026-05-28 09:45:00,7545.5,7550.5,7542.75,7549.25,1836
2026-05-28 10:00:00,7549.5,7550.75,7542.75,7543.0,2398
2026-05-28 10:15:00,7543.0,7543.25,7537.75,7537.75,2895
2026-05-28 10:30:00,7537.75,7539.25,7533.25,7534.25,3486
2026-05-28 10:45:00,7534.25,7537.75,7532.5,7534.0,2493
2026-05-28 11:00:00,7534.25,7536.25,7527.75,7530.25,5438
2026-05-28 11:15:00,7530.25,7533.0,7526.75,7527.25,5208
2026-05-28 11:30:00,7527.25,7527.25,7512.75,7513.0,11199
2026-05-28 11:45:00,7512.75,7518.0,7511.5,7515.0,5177
2026-05-28 12:00:00,7514.0,7514.5,7508.75,7509.5,7062
2026-05-28 12:15:00,7509.5,7511.5,7505.75,7509.5,4488
2026-05-28 12:30:00,7509.25,7515.0,7508.25,7511.75,2853
2026-05-28 12:45:00,7511.5,7513.0,7508.75,7510.0,2821
2026-05-28 13:00:00,7510.0,7514.75,7507.0,7514.0,3527
2026-05-28 13:15:00,7514.0,7517.75,7512.25,7517.75,3783
2026-05-28 13:30:00,7517.75,7526.5,7517.0,7524.75,6332
2026-05-28 13:45:00,7525.0,7529.25,7525.0,7527.75,2994
2026-05-28 14:00:00,7528.0,7530.5,7527.5,7530.0,4228
2026-05-28 14:15:00,7530.25,7531.5,7528.0,7529.25,3288
2026-05-28 14:30:00,7529.0,7529.25,7524.25,7527.25,3617
2026-05-28 14:45:00,7527.25,7529.0,7523.75,7528.25,2151
2026-05-28 15:00:00,7528.25,7534.25,7528.25,7530.5,5943
2026-05-28 15:15:00,7530.5,7531.5,7528.5,7529.5,2747
2026-05-28 15:30:00,7529.75,7531.5,7528.0,7529.75,3345
2026-05-28 15:45:00,7530.0,7532.25,7525.25,7531.75,3151
2026-05-28 16:00:00,7531.75,7534.5,7529.75,7532.0,4249
2026-05-28 16:15:00,7532.0,7534.25,7526.75,7530.0,3383
2026-05-28 16:30:00,7530.0,7533.0,7529.0,7530.5,2337
2026-05-28 16:45:00,7530.5,7533.25,7529.25,7533.25,1906
2026-05-28 17:00:00,7533.0,7536.0,7530.0,7531.25,3013
2026-05-28 17:15:00,7531.0,7534.25,7531.0,7531.5,2154
2026-05-28 17:30:00,7531.5,7531.5,7527.5,7529.0,3064
2026-05-28 17:45:00,7529.0,7533.75,7528.5,7532.25,2084
2026-05-28 18:00:00,7532.25,7532.5,7528.0,7528.5,1679
2026-05-28 18:15:00,7528.5,7530.0,7524.0,7527.25,3023
2026-05-28 18:30:00,7527.25,7528.0,7523.25,7523.5,3678
2026-05-28 18:45:00,7523.75,7526.25,7515.0,7519.25,11076
2026-05-28 19:00:00,7519.0,7523.25,7517.5,7518.25,5886
2026-05-28 19:15:00,7518.25,7522.5,7518.0,7518.5,2504
2026-05-28 19:30:00,7518.5,7524.75,7517.0,7524.25,4733
2026-05-28 19:45:00,7524.5,7524.75,7520.5,7522.0,2663
2026-05-28 20:00:00,7522.0,7526.0,7520.75,7525.25,3097
2026-05-28 20:15:00,7525.0,7525.75,7521.0,7525.0,3458
2026-05-28 20:30:00,7525.0,7536.0,7524.75,7535.5,12528
2026-05-28 20:45:00,7535.5,7539.75,7535.0,7538.25,7322
2026-05-28 21:00:00,7538.25,7544.0,7535.5,7535.5,9619
2026-05-28 21:15:00,7535.75,7538.75,7534.5,7535.0,9885
2026-05-28 21:30:00,7535.25,7537.25,7525.25,7528.5,56757
2026-05-28 21:45:00,7528.75,7537.0,7526.25,7535.75,51636
2026-05-28 22:00:00,7535.75,7574.0,7533.25,7564.5,94959
2026-05-28 22:15:00,7564.5,7569.0,7553.25,7561.25,69664
2026-05-28 22:30:00,7561.5,7563.75,7551.25,7558.5,48780
2026-05-28 22:45:00,7558.5,7563.5,7552.0,7562.75,49359
2026-05-28 23:00:00,7562.75,7573.5,7561.5,7567.0,46467
2026-05-28 23:15:00,7567.25,7575.75,7565.0,7573.5,29764
2026-05-28 23:30:00,7573.5,7576.5,7571.75,7574.25,26830
2026-05-28 23:45:00,7574.25,7577.0,7572.25,7574.75,20040
2026-05-29 00:00:00,7574.75,7576.25,7570.75,7576.0,18493
2026-05-29 00:15:00,7576.0,7582.75,7574.0,7578.0,27834
2026-05-29 00:30:00,7578.0,7578.75,7574.5,7578.5,17640
2026-05-29 00:45:00,7578.25,7582.25,7576.5,7581.0,16731
2026-05-29 01:00:00,7581.0,7582.75,7576.5,7576.75,18325
2026-05-29 01:15:00,7577.0,7579.25,7574.75,7576.5,19160
2026-05-29 01:30:00,7576.75,7579.75,7575.0,7579.0,14814
2026-05-29 01:45:00,7579.0,7583.75,7578.5,7581.0,21791
2026-05-29 02:00:00,7581.0,7583.0,7578.75,7579.25,20048
2026-05-29 02:15:00,7579.25,7582.5,7578.0,7581.75,25702
2026-05-29 02:30:00,7581.75,7582.0,7576.75,7577.75,18828
2026-05-29 02:45:00,7577.75,7580.25,7576.0,7576.75,15520
2026-05-29 03:00:00,7576.5,7579.5,7575.25,7576.75,17433
2026-05-29 03:15:00,7576.75,7582.25,7576.0,7582.25,22035
2026-05-29 03:30:00,7582.0,7586.5,7581.5,7582.25,32199
2026-05-29 03:45:00,7582.25,7584.75,7579.75,7581.75,99333
2026-05-29 04:00:00,7582.0,7590.0,7580.0,7589.5,25779
2026-05-29 04:15:00,7589.5,7590.5,7587.25,7589.75,8248
2026-05-29 04:30:00,7589.75,7590.75,7587.5,7588.0,3916
2026-05-29 04:45:00,7588.0,7589.5,7587.5,7587.75,5153
2026-05-29 06:00:00,7587.5,7592.5,7585.75,7588.0,2190
2026-05-29 06:15:00,7588.0,7588.5,7585.0,7586.5,1453
2026-05-29 06:30:00,7586.5,7588.5,7585.0,7587.25,1548
2026-05-29 06:45:00,7587.25,7588.0,7585.25,7585.5,726
2026-05-29 07:00:00,7585.5,7588.75,7585.5,7588.0,997
2026-05-29 07:15:00,7588.0,7590.0,7587.75,7589.0,933
2026-05-29 07:30:00,7588.75,7588.75,7586.75,7587.0,663
2026-05-29 07:45:00,7587.0,7587.0,7584.0,7585.25,1260
2026-05-29 08:00:00,7585.0,7585.25,7582.0,7583.5,2636
2026-05-29 08:15:00,7583.5,7586.0,7582.5,7583.0,2380
2026-05-29 08:30:00,7583.0,7583.0,7577.0,7578.0,2993
2026-05-29 08:45:00,7578.0,7578.75,7575.75,7577.5,2443
2026-05-29 09:00:00,7577.5,7579.5,7574.0,7576.25,3597
2026-05-29 09:15:00,7576.0,7578.0,7574.25,7574.75,2351
2026-05-29 09:30:00,7574.75,7578.5,7572.75,7577.75,2704
2026-05-29 09:45:00,7578.0,7579.5,7574.5,7577.25,2166
2026-05-29 10:00:00,7577.25,7581.25,7576.25,7581.0,2356
2026-05-29 10:15:00,7580.75,7581.0,7574.25,7575.75,1539
2026-05-29 10:30:00,7575.75,7578.75,7575.0,7577.75,1067
2026-05-29 10:45:00,7577.75,7578.25,7575.25,7576.0,1131
2026-05-29 11:00:00,7576.25,7581.5,7575.75,7580.0,1824
2026-05-29 11:15:00,7580.0,7582.0,7579.25,7580.5,1313
2026-05-29 11:30:00,7580.75,7581.5,7579.25,7580.75,821
2026-05-29 11:45:00,7580.5,7582.75,7578.25,7580.5,1770
2026-05-29 12:00:00,7582.0,7583.0,7581.75,7582.25,1304
2026-05-29 12:15:00,7582.25,7584.5,7582.25,7584.0,1549
2026-05-29 12:30:00,7584.0,7586.75,7583.25,7586.75,1932
2026-05-29 12:45:00,7586.5,7587.5,7584.5,7585.0,1197
2026-05-29 13:00:00,7585.25,7587.5,7584.5,7586.25,1661
2026-05-29 13:15:00,7586.5,7588.0,7585.25,7587.5,1273
2026-05-29 13:30:00,7587.25,7587.5,7584.0,7585.5,1671
2026-05-29 13:45:00,7585.75,7587.25,7584.75,7586.0,1381
2026-05-29 14:00:00,7586.0,7590.25,7586.0,7589.25,3331
2026-05-29 14:15:00,7589.25,7592.5,7587.5,7587.75,4615
2026-05-29 14:30:00,7587.75,7590.75,7587.0,7590.25,2431
2026-05-29 14:45:00,7590.0,7592.75,7589.75,7592.5,2286
2026-05-29 15:00:00,7592.5,7592.75,7589.25,7589.75,3954
2026-05-29 15:15:00,7589.75,7590.0,7584.25,7585.75,3727
2026-05-29 15:30:00,7585.75,7586.0,7580.0,7582.25,4674
2026-05-29 15:45:00,7582.25,7587.0,7581.75,7586.5,3145
2026-05-29 16:00:00,7586.5,7589.5,7584.5,7588.25,3828
2026-05-29 16:15:00,7588.25,7589.0,7584.75,7587.5,2440
2026-05-29 16:30:00,7587.5,7588.75,7585.75,7586.0,2010
2026-05-29 16:45:00,7585.75,7586.25,7582.25,7586.0,3324
2026-05-29 17:00:00,7586.0,7593.5,7585.25,7592.75,4433
2026-05-29 17:15:00,7592.75,7595.25,7589.75,7592.25,3973
2026-05-29 17:30:00,7592.25,7592.5,7589.75,7590.25,2103
2026-05-29 17:45:00,7590.5,7593.25,7589.75,7590.25,2358
2026-05-29 18:00:00,7590.5,7590.5,7585.0,7587.25,2782
2026-05-29 18:15:00,7587.25,7589.25,7585.75,7588.5,2347
2026-05-29 18:30:00,7588.75,7590.75,7587.0,7589.75,2830
2026-05-29 18:45:00,7589.75,7591.25,7589.25,7590.25,1976
2026-05-29 19:00:00,7590.25,7593.25,7589.5,7592.75,3874
2026-05-29 19:15:00,7592.75,7595.75,7590.0,7590.0,4730
2026-05-29 19:30:00,7590.25,7592.5,7586.25,7591.25,4432
2026-05-29 19:45:00,7591.0,7593.75,7584.25,7593.5,7326
2026-05-29 20:00:00,7593.5,7594.0,7589.5,7590.25,3704
2026-05-29 20:15:00,7590.0,7593.0,7589.25,7592.0,2763
2026-05-29 20:30:00,7592.0,7592.75,7586.0,7589.0,7278
2026-05-29 20:45:00,7588.75,7592.25,7586.5,7591.25,4038
2026-05-29 21:00:00,7591.5,7593.25,7589.0,7589.25,4966
2026-05-29 21:15:00,7589.25,7591.0,7587.25,7590.75,10236
2026-05-29 21:30:00,7590.5,7606.0,7586.75,7605.75,73278
2026-05-29 21:45:00,7605.75,7610.0,7603.75,7609.0,49287
2026-05-29 22:00:00,7608.75,7611.5,7602.75,7604.0,47060
2026-05-29 22:15:00,7604.25,7604.25,7589.25,7597.0,75309
2026-05-29 22:30:00,7596.75,7600.25,7581.75,7582.75,74143
2026-05-29 22:45:00,7582.25,7598.25,7577.5,7590.75,86937
2026-05-29 23:00:00,7591.0,7603.5,7589.25,7603.5,44773
2026-05-29 23:15:00,7603.25,7604.75,7593.25,7598.25,41883
2026-05-29 23:30:00,7598.5,7604.0,7595.25,7597.5,47244
2026-05-29 23:45:00,7597.25,7599.5,7593.25,7594.75,23991
2026-05-30 00:00:00,7594.75,7605.25,7593.75,7603.25,21668
2026-05-30 00:15:00,7603.25,7604.0,7597.25,7598.0,19629
2026-05-30 00:30:00,7598.0,7608.5,7595.25,7605.25,42283
2026-05-30 00:45:00,7605.0,7606.0,7595.5,7598.25,26318
2026-05-30 01:00:00,7598.0,7600.5,7595.25,7597.75,21323
2026-05-30 01:15:00,7597.75,7600.25,7592.0,7596.0,29966
2026-05-30 01:30:00,7596.25,7597.25,7590.25,7590.75,19309
2026-05-30 01:45:00,7591.0,7593.25,7582.5,7583.5,30552
2026-05-30 02:00:00,7583.25,7591.75,7581.75,7588.0,28645
2026-05-30 02:15:00,7588.0,7594.75,7586.25,7593.5,21765
2026-05-30 02:30:00,7593.5,7598.25,7593.5,7594.75,21094
2026-05-30 02:45:00,7594.75,7594.75,7584.5,7585.25,43273
2026-05-30 03:00:00,7585.25,7595.75,7583.75,7594.5,27588
2026-05-30 03:15:00,7594.5,7599.5,7590.25,7599.25,36075
2026-05-30 03:30:00,7599.5,7607.0,7599.0,7602.5,44917
2026-05-30 03:45:00,7602.5,7604.25,7593.0,7594.5,215288
2026-05-30 04:00:00,7594.75,7599.0,7593.25,7596.25,51843
2026-05-30 04:15:00,7596.5,7596.5,7589.25,7590.75,10589
2026-05-30 04:30:00,7591.0,7592.75,7589.75,7590.0,5930
2026-05-30 04:45:00,7590.25,7595.75,7589.25,7595.75,7442
2026-06-01 06:00:00,7589.0,7594.75,7587.75,7594.75,773
2026-06-01 06:15:00,7594.25,7597.5,7592.0,7595.75,3829
2026-06-01 06:30:00,7595.5,7600.0,7595.25,7599.75,2111
2026-06-01 06:45:00,7600.0,7603.25,7599.75,7601.5,2006
2026-06-01 07:00:00,7601.5,7604.0,7600.25,7603.0,1368
2026-06-01 07:15:00,7602.75,7604.75,7600.75,7603.75,1338
2026-06-01 07:30:00,7604.0,7605.25,7602.75,7603.75,1082
2026-06-01 07:45:00,7603.75,7606.5,7602.5,7605.25,1182
2026-06-01 08:00:00,7605.25,7612.0,7604.5,7609.25,5023
2026-06-01 08:15:00,7609.25,7612.0,7607.0,7611.75,2717
2026-06-01 08:30:00,7611.5,7613.5,7609.5,7611.5,2808
2026-06-01 08:45:00,7611.5,7614.0,7610.75,7611.75,2793
2026-06-01 09:00:00,7611.5,7612.75,7608.25,7610.25,2844
2026-06-01 09:15:00,7610.25,7613.25,7610.0,7610.75,2482
2026-06-01 09:30:00,7610.75,7613.0,7610.25,7612.75,2286
2026-06-01 09:45:00,7612.75,7614.5,7612.25,7613.75,2663
2026-06-01 10:00:00,7613.75,7617.5,7613.75,7617.0,3380
2026-06-01 10:15:00,7617.0,7617.75,7616.25,7616.75,1411
2026-06-01 10:30:00,7616.75,7617.0,7614.75,7615.0,1255
2026-06-01 10:45:00,7615.0,7615.75,7614.0,7615.5,1053
2026-06-01 11:00:00,7615.5,7617.25,7615.0,7615.25,1352
2026-06-01 11:15:00,7615.25,7618.0,7611.0,7617.5,3970
2026-06-01 11:30:00,7617.25,7619.75,7612.5,7612.5,2484
2026-06-01 11:45:00,7612.75,7614.5,7611.5,7612.5,1586
2026-06-01 12:00:00,7612.25,7615.25,7612.25,7614.25,1398
2026-06-01 12:15:00,7614.25,7615.5,7613.25,7614.75,1069
2026-06-01 12:30:00,7615.0,7618.0,7614.25,7617.75,1444
2026-06-01 12:45:00,7617.75,7617.75,7616.25,7617.5,1157
2026-06-01 13:00:00,7617.5,7617.75,7615.0,7616.5,1336
2026-06-01 13:15:00,7616.5,7617.0,7614.0,7614.25,1393
2026-06-01 13:30:00,7614.5,7617.5,7614.5,7617.25,1637
2026-06-01 13:45:00,7617.25,7619.0,7616.75,7617.75,1468
2026-06-01 14:00:00,7618.0,7618.75,7616.75,7617.5,1473
2026-06-01 14:15:00,7617.5,7617.75,7614.25,7614.5,2202
2026-06-01 14:30:00,7614.5,7617.5,7614.25,7616.5,2031
2026-06-01 14:45:00,7616.5,7618.5,7616.0,7617.5,2450
2026-06-01 15:00:00,7617.75,7620.5,7616.25,7618.75,4979
2026-06-01 15:15:00,7618.75,7619.5,7612.0,7613.25,4702
2026-06-01 15:30:00,7613.25,7614.5,7607.5,7609.0,4325
2026-06-01 15:45:00,7609.0,7612.0,7607.5,7611.25,3194
2026-06-01 16:00:00,7611.25,7612.75,7608.75,7609.75,3910
2026-06-01 16:15:00,7609.75,7610.5,7607.5,7607.75,2442
2026-06-01 16:30:00,7607.75,7609.5,7605.75,7609.5,2701
2026-06-01 16:45:00,7609.5,7614.25,7605.75,7614.0,4407
2026-06-01 17:00:00,7614.25,7616.5,7611.5,7612.0,3748
2026-06-01 17:15:00,7612.0,7613.75,7611.0,7612.25,2000
2026-06-01 17:30:00,7612.25,7613.0,7611.0,7612.25,2687
2026-06-01 17:45:00,7612.0,7612.25,7609.0,7610.0,2808
2026-06-01 18:00:00,7610.0,7614.75,7610.0,7614.25,2301
2026-06-01 18:15:00,7614.25,7615.25,7612.0,7614.5,1783
2026-06-01 18:30:00,7614.75,7617.75,7614.75,7616.75,2429
2026-06-01 18:45:00,7617.0,7617.0,7615.0,7616.5,1656
2026-06-01 19:00:00,7616.25,7617.5,7614.0,7615.25,3445
2026-06-01 19:15:00,7615.25,7617.25,7614.0,7616.75,3333
2026-06-01 19:30:00,7616.75,7623.0,7615.5,7619.25,6110
2026-06-01 19:45:00,7619.25,7620.25,7613.75,7614.25,5127
2026-06-01 20:00:00,7614.25,7614.25,7608.0,7608.5,7131
2026-06-01 20:15:00,7608.5,7611.5,7606.25,7610.25,7485
2026-06-01 20:30:00,7610.25,7614.5,7606.75,7613.75,8279
2026-06-01 20:45:00,7613.75,7615.75,7608.25,7608.75,7235
2026-06-01 21:00:00,7608.75,7610.25,7581.5,7588.75,41726
2026-06-01 21:15:00,7588.75,7596.0,7577.0,7583.0,42469
2026-06-01 21:30:00,7583.0,7595.0,7576.25,7591.25,74845
2026-06-01 21:45:00,7591.5,7596.75,7583.25,7584.75,50309
2026-06-01 22:00:00,7585.25,7594.0,7581.5,7587.75,61094
2026-06-01 22:15:00,7587.75,7596.25,7585.25,7587.0,59409
2026-06-01 22:30:00,7587.0,7590.25,7581.0,7586.25,37452
2026-06-01 22:45:00,7586.25,7588.25,7581.25,7585.0,25794
2026-06-01 23:00:00,7585.0,7591.25,7582.75,7587.5,35229
2026-06-01 23:15:00,7587.5,7592.25,7586.25,7589.75,24005
2026-06-01 23:30:00,7589.75,7603.0,7589.5,7601.25,71846
2026-06-01 23:45:00,7601.5,7601.75,7595.0,7595.5,28208
2026-06-02 00:00:00,7595.5,7600.75,7591.25,7593.5,33567
2026-06-02 00:15:00,7593.5,7596.75,7587.0,7596.25,27444
2026-06-02 00:30:00,7596.25,7601.0,7596.0,7599.0,28024
2026-06-02 00:45:00,7599.0,7609.25,7596.5,7607.75,41161
2026-06-02 01:00:00,7607.75,7608.5,7598.75,7601.25,30655
2026-06-02 01:15:00,7601.5,7614.0,7599.5,7613.75,25221
2026-06-02 01:30:00,7614.0,7632.25,7606.75,7623.5,73272
2026-06-02 01:45:00,7623.5,7629.75,7623.25,7624.25,38488
2026-06-02 02:00:00,7624.25,7627.0,7622.0,7622.75,20158
2026-06-02 02:15:00,7623.0,7628.25,7622.25,7627.25,17119
2026-06-02 02:30:00,7627.25,7628.0,7624.25,7627.75,13242
2026-06-02 02:45:00,7627.75,7627.75,7623.5,7624.25,12906
2026-06-02 03:00:00,7624.25,7626.0,7622.75,7623.5,19435
2026-06-02 03:15:00,7623.5,7626.5,7622.75,7625.75,15037
2026-06-02 03:30:00,7625.5,7625.75,7617.75,7619.0,31173
2026-06-02 03:45:00,7618.75,7620.0,7610.5,7613.75,113978
2026-06-02 04:00:00,7613.75,7616.25,7613.0,7615.75,25404
2026-06-02 04:15:00,7615.5,7615.75,7610.75,7611.75,5976
2026-06-02 04:30:00,7611.75,7618.0,7610.5,7615.25,7271
2026-06-02 04:45:00,7615.0,7615.25,7606.5,7608.5,11872
2026-06-02 06:00:00,7612.0,7612.0,7595.5,7598.5,2599
2026-06-02 06:15:00,7598.5,7600.25,7593.75,7594.5,2834
2026-06-02 06:30:00,7594.25,7595.75,7591.0,7592.0,2143
2026-06-02 06:45:00,7592.25,7595.5,7591.25,7595.5,2144
2026-06-02 07:00:00,7595.5,7596.25,7593.5,7594.75,1055
2026-06-02 07:15:00,7594.75,7596.75,7594.25,7595.25,801
2026-06-02 07:30:00,7595.5,7599.0,7593.75,7595.25,2396
2026-06-02 07:45:00,7595.5,7596.25,7592.0,7595.75,1529
2026-06-02 08:00:00,7595.75,7596.0,7586.75,7588.25,5646
2026-06-02 08:15:00,7588.25,7591.0,7583.75,7586.75,4599
2026-06-02 08:30:00,7586.75,7589.75,7583.25,7585.25,3480
2026-06-02 08:45:00,7585.0,7585.5,7580.25,7581.75,2964
2026-06-02 09:00:00,7581.5,7586.0,7580.0,7585.25,4613
2026-06-02 09:15:00,7585.5,7586.0,7578.5,7583.0,2950
2026-06-02 09:30:00,7583.0,7585.0,7579.25,7581.0,3860
2026-06-02 09:45:00,7581.0,7581.0,7577.5,7577.5,3306
2026-06-02 10:00:00,7577.75,7579.75,7577.25,7578.25,2729
2026-06-02 10:15:00,7578.25,7581.75,7577.25,7579.75,2095
2026-06-02 10:30:00,7580.0,7583.25,7580.0,7581.75,1938
2026-06-02 10:45:00,7582.0,7582.5,7579.75,7581.5,1161
2026-06-02 11:00:00,7581.25,7582.75,7577.5,7578.5,2736
2026-06-02 11:15:00,7578.5,7580.0,7576.5,7578.25,2535
2026-06-02 11:30:00,7578.0,7580.75,7577.0,7580.25,2036
2026-06-02 11:45:00,7580.0,7582.25,7579.75,7581.25,1896
2026-06-02 12:00:00,7583.5,7584.25,7582.25,7582.5,2079
2026-06-02 12:15:00,7582.25,7586.75,7581.5,7585.5,1769
2026-06-02 12:30:00,7585.5,7586.0,7584.0,7585.75,1300
2026-06-02 12:45:00,7585.5,7590.75,7585.25,7590.25,2692
2026-06-02 13:00:00,7590.5,7592.75,7588.5,7592.75,2532
2026-06-02 13:15:00,7592.75,7594.25,7591.5,7593.5,1459
2026-06-02 13:30:00,7593.75,7596.75,7593.75,7595.25,1906
2026-06-02 13:45:00,7595.25,7595.5,7592.0,7594.25,1399
2026-06-02 14:00:00,7594.0,7598.0,7593.75,7596.25,3233
2026-06-02 14:15:00,7596.25,7598.75,7596.25,7597.25,1989
2026-06-02 14:30:00,7597.25,7600.25,7595.25,7598.5,3731
2026-06-02 14:45:00,7598.5,7602.5,7598.25,7601.5,2416
2026-06-02 15:00:00,7601.5,7605.25,7601.25,7604.75,4123
2026-06-02 15:15:00,7604.5,7606.0,7603.25,7604.0,2874
2026-06-02 15:30:00,7604.0,7605.0,7602.25,7604.25,2790
2026-06-02 15:45:00,7604.25,7606.5,7602.25,7606.25,3191
2026-06-02 16:00:00,7606.25,7610.5,7605.75,7606.75,5737
2026-06-02 16:15:00,7606.75,7609.0,7603.25,7603.75,5970
2026-06-02 16:30:00,7603.75,7607.5,7603.5,7605.25,2660
2026-06-02 16:45:00,7605.5,7607.75,7604.75,7605.75,2218
2026-06-02 17:00:00,7605.5,7605.5,7601.75,7602.5,2304
2026-06-02 17:15:00,7602.5,7604.25,7599.0,7600.25,2959
2026-06-02 17:30:00,7600.25,7605.25,7598.5,7604.5,3374
2026-06-02 17:45:00,7604.5,7605.75,7601.0,7601.5,3614
2026-06-02 18:00:00,7601.5,7603.25,7599.5,7601.75,1959
2026-06-02 18:15:00,7601.75,7603.5,7600.75,7602.0,2146
2026-06-02 18:30:00,7602.25,7602.75,7599.25,7600.0,1448
2026-06-02 18:45:00,7600.0,7601.0,7598.75,7599.0,1898
2026-06-02 19:00:00,7599.0,7601.75,7595.5,7598.5,4116
2026-06-02 19:15:00,7598.5,7598.75,7596.0,7598.5,3096
2026-06-02 19:30:00,7598.75,7604.5,7598.5,7598.75,4329
2026-06-02 19:45:00,7599.0,7599.25,7596.0,7596.25,2492
2026-06-02 20:00:00,7596.25,7600.25,7595.25,7598.5,3908
2026-06-02 20:15:00,7598.25,7603.0,7597.25,7601.25,4878
2026-06-02 20:30:00,7601.0,7602.0,7597.25,7601.25,5849
2026-06-02 20:45:00,7601.25,7601.5,7596.5,7597.0,4495
2026-06-02 21:00:00,7597.0,7598.25,7587.5,7591.75,15460
2026-06-02 21:15:00,7591.75,7599.75,7590.75,7598.0,12892
2026-06-02 21:30:00,7598.25,7605.25,7595.5,7601.0,68718
2026-06-02 21:45:00,7601.25,7605.25,7600.75,7603.75,39570
2026-06-02 22:00:00,7603.5,7611.75,7600.0,7609.5,42949
2026-06-02 22:15:00,7609.5,7612.5,7603.0,7604.75,47862
2026-06-02 22:30:00,7605.0,7617.25,7604.75,7617.0,37333
2026-06-02 22:45:00,7616.75,7625.25,7616.0,7625.25,36541
2026-06-02 23:00:00,7625.25,7630.25,7621.75,7628.0,41042
2026-06-02 23:15:00,7628.0,7632.0,7626.5,7627.0,31973
2026-06-02 23:30:00,7626.75,7628.5,7623.75,7624.75,30527
2026-06-02 23:45:00,7624.75,7627.25,7623.5,7624.75,19135
2026-06-03 00:00:00,7624.75,7627.75,7621.75,7626.75,25204
2026-06-03 00:15:00,7626.5,7626.75,7620.0,7621.25,21330
2026-06-03 00:30:00,7621.25,7623.25,7618.75,7620.75,18955
2026-06-03 00:45:00,7621.0,7627.25,7620.5,7626.5,16987
2026-06-03 01:00:00,7626.5,7627.5,7623.75,7626.75,16263
2026-06-03 01:15:00,7626.75,7626.75,7617.0,7618.0,26152
2026-06-03 01:30:00,7618.0,7621.25,7615.5,7618.75,20426
2026-06-03 01:45:00,7618.75,7621.0,7616.25,7616.5,13956
2026-06-03 02:00:00,7616.75,7621.25,7616.0,7618.5,16866
2026-06-03 02:15:00,7618.25,7619.0,7616.5,7617.5,14219
2026-06-03 02:30:00,7617.5,7620.25,7614.25,7616.25,19083
2026-06-03 02:45:00,7616.5,7619.75,7615.75,7619.0,16000
2026-06-03 03:00:00,7619.0,7622.75,7618.75,7620.5,18478
2026-06-03 03:15:00,7620.5,7623.75,7620.0,7621.5,17521
2026-06-03 03:30:00,7621.5,7623.0,7620.0,7620.25,15711
2026-06-03 03:45:00,7620.0,7625.25,7619.5,7623.5,95104
2026-06-03 04:00:00,7623.5,7630.0,7623.25,7626.75,32012
2026-06-03 04:15:00,7627.0,7629.5,7625.75,7626.25,5549
2026-06-03 04:30:00,7626.25,7628.5,7625.75,7628.25,2760
2026-06-03 04:45:00,7628.0,7629.0,7627.25,7628.25,7610
2026-06-03 06:00:00,7628.0,7628.5,7622.25,7623.5,1780
2026-06-03 06:15:00,7623.5,7625.75,7622.5,7625.0,1494
2026-06-03 06:30:00,7625.0,7627.0,7624.5,7625.5,1433
2026-06-03 06:45:00,7625.5,7626.25,7620.5,7621.5,2536
2026-06-03 07:00:00,7621.5,7622.0,7614.5,7615.75,3182
2026-06-03 07:15:00,7615.75,7616.25,7602.0,7610.25,11401
2026-06-03 07:30:00,7610.5,7622.75,7608.0,7621.5,9391
2026-06-03 07:45:00,7621.5,7625.75,7618.5,7624.5,3971
2026-06-03 08:00:00,7624.5,7626.5,7620.25,7620.5,3434
2026-06-03 08:15:00,7620.75,7624.5,7619.5,7622.25,1666
2026-06-03 08:30:00,7622.5,7625.75,7621.5,7625.5,1731
2026-06-03 08:45:00,7625.5,7627.0,7625.0,7625.25,1582
2026-06-03 09:00:00,7625.25,7626.0,7620.25,7620.25,2275
2026-06-03 09:15:00,7620.25,7622.0,7620.0,7621.5,1098
2026-06-03 09:30:00,7621.25,7623.5,7619.25,7620.5,2739
2026-06-03 09:45:00,7620.5,7622.5,7619.25,7621.75,2453
2026-06-03 10:00:00,7622.0,7623.0,7620.25,7622.75,1134
2026-06-03 10:15:00,7622.5,7623.0,7620.0,7621.25,1209
2026-06-03 10:30:00,7621.25,7622.75,7620.5,7621.5,734
2026-06-03 10:45:00,7621.5,7621.5,7620.0,7621.5,759
2026-06-03 11:00:00,7621.25,7622.75,7621.0,7622.75,695
2026-06-03 11:15:00,7622.5,7624.5,7621.25,7621.25,1000
2026-06-03 11:30:00,7621.5,7623.5,7621.5,7623.25,591
2026-06-03 11:45:00,7623.25,7624.0,7621.75,7623.5,609
2026-06-03 12:00:00,7624.75,7625.75,7624.0,7625.25,1180
2026-06-03 12:15:00,7625.25,7626.0,7624.25,7624.5,645
2026-06-03 12:30:00,7624.75,7625.75,7624.0,7624.75,649
2026-06-03 12:45:00,7625.0,7625.0,7622.0,7622.25,764
2026-06-03 13:00:00,7622.25,7624.25,7619.5,7623.25,2049
2026-06-03 13:15:00,7623.25,7624.5,7621.5,7621.75,1033
2026-06-03 13:30:00,7621.75,7622.25,7619.0,7619.25,1517
2026-06-03 13:45:00,7619.25,7620.0,7617.5,7619.0,1242
2026-06-03 14:00:00,7619.0,7621.75,7615.75,7618.0,2889
2026-06-03 14:15:00,7617.75,7619.25,7617.0,7618.5,1520
2026-06-03 14:30:00,7618.5,7622.0,7616.75,7619.5,2861
2026-06-03 14:45:00,7619.5,7619.75,7617.5,7619.25,1933
2026-06-03 15:00:00,7619.0,7623.5,7617.75,7622.25,3279
2026-06-03 15:15:00,7622.5,7623.25,7618.5,7619.0,2001
2026-06-03 15:30:00,7619.0,7620.25,7615.75,7617.5,3170
2026-06-03 15:45:00,7617.5,7620.5,7617.25,7620.25,2015
2026-06-03 16:00:00,7620.25,7622.0,7617.25,7619.75,3991
2026-06-03 16:15:00,7619.5,7621.5,7615.25,7621.5,4753
2026-06-03 16:30:00,7621.5,7622.25,7618.0,7618.75,2941
2026-06-03 16:45:00,7619.0,7620.0,7617.25,7618.75,2346
2026-06-03 17:00:00,7618.5,7621.5,7617.5,7619.0,2703
2026-06-03 17:15:00,7619.0,7620.25,7616.75,7618.75,2462
2026-06-03 17:30:00,7618.75,7619.25,7614.75,7615.5,3024
2026-06-03 17:45:00,7615.5,7615.75,7611.25,7612.0,3298
2026-06-03 18:00:00,7612.0,7622.25,7610.5,7616.5,11314
2026-06-03 18:15:00,7616.5,7616.5,7613.5,7616.25,3684
2026-06-03 18:30:00,7616.0,7618.0,7611.0,7611.0,3853
2026-06-03 18:45:00,7611.0,7615.75,7611.0,7614.5,2695
2026-06-03 19:00:00,7614.5,7618.0,7614.5,7616.75,2820
2026-06-03 19:15:00,7617.0,7618.75,7615.75,7617.5,2455
2026-06-03 19:30:00,7617.5,7620.25,7617.5,7618.75,2862
2026-06-03 19:45:00,7618.5,7619.25,7616.25,7616.25,2654
2026-06-03 20:00:00,7616.5,7619.0,7616.0,7617.0,3975
2026-06-03 20:15:00,7617.0,7617.0,7611.25,7611.25,4676
2026-06-03 20:30:00,7611.25,7611.25,7604.0,7607.75,13090
2026-06-03 20:45:00,7607.75,7610.0,7603.75,7607.0,7430
2026-06-03 21:00:00,7607.0,7608.75,7605.75,7607.5,7812
2026-06-03 21:15:00,7607.25,7609.25,7605.5,7608.5,11317
2026-06-03 21:30:00,7608.5,7614.75,7592.0,7592.5,82461
2026-06-03 21:45:00,7592.25,7594.5,7574.0,7586.25,97563
2026-06-03 22:00:00,7586.5,7596.5,7585.0,7596.25,52552
2026-06-03 22:15:00,7596.0,7597.0,7586.5,7595.0,44717
2026-06-03 22:30:00,7594.75,7597.25,7590.75,7591.5,31193
2026-06-03 22:45:00,7591.5,7592.25,7583.75,7588.75,34843
2026-06-03 23:00:00,7589.0,7592.25,7585.5,7587.25,24376
2026-06-03 23:15:00,7587.25,7589.75,7580.5,7588.5,31619
2026-06-03 23:30:00,7588.5,7590.0,7578.0,7579.0,36704
2026-06-03 23:45:00,7579.0,7582.75,7574.75,7579.25,29409
2026-06-04 00:00:00,7579.25,7582.0,7576.75,7579.75,24296
2026-06-04 00:15:00,7579.5,7579.5,7565.75,7570.0,41428
2026-06-04 00:30:00,7570.0,7573.5,7562.5,7567.5,32927
2026-06-04 00:45:00,7567.5,7578.75,7567.25,7578.25,39476
2026-06-04 01:00:00,7578.0,7578.75,7568.0,7569.75,32072
2026-06-04 01:15:00,7569.75,7573.75,7567.0,7573.25,20340
2026-06-04 01:30:00,7573.25,7581.0,7568.75,7579.0,22231
2026-06-04 01:45:00,7579.25,7585.0,7577.75,7583.0,21140
2026-06-04 02:00:00,7583.0,7583.75,7578.5,7580.5,17636
2026-06-04 02:15:00,7580.5,7587.75,7577.25,7587.25,25643
2026-06-04 02:30:00,7587.25,7588.0,7582.5,7584.5,22855
2026-06-04 02:45:00,7584.5,7586.5,7582.25,7583.5,15647
2026-06-04 03:00:00,7583.5,7583.5,7574.25,7577.5,32314
2026-06-04 03:15:00,7577.5,7581.75,7573.5,7575.75,28992
2026-06-04 03:30:00,7575.75,7582.75,7573.5,7580.5,33844
2026-06-04 03:45:00,7580.5,7582.5,7568.5,7572.5,151909
2026-06-04 04:00:00,7572.5,7573.25,7566.0,7567.25,40060
2026-06-04 04:15:00,7567.25,7568.0,7552.5,7558.5,22708
2026-06-04 04:30:00,7558.5,7559.25,7543.0,7544.0,11137
2026-06-04 04:45:00,7544.25,7549.0,7541.75,7547.5,8153
2026-06-04 06:00:00,7539.75,7545.5,7533.25,7540.25,2809
2026-06-04 06:15:00,7540.0,7540.75,7532.5,7538.25,3578
2026-06-04 06:30:00,7537.75,7541.25,7535.0,7537.25,2721
2026-06-04 06:45:00,7537.0,7546.25,7530.5,7543.5,5593
2026-06-04 07:00:00,7543.5,7544.75,7534.5,7537.0,3336
2026-06-04 07:15:00,7537.25,7538.0,7531.75,7534.75,2462
2026-06-04 07:30:00,7535.0,7537.5,7529.0,7531.0,2764
2026-06-04 07:45:00,7531.0,7538.5,7529.0,7534.5,2684
2026-06-04 08:00:00,7534.25,7543.5,7531.5,7539.75,4818
2026-06-04 08:15:00,7539.75,7544.0,7535.5,7540.5,3076
2026-06-04 08:30:00,7540.25,7548.75,7540.25,7546.5,3456
2026-06-04 08:45:00,7546.5,7547.0,7542.25,7546.5,2036
2026-06-04 09:00:00,7546.5,7551.25,7545.75,7549.25,2943
2026-06-04 09:15:00,7549.25,7549.5,7542.75,7545.5,2185
2026-06-04 09:30:00,7545.5,7551.0,7543.25,7544.75,1956
2026-06-04 09:45:00,7544.75,7545.5,7536.5,7540.75,2745
2026-06-04 10:00:00,7540.75,7541.5,7533.5,7533.75,2400
2026-06-04 10:15:00,7534.0,7537.5,7527.5,7535.25,3488
2026-06-04 10:30:00,7535.5,7536.0,7531.25,7535.0,2550
2026-06-04 10:45:00,7534.75,7539.25,7534.25,7535.0,1695
2026-06-04 11:00:00,7535.0,7540.5,7534.25,7538.0,1673
2026-06-04 11:15:00,7538.0,7542.5,7538.0,7542.0,1364
2026-06-04 11:30:00,7542.25,7544.75,7539.25,7540.0,1541
2026-06-04 11:45:00,7539.75,7543.25,7538.25,7543.25,972
2026-06-04 12:00:00,7543.25,7546.25,7542.75,7546.0,1018
2026-06-04 12:15:00,7546.25,7546.75,7544.0,7545.25,1014
2026-06-04 12:30:00,7545.25,7548.0,7543.75,7547.25,1318
2026-06-04 12:45:00,7547.5,7547.75,7544.5,7546.25,1141
2026-06-04 13:00:00,7546.0,7546.75,7538.5,7541.75,2021
2026-06-04 13:15:00,7542.0,7544.25,7539.25,7540.25,1288
2026-06-04 13:30:00,7540.25,7545.0,7539.25,7544.75,1639
2026-06-04 13:45:00,7544.75,7544.75,7539.5,7543.75,1328
2026-06-04 14:00:00,7543.75,7547.25,7542.75,7545.25,2061
2026-06-04 14:15:00,7545.0,7546.0,7542.25,7546.0,2102
2026-06-04 14:30:00,7545.75,7551.0,7543.5,7550.75,2786
2026-06-04 14:45:00,7550.75,7553.0,7547.75,7552.75,2862
2026-06-04 15:00:00,7552.75,7557.5,7550.75,7556.0,5365
2026-06-04 15:15:00,7556.0,7556.5,7550.75,7556.25,4285
2026-06-04 15:30:00,7556.0,7557.75,7553.25,7554.25,3519
2026-06-04 15:45:00,7554.0,7555.25,7552.25,7553.75,2217
2026-06-04 16:00:00,7553.5,7553.75,7543.0,7543.0,5313
2026-06-04 16:15:00,7542.75,7545.75,7537.0,7543.75,7481
2026-06-04 16:30:00,7544.0,7550.0,7541.5,7543.5,6094
2026-06-04 16:45:00,7543.75,7545.5,7538.0,7540.75,3564
2026-06-04 17:00:00,7540.5,7540.5,7532.75,7533.25,6404
2026-06-04 17:15:00,7533.25,7540.75,7532.25,7540.25,4686
2026-06-04 17:30:00,7540.25,7547.25,7538.75,7544.0,3945
2026-06-04 17:45:00,7544.0,7549.75,7543.75,7547.75,3216
2026-06-04 18:00:00,7547.75,7547.75,7541.75,7543.5,3054
2026-06-04 18:15:00,7543.25,7543.25,7537.25,7537.75,3063
2026-06-04 18:30:00,7537.75,7540.25,7535.0,7535.25,3264
2026-06-04 18:45:00,7535.0,7536.5,7528.0,7533.5,6573
2026-06-04 19:00:00,7533.75,7538.0,7532.75,7537.0,6118
2026-06-04 19:15:00,7536.75,7543.75,7535.5,7540.25,6433
2026-06-04 19:30:00,7540.5,7542.75,7524.5,7533.0,11193
2026-06-04 19:45:00,7532.75,7546.0,7530.75,7544.0,11018
2026-06-04 20:00:00,7543.75,7547.5,7536.75,7538.25,11278
2026-06-04 20:15:00,7538.5,7543.75,7537.5,7542.0,5681
2026-06-04 20:30:00,7542.0,7550.25,7541.75,7549.75,8580
2026-06-04 20:45:00,7549.75,7552.5,7545.5,7550.25,6083
2026-06-04 21:00:00,7550.25,7552.0,7547.5,7549.75,7790
2026-06-04 21:15:00,7549.5,7555.0,7545.5,7548.25,18680
2026-06-04 21:30:00,7548.25,7561.5,7541.75,7548.25,87245
2026-06-04 21:45:00,7548.25,7564.5,7543.5,7559.5,59160
2026-06-04 22:00:00,7559.25,7564.25,7549.75,7561.75,58466
2026-06-04 22:15:00,7561.75,7570.5,7558.25,7568.0,44335
2026-06-04 22:30:00,7567.75,7569.75,7562.25,7566.0,44299
2026-06-04 22:45:00,7565.75,7570.0,7561.25,7569.75,28860
2026-06-04 23:00:00,7569.5,7584.0,7569.5,7583.25,45030
2026-06-04 23:15:00,7583.5,7587.5,7581.25,7586.5,33182
2026-06-04 23:30:00,7586.5,7587.5,7579.5,7580.75,26048
2026-06-04 23:45:00,7580.75,7582.5,7575.5,7581.0,28999
2026-06-05 00:00:00,7581.25,7592.0,7579.5,7590.25,23709
2026-06-05 00:15:00,7590.25,7595.0,7590.25,7593.5,20080
2026-06-05 00:30:00,7593.5,7596.75,7588.5,7596.0,27532
2026-06-05 00:45:00,7595.75,7597.5,7593.5,7596.5,16884
2026-06-05 01:00:00,7596.5,7598.0,7594.0,7596.5,18773
2026-06-05 01:15:00,7596.5,7600.0,7594.25,7599.5,17010
2026-06-05 01:30:00,7599.25,7602.5,7598.25,7600.75,20794
2026-06-05 01:45:00,7600.75,7605.5,7599.25,7604.75,15115
2026-06-05 02:00:00,7604.75,7607.0,7603.75,7604.75,21407
2026-06-05 02:15:00,7605.0,7607.5,7603.5,7606.0,16841
2026-06-05 02:30:00,7606.0,7607.5,7604.0,7605.75,14240
2026-06-05 02:45:00,7606.0,7608.0,7603.0,7604.5,15986
2026-06-05 03:00:00,7604.5,7609.0,7604.25,7606.0,19052
2026-06-05 03:15:00,7606.25,7611.25,7604.0,7611.0,21837
2026-06-05 03:30:00,7611.0,7611.5,7606.0,7606.5,24423
2026-06-05 03:45:00,7606.25,7609.0,7598.25,7599.75,120657
2026-06-05 04:00:00,7599.75,7602.0,7593.0,7594.0,34726
2026-06-05 04:15:00,7593.75,7595.0,7587.5,7588.75,7164
2026-06-05 04:30:00,7588.75,7591.25,7588.25,7588.75,4477
2026-06-05 04:45:00,7588.75,7590.25,7587.25,7587.75,4441
2026-06-05 06:00:00,7589.5,7591.0,7583.75,7584.25,1428
2026-06-05 06:15:00,7584.0,7586.0,7578.25,7581.5,2319
2026-06-05 06:30:00,7581.75,7583.75,7580.5,7582.0,1464
2026-06-05 06:45:00,7582.0,7586.25,7582.0,7585.75,1190
2026-06-05 07:00:00,7586.0,7586.75,7580.25,7580.75,1648
2026-06-05 07:15:00,7580.5,7581.25,7576.25,7579.25,3198
2026-06-05 07:30:00,7579.5,7579.5,7576.0,7576.5,1959
2026-06-05 07:45:00,7576.5,7576.75,7573.25,7573.5,2588
2026-06-05 08:00:00,7573.5,7573.5,7563.0,7564.0,6130
2026-06-05 08:15:00,7564.0,7567.25,7561.5,7564.5,4618
2026-06-05 08:30:00,7564.5,7566.75,7561.0,7562.25,3479
2026-06-05 08:45:00,7562.25,7565.0,7556.75,7559.0,5284
2026-06-05 09:00:00,7559.25,7560.25,7556.0,7557.5,3572
2026-06-05 09:15:00,7557.25,7558.5,7546.75,7550.75,6558
2026-06-05 09:30:00,7551.0,7556.75,7550.5,7554.75,4197
2026-06-05 09:45:00,7555.0,7561.0,7552.0,7560.75,4144
2026-06-05 10:00:00,7560.5,7564.5,7558.25,7563.25,3045
2026-06-05 10:15:00,7563.5,7566.5,7561.0,7565.0,2567
2026-06-05 10:30:00,7565.0,7566.0,7561.75,7562.25,2098
2026-06-05 10:45:00,7562.25,7564.0,7559.75,7561.25,1657
2026-06-05 11:00:00,7561.5,7562.0,7557.0,7561.25,1990
2026-06-05 11:15:00,7561.25,7564.0,7558.5,7558.75,1360
2026-06-05 11:30:00,7559.0,7561.0,7557.5,7559.0,1218
2026-06-05 11:45:00,7559.0,7559.25,7553.75,7556.75,1687
2026-06-05 12:00:00,7557.75,7558.5,7556.5,7557.75,1400
2026-06-05 12:15:00,7558.0,7561.75,7557.5,7557.75,1241
2026-06-05 12:30:00,7557.75,7562.75,7556.25,7560.5,1441
2026-06-05 12:45:00,7560.5,7565.5,7560.0,7563.75,1460
2026-06-05 13:00:00,7564.0,7564.25,7558.75,7559.75,2011
2026-06-05 13:15:00,7559.75,7563.25,7558.5,7559.75,1369
2026-06-05 13:30:00,7559.5,7564.5,7559.5,7561.25,1521
2026-06-05 13:45:00,7561.25,7561.25,7556.75,7558.0,1706
2026-06-05 14:00:00,7558.0,7565.0,7557.75,7559.25,2983
2026-06-05 14:15:00,7559.25,7559.25,7553.5,7555.25,2707
2026-06-05 14:30:00,7555.5,7556.75,7552.75,7553.0,2683
2026-06-05 14:45:00,7552.75,7556.0,7550.75,7554.0,2743
2026-06-05 15:00:00,7554.0,7555.25,7549.25,7549.75,4990
2026-06-05 15:15:00,7550.0,7555.75,7547.25,7555.25,4721
2026-06-05 15:30:00,7555.25,7560.0,7554.75,7557.5,4044
2026-06-05 15:45:00,7557.75,7559.75,7556.0,7557.25,2511
2026-06-05 16:00:00,7557.5,7560.0,7554.5,7559.0,4617
2026-06-05 16:15:00,7558.75,7566.5,7556.75,7566.5,5508
2026-06-05 16:30:00,7566.5,7568.5,7561.5,7561.75,4525
2026-06-05 16:45:00,7561.5,7562.75,7559.5,7560.25,2720
2026-06-05 17:00:00,7560.5,7578.75,7559.75,7572.0,9985
2026-06-05 17:15:00,7572.25,7574.5,7565.0,7566.25,6348
2026-06-05 17:30:00,7566.5,7568.25,7563.75,7564.5,3357
2026-06-05 17:45:00,7564.75,7569.0,7564.5,7567.75,2731
2026-06-05 18:00:00,7567.75,7571.0,7567.25,7570.75,1988
2026-06-05 18:15:00,7570.75,7574.25,7569.75,7573.5,2507
2026-06-05 18:30:00,7573.5,7574.0,7570.5,7572.5,2146
2026-06-05 18:45:00,7572.75,7573.0,7568.25,7568.5,2249
2026-06-05 19:00:00,7568.25,7570.0,7567.0,7567.75,2811
2026-06-05 19:15:00,7567.75,7569.5,7559.5,7568.75,7481
2026-06-05 19:30:00,7568.5,7571.0,7566.5,7568.25,4396
2026-06-05 19:45:00,7568.25,7568.5,7562.5,7563.25,5090
2026-06-05 20:00:00,7563.25,7563.5,7557.5,7558.75,4549
2026-06-05 20:15:00,7558.75,7563.25,7557.75,7558.75,6375
2026-06-05 20:30:00,7558.5,7568.25,7544.5,7559.5,20773
2026-06-05 20:45:00,7559.5,7563.0,7548.25,7549.75,15016
2026-06-05 21:00:00,7549.75,7551.75,7543.5,7545.75,14745
2026-06-05 21:15:00,7545.5,7549.75,7543.5,7548.25,17153
2026-06-05 21:30:00,7548.0,7553.0,7526.5,7527.25,106168
2026-06-05 21:45:00,7527.25,7531.0,7510.5,7511.25,102528
2026-06-05 22:00:00,7511.25,7526.5,7505.75,7525.0,112936
2026-06-05 22:15:00,7525.0,7533.5,7512.75,7516.25,66148
2026-06-05 22:30:00,7516.25,7531.5,7515.0,7519.75,60574
2026-06-05 22:45:00,7519.5,7525.0,7515.0,7523.0,47532
2026-06-05 23:00:00,7523.0,7526.25,7507.25,7507.5,45473
2026-06-05 23:15:00,7507.25,7512.25,7499.75,7505.75,52327
2026-06-05 23:30:00,7505.5,7509.0,7488.25,7490.0,60967
2026-06-05 23:45:00,7490.0,7494.25,7486.25,7490.25,47852
2026-06-06 00:00:00,7490.0,7490.5,7474.25,7479.0,58075
2026-06-06 00:15:00,7478.75,7480.0,7470.5,7471.75,47459
2026-06-06 00:30:00,7471.75,7472.5,7453.25,7456.5,63313
2026-06-06 00:45:00,7456.5,7470.75,7449.0,7469.75,72703
2026-06-06 01:00:00,7469.75,7470.25,7453.75,7458.5,44403
2026-06-06 01:15:00,7458.5,7466.0,7452.0,7464.75,42191
2026-06-06 01:30:00,7464.75,7477.75,7459.75,7462.5,48743
2026-06-06 01:45:00,7462.75,7472.0,7460.75,7471.25,36612
2026-06-06 02:00:00,7471.5,7472.5,7445.5,7445.75,46051
2026-06-06 02:15:00,7445.75,7446.25,7429.5,7433.25,65678
2026-06-06 02:30:00,7433.25,7435.75,7421.75,7424.75,58482
2026-06-06 02:45:00,7424.75,7426.5,7409.25,7416.25,89048
2026-06-06 03:00:00,7416.25,7418.0,7393.5,7396.75,70781
2026-06-06 03:15:00,7396.75,7409.75,7379.75,7409.0,101125
2026-06-06 03:30:00,7409.0,7413.0,7394.5,7402.75,93908
2026-06-06 03:45:00,7402.75,7423.0,7397.25,7400.25,203876
2026-06-06 04:00:00,7400.25,7401.5,7364.25,7368.25,102263
2026-06-06 04:15:00,7368.25,7371.5,7360.75,7369.75,18467
2026-06-06 04:30:00,7369.75,7370.0,7359.0,7364.25,9660
2026-06-06 04:45:00,7364.25,7400.5,7361.0,7400.5,11101
2026-06-08 06:00:00,7369.0,7387.25,7367.5,7387.0,3306
2026-06-08 06:15:00,7386.5,7396.25,7382.0,7383.75,9633
2026-06-08 06:30:00,7384.0,7391.75,7381.0,7385.75,4675
2026-06-08 06:45:00,7385.75,7388.75,7355.5,7368.0,9939
2026-06-08 07:00:00,7368.0,7386.5,7368.0,7385.0,4462
2026-06-08 07:15:00,7384.75,7385.5,7373.75,7381.0,3815
2026-06-08 07:30:00,7381.0,7391.25,7380.75,7391.25,2949
2026-06-08 07:45:00,7391.0,7404.25,7389.75,7400.5,6810
2026-06-08 08:00:00,7400.0,7407.25,7395.75,7407.0,6989
2026-06-08 08:15:00,7406.5,7416.0,7404.75,7415.0,6884
2026-06-08 08:30:00,7415.0,7423.0,7411.75,7416.25,8443
2026-06-08 08:45:00,7416.25,7417.75,7406.5,7415.25,6324
2026-06-08 09:00:00,7415.5,7419.0,7405.5,7405.75,7024
2026-06-08 09:15:00,7406.0,7407.25,7391.25,7393.0,11020
2026-06-08 09:30:00,7393.0,7407.25,7384.25,7405.75,12279
2026-06-08 09:45:00,7405.75,7409.5,7400.5,7405.75,4986
2026-06-08 10:00:00,7406.25,7410.75,7401.0,7406.5,3653
2026-06-08 10:15:00,7406.25,7410.0,7400.75,7408.25,3914
2026-06-08 10:30:00,7408.25,7417.75,7401.25,7417.5,6656
2026-06-08 10:45:00,7417.25,7419.25,7412.0,7414.5,3854
2026-06-08 11:00:00,7414.75,7418.5,7413.0,7416.25,2868
2026-06-08 11:15:00,7416.25,7418.25,7410.75,7417.0,2628
2026-06-08 11:30:00,7416.75,7419.25,7415.25,7416.25,1522
2026-06-08 11:45:00,7416.25,7418.75,7415.0,7415.5,1183
2026-06-08 12:00:00,7416.75,7418.75,7410.5,7412.5,2235
2026-06-08 12:15:00,7412.75,7416.25,7407.75,7411.75,2601
2026-06-08 12:30:00,7412.0,7413.0,7401.5,7401.75,3273
2026-06-08 12:45:00,7402.0,7408.5,7400.75,7401.25,2382
2026-06-08 13:00:00,7401.25,7408.75,7396.5,7396.75,3242
2026-06-08 13:15:00,7396.75,7404.0,7395.5,7402.25,3446
2026-06-08 13:30:00,7402.25,7403.5,7386.5,7389.25,5615
2026-06-08 13:45:00,7389.5,7392.75,7386.25,7391.5,3978
2026-06-08 14:00:00,7391.75,7400.0,7389.75,7394.0,5091
2026-06-08 14:15:00,7393.5,7409.75,7391.25,7407.25,5418
2026-06-08 14:30:00,7407.25,7409.75,7396.75,7401.25,4878
2026-06-08 14:45:00,7401.25,7402.75,7394.25,7402.5,3739
2026-06-08 15:00:00,7402.5,7412.5,7400.5,7410.0,8357
2026-06-08 15:15:00,7410.0,7423.5,7404.0,7420.75,10713
2026-06-08 15:30:00,7421.0,7423.75,7415.75,7422.5,6689
2026-06-08 15:45:00,7422.5,7429.0,7421.0,7423.25,7273
2026-06-08 16:00:00,7423.0,7423.75,7416.75,7418.0,9904
2026-06-08 16:15:00,7418.0,7421.0,7413.0,7417.25,5964
2026-06-08 16:30:00,7417.25,7421.25,7410.5,7414.5,5747
2026-06-08 16:45:00,7414.75,7417.25,7409.25,7413.75,7366
2026-06-08 17:00:00,7413.75,7417.25,7407.25,7415.75,4570
2026-06-08 17:15:00,7416.0,7420.25,7414.75,7416.5,3885
2026-06-08 17:30:00,7416.75,7431.0,7412.0,7423.25,9044
2026-06-08 17:45:00,7423.25,7427.5,7422.25,7427.25,4788
2026-06-08 18:00:00,7427.5,7427.75,7416.0,7425.0,6699
2026-06-08 18:15:00,7425.0,7425.5,7414.0,7420.25,4184
2026-06-08 18:30:00,7420.25,7435.75,7419.25,7429.25,10515
2026-06-08 18:45:00,7429.25,7430.25,7424.75,7428.25,7621
2026-06-08 19:00:00,7428.25,7448.75,7422.75,7448.25,15186
2026-06-08 19:15:00,7448.25,7454.25,7442.25,7452.0,19760
2026-06-08 19:30:00,7452.25,7457.75,7450.5,7451.75,11608
2026-06-08 19:45:00,7451.5,7453.0,7445.0,7447.0,7491
2026-06-08 20:00:00,7447.0,7456.75,7446.0,7453.75,12513
2026-06-08 20:15:00,7453.75,7458.75,7451.75,7458.25,8280
2026-06-08 20:30:00,7458.0,7467.75,7458.0,7463.5,14274
2026-06-08 20:45:00,7463.0,7463.5,7456.5,7459.25,10441
2026-06-08 21:00:00,7459.25,7465.0,7459.25,7462.5,12761
2026-06-08 21:15:00,7462.75,7471.75,7456.5,7457.25,21330
2026-06-08 21:30:00,7457.5,7469.25,7438.0,7450.5,114103
2026-06-08 21:45:00,7450.5,7460.5,7431.0,7431.5,79632
2026-06-08 22:00:00,7431.25,7448.5,7429.0,7439.5,70483
2026-06-08 22:15:00,7439.25,7453.25,7431.5,7448.0,55222
2026-06-08 22:30:00,7447.75,7459.75,7442.0,7448.25,57303
2026-06-08 22:45:00,7448.25,7473.5,7448.25,7473.25,52346
2026-06-08 23:00:00,7473.0,7476.75,7468.5,7470.5,41199
2026-06-08 23:15:00,7470.75,7475.5,7453.75,7455.25,51424
2026-06-08 23:30:00,7455.25,7461.5,7440.75,7459.5,59415
2026-06-08 23:45:00,7459.5,7466.0,7447.0,7450.0,40144
2026-06-09 00:00:00,7450.0,7455.0,7444.25,7453.0,32219
2026-06-09 00:15:00,7453.25,7462.25,7443.25,7443.75,31508
2026-06-09 00:30:00,7444.0,7448.5,7437.25,7443.25,33466
2026-06-09 00:45:00,7443.25,7452.0,7441.0,7441.5,24938
2026-06-09 01:00:00,7441.5,7442.0,7423.0,7431.5,45207
2026-06-09 01:15:00,7431.5,7443.0,7423.0,7442.5,39813
2026-06-09 01:30:00,7442.5,7446.5,7426.0,7426.25,41155
2026-06-09 01:45:00,7426.25,7439.75,7425.75,7433.75,26953
2026-06-09 02:00:00,7433.75,7445.5,7432.75,7435.25,31552
2026-06-09 02:15:00,7435.0,7443.25,7434.75,7441.75,21245
2026-06-09 02:30:00,7442.0,7447.0,7430.0,7431.5,28832
2026-06-09 02:45:00,7431.5,7438.0,7431.0,7432.0,22455
2026-06-09 03:00:00,7432.0,7434.25,7414.75,7414.75,36985
2026-06-09 03:15:00,7414.75,7419.5,7403.75,7414.5,50166
2026-06-09 03:30:00,7414.5,7424.25,7411.25,7415.75,51013
2026-06-09 03:45:00,7415.75,7422.5,7410.5,7415.75,116423
2026-06-09 04:00:00,7415.75,7419.0,7411.25,7413.25,31852
2026-06-09 04:15:00,7413.5,7414.75,7407.5,7413.0,8501
2026-06-09 04:30:00,7412.75,7413.75,7410.75,7412.0,2983
2026-06-09 04:45:00,7412.0,7413.75,7409.5,7412.25,4150
2026-06-09 06:00:00,7412.75,7416.75,7395.5,7397.5,4186
2026-06-09 06:15:00,7397.75,7416.0,7390.75,7395.75,4086
2026-06-09 06:30:00,7396.25,7404.75,7396.25,7403.5,2153
2026-06-09 06:45:00,7403.5,7412.75,7401.75,7411.75,2440
2026-06-09 07:00:00,7411.75,7416.5,7408.75,7415.75,2004
2026-06-09 07:15:00,7416.0,7416.25,7411.25,7412.25,1643
2026-06-09 07:30:00,7412.0,7419.25,7410.25,7413.0,2230
2026-06-09 07:45:00,7413.25,7413.25,7403.25,7410.5,3832
2026-06-09 08:00:00,7410.0,7411.75,7394.25,7397.25,7247
2026-06-09 08:15:00,7397.5,7401.25,7393.75,7399.5,4397
2026-06-09 08:30:00,7399.5,7401.0,7391.0,7397.0,4576
2026-06-09 08:45:00,7397.0,7398.0,7390.25,7395.25,3343
2026-06-09 09:00:00,7395.5,7402.0,7393.25,7400.0,3128
2026-06-09 09:15:00,7400.25,7417.75,7398.5,7413.75,5217
2026-06-09 09:30:00,7413.75,7422.25,7412.0,7420.0,3976
2026-06-09 09:45:00,7420.0,7428.0,7418.5,7419.75,4115
2026-06-09 10:00:00,7419.75,7424.75,7419.0,7422.0,2270
2026-06-09 10:15:00,7422.0,7422.5,7415.5,7420.0,2312
2026-06-09 10:30:00,7420.25,7423.5,7417.0,7422.5,2211
2026-06-09 10:45:00,7423.0,7425.25,7419.75,7423.5,1440
2026-06-09 11:00:00,7423.25,7427.0,7421.25,7426.25,2451
2026-06-09 11:15:00,7426.0,7429.0,7422.25,7425.25,2062
2026-06-09 11:30:00,7425.25,7433.0,7424.5,7432.0,2748
2026-06-09 11:45:00,7431.75,7433.0,7428.75,7429.75,1388
2026-06-09 12:00:00,7431.25,7433.75,7431.25,7431.5,1789
2026-06-09 12:15:00,7431.5,7435.25,7430.75,7433.5,1280
2026-06-09 12:30:00,7433.5,7437.25,7431.75,7435.5,1833
2026-06-09 12:45:00,7435.25,7436.75,7433.25,7434.0,1074
2026-06-09 13:00:00,7434.25,7437.5,7433.0,7434.0,1456
2026-06-09 13:15:00,7434.0,7436.5,7432.25,7432.5,1279
2026-06-09 13:30:00,7432.5,7440.0,7432.5,7436.75,2918
2026-06-09 13:45:00,7436.5,7440.75,7434.5,7436.5,1661
2026-06-09 14:00:00,7436.75,7439.0,7435.0,7438.75,2610
2026-06-09 14:15:00,7438.5,7442.0,7435.75,7436.5,2269
2026-06-09 14:30:00,7436.5,7437.75,7433.5,7436.25,2252
2026-06-09 14:45:00,7436.25,7437.5,7430.0,7433.5,1990
2026-06-09 15:00:00,7433.25,7446.75,7431.5,7438.25,5957
2026-06-09 15:15:00,7438.25,7440.5,7430.75,7433.5,4336
2026-06-09 15:30:00,7433.5,7436.5,7431.0,7436.25,3371
2026-06-09 15:45:00,7436.25,7439.0,7430.75,7432.5,2634
2026-06-09 16:00:00,7432.75,7445.5,7428.0,7444.0,6058
2026-06-09 16:15:00,7444.0,7445.5,7439.75,7443.25,4587
2026-06-09 16:30:00,7443.25,7449.0,7441.0,7447.5,4511
2026-06-09 16:45:00,7447.75,7449.0,7440.5,7442.0,2710
2026-06-09 17:00:00,7442.0,7448.25,7441.25,7447.75,2676
2026-06-09 17:15:00,7448.0,7450.75,7446.25,7449.25,2506
2026-06-09 17:30:00,7449.5,7449.75,7444.5,7448.5,2526
2026-06-09 17:45:00,7448.5,7451.0,7448.0,7448.75,2167
2026-06-09 18:00:00,7448.75,7451.75,7434.5,7449.25,10541
2026-06-09 18:15:00,7449.0,7449.75,7445.0,7449.0,1940
2026-06-09 18:30:00,7449.25,7449.75,7445.25,7447.0,1645
2026-06-09 18:45:00,7446.5,7456.0,7445.75,7451.25,5597
2026-06-09 19:00:00,7451.5,7454.75,7448.75,7450.5,3983
2026-06-09 19:15:00,7450.5,7450.75,7444.75,7446.75,3132
2026-06-09 19:30:00,7446.75,7451.5,7445.0,7448.5,4401
2026-06-09 19:45:00,7448.5,7450.5,7443.0,7443.5,4367
2026-06-09 20:00:00,7443.5,7448.0,7442.5,7443.25,5673
2026-06-09 20:15:00,7443.25,7445.5,7441.5,7443.5,6012
2026-06-09 20:30:00,7443.75,7455.75,7443.75,7449.75,9933
2026-06-09 20:45:00,7449.5,7456.75,7446.25,7456.25,6650
2026-06-09 21:00:00,7456.25,7459.75,7451.0,7451.75,14296
2026-06-09 21:15:00,7451.75,7459.5,7449.0,7458.5,12965
2026-06-09 21:30:00,7458.75,7475.25,7454.5,7475.25,84753
2026-06-09 21:45:00,7475.25,7491.0,7464.0,7465.5,97139
2026-06-09 22:00:00,7465.25,7472.25,7436.0,7437.25,96351
2026-06-09 22:15:00,7437.0,7443.25,7415.25,7433.5,121818
2026-06-09 22:30:00,7433.25,7439.0,7405.5,7407.75,75958
2026-06-09 22:45:00,7407.75,7410.5,7367.5,7399.0,126001
2026-06-09 23:00:00,7399.0,7405.75,7384.25,7396.5,65786
2026-06-09 23:15:00,7396.75,7398.75,7328.5,7331.5,90060
2026-06-09 23:30:00,7331.75,7346.25,7326.0,7339.5,110958
2026-06-09 23:45:00,7339.75,7349.0,7311.0,7312.25,87157
2026-06-10 00:00:00,7312.25,7327.25,7299.25,7307.0,101052
2026-06-10 00:15:00,7307.0,7307.25,7274.75,7295.0,117185
2026-06-10 00:30:00,7295.0,7307.5,7247.25,7268.0,134659
2026-06-10 00:45:00,7268.0,7288.25,7257.0,7287.5,74437
2026-06-10 01:00:00,7287.25,7312.0,7285.25,7307.25,63292
2026-06-10 01:15:00,7307.0,7334.5,7300.5,7329.0,57528
2026-06-10 01:30:00,7328.75,7361.5,7323.5,7351.0,53532
2026-06-10 01:45:00,7351.25,7353.75,7331.0,7347.5,56362
2026-06-10 02:00:00,7347.75,7359.5,7342.5,7354.25,37229
2026-06-10 02:15:00,7354.0,7373.5,7347.25,7373.0,39948
2026-06-10 02:30:00,7373.25,7384.75,7364.75,7366.0,45495
2026-06-10 02:45:00,7366.25,7393.5,7365.25,7389.5,44190
2026-06-10 03:00:00,7389.25,7398.75,7373.25,7374.75,46504
2026-06-10 03:15:00,7375.0,7376.25,7353.75,7367.75,58698
2026-06-10 03:30:00,7367.5,7372.0,7347.75,7356.25,53212
2026-06-10 03:45:00,7356.0,7395.5,7347.25,7391.75,164657
2026-06-10 04:00:00,7391.75,7399.0,7383.5,7385.5,52128
2026-06-10 04:15:00,7385.5,7391.5,7382.5,7389.75,7953
2026-06-10 04:30:00,7389.5,7393.75,7386.25,7391.0,4950
2026-06-10 04:45:00,7391.25,7392.75,7385.75,7390.0,4939
2026-06-10 06:00:00,7380.0,7386.0,7374.25,7382.0,2770
2026-06-10 06:15:00,7382.0,7387.75,7376.0,7378.25,2869
2026-06-10 06:30:00,7378.25,7378.5,7366.75,7370.75,3907
2026-06-10 06:45:00,7370.75,7372.0,7363.5,7370.25,2909
2026-06-10 07:00:00,7370.5,7379.5,7368.75,7370.25,3396
2026-06-10 07:15:00,7370.5,7372.25,7366.5,7367.5,2140
2026-06-10 07:30:00,7367.25,7371.0,7365.0,7370.0,1897
2026-06-10 07:45:00,7369.75,7380.0,7368.5,7378.75,2751
2026-06-10 08:00:00,7378.75,7393.0,7378.25,7384.75,7407
2026-06-10 08:15:00,7384.25,7386.25,7377.0,7383.25,3446
2026-06-10 08:30:00,7383.25,7384.0,7364.0,7368.25,5279
2026-06-10 08:45:00,7368.0,7384.75,7367.0,7381.5,4948
2026-06-10 09:00:00,7381.75,7388.25,7378.25,7384.5,3617
2026-06-10 09:15:00,7384.0,7390.0,7380.75,7383.25,3187
2026-06-10 09:30:00,7383.25,7389.0,7377.25,7379.5,3182
2026-06-10 09:45:00,7379.5,7385.75,7376.5,7380.0,2752
2026-06-10 10:00:00,7380.25,7381.25,7371.75,7375.75,3118
2026-06-10 10:15:00,7376.0,7379.75,7372.75,7378.5,2440
2026-06-10 10:30:00,7378.5,7381.25,7373.5,7376.5,1878
2026-06-10 10:45:00,7376.75,7381.25,7369.5,7371.25,2817
2026-06-10 11:00:00,7371.0,7380.0,7370.25,7377.0,2174
2026-06-10 11:15:00,7376.75,7381.25,7374.25,7376.25,1271
2026-06-10 11:30:00,7376.25,7378.0,7369.75,7370.25,1810
2026-06-10 11:45:00,7370.25,7374.25,7369.75,7372.75,1134
2026-06-10 12:00:00,7367.0,7368.0,7364.75,7365.75,2309
2026-06-10 12:15:00,7365.75,7370.75,7363.5,7365.5,2757
2026-06-10 12:30:00,7365.25,7365.5,7356.75,7357.25,3392
2026-06-10 12:45:00,7357.25,7365.0,7356.0,7358.0,2943
2026-06-10 13:00:00,7358.0,7365.25,7357.0,7360.25,2462
2026-06-10 13:15:00,7360.0,7367.25,7353.75,7367.0,3960
2026-06-10 13:30:00,7366.75,7368.75,7358.75,7364.0,2582
2026-06-10 13:45:00,7364.0,7370.5,7359.5,7368.25,2276
2026-06-10 14:00:00,7368.5,7375.5,7367.5,7372.5,3284
2026-06-10 14:15:00,7372.25,7374.75,7366.75,7370.5,2473
2026-06-10 14:30:00,7370.25,7376.0,7367.5,7371.5,3963
2026-06-10 14:45:00,7371.25,7372.0,7366.5,7368.5,1708
2026-06-10 15:00:00,7368.5,7373.5,7364.5,7371.0,3968
2026-06-10 15:15:00,7371.0,7373.0,7362.5,7364.5,2797
2026-06-10 15:30:00,7364.5,7370.75,7362.75,7365.0,2615
2026-06-10 15:45:00,7365.0,7368.25,7361.75,7367.5,2855
2026-06-10 16:00:00,7367.5,7367.75,7352.75,7355.75,6719
2026-06-10 16:15:00,7355.75,7358.25,7350.75,7353.0,7544
2026-06-10 16:30:00,7353.25,7357.0,7338.75,7339.5,6312
2026-06-10 16:45:00,7339.25,7345.0,7332.5,7336.25,8170
2026-06-10 17:00:00,7336.5,7339.75,7323.75,7324.0,9025
2026-06-10 17:15:00,7323.5,7337.25,7319.0,7336.5,8107
2026-06-10 17:30:00,7336.5,7342.75,7329.5,7333.0,6556
2026-06-10 17:45:00,7333.0,7339.5,7328.5,7337.5,4829
2026-06-10 18:00:00,7337.75,7338.0,7330.5,7334.5,3470
2026-06-10 18:15:00,7334.5,7337.25,7324.5,7336.0,5376
2026-06-10 18:30:00,7336.0,7344.5,7333.75,7344.0,4762
2026-06-10 18:45:00,7344.0,7346.75,7334.75,7343.75,6933
2026-06-10 19:00:00,7344.25,7346.5,7307.0,7326.0,25305
2026-06-10 19:15:00,7325.75,7334.0,7305.5,7316.5,19011
2026-06-10 19:30:00,7316.75,7318.75,7306.5,7311.75,10527
2026-06-10 19:45:00,7311.75,7326.5,7309.0,7322.25,8261
2026-06-10 20:00:00,7322.25,7335.0,7319.25,7327.5,9714
2026-06-10 20:15:00,7327.25,7339.25,7322.0,7338.5,13655
2026-06-10 20:30:00,7338.75,7367.0,7318.75,7359.25,44918
2026-06-10 20:45:00,7359.5,7366.75,7350.0,7350.25,16701
2026-06-10 21:00:00,7350.5,7356.0,7345.0,7351.5,15746
2026-06-10 21:15:00,7351.25,7356.0,7349.5,7355.0,12511
2026-06-10 21:30:00,7354.75,7382.5,7335.25,7382.25,97545
2026-06-10 21:45:00,7382.0,7390.5,7367.5,7378.0,76320
2026-06-10 22:00:00,7378.0,7396.75,7370.75,7387.5,60720
2026-06-10 22:15:00,7387.75,7404.75,7378.5,7392.75,54996
2026-06-10 22:30:00,7392.5,7400.0,7376.25,7376.5,45281
2026-06-10 22:45:00,7376.5,7381.75,7343.0,7349.25,74884
2026-06-10 23:00:00,7349.0,7364.75,7326.75,7327.5,73296
2026-06-10 23:15:00,7327.5,7346.25,7315.5,7334.75,65287
2026-06-10 23:30:00,7334.75,7346.5,7321.0,7343.0,47171
2026-06-10 23:45:00,7343.0,7348.5,7305.0,7340.25,85866
2026-06-11 00:00:00,7340.25,7346.0,7319.5,7323.0,38014
2026-06-11 00:15:00,7323.0,7331.5,7319.5,7327.25,26416
2026-06-11 00:30:00,7327.25,7344.0,7320.5,7328.75,33322
2026-06-11 00:45:00,7329.0,7331.0,7314.5,7324.0,32865
2026-06-11 01:00:00,7324.0,7334.5,7307.5,7310.5,31193
2026-06-11 01:15:00,7310.25,7318.75,7307.25,7317.0,23299
2026-06-11 01:30:00,7316.75,7317.5,7299.0,7300.25,30194
2026-06-11 01:45:00,7300.5,7328.75,7299.25,7327.25,46764
2026-06-11 02:00:00,7327.25,7338.5,7325.0,7328.0,28919
2026-06-11 02:15:00,7328.0,7333.5,7313.5,7316.0,25946
2026-06-11 02:30:00,7316.25,7316.5,7301.5,7305.75,28428
2026-06-11 02:45:00,7305.75,7306.25,7290.5,7295.25,39044
2026-06-11 03:00:00,7295.0,7302.25,7288.75,7291.5,37667
2026-06-11 03:15:00,7291.75,7293.25,7276.0,7281.25,43103
2026-06-11 03:30:00,7281.0,7298.75,7278.0,7294.0,48888
2026-06-11 03:45:00,7293.75,7300.75,7275.25,7276.0,124699
2026-06-11 04:00:00,7276.0,7278.75,7261.5,7271.5,54977
2026-06-11 04:15:00,7271.25,7275.75,7268.25,7270.25,10385
2026-06-11 04:30:00,7270.0,7270.0,7262.0,7262.25,11494
2026-06-11 04:45:00,7262.5,7268.0,7256.0,7267.0,9790
2026-06-11 06:00:00,7259.25,7266.0,7247.0,7255.25,4279
2026-06-11 06:15:00,7255.25,7259.5,7253.0,7258.75,2771
2026-06-11 06:30:00,7258.75,7266.75,7256.5,7260.25,4352
2026-06-11 06:45:00,7260.25,7265.0,7243.0,7244.0,6659
2026-06-11 07:00:00,7244.0,7251.25,7235.0,7236.0,7318
2026-06-11 07:15:00,7236.25,7258.5,7232.25,7257.25,12101
2026-06-11 07:30:00,7257.5,7263.25,7247.25,7259.25,5215
2026-06-11 07:45:00,7259.5,7260.0,7247.25,7249.5,3283
2026-06-11 08:00:00,7250.0,7258.5,7245.75,7254.75,5606
2026-06-11 08:15:00,7255.25,7283.0,7255.25,7267.0,10331
2026-06-11 08:30:00,7267.5,7272.5,7257.75,7263.0,7627
2026-06-11 08:45:00,7263.0,7279.75,7263.0,7277.0,5697
2026-06-11 09:00:00,7277.25,7303.5,7277.0,7302.75,9894
2026-06-11 09:15:00,7302.5,7306.0,7297.25,7304.25,6399
2026-06-11 09:30:00,7304.25,7305.25,7295.5,7296.75,5214
2026-06-11 09:45:00,7297.25,7297.25,7285.5,7287.5,4497
2026-06-11 10:00:00,7287.75,7297.0,7286.5,7287.0,4192
2026-06-11 10:15:00,7287.25,7291.0,7276.5,7278.25,4475
2026-06-11 10:30:00,7278.5,7283.5,7272.75,7279.25,4333
2026-06-11 10:45:00,7279.5,7291.25,7278.25,7289.25,3021
2026-06-11 11:00:00,7289.5,7294.5,7282.0,7284.5,3363
2026-06-11 11:15:00,7284.25,7288.75,7281.0,7288.0,2658
2026-06-11 11:30:00,7287.75,7298.5,7287.25,7298.0,2896
2026-06-11 11:45:00,7298.0,7305.75,7296.0,7304.5,3299
2026-06-11 12:00:00,7303.5,7305.0,7302.5,7303.5,2805
2026-06-11 12:15:00,7303.25,7309.0,7300.5,7306.25,2948
2026-06-11 12:30:00,7306.25,7317.5,7305.25,7315.5,3171
2026-06-11 12:45:00,7315.75,7317.5,7310.25,7312.75,2460
2026-06-11 13:00:00,7313.0,7313.75,7304.0,7305.75,2716
2026-06-11 13:15:00,7305.75,7308.75,7302.75,7305.5,1722
2026-06-11 13:30:00,7305.75,7308.75,7302.75,7307.75,2119
2026-06-11 13:45:00,7307.75,7310.5,7305.75,7308.5,2508
2026-06-11 14:00:00,7308.25,7308.75,7294.75,7306.25,7531
2026-06-11 14:15:00,7306.5,7310.0,7304.75,7305.75,3864
2026-06-11 14:30:00,7306.0,7312.5,7303.75,7310.5,4016
2026-06-11 14:45:00,7310.5,7316.0,7308.75,7315.5,3580
2026-06-11 15:00:00,7315.5,7319.75,7312.25,7317.25,7867
2026-06-11 15:15:00,7317.25,7330.0,7316.0,7327.0,8832
2026-06-11 15:30:00,7326.75,7331.25,7326.0,7330.0,5829
2026-06-11 15:45:00,7330.0,7330.75,7324.25,7327.25,3876
2026-06-11 16:00:00,7327.0,7337.25,7326.5,7335.5,7901
2026-06-11 16:15:00,7335.25,7336.5,7330.0,7332.25,5013
2026-06-11 16:30:00,7332.25,7337.25,7331.25,7335.0,5467
2026-06-11 16:45:00,7335.25,7337.5,7333.0,7336.5,3851
2026-06-11 17:00:00,7336.5,7337.75,7331.75,7333.25,4864
2026-06-11 17:15:00,7333.25,7336.5,7331.75,7333.5,3769
2026-06-11 17:30:00,7333.25,7337.0,7332.25,7335.5,3366
2026-06-11 17:45:00,7335.5,7338.75,7333.5,7333.75,3348
2026-06-11 18:00:00,7333.5,7337.75,7330.75,7331.75,4395
2026-06-11 18:15:00,7332.0,7333.5,7328.25,7328.75,3873
2026-06-11 18:30:00,7329.0,7334.25,7329.0,7331.5,3359
2026-06-11 18:45:00,7331.75,7334.25,7328.25,7329.0,3913
2026-06-11 19:00:00,7328.75,7329.25,7317.5,7322.0,7462
2026-06-11 19:15:00,7322.25,7325.75,7317.5,7322.75,6664
2026-06-11 19:30:00,7322.5,7332.75,7322.0,7329.5,8137
2026-06-11 19:45:00,7329.75,7334.0,7326.75,7332.25,5388
2026-06-11 20:00:00,7332.0,7334.0,7327.5,7332.0,5325
2026-06-11 20:15:00,7332.25,7332.25,7296.5,7306.0,31631
2026-06-11 20:30:00,7306.75,7315.0,7288.25,7304.75,25926
2026-06-11 20:45:00,7304.5,7319.5,7302.0,7316.5,19520
2026-06-11 21:00:00,7316.25,7316.75,7304.25,7308.5,13882
2026-06-11 21:15:00,7308.5,7311.75,7306.0,7308.0,12295
2026-06-11 21:30:00,7307.75,7311.0,7283.0,7291.25,113771
2026-06-11 21:45:00,7291.25,7335.5,7287.25,7317.0,102323
2026-06-11 22:00:00,7317.25,7335.75,7297.25,7298.25,87479
2026-06-11 22:15:00,7298.25,7317.5,7289.0,7308.0,90107
2026-06-11 22:30:00,7308.0,7320.25,7296.5,7305.5,62469
2026-06-11 22:45:00,7305.25,7309.5,7270.25,7275.5,56089
2026-06-11 23:00:00,7275.5,7298.0,7263.0,7293.0,68778
2026-06-11 23:15:00,7293.0,7307.0,7286.25,7291.25,44952
2026-06-11 23:30:00,7291.0,7314.25,7286.5,7298.0,47539
2026-06-11 23:45:00,7298.0,7303.75,7287.5,7300.25,37671
2026-06-12 00:00:00,7300.25,7321.0,7295.0,7318.5,40595
2026-06-12 00:15:00,7318.5,7323.0,7297.25,7298.0,42013
2026-06-12 00:30:00,7298.0,7318.75,7293.5,7305.75,40980
2026-06-12 00:45:00,7305.5,7308.75,7284.5,7284.75,31845
2026-06-12 01:00:00,7285.0,7292.25,7275.0,7282.75,47757
2026-06-12 01:15:00,7282.75,7346.5,7271.75,7345.0,63962
2026-06-12 01:30:00,7345.25,7386.5,7342.0,7382.25,126722
2026-06-12 01:45:00,7382.5,7385.75,7354.0,7369.25,61450
2026-06-12 02:00:00,7369.25,7376.25,7344.75,7362.75,51811
2026-06-12 02:15:00,7362.75,7377.75,7358.0,7364.75,50635
2026-06-12 02:30:00,7364.75,7373.75,7360.5,7369.25,27601
2026-06-12 02:45:00,7369.25,7383.25,7367.75,7377.5,39810
2026-06-12 03:00:00,7377.75,7392.5,7373.0,7389.25,54518
2026-06-12 03:15:00,7389.5,7402.0,7387.0,7399.25,47277
2026-06-12 03:30:00,7399.25,7420.0,7398.75,7413.75,77515
2026-06-12 03:45:00,7413.5,7413.5,7392.5,7394.5,171599
2026-06-12 04:00:00,7394.5,7408.75,7390.25,7406.75,54019
2026-06-12 04:15:00,7407.0,7409.5,7399.0,7401.5,11140
2026-06-12 04:30:00,7401.5,7404.0,7392.0,7392.75,6633
2026-06-12 04:45:00,7392.75,7399.0,7392.25,7398.25,6136
2026-06-12 06:00:00,7397.5,7413.25,7396.75,7412.5,2880
2026-06-12 06:15:00,7412.5,7416.25,7409.25,7410.75,3687
2026-06-12 06:30:00,7411.0,7412.5,7408.0,7410.75,2594
2026-06-12 06:45:00,7411.0,7415.25,7410.75,7411.5,2204
2026-06-12 07:00:00,7411.75,7412.5,7406.5,7409.75,2073
2026-06-12 07:15:00,7409.75,7412.75,7402.75,7406.0,2164
2026-06-12 07:30:00,7406.5,7413.75,7406.5,7413.0,1204
2026-06-12 07:45:00,7413.25,7417.0,7412.25,7415.0,2154
2026-06-12 08:00:00,7415.0,7416.75,7406.5,7412.5,3651
2026-06-12 08:15:00,7412.5,7418.25,7407.25,7416.75,2724
2026-06-12 08:30:00,7417.0,7421.25,7411.0,7412.0,2947
2026-06-12 08:45:00,7412.25,7415.75,7408.75,7412.75,1531
2026-06-12 09:00:00,7412.5,7412.75,7404.25,7408.75,2769
2026-06-12 09:15:00,7408.75,7410.75,7396.75,7398.5,3219
2026-06-12 09:30:00,7398.75,7403.75,7396.75,7400.5,2857
2026-06-12 09:45:00,7400.25,7411.25,7399.75,7410.25,1812
2026-06-12 10:00:00,7410.25,7415.25,7410.25,7412.25,2221
2026-06-12 10:15:00,7412.5,7412.75,7405.25,7405.75,1782
2026-06-12 10:30:00,7406.0,7411.0,7404.75,7410.25,1439
2026-06-12 10:45:00,7410.5,7414.0,7410.0,7411.5,1367
2026-06-12 11:00:00,7411.5,7411.75,7402.75,7404.5,1915
2026-06-12 11:15:00,7404.25,7405.75,7399.5,7404.0,1767
2026-06-12 11:30:00,7404.25,7409.5,7403.5,7406.5,1523
2026-06-12 11:45:00,7407.0,7408.5,7402.25,7406.75,1238
2026-06-12 12:00:00,7401.75,7404.75,7400.5,7404.0,1282
2026-06-12 12:15:00,7404.0,7408.75,7400.25,7408.5,1279
2026-06-12 12:30:00,7408.25,7410.75,7407.0,7409.5,1283
2026-06-12 12:45:00,7409.75,7411.5,7408.25,7410.75,883
2026-06-12 13:00:00,7410.75,7412.75,7404.25,7408.75,1605
2026-06-12 13:15:00,7408.5,7411.75,7407.0,7410.75,1580
2026-06-12 13:30:00,7410.25,7410.25,7398.25,7402.5,2342
2026-06-12 13:45:00,7402.75,7403.0,7387.5,7393.0,4908
2026-06-12 14:00:00,7393.25,7403.75,7391.5,7401.75,4661
2026-06-12 14:15:00,7401.75,7401.75,7395.5,7397.0,2138
2026-06-12 14:30:00,7396.5,7396.5,7388.0,7389.5,3132
2026-06-12 14:45:00,7389.25,7391.25,7384.5,7388.0,3714
2026-06-12 15:00:00,7388.0,7389.75,7377.5,7378.0,6192
2026-06-12 15:15:00,7378.0,7382.75,7374.75,7380.25,6150
2026-06-12 15:30:00,7380.0,7393.75,7378.5,7391.75,6146
2026-06-12 15:45:00,7392.25,7408.5,7389.5,7400.75,8766
2026-06-12 16:00:00,7401.0,7414.25,7399.25,7411.75,8720
2026-06-12 16:15:00,7411.5,7428.25,7407.75,7421.5,11844
2026-06-12 16:30:00,7421.5,7424.0,7408.0,7412.0,7049
2026-06-12 16:45:00,7412.0,7420.0,7408.25,7415.0,4424
2026-06-12 17:00:00,7415.0,7426.25,7415.0,7426.0,4038
2026-06-12 17:15:00,7426.25,7437.75,7424.75,7436.25,7559
2026-06-12 17:30:00,7436.0,7451.25,7434.5,7446.0,10827
2026-06-12 17:45:00,7446.25,7447.25,7438.25,7439.25,5939
2026-06-12 18:00:00,7439.25,7444.75,7432.75,7436.25,9159
2026-06-12 18:15:00,7436.5,7437.0,7419.25,7421.75,8988
2026-06-12 18:30:00,7421.75,7429.5,7420.5,7426.5,6757
2026-06-12 18:45:00,7426.75,7428.0,7420.75,7424.75,5641
2026-06-12 19:00:00,7425.0,7431.75,7422.5,7430.25,8064
2026-06-12 19:15:00,7430.25,7440.75,7429.5,7438.25,7565
2026-06-12 19:30:00,7438.25,7443.0,7432.5,7442.5,7447
2026-06-12 19:45:00,7442.5,7448.0,7438.75,7443.0,7876
2026-06-12 20:00:00,7443.0,7444.5,7432.0,7434.5,7350
2026-06-12 20:15:00,7434.5,7436.5,7425.25,7425.5,7291
2026-06-12 20:30:00,7425.25,7428.25,7412.25,7414.0,14674
2026-06-12 20:45:00,7414.25,7418.0,7402.0,7404.5,14959
2026-06-12 21:00:00,7404.5,7415.75,7397.0,7415.25,15708
2026-06-12 21:15:00,7415.0,7423.75,7412.75,7423.75,15559
2026-06-12 21:30:00,7423.75,7424.75,7374.0,7375.5,127181
2026-06-12 21:45:00,7375.5,7390.75,7366.5,7383.0,80619
2026-06-12 22:00:00,7383.25,7421.75,7380.25,7409.5,96288
2026-06-12 22:15:00,7409.5,7427.75,7405.5,7412.5,64323
2026-06-12 22:30:00,7412.25,7428.75,7395.75,7396.5,68577
2026-06-12 22:45:00,7396.5,7443.5,7388.5,7440.5,105932
2026-06-12 23:00:00,7440.75,7450.5,7433.0,7448.25,55442
2026-06-12 23:15:00,7448.5,7461.75,7442.75,7458.75,53389
2026-06-12 23:30:00,7458.5,7459.25,7424.75,7426.5,68719
2026-06-12 23:45:00,7426.25,7435.75,7401.25,7405.75,67520
2026-06-13 00:00:00,7405.75,7439.5,7398.25,7427.5,67652
2026-06-13 00:15:00,7427.25,7439.0,7416.75,7423.25,39868
2026-06-13 00:30:00,7423.25,7431.75,7419.25,7422.0,27727
2026-06-13 00:45:00,7421.75,7433.25,7420.0,7432.25,29292
2026-06-13 01:00:00,7432.25,7447.0,7429.0,7437.0,33360
2026-06-13 01:15:00,7437.25,7444.75,7433.75,7438.25,25759
2026-06-13 01:30:00,7438.5,7439.75,7430.5,7434.0,26168
2026-06-13 01:45:00,7434.25,7438.75,7426.25,7430.5,25866
2026-06-13 02:00:00,7430.5,7438.0,7422.5,7427.5,31186
2026-06-13 02:15:00,7427.5,7431.25,7421.75,7430.0,27145
2026-06-13 02:30:00,7430.25,7441.25,7429.75,7440.0,26769
2026-06-13 02:45:00,7440.25,7441.0,7427.25,7428.0,29338
2026-06-13 03:00:00,7428.0,7439.75,7427.25,7432.0,30817
2026-06-13 03:15:00,7432.0,7437.75,7427.5,7432.0,31258
2026-06-13 03:30:00,7432.0,7435.5,7418.75,7426.25,47473
2026-06-13 03:45:00,7426.0,7437.5,7422.75,7433.75,102895
2026-06-13 04:00:00,7433.5,7442.5,7433.0,7442.5,40661
2026-06-13 04:15:00,7442.5,7444.75,7440.0,7440.5,8025
2026-06-13 04:30:00,7440.5,7443.5,7438.25,7438.25,4310
2026-06-13 04:45:00,7438.25,7439.0,7435.0,7435.0,4026
2026-06-15 06:00:00,7500.25,7502.0,7497.75,7500.75,1390
2026-06-15 06:15:00,7500.75,7504.5,7494.5,7495.5,3726
2026-06-15 06:30:00,7495.5,7497.5,7490.75,7492.0,2468
2026-06-15 06:45:00,7492.0,7499.0,7491.0,7494.75,1584
2026-06-15 07:00:00,7494.75,7498.5,7489.75,7490.5,2452
2026-06-15 07:15:00,7490.25,7492.5,7484.75,7491.5,1907
2026-06-15 07:30:00,7491.75,7497.25,7491.0,7494.25,877
2026-06-15 07:45:00,7494.25,7498.0,7489.75,7496.5,1931
2026-06-15 08:00:00,7496.5,7514.0,7494.0,7508.5,4795
2026-06-15 08:15:00,7508.75,7511.0,7504.75,7508.25,4095
2026-06-15 08:30:00,7508.75,7509.75,7504.0,7506.25,2256
2026-06-15 08:45:00,7506.25,7509.0,7504.5,7507.25,1405
2026-06-15 09:00:00,7507.25,7511.5,7505.5,7509.75,1700
2026-06-15 09:15:00,7509.75,7512.5,7507.75,7511.0,1304
2026-06-15 09:30:00,7511.0,7514.5,7509.0,7513.5,2338
2026-06-15 09:45:00,7513.5,7514.5,7510.0,7512.25,1471
2026-06-15 10:00:00,7512.0,7515.75,7511.75,7514.75,1736
2026-06-15 10:15:00,7514.5,7518.5,7514.25,7517.5,1508
2026-06-15 10:30:00,7517.5,7519.25,7516.0,7517.5,1324
2026-06-15 10:45:00,7517.75,7520.0,7517.25,7519.0,1392
2026-06-15 11:00:00,7519.0,7519.75,7515.5,7519.25,1501
2026-06-15 11:15:00,7519.5,7523.0,7519.25,7520.75,2036
2026-06-15 11:30:00,7520.75,7523.5,7518.75,7519.5,1455
2026-06-15 11:45:00,7519.75,7521.25,7517.75,7519.5,692
2026-06-15 12:00:00,7519.5,7520.75,7517.0,7518.5,1002
2026-06-15 12:15:00,7519.0,7523.5,7518.75,7523.0,771
2026-06-15 12:30:00,7522.75,7524.75,7522.0,7524.25,1687
2026-06-15 12:45:00,7524.25,7527.25,7523.25,7526.75,1428
2026-06-15 13:00:00,7526.5,7529.75,7526.0,7529.0,1283
2026-06-15 13:15:00,7528.5,7530.0,7527.5,7528.5,1197
2026-06-15 13:30:00,7528.75,7530.75,7526.0,7529.5,3325
2026-06-15 13:45:00,7529.75,7531.25,7527.5,7531.25,1603
2026-06-15 14:00:00,7531.25,7533.25,7529.0,7529.25,2346
2026-06-15 14:15:00,7529.25,7532.25,7525.75,7528.75,2381
2026-06-15 14:30:00,7528.75,7530.0,7523.0,7526.5,2897
2026-06-15 14:45:00,7526.75,7528.25,7523.25,7526.0,2431
2026-06-15 15:00:00,7526.0,7528.5,7521.25,7525.75,3859
2026-06-15 15:15:00,7525.75,7532.0,7524.75,7528.5,5852
2026-06-15 15:30:00,7528.25,7530.5,7525.75,7527.0,5336
2026-06-15 15:45:00,7527.0,7529.5,7522.25,7522.5,5972
2026-06-15 16:00:00,7522.25,7530.0,7522.0,7526.25,6316
2026-06-15 16:15:00,7526.0,7530.0,7523.25,7529.5,7262
2026-06-15 16:30:00,7529.5,7530.0,7526.0,7529.25,7646
2026-06-15 16:45:00,7529.0,7532.25,7525.75,7527.75,6378
2026-06-15 17:00:00,7527.75,7531.5,7526.0,7527.0,6735
2026-06-15 17:15:00,7526.75,7527.75,7521.0,7521.5,7373
2026-06-15 17:30:00,7521.5,7587.75,7521.0,7584.75,7011
2026-06-15 17:45:00,7584.5,7588.75,7583.0,7587.5,5196
2026-06-15 18:00:00,7587.5,7591.5,7587.0,7590.5,7042
2026-06-15 18:15:00,7590.5,7591.5,7587.25,7591.25,4117
2026-06-15 18:30:00,7591.25,7591.25,7587.5,7590.0,4399
2026-06-15 18:45:00,7590.5,7592.75,7589.25,7592.0,5339
2026-06-15 19:00:00,7592.25,7598.0,7591.25,7597.25,9108
2026-06-15 19:15:00,7597.25,7601.0,7596.25,7599.5,8671
2026-06-15 19:30:00,7599.75,7602.25,7592.0,7592.75,8040
2026-06-15 19:45:00,7592.75,7600.25,7591.5,7595.5,10388
2026-06-15 20:00:00,7595.75,7599.0,7594.75,7595.25,6756
2026-06-15 20:15:00,7595.0,7596.75,7587.75,7589.25,16572
2026-06-15 20:30:00,7589.5,7595.5,7588.25,7592.0,24755
2026-06-15 20:45:00,7591.75,7594.75,7587.5,7594.5,13697
2026-06-15 21:00:00,7594.75,7597.0,7592.0,7596.75,16248
2026-06-15 21:15:00,7596.75,7601.0,7595.5,7599.25,21237
2026-06-15 21:30:00,7599.25,7616.0,7598.5,7609.5,115723
2026-06-15 21:45:00,7609.75,7622.5,7609.5,7614.25,84205
2026-06-15 22:00:00,7614.25,7621.0,7605.5,7611.0,87274
2026-06-15 22:15:00,7611.0,7618.0,7606.5,7617.25,78015
2026-06-15 22:30:00,7617.25,7618.25,7610.0,7613.75,67836
2026-06-15 22:45:00,7613.75,7625.0,7613.75,7623.0,68511
2026-06-15 23:00:00,7623.25,7629.25,7623.0,7628.0,73139
2026-06-15 23:15:00,7628.25,7634.0,7626.0,7632.75,67915
2026-06-15 23:30:00,7633.0,7637.0,7629.25,7636.0,61837
2026-06-15 23:45:00,7636.0,7644.5,7636.0,7643.25,44870
2026-06-16 00:00:00,7643.25,7648.75,7642.0,7643.25,55271
2026-06-16 00:15:00,7643.5,7647.5,7641.0,7646.75,43301
2026-06-16 00:30:00,7646.75,7648.25,7639.5,7641.0,45234
2026-06-16 00:45:00,7641.0,7641.5,7636.75,7640.5,51029
2026-06-16 01:00:00,7640.25,7642.25,7632.5,7639.75,49646
2026-06-16 01:15:00,7639.5,7646.5,7638.75,7643.5,47535
2026-06-16 01:30:00,7643.25,7645.25,7638.75,7639.5,36783
2026-06-16 01:45:00,7639.75,7640.5,7632.0,7633.5,37424
2026-06-16 02:00:00,7633.75,7635.0,7628.0,7633.5,51988
2026-06-16 02:15:00,7633.5,7635.5,7628.0,7628.75,39208
2026-06-16 02:30:00,7628.75,7635.25,7625.75,7634.25,36277
2026-06-16 02:45:00,7634.0,7636.25,7630.5,7631.5,27982
2026-06-16 03:00:00,7631.75,7632.75,7628.5,7632.0,37652
2026-06-16 03:15:00,7631.75,7634.5,7624.75,7625.0,35132
2026-06-16 03:30:00,7625.0,7628.25,7622.75,7625.5,50322
2026-06-16 03:45:00,7625.25,7631.25,7616.5,7630.0,227890
2026-06-16 04:00:00,7630.25,7631.75,7626.25,7628.0,53246
2026-06-16 04:15:00,7628.0,7628.5,7624.25,7625.5,5755
2026-06-16 04:30:00,7625.5,7628.0,7625.5,7626.25,7131
2026-06-16 04:45:00,7626.0,7629.0,7624.0,7624.25,3883
2026-06-16 06:00:00,7626.5,7630.25,7618.5,7620.75,2953
2026-06-16 06:15:00,7621.0,7621.25,7612.0,7616.75,5204
2026-06-16 06:30:00,7616.75,7618.75,7615.25,7616.0,1939
2026-06-16 06:45:00,7616.0,7619.5,7615.25,7617.5,1781
2026-06-16 07:00:00,7617.25,7618.5,7615.0,7615.5,1242
2026-06-16 07:15:00,7615.75,7622.0,7614.5,7621.0,1685
2026-06-16 07:30:00,7621.0,7621.75,7616.5,7618.75,998
2026-06-16 07:45:00,7619.0,7621.5,7617.75,7620.5,1463
2026-06-16 08:00:00,7620.25,7622.5,7615.5,7620.75,2200
2026-06-16 08:15:00,7620.75,7623.75,7617.5,7621.75,2024
2026-06-16 08:30:00,7621.75,7625.0,7616.75,7617.75,2552
2026-06-16 08:45:00,7617.5,7619.5,7612.75,7615.5,2557
2026-06-16 09:00:00,7615.25,7618.75,7613.5,7615.5,2202
2026-06-16 09:15:00,7615.0,7618.5,7614.5,7616.5,1611
2026-06-16 09:30:00,7616.75,7618.0,7614.75,7616.0,1806
2026-06-16 09:45:00,7615.75,7618.75,7614.0,7616.25,1542
2026-06-16 10:00:00,7616.25,7618.0,7613.75,7615.5,1541
2026-06-16 10:15:00,7615.25,7618.25,7615.0,7616.5,1194
2026-06-16 10:30:00,7616.75,7621.0,7616.25,7619.5,1486
2026-06-16 10:45:00,7619.5,7620.25,7615.75,7617.5,1231
2026-06-16 11:00:00,7617.75,7620.5,7617.0,7617.75,1194
2026-06-16 11:15:00,7617.5,7623.5,7617.25,7621.75,1783
2026-06-16 11:30:00,7621.5,7627.5,7621.0,7626.5,2197
2026-06-16 11:45:00,7626.5,7626.75,7621.0,7622.25,1341
2026-06-16 12:00:00,7621.5,7622.25,7620.75,7621.75,967
2026-06-16 12:15:00,7622.0,7622.5,7619.25,7620.25,913
2026-06-16 12:30:00,7620.5,7622.0,7619.25,7619.5,851
2026-06-16 12:45:00,7619.5,7620.0,7615.0,7618.25,1784
2026-06-16 13:00:00,7618.5,7624.75,7618.5,7623.0,1267
2026-06-16 13:15:00,7623.0,7625.25,7621.5,7621.75,1175
2026-06-16 13:30:00,7621.75,7622.5,7616.0,7617.75,1754
2026-06-16 13:45:00,7617.75,7620.5,7617.5,7618.25,1256
2026-06-16 14:00:00,7618.0,7624.0,7617.0,7623.0,1895
2026-06-16 14:15:00,7623.0,7623.5,7619.75,7623.25,1382
2026-06-16 14:30:00,7623.0,7624.0,7621.0,7621.25,1246
2026-06-16 14:45:00,7621.0,7622.75,7619.75,7622.25,1412
2026-06-16 15:00:00,7622.25,7626.25,7622.0,7623.75,4054
2026-06-16 15:15:00,7623.75,7627.75,7623.5,7626.5,3192
2026-06-16 15:30:00,7626.5,7627.75,7622.0,7622.25,3005
2026-06-16 15:45:00,7622.0,7625.0,7620.25,7624.5,4667
2026-06-16 16:00:00,7624.5,7630.25,7622.75,7626.75,7141
2026-06-16 16:15:00,7626.75,7628.5,7624.0,7626.25,5820
2026-06-16 16:30:00,7626.25,7627.5,7620.75,7623.25,5212
2026-06-16 16:45:00,7623.25,7628.75,7620.75,7626.5,7085
2026-06-16 17:00:00,7626.5,7628.75,7625.25,7627.0,6294
2026-06-16 17:15:00,7627.0,7627.5,7622.0,7622.75,6067
2026-06-16 17:30:00,7622.75,7625.0,7620.25,7621.25,5736
2026-06-16 17:45:00,7621.75,7622.25,7618.75,7620.25,5214
2026-06-16 18:00:00,7620.5,7625.5,7620.5,7625.5,4743
2026-06-16 18:15:00,7625.5,7627.25,7622.75,7626.0,5586
2026-06-16 18:30:00,7626.25,7628.25,7624.5,7627.0,3772
2026-06-16 18:45:00,7627.0,7631.0,7626.25,7630.75,4269
2026-06-16 19:00:00,7630.5,7632.25,7628.5,7631.0,14378
2026-06-16 19:15:00,7631.0,7634.25,7629.0,7632.0,6785
2026-06-16 19:30:00,7631.75,7633.5,7629.0,7633.0,5333
2026-06-16 19:45:00,7633.0,7634.5,7630.5,7631.25,7273
2026-06-16 20:00:00,7631.25,7634.75,7630.25,7631.25,11199
2026-06-16 20:15:00,7631.25,7631.25,7622.0,7625.25,11965
2026-06-16 20:30:00,7625.5,7627.0,7622.5,7624.0,14951
2026-06-16 20:45:00,7623.75,7628.75,7622.25,7625.25,10387
2026-06-16 21:00:00,7625.0,7627.25,7620.5,7624.25,13497
2026-06-16 21:15:00,7624.5,7630.75,7622.0,7628.0,20458
2026-06-16 21:30:00,7627.75,7636.75,7624.25,7630.5,90077
2026-06-16 21:45:00,7630.5,7636.25,7621.75,7622.75,75544
2026-06-16 22:00:00,7622.75,7634.0,7622.25,7630.5,70268
2026-06-16 22:15:00,7630.25,7632.75,7612.25,7612.25,84369
2026-06-16 22:30:00,7612.0,7621.5,7604.0,7614.25,85325
2026-06-16 22:45:00,7614.25,7619.0,7606.5,7611.0,68357
2026-06-16 23:00:00,7611.0,7619.25,7610.25,7616.0,54447
2026-06-16 23:15:00,7615.75,7618.25,7604.5,7608.0,63685
2026-06-16 23:30:00,7608.0,7616.25,7605.75,7606.75,59147
2026-06-16 23:45:00,7607.0,7616.75,7599.0,7610.0,74337
2026-06-17 00:00:00,7609.75,7622.25,7609.5,7619.0,50615
2026-06-17 00:15:00,7619.25,7621.75,7614.25,7616.25,36922
2026-06-17 00:30:00,7616.0,7617.0,7606.75,7613.25,41926
2026-06-17 00:45:00,7613.0,7615.0,7606.0,7610.5,36669
2026-06-17 01:00:00,7610.25,7611.5,7604.75,7609.25,32317
2026-06-17 01:15:00,7609.25,7611.25,7602.0,7605.75,31323
2026-06-17 01:30:00,7605.5,7606.75,7598.75,7603.75,31535
2026-06-17 01:45:00,7603.5,7611.5,7601.25,7605.75,37287
2026-06-17 02:00:00,7605.5,7607.5,7603.5,7604.5,29973
2026-06-17 02:15:00,7604.75,7607.5,7601.75,7605.25,33957
2026-06-17 02:30:00,7605.25,7606.5,7601.5,7605.0,25804
2026-06-17 02:45:00,7605.25,7606.75,7600.5,7602.0,21285
2026-06-17 03:00:00,7602.0,7603.0,7592.5,7593.75,36671
2026-06-17 03:15:00,7593.75,7600.0,7584.75,7596.25,48497
2026-06-17 03:30:00,7596.25,7597.25,7587.5,7594.25,41422
2026-06-17 03:45:00,7594.25,7597.75,7583.0,7588.0,142961
2026-06-17 04:00:00,7588.0,7589.0,7581.25,7582.0,46825
2026-06-17 04:15:00,7582.0,7584.75,7578.0,7583.0,9530
2026-06-17 04:30:00,7582.75,7585.75,7581.75,7584.75,4641
2026-06-17 04:45:00,7585.0,7585.75,7581.25,7583.0,5010
2026-06-17 06:00:00,7581.25,7593.0,7581.25,7591.75,1225
2026-06-17 06:15:00,7591.75,7595.5,7590.25,7593.5,1809
2026-06-17 06:30:00,7593.75,7596.75,7590.75,7593.75,1704
2026-06-17 06:45:00,7593.5,7597.5,7592.75,7596.5,1225
2026-06-17 07:00:00,7596.5,7596.75,7590.5,7593.75,1369
2026-06-17 07:15:00,7593.5,7594.0,7591.25,7592.0,708
2026-06-17 07:30:00,7592.0,7594.75,7590.0,7592.25,1234
2026-06-17 07:45:00,7591.75,7594.5,7589.25,7591.75,1359
2026-06-17 08:00:00,7592.0,7598.75,7592.0,7594.75,2781
2026-06-17 08:15:00,7595.0,7599.5,7594.25,7597.5,1924
2026-06-17 08:30:00,7597.25,7600.5,7596.25,7598.25,1379
2026-06-17 08:45:00,7598.25,7598.75,7595.25,7597.0,1217
2026-06-17 09:00:00,7597.0,7602.75,7595.25,7601.0,2374
2026-06-17 09:15:00,7601.0,7604.25,7599.75,7603.25,1792
2026-06-17 09:30:00,7603.25,7605.25,7602.0,7602.5,1819
2026-06-17 09:45:00,7602.5,7605.5,7602.5,7605.5,1640
2026-06-17 10:00:00,7605.25,7605.5,7603.25,7605.0,1632
2026-06-17 10:15:00,7605.0,7605.75,7603.75,7604.0,1757
2026-06-17 10:30:00,7603.75,7604.0,7601.5,7603.25,1146
2026-06-17 10:45:00,7603.25,7603.5,7601.25,7602.5,825
2026-06-17 11:00:00,7602.5,7605.25,7601.0,7601.25,1110
2026-06-17 11:15:00,7601.25,7601.75,7598.75,7601.0,936
2026-06-17 11:30:00,7601.0,7605.5,7600.25,7604.5,1120
2026-06-17 11:45:00,7604.25,7606.25,7604.0,7606.0,887
2026-06-17 12:00:00,7605.25,7605.75,7604.5,7604.75,915
2026-06-17 12:15:00,7604.75,7606.5,7604.5,7605.5,732
2026-06-17 12:30:00,7605.25,7606.0,7601.0,7601.5,1131
2026-06-17 12:45:00,7601.5,7606.25,7601.5,7606.0,1029
2026-06-17 13:00:00,7606.0,7607.5,7605.0,7605.5,1480
2026-06-17 13:15:00,7605.5,7607.0,7604.0,7604.5,1554
2026-06-17 13:30:00,7604.5,7608.0,7603.75,7605.75,1797
2026-06-17 13:45:00,7605.75,7607.5,7603.0,7604.0,1103
2026-06-17 14:00:00,7603.75,7607.25,7603.0,7605.5,1656
2026-06-17 14:15:00,7605.5,7606.25,7602.25,7602.75,2353
2026-06-17 14:30:00,7602.75,7608.0,7601.25,7608.0,2685
2026-06-17 14:45:00,7608.0,7609.25,7607.0,7609.0,1864
2026-06-17 15:00:00,7608.75,7612.0,7608.25,7611.75,4232
2026-06-17 15:15:00,7611.5,7612.5,7603.5,7604.75,3687
2026-06-17 15:30:00,7604.75,7608.25,7603.25,7606.25,2810
2026-06-17 15:45:00,7606.25,7607.0,7604.25,7605.75,2889
2026-06-17 16:00:00,7605.75,7608.25,7597.75,7598.5,4775
2026-06-17 16:15:00,7598.75,7602.25,7598.0,7599.5,3137
2026-06-17 16:30:00,7599.5,7600.5,7593.5,7594.0,5021
2026-06-17 16:45:00,7594.0,7600.0,7591.75,7599.75,4825
2026-06-17 17:00:00,7600.0,7601.0,7596.5,7598.0,3492
2026-06-17 17:15:00,7598.25,7601.75,7597.25,7601.0,3440
2026-06-17 17:30:00,7601.0,7602.75,7596.0,7597.25,3083
2026-06-17 17:45:00,7597.25,7598.25,7590.5,7592.25,4206
2026-06-17 18:00:00,7592.25,7592.5,7585.25,7589.25,6448
2026-06-17 18:15:00,7589.0,7594.25,7586.75,7591.5,3788
2026-06-17 18:30:00,7591.75,7595.75,7590.5,7595.75,2111
2026-06-17 18:45:00,7595.75,7598.25,7590.25,7591.0,3450
2026-06-17 19:00:00,7591.25,7596.5,7589.75,7595.75,2977
2026-06-17 19:15:00,7595.5,7597.75,7593.5,7594.5,2875
2026-06-17 19:30:00,7594.25,7594.5,7589.0,7589.5,3697
2026-06-17 19:45:00,7589.5,7591.0,7583.0,7586.5,6448
2026-06-17 20:00:00,7586.75,7593.5,7586.25,7592.75,5544
2026-06-17 20:15:00,7592.75,7593.5,7589.25,7590.25,6530
2026-06-17 20:30:00,7590.25,7596.5,7590.0,7594.75,8080
2026-06-17 20:45:00,7594.5,7596.25,7592.75,7595.25,5402
2026-06-17 21:00:00,7595.25,7595.75,7591.0,7594.25,6401
2026-06-17 21:15:00,7594.25,7598.75,7590.25,7595.75,13872
2026-06-17 21:30:00,7595.75,7598.0,7583.25,7598.0,78720
2026-06-17 21:45:00,7598.0,7600.25,7581.0,7581.0,56685
2026-06-17 22:00:00,7581.25,7595.0,7578.5,7594.75,56460
2026-06-17 22:15:00,7594.75,7604.25,7593.25,7599.25,45076
2026-06-17 22:30:00,7599.25,7599.75,7574.0,7584.0,58560
2026-06-17 22:45:00,7584.0,7588.75,7560.5,7572.5,82470
2026-06-17 23:00:00,7572.25,7579.75,7568.0,7578.25,41134
2026-06-17 23:15:00,7578.25,7584.75,7575.5,7582.25,39403
2026-06-17 23:30:00,7582.0,7590.5,7580.0,7586.25,29330
2026-06-17 23:45:00,7586.25,7591.25,7585.5,7588.75,22115
2026-06-18 00:00:00,7589.0,7592.0,7585.5,7588.75,16371
2026-06-18 00:15:00,7588.75,7593.25,7587.0,7590.25,17687
2026-06-18 00:30:00,7590.25,7591.25,7581.75,7584.75,22593
2026-06-18 00:45:00,7585.0,7585.75,7581.5,7582.75,17783
2026-06-18 01:00:00,7582.5,7583.0,7568.5,7575.25,32003
2026-06-18 01:15:00,7575.0,7579.75,7572.0,7578.25,23698
2026-06-18 01:30:00,7578.25,7579.0,7572.5,7574.25,20562
2026-06-18 01:45:00,7574.25,7589.75,7573.0,7588.75,24041
2026-06-18 02:00:00,7588.25,7590.75,7514.5,7546.25,128640
2026-06-18 02:15:00,7546.0,7560.25,7533.75,7542.75,61421
2026-06-18 02:30:00,7542.5,7584.25,7535.75,7580.25,93792
2026-06-18 02:45:00,7580.25,7580.75,7531.5,7540.75,60784
2026-06-18 03:00:00,7540.5,7552.0,7524.25,7547.0,73491
2026-06-18 03:15:00,7547.0,7548.5,7497.25,7500.25,88741
2026-06-18 03:30:00,7500.25,7503.75,7472.25,7479.75,100663
2026-06-18 03:45:00,7479.75,7498.75,7474.0,7492.5,156704
2026-06-18 04:00:00,7492.25,7504.5,7490.25,7492.5,49088
2026-06-18 04:15:00,7492.5,7510.0,7490.0,7508.0,12751
2026-06-18 04:30:00,7508.25,7515.25,7505.75,7511.5,7328
2026-06-18 04:45:00,7511.25,7511.75,7507.25,7511.0,6305
2026-06-18 06:00:00,7512.5,7521.75,7504.25,7519.75,3345
2026-06-18 06:15:00,7520.0,7526.75,7518.25,7523.5,4166
2026-06-18 06:30:00,7523.25,7527.25,7522.25,7524.25,2205
2026-06-18 06:45:00,7524.0,7527.75,7524.0,7525.5,1458
2026-06-18 07:00:00,7525.75,7531.75,7524.25,7531.75,2123
2026-06-18 07:15:00,7531.5,7539.25,7531.0,7537.75,3221
2026-06-18 07:30:00,7538.0,7539.5,7534.0,7535.25,2046
2026-06-18 07:45:00,7535.5,7541.25,7534.5,7541.25,1990
2026-06-18 08:00:00,7541.5,7559.25,7539.75,7558.75,8110
2026-06-18 08:15:00,7559.0,7560.5,7549.0,7552.75,5917
2026-06-18 08:30:00,7552.75,7558.25,7552.75,7556.25,3674
2026-06-18 08:45:00,7556.25,7557.0,7548.0,7550.75,4565
2026-06-18 09:00:00,7550.75,7560.75,7550.0,7559.25,3397
2026-06-18 09:15:00,7559.25,7561.25,7554.75,7556.75,2781
2026-06-18 09:30:00,7557.25,7559.25,7553.75,7554.75,2695
2026-06-18 09:45:00,7554.75,7556.25,7550.25,7553.0,2609
2026-06-18 10:00:00,7553.0,7559.75,7552.0,7557.5,1801
2026-06-18 10:15:00,7557.5,7558.0,7554.5,7555.5,980
2026-06-18 10:30:00,7555.75,7557.5,7553.25,7557.0,986
2026-06-18 10:45:00,7557.0,7558.5,7555.25,7556.75,1289
2026-06-18 11:00:00,7556.5,7558.25,7552.5,7553.0,1799
2026-06-18 11:15:00,7553.0,7557.5,7552.25,7556.5,1457
2026-06-18 11:30:00,7556.75,7558.75,7550.25,7551.5,1380
2026-06-18 11:45:00,7551.5,7556.5,7551.25,7555.0,1213
2026-06-18 12:00:00,7552.5,7553.5,7549.25,7549.5,1716
2026-06-18 12:15:00,7549.5,7551.5,7544.75,7546.75,2113
2026-06-18 12:30:00,7546.5,7546.75,7540.5,7541.0,1978
2026-06-18 12:45:00,7540.5,7546.25,7539.25,7544.75,1675
2026-06-18 13:00:00,7545.0,7548.0,7542.75,7544.75,1463
2026-06-18 13:15:00,7544.5,7549.5,7544.0,7548.25,1292
2026-06-18 13:30:00,7548.5,7550.5,7546.5,7548.0,1661
2026-06-18 13:45:00,7547.75,7548.0,7544.25,7546.5,1100
2026-06-18 14:00:00,7546.25,7548.5,7541.25,7544.5,2804
2026-06-18 14:15:00,7544.5,7550.75,7541.0,7550.25,2795
2026-06-18 14:30:00,7550.25,7550.25,7543.75,7546.5,2654
2026-06-18 14:45:00,7546.75,7557.25,7546.5,7556.75,3345
2026-06-18 15:00:00,7556.5,7559.0,7550.25,7551.5,5082
2026-06-18 15:15:00,7551.5,7559.25,7550.5,7558.75,3111
2026-06-18 15:30:00,7558.5,7558.5,7553.5,7556.75,2757
2026-06-18 15:45:00,7556.75,7559.5,7554.0,7559.25,2746
2026-06-18 16:00:00,7559.5,7568.25,7559.5,7565.25,7130
2026-06-18 16:15:00,7565.25,7566.0,7555.5,7556.5,4745
2026-06-18 16:30:00,7556.5,7560.0,7554.75,7557.25,3727
2026-06-18 16:45:00,7557.25,7558.25,7547.0,7547.75,3968
2026-06-18 17:00:00,7548.25,7553.75,7545.75,7553.0,3688
2026-06-18 17:15:00,7553.25,7556.25,7551.75,7554.0,3065
2026-06-18 17:30:00,7554.0,7560.0,7552.5,7559.25,2970
2026-06-18 17:45:00,7559.25,7564.0,7559.25,7563.25,3770
2026-06-18 18:00:00,7563.25,7563.5,7559.0,7563.25,3744
2026-06-18 18:15:00,7563.25,7564.75,7559.75,7560.75,3180
2026-06-18 18:30:00,7560.75,7563.25,7552.0,7552.0,3898
2026-06-18 18:45:00,7552.25,7555.25,7551.5,7553.5,3400
2026-06-18 19:00:00,7553.5,7554.75,7540.0,7544.25,7450
2026-06-18 19:15:00,7544.5,7545.0,7535.5,7541.5,6935
2026-06-18 19:30:00,7541.25,7543.75,7530.75,7538.0,5933
2026-06-18 19:45:00,7538.0,7543.75,7537.25,7543.25,5192
2026-06-18 20:00:00,7543.25,7548.25,7540.75,7546.5,7685
2026-06-18 20:15:00,7546.75,7555.5,7544.25,7555.0,9449
2026-06-18 20:30:00,7554.75,7560.0,7552.75,7555.5,9488
2026-06-18 20:45:00,7555.25,7565.0,7555.0,7560.5,9800
2026-06-18 21:00:00,7560.5,7562.75,7550.5,7561.75,22168
2026-06-18 21:15:00,7561.75,7579.75,7560.75,7577.0,36950
2026-06-18 21:30:00,7577.25,7581.5,7537.0,7538.25,119087
2026-06-18 21:45:00,7538.5,7554.75,7535.5,7544.0,72810
2026-06-18 22:00:00,7544.25,7558.25,7540.75,7545.25,58799
2026-06-18 22:15:00,7545.0,7566.25,7539.0,7550.5,59613
2026-06-18 22:30:00,7550.5,7564.5,7541.25,7558.5,57157
2026-06-18 22:45:00,7558.5,7570.75,7558.25,7566.25,39453
2026-06-18 23:00:00,7566.5,7568.75,7557.25,7559.0,37324
2026-06-18 23:15:00,7559.25,7561.5,7549.25,7551.75,38012
2026-06-18 23:30:00,7551.5,7556.25,7541.0,7546.0,43771
2026-06-18 23:45:00,7545.75,7563.25,7541.0,7560.5,37138
2026-06-19 00:00:00,7560.25,7563.75,7555.0,7559.75,28891
2026-06-19 00:15:00,7560.0,7566.75,7557.0,7564.0,22017
2026-06-19 00:30:00,7564.25,7570.5,7560.5,7567.75,23732
2026-06-19 00:45:00,7567.75,7568.5,7559.25,7564.0,22278
2026-06-19 01:00:00,7564.0,7575.25,7561.5,7573.25,22625
2026-06-19 01:15:00,7573.25,7579.0,7571.0,7572.75,21616
2026-06-19 01:30:00,7573.0,7577.0,7569.5,7570.5,17956
2026-06-19 01:45:00,7570.5,7572.75,7566.75,7567.0,15011
2026-06-19 02:00:00,7567.0,7568.0,7562.0,7563.75,21573
2026-06-19 02:15:00,7563.5,7566.75,7561.0,7562.75,19011
2026-06-19 02:30:00,7562.75,7563.5,7559.25,7562.75,18424
2026-06-19 02:45:00,7562.5,7567.25,7560.5,7561.5,21731
2026-06-19 03:00:00,7561.5,7562.25,7549.0,7552.25,30695
2026-06-19 03:15:00,7552.25,7560.0,7549.5,7557.75,24046
2026-06-19 03:30:00,7557.75,7571.75,7553.75,7571.25,38167
2026-06-19 03:45:00,7571.0,7580.75,7564.25,7564.5,173972
2026-06-19 04:00:00,7564.5,7577.5,7562.25,7576.5,49801
2026-06-19 04:15:00,7576.75,7583.0,7575.0,7577.5,11335
2026-06-19 04:30:00,7577.5,7579.5,7572.25,7573.0,5155
2026-06-19 04:45:00,7572.75,7575.25,7570.75,7574.75,4845
2026-06-19 06:00:00,7576.75,7580.0,7572.0,7573.25,858
2026-06-19 06:15:00,7573.0,7573.0,7565.0,7566.25,1432
2026-06-19 06:30:00,7566.5,7566.5,7560.25,7561.75,1356
2026-06-19 06:45:00,7561.75,7564.0,7559.5,7561.0,967
2026-06-19 07:00:00,7561.25,7564.0,7560.5,7561.5,840
2026-06-19 07:15:00,7561.5,7566.0,7561.25,7564.25,586
2026-06-19 07:30:00,7564.0,7567.25,7562.75,7565.75,690
2026-06-19 07:45:00,7565.5,7568.25,7564.75,7565.75,781
2026-06-19 08:00:00,7565.5,7565.75,7556.0,7557.25,2244
2026-06-19 08:15:00,7557.5,7561.75,7556.5,7559.5,2246
2026-06-19 08:30:00,7559.75,7561.25,7556.75,7559.0,970
2026-06-19 08:45:00,7559.25,7560.25,7557.25,7558.25,662
2026-06-19 09:00:00,7558.25,7560.75,7551.0,7552.5,2584
2026-06-19 09:15:00,7552.5,7556.0,7552.25,7555.0,1100
2026-06-19 09:30:00,7555.0,7555.0,7550.0,7551.25,1137
2026-06-19 09:45:00,7551.25,7552.75,7547.25,7547.75,1432
2026-06-19 10:00:00,7547.5,7548.5,7544.0,7544.5,1725
2026-06-19 10:15:00,7544.75,7546.75,7541.75,7546.0,1985
2026-06-19 10:30:00,7546.0,7549.25,7545.75,7548.75,705
2026-06-19 10:45:00,7548.5,7548.5,7544.5,7546.25,657
2026-06-19 11:00:00,7546.25,7548.5,7544.25,7544.25,860
2026-06-19 11:15:00,7544.0,7544.75,7537.5,7539.0,2136
2026-06-19 11:30:00,7538.5,7541.25,7536.0,7538.75,2086
2026-06-19 11:45:00,7538.75,7540.0,7536.25,7536.75,1350
2026-06-22 06:00:00,7543.25,7556.25,7528.0,7532.25,6372
2026-06-22 06:15:00,7532.5,7556.25,7526.0,7541.0,3036
2026-06-22 06:30:00,7541.0,7556.25,7536.25,7541.5,1642
2026-06-22 06:45:00,7541.25,7556.25,7537.0,7538.25,1261
2026-06-22 07:00:00,7537.75,7556.25,7525.0,7526.5,4133
2026-06-22 07:15:00,7526.75,7556.25,7523.5,7526.0,1993
2026-06-22 07:30:00,7526.5,7556.25,7515.5,7519.5,2764
2026-06-22 07:45:00,7519.75,7521.25,7513.0,7516.0,1943
2026-06-22 08:00:00,7515.75,7556.25,7514.5,7533.0,6454
2026-06-22 08:15:00,7533.25,7556.25,7531.25,7543.75,5481
2026-06-22 08:30:00,7543.75,7556.25,7540.5,7543.0,3165
2026-06-22 08:45:00,7543.0,7556.25,7543.0,7548.75,4299
2026-06-22 09:00:00,7549.0,7557.25,7549.0,7553.5,5703
2026-06-22 09:15:00,7553.5,7556.25,7551.0,7554.75,2886
2026-06-22 09:30:00,7554.5,7556.25,7552.0,7554.0,2555
2026-06-22 09:45:00,7554.0,7556.25,7548.75,7549.5,2807
2026-06-22 10:00:00,7549.75,7556.25,7544.0,7544.25,3775
2026-06-22 10:15:00,7544.25,7547.0,7542.25,7542.5,3143
2026-06-22 10:30:00,7542.25,7556.25,7538.25,7540.0,2916
2026-06-22 10:45:00,7540.0,7556.25,7537.25,7538.5,2171
2026-06-22 11:00:00,7538.5,7556.25,7534.5,7536.25,3384
2026-06-22 11:15:00,7536.25,7556.25,7536.0,7540.25,2465
2026-06-22 11:30:00,7540.25,7542.25,7539.0,7540.0,1209
2026-06-22 11:45:00,7540.0,7556.25,7533.5,7534.5,1909
2026-06-22 12:00:00,7534.75,7536.5,7532.75,7533.0,1423
2026-06-22 12:15:00,7533.25,7534.25,7530.0,7531.0,1606
2026-06-22 12:30:00,7531.0,7532.5,7528.25,7529.75,1793
2026-06-22 12:45:00,7529.75,7535.5,7529.0,7534.75,2836
2026-06-22 13:00:00,7534.75,7546.5,7534.0,7545.25,4492
2026-06-22 13:15:00,7545.25,7547.0,7542.5,7545.25,2306
2026-06-22 13:30:00,7545.25,7546.5,7541.25,7545.0,1677
2026-06-22 13:45:00,7545.0,7547.5,7543.25,7546.25,1512
2026-06-22 14:00:00,7546.5,7553.5,7546.0,7552.75,5948
2026-06-22 14:15:00,7552.75,7560.25,7552.0,7558.75,4362
2026-06-22 14:30:00,7558.5,7561.75,7554.5,7560.75,2654
2026-06-22 14:45:00,7560.75,7562.75,7559.5,7561.75,1595
2026-06-22 15:00:00,7561.75,7566.25,7561.25,7564.0,3574
2026-06-22 15:15:00,7564.25,7567.25,7564.0,7566.75,2446
2026-06-22 15:30:00,7566.5,7567.25,7562.0,7562.5,2542
2026-06-22 15:45:00,7562.25,7565.0,7560.5,7562.75,2208
2026-06-22 16:00:00,7562.75,7563.75,7552.5,7556.0,3304
2026-06-22 16:15:00,7556.25,7557.5,7552.75,7555.0,2385
2026-06-22 16:30:00,7554.75,7560.25,7553.25,7560.0,2008
2026-06-22 16:45:00,7559.75,7560.5,7555.75,7559.5,1850
2026-06-22 17:00:00,7559.5,7564.5,7556.25,7562.75,2742
2026-06-22 17:15:00,7562.75,7563.0,7559.75,7560.5,1747
2026-06-22 17:30:00,7560.5,7561.75,7555.5,7556.5,2033
2026-06-22 17:45:00,7556.5,7558.0,7554.25,7554.75,2161
2026-06-22 18:00:00,7554.75,7564.75,7554.75,7563.0,2376
2026-06-22 18:15:00,7563.0,7564.5,7562.0,7563.0,1541
2026-06-22 18:30:00,7563.0,7563.0,7557.0,7559.25,2074
2026-06-22 18:45:00,7559.25,7562.5,7558.0,7558.75,1617
2026-06-22 19:00:00,7558.75,7577.75,7558.5,7562.75,10089
2026-06-22 19:15:00,7562.5,7564.0,7560.75,7561.75,2470
2026-06-22 19:30:00,7561.5,7565.75,7561.0,7563.25,3527
2026-06-22 19:45:00,7563.5,7565.25,7558.75,7563.5,4447
2026-06-22 20:00:00,7563.75,7570.0,7563.75,7569.75,3316
2026-06-22 20:15:00,7569.5,7574.75,7567.5,7574.25,4519
2026-06-22 20:30:00,7574.25,7576.25,7570.25,7571.0,5043
2026-06-22 20:45:00,7571.0,7571.5,7567.5,7568.0,4946
2026-06-22 21:00:00,7568.0,7578.0,7568.0,7576.5,12642
2026-06-22 21:15:00,7576.5,7579.0,7572.25,7573.25,9337
2026-06-22 21:30:00,7573.0,7596.75,7571.5,7578.5,85833
2026-06-22 21:45:00,7578.75,7596.5,7576.75,7596.25,60086
2026-06-22 22:00:00,7596.25,7599.25,7589.0,7589.75,43974
2026-06-22 22:15:00,7590.0,7591.0,7560.25,7561.25,66770
2026-06-22 22:30:00,7561.25,7562.25,7540.0,7541.0,84536
2026-06-22 22:45:00,7541.0,7549.25,7527.25,7543.0,73367
2026-06-22 23:00:00,7542.75,7550.0,7536.25,7540.5,46842
2026-06-22 23:15:00,7540.5,7547.0,7534.75,7539.75,50756
2026-06-22 23:30:00,7539.75,7558.0,7537.5,7554.75,44925
2026-06-22 23:45:00,7555.0,7559.25,7539.0,7542.5,41405
2026-06-23 00:00:00,7542.5,7546.5,7532.25,7546.25,37049
2026-06-23 00:15:00,7546.25,7550.25,7540.0,7544.25,30701
2026-06-23 00:30:00,7544.5,7545.25,7536.75,7539.75,22485
2026-06-23 00:45:00,7540.0,7549.75,7538.0,7546.0,29126
2026-06-23 01:00:00,7546.25,7547.0,7535.5,7542.25,20031
2026-06-23 01:15:00,7542.0,7549.0,7542.0,7543.25,17014
2026-06-23 01:30:00,7543.25,7544.5,7535.5,7539.25,18075
2026-06-23 01:45:00,7539.5,7549.5,7538.25,7542.75,18338
2026-06-23 02:00:00,7543.0,7546.75,7538.5,7545.5,16445
2026-06-23 02:15:00,7545.5,7553.75,7544.25,7547.25,21255
2026-06-23 02:30:00,7547.25,7551.5,7540.5,7541.0,19710
2026-06-23 02:45:00,7541.0,7544.5,7531.5,7533.0,26052
2026-06-23 03:00:00,7533.0,7539.75,7528.5,7535.5,27422
2026-06-23 03:15:00,7535.5,7538.25,7530.25,7530.5,23280
2026-06-23 03:30:00,7530.25,7536.25,7528.0,7529.5,29597
2026-06-23 03:45:00,7529.5,7545.75,7528.75,7540.25,126299
2026-06-23 04:00:00,7540.25,7547.0,7539.0,7545.5,29804
2026-06-23 04:15:00,7545.25,7547.25,7541.0,7541.75,5782
2026-06-23 04:30:00,7541.5,7542.75,7540.5,7542.5,2951
2026-06-23 04:45:00,7542.25,7542.5,7539.5,7540.75,3127
2026-06-23 06:00:00,7541.25,7549.5,7538.25,7541.25,1284
2026-06-23 06:15:00,7541.5,7543.25,7539.0,7540.25,1076
2026-06-23 06:30:00,7540.0,7540.0,7529.5,7530.25,2866
2026-06-23 06:45:00,7530.5,7533.75,7529.5,7532.0,1287
2026-06-23 07:00:00,7532.0,7533.0,7528.0,7528.5,1466
2026-06-23 07:15:00,7528.5,7531.25,7526.0,7531.0,1626
2026-06-23 07:30:00,7531.0,7531.5,7528.25,7530.75,779
2026-06-23 07:45:00,7530.75,7532.25,7526.5,7532.0,1528
2026-06-23 08:00:00,7531.75,7535.0,7524.0,7524.75,4723
2026-06-23 08:15:00,7525.25,7529.0,7522.0,7525.5,4692
2026-06-23 08:30:00,7525.25,7541.0,7523.75,7541.0,3764
2026-06-23 08:45:00,7541.0,7545.25,7538.25,7540.25,3324
2026-06-23 09:00:00,7540.25,7542.25,7536.5,7536.5,3012
2026-06-23 09:15:00,7536.5,7538.0,7532.75,7535.75,2542
2026-06-23 09:30:00,7535.75,7536.75,7521.0,7522.25,5082
2026-06-23 09:45:00,7522.25,7525.5,7512.0,7522.25,7081
2026-06-23 10:00:00,7522.75,7525.0,7514.0,7519.0,4138
2026-06-23 10:15:00,7519.0,7522.25,7517.25,7520.0,2664
2026-06-23 10:30:00,7520.0,7520.25,7515.75,7517.5,1790
2026-06-23 10:45:00,7517.5,7518.0,7510.5,7512.75,2876
2026-06-23 11:00:00,7512.75,7513.75,7504.75,7506.25,5004
2026-06-23 11:15:00,7506.25,7508.75,7505.0,7507.5,2348
2026-06-23 11:30:00,7507.5,7507.75,7496.5,7500.75,6283
2026-06-23 11:45:00,7500.25,7506.75,7497.0,7506.25,3516
2026-06-23 12:00:00,7504.25,7504.25,7500.0,7501.75,3688
2026-06-23 12:15:00,7501.75,7501.75,7493.5,7496.75,3068
2026-06-23 12:30:00,7496.5,7496.75,7490.5,7492.0,2203
2026-06-23 12:45:00,7492.25,7493.0,7481.75,7483.25,3752
2026-06-23 13:00:00,7483.5,7488.0,7482.75,7483.25,3918
2026-06-23 13:15:00,7483.5,7484.5,7474.5,7476.75,4602
2026-06-23 13:30:00,7477.0,7477.5,7467.25,7473.25,6569
2026-06-23 13:45:00,7473.25,7476.0,7467.0,7468.75,5823
2026-06-23 14:00:00,7468.75,7472.5,7463.0,7465.25,6165
2026-06-23 14:15:00,7466.0,7468.5,7451.25,7454.75,9212
2026-06-23 14:30:00,7454.75,7458.75,7447.75,7450.5,6619
2026-06-23 14:45:00,7450.5,7455.25,7444.75,7447.25,5236
2026-06-23 15:00:00,7447.0,7455.5,7442.25,7452.0,8861
2026-06-23 15:15:00,7452.0,7453.0,7440.5,7446.75,5388
2026-06-23 15:30:00,7446.5,7447.25,7437.5,7439.5,6563
2026-06-23 15:45:00,7439.5,7441.25,7428.25,7433.5,8654
2026-06-23 16:00:00,7433.75,7435.0,7422.25,7429.75,11614
2026-06-23 16:15:00,7429.25,7430.75,7421.75,7424.5,8126
2026-06-23 16:30:00,7424.75,7438.5,7424.25,7434.5,7616
2026-06-23 16:45:00,7434.5,7434.5,7423.5,7430.5,6585
2026-06-23 17:00:00,7430.75,7439.5,7429.5,7438.25,6608
2026-06-23 17:15:00,7438.0,7446.25,7434.75,7445.0,7077
2026-06-23 17:30:00,7445.0,7445.5,7438.5,7440.0,4641
2026-06-23 17:45:00,7440.0,7446.0,7438.0,7444.5,3878
2026-06-23 18:00:00,7444.5,7449.5,7441.0,7442.5,5219
2026-06-23 18:15:00,7442.25,7449.75,7439.25,7440.0,5809
2026-06-23 18:30:00,7439.75,7439.75,7427.25,7431.5,9183
2026-06-23 18:45:00,7431.5,7437.75,7430.5,7436.75,5140
2026-06-23 19:00:00,7436.5,7443.0,7432.5,7442.5,6932
2026-06-23 19:15:00,7442.5,7448.5,7436.0,7440.25,9282
2026-06-23 19:30:00,7440.0,7449.5,7438.25,7449.0,7469
2026-06-23 19:45:00,7449.0,7453.5,7446.25,7450.75,9220
2026-06-23 20:00:00,7450.75,7454.5,7444.25,7446.5,8737
2026-06-23 20:15:00,7446.5,7447.25,7432.5,7437.25,9887
2026-06-23 20:30:00,7437.25,7440.5,7427.5,7433.25,10613
2026-06-23 20:45:00,7433.25,7435.5,7429.75,7432.75,8116
2026-06-23 21:00:00,7432.5,7436.0,7429.5,7434.0,11504
2026-06-23 21:15:00,7433.75,7434.25,7423.75,7429.5,17302
2026-06-23 21:30:00,7429.5,7447.0,7415.25,7442.5,118972
2026-06-23 21:45:00,7442.25,7466.5,7438.25,7465.25,93181
2026-06-23 22:00:00,7465.25,7485.25,7463.75,7484.0,82207
2026-06-23 22:15:00,7484.0,7491.0,7475.75,7483.75,66894
2026-06-23 22:30:00,7483.75,7486.0,7466.25,7468.25,64968
2026-06-23 22:45:00,7468.25,7474.0,7459.75,7464.75,56944
2026-06-23 23:00:00,7464.75,7468.5,7450.5,7455.25,49440
2026-06-23 23:15:00,7455.25,7457.0,7436.25,7440.0,49912
2026-06-23 23:30:00,7439.75,7449.25,7435.75,7444.25,49142
2026-06-23 23:45:00,7444.0,7456.5,7441.75,7453.75,39818
2026-06-24 00:00:00,7454.0,7471.5,7452.5,7469.25,37360
2026-06-24 00:15:00,7469.5,7471.25,7460.75,7469.0,28240
2026-06-24 00:30:00,7469.0,7475.25,7464.5,7474.0,24863
2026-06-24 00:45:00,7474.0,7474.75,7464.5,7469.75,26271
2026-06-24 01:00:00,7469.75,7473.0,7460.5,7469.0,26304
2026-06-24 01:15:00,7468.75,7476.5,7464.5,7471.0,27164
2026-06-24 01:30:00,7470.75,7475.75,7466.0,7467.25,23126
2026-06-24 01:45:00,7467.25,7470.5,7452.5,7453.25,31532
2026-06-24 02:00:00,7453.25,7461.25,7448.75,7453.75,31595
2026-06-24 02:15:00,7453.75,7455.75,7447.75,7449.75,26352
2026-06-24 02:30:00,7449.5,7451.0,7433.0,7433.75,35274
2026-06-24 02:45:00,7433.75,7441.25,7428.75,7436.0,46702
2026-06-24 03:00:00,7436.0,7452.25,7433.75,7441.0,44290
2026-06-24 03:15:00,7441.0,7449.75,7433.5,7446.75,41321
2026-06-24 03:30:00,7446.75,7449.25,7438.25,7442.0,42544
2026-06-24 03:45:00,7442.25,7453.0,7433.0,7434.75,149432
2026-06-24 04:00:00,7434.75,7442.25,7431.5,7438.75,39023
2026-06-24 04:15:00,7438.5,7442.0,7435.25,7441.0,6603
2026-06-24 04:30:00,7440.75,7443.0,7438.25,7440.25,3516
2026-06-24 04:45:00,7440.5,7446.75,7439.25,7445.5,4745
2026-06-24 06:00:00,7449.25,7452.25,7443.75,7449.0,1393
2026-06-24 06:15:00,7449.0,7452.0,7436.75,7436.75,3462
2026-06-24 06:30:00,7437.0,7440.75,7429.25,7430.5,3203
2026-06-24 06:45:00,7430.5,7436.25,7430.5,7434.75,1885
2026-06-24 07:00:00,7435.0,7435.5,7420.25,7433.0,5260
2026-06-24 07:15:00,7433.25,7438.25,7432.5,7435.75,1603
2026-06-24 07:30:00,7436.0,7437.0,7427.5,7433.5,2569
2026-06-24 07:45:00,7433.5,7450.75,7433.25,7446.75,4898
2026-06-24 08:00:00,7446.75,7459.75,7443.5,7454.25,7681
2026-06-24 08:15:00,7454.0,7458.75,7448.5,7454.75,4989
2026-06-24 08:30:00,7455.0,7458.25,7453.25,7456.5,3382
2026-06-24 08:45:00,7456.25,7458.25,7448.75,7453.5,3366
2026-06-24 09:00:00,7453.75,7454.75,7446.0,7451.75,5042
2026-06-24 09:15:00,7451.75,7452.75,7442.5,7451.0,4065
2026-06-24 09:30:00,7451.0,7454.25,7448.0,7452.0,3408
2026-06-24 09:45:00,7452.0,7454.0,7449.0,7451.25,2888
2026-06-24 10:00:00,7451.0,7453.25,7447.25,7451.5,2563
2026-06-24 10:15:00,7451.25,7451.75,7442.75,7448.0,2561
2026-06-24 10:30:00,7448.25,7450.5,7438.75,7440.25,3824
2026-06-24 10:45:00,7440.25,7441.0,7429.75,7430.25,3937
2026-06-24 11:00:00,7430.0,7446.25,7426.75,7445.0,5899
2026-06-24 11:15:00,7444.75,7448.25,7436.25,7448.0,2991
2026-06-24 11:30:00,7447.75,7451.75,7445.75,7447.5,3013
2026-06-24 11:45:00,7447.5,7448.25,7443.5,7447.5,1608
2026-06-24 12:00:00,7440.0,7443.0,7438.0,7439.75,1817
2026-06-24 12:15:00,7439.75,7441.5,7434.75,7436.75,1886
2026-06-24 12:30:00,7437.0,7450.5,7437.0,7448.25,2277
2026-06-24 12:45:00,7448.25,7451.5,7447.75,7449.5,1905
2026-06-24 13:00:00,7449.75,7453.25,7447.5,7451.5,2427
2026-06-24 13:15:00,7451.5,7457.5,7450.0,7454.25,2572
2026-06-24 13:30:00,7454.25,7459.25,7453.5,7454.25,2435
2026-06-24 13:45:00,7454.0,7455.0,7449.75,7450.25,1449
2026-06-24 14:00:00,7450.25,7453.75,7445.75,7452.0,2036
2026-06-24 14:15:00,7452.0,7452.5,7445.25,7447.0,1979
2026-06-24 14:30:00,7447.5,7453.75,7446.75,7450.0,2115
2026-06-24 14:45:00,7450.0,7451.75,7448.25,7448.75,1778
2026-06-24 15:00:00,7449.0,7450.75,7442.75,7447.75,4818
2026-06-24 15:15:00,7448.0,7450.5,7444.5,7444.5,3186
2026-06-24 15:30:00,7444.5,7450.75,7439.75,7450.25,4192
2026-06-24 15:45:00,7450.0,7452.75,7442.0,7442.75,2935
2026-06-24 16:00:00,7443.0,7452.5,7442.5,7452.25,4704
2026-06-24 16:15:00,7451.75,7453.0,7445.75,7448.5,3267
2026-06-24 16:30:00,7448.5,7453.25,7447.0,7449.0,2645
2026-06-24 16:45:00,7449.0,7449.25,7445.0,7447.5,2081
2026-06-24 17:00:00,7447.5,7452.25,7444.25,7451.25,2987
2026-06-24 17:15:00,7451.25,7451.5,7443.0,7447.0,3098
2026-06-24 17:30:00,7446.75,7448.25,7440.75,7441.25,3292
2026-06-24 17:45:00,7441.25,7448.75,7439.25,7447.75,2885
2026-06-24 18:00:00,7447.75,7448.0,7442.25,7447.75,3305
2026-06-24 18:15:00,7447.5,7450.5,7447.0,7450.5,2421
2026-06-24 18:30:00,7450.5,7458.25,7449.75,7455.25,5379
2026-06-24 18:45:00,7455.25,7456.25,7447.5,7449.0,2942
2026-06-24 19:00:00,7449.0,7455.75,7448.0,7448.0,3434
2026-06-24 19:15:00,7448.25,7449.25,7443.75,7447.5,3855
2026-06-24 19:30:00,7447.75,7459.0,7447.5,7455.25,5184
2026-06-24 19:45:00,7455.25,7465.0,7454.5,7463.75,7413
2026-06-24 20:00:00,7463.75,7464.5,7458.5,7460.25,7576
2026-06-24 20:15:00,7460.25,7467.25,7457.0,7465.0,6126
2026-06-24 20:30:00,7464.75,7467.25,7452.75,7454.0,5665
2026-06-24 20:45:00,7454.0,7455.5,7447.75,7450.5,6587
2026-06-24 21:00:00,7450.5,7455.75,7442.0,7442.75,13275
2026-06-24 21:15:00,7443.0,7449.25,7438.75,7447.25,18287
2026-06-24 21:30:00,7447.25,7468.0,7438.25,7452.75,102410
2026-06-24 21:45:00,7452.5,7472.25,7437.75,7454.75,86488
2026-06-24 22:00:00,7454.5,7460.5,7447.0,7451.25,74626
2026-06-24 22:15:00,7451.0,7466.0,7436.5,7461.0,70266
2026-06-24 22:30:00,7461.0,7473.5,7457.5,7472.75,53939
2026-06-24 22:45:00,7472.75,7494.25,7471.75,7493.75,64473
2026-06-24 23:00:00,7493.75,7496.5,7476.25,7481.75,57057
2026-06-24 23:15:00,7481.75,7493.75,7478.25,7493.75,43605
2026-06-24 23:30:00,7493.5,7496.5,7478.25,7481.75,43738
2026-06-24 23:45:00,7481.75,7489.75,7474.5,7480.25,38633
2026-06-25 00:00:00,7480.25,7485.5,7474.5,7481.25,36431
2026-06-25 00:15:00,7481.5,7485.0,7476.75,7477.75,24432
2026-06-25 00:30:00,7477.75,7477.75,7455.0,7459.75,54510
2026-06-25 00:45:00,7459.5,7464.5,7450.75,7453.0,37694
2026-06-25 01:00:00,7453.0,7461.25,7442.25,7444.0,36367
2026-06-25 01:15:00,7444.0,7447.75,7415.75,7416.75,60717
2026-06-25 01:30:00,7416.75,7424.5,7407.75,7414.75,62692
2026-06-25 01:45:00,7414.75,7427.25,7410.25,7414.0,42792
2026-06-25 02:00:00,7414.25,7429.5,7413.0,7424.75,43160
2026-06-25 02:15:00,7424.75,7443.25,7424.75,7440.0,47925
2026-06-25 02:30:00,7440.0,7442.25,7425.25,7429.25,37580
2026-06-25 02:45:00,7429.25,7429.25,7408.25,7415.5,53453
2026-06-25 03:00:00,7415.5,7425.25,7404.25,7412.25,51173
2026-06-25 03:15:00,7412.25,7419.75,7407.75,7416.25,34435
2026-06-25 03:30:00,7416.0,7418.5,7405.25,7411.0,45367
2026-06-25 03:45:00,7411.25,7431.5,7410.5,7428.25,122194
2026-06-25 04:00:00,7428.0,7465.25,7421.25,7463.5,57910
2026-06-25 04:15:00,7463.75,7474.0,7460.75,7470.5,14813
2026-06-25 04:30:00,7470.5,7480.0,7468.0,7479.25,9484
2026-06-25 04:45:00,7479.25,7482.25,7474.75,7477.5,9256
2026-06-25 06:00:00,7476.25,7486.75,7472.25,7473.0,2130
2026-06-25 06:15:00,7473.0,7475.25,7468.25,7468.5,2650
2026-06-25 06:30:00,7468.5,7471.5,7467.0,7470.75,2419
2026-06-25 06:45:00,7470.75,7471.0,7465.75,7466.25,1561
2026-06-25 07:00:00,7466.5,7468.75,7464.0,7464.75,1897
2026-06-25 07:15:00,7465.0,7470.75,7464.0,7468.25,1301
2026-06-25 07:30:00,7468.5,7475.75,7468.0,7474.25,1547
2026-06-25 07:45:00,7474.5,7478.5,7469.75,7471.75,2074
2026-06-25 08:00:00,7472.0,7473.0,7464.75,7471.25,4067
2026-06-25 08:15:00,7471.0,7472.25,7464.5,7466.0,2216
2026-06-25 08:30:00,7466.25,7467.0,7454.0,7457.0,4063
2026-06-25 08:45:00,7457.0,7460.5,7453.0,7454.5,3184
2026-06-25 09:00:00,7455.0,7459.0,7452.25,7455.75,2491
2026-06-25 09:15:00,7455.75,7460.0,7454.25,7456.25,1958
2026-06-25 09:30:00,7456.75,7466.5,7455.75,7460.75,2629
2026-06-25 09:45:00,7460.75,7465.0,7459.5,7460.25,1909
2026-06-25 10:00:00,7460.0,7465.0,7454.0,7455.25,2902
2026-06-25 10:15:00,7455.5,7463.0,7452.75,7461.25,1924
2026-06-25 10:30:00,7461.25,7463.5,7458.5,7459.75,1076
2026-06-25 10:45:00,7459.5,7464.0,7458.75,7463.25,938
2026-06-25 11:00:00,7463.5,7467.25,7462.25,7464.0,1482
2026-06-25 11:15:00,7464.0,7468.25,7460.25,7466.5,1748
2026-06-25 11:30:00,7466.5,7469.5,7464.0,7465.0,1568
2026-06-25 11:45:00,7465.0,7469.75,7464.25,7469.5,1004
2026-06-25 12:00:00,7466.5,7468.0,7465.25,7465.25,1191
2026-06-25 12:15:00,7465.25,7467.0,7462.5,7463.75,1406
2026-06-25 12:30:00,7464.0,7466.5,7459.75,7466.5,1237
2026-06-25 12:45:00,7466.75,7467.75,7463.0,7464.5,1187
2026-06-25 13:00:00,7464.25,7470.5,7464.25,7469.5,1179
2026-06-25 13:15:00,7469.75,7474.0,7468.5,7473.75,1545
2026-06-25 13:30:00,7473.25,7476.5,7472.5,7474.5,2452
2026-06-25 13:45:00,7474.5,7474.5,7470.75,7472.0,1892
2026-06-25 14:00:00,7472.0,7478.5,7471.0,7477.5,2283
2026-06-25 14:15:00,7477.5,7482.25,7476.75,7480.0,2508
2026-06-25 14:30:00,7480.0,7482.25,7478.0,7479.25,1857
2026-06-25 14:45:00,7479.25,7481.25,7477.0,7477.75,1421
2026-06-25 15:00:00,7478.0,7484.0,7478.0,7481.75,3675
2026-06-25 15:15:00,7481.75,7488.75,7481.5,7485.75,3526
2026-06-25 15:30:00,7486.0,7488.5,7483.25,7487.0,1762
2026-06-25 15:45:00,7487.0,7488.25,7484.5,7488.0,1578
2026-06-25 16:00:00,7488.25,7491.25,7483.5,7483.75,3826
2026-06-25 16:15:00,7483.5,7485.25,7480.25,7483.75,2378
2026-06-25 16:30:00,7483.5,7485.5,7481.25,7481.5,1977
2026-06-25 16:45:00,7481.25,7482.25,7475.5,7477.0,2606
2026-06-25 17:00:00,7477.0,7482.75,7476.25,7480.25,2175
2026-06-25 17:15:00,7480.0,7481.75,7476.75,7479.0,2058
2026-06-25 17:30:00,7479.0,7482.75,7478.5,7481.75,1646
2026-06-25 17:45:00,7481.5,7484.5,7479.75,7480.75,1791
2026-06-25 18:00:00,7480.5,7486.0,7479.75,7486.0,1852
2026-06-25 18:15:00,7486.0,7486.75,7483.5,7486.25,1371
2026-06-25 18:30:00,7486.25,7487.5,7481.75,7482.5,1609
2026-06-25 18:45:00,7482.0,7486.0,7480.0,7483.75,1377
2026-06-25 19:00:00,7483.75,7487.0,7480.0,7480.5,2672
2026-06-25 19:15:00,7480.25,7481.0,7472.5,7473.75,3685
2026-06-25 19:30:00,7473.75,7479.0,7472.25,7477.75,3227
2026-06-25 19:45:00,7477.5,7480.5,7473.0,7476.0,3827
2026-06-25 20:00:00,7475.75,7482.75,7474.75,7476.75,4484
2026-06-25 20:15:00,7476.75,7479.5,7472.5,7474.5,3925
2026-06-25 20:30:00,7474.25,7496.0,7474.0,7485.25,17007
2026-06-25 20:45:00,7485.25,7492.75,7484.75,7487.0,5539
2026-06-25 21:00:00,7487.0,7488.75,7480.5,7483.5,8357
2026-06-25 21:15:00,7483.75,7488.25,7479.25,7485.75,13651
2026-06-25 21:30:00,7485.75,7490.5,7436.25,7438.75,113842
2026-06-25 21:45:00,7439.0,7444.0,7390.5,7393.25,166013
2026-06-25 22:00:00,7393.25,7454.25,7392.5,7437.25,138738
2026-06-25 22:15:00,7437.25,7462.0,7427.5,7451.0,86296
2026-06-25 22:30:00,7450.75,7467.75,7444.25,7450.75,57942
2026-06-25 22:45:00,7450.75,7475.75,7444.0,7449.5,56524
2026-06-25 23:00:00,7449.25,7462.25,7422.75,7426.0,48736
2026-06-25 23:15:00,7426.0,7445.0,7414.25,7439.25,48087
2026-06-25 23:30:00,7439.25,7451.5,7435.5,7443.75,31947
2026-06-25 23:45:00,7443.75,7454.75,7436.25,7437.5,23193
2026-06-26 00:00:00,7437.75,7458.25,7432.5,7453.5,27396
2026-06-26 00:15:00,7453.5,7458.75,7435.25,7437.75,30399
2026-06-26 00:30:00,7437.75,7438.25,7415.75,7417.75,33025
2026-06-26 00:45:00,7417.75,7425.75,7409.75,7420.25,33462
2026-06-26 01:00:00,7420.25,7432.5,7416.5,7427.25,18984
2026-06-26 01:15:00,7427.25,7438.0,7415.75,7427.75,27203
2026-06-26 01:30:00,7427.75,7433.0,7420.25,7421.5,20849
2026-06-26 01:45:00,7421.5,7431.0,7410.75,7429.5,25584
2026-06-26 02:00:00,7429.5,7435.5,7408.25,7427.5,40655
2026-06-26 02:15:00,7427.75,7456.75,7425.0,7454.25,36385
2026-06-26 02:30:00,7454.25,7454.5,7431.25,7434.75,29935
2026-06-26 02:45:00,7434.75,7439.5,7422.25,7434.5,22461
2026-06-26 03:00:00,7434.25,7435.0,7418.75,7419.25,22120
2026-06-26 03:15:00,7419.5,7424.75,7414.25,7419.75,27940
2026-06-26 03:30:00,7419.5,7420.75,7411.5,7415.75,32113
2026-06-26 03:45:00,7415.5,7430.0,7409.0,7428.75,105594
2026-06-26 04:00:00,7428.75,7451.75,7427.75,7438.25,46208
2026-06-26 04:15:00,7438.25,7454.5,7438.0,7446.75,12349
2026-06-26 04:30:00,7446.75,7447.0,7440.0,7440.5,4995
2026-06-26 04:45:00,7440.5,7441.0,7432.0,7433.75,3853
2026-06-26 06:00:00,7431.0,7435.75,7416.75,7420.5,1883
2026-06-26 06:15:00,7420.75,7425.75,7416.5,7417.25,1899
2026-06-26 06:30:00,7417.25,7422.75,7416.0,7422.25,1246
2026-06-26 06:45:00,7422.25,7426.5,7419.25,7425.25,940
2026-06-26 07:00:00,7425.25,7433.75,7424.5,7433.25,1305
2026-06-26 07:15:00,7433.5,7454.25,7432.0,7449.75,4807
2026-06-26 07:30:00,7450.0,7451.25,7430.25,7430.75,4356
2026-06-26 07:45:00,7430.5,7430.75,7417.25,7423.75,3671
2026-06-26 08:00:00,7423.75,7434.25,7419.75,7432.0,3119
2026-06-26 08:15:00,7432.25,7434.75,7420.5,7429.5,2750
2026-06-26 08:30:00,7429.25,7430.5,7421.75,7426.0,2343
2026-06-26 08:45:00,7426.0,7429.25,7418.75,7421.25,2114
2026-06-26 09:00:00,7421.75,7427.25,7411.25,7421.75,3001
2026-06-26 09:15:00,7422.0,7427.75,7416.5,7417.5,1802
2026-06-26 09:30:00,7417.75,7418.75,7402.0,7403.0,4109
2026-06-26 09:45:00,7403.0,7407.5,7395.0,7399.75,4733
2026-06-26 10:00:00,7399.75,7401.5,7391.75,7394.25,3522
2026-06-26 10:15:00,7394.25,7397.0,7386.0,7388.75,4283
2026-06-26 10:30:00,7389.0,7390.0,7378.25,7381.5,4866
2026-06-26 10:45:00,7381.5,7381.5,7366.5,7370.75,6863
2026-06-26 11:00:00,7371.25,7371.75,7365.25,7369.5,3975
2026-06-26 11:15:00,7369.0,7371.75,7365.25,7368.5,2303
2026-06-26 11:30:00,7368.25,7369.5,7357.25,7369.5,4877
2026-06-26 11:45:00,7369.5,7381.25,7366.75,7381.0,3638
2026-06-26 12:00:00,7383.25,7384.25,7380.25,7381.0,3922
2026-06-26 12:15:00,7381.25,7385.0,7371.5,7376.5,3324
2026-06-26 12:30:00,7376.75,7380.0,7369.0,7373.0,2420
2026-06-26 12:45:00,7373.25,7373.25,7365.75,7367.75,2069
2026-06-26 13:00:00,7367.75,7376.75,7364.5,7376.75,2942
2026-06-26 13:15:00,7376.5,7380.25,7373.5,7378.75,2565
2026-06-26 13:30:00,7378.75,7382.75,7367.75,7367.75,4148
2026-06-26 13:45:00,7368.0,7375.75,7365.25,7372.0,3570
2026-06-26 14:00:00,7372.25,7376.5,7369.0,7375.75,3622
2026-06-26 14:15:00,7376.0,7388.0,7375.75,7386.5,4310
2026-06-26 14:30:00,7386.75,7395.75,7384.0,7395.25,3695
2026-06-26 14:45:00,7395.25,7409.5,7394.25,7404.0,5152
2026-06-26 15:00:00,7404.0,7406.25,7394.75,7402.25,4022
2026-06-26 15:15:00,7402.5,7409.75,7401.25,7409.25,3811
2026-06-26 15:30:00,7409.5,7413.75,7406.5,7406.75,3378
2026-06-26 15:45:00,7406.75,7412.0,7404.5,7410.75,2238
2026-06-26 16:00:00,7411.0,7416.0,7401.0,7402.75,5597
2026-06-26 16:15:00,7402.75,7409.5,7400.25,7407.75,2668
2026-06-26 16:30:00,7407.5,7407.75,7397.25,7397.75,3026
2026-06-26 16:45:00,7397.5,7398.75,7382.75,7388.5,4374
2026-06-26 17:00:00,7388.75,7390.0,7382.25,7388.5,3568
2026-06-26 17:15:00,7388.25,7389.75,7380.25,7383.5,4587
2026-06-26 17:30:00,7383.5,7395.5,7379.75,7392.25,3576
2026-06-26 17:45:00,7392.25,7396.75,7384.25,7385.25,3305
2026-06-26 18:00:00,7385.5,7388.75,7376.5,7387.0,3237
2026-06-26 18:15:00,7387.0,7389.5,7381.0,7386.25,1910
2026-06-26 18:30:00,7386.25,7389.25,7383.5,7385.25,2308
2026-06-26 18:45:00,7385.0,7388.75,7383.0,7386.5,1992
2026-06-26 19:00:00,7386.5,7394.75,7383.25,7390.5,4257
2026-06-26 19:15:00,7390.75,7390.75,7384.0,7386.5,2644
2026-06-26 19:30:00,7386.5,7390.75,7384.75,7385.75,2895
2026-06-26 19:45:00,7385.75,7389.0,7377.75,7384.5,3930
2026-06-26 20:00:00,7384.75,7401.25,7383.0,7398.25,5840
2026-06-26 20:15:00,7398.5,7403.75,7390.0,7394.75,5754
2026-06-26 20:30:00,7394.5,7397.25,7383.5,7384.0,6862
2026-06-26 20:45:00,7384.25,7386.75,7380.25,7384.0,7702
2026-06-26 21:00:00,7384.0,7385.0,7373.5,7377.0,11246
2026-06-26 21:15:00,7376.75,7383.0,7364.75,7381.0,24917
2026-06-26 21:30:00,7381.0,7388.25,7360.0,7384.25,88614
2026-06-26 21:45:00,7384.25,7405.75,7371.25,7401.5,67404
2026-06-26 22:00:00,7401.25,7428.0,7398.75,7425.5,63182
2026-06-26 22:15:00,7425.5,7436.25,7418.0,7428.5,47592
2026-06-26 22:30:00,7428.75,7433.0,7409.25,7415.25,42736
2026-06-26 22:45:00,7415.25,7427.5,7411.75,7418.0,35764
2026-06-26 23:00:00,7418.0,7428.0,7412.75,7414.25,30574
2026-06-26 23:15:00,7414.5,7440.75,7409.5,7440.75,43914
2026-06-26 23:30:00,7440.5,7459.5,7437.5,7456.5,49044
2026-06-26 23:45:00,7456.5,7458.5,7435.0,7447.5,42969
2026-06-27 00:00:00,7447.75,7449.0,7431.25,7434.75,24478
2026-06-27 00:15:00,7434.75,7440.25,7420.75,7427.25,33593
2026-06-27 00:30:00,7427.25,7441.5,7427.25,7433.75,20220
2026-06-27 00:45:00,7433.75,7442.75,7432.0,7438.25,15945
2026-06-27 01:00:00,7438.25,7452.25,7435.0,7444.5,20100
2026-06-27 01:15:00,7444.5,7445.25,7431.25,7440.75,18346
2026-06-27 01:30:00,7440.75,7447.75,7429.25,7436.0,20069
2026-06-27 01:45:00,7436.0,7437.75,7427.75,7430.0,14881
2026-06-27 02:00:00,7430.25,7439.5,7429.5,7433.75,17707
2026-06-27 02:15:00,7434.0,7435.75,7420.25,7421.25,25358
2026-06-27 02:30:00,7421.5,7429.75,7420.5,7420.75,22166
2026-06-27 02:45:00,7420.75,7420.75,7405.25,7409.0,36313
2026-06-27 03:00:00,7408.75,7421.0,7406.5,7420.75,30539
2026-06-27 03:15:00,7420.5,7422.75,7411.0,7415.0,33609
2026-06-27 03:30:00,7415.25,7426.75,7410.5,7426.0,29549
2026-06-27 03:45:00,7426.0,7431.75,7369.75,7375.5,147108
2026-06-27 04:00:00,7379.75,7413.5,7368.5,7412.25,80407
2026-06-27 04:15:00,7412.5,7421.0,7410.25,7415.75,17450
2026-06-27 04:30:00,7415.5,7416.75,7397.25,7399.75,15570
2026-06-27 04:45:00,7400.0,7404.75,7395.25,7401.75,10878
