时间,开盘价,最高价,最低价,收盘价,成交量
2026-04-17 12:00:00,7080.5,7082.25,7080.0,7082.25,348
2026-04-17 12:20:00,7082.5,7083.0,7081.25,7081.75,653
2026-04-17 12:40:00,7082.0,7082.0,7079.25,7079.25,805
2026-04-17 13:00:00,7079.5,7079.5,7075.25,7077.25,1462
2026-04-17 13:20:00,7077.25,7080.75,7076.75,7079.5,1240
2026-04-17 13:40:00,7079.5,7082.0,7079.25,7081.25,867
2026-04-17 14:00:00,7081.5,7083.75,7080.5,7081.5,2183
2026-04-17 14:20:00,7082.0,7082.0,7077.25,7079.0,2175
2026-04-17 14:40:00,7079.0,7082.0,7078.25,7079.75,1299
2026-04-17 15:00:00,7080.0,7086.5,7080.0,7083.5,3931
2026-04-17 15:20:00,7083.5,7084.5,7080.75,7082.75,2163
2026-04-17 15:40:00,7082.5,7087.75,7081.75,7086.5,3095
2026-04-17 16:00:00,7086.5,7087.75,7084.5,7086.25,3213
2026-04-17 16:20:00,7086.5,7088.75,7085.75,7086.75,3180
2026-04-17 16:40:00,7086.75,7091.0,7086.5,7090.75,3758
2026-04-17 17:00:00,7090.75,7092.75,7087.75,7088.5,3882
2026-04-17 17:20:00,7088.25,7092.0,7088.25,7090.25,3237
2026-04-17 17:40:00,7090.25,7093.75,7089.75,7093.0,5100
2026-04-17 18:00:00,7093.0,7095.5,7091.5,7091.5,4170
2026-04-17 18:20:00,7091.75,7093.0,7089.25,7089.75,2492
2026-04-17 18:40:00,7090.0,7092.75,7088.0,7091.75,3661
2026-04-17 19:00:00,7091.5,7096.0,7091.25,7095.25,4247
2026-04-17 19:20:00,7095.5,7098.5,7093.25,7097.25,5071
2026-04-17 19:40:00,7097.25,7102.25,7095.5,7101.0,6045
2026-04-17 20:00:00,7101.25,7106.75,7099.5,7105.5,8636
2026-04-17 20:20:00,7105.5,7120.0,7101.75,7113.0,29714
2026-04-17 20:40:00,7113.25,7137.0,7109.25,7136.0,56770
2026-04-17 21:00:00,7136.0,7147.5,7127.5,7140.25,61123
2026-04-17 21:20:00,7140.25,7140.25,7119.0,7130.25,145272
2026-04-17 21:40:00,7130.25,7143.75,7117.0,7143.5,123398
2026-04-17 22:00:00,7143.5,7154.75,7141.5,7150.25,93520
2026-04-17 22:20:00,7150.25,7164.5,7145.75,7164.25,84015
2026-04-17 22:40:00,7164.25,7174.75,7163.0,7166.0,85046
2026-04-17 23:00:00,7166.0,7173.0,7159.5,7162.75,81727
2026-04-17 23:20:00,7162.75,7175.0,7159.75,7174.0,55036
2026-04-17 23:40:00,7174.0,7175.0,7165.5,7169.0,54106
2026-04-18 00:00:00,7169.25,7178.25,7166.75,7174.5,50705
2026-04-18 00:20:00,7174.5,7184.25,7173.25,7182.75,39989
2026-04-18 00:40:00,7182.5,7185.75,7180.5,7181.0,27651
2026-04-18 01:00:00,7181.25,7183.75,7169.0,7170.75,58309
2026-04-18 01:20:00,7170.75,7172.75,7151.5,7162.0,95190
2026-04-18 01:40:00,7161.75,7169.0,7159.25,7164.5,33519
2026-04-18 02:00:00,7164.75,7166.75,7155.0,7158.0,44065
2026-04-18 02:20:00,7157.75,7165.5,7152.75,7163.0,48170
2026-04-18 02:40:00,7163.0,7164.0,7153.5,7158.0,38428
2026-04-18 03:00:00,7157.75,7160.5,7151.0,7155.75,38201
2026-04-18 03:20:00,7155.75,7162.75,7153.0,7161.5,38383
2026-04-18 03:40:00,7161.75,7165.5,7158.25,7161.25,125345
2026-04-18 04:00:00,7161.5,7166.25,7160.75,7163.75,37713
2026-04-18 04:20:00,7163.75,7165.0,7159.5,7165.0,8835
2026-04-18 04:40:00,7165.0,7165.25,7161.5,7161.5,7491
2026-04-20 06:00:00,7109.75,7112.0,7101.75,7105.0,5102
2026-04-20 06:20:00,7104.75,7109.5,7101.25,7109.5,7623
2026-04-20 06:40:00,7109.5,7116.0,7108.25,7110.75,4642
2026-04-20 07:00:00,7110.75,7114.0,7106.5,7107.0,3737
2026-04-20 07:20:00,7107.0,7109.0,7105.25,7106.5,3010
2026-04-20 07:40:00,7106.5,7108.5,7102.5,7106.5,2972
2026-04-20 08:00:00,7106.75,7112.5,7101.5,7110.75,6108
2026-04-20 08:20:00,7110.75,7113.25,7107.75,7109.5,3493
2026-04-20 08:40:00,7109.5,7114.0,7109.5,7112.75,2102
2026-04-20 09:00:00,7112.75,7122.0,7112.25,7119.0,6449
2026-04-20 09:20:00,7119.0,7125.0,7118.25,7124.25,3320
2026-04-20 09:40:00,7124.0,7126.75,7123.25,7124.5,2640
2026-04-20 10:00:00,7124.5,7124.5,7120.75,7122.75,2261
2026-04-20 10:20:00,7123.0,7123.75,7121.0,7121.5,1474
2026-04-20 10:40:00,7121.75,7122.25,7119.5,7122.0,1612
2026-04-20 11:00:00,7122.0,7123.0,7119.75,7120.75,1208
2026-04-20 11:20:00,7121.0,7123.75,7121.0,7122.0,919
2026-04-20 11:40:00,7121.75,7121.75,7118.75,7119.25,1488
2026-04-20 12:00:00,7119.25,7120.5,7117.5,7118.25,1691
2026-04-20 12:20:00,7118.5,7119.5,7116.0,7117.75,1688
2026-04-20 12:40:00,7118.0,7121.75,7117.75,7120.25,1918
2026-04-20 13:00:00,7120.5,7121.0,7118.5,7118.75,1535
2026-04-20 13:20:00,7118.75,7119.0,7112.25,7113.5,3373
2026-04-20 13:40:00,7113.5,7115.25,7109.5,7113.75,3212
2026-04-20 14:00:00,7114.0,7116.0,7113.5,7115.75,431
2026-04-20 17:20:00,7161.5,7161.5,7127.0,7128.5,60033
2026-04-20 17:40:00,7128.5,7131.0,7127.75,7128.0,2378
2026-04-20 18:00:00,7128.25,7136.25,7127.5,7134.5,4692
2026-04-20 18:20:00,7134.25,7134.5,7127.5,7128.5,2508
2026-04-20 18:40:00,7128.5,7161.5,7125.25,7126.5,3116
2026-04-20 19:00:00,7126.25,7127.0,7121.0,7124.75,4300
2026-04-20 19:20:00,7124.5,7127.75,7121.25,7126.0,6660
2026-04-20 19:40:00,7126.0,7161.5,7125.5,7129.0,4525
2026-04-20 20:00:00,7129.25,7134.0,7126.75,7132.25,7301
2026-04-20 20:20:00,7132.25,7134.75,7129.0,7131.75,5960
2026-04-20 20:40:00,7131.75,7141.0,7131.75,7136.5,10555
2026-04-20 21:00:00,7136.5,7147.5,7134.75,7140.5,21754
2026-04-20 21:20:00,7140.5,7154.5,7139.5,7146.25,70367
2026-04-20 21:40:00,7146.5,7159.5,7142.25,7156.75,70897
2026-04-20 22:00:00,7157.0,7157.5,7146.75,7151.0,64429
2026-04-20 22:20:00,7151.0,7156.75,7142.75,7145.25,56842
2026-04-20 22:40:00,7145.25,7148.25,7124.75,7131.75,109493
2026-04-20 23:00:00,7131.75,7136.25,7121.5,7129.5,73073
2026-04-20 23:20:00,7129.5,7145.25,7127.75,7136.25,87714
2026-04-20 23:40:00,7136.25,7140.75,7131.25,7136.0,35560
2026-04-21 00:00:00,7136.25,7137.75,7130.25,7135.25,32514
2026-04-21 00:20:00,7135.25,7141.25,7134.0,7135.75,28667
2026-04-21 00:40:00,7135.75,7140.75,7134.0,7136.75,24702
2026-04-21 01:00:00,7136.75,7144.0,7132.75,7143.25,30866
2026-04-21 01:20:00,7143.25,7144.25,7136.25,7139.25,34136
2026-04-21 01:40:00,7139.0,7143.0,7136.5,7137.75,18950
2026-04-21 02:00:00,7137.75,7145.0,7135.0,7144.25,33763
2026-04-21 02:20:00,7144.5,7146.5,7139.5,7139.75,36255
2026-04-21 02:40:00,7139.5,7146.75,7139.0,7143.0,21120
2026-04-21 03:00:00,7143.25,7146.0,7142.25,7143.75,17661
2026-04-21 03:20:00,7143.75,7144.25,7137.5,7140.0,26385
2026-04-21 03:40:00,7139.75,7149.25,7136.5,7148.25,123744
2026-04-21 04:00:00,7148.25,7149.5,7145.25,7146.25,41339
2026-04-21 04:20:00,7146.0,7160.5,7145.0,7158.75,15460
2026-04-21 04:40:00,7158.75,7160.0,7151.25,7152.0,9488
2026-04-21 06:00:00,7150.75,7160.75,7150.0,7156.75,1464
2026-04-21 06:20:00,7157.0,7158.25,7155.0,7156.0,1111
2026-04-21 06:40:00,7156.25,7158.75,7156.25,7158.25,983
2026-04-21 07:00:00,7158.25,7158.5,7156.5,7157.0,885
2026-04-21 07:20:00,7157.25,7157.5,7155.0,7155.75,734
2026-04-21 07:40:00,7156.0,7156.25,7154.25,7155.0,984
2026-04-21 08:00:00,7155.0,7158.0,7153.75,7154.5,3023
2026-04-21 08:20:00,7154.5,7156.0,7150.0,7150.5,2505
2026-04-21 08:40:00,7151.0,7160.5,7151.0,7158.25,4002
2026-04-21 09:00:00,7158.5,7158.5,7155.5,7158.5,1944
2026-04-21 09:20:00,7158.25,7162.5,7157.5,7161.75,2625
2026-04-21 09:40:00,7161.75,7162.25,7157.25,7158.75,2300
2026-04-21 10:00:00,7158.75,7160.75,7158.25,7160.25,1162
2026-04-21 10:20:00,7160.25,7160.5,7157.75,7159.75,1258
2026-04-21 10:40:00,7159.75,7160.5,7157.5,7158.0,848
2026-04-21 11:00:00,7158.0,7158.75,7154.75,7155.25,1108
2026-04-21 11:20:00,7155.25,7156.0,7153.5,7155.75,1413
2026-04-21 11:40:00,7155.25,7157.0,7154.0,7156.75,1218
2026-04-21 12:00:00,7158.0,7159.0,7157.0,7158.5,901
2026-04-21 12:20:00,7158.25,7161.25,7158.25,7160.75,897
2026-04-21 12:40:00,7161.0,7161.25,7160.0,7160.75,889
2026-04-21 13:00:00,7160.75,7165.0,7160.0,7163.75,2688
2026-04-21 13:20:00,7163.75,7165.25,7162.25,7163.0,1372
2026-04-21 13:40:00,7162.75,7163.25,7160.25,7160.5,1837
2026-04-21 14:00:00,7160.75,7165.25,7159.5,7164.25,2520
2026-04-21 14:20:00,7164.75,7165.75,7148.0,7164.0,1626
2026-04-21 14:40:00,7164.0,7165.0,7162.5,7162.75,1169
2026-04-21 15:00:00,7163.0,7163.0,7156.5,7159.0,4284
2026-04-21 15:20:00,7158.75,7161.0,7156.75,7158.5,3437
2026-04-21 15:40:00,7158.5,7163.25,7158.0,7158.25,3398
2026-04-21 16:00:00,7158.0,7159.25,7154.5,7156.5,3450
2026-04-21 16:20:00,7156.75,7162.75,7156.75,7161.75,2808
2026-04-21 16:40:00,7162.0,7167.0,7161.5,7164.0,2791
2026-04-21 17:00:00,7164.0,7164.0,7158.5,7161.25,2974
2026-04-21 17:20:00,7161.25,7162.75,7159.75,7162.25,1638
2026-04-21 17:40:00,7162.0,7169.75,7161.5,7168.5,4187
2026-04-21 18:00:00,7168.5,7172.0,7168.0,7169.25,3725
2026-04-21 18:20:00,7169.25,7173.75,7168.0,7173.0,2605
2026-04-21 18:40:00,7173.0,7177.5,7171.5,7176.0,3805
2026-04-21 19:00:00,7175.75,7177.75,7170.0,7174.0,12032
2026-04-21 19:20:00,7174.25,7183.0,7173.75,7181.75,8413
2026-04-21 19:40:00,7182.0,7183.0,7175.0,7175.5,7531
2026-04-21 20:00:00,7175.75,7177.25,7167.0,7167.0,9906
2026-04-21 20:20:00,7167.25,7176.25,7163.75,7164.75,13685
2026-04-21 20:40:00,7164.75,7168.0,7160.75,7164.0,13053
2026-04-21 21:00:00,7164.25,7165.5,7160.25,7162.0,9421
2026-04-21 21:20:00,7162.0,7164.0,7147.0,7150.0,74429
2026-04-21 21:40:00,7150.25,7168.5,7149.5,7167.75,71351
2026-04-21 22:00:00,7167.5,7172.5,7164.5,7168.0,57688
2026-04-21 22:20:00,7168.0,7168.5,7158.0,7159.25,57301
2026-04-21 22:40:00,7159.0,7165.0,7134.0,7135.25,87073
2026-04-21 23:00:00,7135.5,7141.5,7120.75,7137.75,112354
2026-04-21 23:20:00,7137.75,7139.25,7119.25,7126.5,79182
2026-04-21 23:40:00,7126.5,7134.25,7123.25,7126.5,60313
2026-04-22 00:00:00,7126.5,7138.25,7125.25,7129.0,55519
2026-04-22 00:20:00,7129.0,7131.0,7121.75,7124.25,41969
2026-04-22 00:40:00,7124.5,7125.5,7113.5,7114.75,43220
2026-04-22 01:00:00,7114.5,7122.0,7098.0,7099.0,98138
2026-04-22 01:20:00,7099.25,7127.25,7096.75,7122.0,72181
2026-04-22 01:40:00,7122.0,7133.25,7111.75,7116.75,83945
2026-04-22 02:00:00,7116.75,7123.5,7105.5,7110.0,57713
2026-04-22 02:20:00,7110.0,7116.5,7106.75,7112.75,30335
2026-04-22 02:40:00,7113.0,7128.0,7109.0,7122.0,58794
2026-04-22 03:00:00,7122.25,7132.5,7121.0,7126.0,66113
2026-04-22 03:20:00,7126.0,7138.5,7116.25,7121.75,67356
2026-04-22 03:40:00,7121.75,7122.5,7085.0,7100.5,215610
2026-04-22 04:00:00,7100.5,7140.0,7091.75,7121.5,77255
2026-04-22 04:20:00,7121.5,7130.25,7120.0,7123.75,14067
2026-04-22 04:40:00,7123.5,7128.5,7118.25,7122.25,8809
2026-04-22 06:00:00,7125.0,7130.5,7123.75,7128.5,2083
2026-04-22 06:20:00,7128.25,7128.75,7125.75,7127.0,1116
2026-04-22 06:40:00,7127.0,7127.75,7121.25,7124.25,2181
2026-04-22 07:00:00,7124.25,7128.0,7123.0,7127.75,1529
2026-04-22 07:20:00,7127.75,7128.0,7124.25,7127.25,1444
2026-04-22 07:40:00,7127.0,7131.25,7127.0,7131.0,2455
2026-04-22 08:00:00,7131.25,7138.75,7131.25,7137.5,5367
2026-04-22 08:20:00,7137.5,7140.0,7136.0,7137.75,2473
2026-04-22 08:40:00,7137.75,7137.75,7133.5,7134.5,1926
2026-04-22 09:00:00,7134.5,7138.0,7134.25,7134.5,1939
2026-04-22 09:20:00,7134.5,7142.0,7134.25,7141.0,2197
2026-04-22 09:40:00,7140.75,7141.5,7136.75,7139.75,2245
2026-04-22 10:00:00,7139.75,7142.5,7139.0,7141.75,1655
2026-04-22 10:20:00,7142.0,7143.0,7140.0,7141.0,1593
2026-04-22 10:40:00,7140.75,7141.0,7139.25,7139.75,821
2026-04-22 11:00:00,7139.75,7141.5,7137.25,7137.5,1301
2026-04-22 11:20:00,7137.5,7140.25,7136.75,7137.0,1364
2026-04-22 11:40:00,7137.0,7138.0,7135.5,7136.75,859
2026-04-22 12:00:00,7137.0,7138.0,7134.25,7135.5,1865
2026-04-22 12:20:00,7135.5,7135.5,7132.0,7133.5,940
2026-04-22 12:40:00,7133.75,7135.0,7129.5,7130.25,1380
2026-04-22 13:00:00,7130.25,7147.25,7128.5,7141.75,7994
2026-04-22 13:20:00,7142.0,7147.5,7139.75,7140.75,4742
2026-04-22 13:40:00,7140.75,7143.75,7140.0,7141.0,1378
2026-04-22 14:00:00,7141.0,7141.25,7134.0,7135.75,2628
2026-04-22 14:20:00,7135.75,7143.75,7134.75,7142.5,3005
2026-04-22 14:40:00,7142.25,7143.5,7140.25,7142.0,1799
2026-04-22 15:00:00,7142.0,7145.25,7139.5,7140.75,4132
2026-04-22 15:20:00,7140.75,7146.0,7140.25,7143.75,3088
2026-04-22 15:40:00,7143.5,7147.0,7141.5,7142.25,4022
2026-04-22 16:00:00,7142.5,7144.0,7137.25,7138.0,3986
2026-04-22 16:20:00,7138.0,7138.75,7130.0,7130.75,5938
2026-04-22 16:40:00,7130.5,7139.25,7130.0,7138.5,3824
2026-04-22 17:00:00,7138.5,7145.5,7137.5,7143.25,6128
2026-04-22 17:20:00,7143.0,7146.5,7142.25,7144.5,2450
2026-04-22 17:40:00,7144.5,7146.5,7134.0,7138.25,4453
2026-04-22 18:00:00,7138.5,7141.5,7132.75,7137.5,5370
2026-04-22 18:20:00,7137.5,7143.5,7136.25,7139.75,4312
2026-04-22 18:40:00,7139.5,7140.75,7138.0,7139.0,2133
2026-04-22 19:00:00,7138.75,7140.25,7135.5,7139.0,3984
2026-04-22 19:20:00,7139.0,7139.75,7136.25,7138.75,3963
2026-04-22 19:40:00,7138.75,7143.0,7135.75,7142.0,5308
2026-04-22 20:00:00,7142.0,7156.5,7142.0,7153.75,14776
2026-04-22 20:20:00,7153.5,7157.25,7143.0,7145.0,17275
2026-04-22 20:40:00,7145.0,7147.25,7138.0,7139.0,12848
2026-04-22 21:00:00,7139.0,7151.5,7137.5,7149.5,27487
2026-04-22 21:20:00,7149.25,7152.75,7140.75,7147.5,63976
2026-04-22 21:40:00,7147.75,7153.5,7141.0,7152.75,58885
2026-04-22 22:00:00,7152.75,7163.25,7146.25,7162.5,64684
2026-04-22 22:20:00,7162.25,7166.25,7153.25,7163.75,71399
2026-04-22 22:40:00,7163.75,7165.75,7153.75,7159.25,47591
2026-04-22 23:00:00,7159.25,7161.25,7151.75,7158.0,48187
2026-04-22 23:20:00,7157.75,7164.0,7155.25,7156.5,44196
2026-04-22 23:40:00,7156.5,7159.25,7150.0,7154.75,37432
2026-04-23 00:00:00,7155.0,7160.25,7152.5,7152.75,30501
2026-04-23 00:20:00,7152.75,7156.75,7146.5,7153.75,32058
2026-04-23 00:40:00,7153.75,7155.5,7146.75,7147.75,39900
2026-04-23 01:00:00,7147.75,7162.75,7147.75,7155.5,44158
2026-04-23 01:20:00,7155.75,7163.0,7155.5,7159.0,26258
2026-04-23 01:40:00,7159.0,7162.75,7156.75,7158.25,28384
2026-04-23 02:00:00,7158.25,7160.5,7154.5,7154.75,24495
2026-04-23 02:20:00,7154.5,7157.0,7150.5,7157.0,25440
2026-04-23 02:40:00,7157.0,7159.5,7153.25,7154.5,21202
2026-04-23 03:00:00,7154.5,7162.0,7150.0,7161.5,38734
2026-04-23 03:20:00,7161.75,7164.0,7159.5,7162.5,30120
2026-04-23 03:40:00,7162.5,7173.0,7161.75,7170.25,110365
2026-04-23 04:00:00,7170.25,7173.0,7160.0,7164.75,36714
2026-04-23 04:20:00,7164.5,7165.25,7156.0,7160.5,8007
2026-04-23 04:40:00,7160.5,7164.75,7160.25,7164.5,4649
2026-04-23 06:00:00,7163.0,7164.0,7158.25,7162.5,1055
2026-04-23 06:20:00,7162.5,7163.5,7158.5,7160.0,1150
2026-04-23 06:40:00,7159.75,7161.75,7159.25,7161.0,661
2026-04-23 07:00:00,7161.0,7162.0,7159.5,7162.0,559
2026-04-23 07:20:00,7162.25,7163.25,7160.75,7161.75,869
2026-04-23 07:40:00,7161.5,7163.25,7161.25,7162.75,853
2026-04-23 08:00:00,7162.5,7163.0,7105.5,7151.0,31509
2026-04-23 08:20:00,7151.0,7158.25,7139.25,7150.75,16925
2026-04-23 08:40:00,7151.0,7156.25,7150.0,7154.75,3776
2026-04-23 09:00:00,7154.75,7155.25,7146.5,7148.5,3640
2026-04-23 09:20:00,7148.25,7149.75,7141.5,7143.75,3600
2026-04-23 09:40:00,7143.75,7147.0,7139.5,7141.5,3309
2026-04-23 10:00:00,7141.5,7141.5,7132.0,7136.0,4980
2026-04-23 10:20:00,7136.0,7142.5,7133.0,7136.25,4543
2026-04-23 10:40:00,7136.5,7138.25,7132.25,7133.0,3384
2026-04-23 11:00:00,7133.5,7136.5,7125.5,7126.25,3932
2026-04-23 11:20:00,7126.25,7127.5,7120.25,7120.25,3597
2026-04-23 11:40:00,7120.5,7128.25,7118.75,7126.5,4400
2026-04-23 12:00:00,7127.0,7131.75,7127.0,7130.75,2674
2026-04-23 12:20:00,7130.75,7135.0,7129.5,7133.75,1672
2026-04-23 12:40:00,7134.0,7135.5,7132.5,7135.25,1367
2026-04-23 13:00:00,7135.25,7137.25,7132.25,7132.75,2301
2026-04-23 13:20:00,7133.25,7136.0,7131.25,7131.75,2291
2026-04-23 13:40:00,7131.75,7142.0,7131.0,7138.25,2694
2026-04-23 14:00:00,7138.25,7144.0,7138.25,7143.25,4053
2026-04-23 14:20:00,7143.0,7144.5,7141.75,7143.5,3005
2026-04-23 14:40:00,7143.25,7144.75,7140.5,7143.25,3903
2026-04-23 15:00:00,7143.25,7145.25,7141.25,7143.75,4675
2026-04-23 15:20:00,7143.75,7146.0,7140.25,7142.0,4804
2026-04-23 15:40:00,7142.25,7149.0,7141.0,7145.0,4032
2026-04-23 16:00:00,7145.0,7146.0,7137.75,7143.75,5080
2026-04-23 16:20:00,7144.0,7146.5,7137.0,7137.75,4475
2026-04-23 16:40:00,7138.0,7138.0,7130.75,7133.0,4846
2026-04-23 17:00:00,7132.75,7136.75,7125.75,7135.5,8194
2026-04-23 17:20:00,7135.25,7140.5,7134.25,7136.5,3783
2026-04-23 17:40:00,7136.75,7139.0,7134.25,7135.0,3274
2026-04-23 18:00:00,7135.0,7136.0,7129.0,7132.0,5490
2026-04-23 18:20:00,7131.75,7142.25,7131.75,7137.75,6042
2026-04-23 18:40:00,7137.75,7143.0,7134.75,7141.75,5711
2026-04-23 19:00:00,7141.75,7145.25,7139.0,7140.25,6159
2026-04-23 19:20:00,7140.25,7143.25,7134.25,7139.5,8220
2026-04-23 19:40:00,7139.75,7160.75,7138.0,7158.25,19877
2026-04-23 20:00:00,7158.0,7169.5,7157.0,7161.25,14980
2026-04-23 20:20:00,7161.5,7161.5,7154.5,7157.5,12586
2026-04-23 20:40:00,7157.25,7158.25,7136.25,7152.0,23534
2026-04-23 21:00:00,7152.25,7155.5,7142.5,7150.75,15110
2026-04-23 21:20:00,7150.75,7161.25,7146.25,7160.0,60745
2026-04-23 21:40:00,7160.25,7171.0,7157.0,7159.75,70223
2026-04-23 22:00:00,7159.75,7164.75,7149.0,7159.5,76461
2026-04-23 22:20:00,7159.75,7169.5,7159.0,7164.5,49106
2026-04-23 22:40:00,7164.5,7178.5,7162.25,7175.0,47457
2026-04-23 23:00:00,7175.0,7179.75,7171.75,7178.25,39654
2026-04-23 23:20:00,7178.25,7181.5,7175.25,7175.75,36047
2026-04-23 23:40:00,7175.5,7177.5,7164.25,7168.75,67790
2026-04-24 00:00:00,7168.75,7169.75,7160.25,7167.0,41901
2026-04-24 00:20:00,7166.75,7170.25,7161.25,7165.75,35670
2026-04-24 00:40:00,7165.5,7169.5,7163.0,7166.25,27277
2026-04-24 01:00:00,7166.25,7168.25,7118.25,7122.25,142943
2026-04-24 01:20:00,7122.25,7133.75,7112.75,7115.0,123607
2026-04-24 01:40:00,7115.0,7127.5,7079.25,7123.5,208298
2026-04-24 02:00:00,7123.25,7140.75,7119.0,7138.75,98365
2026-04-24 02:20:00,7139.0,7152.25,7133.5,7146.5,56794
2026-04-24 02:40:00,7146.75,7147.75,7124.5,7128.25,59468
2026-04-24 03:00:00,7128.25,7144.0,7124.5,7142.0,51594
2026-04-24 03:20:00,7142.0,7146.25,7128.0,7133.0,46106
2026-04-24 03:40:00,7133.0,7146.75,7121.5,7142.25,120166
2026-04-24 04:00:00,7142.0,7144.5,7128.75,7133.5,40415
2026-04-24 04:20:00,7133.75,7139.5,7132.75,7138.5,5627
2026-04-24 04:40:00,7138.25,7138.75,7129.5,7132.5,5092
2026-04-24 06:00:00,7143.0,7147.5,7139.75,7146.75,1761
2026-04-24 06:20:00,7147.0,7147.25,7142.75,7143.0,2614
2026-04-24 06:40:00,7143.25,7148.0,7142.0,7146.5,2015
2026-04-24 07:00:00,7146.5,7147.5,7144.25,7145.0,799
2026-04-24 07:20:00,7145.0,7151.75,7144.75,7150.5,1492
2026-04-24 07:40:00,7150.5,7153.75,7149.75,7153.25,1978
2026-04-24 08:00:00,7153.5,7159.5,7150.5,7157.0,4580
2026-04-24 08:20:00,7156.75,7161.25,7156.5,7158.75,3515
2026-04-24 08:40:00,7158.5,7159.0,7154.0,7156.25,3203
2026-04-24 09:00:00,7156.5,7157.75,7154.5,7154.5,2469
2026-04-24 09:20:00,7154.75,7157.75,7150.75,7154.5,2978
2026-04-24 09:40:00,7154.5,7157.75,7153.75,7156.75,2181
2026-04-24 10:00:00,7156.5,7157.0,7149.0,7149.25,3021
2026-04-24 10:20:00,7149.5,7150.0,7144.25,7145.25,2969
2026-04-24 10:40:00,7145.25,7146.75,7140.5,7142.5,2400
2026-04-24 11:00:00,7142.75,7144.5,7139.25,7141.75,2074
2026-04-24 11:20:00,7141.5,7142.25,7136.25,7139.25,2351
2026-04-24 11:40:00,7139.5,7142.75,7137.25,7139.25,1662
2026-04-24 12:00:00,7141.0,7142.75,7139.5,7140.75,1688
2026-04-24 12:20:00,7140.5,7141.5,7137.0,7140.0,1339
2026-04-24 12:40:00,7139.75,7145.25,7139.5,7144.5,1628
2026-04-24 13:00:00,7144.5,7145.25,7140.0,7143.5,2038
2026-04-24 13:20:00,7143.5,7149.5,7143.0,7148.75,2121
2026-04-24 13:40:00,7148.75,7151.25,7148.0,7150.75,1542
2026-04-24 14:00:00,7151.0,7152.5,7148.25,7150.0,2329
2026-04-24 14:20:00,7150.0,7151.0,7146.25,7148.25,1749
2026-04-24 14:40:00,7148.25,7150.0,7145.0,7147.25,2044
2026-04-24 15:00:00,7147.0,7154.25,7146.5,7153.25,4585
2026-04-24 15:20:00,7153.25,7155.5,7149.0,7149.25,2820
2026-04-24 15:40:00,7149.0,7154.25,7147.5,7153.75,3685
2026-04-24 16:00:00,7153.5,7156.0,7146.75,7154.25,7588
2026-04-24 16:20:00,7154.5,7159.25,7141.25,7146.5,6654
2026-04-24 16:40:00,7146.5,7148.25,7141.5,7143.5,3862
2026-04-24 17:00:00,7143.75,7146.75,7140.5,7144.0,3464
2026-04-24 17:20:00,7144.25,7145.5,7135.5,7144.0,6238
2026-04-24 17:40:00,7144.0,7146.75,7142.25,7143.75,2927
2026-04-24 18:00:00,7143.75,7146.5,7141.5,7145.5,4474
2026-04-24 18:20:00,7145.75,7152.0,7145.75,7149.5,3972
2026-04-24 18:40:00,7149.5,7152.5,7148.75,7151.25,3501
2026-04-24 19:00:00,7150.75,7175.75,7150.5,7168.75,27244
2026-04-24 19:20:00,7169.0,7189.5,7166.75,7177.5,29148
2026-04-24 19:40:00,7177.5,7179.25,7169.0,7171.0,12414
2026-04-24 20:00:00,7171.25,7177.75,7167.0,7174.25,14652
2026-04-24 20:20:00,7174.5,7175.5,7160.75,7165.5,18850
2026-04-24 20:40:00,7165.5,7168.5,7154.25,7162.25,19077
2026-04-24 21:00:00,7162.5,7170.25,7162.0,7169.25,17300
2026-04-24 21:20:00,7169.25,7170.5,7150.75,7158.25,79105
2026-04-24 21:40:00,7158.5,7160.5,7145.0,7154.75,79652
2026-04-24 22:00:00,7154.75,7162.5,7146.5,7159.25,84159
2026-04-24 22:20:00,7159.0,7164.75,7149.5,7161.0,61212
2026-04-24 22:40:00,7161.0,7171.75,7160.75,7170.0,52395
2026-04-24 23:00:00,7170.0,7174.5,7167.5,7172.25,49089
2026-04-24 23:20:00,7172.25,7177.0,7170.5,7172.75,49032
2026-04-24 23:40:00,7172.75,7197.25,7171.75,7193.5,123034
2026-04-25 00:00:00,7193.5,7195.75,7185.25,7188.5,43700
2026-04-25 00:20:00,7188.5,7194.5,7187.25,7190.25,37845
2026-04-25 00:40:00,7190.0,7194.0,7184.25,7191.5,37248
2026-04-25 01:00:00,7191.5,7193.5,7186.0,7186.25,26329
2026-04-25 01:20:00,7186.0,7191.5,7182.75,7187.75,39012
2026-04-25 01:40:00,7187.75,7200.5,7187.25,7192.25,36524
2026-04-25 02:00:00,7192.25,7193.5,7186.25,7187.75,29332
2026-04-25 02:20:00,7187.75,7191.5,7184.75,7190.0,29873
2026-04-25 02:40:00,7190.25,7192.0,7187.0,7190.75,24441
2026-04-25 03:00:00,7191.0,7200.0,7190.75,7197.75,37763
2026-04-25 03:20:00,7197.75,7198.0,7189.75,7192.25,38998
2026-04-25 03:40:00,7192.25,7199.0,7191.0,7194.75,119383
2026-04-25 04:00:00,7194.75,7197.25,7190.75,7192.5,32548
2026-04-25 04:20:00,7192.5,7195.75,7190.0,7194.0,8349
2026-04-25 04:40:00,7194.25,7197.0,7193.75,7196.0,5191
2026-04-27 06:00:00,7175.0,7177.75,7171.5,7177.5,1840
2026-04-27 06:20:00,7177.5,7178.25,7175.5,7178.0,2040
2026-04-27 06:40:00,7178.25,7182.5,7177.5,7182.0,3163
2026-04-27 07:00:00,7182.25,7182.75,7177.5,7180.0,2529
2026-04-27 07:20:00,7180.25,7181.0,7175.0,7176.5,2079
2026-04-27 07:40:00,7176.5,7179.25,7175.5,7178.5,1399
2026-04-27 08:00:00,7178.75,7183.0,7177.25,7182.5,3796
2026-04-27 08:20:00,7182.5,7183.5,7180.75,7183.25,1841
2026-04-27 08:40:00,7183.5,7193.0,7183.5,7190.5,5412
2026-04-27 09:00:00,7190.75,7202.25,7189.75,7193.75,9287
2026-04-27 09:20:00,7193.75,7203.5,7192.0,7202.0,5345
2026-04-27 09:40:00,7202.0,7208.0,7201.25,7207.5,4422
2026-04-27 10:00:00,7207.75,7208.5,7203.0,7204.25,2761
2026-04-27 10:20:00,7204.25,7206.25,7201.75,7204.75,2212
2026-04-27 10:40:00,7204.5,7205.25,7203.0,7203.25,1243
2026-04-27 11:00:00,7203.5,7206.75,7201.75,7203.5,3754
2026-04-27 11:20:00,7203.25,7204.5,7202.5,7203.0,1379
2026-04-27 11:40:00,7203.25,7204.25,7202.75,7203.0,1421
2026-04-27 12:00:00,7202.75,7203.0,7200.0,7201.5,2219
2026-04-27 12:20:00,7201.75,7205.25,7201.5,7204.25,1914
2026-04-27 12:40:00,7204.5,7204.5,7199.75,7200.75,1790
2026-04-27 13:00:00,7200.5,7201.0,7194.0,7194.75,2380
2026-04-27 13:20:00,7194.75,7195.75,7188.0,7190.0,3041
2026-04-27 13:40:00,7190.25,7192.25,7188.5,7189.75,1831
2026-04-27 14:00:00,7189.75,7190.75,7186.5,7190.0,2530
2026-04-27 14:20:00,7190.0,7191.5,7186.25,7188.0,3333
2026-04-27 14:40:00,7187.75,7190.25,7186.0,7188.0,2437
2026-04-27 15:00:00,7188.0,7190.25,7185.0,7187.75,4227
2026-04-27 15:20:00,7187.75,7189.5,7185.5,7188.0,2854
2026-04-27 15:40:00,7187.75,7189.0,7186.25,7187.0,2257
2026-04-27 16:00:00,7186.75,7189.0,7181.5,7183.75,6193
2026-04-27 16:20:00,7183.75,7188.25,7182.5,7187.0,4023
2026-04-27 16:40:00,7187.0,7190.0,7186.0,7188.75,3568
2026-04-27 17:00:00,7189.0,7190.75,7187.75,7188.75,2546
2026-04-27 17:20:00,7188.75,7190.5,7187.25,7189.25,2660
2026-04-27 17:40:00,7189.0,7191.25,7188.0,7189.0,2156
2026-04-27 18:00:00,7189.0,7190.0,7186.5,7189.25,2551
2026-04-27 18:20:00,7189.25,7192.0,7188.0,7192.0,2887
2026-04-27 18:40:00,7192.0,7195.25,7192.0,7194.0,4643
2026-04-27 19:00:00,7193.75,7196.0,7193.5,7195.5,4500
2026-04-27 19:20:00,7195.5,7198.0,7194.75,7196.25,4677
2026-04-27 19:40:00,7196.25,7198.5,7195.5,7196.5,3799
2026-04-27 20:00:00,7196.75,7197.25,7192.75,7194.25,4967
2026-04-27 20:20:00,7194.5,7195.75,7185.5,7187.75,9977
2026-04-27 20:40:00,7188.0,7193.0,7185.0,7188.25,9891
2026-04-27 21:00:00,7188.5,7191.5,7183.25,7187.5,17412
2026-04-27 21:20:00,7187.5,7198.0,7183.25,7198.0,60130
2026-04-27 21:40:00,7198.25,7198.5,7180.25,7195.5,86691
2026-04-27 22:00:00,7195.5,7197.25,7188.75,7189.5,60043
2026-04-27 22:20:00,7189.25,7199.0,7185.25,7194.0,61301
2026-04-27 22:40:00,7193.75,7196.25,7187.75,7190.75,35987
2026-04-27 23:00:00,7190.75,7192.75,7181.5,7182.75,46590
2026-04-27 23:20:00,7182.75,7187.0,7177.0,7185.0,45701
2026-04-27 23:40:00,7184.75,7189.5,7184.0,7188.75,29114
2026-04-28 00:00:00,7188.75,7196.0,7186.25,7194.75,32963
2026-04-28 00:20:00,7194.75,7197.75,7192.0,7197.25,23917
2026-04-28 00:40:00,7197.25,7197.75,7193.5,7196.0,20805
2026-04-28 01:00:00,7196.25,7198.75,7193.75,7196.25,22132
2026-04-28 01:20:00,7196.0,7207.25,7195.25,7202.5,43147
2026-04-28 01:40:00,7202.5,7204.75,7201.25,7203.5,18877
2026-04-28 02:00:00,7203.5,7207.25,7202.0,7207.0,18704
2026-04-28 02:20:00,7207.0,7207.25,7204.75,7206.0,19387
2026-04-28 02:40:00,7206.0,7206.75,7201.75,7203.0,21498
2026-04-28 03:00:00,7203.25,7206.5,7201.5,7206.0,25345
2026-04-28 03:20:00,7205.75,7207.75,7203.5,7206.5,33379
2026-04-28 03:40:00,7206.5,7211.25,7204.75,7207.0,109958
2026-04-28 04:00:00,7207.0,7208.0,7203.0,7203.75,26110
2026-04-28 04:20:00,7203.5,7207.25,7202.25,7207.0,5388
2026-04-28 04:40:00,7207.25,7207.5,7204.75,7205.25,4565
2026-04-28 06:00:00,7204.75,7221.75,7204.75,7218.75,4170
2026-04-28 06:20:00,7218.75,7220.0,7217.25,7218.5,1458
2026-04-28 06:40:00,7218.5,7219.25,7215.75,7216.5,1233
2026-04-28 07:00:00,7216.5,7217.75,7215.0,7217.25,987
2026-04-28 07:20:00,7217.25,7219.5,7216.5,7219.25,883
2026-04-28 07:40:00,7219.5,7220.0,7216.5,7217.25,981
2026-04-28 08:00:00,7217.25,7223.25,7216.75,7218.25,3983
2026-04-28 08:20:00,7218.25,7219.25,7212.25,7215.25,3170
2026-04-28 08:40:00,7215.25,7217.0,7213.5,7213.75,2452
2026-04-28 09:00:00,7213.75,7214.75,7211.75,7213.75,2427
2026-04-28 09:20:00,7213.75,7218.75,7212.75,7217.75,2012
2026-04-28 09:40:00,7218.0,7219.25,7208.0,7208.75,3660
2026-04-28 10:00:00,7209.0,7211.5,7207.0,7211.0,2166
2026-04-28 10:20:00,7211.0,7212.0,7207.0,7207.0,1745
2026-04-28 10:40:00,7206.75,7208.25,7204.5,7206.0,2304
2026-04-28 11:00:00,7205.75,7210.0,7205.0,7209.5,1667
2026-04-28 11:20:00,7209.25,7212.0,7208.75,7211.25,1193
2026-04-28 11:40:00,7211.0,7211.75,7207.5,7208.25,1185
2026-04-28 12:00:00,7207.75,7211.0,7207.75,7210.25,1000
2026-04-28 12:20:00,7210.0,7212.5,7210.0,7211.5,706
2026-04-28 12:40:00,7211.75,7213.0,7209.0,7209.5,901
2026-04-28 13:00:00,7209.75,7210.5,7202.0,7204.0,2830
2026-04-28 13:20:00,7203.75,7205.5,7196.0,7199.5,2825
2026-04-28 13:40:00,7199.75,7202.25,7197.25,7198.25,2243
2026-04-28 14:00:00,7198.25,7200.5,7196.25,7198.5,2378
2026-04-28 14:20:00,7198.5,7201.0,7195.25,7196.75,2582
2026-04-28 14:40:00,7196.75,7197.5,7189.5,7194.0,3708
2026-04-28 15:00:00,7193.75,7195.25,7190.75,7193.0,4002
2026-04-28 15:20:00,7193.25,7196.5,7190.75,7195.0,2935
2026-04-28 15:40:00,7195.5,7198.0,7193.5,7196.75,3834
2026-04-28 16:00:00,7197.0,7197.75,7188.5,7195.0,7346
2026-04-28 16:20:00,7195.25,7201.75,7195.25,7200.5,4048
2026-04-28 16:40:00,7200.5,7201.0,7197.25,7200.5,2281
2026-04-28 17:00:00,7200.5,7201.0,7196.5,7199.25,3695
2026-04-28 17:20:00,7199.25,7199.25,7191.25,7191.75,4581
2026-04-28 17:40:00,7192.0,7194.0,7188.0,7191.75,4884
2026-04-28 18:00:00,7191.75,7194.5,7186.0,7190.0,5669
2026-04-28 18:20:00,7190.0,7191.75,7186.75,7188.25,4872
2026-04-28 18:40:00,7188.5,7190.0,7186.25,7189.0,4535
2026-04-28 19:00:00,7189.0,7191.75,7173.25,7173.75,13508
2026-04-28 19:20:00,7173.75,7174.75,7161.75,7163.75,15848
2026-04-28 19:40:00,7163.75,7169.5,7155.25,7158.5,18298
2026-04-28 20:00:00,7158.75,7160.25,7151.0,7153.25,15079
2026-04-28 20:20:00,7153.25,7164.0,7147.5,7155.75,26615
2026-04-28 20:40:00,7155.75,7170.0,7154.25,7169.5,18643
2026-04-28 21:00:00,7169.25,7171.25,7160.5,7164.0,18434
2026-04-28 21:20:00,7164.0,7175.75,7161.75,7174.5,81692
2026-04-28 21:40:00,7174.25,7183.0,7163.5,7169.5,87794
2026-04-28 22:00:00,7169.75,7177.5,7164.75,7167.25,60786
2026-04-28 22:20:00,7167.5,7170.75,7150.25,7154.5,79963
2026-04-28 22:40:00,7154.5,7160.75,7146.25,7159.0,105836
2026-04-28 23:00:00,7158.75,7164.75,7152.5,7160.25,64930
2026-04-28 23:20:00,7160.25,7160.75,7148.0,7152.5,53167
2026-04-28 23:40:00,7152.5,7154.75,7147.75,7153.75,36713
2026-04-29 00:00:00,7153.75,7158.75,7151.75,7157.25,35231
2026-04-29 00:20:00,7157.5,7159.75,7149.25,7150.75,31869
2026-04-29 00:40:00,7150.5,7158.0,7147.25,7155.5,40702
2026-04-29 01:00:00,7155.5,7157.5,7148.0,7150.0,29025
2026-04-29 01:20:00,7150.0,7162.0,7149.75,7160.0,29910
2026-04-29 01:40:00,7159.75,7165.5,7159.0,7164.5,30518
2026-04-29 02:00:00,7164.5,7169.0,7161.5,7168.25,28130
2026-04-29 02:20:00,7168.25,7170.5,7162.0,7164.5,40650
2026-04-29 02:40:00,7164.25,7170.0,7164.25,7169.25,22118
2026-04-29 03:00:00,7169.25,7176.25,7168.25,7170.5,35800
2026-04-29 03:20:00,7170.5,7172.25,7166.25,7169.75,29521
2026-04-29 03:40:00,7169.75,7174.5,7168.25,7171.5,106528
2026-04-29 04:00:00,7171.5,7176.25,7167.5,7174.5,32121
2026-04-29 04:20:00,7174.25,7174.25,7171.5,7171.75,5174
2026-04-29 04:40:00,7171.75,7172.75,7170.75,7172.5,4661
2026-04-29 06:00:00,7172.5,7178.0,7172.5,7175.75,796
2026-04-29 06:20:00,7175.5,7176.25,7174.5,7175.25,849
2026-04-29 06:40:00,7175.0,7176.0,7174.25,7176.0,611
2026-04-29 07:00:00,7176.0,7176.25,7174.25,7175.75,576
2026-04-29 07:20:00,7175.75,7177.75,7175.25,7177.5,711
2026-04-29 07:40:00,7177.75,7179.5,7177.75,7179.5,977
2026-04-29 08:00:00,7179.5,7186.0,7179.5,7184.0,4232
2026-04-29 08:20:00,7184.0,7188.0,7183.75,7185.5,2309
2026-04-29 08:40:00,7185.75,7186.75,7183.0,7183.5,2453
2026-04-29 09:00:00,7183.25,7183.5,7169.0,7177.25,7931
2026-04-29 09:20:00,7177.0,7182.0,7175.75,7179.75,3045
2026-04-29 09:40:00,7179.75,7183.25,7177.25,7178.25,2393
2026-04-29 10:00:00,7178.5,7185.25,7178.5,7183.75,2605
2026-04-29 10:20:00,7183.75,7184.25,7179.75,7180.5,1471
2026-04-29 10:40:00,7180.5,7182.75,7179.25,7181.5,1279
2026-04-29 11:00:00,7181.75,7185.25,7181.5,7184.5,1642
2026-04-29 11:20:00,7184.25,7185.25,7183.25,7183.5,1305
2026-04-29 11:40:00,7183.25,7183.75,7181.25,7182.75,1202
2026-04-29 12:00:00,7184.0,7184.75,7183.75,7184.0,838
2026-04-29 12:20:00,7184.25,7187.0,7183.5,7185.75,1476
2026-04-29 12:40:00,7185.75,7186.0,7184.0,7184.5,1361
2026-04-29 13:00:00,7184.75,7185.75,7182.5,7182.75,1320
2026-04-29 13:20:00,7183.0,7186.5,7182.0,7186.0,1471
2026-04-29 13:40:00,7186.0,7187.25,7185.0,7185.0,1386
2026-04-29 14:00:00,7185.0,7188.5,7183.25,7184.25,1870
2026-04-29 14:20:00,7184.25,7185.0,7181.0,7183.25,2317
2026-04-29 14:40:00,7183.25,7185.25,7179.25,7179.75,3041
2026-04-29 15:00:00,7179.5,7183.5,7176.0,7176.25,4369
2026-04-29 15:20:00,7176.25,7180.25,7175.75,7176.75,3941
2026-04-29 15:40:00,7177.0,7178.0,7169.25,7174.5,7166
2026-04-29 16:00:00,7174.75,7180.25,7166.5,7171.25,8901
2026-04-29 16:20:00,7171.0,7176.5,7166.75,7168.75,7429
2026-04-29 16:40:00,7169.0,7175.5,7167.5,7172.75,3800
2026-04-29 17:00:00,7172.75,7177.0,7170.0,7176.75,3628
2026-04-29 17:20:00,7176.75,7177.75,7172.0,7173.5,2823
2026-04-29 17:40:00,7173.5,7173.5,7167.5,7169.5,3980
2026-04-29 18:00:00,7169.25,7179.25,7166.5,7178.75,3590
2026-04-29 18:20:00,7178.75,7181.0,7177.0,7178.5,4384
2026-04-29 18:40:00,7178.5,7178.5,7174.5,7176.5,3255
2026-04-29 19:00:00,7176.25,7178.5,7173.0,7176.25,4743
2026-04-29 19:20:00,7176.5,7180.0,7173.75,7174.5,4193
2026-04-29 19:40:00,7174.5,7175.5,7169.75,7173.5,6337
2026-04-29 20:00:00,7173.25,7174.5,7170.0,7172.25,5293
2026-04-29 20:20:00,7172.25,7174.75,7161.25,7168.0,14209
2026-04-29 20:40:00,7168.25,7171.5,7166.0,7169.0,7505
2026-04-29 21:00:00,7169.0,7174.0,7167.25,7167.5,11662
2026-04-29 21:20:00,7167.75,7168.5,7152.5,7158.5,74799
2026-04-29 21:40:00,7158.75,7163.5,7149.5,7160.75,67548
2026-04-29 22:00:00,7160.75,7167.0,7155.75,7163.5,54955
2026-04-29 22:20:00,7163.5,7175.25,7162.75,7172.0,48926
2026-04-29 22:40:00,7172.0,7172.5,7167.25,7168.0,37592
2026-04-29 23:00:00,7167.75,7168.5,7154.25,7160.0,60909
2026-04-29 23:20:00,7160.0,7164.5,7158.25,7160.0,43148
2026-04-29 23:40:00,7159.75,7163.75,7145.25,7153.5,80659
2026-04-30 00:00:00,7153.75,7160.75,7151.5,7152.25,38005
2026-04-30 00:20:00,7152.25,7156.75,7142.0,7147.5,47141
2026-04-30 00:40:00,7147.75,7153.75,7147.25,7150.25,29312
2026-04-30 01:00:00,7150.0,7151.5,7145.25,7149.5,25389
2026-04-30 01:20:00,7149.25,7155.75,7148.5,7153.75,35912
2026-04-30 01:40:00,7154.0,7160.75,7151.0,7159.25,27667
2026-04-30 02:00:00,7159.25,7160.25,7137.5,7148.75,59682
2026-04-30 02:20:00,7148.5,7155.25,7140.5,7147.25,44397
2026-04-30 02:40:00,7147.25,7160.0,7137.0,7158.75,49981
2026-04-30 03:00:00,7159.0,7168.25,7153.0,7166.0,49199
2026-04-30 03:20:00,7166.0,7166.5,7154.0,7163.5,42593
2026-04-30 03:40:00,7163.5,7170.75,7157.5,7170.25,108419
2026-04-30 04:00:00,7170.25,7190.75,7131.25,7143.75,92207
2026-04-30 04:20:00,7143.75,7165.75,7143.75,7165.25,22650
2026-04-30 04:40:00,7165.0,7167.5,7140.75,7141.5,16387
2026-04-30 06:00:00,7150.0,7196.5,7148.5,7195.25,17513
2026-04-30 06:20:00,7195.25,7196.0,7185.5,7186.0,8095
2026-04-30 06:40:00,7185.75,7191.5,7183.5,7184.25,4550
2026-04-30 07:00:00,7184.5,7186.5,7182.0,7182.25,2806
2026-04-30 07:20:00,7182.25,7188.0,7180.0,7187.5,3018
2026-04-30 07:40:00,7187.75,7193.25,7187.25,7192.75,3517
2026-04-30 08:00:00,7192.75,7198.5,7191.0,7196.5,5388
2026-04-30 08:20:00,7196.5,7200.5,7195.0,7200.25,3841
2026-04-30 08:40:00,7200.0,7201.5,7198.0,7199.25,2543
2026-04-30 09:00:00,7199.0,7199.75,7195.75,7197.75,2792
2026-04-30 09:20:00,7197.75,7200.5,7193.75,7195.75,3692
2026-04-30 09:40:00,7195.75,7199.75,7194.25,7199.25,2503
2026-04-30 10:00:00,7199.25,7199.75,7194.25,7194.75,2360
2026-04-30 10:20:00,7194.5,7195.25,7165.5,7180.0,12517
2026-04-30 10:40:00,7179.75,7182.0,7170.25,7177.25,5677
2026-04-30 11:00:00,7177.0,7181.5,7171.75,7174.75,4051
2026-04-30 11:20:00,7174.5,7177.75,7172.5,7176.5,2365
2026-04-30 11:40:00,7176.25,7177.25,7171.75,7172.5,1943
2026-04-30 12:00:00,7165.75,7167.25,7156.75,7157.5,6272
2026-04-30 12:20:00,7158.0,7159.0,7146.75,7147.5,7080
2026-04-30 12:40:00,7147.5,7153.0,7144.75,7145.25,4160
2026-04-30 13:00:00,7145.5,7158.75,7145.25,7155.75,5100
2026-04-30 13:20:00,7155.75,7157.5,7148.75,7155.75,4163
2026-04-30 13:40:00,7155.75,7157.5,7143.0,7143.5,3113
2026-04-30 14:00:00,7143.25,7144.5,7133.75,7139.5,8772
2026-04-30 14:20:00,7139.5,7158.0,7137.0,7154.0,8628
2026-04-30 14:40:00,7154.5,7155.0,7146.25,7153.25,6293
2026-04-30 15:00:00,7153.25,7162.25,7149.75,7155.75,7616
2026-04-30 15:20:00,7156.0,7165.75,7154.75,7163.25,4768
2026-04-30 15:40:00,7163.25,7165.5,7157.75,7161.25,5459
2026-04-30 16:00:00,7160.75,7169.0,7160.5,7163.75,5394
2026-04-30 16:20:00,7163.75,7169.0,7159.25,7168.75,5138
2026-04-30 16:40:00,7169.0,7171.0,7165.0,7165.0,4051
2026-04-30 17:00:00,7164.75,7168.5,7161.75,7161.75,4441
2026-04-30 17:20:00,7161.5,7184.75,7158.5,7177.25,10051
2026-04-30 17:40:00,7177.0,7178.0,7169.25,7171.25,10526
2026-04-30 18:00:00,7171.0,7180.0,7171.0,7177.25,6333
2026-04-30 18:20:00,7177.25,7187.25,7175.25,7177.0,9773
2026-04-30 18:40:00,7177.25,7183.75,7175.25,7180.5,7940
2026-04-30 19:00:00,7180.75,7196.0,7180.0,7193.5,9449
2026-04-30 19:20:00,7193.25,7200.5,7191.75,7193.75,11817
2026-04-30 19:40:00,7193.75,7197.75,7190.75,7194.5,6977
2026-04-30 20:00:00,7194.5,7208.5,7193.25,7207.5,12356
2026-04-30 20:20:00,7207.75,7211.5,7199.25,7201.75,15807
2026-04-30 20:40:00,7201.75,7205.5,7197.0,7204.0,11015
2026-04-30 21:00:00,7204.0,7209.75,7200.75,7203.25,13967
2026-04-30 21:20:00,7203.5,7204.25,7170.75,7171.0,89308
2026-04-30 21:40:00,7171.25,7185.0,7160.25,7165.25,103845
2026-04-30 22:00:00,7165.25,7175.5,7157.25,7168.5,93692
2026-04-30 22:20:00,7168.5,7181.25,7164.75,7166.25,76716
2026-04-30 22:40:00,7166.5,7194.75,7166.5,7192.0,72752
2026-04-30 23:00:00,7192.0,7198.75,7188.75,7195.5,65876
2026-04-30 23:20:00,7195.5,7203.0,7191.0,7193.25,56518
2026-04-30 23:40:00,7193.25,7204.25,7187.75,7199.25,44052
2026-05-01 00:00:00,7199.5,7207.5,7194.25,7205.25,38080
2026-05-01 00:20:00,7205.25,7207.0,7201.0,7205.25,27869
2026-05-01 00:40:00,7205.25,7206.0,7192.5,7197.0,37401
2026-05-01 01:00:00,7197.25,7210.0,7196.75,7208.25,36513
2026-05-01 01:20:00,7208.25,7220.75,7206.0,7218.75,42872
2026-05-01 01:40:00,7218.5,7225.5,7216.5,7224.75,31054
2026-05-01 02:00:00,7224.75,7235.0,7224.25,7232.5,54864
2026-05-01 02:20:00,7232.5,7239.5,7230.0,7238.75,40319
2026-05-01 02:40:00,7238.75,7242.0,7236.5,7237.5,32038
2026-05-01 03:00:00,7237.5,7248.0,7236.25,7245.25,44173
2026-05-01 03:20:00,7245.25,7247.75,7241.25,7246.0,38643
2026-05-01 03:40:00,7245.75,7251.75,7237.25,7238.25,206707
2026-05-01 04:00:00,7238.25,7247.5,7238.0,7246.25,59441
2026-05-01 04:20:00,7246.5,7253.5,7242.5,7246.0,12791
2026-05-01 04:40:00,7246.0,7249.0,7243.75,7246.75,7487
2026-05-01 06:00:00,7256.0,7263.5,7252.0,7258.0,4813
2026-05-01 06:20:00,7258.0,7259.25,7254.5,7256.25,2669
2026-05-01 06:40:00,7256.25,7257.75,7246.25,7250.0,3424
2026-05-01 07:00:00,7250.0,7254.75,7249.0,7252.25,2644
2026-05-01 07:20:00,7252.0,7257.25,7251.25,7256.0,1536
2026-05-01 07:40:00,7256.0,7256.25,7249.75,7252.75,3000
2026-05-01 08:00:00,7252.75,7258.0,7250.5,7257.0,4022
2026-05-01 08:20:00,7257.0,7260.0,7256.25,7258.5,2211
2026-05-01 08:40:00,7258.75,7261.0,7257.0,7258.0,1928
2026-05-01 09:00:00,7257.75,7261.75,7255.5,7259.5,1907
2026-05-01 09:20:00,7259.5,7264.0,7259.5,7263.5,2756
2026-05-01 09:40:00,7263.5,7263.75,7261.25,7262.75,1726
2026-05-01 10:00:00,7262.75,7263.0,7261.0,7261.75,1144
2026-05-01 10:20:00,7261.75,7262.5,7259.0,7259.25,1449
2026-05-01 10:40:00,7259.0,7261.25,7258.25,7260.75,1310
2026-05-01 11:00:00,7261.0,7263.25,7260.0,7262.25,1580
2026-05-01 11:20:00,7262.25,7265.75,7261.75,7261.75,2711
2026-05-01 11:40:00,7261.75,7262.25,7259.25,7260.75,1088
2026-05-01 12:00:00,7259.0,7259.75,7258.0,7259.25,1014
2026-05-01 12:20:00,7259.0,7259.75,7257.75,7258.0,568
2026-05-01 12:40:00,7258.0,7259.0,7256.75,7258.0,634
2026-05-01 13:00:00,7258.0,7260.25,7256.75,7258.25,1297
2026-05-01 13:20:00,7258.5,7260.25,7258.0,7259.0,1048
2026-05-01 13:40:00,7259.0,7259.25,7256.25,7257.0,1080
2026-05-01 14:00:00,7257.25,7258.25,7256.0,7257.0,1303
2026-05-01 14:20:00,7257.0,7257.0,7252.25,7252.75,1769
2026-05-01 14:40:00,7253.0,7253.5,7251.0,7252.0,1940
2026-05-01 15:00:00,7252.0,7257.0,7251.5,7255.5,2802
2026-05-01 15:20:00,7255.5,7257.0,7251.0,7251.0,3045
2026-05-01 15:40:00,7251.0,7254.0,7248.5,7249.75,6374
2026-05-01 16:00:00,7249.75,7253.0,7249.0,7251.75,2869
2026-05-01 16:20:00,7251.75,7252.75,7249.0,7249.5,2097
2026-05-01 16:40:00,7249.5,7250.5,7247.75,7250.25,2640
2026-05-01 17:00:00,7250.25,7250.25,7246.5,7249.5,1893
2026-05-01 17:20:00,7249.5,7253.25,7249.5,7253.0,1765
2026-05-01 17:40:00,7252.75,7254.25,7251.5,7253.25,1414
2026-05-01 18:00:00,7253.25,7254.5,7251.25,7254.25,1466
2026-05-01 18:20:00,7254.25,7254.25,7249.5,7249.5,2058
2026-05-01 18:40:00,7249.5,7254.25,7248.75,7254.0,2600
2026-05-01 19:00:00,7254.25,7255.0,7249.0,7253.0,3322
2026-05-01 19:20:00,7253.5,7254.75,7252.0,7252.75,2530
2026-05-01 19:40:00,7252.75,7257.0,7251.0,7256.25,2640
2026-05-01 20:00:00,7256.25,7271.5,7254.5,7266.25,16086
2026-05-01 20:20:00,7266.0,7268.75,7262.0,7263.0,7833
2026-05-01 20:40:00,7262.75,7263.75,7257.0,7258.5,8953
2026-05-01 21:00:00,7258.25,7265.75,7258.0,7262.75,9028
2026-05-01 21:20:00,7262.75,7277.25,7258.75,7272.25,70701
2026-05-01 21:40:00,7272.5,7293.25,7270.25,7293.25,98459
2026-05-01 22:00:00,7293.0,7298.5,7289.5,7296.75,73845
2026-05-01 22:20:00,7296.5,7300.75,7274.5,7280.25,80715
2026-05-01 22:40:00,7280.25,7285.5,7276.25,7278.5,56702
2026-05-01 23:00:00,7278.75,7283.25,7272.0,7281.5,54388
2026-05-01 23:20:00,7281.25,7292.25,7281.0,7289.25,36853
2026-05-01 23:40:00,7289.5,7295.75,7278.5,7285.25,51598
2026-05-02 00:00:00,7285.25,7287.75,7275.25,7281.5,37549
2026-05-02 00:20:00,7281.75,7283.25,7267.75,7274.25,54493
2026-05-02 00:40:00,7274.0,7275.0,7266.0,7270.25,35268
2026-05-02 01:00:00,7270.0,7278.5,7269.75,7278.0,25220
2026-05-02 01:20:00,7278.25,7282.25,7277.5,7279.25,20148
2026-05-02 01:40:00,7279.5,7283.75,7279.0,7279.5,24690
2026-05-02 02:00:00,7279.5,7280.75,7266.25,7269.5,33748
2026-05-02 02:20:00,7269.5,7273.75,7263.5,7264.75,36822
2026-05-02 02:40:00,7264.75,7266.0,7259.0,7262.75,32350
2026-05-02 03:00:00,7262.75,7274.25,7262.0,7273.0,32549
2026-05-02 03:20:00,7273.25,7277.0,7271.25,7274.5,32288
2026-05-02 03:40:00,7274.5,7275.25,7255.5,7257.5,127209
2026-05-02 04:00:00,7257.5,7258.25,7250.0,7250.5,38029
2026-05-02 04:20:00,7250.25,7251.0,7245.75,7247.0,9337
2026-05-02 04:40:00,7247.0,7258.0,7240.75,7258.0,9056
2026-05-04 12:20:00,7258.0,7270.75,7258.0,7269.25,608
2026-05-04 12:40:00,7269.5,7269.75,7267.25,7267.75,722
2026-05-04 13:00:00,7267.75,7274.5,7267.25,7273.25,2628
2026-05-04 13:20:00,7273.0,7273.25,7267.75,7269.75,2198
2026-05-04 13:40:00,7270.0,7272.75,7269.25,7270.0,2025
2026-05-04 14:00:00,7270.0,7271.25,7265.75,7268.75,2789
2026-05-04 14:20:00,7268.5,7268.75,7262.75,7262.75,3033
2026-05-04 14:40:00,7262.75,7264.0,7259.5,7262.75,2857
2026-05-04 15:00:00,7263.0,7273.0,7259.5,7272.25,5851
2026-05-04 15:20:00,7272.0,7273.5,7268.0,7270.0,4775
2026-05-04 15:40:00,7269.75,7273.0,7265.25,7265.25,2671
2026-05-04 16:00:00,7265.0,7265.5,7255.0,7257.75,7524
2026-05-04 16:20:00,7257.75,7264.75,7257.0,7263.75,4508
2026-05-04 16:40:00,7263.75,7264.5,7261.5,7262.25,3067
2026-05-04 17:00:00,7262.5,7266.75,7260.5,7264.5,2824
2026-05-04 17:20:00,7264.5,7267.75,7264.0,7267.0,2689
2026-05-04 17:40:00,7266.75,7267.5,7263.5,7263.75,2654
2026-05-04 18:00:00,7264.0,7265.5,7214.0,7217.75,43694
2026-05-04 18:20:00,7217.5,7254.0,7213.75,7246.25,26854
2026-05-04 18:40:00,7246.25,7252.75,7245.5,7247.0,8502
2026-05-04 19:00:00,7247.25,7254.25,7244.25,7249.5,10865
2026-05-04 19:20:00,7249.5,7250.75,7236.75,7240.0,9540
2026-05-04 19:40:00,7240.0,7248.0,7239.25,7245.25,8693
2026-05-04 20:00:00,7245.25,7256.0,7245.25,7253.5,12273
2026-05-04 20:20:00,7253.25,7255.0,7247.25,7253.25,6392
2026-05-04 20:40:00,7253.25,7254.5,7246.5,7249.25,9915
2026-05-04 21:00:00,7249.25,7256.0,7238.25,7248.75,34398
2026-05-04 21:20:00,7248.75,7252.5,7242.25,7248.0,59815
2026-05-04 21:40:00,7248.25,7257.75,7245.75,7257.75,58070
2026-05-04 22:00:00,7257.5,7264.25,7248.0,7264.0,65510
2026-05-04 22:20:00,7264.0,7270.0,7260.5,7267.75,47067
2026-05-04 22:40:00,7267.75,7271.0,7257.0,7258.75,50835
2026-05-04 23:00:00,7259.0,7264.25,7235.25,7237.5,94314
2026-05-04 23:20:00,7237.25,7238.25,7223.0,7228.0,141820
2026-05-04 23:40:00,7227.75,7234.0,7218.75,7225.25,80996
2026-05-05 00:00:00,7225.25,7227.0,7199.5,7221.25,112561
2026-05-05 00:20:00,7221.25,7228.25,7215.5,7217.75,62722
2026-05-05 00:40:00,7218.0,7222.75,7212.75,7215.0,39705
2026-05-05 01:00:00,7214.75,7235.0,7214.25,7232.5,55984
2026-05-05 01:20:00,7232.5,7236.25,7225.25,7230.5,36989
2026-05-05 01:40:00,7230.5,7236.0,7228.0,7232.75,23839
2026-05-05 02:00:00,7233.0,7239.5,7231.0,7231.75,32897
2026-05-05 02:20:00,7231.75,7232.25,7221.0,7224.5,41612
2026-05-05 02:40:00,7224.25,7225.25,7217.5,7223.75,35612
2026-05-05 03:00:00,7224.0,7231.5,7220.5,7228.25,46660
2026-05-05 03:20:00,7228.25,7231.5,7223.25,7228.75,31303
2026-05-05 03:40:00,7228.75,7231.5,7223.25,7231.25,97092
2026-05-05 04:00:00,7231.0,7231.5,7222.75,7223.25,27108
2026-05-05 04:20:00,7223.25,7228.75,7222.75,7225.75,6252
2026-05-05 04:40:00,7225.75,7226.0,7223.5,7225.25,3745
2026-05-05 06:00:00,7228.75,7234.75,7227.75,7231.5,1117
2026-05-05 06:20:00,7231.5,7234.0,7231.25,7231.25,1326
2026-05-05 06:40:00,7231.5,7232.25,7226.0,7227.5,1520
2026-05-05 07:00:00,7227.5,7229.25,7225.5,7228.0,1260
2026-05-05 07:20:00,7228.0,7228.75,7226.75,7228.25,686
2026-05-05 07:40:00,7228.25,7228.25,7224.5,7227.0,1107
2026-05-05 08:00:00,7227.25,7235.75,7225.75,7228.25,3837
2026-05-05 08:20:00,7228.25,7229.75,7223.75,7228.5,2580
2026-05-05 08:40:00,7228.5,7232.75,7225.75,7231.75,1808
2026-05-05 09:00:00,7231.75,7234.75,7227.25,7234.0,2574
2026-05-05 09:20:00,7234.0,7239.0,7231.0,7235.0,2892
2026-05-05 09:40:00,7234.75,7237.75,7232.75,7235.5,2163
2026-05-05 10:00:00,7235.75,7237.75,7234.75,7235.75,1697
2026-05-05 10:20:00,7235.75,7241.0,7235.0,7240.75,2387
2026-05-05 10:40:00,7240.75,7241.0,7233.75,7236.5,2880
2026-05-05 11:00:00,7236.25,7240.25,7235.5,7240.25,1358
2026-05-05 11:20:00,7240.0,7242.0,7239.25,7240.25,1260
2026-05-05 11:40:00,7240.25,7241.75,7239.75,7240.75,863
2026-05-05 12:00:00,7242.75,7243.0,7240.25,7240.75,1513
2026-05-05 12:20:00,7240.75,7241.5,7238.5,7239.75,874
2026-05-05 12:40:00,7239.5,7243.25,7239.25,7240.0,1451
2026-05-05 13:00:00,7239.75,7241.25,7238.5,7241.0,1272
2026-05-05 13:20:00,7241.25,7243.75,7238.25,7242.0,2107
2026-05-05 13:40:00,7241.75,7244.25,7241.75,7243.75,1082
2026-05-05 14:00:00,7243.75,7247.75,7237.5,7239.25,4385
2026-05-05 14:20:00,7239.25,7248.25,7235.75,7244.5,3641
2026-05-05 14:40:00,7244.25,7248.25,7242.75,7247.5,3403
2026-05-05 15:00:00,7247.75,7252.0,7246.75,7251.0,6443
2026-05-05 15:20:00,7251.25,7256.75,7247.75,7255.25,6219
2026-05-05 15:40:00,7254.75,7256.0,7245.75,7247.25,4607
2026-05-05 16:00:00,7247.5,7256.25,7247.25,7254.25,5461
2026-05-05 16:20:00,7254.0,7257.0,7252.75,7255.0,4793
2026-05-05 16:40:00,7254.75,7256.75,7252.75,7254.75,3664
2026-05-05 17:00:00,7254.75,7255.0,7249.75,7251.75,3739
2026-05-05 17:20:00,7252.0,7256.5,7250.75,7254.0,2666
2026-05-05 17:40:00,7254.0,7258.0,7253.5,7255.5,3100
2026-05-05 18:00:00,7255.25,7256.5,7253.25,7254.75,2388
2026-05-05 18:20:00,7255.0,7261.75,7254.75,7256.25,5682
2026-05-05 18:40:00,7256.25,7257.25,7253.0,7255.5,3286
2026-05-05 19:00:00,7255.5,7256.75,7248.75,7249.75,7216
2026-05-05 19:20:00,7250.0,7258.0,7249.75,7257.5,6048
2026-05-05 19:40:00,7257.5,7259.25,7257.0,7258.25,4446
2026-05-05 20:00:00,7258.25,7269.0,7256.25,7264.0,16261
2026-05-05 20:20:00,7264.0,7266.75,7262.0,7262.5,7205
2026-05-05 20:40:00,7262.5,7263.25,7260.25,7261.75,5785
2026-05-05 21:00:00,7261.75,7268.75,7261.5,7264.25,9291
2026-05-05 21:20:00,7264.25,7274.0,7262.5,7269.5,58944
2026-05-05 21:40:00,7269.5,7277.25,7267.0,7275.0,68260
2026-05-05 22:00:00,7275.0,7283.5,7266.75,7270.75,112876
2026-05-05 22:20:00,7270.5,7286.25,7269.0,7276.0,67795
2026-05-05 22:40:00,7276.0,7281.0,7273.0,7280.75,43305
2026-05-05 23:00:00,7280.5,7285.75,7279.25,7283.0,41373
2026-05-05 23:20:00,7283.25,7284.75,7278.5,7280.75,37611
2026-05-05 23:40:00,7280.75,7283.5,7278.75,7279.5,26574
2026-05-06 00:00:00,7279.75,7285.5,7279.25,7285.25,21345
2026-05-06 00:20:00,7285.25,7288.0,7279.0,7283.5,29933
2026-05-06 00:40:00,7283.5,7286.75,7281.75,7284.0,18540
2026-05-06 01:00:00,7284.0,7285.75,7280.25,7285.0,21401
2026-05-06 01:20:00,7285.0,7289.5,7283.75,7287.5,21720
2026-05-06 01:40:00,7287.5,7291.5,7287.0,7289.25,18696
2026-05-06 02:00:00,7289.25,7296.25,7289.0,7294.0,25297
2026-05-06 02:20:00,7294.0,7295.75,7290.5,7290.5,20108
2026-05-06 02:40:00,7290.5,7294.0,7290.25,7292.75,19698
2026-05-06 03:00:00,7292.75,7299.5,7292.25,7298.0,31998
2026-05-06 03:20:00,7298.25,7299.75,7294.0,7297.0,30563
2026-05-06 03:40:00,7297.25,7297.5,7282.5,7287.0,130766
2026-05-06 04:00:00,7286.75,7295.25,7284.75,7293.75,33697
2026-05-06 04:20:00,7293.5,7304.25,7292.5,7297.5,17541
2026-05-06 04:40:00,7297.75,7297.75,7292.75,7295.5,6819
2026-05-06 06:00:00,7300.5,7301.25,7293.5,7294.75,2032
2026-05-06 06:20:00,7294.5,7299.25,7294.5,7298.75,2413
2026-05-06 06:40:00,7298.75,7320.0,7298.5,7316.75,16833
2026-05-06 07:00:00,7316.75,7319.25,7312.25,7317.0,6014
2026-05-06 07:20:00,7317.0,7318.5,7313.5,7315.0,3608
2026-05-06 07:40:00,7315.0,7316.0,7313.5,7314.25,1842
2026-05-06 08:00:00,7314.25,7316.0,7304.25,7306.75,7431
2026-05-06 08:20:00,7307.0,7307.75,7300.75,7303.25,4908
2026-05-06 08:40:00,7303.25,7305.0,7299.25,7303.5,3293
2026-05-06 09:00:00,7303.25,7308.25,7302.75,7307.5,3178
2026-05-06 09:20:00,7307.5,7308.5,7303.75,7305.75,2408
2026-05-06 09:40:00,7305.75,7310.25,7305.5,7307.75,2821
2026-05-06 10:00:00,7307.75,7308.25,7304.0,7307.25,2401
2026-05-06 10:20:00,7307.0,7308.25,7302.5,7303.0,2253
2026-05-06 10:40:00,7303.0,7305.25,7302.5,7304.25,1553
2026-05-06 11:00:00,7304.25,7307.25,7303.25,7305.75,2098
2026-05-06 11:20:00,7306.0,7311.0,7305.25,7310.5,1918
2026-05-06 11:40:00,7310.5,7310.75,7306.75,7307.75,1238
2026-05-06 12:00:00,7308.25,7308.5,7306.75,7308.0,1133
2026-05-06 12:20:00,7308.0,7310.0,7307.0,7308.0,1858
2026-05-06 12:40:00,7308.0,7310.25,7306.5,7308.75,1571
2026-05-06 13:00:00,7308.5,7310.5,7307.0,7308.0,1991
2026-05-06 13:20:00,7308.25,7310.0,7307.0,7308.0,1857
2026-05-06 13:40:00,7307.75,7312.75,7307.25,7311.5,2235
2026-05-06 14:00:00,7311.5,7314.75,7308.75,7309.0,4082
2026-05-06 14:20:00,7308.75,7311.25,7307.25,7310.75,3641
2026-05-06 14:40:00,7310.75,7311.0,7303.75,7309.75,5690
2026-05-06 15:00:00,7309.75,7311.5,7306.75,7308.25,7141
2026-05-06 15:20:00,7308.25,7309.75,7306.5,7307.75,3873
2026-05-06 15:40:00,7307.75,7311.75,7307.25,7310.75,5072
2026-05-06 16:00:00,7311.0,7312.25,7307.0,7307.0,8225
2026-05-06 16:20:00,7306.75,7310.0,7305.5,7309.0,4743
2026-05-06 16:40:00,7309.0,7343.25,7308.75,7335.25,35275
2026-05-06 17:00:00,7335.25,7339.75,7323.0,7334.25,14420
2026-05-06 17:20:00,7334.25,7341.0,7330.5,7340.0,12323
2026-05-06 17:40:00,7340.0,7343.0,7336.75,7341.75,8989
2026-05-06 18:00:00,7341.75,7348.25,7340.5,7348.0,11690
2026-05-06 18:20:00,7347.75,7353.75,7346.5,7352.25,14535
2026-05-06 18:40:00,7352.0,7363.75,7351.25,7358.0,23532
2026-05-06 19:00:00,7357.75,7366.25,7355.5,7361.0,17360
2026-05-06 19:20:00,7361.0,7361.25,7352.5,7359.5,14731
2026-05-06 19:40:00,7359.75,7360.25,7345.0,7348.0,24594
2026-05-06 20:00:00,7348.25,7348.75,7326.5,7338.25,28016
2026-05-06 20:20:00,7338.0,7345.75,7337.0,7342.75,14232
2026-05-06 20:40:00,7342.5,7343.0,7334.75,7338.5,11476
2026-05-06 21:00:00,7338.5,7339.25,7328.5,7332.75,27492
2026-05-06 21:20:00,7333.0,7345.0,7327.25,7340.0,73118
2026-05-06 21:40:00,7340.25,7347.5,7331.5,7346.0,84086
2026-05-06 22:00:00,7346.0,7352.0,7336.25,7347.0,92033
2026-05-06 22:20:00,7347.0,7362.75,7346.5,7362.0,70328
2026-05-06 22:40:00,7362.25,7372.0,7361.75,7371.25,80242
2026-05-06 23:00:00,7371.5,7375.0,7363.75,7371.75,66533
2026-05-06 23:20:00,7371.75,7373.5,7364.0,7364.25,48822
2026-05-06 23:40:00,7364.25,7368.5,7358.75,7365.75,54842
2026-05-07 00:00:00,7365.75,7369.5,7364.0,7367.75,26462
2026-05-07 00:20:00,7367.5,7369.75,7364.0,7366.0,20125
2026-05-07 00:40:00,7366.0,7367.5,7354.5,7359.0,40499
2026-05-07 01:00:00,7359.25,7366.75,7355.5,7365.0,29438
2026-05-07 01:20:00,7365.0,7368.75,7364.5,7365.75,17929
2026-05-07 01:40:00,7366.0,7371.0,7364.75,7371.0,17026
2026-05-07 02:00:00,7371.0,7380.0,7369.75,7378.5,41262
2026-05-07 02:20:00,7378.75,7384.5,7378.25,7381.75,34555
2026-05-07 02:40:00,7381.75,7382.0,7376.75,7379.25,30901
2026-05-07 03:00:00,7379.25,7388.5,7379.0,7387.75,41548
2026-05-07 03:20:00,7388.0,7390.0,7385.25,7389.5,39823
2026-05-07 03:40:00,7389.5,7395.75,7385.75,7387.0,168095
2026-05-07 04:00:00,7387.0,7395.75,7385.0,7391.75,56033
2026-05-07 04:20:00,7392.0,7394.0,7387.25,7387.75,8327
2026-05-07 04:40:00,7387.5,7388.5,7384.5,7386.75,7794
2026-05-07 06:00:00,7380.5,7383.75,7378.5,7382.0,1757
2026-05-07 06:20:00,7381.75,7382.75,7377.0,7378.0,2258
2026-05-07 06:40:00,7378.0,7380.25,7378.0,7378.75,1103
2026-05-07 07:00:00,7378.75,7381.5,7378.0,7381.25,1473
2026-05-07 07:20:00,7381.25,7381.75,7378.25,7378.5,909
2026-05-07 07:40:00,7378.5,7382.5,7377.5,7379.75,2267
2026-05-07 08:00:00,7379.75,7385.0,7378.75,7380.5,4364
2026-05-07 08:20:00,7380.5,7382.75,7378.5,7382.5,2899
2026-05-07 08:40:00,7382.75,7385.5,7380.0,7384.75,3129
2026-05-07 09:00:00,7384.75,7386.0,7381.0,7385.5,3306
2026-05-07 09:20:00,7385.75,7388.5,7384.75,7388.5,2046
2026-05-07 09:40:00,7388.75,7393.0,7387.5,7390.25,3333
2026-05-07 10:00:00,7390.25,7391.25,7383.25,7385.25,3233
2026-05-07 10:20:00,7385.25,7389.5,7384.0,7386.0,2461
2026-05-07 10:40:00,7386.0,7389.5,7385.5,7388.5,1449
2026-05-07 11:00:00,7388.5,7390.5,7386.75,7390.5,1462
2026-05-07 11:20:00,7390.5,7391.5,7387.0,7390.75,1879
2026-05-07 11:40:00,7390.75,7392.0,7390.25,7390.75,1279
2026-05-07 12:00:00,7391.0,7394.0,7390.75,7393.5,2006
2026-05-07 12:20:00,7393.5,7394.25,7391.75,7392.5,1391
2026-05-07 12:40:00,7392.5,7394.5,7392.0,7393.5,1603
2026-05-07 13:00:00,7393.25,7395.0,7392.25,7393.0,2061
2026-05-07 13:20:00,7393.0,7395.0,7392.0,7394.5,1692
2026-05-07 13:40:00,7394.75,7395.75,7393.5,7394.0,2233
2026-05-07 14:00:00,7393.75,7395.75,7390.25,7393.5,3191
2026-05-07 14:20:00,7393.5,7398.5,7393.0,7397.25,3916
2026-05-07 14:40:00,7397.25,7403.0,7396.75,7399.5,5225
2026-05-07 15:00:00,7399.25,7410.5,7395.5,7402.5,15714
2026-05-07 15:20:00,7402.5,7405.75,7400.5,7404.25,7691
2026-05-07 15:40:00,7404.0,7405.0,7399.0,7402.0,4219
2026-05-07 16:00:00,7402.0,7408.5,7396.25,7399.75,8419
2026-05-07 16:20:00,7399.5,7401.25,7394.25,7398.75,7722
2026-05-07 16:40:00,7398.75,7399.25,7393.75,7395.25,5456
2026-05-07 17:00:00,7395.25,7399.0,7392.25,7398.25,5135
2026-05-07 17:20:00,7398.25,7399.5,7395.25,7395.75,4162
2026-05-07 17:40:00,7395.75,7399.5,7392.0,7394.0,4635
2026-05-07 18:00:00,7393.75,7394.75,7389.75,7391.75,4915
2026-05-07 18:20:00,7391.75,7396.75,7391.5,7396.75,4652
2026-05-07 18:40:00,7396.75,7398.75,7394.75,7395.25,3681
2026-05-07 19:00:00,7395.5,7399.0,7393.25,7393.75,7502
2026-05-07 19:20:00,7394.0,7398.25,7392.75,7397.0,6951
2026-05-07 19:40:00,7397.0,7398.25,7393.25,7396.75,4940
2026-05-07 20:00:00,7396.5,7402.25,7395.25,7399.5,6980
2026-05-07 20:20:00,7399.25,7402.75,7396.75,7402.25,7936
2026-05-07 20:40:00,7402.25,7402.75,7398.5,7401.75,7900
2026-05-07 21:00:00,7402.0,7402.0,7395.75,7401.75,10959
2026-05-07 21:20:00,7401.75,7402.0,7391.0,7393.75,61005
2026-05-07 21:40:00,7393.75,7394.5,7383.75,7387.75,85664
2026-05-07 22:00:00,7387.75,7397.5,7387.25,7394.0,73320
2026-05-07 22:20:00,7394.0,7400.25,7393.0,7400.25,57313
2026-05-07 22:40:00,7400.25,7409.5,7398.25,7409.25,51788
2026-05-07 23:00:00,7409.5,7410.0,7400.25,7402.5,47779
2026-05-07 23:20:00,7402.25,7404.75,7391.25,7400.75,73538
2026-05-07 23:40:00,7400.75,7403.5,7386.0,7388.0,50230
2026-05-08 00:00:00,7388.0,7388.5,7366.0,7367.0,106866
2026-05-08 00:20:00,7367.0,7386.5,7365.75,7375.5,72421
2026-05-08 00:40:00,7375.5,7380.0,7364.0,7368.5,56522
2026-05-08 01:00:00,7368.5,7374.75,7360.25,7362.0,56534
2026-05-08 01:20:00,7361.75,7373.75,7345.75,7362.0,115461
2026-05-08 01:40:00,7362.0,7366.25,7349.5,7365.25,64778
2026-05-08 02:00:00,7365.25,7370.5,7358.75,7366.75,51698
2026-05-08 02:20:00,7367.0,7368.75,7357.75,7362.25,37681
2026-05-08 02:40:00,7362.5,7363.5,7345.5,7359.75,73050
2026-05-08 03:00:00,7359.75,7363.75,7351.75,7354.5,46775
2026-05-08 03:20:00,7354.5,7362.75,7348.5,7362.0,49581
2026-05-08 03:40:00,7362.0,7367.5,7354.75,7364.25,155069
2026-05-08 04:00:00,7364.25,7378.75,7355.0,7368.25,62306
2026-05-08 04:20:00,7368.0,7370.75,7352.25,7354.0,16407
2026-05-08 04:40:00,7353.75,7362.0,7351.25,7352.25,14761
2026-05-08 06:00:00,7340.0,7357.25,7336.25,7352.25,7529
2026-05-08 06:20:00,7352.25,7359.25,7345.75,7351.5,7388
2026-05-08 06:40:00,7351.75,7352.25,7347.5,7349.5,1740
2026-05-08 07:00:00,7349.5,7353.0,7348.25,7351.75,1842
2026-05-08 07:20:00,7352.0,7355.25,7352.0,7353.75,1272
2026-05-08 07:40:00,7353.75,7363.0,7353.5,7362.75,2447
2026-05-08 08:00:00,7363.0,7372.75,7363.0,7366.75,6986
2026-05-08 08:20:00,7366.75,7370.25,7365.5,7368.25,2986
2026-05-08 08:40:00,7368.5,7373.25,7367.25,7372.75,3659
2026-05-08 09:00:00,7372.5,7378.25,7372.5,7376.75,4725
2026-05-08 09:20:00,7376.75,7379.25,7375.5,7377.5,3464
2026-05-08 09:40:00,7377.75,7380.5,7375.75,7376.25,3204
2026-05-08 10:00:00,7376.25,7377.5,7373.75,7374.0,3281
2026-05-08 10:20:00,7374.0,7376.25,7367.25,7370.75,4478
2026-05-08 10:40:00,7370.75,7379.5,7370.25,7374.75,2274
2026-05-08 11:00:00,7374.5,7376.75,7373.5,7374.75,1166
2026-05-08 11:20:00,7374.5,7379.5,7374.0,7375.75,1882
2026-05-08 11:40:00,7375.5,7379.25,7375.0,7378.25,1730
2026-05-08 12:00:00,7378.25,7379.5,7375.5,7377.75,1476
2026-05-08 12:20:00,7377.5,7378.75,7376.25,7377.5,1228
2026-05-08 12:40:00,7377.25,7382.5,7375.25,7379.25,2323
2026-05-08 13:00:00,7379.25,7382.0,7378.75,7381.5,1460
2026-05-08 13:20:00,7381.75,7385.5,7380.75,7382.0,3482
2026-05-08 13:40:00,7381.75,7384.25,7381.25,7382.75,1620
2026-05-08 14:00:00,7382.5,7387.0,7379.25,7386.5,3168
2026-05-08 14:20:00,7386.5,7388.75,7384.5,7385.5,3646
2026-05-08 14:40:00,7385.75,7388.75,7384.75,7388.0,2217
2026-05-08 15:00:00,7388.0,7388.25,7380.75,7384.0,7319
2026-05-08 15:20:00,7384.0,7386.25,7382.0,7385.0,3677
2026-05-08 15:40:00,7385.25,7388.5,7383.0,7387.25,3174
2026-05-08 16:00:00,7387.25,7392.75,7386.25,7391.0,5837
2026-05-08 16:20:00,7391.25,7393.75,7391.25,7393.25,4334
2026-05-08 16:40:00,7393.0,7394.5,7390.25,7393.75,3684
2026-05-08 17:00:00,7394.0,7400.0,7393.25,7399.5,5647
2026-05-08 17:20:00,7399.75,7402.25,7396.5,7397.5,7083
2026-05-08 17:40:00,7397.5,7397.75,7390.5,7394.5,6544
2026-05-08 18:00:00,7394.75,7397.25,7394.5,7395.5,3377
2026-05-08 18:20:00,7395.75,7399.25,7395.25,7398.75,3553
2026-05-08 18:40:00,7398.75,7399.75,7391.0,7396.25,6458
2026-05-08 19:00:00,7396.25,7400.0,7396.25,7397.5,7111
2026-05-08 19:20:00,7397.5,7401.25,7396.5,7400.5,3636
2026-05-08 19:40:00,7400.5,7402.0,7399.0,7399.75,4711
2026-05-08 20:00:00,7399.75,7401.5,7397.25,7399.75,7257
2026-05-08 20:20:00,7400.0,7412.5,7396.5,7407.0,19329
2026-05-08 20:40:00,7407.0,7411.25,7394.5,7398.25,17264
2026-05-08 21:00:00,7398.0,7400.75,7389.0,7394.0,22241
2026-05-08 21:20:00,7394.0,7401.25,7392.75,7395.75,56218
2026-05-08 21:40:00,7395.75,7413.75,7391.75,7413.5,71212
2026-05-08 22:00:00,7413.5,7417.25,7409.25,7416.0,72939
2026-05-08 22:20:00,7416.25,7422.75,7408.25,7416.75,67841
2026-05-08 22:40:00,7416.5,7422.0,7414.75,7417.75,42600
2026-05-08 23:00:00,7417.75,7420.75,7407.25,7411.0,47968
2026-05-08 23:20:00,7410.75,7420.5,7409.75,7419.75,48255
2026-05-08 23:40:00,7419.75,7420.5,7412.5,7416.0,40396
2026-05-09 00:00:00,7415.75,7422.25,7415.5,7419.5,31558
2026-05-09 00:20:00,7419.5,7424.25,7418.75,7420.5,24315
2026-05-09 00:40:00,7420.75,7421.25,7415.0,7415.75,30638
2026-05-09 01:00:00,7415.75,7423.0,7414.75,7422.0,28762
2026-05-09 01:20:00,7422.0,7426.0,7420.75,7421.25,26104
2026-05-09 01:40:00,7421.25,7423.0,7417.5,7418.75,25227
2026-05-09 02:00:00,7418.75,7427.75,7418.5,7424.5,38174
2026-05-09 02:20:00,7424.5,7426.75,7421.25,7421.5,18916
2026-05-09 02:40:00,7421.5,7422.5,7407.5,7410.75,46916
2026-05-09 03:00:00,7410.5,7418.25,7410.0,7418.0,30369
2026-05-09 03:20:00,7418.0,7419.0,7411.5,7417.5,34538
2026-05-09 03:40:00,7417.75,7422.0,7417.0,7421.25,135637
2026-05-09 04:00:00,7421.25,7425.0,7417.25,7417.5,49229
2026-05-09 04:20:00,7417.5,7421.25,7417.25,7421.0,5245
2026-05-09 04:40:00,7421.0,7422.5,7419.0,7419.0,7659
2026-05-11 06:00:00,7399.5,7403.5,7390.5,7394.25,3199
2026-05-11 06:20:00,7394.25,7400.0,7392.0,7396.75,2520
2026-05-11 06:40:00,7396.5,7406.25,7395.25,7404.5,3110
2026-05-11 07:00:00,7404.25,7409.0,7403.25,7407.75,3088
2026-05-11 07:20:00,7407.75,7409.0,7402.0,7402.75,2387
2026-05-11 07:40:00,7402.75,7405.5,7401.25,7402.75,2467
2026-05-11 08:00:00,7402.75,7408.75,7402.5,7407.0,4564
2026-05-11 08:20:00,7407.0,7412.75,7407.0,7410.5,4768
2026-05-11 08:40:00,7410.75,7412.5,7397.0,7402.25,7500
2026-05-11 09:00:00,7402.25,7409.25,7398.0,7409.25,6811
2026-05-11 09:20:00,7409.5,7410.25,7405.75,7407.75,3092
2026-05-11 09:40:00,7408.0,7411.25,7407.25,7411.0,2494
2026-05-11 10:00:00,7411.0,7413.0,7409.5,7411.0,2823
2026-05-11 10:20:00,7411.0,7414.5,7410.25,7412.25,2264
2026-05-11 10:40:00,7412.5,7413.5,7411.0,7411.25,1507
2026-05-11 11:00:00,7411.25,7411.25,7407.5,7410.5,2643
2026-05-11 11:20:00,7410.5,7414.5,7410.0,7413.0,2168
2026-05-11 11:40:00,7413.0,7415.5,7411.0,7411.5,1813
2026-05-11 12:00:00,7411.25,7412.0,7406.75,7411.25,2051
2026-05-11 12:20:00,7411.5,7412.75,7411.5,7411.5,1205
2026-05-11 12:40:00,7411.5,7413.25,7410.75,7412.75,947
2026-05-11 13:00:00,7413.0,7413.75,7411.75,7413.5,1461
2026-05-11 13:20:00,7413.5,7415.0,7412.25,7412.5,2022
2026-05-11 13:40:00,7412.75,7413.0,7410.25,7410.5,2029
2026-05-11 14:00:00,7410.5,7414.75,7410.5,7412.25,2334
2026-05-11 14:20:00,7412.25,7416.25,7411.0,7411.5,2752
2026-05-11 14:40:00,7411.5,7413.75,7409.5,7413.0,3233
2026-05-11 15:00:00,7413.0,7413.75,7410.0,7411.25,4761
2026-05-11 15:20:00,7411.25,7413.25,7410.0,7412.25,3381
2026-05-11 15:40:00,7412.25,7415.0,7411.75,7414.25,3526
2026-05-11 16:00:00,7414.25,7416.75,7410.0,7416.0,7333
2026-05-11 16:20:00,7416.0,7417.75,7412.0,7413.25,4268
2026-05-11 16:40:00,7413.5,7416.25,7413.5,7414.0,2758
2026-05-11 17:00:00,7413.75,7417.75,7413.0,7415.75,4740
2026-05-11 17:20:00,7415.75,7418.75,7415.75,7417.25,3239
2026-05-11 17:40:00,7417.25,7420.75,7414.75,7415.0,5923
2026-05-11 18:00:00,7414.75,7416.75,7414.0,7415.0,3164
2026-05-11 18:20:00,7415.0,7416.5,7411.0,7412.5,3515
2026-05-11 18:40:00,7412.5,7414.0,7411.25,7412.25,3042
2026-05-11 19:00:00,7412.25,7415.75,7412.0,7415.25,5289
2026-05-11 19:20:00,7415.25,7420.25,7415.0,7418.5,5751
2026-05-11 19:40:00,7418.5,7418.5,7410.75,7414.0,6059
2026-05-11 20:00:00,7414.0,7415.75,7408.5,7410.0,11457
2026-05-11 20:20:00,7410.0,7414.5,7408.25,7412.25,7637
2026-05-11 20:40:00,7412.0,7412.75,7402.5,7408.75,12882
2026-05-11 21:00:00,7408.75,7412.75,7406.75,7411.5,8704
2026-05-11 21:20:00,7411.5,7424.75,7409.0,7421.25,64866
2026-05-11 21:40:00,7421.5,7437.25,7420.5,7432.75,75240
2026-05-11 22:00:00,7432.5,7441.0,7430.5,7441.0,50288
2026-05-11 22:20:00,7440.75,7442.0,7421.5,7432.0,83208
2026-05-11 22:40:00,7432.0,7445.75,7431.75,7443.0,56531
2026-05-11 23:00:00,7442.75,7443.75,7435.75,7441.25,35207
2026-05-11 23:20:00,7441.0,7448.0,7440.0,7447.0,38042
2026-05-11 23:40:00,7447.0,7449.75,7443.25,7448.5,39815
2026-05-12 00:00:00,7448.25,7449.25,7446.0,7446.75,21415
2026-05-12 00:20:00,7446.5,7450.5,7445.5,7447.0,23313
2026-05-12 00:40:00,7447.0,7447.5,7434.25,7439.5,61206
2026-05-12 01:00:00,7439.5,7442.75,7434.75,7435.5,27221
2026-05-12 01:20:00,7435.75,7450.5,7435.0,7449.0,34004
2026-05-12 01:40:00,7449.25,7454.75,7447.75,7448.0,27640
2026-05-12 02:00:00,7448.25,7452.75,7448.0,7449.25,19555
2026-05-12 02:20:00,7449.5,7451.5,7443.75,7444.0,24828
2026-05-12 02:40:00,7444.0,7445.25,7431.0,7431.25,42319
2026-05-12 03:00:00,7431.5,7438.0,7428.0,7431.75,51760
2026-05-12 03:20:00,7432.0,7435.0,7427.5,7432.5,41930
2026-05-12 03:40:00,7432.75,7439.0,7427.75,7438.75,114735
2026-05-12 04:00:00,7439.0,7440.25,7426.0,7435.0,41305
2026-05-12 04:20:00,7435.0,7436.75,7431.75,7436.0,5155
2026-05-12 04:40:00,7436.0,7436.75,7433.5,7435.0,5017
2026-05-12 06:00:00,7435.5,7441.5,7434.25,7441.0,1036
2026-05-12 06:20:00,7441.25,7443.0,7439.75,7442.75,1391
2026-05-12 06:40:00,7442.75,7443.75,7440.5,7441.0,977
2026-05-12 07:00:00,7441.25,7441.75,7438.5,7439.0,983
2026-05-12 07:20:00,7439.0,7441.5,7439.0,7440.75,815
2026-05-12 07:40:00,7440.75,7441.0,7436.25,7438.75,1480
2026-05-12 08:00:00,7438.5,7438.75,7432.0,7434.0,3094
2026-05-12 08:20:00,7433.75,7434.25,7428.75,7431.25,3793
2026-05-12 08:40:00,7431.5,7432.0,7429.25,7429.75,2047
2026-05-12 09:00:00,7429.75,7432.0,7425.0,7427.25,3796
2026-05-12 09:20:00,7427.25,7428.5,7415.75,7416.0,6939
2026-05-12 09:40:00,7415.75,7422.0,7411.25,7419.0,9072
2026-05-12 10:00:00,7419.25,7429.0,7417.75,7423.75,4880
2026-05-12 10:20:00,7423.75,7428.0,7423.25,7424.0,2617
2026-05-12 10:40:00,7424.0,7430.75,7423.25,7429.25,2437
2026-05-12 11:00:00,7429.25,7430.25,7425.0,7426.5,1461
2026-05-12 11:20:00,7426.5,7428.75,7425.75,7428.5,963
2026-05-12 11:40:00,7428.25,7429.75,7424.25,7425.25,1948
2026-05-12 12:00:00,7427.5,7427.5,7424.5,7427.25,1532
2026-05-12 12:20:00,7427.25,7427.5,7425.25,7426.25,1415
2026-05-12 12:40:00,7426.25,7427.5,7420.75,7420.75,2255
2026-05-12 13:00:00,7420.75,7423.5,7418.5,7420.0,2091
2026-05-12 13:20:00,7420.0,7424.0,7419.0,7420.25,2092
2026-05-12 13:40:00,7420.0,7424.0,7419.25,7421.5,1880
2026-05-12 14:00:00,7421.5,7422.75,7417.75,7418.75,3064
2026-05-12 14:20:00,7418.75,7418.75,7412.0,7412.75,4130
2026-05-12 14:40:00,7412.75,7415.0,7408.25,7408.75,4187
2026-05-12 15:00:00,7409.0,7414.5,7402.25,7414.5,10167
2026-05-12 15:20:00,7414.5,7416.75,7410.5,7416.25,4847
2026-05-12 15:40:00,7416.5,7417.25,7413.5,7416.0,3514
2026-05-12 16:00:00,7416.0,7416.75,7405.5,7409.75,7887
2026-05-12 16:20:00,7409.75,7411.25,7408.0,7410.0,4073
2026-05-12 16:40:00,7410.0,7410.5,7405.75,7409.5,3665
2026-05-12 17:00:00,7409.5,7411.25,7403.25,7407.5,4141
2026-05-12 17:20:00,7407.25,7416.5,7406.25,7412.75,6239
2026-05-12 17:40:00,7412.5,7413.25,7409.25,7411.5,3338
2026-05-12 18:00:00,7411.5,7416.0,7411.25,7412.0,3261
2026-05-12 18:20:00,7412.0,7413.0,7409.75,7410.0,3516
2026-05-12 18:40:00,7410.0,7412.0,7406.75,7412.0,3973
2026-05-12 19:00:00,7411.75,7413.75,7402.0,7404.25,10315
2026-05-12 19:20:00,7404.25,7411.0,7403.25,7411.0,4847
2026-05-12 19:40:00,7411.0,7412.0,7407.75,7407.75,3942
2026-05-12 20:00:00,7407.75,7408.25,7402.0,7406.25,6593
2026-05-12 20:20:00,7406.0,7416.5,7398.75,7414.75,19200
2026-05-12 20:40:00,7414.5,7420.75,7412.5,7419.5,13571
2026-05-12 21:00:00,7419.5,7421.25,7412.75,7415.25,13946
2026-05-12 21:20:00,7415.25,7417.5,7400.25,7405.75,68527
2026-05-12 21:40:00,7405.75,7414.0,7393.5,7396.25,102282
2026-05-12 22:00:00,7396.0,7408.75,7391.5,7407.0,89959
2026-05-12 22:20:00,7406.75,7407.75,7380.0,7391.5,99781
2026-05-12 22:40:00,7391.5,7397.0,7381.75,7383.0,70176
2026-05-12 23:00:00,7383.0,7385.5,7371.25,7374.75,73591
2026-05-12 23:20:00,7374.75,7378.0,7363.25,7376.25,82044
2026-05-12 23:40:00,7376.0,7382.75,7368.75,7369.75,49462
2026-05-13 00:00:00,7370.0,7380.0,7366.25,7375.5,44467
2026-05-13 00:20:00,7375.5,7377.75,7367.0,7373.0,37079
2026-05-13 00:40:00,7373.0,7375.0,7363.5,7366.25,38874
2026-05-13 01:00:00,7366.25,7386.25,7365.25,7386.0,47010
2026-05-13 01:20:00,7385.75,7395.75,7385.75,7391.75,61571
2026-05-13 01:40:00,7391.75,7397.25,7389.0,7396.0,39442
2026-05-13 02:00:00,7396.0,7398.5,7391.75,7397.25,43182
2026-05-13 02:20:00,7397.25,7410.0,7397.0,7406.0,59304
2026-05-13 02:40:00,7405.75,7410.5,7402.75,7405.25,33339
2026-05-13 03:00:00,7405.25,7419.5,7404.75,7415.25,42741
2026-05-13 03:20:00,7415.25,7425.75,7410.5,7423.0,41697
2026-05-13 03:40:00,7423.0,7433.75,7421.0,7428.0,162219
2026-05-13 04:00:00,7428.25,7428.75,7415.75,7419.5,43937
2026-05-13 04:20:00,7419.5,7420.5,7416.0,7419.5,6938
2026-05-13 04:40:00,7419.75,7422.25,7419.25,7420.5,5694
2026-05-13 06:00:00,7419.25,7426.75,7419.25,7426.25,1362
2026-05-13 06:20:00,7426.25,7427.5,7424.75,7425.75,1657
2026-05-13 06:40:00,7425.5,7425.75,7421.5,7421.75,1461
2026-05-13 07:00:00,7421.75,7423.5,7418.0,7419.75,2272
2026-05-13 07:20:00,7419.75,7420.5,7416.25,7416.5,1413
2026-05-13 07:40:00,7416.25,7416.5,7411.75,7412.0,2818
2026-05-13 08:00:00,7411.75,7420.25,7410.0,7419.75,4791
2026-05-13 08:20:00,7419.75,7423.25,7415.0,7419.75,3409
2026-05-13 08:40:00,7419.75,7421.75,7415.75,7420.5,2679
2026-05-13 09:00:00,7420.25,7425.75,7420.0,7423.5,3339
2026-05-13 09:20:00,7423.5,7429.0,7423.0,7428.0,3396
2026-05-13 09:40:00,7428.0,7436.5,7427.25,7429.0,5373
2026-05-13 10:00:00,7428.75,7431.0,7425.25,7429.0,3292
2026-05-13 10:20:00,7428.75,7432.0,7428.25,7430.5,2136
2026-05-13 10:40:00,7430.25,7430.5,7428.25,7429.25,1369
2026-05-13 11:00:00,7429.0,7429.75,7425.5,7428.5,2826
2026-05-13 11:20:00,7428.5,7435.5,7428.0,7434.75,1560
2026-05-13 11:40:00,7434.75,7436.0,7433.0,7434.75,1624
2026-05-13 12:00:00,7434.75,7435.25,7433.75,7434.75,1094
2026-05-13 12:20:00,7434.75,7437.5,7433.0,7435.25,1897
2026-05-13 12:40:00,7435.25,7438.5,7435.0,7437.25,1719
2026-05-13 13:00:00,7437.25,7441.0,7435.5,7438.0,3400
2026-05-13 13:20:00,7437.75,7441.75,7437.75,7440.25,2648
2026-05-13 13:40:00,7440.25,7440.75,7438.0,7439.25,1691
2026-05-13 14:00:00,7439.5,7443.5,7438.5,7442.0,3834
2026-05-13 14:20:00,7441.75,7441.75,7438.25,7438.75,2891
2026-05-13 14:40:00,7438.5,7438.75,7434.25,7437.25,2379
2026-05-13 15:00:00,7437.5,7439.0,7434.25,7436.5,3910
2026-05-13 15:20:00,7436.5,7441.25,7436.25,7439.75,2833
2026-05-13 15:40:00,7439.75,7446.5,7439.5,7445.0,5918
2026-05-13 16:00:00,7445.25,7452.75,7444.0,7451.0,8419
2026-05-13 16:20:00,7451.25,7453.25,7450.75,7452.75,3938
2026-05-13 16:40:00,7453.0,7454.25,7446.0,7447.5,4780
2026-05-13 17:00:00,7447.25,7447.5,7441.25,7441.75,5207
2026-05-13 17:20:00,7441.75,7445.25,7439.5,7445.0,4498
2026-05-13 17:40:00,7445.0,7447.5,7443.75,7447.0,2323
2026-05-13 18:00:00,7447.25,7449.0,7441.75,7443.75,3449
2026-05-13 18:20:00,7444.0,7446.0,7439.25,7441.5,4079
2026-05-13 18:40:00,7441.25,7445.0,7441.25,7442.75,3029
2026-05-13 19:00:00,7442.5,7445.0,7438.75,7440.25,4484
2026-05-13 19:20:00,7440.25,7444.5,7438.5,7442.25,4588
2026-05-13 19:40:00,7442.25,7442.75,7440.0,7441.25,3662
2026-05-13 20:00:00,7441.25,7446.25,7437.5,7438.25,5461
2026-05-13 20:20:00,7438.25,7439.25,7420.0,7420.5,29397
2026-05-13 20:40:00,7420.5,7424.75,7416.5,7421.0,20194
2026-05-13 21:00:00,7421.25,7433.25,7421.25,7433.0,15133
2026-05-13 21:20:00,7432.75,7435.0,7411.0,7412.0,71135
2026-05-13 21:40:00,7412.25,7419.0,7399.0,7413.5,103570
2026-05-13 22:00:00,7413.25,7422.0,7412.25,7417.25,65545
2026-05-13 22:20:00,7417.5,7432.0,7416.75,7424.0,62812
2026-05-13 22:40:00,7424.0,7434.5,7422.0,7433.0,42693
2026-05-13 23:00:00,7433.0,7438.25,7431.25,7437.25,38739
2026-05-13 23:20:00,7437.25,7442.75,7433.75,7442.25,38243
2026-05-13 23:40:00,7442.5,7447.0,7440.0,7442.0,39944
2026-05-14 00:00:00,7442.0,7453.25,7439.75,7452.0,38431
2026-05-14 00:20:00,7452.0,7464.75,7451.25,7462.0,59609
2026-05-14 00:40:00,7461.75,7467.75,7459.0,7465.25,35227
2026-05-14 01:00:00,7465.5,7474.0,7465.5,7469.75,32203
2026-05-14 01:20:00,7469.75,7473.0,7466.5,7468.75,26153
2026-05-14 01:40:00,7468.5,7472.5,7466.0,7466.25,19813
2026-05-14 02:00:00,7466.25,7483.75,7465.75,7481.0,41680
2026-05-14 02:20:00,7481.0,7483.75,7473.25,7475.75,31915
2026-05-14 02:40:00,7475.75,7478.5,7470.75,7471.5,34976
2026-05-14 03:00:00,7471.5,7482.25,7471.25,7481.25,33896
2026-05-14 03:20:00,7481.25,7482.0,7475.0,7478.75,32533
2026-05-14 03:40:00,7478.75,7481.25,7467.75,7468.5,117318
2026-05-14 04:00:00,7468.5,7473.75,7466.5,7472.75,35470
2026-05-14 04:20:00,7472.75,7478.0,7472.25,7477.25,6960
2026-05-14 04:40:00,7477.5,7477.5,7474.75,7476.0,5674
2026-05-14 06:00:00,7477.5,7479.25,7472.5,7476.5,2353
2026-05-14 06:20:00,7476.0,7477.0,7474.25,7476.0,940
2026-05-14 06:40:00,7475.75,7481.75,7475.75,7479.0,2306
2026-05-14 07:00:00,7479.0,7483.75,7478.75,7481.5,2793
2026-05-14 07:20:00,7481.5,7482.0,7477.0,7477.5,1524
2026-05-14 07:40:00,7477.5,7481.0,7477.0,7480.5,1232
2026-05-14 08:00:00,7480.25,7484.5,7475.5,7481.0,3374
2026-05-14 08:20:00,7481.0,7488.75,7480.5,7486.5,4435
2026-05-14 08:40:00,7486.75,7489.0,7485.0,7487.75,2409
2026-05-14 09:00:00,7487.75,7487.75,7482.5,7483.5,2471
2026-05-14 09:20:00,7483.75,7487.0,7483.0,7484.25,2050
2026-05-14 09:40:00,7484.25,7484.75,7477.75,7478.75,3385
2026-05-14 10:00:00,7478.5,7481.75,7477.5,7479.0,2315
2026-05-14 10:20:00,7479.25,7484.0,7479.25,7482.5,2350
2026-05-14 10:40:00,7482.75,7483.0,7476.5,7478.5,2166
2026-05-14 11:00:00,7478.5,7482.75,7477.5,7479.5,1798
2026-05-14 11:20:00,7479.5,7480.75,7474.25,7474.25,2334
2026-05-14 11:40:00,7474.25,7476.25,7471.75,7472.25,2298
2026-05-14 12:00:00,7473.5,7476.0,7473.5,7475.75,2075
2026-05-14 12:20:00,7475.75,7479.25,7475.75,7479.0,1195
2026-05-14 12:40:00,7479.0,7481.75,7476.5,7477.5,1833
2026-05-14 13:00:00,7477.5,7479.5,7473.25,7474.0,1951
2026-05-14 13:20:00,7474.0,7478.75,7474.0,7476.25,1520
2026-05-14 13:40:00,7476.5,7486.75,7474.75,7483.0,4925
2026-05-14 14:00:00,7483.25,7489.5,7483.0,7486.0,3323
2026-05-14 14:20:00,7486.25,7489.25,7486.25,7489.0,2998
2026-05-14 14:40:00,7488.75,7489.25,7484.75,7485.0,3217
2026-05-14 15:00:00,7485.0,7486.75,7481.5,7484.75,3849
2026-05-14 15:20:00,7484.75,7488.75,7483.25,7487.25,2695
2026-05-14 15:40:00,7487.5,7489.0,7478.25,7479.25,3414
2026-05-14 16:00:00,7479.5,7491.75,7478.0,7487.75,6042
2026-05-14 16:20:00,7487.75,7491.25,7486.25,7487.0,5787
2026-05-14 16:40:00,7487.0,7488.25,7482.25,7487.75,3578
2026-05-14 17:00:00,7488.0,7490.0,7483.0,7484.75,5310
2026-05-14 17:20:00,7484.75,7486.0,7475.25,7477.25,4074
2026-05-14 17:40:00,7477.0,7486.75,7477.0,7485.0,3639
2026-05-14 18:00:00,7485.0,7496.25,7484.75,7492.25,9752
2026-05-14 18:20:00,7492.25,7492.5,7486.0,7486.25,3697
2026-05-14 18:40:00,7486.25,7492.75,7483.25,7488.5,5159
2026-05-14 19:00:00,7488.25,7495.0,7487.75,7492.0,4358
2026-05-14 19:20:00,7492.0,7493.75,7485.0,7489.5,3871
2026-05-14 19:40:00,7489.75,7494.75,7489.5,7491.0,4828
2026-05-14 20:00:00,7491.0,7496.75,7491.0,7494.25,5512
2026-05-14 20:20:00,7494.5,7499.25,7492.5,7493.75,10118
2026-05-14 20:40:00,7493.75,7494.75,7486.0,7489.75,7588
2026-05-14 21:00:00,7489.5,7489.5,7482.0,7484.0,11552
2026-05-14 21:20:00,7483.75,7498.5,7479.75,7497.25,61258
2026-05-14 21:40:00,7497.25,7503.25,7485.75,7488.5,89960
2026-05-14 22:00:00,7488.5,7505.5,7486.75,7505.0,61244
2026-05-14 22:20:00,7505.0,7511.0,7499.25,7510.75,56713
2026-05-14 22:40:00,7510.75,7520.0,7509.75,7516.5,67571
2026-05-14 23:00:00,7516.5,7530.25,7515.75,7529.25,50711
2026-05-14 23:20:00,7529.0,7533.0,7526.75,7529.5,53484
2026-05-14 23:40:00,7529.25,7537.5,7528.0,7537.25,42626
2026-05-15 00:00:00,7537.0,7540.0,7533.75,7534.75,42984
2026-05-15 00:20:00,7534.75,7538.0,7518.0,7525.75,69627
2026-05-15 00:40:00,7525.75,7527.75,7515.75,7522.75,52019
2026-05-15 01:00:00,7522.5,7527.5,7508.25,7509.0,53756
2026-05-15 01:20:00,7509.0,7522.0,7507.0,7520.75,52224
2026-05-15 01:40:00,7521.0,7527.0,7518.25,7521.5,32808
2026-05-15 02:00:00,7521.5,7527.5,7511.0,7527.0,50052
2026-05-15 02:20:00,7527.25,7527.5,7518.0,7522.0,32007
2026-05-15 02:40:00,7522.0,7528.0,7517.75,7527.5,29161
2026-05-15 03:00:00,7527.5,7531.25,7526.0,7528.75,31257
2026-05-15 03:20:00,7528.75,7530.75,7524.0,7528.5,33530
2026-05-15 03:40:00,7528.5,7531.25,7522.5,7526.0,115154
2026-05-15 04:00:00,7526.0,7530.0,7519.75,7522.5,40868
2026-05-15 04:20:00,7522.5,7524.5,7518.5,7520.0,6703
2026-05-15 04:40:00,7520.0,7524.0,7518.25,7523.0,5896
2026-05-15 06:00:00,7522.25,7527.0,7520.75,7521.75,1720
2026-05-15 06:20:00,7522.0,7525.5,7520.5,7524.25,1252
2026-05-15 06:40:00,7524.25,7526.25,7523.75,7524.0,1210
2026-05-15 07:00:00,7524.25,7526.5,7524.25,7525.75,770
2026-05-15 07:20:00,7526.0,7528.25,7524.0,7527.25,1066
2026-05-15 07:40:00,7527.5,7527.75,7519.25,7521.0,2436
2026-05-15 08:00:00,7520.75,7526.5,7517.0,7525.75,4238
2026-05-15 08:20:00,7525.5,7526.5,7518.5,7521.0,2244
2026-05-15 08:40:00,7521.0,7521.5,7512.75,7519.0,4109
2026-05-15 09:00:00,7518.75,7520.0,7511.0,7512.5,3368
2026-05-15 09:20:00,7512.5,7512.75,7498.0,7506.0,10382
2026-05-15 09:40:00,7506.0,7508.0,7494.25,7495.25,8339
2026-05-15 10:00:00,7495.25,7500.5,7493.75,7500.25,6463
2026-05-15 10:20:00,7500.25,7503.5,7497.25,7500.0,4279
2026-05-15 10:40:00,7500.0,7512.0,7499.75,7508.25,5831
2026-05-15 11:00:00,7508.0,7509.5,7505.25,7508.25,3086
2026-05-15 11:20:00,7508.0,7509.25,7501.25,7506.25,3505
2026-05-15 11:40:00,7506.25,7509.5,7503.75,7506.0,2588
2026-05-15 12:00:00,7502.25,7505.0,7499.5,7501.75,2697
2026-05-15 12:20:00,7502.0,7502.5,7496.75,7500.0,3496
2026-05-15 12:40:00,7500.0,7501.75,7492.25,7493.5,4440
2026-05-15 13:00:00,7493.75,7493.75,7486.0,7487.5,7280
2026-05-15 13:20:00,7487.5,7489.5,7479.0,7480.0,6363
2026-05-15 13:40:00,7480.0,7481.5,7466.0,7466.0,9477
2026-05-15 14:00:00,7466.25,7479.5,7463.25,7473.0,9973
2026-05-15 14:20:00,7473.0,7480.5,7463.0,7479.25,11910
2026-05-15 14:40:00,7479.25,7484.75,7478.25,7480.75,6066
2026-05-15 15:00:00,7480.5,7487.25,7478.75,7483.5,8362
2026-05-15 15:20:00,7483.5,7486.0,7476.5,7477.5,6977
2026-05-15 15:40:00,7477.5,7478.0,7472.0,7474.5,5708
2026-05-15 16:00:00,7474.75,7476.0,7449.75,7454.25,16561
2026-05-15 16:20:00,7454.25,7456.5,7435.75,7450.0,19092
2026-05-15 16:40:00,7450.0,7458.5,7448.0,7450.0,9419
2026-05-15 17:00:00,7450.0,7455.0,7443.0,7444.25,8002
2026-05-15 17:20:00,7444.25,7450.25,7439.75,7447.0,8822
2026-05-15 17:40:00,7447.0,7450.25,7436.25,7445.0,11181
2026-05-15 18:00:00,7445.5,7457.75,7441.5,7453.5,10369
2026-05-15 18:20:00,7453.5,7461.5,7451.25,7452.0,9047
2026-05-15 18:40:00,7451.75,7471.5,7449.25,7464.25,18567
2026-05-15 19:00:00,7464.25,7468.5,7456.5,7462.0,8718
2026-05-15 19:20:00,7462.25,7464.75,7451.75,7453.0,6376
2026-05-15 19:40:00,7453.25,7457.5,7446.0,7446.5,9005
2026-05-15 20:00:00,7446.5,7447.0,7431.0,7437.75,20411
2026-05-15 20:20:00,7437.5,7445.0,7429.75,7432.25,17109
2026-05-15 20:40:00,7432.0,7440.5,7431.0,7437.75,13691
2026-05-15 21:00:00,7438.0,7444.25,7432.5,7443.0,16884
2026-05-15 21:20:00,7443.0,7462.0,7431.5,7432.25,124687
2026-05-15 21:40:00,7432.25,7451.0,7420.25,7432.25,140581
2026-05-15 22:00:00,7432.5,7463.0,7430.25,7460.75,111442
2026-05-15 22:20:00,7461.0,7467.75,7448.75,7459.5,103943
2026-05-15 22:40:00,7459.5,7463.25,7444.25,7450.5,78529
2026-05-15 23:00:00,7450.5,7455.25,7442.0,7453.5,60729
2026-05-15 23:20:00,7453.5,7460.5,7448.5,7451.25,59938
2026-05-15 23:40:00,7451.25,7453.75,7431.75,7443.75,70091
2026-05-16 00:00:00,7443.75,7447.25,7437.25,7443.5,45669
2026-05-16 00:20:00,7443.5,7455.75,7442.75,7454.0,39416
2026-05-16 00:40:00,7454.0,7458.0,7443.0,7450.25,35699
2026-05-16 01:00:00,7450.5,7458.75,7447.5,7458.75,30139
2026-05-16 01:20:00,7458.5,7470.5,7457.75,7467.5,44471
2026-05-16 01:40:00,7467.25,7471.0,7461.5,7470.75,27313
2026-05-16 02:00:00,7470.75,7475.75,7456.75,7458.75,44142
2026-05-16 02:20:00,7458.5,7467.75,7445.25,7455.75,54865
2026-05-16 02:40:00,7455.5,7459.75,7449.75,7457.0,33821
2026-05-16 03:00:00,7457.0,7458.5,7441.0,7445.5,46723
2026-05-16 03:20:00,7445.5,7449.0,7442.0,7447.75,42985
2026-05-16 03:40:00,7448.0,7449.5,7427.0,7432.5,183728
2026-05-16 04:00:00,7432.25,7433.0,7409.25,7417.75,78185
2026-05-16 04:20:00,7417.5,7420.0,7412.0,7418.25,9978
2026-05-16 04:40:00,7418.5,7432.25,7415.25,7432.25,8157
2026-05-18 06:00:00,7432.25,7435.0,7426.75,7429.5,3135
2026-05-18 06:20:00,7429.5,7430.5,7422.5,7430.0,5744
2026-05-18 06:40:00,7429.75,7432.0,7424.25,7429.5,3180
2026-05-18 07:00:00,7429.25,7430.75,7418.25,7419.5,4606
2026-05-18 07:20:00,7419.5,7421.75,7410.5,7411.75,6040
2026-05-18 07:40:00,7411.75,7417.25,7397.75,7411.25,10200
2026-05-18 08:00:00,7411.0,7415.25,7381.5,7393.75,19360
2026-05-18 08:20:00,7393.75,7402.5,7388.5,7390.0,8512
2026-05-18 08:40:00,7390.25,7398.0,7385.0,7397.5,7093
2026-05-18 09:00:00,7397.25,7400.0,7380.0,7382.0,8559
2026-05-18 09:20:00,7382.0,7386.5,7375.0,7379.5,7960
2026-05-18 09:40:00,7379.5,7392.25,7378.0,7387.75,6747
2026-05-18 10:00:00,7387.5,7392.75,7383.0,7390.75,5594
2026-05-18 10:20:00,7390.75,7393.0,7386.75,7387.5,4554
2026-05-18 10:40:00,7387.5,7388.75,7378.75,7382.0,5120
2026-05-18 11:00:00,7382.0,7388.25,7381.5,7381.75,3697
2026-05-18 11:20:00,7381.5,7386.5,7378.0,7385.0,3873
2026-05-18 11:40:00,7385.0,7388.25,7383.25,7386.25,2100
2026-05-18 12:00:00,7385.5,7393.25,7385.0,7390.5,5006
2026-05-18 12:20:00,7390.5,7390.5,7379.5,7380.75,3494
2026-05-18 12:40:00,7380.5,7389.0,7380.5,7384.75,2755
2026-05-18 13:00:00,7384.75,7392.5,7380.0,7381.5,3810
2026-05-18 13:20:00,7381.25,7392.5,7379.5,7392.25,4343
2026-05-18 13:40:00,7392.0,7392.5,7384.75,7385.0,3540
2026-05-18 14:00:00,7384.5,7389.75,7382.0,7383.25,4599
2026-05-18 14:20:00,7383.0,7386.25,7376.0,7382.0,6542
2026-05-18 14:40:00,7382.25,7395.25,7382.0,7395.25,6135
2026-05-18 15:00:00,7395.0,7401.25,7388.0,7390.25,8018
2026-05-18 15:20:00,7390.0,7407.75,7384.75,7392.75,16594
2026-05-18 15:40:00,7392.75,7398.25,7386.5,7396.5,8415
2026-05-18 16:00:00,7396.75,7406.75,7396.75,7402.75,7247
2026-05-18 16:20:00,7402.5,7416.25,7402.5,7409.5,10773
2026-05-18 16:40:00,7409.5,7416.75,7406.0,7416.25,5577
2026-05-18 17:00:00,7416.25,7417.75,7407.75,7408.5,5128
2026-05-18 17:20:00,7408.5,7412.25,7405.5,7409.0,3616
2026-05-18 17:40:00,7408.75,7412.5,7406.5,7410.5,7740
2026-05-18 18:00:00,7411.0,7411.5,7397.25,7402.75,8155
2026-05-18 18:20:00,7402.75,7404.5,7394.0,7396.0,6362
2026-05-18 18:40:00,7396.0,7405.0,7395.75,7399.0,4379
2026-05-18 19:00:00,7398.75,7402.5,7386.5,7402.25,13182
2026-05-18 19:20:00,7402.0,7421.75,7397.0,7420.5,18824
2026-05-18 19:40:00,7420.25,7433.0,7409.0,7414.0,22215
2026-05-18 20:00:00,7414.25,7423.0,7413.25,7416.0,10708
2026-05-18 20:20:00,7416.25,7433.75,7415.0,7431.0,16022
2026-05-18 20:40:00,7431.0,7453.25,7429.5,7450.0,34259
2026-05-18 21:00:00,7450.0,7452.5,7438.5,7442.5,30055
2026-05-18 21:20:00,7442.5,7444.25,7422.5,7427.0,78845
2026-05-18 21:40:00,7427.25,7454.25,7415.25,7445.75,130126
2026-05-18 22:00:00,7445.75,7447.5,7425.75,7445.75,107753
2026-05-18 22:20:00,7445.75,7448.0,7404.25,7419.5,105527
2026-05-18 22:40:00,7419.5,7428.0,7411.25,7423.0,81840
2026-05-18 23:00:00,7423.0,7430.5,7399.25,7403.25,89560
2026-05-18 23:20:00,7403.25,7413.0,7391.75,7408.0,71613
2026-05-18 23:40:00,7408.0,7414.0,7399.75,7403.0,45247
2026-05-19 00:00:00,7403.0,7413.5,7396.75,7412.0,47690
2026-05-19 00:20:00,7412.0,7419.0,7381.75,7397.0,86941
2026-05-19 00:40:00,7397.25,7413.5,7390.5,7404.75,56575
2026-05-19 01:00:00,7405.0,7414.75,7399.25,7412.25,43082
2026-05-19 01:20:00,7412.25,7414.0,7402.0,7404.25,32066
2026-05-19 01:40:00,7404.0,7413.0,7403.0,7410.0,28947
2026-05-19 02:00:00,7410.0,7411.25,7381.5,7384.5,50238
2026-05-19 02:20:00,7384.25,7391.75,7376.5,7383.5,54474
2026-05-19 02:40:00,7383.5,7387.25,7373.5,7376.5,49878
2026-05-19 03:00:00,7376.5,7420.5,7376.0,7397.25,124815
2026-05-19 03:20:00,7397.5,7410.75,7386.5,7410.25,52021
2026-05-19 03:40:00,7410.25,7428.0,7410.0,7426.5,139095
2026-05-19 04:00:00,7426.5,7428.25,7417.0,7420.25,35378
2026-05-19 04:20:00,7420.25,7424.25,7419.25,7421.0,4998
2026-05-19 04:40:00,7421.0,7425.25,7420.0,7420.25,5653
2026-05-19 06:00:00,7423.5,7432.25,7422.75,7431.0,2100
2026-05-19 06:20:00,7430.75,7438.25,7430.5,7437.75,3676
2026-05-19 06:40:00,7437.5,7438.5,7430.75,7434.25,2104
2026-05-19 07:00:00,7434.25,7438.75,7433.0,7434.25,2880
2026-05-19 07:20:00,7434.25,7436.5,7432.25,7433.75,840
2026-05-19 07:40:00,7433.75,7435.25,7426.5,7429.25,2242
2026-05-19 08:00:00,7429.25,7434.25,7423.25,7431.25,6235
2026-05-19 08:20:00,7431.5,7440.75,7428.75,7429.0,4999
2026-05-19 08:40:00,7428.75,7433.0,7423.25,7424.0,3110
2026-05-19 09:00:00,7423.75,7426.5,7418.0,7418.5,4366
2026-05-19 09:20:00,7418.5,7423.5,7411.5,7422.25,5400
2026-05-19 09:40:00,7422.25,7425.75,7416.5,7416.75,3225
2026-05-19 10:00:00,7416.5,7416.5,7402.75,7408.5,7362
2026-05-19 10:20:00,7408.25,7414.5,7408.0,7411.25,3575
2026-05-19 10:40:00,7411.25,7416.5,7409.5,7410.5,2687
2026-05-19 11:00:00,7410.75,7416.75,7406.25,7416.0,2362
2026-05-19 11:20:00,7416.25,7422.25,7413.5,7420.0,2266
2026-05-19 11:40:00,7419.75,7420.5,7411.5,7412.25,2218
2026-05-19 12:00:00,7405.5,7408.75,7400.75,7402.0,3715
2026-05-19 12:20:00,7402.25,7409.0,7397.25,7404.5,4421
2026-05-19 12:40:00,7404.5,7407.25,7400.25,7404.75,2396
2026-05-19 13:00:00,7405.25,7407.5,7400.5,7402.0,2720
2026-05-19 13:20:00,7402.5,7405.5,7391.5,7404.0,4667
2026-05-19 13:40:00,7403.75,7406.5,7398.75,7402.0,2610
2026-05-19 14:00:00,7402.0,7409.5,7396.5,7409.5,5406
2026-05-19 14:20:00,7409.5,7414.25,7407.5,7413.25,3891
2026-05-19 14:40:00,7413.5,7416.5,7411.0,7413.5,4523
2026-05-19 15:00:00,7413.75,7426.25,7411.0,7420.25,8132
2026-05-19 15:20:00,7420.25,7423.0,7416.25,7422.5,4546
2026-05-19 15:40:00,7422.75,7433.0,7422.0,7429.75,6556
2026-05-19 16:00:00,7429.5,7431.25,7414.5,7418.5,7031
2026-05-19 16:20:00,7418.5,7419.5,7406.5,7413.5,7639
2026-05-19 16:40:00,7413.5,7417.75,7412.75,7413.25,3108
2026-05-19 17:00:00,7412.75,7413.0,7398.75,7401.0,6180
2026-05-19 17:20:00,7401.25,7404.0,7387.25,7390.0,10394
2026-05-19 17:40:00,7389.75,7400.75,7384.0,7398.0,6512
2026-05-19 18:00:00,7398.0,7399.75,7392.75,7396.75,3903
2026-05-19 18:20:00,7397.0,7401.25,7388.25,7393.25,8803
2026-05-19 18:40:00,7393.5,7401.25,7384.25,7399.75,12242
2026-05-19 19:00:00,7399.5,7405.25,7396.0,7401.0,6766
2026-05-19 19:20:00,7401.25,7403.25,7395.0,7399.0,5239
2026-05-19 19:40:00,7399.25,7400.5,7388.5,7389.0,7628
2026-05-19 20:00:00,7389.0,7397.25,7385.75,7393.25,8377
2026-05-19 20:20:00,7393.25,7402.75,7390.75,7400.5,6651
2026-05-19 20:40:00,7400.75,7404.75,7399.0,7401.25,7546
2026-05-19 21:00:00,7401.25,7403.5,7386.25,7386.5,19332
2026-05-19 21:20:00,7386.5,7396.0,7377.5,7393.25,97790
2026-05-19 21:40:00,7393.0,7402.0,7370.0,7392.0,139494
2026-05-19 22:00:00,7392.5,7393.0,7362.5,7364.25,133643
2026-05-19 22:20:00,7364.5,7372.5,7356.25,7368.75,107150
2026-05-19 22:40:00,7369.0,7374.0,7354.25,7370.75,78812
2026-05-19 23:00:00,7370.75,7378.75,7365.5,7369.0,70360
2026-05-19 23:20:00,7369.0,7374.75,7355.75,7373.0,72128
2026-05-19 23:40:00,7373.0,7378.5,7364.5,7368.75,49972
2026-05-20 00:00:00,7368.75,7379.0,7361.75,7376.0,48729
2026-05-20 00:20:00,7375.75,7390.5,7372.5,7389.5,58424
2026-05-20 00:40:00,7389.5,7402.0,7389.25,7400.25,52839
2026-05-20 01:00:00,7400.25,7412.75,7398.25,7412.0,44680
2026-05-20 01:20:00,7411.75,7415.25,7406.0,7411.25,49016
2026-05-20 01:40:00,7411.25,7413.5,7399.25,7406.75,44145
2026-05-20 02:00:00,7406.75,7411.75,7404.5,7407.0,34066
2026-05-20 02:20:00,7406.75,7407.25,7394.25,7395.75,52929
2026-05-20 02:40:00,7395.5,7397.75,7380.0,7383.0,45579
2026-05-20 03:00:00,7382.75,7400.5,7382.0,7392.0,45266
2026-05-20 03:20:00,7392.0,7393.5,7377.5,7380.75,46112
2026-05-20 03:40:00,7380.75,7381.0,7365.0,7377.5,171787
2026-05-20 04:00:00,7377.75,7378.25,7369.5,7374.0,40012
2026-05-20 04:20:00,7373.75,7376.0,7371.25,7371.5,6335
2026-05-20 04:40:00,7371.25,7373.75,7370.75,7372.5,5139
2026-05-20 06:00:00,7377.0,7380.75,7372.75,7373.0,2034
2026-05-20 06:20:00,7373.0,7375.75,7367.75,7371.25,3131
2026-05-20 06:40:00,7371.25,7376.0,7367.75,7375.0,2177
2026-05-20 07:00:00,7375.0,7384.75,7374.0,7383.5,2353
2026-05-20 07:20:00,7383.5,7393.75,7381.75,7387.5,3638
2026-05-20 07:40:00,7387.0,7389.25,7381.25,7382.0,2183
2026-05-20 08:00:00,7381.5,7381.5,7356.0,7360.25,10361
2026-05-20 08:20:00,7360.0,7379.5,7358.0,7372.5,7722
2026-05-20 08:40:00,7372.25,7381.25,7369.0,7375.5,5043
2026-05-20 09:00:00,7375.5,7380.5,7367.5,7379.0,4867
2026-05-20 09:20:00,7379.25,7382.0,7359.5,7367.5,5636
2026-05-20 09:40:00,7367.75,7386.0,7361.75,7381.5,6096
2026-05-20 10:00:00,7381.75,7384.25,7379.0,7381.75,3273
2026-05-20 10:20:00,7382.0,7387.0,7364.0,7366.5,5533
2026-05-20 10:40:00,7366.5,7369.0,7361.25,7364.75,3704
2026-05-20 11:00:00,7365.0,7365.0,7356.0,7362.25,4847
2026-05-20 11:20:00,7362.25,7368.25,7358.0,7368.0,3560
2026-05-20 11:40:00,7368.0,7368.75,7363.25,7365.5,1780
2026-05-20 12:00:00,7370.25,7374.75,7367.25,7369.5,3074
2026-05-20 12:20:00,7369.75,7372.25,7364.5,7365.5,1495
2026-05-20 12:40:00,7365.75,7367.25,7362.25,7364.0,1352
2026-05-20 13:00:00,7364.0,7374.25,7364.0,7369.5,2156
2026-05-20 13:20:00,7369.5,7380.5,7368.75,7380.5,3392
2026-05-20 13:40:00,7380.75,7381.25,7369.25,7376.5,2568
2026-05-20 14:00:00,7376.25,7389.0,7375.75,7387.75,4515
2026-05-20 14:20:00,7387.75,7389.5,7383.5,7384.5,4313
2026-05-20 14:40:00,7384.75,7389.5,7382.25,7389.25,2868
2026-05-20 15:00:00,7389.25,7390.75,7386.5,7388.75,5469
2026-05-20 15:20:00,7388.75,7392.5,7385.25,7388.25,5421
2026-05-20 15:40:00,7388.25,7391.5,7384.5,7385.0,4264
2026-05-20 16:00:00,7385.25,7393.75,7384.5,7392.5,6944
2026-05-20 16:20:00,7392.25,7402.0,7388.25,7400.5,6560
2026-05-20 16:40:00,7400.25,7403.75,7397.5,7397.75,4698
2026-05-20 17:00:00,7397.75,7399.0,7392.25,7395.75,4167
2026-05-20 17:20:00,7396.25,7398.75,7393.25,7397.5,2732
2026-05-20 17:40:00,7397.75,7406.0,7396.75,7402.0,5097
2026-05-20 18:00:00,7402.0,7408.0,7401.5,7403.75,4150
2026-05-20 18:20:00,7403.75,7412.0,7403.25,7407.0,5619
2026-05-20 18:40:00,7406.75,7407.5,7399.5,7400.75,5065
2026-05-20 19:00:00,7400.5,7404.25,7399.0,7401.25,4913
2026-05-20 19:20:00,7401.0,7407.75,7401.0,7403.5,5164
2026-05-20 19:40:00,7403.75,7405.25,7395.0,7399.0,8401
2026-05-20 20:00:00,7399.0,7407.0,7397.5,7405.0,5024
2026-05-20 20:20:00,7405.0,7416.25,7402.25,7410.0,13874
2026-05-20 20:40:00,7410.25,7410.75,7402.25,7402.5,7981
2026-05-20 21:00:00,7402.5,7404.0,7398.5,7399.25,8576
2026-05-20 21:20:00,7399.0,7403.5,7380.75,7387.0,84330
2026-05-20 21:40:00,7387.0,7410.5,7384.5,7399.5,97044
2026-05-20 22:00:00,7399.75,7423.75,7376.75,7411.5,129385
2026-05-20 22:20:00,7411.75,7428.75,7403.25,7418.0,119027
2026-05-20 22:40:00,7417.75,7433.75,7414.5,7430.75,70581
2026-05-20 23:00:00,7430.75,7458.0,7424.5,7442.5,112126
2026-05-20 23:20:00,7442.5,7446.25,7430.25,7438.0,74933
2026-05-20 23:40:00,7438.0,7448.5,7435.5,7441.25,49349
2026-05-21 00:00:00,7441.5,7444.25,7434.0,7435.75,32745
2026-05-21 00:20:00,7435.75,7436.5,7423.75,7427.25,58228
2026-05-21 00:40:00,7427.25,7439.0,7425.5,7432.5,45611
2026-05-21 01:00:00,7432.75,7440.0,7426.25,7436.0,40923
2026-05-21 01:20:00,7436.0,7446.0,7433.75,7443.0,39903
2026-05-21 01:40:00,7442.75,7443.5,7434.75,7437.25,22624
2026-05-21 02:00:00,7437.5,7443.75,7432.0,7439.5,26915
2026-05-21 02:20:00,7439.5,7447.25,7435.0,7446.0,28140
2026-05-21 02:40:00,7446.25,7446.5,7435.25,7440.25,29981
2026-05-21 03:00:00,7440.5,7446.5,7439.0,7445.5,28134
2026-05-21 03:20:00,7445.5,7455.0,7444.25,7452.75,32721
2026-05-21 03:40:00,7452.75,7453.75,7444.5,7451.75,104284
2026-05-21 04:00:00,7451.75,7452.0,7440.5,7447.5,36581
2026-05-21 04:20:00,7447.0,7453.75,7428.5,7439.0,23167
2026-05-21 04:40:00,7438.75,7451.75,7431.25,7451.75,7626
2026-05-21 06:00:00,7432.75,7432.75,7407.5,7411.25,6437
2026-05-21 06:20:00,7411.0,7418.5,7408.0,7417.5,4424
2026-05-21 06:40:00,7417.75,7419.0,7415.0,7419.0,2071
2026-05-21 07:00:00,7419.0,7425.75,7418.5,7421.25,2689
2026-05-21 07:20:00,7421.25,7421.5,7415.5,7419.0,1878
2026-05-21 07:40:00,7419.25,7422.25,7417.25,7420.75,1642
2026-05-21 08:00:00,7420.5,7423.0,7415.0,7417.5,4424
2026-05-21 08:20:00,7418.0,7422.5,7414.5,7420.75,3344
2026-05-21 08:40:00,7420.75,7424.75,7420.0,7422.5,2846
2026-05-21 09:00:00,7422.75,7434.25,7422.75,7430.5,5662
2026-05-21 09:20:00,7430.5,7435.0,7428.75,7432.75,3613
2026-05-21 09:40:00,7432.75,7437.5,7430.5,7435.0,3789
2026-05-21 10:00:00,7435.25,7444.5,7435.25,7442.0,3293
2026-05-21 10:20:00,7441.75,7442.75,7438.5,7440.5,2749
2026-05-21 10:40:00,7440.5,7440.75,7436.25,7438.75,2827
2026-05-21 11:00:00,7438.75,7443.0,7438.25,7442.5,2017
2026-05-21 11:20:00,7442.5,7445.5,7442.25,7444.5,2186
2026-05-21 11:40:00,7444.75,7448.0,7443.25,7444.0,2212
2026-05-21 12:00:00,7446.5,7449.25,7446.25,7447.75,1712
2026-05-21 12:20:00,7447.75,7451.75,7447.0,7449.25,1975
2026-05-21 12:40:00,7449.0,7454.0,7449.0,7453.0,1776
2026-05-21 13:00:00,7453.25,7457.5,7452.0,7454.25,2842
2026-05-21 13:20:00,7454.5,7456.0,7447.5,7449.5,2961
2026-05-21 13:40:00,7449.75,7449.75,7434.0,7445.75,5568
2026-05-21 14:00:00,7445.75,7451.25,7442.0,7443.0,3607
2026-05-21 14:20:00,7443.0,7451.25,7442.25,7444.75,5367
2026-05-21 14:40:00,7444.5,7444.75,7433.0,7438.0,5215
2026-05-21 15:00:00,7438.0,7439.5,7426.5,7428.25,7518
2026-05-21 15:20:00,7428.5,7434.5,7427.75,7433.75,4454
2026-05-21 15:40:00,7433.75,7441.5,7432.25,7440.25,5429
2026-05-21 16:00:00,7440.25,7469.75,7439.5,7455.0,14718
2026-05-21 16:20:00,7455.0,7460.75,7451.0,7453.0,7348
2026-05-21 16:40:00,7453.25,7456.25,7449.75,7452.5,5735
2026-05-21 17:00:00,7452.25,7459.5,7451.25,7457.75,5033
2026-05-21 17:20:00,7457.75,7463.75,7457.75,7458.25,5062
2026-05-21 17:40:00,7458.25,7459.5,7452.75,7454.75,2808
2026-05-21 18:00:00,7454.75,7459.0,7451.0,7456.25,3213
2026-05-21 18:20:00,7456.25,7457.25,7420.25,7420.75,23853
2026-05-21 18:40:00,7420.5,7426.25,7415.0,7423.5,16436
2026-05-21 19:00:00,7423.25,7433.0,7418.75,7432.5,10829
2026-05-21 19:20:00,7432.5,7438.0,7427.75,7431.0,9114
2026-05-21 19:40:00,7431.25,7435.25,7428.5,7429.75,4523
2026-05-21 20:00:00,7430.25,7432.75,7424.0,7429.75,5500
2026-05-21 20:20:00,7430.0,7436.5,7422.0,7431.25,15262
2026-05-21 20:40:00,7431.25,7432.0,7417.75,7419.25,17387
2026-05-21 21:00:00,7419.25,7428.25,7417.5,7422.0,17122
2026-05-21 21:20:00,7422.0,7424.5,7412.0,7413.75,75830
2026-05-21 21:40:00,7414.0,7439.5,7410.5,7435.5,116412
2026-05-21 22:00:00,7435.25,7443.75,7419.5,7419.75,94015
2026-05-21 22:20:00,7419.5,7430.25,7411.5,7426.5,81790
2026-05-21 22:40:00,7426.5,7430.0,7413.5,7426.75,59074
2026-05-21 23:00:00,7426.75,7430.75,7408.5,7427.0,90350
2026-05-21 23:20:00,7426.75,7431.0,7415.0,7426.75,62974
2026-05-21 23:40:00,7427.0,7435.75,7424.5,7430.0,42097
2026-05-22 00:00:00,7430.25,7437.0,7427.5,7429.0,43434
2026-05-22 00:20:00,7428.75,7430.75,7420.75,7424.5,34409
2026-05-22 00:40:00,7424.5,7429.0,7418.0,7426.25,29472
2026-05-22 01:00:00,7426.25,7462.0,7426.25,7454.75,97682
2026-05-22 01:20:00,7454.75,7468.0,7447.75,7465.5,74981
2026-05-22 01:40:00,7465.25,7486.75,7465.25,7474.5,71549
2026-05-22 02:00:00,7474.5,7478.75,7463.0,7469.5,69433
2026-05-22 02:20:00,7469.25,7473.75,7466.5,7468.25,34268
2026-05-22 02:40:00,7468.5,7474.5,7438.0,7447.75,91997
2026-05-22 03:00:00,7447.5,7466.0,7447.25,7465.25,49823
2026-05-22 03:20:00,7465.25,7466.5,7460.75,7464.75,31621
2026-05-22 03:40:00,7464.75,7469.75,7456.75,7465.0,126721
2026-05-22 04:00:00,7465.25,7470.25,7463.25,7465.5,29159
2026-05-22 04:20:00,7465.75,7467.75,7464.0,7467.0,4307
2026-05-22 04:40:00,7467.0,7468.75,7466.5,7467.0,4647
2026-05-22 06:00:00,7467.0,7476.75,7466.75,7474.0,1867
2026-05-22 06:20:00,7474.0,7474.25,7470.75,7470.75,2265
2026-05-22 06:40:00,7470.75,7479.0,7470.25,7478.0,2505
2026-05-22 07:00:00,7478.0,7479.0,7476.75,7476.75,1285
2026-05-22 07:20:00,7477.0,7478.75,7476.25,7477.25,914
2026-05-22 07:40:00,7477.25,7484.0,7477.0,7479.5,2594
2026-05-22 08:00:00,7479.75,7484.75,7476.5,7484.25,4725
2026-05-22 08:20:00,7484.0,7488.5,7481.75,7485.25,4599
2026-05-22 08:40:00,7485.25,7487.0,7484.25,7484.25,2261
2026-05-22 09:00:00,7484.25,7485.25,7480.25,7483.75,3621
2026-05-22 09:20:00,7483.5,7484.5,7476.5,7477.25,3522
2026-05-22 09:40:00,7477.5,7484.0,7474.25,7480.75,4129
2026-05-22 10:00:00,7480.5,7483.75,7479.0,7482.25,2368
2026-05-22 10:20:00,7482.25,7483.0,7478.25,7481.25,1835
2026-05-22 10:40:00,7481.0,7485.0,7481.0,7483.5,1777
2026-05-22 11:00:00,7483.25,7484.25,7480.0,7481.0,1757
2026-05-22 11:20:00,7481.0,7486.5,7480.75,7485.75,1220
2026-05-22 11:40:00,7485.75,7488.75,7485.75,7488.25,1565
2026-05-22 12:00:00,7492.25,7492.5,7490.25,7491.25,2969
2026-05-22 12:20:00,7491.25,7493.0,7489.0,7490.5,1632
2026-05-22 12:40:00,7490.5,7493.75,7489.25,7493.25,1141
2026-05-22 13:00:00,7493.25,7494.75,7492.25,7493.25,1924
2026-05-22 13:20:00,7493.0,7493.75,7489.5,7490.25,2108
2026-05-22 13:40:00,7490.5,7493.25,7484.25,7485.5,3740
2026-05-22 14:00:00,7485.25,7492.0,7483.25,7489.5,4505
2026-05-22 14:20:00,7489.5,7494.75,7486.5,7494.0,4573
2026-05-22 14:40:00,7494.0,7494.5,7488.25,7489.0,3828
2026-05-22 15:00:00,7489.0,7489.25,7481.5,7486.75,5785
2026-05-22 15:20:00,7486.75,7489.75,7481.5,7482.5,5322
2026-05-22 15:40:00,7482.75,7489.0,7482.0,7488.75,3135
2026-05-22 16:00:00,7488.75,7497.75,7488.0,7495.5,7719
2026-05-22 16:20:00,7495.5,7500.5,7483.75,7490.0,12486
2026-05-22 16:40:00,7490.25,7492.75,7484.75,7485.25,4862
2026-05-22 17:00:00,7485.25,7485.25,7475.5,7478.75,7956
2026-05-22 17:20:00,7479.0,7481.75,7473.0,7481.0,6786
2026-05-22 17:40:00,7481.25,7485.5,7479.5,7483.25,4022
2026-05-22 18:00:00,7483.5,7483.5,7475.25,7475.5,4788
2026-05-22 18:20:00,7475.5,7479.75,7470.5,7471.75,5290
2026-05-22 18:40:00,7471.5,7475.75,7469.5,7474.5,4170
2026-05-22 19:00:00,7474.5,7478.75,7472.75,7473.5,3957
2026-05-22 19:20:00,7473.75,7478.5,7472.25,7478.5,3021
2026-05-22 19:40:00,7478.25,7486.75,7476.5,7480.75,7549
2026-05-22 20:00:00,7480.75,7499.5,7478.0,7494.75,20651
2026-05-22 20:20:00,7494.75,7496.5,7487.5,7494.75,12070
2026-05-22 20:40:00,7494.75,7503.5,7492.0,7502.75,12575
2026-05-22 21:00:00,7503.0,7507.75,7495.75,7500.75,23489
2026-05-22 21:20:00,7500.5,7514.25,7491.0,7512.75,65554
2026-05-22 21:40:00,7512.75,7516.25,7500.5,7509.75,83556
2026-05-22 22:00:00,7510.0,7510.0,7486.0,7488.75,75035
2026-05-22 22:20:00,7488.75,7497.5,7478.75,7494.75,62120
2026-05-22 22:40:00,7494.75,7501.75,7492.0,7499.5,40621
2026-05-22 23:00:00,7499.5,7509.25,7498.75,7508.75,35002
2026-05-22 23:20:00,7509.0,7515.25,7505.25,7511.25,42095
2026-05-22 23:40:00,7511.25,7513.0,7507.75,7510.75,28109
2026-05-23 00:00:00,7510.75,7512.25,7503.5,7503.75,32234
2026-05-23 00:20:00,7503.5,7511.0,7502.75,7504.5,26807
2026-05-23 00:40:00,7504.5,7510.0,7503.5,7507.25,21216
2026-05-23 01:00:00,7507.25,7513.5,7501.75,7502.5,26389
2026-05-23 01:20:00,7502.75,7524.0,7501.5,7517.25,77320
2026-05-23 01:40:00,7517.5,7518.0,7505.25,7508.25,30122
2026-05-23 02:00:00,7508.25,7511.5,7502.5,7507.5,30512
2026-05-23 02:20:00,7507.75,7510.25,7502.25,7506.0,25912
2026-05-23 02:40:00,7505.75,7509.0,7503.5,7505.5,21251
2026-05-23 03:00:00,7505.5,7506.75,7494.5,7497.75,40621
2026-05-23 03:20:00,7497.75,7498.0,7486.5,7492.75,37999
2026-05-23 03:40:00,7492.75,7497.0,7483.75,7490.5,93282
2026-05-23 04:00:00,7490.5,7495.0,7487.25,7492.75,29765
2026-05-23 04:20:00,7492.75,7493.25,7485.0,7488.0,10630
2026-05-23 04:40:00,7488.0,7491.0,7482.25,7491.0,8162
2026-05-26 12:00:00,7540.25,7542.5,7538.0,7541.5,1488
2026-05-26 12:20:00,7541.5,7542.25,7539.25,7540.0,1406
2026-05-26 12:40:00,7540.0,7540.5,7537.25,7538.5,1523
2026-05-26 13:00:00,7538.5,7540.25,7535.5,7539.25,1716
2026-05-26 13:20:00,7539.25,7541.25,7539.0,7539.5,1798
2026-05-26 13:40:00,7539.25,7539.25,7536.0,7537.25,2048
2026-05-26 14:00:00,7537.5,7541.5,7536.25,7541.25,3238
2026-05-26 14:20:00,7541.25,7544.5,7536.0,7544.25,5942
2026-05-26 14:40:00,7544.25,7544.25,7538.75,7539.5,2222
2026-05-26 15:00:00,7539.75,7541.25,7528.75,7531.25,9822
2026-05-26 15:20:00,7531.5,7533.5,7525.25,7529.75,5977
2026-05-26 15:40:00,7529.75,7535.0,7528.5,7531.25,3853
2026-05-26 16:00:00,7531.25,7533.25,7528.0,7531.75,3846
2026-05-26 16:20:00,7531.75,7532.5,7528.5,7531.5,3058
2026-05-26 16:40:00,7531.5,7533.5,7529.5,7532.75,3829
2026-05-26 17:00:00,7532.75,7535.0,7530.0,7533.5,4337
2026-05-26 17:20:00,7533.75,7539.0,7530.75,7537.25,6720
2026-05-26 17:40:00,7537.25,7538.5,7536.0,7537.5,2410
2026-05-26 18:00:00,7537.75,7543.5,7536.25,7543.0,4505
2026-05-26 18:20:00,7543.25,7551.25,7541.75,7547.0,8384
2026-05-26 18:40:00,7547.0,7548.25,7542.25,7542.25,5052
2026-05-26 19:00:00,7542.5,7544.5,7539.75,7541.25,5019
2026-05-26 19:20:00,7541.25,7544.0,7532.25,7538.25,9432
2026-05-26 19:40:00,7538.0,7542.0,7537.75,7540.0,4539
2026-05-26 20:00:00,7540.0,7542.5,7536.0,7542.5,8759
2026-05-26 20:20:00,7542.25,7547.75,7541.5,7544.5,5904
2026-05-26 20:40:00,7544.75,7548.5,7542.75,7544.0,7421
2026-05-26 21:00:00,7543.75,7544.75,7540.25,7543.0,7514
2026-05-26 21:20:00,7542.75,7544.0,7525.0,7531.25,68356
2026-05-26 21:40:00,7531.25,7545.0,7529.5,7541.5,87232
2026-05-26 22:00:00,7541.5,7550.25,7539.0,7549.75,56155
2026-05-26 22:20:00,7549.75,7555.25,7546.75,7551.25,55742
2026-05-26 22:40:00,7551.25,7555.25,7545.75,7547.75,41471
2026-05-26 23:00:00,7548.0,7548.75,7534.0,7537.5,64650
2026-05-26 23:20:00,7537.5,7538.25,7525.25,7532.0,54920
2026-05-26 23:40:00,7532.0,7532.5,7517.0,7523.25,60517
2026-05-27 00:00:00,7523.0,7527.75,7519.75,7526.5,34908
2026-05-27 00:20:00,7526.75,7534.0,7525.0,7530.5,31728
2026-05-27 00:40:00,7530.5,7530.75,7522.0,7523.5,29803
2026-05-27 01:00:00,7523.5,7528.0,7520.75,7521.25,23670
2026-05-27 01:20:00,7521.25,7525.0,7518.25,7522.0,25906
2026-05-27 01:40:00,7522.0,7526.75,7519.5,7524.0,19623
2026-05-27 02:00:00,7523.75,7533.0,7521.5,7533.0,24366
2026-05-27 02:20:00,7533.25,7533.75,7529.5,7530.5,23079
2026-05-27 02:40:00,7530.75,7530.75,7523.75,7524.75,25314
2026-05-27 03:00:00,7524.5,7528.5,7522.0,7527.75,27268
2026-05-27 03:20:00,7527.75,7536.25,7526.75,7536.0,30278
2026-05-27 03:40:00,7535.75,7542.5,7534.25,7539.25,109202
2026-05-27 04:00:00,7539.25,7540.75,7535.5,7537.5,35693
2026-05-27 04:20:00,7537.25,7538.5,7535.0,7537.25,4601
2026-05-27 04:40:00,7537.0,7537.5,7531.0,7532.75,6828
2026-05-27 06:00:00,7533.0,7538.0,7529.25,7534.25,2332
2026-05-27 06:20:00,7534.25,7534.75,7532.0,7534.75,1324
2026-05-27 06:40:00,7534.75,7536.25,7531.5,7533.25,1639
2026-05-27 07:00:00,7533.5,7536.0,7533.5,7534.75,1237
2026-05-27 07:20:00,7534.75,7540.0,7534.75,7538.25,2425
2026-05-27 07:40:00,7538.25,7544.75,7537.75,7543.5,2657
2026-05-27 08:00:00,7543.5,7545.25,7539.5,7540.5,3713
2026-05-27 08:20:00,7540.5,7546.25,7537.75,7541.5,3902
2026-05-27 08:40:00,7541.5,7547.25,7541.5,7545.75,2685
2026-05-27 09:00:00,7545.75,7548.75,7544.0,7546.75,3631
2026-05-27 09:20:00,7547.0,7548.25,7545.5,7546.0,2431
2026-05-27 09:40:00,7546.0,7547.25,7541.5,7542.25,2400
2026-05-27 10:00:00,7542.5,7546.0,7542.25,7545.0,1882
2026-05-27 10:20:00,7545.0,7546.75,7544.5,7544.75,1616
2026-05-27 10:40:00,7544.75,7547.0,7544.0,7544.25,1496
2026-05-27 11:00:00,7544.25,7546.75,7543.25,7543.5,1557
2026-05-27 11:20:00,7543.25,7543.75,7540.0,7541.25,1376
2026-05-27 11:40:00,7541.25,7542.5,7538.5,7539.25,1352
2026-05-27 12:00:00,7541.5,7542.5,7537.5,7537.75,1693
2026-05-27 12:20:00,7537.5,7540.0,7535.5,7539.75,2003
2026-05-27 12:40:00,7539.5,7543.0,7539.5,7541.5,1167
2026-05-27 13:00:00,7541.25,7543.5,7539.0,7539.25,1455
2026-05-27 13:20:00,7539.5,7543.25,7537.75,7541.0,1817
2026-05-27 13:40:00,7541.25,7545.0,7540.5,7543.75,1758
2026-05-27 14:00:00,7543.75,7545.5,7542.0,7544.0,2062
2026-05-27 14:20:00,7544.0,7544.25,7537.0,7539.25,3364
2026-05-27 14:40:00,7539.0,7541.25,7538.75,7540.0,1776
2026-05-27 15:00:00,7540.25,7546.25,7540.0,7546.25,3585
2026-05-27 15:20:00,7546.0,7548.25,7545.25,7546.0,2755
2026-05-27 15:40:00,7546.0,7548.5,7544.75,7548.0,2538
2026-05-27 16:00:00,7547.75,7554.0,7547.0,7553.75,5578
2026-05-27 16:20:00,7554.0,7558.5,7553.0,7557.75,5102
2026-05-27 16:40:00,7557.5,7559.75,7556.75,7557.75,3503
2026-05-27 17:00:00,7557.5,7558.5,7555.75,7557.5,3002
2026-05-27 17:20:00,7557.5,7561.25,7556.0,7560.0,3302
2026-05-27 17:40:00,7560.0,7561.0,7557.0,7560.0,2795
2026-05-27 18:00:00,7560.25,7565.0,7560.0,7562.5,5265
2026-05-27 18:20:00,7562.5,7562.75,7559.5,7560.0,3011
2026-05-27 18:40:00,7560.0,7563.0,7559.25,7561.75,3284
2026-05-27 19:00:00,7562.0,7566.5,7560.0,7561.75,6968
2026-05-27 19:20:00,7561.75,7565.25,7558.0,7558.75,6410
2026-05-27 19:40:00,7558.75,7558.75,7550.5,7551.0,5907
2026-05-27 20:00:00,7551.25,7559.25,7545.25,7558.0,15981
2026-05-27 20:20:00,7557.75,7570.75,7554.0,7561.0,32783
2026-05-27 20:40:00,7561.25,7561.5,7551.5,7552.75,12654
2026-05-27 21:00:00,7552.75,7553.5,7544.0,7545.25,17092
2026-05-27 21:20:00,7545.25,7547.5,7535.75,7538.75,72468
2026-05-27 21:40:00,7538.5,7538.75,7525.5,7538.0,101817
2026-05-27 22:00:00,7538.0,7546.75,7534.5,7545.75,73395
2026-05-27 22:20:00,7545.75,7547.0,7525.75,7542.75,97225
2026-05-27 22:40:00,7542.75,7543.5,7528.0,7530.0,50674
2026-05-27 23:00:00,7530.0,7534.75,7524.25,7524.75,44950
2026-05-27 23:20:00,7524.5,7535.0,7522.0,7524.25,53757
2026-05-27 23:40:00,7524.25,7527.75,7516.5,7524.25,58225
2026-05-28 00:00:00,7524.25,7531.5,7519.0,7527.0,37963
2026-05-28 00:20:00,7527.0,7534.75,7526.75,7533.75,24192
2026-05-28 00:40:00,7534.0,7539.75,7529.25,7531.0,31707
2026-05-28 01:00:00,7531.0,7532.0,7515.0,7526.0,47270
2026-05-28 01:20:00,7526.0,7532.5,7524.25,7529.75,24916
2026-05-28 01:40:00,7530.0,7533.75,7525.0,7530.75,24484
2026-05-28 02:00:00,7530.5,7537.5,7526.5,7536.75,24288
2026-05-28 02:20:00,7536.75,7542.5,7536.0,7541.0,29386
2026-05-28 02:40:00,7541.0,7544.25,7539.75,7542.0,24797
2026-05-28 03:00:00,7542.0,7545.25,7539.5,7542.5,24828
2026-05-28 03:20:00,7542.5,7543.5,7536.75,7541.75,31742
2026-05-28 03:40:00,7541.75,7542.75,7535.25,7539.75,103692
2026-05-28 04:00:00,7539.75,7549.25,7538.5,7547.5,29296
2026-05-28 04:20:00,7547.75,7549.25,7545.0,7548.75,7587
2026-05-28 04:40:00,7549.0,7557.25,7548.0,7554.25,9247
2026-05-28 06:00:00,7553.75,7557.75,7548.75,7550.0,2818
2026-05-28 06:20:00,7550.25,7551.75,7541.25,7544.75,4455
2026-05-28 06:40:00,7544.75,7547.75,7543.5,7546.25,2073
2026-05-28 07:00:00,7546.0,7549.25,7541.75,7547.25,2601
2026-05-28 07:20:00,7547.25,7547.5,7536.5,7538.5,3587
2026-05-28 07:40:00,7538.5,7539.5,7532.25,7534.5,3239
2026-05-28 08:00:00,7534.25,7540.0,7532.5,7538.5,3937
2026-05-28 08:20:00,7538.25,7542.25,7536.25,7538.75,3732
2026-05-28 08:40:00,7538.75,7551.75,7538.75,7549.25,3403
2026-05-28 09:00:00,7549.0,7550.25,7544.25,7546.75,2091
2026-05-28 09:20:00,7546.75,7549.25,7544.0,7547.25,2015
2026-05-28 09:40:00,7547.25,7550.5,7542.75,7549.25,2293
2026-05-28 10:00:00,7549.5,7550.75,7539.5,7540.25,3782
2026-05-28 10:20:00,7540.5,7541.25,7534.75,7535.75,3824
2026-05-28 10:40:00,7536.0,7537.75,7532.5,7534.0,3666
2026-05-28 11:00:00,7534.25,7536.25,7527.75,7529.5,7138
2026-05-28 11:20:00,7529.5,7530.5,7514.75,7517.75,11652
2026-05-28 11:40:00,7517.75,7520.0,7511.5,7515.0,8232
2026-05-28 12:00:00,7514.0,7514.5,7507.5,7509.0,8595
2026-05-28 12:20:00,7509.0,7514.5,7505.75,7513.25,4866
2026-05-28 12:40:00,7513.5,7515.0,7508.75,7510.0,3763
2026-05-28 13:00:00,7510.0,7514.75,7507.0,7513.0,3972
2026-05-28 13:20:00,7513.25,7526.0,7513.0,7526.0,8624
2026-05-28 13:40:00,7525.75,7529.25,7524.0,7527.75,4040
2026-05-28 14:00:00,7528.0,7531.25,7527.5,7530.75,5232
2026-05-28 14:20:00,7530.5,7531.5,7526.0,7526.5,4599
2026-05-28 14:40:00,7526.75,7529.0,7523.75,7528.25,3453
2026-05-28 15:00:00,7528.25,7534.25,7528.25,7530.5,6971
2026-05-28 15:20:00,7530.5,7531.5,7528.0,7529.0,4252
2026-05-28 15:40:00,7529.0,7532.25,7525.25,7531.75,3963
2026-05-28 16:00:00,7531.75,7534.5,7529.75,7532.25,4913
2026-05-28 16:20:00,7532.25,7534.25,7526.75,7530.5,4401
2026-05-28 16:40:00,7530.5,7533.25,7529.25,7533.25,2561
2026-05-28 17:00:00,7533.0,7536.0,7530.0,7532.5,3524
2026-05-28 17:20:00,7532.5,7534.25,7527.5,7527.75,3854
2026-05-28 17:40:00,7528.0,7533.75,7528.0,7532.25,2937
2026-05-28 18:00:00,7532.25,7532.5,7527.0,7527.0,2475
2026-05-28 18:20:00,7527.25,7528.0,7524.0,7525.0,4688
2026-05-28 18:40:00,7525.0,7526.25,7515.0,7519.25,12293
2026-05-28 19:00:00,7519.0,7523.25,7517.5,7520.75,6766
2026-05-28 19:20:00,7521.0,7522.5,7517.0,7520.25,4760
2026-05-28 19:40:00,7520.25,7524.75,7520.0,7522.0,4260
2026-05-28 20:00:00,7522.0,7526.0,7520.75,7523.0,4045
2026-05-28 20:20:00,7523.0,7535.5,7521.0,7533.75,12339
2026-05-28 20:40:00,7533.75,7539.75,7532.5,7538.25,10021
2026-05-28 21:00:00,7538.25,7544.0,7535.25,7536.75,12092
2026-05-28 21:20:00,7536.75,7538.75,7525.75,7527.0,50341
2026-05-28 21:40:00,7527.25,7537.0,7525.25,7535.75,65464
2026-05-28 22:00:00,7535.75,7574.0,7533.25,7564.5,126313
2026-05-28 22:20:00,7564.5,7566.25,7551.25,7553.25,73541
2026-05-28 22:40:00,7553.25,7563.5,7552.0,7562.75,62908
2026-05-28 23:00:00,7562.75,7573.5,7561.5,7568.5,55374
2026-05-28 23:20:00,7568.5,7576.5,7567.75,7575.25,40095
2026-05-28 23:40:00,7575.25,7577.0,7572.25,7574.75,27632
2026-05-29 00:00:00,7574.75,7579.75,7570.75,7579.0,29220
2026-05-29 00:20:00,7578.75,7582.75,7574.5,7576.0,29013
2026-05-29 00:40:00,7576.0,7582.25,7575.75,7581.0,22465
2026-05-29 01:00:00,7581.0,7582.75,7574.75,7575.5,25725
2026-05-29 01:20:00,7575.5,7579.25,7575.0,7578.5,22830
2026-05-29 01:40:00,7578.5,7583.75,7577.5,7581.0,25535
2026-05-29 02:00:00,7581.0,7583.0,7578.0,7580.25,34250
2026-05-29 02:20:00,7580.25,7582.5,7577.0,7577.5,24292
2026-05-29 02:40:00,7577.5,7580.25,7576.0,7576.75,21556
2026-05-29 03:00:00,7576.5,7579.5,7575.25,7577.25,24620
2026-05-29 03:20:00,7577.5,7586.5,7576.75,7586.25,36903
2026-05-29 03:40:00,7586.25,7586.5,7579.75,7581.75,109477
2026-05-29 04:00:00,7582.0,7590.5,7580.0,7589.0,30254
2026-05-29 04:20:00,7589.25,7590.75,7587.25,7588.0,6933
2026-05-29 04:40:00,7587.75,7589.5,7587.5,7587.75,5909
2026-05-29 06:00:00,7587.5,7592.5,7585.75,7587.25,2568
2026-05-29 06:20:00,7587.25,7588.5,7585.0,7587.0,2079
2026-05-29 06:40:00,7586.75,7588.5,7585.25,7585.5,1270
2026-05-29 07:00:00,7585.5,7590.0,7585.5,7590.0,1403
2026-05-29 07:20:00,7590.0,7590.0,7586.75,7587.25,967
2026-05-29 07:40:00,7587.0,7588.0,7584.0,7585.25,1483
2026-05-29 08:00:00,7585.0,7585.25,7582.0,7584.75,3433
2026-05-29 08:20:00,7584.5,7586.0,7578.5,7579.0,3669
2026-05-29 08:40:00,7579.25,7579.25,7575.75,7577.5,3350
2026-05-29 09:00:00,7577.5,7579.5,7574.0,7577.25,4383
2026-05-29 09:20:00,7577.0,7577.25,7572.75,7575.5,3375
2026-05-29 09:40:00,7575.75,7579.5,7574.5,7577.25,3060
2026-05-29 10:00:00,7577.25,7581.25,7576.25,7579.75,2936
2026-05-29 10:20:00,7579.75,7579.75,7574.25,7578.0,1770
2026-05-29 10:40:00,7578.0,7578.75,7575.25,7576.0,1387
2026-05-29 11:00:00,7576.25,7581.5,7575.75,7580.0,2254
2026-05-29 11:20:00,7580.0,7582.0,7579.25,7580.5,1439
2026-05-29 11:40:00,7580.5,7582.75,7578.25,7580.5,2035
2026-05-29 12:00:00,7582.0,7584.25,7581.75,7583.5,1981
2026-05-29 12:20:00,7583.5,7586.25,7583.25,7586.0,2233
2026-05-29 12:40:00,7586.25,7587.5,7584.5,7585.0,1768
2026-05-29 13:00:00,7585.25,7587.5,7584.5,7585.5,2024
2026-05-29 13:20:00,7585.75,7588.0,7584.0,7584.25,2219
2026-05-29 13:40:00,7584.5,7587.25,7584.0,7586.0,1743
2026-05-29 14:00:00,7586.0,7590.25,7586.0,7589.75,4179
2026-05-29 14:20:00,7589.75,7592.5,7587.0,7589.5,5779
2026-05-29 14:40:00,7589.75,7592.75,7589.0,7592.5,2705
2026-05-29 15:00:00,7592.5,7592.75,7588.0,7588.25,4964
2026-05-29 15:20:00,7588.25,7588.75,7580.0,7582.5,6621
2026-05-29 15:40:00,7582.5,7587.0,7581.75,7586.5,3915
2026-05-29 16:00:00,7586.5,7589.5,7584.5,7587.5,4429
2026-05-29 16:20:00,7587.25,7588.75,7584.75,7588.0,3261
2026-05-29 16:40:00,7588.0,7588.25,7582.25,7586.0,3912
2026-05-29 17:00:00,7586.0,7595.0,7585.25,7594.5,5937
2026-05-29 17:20:00,7594.5,7595.25,7589.75,7590.75,3967
2026-05-29 17:40:00,7590.75,7593.25,7589.75,7590.25,2963
2026-05-29 18:00:00,7590.5,7590.5,7585.0,7587.0,3776
2026-05-29 18:20:00,7587.0,7590.75,7587.0,7589.25,3525
2026-05-29 18:40:00,7589.5,7591.25,7588.0,7590.25,2634
2026-05-29 19:00:00,7590.25,7594.0,7589.5,7593.75,4756
2026-05-29 19:20:00,7593.75,7595.75,7586.25,7589.25,6398
2026-05-29 19:40:00,7589.5,7593.75,7584.25,7593.5,9208
2026-05-29 20:00:00,7593.5,7594.0,7589.25,7592.5,4767
2026-05-29 20:20:00,7592.75,7592.75,7586.0,7587.0,7751
2026-05-29 20:40:00,7587.0,7592.25,7586.25,7591.25,5265
2026-05-29 21:00:00,7591.5,7593.25,7587.75,7588.5,7543
2026-05-29 21:20:00,7588.5,7598.75,7586.75,7598.75,60605
2026-05-29 21:40:00,7598.75,7610.0,7597.0,7609.0,69619
2026-05-29 22:00:00,7608.75,7611.5,7595.75,7598.5,71725
2026-05-29 22:20:00,7598.25,7600.75,7586.75,7587.0,95290
2026-05-29 22:40:00,7586.75,7598.25,7577.5,7590.75,116434
2026-05-29 23:00:00,7591.0,7604.75,7589.25,7599.0,58983
2026-05-29 23:20:00,7599.25,7603.5,7593.25,7602.0,58018
2026-05-29 23:40:00,7602.0,7604.0,7593.25,7594.75,40890
2026-05-30 00:00:00,7594.75,7605.25,7593.75,7599.0,28123
2026-05-30 00:20:00,7598.75,7607.75,7595.25,7607.25,46377
2026-05-30 00:40:00,7607.25,7608.5,7595.5,7598.25,35398
2026-05-30 01:00:00,7598.0,7600.5,7595.25,7598.5,26294
2026-05-30 01:20:00,7598.5,7599.25,7592.0,7594.0,38200
2026-05-30 01:40:00,7593.75,7595.0,7582.5,7583.5,36656
2026-05-30 02:00:00,7583.25,7591.75,7581.75,7589.75,37054
2026-05-30 02:20:00,7589.75,7598.25,7589.5,7596.5,28472
2026-05-30 02:40:00,7596.5,7597.5,7584.5,7585.25,49251
2026-05-30 03:00:00,7585.25,7595.75,7583.75,7592.5,42928
2026-05-30 03:20:00,7592.5,7605.75,7591.5,7605.0,49726
2026-05-30 03:40:00,7605.25,7607.0,7593.0,7594.5,231214
2026-05-30 04:00:00,7594.75,7599.0,7591.0,7591.75,55351
2026-05-30 04:20:00,7591.75,7594.0,7589.25,7592.0,10958
2026-05-30 04:40:00,7592.0,7595.75,7589.25,7595.75,9495
2026-06-01 06:00:00,7589.0,7595.5,7587.75,7594.25,1986
2026-06-01 06:20:00,7594.25,7598.75,7592.25,7596.25,4279
2026-06-01 06:40:00,7596.25,7603.25,7596.25,7601.5,2454
2026-06-01 07:00:00,7601.5,7604.0,7600.25,7603.0,1775
2026-06-01 07:20:00,7603.0,7605.25,7600.75,7604.25,1840
2026-06-01 07:40:00,7604.0,7606.5,7602.5,7605.25,1355
2026-06-01 08:00:00,7605.25,7612.0,7604.5,7607.75,5893
2026-06-01 08:20:00,7608.0,7613.5,7608.0,7610.25,3975
2026-06-01 08:40:00,7610.5,7614.0,7609.75,7611.75,3473
2026-06-01 09:00:00,7611.5,7612.75,7608.25,7610.75,3379
2026-06-01 09:20:00,7610.75,7613.25,7610.25,7611.75,3379
2026-06-01 09:40:00,7611.75,7614.5,7611.25,7613.75,3517
2026-06-01 10:00:00,7613.75,7617.5,7613.75,7616.5,3855
2026-06-01 10:20:00,7616.75,7617.75,7614.75,7616.75,1820
2026-06-01 10:40:00,7616.5,7616.5,7614.0,7615.5,1424
2026-06-01 11:00:00,7615.5,7617.25,7611.0,7615.0,4012
2026-06-01 11:20:00,7615.0,7619.75,7614.5,7616.0,2942
2026-06-01 11:40:00,7615.75,7616.0,7611.5,7612.5,2438
2026-06-01 12:00:00,7612.25,7615.25,7612.25,7613.75,1650
2026-06-01 12:20:00,7613.75,7616.0,7613.25,7616.0,1613
2026-06-01 12:40:00,7615.75,7618.0,7615.75,7617.5,1805
2026-06-01 13:00:00,7617.5,7617.75,7615.0,7615.75,1714
2026-06-01 13:20:00,7615.75,7617.0,7614.0,7616.25,2115
2026-06-01 13:40:00,7616.5,7619.0,7616.25,7617.75,2005
2026-06-01 14:00:00,7618.0,7618.75,7616.25,7617.25,2137
2026-06-01 14:20:00,7617.25,7617.5,7614.25,7616.0,3031
2026-06-01 14:40:00,7615.75,7618.5,7615.25,7617.5,2988
2026-06-01 15:00:00,7617.75,7620.5,7615.0,7617.0,6385
2026-06-01 15:20:00,7617.0,7617.5,7610.25,7610.5,5315
2026-06-01 15:40:00,7610.5,7612.0,7607.5,7611.25,5500
2026-06-01 16:00:00,7611.25,7612.75,7608.25,7609.75,4846
2026-06-01 16:20:00,7609.75,7610.5,7605.75,7608.5,2964
2026-06-01 16:40:00,7608.5,7614.25,7605.75,7614.0,5650
2026-06-01 17:00:00,7614.25,7616.5,7611.5,7613.5,4464
2026-06-01 17:20:00,7613.5,7613.5,7611.0,7612.0,3413
2026-06-01 17:40:00,7611.75,7612.75,7609.0,7610.0,3366
2026-06-01 18:00:00,7610.0,7615.0,7610.0,7613.5,2816
2026-06-01 18:20:00,7613.75,7617.75,7612.0,7616.5,2928
2026-06-01 18:40:00,7616.75,7617.75,7615.0,7616.5,2425
2026-06-01 19:00:00,7616.25,7617.5,7614.0,7615.5,4194
2026-06-01 19:20:00,7615.75,7621.75,7614.5,7621.5,6561
2026-06-01 19:40:00,7621.75,7623.0,7613.75,7614.25,7260
2026-06-01 20:00:00,7614.25,7614.25,7606.25,7609.0,10223
2026-06-01 20:20:00,7609.0,7611.5,7606.75,7610.75,8676
2026-06-01 20:40:00,7610.5,7615.75,7608.25,7608.75,11231
2026-06-01 21:00:00,7608.75,7610.25,7581.5,7588.75,56047
2026-06-01 21:20:00,7589.0,7594.75,7576.25,7591.25,87419
2026-06-01 21:40:00,7591.5,7596.75,7583.25,7584.75,65883
2026-06-01 22:00:00,7585.25,7596.25,7581.5,7587.5,87565
2026-06-01 22:20:00,7587.25,7593.75,7581.5,7582.5,60838
2026-06-01 22:40:00,7582.25,7588.25,7581.0,7585.0,35346
2026-06-01 23:00:00,7585.0,7591.25,7582.75,7587.0,44030
2026-06-01 23:20:00,7587.0,7602.75,7586.75,7602.5,75917
2026-06-01 23:40:00,7602.25,7603.0,7595.0,7595.5,39341
2026-06-02 00:00:00,7595.5,7600.75,7587.0,7592.0,46810
2026-06-02 00:20:00,7591.75,7601.0,7591.25,7600.0,37302
2026-06-02 00:40:00,7600.0,7609.25,7596.5,7607.75,46084
2026-06-02 01:00:00,7607.75,7608.5,7598.75,7602.0,35844
2026-06-02 01:20:00,7601.75,7616.0,7601.25,7613.0,58598
2026-06-02 01:40:00,7613.0,7632.25,7612.0,7624.25,73194
2026-06-02 02:00:00,7624.25,7627.0,7622.0,7626.75,25987
2026-06-02 02:20:00,7626.5,7628.25,7624.25,7626.0,19575
2026-06-02 02:40:00,7625.75,7628.0,7623.5,7624.25,17863
2026-06-02 03:00:00,7624.25,7626.0,7622.75,7623.5,24655
2026-06-02 03:20:00,7623.25,7626.5,7619.25,7620.5,31977
2026-06-02 03:40:00,7620.75,7620.75,7610.5,7613.75,122991
2026-06-02 04:00:00,7613.75,7616.25,7613.0,7614.0,28370
2026-06-02 04:20:00,7614.25,7614.75,7610.5,7612.75,6288
2026-06-02 04:40:00,7612.75,7618.0,7606.5,7608.5,15865
2026-06-02 06:00:00,7612.0,7612.0,7595.5,7598.25,3284
2026-06-02 06:20:00,7598.25,7599.25,7592.0,7593.0,3652
2026-06-02 06:40:00,7592.75,7595.5,7591.0,7595.5,2784
2026-06-02 07:00:00,7595.5,7596.75,7593.5,7596.0,1323
2026-06-02 07:20:00,7596.0,7599.0,7593.75,7596.0,2387
2026-06-02 07:40:00,7595.75,7598.0,7592.0,7595.75,2071
2026-06-02 08:00:00,7595.75,7596.0,7585.5,7587.0,7865
2026-06-02 08:20:00,7586.75,7589.75,7583.75,7586.0,4635
2026-06-02 08:40:00,7586.25,7587.0,7580.25,7581.75,4189
2026-06-02 09:00:00,7581.5,7586.0,7580.0,7584.75,5341
2026-06-02 09:20:00,7584.75,7585.25,7578.5,7580.5,3956
2026-06-02 09:40:00,7580.25,7585.0,7577.5,7577.5,5432
2026-06-02 10:00:00,7577.75,7580.5,7577.25,7580.25,3612
2026-06-02 10:20:00,7580.0,7582.5,7578.75,7582.25,2449
2026-06-02 10:40:00,7582.25,7583.25,7579.75,7581.5,1862
2026-06-02 11:00:00,7581.25,7582.75,7577.25,7577.75,3517
2026-06-02 11:20:00,7577.5,7580.5,7576.5,7579.5,3309
2026-06-02 11:40:00,7579.5,7582.25,7578.0,7581.25,2377
2026-06-02 12:00:00,7583.5,7584.25,7581.5,7581.75,2584
2026-06-02 12:20:00,7581.75,7586.75,7581.75,7585.5,2215
2026-06-02 12:40:00,7585.25,7590.75,7585.0,7590.25,3041
2026-06-02 13:00:00,7590.5,7593.0,7588.5,7592.75,3002
2026-06-02 13:20:00,7592.5,7596.75,7592.25,7594.0,2509
2026-06-02 13:40:00,7594.0,7595.5,7592.0,7594.25,1785
2026-06-02 14:00:00,7594.0,7598.0,7593.75,7597.25,3943
2026-06-02 14:20:00,7597.25,7600.25,7595.25,7599.25,4243
2026-06-02 14:40:00,7599.25,7602.5,7598.25,7601.5,3183
2026-06-02 15:00:00,7601.5,7605.25,7601.25,7604.5,5016
2026-06-02 15:20:00,7604.5,7606.0,7602.25,7603.25,3846
2026-06-02 15:40:00,7603.25,7606.5,7602.25,7606.25,4116
2026-06-02 16:00:00,7606.25,7610.5,7605.75,7606.25,7098
2026-06-02 16:20:00,7606.75,7607.5,7603.25,7606.25,6596
2026-06-02 16:40:00,7606.25,7607.75,7604.75,7605.75,2891
2026-06-02 17:00:00,7605.5,7605.5,7601.75,7603.25,3038
2026-06-02 17:20:00,7603.25,7603.25,7599.0,7601.0,3530
2026-06-02 17:40:00,7601.25,7605.75,7598.5,7601.5,5683
2026-06-02 18:00:00,7601.5,7603.25,7599.5,7603.0,2802
2026-06-02 18:20:00,7603.0,7603.5,7599.25,7600.5,2375
2026-06-02 18:40:00,7600.25,7601.0,7598.75,7599.0,2274
2026-06-02 19:00:00,7599.0,7601.75,7595.5,7597.5,5319
2026-06-02 19:20:00,7597.25,7604.5,7596.0,7601.25,5520
2026-06-02 19:40:00,7601.5,7601.75,7596.0,7596.25,3194
2026-06-02 20:00:00,7596.25,7600.25,7595.25,7597.75,4981
2026-06-02 20:20:00,7598.0,7603.0,7597.25,7599.0,7715
2026-06-02 20:40:00,7599.0,7602.0,7596.5,7597.0,6434
2026-06-02 21:00:00,7597.0,7598.25,7587.5,7594.25,18859
2026-06-02 21:20:00,7594.0,7605.25,7594.0,7597.75,60280
2026-06-02 21:40:00,7598.0,7605.25,7595.5,7603.75,57501
2026-06-02 22:00:00,7603.5,7611.75,7600.0,7610.75,57072
2026-06-02 22:20:00,7610.75,7616.0,7603.0,7613.0,60441
2026-06-02 22:40:00,7613.0,7625.25,7611.75,7625.25,47172
2026-06-02 23:00:00,7625.25,7630.25,7621.75,7629.5,49638
2026-06-02 23:20:00,7629.5,7632.0,7624.75,7625.75,45331
2026-06-02 23:40:00,7625.75,7627.25,7623.5,7624.75,27708
2026-06-03 00:00:00,7624.75,7627.75,7621.75,7623.25,32359
2026-06-03 00:20:00,7623.0,7624.0,7618.75,7620.25,27907
2026-06-03 00:40:00,7620.0,7627.25,7620.0,7626.5,22210
2026-06-03 01:00:00,7626.5,7627.5,7620.5,7621.75,25637
2026-06-03 01:20:00,7621.5,7623.0,7615.75,7615.75,31278
2026-06-03 01:40:00,7615.75,7621.0,7615.5,7616.5,19882
2026-06-03 02:00:00,7616.75,7621.25,7616.0,7617.25,21612
2026-06-03 02:20:00,7617.25,7620.25,7614.75,7615.25,21985
2026-06-03 02:40:00,7615.0,7619.75,7614.25,7619.0,22571
2026-06-03 03:00:00,7619.0,7622.75,7618.75,7621.25,23612
2026-06-03 03:20:00,7621.25,7623.75,7620.75,7621.5,22148
2026-06-03 03:40:00,7621.5,7625.25,7619.5,7623.5,101054
2026-06-03 04:00:00,7623.5,7630.0,7623.25,7629.0,34185
2026-06-03 04:20:00,7629.0,7629.5,7625.75,7627.25,5167
2026-06-03 04:40:00,7627.25,7629.0,7627.0,7628.25,8579
2026-06-03 06:00:00,7628.0,7628.5,7622.25,7624.25,2268
2026-06-03 06:20:00,7624.0,7627.0,7623.75,7625.0,1943
2026-06-03 06:40:00,7625.0,7626.25,7620.5,7621.5,3032
2026-06-03 07:00:00,7621.5,7622.0,7609.0,7609.75,6456
2026-06-03 07:20:00,7609.5,7616.75,7602.0,7616.5,13120
2026-06-03 07:40:00,7616.25,7625.75,7615.5,7624.5,8369
2026-06-03 08:00:00,7624.5,7626.5,7619.5,7623.5,4209
2026-06-03 08:20:00,7623.25,7625.5,7620.0,7624.75,1983
2026-06-03 08:40:00,7625.0,7627.0,7624.25,7625.25,2221
2026-06-03 09:00:00,7625.25,7626.0,7620.0,7621.75,2757
2026-06-03 09:20:00,7621.75,7623.5,7619.75,7620.5,2366
2026-06-03 09:40:00,7620.25,7622.5,7619.25,7621.75,3442
2026-06-03 10:00:00,7622.0,7623.0,7620.25,7622.5,1375
2026-06-03 10:20:00,7622.75,7623.0,7620.0,7622.25,1464
2026-06-03 10:40:00,7622.5,7622.75,7620.0,7621.5,997
2026-06-03 11:00:00,7621.25,7623.0,7621.0,7622.25,980
2026-06-03 11:20:00,7622.25,7624.5,7621.25,7622.25,1103
2026-06-03 11:40:00,7622.0,7624.0,7621.75,7623.5,812
2026-06-03 12:00:00,7624.75,7626.0,7624.0,7624.75,1534
2026-06-03 12:20:00,7624.5,7625.75,7624.0,7624.5,798
2026-06-03 12:40:00,7624.5,7625.0,7622.0,7622.25,906
2026-06-03 13:00:00,7622.25,7624.25,7619.5,7623.5,2419
2026-06-03 13:20:00,7623.5,7624.5,7619.0,7621.25,1713
2026-06-03 13:40:00,7621.5,7622.0,7617.5,7619.0,1709
2026-06-03 14:00:00,7619.0,7621.75,7615.75,7617.25,3476
2026-06-03 14:20:00,7617.5,7621.0,7616.75,7620.5,2067
2026-06-03 14:40:00,7620.5,7622.0,7617.25,7619.25,3660
2026-06-03 15:00:00,7619.0,7623.5,7617.75,7622.5,3976
2026-06-03 15:20:00,7622.25,7622.25,7617.75,7618.0,3284
2026-06-03 15:40:00,7618.0,7620.5,7615.75,7620.25,3205
2026-06-03 16:00:00,7620.25,7622.0,7617.25,7619.0,4893
2026-06-03 16:20:00,7619.0,7622.25,7615.25,7618.75,5949
2026-06-03 16:40:00,7618.75,7620.0,7617.25,7618.75,3189
2026-06-03 17:00:00,7618.5,7621.5,7617.5,7619.25,3280
2026-06-03 17:20:00,7619.25,7620.25,7615.75,7616.0,3818
2026-06-03 17:40:00,7616.0,7616.25,7611.25,7612.0,4389
2026-06-03 18:00:00,7612.0,7622.25,7610.5,7614.5,12609
2026-06-03 18:20:00,7614.75,7618.0,7613.5,7614.75,5268
2026-06-03 18:40:00,7614.75,7615.75,7611.0,7614.5,3669
2026-06-03 19:00:00,7614.5,7618.0,7614.5,7617.25,3455
2026-06-03 19:20:00,7617.5,7620.25,7616.25,7619.0,4017
2026-06-03 19:40:00,7619.0,7619.5,7616.25,7616.25,3319
2026-06-03 20:00:00,7616.5,7619.0,7612.75,7613.5,5761
2026-06-03 20:20:00,7613.5,7614.75,7604.0,7604.75,13194
2026-06-03 20:40:00,7604.75,7610.0,7603.75,7607.0,10216
2026-06-03 21:00:00,7607.0,7608.75,7605.5,7606.75,10506
2026-06-03 21:20:00,7606.75,7614.75,7602.75,7606.0,63429
2026-06-03 21:40:00,7606.0,7606.0,7574.0,7586.25,125218
2026-06-03 22:00:00,7586.5,7597.0,7585.0,7589.25,73114
2026-06-03 22:20:00,7589.25,7597.25,7586.5,7596.25,47405
2026-06-03 22:40:00,7596.25,7596.5,7583.75,7588.75,42786
2026-06-03 23:00:00,7589.0,7592.25,7585.5,7587.75,31272
2026-06-03 23:20:00,7588.0,7590.0,7578.75,7580.5,49995
2026-06-03 23:40:00,7580.5,7582.75,7574.75,7579.25,40841
2026-06-04 00:00:00,7579.25,7582.0,7573.0,7576.0,35226
2026-06-04 00:20:00,7576.0,7576.75,7565.75,7566.0,50267
2026-06-04 00:40:00,7565.75,7578.75,7562.5,7578.25,52634
2026-06-04 01:00:00,7578.0,7578.75,7567.0,7568.5,40251
2026-06-04 01:20:00,7568.75,7578.75,7568.25,7577.0,28250
2026-06-04 01:40:00,7577.0,7585.0,7576.5,7583.0,27282
2026-06-04 02:00:00,7583.0,7583.75,7577.25,7582.25,24342
2026-06-04 02:20:00,7582.0,7588.0,7578.0,7584.75,35987
2026-06-04 02:40:00,7584.75,7586.5,7582.25,7583.5,21452
2026-06-04 03:00:00,7583.5,7583.5,7574.25,7578.75,43583
2026-06-04 03:20:00,7578.5,7581.75,7573.5,7581.0,39477
2026-06-04 03:40:00,7580.75,7582.75,7568.5,7572.5,163999
2026-06-04 04:00:00,7572.5,7573.25,7552.5,7559.75,53429
2026-06-04 04:20:00,7559.5,7565.0,7550.0,7552.25,14536
2026-06-04 04:40:00,7552.25,7552.25,7541.75,7547.5,14093
2026-06-04 06:00:00,7539.75,7545.5,7533.25,7534.75,3995
2026-06-04 06:20:00,7534.75,7541.25,7532.5,7537.25,4473
2026-06-04 06:40:00,7537.0,7546.25,7530.5,7543.5,6233
2026-06-04 07:00:00,7543.5,7544.75,7532.75,7534.5,4193
2026-06-04 07:20:00,7534.25,7537.5,7529.0,7530.5,3782
2026-06-04 07:40:00,7530.5,7538.5,7529.0,7534.5,3271
2026-06-04 08:00:00,7534.25,7544.0,7531.5,7541.0,6444
2026-06-04 08:20:00,7541.0,7548.75,7537.75,7543.25,4186
2026-06-04 08:40:00,7543.5,7547.0,7542.25,7546.5,2756
2026-06-04 09:00:00,7546.5,7551.25,7544.0,7544.75,3854
2026-06-04 09:20:00,7544.75,7551.0,7542.75,7547.75,2726
2026-06-04 09:40:00,7547.5,7548.0,7536.5,7540.75,3249
2026-06-04 10:00:00,7540.75,7541.5,7527.5,7531.75,4338
2026-06-04 10:20:00,7531.5,7537.5,7531.0,7534.0,3318
2026-06-04 10:40:00,7533.75,7539.25,7533.75,7535.0,2477
2026-06-04 11:00:00,7535.0,7541.25,7534.25,7541.0,2077
2026-06-04 11:20:00,7541.0,7544.75,7539.5,7543.0,2137
2026-06-04 11:40:00,7543.0,7543.25,7538.25,7543.25,1336
2026-06-04 12:00:00,7543.25,7546.5,7542.75,7545.5,1465
2026-06-04 12:20:00,7546.0,7548.0,7543.75,7545.5,1608
2026-06-04 12:40:00,7545.5,7547.75,7544.5,7546.25,1418
2026-06-04 13:00:00,7546.0,7546.75,7538.5,7542.75,2566
2026-06-04 13:20:00,7542.75,7544.0,7539.25,7542.5,1887
2026-06-04 13:40:00,7542.5,7545.0,7539.5,7543.75,1823
2026-06-04 14:00:00,7543.75,7547.25,7542.75,7544.5,2635
2026-06-04 14:20:00,7544.5,7549.0,7542.25,7548.75,3398
2026-06-04 14:40:00,7548.75,7553.0,7547.75,7552.75,3778
2026-06-04 15:00:00,7552.75,7557.5,7550.75,7554.75,6753
2026-06-04 15:20:00,7554.75,7557.75,7550.75,7555.75,5249
2026-06-04 15:40:00,7555.5,7555.75,7552.25,7553.75,3384
2026-06-04 16:00:00,7553.5,7553.75,7542.5,7543.25,7584
2026-06-04 16:20:00,7543.5,7550.0,7537.0,7546.25,10323
2026-06-04 16:40:00,7546.25,7547.0,7538.0,7540.75,4545
2026-06-04 17:00:00,7540.5,7540.5,7532.25,7536.0,8395
2026-06-04 17:20:00,7535.75,7547.25,7535.75,7544.5,5652
2026-06-04 17:40:00,7544.25,7549.75,7542.5,7547.75,4204
2026-06-04 18:00:00,7547.75,7547.75,7540.0,7540.25,4058
2026-06-04 18:20:00,7540.25,7542.25,7536.25,7537.0,4359
2026-06-04 18:40:00,7536.75,7537.5,7528.0,7533.5,7537
2026-06-04 19:00:00,7533.75,7543.75,7532.75,7541.75,8475
2026-06-04 19:20:00,7541.75,7543.0,7524.5,7533.0,12704
2026-06-04 19:40:00,7533.0,7546.0,7528.75,7544.0,13583
2026-06-04 20:00:00,7543.75,7547.5,7536.75,7539.25,13185
2026-06-04 20:20:00,7539.25,7549.0,7538.75,7546.5,9663
2026-06-04 20:40:00,7546.75,7552.5,7545.5,7550.25,8774
2026-06-04 21:00:00,7550.25,7555.0,7547.5,7554.0,13597
2026-06-04 21:20:00,7554.0,7561.5,7541.75,7556.75,78655
2026-06-04 21:40:00,7557.0,7564.5,7543.5,7559.5,80623
2026-06-04 22:00:00,7559.25,7564.75,7549.75,7559.5,72449
2026-06-04 22:20:00,7559.5,7570.5,7558.25,7564.25,61701
2026-06-04 22:40:00,7564.25,7570.0,7561.25,7569.75,41810
2026-06-04 23:00:00,7569.5,7587.5,7569.5,7584.5,57411
2026-06-04 23:20:00,7584.5,7587.5,7581.25,7584.25,38626
2026-06-04 23:40:00,7584.25,7585.25,7575.5,7581.0,37222
2026-06-05 00:00:00,7581.25,7593.75,7579.5,7592.0,31247
2026-06-05 00:20:00,7592.0,7596.75,7588.5,7595.5,33585
2026-06-05 00:40:00,7595.5,7597.5,7593.5,7596.5,23373
2026-06-05 01:00:00,7596.5,7598.0,7594.0,7596.75,22769
2026-06-05 01:20:00,7596.5,7602.5,7594.25,7599.25,30063
2026-06-05 01:40:00,7599.0,7605.5,7599.0,7604.75,18860
2026-06-05 02:00:00,7604.75,7607.0,7603.5,7606.75,27910
2026-06-05 02:20:00,7606.75,7607.5,7604.0,7606.25,21025
2026-06-05 02:40:00,7606.0,7608.0,7603.0,7604.5,19539
2026-06-05 03:00:00,7604.5,7609.0,7604.0,7605.25,25488
2026-06-05 03:20:00,7605.0,7611.5,7604.75,7610.25,30173
2026-06-05 03:40:00,7610.25,7610.25,7598.25,7599.75,130308
2026-06-05 04:00:00,7599.75,7602.0,7591.0,7591.5,37810
2026-06-05 04:20:00,7591.5,7592.0,7587.5,7589.5,6938
2026-06-05 04:40:00,7589.5,7591.25,7587.25,7587.75,6060
2026-06-05 06:00:00,7589.5,7591.0,7582.5,7584.75,1993
2026-06-05 06:20:00,7584.75,7586.0,7578.25,7582.25,2641
2026-06-05 06:40:00,7582.25,7586.25,7582.0,7585.75,1767
2026-06-05 07:00:00,7586.0,7586.75,7577.75,7578.5,2668
2026-06-05 07:20:00,7578.5,7580.0,7576.0,7577.0,3625
2026-06-05 07:40:00,7577.25,7577.5,7573.25,7573.5,3100
2026-06-05 08:00:00,7573.5,7573.5,7563.0,7564.5,7836
2026-06-05 08:20:00,7564.25,7567.25,7561.0,7562.5,5441
2026-06-05 08:40:00,7562.5,7565.0,7556.75,7559.0,6234
2026-06-05 09:00:00,7559.25,7560.25,7555.25,7557.75,4820
2026-06-05 09:20:00,7558.0,7558.0,7546.75,7553.25,8123
2026-06-05 09:40:00,7553.0,7561.0,7552.0,7560.75,5528
2026-06-05 10:00:00,7560.5,7565.5,7558.25,7562.0,4542
2026-06-05 10:20:00,7562.25,7566.5,7562.0,7563.5,2601
2026-06-05 10:40:00,7563.75,7564.0,7559.75,7561.25,2224
2026-06-05 11:00:00,7561.5,7564.0,7557.0,7561.75,2421
2026-06-05 11:20:00,7561.5,7563.5,7557.5,7559.5,1870
2026-06-05 11:40:00,7559.5,7560.5,7553.75,7556.75,1964
2026-06-05 12:00:00,7557.75,7559.75,7556.5,7557.75,1891
2026-06-05 12:20:00,7558.0,7561.75,7556.25,7560.75,1694
2026-06-05 12:40:00,7560.75,7565.5,7558.5,7563.75,1957
2026-06-05 13:00:00,7564.0,7564.25,7558.5,7561.0,2378
2026-06-05 13:20:00,7561.0,7564.0,7559.25,7563.0,1958
2026-06-05 13:40:00,7563.0,7564.5,7556.75,7558.0,2271
2026-06-05 14:00:00,7558.0,7565.0,7556.0,7557.0,4025
2026-06-05 14:20:00,7556.5,7557.0,7553.5,7554.25,3289
2026-06-05 14:40:00,7554.25,7556.0,7550.75,7554.0,3802
2026-06-05 15:00:00,7554.0,7555.25,7548.25,7549.5,6146
2026-06-05 15:20:00,7549.5,7560.0,7547.25,7557.75,6709
2026-06-05 15:40:00,7557.75,7559.75,7556.0,7557.25,3411
2026-06-05 16:00:00,7557.5,7560.0,7554.5,7559.5,5565
2026-06-05 16:20:00,7559.5,7568.5,7558.5,7564.75,7912
2026-06-05 16:40:00,7564.75,7565.25,7559.5,7560.25,3893
2026-06-05 17:00:00,7560.5,7578.75,7559.75,7569.25,13062
2026-06-05 17:20:00,7569.5,7570.0,7564.0,7565.0,5939
2026-06-05 17:40:00,7565.0,7569.0,7563.75,7567.75,3420
2026-06-05 18:00:00,7567.75,7571.25,7567.25,7571.25,2585
2026-06-05 18:20:00,7571.5,7574.25,7570.5,7571.75,3496
2026-06-05 18:40:00,7572.25,7573.0,7568.25,7568.5,2809
2026-06-05 19:00:00,7568.25,7570.0,7564.5,7565.75,4322
2026-06-05 19:20:00,7565.75,7571.0,7559.5,7566.75,9130
2026-06-05 19:40:00,7566.75,7569.25,7562.5,7563.25,6326
2026-06-05 20:00:00,7563.25,7563.5,7557.5,7562.5,6757
2026-06-05 20:20:00,7562.5,7568.25,7544.5,7554.0,20622
2026-06-05 20:40:00,7554.0,7563.0,7548.25,7549.75,19334
2026-06-05 21:00:00,7549.75,7551.75,7543.5,7547.75,19046
2026-06-05 21:20:00,7547.75,7553.0,7535.0,7540.0,86060
2026-06-05 21:40:00,7540.25,7540.75,7510.5,7511.25,135488
2026-06-05 22:00:00,7511.25,7533.5,7505.75,7533.0,138015
2026-06-05 22:20:00,7533.25,7533.25,7512.75,7526.0,82584
2026-06-05 22:40:00,7526.0,7527.5,7515.0,7523.0,66591
2026-06-05 23:00:00,7523.0,7526.25,7506.25,7510.75,59917
2026-06-05 23:20:00,7510.75,7512.25,7491.75,7492.5,73704
2026-06-05 23:40:00,7492.5,7495.25,7486.25,7490.25,72998
2026-06-06 00:00:00,7490.0,7490.5,7470.5,7472.25,75168
2026-06-06 00:20:00,7472.25,7480.0,7461.75,7466.75,71306
2026-06-06 00:40:00,7466.5,7470.75,7449.0,7469.75,95076
2026-06-06 01:00:00,7469.75,7470.25,7452.25,7457.25,56085
2026-06-06 01:20:00,7457.0,7474.25,7452.0,7473.75,59832
2026-06-06 01:40:00,7473.75,7477.75,7460.75,7471.25,56032
2026-06-06 02:00:00,7471.5,7472.5,7437.5,7438.75,70598
2026-06-06 02:20:00,7438.75,7444.5,7425.25,7430.5,76717
2026-06-06 02:40:00,7430.25,7431.0,7409.25,7416.25,111944
2026-06-06 03:00:00,7416.25,7418.0,7379.75,7387.75,106369
2026-06-06 03:20:00,7387.75,7413.0,7383.25,7411.75,121402
2026-06-06 03:40:00,7411.75,7423.0,7394.5,7400.25,241919
2026-06-06 04:00:00,7400.25,7401.5,7360.75,7362.75,110666
2026-06-06 04:20:00,7362.75,7371.5,7359.0,7364.5,16699
2026-06-06 04:40:00,7364.5,7400.5,7361.0,7400.5,14126
2026-06-08 06:00:00,7369.0,7394.25,7367.5,7388.25,8241
2026-06-08 06:20:00,7388.0,7396.25,7381.0,7389.25,8149
2026-06-08 06:40:00,7389.25,7391.75,7355.5,7368.0,11163
2026-06-08 07:00:00,7368.0,7386.5,7368.0,7379.75,5728
2026-06-08 07:20:00,7379.5,7387.25,7373.75,7383.5,4420
2026-06-08 07:40:00,7383.5,7404.25,7383.25,7400.5,7888
2026-06-08 08:00:00,7400.0,7411.25,7395.75,7408.75,9817
2026-06-08 08:20:00,7408.75,7423.0,7408.75,7422.5,8758
2026-06-08 08:40:00,7422.5,7422.75,7406.5,7415.25,10065
2026-06-08 09:00:00,7415.5,7419.0,7397.75,7399.75,11833
2026-06-08 09:20:00,7399.5,7405.5,7384.25,7396.25,15355
2026-06-08 09:40:00,7396.5,7409.5,7394.5,7405.75,8121
2026-06-08 10:00:00,7406.25,7410.75,7400.75,7401.0,4842
2026-06-08 10:20:00,7401.5,7413.0,7401.0,7412.0,7593
2026-06-08 10:40:00,7411.75,7419.25,7411.0,7414.5,5642
2026-06-08 11:00:00,7414.75,7418.5,7411.0,7412.0,3801
2026-06-08 11:20:00,7412.0,7419.25,7410.75,7417.0,2793
2026-06-08 11:40:00,7416.75,7418.75,7415.0,7415.5,1607
2026-06-08 12:00:00,7416.75,7418.75,7410.5,7410.75,3124
2026-06-08 12:20:00,7410.75,7413.0,7404.75,7405.5,3916
2026-06-08 12:40:00,7405.75,7408.5,7400.75,7401.25,3451
2026-06-08 13:00:00,7401.25,7408.75,7395.5,7401.25,5042
2026-06-08 13:20:00,7401.5,7404.0,7387.5,7392.75,5519
2026-06-08 13:40:00,7392.75,7393.75,7386.25,7391.5,5720
2026-06-08 14:00:00,7391.75,7400.0,7389.75,7395.25,6272
2026-06-08 14:20:00,7395.25,7409.75,7395.0,7399.0,7938
2026-06-08 14:40:00,7398.75,7402.75,7394.25,7402.5,4916
2026-06-08 15:00:00,7402.5,7415.25,7400.5,7412.75,11711
2026-06-08 15:20:00,7412.75,7423.75,7412.75,7421.75,12472
2026-06-08 15:40:00,7422.0,7429.0,7420.0,7423.25,8849
2026-06-08 16:00:00,7423.0,7423.75,7415.75,7420.25,12013
2026-06-08 16:20:00,7420.0,7421.25,7413.0,7414.5,7167
2026-06-08 16:40:00,7414.5,7417.25,7409.25,7413.75,9801
2026-06-08 17:00:00,7413.75,7418.0,7407.25,7416.5,6110
2026-06-08 17:20:00,7416.25,7431.0,7412.0,7418.75,9761
2026-06-08 17:40:00,7418.75,7427.5,7417.5,7427.25,6416
2026-06-08 18:00:00,7427.5,7427.75,7416.0,7418.5,8034
2026-06-08 18:20:00,7418.5,7435.75,7414.0,7428.5,12091
2026-06-08 18:40:00,7428.5,7431.0,7424.75,7428.25,8894
2026-06-08 19:00:00,7428.25,7452.25,7422.75,7449.0,25061
2026-06-08 19:20:00,7448.75,7457.0,7445.75,7456.0,17427
2026-06-08 19:40:00,7456.0,7457.75,7445.0,7447.0,11557
2026-06-08 20:00:00,7447.0,7456.75,7446.0,7454.25,14530
2026-06-08 20:20:00,7453.75,7463.75,7453.0,7460.0,14697
2026-06-08 20:40:00,7460.0,7467.75,7456.5,7459.25,16281
2026-06-08 21:00:00,7459.25,7465.0,7459.25,7463.75,16370
2026-06-08 21:20:00,7463.75,7471.75,7439.0,7439.25,99708
2026-06-08 21:40:00,7439.25,7460.5,7431.0,7431.5,111748
2026-06-08 22:00:00,7431.25,7448.5,7429.0,7438.75,88426
2026-06-08 22:20:00,7438.75,7459.75,7434.75,7455.5,74813
2026-06-08 22:40:00,7455.25,7473.5,7442.0,7473.25,72115
2026-06-08 23:00:00,7473.0,7476.75,7467.0,7471.25,59538
2026-06-08 23:20:00,7471.5,7474.25,7440.75,7457.5,78013
2026-06-08 23:40:00,7457.25,7466.0,7447.0,7450.0,54631
2026-06-09 00:00:00,7450.0,7459.75,7444.25,7459.5,41077
2026-06-09 00:20:00,7459.5,7462.25,7437.25,7440.0,46539
2026-06-09 00:40:00,7439.75,7452.0,7438.25,7441.5,34515
2026-06-09 01:00:00,7441.5,7442.0,7423.0,7425.75,57775
2026-06-09 01:20:00,7425.75,7446.5,7423.5,7434.25,56550
2026-06-09 01:40:00,7434.0,7439.75,7425.75,7433.75,38803
2026-06-09 02:00:00,7433.75,7445.5,7432.75,7438.25,38748
2026-06-09 02:20:00,7438.5,7447.0,7431.0,7432.0,33039
2026-06-09 02:40:00,7432.0,7438.0,7430.0,7432.0,32297
2026-06-09 03:00:00,7432.0,7434.25,7411.5,7414.75,54558
2026-06-09 03:20:00,7414.5,7424.25,7403.75,7416.0,67184
2026-06-09 03:40:00,7416.0,7422.5,7410.5,7415.75,132845
2026-06-09 04:00:00,7415.75,7419.0,7410.0,7411.0,34827
2026-06-09 04:20:00,7411.0,7413.75,7407.5,7412.0,7633
2026-06-09 04:40:00,7412.0,7413.75,7409.5,7412.25,5026
2026-06-09 06:00:00,7412.75,7416.75,7390.75,7395.25,5849
2026-06-09 06:20:00,7416.0,7416.0,7395.0,7402.75,4093
2026-06-09 06:40:00,7403.0,7412.75,7401.75,7411.75,2923
2026-06-09 07:00:00,7411.75,7416.5,7408.75,7412.25,2650
2026-06-09 07:20:00,7412.0,7418.0,7410.25,7418.0,2552
2026-06-09 07:40:00,7418.0,7419.25,7403.25,7410.5,4507
2026-06-09 08:00:00,7410.0,7411.75,7394.25,7396.25,8696
2026-06-09 08:20:00,7396.0,7401.0,7391.0,7392.5,6428
2026-06-09 08:40:00,7392.25,7398.0,7390.25,7395.25,4439
2026-06-09 09:00:00,7395.5,7403.75,7393.25,7402.5,4229
2026-06-09 09:20:00,7402.5,7419.0,7402.25,7418.5,6363
2026-06-09 09:40:00,7418.5,7428.0,7416.5,7419.75,5844
2026-06-09 10:00:00,7419.75,7424.75,7419.0,7419.75,2993
2026-06-09 10:20:00,7419.5,7423.5,7415.5,7420.0,3303
2026-06-09 10:40:00,7420.0,7425.25,7419.75,7423.5,1937
2026-06-09 11:00:00,7423.25,7429.0,7421.25,7426.5,3265
2026-06-09 11:20:00,7426.5,7430.25,7422.25,7429.75,2899
2026-06-09 11:40:00,7429.75,7433.0,7428.75,7429.75,2485
2026-06-09 12:00:00,7431.25,7435.25,7430.75,7434.75,2321
2026-06-09 12:20:00,7434.5,7437.25,7431.75,7437.0,2120
2026-06-09 12:40:00,7437.0,7437.25,7433.25,7434.0,1535
2026-06-09 13:00:00,7434.25,7437.5,7433.0,7434.0,1814
2026-06-09 13:20:00,7433.75,7440.0,7432.25,7437.0,3231
2026-06-09 13:40:00,7437.0,7440.75,7434.5,7436.5,2269
2026-06-09 14:00:00,7436.75,7441.75,7435.0,7439.5,3718
2026-06-09 14:20:00,7439.5,7442.0,7433.5,7436.25,2769
2026-06-09 14:40:00,7436.25,7437.75,7430.0,7433.5,2634
2026-06-09 15:00:00,7433.25,7446.75,7431.5,7437.5,7125
2026-06-09 15:20:00,7437.5,7440.5,7430.75,7433.5,5517
2026-06-09 15:40:00,7433.5,7439.0,7430.75,7432.5,3656
2026-06-09 16:00:00,7432.75,7445.5,7428.0,7442.25,8283
2026-06-09 16:20:00,7442.25,7448.5,7439.75,7447.5,5644
2026-06-09 16:40:00,7447.5,7449.0,7440.5,7442.0,3939
2026-06-09 17:00:00,7442.0,7448.75,7441.25,7448.0,3400
2026-06-09 17:20:00,7447.75,7450.75,7444.5,7448.5,3934
2026-06-09 17:40:00,7448.5,7451.0,7447.5,7448.75,2541
2026-06-09 18:00:00,7448.75,7451.75,7434.5,7445.25,11407
2026-06-09 18:20:00,7445.25,7449.75,7445.0,7446.0,2006
2026-06-09 18:40:00,7446.0,7456.0,7445.25,7451.25,6310
2026-06-09 19:00:00,7451.5,7454.75,7447.0,7449.5,5128
2026-06-09 19:20:00,7449.25,7449.75,7444.75,7446.5,4287
2026-06-09 19:40:00,7446.25,7451.5,7443.0,7443.5,6468
2026-06-09 20:00:00,7443.5,7448.0,7442.0,7444.0,7039
2026-06-09 20:20:00,7444.0,7455.75,7441.5,7451.25,12018
2026-06-09 20:40:00,7451.25,7456.75,7446.25,7456.25,9211
2026-06-09 21:00:00,7456.25,7459.75,7449.0,7450.75,17393
2026-06-09 21:20:00,7450.75,7470.75,7450.5,7466.0,69925
2026-06-09 21:40:00,7466.0,7491.0,7463.25,7465.5,121835
2026-06-09 22:00:00,7465.25,7472.25,7415.5,7422.5,146483
2026-06-09 22:20:00,7422.75,7443.25,7415.25,7430.75,118807
2026-06-09 22:40:00,7430.75,7434.0,7367.5,7399.0,154838
2026-06-09 23:00:00,7399.0,7405.75,7383.25,7383.75,83087
2026-06-09 23:20:00,7383.75,7388.5,7326.0,7336.25,156460
2026-06-09 23:40:00,7336.0,7349.0,7311.0,7312.25,114414
2026-06-10 00:00:00,7312.25,7327.25,7278.75,7281.0,149014
2026-06-10 00:20:00,7280.75,7307.5,7250.5,7255.0,157170
2026-06-10 00:40:00,7255.25,7288.25,7247.25,7287.5,121149
2026-06-10 01:00:00,7287.25,7321.75,7285.25,7320.5,82655
2026-06-10 01:20:00,7320.5,7347.25,7316.75,7342.5,70044
2026-06-10 01:40:00,7342.5,7361.5,7331.0,7347.5,78015
2026-06-10 02:00:00,7347.75,7367.0,7342.5,7366.25,50786
2026-06-10 02:20:00,7366.0,7384.75,7358.5,7381.75,54728
2026-06-10 02:40:00,7381.5,7393.5,7364.75,7389.5,61348
2026-06-10 03:00:00,7389.25,7398.75,7356.5,7358.5,70990
2026-06-10 03:20:00,7358.5,7372.0,7353.75,7357.5,65353
2026-06-10 03:40:00,7357.75,7395.5,7347.25,7391.75,186728
2026-06-10 04:00:00,7391.75,7399.0,7383.25,7383.25,55795
2026-06-10 04:20:00,7383.25,7391.5,7382.5,7390.0,7415
2026-06-10 04:40:00,7390.0,7393.75,7385.75,7390.0,6760
2026-06-10 06:00:00,7380.0,7387.75,7374.25,7382.75,4290
2026-06-10 06:20:00,7382.5,7383.0,7366.75,7371.5,4044
2026-06-10 06:40:00,7371.5,7373.25,7363.5,7370.25,4121
2026-06-10 07:00:00,7370.5,7379.5,7367.25,7369.0,4413
2026-06-10 07:20:00,7369.0,7371.0,7365.0,7369.0,2611
2026-06-10 07:40:00,7369.25,7380.0,7367.0,7378.75,3160
2026-06-10 08:00:00,7378.75,7393.0,7377.0,7382.0,8918
2026-06-10 08:20:00,7382.0,7385.0,7367.75,7373.0,5624
2026-06-10 08:40:00,7372.25,7384.75,7364.0,7381.5,6538
2026-06-10 09:00:00,7381.75,7390.0,7378.25,7388.25,4773
2026-06-10 09:20:00,7388.25,7389.0,7377.25,7385.5,4395
2026-06-10 09:40:00,7385.75,7386.25,7376.5,7380.0,3570
2026-06-10 10:00:00,7380.25,7381.25,7371.75,7375.5,3624
2026-06-10 10:20:00,7375.5,7381.25,7372.75,7374.0,3146
2026-06-10 10:40:00,7373.75,7381.25,7369.5,7371.25,3483
2026-06-10 11:00:00,7371.0,7381.25,7370.25,7377.0,2722
2026-06-10 11:20:00,7377.0,7378.5,7371.5,7372.5,1948
2026-06-10 11:40:00,7372.5,7374.25,7369.75,7372.75,1719
2026-06-10 12:00:00,7367.0,7369.5,7363.5,7368.75,3242
2026-06-10 12:20:00,7368.75,7370.75,7358.75,7360.5,4191
2026-06-10 12:40:00,7360.75,7365.0,7356.0,7358.0,3968
2026-06-10 13:00:00,7358.0,7365.25,7354.0,7354.25,3674
2026-06-10 13:20:00,7354.0,7368.0,7353.75,7365.5,4486
2026-06-10 13:40:00,7365.75,7370.5,7359.5,7368.25,3120
2026-06-10 14:00:00,7368.5,7375.5,7367.5,7374.5,4096
2026-06-10 14:20:00,7374.25,7376.0,7366.75,7372.5,4685
2026-06-10 14:40:00,7372.75,7373.0,7366.5,7368.5,2647
2026-06-10 15:00:00,7368.5,7373.5,7364.5,7367.0,4826
2026-06-10 15:20:00,7367.0,7370.75,7362.5,7365.25,3910
2026-06-10 15:40:00,7365.5,7368.25,7361.75,7367.5,3499
2026-06-10 16:00:00,7367.5,7367.75,7352.75,7353.75,9030
2026-06-10 16:20:00,7353.75,7358.25,7350.75,7353.25,8660
2026-06-10 16:40:00,7352.75,7353.25,7332.5,7336.25,11055
2026-06-10 17:00:00,7336.5,7339.75,7319.0,7325.25,13225
2026-06-10 17:20:00,7325.25,7342.75,7321.0,7337.5,7872
2026-06-10 17:40:00,7337.5,7339.5,7328.5,7337.5,7420
2026-06-10 18:00:00,7337.75,7338.0,7326.25,7327.75,5584
2026-06-10 18:20:00,7327.5,7341.75,7324.5,7339.25,6636
2026-06-10 18:40:00,7339.5,7346.75,7334.75,7343.75,8321
2026-06-10 19:00:00,7344.25,7346.5,7307.0,7322.25,29111
2026-06-10 19:20:00,7322.0,7334.0,7305.5,7307.0,22874
2026-06-10 19:40:00,7307.0,7326.5,7307.0,7322.25,11119
2026-06-10 20:00:00,7322.25,7335.0,7319.25,7324.0,14863
2026-06-10 20:20:00,7324.0,7367.0,7318.75,7353.5,45010
2026-06-10 20:40:00,7353.5,7366.75,7350.0,7350.25,25115
2026-06-10 21:00:00,7350.5,7356.0,7345.0,7354.25,19321
2026-06-10 21:20:00,7354.25,7373.0,7335.25,7366.5,77183
2026-06-10 21:40:00,7366.5,7390.5,7353.0,7378.0,105618
2026-06-10 22:00:00,7378.0,7396.75,7370.75,7385.75,79362
2026-06-10 22:20:00,7385.75,7404.75,7378.25,7386.0,69408
2026-06-10 22:40:00,7385.75,7393.25,7343.0,7349.25,87111
2026-06-10 23:00:00,7349.0,7364.75,7315.5,7322.25,99056
2026-06-10 23:20:00,7322.25,7346.25,7320.75,7328.5,71644
2026-06-10 23:40:00,7328.25,7348.5,7305.0,7340.25,100920
2026-06-11 00:00:00,7340.25,7346.0,7319.5,7326.0,47487
2026-06-11 00:20:00,7325.75,7344.0,7319.5,7340.25,40252
2026-06-11 00:40:00,7340.25,7343.5,7314.5,7324.0,42878
2026-06-11 01:00:00,7324.0,7334.5,7307.25,7310.25,39245
2026-06-11 01:20:00,7310.0,7318.75,7301.25,7302.25,33497
2026-06-11 01:40:00,7302.25,7328.75,7299.0,7327.25,58708
2026-06-11 02:00:00,7327.25,7338.5,7315.0,7318.0,38161
2026-06-11 02:20:00,7318.25,7325.25,7302.0,7306.0,36824
2026-06-11 02:40:00,7306.0,7309.25,7290.5,7295.25,47352
2026-06-11 03:00:00,7295.0,7302.25,7284.0,7286.25,48915
2026-06-11 03:20:00,7286.0,7298.0,7276.0,7296.25,65117
2026-06-11 03:40:00,7296.25,7300.75,7275.25,7276.0,140325
2026-06-11 04:00:00,7276.0,7278.75,7261.5,7271.75,60085
2026-06-11 04:20:00,7272.0,7275.75,7264.5,7268.75,13330
2026-06-11 04:40:00,7268.75,7270.0,7256.0,7267.0,13231
2026-06-11 06:00:00,7259.25,7266.0,7247.0,7257.25,5378
2026-06-11 06:20:00,7256.75,7265.5,7253.25,7265.25,4207
2026-06-11 06:40:00,7265.25,7266.75,7243.0,7244.0,8476
2026-06-11 07:00:00,7244.0,7252.5,7232.25,7247.5,11431
2026-06-11 07:20:00,7247.75,7259.0,7240.5,7255.0,11413
2026-06-11 07:40:00,7255.25,7263.25,7247.25,7249.5,5073
2026-06-11 08:00:00,7250.0,7283.0,7245.75,7274.75,11486
2026-06-11 08:20:00,7274.5,7278.0,7257.75,7263.5,10388
2026-06-11 08:40:00,7263.75,7279.75,7262.25,7277.0,7387
2026-06-11 09:00:00,7277.25,7304.25,7277.0,7303.25,12707
2026-06-11 09:20:00,7303.75,7306.0,7296.0,7301.75,7401
2026-06-11 09:40:00,7301.75,7303.25,7285.5,7287.5,5896
2026-06-11 10:00:00,7287.75,7297.0,7285.5,7287.0,5183
2026-06-11 10:20:00,7287.0,7288.0,7272.75,7280.25,6662
2026-06-11 10:40:00,7279.75,7291.25,7278.25,7289.25,4176
2026-06-11 11:00:00,7289.5,7294.5,7282.0,7283.0,4513
2026-06-11 11:20:00,7283.25,7296.75,7281.0,7296.75,3609
2026-06-11 11:40:00,7296.5,7305.75,7296.0,7304.5,4094
2026-06-11 12:00:00,7303.5,7305.0,7300.5,7303.75,3504
2026-06-11 12:20:00,7303.75,7312.25,7302.25,7312.0,3983
2026-06-11 12:40:00,7311.75,7317.5,7310.25,7312.75,3897
2026-06-11 13:00:00,7313.0,7313.75,7304.0,7305.75,3323
2026-06-11 13:20:00,7305.5,7308.25,7302.75,7306.25,2599
2026-06-11 13:40:00,7306.25,7310.5,7305.75,7308.5,3143
2026-06-11 14:00:00,7308.25,7310.0,7294.75,7306.0,8781
2026-06-11 14:20:00,7306.25,7311.5,7303.75,7310.25,5413
2026-06-11 14:40:00,7310.5,7316.0,7308.75,7315.5,4797
2026-06-11 15:00:00,7315.5,7325.0,7312.25,7322.75,10546
2026-06-11 15:20:00,7322.75,7331.25,7322.5,7328.25,10070
2026-06-11 15:40:00,7328.25,7330.75,7324.25,7327.25,5788
2026-06-11 16:00:00,7327.0,7337.25,7326.5,7333.5,9646
2026-06-11 16:20:00,7333.25,7337.25,7330.0,7336.0,6952
2026-06-11 16:40:00,7336.25,7337.5,7333.0,7336.5,5634
2026-06-11 17:00:00,7336.5,7337.75,7331.75,7335.0,6546
2026-06-11 17:20:00,7335.0,7335.5,7331.75,7334.5,4473
2026-06-11 17:40:00,7334.5,7338.75,7333.5,7333.75,4328
2026-06-11 18:00:00,7333.5,7337.75,7329.75,7331.0,5435
2026-06-11 18:20:00,7331.0,7334.25,7328.25,7332.0,5595
2026-06-11 18:40:00,7332.0,7334.25,7328.25,7329.0,4510
2026-06-11 19:00:00,7328.75,7329.25,7317.5,7322.0,9165
2026-06-11 19:20:00,7322.25,7332.75,7317.5,7327.75,11546
2026-06-11 19:40:00,7328.0,7334.0,7325.0,7332.25,6940
2026-06-11 20:00:00,7332.0,7334.0,7326.0,7326.5,7582
2026-06-11 20:20:00,7326.25,7327.25,7288.25,7301.5,47176
2026-06-11 20:40:00,7301.5,7319.5,7296.25,7316.5,27644
2026-06-11 21:00:00,7316.25,7316.75,7304.25,7307.25,17485
2026-06-11 21:20:00,7307.5,7311.75,7287.75,7292.5,91321
2026-06-11 21:40:00,7292.5,7335.5,7283.0,7317.0,133465
2026-06-11 22:00:00,7317.25,7335.75,7289.0,7290.5,114035
2026-06-11 22:20:00,7290.25,7320.25,7289.0,7311.0,109272
2026-06-11 22:40:00,7311.0,7318.5,7270.25,7275.5,72837
2026-06-11 23:00:00,7275.5,7303.5,7263.0,7292.75,86882
2026-06-11 23:20:00,7292.75,7309.0,7286.5,7304.25,56636
2026-06-11 23:40:00,7304.25,7314.25,7287.5,7300.25,55422
2026-06-12 00:00:00,7300.25,7323.0,7295.0,7317.0,51426
2026-06-12 00:20:00,7317.25,7319.75,7293.5,7306.75,64712
2026-06-12 00:40:00,7307.0,7308.75,7284.5,7284.75,39295
2026-06-12 01:00:00,7285.0,7292.25,7273.5,7276.25,61813
2026-06-12 01:20:00,7276.25,7371.5,7271.75,7363.0,143799
2026-06-12 01:40:00,7362.75,7386.5,7354.0,7369.25,94279
2026-06-12 02:00:00,7369.25,7377.75,7344.75,7375.5,69301
2026-06-12 02:20:00,7375.5,7375.5,7358.0,7363.0,52537
2026-06-12 02:40:00,7363.0,7383.25,7360.5,7377.5,48019
2026-06-12 03:00:00,7377.75,7394.5,7373.0,7394.0,68195
2026-06-12 03:20:00,7393.75,7420.0,7391.0,7409.0,91611
2026-06-12 03:40:00,7409.0,7418.25,7392.5,7394.5,191103
2026-06-12 04:00:00,7394.5,7409.5,7390.25,7404.0,57904
2026-06-12 04:20:00,7404.25,7407.25,7395.5,7395.5,11688
2026-06-12 04:40:00,7395.25,7399.0,7392.0,7398.25,8336
2026-06-12 06:00:00,7397.5,7416.25,7396.75,7410.75,4709
2026-06-12 06:20:00,7410.5,7414.0,7408.0,7408.75,3596
2026-06-12 06:40:00,7408.5,7415.25,7408.25,7411.5,3060
2026-06-12 07:00:00,7411.75,7412.75,7406.5,7410.5,2760
2026-06-12 07:20:00,7410.5,7411.75,7402.75,7410.25,2213
2026-06-12 07:40:00,7410.5,7417.0,7410.5,7415.0,2622
2026-06-12 08:00:00,7415.0,7416.75,7406.5,7411.0,4505
2026-06-12 08:20:00,7411.0,7421.25,7410.0,7416.25,3979
2026-06-12 08:40:00,7416.25,7418.0,7408.75,7412.75,2369
2026-06-12 09:00:00,7412.5,7412.75,7403.75,7404.75,3504
2026-06-12 09:20:00,7404.75,7405.0,7396.75,7399.75,4460
2026-06-12 09:40:00,7399.75,7411.25,7397.25,7410.25,2693
2026-06-12 10:00:00,7410.25,7415.25,7409.25,7411.25,2780
2026-06-12 10:20:00,7411.0,7412.75,7404.75,7409.75,2211
2026-06-12 10:40:00,7409.75,7414.0,7408.75,7411.5,1818
2026-06-12 11:00:00,7411.5,7411.75,7402.75,7403.0,2361
2026-06-12 11:20:00,7402.75,7407.5,7399.5,7406.75,2340
2026-06-12 11:40:00,7406.75,7409.5,7402.25,7406.75,1742
2026-06-12 12:00:00,7401.75,7405.5,7400.5,7401.75,1575
2026-06-12 12:20:00,7401.75,7410.0,7400.25,7408.0,1843
2026-06-12 12:40:00,7408.0,7411.5,7407.25,7410.75,1309
2026-06-12 13:00:00,7410.75,7412.75,7404.25,7410.5,2210
2026-06-12 13:20:00,7410.25,7411.75,7398.25,7400.75,2443
2026-06-12 13:40:00,7401.0,7407.0,7387.5,7393.0,5782
2026-06-12 14:00:00,7393.25,7403.75,7391.5,7398.0,5580
2026-06-12 14:20:00,7397.75,7399.75,7391.0,7391.25,3050
2026-06-12 14:40:00,7391.25,7391.75,7384.5,7388.0,5015
2026-06-12 15:00:00,7388.0,7389.75,7374.75,7379.5,8357
2026-06-12 15:20:00,7379.5,7388.0,7377.75,7387.0,8244
2026-06-12 15:40:00,7387.25,7408.5,7386.0,7400.75,10653
2026-06-12 16:00:00,7401.0,7425.25,7399.25,7422.75,13824
2026-06-12 16:20:00,7422.75,7428.25,7412.25,7412.25,11877
2026-06-12 16:40:00,7412.0,7420.0,7408.0,7415.0,6336
2026-06-12 17:00:00,7415.0,7433.25,7415.0,7431.75,7575
2026-06-12 17:20:00,7431.75,7451.25,7428.25,7445.25,12267
2026-06-12 17:40:00,7445.25,7447.5,7438.25,7439.25,8521
2026-06-12 18:00:00,7439.25,7444.75,7430.5,7433.25,11602
2026-06-12 18:20:00,7433.75,7433.75,7419.25,7423.25,12225
2026-06-12 18:40:00,7423.25,7428.0,7420.75,7424.75,6718
2026-06-12 19:00:00,7425.0,7433.0,7422.5,7432.5,10574
2026-06-12 19:20:00,7432.25,7440.75,7431.75,7434.5,10323
2026-06-12 19:40:00,7434.25,7448.0,7434.25,7443.0,10055
2026-06-12 20:00:00,7443.0,7444.5,7430.5,7433.75,9630
2026-06-12 20:20:00,7433.75,7434.25,7415.75,7416.5,14257
2026-06-12 20:40:00,7416.5,7421.25,7402.0,7404.5,20387
2026-06-12 21:00:00,7404.5,7417.25,7397.0,7416.5,19508
2026-06-12 21:20:00,7416.75,7424.75,7395.75,7408.5,90440
2026-06-12 21:40:00,7408.5,7409.5,7366.5,7383.0,129119
2026-06-12 22:00:00,7383.25,7427.75,7380.25,7420.0,120985
2026-06-12 22:20:00,7420.0,7428.75,7405.5,7421.0,83023
2026-06-12 22:40:00,7421.0,7443.5,7388.5,7440.5,131112
2026-06-12 23:00:00,7440.75,7453.75,7433.0,7453.5,70854
2026-06-12 23:20:00,7453.5,7461.75,7430.25,7436.5,89434
2026-06-12 23:40:00,7436.75,7437.75,7401.25,7405.75,84782
2026-06-13 00:00:00,7405.75,7439.5,7398.25,7423.25,86584
2026-06-13 00:20:00,7423.0,7429.0,7416.75,7424.25,37744
2026-06-13 00:40:00,7424.0,7433.25,7420.0,7432.25,40211
2026-06-13 01:00:00,7432.25,7447.0,7429.0,7442.25,42691
2026-06-13 01:20:00,7442.25,7444.75,7430.5,7434.5,34523
2026-06-13 01:40:00,7434.25,7438.75,7426.25,7430.5,33939
2026-06-13 02:00:00,7430.5,7438.0,7422.0,7424.0,41081
2026-06-13 02:20:00,7424.0,7436.25,7421.75,7435.5,34695
2026-06-13 02:40:00,7435.5,7441.25,7427.25,7428.0,38662
2026-06-13 03:00:00,7428.0,7439.75,7427.25,7434.25,40855
2026-06-13 03:20:00,7434.25,7437.75,7418.75,7424.0,52945
2026-06-13 03:40:00,7424.25,7437.5,7421.75,7433.75,118643
2026-06-13 04:00:00,7433.5,7444.5,7433.0,7444.25,45104
2026-06-13 04:20:00,7444.0,7444.75,7438.25,7440.0,6546
2026-06-13 04:40:00,7440.0,7443.5,7435.0,7435.0,5372
2026-06-15 06:00:00,7500.25,7502.0,7494.75,7501.25,2216
2026-06-15 06:20:00,7501.25,7504.5,7491.0,7492.75,4656
2026-06-15 06:40:00,7493.0,7499.0,7490.75,7494.75,2296
2026-06-15 07:00:00,7494.75,7498.5,7486.0,7487.0,3374
2026-06-15 07:20:00,7486.75,7496.75,7484.75,7496.25,1536
2026-06-15 07:40:00,7496.0,7498.0,7489.75,7496.5,2257
2026-06-15 08:00:00,7496.5,7514.0,7494.0,7508.5,6404
2026-06-15 08:20:00,7508.25,7510.0,7504.75,7507.25,3521
2026-06-15 08:40:00,7507.25,7509.0,7504.0,7507.25,2626
2026-06-15 09:00:00,7507.25,7511.5,7505.5,7508.75,2246
2026-06-15 09:20:00,7508.25,7514.5,7507.75,7512.25,2117
2026-06-15 09:40:00,7512.5,7514.5,7510.0,7512.25,2450
2026-06-15 10:00:00,7512.0,7515.75,7511.75,7515.25,2087
2026-06-15 10:20:00,7515.25,7518.75,7515.0,7518.5,1970
2026-06-15 10:40:00,7518.25,7520.0,7516.75,7519.0,1903
2026-06-15 11:00:00,7519.0,7523.0,7515.5,7521.0,2238
2026-06-15 11:20:00,7520.75,7523.5,7520.0,7521.25,2066
2026-06-15 11:40:00,7521.25,7522.0,7517.75,7519.5,1380
2026-06-15 12:00:00,7519.5,7521.0,7517.0,7520.75,1304
2026-06-15 12:20:00,7520.75,7524.75,7520.25,7524.0,1862
2026-06-15 12:40:00,7524.0,7527.25,7522.25,7526.75,1722
2026-06-15 13:00:00,7526.5,7529.75,7526.0,7529.5,1592
2026-06-15 13:20:00,7529.5,7530.25,7526.0,7530.0,3541
2026-06-15 13:40:00,7530.0,7531.25,7527.5,7531.25,2275
2026-06-15 14:00:00,7531.25,7533.25,7525.75,7527.25,3079
2026-06-15 14:20:00,7527.25,7532.25,7523.0,7525.0,3712
2026-06-15 14:40:00,7524.75,7528.25,7523.25,7526.0,3264
2026-06-15 15:00:00,7526.0,7532.0,7521.25,7530.25,6747
2026-06-15 15:20:00,7530.25,7531.25,7525.75,7528.75,6747
2026-06-15 15:40:00,7528.5,7529.75,7522.25,7522.5,7525
2026-06-15 16:00:00,7522.25,7530.0,7522.0,7523.75,7532
2026-06-15 16:20:00,7523.75,7530.0,7523.25,7529.5,11581
2026-06-15 16:40:00,7529.5,7532.25,7525.75,7527.75,8489
2026-06-15 17:00:00,7527.75,7531.5,7524.75,7525.25,8465
2026-06-15 17:20:00,7525.25,7587.25,7521.0,7585.75,11391
2026-06-15 17:40:00,7586.0,7588.75,7583.0,7587.5,6459
2026-06-15 18:00:00,7587.5,7591.5,7587.0,7588.75,8027
2026-06-15 18:20:00,7589.0,7591.5,7587.25,7587.75,6346
2026-06-15 18:40:00,7587.75,7592.75,7587.5,7592.0,6524
2026-06-15 19:00:00,7592.25,7599.25,7591.25,7598.25,12060
2026-06-15 19:20:00,7598.0,7602.25,7592.5,7595.5,10922
2026-06-15 19:40:00,7595.5,7600.25,7591.5,7595.5,13225
2026-06-15 20:00:00,7595.75,7599.0,7590.0,7591.5,12033
2026-06-15 20:20:00,7591.75,7593.0,7587.75,7591.0,25836
2026-06-15 20:40:00,7591.0,7595.5,7587.5,7594.5,23911
2026-06-15 21:00:00,7594.75,7598.75,7592.0,7597.75,22083
2026-06-15 21:20:00,7598.0,7616.0,7596.25,7612.0,99752
2026-06-15 21:40:00,7612.0,7622.5,7606.75,7614.25,115578
2026-06-15 22:00:00,7614.25,7621.0,7605.5,7613.75,113469
2026-06-15 22:20:00,7613.75,7618.25,7607.25,7614.5,99560
2026-06-15 22:40:00,7614.5,7625.0,7611.5,7623.0,88607
2026-06-15 23:00:00,7623.25,7629.5,7623.0,7627.5,88703
2026-06-15 23:20:00,7627.5,7636.0,7627.0,7634.0,96242
2026-06-15 23:40:00,7633.75,7644.5,7633.0,7643.25,62816
2026-06-16 00:00:00,7643.25,7648.75,7641.0,7643.25,70930
2026-06-16 00:20:00,7643.25,7648.25,7639.75,7641.0,56475
2026-06-16 00:40:00,7641.0,7644.25,7636.75,7640.5,67430
2026-06-16 01:00:00,7640.25,7644.0,7632.5,7641.75,61246
2026-06-16 01:20:00,7641.75,7646.5,7639.0,7642.25,62631
2026-06-16 01:40:00,7642.25,7642.5,7632.0,7633.5,47511
2026-06-16 02:00:00,7633.75,7635.5,7628.0,7632.75,63250
2026-06-16 02:20:00,7632.5,7634.5,7625.75,7633.75,53449
2026-06-16 02:40:00,7634.0,7636.25,7630.5,7631.5,38756
2026-06-16 03:00:00,7631.75,7634.5,7628.5,7631.5,48167
2026-06-16 03:20:00,7631.5,7631.75,7622.75,7624.75,56676
2026-06-16 03:40:00,7624.75,7631.25,7616.5,7630.0,246153
2026-06-16 04:00:00,7630.25,7631.75,7625.75,7628.0,55746
2026-06-16 04:20:00,7627.75,7628.25,7624.25,7627.5,7054
2026-06-16 04:40:00,7627.5,7629.0,7624.0,7624.25,7215
2026-06-16 06:00:00,7626.5,7630.25,7617.0,7617.0,4200
2026-06-16 06:20:00,7617.25,7619.5,7612.0,7615.5,5686
2026-06-16 06:40:00,7615.75,7619.5,7615.25,7617.5,1991
2026-06-16 07:00:00,7617.25,7618.5,7614.5,7614.75,1484
2026-06-16 07:20:00,7615.0,7622.0,7615.0,7618.0,2152
2026-06-16 07:40:00,7618.0,7621.5,7616.75,7620.5,1752
2026-06-16 08:00:00,7620.25,7623.75,7615.5,7621.5,2917
2026-06-16 08:20:00,7621.75,7625.0,7616.75,7618.25,3145
2026-06-16 08:40:00,7618.25,7622.0,7612.75,7615.5,3271
2026-06-16 09:00:00,7615.25,7618.75,7613.5,7615.5,2854
2026-06-16 09:20:00,7615.5,7618.5,7614.75,7617.25,2113
2026-06-16 09:40:00,7617.25,7618.75,7614.0,7616.25,2194
2026-06-16 10:00:00,7616.25,7618.25,7613.75,7616.75,2119
2026-06-16 10:20:00,7616.75,7621.0,7616.25,7619.5,1835
2026-06-16 10:40:00,7619.25,7620.25,7615.75,7617.5,1498
2026-06-16 11:00:00,7617.75,7620.5,7617.0,7620.25,1600
2026-06-16 11:20:00,7620.0,7627.5,7619.5,7626.75,3033
2026-06-16 11:40:00,7626.5,7627.5,7621.0,7622.25,1882
2026-06-16 12:00:00,7621.5,7622.5,7619.25,7619.75,1285
2026-06-16 12:20:00,7619.75,7622.0,7619.25,7621.25,1100
2026-06-16 12:40:00,7621.5,7622.0,7615.0,7618.25,2130
2026-06-16 13:00:00,7618.5,7625.25,7618.5,7624.75,1559
2026-06-16 13:20:00,7624.5,7624.75,7616.0,7617.75,2341
2026-06-16 13:40:00,7617.75,7620.5,7617.0,7618.25,1552
2026-06-16 14:00:00,7618.0,7624.0,7617.0,7621.0,2239
2026-06-16 14:20:00,7621.0,7624.0,7619.75,7622.0,1910
2026-06-16 14:40:00,7622.0,7623.0,7619.75,7622.25,1786
2026-06-16 15:00:00,7622.25,7626.25,7622.0,7625.5,5253
2026-06-16 15:20:00,7625.25,7627.75,7623.75,7627.25,3771
2026-06-16 15:40:00,7627.25,7627.75,7620.25,7624.5,5894
2026-06-16 16:00:00,7624.5,7630.25,7622.75,7626.5,9091
2026-06-16 16:20:00,7626.5,7627.5,7620.75,7621.5,8021
2026-06-16 16:40:00,7621.5,7628.75,7620.75,7626.5,8146
2026-06-16 17:00:00,7626.5,7628.75,7622.0,7622.25,8161
2026-06-16 17:20:00,7622.25,7625.0,7622.25,7623.5,7531
2026-06-16 17:40:00,7623.0,7623.25,7618.75,7620.25,7619
2026-06-16 18:00:00,7620.5,7625.75,7620.5,7623.75,7061
2026-06-16 18:20:00,7624.0,7628.25,7622.75,7628.0,5314
2026-06-16 18:40:00,7628.0,7631.0,7626.25,7630.75,5995
2026-06-16 19:00:00,7630.5,7633.5,7628.5,7633.25,16145
2026-06-16 19:20:00,7633.25,7634.25,7629.0,7631.5,8897
2026-06-16 19:40:00,7631.5,7634.5,7630.5,7631.25,8727
2026-06-16 20:00:00,7631.25,7634.75,7628.0,7629.0,13732
2026-06-16 20:20:00,7629.0,7629.0,7622.0,7625.25,20774
2026-06-16 20:40:00,7625.25,7628.75,7622.25,7625.25,13996
2026-06-16 21:00:00,7625.0,7627.25,7620.5,7626.25,19637
2026-06-16 21:20:00,7626.5,7636.75,7624.25,7629.75,79654
2026-06-16 21:40:00,7630.0,7636.25,7621.75,7622.75,100285
2026-06-16 22:00:00,7622.75,7634.0,7620.25,7621.75,95990
2026-06-16 22:20:00,7621.75,7625.25,7604.0,7617.75,121228
2026-06-16 22:40:00,7617.5,7621.5,7606.5,7611.0,91101
2026-06-16 23:00:00,7611.0,7619.25,7610.25,7611.75,70372
2026-06-16 23:20:00,7612.0,7616.25,7604.5,7610.0,86568
2026-06-16 23:40:00,7610.25,7616.75,7599.0,7610.0,94676
2026-06-17 00:00:00,7609.75,7622.25,7609.5,7618.75,62421
2026-06-17 00:20:00,7619.0,7621.75,7606.75,7610.25,51881
2026-06-17 00:40:00,7610.25,7615.0,7606.0,7610.5,51830
2026-06-17 01:00:00,7610.25,7611.5,7604.25,7604.5,41227
2026-06-17 01:20:00,7604.75,7608.25,7598.75,7600.75,42411
2026-06-17 01:40:00,7601.0,7611.5,7599.0,7605.75,48824
2026-06-17 02:00:00,7605.5,7607.5,7601.75,7603.5,47583
2026-06-17 02:20:00,7603.5,7607.5,7601.5,7604.75,35876
2026-06-17 02:40:00,7604.75,7606.75,7600.5,7602.0,27560
2026-06-17 03:00:00,7602.0,7603.0,7584.75,7594.0,58210
2026-06-17 03:20:00,7594.0,7600.0,7588.0,7588.75,54273
2026-06-17 03:40:00,7588.5,7597.75,7583.0,7588.0,157068
2026-06-17 04:00:00,7588.0,7589.0,7578.0,7579.5,51343
2026-06-17 04:20:00,7579.5,7584.75,7579.0,7584.0,7952
2026-06-17 04:40:00,7584.0,7585.75,7581.25,7583.0,6711
2026-06-17 06:00:00,7581.25,7593.25,7581.25,7591.75,1840
2026-06-17 06:20:00,7592.0,7596.75,7590.25,7595.25,2332
2026-06-17 06:40:00,7595.25,7597.5,7590.75,7596.5,1791
2026-06-17 07:00:00,7596.5,7596.75,7590.5,7593.25,1523
2026-06-17 07:20:00,7593.0,7594.75,7590.75,7591.75,1265
2026-06-17 07:40:00,7591.75,7594.5,7589.25,7591.75,1882
2026-06-17 08:00:00,7592.0,7599.5,7592.0,7596.25,3843
2026-06-17 08:20:00,7596.25,7600.5,7594.25,7598.75,1944
2026-06-17 08:40:00,7598.75,7600.0,7595.25,7597.0,1514
2026-06-17 09:00:00,7597.0,7602.75,7595.25,7602.5,2997
2026-06-17 09:20:00,7602.25,7604.25,7601.5,7604.0,2174
2026-06-17 09:40:00,7604.0,7605.5,7602.0,7605.5,2454
2026-06-17 10:00:00,7605.25,7605.5,7603.25,7604.0,2465
2026-06-17 10:20:00,7604.25,7605.75,7601.5,7601.75,1859
2026-06-17 10:40:00,7601.75,7603.5,7601.25,7602.5,1036
2026-06-17 11:00:00,7602.5,7605.25,7599.5,7600.5,1512
2026-06-17 11:20:00,7600.5,7602.5,7598.75,7602.25,1077
2026-06-17 11:40:00,7602.25,7606.25,7602.0,7606.0,1464
2026-06-17 12:00:00,7605.25,7606.25,7604.5,7606.25,1097
2026-06-17 12:20:00,7606.25,7606.5,7602.75,7602.75,1090
2026-06-17 12:40:00,7602.75,7606.25,7601.0,7606.0,1620
2026-06-17 13:00:00,7606.0,7607.5,7605.0,7606.0,2056
2026-06-17 13:20:00,7606.0,7608.0,7603.75,7607.75,2267
2026-06-17 13:40:00,7607.75,7607.75,7603.0,7604.0,1611
2026-06-17 14:00:00,7603.75,7607.25,7603.0,7605.0,2223
2026-06-17 14:20:00,7604.75,7607.0,7601.25,7607.0,3921
2026-06-17 14:40:00,7607.25,7609.25,7606.5,7609.0,2414
2026-06-17 15:00:00,7608.75,7612.5,7607.0,7607.5,6198
2026-06-17 15:20:00,7607.75,7608.0,7603.25,7607.0,3792
2026-06-17 15:40:00,7607.0,7608.25,7604.25,7605.75,3628
2026-06-17 16:00:00,7605.75,7608.25,7597.75,7599.0,6044
2026-06-17 16:20:00,7598.75,7602.25,7593.5,7593.75,5440
2026-06-17 16:40:00,7594.0,7600.0,7591.75,7599.75,6274
2026-06-17 17:00:00,7600.0,7601.0,7596.5,7598.0,4780
2026-06-17 17:20:00,7597.75,7602.75,7596.0,7597.25,4218
2026-06-17 17:40:00,7597.25,7598.5,7590.5,7592.25,5223
2026-06-17 18:00:00,7592.25,7592.5,7585.25,7586.75,8033
2026-06-17 18:20:00,7586.75,7594.25,7586.75,7593.5,3623
2026-06-17 18:40:00,7593.25,7598.25,7590.25,7591.0,4141
2026-06-17 19:00:00,7591.25,7596.75,7589.75,7596.5,4128
2026-06-17 19:20:00,7596.75,7597.75,7592.0,7592.5,3661
2026-06-17 19:40:00,7592.5,7594.25,7583.0,7586.5,8208
2026-06-17 20:00:00,7586.75,7593.5,7586.25,7590.75,7696
2026-06-17 20:20:00,7590.75,7596.5,7589.25,7592.25,10003
2026-06-17 20:40:00,7592.25,7596.25,7590.0,7595.25,7857
2026-06-17 21:00:00,7595.25,7598.75,7591.0,7597.5,9773
2026-06-17 21:20:00,7597.75,7598.75,7584.75,7586.25,65929
2026-06-17 21:40:00,7586.5,7600.25,7581.0,7581.0,79976
2026-06-17 22:00:00,7581.25,7598.25,7578.5,7595.75,72030
2026-06-17 22:20:00,7595.75,7604.25,7582.25,7582.75,62975
2026-06-17 22:40:00,7582.75,7588.75,7560.5,7572.5,107561
2026-06-17 23:00:00,7572.25,7584.75,7568.0,7580.25,57525
2026-06-17 23:20:00,7580.25,7590.5,7578.25,7589.5,43747
2026-06-17 23:40:00,7589.5,7591.25,7584.25,7588.75,30710
2026-06-18 00:00:00,7589.0,7592.25,7585.5,7592.0,24775
2026-06-18 00:20:00,7592.0,7593.25,7584.25,7588.0,24768
2026-06-18 00:40:00,7588.0,7588.0,7581.5,7582.75,24891
2026-06-18 01:00:00,7582.5,7583.0,7568.5,7576.25,41575
2026-06-18 01:20:00,7576.0,7579.75,7572.5,7577.5,29434
2026-06-18 01:40:00,7577.5,7589.75,7573.0,7588.75,29295
2026-06-18 02:00:00,7588.25,7590.75,7514.5,7556.75,150198
2026-06-18 02:20:00,7556.75,7569.25,7533.75,7560.75,105930
2026-06-18 02:40:00,7561.0,7584.25,7531.5,7540.75,88509
2026-06-18 03:00:00,7540.5,7552.0,7521.25,7521.5,93621
2026-06-18 03:20:00,7521.5,7522.0,7472.25,7475.5,132224
2026-06-18 03:40:00,7475.25,7498.75,7473.25,7492.5,193754
2026-06-18 04:00:00,7492.25,7504.5,7490.0,7502.5,54480
2026-06-18 04:20:00,7502.75,7515.25,7502.75,7513.25,13049
2026-06-18 04:40:00,7513.25,7513.5,7507.25,7511.0,7943
2026-06-18 06:00:00,7512.5,7521.75,7504.25,7519.25,4246
2026-06-18 06:20:00,7519.25,7527.25,7519.25,7525.0,5177
2026-06-18 06:40:00,7525.0,7527.75,7523.5,7525.5,1751
2026-06-18 07:00:00,7525.75,7534.25,7524.25,7534.0,3236
2026-06-18 07:20:00,7534.25,7539.5,7534.0,7536.0,3738
2026-06-18 07:40:00,7536.0,7541.25,7534.0,7541.25,2406
2026-06-18 08:00:00,7541.5,7560.5,7539.75,7554.75,10755
2026-06-18 08:20:00,7555.0,7558.0,7549.0,7557.75,5790
2026-06-18 08:40:00,7557.75,7558.25,7548.0,7550.75,5721
2026-06-18 09:00:00,7550.75,7560.75,7550.0,7556.5,4355
2026-06-18 09:20:00,7556.5,7561.25,7554.0,7555.0,3789
2026-06-18 09:40:00,7555.25,7557.0,7550.25,7553.0,3338
2026-06-18 10:00:00,7553.0,7559.75,7552.0,7555.0,2232
2026-06-18 10:20:00,7555.0,7556.75,7553.25,7556.5,1241
2026-06-18 10:40:00,7556.25,7558.5,7555.25,7556.75,1583
2026-06-18 11:00:00,7556.5,7558.25,7552.25,7554.0,2316
2026-06-18 11:20:00,7553.75,7558.75,7550.75,7551.75,1903
2026-06-18 11:40:00,7551.75,7556.5,7550.25,7555.0,1630
2026-06-18 12:00:00,7552.5,7553.5,7547.75,7548.0,2350
2026-06-18 12:20:00,7547.75,7547.75,7542.75,7543.0,2607
2026-06-18 12:40:00,7542.75,7546.25,7539.25,7544.75,2525
2026-06-18 13:00:00,7545.0,7549.25,7542.75,7548.5,2045
2026-06-18 13:20:00,7548.5,7550.5,7546.5,7547.5,1827
2026-06-18 13:40:00,7547.75,7549.75,7544.25,7546.5,1644
2026-06-18 14:00:00,7546.25,7548.5,7541.0,7541.5,3748
2026-06-18 14:20:00,7541.75,7550.75,7541.5,7546.75,3881
2026-06-18 14:40:00,7546.5,7557.25,7543.75,7556.75,3969
2026-06-18 15:00:00,7556.5,7559.0,7550.25,7552.75,6364
2026-06-18 15:20:00,7553.0,7559.25,7552.75,7556.25,3913
2026-06-18 15:40:00,7556.25,7559.5,7554.0,7559.25,3419
2026-06-18 16:00:00,7559.5,7568.25,7559.5,7562.75,8628
2026-06-18 16:20:00,7562.75,7563.5,7554.75,7558.0,5880
2026-06-18 16:40:00,7558.25,7560.0,7547.0,7547.75,5062
2026-06-18 17:00:00,7548.25,7556.25,7545.75,7554.75,5061
2026-06-18 17:20:00,7554.5,7558.5,7551.75,7558.25,3748
2026-06-18 17:40:00,7558.25,7564.0,7557.5,7563.25,4684
2026-06-18 18:00:00,7563.25,7564.25,7559.0,7563.5,4708
2026-06-18 18:20:00,7563.5,7564.75,7557.0,7557.25,4398
2026-06-18 18:40:00,7557.25,7557.75,7551.5,7553.5,5116
2026-06-18 19:00:00,7553.5,7554.75,7537.0,7538.5,10424
2026-06-18 19:20:00,7538.25,7543.75,7535.5,7537.25,7078
2026-06-18 19:40:00,7537.0,7543.75,7530.75,7543.25,8008
2026-06-18 20:00:00,7543.25,7548.25,7540.75,7547.5,9981
2026-06-18 20:20:00,7547.5,7560.0,7547.5,7554.0,13173
2026-06-18 20:40:00,7554.25,7565.0,7553.0,7560.5,13268
2026-06-18 21:00:00,7560.5,7566.25,7550.5,7563.75,27879
2026-06-18 21:20:00,7563.75,7581.5,7541.5,7544.0,123904
2026-06-18 21:40:00,7544.0,7554.75,7535.5,7544.0,99232
2026-06-18 22:00:00,7544.25,7561.5,7539.0,7558.25,79514
2026-06-18 22:20:00,7558.25,7566.25,7541.25,7562.5,78140
2026-06-18 22:40:00,7562.5,7570.75,7555.75,7566.25,57368
2026-06-18 23:00:00,7566.5,7568.75,7553.5,7554.75,49646
2026-06-18 23:20:00,7554.75,7559.75,7541.0,7546.75,57715
2026-06-18 23:40:00,7546.75,7563.25,7541.0,7560.5,48884
2026-06-19 00:00:00,7560.25,7563.75,7555.0,7559.5,36350
2026-06-19 00:20:00,7559.5,7570.5,7559.25,7569.5,31597
2026-06-19 00:40:00,7569.5,7570.25,7559.25,7564.0,28971
2026-06-19 01:00:00,7564.0,7579.0,7561.5,7577.25,31106
2026-06-19 01:20:00,7577.25,7578.5,7569.75,7570.25,24930
2026-06-19 01:40:00,7570.5,7572.75,7566.75,7567.0,21172
2026-06-19 02:00:00,7567.0,7568.0,7561.0,7563.5,28833
2026-06-19 02:20:00,7563.25,7566.75,7559.5,7560.25,24614
2026-06-19 02:40:00,7560.25,7567.25,7559.25,7561.5,27292
2026-06-19 03:00:00,7561.5,7562.25,7549.0,7556.0,40052
2026-06-19 03:20:00,7556.0,7567.5,7553.75,7567.25,38771
2026-06-19 03:40:00,7567.25,7580.75,7564.25,7564.5,188057
2026-06-19 04:00:00,7564.5,7579.5,7562.25,7579.25,54501
2026-06-19 04:20:00,7579.25,7583.0,7575.0,7575.75,10137
2026-06-19 04:40:00,7575.75,7576.0,7570.75,7574.75,6498
2026-06-19 06:00:00,7576.75,7580.0,7568.5,7569.0,1406
2026-06-19 06:20:00,7569.0,7569.0,7561.25,7561.25,1703
2026-06-19 06:40:00,7561.25,7564.0,7559.5,7561.0,1504
2026-06-19 07:00:00,7561.25,7564.0,7560.5,7562.25,978
2026-06-19 07:20:00,7562.25,7567.25,7562.0,7566.0,1009
2026-06-19 07:40:00,7566.25,7568.25,7564.5,7565.75,910
2026-06-19 08:00:00,7565.5,7565.75,7556.0,7560.25,3336
2026-06-19 08:20:00,7560.25,7561.75,7556.5,7558.75,1877
2026-06-19 08:40:00,7558.75,7560.25,7557.25,7558.25,909
2026-06-19 09:00:00,7558.25,7560.75,7551.0,7554.5,2996
2026-06-19 09:20:00,7554.5,7556.0,7551.0,7552.0,1456
2026-06-19 09:40:00,7552.0,7552.75,7547.25,7547.75,1801
2026-06-19 10:00:00,7547.5,7548.5,7541.75,7542.5,2837
2026-06-19 10:20:00,7542.5,7548.0,7542.5,7547.0,1260
2026-06-19 10:40:00,7547.0,7549.25,7544.5,7546.25,975
2026-06-19 11:00:00,7546.25,7548.5,7539.25,7540.5,2220
2026-06-19 11:20:00,7540.25,7542.25,7536.0,7540.5,2379
2026-06-19 11:40:00,7540.75,7541.25,7536.25,7536.75,1833
2026-06-22 06:00:00,7543.25,7556.25,7526.0,7533.5,7597
2026-06-22 06:20:00,7533.75,7556.25,7532.75,7537.25,2892
2026-06-22 06:40:00,7537.0,7556.25,7536.75,7538.25,1822
2026-06-22 07:00:00,7537.75,7556.25,7523.5,7525.5,5155
2026-06-22 07:20:00,7525.5,7556.25,7516.0,7518.75,2862
2026-06-22 07:40:00,7518.5,7556.25,7513.0,7516.0,2816
2026-06-22 08:00:00,7515.75,7556.25,7514.5,7538.5,8961
2026-06-22 08:20:00,7538.75,7556.25,7534.75,7542.0,5323
2026-06-22 08:40:00,7542.0,7556.25,7540.5,7548.75,5115
2026-06-22 09:00:00,7549.0,7557.25,7549.0,7551.75,6670
2026-06-22 09:20:00,7551.5,7556.25,7551.0,7555.25,3851
2026-06-22 09:40:00,7555.25,7556.25,7548.75,7549.5,3430
2026-06-22 10:00:00,7549.75,7556.25,7544.0,7545.5,4609
2026-06-22 10:20:00,7545.25,7556.25,7539.75,7540.75,4239
2026-06-22 10:40:00,7540.5,7556.25,7537.25,7538.5,3157
2026-06-22 11:00:00,7538.5,7556.25,7534.5,7539.5,4431
2026-06-22 11:20:00,7539.75,7556.25,7538.75,7540.75,2330
2026-06-22 11:40:00,7540.5,7556.25,7533.5,7534.5,2206
2026-06-22 12:00:00,7534.75,7536.5,7532.25,7532.5,1965
2026-06-22 12:20:00,7532.5,7534.25,7528.75,7531.0,2087
2026-06-22 12:40:00,7530.5,7535.5,7528.25,7534.75,3606
2026-06-22 13:00:00,7534.75,7547.0,7534.0,7543.25,5947
2026-06-22 13:20:00,7543.25,7546.5,7541.25,7544.5,2114
2026-06-22 13:40:00,7544.75,7547.5,7543.25,7546.25,1926
2026-06-22 14:00:00,7546.5,7555.25,7546.0,7553.75,7438
2026-06-22 14:20:00,7553.75,7560.25,7552.75,7558.75,4785
2026-06-22 14:40:00,7559.0,7562.75,7558.75,7561.75,2336
2026-06-22 15:00:00,7561.75,7567.25,7561.25,7566.75,4584
2026-06-22 15:20:00,7567.0,7567.25,7564.25,7565.0,2905
2026-06-22 15:40:00,7565.0,7565.0,7560.5,7562.75,3281
2026-06-22 16:00:00,7562.75,7563.75,7552.5,7553.5,4080
2026-06-22 16:20:00,7553.5,7558.0,7552.75,7557.5,3105
2026-06-22 16:40:00,7557.5,7560.5,7555.75,7559.5,2362
2026-06-22 17:00:00,7559.5,7564.5,7556.25,7561.0,3478
2026-06-22 17:20:00,7560.75,7562.5,7557.5,7557.5,2461
2026-06-22 17:40:00,7557.5,7558.25,7554.25,7554.75,2744
2026-06-22 18:00:00,7554.75,7564.75,7554.75,7563.5,2928
2026-06-22 18:20:00,7563.5,7564.5,7557.75,7558.0,2456
2026-06-22 18:40:00,7557.75,7562.5,7557.0,7558.75,2224
2026-06-22 19:00:00,7558.75,7577.75,7558.5,7563.75,10955
2026-06-22 19:20:00,7563.5,7565.75,7560.75,7565.25,3788
2026-06-22 19:40:00,7565.5,7565.5,7558.75,7563.5,5790
2026-06-22 20:00:00,7563.75,7570.25,7563.75,7568.75,4138
2026-06-22 20:20:00,7568.75,7576.25,7568.75,7573.25,7088
2026-06-22 20:40:00,7573.25,7574.5,7567.5,7568.0,6598
2026-06-22 21:00:00,7568.0,7578.0,7568.0,7575.25,14742
2026-06-22 21:20:00,7575.25,7595.5,7571.5,7595.25,65374
2026-06-22 21:40:00,7595.5,7596.75,7576.0,7596.25,87782
2026-06-22 22:00:00,7596.25,7599.25,7579.25,7581.25,62584
2026-06-22 22:20:00,7581.25,7581.75,7545.5,7550.5,109675
2026-06-22 22:40:00,7550.5,7553.5,7527.25,7543.0,96388
2026-06-22 23:00:00,7542.75,7550.0,7535.5,7537.75,63673
2026-06-22 23:20:00,7537.75,7548.0,7534.75,7547.5,65575
2026-06-22 23:40:00,7547.75,7559.25,7539.0,7542.5,54680
2026-06-23 00:00:00,7542.5,7547.25,7532.25,7546.0,47160
2026-06-23 00:20:00,7546.0,7550.25,7537.0,7540.25,35125
2026-06-23 00:40:00,7540.5,7549.75,7536.75,7546.0,37076
2026-06-23 01:00:00,7546.25,7547.0,7535.5,7546.75,26860
2026-06-23 01:20:00,7546.5,7549.0,7535.5,7540.5,24327
2026-06-23 01:40:00,7540.25,7549.5,7538.25,7542.75,22271
2026-06-23 02:00:00,7543.0,7549.5,7538.5,7548.25,21671
2026-06-23 02:20:00,7548.5,7553.75,7544.25,7545.0,29214
2026-06-23 02:40:00,7545.0,7546.0,7531.5,7533.0,32577
2026-06-23 03:00:00,7533.0,7539.75,7528.5,7537.25,35491
2026-06-23 03:20:00,7537.25,7538.25,7530.25,7532.5,34251
2026-06-23 03:40:00,7532.25,7545.75,7528.0,7540.25,136856
2026-06-23 04:00:00,7540.25,7547.0,7539.0,7547.0,32151
2026-06-23 04:20:00,7546.75,7547.25,7540.5,7541.0,5557
2026-06-23 04:40:00,7541.0,7542.75,7539.5,7540.75,3956
2026-06-23 06:00:00,7541.25,7549.5,7538.25,7541.5,1506
2026-06-23 06:20:00,7541.5,7543.25,7530.0,7533.5,3252
2026-06-23 06:40:00,7533.75,7533.75,7529.5,7532.0,1755
2026-06-23 07:00:00,7532.0,7533.0,7526.0,7526.75,2275
2026-06-23 07:20:00,7526.75,7531.5,7526.0,7528.75,1357
2026-06-23 07:40:00,7529.0,7532.25,7526.5,7532.0,1767
2026-06-23 08:00:00,7531.75,7535.0,7524.0,7525.0,6082
2026-06-23 08:20:00,7525.25,7534.25,7522.0,7533.25,5698
2026-06-23 08:40:00,7533.5,7545.25,7532.25,7540.25,4723
2026-06-23 09:00:00,7540.25,7542.25,7533.0,7534.25,4108
2026-06-23 09:20:00,7534.5,7537.5,7522.25,7525.75,4685
2026-06-23 09:40:00,7525.5,7528.5,7512.0,7522.25,8924
2026-06-23 10:00:00,7522.75,7525.0,7514.0,7520.75,5530
2026-06-23 10:20:00,7520.75,7522.25,7516.25,7516.75,2436
2026-06-23 10:40:00,7517.0,7518.25,7510.5,7512.75,3502
2026-06-23 11:00:00,7512.75,7513.75,7504.75,7505.5,5794
2026-06-23 11:20:00,7505.75,7508.75,7498.75,7500.75,4712
2026-06-23 11:40:00,7500.75,7506.75,7496.5,7506.25,6645
2026-06-23 12:00:00,7504.25,7504.25,7495.5,7496.0,4914
2026-06-23 12:20:00,7496.25,7497.5,7492.25,7493.5,3208
2026-06-23 12:40:00,7493.5,7493.75,7481.75,7483.25,4589
2026-06-23 13:00:00,7483.5,7488.0,7480.5,7481.25,5017
2026-06-23 13:20:00,7481.25,7484.25,7468.0,7470.0,8127
2026-06-23 13:40:00,7470.0,7476.0,7467.0,7468.75,7768
2026-06-23 14:00:00,7468.75,7472.5,7461.75,7463.0,8307
2026-06-23 14:20:00,7462.75,7463.25,7451.25,7454.25,11616
2026-06-23 14:40:00,7454.5,7457.25,7444.75,7447.25,7309
2026-06-23 15:00:00,7447.0,7455.5,7442.25,7446.75,10627
2026-06-23 15:20:00,7446.5,7449.75,7438.5,7445.5,8106
2026-06-23 15:40:00,7445.75,7447.25,7428.25,7433.5,10733
2026-06-23 16:00:00,7433.75,7435.0,7422.25,7424.75,14341
2026-06-23 16:20:00,7425.0,7435.0,7421.75,7432.0,10377
2026-06-23 16:40:00,7431.75,7438.5,7423.5,7430.5,9223
2026-06-23 17:00:00,7430.75,7439.5,7429.5,7438.5,7922
2026-06-23 17:20:00,7438.25,7446.25,7437.75,7439.75,9018
2026-06-23 17:40:00,7440.0,7446.0,7438.0,7444.5,5264
2026-06-23 18:00:00,7444.5,7449.5,7441.0,7446.75,6828
2026-06-23 18:20:00,7446.75,7449.75,7430.25,7432.75,10999
2026-06-23 18:40:00,7432.5,7437.75,7427.25,7436.75,7524
2026-06-23 19:00:00,7436.5,7443.0,7432.5,7441.0,8674
2026-06-23 19:20:00,7441.0,7448.5,7436.0,7444.5,12099
2026-06-23 19:40:00,7444.75,7453.5,7444.25,7450.75,12130
2026-06-23 20:00:00,7450.75,7454.5,7440.25,7443.5,11602
2026-06-23 20:20:00,7443.5,7443.5,7427.5,7431.5,14147
2026-06-23 20:40:00,7431.5,7436.5,7429.75,7432.75,11604
2026-06-23 21:00:00,7432.5,7436.0,7427.5,7430.5,14916
2026-06-23 21:20:00,7430.5,7439.5,7415.25,7437.0,105518
2026-06-23 21:40:00,7436.75,7466.5,7430.5,7465.25,120525
2026-06-23 22:00:00,7465.25,7487.5,7463.75,7486.25,102971
2026-06-23 22:20:00,7486.25,7491.0,7470.0,7470.5,88372
2026-06-23 22:40:00,7470.5,7476.0,7459.75,7464.75,79670
2026-06-23 23:00:00,7464.75,7468.5,7445.5,7446.75,64788
2026-06-23 23:20:00,7446.5,7449.5,7436.25,7438.75,68606
2026-06-23 23:40:00,7438.75,7456.5,7435.75,7453.75,54918
2026-06-24 00:00:00,7454.0,7471.5,7452.5,7464.5,48179
2026-06-24 00:20:00,7464.75,7470.75,7460.75,7470.0,32612
2026-06-24 00:40:00,7470.25,7475.25,7464.5,7469.75,35943
2026-06-24 01:00:00,7469.75,7473.0,7460.5,7466.75,35332
2026-06-24 01:20:00,7466.75,7476.5,7466.0,7471.25,34934
2026-06-24 01:40:00,7471.0,7472.5,7452.5,7453.25,37860
2026-06-24 02:00:00,7453.25,7461.25,7448.75,7451.5,40305
2026-06-24 02:20:00,7451.5,7454.5,7444.25,7445.0,34127
2026-06-24 02:40:00,7445.0,7445.0,7428.75,7436.0,65491
2026-06-24 03:00:00,7436.0,7452.25,7433.75,7434.25,54786
2026-06-24 03:20:00,7434.25,7449.75,7433.5,7442.75,59248
2026-06-24 03:40:00,7443.0,7453.0,7433.0,7434.75,163553
2026-06-24 04:00:00,7434.75,7442.25,7431.5,7437.75,42259
2026-06-24 04:20:00,7437.75,7443.0,7437.0,7439.75,5784
2026-06-24 04:40:00,7439.75,7446.75,7438.25,7445.5,5844
2026-06-24 06:00:00,7449.25,7452.25,7443.75,7448.0,2255
2026-06-24 06:20:00,7447.75,7448.5,7431.0,7433.25,4890
2026-06-24 06:40:00,7433.25,7436.25,7429.25,7434.75,2798
2026-06-24 07:00:00,7435.0,7436.0,7420.25,7434.25,5895
2026-06-24 07:20:00,7434.75,7438.25,7427.5,7428.5,2631
2026-06-24 07:40:00,7428.5,7450.75,7427.75,7446.75,5804
2026-06-24 08:00:00,7446.75,7459.75,7443.5,7456.5,9873
2026-06-24 08:20:00,7456.25,7458.25,7448.5,7456.0,5292
2026-06-24 08:40:00,7455.75,7458.25,7448.75,7453.5,4253
2026-06-24 09:00:00,7453.75,7454.75,7442.5,7444.0,6730
2026-06-24 09:20:00,7444.0,7453.0,7442.5,7450.0,4497
2026-06-24 09:40:00,7450.0,7454.25,7448.75,7451.25,4176
2026-06-24 10:00:00,7451.0,7453.25,7445.75,7448.75,3473
2026-06-24 10:20:00,7448.75,7450.5,7439.0,7441.25,4225
2026-06-24 10:40:00,7441.5,7443.75,7429.75,7430.25,5187
2026-06-24 11:00:00,7430.0,7446.25,7426.75,7438.25,7038
2026-06-24 11:20:00,7438.5,7451.75,7436.25,7447.75,3832
2026-06-24 11:40:00,7447.5,7450.0,7443.5,7447.5,2641
2026-06-24 12:00:00,7440.0,7443.0,7436.25,7436.5,2464
2026-06-24 12:20:00,7436.5,7449.0,7434.75,7448.0,3010
2026-06-24 12:40:00,7447.75,7451.5,7447.0,7449.5,2411
2026-06-24 13:00:00,7449.75,7456.25,7447.5,7455.75,3453
2026-06-24 13:20:00,7455.5,7459.25,7453.75,7458.5,3286
2026-06-24 13:40:00,7458.5,7458.5,7449.75,7450.25,2144
2026-06-24 14:00:00,7450.25,7453.75,7445.75,7448.5,2551
2026-06-24 14:20:00,7448.5,7453.75,7445.25,7450.25,3046
2026-06-24 14:40:00,7450.0,7451.75,7448.25,7448.75,2311
2026-06-24 15:00:00,7449.0,7450.75,7442.75,7446.5,6160
2026-06-24 15:20:00,7446.5,7450.5,7439.75,7444.5,4383
2026-06-24 15:40:00,7444.75,7452.75,7442.0,7442.75,4588
2026-06-24 16:00:00,7443.0,7453.0,7442.5,7448.5,5810
2026-06-24 16:20:00,7448.25,7453.25,7445.75,7447.5,4286
2026-06-24 16:40:00,7447.5,7450.0,7445.0,7447.5,2601
2026-06-24 17:00:00,7447.5,7452.25,7443.0,7446.5,4320
2026-06-24 17:20:00,7446.75,7449.75,7444.0,7444.25,3771
2026-06-24 17:40:00,7444.25,7448.75,7439.25,7447.75,4171
2026-06-24 18:00:00,7447.75,7450.0,7442.25,7448.0,4441
2026-06-24 18:20:00,7448.25,7453.75,7447.0,7452.0,3986
2026-06-24 18:40:00,7452.0,7458.25,7447.5,7449.0,5620
2026-06-24 19:00:00,7449.0,7455.75,7445.75,7446.25,4831
2026-06-24 19:20:00,7446.5,7459.0,7443.75,7456.25,6705
2026-06-24 19:40:00,7456.25,7465.0,7453.75,7463.75,8350
2026-06-24 20:00:00,7463.75,7465.5,7457.0,7465.5,9726
2026-06-24 20:20:00,7465.25,7467.25,7455.0,7457.0,7804
2026-06-24 20:40:00,7456.75,7457.25,7447.75,7450.5,8424
2026-06-24 21:00:00,7450.5,7455.75,7442.0,7446.75,16746
2026-06-24 21:20:00,7446.75,7468.0,7438.25,7458.5,86634
2026-06-24 21:40:00,7458.5,7472.25,7437.75,7454.75,117080
2026-06-24 22:00:00,7454.5,7460.5,7442.5,7444.0,94022
2026-06-24 22:20:00,7444.25,7469.0,7436.5,7458.75,85451
2026-06-24 22:40:00,7459.0,7494.25,7457.5,7493.75,83831
2026-06-24 23:00:00,7493.75,7496.5,7476.25,7489.0,70247
2026-06-24 23:20:00,7489.0,7496.5,7478.25,7485.75,59970
2026-06-24 23:40:00,7485.5,7489.75,7474.5,7480.25,52816
2026-06-25 00:00:00,7480.25,7485.5,7474.5,7480.0,44914
2026-06-25 00:20:00,7480.0,7484.25,7461.25,7461.75,45903
2026-06-25 00:40:00,7461.75,7464.5,7450.75,7453.0,62250
2026-06-25 01:00:00,7453.0,7461.25,7431.0,7433.75,57355
2026-06-25 01:20:00,7433.75,7434.25,7407.75,7420.25,87793
2026-06-25 01:40:00,7420.25,7427.25,7410.25,7414.0,57420
2026-06-25 02:00:00,7414.25,7435.75,7413.0,7433.75,60956
2026-06-25 02:20:00,7433.75,7443.25,7431.25,7432.75,54851
2026-06-25 02:40:00,7432.75,7434.25,7408.25,7415.5,66311
2026-06-25 03:00:00,7415.5,7425.25,7404.25,7412.0,62034
2026-06-25 03:20:00,7412.0,7419.75,7408.75,7414.0,53350
2026-06-25 03:40:00,7414.0,7431.5,7405.25,7428.25,137785
2026-06-25 04:00:00,7428.0,7465.25,7421.25,7462.75,62183
2026-06-25 04:20:00,7462.5,7475.0,7462.25,7473.25,16704
2026-06-25 04:40:00,7473.25,7482.25,7472.5,7477.5,12576
2026-06-25 06:00:00,7476.25,7486.75,7470.75,7471.25,2874
2026-06-25 06:20:00,7471.0,7475.25,7468.0,7468.75,3409
2026-06-25 06:40:00,7468.75,7471.5,7465.75,7466.25,2477
2026-06-25 07:00:00,7466.5,7468.75,7464.0,7464.25,2323
2026-06-25 07:20:00,7464.5,7475.5,7464.5,7473.75,1900
2026-06-25 07:40:00,7474.0,7478.5,7469.75,7471.75,2596
2026-06-25 08:00:00,7472.0,7473.0,7464.75,7469.5,4861
2026-06-25 08:20:00,7469.25,7471.25,7458.75,7459.75,3833
2026-06-25 08:40:00,7459.75,7460.5,7453.0,7454.5,4836
2026-06-25 09:00:00,7455.0,7459.0,7452.25,7458.0,3303
2026-06-25 09:20:00,7458.0,7466.5,7455.75,7464.0,2789
2026-06-25 09:40:00,7463.75,7465.0,7459.5,7460.25,2895
2026-06-25 10:00:00,7460.0,7465.0,7452.75,7459.5,3859
2026-06-25 10:20:00,7459.25,7463.5,7458.0,7461.75,1680
2026-06-25 10:40:00,7461.75,7464.0,7458.5,7463.25,1301
2026-06-25 11:00:00,7463.5,7467.25,7460.25,7466.5,2486
2026-06-25 11:20:00,7466.25,7469.5,7464.5,7466.25,1949
2026-06-25 11:40:00,7466.0,7469.75,7464.0,7469.5,1367
2026-06-25 12:00:00,7466.5,7468.0,7462.5,7464.5,1806
2026-06-25 12:20:00,7464.25,7467.0,7459.75,7463.75,1712
2026-06-25 12:40:00,7463.75,7467.75,7462.25,7464.5,1503
2026-06-25 13:00:00,7464.25,7471.0,7464.25,7469.0,1586
2026-06-25 13:20:00,7469.0,7475.0,7468.5,7473.75,2638
2026-06-25 13:40:00,7473.75,7476.5,7470.75,7472.0,2844
2026-06-25 14:00:00,7472.0,7480.75,7471.0,7480.0,3280
2026-06-25 14:20:00,7480.0,7482.25,7479.0,7480.25,2987
2026-06-25 14:40:00,7480.0,7481.25,7477.0,7477.75,1802
2026-06-25 15:00:00,7478.0,7485.5,7478.0,7484.5,4525
2026-06-25 15:20:00,7485.0,7488.75,7483.25,7487.0,3827
2026-06-25 15:40:00,7487.0,7488.5,7484.5,7488.0,2189
2026-06-25 16:00:00,7488.25,7491.25,7480.25,7482.75,4721
2026-06-25 16:20:00,7482.75,7485.5,7481.5,7485.0,2610
2026-06-25 16:40:00,7485.0,7485.0,7475.5,7477.0,3456
2026-06-25 17:00:00,7477.0,7482.75,7476.25,7477.0,2952
2026-06-25 17:20:00,7477.0,7482.75,7476.75,7482.25,2535
2026-06-25 17:40:00,7482.25,7484.5,7479.75,7480.75,2183
2026-06-25 18:00:00,7480.5,7486.75,7479.75,7485.75,2338
2026-06-25 18:20:00,7485.5,7487.5,7483.5,7485.5,1892
2026-06-25 18:40:00,7485.75,7486.0,7480.0,7483.75,1979
2026-06-25 19:00:00,7483.75,7487.0,7478.5,7478.75,3870
2026-06-25 19:20:00,7478.75,7479.25,7472.25,7476.75,4979
2026-06-25 19:40:00,7476.75,7480.5,7473.0,7476.0,4562
2026-06-25 20:00:00,7475.75,7482.75,7474.5,7476.0,6239
2026-06-25 20:20:00,7476.0,7496.0,7472.5,7487.5,15565
2026-06-25 20:40:00,7487.5,7492.75,7483.25,7487.0,9151
2026-06-25 21:00:00,7487.0,7488.75,7480.0,7481.75,10745
2026-06-25 21:20:00,7481.75,7490.5,7464.5,7466.5,85173
2026-06-25 21:40:00,7466.25,7467.75,7390.5,7393.25,205945
2026-06-25 22:00:00,7393.25,7454.25,7392.5,7452.25,172114
2026-06-25 22:20:00,7452.0,7467.75,7441.25,7463.0,93306
2026-06-25 22:40:00,7463.0,7475.75,7444.0,7449.5,74080
2026-06-25 23:00:00,7449.25,7462.25,7414.25,7432.75,69653
2026-06-25 23:20:00,7432.5,7451.5,7426.0,7438.25,50620
2026-06-25 23:40:00,7438.25,7454.75,7435.5,7437.5,31690
2026-06-26 00:00:00,7437.75,7458.75,7432.5,7451.25,37945
2026-06-26 00:20:00,7451.25,7453.75,7422.0,7422.75,42164
2026-06-26 00:40:00,7422.75,7425.75,7409.75,7420.25,44173
2026-06-26 01:00:00,7420.25,7438.0,7416.5,7420.0,29366
2026-06-26 01:20:00,7420.25,7431.75,7415.75,7428.25,30029
2026-06-26 01:40:00,7428.25,7433.0,7410.75,7429.5,33225
2026-06-26 02:00:00,7429.5,7449.75,7408.25,7443.75,55110
2026-06-26 02:20:00,7443.75,7456.75,7431.25,7440.0,45556
2026-06-26 02:40:00,7440.0,7440.75,7422.25,7434.5,28770
2026-06-26 03:00:00,7434.25,7435.0,7414.25,7418.25,32107
2026-06-26 03:20:00,7418.25,7424.75,7412.75,7416.75,38259
2026-06-26 03:40:00,7416.75,7430.0,7409.0,7428.75,117401
2026-06-26 04:00:00,7428.75,7451.75,7427.75,7447.0,52464
2026-06-26 04:20:00,7446.75,7454.5,7441.25,7441.5,9812
2026-06-26 04:40:00,7441.25,7442.5,7432.0,7433.75,5129
2026-06-26 06:00:00,7431.0,7435.75,7416.75,7420.25,2568
2026-06-26 06:20:00,7420.5,7423.25,7416.0,7421.25,2223
2026-06-26 06:40:00,7420.75,7426.5,7419.25,7425.25,1177
2026-06-26 07:00:00,7425.25,7449.0,7424.5,7446.75,2916
2026-06-26 07:20:00,7447.25,7454.25,7436.75,7437.25,6463
2026-06-26 07:40:00,7437.0,7437.25,7417.25,7423.75,4760
2026-06-26 08:00:00,7423.75,7434.75,7419.75,7427.25,3963
2026-06-26 08:20:00,7427.5,7431.0,7420.5,7425.75,3488
2026-06-26 08:40:00,7425.75,7429.75,7418.75,7421.25,2875
2026-06-26 09:00:00,7421.75,7427.75,7411.25,7425.5,3809
2026-06-26 09:20:00,7425.5,7427.0,7406.25,7408.75,3463
2026-06-26 09:40:00,7408.5,7409.0,7395.0,7399.75,6373
2026-06-26 10:00:00,7399.75,7401.5,7391.75,7392.5,4583
2026-06-26 10:20:00,7392.5,7394.0,7379.0,7384.75,6915
2026-06-26 10:40:00,7384.75,7384.75,7366.5,7370.75,8036
2026-06-26 11:00:00,7371.25,7371.75,7365.25,7370.25,4856
2026-06-26 11:20:00,7370.25,7370.5,7357.25,7362.75,4715
2026-06-26 11:40:00,7363.25,7381.25,7361.5,7381.0,5222
2026-06-26 12:00:00,7383.25,7385.0,7380.25,7381.0,4674
2026-06-26 12:20:00,7381.25,7382.0,7369.75,7370.0,4234
2026-06-26 12:40:00,7370.0,7373.5,7365.75,7367.75,2827
2026-06-26 13:00:00,7367.75,7379.25,7364.5,7376.5,3918
2026-06-26 13:20:00,7376.5,7382.75,7373.5,7375.0,4122
2026-06-26 13:40:00,7375.0,7375.75,7365.25,7372.0,5185
2026-06-26 14:00:00,7372.25,7379.5,7369.0,7376.5,4855
2026-06-26 14:20:00,7376.5,7393.0,7376.25,7391.0,5846
2026-06-26 14:40:00,7391.0,7409.5,7389.25,7404.0,6078
2026-06-26 15:00:00,7404.0,7407.0,7394.75,7404.25,5781
2026-06-26 15:20:00,7404.5,7413.75,7401.25,7412.25,4699
2026-06-26 15:40:00,7412.25,7412.25,7404.5,7410.75,2969
2026-06-26 16:00:00,7411.0,7416.0,7401.0,7402.0,6338
2026-06-26 16:20:00,7402.0,7409.5,7398.5,7400.5,4279
2026-06-26 16:40:00,7400.75,7403.0,7382.75,7388.5,5048
2026-06-26 17:00:00,7388.75,7390.0,7382.25,7385.75,5358
2026-06-26 17:20:00,7385.75,7389.5,7379.75,7387.25,5203
2026-06-26 17:40:00,7387.5,7396.75,7384.25,7385.25,4475
2026-06-26 18:00:00,7385.5,7389.5,7376.5,7384.75,3898
2026-06-26 18:20:00,7384.5,7389.25,7381.0,7384.5,3082
2026-06-26 18:40:00,7384.25,7388.75,7383.0,7386.5,2467
2026-06-26 19:00:00,7386.5,7394.75,7383.25,7387.25,5163
2026-06-26 19:20:00,7386.75,7390.5,7384.0,7387.25,3545
2026-06-26 19:40:00,7387.25,7390.75,7377.75,7384.5,5018
2026-06-26 20:00:00,7384.75,7403.75,7383.0,7397.5,8111
2026-06-26 20:20:00,7397.75,7398.5,7385.25,7386.25,7726
2026-06-26 20:40:00,7386.25,7388.0,7380.25,7384.0,10321
2026-06-26 21:00:00,7384.0,7385.0,7364.75,7374.0,20741
2026-06-26 21:20:00,7374.25,7388.25,7360.0,7373.0,81572
2026-06-26 21:40:00,7372.75,7405.75,7368.75,7401.5,89868
2026-06-26 22:00:00,7401.25,7429.5,7398.75,7419.75,79662
2026-06-26 22:20:00,7420.0,7436.25,7415.0,7415.25,56925
2026-06-26 22:40:00,7415.25,7427.5,7409.25,7418.0,52687
2026-06-26 23:00:00,7418.0,7428.0,7409.5,7424.25,47011
2026-06-26 23:20:00,7424.25,7453.75,7422.0,7451.75,63267
2026-06-26 23:40:00,7451.75,7459.5,7435.0,7447.5,56223
2026-06-27 00:00:00,7447.75,7449.0,7431.25,7433.75,32853
2026-06-27 00:20:00,7433.75,7441.5,7420.75,7437.75,40051
2026-06-27 00:40:00,7437.75,7442.75,7432.0,7438.25,21332
2026-06-27 01:00:00,7438.25,7452.25,7435.0,7438.0,25277
2026-06-27 01:20:00,7437.75,7447.75,7431.25,7433.75,25789
2026-06-27 01:40:00,7433.5,7439.0,7427.75,7430.0,22330
2026-06-27 02:00:00,7430.25,7439.5,7425.5,7427.5,25216
2026-06-27 02:20:00,7427.25,7430.25,7420.25,7422.25,33857
2026-06-27 02:40:00,7422.0,7424.5,7405.25,7409.0,42471
2026-06-27 03:00:00,7408.75,7422.75,7406.5,7420.75,41530
2026-06-27 03:20:00,7420.5,7422.0,7410.5,7416.0,41730
2026-06-27 03:40:00,7416.25,7431.75,7369.75,7375.5,157545
2026-06-27 04:00:00,7379.75,7417.25,7368.5,7413.25,86230
2026-06-27 04:20:00,7413.0,7421.0,7397.25,7404.0,23695
2026-06-27 04:40:00,7403.75,7404.75,7395.25,7401.75,14380
