时间,开盘价,最高价,最低价,收盘价,成交量
2026-04-17 12:05:00,7080.5,7080.75,7080.5,7080.5,0
2026-04-17 12:10:00,7080.75,7081.0,7080.0,7081.0,134
2026-04-17 12:15:00,7081.0,7082.25,7080.75,7082.25,214
2026-04-17 12:20:00,7082.5,7082.5,7081.25,7082.0,141
2026-04-17 12:25:00,7081.75,7083.0,7081.5,7082.0,247
2026-04-17 12:30:00,7082.0,7082.75,7081.5,7082.75,137
2026-04-17 12:35:00,7082.75,7082.75,7081.5,7081.75,128
2026-04-17 12:40:00,7082.0,7082.0,7080.75,7081.0,220
2026-04-17 12:45:00,7081.0,7082.0,7080.25,7081.5,209
2026-04-17 12:50:00,7081.5,7081.75,7080.25,7080.75,146
2026-04-17 12:55:00,7080.75,7080.75,7079.25,7079.25,230
2026-04-17 13:00:00,7079.5,7079.5,7075.25,7076.5,812
2026-04-17 13:05:00,7076.5,7078.25,7076.25,7077.5,294
2026-04-17 13:10:00,7077.5,7078.0,7076.75,7077.5,199
2026-04-17 13:15:00,7077.5,7078.25,7077.0,7077.25,157
2026-04-17 13:20:00,7077.25,7079.0,7077.25,7079.0,226
2026-04-17 13:25:00,7079.0,7079.25,7078.25,7079.0,235
2026-04-17 13:30:00,7079.0,7079.0,7076.75,7077.0,373
2026-04-17 13:35:00,7077.0,7080.75,7077.0,7079.5,406
2026-04-17 13:40:00,7079.5,7082.0,7079.25,7081.0,376
2026-04-17 13:45:00,7081.0,7081.75,7080.75,7081.5,184
2026-04-17 13:50:00,7081.5,7081.75,7081.0,7081.25,138
2026-04-17 13:55:00,7081.25,7081.75,7080.75,7081.25,169
2026-04-17 14:00:00,7081.5,7082.75,7080.5,7081.5,605
2026-04-17 14:05:00,7081.5,7083.75,7081.25,7081.5,714
2026-04-17 14:10:00,7081.5,7083.5,7081.25,7082.75,542
2026-04-17 14:15:00,7082.5,7083.5,7081.5,7081.5,322
2026-04-17 14:20:00,7082.0,7082.0,7080.5,7081.75,360
2026-04-17 14:25:00,7081.75,7082.0,7079.75,7080.5,570
2026-04-17 14:30:00,7080.25,7080.25,7077.75,7078.0,725
2026-04-17 14:35:00,7078.0,7079.5,7077.25,7079.0,520
2026-04-17 14:40:00,7079.0,7079.75,7078.25,7079.75,317
2026-04-17 14:45:00,7079.5,7081.75,7079.25,7081.25,409
2026-04-17 14:50:00,7081.25,7082.0,7081.0,7081.5,283
2026-04-17 14:55:00,7081.5,7081.5,7079.5,7079.75,290
2026-04-17 15:00:00,7080.0,7084.5,7080.0,7084.5,1110
2026-04-17 15:05:00,7084.25,7086.5,7083.5,7084.25,1447
2026-04-17 15:10:00,7084.0,7085.5,7083.5,7084.0,615
2026-04-17 15:15:00,7084.0,7084.0,7082.25,7083.5,759
2026-04-17 15:20:00,7083.5,7083.75,7080.75,7082.0,621
2026-04-17 15:25:00,7082.0,7083.25,7081.5,7082.75,444
2026-04-17 15:30:00,7082.75,7084.5,7082.25,7084.25,434
2026-04-17 15:35:00,7084.0,7084.5,7082.25,7082.75,664
2026-04-17 15:40:00,7082.5,7084.0,7082.0,7084.0,458
2026-04-17 15:45:00,7083.75,7084.0,7081.75,7083.5,376
2026-04-17 15:50:00,7083.25,7086.75,7083.25,7086.25,839
2026-04-17 15:55:00,7086.0,7087.75,7085.5,7086.5,1422
2026-04-17 16:00:00,7086.5,7087.5,7085.75,7087.25,1034
2026-04-17 16:05:00,7087.25,7087.75,7086.0,7086.25,906
2026-04-17 16:10:00,7086.25,7086.5,7084.5,7085.75,600
2026-04-17 16:15:00,7085.75,7087.25,7084.75,7086.25,673
2026-04-17 16:20:00,7086.5,7087.75,7085.75,7086.5,765
2026-04-17 16:25:00,7086.5,7088.0,7086.0,7087.25,979
2026-04-17 16:30:00,7087.5,7088.75,7087.0,7087.0,798
2026-04-17 16:35:00,7087.5,7087.75,7085.75,7086.75,638
2026-04-17 16:40:00,7086.75,7090.5,7086.5,7090.25,1679
2026-04-17 16:45:00,7090.0,7090.0,7088.5,7089.5,674
2026-04-17 16:50:00,7089.75,7090.5,7089.0,7090.25,611
2026-04-17 16:55:00,7090.25,7091.0,7089.75,7090.75,794
2026-04-17 17:00:00,7090.75,7091.5,7090.25,7091.0,684
2026-04-17 17:05:00,7091.0,7092.75,7089.5,7089.75,1782
2026-04-17 17:10:00,7089.5,7090.0,7088.75,7089.5,706
2026-04-17 17:15:00,7089.75,7090.0,7087.75,7088.5,710
2026-04-17 17:20:00,7088.25,7089.75,7088.25,7089.0,625
2026-04-17 17:25:00,7089.0,7092.0,7089.0,7091.5,884
2026-04-17 17:30:00,7091.75,7091.75,7088.75,7090.0,932
2026-04-17 17:35:00,7090.25,7090.75,7089.5,7090.25,796
2026-04-17 17:40:00,7090.25,7091.75,7090.0,7091.25,819
2026-04-17 17:45:00,7091.5,7092.0,7089.75,7091.75,1255
2026-04-17 17:50:00,7091.5,7093.75,7091.0,7092.25,1704
2026-04-17 17:55:00,7092.25,7093.75,7092.25,7093.0,1322
2026-04-17 18:00:00,7093.0,7094.25,7092.0,7093.75,1297
2026-04-17 18:05:00,7094.0,7094.75,7093.5,7094.75,652
2026-04-17 18:10:00,7094.75,7095.5,7093.0,7094.75,1390
2026-04-17 18:15:00,7094.75,7095.0,7091.5,7091.5,831
2026-04-17 18:20:00,7091.75,7093.0,7091.75,7092.25,604
2026-04-17 18:25:00,7092.25,7092.25,7090.5,7091.0,665
2026-04-17 18:30:00,7091.25,7091.25,7089.25,7090.0,739
2026-04-17 18:35:00,7090.25,7091.0,7089.75,7089.75,484
2026-04-17 18:40:00,7090.0,7090.0,7088.0,7089.5,907
2026-04-17 18:45:00,7089.5,7091.25,7088.5,7091.0,1197
2026-04-17 18:50:00,7091.0,7092.25,7090.5,7092.25,511
2026-04-17 18:55:00,7092.25,7092.75,7091.5,7091.75,1046
2026-04-17 19:00:00,7091.5,7094.5,7091.25,7093.0,1332
2026-04-17 19:05:00,7093.25,7094.75,7092.25,7094.25,881
2026-04-17 19:10:00,7094.5,7095.0,7093.5,7093.5,903
2026-04-17 19:15:00,7093.75,7096.0,7093.5,7095.25,1131
2026-04-17 19:20:00,7095.5,7096.25,7095.0,7095.25,677
2026-04-17 19:25:00,7095.25,7095.5,7093.25,7095.25,1039
2026-04-17 19:30:00,7095.5,7098.5,7095.25,7097.5,2212
2026-04-17 19:35:00,7097.5,7098.5,7096.75,7097.25,1143
2026-04-17 19:40:00,7097.25,7098.5,7095.5,7098.0,1345
2026-04-17 19:45:00,7098.25,7099.5,7097.5,7099.25,975
2026-04-17 19:50:00,7099.0,7101.75,7098.75,7101.5,2241
2026-04-17 19:55:00,7101.5,7102.25,7100.0,7101.0,1484
2026-04-17 20:00:00,7101.25,7104.5,7099.5,7104.0,2899
2026-04-17 20:05:00,7103.75,7105.25,7102.75,7103.5,2223
2026-04-17 20:10:00,7103.5,7106.75,7102.5,7105.75,2086
2026-04-17 20:15:00,7105.75,7106.25,7104.5,7105.5,1428
2026-04-17 20:20:00,7105.5,7107.75,7101.75,7106.25,4296
2026-04-17 20:25:00,7106.5,7114.25,7105.25,7114.25,12570
2026-04-17 20:30:00,7114.25,7120.0,7112.25,7113.75,9614
2026-04-17 20:35:00,7113.75,7116.25,7112.0,7113.0,3234
2026-04-17 20:40:00,7113.25,7113.25,7109.75,7110.25,3637
2026-04-17 20:45:00,7110.0,7133.0,7109.25,7132.0,25064
2026-04-17 20:50:00,7132.25,7135.25,7126.5,7132.25,17555
2026-04-17 20:55:00,7131.75,7137.0,7128.25,7136.0,10514
2026-04-17 21:00:00,7136.0,7136.25,7127.5,7134.5,13267
2026-04-17 21:05:00,7134.5,7145.0,7130.75,7144.0,18140
2026-04-17 21:10:00,7144.25,7147.5,7141.0,7145.5,18398
2026-04-17 21:15:00,7145.5,7145.5,7138.0,7140.25,11318
2026-04-17 21:20:00,7140.25,7140.25,7133.25,7136.0,16617
2026-04-17 21:25:00,7135.75,7136.0,7119.0,7121.0,39614
2026-04-17 21:30:00,7121.25,7130.75,7119.25,7129.0,58027
2026-04-17 21:35:00,7129.0,7135.5,7128.0,7130.25,31014
2026-04-17 21:40:00,7130.25,7132.75,7124.75,7130.75,28030
2026-04-17 21:45:00,7130.75,7134.5,7117.0,7130.25,43619
2026-04-17 21:50:00,7130.25,7138.0,7129.25,7137.25,27331
2026-04-17 21:55:00,7137.25,7143.75,7135.0,7143.5,24418
2026-04-17 22:00:00,7143.5,7149.5,7141.5,7149.0,26287
2026-04-17 22:05:00,7149.0,7152.25,7148.25,7152.0,21650
2026-04-17 22:10:00,7152.0,7154.75,7147.5,7151.75,27119
2026-04-17 22:15:00,7152.0,7153.75,7149.0,7150.25,18464
2026-04-17 22:20:00,7150.25,7154.5,7145.75,7153.5,23759
2026-04-17 22:25:00,7153.5,7155.75,7150.5,7153.25,20385
2026-04-17 22:30:00,7153.25,7163.5,7153.0,7162.5,22031
2026-04-17 22:35:00,7162.25,7164.5,7157.25,7164.25,17840
2026-04-17 22:40:00,7164.25,7171.25,7163.75,7170.0,26847
2026-04-17 22:45:00,7170.0,7174.5,7168.5,7173.5,21485
2026-04-17 22:50:00,7173.5,7174.75,7169.0,7169.75,15592
2026-04-17 22:55:00,7169.75,7169.75,7163.0,7166.0,21122
2026-04-17 23:00:00,7166.0,7173.0,7163.0,7168.25,26641
2026-04-17 23:05:00,7168.5,7172.75,7167.5,7170.0,16057
2026-04-17 23:10:00,7169.75,7171.5,7162.25,7163.5,19730
2026-04-17 23:15:00,7163.5,7168.5,7159.5,7162.75,19299
2026-04-17 23:20:00,7162.75,7167.5,7159.75,7166.25,13569
2026-04-17 23:25:00,7166.25,7168.5,7163.75,7167.5,12560
2026-04-17 23:30:00,7167.5,7174.25,7167.25,7174.0,15577
2026-04-17 23:35:00,7173.75,7175.0,7169.75,7174.0,13330
2026-04-17 23:40:00,7174.0,7174.25,7165.5,7165.75,14081
2026-04-17 23:45:00,7165.75,7174.5,7165.75,7169.5,17568
2026-04-17 23:50:00,7169.5,7175.0,7169.0,7172.0,12360
2026-04-17 23:55:00,7172.0,7174.25,7168.25,7169.0,10097
2026-04-18 00:00:00,7169.25,7177.0,7166.75,7173.5,15811
2026-04-18 00:05:00,7173.75,7178.25,7172.75,7173.25,11143
2026-04-18 00:10:00,7173.0,7177.75,7172.0,7175.25,11045
2026-04-18 00:15:00,7175.25,7176.75,7171.0,7174.5,12706
2026-04-18 00:20:00,7174.5,7177.25,7173.25,7177.0,7793
2026-04-18 00:25:00,7177.0,7177.5,7175.5,7177.25,8021
2026-04-18 00:30:00,7177.25,7182.0,7177.0,7181.25,12756
2026-04-18 00:35:00,7181.25,7184.25,7180.5,7182.75,11419
2026-04-18 00:40:00,7182.5,7184.0,7180.5,7184.0,6693
2026-04-18 00:45:00,7184.0,7185.75,7183.5,7184.0,7386
2026-04-18 00:50:00,7184.0,7185.5,7182.5,7183.0,6395
2026-04-18 00:55:00,7183.25,7183.25,7180.75,7181.0,7177
2026-04-18 01:00:00,7181.25,7183.75,7180.5,7182.75,10333
2026-04-18 01:05:00,7183.0,7183.0,7169.0,7176.0,20729
2026-04-18 01:10:00,7176.25,7176.5,7170.75,7174.0,15696
2026-04-18 01:15:00,7174.0,7175.75,7170.25,7170.75,11551
2026-04-18 01:20:00,7170.75,7172.75,7151.5,7157.0,39930
2026-04-18 01:25:00,7157.0,7163.25,7153.25,7160.5,26271
2026-04-18 01:30:00,7160.25,7164.75,7158.25,7159.75,14258
2026-04-18 01:35:00,7159.75,7165.25,7157.25,7162.0,14731
2026-04-18 01:40:00,7161.75,7163.0,7159.25,7160.75,7748
2026-04-18 01:45:00,7160.5,7169.0,7160.25,7166.0,11864
2026-04-18 01:50:00,7166.0,7168.5,7165.0,7167.25,7143
2026-04-18 01:55:00,7167.25,7168.75,7164.0,7164.5,6764
2026-04-18 02:00:00,7164.75,7166.75,7161.0,7162.25,11430
2026-04-18 02:05:00,7162.0,7162.75,7156.5,7157.75,11808
2026-04-18 02:10:00,7157.75,7160.5,7155.0,7156.5,10247
2026-04-18 02:15:00,7156.25,7160.25,7155.75,7158.0,10580
2026-04-18 02:20:00,7157.75,7160.75,7152.75,7159.5,15028
2026-04-18 02:25:00,7159.5,7165.5,7158.25,7159.5,16898
2026-04-18 02:30:00,7159.75,7165.5,7159.75,7164.5,10156
2026-04-18 02:35:00,7164.75,7165.5,7161.75,7163.0,6088
2026-04-18 02:40:00,7163.0,7164.0,7159.0,7162.75,6282
2026-04-18 02:45:00,7162.75,7163.5,7159.5,7160.5,9377
2026-04-18 02:50:00,7160.5,7161.0,7153.5,7156.75,13260
2026-04-18 02:55:00,7156.75,7161.25,7156.25,7158.0,9509
2026-04-18 03:00:00,7157.75,7160.5,7157.5,7158.25,7641
2026-04-18 03:05:00,7158.25,7158.5,7154.25,7155.5,9145
2026-04-18 03:10:00,7155.5,7156.25,7151.0,7153.0,10656
2026-04-18 03:15:00,7152.75,7157.5,7152.25,7155.75,10759
2026-04-18 03:20:00,7155.75,7157.25,7153.0,7154.5,7605
2026-04-18 03:25:00,7154.5,7156.75,7153.25,7153.75,8748
2026-04-18 03:30:00,7154.0,7160.75,7153.75,7159.0,10798
2026-04-18 03:35:00,7159.25,7162.75,7157.25,7161.5,11232
2026-04-18 03:40:00,7161.75,7165.0,7159.5,7164.25,11929
2026-04-18 03:45:00,7164.0,7164.25,7158.75,7160.0,10405
2026-04-18 03:50:00,7160.0,7163.75,7158.25,7163.0,23717
2026-04-18 03:55:00,7163.0,7165.5,7159.5,7161.25,79294
2026-04-18 04:00:00,7161.5,7164.5,7160.75,7163.5,24186
2026-04-18 04:05:00,7163.5,7165.0,7163.0,7163.75,5341
2026-04-18 04:10:00,7163.75,7166.25,7163.25,7165.25,4662
2026-04-18 04:15:00,7165.5,7166.25,7163.25,7163.75,3524
2026-04-18 04:20:00,7163.75,7164.0,7159.5,7162.0,4824
2026-04-18 04:25:00,7162.0,7163.0,7161.25,7161.75,1520
2026-04-18 04:30:00,7161.75,7163.0,7160.75,7162.75,1025
2026-04-18 04:35:00,7162.75,7165.0,7162.75,7165.0,1466
2026-04-18 04:40:00,7165.0,7165.0,7162.5,7162.5,1411
2026-04-18 04:45:00,7162.5,7163.25,7162.0,7162.25,1910
2026-04-18 04:50:00,7162.25,7165.25,7162.0,7164.75,1900
2026-04-18 04:55:00,7164.75,7164.75,7161.5,7161.5,2270
2026-04-20 06:10:00,7109.75,7112.0,7103.25,7103.5,3020
2026-04-20 06:15:00,7103.5,7106.0,7101.75,7105.0,2082
2026-04-20 06:20:00,7104.75,7108.0,7103.0,7104.0,2130
2026-04-20 06:25:00,7104.0,7106.5,7102.25,7102.75,1935
2026-04-20 06:30:00,7102.5,7107.75,7101.25,7107.0,1658
2026-04-20 06:35:00,7107.0,7109.5,7106.25,7109.5,1900
2026-04-20 06:40:00,7109.5,7116.0,7108.25,7113.75,1813
2026-04-20 06:45:00,7113.75,7115.0,7111.75,7114.5,964
2026-04-20 06:50:00,7114.5,7116.0,7112.75,7113.0,837
2026-04-20 06:55:00,7112.75,7114.0,7110.25,7110.75,1028
2026-04-20 07:00:00,7110.75,7112.25,7109.75,7112.25,830
2026-04-20 07:05:00,7112.25,7113.25,7110.25,7112.75,762
2026-04-20 07:10:00,7112.5,7114.0,7106.75,7107.5,1506
2026-04-20 07:15:00,7107.5,7109.25,7106.5,7107.0,639
2026-04-20 07:20:00,7107.0,7107.75,7106.0,7107.0,719
2026-04-20 07:25:00,7107.0,7109.0,7106.5,7107.75,726
2026-04-20 07:30:00,7108.0,7108.5,7105.25,7107.0,1257
2026-04-20 07:35:00,7107.0,7108.0,7106.0,7106.5,308
2026-04-20 07:40:00,7106.5,7107.5,7104.5,7106.5,638
2026-04-20 07:45:00,7106.5,7106.5,7102.5,7104.75,1019
2026-04-20 07:50:00,7104.75,7108.5,7104.5,7106.75,922
2026-04-20 07:55:00,7106.75,7107.75,7105.75,7106.5,393
2026-04-20 08:00:00,7106.75,7107.5,7101.5,7105.0,1649
2026-04-20 08:05:00,7105.0,7107.75,7102.25,7105.25,1562
2026-04-20 08:10:00,7105.5,7108.75,7104.0,7104.75,1035
2026-04-20 08:15:00,7104.5,7112.5,7104.5,7110.75,1862
2026-04-20 08:20:00,7110.75,7111.25,7109.0,7109.25,875
2026-04-20 08:25:00,7109.5,7112.5,7107.75,7111.75,1021
2026-04-20 08:30:00,7111.5,7113.25,7109.25,7112.5,862
2026-04-20 08:35:00,7112.25,7113.0,7108.75,7109.5,735
2026-04-20 08:40:00,7109.5,7112.0,7109.5,7111.0,322
2026-04-20 08:45:00,7111.5,7113.75,7111.0,7113.0,555
2026-04-20 08:50:00,7113.25,7114.0,7112.0,7112.5,662
2026-04-20 08:55:00,7112.25,7113.0,7111.25,7112.75,563
2026-04-20 09:00:00,7112.75,7117.75,7112.25,7117.0,2136
2026-04-20 09:05:00,7117.0,7119.5,7115.25,7119.25,1529
2026-04-20 09:10:00,7119.0,7122.0,7118.25,7121.25,2177
2026-04-20 09:15:00,7121.25,7121.25,7118.75,7119.0,607
2026-04-20 09:20:00,7119.0,7121.75,7118.25,7120.5,882
2026-04-20 09:25:00,7120.75,7121.0,7118.75,7119.5,666
2026-04-20 09:30:00,7119.25,7121.75,7119.25,7121.75,574
2026-04-20 09:35:00,7121.5,7125.0,7120.5,7124.25,1198
2026-04-20 09:40:00,7124.0,7125.25,7123.25,7124.25,839
2026-04-20 09:45:00,7124.25,7125.0,7123.75,7124.25,383
2026-04-20 09:50:00,7124.25,7126.0,7123.75,7125.25,751
2026-04-20 09:55:00,7125.25,7126.75,7124.0,7124.5,667
2026-04-20 10:00:00,7124.5,7124.5,7122.25,7123.0,591
2026-04-20 10:05:00,7123.0,7123.0,7121.25,7122.75,822
2026-04-20 10:10:00,7122.5,7122.75,7120.75,7121.75,384
2026-04-20 10:15:00,7121.5,7123.25,7121.25,7122.75,464
2026-04-20 10:20:00,7123.0,7123.25,7121.0,7123.25,446
2026-04-20 10:25:00,7123.25,7123.75,7122.0,7122.5,367
2026-04-20 10:30:00,7122.75,7123.0,7122.0,7122.75,394
2026-04-20 10:35:00,7122.75,7123.0,7121.5,7121.5,267
2026-04-20 10:40:00,7121.75,7122.0,7121.25,7121.75,285
2026-04-20 10:45:00,7121.75,7122.25,7119.5,7120.5,633
2026-04-20 10:50:00,7120.5,7121.25,7120.25,7121.25,302
2026-04-20 10:55:00,7121.5,7122.25,7120.25,7122.0,392
2026-04-20 11:00:00,7122.0,7123.0,7121.75,7122.25,382
2026-04-20 11:05:00,7122.0,7123.0,7121.25,7121.5,201
2026-04-20 11:10:00,7121.75,7122.0,7120.25,7121.0,369
2026-04-20 11:15:00,7121.0,7121.25,7119.75,7120.75,256
2026-04-20 11:20:00,7121.0,7122.75,7121.0,7122.25,193
2026-04-20 11:25:00,7122.5,7123.0,7121.5,7122.0,169
2026-04-20 11:30:00,7122.25,7123.75,7121.75,7122.25,281
2026-04-20 11:35:00,7122.25,7122.5,7121.0,7122.0,276
2026-04-20 11:40:00,7121.75,7121.75,7120.75,7121.25,405
2026-04-20 11:45:00,7121.0,7121.0,7119.0,7119.5,482
2026-04-20 11:50:00,7119.5,7120.75,7119.5,7119.75,331
2026-04-20 11:55:00,7119.75,7120.0,7118.75,7119.25,270
2026-04-20 12:00:00,7119.25,7119.25,7117.5,7118.75,682
2026-04-20 12:05:00,7118.75,7120.5,7118.25,7120.25,393
2026-04-20 12:10:00,7120.25,7120.25,7118.75,7119.5,293
2026-04-20 12:15:00,7119.5,7119.5,7118.0,7118.25,323
2026-04-20 12:20:00,7118.5,7119.25,7117.5,7119.25,401
2026-04-20 12:25:00,7119.25,7119.5,7118.25,7118.25,208
2026-04-20 12:30:00,7118.25,7118.5,7117.5,7117.75,246
2026-04-20 12:35:00,7118.0,7118.0,7116.0,7117.75,833
2026-04-20 12:40:00,7118.0,7119.5,7118.0,7119.25,337
2026-04-20 12:45:00,7119.25,7121.75,7119.25,7120.5,754
2026-04-20 12:50:00,7120.5,7121.0,7117.75,7119.5,649
2026-04-20 12:55:00,7119.25,7120.5,7119.0,7120.25,178
2026-04-20 13:00:00,7120.5,7121.0,7119.5,7120.75,390
2026-04-20 13:05:00,7120.75,7120.75,7119.0,7119.5,444
2026-04-20 13:10:00,7119.25,7119.75,7118.5,7119.5,361
2026-04-20 13:15:00,7119.25,7120.5,7118.75,7118.75,340
2026-04-20 13:20:00,7118.75,7119.0,7117.25,7118.0,658
2026-04-20 13:25:00,7117.75,7118.0,7115.0,7115.0,871
2026-04-20 13:30:00,7115.25,7115.5,7112.25,7114.75,1236
2026-04-20 13:35:00,7115.0,7116.0,7113.25,7113.5,608
2026-04-20 13:40:00,7113.5,7113.5,7109.5,7109.75,834
2026-04-20 13:45:00,7109.75,7113.5,7109.75,7111.25,821
2026-04-20 13:50:00,7111.5,7114.25,7109.75,7113.5,875
2026-04-20 13:55:00,7113.5,7115.25,7112.75,7113.75,682
2026-04-20 14:00:00,7114.0,7116.0,7113.5,7115.75,431
2026-04-20 17:30:00,7161.5,7161.5,7127.75,7127.75,59408
2026-04-20 17:35:00,7127.75,7129.25,7127.0,7128.5,625
2026-04-20 17:40:00,7128.5,7130.75,7128.5,7130.75,641
2026-04-20 17:45:00,7130.75,7131.0,7129.25,7130.25,537
2026-04-20 17:50:00,7130.0,7130.25,7128.5,7129.0,611
2026-04-20 17:55:00,7129.25,7129.75,7127.75,7128.0,589
2026-04-20 18:00:00,7128.25,7131.0,7127.5,7130.25,726
2026-04-20 18:05:00,7130.25,7134.75,7130.0,7134.25,1326
2026-04-20 18:10:00,7134.0,7136.25,7132.0,7132.5,1362
2026-04-20 18:15:00,7132.25,7135.5,7132.0,7134.5,1278
2026-04-20 18:20:00,7134.25,7134.5,7130.25,7130.25,915
2026-04-20 18:25:00,7130.25,7131.25,7129.0,7130.5,631
2026-04-20 18:30:00,7130.5,7131.25,7127.5,7127.75,620
2026-04-20 18:35:00,7127.75,7129.25,7127.5,7128.5,342
2026-04-20 18:40:00,7128.5,7128.75,7125.75,7127.0,614
2026-04-20 18:45:00,7127.0,7127.75,7127.0,7127.75,85
2026-04-20 18:55:00,7161.5,7161.5,7125.25,7126.5,2417
2026-04-20 19:00:00,7126.25,7127.0,7121.0,7122.75,2123
2026-04-20 19:05:00,7122.75,7125.75,7122.5,7125.75,815
2026-04-20 19:10:00,7125.5,7126.25,7122.25,7126.0,773
2026-04-20 19:15:00,7126.25,7127.0,7124.25,7124.75,589
2026-04-20 19:20:00,7124.5,7124.75,7122.5,7123.25,812
2026-04-20 19:25:00,7123.0,7124.75,7121.5,7122.0,869
2026-04-20 19:30:00,7121.75,7127.75,7121.25,7124.5,3318
2026-04-20 19:35:00,7124.25,7127.5,7121.75,7126.0,1661
2026-04-20 19:40:00,7126.0,7126.75,7125.5,7125.75,143
2026-04-20 19:50:00,7161.5,7161.5,7126.75,7127.75,3715
2026-04-20 19:55:00,7127.5,7129.75,7127.25,7129.0,667
2026-04-20 20:00:00,7129.25,7134.0,7126.75,7130.0,2697
2026-04-20 20:05:00,7130.0,7132.75,7129.0,7129.25,1534
2026-04-20 20:10:00,7129.25,7130.75,7128.25,7129.25,1283
2026-04-20 20:15:00,7129.5,7133.0,7128.0,7132.25,1787
2026-04-20 20:20:00,7132.25,7134.25,7129.0,7130.5,1657
2026-04-20 20:25:00,7130.25,7131.0,7129.0,7130.25,695
2026-04-20 20:30:00,7130.25,7134.0,7130.25,7133.75,1862
2026-04-20 20:35:00,7133.75,7134.75,7130.0,7131.75,1746
2026-04-20 20:40:00,7131.75,7135.5,7131.75,7134.5,1899
2026-04-20 20:45:00,7134.75,7139.0,7134.25,7138.75,3576
2026-04-20 20:50:00,7138.75,7141.0,7136.5,7138.0,3610
2026-04-20 20:55:00,7137.75,7137.75,7135.75,7136.5,1470
2026-04-20 21:00:00,7136.5,7138.0,7135.75,7137.5,1997
2026-04-20 21:05:00,7137.25,7147.5,7134.75,7140.5,13185
2026-04-20 21:10:00,7140.75,7143.0,7139.5,7141.0,4503
2026-04-20 21:15:00,7141.0,7142.5,7139.5,7140.5,2069
2026-04-20 21:20:00,7140.5,7144.5,7139.5,7143.0,4278
2026-04-20 21:25:00,7143.0,7148.25,7141.5,7148.25,7530
2026-04-20 21:30:00,7148.25,7153.5,7143.75,7151.25,36690
2026-04-20 21:35:00,7151.25,7154.5,7144.0,7146.25,21869
2026-04-20 21:40:00,7146.5,7150.25,7142.25,7148.5,17184
2026-04-20 21:45:00,7148.5,7152.75,7144.5,7146.5,18402
2026-04-20 21:50:00,7146.5,7154.25,7145.5,7153.5,18097
2026-04-20 21:55:00,7153.5,7159.5,7153.25,7156.75,17214
2026-04-20 22:00:00,7157.0,7157.5,7150.5,7152.75,16351
2026-04-20 22:05:00,7153.0,7156.75,7150.25,7154.25,12623
2026-04-20 22:10:00,7154.0,7156.25,7146.75,7153.0,18563
2026-04-20 22:15:00,7152.75,7153.75,7148.0,7151.0,16892
2026-04-20 22:20:00,7151.0,7156.0,7149.75,7155.5,12566
2026-04-20 22:25:00,7155.25,7156.75,7148.5,7149.75,13852
2026-04-20 22:30:00,7149.75,7150.5,7143.5,7146.75,17076
2026-04-20 22:35:00,7146.5,7148.0,7142.75,7145.25,13348
2026-04-20 22:40:00,7145.25,7145.5,7139.5,7141.5,21553
2026-04-20 22:45:00,7141.5,7148.0,7139.5,7147.0,13571
2026-04-20 22:50:00,7147.25,7148.25,7124.75,7138.0,50769
2026-04-20 22:55:00,7137.75,7137.75,7129.25,7131.75,23600
2026-04-20 23:00:00,7131.75,7136.25,7125.0,7127.25,20510
2026-04-20 23:05:00,7127.0,7130.0,7121.5,7125.5,21071
2026-04-20 23:10:00,7125.25,7131.25,7123.0,7127.75,17300
2026-04-20 23:15:00,7127.5,7131.75,7124.0,7129.5,14192
2026-04-20 23:20:00,7129.5,7141.25,7127.75,7136.5,36360
2026-04-20 23:25:00,7136.25,7145.25,7135.5,7143.0,21847
2026-04-20 23:30:00,7143.25,7143.25,7134.0,7135.75,19655
2026-04-20 23:35:00,7135.75,7137.25,7132.75,7136.25,9852
2026-04-20 23:40:00,7136.25,7140.75,7134.5,7135.5,9720
2026-04-20 23:45:00,7135.75,7139.0,7133.25,7135.25,9132
2026-04-20 23:50:00,7135.0,7135.75,7131.25,7135.25,10184
2026-04-20 23:55:00,7135.25,7137.75,7135.0,7136.0,6524
2026-04-21 00:00:00,7136.25,7137.25,7130.75,7131.5,7836
2026-04-21 00:05:00,7131.5,7136.5,7130.75,7134.75,8331
2026-04-21 00:10:00,7134.75,7137.75,7134.75,7136.0,7144
2026-04-21 00:15:00,7136.0,7136.25,7130.25,7135.25,9203
2026-04-21 00:20:00,7135.25,7138.0,7134.25,7136.0,7339
2026-04-21 00:25:00,7136.25,7138.25,7135.25,7136.5,5350
2026-04-21 00:30:00,7136.75,7141.25,7136.75,7139.25,8082
2026-04-21 00:35:00,7139.5,7140.0,7134.0,7135.75,7896
2026-04-21 00:40:00,7135.75,7140.75,7134.0,7137.0,8178
2026-04-21 00:45:00,7137.25,7139.25,7136.75,7137.5,3961
2026-04-21 00:50:00,7137.5,7138.5,7135.5,7137.75,6872
2026-04-21 00:55:00,7138.0,7138.0,7135.0,7136.75,5691
2026-04-21 01:00:00,7136.75,7139.0,7132.75,7134.5,11913
2026-04-21 01:05:00,7134.5,7139.0,7134.0,7138.25,5575
2026-04-21 01:10:00,7138.5,7141.75,7137.25,7140.75,5626
2026-04-21 01:15:00,7140.75,7144.0,7139.75,7143.25,7752
2026-04-21 01:20:00,7143.25,7144.25,7140.5,7142.75,5576
2026-04-21 01:25:00,7142.75,7143.25,7139.75,7140.25,6245
2026-04-21 01:30:00,7140.0,7140.5,7136.25,7136.75,11684
2026-04-21 01:35:00,7136.75,7139.75,7136.25,7139.25,10631
2026-04-21 01:40:00,7139.0,7143.0,7136.5,7140.0,7763
2026-04-21 01:45:00,7140.0,7141.0,7138.5,7140.0,4360
2026-04-21 01:50:00,7140.25,7141.0,7138.5,7140.5,2961
2026-04-21 01:55:00,7140.5,7140.75,7137.0,7137.75,3866
2026-04-21 02:00:00,7137.75,7138.25,7135.0,7137.5,6900
2026-04-21 02:05:00,7137.25,7143.0,7137.25,7142.0,8234
2026-04-21 02:10:00,7142.25,7142.5,7135.75,7142.25,12342
2026-04-21 02:15:00,7142.25,7145.0,7141.0,7144.25,6287
2026-04-21 02:20:00,7144.5,7146.5,7143.25,7146.5,6363
2026-04-21 02:25:00,7146.25,7146.5,7140.5,7143.5,11634
2026-04-21 02:30:00,7143.75,7144.25,7140.0,7143.5,9424
2026-04-21 02:35:00,7143.25,7144.0,7139.5,7139.75,8834
2026-04-21 02:40:00,7139.5,7143.25,7139.0,7141.5,6675
2026-04-21 02:45:00,7141.75,7144.25,7140.75,7143.75,3755
2026-04-21 02:50:00,7143.75,7146.75,7143.75,7146.25,5657
2026-04-21 02:55:00,7146.5,7146.5,7142.25,7143.0,5033
2026-04-21 03:00:00,7143.25,7145.0,7142.25,7143.25,5407
2026-04-21 03:05:00,7143.25,7146.0,7142.5,7144.75,5711
2026-04-21 03:10:00,7144.75,7145.5,7143.75,7145.0,3339
2026-04-21 03:15:00,7145.0,7145.5,7143.25,7143.75,3204
2026-04-21 03:20:00,7143.75,7144.25,7141.5,7142.0,4798
2026-04-21 03:25:00,7142.0,7142.25,7140.0,7140.75,5053
2026-04-21 03:30:00,7140.5,7142.25,7138.25,7138.75,8543
2026-04-21 03:35:00,7138.75,7141.0,7137.5,7140.0,7991
2026-04-21 03:40:00,7139.75,7140.75,7136.75,7137.5,8548
2026-04-21 03:45:00,7137.5,7140.0,7136.5,7139.75,10267
2026-04-21 03:50:00,7139.75,7142.5,7137.75,7141.0,20296
2026-04-21 03:55:00,7141.0,7149.25,7139.25,7148.25,84633
2026-04-21 04:00:00,7148.25,7149.5,7147.0,7148.0,31331
2026-04-21 04:05:00,7148.25,7148.25,7147.0,7147.25,4230
2026-04-21 04:10:00,7147.0,7147.75,7146.5,7146.5,3609
2026-04-21 04:15:00,7146.5,7147.0,7145.25,7146.25,2169
2026-04-21 04:20:00,7146.0,7148.25,7145.75,7147.75,1470
2026-04-21 04:25:00,7147.75,7148.25,7147.0,7147.5,1300
2026-04-21 04:30:00,7147.5,7155.5,7145.0,7155.5,6010
2026-04-21 04:35:00,7155.25,7160.5,7155.25,7158.75,6680
2026-04-21 04:40:00,7158.75,7160.0,7157.0,7157.75,3830
2026-04-21 04:45:00,7157.5,7157.5,7151.5,7152.75,2651
2026-04-21 04:50:00,7153.0,7154.5,7152.5,7153.5,1241
2026-04-21 04:55:00,7153.5,7154.25,7151.25,7152.0,1766
2026-04-21 06:00:00,7150.75,7158.75,7150.0,7157.0,0
2026-04-21 06:05:00,7157.25,7160.75,7156.75,7158.25,896
2026-04-21 06:10:00,7158.25,7159.5,7156.75,7157.25,390
2026-04-21 06:15:00,7157.0,7158.0,7156.25,7156.75,178
2026-04-21 06:20:00,7157.0,7158.25,7156.5,7157.5,165
2026-04-21 06:25:00,7157.5,7157.75,7155.75,7156.5,289
2026-04-21 06:30:00,7156.5,7157.0,7155.0,7157.0,491
2026-04-21 06:35:00,7157.25,7157.5,7155.75,7156.0,166
2026-04-21 06:40:00,7156.25,7157.75,7156.25,7157.0,161
2026-04-21 06:45:00,7157.0,7158.0,7156.75,7157.25,278
2026-04-21 06:50:00,7157.25,7158.75,7157.25,7158.5,368
2026-04-21 06:55:00,7158.5,7158.75,7157.25,7158.25,176
2026-04-21 07:00:00,7158.25,7158.5,7157.5,7157.75,172
2026-04-21 07:05:00,7157.5,7158.0,7156.75,7157.25,236
2026-04-21 07:10:00,7157.5,7158.25,7157.25,7158.0,141
2026-04-21 07:15:00,7157.75,7158.25,7156.5,7157.0,336
2026-04-21 07:20:00,7157.25,7157.5,7155.5,7156.25,204
2026-04-21 07:25:00,7156.5,7156.5,7155.5,7155.75,100
2026-04-21 07:30:00,7155.5,7156.5,7155.0,7155.5,259
2026-04-21 07:35:00,7155.5,7156.5,7155.0,7155.75,171
2026-04-21 07:40:00,7156.0,7156.25,7155.25,7155.75,130
2026-04-21 07:45:00,7155.75,7155.75,7154.75,7154.75,239
2026-04-21 07:50:00,7154.75,7155.75,7154.25,7155.0,239
2026-04-21 07:55:00,7155.0,7155.25,7154.25,7155.0,376
2026-04-21 08:00:00,7155.0,7156.75,7154.5,7155.5,983
2026-04-21 08:05:00,7155.5,7157.5,7153.75,7155.5,969
2026-04-21 08:10:00,7155.5,7158.0,7155.5,7156.0,515
2026-04-21 08:15:00,7155.75,7156.75,7154.5,7154.5,556
2026-04-21 08:20:00,7154.5,7156.0,7154.25,7155.0,359
2026-04-21 08:25:00,7155.25,7155.5,7152.25,7152.25,795
2026-04-21 08:30:00,7152.5,7153.0,7150.5,7151.5,854
2026-04-21 08:35:00,7151.5,7152.25,7150.0,7150.5,497
2026-04-21 08:40:00,7151.0,7153.75,7151.0,7152.75,414
2026-04-21 08:45:00,7153.0,7160.5,7152.75,7157.25,2531
2026-04-21 08:50:00,7157.0,7157.75,7156.25,7157.0,427
2026-04-21 08:55:00,7157.0,7159.25,7157.0,7158.25,630
2026-04-21 09:00:00,7158.5,7158.5,7156.75,7157.25,566
2026-04-21 09:05:00,7157.25,7158.5,7157.0,7157.5,532
2026-04-21 09:10:00,7157.25,7157.5,7155.75,7156.5,464
2026-04-21 09:15:00,7156.25,7158.5,7155.5,7158.5,382
2026-04-21 09:20:00,7158.25,7158.75,7157.5,7158.0,284
2026-04-21 09:25:00,7158.0,7160.0,7158.0,7159.75,349
2026-04-21 09:30:00,7159.75,7162.25,7159.25,7161.75,1256
2026-04-21 09:35:00,7161.5,7162.5,7161.0,7161.75,736
2026-04-21 09:40:00,7161.75,7162.25,7160.25,7162.25,717
2026-04-21 09:45:00,7162.0,7162.25,7161.0,7161.0,472
2026-04-21 09:50:00,7161.0,7162.0,7160.0,7160.0,552
2026-04-21 09:55:00,7160.0,7160.0,7157.25,7158.75,559
2026-04-21 10:00:00,7158.75,7159.5,7158.25,7159.0,334
2026-04-21 10:05:00,7159.0,7160.0,7158.5,7159.75,337
2026-04-21 10:10:00,7159.5,7160.5,7159.0,7160.0,236
2026-04-21 10:15:00,7160.0,7160.75,7159.5,7160.25,255
2026-04-21 10:20:00,7160.25,7160.5,7159.0,7159.75,164
2026-04-21 10:25:00,7159.5,7160.5,7159.25,7160.0,200
2026-04-21 10:30:00,7160.25,7160.5,7158.5,7158.75,315
2026-04-21 10:35:00,7158.75,7159.75,7157.75,7159.75,579
2026-04-21 10:40:00,7159.75,7160.5,7159.75,7160.0,228
2026-04-21 10:45:00,7160.25,7160.25,7159.0,7159.0,187
2026-04-21 10:50:00,7159.25,7159.75,7158.75,7159.75,166
2026-04-21 10:55:00,7159.5,7159.5,7157.5,7158.0,267
2026-04-21 11:00:00,7158.0,7158.75,7157.5,7158.25,264
2026-04-21 11:05:00,7158.5,7158.75,7158.0,7158.25,180
2026-04-21 11:10:00,7158.25,7158.5,7156.25,7156.75,336
2026-04-21 11:15:00,7156.5,7157.0,7154.75,7155.25,328
2026-04-21 11:20:00,7155.25,7155.5,7153.5,7154.5,721
2026-04-21 11:25:00,7154.75,7155.5,7153.5,7155.5,282
2026-04-21 11:30:00,7155.5,7156.0,7155.25,7155.5,165
2026-04-21 11:35:00,7155.25,7156.0,7155.0,7155.75,245
2026-04-21 11:40:00,7155.25,7155.5,7154.0,7155.25,246
2026-04-21 11:45:00,7155.25,7156.5,7155.0,7156.25,268
2026-04-21 11:50:00,7156.25,7157.0,7156.0,7156.75,328
2026-04-21 11:55:00,7156.5,7157.0,7156.0,7156.75,376
2026-04-21 12:05:00,7158.0,7158.25,7157.5,7157.5,526
2026-04-21 12:10:00,7157.25,7158.25,7157.0,7158.0,186
2026-04-21 12:15:00,7158.0,7159.0,7158.0,7158.5,189
2026-04-21 12:20:00,7158.25,7159.75,7158.25,7159.75,211
2026-04-21 12:25:00,7159.5,7160.5,7159.5,7160.0,267
2026-04-21 12:30:00,7160.0,7161.0,7159.75,7160.5,226
2026-04-21 12:35:00,7160.75,7161.25,7160.5,7160.75,193
2026-04-21 12:40:00,7161.0,7161.0,7160.0,7160.0,178
2026-04-21 12:45:00,7160.0,7161.0,7160.0,7160.25,298
2026-04-21 12:50:00,7160.5,7161.25,7160.5,7161.0,220
2026-04-21 12:55:00,7161.0,7161.25,7160.5,7160.75,193
2026-04-21 13:00:00,7160.75,7162.25,7160.0,7162.0,435
2026-04-21 13:05:00,7162.25,7164.5,7162.25,7163.5,1116
2026-04-21 13:10:00,7163.25,7164.25,7162.75,7164.25,448
2026-04-21 13:15:00,7164.25,7165.0,7163.5,7163.75,689
2026-04-21 13:20:00,7163.75,7164.25,7162.75,7164.0,356
2026-04-21 13:25:00,7164.0,7165.25,7164.0,7164.0,571
2026-04-21 13:30:00,7163.75,7163.75,7162.25,7163.25,321
2026-04-21 13:35:00,7163.0,7163.5,7162.75,7163.0,124
2026-04-21 13:40:00,7162.75,7163.25,7162.5,7162.5,190
2026-04-21 13:45:00,7162.5,7162.5,7160.5,7161.0,752
2026-04-21 13:50:00,7161.0,7162.0,7160.25,7161.5,597
2026-04-21 13:55:00,7161.5,7161.5,7160.25,7160.5,298
2026-04-21 14:00:00,7160.75,7161.5,7159.5,7160.75,366
2026-04-21 14:05:00,7160.5,7164.75,7159.75,7163.75,1096
2026-04-21 14:10:00,7163.75,7165.25,7163.25,7164.5,690
2026-04-21 14:15:00,7164.5,7164.5,7163.5,7164.25,368
2026-04-21 14:20:00,7164.75,7165.75,7163.75,7165.25,423
2026-04-21 14:25:00,7165.25,7165.25,7163.5,7163.5,159
2026-04-21 14:35:00,7148.0,7164.25,7148.0,7164.0,1044
2026-04-21 14:40:00,7164.0,7165.0,7163.75,7163.75,318
2026-04-21 14:45:00,7163.75,7164.25,7163.25,7163.5,287
2026-04-21 14:50:00,7163.5,7164.0,7162.5,7163.5,296
2026-04-21 14:55:00,7163.25,7164.0,7162.75,7162.75,268
2026-04-21 15:00:00,7163.0,7163.0,7156.5,7157.25,1845
2026-04-21 15:05:00,7157.5,7159.0,7156.75,7158.0,948
2026-04-21 15:10:00,7158.0,7159.25,7157.5,7158.0,823
2026-04-21 15:15:00,7158.25,7159.25,7157.25,7159.0,668
2026-04-21 15:20:00,7158.75,7159.75,7158.75,7159.25,465
2026-04-21 15:25:00,7159.25,7161.0,7158.0,7159.0,1365
2026-04-21 15:30:00,7159.0,7160.25,7156.75,7157.0,1132
2026-04-21 15:35:00,7157.0,7158.75,7157.0,7158.5,475
2026-04-21 15:40:00,7158.5,7160.25,7158.0,7159.25,522
2026-04-21 15:45:00,7159.25,7161.0,7159.0,7161.0,427
2026-04-21 15:50:00,7161.0,7163.25,7158.75,7159.5,1818
2026-04-21 15:55:00,7159.5,7160.25,7158.0,7158.25,631
2026-04-21 16:00:00,7158.0,7159.25,7157.25,7158.0,882
2026-04-21 16:05:00,7158.25,7158.5,7154.5,7157.0,1350
2026-04-21 16:10:00,7157.0,7157.5,7155.0,7155.25,644
2026-04-21 16:15:00,7155.25,7157.0,7155.25,7156.5,574
2026-04-21 16:20:00,7156.75,7159.0,7156.75,7158.5,620
2026-04-21 16:25:00,7158.75,7162.75,7158.5,7161.75,1039
2026-04-21 16:30:00,7161.5,7162.0,7160.25,7161.5,712
2026-04-21 16:35:00,7161.5,7162.0,7160.25,7161.75,437
2026-04-21 16:40:00,7162.0,7167.0,7161.5,7165.25,1289
2026-04-21 16:45:00,7165.25,7166.75,7164.25,7165.5,609
2026-04-21 16:50:00,7165.5,7165.75,7164.5,7165.75,474
2026-04-21 16:55:00,7165.5,7165.5,7163.75,7164.0,419
2026-04-21 17:00:00,7164.0,7164.0,7159.5,7160.5,1018
2026-04-21 17:05:00,7160.75,7162.0,7158.5,7159.5,763
2026-04-21 17:10:00,7159.75,7160.75,7159.5,7160.0,669
2026-04-21 17:15:00,7159.75,7161.5,7159.25,7161.25,524
2026-04-21 17:20:00,7161.25,7162.0,7160.0,7160.25,483
2026-04-21 17:25:00,7160.25,7161.0,7159.75,7161.0,436
2026-04-21 17:30:00,7161.0,7162.75,7161.0,7162.0,330
2026-04-21 17:35:00,7161.75,7162.5,7161.25,7162.25,389
2026-04-21 17:40:00,7162.0,7163.0,7161.5,7162.25,299
2026-04-21 17:45:00,7162.25,7163.25,7161.75,7163.0,286
2026-04-21 17:50:00,7163.0,7164.75,7163.0,7164.0,377
2026-04-21 17:55:00,7164.25,7169.75,7164.25,7168.5,3225
2026-04-21 18:00:00,7168.5,7170.0,7168.0,7168.75,997
2026-04-21 18:05:00,7168.75,7172.0,7168.75,7171.0,1610
2026-04-21 18:10:00,7171.0,7171.25,7168.75,7169.75,783
2026-04-21 18:15:00,7169.25,7169.75,7168.75,7169.25,335
2026-04-21 18:20:00,7169.25,7169.5,7168.0,7169.25,517
2026-04-21 18:25:00,7169.25,7170.0,7168.5,7169.5,611
2026-04-21 18:30:00,7169.5,7171.75,7169.25,7170.75,702
2026-04-21 18:35:00,7170.75,7173.75,7170.75,7173.0,775
2026-04-21 18:40:00,7173.0,7173.25,7171.5,7173.0,562
2026-04-21 18:45:00,7172.75,7174.75,7172.75,7174.75,979
2026-04-21 18:50:00,7174.75,7176.75,7174.75,7176.5,1163
2026-04-21 18:55:00,7176.5,7177.5,7175.5,7176.0,1101
2026-04-21 19:00:00,7175.75,7176.75,7174.25,7175.75,2238
2026-04-21 19:05:00,7176.0,7177.75,7170.0,7174.0,5998
2026-04-21 19:10:00,7174.0,7175.0,7171.75,7172.75,2763
2026-04-21 19:15:00,7173.0,7174.0,7171.25,7174.0,1033
2026-04-21 19:20:00,7174.25,7176.5,7173.75,7175.25,1516
2026-04-21 19:25:00,7175.0,7178.75,7174.0,7178.5,1740
2026-04-21 19:30:00,7178.5,7181.75,7178.0,7180.25,2903
2026-04-21 19:35:00,7180.5,7183.0,7180.25,7181.75,2254
2026-04-21 19:40:00,7182.0,7183.0,7179.5,7180.25,1681
2026-04-21 19:45:00,7180.25,7181.25,7178.75,7180.0,1252
2026-04-21 19:50:00,7180.0,7180.75,7178.0,7178.5,1741
2026-04-21 19:55:00,7178.75,7178.75,7175.0,7175.5,2857
2026-04-21 20:00:00,7175.75,7177.0,7173.75,7174.75,2007
2026-04-21 20:05:00,7174.5,7177.25,7174.25,7177.25,1288
2026-04-21 20:10:00,7177.0,7177.0,7172.5,7172.5,3310
2026-04-21 20:15:00,7172.5,7173.0,7167.0,7167.0,3301
2026-04-21 20:20:00,7167.25,7172.0,7166.5,7171.0,2206
2026-04-21 20:25:00,7171.0,7174.5,7170.0,7174.25,1617
2026-04-21 20:30:00,7173.75,7176.25,7171.5,7174.0,3222
2026-04-21 20:35:00,7174.25,7174.5,7163.75,7164.75,6640
2026-04-21 20:40:00,7164.75,7167.75,7161.75,7165.0,4298
2026-04-21 20:45:00,7165.0,7168.0,7162.0,7162.5,3673
2026-04-21 20:50:00,7162.5,7165.75,7160.75,7165.75,2539
2026-04-21 20:55:00,7165.75,7166.75,7161.75,7164.0,2543
2026-04-21 21:00:00,7164.25,7165.5,7161.5,7162.0,2589
2026-04-21 21:05:00,7161.75,7162.75,7160.25,7160.5,2800
2026-04-21 21:10:00,7160.5,7163.25,7160.5,7161.25,2272
2026-04-21 21:15:00,7161.0,7163.0,7161.0,7162.0,1760
2026-04-21 21:20:00,7162.0,7163.75,7160.0,7161.5,5318
2026-04-21 21:25:00,7161.5,7163.5,7160.5,7162.25,4940
2026-04-21 21:30:00,7162.25,7164.0,7150.25,7153.5,43023
2026-04-21 21:35:00,7153.5,7154.25,7147.0,7150.0,21148
2026-04-21 21:40:00,7150.25,7156.75,7149.5,7156.5,19570
2026-04-21 21:45:00,7156.25,7164.0,7153.25,7161.75,22607
2026-04-21 21:50:00,7161.75,7168.5,7160.75,7166.25,17771
2026-04-21 21:55:00,7166.25,7168.25,7165.5,7167.75,11403
2026-04-21 22:00:00,7167.5,7169.75,7164.5,7165.5,16401
2026-04-21 22:05:00,7165.75,7171.75,7165.0,7170.25,12915
2026-04-21 22:10:00,7170.25,7171.5,7166.75,7170.0,12147
2026-04-21 22:15:00,7170.25,7172.5,7167.75,7168.0,16225
2026-04-21 22:20:00,7168.0,7168.5,7161.25,7163.0,17376
2026-04-21 22:25:00,7163.0,7166.25,7162.5,7165.5,12619
2026-04-21 22:30:00,7165.5,7167.5,7159.25,7161.5,16106
2026-04-21 22:35:00,7161.5,7162.75,7158.0,7159.25,11200
2026-04-21 22:40:00,7159.0,7165.0,7156.75,7158.5,17964
2026-04-21 22:45:00,7158.25,7158.75,7148.75,7151.0,22801
2026-04-21 22:50:00,7151.25,7152.5,7145.75,7150.0,17926
2026-04-21 22:55:00,7149.75,7149.75,7134.0,7135.25,28382
2026-04-21 23:00:00,7135.5,7138.25,7121.5,7126.75,45873
2026-04-21 23:05:00,7126.5,7137.75,7120.75,7136.75,30431
2026-04-21 23:10:00,7136.75,7140.25,7136.5,7138.5,19319
2026-04-21 23:15:00,7138.25,7141.5,7132.5,7137.75,16731
2026-04-21 23:20:00,7137.75,7139.25,7130.5,7132.0,17169
2026-04-21 23:25:00,7132.0,7132.0,7121.75,7126.25,24179
2026-04-21 23:30:00,7126.25,7133.25,7125.25,7128.25,17210
2026-04-21 23:35:00,7128.0,7128.5,7119.25,7126.5,20624
2026-04-21 23:40:00,7126.5,7130.5,7123.25,7128.5,14490
2026-04-21 23:45:00,7128.5,7134.25,7125.75,7129.75,14153
2026-04-21 23:50:00,7129.75,7129.75,7123.5,7124.25,20504
2026-04-21 23:55:00,7124.25,7129.0,7123.75,7126.5,11166
2026-04-22 00:00:00,7126.5,7138.25,7126.5,7131.0,26478
2026-04-22 00:05:00,7131.0,7134.5,7129.0,7132.75,10441
2026-04-22 00:10:00,7132.75,7133.0,7125.25,7128.25,10985
2026-04-22 00:15:00,7128.0,7131.25,7126.5,7129.0,7615
2026-04-22 00:20:00,7129.0,7129.25,7123.25,7124.5,12839
2026-04-22 00:25:00,7124.5,7125.5,7121.75,7122.75,9138
2026-04-22 00:30:00,7122.75,7128.75,7122.5,7128.25,9138
2026-04-22 00:35:00,7128.5,7131.0,7122.0,7124.25,10854
2026-04-22 00:40:00,7124.5,7125.5,7115.5,7117.75,12992
2026-04-22 00:45:00,7117.75,7125.5,7117.5,7125.0,11304
2026-04-22 00:50:00,7124.75,7125.25,7119.0,7120.25,7969
2026-04-22 00:55:00,7120.25,7120.25,7113.5,7114.75,10955
2026-04-22 01:00:00,7114.5,7122.0,7114.5,7118.5,9948
2026-04-22 01:05:00,7118.5,7118.5,7106.25,7113.5,41687
2026-04-22 01:10:00,7113.5,7114.0,7102.0,7105.75,27036
2026-04-22 01:15:00,7105.75,7108.5,7098.0,7099.0,19467
2026-04-22 01:20:00,7099.25,7105.0,7096.75,7103.25,16574
2026-04-22 01:25:00,7103.0,7108.5,7102.5,7105.5,12991
2026-04-22 01:30:00,7105.5,7113.25,7105.0,7111.0,13234
2026-04-22 01:35:00,7111.0,7127.25,7108.75,7122.0,29382
2026-04-22 01:40:00,7122.0,7133.25,7120.5,7124.0,43966
2026-04-22 01:45:00,7124.25,7124.75,7117.25,7121.0,15918
2026-04-22 01:50:00,7120.75,7123.5,7115.0,7117.0,11944
2026-04-22 01:55:00,7116.75,7117.5,7111.75,7116.75,12117
2026-04-22 02:00:00,7116.75,7123.5,7116.75,7119.0,13144
2026-04-22 02:05:00,7119.0,7122.75,7116.75,7117.25,9489
2026-04-22 02:10:00,7117.25,7118.25,7113.5,7118.25,8761
2026-04-22 02:15:00,7118.25,7120.75,7105.5,7110.0,26319
2026-04-22 02:20:00,7110.0,7112.0,7106.75,7109.25,9048
2026-04-22 02:25:00,7109.0,7111.5,7107.5,7109.75,6794
2026-04-22 02:30:00,7110.0,7116.5,7109.75,7115.75,8862
2026-04-22 02:35:00,7116.0,7116.5,7111.25,7112.75,5631
2026-04-22 02:40:00,7113.0,7115.0,7111.75,7113.25,5289
2026-04-22 02:45:00,7113.5,7114.5,7110.0,7110.5,6061
2026-04-22 02:50:00,7110.75,7126.5,7109.0,7123.0,18469
2026-04-22 02:55:00,7122.75,7128.0,7115.75,7122.0,28975
2026-04-22 03:00:00,7122.25,7128.0,7122.25,7125.5,15026
2026-04-22 03:05:00,7125.5,7127.75,7123.25,7126.25,8831
2026-04-22 03:10:00,7126.0,7132.5,7121.0,7125.5,22685
2026-04-22 03:15:00,7125.5,7128.75,7121.75,7126.0,19571
2026-04-22 03:20:00,7126.0,7135.5,7126.0,7134.5,18779
2026-04-22 03:25:00,7134.25,7137.5,7133.25,7136.75,12725
2026-04-22 03:30:00,7136.75,7138.5,7130.75,7132.5,12401
2026-04-22 03:35:00,7132.75,7132.75,7116.25,7121.75,23451
2026-04-22 03:40:00,7121.75,7122.5,7085.0,7090.75,63963
2026-04-22 03:45:00,7090.5,7103.5,7089.75,7099.0,36092
2026-04-22 03:50:00,7099.25,7107.0,7092.5,7096.0,28561
2026-04-22 03:55:00,7096.25,7103.75,7093.5,7100.5,86994
2026-04-22 04:00:00,7100.5,7101.75,7093.5,7094.75,25406
2026-04-22 04:05:00,7094.5,7140.0,7091.75,7123.25,16114
2026-04-22 04:10:00,7123.25,7137.0,7109.75,7124.75,26011
2026-04-22 04:15:00,7125.25,7129.5,7120.75,7121.5,9724
2026-04-22 04:20:00,7121.5,7130.25,7120.75,7128.75,4926
2026-04-22 04:25:00,7128.5,7128.75,7121.5,7122.25,3715
2026-04-22 04:30:00,7122.0,7124.75,7120.0,7124.5,3130
2026-04-22 04:35:00,7124.5,7126.25,7123.0,7123.75,2296
2026-04-22 04:40:00,7123.5,7123.5,7120.0,7120.75,2258
2026-04-22 04:45:00,7121.0,7124.0,7118.25,7123.25,2554
2026-04-22 04:50:00,7123.25,7128.5,7123.0,7128.25,1944
2026-04-22 04:55:00,7128.0,7128.25,7121.75,7122.25,2053
2026-04-22 06:00:00,7125.0,7128.25,7123.75,7127.25,0
2026-04-22 06:05:00,7127.25,7129.5,7125.25,7127.5,1010
2026-04-22 06:10:00,7127.25,7130.5,7127.0,7129.0,532
2026-04-22 06:15:00,7128.75,7129.75,7127.5,7128.5,541
2026-04-22 06:20:00,7128.25,7128.5,7126.5,7127.5,203
2026-04-22 06:25:00,7127.5,7128.0,7126.5,7127.75,322
2026-04-22 06:30:00,7127.75,7128.75,7125.75,7127.0,385
2026-04-22 06:35:00,7127.0,7128.25,7126.75,7127.0,206
2026-04-22 06:40:00,7127.0,7127.75,7126.75,7126.75,155
2026-04-22 06:45:00,7126.5,7127.5,7126.5,7126.75,168
2026-04-22 06:50:00,7126.75,7127.0,7121.25,7125.0,1310
2026-04-22 06:55:00,7125.0,7125.5,7122.75,7124.25,548
2026-04-22 07:00:00,7124.25,7127.75,7123.0,7126.5,804
2026-04-22 07:05:00,7126.75,7127.75,7126.75,7127.0,231
2026-04-22 07:10:00,7126.75,7127.75,7126.25,7126.75,184
2026-04-22 07:15:00,7126.5,7128.0,7126.0,7127.75,310
2026-04-22 07:20:00,7127.75,7127.75,7125.0,7125.5,588
2026-04-22 07:25:00,7125.75,7126.5,7125.25,7126.0,132
2026-04-22 07:30:00,7126.25,7127.25,7124.25,7126.25,398
2026-04-22 07:35:00,7126.25,7128.0,7124.5,7127.25,326
2026-04-22 07:40:00,7127.0,7129.5,7127.0,7129.0,309
2026-04-22 07:45:00,7129.0,7130.5,7128.75,7130.5,874
2026-04-22 07:50:00,7130.5,7131.25,7129.75,7130.75,934
2026-04-22 07:55:00,7130.5,7131.25,7129.75,7131.0,338
2026-04-22 08:00:00,7131.25,7134.0,7131.25,7132.75,1130
2026-04-22 08:05:00,7132.75,7135.5,7131.5,7135.0,1027
2026-04-22 08:10:00,7135.0,7138.0,7134.75,7136.25,1843
2026-04-22 08:15:00,7136.5,7138.75,7134.25,7137.5,1367
2026-04-22 08:20:00,7137.5,7140.0,7137.25,7138.0,831
2026-04-22 08:25:00,7138.0,7138.5,7136.0,7136.5,696
2026-04-22 08:30:00,7136.25,7138.75,7136.0,7137.5,501
2026-04-22 08:35:00,7137.25,7138.75,7137.0,7137.75,445
2026-04-22 08:40:00,7137.75,7137.75,7136.75,7137.25,292
2026-04-22 08:45:00,7137.0,7137.25,7134.75,7135.0,563
2026-04-22 08:50:00,7135.0,7135.75,7133.5,7135.5,716
2026-04-22 08:55:00,7135.25,7135.75,7134.0,7134.5,355
2026-04-22 09:00:00,7134.5,7138.0,7134.25,7137.0,711
2026-04-22 09:05:00,7137.0,7137.5,7135.5,7136.75,507
2026-04-22 09:10:00,7137.0,7138.0,7135.75,7136.0,331
2026-04-22 09:15:00,7136.0,7136.5,7134.25,7134.5,390
2026-04-22 09:20:00,7134.5,7136.75,7134.25,7135.25,333
2026-04-22 09:25:00,7136.0,7136.5,7135.0,7135.75,308
2026-04-22 09:30:00,7135.75,7136.75,7135.25,7136.0,427
2026-04-22 09:35:00,7136.25,7142.0,7136.25,7141.0,1129
2026-04-22 09:40:00,7140.75,7141.5,7138.0,7138.75,875
2026-04-22 09:45:00,7138.75,7139.25,7136.75,7138.75,598
2026-04-22 09:50:00,7139.0,7140.25,7138.75,7139.5,466
2026-04-22 09:55:00,7139.25,7140.0,7138.25,7139.75,306
2026-04-22 10:00:00,7139.75,7141.75,7139.5,7139.75,644
2026-04-22 10:05:00,7139.75,7141.25,7139.0,7140.75,348
2026-04-22 10:10:00,7140.5,7142.25,7140.5,7141.5,324
2026-04-22 10:15:00,7142.0,7142.5,7141.0,7141.75,339
2026-04-22 10:20:00,7142.0,7142.75,7140.75,7140.75,448
2026-04-22 10:25:00,7140.75,7143.0,7140.0,7142.25,441
2026-04-22 10:30:00,7142.25,7143.0,7140.5,7141.25,332
2026-04-22 10:35:00,7141.25,7142.5,7140.5,7141.0,372
2026-04-22 10:40:00,7140.75,7141.0,7139.75,7140.0,236
2026-04-22 10:45:00,7140.0,7140.75,7139.5,7139.75,205
2026-04-22 10:50:00,7139.5,7140.25,7139.25,7140.0,190
2026-04-22 10:55:00,7140.25,7140.5,7139.5,7139.75,190
2026-04-22 11:00:00,7139.75,7140.75,7138.5,7140.25,293
2026-04-22 11:05:00,7140.75,7141.5,7140.0,7140.25,208
2026-04-22 11:10:00,7140.0,7140.25,7137.75,7137.75,459
2026-04-22 11:15:00,7137.75,7138.5,7137.25,7137.5,341
2026-04-22 11:20:00,7137.5,7138.25,7136.75,7137.75,254
2026-04-22 11:25:00,7137.75,7138.5,7137.5,7138.0,223
2026-04-22 11:30:00,7138.0,7140.25,7138.0,7139.25,552
2026-04-22 11:35:00,7139.25,7139.5,7136.75,7137.0,335
2026-04-22 11:40:00,7137.0,7137.75,7135.5,7137.5,361
2026-04-22 11:45:00,7137.5,7138.0,7137.25,7137.5,132
2026-04-22 11:50:00,7137.25,7138.0,7136.25,7136.5,227
2026-04-22 11:55:00,7136.75,7137.0,7135.5,7136.75,139
2026-04-22 12:05:00,7137.0,7137.0,7137.0,7137.0,309
2026-04-22 12:10:00,7137.0,7138.0,7134.25,7137.25,1110
2026-04-22 12:15:00,7137.25,7137.75,7135.0,7135.5,446
2026-04-22 12:20:00,7135.5,7135.5,7134.25,7134.75,204
2026-04-22 12:25:00,7134.5,7135.0,7134.0,7134.0,180
2026-04-22 12:30:00,7134.0,7134.25,7132.0,7133.25,389
2026-04-22 12:35:00,7133.25,7134.5,7133.25,7133.5,167
2026-04-22 12:40:00,7133.75,7134.5,7133.0,7134.0,182
2026-04-22 12:45:00,7133.75,7135.0,7133.75,7134.5,304
2026-04-22 12:50:00,7134.75,7134.75,7131.0,7131.0,542
2026-04-22 12:55:00,7131.0,7131.25,7129.5,7130.25,352
2026-04-22 13:00:00,7130.25,7131.75,7128.5,7130.75,519
2026-04-22 13:05:00,7131.0,7133.25,7130.0,7132.75,462
2026-04-22 13:10:00,7132.75,7134.5,7132.75,7133.5,304
2026-04-22 13:15:00,7133.5,7147.25,7133.5,7141.75,6709
2026-04-22 13:20:00,7142.0,7145.5,7141.5,7144.75,1868
2026-04-22 13:25:00,7144.75,7147.5,7140.0,7140.5,1617
2026-04-22 13:30:00,7140.5,7142.75,7139.75,7142.25,674
2026-04-22 13:35:00,7142.25,7143.0,7140.75,7140.75,583
2026-04-22 13:40:00,7140.75,7143.75,7140.0,7143.0,401
2026-04-22 13:45:00,7142.75,7143.75,7141.0,7141.0,404
2026-04-22 13:50:00,7140.75,7143.25,7140.75,7141.75,361
2026-04-22 13:55:00,7141.75,7142.0,7141.0,7141.0,212
2026-04-22 14:00:00,7141.0,7141.25,7137.75,7139.0,953
2026-04-22 14:05:00,7138.75,7140.0,7135.5,7136.25,549
2026-04-22 14:10:00,7136.25,7137.0,7134.75,7135.75,531
2026-04-22 14:15:00,7135.5,7136.75,7134.0,7135.75,595
2026-04-22 14:20:00,7135.75,7136.25,7134.75,7136.0,490
2026-04-22 14:25:00,7136.0,7138.25,7136.0,7138.0,541
2026-04-22 14:30:00,7138.0,7142.75,7138.0,7142.0,1064
2026-04-22 14:35:00,7141.75,7143.75,7141.5,7142.5,910
2026-04-22 14:40:00,7142.25,7143.25,7141.25,7141.5,431
2026-04-22 14:45:00,7141.25,7143.5,7140.75,7142.75,641
2026-04-22 14:50:00,7142.5,7143.5,7140.5,7140.5,385
2026-04-22 14:55:00,7140.5,7142.0,7140.25,7142.0,342
2026-04-22 15:00:00,7142.0,7144.5,7141.25,7143.25,1336
2026-04-22 15:05:00,7143.25,7145.25,7142.5,7145.0,1088
2026-04-22 15:10:00,7144.75,7145.25,7143.0,7144.25,810
2026-04-22 15:15:00,7144.0,7144.0,7139.5,7140.75,898
2026-04-22 15:20:00,7140.75,7144.0,7140.25,7143.25,708
2026-04-22 15:25:00,7143.25,7145.25,7143.0,7144.75,752
2026-04-22 15:30:00,7144.75,7145.5,7144.0,7144.5,656
2026-04-22 15:35:00,7144.75,7146.0,7143.75,7143.75,972
2026-04-22 15:40:00,7143.5,7146.75,7141.5,7146.5,1548
2026-04-22 15:45:00,7146.25,7147.0,7143.5,7144.0,1087
2026-04-22 15:50:00,7144.0,7145.0,7142.0,7142.75,719
2026-04-22 15:55:00,7143.0,7144.5,7142.25,7142.25,668
2026-04-22 16:00:00,7142.5,7144.0,7140.25,7140.5,1007
2026-04-22 16:05:00,7140.5,7142.25,7139.0,7139.25,909
2026-04-22 16:10:00,7139.25,7142.25,7139.25,7140.25,836
2026-04-22 16:15:00,7140.25,7140.25,7137.25,7138.0,1234
2026-04-22 16:20:00,7138.0,7138.0,7134.5,7135.75,1535
2026-04-22 16:25:00,7135.5,7138.75,7134.75,7135.25,1218
2026-04-22 16:30:00,7135.5,7137.25,7130.25,7131.25,1667
2026-04-22 16:35:00,7131.0,7133.25,7130.0,7130.75,1518
2026-04-22 16:40:00,7130.5,7136.0,7130.0,7135.0,1627
2026-04-22 16:45:00,7135.25,7135.75,7132.75,7135.0,707
2026-04-22 16:50:00,7135.0,7137.75,7134.25,7137.5,656
2026-04-22 16:55:00,7137.75,7139.25,7137.0,7138.5,834
2026-04-22 17:00:00,7138.5,7145.5,7137.5,7141.25,3055
2026-04-22 17:05:00,7141.0,7145.0,7141.0,7143.0,1778
2026-04-22 17:10:00,7143.0,7144.5,7142.0,7144.25,584
2026-04-22 17:15:00,7144.25,7145.0,7143.0,7143.25,711
2026-04-22 17:20:00,7143.0,7146.5,7142.25,7145.75,641
2026-04-22 17:25:00,7145.75,7146.5,7145.0,7145.5,454
2026-04-22 17:30:00,7145.5,7146.0,7143.5,7144.75,814
2026-04-22 17:35:00,7144.75,7145.25,7143.75,7144.5,541
2026-04-22 17:40:00,7144.5,7146.5,7144.5,7146.25,437
2026-04-22 17:45:00,7146.0,7146.5,7144.0,7144.5,522
2026-04-22 17:50:00,7144.5,7145.25,7137.75,7138.75,1654
2026-04-22 17:55:00,7138.75,7139.5,7134.0,7138.25,1840
2026-04-22 18:00:00,7138.5,7141.5,7134.75,7136.5,1300
2026-04-22 18:05:00,7136.5,7140.0,7135.0,7136.5,1339
2026-04-22 18:10:00,7136.75,7138.75,7132.75,7135.25,2051
2026-04-22 18:15:00,7135.25,7138.0,7135.25,7137.5,680
2026-04-22 18:20:00,7137.5,7139.75,7136.25,7137.5,850
2026-04-22 18:25:00,7137.5,7140.0,7137.0,7139.75,663
2026-04-22 18:30:00,7139.75,7142.5,7138.75,7142.25,1047
2026-04-22 18:35:00,7142.25,7143.5,7139.0,7139.75,1752
2026-04-22 18:40:00,7139.5,7140.75,7138.25,7139.0,667
2026-04-22 18:45:00,7139.25,7139.5,7138.0,7138.75,456
2026-04-22 18:50:00,7138.75,7140.25,7138.5,7140.0,562
2026-04-22 18:55:00,7139.75,7140.0,7138.5,7139.0,448
2026-04-22 19:00:00,7138.75,7140.25,7135.75,7138.25,1753
2026-04-22 19:05:00,7138.5,7139.25,7137.0,7137.0,711
2026-04-22 19:10:00,7137.25,7138.75,7136.5,7136.5,487
2026-04-22 19:15:00,7136.25,7139.5,7135.5,7139.0,1033
2026-04-22 19:20:00,7139.0,7139.75,7136.25,7136.5,1188
2026-04-22 19:25:00,7136.5,7138.0,7136.25,7137.0,699
2026-04-22 19:30:00,7137.25,7139.5,7137.0,7138.25,1146
2026-04-22 19:35:00,7138.5,7139.25,7136.75,7138.75,930
2026-04-22 19:40:00,7138.75,7139.5,7135.75,7136.75,1544
2026-04-22 19:45:00,7136.75,7142.5,7136.25,7141.75,1637
2026-04-22 19:50:00,7141.75,7143.0,7141.25,7142.75,1237
2026-04-22 19:55:00,7142.75,7142.75,7141.5,7142.0,890
2026-04-22 20:00:00,7142.0,7149.0,7142.0,7148.25,3317
2026-04-22 20:05:00,7148.25,7151.25,7147.5,7150.25,2493
2026-04-22 20:10:00,7150.25,7156.5,7149.0,7155.25,5109
2026-04-22 20:15:00,7155.5,7155.75,7152.5,7153.75,3857
2026-04-22 20:20:00,7153.5,7154.25,7151.5,7153.25,2237
2026-04-22 20:25:00,7153.0,7157.25,7148.25,7148.75,5596
2026-04-22 20:30:00,7148.75,7150.5,7145.5,7149.0,4674
2026-04-22 20:35:00,7149.0,7149.0,7143.0,7145.0,4768
2026-04-22 20:40:00,7145.0,7147.25,7143.0,7143.5,4508
2026-04-22 20:45:00,7143.5,7146.0,7139.5,7140.5,2925
2026-04-22 20:50:00,7140.5,7142.25,7139.25,7141.75,2776
2026-04-22 20:55:00,7141.75,7143.0,7138.0,7139.0,2639
2026-04-22 21:00:00,7139.0,7141.0,7137.5,7140.5,2803
2026-04-22 21:05:00,7140.5,7150.75,7139.0,7143.5,10568
2026-04-22 21:10:00,7143.25,7144.0,7139.75,7142.25,5458
2026-04-22 21:15:00,7142.25,7151.5,7139.5,7149.5,8658
2026-04-22 21:20:00,7149.25,7152.75,7143.5,7148.75,9979
2026-04-22 21:25:00,7148.75,7150.75,7146.75,7150.0,6963
2026-04-22 21:30:00,7150.25,7152.25,7143.25,7144.0,31183
2026-04-22 21:35:00,7143.75,7148.5,7140.75,7147.5,15851
2026-04-22 21:40:00,7147.75,7151.0,7144.25,7145.75,13731
2026-04-22 21:45:00,7146.0,7153.5,7143.0,7145.25,18089
2026-04-22 21:50:00,7145.0,7151.0,7141.0,7150.75,14719
2026-04-22 21:55:00,7151.0,7153.5,7146.5,7152.75,12346
2026-04-22 22:00:00,7152.75,7158.25,7151.25,7152.5,18751
2026-04-22 22:05:00,7152.75,7156.75,7146.25,7154.25,16377
2026-04-22 22:10:00,7154.25,7160.5,7154.25,7160.0,13555
2026-04-22 22:15:00,7160.0,7163.25,7159.75,7162.5,16001
2026-04-22 22:20:00,7162.25,7166.25,7160.5,7162.25,18372
2026-04-22 22:25:00,7162.25,7165.5,7161.25,7164.5,12509
2026-04-22 22:30:00,7164.25,7165.25,7154.5,7158.25,23548
2026-04-22 22:35:00,7158.25,7165.0,7153.25,7163.75,16970
2026-04-22 22:40:00,7163.75,7165.75,7153.75,7156.25,15862
2026-04-22 22:45:00,7156.25,7161.75,7156.0,7160.5,9250
2026-04-22 22:50:00,7160.5,7162.25,7153.75,7157.5,12052
2026-04-22 22:55:00,7157.25,7159.5,7154.25,7159.25,10427
2026-04-22 23:00:00,7159.25,7160.25,7151.75,7153.0,15243
2026-04-22 23:05:00,7153.25,7161.25,7151.75,7157.5,14414
2026-04-22 23:10:00,7157.5,7160.75,7156.5,7157.25,9299
2026-04-22 23:15:00,7157.25,7159.0,7154.5,7158.0,9231
2026-04-22 23:20:00,7157.75,7163.5,7157.5,7160.75,9356
2026-04-22 23:25:00,7160.75,7164.0,7156.5,7160.75,15026
2026-04-22 23:30:00,7160.75,7163.25,7158.75,7160.0,9855
2026-04-22 23:35:00,7160.0,7161.5,7155.25,7156.5,9959
2026-04-22 23:40:00,7156.5,7158.25,7151.25,7151.5,10628
2026-04-22 23:45:00,7151.5,7158.0,7150.0,7156.25,10551
2026-04-22 23:50:00,7156.25,7156.75,7153.25,7155.25,7752
2026-04-22 23:55:00,7155.5,7159.25,7154.5,7154.75,8501
2026-04-23 00:00:00,7155.0,7158.0,7152.5,7157.75,11476
2026-04-23 00:05:00,7157.5,7160.25,7156.75,7158.25,7924
2026-04-23 00:10:00,7158.25,7159.0,7154.5,7157.75,5649
2026-04-23 00:15:00,7158.0,7159.0,7152.5,7152.75,5452
2026-04-23 00:20:00,7152.75,7156.75,7152.25,7154.0,6063
2026-04-23 00:25:00,7154.0,7154.25,7148.75,7150.0,7860
2026-04-23 00:30:00,7150.0,7151.5,7146.5,7150.5,9735
2026-04-23 00:35:00,7150.75,7154.75,7149.25,7153.75,8400
2026-04-23 00:40:00,7153.75,7155.5,7147.75,7149.25,14088
2026-04-23 00:45:00,7149.25,7152.75,7147.5,7152.0,7470
2026-04-23 00:50:00,7152.0,7152.5,7148.0,7151.5,9339
2026-04-23 00:55:00,7151.5,7151.5,7146.75,7147.75,9003
2026-04-23 01:00:00,7147.75,7156.0,7147.75,7154.75,14489
2026-04-23 01:05:00,7154.75,7156.5,7152.25,7156.5,8097
2026-04-23 01:10:00,7156.5,7162.75,7156.0,7158.0,14833
2026-04-23 01:15:00,7158.25,7160.0,7154.5,7155.5,6739
2026-04-23 01:20:00,7155.75,7163.0,7155.5,7160.0,9820
2026-04-23 01:25:00,7160.0,7161.5,7158.75,7159.0,5593
2026-04-23 01:30:00,7159.25,7161.75,7158.75,7159.5,5822
2026-04-23 01:35:00,7159.5,7160.75,7157.5,7159.0,5023
2026-04-23 01:40:00,7159.0,7162.0,7159.0,7160.75,4275
2026-04-23 01:45:00,7161.0,7162.75,7156.75,7160.5,13609
2026-04-23 01:50:00,7160.75,7162.0,7159.0,7160.0,5973
2026-04-23 01:55:00,7160.0,7160.75,7158.0,7158.25,4527
2026-04-23 02:00:00,7158.25,7160.0,7157.0,7159.25,6754
2026-04-23 02:05:00,7159.0,7160.5,7157.5,7157.75,3815
2026-04-23 02:10:00,7157.5,7160.0,7156.75,7157.75,5447
2026-04-23 02:15:00,7157.75,7157.75,7154.5,7154.75,8479
2026-04-23 02:20:00,7154.5,7154.75,7150.5,7153.5,10065
2026-04-23 02:25:00,7153.5,7154.5,7152.5,7152.75,5735
2026-04-23 02:30:00,7152.75,7156.5,7151.75,7154.5,6128
2026-04-23 02:35:00,7154.5,7157.0,7154.5,7157.0,3512
2026-04-23 02:40:00,7157.0,7158.0,7156.25,7156.75,3932
2026-04-23 02:45:00,7157.0,7159.5,7155.75,7157.75,5150
2026-04-23 02:50:00,7157.5,7158.75,7156.25,7156.25,4412
2026-04-23 02:55:00,7156.25,7156.75,7153.25,7154.5,7708
2026-04-23 03:00:00,7154.5,7155.0,7150.0,7153.75,16763
2026-04-23 03:05:00,7153.5,7157.25,7152.5,7157.25,7317
2026-04-23 03:10:00,7157.0,7158.5,7155.75,7157.75,5232
2026-04-23 03:15:00,7157.75,7162.0,7157.25,7161.5,9422
2026-04-23 03:20:00,7161.75,7163.0,7160.0,7161.25,7800
2026-04-23 03:25:00,7161.25,7164.0,7161.0,7162.75,6871
2026-04-23 03:30:00,7162.75,7164.0,7159.75,7160.5,8721
2026-04-23 03:35:00,7160.5,7163.5,7159.5,7162.5,6728
2026-04-23 03:40:00,7162.5,7163.75,7161.75,7162.75,5633
2026-04-23 03:45:00,7162.5,7165.75,7162.0,7165.75,9491
2026-04-23 03:50:00,7165.5,7171.5,7162.75,7168.75,26012
2026-04-23 03:55:00,7168.75,7173.0,7167.25,7170.25,69229
2026-04-23 04:00:00,7170.25,7173.0,7166.5,7170.5,20186
2026-04-23 04:05:00,7170.25,7172.0,7169.0,7169.5,6054
2026-04-23 04:10:00,7169.25,7169.5,7163.25,7163.75,5698
2026-04-23 04:15:00,7163.5,7165.25,7160.0,7164.75,4776
2026-04-23 04:20:00,7164.5,7164.75,7161.75,7162.5,1612
2026-04-23 04:25:00,7162.75,7163.75,7162.0,7163.25,1094
2026-04-23 04:30:00,7163.5,7165.25,7163.25,7163.75,1311
2026-04-23 04:35:00,7163.75,7164.25,7156.0,7160.5,3990
2026-04-23 04:40:00,7160.5,7162.25,7160.25,7161.75,948
2026-04-23 04:45:00,7161.5,7162.75,7161.25,7161.25,1143
2026-04-23 04:50:00,7161.5,7163.5,7161.25,7163.25,1261
2026-04-23 04:55:00,7163.0,7164.75,7162.25,7164.5,1297
2026-04-23 06:00:00,7163.0,7164.0,7158.25,7160.25,0
2026-04-23 06:05:00,7160.25,7163.0,7160.25,7162.25,348
2026-04-23 06:10:00,7162.0,7163.0,7161.0,7161.0,268
2026-04-23 06:15:00,7160.75,7163.25,7160.5,7162.5,439
2026-04-23 06:20:00,7162.5,7163.0,7161.5,7162.5,257
2026-04-23 06:25:00,7162.25,7163.5,7160.25,7160.5,240
2026-04-23 06:30:00,7160.5,7161.0,7159.5,7161.0,303
2026-04-23 06:35:00,7160.75,7160.75,7158.5,7160.0,350
2026-04-23 06:40:00,7159.75,7161.25,7159.25,7159.75,209
2026-04-23 06:45:00,7160.0,7161.0,7159.75,7160.75,178
2026-04-23 06:50:00,7161.0,7161.25,7160.25,7160.5,120
2026-04-23 06:55:00,7160.75,7161.75,7160.0,7161.0,154
2026-04-23 07:00:00,7161.0,7161.25,7159.5,7160.25,138
2026-04-23 07:05:00,7160.25,7161.0,7160.0,7160.75,112
2026-04-23 07:10:00,7160.75,7162.0,7160.75,7161.5,156
2026-04-23 07:15:00,7161.75,7162.0,7161.0,7162.0,153
2026-04-23 07:20:00,7162.25,7163.25,7161.5,7162.25,495
2026-04-23 07:25:00,7162.25,7162.75,7162.0,7162.75,78
2026-04-23 07:30:00,7162.5,7162.5,7160.75,7161.75,192
2026-04-23 07:35:00,7161.75,7162.0,7161.5,7161.75,104
2026-04-23 07:40:00,7161.5,7161.75,7161.25,7161.75,97
2026-04-23 07:45:00,7161.75,7163.0,7161.5,7162.75,310
2026-04-23 07:50:00,7162.75,7163.0,7161.5,7162.25,150
2026-04-23 07:55:00,7162.25,7163.25,7161.5,7162.75,296
2026-04-23 08:00:00,7162.5,7163.0,7157.75,7158.5,1268
2026-04-23 08:05:00,7158.5,7159.5,7148.0,7148.5,2659
2026-04-23 08:10:00,7148.5,7149.75,7122.75,7123.25,8175
2026-04-23 08:15:00,7123.5,7153.25,7105.5,7151.0,19407
2026-04-23 08:20:00,7151.0,7154.75,7139.25,7141.5,9502
2026-04-23 08:25:00,7141.75,7154.25,7141.75,7153.0,3343
2026-04-23 08:30:00,7153.25,7158.25,7150.5,7153.5,2723
2026-04-23 08:35:00,7153.25,7154.5,7149.25,7150.75,1357
2026-04-23 08:40:00,7151.0,7153.75,7150.0,7152.0,906
2026-04-23 08:45:00,7152.0,7156.25,7150.0,7151.25,1197
2026-04-23 08:50:00,7151.0,7156.25,7150.5,7154.0,1125
2026-04-23 08:55:00,7154.25,7155.0,7153.0,7154.75,548
2026-04-23 09:00:00,7154.75,7155.25,7152.5,7152.75,850
2026-04-23 09:05:00,7152.75,7154.5,7151.75,7152.75,546
2026-04-23 09:10:00,7152.75,7152.75,7146.5,7149.0,1521
2026-04-23 09:15:00,7149.0,7150.25,7147.25,7148.5,723
2026-04-23 09:20:00,7148.25,7149.0,7146.25,7147.25,428
2026-04-23 09:25:00,7147.25,7149.75,7144.5,7145.25,751
2026-04-23 09:30:00,7145.5,7148.5,7142.5,7143.75,1320
2026-04-23 09:35:00,7143.75,7145.25,7141.5,7143.75,1101
2026-04-23 09:40:00,7143.75,7147.0,7142.75,7145.0,798
2026-04-23 09:45:00,7145.0,7145.5,7142.0,7143.25,637
2026-04-23 09:50:00,7143.0,7143.5,7139.5,7140.0,1104
2026-04-23 09:55:00,7140.25,7142.25,7139.75,7141.5,770
2026-04-23 10:00:00,7141.5,7141.5,7139.25,7139.75,747
2026-04-23 10:05:00,7140.0,7141.25,7138.5,7139.0,787
2026-04-23 10:10:00,7139.0,7139.5,7133.75,7134.0,1452
2026-04-23 10:15:00,7134.0,7138.25,7132.0,7136.0,1994
2026-04-23 10:20:00,7136.0,7142.5,7135.5,7138.75,1539
2026-04-23 10:25:00,7138.75,7141.25,7136.0,7136.0,937
2026-04-23 10:30:00,7136.25,7137.5,7133.0,7137.0,993
2026-04-23 10:35:00,7136.75,7140.25,7133.5,7136.25,1074
2026-04-23 10:40:00,7136.5,7137.5,7134.0,7136.0,470
2026-04-23 10:45:00,7135.75,7137.25,7134.75,7136.5,914
2026-04-23 10:50:00,7136.5,7138.25,7135.75,7136.25,839
2026-04-23 10:55:00,7136.0,7136.25,7132.25,7133.0,1161
2026-04-23 11:00:00,7133.5,7136.5,7131.75,7134.0,1013
2026-04-23 11:05:00,7133.75,7134.25,7131.0,7131.5,942
2026-04-23 11:10:00,7131.5,7131.5,7127.5,7129.0,1028
2026-04-23 11:15:00,7128.75,7129.25,7125.5,7126.25,949
2026-04-23 11:20:00,7126.25,7127.5,7125.25,7125.75,770
2026-04-23 11:25:00,7126.0,7126.5,7124.0,7124.75,921
2026-04-23 11:30:00,7124.5,7126.0,7121.5,7123.75,1151
2026-04-23 11:35:00,7123.75,7124.0,7120.25,7120.25,755
2026-04-23 11:40:00,7120.5,7122.25,7118.75,7121.75,1183
2026-04-23 11:45:00,7121.75,7124.5,7121.25,7124.0,1520
2026-04-23 11:50:00,7124.25,7128.0,7124.25,7127.25,1158
2026-04-23 11:55:00,7127.25,7128.25,7123.75,7126.5,539
2026-04-23 12:05:00,7127.0,7128.5,7127.0,7127.5,1298
2026-04-23 12:10:00,7127.75,7131.5,7127.5,7131.0,907
2026-04-23 12:15:00,7130.75,7131.75,7130.25,7130.75,469
2026-04-23 12:20:00,7130.75,7132.5,7129.5,7129.75,399
2026-04-23 12:25:00,7129.75,7132.0,7129.5,7131.25,367
2026-04-23 12:30:00,7131.0,7133.5,7131.0,7133.25,446
2026-04-23 12:35:00,7133.5,7135.0,7133.5,7133.75,460
2026-04-23 12:40:00,7134.0,7134.25,7132.5,7133.5,360
2026-04-23 12:45:00,7133.5,7134.5,7132.5,7134.25,240
2026-04-23 12:50:00,7134.25,7135.0,7133.5,7134.25,391
2026-04-23 12:55:00,7134.0,7135.5,7133.0,7135.25,376
2026-04-23 13:00:00,7135.25,7137.25,7134.0,7136.0,1186
2026-04-23 13:05:00,7136.0,7136.25,7134.75,7135.75,301
2026-04-23 13:10:00,7136.0,7136.0,7135.0,7135.5,231
2026-04-23 13:15:00,7135.75,7136.0,7132.25,7132.75,583
2026-04-23 13:20:00,7133.25,7133.75,7132.5,7133.0,228
2026-04-23 13:25:00,7133.0,7134.5,7131.5,7133.75,379
2026-04-23 13:30:00,7134.0,7136.0,7132.5,7133.0,1201
2026-04-23 13:35:00,7133.0,7133.75,7131.25,7131.75,483
2026-04-23 13:40:00,7131.75,7132.25,7131.0,7132.0,359
2026-04-23 13:45:00,7131.75,7134.75,7131.75,7133.5,481
2026-04-23 13:50:00,7133.25,7137.25,7133.25,7136.75,689
2026-04-23 13:55:00,7136.75,7142.0,7136.5,7138.25,1165
2026-04-23 14:00:00,7138.25,7140.75,7138.25,7139.25,1354
2026-04-23 14:05:00,7139.5,7141.25,7139.25,7140.5,720
2026-04-23 14:10:00,7140.25,7141.5,7139.0,7140.5,1018
2026-04-23 14:15:00,7140.5,7144.0,7140.0,7143.25,961
2026-04-23 14:20:00,7143.0,7144.0,7141.75,7143.0,1010
2026-04-23 14:25:00,7143.0,7144.25,7142.25,7143.5,793
2026-04-23 14:30:00,7143.25,7144.25,7142.5,7143.25,512
2026-04-23 14:35:00,7143.25,7144.5,7142.75,7143.5,690
2026-04-23 14:40:00,7143.25,7144.0,7142.25,7142.5,635
2026-04-23 14:45:00,7142.5,7143.5,7140.5,7141.0,946
2026-04-23 14:50:00,7141.25,7144.75,7140.5,7144.25,1041
2026-04-23 14:55:00,7144.0,7144.25,7140.5,7143.25,1281
2026-04-23 15:00:00,7143.25,7144.0,7141.25,7143.0,1769
2026-04-23 15:05:00,7143.0,7144.5,7142.75,7143.5,1039
2026-04-23 15:10:00,7143.75,7144.5,7142.0,7144.5,975
2026-04-23 15:15:00,7144.5,7145.25,7142.25,7143.75,892
2026-04-23 15:20:00,7143.75,7144.0,7140.75,7143.0,1273
2026-04-23 15:25:00,7143.0,7145.25,7142.75,7143.0,878
2026-04-23 15:30:00,7143.0,7144.25,7141.0,7144.0,1421
2026-04-23 15:35:00,7144.0,7146.0,7140.25,7142.0,1232
2026-04-23 15:40:00,7142.25,7145.5,7141.0,7145.5,831
2026-04-23 15:45:00,7145.5,7148.75,7142.75,7148.75,1663
2026-04-23 15:50:00,7148.75,7149.0,7144.25,7146.75,926
2026-04-23 15:55:00,7146.5,7147.25,7143.5,7145.0,612
2026-04-23 16:00:00,7145.0,7146.0,7141.25,7141.75,1054
2026-04-23 16:05:00,7141.5,7142.0,7137.75,7139.5,1433
2026-04-23 16:10:00,7139.5,7143.0,7138.75,7141.5,1687
2026-04-23 16:15:00,7141.75,7143.75,7140.5,7143.75,906
2026-04-23 16:20:00,7144.0,7145.75,7141.75,7144.0,927
2026-04-23 16:25:00,7144.0,7146.5,7141.5,7142.25,1065
2026-04-23 16:30:00,7142.25,7142.5,7137.0,7139.0,1392
2026-04-23 16:35:00,7139.0,7140.75,7137.0,7137.75,1091
2026-04-23 16:40:00,7138.0,7138.0,7133.0,7133.5,1393
2026-04-23 16:45:00,7133.25,7135.25,7132.5,7133.25,990
2026-04-23 16:50:00,7133.25,7134.0,7130.75,7133.25,1477
2026-04-23 16:55:00,7133.5,7135.0,7132.5,7133.0,986
2026-04-23 17:00:00,7132.75,7133.0,7127.0,7127.5,2178
2026-04-23 17:05:00,7127.75,7128.75,7125.75,7127.0,1355
2026-04-23 17:10:00,7127.0,7129.25,7126.5,7128.0,2204
2026-04-23 17:15:00,7128.0,7136.75,7127.75,7135.5,2457
2026-04-23 17:20:00,7135.25,7137.5,7134.5,7136.0,1032
2026-04-23 17:25:00,7136.0,7138.5,7134.25,7135.5,763
2026-04-23 17:30:00,7135.75,7140.5,7135.75,7137.25,1156
2026-04-23 17:35:00,7137.5,7137.5,7135.0,7136.5,832
2026-04-23 17:40:00,7136.75,7139.0,7136.0,7136.25,1162
2026-04-23 17:45:00,7136.5,7137.25,7134.25,7137.25,789
2026-04-23 17:50:00,7137.25,7137.5,7134.5,7135.25,703
2026-04-23 17:55:00,7135.25,7137.0,7134.5,7135.0,620
2026-04-23 18:00:00,7135.0,7136.0,7131.75,7133.0,1998
2026-04-23 18:05:00,7133.0,7134.0,7131.0,7131.5,1132
2026-04-23 18:10:00,7131.25,7133.5,7129.0,7130.25,1288
2026-04-23 18:15:00,7130.25,7133.0,7130.25,7132.0,1072
2026-04-23 18:20:00,7131.75,7135.75,7131.75,7135.5,1258
2026-04-23 18:25:00,7135.5,7137.5,7134.5,7134.5,862
2026-04-23 18:30:00,7134.5,7141.75,7133.5,7141.5,2562
2026-04-23 18:35:00,7141.5,7142.25,7137.25,7137.75,1360
2026-04-23 18:40:00,7137.75,7138.25,7135.0,7135.5,688
2026-04-23 18:45:00,7135.5,7138.5,7135.5,7135.5,1214
2026-04-23 18:50:00,7135.5,7139.25,7134.75,7138.5,1370
2026-04-23 18:55:00,7138.5,7143.0,7138.25,7141.75,2439
2026-04-23 19:00:00,7141.75,7144.5,7141.75,7144.0,1932
2026-04-23 19:05:00,7144.0,7145.25,7142.25,7144.0,1633
2026-04-23 19:10:00,7144.0,7145.0,7139.0,7141.75,1724
2026-04-23 19:15:00,7141.5,7142.75,7139.25,7140.25,870
2026-04-23 19:20:00,7140.25,7142.0,7139.5,7140.5,615
2026-04-23 19:25:00,7140.75,7142.25,7135.75,7138.5,1613
2026-04-23 19:30:00,7138.5,7140.0,7134.25,7135.25,1851
2026-04-23 19:35:00,7135.25,7143.25,7135.0,7139.5,4141
2026-04-23 19:40:00,7139.75,7144.25,7138.0,7144.25,2139
2026-04-23 19:45:00,7144.25,7158.25,7143.5,7151.5,9728
2026-04-23 19:50:00,7151.5,7160.0,7151.0,7159.25,4144
2026-04-23 19:55:00,7159.25,7160.75,7156.5,7158.25,3866
2026-04-23 20:00:00,7158.0,7163.25,7157.0,7160.5,3611
2026-04-23 20:05:00,7160.25,7169.5,7160.25,7165.5,5313
2026-04-23 20:10:00,7165.25,7169.5,7164.25,7164.5,3289
2026-04-23 20:15:00,7164.5,7164.5,7160.25,7161.25,2767
2026-04-23 20:20:00,7161.5,7161.5,7155.75,7158.25,2935
2026-04-23 20:25:00,7158.25,7160.0,7157.0,7158.75,1346
2026-04-23 20:30:00,7158.5,7161.5,7156.5,7157.5,3243
2026-04-23 20:35:00,7157.25,7158.5,7154.5,7157.5,5062
2026-04-23 20:40:00,7157.25,7158.25,7156.0,7156.25,1723
2026-04-23 20:45:00,7156.25,7158.25,7136.25,7149.5,16588
2026-04-23 20:50:00,7149.5,7154.5,7148.5,7151.5,2817
2026-04-23 20:55:00,7151.5,7152.75,7149.25,7152.0,2406
2026-04-23 21:00:00,7152.25,7155.5,7152.25,7153.5,2953
2026-04-23 21:05:00,7153.25,7154.75,7151.75,7153.25,2067
2026-04-23 21:10:00,7153.5,7153.5,7142.5,7148.75,6071
2026-04-23 21:15:00,7148.5,7153.0,7148.5,7150.75,4019
2026-04-23 21:20:00,7150.75,7153.75,7150.5,7151.75,3517
2026-04-23 21:25:00,7151.5,7152.5,7146.25,7152.25,7596
2026-04-23 21:30:00,7152.0,7157.5,7149.75,7152.75,31286
2026-04-23 21:35:00,7152.75,7161.25,7151.25,7160.0,18346
2026-04-23 21:40:00,7160.25,7163.75,7157.0,7163.75,13295
2026-04-23 21:45:00,7163.75,7171.0,7161.75,7167.5,23042
2026-04-23 21:50:00,7167.5,7168.0,7158.75,7164.0,20024
2026-04-23 21:55:00,7164.0,7164.0,7159.25,7159.75,13862
2026-04-23 22:00:00,7159.75,7161.0,7149.0,7157.0,29878
2026-04-23 22:05:00,7157.0,7161.5,7154.25,7160.5,15584
2026-04-23 22:10:00,7160.5,7161.25,7157.5,7158.75,12064
2026-04-23 22:15:00,7158.75,7164.75,7158.0,7159.5,18935
2026-04-23 22:20:00,7159.75,7166.75,7159.0,7165.75,11568
2026-04-23 22:25:00,7165.75,7167.25,7160.25,7163.0,13788
2026-04-23 22:30:00,7163.0,7169.5,7163.0,7165.0,12808
2026-04-23 22:35:00,7165.0,7168.25,7161.75,7164.5,10942
2026-04-23 22:40:00,7164.5,7168.0,7162.25,7167.25,8939
2026-04-23 22:45:00,7167.25,7170.5,7166.25,7168.75,10492
2026-04-23 22:50:00,7169.0,7172.75,7167.5,7172.75,11739
2026-04-23 22:55:00,7172.5,7178.5,7172.5,7175.0,16287
2026-04-23 23:00:00,7175.0,7178.0,7174.25,7175.0,10984
2026-04-23 23:05:00,7175.0,7175.75,7171.75,7175.0,10263
2026-04-23 23:10:00,7175.0,7177.5,7173.75,7174.0,8864
2026-04-23 23:15:00,7174.0,7179.75,7172.75,7178.25,9543
2026-04-23 23:20:00,7178.25,7179.75,7176.5,7179.25,7792
2026-04-23 23:25:00,7179.0,7180.5,7177.25,7177.75,9250
2026-04-23 23:30:00,7177.75,7181.5,7175.75,7179.5,10431
2026-04-23 23:35:00,7179.25,7179.5,7175.25,7175.75,8574
2026-04-23 23:40:00,7175.5,7177.5,7172.25,7173.5,11695
2026-04-23 23:45:00,7173.25,7173.75,7166.0,7170.0,24450
2026-04-23 23:50:00,7170.0,7170.0,7164.5,7165.25,15132
2026-04-23 23:55:00,7165.0,7172.25,7164.25,7168.75,16513
2026-04-24 00:00:00,7168.75,7169.75,7161.25,7161.5,11856
2026-04-24 00:05:00,7161.5,7164.25,7160.25,7162.5,12472
2026-04-24 00:10:00,7162.5,7167.25,7162.25,7166.5,10450
2026-04-24 00:15:00,7166.25,7168.25,7165.25,7167.0,7123
2026-04-24 00:20:00,7166.75,7167.5,7161.25,7165.75,11647
2026-04-24 00:25:00,7165.5,7168.0,7163.5,7164.75,7091
2026-04-24 00:30:00,7164.5,7168.25,7163.5,7167.75,6789
2026-04-24 00:35:00,7167.75,7170.25,7165.0,7165.75,10143
2026-04-24 00:40:00,7165.5,7167.5,7164.75,7166.75,5845
2026-04-24 00:45:00,7167.0,7169.25,7165.0,7166.0,6056
2026-04-24 00:50:00,7166.0,7168.25,7164.5,7166.75,5207
2026-04-24 00:55:00,7166.5,7169.5,7163.0,7166.25,10169
2026-04-24 01:00:00,7166.25,7168.25,7147.0,7150.25,43181
2026-04-24 01:05:00,7150.0,7150.25,7135.25,7136.0,31532
2026-04-24 01:10:00,7136.0,7139.0,7130.0,7134.25,33598
2026-04-24 01:15:00,7134.25,7134.25,7118.25,7122.25,34632
2026-04-24 01:20:00,7122.25,7126.5,7116.25,7119.5,27031
2026-04-24 01:25:00,7119.5,7131.0,7115.5,7117.0,32958
2026-04-24 01:30:00,7117.25,7131.0,7114.75,7130.5,29467
2026-04-24 01:35:00,7130.25,7133.75,7112.75,7115.0,34151
2026-04-24 01:40:00,7115.0,7115.5,7090.0,7094.25,51251
2026-04-24 01:45:00,7094.25,7098.75,7079.25,7092.0,58498
2026-04-24 01:50:00,7092.0,7124.5,7084.75,7113.25,63047
2026-04-24 01:55:00,7112.75,7127.5,7111.75,7123.5,35502
2026-04-24 02:00:00,7123.25,7136.75,7119.0,7130.0,33487
2026-04-24 02:05:00,7130.0,7136.75,7125.25,7130.75,18274
2026-04-24 02:10:00,7130.75,7139.75,7129.0,7135.25,28328
2026-04-24 02:15:00,7135.25,7140.75,7134.0,7138.75,18276
2026-04-24 02:20:00,7139.0,7142.5,7133.5,7140.0,18297
2026-04-24 02:25:00,7140.25,7143.25,7137.0,7142.5,9479
2026-04-24 02:30:00,7142.25,7149.25,7142.25,7148.0,14617
2026-04-24 02:35:00,7148.25,7152.25,7145.25,7146.5,14401
2026-04-24 02:40:00,7146.75,7147.75,7138.0,7143.75,16776
2026-04-24 02:45:00,7144.0,7144.5,7137.0,7137.5,12223
2026-04-24 02:50:00,7137.5,7141.5,7134.25,7138.5,12566
2026-04-24 02:55:00,7138.5,7139.5,7124.5,7128.25,17903
2026-04-24 03:00:00,7128.25,7131.0,7124.5,7128.75,20120
2026-04-24 03:05:00,7129.0,7138.25,7128.75,7135.75,11815
2026-04-24 03:10:00,7135.75,7139.25,7133.75,7139.25,8613
2026-04-24 03:15:00,7139.25,7144.0,7139.25,7142.0,11046
2026-04-24 03:20:00,7142.0,7143.25,7139.0,7141.0,7266
2026-04-24 03:25:00,7141.0,7144.0,7139.75,7141.25,7300
2026-04-24 03:30:00,7141.25,7146.25,7136.25,7136.75,12858
2026-04-24 03:35:00,7136.75,7136.75,7128.0,7133.0,18682
2026-04-24 03:40:00,7133.0,7138.0,7130.0,7130.5,14183
2026-04-24 03:45:00,7130.5,7137.0,7129.75,7137.0,11659
2026-04-24 03:50:00,7137.0,7139.75,7121.5,7137.75,33936
2026-04-24 03:55:00,7137.75,7146.75,7136.25,7142.25,60388
2026-04-24 04:00:00,7142.0,7144.5,7136.75,7143.75,23962
2026-04-24 04:05:00,7143.75,7144.5,7136.25,7139.25,6996
2026-04-24 04:10:00,7139.0,7140.5,7133.0,7134.0,5463
2026-04-24 04:15:00,7133.75,7134.25,7128.75,7133.5,3994
2026-04-24 04:20:00,7133.75,7139.5,7132.75,7138.75,2563
2026-04-24 04:25:00,7138.75,7139.0,7134.0,7136.5,1392
2026-04-24 04:30:00,7136.25,7137.5,7134.75,7137.25,874
2026-04-24 04:35:00,7137.5,7138.75,7136.75,7138.5,798
2026-04-24 04:40:00,7138.25,7138.75,7136.0,7137.75,794
2026-04-24 04:45:00,7137.75,7138.25,7135.0,7135.0,734
2026-04-24 04:50:00,7135.5,7135.75,7130.75,7132.0,2003
2026-04-24 04:55:00,7131.75,7133.0,7129.5,7132.5,1561
2026-04-24 06:00:00,7143.0,7145.0,7139.75,7143.0,0
2026-04-24 06:05:00,7143.25,7146.0,7143.25,7145.0,744
2026-04-24 06:10:00,7145.0,7147.5,7144.0,7146.0,588
2026-04-24 06:15:00,7146.25,7147.25,7145.75,7146.75,429
2026-04-24 06:20:00,7147.0,7147.25,7145.0,7145.5,470
2026-04-24 06:25:00,7145.5,7145.75,7143.0,7144.25,545
2026-04-24 06:30:00,7144.25,7146.0,7143.75,7145.0,860
2026-04-24 06:35:00,7144.5,7147.0,7142.75,7143.0,739
2026-04-24 06:40:00,7143.25,7144.5,7142.0,7144.25,490
2026-04-24 06:45:00,7144.25,7148.0,7144.25,7147.25,769
2026-04-24 06:50:00,7147.25,7148.0,7146.5,7147.25,268
2026-04-24 06:55:00,7147.25,7147.5,7145.25,7146.5,488
2026-04-24 07:00:00,7146.5,7147.5,7145.0,7146.5,321
2026-04-24 07:05:00,7146.25,7146.5,7144.5,7145.0,236
2026-04-24 07:10:00,7145.0,7145.75,7144.5,7145.0,97
2026-04-24 07:15:00,7145.0,7145.75,7144.25,7145.0,145
2026-04-24 07:20:00,7145.0,7146.25,7144.75,7145.25,88
2026-04-24 07:25:00,7145.5,7147.75,7145.25,7147.5,208
2026-04-24 07:30:00,7147.5,7151.5,7147.5,7151.25,720
2026-04-24 07:35:00,7151.25,7151.75,7150.0,7150.5,476
2026-04-24 07:40:00,7150.5,7151.0,7149.75,7150.0,300
2026-04-24 07:45:00,7150.25,7153.0,7150.0,7151.5,593
2026-04-24 07:50:00,7151.5,7153.75,7151.0,7153.0,561
2026-04-24 07:55:00,7153.0,7153.5,7152.25,7153.25,524
2026-04-24 08:00:00,7153.5,7156.0,7150.5,7151.5,1365
2026-04-24 08:05:00,7151.5,7157.25,7151.5,7156.75,970
2026-04-24 08:10:00,7156.75,7158.5,7155.75,7158.5,977
2026-04-24 08:15:00,7158.25,7159.5,7156.5,7157.0,1268
2026-04-24 08:20:00,7156.75,7157.75,7156.5,7157.25,513
2026-04-24 08:25:00,7157.25,7160.25,7157.0,7159.75,1092
2026-04-24 08:30:00,7159.5,7161.25,7157.5,7159.25,1332
2026-04-24 08:35:00,7159.25,7160.75,7158.5,7158.75,578
2026-04-24 08:40:00,7158.5,7159.0,7155.75,7156.75,934
2026-04-24 08:45:00,7157.25,7159.0,7154.5,7155.0,1241
2026-04-24 08:50:00,7155.0,7156.75,7154.0,7155.75,628
2026-04-24 08:55:00,7156.25,7156.75,7155.0,7156.25,400
2026-04-24 09:00:00,7156.5,7157.75,7155.25,7156.25,729
2026-04-24 09:05:00,7156.0,7157.5,7154.75,7155.25,576
2026-04-24 09:10:00,7155.0,7157.0,7154.75,7155.75,768
2026-04-24 09:15:00,7155.75,7156.5,7154.5,7154.5,396
2026-04-24 09:20:00,7154.75,7155.75,7153.75,7155.75,460
2026-04-24 09:25:00,7155.75,7157.75,7155.0,7156.5,528
2026-04-24 09:30:00,7156.5,7157.0,7151.75,7152.75,1030
2026-04-24 09:35:00,7153.0,7156.0,7150.75,7154.5,960
2026-04-24 09:40:00,7154.5,7157.0,7153.75,7154.25,416
2026-04-24 09:45:00,7154.0,7157.75,7154.0,7157.0,674
2026-04-24 09:50:00,7156.75,7157.75,7155.5,7156.5,523
2026-04-24 09:55:00,7156.5,7157.5,7155.5,7156.75,568
2026-04-24 10:00:00,7156.5,7157.0,7153.75,7154.75,876
2026-04-24 10:05:00,7154.5,7155.0,7152.0,7152.0,548
2026-04-24 10:10:00,7151.75,7152.75,7149.25,7150.0,995
2026-04-24 10:15:00,7150.25,7151.25,7149.0,7149.25,602
2026-04-24 10:20:00,7149.5,7150.0,7146.0,7146.5,788
2026-04-24 10:25:00,7146.5,7147.0,7144.25,7145.25,856
2026-04-24 10:30:00,7145.25,7148.5,7145.25,7147.25,649
2026-04-24 10:35:00,7147.0,7148.0,7144.5,7145.25,676
2026-04-24 10:40:00,7145.25,7146.75,7144.75,7146.25,308
2026-04-24 10:45:00,7146.25,7146.25,7141.25,7142.0,753
2026-04-24 10:50:00,7142.0,7143.5,7140.5,7143.0,915
2026-04-24 10:55:00,7142.75,7143.25,7141.25,7142.5,424
2026-04-24 11:00:00,7142.75,7144.5,7139.25,7141.5,785
2026-04-24 11:05:00,7141.5,7142.5,7140.5,7140.75,501
2026-04-24 11:10:00,7140.75,7141.5,7139.5,7140.5,384
2026-04-24 11:15:00,7140.25,7141.75,7139.75,7141.75,404
2026-04-24 11:20:00,7141.5,7142.25,7139.5,7139.5,484
2026-04-24 11:25:00,7139.75,7142.0,7138.0,7138.75,711
2026-04-24 11:30:00,7138.5,7139.25,7136.25,7137.5,734
2026-04-24 11:35:00,7137.75,7140.5,7136.5,7139.25,422
2026-04-24 11:40:00,7139.5,7139.5,7137.25,7138.25,302
2026-04-24 11:45:00,7138.25,7141.25,7138.25,7140.5,381
2026-04-24 11:50:00,7140.75,7142.75,7140.0,7141.5,553
2026-04-24 11:55:00,7141.25,7141.25,7139.25,7139.25,426
2026-04-24 12:05:00,7141.0,7142.25,7141.0,7142.0,1006
2026-04-24 12:10:00,7142.0,7142.75,7140.75,7142.0,346
2026-04-24 12:15:00,7142.25,7142.25,7139.5,7140.75,336
2026-04-24 12:20:00,7140.5,7140.75,7137.75,7138.25,326
2026-04-24 12:25:00,7138.0,7138.75,7137.0,7138.5,330
2026-04-24 12:30:00,7138.5,7141.25,7138.25,7139.0,470
2026-04-24 12:35:00,7139.0,7141.5,7138.75,7140.0,213
2026-04-24 12:40:00,7139.75,7141.5,7139.5,7141.25,169
2026-04-24 12:45:00,7141.25,7145.25,7141.25,7144.25,575
2026-04-24 12:50:00,7144.0,7144.75,7143.0,7143.25,382
2026-04-24 12:55:00,7143.0,7144.75,7143.0,7144.5,502
2026-04-24 13:00:00,7144.5,7144.75,7141.75,7143.5,519
2026-04-24 13:05:00,7143.25,7144.0,7141.25,7141.25,414
2026-04-24 13:10:00,7141.25,7143.0,7140.0,7143.0,492
2026-04-24 13:15:00,7143.25,7145.25,7142.5,7143.5,613
2026-04-24 13:20:00,7143.5,7145.5,7143.0,7145.0,424
2026-04-24 13:25:00,7144.75,7146.5,7144.5,7145.0,489
2026-04-24 13:30:00,7145.25,7148.75,7145.25,7148.5,546
2026-04-24 13:35:00,7148.25,7149.5,7147.5,7148.75,662
2026-04-24 13:40:00,7148.75,7149.5,7148.0,7148.75,344
2026-04-24 13:45:00,7148.75,7150.0,7148.5,7149.75,225
2026-04-24 13:50:00,7149.75,7151.25,7149.75,7150.0,823
2026-04-24 13:55:00,7150.0,7151.0,7149.5,7150.75,150
2026-04-24 14:00:00,7151.0,7152.5,7150.5,7150.75,952
2026-04-24 14:05:00,7150.75,7151.0,7148.25,7149.75,547
2026-04-24 14:10:00,7149.5,7151.75,7149.0,7150.75,495
2026-04-24 14:15:00,7150.75,7151.5,7149.25,7150.0,335
2026-04-24 14:20:00,7150.0,7151.0,7149.0,7149.75,368
2026-04-24 14:25:00,7149.25,7149.25,7146.25,7146.5,379
2026-04-24 14:30:00,7146.75,7148.0,7146.75,7147.5,595
2026-04-24 14:35:00,7147.75,7148.75,7147.0,7148.25,407
2026-04-24 14:40:00,7148.25,7150.0,7147.0,7147.75,683
2026-04-24 14:45:00,7147.75,7148.0,7145.0,7146.25,565
2026-04-24 14:50:00,7146.0,7146.75,7145.0,7146.5,371
2026-04-24 14:55:00,7146.5,7147.5,7145.5,7147.25,425
2026-04-24 15:00:00,7147.0,7151.75,7146.5,7151.5,1628
2026-04-24 15:05:00,7151.25,7153.75,7151.0,7153.25,1195
2026-04-24 15:10:00,7153.25,7153.75,7152.0,7153.0,748
2026-04-24 15:15:00,7152.75,7154.25,7149.75,7153.25,1014
2026-04-24 15:20:00,7153.25,7154.0,7150.75,7151.75,538
2026-04-24 15:25:00,7151.75,7155.5,7151.75,7154.5,738
2026-04-24 15:30:00,7154.25,7154.25,7150.5,7151.25,882
2026-04-24 15:35:00,7151.25,7151.25,7149.0,7149.25,662
2026-04-24 15:40:00,7149.0,7149.25,7147.5,7148.75,817
2026-04-24 15:45:00,7148.75,7151.0,7148.0,7150.25,889
2026-04-24 15:50:00,7150.25,7151.5,7149.25,7149.25,908
2026-04-24 15:55:00,7149.25,7154.25,7148.75,7153.75,1071
2026-04-24 16:00:00,7153.5,7154.75,7146.75,7149.75,1839
2026-04-24 16:05:00,7149.75,7150.75,7147.0,7147.75,1224
2026-04-24 16:10:00,7147.75,7149.75,7146.75,7147.0,1739
2026-04-24 16:15:00,7147.25,7156.0,7147.25,7154.25,2786
2026-04-24 16:20:00,7154.5,7159.25,7152.75,7153.75,1778
2026-04-24 16:25:00,7153.75,7153.75,7147.75,7149.25,1321
2026-04-24 16:30:00,7149.5,7149.5,7141.25,7145.0,2318
2026-04-24 16:35:00,7145.25,7147.25,7144.25,7146.5,1237
2026-04-24 16:40:00,7146.5,7147.5,7142.5,7142.75,837
2026-04-24 16:45:00,7142.75,7148.25,7142.25,7145.75,1267
2026-04-24 16:50:00,7146.0,7146.0,7141.5,7142.75,898
2026-04-24 16:55:00,7142.75,7144.0,7141.5,7143.5,860
2026-04-24 17:00:00,7143.75,7145.75,7140.5,7142.25,1284
2026-04-24 17:05:00,7142.0,7144.0,7141.5,7144.0,738
2026-04-24 17:10:00,7144.0,7146.25,7143.0,7145.25,895
2026-04-24 17:15:00,7145.25,7146.75,7142.5,7144.0,547
2026-04-24 17:20:00,7144.25,7145.5,7135.5,7143.5,3006
2026-04-24 17:25:00,7143.25,7144.5,7141.0,7142.75,1519
2026-04-24 17:30:00,7142.5,7143.25,7141.0,7142.5,876
2026-04-24 17:35:00,7142.75,7144.75,7142.25,7144.0,837
2026-04-24 17:40:00,7144.0,7146.0,7143.75,7146.0,879
2026-04-24 17:45:00,7146.0,7146.75,7144.5,7145.25,703
2026-04-24 17:50:00,7145.25,7145.25,7142.25,7142.75,866
2026-04-24 17:55:00,7142.75,7144.0,7142.25,7143.75,479
2026-04-24 18:00:00,7143.75,7145.5,7142.75,7144.5,1454
2026-04-24 18:05:00,7144.25,7145.0,7141.5,7142.75,850
2026-04-24 18:10:00,7142.75,7145.0,7142.0,7144.25,1043
2026-04-24 18:15:00,7144.5,7146.5,7144.0,7145.5,1127
2026-04-24 18:20:00,7145.75,7149.0,7145.75,7148.75,1074
2026-04-24 18:25:00,7148.5,7151.75,7148.5,7151.0,1065
2026-04-24 18:30:00,7151.0,7151.0,7148.25,7149.0,864
2026-04-24 18:35:00,7148.75,7152.0,7148.75,7149.5,969
2026-04-24 18:40:00,7149.5,7151.5,7149.25,7150.5,726
2026-04-24 18:45:00,7150.75,7151.5,7148.75,7150.25,920
2026-04-24 18:50:00,7150.5,7152.0,7150.0,7151.0,635
2026-04-24 18:55:00,7150.75,7152.5,7150.5,7151.25,1220
2026-04-24 19:00:00,7150.75,7164.0,7150.5,7160.5,5422
2026-04-24 19:05:00,7160.75,7175.25,7157.0,7168.25,11737
2026-04-24 19:10:00,7168.5,7175.75,7167.5,7170.5,5877
2026-04-24 19:15:00,7170.5,7175.0,7166.25,7168.75,4208
2026-04-24 19:20:00,7169.0,7183.0,7166.75,7182.0,9991
2026-04-24 19:25:00,7182.25,7187.5,7181.5,7187.25,9832
2026-04-24 19:30:00,7187.0,7189.5,7181.75,7184.25,6566
2026-04-24 19:35:00,7184.0,7184.75,7177.25,7177.5,2759
2026-04-24 19:40:00,7177.5,7179.25,7173.0,7174.75,2940
2026-04-24 19:45:00,7174.5,7174.75,7170.75,7171.5,3680
2026-04-24 19:50:00,7171.25,7173.5,7169.0,7170.75,3632
2026-04-24 19:55:00,7170.75,7171.75,7169.0,7171.0,2162
2026-04-24 20:00:00,7171.25,7174.25,7168.5,7170.0,4773
2026-04-24 20:05:00,7169.75,7172.75,7168.75,7171.75,1885
2026-04-24 20:10:00,7172.0,7177.0,7172.0,7175.25,3084
2026-04-24 20:15:00,7175.25,7177.75,7167.0,7174.25,4910
2026-04-24 20:20:00,7174.5,7175.5,7167.5,7174.75,4357
2026-04-24 20:25:00,7174.5,7175.5,7172.0,7173.5,3580
2026-04-24 20:30:00,7173.5,7173.75,7168.5,7169.0,3391
2026-04-24 20:35:00,7168.75,7169.5,7160.75,7165.5,7522
2026-04-24 20:40:00,7165.5,7168.5,7162.5,7163.75,3036
2026-04-24 20:45:00,7164.0,7167.25,7155.5,7158.0,6319
2026-04-24 20:50:00,7158.0,7159.5,7154.25,7156.25,6418
2026-04-24 20:55:00,7156.5,7163.0,7156.5,7162.25,3304
2026-04-24 21:00:00,7162.5,7165.25,7162.0,7165.25,3524
2026-04-24 21:05:00,7165.0,7167.0,7163.5,7164.5,3288
2026-04-24 21:10:00,7164.75,7170.25,7163.5,7165.75,5788
2026-04-24 21:15:00,7165.75,7169.5,7165.5,7169.25,4700
2026-04-24 21:20:00,7169.25,7170.5,7164.25,7166.25,6046
2026-04-24 21:25:00,7166.0,7166.0,7161.75,7162.75,6888
2026-04-24 21:30:00,7162.5,7166.75,7153.0,7154.0,41289
2026-04-24 21:35:00,7153.75,7159.5,7150.75,7158.25,24882
2026-04-24 21:40:00,7158.5,7160.5,7153.5,7154.75,20579
2026-04-24 21:45:00,7155.0,7159.0,7152.0,7158.25,19856
2026-04-24 21:50:00,7158.25,7160.5,7149.25,7150.25,20051
2026-04-24 21:55:00,7150.25,7155.75,7145.0,7154.75,19166
2026-04-24 22:00:00,7154.75,7157.5,7146.5,7151.75,25195
2026-04-24 22:05:00,7151.75,7158.25,7147.75,7154.75,21297
2026-04-24 22:10:00,7155.0,7162.5,7152.25,7155.75,22594
2026-04-24 22:15:00,7155.5,7160.75,7153.75,7159.25,15073
2026-04-24 22:20:00,7159.0,7162.0,7155.5,7159.0,11095
2026-04-24 22:25:00,7159.25,7159.25,7150.25,7154.0,15660
2026-04-24 22:30:00,7154.0,7158.0,7149.5,7156.75,16308
2026-04-24 22:35:00,7156.75,7164.75,7154.5,7161.0,18149
2026-04-24 22:40:00,7161.0,7166.5,7160.75,7165.25,13627
2026-04-24 22:45:00,7165.25,7170.75,7162.25,7167.25,18621
2026-04-24 22:50:00,7167.0,7169.0,7164.75,7166.5,9701
2026-04-24 22:55:00,7166.75,7171.75,7166.5,7170.0,10446
2026-04-24 23:00:00,7170.0,7172.0,7168.75,7170.0,12483
2026-04-24 23:05:00,7170.0,7172.25,7167.5,7171.25,13601
2026-04-24 23:10:00,7171.25,7174.5,7171.0,7173.25,12191
2026-04-24 23:15:00,7173.25,7174.25,7171.25,7172.25,10814
2026-04-24 23:20:00,7172.25,7177.0,7170.75,7175.75,11294
2026-04-24 23:25:00,7176.0,7176.25,7171.5,7174.0,12716
2026-04-24 23:30:00,7174.25,7176.75,7173.25,7174.5,11100
2026-04-24 23:35:00,7174.5,7175.75,7170.5,7172.75,13922
2026-04-24 23:40:00,7172.75,7191.5,7171.75,7189.75,29114
2026-04-24 23:45:00,7189.75,7197.25,7182.0,7188.5,50409
2026-04-24 23:50:00,7188.5,7196.75,7188.5,7195.25,29579
2026-04-24 23:55:00,7195.25,7196.25,7191.75,7193.5,13932
2026-04-25 00:00:00,7193.5,7195.0,7190.25,7194.25,12055
2026-04-25 00:05:00,7194.25,7195.75,7186.75,7188.5,11960
2026-04-25 00:10:00,7188.25,7194.25,7187.5,7189.0,11110
2026-04-25 00:15:00,7189.25,7189.5,7185.25,7188.5,8575
2026-04-25 00:20:00,7188.5,7190.5,7187.5,7189.75,6430
2026-04-25 00:25:00,7189.75,7192.0,7187.25,7189.0,8081
2026-04-25 00:30:00,7189.0,7194.5,7189.0,7192.75,13805
2026-04-25 00:35:00,7192.5,7193.0,7189.25,7190.25,9529
2026-04-25 00:40:00,7190.0,7190.5,7184.25,7186.75,10784
2026-04-25 00:45:00,7187.0,7189.25,7185.5,7187.5,8137
2026-04-25 00:50:00,7187.75,7191.25,7187.5,7190.0,8619
2026-04-25 00:55:00,7190.25,7194.0,7189.25,7191.5,9708
2026-04-25 01:00:00,7191.5,7193.5,7190.75,7191.25,8498
2026-04-25 01:05:00,7191.5,7191.75,7188.25,7189.25,7269
2026-04-25 01:10:00,7189.25,7192.0,7187.75,7188.75,5336
2026-04-25 01:15:00,7188.75,7189.0,7186.0,7186.25,5226
2026-04-25 01:20:00,7186.0,7187.25,7183.0,7187.0,10851
2026-04-25 01:25:00,7186.75,7188.75,7185.75,7186.0,6478
2026-04-25 01:30:00,7186.0,7187.25,7182.75,7186.25,13138
2026-04-25 01:35:00,7186.0,7191.5,7185.75,7187.75,8545
2026-04-25 01:40:00,7187.75,7191.25,7187.25,7191.0,4923
2026-04-25 01:45:00,7191.0,7192.0,7189.25,7189.5,5254
2026-04-25 01:50:00,7189.75,7200.5,7189.0,7194.5,17749
2026-04-25 01:55:00,7194.5,7196.0,7191.75,7192.25,8598
2026-04-25 02:00:00,7192.25,7193.5,7190.5,7191.5,6287
2026-04-25 02:05:00,7191.25,7193.5,7188.0,7192.0,8389
2026-04-25 02:10:00,7192.0,7192.75,7189.0,7190.5,6252
2026-04-25 02:15:00,7190.75,7191.75,7186.25,7187.75,8404
2026-04-25 02:20:00,7187.75,7188.25,7184.75,7187.5,8430
2026-04-25 02:25:00,7187.75,7189.75,7185.25,7185.5,7789
2026-04-25 02:30:00,7185.5,7190.0,7185.25,7189.25,7341
2026-04-25 02:35:00,7189.25,7191.5,7188.5,7190.0,6313
2026-04-25 02:40:00,7190.25,7192.0,7188.0,7188.75,6300
2026-04-25 02:45:00,7188.75,7190.25,7187.0,7188.25,7190
2026-04-25 02:50:00,7188.25,7190.75,7187.25,7189.0,6262
2026-04-25 02:55:00,7189.0,7191.5,7188.5,7190.75,4689
2026-04-25 03:00:00,7191.0,7194.0,7190.75,7193.0,8847
2026-04-25 03:05:00,7193.0,7197.25,7192.25,7196.75,9065
2026-04-25 03:10:00,7196.5,7199.5,7196.25,7197.5,11365
2026-04-25 03:15:00,7197.75,7200.0,7196.75,7197.75,8486
2026-04-25 03:20:00,7197.75,7198.0,7193.0,7193.25,8817
2026-04-25 03:25:00,7193.5,7194.0,7190.75,7193.0,11994
2026-04-25 03:30:00,7193.0,7194.0,7190.25,7191.75,9073
2026-04-25 03:35:00,7191.75,7192.25,7189.75,7192.25,9114
2026-04-25 03:40:00,7192.25,7195.25,7191.25,7193.5,9869
2026-04-25 03:45:00,7193.25,7194.25,7191.0,7194.0,10980
2026-04-25 03:50:00,7194.0,7196.5,7191.0,7196.25,18720
2026-04-25 03:55:00,7196.5,7199.0,7193.25,7194.75,79814
2026-04-25 04:00:00,7194.75,7196.5,7194.0,7195.75,17836
2026-04-25 04:05:00,7195.75,7197.25,7190.75,7193.5,8682
2026-04-25 04:10:00,7193.5,7193.75,7191.75,7192.5,4594
2026-04-25 04:15:00,7192.5,7193.5,7192.0,7192.5,1436
2026-04-25 04:20:00,7192.5,7194.5,7192.5,7193.0,1644
2026-04-25 04:25:00,7193.25,7193.5,7190.0,7190.75,3238
2026-04-25 04:30:00,7191.0,7195.5,7190.75,7195.0,1903
2026-04-25 04:35:00,7195.0,7195.75,7194.0,7194.0,1564
2026-04-25 04:40:00,7194.25,7196.25,7193.75,7195.75,1159
2026-04-25 04:45:00,7195.5,7195.75,7194.75,7194.75,823
2026-04-25 04:50:00,7194.5,7197.0,7194.25,7196.5,2125
2026-04-25 04:55:00,7196.25,7196.75,7195.25,7196.0,1084
2026-04-27 06:10:00,7175.0,7175.5,7171.5,7174.25,867
2026-04-27 06:15:00,7174.25,7177.75,7174.0,7177.5,973
2026-04-27 06:20:00,7177.5,7178.25,7176.0,7177.25,651
2026-04-27 06:25:00,7177.25,7178.0,7176.5,7178.0,354
2026-04-27 06:30:00,7177.75,7177.75,7175.5,7176.75,567
2026-04-27 06:35:00,7177.0,7178.0,7176.75,7178.0,468
2026-04-27 06:40:00,7178.25,7180.25,7177.5,7179.5,1305
2026-04-27 06:45:00,7179.5,7180.0,7178.75,7179.0,496
2026-04-27 06:50:00,7179.0,7182.25,7178.75,7181.25,916
2026-04-27 06:55:00,7181.25,7182.5,7180.5,7182.0,446
2026-04-27 07:00:00,7182.25,7182.75,7180.75,7181.0,565
2026-04-27 07:05:00,7180.75,7181.25,7178.0,7178.5,807
2026-04-27 07:10:00,7178.5,7179.25,7177.5,7178.0,514
2026-04-27 07:15:00,7178.25,7181.0,7177.75,7180.0,643
2026-04-27 07:20:00,7180.25,7181.0,7179.25,7179.75,325
2026-04-27 07:25:00,7179.75,7179.75,7178.5,7178.5,306
2026-04-27 07:30:00,7178.25,7178.25,7175.0,7177.0,1059
2026-04-27 07:35:00,7177.25,7178.0,7176.0,7176.5,389
2026-04-27 07:40:00,7176.5,7177.25,7175.5,7176.75,306
2026-04-27 07:45:00,7177.0,7179.25,7177.0,7178.0,459
2026-04-27 07:50:00,7178.0,7178.25,7175.5,7177.75,380
2026-04-27 07:55:00,7178.0,7179.0,7176.75,7178.5,254
2026-04-27 08:00:00,7178.75,7182.5,7177.25,7181.0,1494
2026-04-27 08:05:00,7181.25,7182.5,7177.75,7180.0,845
2026-04-27 08:10:00,7180.0,7182.25,7180.0,7181.5,499
2026-04-27 08:15:00,7181.5,7183.0,7179.0,7182.5,958
2026-04-27 08:20:00,7182.5,7183.0,7180.75,7181.0,470
2026-04-27 08:25:00,7181.0,7182.75,7180.75,7181.75,407
2026-04-27 08:30:00,7182.0,7182.75,7181.0,7181.5,432
2026-04-27 08:35:00,7181.25,7183.5,7181.0,7183.25,532
2026-04-27 08:40:00,7183.5,7186.5,7183.5,7185.0,1334
2026-04-27 08:45:00,7185.0,7186.25,7184.75,7185.25,441
2026-04-27 08:50:00,7185.25,7186.5,7184.5,7186.5,516
2026-04-27 08:55:00,7186.25,7193.0,7186.25,7190.5,3121
2026-04-27 09:00:00,7190.75,7202.25,7190.75,7198.0,5083
2026-04-27 09:05:00,7198.25,7198.75,7191.25,7192.0,1883
2026-04-27 09:10:00,7192.0,7195.0,7191.75,7193.0,1055
2026-04-27 09:15:00,7193.0,7194.0,7189.75,7193.75,1266
2026-04-27 09:20:00,7193.75,7197.0,7193.25,7196.5,1063
2026-04-27 09:25:00,7196.5,7198.25,7192.0,7198.0,1313
2026-04-27 09:30:00,7198.0,7201.25,7197.0,7201.0,1302
2026-04-27 09:35:00,7201.0,7203.5,7200.25,7202.0,1667
2026-04-27 09:40:00,7202.0,7203.0,7201.5,7202.0,779
2026-04-27 09:45:00,7202.0,7203.75,7201.25,7203.5,698
2026-04-27 09:50:00,7203.5,7208.0,7202.5,7206.5,2205
2026-04-27 09:55:00,7206.5,7207.75,7204.25,7207.5,740
2026-04-27 10:00:00,7207.75,7208.5,7205.0,7205.25,864
2026-04-27 10:05:00,7205.25,7205.5,7203.0,7205.5,733
2026-04-27 10:10:00,7205.25,7206.5,7204.0,7205.25,446
2026-04-27 10:15:00,7205.0,7207.0,7203.75,7204.25,718
2026-04-27 10:20:00,7204.25,7204.75,7201.75,7203.75,1034
2026-04-27 10:25:00,7203.75,7204.25,7203.0,7204.25,344
2026-04-27 10:30:00,7204.0,7205.5,7203.5,7204.0,390
2026-04-27 10:35:00,7204.25,7206.25,7204.0,7204.75,444
2026-04-27 10:40:00,7204.5,7204.75,7203.25,7203.75,440
2026-04-27 10:45:00,7203.75,7205.25,7203.25,7205.0,284
2026-04-27 10:50:00,7204.75,7204.75,7203.0,7203.5,281
2026-04-27 10:55:00,7203.5,7204.5,7203.0,7203.25,238
2026-04-27 11:00:00,7203.5,7206.75,7202.75,7204.25,2272
2026-04-27 11:05:00,7204.0,7204.0,7202.25,7202.5,655
2026-04-27 11:10:00,7202.5,7203.25,7201.75,7202.75,538
2026-04-27 11:15:00,7202.75,7203.5,7202.0,7203.5,289
2026-04-27 11:20:00,7203.25,7204.25,7203.0,7203.5,304
2026-04-27 11:25:00,7203.5,7204.25,7203.0,7204.0,298
2026-04-27 11:30:00,7204.0,7204.5,7202.75,7204.0,455
2026-04-27 11:35:00,7203.75,7204.25,7202.5,7203.0,322
2026-04-27 11:40:00,7203.25,7204.25,7202.75,7204.0,201
2026-04-27 11:45:00,7204.0,7204.0,7202.75,7203.5,286
2026-04-27 11:50:00,7203.5,7204.0,7203.0,7203.75,790
2026-04-27 11:55:00,7203.5,7203.75,7202.75,7203.0,144
2026-04-27 12:00:00,7202.75,7203.0,7200.0,7200.75,1169
2026-04-27 12:05:00,7200.5,7202.25,7200.5,7202.0,429
2026-04-27 12:10:00,7202.0,7202.0,7201.0,7201.0,349
2026-04-27 12:15:00,7201.25,7202.5,7201.0,7201.5,272
2026-04-27 12:20:00,7201.75,7203.25,7201.5,7203.0,408
2026-04-27 12:25:00,7203.0,7204.25,7202.75,7203.25,445
2026-04-27 12:30:00,7203.25,7204.5,7203.25,7203.75,509
2026-04-27 12:35:00,7203.5,7205.25,7202.75,7204.25,552
2026-04-27 12:40:00,7204.5,7204.5,7203.0,7203.5,329
2026-04-27 12:45:00,7203.5,7204.25,7203.25,7203.25,359
2026-04-27 12:50:00,7203.0,7203.0,7201.5,7202.5,560
2026-04-27 12:55:00,7202.5,7202.5,7199.75,7200.75,542
2026-04-27 13:00:00,7200.5,7201.0,7197.5,7198.0,601
2026-04-27 13:05:00,7197.75,7197.75,7195.25,7197.25,696
2026-04-27 13:10:00,7197.25,7198.5,7194.75,7195.0,559
2026-04-27 13:15:00,7195.0,7196.0,7194.0,7194.75,524
2026-04-27 13:20:00,7194.75,7195.75,7193.75,7195.5,368
2026-04-27 13:25:00,7195.5,7195.5,7191.75,7192.0,909
2026-04-27 13:30:00,7192.0,7193.0,7191.25,7191.75,651
2026-04-27 13:35:00,7191.5,7191.5,7188.0,7190.0,1113
2026-04-27 13:40:00,7190.25,7192.25,7189.75,7190.75,535
2026-04-27 13:45:00,7190.75,7192.25,7190.25,7190.75,271
2026-04-27 13:50:00,7190.75,7191.0,7188.5,7191.0,704
2026-04-27 13:55:00,7191.0,7191.25,7189.5,7189.75,321
2026-04-27 14:00:00,7189.75,7190.75,7187.5,7188.25,772
2026-04-27 14:05:00,7188.0,7190.0,7186.5,7189.5,679
2026-04-27 14:10:00,7189.5,7190.5,7188.75,7190.0,516
2026-04-27 14:15:00,7189.75,7190.75,7187.75,7190.0,563
2026-04-27 14:20:00,7190.0,7191.5,7189.5,7191.0,441
2026-04-27 14:25:00,7191.0,7191.25,7189.5,7190.5,653
2026-04-27 14:30:00,7190.75,7191.0,7186.25,7187.25,1388
2026-04-27 14:35:00,7187.25,7189.0,7186.75,7188.0,851
2026-04-27 14:40:00,7187.75,7188.5,7186.0,7188.25,732
2026-04-27 14:45:00,7188.25,7190.25,7188.0,7189.75,596
2026-04-27 14:50:00,7189.5,7189.5,7187.5,7188.75,554
2026-04-27 14:55:00,7189.0,7189.75,7186.75,7188.0,555
2026-04-27 15:00:00,7188.0,7190.25,7185.5,7188.5,1466
2026-04-27 15:05:00,7188.5,7188.5,7185.25,7186.5,1322
2026-04-27 15:10:00,7186.75,7188.5,7185.0,7188.25,801
2026-04-27 15:15:00,7188.5,7188.5,7186.0,7187.75,638
2026-04-27 15:20:00,7187.75,7189.5,7186.75,7188.5,638
2026-04-27 15:25:00,7188.25,7188.75,7186.0,7187.25,607
2026-04-27 15:30:00,7187.5,7188.5,7186.25,7187.25,740
2026-04-27 15:35:00,7187.25,7188.0,7185.5,7188.0,869
2026-04-27 15:40:00,7187.75,7188.0,7186.75,7187.0,529
2026-04-27 15:45:00,7187.0,7188.75,7187.0,7187.0,519
2026-04-27 15:50:00,7187.25,7189.0,7186.25,7187.5,639
2026-04-27 15:55:00,7187.75,7188.75,7187.0,7187.0,570
2026-04-27 16:00:00,7186.75,7189.0,7184.75,7186.0,1752
2026-04-27 16:05:00,7186.0,7186.5,7181.75,7183.0,2007
2026-04-27 16:10:00,7183.0,7184.75,7181.5,7181.5,1326
2026-04-27 16:15:00,7181.5,7184.5,7181.5,7183.75,1108
2026-04-27 16:20:00,7183.75,7185.75,7182.5,7185.75,943
2026-04-27 16:25:00,7186.0,7186.75,7185.25,7186.25,1009
2026-04-27 16:30:00,7186.0,7187.5,7185.75,7187.5,868
2026-04-27 16:35:00,7187.5,7188.25,7186.25,7187.0,1203
2026-04-27 16:40:00,7187.0,7188.0,7186.0,7187.75,750
2026-04-27 16:45:00,7187.75,7190.0,7187.75,7188.75,1167
2026-04-27 16:50:00,7189.0,7189.75,7187.75,7189.0,928
2026-04-27 16:55:00,7188.75,7189.75,7188.0,7188.75,723
2026-04-27 17:00:00,7189.0,7190.5,7188.25,7189.25,729
2026-04-27 17:05:00,7189.25,7189.75,7187.75,7187.75,737
2026-04-27 17:10:00,7187.75,7190.75,7187.75,7190.0,512
2026-04-27 17:15:00,7190.0,7190.25,7188.5,7188.75,568
2026-04-27 17:20:00,7188.75,7189.0,7187.5,7187.75,868
2026-04-27 17:25:00,7187.5,7189.0,7187.25,7188.5,573
2026-04-27 17:30:00,7188.5,7190.5,7188.0,7190.0,537
2026-04-27 17:35:00,7190.0,7190.0,7188.5,7189.25,682
2026-04-27 17:40:00,7189.0,7189.75,7188.5,7189.25,409
2026-04-27 17:45:00,7189.25,7190.0,7188.75,7189.25,558
2026-04-27 17:50:00,7189.25,7191.0,7189.25,7191.0,494
2026-04-27 17:55:00,7191.0,7191.25,7188.0,7189.0,695
2026-04-27 18:00:00,7189.0,7189.5,7188.0,7188.0,759
2026-04-27 18:05:00,7188.25,7189.5,7187.0,7187.75,614
2026-04-27 18:10:00,7188.0,7188.0,7186.5,7187.5,470
2026-04-27 18:15:00,7187.5,7190.0,7187.25,7189.25,708
2026-04-27 18:20:00,7189.25,7191.0,7189.25,7190.0,746
2026-04-27 18:25:00,7190.0,7190.25,7188.0,7189.0,768
2026-04-27 18:30:00,7189.0,7191.0,7188.5,7190.25,667
2026-04-27 18:35:00,7190.25,7192.0,7189.75,7192.0,706
2026-04-27 18:40:00,7192.0,7194.75,7192.0,7194.5,1239
2026-04-27 18:45:00,7194.25,7195.25,7192.5,7193.5,1320
2026-04-27 18:50:00,7193.25,7195.0,7192.75,7193.75,1048
2026-04-27 18:55:00,7193.75,7195.0,7193.25,7194.0,1036
2026-04-27 19:00:00,7193.75,7196.0,7193.75,7194.75,1552
2026-04-27 19:05:00,7194.5,7196.0,7194.5,7195.0,775
2026-04-27 19:10:00,7194.75,7195.75,7194.0,7194.25,809
2026-04-27 19:15:00,7194.25,7195.75,7193.5,7195.5,1364
2026-04-27 19:20:00,7195.5,7197.75,7194.75,7197.25,1548
2026-04-27 19:25:00,7197.25,7197.75,7195.75,7196.5,972
2026-04-27 19:30:00,7196.75,7198.0,7196.0,7196.25,1261
2026-04-27 19:35:00,7196.25,7197.0,7195.75,7196.25,896
2026-04-27 19:40:00,7196.25,7197.5,7195.75,7196.75,1066
2026-04-27 19:45:00,7197.0,7198.5,7196.75,7197.75,731
2026-04-27 19:50:00,7197.5,7198.0,7196.25,7197.0,969
2026-04-27 19:55:00,7196.75,7197.0,7195.5,7196.5,1033
2026-04-27 20:00:00,7196.75,7197.25,7194.75,7196.0,1128
2026-04-27 20:05:00,7196.25,7196.25,7192.75,7193.75,1543
2026-04-27 20:10:00,7194.0,7196.75,7193.25,7195.0,1179
2026-04-27 20:15:00,7195.0,7195.0,7193.25,7194.25,1117
2026-04-27 20:20:00,7194.5,7195.75,7190.75,7191.5,1715
2026-04-27 20:25:00,7191.5,7192.25,7185.5,7188.75,3916
2026-04-27 20:30:00,7188.75,7190.5,7187.0,7189.25,2136
2026-04-27 20:35:00,7189.25,7190.75,7186.0,7187.75,2210
2026-04-27 20:40:00,7188.0,7190.0,7185.0,7189.25,3013
2026-04-27 20:45:00,7189.5,7192.25,7187.5,7191.5,3093
2026-04-27 20:50:00,7191.5,7193.0,7189.25,7191.25,1596
2026-04-27 20:55:00,7191.25,7191.5,7186.75,7188.25,2189
2026-04-27 21:00:00,7188.5,7191.5,7183.25,7186.5,7950
2026-04-27 21:05:00,7186.0,7188.75,7184.0,7187.5,3835
2026-04-27 21:10:00,7187.5,7189.75,7186.25,7187.25,3440
2026-04-27 21:15:00,7187.0,7188.75,7186.5,7187.5,2187
2026-04-27 21:20:00,7187.5,7188.5,7186.75,7187.0,1726
2026-04-27 21:25:00,7186.75,7187.25,7184.75,7186.25,5319
2026-04-27 21:30:00,7186.5,7195.75,7183.25,7191.5,33109
2026-04-27 21:35:00,7191.5,7198.0,7190.75,7198.0,19976
2026-04-27 21:40:00,7198.25,7198.5,7190.75,7191.5,18090
2026-04-27 21:45:00,7191.5,7192.0,7180.25,7183.5,28430
2026-04-27 21:50:00,7183.5,7194.5,7180.75,7194.0,22897
2026-04-27 21:55:00,7194.0,7197.5,7193.0,7195.5,17274
2026-04-27 22:00:00,7195.5,7196.75,7192.0,7193.75,15889
2026-04-27 22:05:00,7194.0,7197.25,7191.25,7192.25,15273
2026-04-27 22:10:00,7192.0,7195.5,7189.5,7193.25,14906
2026-04-27 22:15:00,7193.0,7194.0,7188.75,7189.5,13975
2026-04-27 22:20:00,7189.25,7191.5,7188.0,7191.5,11785
2026-04-27 22:25:00,7191.25,7193.0,7188.75,7189.25,11436
2026-04-27 22:30:00,7189.25,7189.5,7185.25,7188.5,16215
2026-04-27 22:35:00,7188.5,7199.0,7187.75,7194.0,21865
2026-04-27 22:40:00,7193.75,7196.25,7190.0,7194.25,11131
2026-04-27 22:45:00,7194.25,7194.75,7190.0,7191.5,8171
2026-04-27 22:50:00,7191.25,7193.25,7187.75,7190.0,9811
2026-04-27 22:55:00,7190.25,7191.75,7188.0,7190.75,6874
2026-04-27 23:00:00,7190.75,7192.75,7182.75,7183.5,13733
2026-04-27 23:05:00,7183.75,7186.5,7182.25,7185.0,13292
2026-04-27 23:10:00,7185.25,7186.25,7183.0,7183.25,8334
2026-04-27 23:15:00,7183.0,7186.75,7181.5,7182.75,11231
2026-04-27 23:20:00,7182.75,7184.0,7177.0,7180.0,17870
2026-04-27 23:25:00,7180.0,7184.5,7178.5,7184.5,11494
2026-04-27 23:30:00,7184.5,7187.0,7182.0,7184.5,9110
2026-04-27 23:35:00,7184.25,7185.75,7182.75,7185.0,7227
2026-04-27 23:40:00,7184.75,7188.5,7184.0,7187.25,7896
2026-04-27 23:45:00,7187.25,7188.5,7185.5,7185.75,8125
2026-04-27 23:50:00,7186.0,7187.5,7185.0,7186.5,6080
2026-04-27 23:55:00,7186.75,7189.5,7185.75,7188.75,7013
2026-04-28 00:00:00,7188.75,7189.75,7186.25,7189.25,6752
2026-04-28 00:05:00,7189.25,7192.5,7189.0,7192.0,7678
2026-04-28 00:10:00,7192.0,7195.0,7191.25,7194.0,11997
2026-04-28 00:15:00,7194.25,7196.0,7194.0,7194.75,6536
2026-04-28 00:20:00,7194.75,7195.25,7192.0,7192.75,6307
2026-04-28 00:25:00,7192.75,7195.0,7192.5,7193.5,5350
2026-04-28 00:30:00,7193.5,7196.75,7193.25,7196.25,5399
2026-04-28 00:35:00,7196.25,7197.75,7195.5,7197.25,6861
2026-04-28 00:40:00,7197.25,7197.75,7195.75,7195.75,4979
2026-04-28 00:45:00,7196.0,7197.5,7195.75,7197.25,4156
2026-04-28 00:50:00,7197.25,7197.25,7195.0,7195.25,4803
2026-04-28 00:55:00,7195.25,7196.25,7193.5,7196.0,6867
2026-04-28 01:00:00,7196.25,7198.5,7196.0,7197.0,6119
2026-04-28 01:05:00,7197.25,7197.5,7195.75,7197.0,4142
2026-04-28 01:10:00,7197.0,7198.25,7195.5,7198.0,4427
2026-04-28 01:15:00,7198.0,7198.75,7193.75,7196.25,7444
2026-04-28 01:20:00,7196.0,7202.0,7195.25,7198.5,14125
2026-04-28 01:25:00,7198.5,7201.75,7197.75,7201.0,6862
2026-04-28 01:30:00,7201.0,7207.0,7200.75,7207.0,13336
2026-04-28 01:35:00,7206.75,7207.25,7201.75,7202.5,8824
2026-04-28 01:40:00,7202.5,7203.25,7201.75,7203.0,5578
2026-04-28 01:45:00,7203.0,7204.0,7202.0,7203.75,4589
2026-04-28 01:50:00,7203.5,7204.75,7201.25,7202.25,4996
2026-04-28 01:55:00,7202.25,7204.0,7202.0,7203.5,3714
2026-04-28 02:00:00,7203.5,7205.0,7202.0,7203.75,5180
2026-04-28 02:05:00,7203.75,7205.25,7203.0,7204.5,4393
2026-04-28 02:10:00,7204.25,7206.0,7204.25,7205.5,3585
2026-04-28 02:15:00,7205.5,7207.25,7204.75,7207.0,5546
2026-04-28 02:20:00,7207.0,7207.25,7205.5,7206.0,4949
2026-04-28 02:25:00,7206.0,7206.75,7204.75,7205.75,5668
2026-04-28 02:30:00,7205.5,7207.0,7205.0,7206.25,4682
2026-04-28 02:35:00,7206.0,7206.75,7205.25,7206.0,4088
2026-04-28 02:40:00,7206.0,7206.75,7202.5,7203.75,7265
2026-04-28 02:45:00,7203.5,7205.0,7201.75,7204.75,5910
2026-04-28 02:50:00,7204.75,7206.0,7203.0,7203.5,4034
2026-04-28 02:55:00,7203.25,7205.0,7203.0,7203.0,4289
2026-04-28 03:00:00,7203.25,7204.75,7202.5,7203.5,5610
2026-04-28 03:05:00,7203.5,7204.0,7201.5,7202.25,5318
2026-04-28 03:10:00,7202.5,7204.5,7201.5,7204.0,5911
2026-04-28 03:15:00,7204.0,7206.5,7203.75,7206.0,8506
2026-04-28 03:20:00,7205.75,7206.5,7204.75,7205.5,6151
2026-04-28 03:25:00,7205.5,7206.75,7205.0,7206.0,6887
2026-04-28 03:30:00,7206.0,7207.75,7205.5,7206.25,9099
2026-04-28 03:35:00,7206.25,7207.5,7203.5,7206.5,11242
2026-04-28 03:40:00,7206.5,7207.0,7205.25,7206.75,7835
2026-04-28 03:45:00,7206.75,7210.0,7206.25,7210.0,15907
2026-04-28 03:50:00,7210.0,7211.25,7206.5,7207.0,19730
2026-04-28 03:55:00,7206.75,7208.25,7204.75,7207.0,66486
2026-04-28 04:00:00,7207.0,7208.0,7204.0,7204.75,17071
2026-04-28 04:05:00,7204.75,7205.25,7203.25,7203.5,3711
2026-04-28 04:10:00,7203.5,7205.25,7203.25,7204.75,2888
2026-04-28 04:15:00,7204.5,7205.25,7203.0,7203.75,2440
2026-04-28 04:20:00,7203.5,7203.75,7202.25,7202.5,2022
2026-04-28 04:25:00,7202.75,7204.5,7202.75,7204.5,1059
2026-04-28 04:30:00,7204.25,7205.5,7204.25,7204.25,715
2026-04-28 04:35:00,7204.5,7207.25,7204.5,7207.0,1592
2026-04-28 04:40:00,7207.25,7207.5,7206.25,7206.75,1193
2026-04-28 04:45:00,7207.0,7207.5,7206.25,7206.75,1303
2026-04-28 04:50:00,7206.5,7206.5,7205.5,7205.75,1063
2026-04-28 04:55:00,7206.0,7206.0,7204.75,7205.25,1006
2026-04-28 06:00:00,7204.75,7209.5,7204.75,7207.25,0
2026-04-28 06:05:00,7207.75,7218.25,7206.75,7214.5,2283
2026-04-28 06:10:00,7214.5,7218.0,7214.0,7217.25,728
2026-04-28 06:15:00,7217.25,7221.75,7217.25,7218.75,1159
2026-04-28 06:20:00,7218.75,7219.25,7217.25,7217.75,405
2026-04-28 06:25:00,7217.75,7219.0,7217.25,7218.75,215
2026-04-28 06:30:00,7218.75,7220.0,7218.25,7218.5,457
2026-04-28 06:35:00,7218.25,7218.75,7217.25,7218.5,381
2026-04-28 06:40:00,7218.5,7219.25,7217.5,7218.5,233
2026-04-28 06:45:00,7218.75,7219.0,7217.0,7217.0,268
2026-04-28 06:50:00,7216.75,7217.25,7215.75,7217.0,528
2026-04-28 06:55:00,7217.0,7217.0,7216.0,7216.5,204
2026-04-28 07:00:00,7216.5,7217.25,7216.5,7217.25,192
2026-04-28 07:05:00,7217.25,7217.5,7215.0,7215.75,337
2026-04-28 07:10:00,7215.25,7216.5,7215.25,7215.25,158
2026-04-28 07:15:00,7215.5,7217.75,7215.5,7217.25,300
2026-04-28 07:20:00,7217.25,7218.25,7216.5,7218.0,216
2026-04-28 07:25:00,7217.75,7218.0,7217.0,7217.5,188
2026-04-28 07:30:00,7217.25,7218.25,7216.75,7218.0,232
2026-04-28 07:35:00,7217.75,7219.5,7217.75,7219.25,247
2026-04-28 07:40:00,7219.5,7220.0,7218.25,7218.5,221
2026-04-28 07:45:00,7218.75,7219.25,7217.0,7217.5,264
2026-04-28 07:50:00,7217.5,7217.75,7216.5,7217.75,247
2026-04-28 07:55:00,7217.5,7217.75,7216.5,7217.25,249
2026-04-28 08:00:00,7217.25,7220.25,7216.75,7217.25,983
2026-04-28 08:05:00,7217.25,7222.75,7217.0,7221.5,1243
2026-04-28 08:10:00,7221.5,7223.25,7220.5,7220.75,887
2026-04-28 08:15:00,7220.75,7220.75,7217.75,7218.25,870
2026-04-28 08:20:00,7218.25,7219.25,7217.25,7218.5,591
2026-04-28 08:25:00,7218.75,7219.0,7212.25,7215.0,1316
2026-04-28 08:30:00,7215.25,7217.25,7213.25,7214.0,701
2026-04-28 08:35:00,7214.25,7215.75,7213.25,7215.25,562
2026-04-28 08:40:00,7215.25,7216.75,7215.25,7216.25,662
2026-04-28 08:45:00,7216.25,7217.0,7215.0,7216.0,795
2026-04-28 08:50:00,7215.75,7215.75,7213.75,7214.5,566
2026-04-28 08:55:00,7214.5,7215.0,7213.5,7213.75,429
2026-04-28 09:00:00,7213.75,7214.75,7212.0,7213.0,1355
2026-04-28 09:05:00,7213.25,7214.0,7211.75,7212.5,508
2026-04-28 09:10:00,7212.5,7214.5,7212.5,7214.0,291
2026-04-28 09:15:00,7214.0,7214.75,7213.0,7213.75,273
2026-04-28 09:20:00,7213.75,7214.75,7212.75,7214.25,316
2026-04-28 09:25:00,7214.5,7216.25,7214.5,7215.75,533
2026-04-28 09:30:00,7215.75,7216.0,7213.75,7215.0,472
2026-04-28 09:35:00,7215.25,7218.75,7215.25,7217.75,691
2026-04-28 09:40:00,7218.0,7219.25,7217.75,7218.0,385
2026-04-28 09:45:00,7218.0,7218.5,7214.5,7214.75,547
2026-04-28 09:50:00,7214.5,7214.5,7211.0,7212.5,1424
2026-04-28 09:55:00,7212.75,7212.75,7208.0,7208.75,1304
2026-04-28 10:00:00,7209.0,7209.75,7207.0,7208.0,974
2026-04-28 10:05:00,7207.75,7210.5,7207.5,7209.75,522
2026-04-28 10:10:00,7209.75,7210.5,7209.25,7210.25,292
2026-04-28 10:15:00,7210.0,7211.5,7209.75,7211.0,378
2026-04-28 10:20:00,7211.0,7212.0,7210.5,7211.0,277
2026-04-28 10:25:00,7211.0,7211.5,7209.75,7210.5,453
2026-04-28 10:30:00,7210.25,7210.25,7207.5,7209.0,551
2026-04-28 10:35:00,7208.75,7209.5,7207.0,7207.0,464
2026-04-28 10:40:00,7206.75,7207.5,7206.5,7207.0,510
2026-04-28 10:45:00,7207.0,7207.5,7206.5,7206.75,299
2026-04-28 10:50:00,7206.75,7208.25,7206.75,7207.5,287
2026-04-28 10:55:00,7207.5,7207.5,7204.5,7206.0,1208
2026-04-28 11:00:00,7205.75,7206.5,7205.0,7205.25,508
2026-04-28 11:05:00,7205.25,7207.0,7205.0,7206.75,468
2026-04-28 11:10:00,7206.75,7208.75,7206.75,7208.5,369
2026-04-28 11:15:00,7208.25,7210.0,7207.5,7209.5,322
2026-04-28 11:20:00,7209.25,7209.75,7208.75,7208.75,194
2026-04-28 11:25:00,7209.0,7210.75,7208.75,7210.5,344
2026-04-28 11:30:00,7210.5,7212.0,7210.25,7211.25,491
2026-04-28 11:35:00,7211.25,7211.5,7210.5,7211.25,164
2026-04-28 11:40:00,7211.0,7211.75,7210.25,7210.25,216
2026-04-28 11:45:00,7210.25,7210.25,7208.0,7208.5,610
2026-04-28 11:50:00,7208.5,7208.5,7207.5,7208.0,245
2026-04-28 11:55:00,7208.0,7209.0,7208.0,7208.25,114
2026-04-28 12:05:00,7207.75,7208.25,7207.75,7207.75,396
2026-04-28 12:10:00,7208.0,7210.75,7208.0,7210.0,398
2026-04-28 12:15:00,7210.0,7211.0,7209.5,7210.25,206
2026-04-28 12:20:00,7210.0,7211.0,7210.0,7210.5,123
2026-04-28 12:25:00,7210.5,7210.75,7210.0,7210.5,88
2026-04-28 12:30:00,7210.5,7212.5,7210.5,7212.25,283
2026-04-28 12:35:00,7212.25,7212.5,7211.25,7211.5,212
2026-04-28 12:40:00,7211.75,7212.5,7211.5,7212.5,199
2026-04-28 12:45:00,7212.25,7213.0,7211.5,7211.75,269
2026-04-28 12:50:00,7211.5,7211.75,7210.25,7210.25,187
2026-04-28 12:55:00,7210.25,7210.75,7209.0,7209.5,246
2026-04-28 13:00:00,7209.75,7210.5,7207.5,7208.0,411
2026-04-28 13:05:00,7208.0,7208.5,7205.25,7205.75,554
2026-04-28 13:10:00,7205.75,7206.25,7202.0,7204.5,1357
2026-04-28 13:15:00,7204.5,7204.75,7202.5,7204.0,508
2026-04-28 13:20:00,7203.75,7205.5,7203.75,7205.5,428
2026-04-28 13:25:00,7205.5,7205.5,7204.5,7204.75,220
2026-04-28 13:30:00,7204.5,7205.0,7200.75,7201.25,791
2026-04-28 13:35:00,7201.25,7201.75,7196.0,7199.5,1386
2026-04-28 13:40:00,7199.75,7202.25,7198.75,7200.25,673
2026-04-28 13:45:00,7200.25,7200.5,7198.25,7198.75,419
2026-04-28 13:50:00,7198.75,7200.5,7197.25,7200.0,465
2026-04-28 13:55:00,7200.0,7200.0,7197.75,7198.25,686
2026-04-28 14:00:00,7198.25,7199.0,7196.25,7197.75,877
2026-04-28 14:05:00,7198.0,7200.25,7197.25,7199.5,488
2026-04-28 14:10:00,7200.0,7200.5,7198.5,7200.0,509
2026-04-28 14:15:00,7200.0,7200.5,7197.5,7198.5,504
2026-04-28 14:20:00,7198.5,7199.5,7198.0,7198.25,349
2026-04-28 14:25:00,7198.25,7201.0,7198.0,7199.75,805
2026-04-28 14:30:00,7199.75,7200.5,7198.0,7199.25,609
2026-04-28 14:35:00,7199.25,7199.25,7195.25,7196.75,819
2026-04-28 14:40:00,7196.75,7197.5,7189.5,7193.25,1851
2026-04-28 14:45:00,7193.5,7195.0,7191.0,7191.5,795
2026-04-28 14:50:00,7191.75,7194.25,7191.5,7193.75,587
2026-04-28 14:55:00,7193.5,7194.5,7192.75,7194.0,475
2026-04-28 15:00:00,7193.75,7194.0,7191.0,7193.0,1351
2026-04-28 15:05:00,7192.75,7195.0,7192.5,7193.5,789
2026-04-28 15:10:00,7193.5,7194.0,7190.75,7193.5,847
2026-04-28 15:15:00,7193.5,7195.25,7191.5,7193.0,1015
2026-04-28 15:20:00,7193.25,7194.5,7192.0,7193.25,512
2026-04-28 15:25:00,7193.5,7194.0,7190.75,7192.25,869
2026-04-28 15:30:00,7192.5,7195.5,7191.75,7193.75,878
2026-04-28 15:35:00,7193.5,7196.5,7193.25,7195.0,676
2026-04-28 15:40:00,7195.5,7198.0,7195.5,7195.75,774
2026-04-28 15:45:00,7195.75,7197.25,7195.25,7196.25,1025
2026-04-28 15:50:00,7196.25,7196.25,7193.5,7195.5,897
2026-04-28 15:55:00,7195.5,7197.75,7194.75,7196.75,1138
2026-04-28 16:00:00,7197.0,7197.25,7189.0,7189.75,2108
2026-04-28 16:05:00,7189.75,7192.0,7188.5,7191.0,1936
2026-04-28 16:10:00,7191.0,7192.0,7188.5,7191.25,1841
2026-04-28 16:15:00,7191.25,7197.75,7191.25,7195.0,1461
2026-04-28 16:20:00,7195.25,7197.5,7195.25,7196.0,626
2026-04-28 16:25:00,7196.0,7201.75,7195.75,7201.75,1199
2026-04-28 16:30:00,7201.5,7201.75,7199.75,7200.5,1443
2026-04-28 16:35:00,7200.5,7201.25,7198.75,7200.5,780
2026-04-28 16:40:00,7200.5,7201.0,7199.25,7199.5,693
2026-04-28 16:45:00,7199.5,7200.0,7197.75,7198.25,474
2026-04-28 16:50:00,7198.25,7200.0,7197.25,7198.5,640
2026-04-28 16:55:00,7198.5,7200.75,7198.0,7200.5,474
2026-04-28 17:00:00,7200.5,7200.75,7197.5,7197.5,1057
2026-04-28 17:05:00,7197.75,7200.0,7196.5,7199.75,791
2026-04-28 17:10:00,7199.75,7200.75,7198.5,7200.0,738
2026-04-28 17:15:00,7200.0,7201.0,7198.0,7199.25,1109
2026-04-28 17:20:00,7199.25,7199.25,7196.75,7197.0,679
2026-04-28 17:25:00,7197.0,7197.5,7194.0,7196.0,1512
2026-04-28 17:30:00,7196.0,7196.5,7191.5,7192.5,1252
2026-04-28 17:35:00,7192.5,7194.5,7191.25,7191.75,1138
2026-04-28 17:40:00,7192.0,7193.0,7190.25,7192.5,1042
2026-04-28 17:45:00,7192.5,7192.75,7188.0,7189.0,1373
2026-04-28 17:50:00,7188.75,7192.75,7188.0,7192.25,1267
2026-04-28 17:55:00,7192.25,7194.0,7191.25,7191.75,1202
2026-04-28 18:00:00,7191.75,7194.5,7191.5,7192.75,1190
2026-04-28 18:05:00,7193.0,7193.0,7188.0,7188.5,1545
2026-04-28 18:10:00,7188.5,7189.0,7186.5,7186.75,1761
2026-04-28 18:15:00,7186.75,7191.25,7186.0,7190.0,1173
2026-04-28 18:20:00,7190.0,7191.75,7188.75,7189.5,920
2026-04-28 18:25:00,7189.25,7190.0,7188.25,7189.25,898
2026-04-28 18:30:00,7189.25,7190.75,7187.75,7189.0,2255
2026-04-28 18:35:00,7189.0,7189.5,7186.75,7188.25,799
2026-04-28 18:40:00,7188.5,7189.0,7186.5,7186.5,641
2026-04-28 18:45:00,7186.75,7188.0,7186.25,7188.0,1553
2026-04-28 18:50:00,7188.0,7189.25,7187.5,7188.0,1000
2026-04-28 18:55:00,7188.0,7190.0,7188.0,7189.0,1341
2026-04-28 19:00:00,7189.0,7191.75,7187.75,7188.0,2924
2026-04-28 19:05:00,7187.75,7188.5,7180.75,7181.25,2695
2026-04-28 19:10:00,7181.0,7182.25,7178.5,7179.5,3358
2026-04-28 19:15:00,7179.25,7179.75,7173.25,7173.75,4531
2026-04-28 19:20:00,7173.75,7174.75,7171.0,7171.5,3841
2026-04-28 19:25:00,7171.75,7173.0,7166.75,7169.75,3835
2026-04-28 19:30:00,7169.5,7169.75,7163.75,7168.25,4228
2026-04-28 19:35:00,7168.0,7169.0,7161.75,7163.75,3944
2026-04-28 19:40:00,7163.75,7168.75,7160.5,7168.25,5536
2026-04-28 19:45:00,7168.25,7169.5,7156.75,7158.0,5735
2026-04-28 19:50:00,7157.75,7161.5,7155.25,7158.25,4952
2026-04-28 19:55:00,7158.0,7160.5,7157.25,7158.5,2075
2026-04-28 20:00:00,7158.75,7160.25,7155.5,7157.5,2800
2026-04-28 20:05:00,7157.5,7159.75,7154.25,7155.0,3529
2026-04-28 20:10:00,7154.75,7160.0,7151.0,7158.75,5982
2026-04-28 20:15:00,7159.0,7159.75,7152.5,7153.25,2768
2026-04-28 20:20:00,7153.25,7164.0,7149.5,7151.5,15770
2026-04-28 20:25:00,7151.5,7153.25,7149.5,7152.0,3488
2026-04-28 20:30:00,7152.0,7154.0,7147.5,7153.0,4290
2026-04-28 20:35:00,7153.0,7155.75,7151.75,7155.75,3067
2026-04-28 20:40:00,7155.75,7159.25,7154.25,7156.25,4421
2026-04-28 20:45:00,7156.25,7162.0,7155.5,7161.75,4092
2026-04-28 20:50:00,7161.5,7167.0,7161.25,7165.0,5731
2026-04-28 20:55:00,7165.0,7170.0,7165.0,7169.5,4399
2026-04-28 21:00:00,7169.25,7171.25,7167.25,7168.0,6448
2026-04-28 21:05:00,7168.0,7168.0,7163.75,7164.5,5231
2026-04-28 21:10:00,7164.5,7167.5,7163.0,7163.5,3512
2026-04-28 21:15:00,7163.25,7164.75,7160.5,7164.0,3243
2026-04-28 21:20:00,7164.0,7167.75,7164.0,7166.75,3934
2026-04-28 21:25:00,7167.0,7175.0,7165.25,7172.25,13925
2026-04-28 21:30:00,7172.0,7174.25,7161.75,7169.25,40714
2026-04-28 21:35:00,7169.25,7175.75,7168.25,7174.5,23119
2026-04-28 21:40:00,7174.25,7183.0,7172.75,7177.75,25137
2026-04-28 21:45:00,7178.0,7180.0,7172.5,7176.25,22040
2026-04-28 21:50:00,7176.25,7178.0,7168.25,7170.25,20769
2026-04-28 21:55:00,7170.5,7171.5,7163.5,7169.5,19848
2026-04-28 22:00:00,7169.75,7172.0,7164.75,7168.25,16945
2026-04-28 22:05:00,7168.0,7177.5,7167.25,7175.0,15752
2026-04-28 22:10:00,7175.0,7175.25,7168.75,7170.0,12493
2026-04-28 22:15:00,7170.25,7172.0,7165.25,7167.25,15596
2026-04-28 22:20:00,7167.5,7170.75,7165.0,7168.0,13260
2026-04-28 22:25:00,7167.75,7170.25,7163.5,7166.5,16619
2026-04-28 22:30:00,7166.5,7169.75,7162.0,7162.75,16407
2026-04-28 22:35:00,7162.75,7163.25,7150.25,7154.5,33677
2026-04-28 22:40:00,7154.5,7160.5,7150.5,7158.5,22860
2026-04-28 22:45:00,7158.75,7160.75,7152.25,7154.75,24060
2026-04-28 22:50:00,7154.5,7155.25,7146.25,7150.25,23601
2026-04-28 22:55:00,7150.5,7159.25,7147.0,7159.0,35315
2026-04-28 23:00:00,7158.75,7164.75,7158.25,7160.0,24846
2026-04-28 23:05:00,7160.25,7161.75,7152.5,7154.75,16083
2026-04-28 23:10:00,7154.75,7161.25,7154.25,7160.5,13244
2026-04-28 23:15:00,7160.75,7162.0,7156.5,7160.25,10757
2026-04-28 23:20:00,7160.25,7160.75,7153.5,7156.25,11773
2026-04-28 23:25:00,7156.5,7156.75,7152.0,7152.75,11275
2026-04-28 23:30:00,7153.0,7153.25,7148.0,7150.5,17682
2026-04-28 23:35:00,7150.5,7155.5,7148.0,7152.5,12437
2026-04-28 23:40:00,7152.5,7154.75,7151.0,7151.75,8617
2026-04-28 23:45:00,7151.75,7154.0,7147.75,7149.75,12246
2026-04-28 23:50:00,7149.5,7153.0,7149.25,7152.5,8191
2026-04-28 23:55:00,7152.5,7154.25,7149.25,7153.75,7659
2026-04-29 00:00:00,7153.75,7157.0,7151.75,7155.25,11857
2026-04-29 00:05:00,7155.0,7158.75,7155.0,7156.5,10377
2026-04-29 00:10:00,7156.75,7158.5,7154.75,7158.25,5496
2026-04-29 00:15:00,7158.25,7158.5,7154.5,7157.25,7501
2026-04-29 00:20:00,7157.5,7159.5,7156.5,7158.5,8087
2026-04-29 00:25:00,7158.75,7159.75,7156.0,7157.25,6815
2026-04-29 00:30:00,7157.25,7158.25,7151.75,7151.75,7908
2026-04-29 00:35:00,7151.75,7153.25,7149.25,7150.75,9059
2026-04-29 00:40:00,7150.5,7152.5,7147.25,7148.75,9584
2026-04-29 00:45:00,7148.75,7151.5,7147.5,7151.25,9041
2026-04-29 00:50:00,7151.25,7158.0,7149.0,7156.25,15331
2026-04-29 00:55:00,7156.5,7157.25,7153.0,7155.5,6746
2026-04-29 01:00:00,7155.5,7157.5,7149.25,7150.25,7866
2026-04-29 01:05:00,7150.25,7152.75,7148.0,7152.25,8080
2026-04-29 01:10:00,7152.25,7153.75,7149.75,7153.5,8027
2026-04-29 01:15:00,7153.25,7153.75,7149.0,7150.0,5052
2026-04-29 01:20:00,7150.0,7152.5,7149.75,7152.5,4699
2026-04-29 01:25:00,7152.5,7156.75,7151.75,7154.75,7554
2026-04-29 01:30:00,7155.0,7159.0,7154.75,7158.5,7584
2026-04-29 01:35:00,7158.5,7162.0,7158.25,7160.0,10073
2026-04-29 01:40:00,7159.75,7163.75,7159.0,7161.25,10071
2026-04-29 01:45:00,7161.25,7163.25,7160.75,7161.0,6914
2026-04-29 01:50:00,7161.25,7163.0,7159.5,7162.5,6726
2026-04-29 01:55:00,7162.5,7165.5,7162.25,7164.5,6807
2026-04-29 02:00:00,7164.5,7165.5,7162.0,7163.0,6741
2026-04-29 02:05:00,7162.75,7165.0,7161.5,7164.0,6774
2026-04-29 02:10:00,7164.0,7165.25,7162.25,7164.5,5607
2026-04-29 02:15:00,7164.25,7169.0,7164.25,7168.25,9008
2026-04-29 02:20:00,7168.25,7170.5,7165.75,7168.25,18253
2026-04-29 02:25:00,7168.25,7169.75,7166.0,7167.5,7595
2026-04-29 02:30:00,7167.5,7167.75,7163.5,7164.75,8815
2026-04-29 02:35:00,7164.5,7165.0,7162.0,7164.5,5987
2026-04-29 02:40:00,7164.25,7167.75,7164.25,7167.5,6510
2026-04-29 02:45:00,7167.75,7168.5,7166.5,7168.0,4878
2026-04-29 02:50:00,7167.75,7170.0,7166.75,7169.5,4761
2026-04-29 02:55:00,7169.5,7170.0,7166.5,7169.25,5969
2026-04-29 03:00:00,7169.25,7171.0,7168.25,7170.0,8160
2026-04-29 03:05:00,7170.0,7174.25,7170.0,7173.5,8210
2026-04-29 03:10:00,7173.5,7176.25,7172.25,7173.25,9381
2026-04-29 03:15:00,7173.25,7173.5,7169.75,7170.5,10049
2026-04-29 03:20:00,7170.5,7172.25,7168.25,7170.75,7820
2026-04-29 03:25:00,7170.75,7171.75,7169.25,7170.25,4408
2026-04-29 03:30:00,7170.25,7170.75,7166.5,7166.75,8352
2026-04-29 03:35:00,7166.75,7170.0,7166.25,7169.75,8941
2026-04-29 03:40:00,7169.75,7172.5,7169.5,7171.0,7702
2026-04-29 03:45:00,7170.75,7172.25,7169.75,7171.75,7836
2026-04-29 03:50:00,7171.75,7174.5,7168.25,7171.25,22747
2026-04-29 03:55:00,7171.5,7173.5,7168.75,7171.5,68243
2026-04-29 04:00:00,7171.5,7172.25,7167.5,7169.25,18332
2026-04-29 04:05:00,7169.5,7174.5,7169.25,7174.0,6663
2026-04-29 04:10:00,7173.75,7176.25,7173.25,7173.25,4874
2026-04-29 04:15:00,7173.25,7175.25,7173.0,7174.5,2252
2026-04-29 04:20:00,7174.25,7174.25,7172.25,7173.25,1642
2026-04-29 04:25:00,7173.0,7174.0,7172.75,7174.0,767
2026-04-29 04:30:00,7174.0,7174.0,7171.75,7171.75,1807
2026-04-29 04:35:00,7171.75,7172.5,7171.5,7171.75,958
2026-04-29 04:40:00,7171.75,7172.5,7171.5,7172.0,1355
2026-04-29 04:45:00,7172.0,7172.75,7171.25,7171.5,1098
2026-04-29 04:50:00,7171.5,7172.5,7170.75,7172.0,1053
2026-04-29 04:55:00,7172.0,7172.75,7171.5,7172.5,1155
2026-04-29 06:00:00,7172.5,7178.0,7172.5,7175.25,0
2026-04-29 06:05:00,7175.25,7177.5,7174.0,7176.5,432
2026-04-29 06:10:00,7176.5,7177.75,7176.5,7176.75,206
2026-04-29 06:15:00,7177.0,7177.25,7175.5,7175.75,158
2026-04-29 06:20:00,7175.5,7176.0,7175.0,7175.25,214
2026-04-29 06:25:00,7175.0,7175.5,7174.5,7174.75,200
2026-04-29 06:30:00,7174.75,7176.25,7174.75,7176.0,260
2026-04-29 06:35:00,7176.25,7176.25,7175.0,7175.25,175
2026-04-29 06:40:00,7175.0,7175.5,7174.25,7175.25,206
2026-04-29 06:45:00,7175.0,7175.75,7174.75,7175.0,146
2026-04-29 06:50:00,7175.0,7175.75,7175.0,7175.5,147
2026-04-29 06:55:00,7175.25,7176.0,7175.25,7176.0,112
2026-04-29 07:00:00,7176.0,7176.25,7174.75,7175.25,155
2026-04-29 07:05:00,7175.5,7175.5,7174.25,7175.0,201
2026-04-29 07:10:00,7174.75,7175.5,7174.25,7175.5,132
2026-04-29 07:15:00,7175.5,7176.0,7175.25,7175.75,88
2026-04-29 07:20:00,7175.75,7176.0,7175.5,7175.75,66
2026-04-29 07:25:00,7175.75,7175.75,7175.25,7175.75,71
2026-04-29 07:30:00,7176.0,7177.75,7175.75,7177.25,427
2026-04-29 07:35:00,7177.25,7177.75,7177.25,7177.5,147
2026-04-29 07:40:00,7177.75,7178.5,7177.75,7178.5,247
2026-04-29 07:45:00,7178.5,7179.0,7177.75,7178.25,348
2026-04-29 07:50:00,7178.25,7179.0,7178.0,7178.75,132
2026-04-29 07:55:00,7178.75,7179.5,7178.25,7179.5,250
2026-04-29 08:00:00,7179.5,7182.75,7179.5,7182.0,1303
2026-04-29 08:05:00,7182.25,7184.5,7181.75,7184.25,1381
2026-04-29 08:10:00,7184.0,7186.0,7183.75,7185.25,864
2026-04-29 08:15:00,7185.0,7185.75,7183.25,7184.0,684
2026-04-29 08:20:00,7184.0,7186.25,7183.75,7186.25,596
2026-04-29 08:25:00,7186.5,7186.75,7186.0,7186.75,458
2026-04-29 08:30:00,7186.75,7188.0,7185.75,7186.75,866
2026-04-29 08:35:00,7186.5,7186.5,7185.0,7185.5,389
2026-04-29 08:40:00,7185.75,7186.75,7185.5,7186.0,450
2026-04-29 08:45:00,7186.0,7186.0,7184.0,7184.5,990
2026-04-29 08:50:00,7184.25,7184.75,7183.25,7184.25,562
2026-04-29 08:55:00,7184.0,7184.5,7183.0,7183.5,451
2026-04-29 09:00:00,7183.25,7183.5,7177.5,7178.75,2579
2026-04-29 09:05:00,7178.75,7180.0,7169.0,7172.5,3207
2026-04-29 09:10:00,7172.25,7176.25,7172.25,7175.5,1116
2026-04-29 09:15:00,7175.5,7178.25,7174.25,7177.25,1029
2026-04-29 09:20:00,7177.0,7179.5,7176.5,7177.25,876
2026-04-29 09:25:00,7177.25,7178.0,7176.25,7176.75,424
2026-04-29 09:30:00,7176.75,7179.75,7175.75,7179.25,740
2026-04-29 09:35:00,7179.75,7182.0,7178.5,7179.75,1005
2026-04-29 09:40:00,7179.75,7183.25,7179.75,7181.75,735
2026-04-29 09:45:00,7181.75,7182.25,7179.5,7180.25,525
2026-04-29 09:50:00,7180.25,7180.25,7177.25,7178.5,671
2026-04-29 09:55:00,7178.25,7178.75,7177.25,7178.25,462
2026-04-29 10:00:00,7178.5,7182.0,7178.5,7179.5,773
2026-04-29 10:05:00,7179.25,7182.5,7178.5,7182.5,572
2026-04-29 10:10:00,7182.5,7183.0,7181.5,7183.0,577
2026-04-29 10:15:00,7182.75,7185.25,7182.25,7183.75,683
2026-04-29 10:20:00,7183.75,7183.75,7181.75,7181.75,332
2026-04-29 10:25:00,7181.75,7184.25,7181.75,7182.25,439
2026-04-29 10:30:00,7182.5,7182.75,7180.75,7181.5,344
2026-04-29 10:35:00,7181.25,7181.25,7179.75,7180.5,356
2026-04-29 10:40:00,7180.5,7181.25,7179.25,7180.5,281
2026-04-29 10:45:00,7180.75,7182.75,7180.0,7182.0,258
2026-04-29 10:50:00,7182.0,7182.5,7181.25,7181.25,322
2026-04-29 10:55:00,7181.0,7182.25,7180.25,7181.5,418
2026-04-29 11:00:00,7181.75,7183.5,7181.5,7183.0,342
2026-04-29 11:05:00,7183.0,7184.75,7182.75,7184.5,439
2026-04-29 11:10:00,7184.75,7185.25,7183.5,7184.25,580
2026-04-29 11:15:00,7184.0,7185.0,7183.75,7184.5,281
2026-04-29 11:20:00,7184.25,7185.0,7184.0,7184.75,459
2026-04-29 11:25:00,7184.5,7185.25,7184.5,7184.75,381
2026-04-29 11:30:00,7184.5,7184.75,7183.5,7183.75,272
2026-04-29 11:35:00,7183.75,7183.75,7183.25,7183.5,193
2026-04-29 11:40:00,7183.25,7183.75,7182.0,7182.75,225
2026-04-29 11:45:00,7182.5,7183.0,7181.75,7181.75,315
2026-04-29 11:50:00,7182.0,7182.5,7181.25,7181.75,278
2026-04-29 11:55:00,7181.75,7182.75,7181.25,7182.75,384
2026-04-29 12:05:00,7184.0,7184.5,7184.0,7184.5,507
2026-04-29 12:10:00,7184.25,7184.75,7183.75,7184.5,164
2026-04-29 12:15:00,7184.5,7184.75,7183.75,7184.0,167
2026-04-29 12:20:00,7184.25,7184.5,7183.5,7183.75,264
2026-04-29 12:25:00,7183.75,7184.75,7183.75,7184.5,164
2026-04-29 12:30:00,7184.25,7186.75,7184.25,7186.5,614
2026-04-29 12:35:00,7186.75,7187.0,7185.5,7185.75,434
2026-04-29 12:40:00,7185.75,7186.0,7185.0,7185.25,324
2026-04-29 12:45:00,7185.0,7185.75,7184.25,7185.75,379
2026-04-29 12:50:00,7185.5,7186.0,7184.5,7184.5,379
2026-04-29 12:55:00,7184.5,7184.75,7184.0,7184.5,279
2026-04-29 13:00:00,7184.75,7185.5,7184.0,7185.25,353
2026-04-29 13:05:00,7185.0,7185.75,7184.0,7184.0,333
2026-04-29 13:10:00,7183.75,7184.0,7182.5,7183.0,374
2026-04-29 13:15:00,7183.0,7183.75,7182.5,7182.75,260
2026-04-29 13:20:00,7183.0,7183.25,7182.0,7182.5,321
2026-04-29 13:25:00,7182.25,7185.0,7182.0,7184.75,290
2026-04-29 13:30:00,7184.75,7185.5,7184.5,7184.75,381
2026-04-29 13:35:00,7184.5,7186.5,7184.25,7186.0,479
2026-04-29 13:40:00,7186.0,7187.0,7185.5,7186.75,289
2026-04-29 13:45:00,7186.5,7187.25,7186.25,7186.5,426
2026-04-29 13:50:00,7186.5,7187.25,7186.0,7186.75,286
2026-04-29 13:55:00,7186.75,7187.25,7185.0,7185.0,385
2026-04-29 14:00:00,7185.0,7188.0,7184.75,7187.75,660
2026-04-29 14:05:00,7187.75,7188.5,7185.75,7186.0,411
2026-04-29 14:10:00,7186.25,7186.75,7184.25,7185.0,359
2026-04-29 14:15:00,7184.75,7184.75,7183.25,7184.25,440
2026-04-29 14:20:00,7184.25,7185.0,7183.5,7184.0,394
2026-04-29 14:25:00,7184.0,7184.5,7182.5,7183.25,643
2026-04-29 14:30:00,7183.25,7183.25,7181.75,7182.25,679
2026-04-29 14:35:00,7182.5,7183.5,7181.0,7183.25,601
2026-04-29 14:40:00,7183.25,7185.25,7183.25,7183.75,749
2026-04-29 14:45:00,7183.75,7184.5,7182.75,7183.75,540
2026-04-29 14:50:00,7183.5,7183.5,7179.75,7180.25,1182
2026-04-29 14:55:00,7180.0,7180.5,7179.25,7179.75,570
2026-04-29 15:00:00,7179.5,7182.25,7179.5,7182.0,1346
2026-04-29 15:05:00,7182.0,7183.5,7180.25,7180.25,784
2026-04-29 15:10:00,7180.25,7180.25,7177.0,7177.5,1053
2026-04-29 15:15:00,7177.5,7178.25,7176.0,7176.25,1186
2026-04-29 15:20:00,7176.25,7178.25,7175.75,7178.0,800
2026-04-29 15:25:00,7178.0,7179.0,7175.75,7178.0,1102
2026-04-29 15:30:00,7178.0,7179.75,7176.75,7178.25,1025
2026-04-29 15:35:00,7178.25,7180.25,7176.0,7176.75,1014
2026-04-29 15:40:00,7177.0,7178.0,7174.0,7174.25,1357
2026-04-29 15:45:00,7174.25,7174.5,7169.25,7173.5,3212
2026-04-29 15:50:00,7173.5,7174.75,7171.25,7173.25,1544
2026-04-29 15:55:00,7173.5,7175.25,7173.25,7174.5,1053
2026-04-29 16:00:00,7174.75,7180.25,7174.75,7176.5,2382
2026-04-29 16:05:00,7176.5,7177.25,7170.5,7172.0,2751
2026-04-29 16:10:00,7172.0,7173.25,7169.25,7169.75,1714
2026-04-29 16:15:00,7169.75,7171.25,7166.5,7171.25,2054
2026-04-29 16:20:00,7171.0,7174.75,7171.0,7174.0,1408
2026-04-29 16:25:00,7174.25,7176.5,7174.0,7175.5,1533
2026-04-29 16:30:00,7175.5,7176.0,7167.25,7168.75,1825
2026-04-29 16:35:00,7168.5,7170.5,7166.75,7168.75,2663
2026-04-29 16:40:00,7169.0,7174.25,7167.5,7173.75,1584
2026-04-29 16:45:00,7173.75,7175.5,7171.75,7172.0,858
2026-04-29 16:50:00,7172.0,7174.0,7171.0,7173.0,794
2026-04-29 16:55:00,7173.0,7174.0,7171.25,7172.75,564
2026-04-29 17:00:00,7172.75,7174.25,7170.5,7171.5,1057
2026-04-29 17:05:00,7171.25,7173.5,7170.0,7173.25,933
2026-04-29 17:10:00,7173.25,7175.75,7173.25,7174.25,679
2026-04-29 17:15:00,7174.0,7177.0,7173.5,7176.75,959
2026-04-29 17:20:00,7176.75,7176.75,7172.75,7174.25,590
2026-04-29 17:25:00,7174.0,7174.75,7172.25,7174.0,472
2026-04-29 17:30:00,7174.0,7176.5,7173.5,7175.25,557
2026-04-29 17:35:00,7175.75,7177.75,7172.0,7173.5,1204
2026-04-29 17:40:00,7173.5,7173.5,7171.0,7171.5,840
2026-04-29 17:45:00,7171.75,7172.75,7170.0,7172.5,1015
2026-04-29 17:50:00,7172.5,7173.5,7171.25,7172.25,1110
2026-04-29 17:55:00,7172.25,7172.25,7167.5,7169.5,1015
2026-04-29 18:00:00,7169.25,7173.0,7166.5,7171.75,1341
2026-04-29 18:05:00,7171.75,7172.25,7169.5,7172.0,561
2026-04-29 18:10:00,7171.75,7174.0,7171.75,7173.75,396
2026-04-29 18:15:00,7173.75,7179.25,7173.75,7178.75,1292
2026-04-29 18:20:00,7178.75,7181.0,7177.0,7179.25,1660
2026-04-29 18:25:00,7179.25,7180.5,7178.25,7179.25,865
2026-04-29 18:30:00,7179.25,7181.0,7178.75,7179.0,1105
2026-04-29 18:35:00,7179.0,7179.75,7178.0,7178.5,754
2026-04-29 18:40:00,7178.5,7178.5,7175.25,7176.5,878
2026-04-29 18:45:00,7176.5,7178.0,7175.75,7177.0,740
2026-04-29 18:50:00,7177.0,7177.75,7175.75,7176.5,811
2026-04-29 18:55:00,7176.5,7176.5,7174.5,7176.5,826
2026-04-29 19:00:00,7176.25,7178.5,7176.0,7177.5,1534
2026-04-29 19:05:00,7177.5,7177.5,7173.0,7174.75,1498
2026-04-29 19:10:00,7174.75,7177.5,7174.5,7176.5,902
2026-04-29 19:15:00,7176.5,7178.0,7176.0,7176.25,809
2026-04-29 19:20:00,7176.5,7177.5,7174.5,7175.25,987
2026-04-29 19:25:00,7175.25,7176.75,7174.0,7174.75,571
2026-04-29 19:30:00,7174.5,7176.0,7173.75,7174.75,473
2026-04-29 19:35:00,7174.75,7180.0,7174.0,7174.5,2162
2026-04-29 19:40:00,7174.5,7175.25,7171.0,7172.75,1722
2026-04-29 19:45:00,7172.75,7173.75,7169.75,7171.5,2411
2026-04-29 19:50:00,7171.75,7175.5,7171.75,7173.25,1456
2026-04-29 19:55:00,7173.25,7174.75,7172.5,7173.5,748
2026-04-29 20:00:00,7173.25,7174.0,7171.0,7171.5,941
2026-04-29 20:05:00,7171.5,7174.5,7171.5,7173.0,1019
2026-04-29 20:10:00,7173.0,7174.5,7170.0,7171.0,1992
2026-04-29 20:15:00,7171.25,7173.25,7170.25,7172.25,1341
2026-04-29 20:20:00,7172.25,7173.25,7167.0,7171.75,3297
2026-04-29 20:25:00,7172.0,7174.75,7169.75,7170.75,1603
2026-04-29 20:30:00,7171.0,7171.0,7161.25,7163.0,5260
2026-04-29 20:35:00,7163.0,7168.25,7162.25,7168.0,4049
2026-04-29 20:40:00,7168.25,7171.5,7167.25,7170.0,2365
2026-04-29 20:45:00,7170.0,7170.5,7167.25,7167.5,1505
2026-04-29 20:50:00,7167.5,7169.75,7166.0,7167.75,2114
2026-04-29 20:55:00,7167.75,7169.25,7167.0,7169.0,1521
2026-04-29 21:00:00,7169.0,7174.0,7169.0,7170.75,3741
2026-04-29 21:05:00,7171.0,7173.0,7170.5,7171.0,1893
2026-04-29 21:10:00,7171.25,7172.0,7170.25,7170.75,1679
2026-04-29 21:15:00,7170.75,7172.0,7167.25,7167.5,4349
2026-04-29 21:20:00,7167.75,7168.5,7162.75,7165.75,7350
2026-04-29 21:25:00,7165.75,7166.25,7161.75,7163.25,6769
2026-04-29 21:30:00,7163.25,7165.0,7152.5,7154.25,38776
2026-04-29 21:35:00,7154.5,7159.75,7152.75,7158.5,21904
2026-04-29 21:40:00,7158.75,7159.5,7153.25,7153.25,13903
2026-04-29 21:45:00,7153.5,7155.75,7149.5,7152.75,19334
2026-04-29 21:50:00,7152.75,7160.5,7152.25,7159.25,17828
2026-04-29 21:55:00,7159.5,7163.5,7158.75,7160.75,16483
2026-04-29 22:00:00,7160.75,7161.25,7155.75,7160.5,15177
2026-04-29 22:05:00,7160.5,7162.0,7158.5,7161.75,12391
2026-04-29 22:10:00,7161.5,7166.0,7160.5,7164.75,13997
2026-04-29 22:15:00,7164.75,7167.0,7162.75,7163.5,13390
2026-04-29 22:20:00,7163.5,7167.5,7162.75,7166.75,9881
2026-04-29 22:25:00,7167.0,7169.75,7166.5,7168.0,11288
2026-04-29 22:30:00,7168.25,7172.75,7166.25,7172.25,15050
2026-04-29 22:35:00,7172.25,7175.25,7171.5,7172.0,12707
2026-04-29 22:40:00,7172.0,7172.5,7170.0,7171.75,9829
2026-04-29 22:45:00,7172.0,7172.5,7168.25,7168.25,10365
2026-04-29 22:50:00,7168.25,7170.5,7167.5,7169.75,9478
2026-04-29 22:55:00,7169.75,7169.75,7167.25,7168.0,7920
2026-04-29 23:00:00,7167.75,7168.5,7162.5,7164.5,14680
2026-04-29 23:05:00,7164.25,7165.5,7159.25,7159.5,12590
2026-04-29 23:10:00,7159.25,7160.0,7154.75,7155.75,17474
2026-04-29 23:15:00,7155.75,7162.0,7154.25,7160.0,16165
2026-04-29 23:20:00,7160.0,7162.75,7159.25,7161.5,8642
2026-04-29 23:25:00,7161.25,7164.5,7159.25,7162.0,10996
2026-04-29 23:30:00,7161.75,7164.0,7158.25,7161.75,13834
2026-04-29 23:35:00,7161.75,7162.75,7158.5,7160.0,9676
2026-04-29 23:40:00,7159.75,7161.0,7157.25,7159.0,7625
2026-04-29 23:45:00,7158.75,7162.75,7158.5,7162.0,7234
2026-04-29 23:50:00,7162.0,7163.75,7145.25,7148.75,40451
2026-04-29 23:55:00,7148.75,7154.75,7145.25,7153.5,25349
2026-04-30 00:00:00,7153.75,7158.0,7152.25,7157.75,12230
2026-04-30 00:05:00,7157.75,7160.25,7155.5,7158.0,9301
2026-04-30 00:10:00,7158.0,7160.75,7155.5,7155.75,8040
2026-04-30 00:15:00,7155.75,7158.75,7151.5,7152.25,8434
2026-04-30 00:20:00,7152.25,7156.25,7151.75,7155.5,7418
2026-04-30 00:25:00,7155.75,7156.75,7149.0,7150.75,7415
2026-04-30 00:30:00,7150.75,7150.75,7142.0,7144.0,19420
2026-04-30 00:35:00,7144.0,7148.25,7143.0,7147.5,12888
2026-04-30 00:40:00,7147.75,7152.0,7147.75,7150.75,8668
2026-04-30 00:45:00,7151.0,7152.5,7148.75,7151.25,7487
2026-04-30 00:50:00,7151.0,7153.75,7149.75,7151.0,5854
2026-04-30 00:55:00,7151.25,7152.0,7147.25,7150.25,7303
2026-04-30 01:00:00,7150.0,7150.75,7145.25,7148.5,8790
2026-04-30 01:05:00,7148.5,7151.0,7147.5,7150.0,5560
2026-04-30 01:10:00,7150.0,7151.5,7148.25,7149.75,5062
2026-04-30 01:15:00,7149.75,7151.0,7147.0,7149.5,5977
2026-04-30 01:20:00,7149.25,7154.75,7149.25,7150.5,14575
2026-04-30 01:25:00,7150.5,7152.5,7148.5,7152.25,5762
2026-04-30 01:30:00,7152.5,7155.75,7151.75,7153.0,11071
2026-04-30 01:35:00,7153.0,7154.75,7152.5,7153.75,4504
2026-04-30 01:40:00,7154.0,7154.5,7151.0,7153.5,4430
2026-04-30 01:45:00,7153.5,7160.5,7153.0,7158.0,11463
2026-04-30 01:50:00,7158.0,7160.75,7156.0,7156.5,7891
2026-04-30 01:55:00,7156.75,7159.5,7155.5,7159.25,3883
2026-04-30 02:00:00,7159.25,7160.25,7146.0,7147.75,12718
2026-04-30 02:05:00,7147.75,7152.0,7140.5,7141.75,18528
2026-04-30 02:10:00,7141.5,7145.5,7137.5,7143.5,16227
2026-04-30 02:15:00,7143.75,7152.5,7142.75,7148.75,12209
2026-04-30 02:20:00,7148.5,7152.5,7147.5,7148.75,8592
2026-04-30 02:25:00,7148.75,7149.0,7144.5,7145.75,6710
2026-04-30 02:30:00,7145.75,7146.75,7140.5,7143.75,9226
2026-04-30 02:35:00,7143.75,7155.25,7143.0,7147.25,19869
2026-04-30 02:40:00,7147.25,7147.75,7139.75,7140.25,12740
2026-04-30 02:45:00,7140.25,7149.25,7137.0,7148.0,14535
2026-04-30 02:50:00,7148.25,7153.5,7148.25,7149.25,10271
2026-04-30 02:55:00,7149.25,7160.0,7148.75,7158.75,12435
2026-04-30 03:00:00,7159.0,7161.25,7155.75,7157.0,11997
2026-04-30 03:05:00,7157.0,7159.0,7153.0,7157.75,12788
2026-04-30 03:10:00,7157.75,7166.25,7156.5,7165.5,12898
2026-04-30 03:15:00,7165.75,7168.25,7163.75,7166.0,11516
2026-04-30 03:20:00,7166.0,7166.5,7162.0,7165.25,8461
2026-04-30 03:25:00,7165.5,7166.5,7162.0,7162.0,7664
2026-04-30 03:30:00,7162.0,7162.5,7154.0,7157.25,15280
2026-04-30 03:35:00,7157.25,7163.75,7156.0,7163.5,11188
2026-04-30 03:40:00,7163.5,7164.25,7157.75,7159.0,7885
2026-04-30 03:45:00,7159.0,7162.5,7158.5,7161.0,8066
2026-04-30 03:50:00,7160.75,7164.25,7157.5,7163.75,20153
2026-04-30 03:55:00,7163.75,7170.75,7159.0,7170.25,72315
2026-04-30 04:00:00,7170.25,7190.75,7154.75,7178.0,39004
2026-04-30 04:05:00,7177.5,7178.75,7165.25,7168.75,18377
2026-04-30 04:10:00,7168.5,7169.75,7135.25,7137.75,19130
2026-04-30 04:15:00,7137.75,7144.25,7131.25,7143.75,15696
2026-04-30 04:20:00,7143.75,7158.75,7143.75,7158.0,9586
2026-04-30 04:25:00,7158.0,7162.75,7153.5,7162.0,4759
2026-04-30 04:30:00,7161.75,7164.25,7155.5,7160.25,4169
2026-04-30 04:35:00,7160.25,7165.75,7159.25,7165.25,4136
2026-04-30 04:40:00,7165.0,7167.5,7161.0,7161.5,3391
2026-04-30 04:45:00,7161.75,7164.5,7157.75,7157.75,3209
2026-04-30 04:50:00,7157.75,7158.25,7150.0,7150.5,4668
2026-04-30 04:55:00,7150.5,7152.75,7140.75,7141.5,5119
2026-04-30 06:00:00,7150.0,7165.5,7148.5,7164.75,0
2026-04-30 06:05:00,7165.25,7180.0,7164.5,7179.5,5987
2026-04-30 06:10:00,7179.25,7186.25,7177.25,7185.75,5984
2026-04-30 06:15:00,7186.0,7196.5,7184.0,7195.25,5542
2026-04-30 06:20:00,7195.25,7196.0,7187.5,7190.75,2992
2026-04-30 06:25:00,7190.75,7190.75,7185.75,7188.0,2169
2026-04-30 06:30:00,7188.0,7191.5,7187.75,7189.25,1772
2026-04-30 06:35:00,7189.25,7190.0,7185.5,7186.0,1162
2026-04-30 06:40:00,7185.75,7187.5,7183.75,7187.25,1144
2026-04-30 06:45:00,7187.25,7191.5,7187.0,7188.0,1676
2026-04-30 06:50:00,7188.0,7189.75,7187.25,7187.25,581
2026-04-30 06:55:00,7187.5,7187.75,7183.5,7184.25,1149
2026-04-30 07:00:00,7184.5,7186.5,7184.0,7185.0,1045
2026-04-30 07:05:00,7184.75,7185.25,7183.0,7183.5,539
2026-04-30 07:10:00,7183.75,7185.75,7183.5,7185.5,522
2026-04-30 07:15:00,7185.25,7185.25,7182.0,7182.25,700
2026-04-30 07:20:00,7182.25,7182.25,7180.0,7181.5,831
2026-04-30 07:25:00,7181.25,7183.5,7181.25,7183.5,593
2026-04-30 07:30:00,7183.75,7185.75,7183.75,7185.0,564
2026-04-30 07:35:00,7185.0,7188.0,7184.75,7187.5,1030
2026-04-30 07:40:00,7187.75,7189.75,7187.25,7189.25,778
2026-04-30 07:45:00,7189.5,7190.75,7187.5,7188.75,828
2026-04-30 07:50:00,7188.75,7193.25,7188.5,7191.25,1181
2026-04-30 07:55:00,7191.25,7193.25,7189.5,7192.75,730
2026-04-30 08:00:00,7192.75,7196.0,7191.75,7192.25,2251
2026-04-30 08:05:00,7192.0,7197.75,7191.0,7197.25,1349
2026-04-30 08:10:00,7197.5,7198.5,7194.0,7195.25,883
2026-04-30 08:15:00,7195.5,7197.0,7194.0,7196.5,905
2026-04-30 08:20:00,7196.5,7197.25,7195.0,7196.75,653
2026-04-30 08:25:00,7197.0,7198.25,7195.25,7196.5,622
2026-04-30 08:30:00,7196.5,7198.75,7196.5,7197.5,1108
2026-04-30 08:35:00,7198.0,7200.5,7197.5,7200.25,1458
2026-04-30 08:40:00,7200.0,7200.25,7198.0,7198.25,506
2026-04-30 08:45:00,7198.25,7200.5,7198.25,7199.0,470
2026-04-30 08:50:00,7199.0,7201.0,7198.5,7199.5,847
2026-04-30 08:55:00,7199.5,7201.5,7198.0,7199.25,720
2026-04-30 09:00:00,7199.0,7199.75,7196.75,7197.5,960
2026-04-30 09:05:00,7197.25,7198.0,7196.0,7197.25,743
2026-04-30 09:10:00,7197.25,7197.25,7195.75,7196.5,670
2026-04-30 09:15:00,7196.75,7198.0,7196.5,7197.75,419
2026-04-30 09:20:00,7197.75,7198.0,7196.25,7197.25,669
2026-04-30 09:25:00,7197.25,7198.5,7196.5,7198.0,404
2026-04-30 09:30:00,7198.0,7200.5,7197.25,7199.75,1094
2026-04-30 09:35:00,7199.75,7199.75,7193.75,7195.75,1525
2026-04-30 09:40:00,7195.75,7197.0,7195.0,7196.25,716
2026-04-30 09:45:00,7196.25,7196.25,7194.25,7195.75,570
2026-04-30 09:50:00,7195.75,7199.5,7194.5,7198.75,584
2026-04-30 09:55:00,7198.5,7199.75,7197.5,7199.25,633
2026-04-30 10:00:00,7199.25,7199.75,7196.25,7196.75,726
2026-04-30 10:05:00,7196.75,7198.0,7195.75,7197.75,587
2026-04-30 10:10:00,7197.75,7198.25,7197.0,7197.75,377
2026-04-30 10:15:00,7197.5,7197.75,7194.25,7194.75,670
2026-04-30 10:20:00,7194.5,7195.25,7193.0,7193.5,704
2026-04-30 10:25:00,7193.5,7193.75,7187.5,7189.75,1649
2026-04-30 10:30:00,7189.5,7189.5,7165.5,7179.0,8333
2026-04-30 10:35:00,7179.25,7182.5,7177.0,7180.0,1831
2026-04-30 10:40:00,7179.75,7182.0,7176.5,7176.75,1595
2026-04-30 10:45:00,7177.0,7177.75,7170.75,7171.0,1806
2026-04-30 10:50:00,7171.25,7177.0,7170.25,7175.5,1232
2026-04-30 10:55:00,7175.5,7179.0,7173.75,7177.25,1044
2026-04-30 11:00:00,7177.0,7180.75,7176.75,7180.75,908
2026-04-30 11:05:00,7180.75,7181.5,7177.25,7179.25,841
2026-04-30 11:10:00,7179.0,7180.5,7172.75,7174.5,1381
2026-04-30 11:15:00,7174.5,7175.5,7171.75,7174.75,921
2026-04-30 11:20:00,7174.5,7175.5,7172.5,7174.5,692
2026-04-30 11:25:00,7174.5,7175.5,7173.25,7174.75,578
2026-04-30 11:30:00,7175.0,7176.5,7173.0,7175.0,560
2026-04-30 11:35:00,7175.0,7177.75,7175.0,7176.5,535
2026-04-30 11:40:00,7176.25,7177.25,7174.0,7175.75,515
2026-04-30 11:45:00,7175.75,7175.75,7174.5,7175.25,511
2026-04-30 11:50:00,7175.5,7176.25,7173.5,7174.0,410
2026-04-30 11:55:00,7173.75,7173.75,7171.75,7172.5,507
2026-04-30 12:05:00,7165.75,7167.25,7164.0,7164.5,3654
2026-04-30 12:10:00,7164.75,7165.0,7160.0,7163.0,1178
2026-04-30 12:15:00,7163.25,7164.25,7156.75,7157.5,1440
2026-04-30 12:20:00,7158.0,7158.5,7153.75,7156.25,1855
2026-04-30 12:25:00,7156.25,7159.0,7155.0,7155.0,1499
2026-04-30 12:30:00,7155.0,7155.25,7146.75,7148.75,2466
2026-04-30 12:35:00,7148.5,7150.5,7147.0,7147.5,1260
2026-04-30 12:40:00,7147.5,7151.25,7146.5,7150.5,1166
2026-04-30 12:45:00,7150.75,7153.0,7149.75,7151.0,770
2026-04-30 12:50:00,7151.0,7151.5,7148.25,7149.0,836
2026-04-30 12:55:00,7148.75,7149.25,7144.75,7145.25,1388
2026-04-30 13:00:00,7145.5,7152.5,7145.25,7150.5,2173
2026-04-30 13:05:00,7150.5,7156.25,7149.75,7155.5,1319
2026-04-30 13:10:00,7155.5,7158.25,7155.0,7158.0,910
2026-04-30 13:15:00,7157.75,7158.75,7155.25,7155.75,698
2026-04-30 13:20:00,7155.75,7156.5,7153.25,7155.5,957
2026-04-30 13:25:00,7155.5,7155.5,7148.75,7150.5,1276
2026-04-30 13:30:00,7150.5,7156.75,7150.5,7156.5,1200
2026-04-30 13:35:00,7156.5,7157.5,7154.75,7155.75,730
2026-04-30 13:40:00,7155.75,7157.5,7153.25,7153.5,769
2026-04-30 13:45:00,7153.25,7154.0,7151.25,7151.5,482
2026-04-30 13:50:00,7151.5,7152.5,7148.75,7148.75,684
2026-04-30 13:55:00,7148.5,7148.75,7143.0,7143.5,1178
2026-04-30 14:00:00,7143.25,7144.5,7140.25,7140.75,1916
2026-04-30 14:05:00,7141.0,7142.25,7138.0,7138.75,3214
2026-04-30 14:10:00,7138.75,7138.75,7133.75,7137.25,2275
2026-04-30 14:15:00,7137.5,7140.25,7136.75,7139.5,1367
2026-04-30 14:20:00,7139.5,7141.0,7137.0,7138.5,1458
2026-04-30 14:25:00,7138.5,7143.25,7138.5,7142.5,1376
2026-04-30 14:30:00,7142.5,7155.75,7142.5,7154.25,3606
2026-04-30 14:35:00,7154.25,7158.0,7153.5,7154.0,2188
2026-04-30 14:40:00,7154.5,7155.0,7149.0,7151.5,2124
2026-04-30 14:45:00,7151.25,7152.25,7146.25,7147.25,1541
2026-04-30 14:50:00,7147.5,7152.75,7146.75,7152.0,1497
2026-04-30 14:55:00,7152.0,7154.25,7150.5,7153.25,1131
2026-04-30 15:00:00,7153.25,7156.25,7149.75,7155.25,2433
2026-04-30 15:05:00,7155.25,7160.0,7153.25,7159.75,1845
2026-04-30 15:10:00,7159.5,7162.25,7157.0,7158.5,2039
2026-04-30 15:15:00,7158.25,7159.0,7155.5,7155.75,1299
2026-04-30 15:20:00,7156.0,7160.0,7154.75,7159.25,807
2026-04-30 15:25:00,7159.5,7163.5,7158.0,7163.25,1378
2026-04-30 15:30:00,7163.25,7165.75,7161.0,7163.5,1283
2026-04-30 15:35:00,7163.5,7164.25,7161.0,7163.25,1300
2026-04-30 15:40:00,7163.25,7165.25,7162.5,7163.5,1287
2026-04-30 15:45:00,7163.25,7165.5,7160.75,7161.75,1285
2026-04-30 15:50:00,7162.0,7162.25,7157.75,7159.5,1928
2026-04-30 15:55:00,7159.75,7162.25,7158.5,7161.25,959
2026-04-30 16:00:00,7160.75,7167.5,7160.5,7167.5,1889
2026-04-30 16:05:00,7167.0,7169.0,7162.75,7164.0,1428
2026-04-30 16:10:00,7164.0,7167.0,7164.0,7165.5,1032
2026-04-30 16:15:00,7165.25,7165.25,7162.0,7163.75,1045
2026-04-30 16:20:00,7163.75,7164.0,7159.25,7162.25,949
2026-04-30 16:25:00,7162.25,7165.25,7161.75,7165.0,1055
2026-04-30 16:30:00,7165.0,7168.75,7165.0,7167.25,1563
2026-04-30 16:35:00,7167.25,7169.0,7163.75,7168.75,1571
2026-04-30 16:40:00,7169.0,7170.5,7166.25,7168.5,1356
2026-04-30 16:45:00,7168.5,7169.25,7166.5,7169.0,743
2026-04-30 16:50:00,7168.75,7171.0,7166.25,7167.75,1063
2026-04-30 16:55:00,7167.5,7168.0,7165.0,7165.0,889
2026-04-30 17:00:00,7164.75,7168.0,7164.75,7167.0,739
2026-04-30 17:05:00,7167.0,7168.5,7163.0,7167.75,1134
2026-04-30 17:10:00,7167.75,7167.75,7162.25,7163.75,1876
2026-04-30 17:15:00,7163.75,7166.5,7161.75,7161.75,692
2026-04-30 17:20:00,7161.5,7164.0,7158.5,7161.25,1040
2026-04-30 17:25:00,7160.5,7173.5,7160.5,7172.75,1959
2026-04-30 17:30:00,7172.5,7184.75,7172.5,7175.25,5281
2026-04-30 17:35:00,7175.25,7178.25,7173.75,7177.25,1771
2026-04-30 17:40:00,7177.0,7178.0,7171.0,7172.75,1831
2026-04-30 17:45:00,7172.75,7177.75,7172.5,7175.75,1883
2026-04-30 17:50:00,7175.75,7176.0,7171.25,7173.25,4578
2026-04-30 17:55:00,7173.25,7173.25,7169.25,7171.25,2234
2026-04-30 18:00:00,7171.0,7177.5,7171.0,7175.25,1524
2026-04-30 18:05:00,7175.0,7178.0,7174.25,7178.0,1468
2026-04-30 18:10:00,7177.75,7180.0,7174.25,7175.0,2182
2026-04-30 18:15:00,7175.0,7179.25,7173.5,7177.25,1159
2026-04-30 18:20:00,7177.25,7181.0,7177.0,7179.5,953
2026-04-30 18:25:00,7179.0,7183.0,7177.5,7181.75,1755
2026-04-30 18:30:00,7181.5,7187.25,7181.0,7182.25,3693
2026-04-30 18:35:00,7182.0,7185.25,7175.25,7177.0,3372
2026-04-30 18:40:00,7177.25,7179.25,7175.5,7177.0,1406
2026-04-30 18:45:00,7176.75,7183.75,7176.75,7179.0,3369
2026-04-30 18:50:00,7179.0,7179.5,7175.25,7178.0,1978
2026-04-30 18:55:00,7178.25,7182.75,7178.0,7180.5,1187
2026-04-30 19:00:00,7180.75,7184.5,7180.0,7184.0,1774
2026-04-30 19:05:00,7184.0,7196.0,7182.5,7188.5,3819
2026-04-30 19:10:00,7188.25,7191.25,7187.5,7187.75,1783
2026-04-30 19:15:00,7188.0,7194.25,7187.25,7193.5,2073
2026-04-30 19:20:00,7193.25,7195.0,7191.75,7193.0,2383
2026-04-30 19:25:00,7193.0,7200.5,7192.75,7199.5,4621
2026-04-30 19:30:00,7199.75,7199.75,7193.5,7195.5,2716
2026-04-30 19:35:00,7195.5,7197.25,7193.25,7193.75,2097
2026-04-30 19:40:00,7193.75,7194.0,7190.75,7192.0,1802
2026-04-30 19:45:00,7192.0,7197.0,7191.25,7195.75,2039
2026-04-30 19:50:00,7196.0,7196.75,7192.5,7194.5,1492
2026-04-30 19:55:00,7194.5,7197.75,7193.25,7194.5,1644
2026-04-30 20:00:00,7194.5,7196.25,7193.25,7196.25,1472
2026-04-30 20:05:00,7196.25,7199.25,7193.5,7197.75,2865
2026-04-30 20:10:00,7198.0,7202.5,7197.25,7202.0,2426
2026-04-30 20:15:00,7201.5,7208.5,7201.5,7207.5,5593
2026-04-30 20:20:00,7207.75,7211.5,7206.75,7209.25,5060
2026-04-30 20:25:00,7209.25,7210.5,7206.25,7209.25,2196
2026-04-30 20:30:00,7209.75,7210.25,7200.25,7200.75,4867
2026-04-30 20:35:00,7200.75,7202.5,7199.25,7201.75,3684
2026-04-30 20:40:00,7201.75,7202.5,7197.0,7199.5,3583
2026-04-30 20:45:00,7199.5,7205.0,7198.25,7201.0,3182
2026-04-30 20:50:00,7200.75,7205.0,7200.25,7203.5,2117
2026-04-30 20:55:00,7203.25,7205.5,7202.75,7204.0,2133
2026-04-30 21:00:00,7204.0,7209.25,7204.0,7207.75,3594
2026-04-30 21:05:00,7207.75,7209.75,7205.75,7208.5,3383
2026-04-30 21:10:00,7208.25,7208.25,7200.75,7202.0,4244
2026-04-30 21:15:00,7202.25,7204.5,7202.0,7203.25,2746
2026-04-30 21:20:00,7203.5,7204.25,7201.25,7201.25,3133
2026-04-30 21:25:00,7201.25,7203.0,7199.25,7200.25,6389
2026-04-30 21:30:00,7200.0,7200.75,7180.75,7181.25,44263
2026-04-30 21:35:00,7181.25,7183.5,7170.75,7171.0,35523
2026-04-30 21:40:00,7171.25,7182.25,7166.75,7181.5,28216
2026-04-30 21:45:00,7181.25,7185.0,7173.25,7177.75,26586
2026-04-30 21:50:00,7178.0,7181.0,7166.75,7167.25,23569
2026-04-30 21:55:00,7167.0,7168.25,7160.25,7165.25,25474
2026-04-30 22:00:00,7165.25,7175.0,7164.75,7171.75,26125
2026-04-30 22:05:00,7171.75,7175.5,7159.25,7164.75,25616
2026-04-30 22:10:00,7164.75,7172.5,7161.25,7169.25,19386
2026-04-30 22:15:00,7169.5,7169.75,7157.25,7168.5,22565
2026-04-30 22:20:00,7168.5,7176.5,7168.25,7172.5,17034
2026-04-30 22:25:00,7172.5,7174.0,7165.75,7173.25,16831
2026-04-30 22:30:00,7173.25,7181.25,7168.25,7171.5,25863
2026-04-30 22:35:00,7171.5,7173.0,7164.75,7166.25,16988
2026-04-30 22:40:00,7166.5,7177.0,7166.5,7175.5,16375
2026-04-30 22:45:00,7175.5,7184.5,7175.25,7181.5,17491
2026-04-30 22:50:00,7181.5,7192.25,7180.25,7190.5,21247
2026-04-30 22:55:00,7190.25,7194.75,7190.0,7192.0,17639
2026-04-30 23:00:00,7192.0,7198.0,7190.75,7192.25,20527
2026-04-30 23:05:00,7192.0,7197.5,7188.75,7197.25,19522
2026-04-30 23:10:00,7197.25,7198.75,7192.0,7196.5,14555
2026-04-30 23:15:00,7196.75,7198.25,7193.25,7195.5,11272
2026-04-30 23:20:00,7195.5,7196.5,7191.0,7196.0,11252
2026-04-30 23:25:00,7196.25,7199.5,7195.0,7197.75,13826
2026-04-30 23:30:00,7197.5,7203.0,7197.25,7197.75,17457
2026-04-30 23:35:00,7197.5,7197.75,7192.0,7193.25,13983
2026-04-30 23:40:00,7193.25,7194.25,7190.75,7192.5,9694
2026-04-30 23:45:00,7192.25,7194.0,7187.75,7194.0,11401
2026-04-30 23:50:00,7194.0,7201.0,7193.25,7200.75,10530
2026-04-30 23:55:00,7200.75,7204.25,7199.25,7199.25,12427
2026-05-01 00:00:00,7199.5,7200.25,7194.25,7198.75,11109
2026-05-01 00:05:00,7199.0,7203.0,7198.75,7200.75,7530
2026-05-01 00:10:00,7200.5,7207.5,7199.75,7206.75,11288
2026-05-01 00:15:00,7206.5,7207.25,7202.5,7205.25,8153
2026-05-01 00:20:00,7205.25,7206.25,7202.5,7203.0,7654
2026-05-01 00:25:00,7202.75,7206.0,7201.0,7205.5,7566
2026-05-01 00:30:00,7205.5,7207.0,7203.75,7204.25,6557
2026-05-01 00:35:00,7204.0,7205.5,7202.5,7205.25,6092
2026-05-01 00:40:00,7205.25,7206.0,7199.5,7201.0,7059
2026-05-01 00:45:00,7201.25,7202.5,7198.0,7201.75,10914
2026-05-01 00:50:00,7201.5,7201.75,7195.25,7197.25,7855
2026-05-01 00:55:00,7197.25,7197.5,7192.5,7197.0,11573
2026-05-01 01:00:00,7197.25,7205.25,7196.75,7203.25,13601
2026-05-01 01:05:00,7203.25,7206.25,7202.0,7205.75,6025
2026-05-01 01:10:00,7205.75,7210.0,7205.0,7209.0,9668
2026-05-01 01:15:00,7209.0,7209.0,7205.5,7208.25,7219
2026-05-01 01:20:00,7208.25,7211.25,7206.0,7210.5,7976
2026-05-01 01:25:00,7210.75,7213.0,7208.25,7212.0,7411
2026-05-01 01:30:00,7212.0,7220.75,7212.0,7216.0,20353
2026-05-01 01:35:00,7216.25,7219.0,7216.25,7218.75,7132
2026-05-01 01:40:00,7218.5,7219.0,7216.5,7218.25,6223
2026-05-01 01:45:00,7218.25,7222.5,7218.0,7221.5,10269
2026-05-01 01:50:00,7221.5,7222.25,7219.5,7220.75,7056
2026-05-01 01:55:00,7221.0,7225.5,7220.25,7224.75,7506
2026-05-01 02:00:00,7224.75,7233.25,7224.25,7231.75,22984
2026-05-01 02:05:00,7232.0,7232.0,7228.75,7229.25,11080
2026-05-01 02:10:00,7229.25,7232.5,7228.5,7231.5,9705
2026-05-01 02:15:00,7231.75,7235.0,7231.5,7232.5,11095
2026-05-01 02:20:00,7232.5,7233.5,7230.5,7231.0,9182
2026-05-01 02:25:00,7231.0,7232.75,7230.0,7232.5,7777
2026-05-01 02:30:00,7232.5,7237.25,7232.25,7234.75,10856
2026-05-01 02:35:00,7234.5,7239.5,7234.5,7238.75,12504
2026-05-01 02:40:00,7238.75,7240.75,7238.5,7239.5,8539
2026-05-01 02:45:00,7239.25,7241.25,7239.0,7240.25,5996
2026-05-01 02:50:00,7240.25,7242.0,7238.0,7238.5,9876
2026-05-01 02:55:00,7238.75,7239.75,7236.5,7237.5,7627
2026-05-01 03:00:00,7237.5,7242.0,7236.25,7241.25,10749
2026-05-01 03:05:00,7241.25,7245.0,7240.0,7242.75,10517
2026-05-01 03:10:00,7242.75,7247.5,7242.25,7246.5,13227
2026-05-01 03:15:00,7246.5,7248.0,7245.0,7245.25,9680
2026-05-01 03:20:00,7245.25,7247.0,7243.75,7246.75,8381
2026-05-01 03:25:00,7246.75,7247.75,7244.25,7245.0,8008
2026-05-01 03:30:00,7245.0,7245.25,7241.25,7243.75,13202
2026-05-01 03:35:00,7243.5,7246.5,7242.5,7246.0,9052
2026-05-01 03:40:00,7245.75,7248.5,7242.75,7248.25,11872
2026-05-01 03:45:00,7248.0,7249.75,7245.75,7249.25,13006
2026-05-01 03:50:00,7249.0,7251.25,7242.25,7246.75,37019
2026-05-01 03:55:00,7246.75,7251.75,7237.25,7238.25,144810
2026-05-01 04:00:00,7238.25,7245.25,7238.0,7241.5,42881
2026-05-01 04:05:00,7241.25,7247.0,7241.25,7243.75,8357
2026-05-01 04:10:00,7243.75,7246.25,7243.25,7245.0,4995
2026-05-01 04:15:00,7245.0,7247.5,7243.75,7246.25,3208
2026-05-01 04:20:00,7246.5,7250.0,7246.0,7249.5,3014
2026-05-01 04:25:00,7249.25,7251.5,7248.75,7249.5,2649
2026-05-01 04:30:00,7249.25,7253.5,7242.5,7248.75,4918
2026-05-01 04:35:00,7248.5,7250.25,7244.5,7246.0,2210
2026-05-01 04:40:00,7246.0,7246.5,7243.75,7244.25,1753
2026-05-01 04:45:00,7244.25,7246.75,7243.75,7246.5,1391
2026-05-01 04:50:00,7246.25,7248.0,7245.5,7247.75,1680
2026-05-01 04:55:00,7247.5,7249.0,7244.75,7246.75,2663
2026-05-01 06:00:00,7256.0,7258.0,7252.0,7254.25,0
2026-05-01 06:05:00,7254.25,7262.25,7253.75,7262.0,2194
2026-05-01 06:10:00,7261.75,7263.5,7259.75,7261.5,1601
2026-05-01 06:15:00,7261.75,7262.25,7258.0,7258.0,1018
2026-05-01 06:20:00,7258.0,7259.25,7256.5,7256.5,839
2026-05-01 06:25:00,7256.75,7258.0,7256.25,7257.5,639
2026-05-01 06:30:00,7257.5,7257.75,7255.25,7256.25,611
2026-05-01 06:35:00,7256.5,7257.25,7254.5,7256.25,580
2026-05-01 06:40:00,7256.25,7257.75,7256.0,7256.25,350
2026-05-01 06:45:00,7256.25,7256.25,7252.25,7253.0,689
2026-05-01 06:50:00,7253.0,7253.5,7247.5,7249.5,1506
2026-05-01 06:55:00,7249.25,7250.0,7246.25,7250.0,879
2026-05-01 07:00:00,7250.0,7251.75,7249.0,7251.75,462
2026-05-01 07:05:00,7251.75,7252.75,7249.0,7249.0,612
2026-05-01 07:10:00,7249.25,7251.25,7249.25,7249.75,424
2026-05-01 07:15:00,7249.75,7254.75,7249.0,7252.25,1146
2026-05-01 07:20:00,7252.0,7252.75,7251.25,7252.5,326
2026-05-01 07:25:00,7252.75,7254.25,7252.5,7254.0,240
2026-05-01 07:30:00,7254.0,7255.5,7252.5,7255.25,451
2026-05-01 07:35:00,7255.0,7257.25,7255.0,7256.0,519
2026-05-01 07:40:00,7256.0,7256.25,7254.25,7254.25,229
2026-05-01 07:45:00,7254.0,7256.0,7253.0,7255.25,390
2026-05-01 07:50:00,7255.5,7256.25,7253.25,7253.75,503
2026-05-01 07:55:00,7253.75,7254.25,7249.75,7252.75,1878
2026-05-01 08:00:00,7252.75,7258.0,7252.75,7257.5,1021
2026-05-01 08:05:00,7257.25,7257.75,7253.75,7255.25,1191
2026-05-01 08:10:00,7255.5,7255.75,7250.5,7252.25,991
2026-05-01 08:15:00,7252.0,7257.75,7252.0,7257.0,819
2026-05-01 08:20:00,7257.0,7258.75,7256.25,7257.25,575
2026-05-01 08:25:00,7257.0,7259.0,7257.0,7259.0,503
2026-05-01 08:30:00,7258.75,7259.5,7258.0,7259.25,712
2026-05-01 08:35:00,7259.0,7260.0,7257.5,7258.5,421
2026-05-01 08:40:00,7258.75,7259.5,7257.0,7258.75,410
2026-05-01 08:45:00,7259.0,7261.0,7258.5,7259.25,800
2026-05-01 08:50:00,7259.25,7259.25,7257.25,7258.0,462
2026-05-01 08:55:00,7258.0,7258.5,7257.5,7258.0,256
2026-05-01 09:00:00,7257.75,7258.25,7255.5,7256.25,562
2026-05-01 09:05:00,7256.5,7258.75,7256.5,7258.5,324
2026-05-01 09:10:00,7258.5,7260.75,7258.5,7260.5,536
2026-05-01 09:15:00,7260.75,7261.75,7259.5,7259.5,485
2026-05-01 09:20:00,7259.5,7262.0,7259.5,7261.75,600
2026-05-01 09:25:00,7261.75,7262.75,7261.0,7261.75,452
2026-05-01 09:30:00,7262.0,7264.0,7262.0,7263.0,1032
2026-05-01 09:35:00,7263.25,7264.0,7263.0,7263.5,672
2026-05-01 09:40:00,7263.5,7263.75,7261.75,7262.25,386
2026-05-01 09:45:00,7262.25,7263.25,7261.25,7262.5,517
2026-05-01 09:50:00,7262.25,7263.25,7262.0,7262.25,423
2026-05-01 09:55:00,7262.25,7263.0,7262.25,7262.75,400
2026-05-01 10:00:00,7262.75,7263.0,7262.0,7262.75,384
2026-05-01 10:05:00,7262.75,7263.0,7262.25,7262.5,249
2026-05-01 10:10:00,7262.75,7263.0,7261.0,7261.25,316
2026-05-01 10:15:00,7261.25,7262.25,7261.0,7261.75,195
2026-05-01 10:20:00,7261.75,7262.5,7260.5,7260.5,394
2026-05-01 10:25:00,7260.5,7261.25,7260.0,7260.75,338
2026-05-01 10:30:00,7260.5,7260.75,7259.5,7260.0,413
2026-05-01 10:35:00,7260.25,7260.5,7259.0,7259.25,304
2026-05-01 10:40:00,7259.0,7259.75,7258.75,7259.75,308
2026-05-01 10:45:00,7259.5,7259.5,7258.25,7259.25,441
2026-05-01 10:50:00,7259.5,7260.0,7259.0,7259.75,221
2026-05-01 10:55:00,7259.5,7261.25,7259.25,7260.75,340
2026-05-01 11:00:00,7261.0,7263.25,7260.0,7261.5,1076
2026-05-01 11:05:00,7261.5,7262.5,7260.75,7262.0,206
2026-05-01 11:10:00,7262.0,7262.25,7261.5,7262.25,145
2026-05-01 11:15:00,7262.0,7262.5,7261.75,7262.25,153
2026-05-01 11:20:00,7262.25,7264.0,7262.25,7264.0,326
2026-05-01 11:25:00,7264.0,7264.0,7262.75,7263.5,250
2026-05-01 11:30:00,7263.5,7265.75,7263.0,7263.75,1819
2026-05-01 11:35:00,7264.0,7264.5,7261.75,7261.75,316
2026-05-01 11:40:00,7261.75,7262.25,7259.75,7260.5,356
2026-05-01 11:45:00,7260.25,7260.75,7259.25,7259.75,384
2026-05-01 11:50:00,7259.75,7261.25,7259.75,7260.25,179
2026-05-01 11:55:00,7260.0,7260.75,7260.0,7260.75,169
2026-05-01 12:05:00,7259.0,7259.0,7258.5,7258.75,627
2026-05-01 12:10:00,7258.5,7259.25,7258.0,7259.0,188
2026-05-01 12:15:00,7259.0,7259.75,7258.5,7259.25,199
2026-05-01 12:20:00,7259.0,7259.75,7258.75,7259.25,143
2026-05-01 12:25:00,7259.5,7259.75,7258.75,7258.75,141
2026-05-01 12:30:00,7258.75,7259.25,7258.25,7258.5,123
2026-05-01 12:35:00,7258.5,7259.0,7257.75,7258.0,161
2026-05-01 12:40:00,7258.0,7258.0,7256.75,7258.0,195
2026-05-01 12:45:00,7258.0,7258.5,7257.75,7258.0,133
2026-05-01 12:50:00,7257.75,7258.25,7257.5,7258.25,146
2026-05-01 12:55:00,7258.25,7259.0,7258.0,7258.0,160
2026-05-01 13:00:00,7258.0,7258.25,7256.75,7258.25,341
2026-05-01 13:05:00,7258.5,7260.0,7258.25,7259.0,277
2026-05-01 13:10:00,7259.25,7260.25,7258.75,7260.25,263
2026-05-01 13:15:00,7260.0,7260.25,7257.5,7258.25,416
2026-05-01 13:20:00,7258.5,7259.5,7258.0,7259.25,180
2026-05-01 13:25:00,7259.5,7260.0,7259.0,7260.0,233
2026-05-01 13:30:00,7260.0,7260.25,7259.0,7259.25,307
2026-05-01 13:35:00,7259.0,7259.5,7258.25,7259.0,328
2026-05-01 13:40:00,7259.0,7259.25,7258.0,7259.25,182
2026-05-01 13:45:00,7259.0,7259.0,7258.0,7258.75,231
2026-05-01 13:50:00,7258.5,7258.75,7258.0,7258.75,204
2026-05-01 13:55:00,7258.5,7258.5,7256.25,7257.0,463
2026-05-01 14:00:00,7257.25,7257.75,7256.0,7257.0,434
2026-05-01 14:05:00,7257.25,7257.5,7256.25,7257.25,228
2026-05-01 14:10:00,7257.5,7258.0,7256.75,7257.5,344
2026-05-01 14:15:00,7257.5,7258.25,7256.75,7257.0,297
2026-05-01 14:20:00,7257.0,7257.0,7255.5,7256.5,360
2026-05-01 14:25:00,7256.5,7256.75,7255.0,7255.25,406
2026-05-01 14:30:00,7255.5,7256.0,7254.25,7254.25,519
2026-05-01 14:35:00,7254.25,7254.5,7252.25,7252.75,484
2026-05-01 14:40:00,7253.0,7253.0,7251.75,7253.0,355
2026-05-01 14:45:00,7253.25,7253.5,7251.0,7252.5,623
2026-05-01 14:50:00,7252.5,7253.25,7252.0,7252.0,338
2026-05-01 14:55:00,7252.0,7252.75,7251.25,7252.0,624
2026-05-01 15:00:00,7252.0,7253.5,7251.5,7253.0,822
2026-05-01 15:05:00,7253.0,7256.0,7252.75,7255.75,889
2026-05-01 15:10:00,7255.75,7256.5,7255.25,7256.25,562
2026-05-01 15:15:00,7256.25,7257.0,7254.75,7255.5,529
2026-05-01 15:20:00,7255.5,7257.0,7254.0,7254.25,698
2026-05-01 15:25:00,7254.25,7254.75,7253.25,7254.25,757
2026-05-01 15:30:00,7254.25,7254.25,7252.0,7252.75,797
2026-05-01 15:35:00,7252.75,7253.75,7251.0,7251.0,793
2026-05-01 15:40:00,7251.0,7251.25,7250.0,7250.25,1019
2026-05-01 15:45:00,7250.25,7253.0,7250.0,7253.0,465
2026-05-01 15:50:00,7253.0,7254.0,7250.75,7251.5,2935
2026-05-01 15:55:00,7251.75,7252.0,7248.5,7249.75,1955
2026-05-01 16:00:00,7249.75,7251.25,7249.0,7250.0,1007
2026-05-01 16:05:00,7250.0,7250.75,7249.5,7250.0,569
2026-05-01 16:10:00,7249.75,7252.5,7249.25,7251.5,842
2026-05-01 16:15:00,7251.5,7253.0,7251.25,7251.75,451
2026-05-01 16:20:00,7251.75,7252.25,7250.75,7251.5,596
2026-05-01 16:25:00,7251.5,7252.75,7251.5,7251.5,401
2026-05-01 16:30:00,7251.75,7251.75,7249.75,7251.0,577
2026-05-01 16:35:00,7251.25,7251.25,7249.0,7249.5,523
2026-05-01 16:40:00,7249.5,7250.0,7248.5,7249.25,841
2026-05-01 16:45:00,7249.25,7249.25,7247.75,7249.0,853
2026-05-01 16:50:00,7249.0,7250.25,7248.75,7249.75,593
2026-05-01 16:55:00,7249.75,7250.5,7249.25,7250.25,353
2026-05-01 17:00:00,7250.25,7250.25,7246.5,7247.0,689
2026-05-01 17:05:00,7246.75,7248.5,7246.5,7248.25,566
2026-05-01 17:10:00,7248.25,7249.0,7247.75,7249.0,320
2026-05-01 17:15:00,7249.0,7250.0,7249.0,7249.5,318
2026-05-01 17:20:00,7249.5,7252.25,7249.5,7251.75,449
2026-05-01 17:25:00,7252.0,7252.25,7250.5,7251.25,302
2026-05-01 17:30:00,7251.25,7251.5,7250.25,7251.5,486
2026-05-01 17:35:00,7251.25,7253.25,7250.75,7253.0,528
2026-05-01 17:40:00,7252.75,7253.0,7252.0,7252.25,250
2026-05-01 17:45:00,7252.0,7252.5,7251.5,7252.25,244
2026-05-01 17:50:00,7252.25,7254.25,7252.25,7252.25,640
2026-05-01 17:55:00,7252.5,7253.5,7252.25,7253.25,280
2026-05-01 18:00:00,7253.25,7253.75,7252.5,7252.75,313
2026-05-01 18:05:00,7252.5,7253.0,7251.75,7251.75,304
2026-05-01 18:10:00,7251.75,7253.0,7251.25,7253.0,320
2026-05-01 18:15:00,7253.25,7254.5,7253.0,7254.25,529
2026-05-01 18:20:00,7254.25,7254.25,7253.25,7253.25,311
2026-05-01 18:25:00,7253.0,7253.75,7252.0,7252.5,391
2026-05-01 18:30:00,7252.5,7253.5,7252.25,7252.5,406
2026-05-01 18:35:00,7252.5,7252.75,7249.5,7249.5,950
2026-05-01 18:40:00,7249.5,7251.0,7248.75,7250.75,621
2026-05-01 18:45:00,7250.5,7252.0,7250.25,7251.0,669
2026-05-01 18:50:00,7251.0,7252.5,7251.0,7251.75,359
2026-05-01 18:55:00,7251.75,7254.25,7251.5,7254.0,951
2026-05-01 19:00:00,7254.25,7255.0,7252.5,7253.0,970
2026-05-01 19:05:00,7253.0,7253.0,7250.0,7250.75,746
2026-05-01 19:10:00,7250.5,7250.5,7249.0,7250.5,665
2026-05-01 19:15:00,7250.25,7253.75,7249.0,7253.0,941
2026-05-01 19:20:00,7253.5,7254.5,7252.5,7253.5,802
2026-05-01 19:25:00,7253.25,7254.75,7252.75,7253.0,781
2026-05-01 19:30:00,7252.75,7254.0,7252.0,7252.75,568
2026-05-01 19:35:00,7253.0,7253.5,7252.0,7252.75,379
2026-05-01 19:40:00,7252.75,7253.5,7251.0,7253.0,473
2026-05-01 19:45:00,7253.0,7255.25,7252.5,7254.25,900
2026-05-01 19:50:00,7254.25,7255.75,7253.5,7254.25,649
2026-05-01 19:55:00,7254.0,7257.0,7253.75,7256.25,618
2026-05-01 20:00:00,7256.25,7258.75,7256.25,7258.0,1660
2026-05-01 20:05:00,7258.0,7258.5,7254.75,7255.25,1442
2026-05-01 20:10:00,7255.25,7271.5,7254.5,7266.0,9015
2026-05-01 20:15:00,7266.0,7267.5,7262.5,7266.25,3969
2026-05-01 20:20:00,7266.0,7268.75,7263.0,7267.0,2703
2026-05-01 20:25:00,7266.75,7268.25,7265.75,7266.25,1840
2026-05-01 20:30:00,7266.0,7266.5,7263.25,7264.5,1910
2026-05-01 20:35:00,7264.25,7265.25,7262.0,7263.0,1380
2026-05-01 20:40:00,7262.75,7263.75,7258.0,7258.5,3947
2026-05-01 20:45:00,7258.25,7260.25,7257.0,7259.0,1912
2026-05-01 20:50:00,7258.75,7260.75,7258.0,7259.75,1342
2026-05-01 20:55:00,7260.0,7260.5,7257.75,7258.5,1752
2026-05-01 21:00:00,7258.25,7261.0,7258.0,7260.0,2077
2026-05-01 21:05:00,7259.75,7265.25,7259.75,7264.25,2759
2026-05-01 21:10:00,7264.0,7265.75,7261.5,7262.25,2652
2026-05-01 21:15:00,7262.0,7263.75,7261.0,7262.75,1540
2026-05-01 21:20:00,7262.75,7265.5,7262.5,7264.25,1495
2026-05-01 21:25:00,7264.25,7264.75,7261.5,7264.5,5047
2026-05-01 21:30:00,7264.5,7275.0,7258.75,7274.5,41637
2026-05-01 21:35:00,7274.75,7277.25,7272.25,7272.25,22522
2026-05-01 21:40:00,7272.5,7277.5,7271.5,7276.25,20459
2026-05-01 21:45:00,7276.5,7277.0,7270.75,7273.25,20713
2026-05-01 21:50:00,7273.25,7280.25,7270.25,7277.25,27076
2026-05-01 21:55:00,7277.5,7293.25,7277.25,7293.25,30211
2026-05-01 22:00:00,7293.0,7298.5,7290.75,7295.25,22870
2026-05-01 22:05:00,7295.5,7295.5,7289.5,7292.25,18880
2026-05-01 22:10:00,7292.5,7298.5,7290.5,7296.5,17078
2026-05-01 22:15:00,7296.5,7298.5,7293.75,7296.75,15017
2026-05-01 22:20:00,7296.5,7300.75,7296.5,7297.5,13552
2026-05-01 22:25:00,7297.5,7298.0,7293.75,7294.5,14196
2026-05-01 22:30:00,7294.5,7294.75,7283.0,7284.5,24013
2026-05-01 22:35:00,7284.75,7285.5,7274.5,7280.25,28954
2026-05-01 22:40:00,7280.25,7284.75,7276.25,7281.25,20895
2026-05-01 22:45:00,7281.0,7285.5,7279.5,7283.0,12454
2026-05-01 22:50:00,7282.75,7284.5,7277.75,7280.0,12802
2026-05-01 22:55:00,7280.0,7283.25,7278.5,7278.5,10551
2026-05-01 23:00:00,7278.75,7279.5,7272.0,7274.5,20008
2026-05-01 23:05:00,7274.75,7278.25,7272.75,7277.75,11930
2026-05-01 23:10:00,7277.75,7281.5,7274.75,7281.25,11866
2026-05-01 23:15:00,7281.25,7283.25,7279.0,7281.5,10584
2026-05-01 23:20:00,7281.25,7285.25,7281.0,7284.5,8795
2026-05-01 23:25:00,7284.5,7285.25,7281.25,7284.25,8158
2026-05-01 23:30:00,7284.5,7286.75,7283.0,7284.25,7932
2026-05-01 23:35:00,7284.0,7292.25,7283.5,7289.25,11968
2026-05-01 23:40:00,7289.5,7292.25,7289.25,7291.75,8813
2026-05-01 23:45:00,7292.0,7295.5,7291.5,7294.5,7786
2026-05-01 23:50:00,7294.75,7295.75,7278.5,7286.75,27000
2026-05-01 23:55:00,7287.0,7289.5,7284.0,7285.25,7999
2026-05-02 00:00:00,7285.25,7287.75,7284.25,7285.25,7030
2026-05-02 00:05:00,7285.5,7286.0,7276.25,7277.25,9612
2026-05-02 00:10:00,7277.25,7279.25,7275.25,7276.75,11387
2026-05-02 00:15:00,7276.5,7282.0,7276.25,7281.5,9520
2026-05-02 00:20:00,7281.75,7283.25,7272.0,7277.0,18644
2026-05-02 00:25:00,7277.0,7277.75,7270.25,7272.75,14662
2026-05-02 00:30:00,7272.75,7274.25,7267.75,7271.5,12662
2026-05-02 00:35:00,7271.5,7274.75,7269.5,7274.25,8525
2026-05-02 00:40:00,7274.0,7274.75,7268.0,7268.0,8115
2026-05-02 00:45:00,7268.0,7270.75,7266.0,7268.25,9644
2026-05-02 00:50:00,7268.25,7273.25,7266.75,7273.0,9453
2026-05-02 00:55:00,7272.75,7275.0,7269.75,7270.25,8056
2026-05-02 01:00:00,7270.0,7276.0,7269.75,7272.75,9683
2026-05-02 01:05:00,7272.75,7275.25,7272.25,7273.25,4113
2026-05-02 01:10:00,7273.25,7276.75,7273.25,7276.5,4223
2026-05-02 01:15:00,7276.25,7278.5,7274.25,7278.0,7201
2026-05-02 01:20:00,7278.25,7280.5,7277.5,7278.75,5623
2026-05-02 01:25:00,7279.0,7281.0,7278.25,7280.75,3412
2026-05-02 01:30:00,7280.75,7282.25,7280.25,7280.75,4370
2026-05-02 01:35:00,7281.0,7281.25,7277.5,7279.25,6743
2026-05-02 01:40:00,7279.5,7281.75,7279.5,7280.25,4670
2026-05-02 01:45:00,7280.25,7281.0,7279.25,7279.75,3770
2026-05-02 01:50:00,7279.75,7283.75,7279.0,7281.25,11040
2026-05-02 01:55:00,7281.25,7282.5,7279.25,7279.5,5210
2026-05-02 02:00:00,7279.5,7280.75,7276.0,7276.5,7214
2026-05-02 02:05:00,7276.5,7277.0,7273.0,7276.0,9244
2026-05-02 02:10:00,7276.0,7276.5,7268.75,7269.5,8061
2026-05-02 02:15:00,7269.75,7271.5,7266.25,7269.5,9229
2026-05-02 02:20:00,7269.5,7272.5,7268.5,7272.0,7191
2026-05-02 02:25:00,7272.25,7273.75,7270.0,7272.75,8389
2026-05-02 02:30:00,7272.75,7273.5,7266.5,7267.0,12043
2026-05-02 02:35:00,7267.0,7267.5,7263.5,7264.75,9199
2026-05-02 02:40:00,7264.75,7266.0,7262.25,7263.25,6655
2026-05-02 02:45:00,7263.25,7264.5,7259.0,7262.75,11866
2026-05-02 02:50:00,7262.5,7264.75,7261.0,7261.5,6055
2026-05-02 02:55:00,7261.75,7264.25,7261.0,7262.75,7774
2026-05-02 03:00:00,7262.75,7267.25,7262.0,7265.25,9839
2026-05-02 03:05:00,7265.25,7269.25,7265.25,7269.25,7844
2026-05-02 03:10:00,7268.75,7272.5,7267.75,7271.75,6777
2026-05-02 03:15:00,7271.75,7274.25,7271.0,7273.0,8089
2026-05-02 03:20:00,7273.25,7274.0,7271.75,7273.75,7536
2026-05-02 03:25:00,7273.5,7277.0,7273.5,7275.25,7499
2026-05-02 03:30:00,7275.5,7276.5,7271.25,7273.75,10192
2026-05-02 03:35:00,7273.5,7275.0,7271.75,7274.5,7061
2026-05-02 03:40:00,7274.5,7275.25,7271.0,7272.5,8600
2026-05-02 03:45:00,7272.5,7273.0,7269.5,7271.0,11789
2026-05-02 03:50:00,7270.75,7272.75,7262.75,7264.25,29104
2026-05-02 03:55:00,7264.0,7264.5,7255.5,7257.5,77716
2026-05-02 04:00:00,7257.5,7258.25,7254.75,7255.0,22494
2026-05-02 04:05:00,7255.0,7255.25,7252.0,7254.75,7353
2026-05-02 04:10:00,7255.0,7255.5,7253.0,7254.25,5168
2026-05-02 04:15:00,7254.25,7254.75,7250.0,7250.5,3014
2026-05-02 04:20:00,7250.25,7250.75,7247.5,7249.25,3140
2026-05-02 04:25:00,7249.5,7251.0,7249.0,7249.25,1328
2026-05-02 04:30:00,7249.25,7249.5,7247.0,7247.25,2283
2026-05-02 04:35:00,7247.25,7248.75,7245.75,7247.0,2586
2026-05-02 04:40:00,7247.0,7247.5,7245.75,7246.75,1752
2026-05-02 04:45:00,7247.0,7249.5,7246.75,7248.5,1817
2026-05-02 04:50:00,7248.75,7249.5,7247.25,7247.25,1515
2026-05-02 04:55:00,7247.25,7258.0,7240.75,7258.0,3972
2026-05-04 12:30:00,7258.0,7270.25,7258.0,7269.75,307
2026-05-04 12:35:00,7269.5,7270.75,7269.25,7269.25,301
2026-05-04 12:40:00,7269.5,7269.75,7269.0,7269.0,116
2026-05-04 12:45:00,7269.25,7269.5,7267.25,7268.25,269
2026-05-04 12:50:00,7268.0,7268.75,7267.75,7268.0,157
2026-05-04 12:55:00,7267.75,7268.5,7267.25,7267.75,180
2026-05-04 13:00:00,7267.75,7269.0,7267.25,7268.25,400
2026-05-04 13:05:00,7268.25,7270.5,7268.0,7270.0,314
2026-05-04 13:10:00,7270.25,7270.75,7269.5,7270.0,472
2026-05-04 13:15:00,7270.25,7274.5,7269.75,7273.25,1442
2026-05-04 13:20:00,7273.0,7273.25,7271.5,7271.5,627
2026-05-04 13:25:00,7271.25,7271.5,7268.25,7268.5,658
2026-05-04 13:30:00,7268.75,7269.75,7267.75,7269.75,479
2026-05-04 13:35:00,7269.75,7270.0,7268.5,7269.75,434
2026-05-04 13:40:00,7270.0,7272.25,7269.5,7272.25,388
2026-05-04 13:45:00,7272.25,7272.75,7270.75,7271.0,353
2026-05-04 13:50:00,7270.75,7271.0,7269.5,7270.75,480
2026-05-04 13:55:00,7270.5,7270.75,7269.25,7270.0,804
2026-05-04 14:00:00,7270.0,7271.25,7267.5,7268.25,1127
2026-05-04 14:05:00,7268.0,7268.0,7265.75,7266.25,561
2026-05-04 14:10:00,7266.75,7269.75,7266.0,7269.0,609
2026-05-04 14:15:00,7269.0,7269.25,7267.25,7268.75,492
2026-05-04 14:20:00,7268.5,7268.75,7266.25,7266.75,425
2026-05-04 14:25:00,7267.0,7267.5,7263.75,7267.25,624
2026-05-04 14:30:00,7267.25,7268.75,7264.75,7266.25,956
2026-05-04 14:35:00,7266.0,7266.25,7262.75,7262.75,1028
2026-05-04 14:40:00,7262.75,7263.0,7259.75,7261.25,1059
2026-05-04 14:45:00,7261.5,7263.0,7259.5,7263.0,825
2026-05-04 14:50:00,7263.25,7263.5,7261.5,7263.0,494
2026-05-04 14:55:00,7263.0,7264.0,7262.5,7262.75,479
2026-05-04 15:00:00,7263.0,7264.25,7259.5,7262.75,2368
2026-05-04 15:05:00,7262.75,7268.5,7262.5,7268.0,1228
2026-05-04 15:10:00,7268.0,7270.75,7267.5,7269.0,1054
2026-05-04 15:15:00,7269.0,7273.0,7269.0,7272.25,1201
2026-05-04 15:20:00,7272.0,7273.5,7270.75,7272.25,1110
2026-05-04 15:25:00,7272.5,7273.0,7269.75,7271.25,1839
2026-05-04 15:30:00,7271.5,7271.5,7268.5,7269.0,980
2026-05-04 15:35:00,7268.75,7270.5,7268.0,7270.0,846
2026-05-04 15:40:00,7269.75,7271.25,7268.5,7271.0,610
2026-05-04 15:45:00,7271.0,7273.0,7269.75,7270.0,762
2026-05-04 15:50:00,7270.25,7270.25,7267.0,7267.5,518
2026-05-04 15:55:00,7267.5,7268.0,7265.25,7265.25,781
2026-05-04 16:00:00,7265.0,7265.5,7258.5,7259.0,2295
2026-05-04 16:05:00,7259.0,7260.0,7255.0,7260.0,2934
2026-05-04 16:10:00,7259.75,7261.25,7257.75,7259.75,1071
2026-05-04 16:15:00,7259.5,7260.25,7256.25,7257.75,1224
2026-05-04 16:20:00,7257.75,7261.0,7257.0,7260.0,1279
2026-05-04 16:25:00,7260.0,7263.75,7259.75,7262.5,1100
2026-05-04 16:30:00,7262.75,7264.75,7260.75,7263.0,1528
2026-05-04 16:35:00,7263.0,7264.25,7262.5,7263.75,601
2026-05-04 16:40:00,7263.75,7264.5,7262.5,7262.5,678
2026-05-04 16:45:00,7262.75,7264.0,7261.75,7263.75,704
2026-05-04 16:50:00,7263.5,7264.0,7261.5,7262.75,736
2026-05-04 16:55:00,7262.75,7264.5,7261.5,7262.25,949
2026-05-04 17:00:00,7262.5,7264.75,7260.5,7264.75,1175
2026-05-04 17:05:00,7264.5,7265.25,7263.5,7264.0,518
2026-05-04 17:10:00,7264.0,7266.75,7263.75,7266.0,595
2026-05-04 17:15:00,7266.0,7266.25,7264.0,7264.5,536
2026-05-04 17:20:00,7264.5,7266.25,7264.0,7265.25,597
2026-05-04 17:25:00,7265.25,7265.5,7264.0,7265.25,441
2026-05-04 17:30:00,7265.25,7266.0,7264.25,7265.5,653
2026-05-04 17:35:00,7265.5,7267.75,7265.5,7267.0,998
2026-05-04 17:40:00,7266.75,7267.25,7266.0,7266.25,462
2026-05-04 17:45:00,7266.0,7266.25,7265.25,7266.25,498
2026-05-04 17:50:00,7266.5,7267.0,7265.5,7266.75,421
2026-05-04 17:55:00,7266.75,7267.5,7263.5,7263.75,1273
2026-05-04 18:00:00,7264.0,7265.5,7232.5,7241.5,12245
2026-05-04 18:05:00,7241.5,7241.75,7215.5,7224.25,12782
2026-05-04 18:10:00,7224.0,7230.0,7214.5,7222.75,9402
2026-05-04 18:15:00,7223.0,7228.5,7214.0,7217.75,9265
2026-05-04 18:20:00,7217.5,7225.75,7213.75,7225.0,5749
2026-05-04 18:25:00,7225.0,7235.5,7225.0,7232.75,3986
2026-05-04 18:30:00,7232.75,7254.0,7230.5,7246.5,12329
2026-05-04 18:35:00,7247.0,7249.25,7242.5,7246.25,4790
2026-05-04 18:40:00,7246.25,7251.5,7245.5,7249.25,3022
2026-05-04 18:45:00,7249.0,7252.5,7246.75,7251.5,2320
2026-05-04 18:50:00,7251.5,7252.75,7246.5,7247.75,1832
2026-05-04 18:55:00,7248.0,7249.0,7246.0,7247.0,1328
2026-05-04 19:00:00,7247.25,7254.25,7244.25,7246.0,5934
2026-05-04 19:05:00,7245.75,7249.25,7245.25,7248.75,1467
2026-05-04 19:10:00,7248.75,7251.25,7246.75,7248.75,2273
2026-05-04 19:15:00,7248.75,7252.0,7248.5,7249.5,1191
2026-05-04 19:20:00,7249.5,7250.75,7247.75,7248.25,968
2026-05-04 19:25:00,7248.0,7248.25,7245.5,7246.0,1373
2026-05-04 19:30:00,7246.0,7246.75,7243.75,7244.5,1618
2026-05-04 19:35:00,7244.75,7248.0,7236.75,7240.0,5581
2026-05-04 19:40:00,7240.0,7247.0,7239.75,7243.0,2988
2026-05-04 19:45:00,7242.75,7244.0,7239.25,7241.0,1400
2026-05-04 19:50:00,7241.0,7246.25,7240.25,7246.25,2715
2026-05-04 19:55:00,7246.5,7248.0,7244.75,7245.25,1590
2026-05-04 20:00:00,7245.25,7250.0,7245.25,7249.0,2587
2026-05-04 20:05:00,7249.0,7249.75,7247.5,7248.25,1279
2026-05-04 20:10:00,7248.5,7251.5,7248.0,7248.75,1436
2026-05-04 20:15:00,7248.5,7256.0,7245.25,7253.5,6971
2026-05-04 20:20:00,7253.25,7255.0,7251.0,7252.25,1739
2026-05-04 20:25:00,7252.25,7253.75,7251.0,7252.0,1115
2026-05-04 20:30:00,7251.75,7252.0,7248.5,7250.0,1404
2026-05-04 20:35:00,7250.0,7253.75,7247.25,7253.25,2134
2026-05-04 20:40:00,7253.25,7254.5,7249.75,7252.75,2463
2026-05-04 20:45:00,7252.25,7253.5,7251.5,7252.5,1651
2026-05-04 20:50:00,7252.25,7254.25,7251.0,7252.25,2227
2026-05-04 20:55:00,7252.5,7254.0,7246.5,7249.25,3574
2026-05-04 21:00:00,7249.25,7249.75,7238.25,7247.0,17085
2026-05-04 21:05:00,7247.25,7252.0,7245.25,7251.75,6170
2026-05-04 21:10:00,7252.0,7256.0,7247.75,7249.5,8208
2026-05-04 21:15:00,7249.5,7251.5,7247.75,7248.75,2935
2026-05-04 21:20:00,7248.75,7249.75,7246.5,7249.75,2408
2026-05-04 21:25:00,7249.75,7252.0,7248.25,7250.5,5535
2026-05-04 21:30:00,7250.75,7252.5,7242.25,7249.0,33805
2026-05-04 21:35:00,7248.75,7252.0,7244.0,7248.0,18067
2026-05-04 21:40:00,7248.25,7253.0,7245.75,7249.25,15111
2026-05-04 21:45:00,7249.25,7256.25,7248.0,7253.75,17973
2026-05-04 21:50:00,7253.75,7256.25,7250.75,7254.25,14376
2026-05-04 21:55:00,7254.25,7257.75,7250.75,7257.75,10610
2026-05-04 22:00:00,7257.5,7257.75,7252.25,7252.5,12904
2026-05-04 22:05:00,7252.5,7256.5,7248.0,7250.5,21243
2026-05-04 22:10:00,7250.5,7261.75,7249.5,7259.5,17997
2026-05-04 22:15:00,7259.75,7264.25,7258.5,7264.0,13366
2026-05-04 22:20:00,7264.0,7267.0,7262.25,7263.25,13629
2026-05-04 22:25:00,7263.0,7265.75,7260.5,7262.25,9412
2026-05-04 22:30:00,7262.25,7268.75,7261.0,7266.0,11871
2026-05-04 22:35:00,7266.0,7270.0,7264.75,7267.75,12155
2026-05-04 22:40:00,7267.75,7270.75,7267.75,7269.0,9213
2026-05-04 22:45:00,7269.25,7270.5,7266.75,7267.5,9433
2026-05-04 22:50:00,7267.75,7271.0,7267.5,7269.0,6662
2026-05-04 22:55:00,7269.25,7270.25,7257.0,7258.75,25527
2026-05-04 23:00:00,7259.0,7264.25,7252.0,7259.0,28387
2026-05-04 23:05:00,7259.0,7261.25,7254.0,7257.5,16359
2026-05-04 23:10:00,7257.25,7258.5,7249.75,7252.25,17303
2026-05-04 23:15:00,7252.0,7254.5,7235.25,7237.5,32265
2026-05-04 23:20:00,7237.25,7238.25,7223.75,7226.5,55537
2026-05-04 23:25:00,7226.5,7237.25,7225.0,7234.0,31643
2026-05-04 23:30:00,7234.0,7235.0,7224.5,7230.25,26231
2026-05-04 23:35:00,7230.25,7235.0,7223.0,7228.0,28409
2026-05-04 23:40:00,7227.75,7234.0,7222.25,7232.5,21054
2026-05-04 23:45:00,7232.25,7232.75,7224.0,7225.0,18285
2026-05-04 23:50:00,7225.0,7231.25,7218.75,7229.75,25845
2026-05-04 23:55:00,7229.5,7232.5,7223.75,7225.25,15812
2026-05-05 00:00:00,7225.25,7227.0,7218.75,7221.75,13684
2026-05-05 00:05:00,7221.75,7222.75,7199.5,7210.0,45323
2026-05-05 00:10:00,7210.0,7215.25,7204.25,7208.5,20609
2026-05-05 00:15:00,7208.75,7225.5,7204.0,7221.25,32945
2026-05-05 00:20:00,7221.25,7228.25,7219.5,7224.0,21380
2026-05-05 00:25:00,7223.75,7227.75,7218.0,7219.25,14326
2026-05-05 00:30:00,7219.5,7226.25,7217.75,7225.25,12891
2026-05-05 00:35:00,7225.0,7225.75,7215.5,7217.75,14125
2026-05-05 00:40:00,7218.0,7222.75,7217.5,7218.25,9185
2026-05-05 00:45:00,7218.5,7220.5,7216.0,7218.75,8449
2026-05-05 00:50:00,7218.5,7219.5,7212.75,7216.0,13724
2026-05-05 00:55:00,7216.0,7218.5,7214.0,7215.0,8347
2026-05-05 01:00:00,7214.75,7222.0,7214.25,7220.25,15827
2026-05-05 01:05:00,7220.25,7224.75,7219.5,7224.0,11328
2026-05-05 01:10:00,7224.0,7226.25,7221.0,7224.0,7321
2026-05-05 01:15:00,7224.0,7235.0,7222.0,7232.5,21508
2026-05-05 01:20:00,7232.5,7236.25,7230.75,7234.5,9660
2026-05-05 01:25:00,7234.75,7235.75,7231.5,7235.25,7811
2026-05-05 01:30:00,7235.5,7235.75,7230.5,7230.75,8077
2026-05-05 01:35:00,7230.75,7231.25,7225.25,7230.5,11441
2026-05-05 01:40:00,7230.5,7232.75,7228.0,7231.5,6133
2026-05-05 01:45:00,7231.75,7233.25,7230.25,7232.5,4925
2026-05-05 01:50:00,7232.75,7236.0,7232.25,7233.25,7546
2026-05-05 01:55:00,7233.25,7235.5,7232.75,7232.75,5235
2026-05-05 02:00:00,7233.0,7239.0,7232.25,7238.75,10879
2026-05-05 02:05:00,7238.5,7239.5,7235.0,7236.5,8003
2026-05-05 02:10:00,7236.25,7237.0,7233.75,7234.0,6062
2026-05-05 02:15:00,7234.0,7234.25,7231.0,7231.75,7953
2026-05-05 02:20:00,7231.75,7232.25,7224.75,7226.25,11270
2026-05-05 02:25:00,7226.25,7227.75,7221.0,7227.0,12203
2026-05-05 02:30:00,7227.0,7228.0,7223.5,7225.5,9196
2026-05-05 02:35:00,7225.5,7225.5,7222.0,7224.5,8943
2026-05-05 02:40:00,7224.25,7225.25,7219.25,7219.75,5783
2026-05-05 02:45:00,7219.75,7224.25,7217.5,7224.0,9396
2026-05-05 02:50:00,7224.0,7225.0,7218.5,7220.5,12023
2026-05-05 02:55:00,7220.25,7225.0,7219.75,7223.75,8410
2026-05-05 03:00:00,7224.0,7224.5,7220.5,7222.75,6918
2026-05-05 03:05:00,7222.5,7231.5,7222.0,7228.25,26426
2026-05-05 03:10:00,7228.0,7229.5,7226.75,7229.5,6482
2026-05-05 03:15:00,7229.5,7231.0,7228.0,7228.25,6834
2026-05-05 03:20:00,7228.25,7229.25,7226.25,7228.0,5794
2026-05-05 03:25:00,7228.25,7229.75,7223.25,7226.75,11928
2026-05-05 03:30:00,7226.75,7229.75,7226.25,7229.0,7135
2026-05-05 03:35:00,7229.0,7231.5,7228.25,7228.75,6446
2026-05-05 03:40:00,7228.75,7229.75,7225.75,7226.5,7120
2026-05-05 03:45:00,7226.5,7231.0,7225.0,7230.5,9933
2026-05-05 03:50:00,7230.5,7230.75,7223.25,7225.0,21153
2026-05-05 03:55:00,7225.0,7231.5,7223.25,7231.25,58886
2026-05-05 04:00:00,7231.0,7231.5,7225.5,7225.75,16387
2026-05-05 04:05:00,7226.0,7228.0,7223.75,7223.75,4281
2026-05-05 04:10:00,7224.0,7226.0,7222.75,7225.25,4232
2026-05-05 04:15:00,7225.0,7226.25,7223.0,7223.25,2208
2026-05-05 04:20:00,7223.25,7224.75,7222.75,7224.75,1510
2026-05-05 04:25:00,7224.75,7228.5,7224.5,7227.75,2629
2026-05-05 04:30:00,7227.75,7228.75,7226.75,7226.75,920
2026-05-05 04:35:00,7226.5,7227.5,7225.25,7225.75,1193
2026-05-05 04:40:00,7225.75,7226.0,7224.5,7224.75,725
2026-05-05 04:45:00,7224.5,7225.75,7223.5,7225.0,1162
2026-05-05 04:50:00,7225.0,7225.5,7224.5,7225.25,836
2026-05-05 04:55:00,7225.25,7226.0,7224.75,7225.25,1022
2026-05-05 06:00:00,7228.75,7234.75,7227.75,7231.25,0
2026-05-05 06:05:00,7231.0,7232.75,7230.0,7231.75,514
2026-05-05 06:10:00,7231.75,7233.0,7231.0,7232.25,369
2026-05-05 06:15:00,7232.25,7232.75,7231.5,7231.5,234
2026-05-05 06:20:00,7231.5,7232.75,7231.5,7232.75,207
2026-05-05 06:25:00,7232.75,7233.75,7232.75,7233.5,354
2026-05-05 06:30:00,7233.25,7234.0,7232.0,7232.25,353
2026-05-05 06:35:00,7232.25,7233.0,7231.25,7231.25,412
2026-05-05 06:40:00,7231.5,7232.25,7229.75,7230.0,357
2026-05-05 06:45:00,7229.75,7230.0,7228.0,7228.0,469
2026-05-05 06:50:00,7228.0,7228.5,7226.0,7227.25,493
2026-05-05 06:55:00,7227.5,7228.0,7226.75,7227.5,201
2026-05-05 07:00:00,7227.5,7228.0,7226.25,7227.25,309
2026-05-05 07:05:00,7227.25,7228.0,7226.75,7227.5,184
2026-05-05 07:10:00,7227.25,7229.25,7225.5,7229.0,542
2026-05-05 07:15:00,7229.0,7229.25,7227.25,7228.0,225
2026-05-05 07:20:00,7228.0,7228.75,7227.5,7227.5,165
2026-05-05 07:25:00,7227.5,7228.25,7227.0,7228.25,184
2026-05-05 07:30:00,7228.0,7228.75,7226.75,7227.5,224
2026-05-05 07:35:00,7227.75,7228.5,7227.5,7228.25,113
2026-05-05 07:40:00,7228.25,7228.25,7226.25,7226.75,181
2026-05-05 07:45:00,7226.75,7227.75,7226.75,7227.25,244
2026-05-05 07:50:00,7227.25,7227.25,7224.5,7226.25,403
2026-05-05 07:55:00,7226.25,7228.25,7226.0,7227.0,279
2026-05-05 08:00:00,7227.25,7235.75,7227.0,7233.75,1603
2026-05-05 08:05:00,7233.75,7234.5,7232.5,7233.0,547
2026-05-05 08:10:00,7233.0,7234.0,7231.5,7233.25,423
2026-05-05 08:15:00,7233.0,7233.0,7225.75,7228.25,1264
2026-05-05 08:20:00,7228.25,7228.5,7225.25,7226.75,678
2026-05-05 08:25:00,7227.0,7227.0,7223.75,7225.75,739
2026-05-05 08:30:00,7225.75,7227.75,7225.25,7227.0,639
2026-05-05 08:35:00,7227.0,7229.75,7226.5,7228.5,524
2026-05-05 08:40:00,7228.5,7228.75,7225.75,7227.0,400
2026-05-05 08:45:00,7227.25,7229.5,7226.75,7229.25,419
2026-05-05 08:50:00,7229.25,7232.5,7229.25,7232.5,658
2026-05-05 08:55:00,7232.25,7232.75,7231.0,7231.75,331
2026-05-05 09:00:00,7231.75,7232.0,7227.25,7229.5,1114
2026-05-05 09:05:00,7229.5,7231.25,7229.0,7230.0,454
2026-05-05 09:10:00,7230.25,7233.75,7230.0,7232.25,632
2026-05-05 09:15:00,7232.5,7234.75,7232.5,7234.0,374
2026-05-05 09:20:00,7234.0,7234.25,7232.25,7234.0,648
2026-05-05 09:25:00,7234.25,7234.25,7232.0,7232.75,317
2026-05-05 09:30:00,7233.0,7233.75,7231.0,7232.25,435
2026-05-05 09:35:00,7232.0,7239.0,7232.0,7235.0,1492
2026-05-05 09:40:00,7234.75,7236.5,7232.75,7235.0,643
2026-05-05 09:45:00,7235.0,7237.25,7234.75,7236.25,534
2026-05-05 09:50:00,7236.25,7237.75,7236.0,7236.75,573
2026-05-05 09:55:00,7236.75,7236.75,7235.25,7235.5,413
2026-05-05 10:00:00,7235.75,7237.75,7235.75,7237.0,470
2026-05-05 10:05:00,7237.0,7237.5,7236.25,7236.25,384
2026-05-05 10:10:00,7236.5,7236.5,7234.75,7235.0,480
2026-05-05 10:15:00,7235.25,7236.25,7235.0,7235.75,363
2026-05-05 10:20:00,7235.75,7237.0,7235.0,7237.0,309
2026-05-05 10:25:00,7237.0,7239.25,7236.75,7239.0,684
2026-05-05 10:30:00,7238.75,7240.75,7238.5,7240.25,892
2026-05-05 10:35:00,7240.5,7241.0,7239.0,7240.75,502
2026-05-05 10:40:00,7240.75,7241.0,7240.0,7240.25,317
2026-05-05 10:45:00,7240.0,7240.25,7233.75,7235.75,1689
2026-05-05 10:50:00,7235.75,7238.25,7235.25,7236.0,552
2026-05-05 10:55:00,7235.75,7236.5,7235.0,7236.5,322
2026-05-05 11:00:00,7236.25,7237.25,7235.5,7237.0,327
2026-05-05 11:05:00,7237.0,7238.5,7237.0,7238.25,316
2026-05-05 11:10:00,7238.0,7240.0,7238.0,7239.75,394
2026-05-05 11:15:00,7239.75,7240.25,7239.25,7240.25,321
2026-05-05 11:20:00,7240.0,7240.25,7239.25,7239.5,232
2026-05-05 11:25:00,7239.5,7242.0,7239.5,7241.0,573
2026-05-05 11:30:00,7240.75,7241.0,7240.0,7240.25,312
2026-05-05 11:35:00,7240.25,7240.75,7240.25,7240.25,143
2026-05-05 11:40:00,7240.25,7240.25,7239.75,7240.0,117
2026-05-05 11:45:00,7240.0,7241.5,7239.75,7241.5,317
2026-05-05 11:50:00,7241.25,7241.75,7240.25,7240.5,198
2026-05-05 11:55:00,7240.25,7240.75,7240.0,7240.75,231
2026-05-05 12:05:00,7242.75,7243.0,7242.0,7242.0,920
2026-05-05 12:10:00,7241.75,7242.5,7241.25,7241.25,263
2026-05-05 12:15:00,7241.5,7241.5,7240.25,7240.75,330
2026-05-05 12:20:00,7240.75,7241.5,7240.25,7241.25,146
2026-05-05 12:25:00,7241.0,7241.5,7240.25,7240.75,170
2026-05-05 12:30:00,7240.5,7240.5,7239.0,7239.75,366
2026-05-05 12:35:00,7239.5,7239.75,7238.5,7239.75,192
2026-05-05 12:40:00,7239.5,7240.25,7239.25,7240.0,178
2026-05-05 12:45:00,7240.0,7242.75,7240.0,7242.5,498
2026-05-05 12:50:00,7242.5,7243.25,7241.75,7242.0,306
2026-05-05 12:55:00,7242.0,7242.0,7239.5,7240.0,469
2026-05-05 13:00:00,7239.75,7240.75,7238.5,7239.75,556
2026-05-05 13:05:00,7240.0,7240.75,7239.5,7239.75,303
2026-05-05 13:10:00,7239.75,7240.25,7239.75,7240.25,198
2026-05-05 13:15:00,7240.0,7241.25,7240.0,7241.0,215
2026-05-05 13:20:00,7241.25,7241.75,7240.75,7241.75,274
2026-05-05 13:25:00,7241.75,7241.75,7239.5,7239.75,262
2026-05-05 13:30:00,7240.0,7242.5,7238.25,7242.5,652
2026-05-05 13:35:00,7242.25,7243.75,7241.0,7242.0,919
2026-05-05 13:40:00,7241.75,7243.5,7241.75,7242.25,213
2026-05-05 13:45:00,7242.25,7244.0,7241.75,7243.0,454
2026-05-05 13:50:00,7243.0,7243.5,7242.5,7243.0,208
2026-05-05 13:55:00,7242.75,7244.25,7242.75,7243.75,207
2026-05-05 14:00:00,7243.75,7247.75,7241.75,7242.25,2476
2026-05-05 14:05:00,7242.25,7243.0,7241.25,7242.0,412
2026-05-05 14:10:00,7241.75,7242.5,7241.0,7241.0,517
2026-05-05 14:15:00,7241.25,7241.75,7237.5,7239.25,980
2026-05-05 14:20:00,7239.25,7240.0,7235.75,7236.5,669
2026-05-05 14:25:00,7236.75,7239.0,7236.5,7238.25,546
2026-05-05 14:30:00,7237.75,7242.5,7237.75,7242.25,816
2026-05-05 14:35:00,7242.25,7248.25,7242.0,7244.5,1610
2026-05-05 14:40:00,7244.25,7245.75,7242.75,7244.5,758
2026-05-05 14:45:00,7244.75,7245.0,7243.75,7244.25,470
2026-05-05 14:50:00,7244.5,7247.5,7244.5,7246.5,880
2026-05-05 14:55:00,7246.75,7248.25,7246.0,7247.5,1295
2026-05-05 15:00:00,7247.75,7251.0,7246.75,7250.0,2597
2026-05-05 15:05:00,7250.0,7252.0,7249.0,7250.0,1537
2026-05-05 15:10:00,7250.0,7251.75,7249.5,7250.75,1314
2026-05-05 15:15:00,7250.75,7251.25,7249.25,7251.0,995
2026-05-05 15:20:00,7251.25,7252.0,7249.75,7249.75,882
2026-05-05 15:25:00,7249.75,7250.75,7247.75,7248.5,1189
2026-05-05 15:30:00,7248.5,7250.25,7248.0,7249.5,968
2026-05-05 15:35:00,7249.75,7256.75,7249.0,7255.25,3180
2026-05-05 15:40:00,7254.75,7256.0,7250.5,7250.5,1852
2026-05-05 15:45:00,7250.5,7251.25,7247.5,7247.5,1157
2026-05-05 15:50:00,7247.75,7248.75,7246.5,7246.75,844
2026-05-05 15:55:00,7246.75,7247.75,7245.75,7247.25,754
2026-05-05 16:00:00,7247.5,7250.25,7247.25,7250.0,1101
2026-05-05 16:05:00,7250.0,7252.5,7250.0,7251.75,1629
2026-05-05 16:10:00,7252.0,7256.25,7251.75,7255.25,1693
2026-05-05 16:15:00,7255.25,7255.5,7253.25,7254.25,1038
2026-05-05 16:20:00,7254.0,7255.75,7253.75,7254.75,926
2026-05-05 16:25:00,7255.0,7257.0,7253.75,7254.0,1635
2026-05-05 16:30:00,7254.0,7256.0,7252.75,7254.75,1341
2026-05-05 16:35:00,7254.5,7255.75,7254.25,7255.0,891
2026-05-05 16:40:00,7254.75,7255.25,7252.75,7254.75,874
2026-05-05 16:45:00,7254.75,7256.75,7253.25,7255.25,1483
2026-05-05 16:50:00,7255.0,7256.0,7254.0,7254.5,463
2026-05-05 16:55:00,7254.25,7255.25,7253.5,7254.75,844
2026-05-05 17:00:00,7254.75,7254.75,7251.5,7252.0,1360
2026-05-05 17:05:00,7252.0,7254.5,7249.75,7254.0,979
2026-05-05 17:10:00,7254.0,7255.0,7252.5,7252.5,779
2026-05-05 17:15:00,7252.5,7253.75,7251.25,7251.75,621
2026-05-05 17:20:00,7252.0,7253.5,7250.75,7252.75,564
2026-05-05 17:25:00,7252.75,7253.75,7252.75,7253.0,498
2026-05-05 17:30:00,7253.0,7256.5,7253.0,7255.0,858
2026-05-05 17:35:00,7254.75,7255.0,7252.75,7254.0,746
2026-05-05 17:40:00,7254.0,7255.5,7253.5,7255.25,435
2026-05-05 17:45:00,7255.25,7258.0,7255.0,7255.25,1577
2026-05-05 17:50:00,7255.25,7255.75,7253.75,7254.25,696
2026-05-05 17:55:00,7254.5,7255.5,7253.75,7255.5,392
2026-05-05 18:00:00,7255.25,7255.5,7254.0,7254.5,498
2026-05-05 18:05:00,7254.5,7255.0,7253.25,7253.5,339
2026-05-05 18:10:00,7253.5,7256.5,7253.25,7255.0,1044
2026-05-05 18:15:00,7255.0,7255.75,7254.25,7254.75,507
2026-05-05 18:20:00,7255.0,7256.25,7254.75,7255.0,363
2026-05-05 18:25:00,7255.0,7256.5,7254.75,7255.75,446
2026-05-05 18:30:00,7256.0,7261.75,7255.25,7259.25,3130
2026-05-05 18:35:00,7259.0,7260.25,7256.25,7256.25,1743
2026-05-05 18:40:00,7256.25,7257.25,7253.5,7253.5,1202
2026-05-05 18:45:00,7253.75,7255.0,7253.0,7254.5,1140
2026-05-05 18:50:00,7254.5,7255.0,7253.75,7254.5,353
2026-05-05 18:55:00,7254.25,7256.0,7254.25,7255.5,591
2026-05-05 19:00:00,7255.5,7256.75,7249.0,7250.25,3808
2026-05-05 19:05:00,7250.0,7251.5,7249.5,7251.25,1039
2026-05-05 19:10:00,7251.5,7252.0,7250.0,7251.0,794
2026-05-05 19:15:00,7251.0,7252.0,7248.75,7249.75,1575
2026-05-05 19:20:00,7250.0,7253.0,7249.75,7252.75,1128
2026-05-05 19:25:00,7252.75,7256.5,7252.5,7255.0,2772
2026-05-05 19:30:00,7255.0,7257.75,7254.25,7256.5,1125
2026-05-05 19:35:00,7256.75,7258.0,7256.25,7257.5,1023
2026-05-05 19:40:00,7257.5,7258.75,7257.25,7258.0,1088
2026-05-05 19:45:00,7258.25,7259.25,7257.25,7259.0,1284
2026-05-05 19:50:00,7259.0,7259.0,7257.0,7257.75,1084
2026-05-05 19:55:00,7257.75,7259.25,7257.5,7258.25,990
2026-05-05 20:00:00,7258.25,7258.5,7256.25,7257.0,2018
2026-05-05 20:05:00,7257.0,7263.5,7256.75,7262.0,4095
2026-05-05 20:10:00,7261.75,7267.0,7261.25,7266.25,5601
2026-05-05 20:15:00,7266.25,7269.0,7263.75,7264.0,4547
2026-05-05 20:20:00,7264.0,7266.75,7263.0,7265.0,2389
2026-05-05 20:25:00,7264.75,7266.5,7264.25,7265.25,1708
2026-05-05 20:30:00,7265.25,7266.25,7263.0,7264.5,1620
2026-05-05 20:35:00,7264.5,7264.75,7262.0,7262.5,1488
2026-05-05 20:40:00,7262.5,7263.25,7261.25,7261.5,1676
2026-05-05 20:45:00,7261.75,7262.75,7260.25,7261.25,1697
2026-05-05 20:50:00,7261.25,7262.0,7260.5,7262.0,973
2026-05-05 20:55:00,7262.0,7263.0,7261.5,7261.75,1439
2026-05-05 21:00:00,7261.75,7264.75,7261.5,7264.0,1716
2026-05-05 21:05:00,7264.0,7268.75,7264.0,7267.0,3048
2026-05-05 21:10:00,7267.0,7267.75,7265.0,7266.0,2018
2026-05-05 21:15:00,7266.0,7266.75,7264.0,7264.25,2509
2026-05-05 21:20:00,7264.25,7265.0,7262.5,7262.75,2959
2026-05-05 21:25:00,7263.0,7267.5,7263.0,7267.25,6242
2026-05-05 21:30:00,7267.5,7272.0,7264.25,7271.75,30677
2026-05-05 21:35:00,7272.0,7274.0,7268.0,7269.5,19066
2026-05-05 21:40:00,7269.5,7273.0,7267.0,7271.5,15126
2026-05-05 21:45:00,7271.5,7275.25,7270.0,7270.75,20499
2026-05-05 21:50:00,7270.75,7277.25,7270.5,7272.75,21865
2026-05-05 21:55:00,7272.75,7275.0,7272.0,7275.0,10770
2026-05-05 22:00:00,7275.0,7277.25,7270.5,7277.0,16240
2026-05-05 22:05:00,7277.0,7282.0,7275.75,7281.25,16585
2026-05-05 22:10:00,7281.5,7283.5,7270.75,7272.25,34384
2026-05-05 22:15:00,7272.25,7276.75,7266.75,7270.75,45667
2026-05-05 22:20:00,7270.5,7281.75,7269.0,7280.75,22176
2026-05-05 22:25:00,7280.75,7286.25,7280.25,7282.5,18100
2026-05-05 22:30:00,7282.5,7283.5,7277.5,7279.5,13074
2026-05-05 22:35:00,7279.5,7281.0,7274.75,7276.0,14445
2026-05-05 22:40:00,7276.0,7280.0,7275.5,7276.25,13127
2026-05-05 22:45:00,7276.25,7278.0,7273.0,7276.25,12373
2026-05-05 22:50:00,7276.25,7278.5,7274.0,7278.5,9191
2026-05-05 22:55:00,7278.5,7281.0,7278.0,7280.75,8614
2026-05-05 23:00:00,7280.5,7284.5,7279.25,7284.0,12895
2026-05-05 23:05:00,7284.25,7285.75,7282.0,7282.5,11843
2026-05-05 23:10:00,7282.5,7285.75,7282.25,7284.75,8063
2026-05-05 23:15:00,7284.75,7285.75,7282.75,7283.0,8572
2026-05-05 23:20:00,7283.25,7284.25,7280.25,7280.75,10103
2026-05-05 23:25:00,7280.75,7284.25,7280.25,7284.25,8086
2026-05-05 23:30:00,7284.25,7284.75,7278.5,7279.0,10292
2026-05-05 23:35:00,7279.0,7281.5,7278.75,7280.75,9130
2026-05-05 23:40:00,7280.75,7281.0,7279.0,7280.75,5373
2026-05-05 23:45:00,7280.5,7283.5,7280.5,7282.25,7592
2026-05-05 23:50:00,7282.25,7283.5,7280.75,7281.5,6563
2026-05-05 23:55:00,7281.5,7281.5,7278.75,7279.5,7046
2026-05-06 00:00:00,7279.75,7283.0,7279.25,7282.25,6165
2026-05-06 00:05:00,7282.25,7284.75,7282.25,7284.0,6248
2026-05-06 00:10:00,7284.0,7285.25,7284.0,7284.0,3915
2026-05-06 00:15:00,7284.25,7285.5,7283.0,7285.25,5017
2026-05-06 00:20:00,7285.25,7288.0,7284.75,7286.5,7440
2026-05-06 00:25:00,7286.5,7287.5,7279.0,7285.25,11673
2026-05-06 00:30:00,7285.25,7285.5,7282.5,7284.0,6176
2026-05-06 00:35:00,7284.25,7286.0,7283.25,7283.5,4644
2026-05-06 00:40:00,7283.5,7284.5,7281.75,7283.5,5993
2026-05-06 00:45:00,7283.75,7286.75,7282.75,7285.5,5073
2026-05-06 00:50:00,7285.5,7286.0,7284.0,7284.5,3333
2026-05-06 00:55:00,7284.5,7286.0,7283.75,7284.0,4141
2026-05-06 01:00:00,7284.0,7285.0,7282.5,7284.25,4619
2026-05-06 01:05:00,7284.25,7284.75,7280.25,7281.5,5473
2026-05-06 01:10:00,7281.5,7282.75,7280.25,7281.75,4611
2026-05-06 01:15:00,7282.0,7285.75,7281.75,7285.0,6698
2026-05-06 01:20:00,7285.0,7286.0,7283.75,7285.0,5364
2026-05-06 01:25:00,7285.0,7288.0,7285.0,7287.75,4667
2026-05-06 01:30:00,7287.75,7289.0,7286.25,7287.5,6901
2026-05-06 01:35:00,7287.25,7289.5,7287.0,7287.5,4788
2026-05-06 01:40:00,7287.5,7288.5,7287.0,7287.5,3449
2026-05-06 01:45:00,7287.75,7288.75,7287.75,7288.0,2852
2026-05-06 01:50:00,7288.25,7291.25,7288.0,7290.25,7250
2026-05-06 01:55:00,7290.0,7291.5,7289.25,7289.25,5145
2026-05-06 02:00:00,7289.25,7291.0,7289.0,7291.0,3840
2026-05-06 02:05:00,7291.0,7292.75,7290.25,7291.5,7781
2026-05-06 02:10:00,7291.75,7295.75,7291.25,7295.5,7607
2026-05-06 02:15:00,7295.5,7296.25,7293.75,7294.0,6069
2026-05-06 02:20:00,7294.0,7295.75,7294.0,7294.0,5436
2026-05-06 02:25:00,7294.25,7295.75,7293.5,7293.75,4455
2026-05-06 02:30:00,7294.0,7294.5,7291.75,7291.75,6234
2026-05-06 02:35:00,7292.0,7293.25,7290.5,7290.5,3983
2026-05-06 02:40:00,7290.5,7292.25,7290.25,7291.75,5118
2026-05-06 02:45:00,7291.75,7293.75,7291.5,7293.0,4521
2026-05-06 02:50:00,7293.25,7294.0,7290.5,7292.0,5911
2026-05-06 02:55:00,7292.25,7293.0,7291.75,7292.75,4148
2026-05-06 03:00:00,7292.75,7294.5,7292.25,7294.25,6140
2026-05-06 03:05:00,7294.25,7296.75,7294.0,7296.75,6779
2026-05-06 03:10:00,7296.5,7299.5,7296.25,7296.75,10406
2026-05-06 03:15:00,7296.75,7298.25,7294.75,7298.0,8673
2026-05-06 03:20:00,7298.25,7299.0,7296.5,7298.75,6698
2026-05-06 03:25:00,7298.75,7299.75,7296.5,7296.5,8682
2026-05-06 03:30:00,7296.5,7298.5,7295.75,7296.25,7093
2026-05-06 03:35:00,7296.25,7297.75,7294.0,7297.0,8090
2026-05-06 03:40:00,7297.25,7297.5,7295.25,7297.0,7046
2026-05-06 03:45:00,7297.0,7297.5,7294.0,7294.0,7553
2026-05-06 03:50:00,7294.0,7294.0,7285.0,7286.75,44878
2026-05-06 03:55:00,7286.75,7288.25,7282.5,7287.0,71289
2026-05-06 04:00:00,7286.75,7289.5,7286.0,7289.0,17433
2026-05-06 04:05:00,7289.25,7290.25,7287.25,7288.25,4822
2026-05-06 04:10:00,7288.25,7290.75,7288.0,7290.25,3786
2026-05-06 04:15:00,7290.25,7295.25,7284.75,7293.75,7656
2026-05-06 04:20:00,7293.5,7298.25,7292.5,7297.75,4420
2026-05-06 04:25:00,7297.5,7304.25,7297.25,7302.0,7047
2026-05-06 04:30:00,7302.0,7302.0,7297.5,7299.25,4264
2026-05-06 04:35:00,7299.0,7300.5,7297.5,7297.5,1810
2026-05-06 04:40:00,7297.75,7297.75,7295.5,7295.5,2091
2026-05-06 04:45:00,7295.5,7295.5,7293.0,7293.0,1851
2026-05-06 04:50:00,7293.0,7294.75,7292.75,7294.0,994
2026-05-06 04:55:00,7293.75,7297.5,7293.5,7295.5,1883
2026-05-06 06:00:00,7300.5,7301.25,7294.5,7296.25,0
2026-05-06 06:05:00,7296.5,7298.0,7295.75,7296.5,1031
2026-05-06 06:10:00,7296.75,7296.75,7294.0,7294.75,675
2026-05-06 06:15:00,7295.0,7295.0,7293.5,7294.75,326
2026-05-06 06:20:00,7294.5,7296.5,7294.5,7296.5,440
2026-05-06 06:25:00,7296.5,7296.75,7295.0,7296.25,614
2026-05-06 06:30:00,7296.5,7298.0,7296.0,7297.0,619
2026-05-06 06:35:00,7297.0,7299.25,7296.5,7298.75,740
2026-05-06 06:40:00,7298.75,7300.0,7298.5,7299.0,416
2026-05-06 06:45:00,7299.0,7300.25,7298.5,7299.75,505
2026-05-06 06:50:00,7299.75,7320.0,7299.25,7313.5,10441
2026-05-06 06:55:00,7313.75,7319.0,7312.5,7316.75,5471
2026-05-06 07:00:00,7316.75,7319.0,7312.25,7316.0,2215
2026-05-06 07:05:00,7316.0,7317.0,7313.25,7315.75,1340
2026-05-06 07:10:00,7315.75,7319.0,7315.75,7318.75,1421
2026-05-06 07:15:00,7319.0,7319.25,7316.5,7317.0,1038
2026-05-06 07:20:00,7317.0,7318.5,7314.75,7314.75,1024
2026-05-06 07:25:00,7314.75,7315.5,7313.5,7313.75,1035
2026-05-06 07:30:00,7313.75,7316.5,7313.75,7316.0,1029
2026-05-06 07:35:00,7315.75,7316.5,7314.25,7315.0,520
2026-05-06 07:40:00,7315.0,7316.0,7313.75,7313.75,482
2026-05-06 07:45:00,7314.0,7315.5,7313.75,7315.0,607
2026-05-06 07:50:00,7315.0,7315.5,7313.75,7314.5,360
2026-05-06 07:55:00,7314.5,7315.25,7313.5,7314.25,393
2026-05-06 08:00:00,7314.25,7316.0,7311.75,7312.75,1430
2026-05-06 08:05:00,7313.0,7313.5,7307.75,7310.5,2640
2026-05-06 08:10:00,7310.75,7311.75,7308.25,7308.5,1261
2026-05-06 08:15:00,7308.5,7308.5,7304.25,7306.75,2100
2026-05-06 08:20:00,7307.0,7307.75,7303.25,7305.75,1380
2026-05-06 08:25:00,7305.75,7306.25,7301.0,7301.5,1533
2026-05-06 08:30:00,7301.25,7304.5,7300.75,7303.25,1036
2026-05-06 08:35:00,7303.25,7303.75,7302.25,7303.25,959
2026-05-06 08:40:00,7303.25,7305.0,7302.25,7302.75,808
2026-05-06 08:45:00,7302.75,7303.25,7299.25,7300.5,1050
2026-05-06 08:50:00,7300.75,7303.75,7300.75,7303.5,784
2026-05-06 08:55:00,7303.25,7304.0,7302.5,7303.5,651
2026-05-06 09:00:00,7303.25,7307.25,7302.75,7306.25,1346
2026-05-06 09:05:00,7306.25,7307.5,7306.0,7307.0,548
2026-05-06 09:10:00,7307.25,7307.5,7305.75,7306.5,530
2026-05-06 09:15:00,7306.75,7308.25,7305.0,7307.5,754
2026-05-06 09:20:00,7307.5,7308.5,7306.75,7308.0,529
2026-05-06 09:25:00,7308.0,7308.25,7304.75,7305.5,746
2026-05-06 09:30:00,7305.5,7307.25,7303.75,7305.5,694
2026-05-06 09:35:00,7305.75,7306.25,7304.5,7305.75,439
2026-05-06 09:40:00,7305.75,7308.25,7305.75,7308.0,790
2026-05-06 09:45:00,7308.0,7310.25,7308.0,7308.75,936
2026-05-06 09:50:00,7308.75,7309.25,7306.75,7307.0,623
2026-05-06 09:55:00,7307.0,7308.0,7305.5,7307.75,472
2026-05-06 10:00:00,7307.75,7308.25,7306.0,7306.0,643
2026-05-06 10:05:00,7305.75,7307.0,7304.0,7306.75,686
2026-05-06 10:10:00,7306.75,7307.25,7306.0,7306.5,668
2026-05-06 10:15:00,7306.5,7308.0,7306.25,7307.25,404
2026-05-06 10:20:00,7307.0,7308.25,7306.0,7307.0,475
2026-05-06 10:25:00,7306.75,7307.0,7303.75,7304.25,647
2026-05-06 10:30:00,7304.0,7305.5,7304.0,7305.5,417
2026-05-06 10:35:00,7305.25,7305.5,7302.5,7303.0,714
2026-05-06 10:40:00,7303.0,7303.75,7302.5,7303.75,483
2026-05-06 10:45:00,7303.5,7304.75,7303.25,7304.5,374
2026-05-06 10:50:00,7304.25,7304.75,7303.75,7304.0,273
2026-05-06 10:55:00,7304.0,7305.25,7303.75,7304.25,423
2026-05-06 11:00:00,7304.25,7305.5,7303.75,7304.25,568
2026-05-06 11:05:00,7304.0,7304.5,7303.25,7303.75,387
2026-05-06 11:10:00,7304.0,7307.25,7303.75,7306.5,599
2026-05-06 11:15:00,7306.5,7307.25,7305.75,7305.75,544
2026-05-06 11:20:00,7306.0,7306.5,7305.25,7306.5,362
2026-05-06 11:25:00,7306.5,7308.5,7306.5,7308.0,498
2026-05-06 11:30:00,7308.25,7309.5,7308.0,7308.75,470
2026-05-06 11:35:00,7308.75,7311.0,7308.75,7310.5,588
2026-05-06 11:40:00,7310.5,7310.75,7308.75,7309.0,323
2026-05-06 11:45:00,7309.0,7309.25,7306.75,7307.0,372
2026-05-06 11:50:00,7307.0,7308.75,7306.75,7307.5,353
2026-05-06 11:55:00,7307.5,7308.25,7307.5,7307.75,190
2026-05-06 12:05:00,7308.25,7308.5,7308.0,7308.25,575
2026-05-06 12:10:00,7308.0,7308.5,7306.75,7308.0,367
2026-05-06 12:15:00,7308.0,7308.5,7307.75,7308.0,191
2026-05-06 12:20:00,7308.0,7308.75,7307.5,7308.25,206
2026-05-06 12:25:00,7308.25,7310.0,7307.5,7309.0,544
2026-05-06 12:30:00,7309.25,7310.0,7308.0,7308.25,390
2026-05-06 12:35:00,7308.5,7309.0,7307.0,7308.0,718
2026-05-06 12:40:00,7308.0,7308.25,7306.5,7308.0,371
2026-05-06 12:45:00,7308.25,7310.0,7308.0,7309.5,373
2026-05-06 12:50:00,7309.5,7310.25,7308.75,7309.25,545
2026-05-06 12:55:00,7309.25,7310.25,7308.75,7308.75,282
2026-05-06 13:00:00,7308.5,7309.0,7307.25,7308.75,465
2026-05-06 13:05:00,7308.75,7310.0,7308.5,7309.75,336
2026-05-06 13:10:00,7309.75,7310.5,7308.75,7309.25,497
2026-05-06 13:15:00,7309.0,7309.25,7307.0,7308.0,693
2026-05-06 13:20:00,7308.25,7308.5,7307.0,7308.25,356
2026-05-06 13:25:00,7308.25,7310.0,7308.25,7309.0,440
2026-05-06 13:30:00,7309.25,7309.5,7307.75,7308.75,640
2026-05-06 13:35:00,7308.75,7308.75,7307.25,7308.0,421
2026-05-06 13:40:00,7307.75,7309.0,7307.25,7308.5,380
2026-05-06 13:45:00,7308.75,7310.25,7308.75,7309.75,357
2026-05-06 13:50:00,7309.75,7310.5,7309.75,7310.0,311
2026-05-06 13:55:00,7309.75,7312.75,7309.75,7311.5,1187
2026-05-06 14:00:00,7311.5,7314.75,7311.25,7313.0,1641
2026-05-06 14:05:00,7313.25,7313.25,7310.0,7310.5,1032
2026-05-06 14:10:00,7310.5,7311.0,7309.25,7310.25,829
2026-05-06 14:15:00,7310.25,7310.75,7308.75,7309.0,580
2026-05-06 14:20:00,7308.75,7311.25,7308.25,7311.0,939
2026-05-06 14:25:00,7311.0,7311.0,7309.25,7309.25,714
2026-05-06 14:30:00,7309.5,7310.0,7307.25,7308.5,1120
2026-05-06 14:35:00,7308.5,7310.75,7308.25,7310.75,868
2026-05-06 14:40:00,7310.75,7311.0,7303.75,7308.5,3649
2026-05-06 14:45:00,7308.5,7309.5,7307.5,7307.75,600
2026-05-06 14:50:00,7307.5,7308.0,7306.0,7307.5,503
2026-05-06 14:55:00,7307.5,7309.75,7307.25,7309.75,938
2026-05-06 15:00:00,7309.75,7311.0,7307.25,7310.25,2225
2026-05-06 15:05:00,7310.25,7311.5,7309.0,7310.0,2204
2026-05-06 15:10:00,7310.0,7310.25,7306.75,7307.5,1552
2026-05-06 15:15:00,7307.25,7309.0,7307.25,7308.25,1160
2026-05-06 15:20:00,7308.25,7309.75,7307.0,7308.75,1046
2026-05-06 15:25:00,7308.75,7309.5,7307.25,7308.75,941
2026-05-06 15:30:00,7308.75,7309.0,7306.5,7308.75,1122
2026-05-06 15:35:00,7308.75,7309.25,7307.75,7307.75,764
2026-05-06 15:40:00,7307.75,7308.75,7307.25,7308.75,823
2026-05-06 15:45:00,7308.75,7311.75,7308.0,7310.25,1708
2026-05-06 15:50:00,7310.25,7310.75,7308.5,7309.25,1224
2026-05-06 15:55:00,7309.25,7310.75,7308.25,7310.75,1317
2026-05-06 16:00:00,7311.0,7312.25,7308.0,7308.5,2459
2026-05-06 16:05:00,7308.75,7311.0,7308.0,7309.25,2115
2026-05-06 16:10:00,7309.25,7311.5,7307.75,7308.75,2642
2026-05-06 16:15:00,7308.5,7308.75,7307.0,7307.0,1009
2026-05-06 16:20:00,7306.75,7307.0,7305.5,7307.0,1234
2026-05-06 16:25:00,7307.0,7307.75,7306.0,7306.75,1034
2026-05-06 16:30:00,7307.0,7308.75,7306.25,7308.25,1454
2026-05-06 16:35:00,7308.25,7310.0,7308.25,7309.0,1021
2026-05-06 16:40:00,7309.0,7310.75,7308.75,7309.75,991
2026-05-06 16:45:00,7310.0,7312.5,7309.75,7311.5,1369
2026-05-06 16:50:00,7311.25,7336.25,7311.25,7333.5,22723
2026-05-06 16:55:00,7333.5,7343.25,7333.0,7335.25,10192
2026-05-06 17:00:00,7335.25,7339.75,7325.25,7326.25,5319
2026-05-06 17:05:00,7326.25,7326.75,7323.0,7323.25,2446
2026-05-06 17:10:00,7323.5,7330.0,7323.0,7329.75,3310
2026-05-06 17:15:00,7330.0,7335.0,7329.5,7334.25,3345
2026-05-06 17:20:00,7334.25,7336.25,7331.0,7332.25,3119
2026-05-06 17:25:00,7332.25,7333.75,7330.5,7333.0,1720
2026-05-06 17:30:00,7332.75,7341.0,7331.25,7339.5,4806
2026-05-06 17:35:00,7339.75,7340.75,7337.5,7340.0,2678
2026-05-06 17:40:00,7340.0,7341.75,7338.25,7340.0,2551
2026-05-06 17:45:00,7340.0,7340.25,7336.75,7339.75,2370
2026-05-06 17:50:00,7339.5,7341.75,7337.0,7341.0,2038
2026-05-06 17:55:00,7341.25,7343.0,7341.0,7341.75,2030
2026-05-06 18:00:00,7341.75,7347.75,7340.5,7344.0,5618
2026-05-06 18:05:00,7344.0,7344.75,7340.75,7342.25,2057
2026-05-06 18:10:00,7342.0,7343.75,7341.5,7342.25,1507
2026-05-06 18:15:00,7342.25,7348.25,7341.75,7348.0,2508
2026-05-06 18:20:00,7347.75,7349.5,7346.75,7347.0,3974
2026-05-06 18:25:00,7347.0,7352.75,7346.5,7350.5,4786
2026-05-06 18:30:00,7350.5,7353.25,7350.0,7352.25,3075
2026-05-06 18:35:00,7352.25,7353.75,7350.25,7352.25,2700
2026-05-06 18:40:00,7352.0,7358.5,7352.0,7357.25,5927
2026-05-06 18:45:00,7357.25,7359.5,7351.25,7354.75,6923
2026-05-06 18:50:00,7354.5,7363.75,7353.25,7360.75,6158
2026-05-06 18:55:00,7361.0,7362.5,7356.75,7358.0,4524
2026-05-06 19:00:00,7357.75,7364.5,7355.5,7360.75,5786
2026-05-06 19:05:00,7361.0,7364.75,7361.0,7362.75,3261
2026-05-06 19:10:00,7362.5,7366.25,7359.0,7362.0,4826
2026-05-06 19:15:00,7361.75,7363.75,7360.5,7361.0,3487
2026-05-06 19:20:00,7361.0,7361.25,7357.25,7358.5,4347
2026-05-06 19:25:00,7358.75,7359.25,7356.0,7356.5,2732
2026-05-06 19:30:00,7356.75,7357.5,7352.5,7355.5,3919
2026-05-06 19:35:00,7355.5,7360.75,7355.0,7359.5,3733
2026-05-06 19:40:00,7359.75,7360.25,7350.0,7350.25,8940
2026-05-06 19:45:00,7350.5,7351.5,7345.0,7346.5,7504
2026-05-06 19:50:00,7346.5,7352.0,7345.75,7350.75,4154
2026-05-06 19:55:00,7351.0,7351.5,7345.75,7348.0,3996
2026-05-06 20:00:00,7348.25,7348.75,7340.25,7342.5,4997
2026-05-06 20:05:00,7342.5,7343.75,7336.75,7341.0,7497
2026-05-06 20:10:00,7340.75,7346.25,7331.75,7333.5,7273
2026-05-06 20:15:00,7333.5,7339.75,7326.5,7338.25,8249
2026-05-06 20:20:00,7338.0,7345.75,7337.0,7343.25,5067
2026-05-06 20:25:00,7343.25,7345.25,7341.75,7343.0,2439
2026-05-06 20:30:00,7343.0,7344.25,7339.0,7341.5,3969
2026-05-06 20:35:00,7341.75,7343.75,7339.75,7342.75,2757
2026-05-06 20:40:00,7342.5,7343.0,7338.75,7340.0,3510
2026-05-06 20:45:00,7340.25,7342.75,7337.0,7338.75,2800
2026-05-06 20:50:00,7338.75,7340.75,7335.5,7335.75,2562
2026-05-06 20:55:00,7335.75,7339.75,7334.75,7338.5,2604
2026-05-06 21:00:00,7338.5,7339.25,7331.5,7334.75,5795
2026-05-06 21:05:00,7335.0,7336.75,7328.5,7331.75,10449
2026-05-06 21:10:00,7331.5,7335.75,7330.5,7334.75,5309
2026-05-06 21:15:00,7334.75,7338.0,7331.0,7332.75,5939
2026-05-06 21:20:00,7333.0,7334.75,7330.5,7332.5,3646
2026-05-06 21:25:00,7332.5,7334.0,7329.75,7331.25,7672
2026-05-06 21:30:00,7331.0,7341.0,7327.25,7340.75,37357
2026-05-06 21:35:00,7341.0,7345.0,7339.25,7340.0,24443
2026-05-06 21:40:00,7340.25,7341.75,7337.5,7340.75,17877
2026-05-06 21:45:00,7341.0,7344.5,7338.5,7340.25,21608
2026-05-06 21:50:00,7340.25,7347.0,7331.5,7346.0,27431
2026-05-06 21:55:00,7346.0,7347.5,7340.75,7346.0,17170
2026-05-06 22:00:00,7346.0,7349.5,7342.75,7343.5,19925
2026-05-06 22:05:00,7343.5,7347.75,7336.25,7347.0,28373
2026-05-06 22:10:00,7347.0,7352.0,7346.5,7350.25,20286
2026-05-06 22:15:00,7350.25,7352.0,7345.0,7347.0,23449
2026-05-06 22:20:00,7347.0,7352.5,7346.5,7352.0,15355
2026-05-06 22:25:00,7352.0,7356.5,7349.5,7350.0,20274
2026-05-06 22:30:00,7350.0,7359.5,7349.75,7359.25,19106
2026-05-06 22:35:00,7359.25,7362.75,7358.5,7362.0,15593
2026-05-06 22:40:00,7362.25,7369.5,7361.75,7368.25,30913
2026-05-06 22:45:00,7368.25,7370.0,7364.5,7367.25,22393
2026-05-06 22:50:00,7367.5,7369.25,7366.0,7369.0,13236
2026-05-06 22:55:00,7369.0,7372.0,7368.75,7371.25,13700
2026-05-06 23:00:00,7371.5,7374.75,7370.5,7373.25,16702
2026-05-06 23:05:00,7373.25,7375.0,7367.75,7368.5,15671
2026-05-06 23:10:00,7368.5,7371.75,7363.75,7367.0,18913
2026-05-06 23:15:00,7367.0,7372.0,7365.0,7371.75,15247
2026-05-06 23:20:00,7371.75,7373.5,7371.0,7372.0,12511
2026-05-06 23:25:00,7372.0,7372.75,7369.5,7370.0,10437
2026-05-06 23:30:00,7370.0,7371.0,7367.5,7369.25,14399
2026-05-06 23:35:00,7369.25,7370.0,7364.0,7364.25,11475
2026-05-06 23:40:00,7364.25,7366.75,7358.75,7362.75,24588
2026-05-06 23:45:00,7362.75,7366.75,7361.25,7364.75,14311
2026-05-06 23:50:00,7365.0,7367.25,7362.75,7367.0,8562
2026-05-06 23:55:00,7367.0,7368.5,7365.25,7365.75,7381
2026-05-07 00:00:00,7365.75,7368.5,7364.0,7367.5,8459
2026-05-07 00:05:00,7367.5,7369.0,7364.75,7365.75,6615
2026-05-07 00:10:00,7365.75,7369.25,7365.25,7368.5,5596
2026-05-07 00:15:00,7368.5,7369.5,7367.5,7367.75,5792
2026-05-07 00:20:00,7367.5,7368.75,7366.75,7368.0,4345
2026-05-07 00:25:00,7368.0,7369.75,7366.25,7367.0,5276
2026-05-07 00:30:00,7366.75,7367.75,7365.75,7367.0,5035
2026-05-07 00:35:00,7366.75,7367.0,7364.0,7366.0,5469
2026-05-07 00:40:00,7366.0,7367.5,7364.75,7365.25,4351
2026-05-07 00:45:00,7365.5,7365.75,7360.75,7362.75,8614
2026-05-07 00:50:00,7362.75,7363.5,7357.75,7358.25,11137
2026-05-07 00:55:00,7358.25,7362.25,7354.5,7359.0,16397
2026-05-07 01:00:00,7359.25,7362.0,7355.5,7362.0,9550
2026-05-07 01:05:00,7362.0,7365.25,7361.25,7364.0,6359
2026-05-07 01:10:00,7364.0,7366.75,7363.25,7364.5,8350
2026-05-07 01:15:00,7364.5,7366.0,7363.0,7365.0,5179
2026-05-07 01:20:00,7365.0,7367.75,7364.5,7365.75,5361
2026-05-07 01:25:00,7366.0,7366.75,7364.5,7366.0,4144
2026-05-07 01:30:00,7366.0,7368.25,7365.75,7366.75,4059
2026-05-07 01:35:00,7366.75,7368.75,7365.75,7365.75,4365
2026-05-07 01:40:00,7366.0,7368.25,7364.75,7368.25,5293
2026-05-07 01:45:00,7368.25,7369.5,7367.5,7368.0,3827
2026-05-07 01:50:00,7368.0,7370.0,7367.25,7369.25,3795
2026-05-07 01:55:00,7369.25,7371.0,7368.75,7371.0,4111
2026-05-07 02:00:00,7371.0,7372.75,7369.75,7371.75,9752
2026-05-07 02:05:00,7371.75,7375.0,7371.5,7374.75,9393
2026-05-07 02:10:00,7374.75,7375.5,7373.0,7374.5,8748
2026-05-07 02:15:00,7374.75,7380.0,7374.5,7378.5,13369
2026-05-07 02:20:00,7378.75,7381.75,7378.25,7380.5,9915
2026-05-07 02:25:00,7380.5,7381.25,7379.25,7380.0,7600
2026-05-07 02:30:00,7380.25,7382.0,7378.5,7382.0,7419
2026-05-07 02:35:00,7381.75,7384.5,7380.75,7381.75,9621
2026-05-07 02:40:00,7381.75,7382.0,7379.75,7379.75,6543
2026-05-07 02:45:00,7380.0,7381.25,7377.25,7378.0,8415
2026-05-07 02:50:00,7378.0,7380.75,7376.75,7380.25,8379
2026-05-07 02:55:00,7380.25,7381.25,7379.25,7379.25,7564
2026-05-07 03:00:00,7379.25,7384.25,7379.0,7383.0,11404
2026-05-07 03:05:00,7383.25,7387.25,7382.25,7385.25,11069
2026-05-07 03:10:00,7385.25,7388.0,7385.0,7387.5,9424
2026-05-07 03:15:00,7387.25,7388.5,7385.75,7387.75,9651
2026-05-07 03:20:00,7388.0,7390.0,7387.0,7388.25,9859
2026-05-07 03:25:00,7388.5,7389.5,7386.0,7388.5,10617
2026-05-07 03:30:00,7388.25,7388.5,7385.25,7386.25,10168
2026-05-07 03:35:00,7386.25,7390.0,7385.75,7389.5,9179
2026-05-07 03:40:00,7389.5,7390.0,7386.5,7386.75,10154
2026-05-07 03:45:00,7386.75,7389.75,7385.75,7386.75,11689
2026-05-07 03:50:00,7386.5,7395.75,7386.5,7394.5,44484
2026-05-07 03:55:00,7394.25,7395.75,7386.5,7387.0,101768
2026-05-07 04:00:00,7387.0,7391.25,7385.0,7388.5,34587
2026-05-07 04:05:00,7388.75,7391.5,7388.25,7389.0,9770
2026-05-07 04:10:00,7389.25,7395.75,7385.75,7394.0,8017
2026-05-07 04:15:00,7394.25,7394.75,7391.5,7391.75,3659
2026-05-07 04:20:00,7392.0,7393.5,7390.0,7391.0,2432
2026-05-07 04:25:00,7391.0,7394.0,7390.75,7392.75,1859
2026-05-07 04:30:00,7392.75,7393.0,7387.75,7388.5,2256
2026-05-07 04:35:00,7388.5,7389.25,7387.25,7387.75,1780
2026-05-07 04:40:00,7387.5,7388.5,7387.0,7387.75,1541
2026-05-07 04:45:00,7387.75,7387.75,7385.0,7386.0,1980
2026-05-07 04:50:00,7386.0,7386.5,7384.5,7385.25,2102
2026-05-07 04:55:00,7385.25,7387.75,7384.5,7386.75,2171
2026-05-07 06:00:00,7380.5,7383.75,7378.75,7381.25,0
2026-05-07 06:05:00,7381.25,7381.75,7378.5,7380.5,758
2026-05-07 06:10:00,7380.75,7381.5,7379.5,7380.5,597
2026-05-07 06:15:00,7380.25,7382.5,7380.0,7382.0,402
2026-05-07 06:20:00,7381.75,7382.75,7378.75,7379.75,628
2026-05-07 06:25:00,7379.75,7380.75,7377.0,7377.5,847
2026-05-07 06:30:00,7377.5,7380.0,7377.0,7379.25,507
2026-05-07 06:35:00,7379.5,7379.5,7378.0,7378.0,276
2026-05-07 06:40:00,7378.0,7379.75,7378.0,7379.75,274
2026-05-07 06:45:00,7379.5,7379.75,7378.5,7379.5,251
2026-05-07 06:50:00,7379.5,7380.25,7378.75,7378.75,366
2026-05-07 06:55:00,7378.75,7378.75,7378.0,7378.75,212
2026-05-07 07:00:00,7378.75,7380.0,7378.0,7379.0,272
2026-05-07 07:05:00,7379.25,7380.0,7378.5,7379.75,237
2026-05-07 07:10:00,7379.75,7381.5,7379.75,7380.25,525
2026-05-07 07:15:00,7380.25,7381.25,7378.75,7381.25,439
2026-05-07 07:20:00,7381.25,7381.75,7380.5,7380.75,215
2026-05-07 07:25:00,7380.75,7380.75,7379.25,7379.75,225
2026-05-07 07:30:00,7379.75,7380.25,7378.25,7379.25,354
2026-05-07 07:35:00,7379.25,7379.75,7378.5,7378.5,115
2026-05-07 07:40:00,7378.5,7380.5,7378.25,7380.0,308
2026-05-07 07:45:00,7380.0,7382.5,7378.0,7378.5,835
2026-05-07 07:50:00,7378.75,7380.5,7377.5,7380.5,752
2026-05-07 07:55:00,7380.5,7381.25,7379.25,7379.75,372
2026-05-07 08:00:00,7379.75,7384.0,7379.25,7380.75,1166
2026-05-07 08:05:00,7381.0,7383.75,7378.75,7381.25,950
2026-05-07 08:10:00,7381.25,7385.0,7381.0,7383.0,1128
2026-05-07 08:15:00,7383.0,7383.75,7379.25,7380.5,1120
2026-05-07 08:20:00,7380.5,7381.0,7379.0,7379.75,705
2026-05-07 08:25:00,7379.5,7380.75,7378.5,7380.25,885
2026-05-07 08:30:00,7380.25,7381.5,7379.25,7381.0,674
2026-05-07 08:35:00,7381.0,7382.75,7380.75,7382.5,635
2026-05-07 08:40:00,7382.75,7383.0,7380.0,7382.75,961
2026-05-07 08:45:00,7382.75,7385.25,7382.0,7384.25,1015
2026-05-07 08:50:00,7384.5,7385.0,7383.5,7384.0,546
2026-05-07 08:55:00,7383.75,7385.5,7383.5,7384.75,607
2026-05-07 09:00:00,7384.75,7385.25,7381.0,7381.75,1285
2026-05-07 09:05:00,7381.75,7383.5,7381.25,7382.25,674
2026-05-07 09:10:00,7382.25,7385.75,7382.0,7384.75,770
2026-05-07 09:15:00,7384.75,7386.0,7384.5,7385.5,577
2026-05-07 09:20:00,7385.75,7386.25,7384.75,7386.0,321
2026-05-07 09:25:00,7385.75,7386.5,7384.75,7386.0,438
2026-05-07 09:30:00,7385.75,7387.0,7385.75,7386.25,561
2026-05-07 09:35:00,7386.25,7388.5,7386.0,7388.5,726
2026-05-07 09:40:00,7388.75,7389.5,7387.5,7389.0,808
2026-05-07 09:45:00,7389.0,7392.25,7388.75,7391.5,1032
2026-05-07 09:50:00,7391.5,7393.0,7390.75,7390.75,796
2026-05-07 09:55:00,7391.0,7392.0,7389.75,7390.25,697
2026-05-07 10:00:00,7390.25,7391.25,7388.75,7389.25,775
2026-05-07 10:05:00,7389.25,7391.0,7389.25,7389.25,339
2026-05-07 10:10:00,7389.25,7389.5,7383.25,7383.75,1495
2026-05-07 10:15:00,7383.5,7385.75,7383.5,7385.25,624
2026-05-07 10:20:00,7385.25,7385.75,7384.0,7385.25,552
2026-05-07 10:25:00,7385.5,7388.25,7385.5,7388.0,786
2026-05-07 10:30:00,7388.25,7389.5,7386.0,7388.0,571
2026-05-07 10:35:00,7387.75,7388.25,7386.0,7386.0,552
2026-05-07 10:40:00,7386.0,7386.75,7385.5,7386.5,316
2026-05-07 10:45:00,7386.25,7388.25,7386.25,7388.0,371
2026-05-07 10:50:00,7388.0,7388.75,7387.0,7388.0,433
2026-05-07 10:55:00,7388.25,7389.5,7387.75,7388.5,329
2026-05-07 11:00:00,7388.5,7388.5,7386.75,7387.75,473
2026-05-07 11:05:00,7387.75,7388.5,7387.25,7388.0,285
2026-05-07 11:10:00,7388.25,7388.75,7387.25,7387.75,358
2026-05-07 11:15:00,7387.75,7390.5,7387.75,7390.5,346
2026-05-07 11:20:00,7390.5,7390.5,7387.0,7388.25,591
2026-05-07 11:25:00,7388.25,7390.75,7388.0,7389.5,585
2026-05-07 11:30:00,7389.5,7390.75,7389.5,7390.5,332
2026-05-07 11:35:00,7390.5,7391.5,7390.25,7390.75,371
2026-05-07 11:40:00,7390.75,7391.5,7390.75,7391.25,292
2026-05-07 11:45:00,7391.25,7391.5,7390.25,7390.5,420
2026-05-07 11:50:00,7390.75,7392.0,7390.25,7391.75,272
2026-05-07 11:55:00,7392.0,7392.0,7390.75,7390.75,295
2026-05-07 12:05:00,7391.0,7391.0,7390.75,7391.0,916
2026-05-07 12:10:00,7391.0,7392.25,7391.0,7391.75,432
2026-05-07 12:15:00,7391.75,7394.0,7391.75,7393.5,658
2026-05-07 12:20:00,7393.5,7393.75,7392.5,7393.5,269
2026-05-07 12:25:00,7393.5,7394.25,7392.75,7393.25,381
2026-05-07 12:30:00,7393.5,7394.0,7392.5,7393.0,312
2026-05-07 12:35:00,7392.5,7393.0,7391.75,7392.5,429
2026-05-07 12:40:00,7392.5,7393.25,7392.5,7392.75,307
2026-05-07 12:45:00,7392.75,7394.0,7392.0,7393.75,347
2026-05-07 12:50:00,7393.75,7394.5,7393.25,7393.75,499
2026-05-07 12:55:00,7393.5,7394.25,7393.25,7393.5,450
2026-05-07 13:00:00,7393.25,7395.0,7393.0,7394.75,645
2026-05-07 13:05:00,7394.5,7394.5,7392.25,7392.25,566
2026-05-07 13:10:00,7392.25,7394.25,7392.25,7394.25,454
2026-05-07 13:15:00,7394.25,7394.5,7393.0,7393.0,396
2026-05-07 13:20:00,7393.0,7393.25,7392.0,7392.75,404
2026-05-07 13:25:00,7392.75,7392.75,7392.0,7392.75,308
2026-05-07 13:30:00,7392.75,7394.5,7392.75,7393.25,513
2026-05-07 13:35:00,7393.5,7395.0,7393.25,7394.5,467
2026-05-07 13:40:00,7394.75,7395.75,7394.5,7394.75,999
2026-05-07 13:45:00,7394.75,7395.25,7393.75,7394.0,430
2026-05-07 13:50:00,7394.25,7395.0,7393.5,7394.25,429
2026-05-07 13:55:00,7394.0,7394.75,7393.5,7394.0,375
2026-05-07 14:00:00,7393.75,7395.75,7393.0,7393.25,898
2026-05-07 14:05:00,7393.5,7393.5,7390.75,7392.25,834
2026-05-07 14:10:00,7392.25,7392.75,7390.75,7390.75,665
2026-05-07 14:15:00,7390.75,7393.75,7390.25,7393.5,794
2026-05-07 14:20:00,7393.5,7394.75,7393.0,7394.5,566
2026-05-07 14:25:00,7394.5,7395.75,7393.75,7394.0,935
2026-05-07 14:30:00,7394.0,7396.75,7393.0,7396.75,1266
2026-05-07 14:35:00,7396.75,7398.5,7396.25,7397.25,1149
2026-05-07 14:40:00,7397.25,7403.0,7397.0,7401.5,2631
2026-05-07 14:45:00,7401.25,7401.5,7396.75,7397.5,1164
2026-05-07 14:50:00,7397.75,7400.5,7397.75,7399.75,682
2026-05-07 14:55:00,7399.5,7400.5,7398.75,7399.5,748
2026-05-07 15:00:00,7399.25,7399.5,7395.5,7397.75,1669
2026-05-07 15:05:00,7398.0,7407.25,7397.0,7403.5,4867
2026-05-07 15:10:00,7403.75,7409.5,7402.75,7409.25,5287
2026-05-07 15:15:00,7409.5,7410.5,7400.0,7402.5,3891
2026-05-07 15:20:00,7402.5,7404.0,7401.75,7402.75,1730
2026-05-07 15:25:00,7403.0,7403.5,7400.5,7401.75,2923
2026-05-07 15:30:00,7402.0,7405.75,7401.25,7405.25,1447
2026-05-07 15:35:00,7405.0,7405.5,7403.25,7404.25,1591
2026-05-07 15:40:00,7404.0,7405.0,7402.25,7403.5,1546
2026-05-07 15:45:00,7403.5,7403.75,7400.0,7401.5,1125
2026-05-07 15:50:00,7401.5,7402.75,7399.0,7399.75,811
2026-05-07 15:55:00,7399.75,7403.0,7399.75,7402.0,737
2026-05-07 16:00:00,7402.0,7408.5,7402.0,7408.0,2064
2026-05-07 16:05:00,7407.75,7408.0,7402.5,7404.0,2363
2026-05-07 16:10:00,7404.0,7404.0,7400.25,7402.25,1815
2026-05-07 16:15:00,7402.25,7402.5,7396.25,7399.75,2177
2026-05-07 16:20:00,7399.5,7401.25,7399.0,7400.25,1357
2026-05-07 16:25:00,7400.5,7400.5,7394.25,7398.25,3644
2026-05-07 16:30:00,7398.25,7399.5,7396.25,7396.75,1195
2026-05-07 16:35:00,7396.75,7400.0,7396.5,7398.75,1526
2026-05-07 16:40:00,7398.75,7398.75,7396.0,7396.5,1775
2026-05-07 16:45:00,7396.25,7397.0,7394.25,7395.75,1264
2026-05-07 16:50:00,7395.75,7399.25,7395.0,7398.25,1150
2026-05-07 16:55:00,7398.25,7398.25,7393.75,7395.25,1267
2026-05-07 17:00:00,7395.25,7396.25,7393.0,7394.5,1162
2026-05-07 17:05:00,7394.5,7395.25,7392.25,7394.75,1330
2026-05-07 17:10:00,7395.0,7396.25,7394.0,7395.0,1074
2026-05-07 17:15:00,7395.25,7399.0,7395.25,7398.25,1569
2026-05-07 17:20:00,7398.25,7399.5,7396.5,7396.75,1492
2026-05-07 17:25:00,7396.75,7397.0,7395.25,7396.5,800
2026-05-07 17:30:00,7396.5,7397.75,7395.5,7397.75,916
2026-05-07 17:35:00,7397.75,7398.25,7395.5,7395.75,954
2026-05-07 17:40:00,7395.75,7398.0,7395.25,7395.75,855
2026-05-07 17:45:00,7395.75,7399.5,7395.25,7398.75,946
2026-05-07 17:50:00,7399.0,7399.25,7392.0,7393.0,1750
2026-05-07 17:55:00,7392.75,7394.25,7392.0,7394.0,1084
2026-05-07 18:00:00,7393.75,7394.75,7391.0,7391.5,1572
2026-05-07 18:05:00,7391.75,7393.0,7391.0,7392.0,1252
2026-05-07 18:10:00,7392.0,7393.75,7389.75,7393.25,1452
2026-05-07 18:15:00,7393.25,7394.0,7391.75,7391.75,639
2026-05-07 18:20:00,7391.75,7396.75,7391.5,7396.0,1048
2026-05-07 18:25:00,7396.25,7396.75,7393.0,7395.0,932
2026-05-07 18:30:00,7395.25,7396.5,7393.75,7395.25,1849
2026-05-07 18:35:00,7395.0,7396.75,7394.25,7396.75,823
2026-05-07 18:40:00,7396.75,7398.75,7396.25,7398.25,1180
2026-05-07 18:45:00,7398.0,7398.5,7396.75,7397.25,674
2026-05-07 18:50:00,7397.25,7397.75,7396.0,7396.0,718
2026-05-07 18:55:00,7396.0,7397.0,7394.75,7395.25,1109
2026-05-07 19:00:00,7395.5,7398.5,7395.25,7398.0,2299
2026-05-07 19:05:00,7398.0,7399.0,7395.75,7397.75,1446
2026-05-07 19:10:00,7397.75,7398.25,7396.5,7396.5,1258
2026-05-07 19:15:00,7396.5,7397.0,7393.25,7393.75,2499
2026-05-07 19:20:00,7394.0,7396.0,7393.0,7395.5,2139
2026-05-07 19:25:00,7395.75,7395.75,7393.5,7393.75,1537
2026-05-07 19:30:00,7393.75,7396.0,7392.75,7395.75,1814
2026-05-07 19:35:00,7395.75,7398.25,7395.75,7397.0,1461
2026-05-07 19:40:00,7397.0,7398.25,7396.0,7396.0,1409
2026-05-07 19:45:00,7396.0,7397.0,7393.25,7394.0,1510
2026-05-07 19:50:00,7393.75,7397.0,7393.75,7396.75,1030
2026-05-07 19:55:00,7397.0,7397.75,7395.75,7396.75,991
2026-05-07 20:00:00,7396.5,7397.75,7395.25,7396.75,1193
2026-05-07 20:05:00,7396.5,7399.5,7396.0,7399.5,1498
2026-05-07 20:10:00,7399.75,7402.25,7399.5,7401.5,2682
2026-05-07 20:15:00,7401.5,7402.0,7399.0,7399.5,1607
2026-05-07 20:20:00,7399.25,7400.5,7396.75,7397.75,2233
2026-05-07 20:25:00,7398.0,7400.75,7397.5,7400.5,1395
2026-05-07 20:30:00,7400.5,7402.0,7398.75,7401.75,2334
2026-05-07 20:35:00,7401.75,7402.75,7400.75,7402.25,1974
2026-05-07 20:40:00,7402.25,7402.75,7400.25,7401.75,2121
2026-05-07 20:45:00,7402.0,7402.75,7400.5,7402.75,1471
2026-05-07 20:50:00,7402.75,7402.75,7399.5,7399.5,2412
2026-05-07 20:55:00,7399.5,7402.0,7398.5,7401.75,1896
2026-05-07 21:00:00,7402.0,7402.0,7396.5,7398.25,3819
2026-05-07 21:05:00,7398.25,7398.75,7396.0,7397.25,2023
2026-05-07 21:10:00,7397.0,7398.25,7395.75,7397.25,1957
2026-05-07 21:15:00,7397.5,7402.0,7397.5,7401.75,3160
2026-05-07 21:20:00,7401.75,7402.0,7399.5,7400.25,4174
2026-05-07 21:25:00,7400.25,7400.25,7397.5,7399.25,5159
2026-05-07 21:30:00,7399.25,7400.25,7393.25,7394.0,27883
2026-05-07 21:35:00,7394.0,7395.0,7391.0,7393.75,23789
2026-05-07 21:40:00,7393.75,7394.5,7390.0,7391.0,18844
2026-05-07 21:45:00,7391.0,7393.0,7384.25,7385.25,27366
2026-05-07 21:50:00,7385.25,7389.0,7383.75,7388.75,20613
2026-05-07 21:55:00,7388.75,7391.5,7385.25,7387.75,18841
2026-05-07 22:00:00,7387.75,7394.25,7387.25,7393.75,19430
2026-05-07 22:05:00,7393.75,7397.5,7392.0,7395.25,17072
2026-05-07 22:10:00,7395.5,7396.75,7393.0,7393.25,14083
2026-05-07 22:15:00,7393.25,7396.0,7389.0,7394.0,22735
2026-05-07 22:20:00,7394.0,7398.75,7393.5,7394.5,15543
2026-05-07 22:25:00,7394.5,7397.5,7393.5,7393.75,11215
2026-05-07 22:30:00,7394.0,7396.75,7393.0,7396.0,13011
2026-05-07 22:35:00,7396.0,7400.25,7393.75,7400.25,17544
2026-05-07 22:40:00,7400.25,7401.75,7398.75,7400.25,13687
2026-05-07 22:45:00,7400.25,7404.0,7398.25,7400.5,14015
2026-05-07 22:50:00,7400.5,7405.75,7400.0,7405.75,10575
2026-05-07 22:55:00,7405.75,7409.5,7405.75,7409.25,13511
2026-05-07 23:00:00,7409.5,7410.0,7405.5,7407.0,12057
2026-05-07 23:05:00,7407.0,7407.0,7400.25,7404.75,14605
2026-05-07 23:10:00,7404.75,7406.25,7400.75,7401.5,11949
2026-05-07 23:15:00,7401.5,7404.5,7401.0,7402.5,9168
2026-05-07 23:20:00,7402.25,7404.0,7398.0,7399.25,18079
2026-05-07 23:25:00,7399.25,7400.75,7391.25,7397.5,25249
2026-05-07 23:30:00,7397.5,7404.75,7396.75,7403.75,17757
2026-05-07 23:35:00,7403.5,7404.25,7400.5,7400.75,12453
2026-05-07 23:40:00,7400.75,7403.5,7398.75,7401.25,8851
2026-05-07 23:45:00,7401.0,7402.5,7396.25,7396.75,9151
2026-05-07 23:50:00,7396.75,7398.0,7393.5,7397.0,12892
2026-05-07 23:55:00,7396.75,7397.25,7386.0,7388.0,19336
2026-05-08 00:00:00,7388.0,7388.5,7381.25,7382.0,26596
2026-05-08 00:05:00,7382.0,7382.25,7377.25,7381.75,22366
2026-05-08 00:10:00,7381.75,7382.0,7374.25,7375.0,21399
2026-05-08 00:15:00,7375.0,7375.0,7366.0,7367.0,36505
2026-05-08 00:20:00,7367.0,7375.75,7365.75,7375.0,23567
2026-05-08 00:25:00,7375.25,7382.5,7375.25,7382.0,18730
2026-05-08 00:30:00,7381.75,7386.5,7379.25,7384.5,15514
2026-05-08 00:35:00,7384.25,7384.5,7375.0,7375.5,14610
2026-05-08 00:40:00,7375.5,7380.0,7373.25,7375.75,13632
2026-05-08 00:45:00,7375.75,7377.0,7371.75,7372.75,11039
2026-05-08 00:50:00,7372.75,7373.5,7368.25,7372.0,15327
2026-05-08 00:55:00,7372.0,7373.25,7364.0,7368.5,16524
2026-05-08 01:00:00,7368.5,7370.75,7365.0,7368.25,13691
2026-05-08 01:05:00,7368.5,7374.75,7366.0,7370.0,14073
2026-05-08 01:10:00,7370.0,7371.5,7364.75,7368.0,12882
2026-05-08 01:15:00,7368.0,7368.0,7360.25,7362.0,15888
2026-05-08 01:20:00,7361.75,7370.25,7359.5,7369.5,17908
2026-05-08 01:25:00,7369.75,7373.75,7345.75,7354.25,58546
2026-05-08 01:30:00,7354.5,7360.0,7350.0,7358.0,22664
2026-05-08 01:35:00,7358.25,7364.75,7355.25,7362.0,16343
2026-05-08 01:40:00,7362.0,7365.25,7354.75,7356.0,11792
2026-05-08 01:45:00,7355.75,7357.25,7351.75,7353.75,10346
2026-05-08 01:50:00,7353.75,7356.0,7349.5,7352.75,15422
2026-05-08 01:55:00,7352.75,7366.25,7351.25,7365.25,27218
2026-05-08 02:00:00,7365.25,7366.75,7359.5,7363.0,17163
2026-05-08 02:05:00,7363.0,7369.75,7360.5,7362.0,14284
2026-05-08 02:10:00,7362.0,7365.5,7358.75,7364.5,10696
2026-05-08 02:15:00,7364.75,7370.5,7364.25,7366.75,9555
2026-05-08 02:20:00,7367.0,7368.75,7362.5,7363.0,8116
2026-05-08 02:25:00,7363.0,7363.5,7359.75,7361.25,9655
2026-05-08 02:30:00,7361.0,7367.5,7360.5,7365.5,8592
2026-05-08 02:35:00,7365.75,7367.25,7357.75,7362.25,11318
2026-05-08 02:40:00,7362.5,7363.5,7347.5,7351.25,18989
2026-05-08 02:45:00,7351.25,7355.5,7345.5,7350.0,20245
2026-05-08 02:50:00,7350.25,7355.75,7347.25,7353.75,14513
2026-05-08 02:55:00,7353.75,7360.25,7351.5,7359.75,19303
2026-05-08 03:00:00,7359.75,7362.75,7355.0,7357.25,9811
2026-05-08 03:05:00,7357.25,7360.75,7355.75,7357.75,8875
2026-05-08 03:10:00,7357.5,7363.75,7356.5,7360.25,10021
2026-05-08 03:15:00,7360.5,7361.75,7351.75,7354.5,18068
2026-05-08 03:20:00,7354.5,7355.75,7349.5,7350.25,12966
2026-05-08 03:25:00,7350.5,7356.5,7348.5,7354.0,14482
2026-05-08 03:30:00,7353.75,7359.5,7352.5,7358.25,11372
2026-05-08 03:35:00,7358.0,7362.75,7356.75,7362.0,10761
2026-05-08 03:40:00,7362.0,7363.5,7358.75,7361.25,10136
2026-05-08 03:45:00,7361.5,7362.75,7358.0,7361.0,14099
2026-05-08 03:50:00,7361.0,7367.5,7354.75,7357.75,41225
2026-05-08 03:55:00,7358.0,7365.0,7356.25,7364.25,89609
2026-05-08 04:00:00,7364.25,7378.75,7355.0,7373.5,48275
2026-05-08 04:05:00,7373.25,7373.75,7366.5,7367.75,6167
2026-05-08 04:10:00,7368.0,7370.0,7367.0,7369.5,3889
2026-05-08 04:15:00,7369.5,7371.25,7366.5,7368.25,3975
2026-05-08 04:20:00,7368.0,7370.75,7367.75,7369.75,2110
2026-05-08 04:25:00,7369.75,7370.0,7368.5,7368.75,1195
2026-05-08 04:30:00,7368.75,7370.75,7365.0,7368.5,4042
2026-05-08 04:35:00,7368.75,7369.5,7352.25,7354.0,9060
2026-05-08 04:40:00,7353.75,7361.25,7352.0,7360.25,5142
2026-05-08 04:45:00,7360.0,7362.0,7355.0,7356.75,3094
2026-05-08 04:50:00,7356.75,7358.25,7354.75,7355.5,2542
2026-05-08 04:55:00,7355.5,7355.75,7351.25,7352.25,3983
2026-05-08 06:00:00,7340.0,7350.25,7336.25,7348.25,0
2026-05-08 06:05:00,7348.0,7348.75,7345.5,7346.25,1972
2026-05-08 06:10:00,7346.0,7353.5,7345.0,7349.75,2233
2026-05-08 06:15:00,7349.75,7357.25,7347.5,7352.25,3324
2026-05-08 06:20:00,7352.25,7359.25,7352.0,7358.75,2321
2026-05-08 06:25:00,7358.75,7359.0,7355.75,7357.0,729
2026-05-08 06:30:00,7357.25,7357.75,7345.75,7349.75,2831
2026-05-08 06:35:00,7349.75,7354.25,7348.5,7351.5,1507
2026-05-08 06:40:00,7351.75,7352.25,7350.25,7351.25,452
2026-05-08 06:45:00,7351.5,7352.25,7350.25,7350.75,369
2026-05-08 06:50:00,7350.75,7351.25,7349.5,7349.5,435
2026-05-08 06:55:00,7349.5,7350.5,7347.5,7349.5,484
2026-05-08 07:00:00,7349.5,7351.75,7348.25,7350.0,688
2026-05-08 07:05:00,7350.0,7352.25,7349.25,7351.75,561
2026-05-08 07:10:00,7351.75,7353.0,7351.25,7351.5,397
2026-05-08 07:15:00,7351.75,7352.5,7351.25,7351.75,196
2026-05-08 07:20:00,7352.0,7355.25,7352.0,7353.5,490
2026-05-08 07:25:00,7353.75,7355.0,7353.75,7354.25,182
2026-05-08 07:30:00,7354.25,7355.0,7352.25,7354.0,450
2026-05-08 07:35:00,7353.75,7354.5,7353.0,7353.75,150
2026-05-08 07:40:00,7353.75,7356.5,7353.5,7356.5,413
2026-05-08 07:45:00,7356.5,7358.5,7354.75,7358.25,690
2026-05-08 07:50:00,7358.25,7360.5,7358.25,7360.0,641
2026-05-08 07:55:00,7360.0,7363.0,7360.0,7362.75,703
2026-05-08 08:00:00,7363.0,7368.5,7363.0,7366.75,2348
2026-05-08 08:05:00,7366.75,7372.75,7366.75,7370.75,2188
2026-05-08 08:10:00,7370.25,7371.5,7367.75,7370.5,988
2026-05-08 08:15:00,7370.5,7370.5,7366.0,7366.75,1462
2026-05-08 08:20:00,7366.75,7369.5,7365.5,7369.5,817
2026-05-08 08:25:00,7369.5,7370.25,7365.5,7367.5,907
2026-05-08 08:30:00,7367.25,7369.25,7366.5,7368.75,646
2026-05-08 08:35:00,7369.0,7369.75,7367.75,7368.25,616
2026-05-08 08:40:00,7368.5,7371.75,7368.5,7371.0,1403
2026-05-08 08:45:00,7371.25,7371.5,7367.25,7368.25,1028
2026-05-08 08:50:00,7368.0,7370.5,7367.5,7369.5,576
2026-05-08 08:55:00,7369.5,7373.25,7369.5,7372.75,652
2026-05-08 09:00:00,7372.5,7376.0,7372.5,7374.5,1838
2026-05-08 09:05:00,7374.5,7378.25,7374.25,7376.0,1150
2026-05-08 09:10:00,7375.75,7377.75,7375.25,7377.0,907
2026-05-08 09:15:00,7377.25,7377.25,7375.0,7376.75,830
2026-05-08 09:20:00,7376.75,7379.25,7376.5,7377.75,1191
2026-05-08 09:25:00,7378.0,7378.75,7376.75,7377.0,518
2026-05-08 09:30:00,7377.0,7377.5,7375.75,7377.0,957
2026-05-08 09:35:00,7377.0,7378.25,7375.5,7377.5,798
2026-05-08 09:40:00,7377.75,7377.75,7376.0,7377.5,569
2026-05-08 09:45:00,7377.25,7380.5,7376.5,7379.0,1126
2026-05-08 09:50:00,7378.75,7379.25,7375.75,7376.0,914
2026-05-08 09:55:00,7376.0,7377.0,7375.75,7376.25,595
2026-05-08 10:00:00,7376.25,7376.75,7374.5,7376.25,928
2026-05-08 10:05:00,7376.25,7377.25,7375.5,7376.75,682
2026-05-08 10:10:00,7376.75,7377.5,7375.25,7376.25,705
2026-05-08 10:15:00,7376.25,7376.5,7373.75,7374.0,966
2026-05-08 10:20:00,7374.0,7375.5,7372.25,7374.75,868
2026-05-08 10:25:00,7374.75,7376.25,7374.25,7375.25,652
2026-05-08 10:30:00,7375.25,7376.25,7374.0,7375.5,402
2026-05-08 10:35:00,7375.75,7375.75,7367.25,7370.75,2556
2026-05-08 10:40:00,7370.75,7374.75,7370.25,7373.25,547
2026-05-08 10:45:00,7373.5,7379.0,7373.5,7378.5,751
2026-05-08 10:50:00,7378.75,7379.5,7376.5,7377.0,659
2026-05-08 10:55:00,7377.0,7377.75,7374.75,7374.75,317
2026-05-08 11:00:00,7374.5,7375.5,7373.5,7375.0,422
2026-05-08 11:05:00,7375.25,7375.75,7374.0,7375.5,207
2026-05-08 11:10:00,7375.5,7376.75,7375.25,7375.5,285
2026-05-08 11:15:00,7375.5,7376.25,7374.5,7374.75,252
2026-05-08 11:20:00,7374.5,7375.5,7374.0,7375.25,300
2026-05-08 11:25:00,7375.25,7376.5,7375.25,7375.75,326
2026-05-08 11:30:00,7376.0,7379.5,7375.5,7378.75,641
2026-05-08 11:35:00,7379.0,7379.25,7375.0,7375.75,615
2026-05-08 11:40:00,7375.5,7376.75,7375.0,7376.5,540
2026-05-08 11:45:00,7376.5,7377.0,7375.25,7376.0,406
2026-05-08 11:50:00,7376.0,7378.5,7375.75,7377.25,426
2026-05-08 11:55:00,7377.25,7379.25,7377.25,7378.25,358
2026-05-08 12:05:00,7378.25,7379.25,7378.25,7379.25,647
2026-05-08 12:10:00,7379.25,7379.5,7377.25,7377.5,335
2026-05-08 12:15:00,7377.5,7379.0,7375.5,7377.75,494
2026-05-08 12:20:00,7377.5,7378.75,7377.5,7378.0,325
2026-05-08 12:25:00,7378.25,7378.5,7376.25,7378.0,399
2026-05-08 12:30:00,7378.0,7378.75,7377.75,7377.75,257
2026-05-08 12:35:00,7377.5,7377.75,7376.75,7377.5,247
2026-05-08 12:40:00,7377.25,7377.5,7375.25,7376.5,442
2026-05-08 12:45:00,7376.5,7378.5,7376.0,7378.5,334
2026-05-08 12:50:00,7378.5,7382.5,7378.25,7381.75,885
2026-05-08 12:55:00,7382.0,7382.0,7379.25,7379.25,662
2026-05-08 13:00:00,7379.25,7381.5,7379.25,7380.75,505
2026-05-08 13:05:00,7381.0,7381.0,7379.5,7379.75,260
2026-05-08 13:10:00,7379.5,7380.75,7378.75,7380.25,360
2026-05-08 13:15:00,7380.5,7382.0,7380.0,7381.5,335
2026-05-08 13:20:00,7381.75,7382.0,7381.25,7381.75,373
2026-05-08 13:25:00,7381.5,7382.0,7380.75,7381.75,404
2026-05-08 13:30:00,7381.75,7385.5,7381.75,7383.25,2000
2026-05-08 13:35:00,7383.0,7383.75,7381.25,7382.0,705
2026-05-08 13:40:00,7381.75,7383.5,7381.25,7383.5,381
2026-05-08 13:45:00,7383.5,7384.25,7382.75,7382.75,412
2026-05-08 13:50:00,7382.75,7383.75,7382.25,7383.5,433
2026-05-08 13:55:00,7383.75,7384.25,7382.75,7382.75,394
2026-05-08 14:00:00,7382.5,7384.75,7379.25,7384.0,821
2026-05-08 14:05:00,7384.5,7386.5,7383.25,7385.75,963
2026-05-08 14:10:00,7386.0,7386.75,7385.0,7385.0,728
2026-05-08 14:15:00,7385.0,7387.0,7384.75,7386.5,656
2026-05-08 14:20:00,7386.5,7386.75,7384.5,7385.25,720
2026-05-08 14:25:00,7385.0,7388.75,7384.75,7387.5,1132
2026-05-08 14:30:00,7387.75,7388.25,7384.75,7385.25,1215
2026-05-08 14:35:00,7385.5,7386.0,7384.75,7385.5,579
2026-05-08 14:40:00,7385.75,7387.5,7385.25,7387.0,570
2026-05-08 14:45:00,7387.0,7387.0,7384.75,7385.75,632
2026-05-08 14:50:00,7385.75,7387.25,7385.75,7386.25,382
2026-05-08 14:55:00,7386.25,7388.75,7386.0,7388.0,633
2026-05-08 15:00:00,7388.0,7388.25,7383.0,7384.75,2333
2026-05-08 15:05:00,7384.75,7385.75,7382.5,7384.75,1663
2026-05-08 15:10:00,7384.5,7387.0,7380.75,7381.75,1781
2026-05-08 15:15:00,7382.0,7384.75,7381.25,7384.0,1542
2026-05-08 15:20:00,7384.0,7386.25,7383.25,7384.25,1189
2026-05-08 15:25:00,7384.25,7385.25,7382.5,7385.0,735
2026-05-08 15:30:00,7385.0,7385.5,7382.0,7382.5,786
2026-05-08 15:35:00,7382.5,7386.0,7382.0,7385.0,967
2026-05-08 15:40:00,7385.25,7385.75,7383.0,7384.75,915
2026-05-08 15:45:00,7385.0,7386.75,7384.75,7386.0,786
2026-05-08 15:50:00,7386.0,7387.5,7384.25,7386.25,670
2026-05-08 15:55:00,7386.5,7388.5,7386.25,7387.25,803
2026-05-08 16:00:00,7387.25,7388.75,7386.25,7388.5,1304
2026-05-08 16:05:00,7388.75,7390.25,7387.25,7390.0,1344
2026-05-08 16:10:00,7390.0,7392.75,7389.5,7389.75,1871
2026-05-08 16:15:00,7389.5,7392.0,7389.5,7391.0,1318
2026-05-08 16:20:00,7391.25,7393.75,7391.25,7392.25,1403
2026-05-08 16:25:00,7392.25,7393.25,7391.25,7392.5,1040
2026-05-08 16:30:00,7392.5,7393.5,7392.0,7392.5,874
2026-05-08 16:35:00,7392.75,7393.5,7391.5,7393.25,1017
2026-05-08 16:40:00,7393.0,7393.0,7390.75,7391.75,686
2026-05-08 16:45:00,7391.5,7394.5,7390.25,7392.75,1700
2026-05-08 16:50:00,7392.75,7394.0,7392.0,7392.75,756
2026-05-08 16:55:00,7392.75,7393.75,7392.25,7393.75,542
2026-05-08 17:00:00,7394.0,7396.75,7393.25,7396.5,1981
2026-05-08 17:05:00,7396.5,7399.0,7396.5,7398.5,1714
2026-05-08 17:10:00,7398.25,7399.75,7398.25,7399.25,851
2026-05-08 17:15:00,7399.25,7400.0,7398.25,7399.5,1101
2026-05-08 17:20:00,7399.75,7401.25,7399.5,7400.5,1830
2026-05-08 17:25:00,7400.75,7402.25,7399.5,7399.75,1894
2026-05-08 17:30:00,7399.75,7399.75,7397.0,7398.25,2283
2026-05-08 17:35:00,7398.25,7398.25,7396.5,7397.5,1076
2026-05-08 17:40:00,7397.5,7397.75,7396.25,7396.5,1372
2026-05-08 17:45:00,7396.25,7396.5,7393.0,7394.5,1528
2026-05-08 17:50:00,7394.5,7394.5,7391.25,7392.5,1578
2026-05-08 17:55:00,7392.5,7395.25,7390.5,7394.5,2066
2026-05-08 18:00:00,7394.75,7396.75,7394.5,7396.0,1093
2026-05-08 18:05:00,7395.75,7397.25,7395.25,7395.75,931
2026-05-08 18:10:00,7395.75,7397.0,7395.0,7395.5,736
2026-05-08 18:15:00,7395.75,7396.75,7395.25,7395.5,617
2026-05-08 18:20:00,7395.75,7397.75,7395.25,7396.5,1053
2026-05-08 18:25:00,7396.5,7398.25,7396.0,7396.25,967
2026-05-08 18:30:00,7396.25,7397.5,7395.75,7397.0,800
2026-05-08 18:35:00,7396.75,7399.25,7396.5,7398.75,733
2026-05-08 18:40:00,7398.75,7399.75,7398.0,7398.0,757
2026-05-08 18:45:00,7397.75,7397.75,7396.25,7397.0,855
2026-05-08 18:50:00,7397.25,7397.5,7396.0,7396.5,770
2026-05-08 18:55:00,7396.5,7396.5,7391.0,7396.25,4076
2026-05-08 19:00:00,7396.25,7398.75,7396.25,7397.5,2073
2026-05-08 19:05:00,7397.75,7399.75,7397.5,7399.0,1283
2026-05-08 19:10:00,7399.25,7400.0,7397.0,7399.25,1915
2026-05-08 19:15:00,7399.25,7400.0,7396.75,7397.5,1840
2026-05-08 19:20:00,7397.5,7399.0,7396.5,7398.75,1152
2026-05-08 19:25:00,7398.5,7400.25,7398.5,7399.75,858
2026-05-08 19:30:00,7399.75,7401.0,7398.75,7399.75,999
2026-05-08 19:35:00,7400.0,7401.25,7400.0,7400.5,627
2026-05-08 19:40:00,7400.5,7401.25,7399.5,7399.75,986
2026-05-08 19:45:00,7399.75,7401.0,7399.0,7401.0,1323
2026-05-08 19:50:00,7401.0,7402.0,7399.75,7401.25,1231
2026-05-08 19:55:00,7401.25,7401.75,7399.25,7399.75,1171
2026-05-08 20:00:00,7399.75,7401.0,7398.75,7399.5,1820
2026-05-08 20:05:00,7399.5,7401.5,7399.25,7400.75,1926
2026-05-08 20:10:00,7401.0,7401.25,7398.25,7399.0,2168
2026-05-08 20:15:00,7399.0,7400.75,7397.25,7399.75,1343
2026-05-08 20:20:00,7400.0,7400.0,7396.75,7397.5,1964
2026-05-08 20:25:00,7397.5,7401.5,7396.5,7401.0,2275
2026-05-08 20:30:00,7401.0,7409.0,7400.25,7407.5,6824
2026-05-08 20:35:00,7407.25,7412.5,7406.5,7407.0,8266
2026-05-08 20:40:00,7407.0,7411.25,7406.5,7408.25,4383
2026-05-08 20:45:00,7408.25,7408.25,7402.75,7403.5,3861
2026-05-08 20:50:00,7403.5,7403.75,7400.25,7401.75,2903
2026-05-08 20:55:00,7401.75,7404.25,7394.5,7398.25,6117
2026-05-08 21:00:00,7398.0,7400.75,7396.0,7397.5,5675
2026-05-08 21:05:00,7397.5,7398.0,7391.0,7394.25,5531
2026-05-08 21:10:00,7394.0,7394.5,7389.0,7392.75,6617
2026-05-08 21:15:00,7392.75,7396.25,7390.75,7394.0,4418
2026-05-08 21:20:00,7394.0,7395.75,7392.75,7395.5,2904
2026-05-08 21:25:00,7395.5,7397.25,7393.75,7396.0,5719
2026-05-08 21:30:00,7395.75,7399.75,7393.25,7399.25,28598
2026-05-08 21:35:00,7399.5,7401.25,7394.75,7395.75,18997
2026-05-08 21:40:00,7395.75,7399.5,7391.75,7399.5,19890
2026-05-08 21:45:00,7399.5,7409.5,7399.25,7407.5,22502
2026-05-08 21:50:00,7407.25,7410.75,7405.25,7406.5,17285
2026-05-08 21:55:00,7406.5,7413.75,7405.5,7413.5,11535
2026-05-08 22:00:00,7413.5,7416.0,7409.25,7414.75,23071
2026-05-08 22:05:00,7414.75,7415.25,7409.75,7412.75,16644
2026-05-08 22:10:00,7412.75,7416.0,7409.5,7415.25,18693
2026-05-08 22:15:00,7415.25,7417.25,7412.5,7416.0,14531
2026-05-08 22:20:00,7416.25,7420.25,7415.25,7419.75,17068
2026-05-08 22:25:00,7419.75,7422.75,7414.25,7415.25,19970
2026-05-08 22:30:00,7415.25,7415.5,7410.5,7412.25,15697
2026-05-08 22:35:00,7412.25,7416.75,7408.25,7416.75,15106
2026-05-08 22:40:00,7416.5,7418.75,7414.75,7418.5,11328
2026-05-08 22:45:00,7418.75,7422.0,7416.75,7419.0,12534
2026-05-08 22:50:00,7419.0,7420.25,7417.25,7420.0,8612
2026-05-08 22:55:00,7420.0,7421.5,7417.5,7417.75,10126
2026-05-08 23:00:00,7417.75,7420.5,7417.0,7417.75,10873
2026-05-08 23:05:00,7417.75,7420.75,7414.0,7414.25,12859
2026-05-08 23:10:00,7414.25,7416.5,7411.5,7412.75,10138
2026-05-08 23:15:00,7412.75,7413.0,7407.25,7411.0,14098
2026-05-08 23:20:00,7410.75,7416.75,7409.75,7412.5,12577
2026-05-08 23:25:00,7412.75,7416.25,7411.5,7416.0,8251
2026-05-08 23:30:00,7416.0,7417.0,7410.0,7416.5,15435
2026-05-08 23:35:00,7416.5,7420.5,7415.75,7419.75,11992
2026-05-08 23:40:00,7419.75,7420.5,7412.5,7414.5,13204
2026-05-08 23:45:00,7414.5,7420.5,7413.25,7417.75,12630
2026-05-08 23:50:00,7417.75,7418.75,7414.5,7417.0,7489
2026-05-08 23:55:00,7417.25,7418.25,7413.75,7416.0,7073
2026-05-09 00:00:00,7415.75,7419.75,7415.5,7418.25,10368
2026-05-09 00:05:00,7418.25,7422.25,7418.0,7419.5,9458
2026-05-09 00:10:00,7419.5,7421.5,7417.75,7420.75,5671
2026-05-09 00:15:00,7420.75,7422.25,7419.5,7419.5,6061
2026-05-09 00:20:00,7419.5,7421.25,7419.0,7420.75,4101
2026-05-09 00:25:00,7420.75,7424.25,7419.75,7422.25,7900
2026-05-09 00:30:00,7422.5,7423.25,7419.75,7421.5,5390
2026-05-09 00:35:00,7421.5,7422.75,7418.75,7420.5,6924
2026-05-09 00:40:00,7420.75,7421.25,7415.0,7415.25,9353
2026-05-09 00:45:00,7415.25,7420.25,7415.0,7420.0,7726
2026-05-09 00:50:00,7420.25,7420.25,7416.75,7417.25,6424
2026-05-09 00:55:00,7417.5,7417.75,7415.5,7415.75,7135
2026-05-09 01:00:00,7415.75,7422.0,7414.75,7421.5,10585
2026-05-09 01:05:00,7421.5,7423.0,7418.25,7420.0,8827
2026-05-09 01:10:00,7420.25,7420.25,7418.0,7418.5,4585
2026-05-09 01:15:00,7418.5,7422.0,7418.5,7422.0,4765
2026-05-09 01:20:00,7422.0,7424.0,7420.75,7423.0,6654
2026-05-09 01:25:00,7423.0,7425.0,7423.0,7423.5,8244
2026-05-09 01:30:00,7423.5,7424.75,7422.5,7423.75,4914
2026-05-09 01:35:00,7423.75,7426.0,7421.25,7421.25,6292
2026-05-09 01:40:00,7421.25,7422.25,7419.5,7419.75,6041
2026-05-09 01:45:00,7419.75,7423.0,7418.75,7419.25,6783
2026-05-09 01:50:00,7419.5,7420.75,7417.5,7420.5,7907
2026-05-09 01:55:00,7420.5,7421.75,7418.5,7418.75,4496
2026-05-09 02:00:00,7418.75,7427.75,7418.5,7422.75,19343
2026-05-09 02:05:00,7422.75,7424.0,7420.0,7420.75,5277
2026-05-09 02:10:00,7421.0,7425.5,7420.25,7425.0,7400
2026-05-09 02:15:00,7424.75,7426.5,7423.75,7424.5,6154
2026-05-09 02:20:00,7424.5,7426.0,7424.0,7424.75,3800
2026-05-09 02:25:00,7424.75,7425.25,7423.25,7424.0,4445
2026-05-09 02:30:00,7424.25,7426.75,7422.75,7422.75,6153
2026-05-09 02:35:00,7422.75,7423.75,7421.25,7421.5,4518
2026-05-09 02:40:00,7421.5,7422.5,7419.0,7419.25,6175
2026-05-09 02:45:00,7419.25,7419.25,7415.0,7416.0,10716
2026-05-09 02:50:00,7416.25,7417.0,7411.0,7412.5,11739
2026-05-09 02:55:00,7412.25,7414.25,7407.5,7410.75,18286
2026-05-09 03:00:00,7410.5,7414.75,7410.0,7412.75,9186
2026-05-09 03:05:00,7412.75,7417.25,7411.25,7415.25,9011
2026-05-09 03:10:00,7415.0,7416.75,7413.75,7414.75,5375
2026-05-09 03:15:00,7414.75,7418.25,7414.25,7418.0,6797
2026-05-09 03:20:00,7418.0,7418.75,7415.75,7416.25,9126
2026-05-09 03:25:00,7416.25,7417.5,7412.75,7412.75,8281
2026-05-09 03:30:00,7413.0,7417.25,7411.5,7416.75,8397
2026-05-09 03:35:00,7417.0,7419.0,7415.25,7417.5,8734
2026-05-09 03:40:00,7417.75,7420.75,7417.5,7419.75,13725
2026-05-09 03:45:00,7419.75,7421.5,7418.25,7418.5,11028
2026-05-09 03:50:00,7418.25,7421.5,7417.25,7421.0,22820
2026-05-09 03:55:00,7420.75,7422.0,7417.0,7421.25,88064
2026-05-09 04:00:00,7421.25,7425.0,7418.5,7423.5,34114
2026-05-09 04:05:00,7423.5,7424.0,7422.0,7422.25,5580
2026-05-09 04:10:00,7422.25,7422.5,7420.25,7420.5,5844
2026-05-09 04:15:00,7420.5,7421.75,7417.25,7417.5,3691
2026-05-09 04:20:00,7417.5,7420.75,7417.25,7420.25,1872
2026-05-09 04:25:00,7420.0,7421.25,7419.25,7421.0,1172
2026-05-09 04:30:00,7420.75,7421.25,7419.5,7421.0,1379
2026-05-09 04:35:00,7420.75,7421.25,7420.5,7421.0,822
2026-05-09 04:40:00,7421.0,7422.0,7420.75,7421.25,1131
2026-05-09 04:45:00,7421.0,7422.5,7421.0,7421.75,1920
2026-05-09 04:50:00,7421.75,7422.0,7420.0,7421.5,2122
2026-05-09 04:55:00,7421.25,7421.5,7419.0,7419.0,2486
2026-05-11 06:10:00,7399.5,7403.5,7398.75,7399.5,1033
2026-05-11 06:15:00,7399.5,7400.25,7390.5,7394.25,2166
2026-05-11 06:20:00,7394.25,7397.25,7392.0,7397.0,862
2026-05-11 06:25:00,7397.25,7399.75,7397.0,7399.75,669
2026-05-11 06:30:00,7399.5,7400.0,7398.0,7398.25,433
2026-05-11 06:35:00,7398.75,7398.75,7396.0,7396.75,556
2026-05-11 06:40:00,7396.5,7398.75,7395.25,7398.75,549
2026-05-11 06:45:00,7398.75,7402.25,7398.5,7402.0,685
2026-05-11 06:50:00,7402.0,7402.5,7401.25,7401.75,357
2026-05-11 06:55:00,7401.75,7406.25,7401.5,7404.5,1519
2026-05-11 07:00:00,7404.25,7407.0,7403.25,7406.0,841
2026-05-11 07:05:00,7406.0,7408.5,7406.0,7408.0,1137
2026-05-11 07:10:00,7408.0,7409.0,7405.5,7406.25,798
2026-05-11 07:15:00,7406.25,7408.25,7406.0,7407.75,312
2026-05-11 07:20:00,7407.75,7409.0,7407.5,7408.0,344
2026-05-11 07:25:00,7408.0,7408.25,7403.25,7404.0,924
2026-05-11 07:30:00,7404.0,7405.0,7402.0,7403.25,741
2026-05-11 07:35:00,7403.5,7404.25,7402.25,7402.75,378
2026-05-11 07:40:00,7402.75,7404.25,7402.0,7403.75,545
2026-05-11 07:45:00,7404.0,7405.5,7401.5,7404.0,838
2026-05-11 07:50:00,7404.25,7404.25,7402.25,7402.5,393
2026-05-11 07:55:00,7402.5,7404.0,7401.25,7402.75,691
2026-05-11 08:00:00,7402.75,7406.25,7402.5,7405.75,1359
2026-05-11 08:05:00,7406.0,7408.75,7406.0,7408.0,1512
2026-05-11 08:10:00,7408.0,7408.75,7407.0,7408.25,863
2026-05-11 08:15:00,7408.0,7408.0,7405.25,7407.0,830
2026-05-11 08:20:00,7407.0,7409.0,7407.0,7409.0,687
2026-05-11 08:25:00,7409.0,7412.0,7407.5,7410.25,1583
2026-05-11 08:30:00,7410.5,7412.25,7410.5,7411.75,1402
2026-05-11 08:35:00,7411.75,7412.75,7410.5,7410.5,1096
2026-05-11 08:40:00,7410.75,7412.5,7410.25,7411.25,631
2026-05-11 08:45:00,7411.0,7411.5,7409.5,7409.5,1022
2026-05-11 08:50:00,7409.5,7409.5,7397.5,7401.0,3595
2026-05-11 08:55:00,7400.75,7403.5,7397.0,7402.25,2252
2026-05-11 09:00:00,7402.25,7402.75,7398.0,7399.25,2100
2026-05-11 09:05:00,7399.25,7402.5,7398.25,7402.5,1163
2026-05-11 09:10:00,7402.5,7405.5,7401.0,7404.5,2101
2026-05-11 09:15:00,7404.75,7409.25,7403.25,7409.25,1447
2026-05-11 09:20:00,7409.5,7410.25,7408.0,7409.5,917
2026-05-11 09:25:00,7409.5,7410.0,7408.0,7408.5,428
2026-05-11 09:30:00,7408.5,7409.0,7405.75,7407.5,1048
2026-05-11 09:35:00,7407.5,7408.5,7406.25,7407.75,699
2026-05-11 09:40:00,7408.0,7409.0,7407.25,7408.75,438
2026-05-11 09:45:00,7408.75,7410.75,7407.75,7410.75,627
2026-05-11 09:50:00,7410.5,7411.0,7408.0,7409.75,855
2026-05-11 09:55:00,7409.75,7411.25,7409.0,7411.0,574
2026-05-11 10:00:00,7411.0,7413.0,7410.75,7411.25,1261
2026-05-11 10:05:00,7411.25,7412.0,7409.5,7409.75,701
2026-05-11 10:10:00,7409.75,7411.75,7409.5,7411.75,437
2026-05-11 10:15:00,7411.5,7412.25,7410.0,7411.0,424
2026-05-11 10:20:00,7411.0,7412.0,7411.0,7412.0,228
2026-05-11 10:25:00,7412.0,7413.75,7411.5,7413.25,733
2026-05-11 10:30:00,7413.25,7414.5,7410.25,7411.5,1000
2026-05-11 10:35:00,7411.75,7412.75,7411.5,7412.25,303
2026-05-11 10:40:00,7412.5,7413.25,7411.75,7412.75,375
2026-05-11 10:45:00,7412.75,7413.25,7411.0,7411.75,424
2026-05-11 10:50:00,7411.75,7413.25,7411.25,7413.0,337
2026-05-11 10:55:00,7413.25,7413.5,7411.0,7411.25,371
2026-05-11 11:00:00,7411.25,7411.25,7407.5,7410.25,1117
2026-05-11 11:05:00,7410.25,7410.75,7408.5,7410.5,442
2026-05-11 11:10:00,7410.5,7411.25,7410.25,7410.5,606
2026-05-11 11:15:00,7410.5,7411.0,7409.0,7410.5,478
2026-05-11 11:20:00,7410.5,7412.25,7410.0,7411.25,460
2026-05-11 11:25:00,7411.25,7413.25,7411.0,7413.0,581
2026-05-11 11:30:00,7413.0,7414.5,7412.5,7413.0,840
2026-05-11 11:35:00,7413.0,7413.0,7412.0,7413.0,287
2026-05-11 11:40:00,7413.0,7415.5,7412.75,7414.75,673
2026-05-11 11:45:00,7414.75,7414.75,7413.0,7413.0,495
2026-05-11 11:50:00,7412.75,7413.5,7412.25,7412.75,339
2026-05-11 11:55:00,7413.0,7413.25,7411.0,7411.5,306
2026-05-11 12:00:00,7411.25,7411.5,7409.5,7410.25,462
2026-05-11 12:05:00,7410.5,7411.0,7409.0,7409.25,503
2026-05-11 12:10:00,7409.0,7409.75,7406.75,7409.75,600
2026-05-11 12:15:00,7410.0,7412.0,7410.0,7411.25,486
2026-05-11 12:20:00,7411.5,7412.0,7411.5,7411.75,293
2026-05-11 12:25:00,7411.75,7412.75,7411.5,7411.5,416
2026-05-11 12:30:00,7411.75,7412.25,7411.5,7411.75,215
2026-05-11 12:35:00,7411.75,7412.5,7411.5,7411.5,281
2026-05-11 12:40:00,7411.5,7412.0,7411.0,7411.5,252
2026-05-11 12:45:00,7411.25,7411.75,7410.75,7411.0,174
2026-05-11 12:50:00,7411.0,7413.25,7410.75,7413.0,353
2026-05-11 12:55:00,7413.25,7413.25,7412.25,7412.75,168
2026-05-11 13:00:00,7413.0,7413.75,7412.5,7413.5,323
2026-05-11 13:05:00,7413.25,7413.5,7411.75,7412.25,246
2026-05-11 13:10:00,7412.25,7413.25,7411.75,7412.75,404
2026-05-11 13:15:00,7412.75,7413.75,7412.0,7413.5,488
2026-05-11 13:20:00,7413.5,7415.0,7412.75,7413.75,652
2026-05-11 13:25:00,7413.75,7414.0,7412.75,7413.75,408
2026-05-11 13:30:00,7413.75,7414.75,7413.5,7414.5,406
2026-05-11 13:35:00,7414.75,7415.0,7412.25,7412.5,556
2026-05-11 13:40:00,7412.75,7413.0,7410.5,7410.75,450
2026-05-11 13:45:00,7410.75,7411.5,7410.25,7411.25,397
2026-05-11 13:50:00,7411.5,7412.5,7411.25,7412.0,489
2026-05-11 13:55:00,7412.0,7412.75,7410.5,7410.5,693
2026-05-11 14:00:00,7410.5,7412.0,7410.5,7411.5,660
2026-05-11 14:05:00,7411.5,7413.25,7411.0,7412.75,423
2026-05-11 14:10:00,7412.75,7414.75,7412.5,7413.5,715
2026-05-11 14:15:00,7413.5,7413.5,7411.5,7412.25,536
2026-05-11 14:20:00,7412.25,7414.5,7412.0,7414.5,495
2026-05-11 14:25:00,7414.75,7416.25,7414.25,7415.0,908
2026-05-11 14:30:00,7414.75,7415.25,7411.75,7412.0,747
2026-05-11 14:35:00,7411.75,7412.5,7411.0,7411.5,602
2026-05-11 14:40:00,7411.5,7411.75,7410.0,7411.25,621
2026-05-11 14:45:00,7411.25,7411.25,7409.75,7410.0,803
2026-05-11 14:50:00,7410.0,7412.0,7409.5,7411.0,824
2026-05-11 14:55:00,7411.25,7413.75,7411.0,7413.0,985
2026-05-11 15:00:00,7413.0,7413.75,7411.5,7412.75,1426
2026-05-11 15:05:00,7412.75,7413.75,7410.0,7410.5,1529
2026-05-11 15:10:00,7410.5,7413.0,7410.5,7410.75,1067
2026-05-11 15:15:00,7410.75,7412.0,7410.0,7411.25,739
2026-05-11 15:20:00,7411.25,7412.75,7410.75,7412.25,753
2026-05-11 15:25:00,7412.25,7413.25,7411.25,7412.0,840
2026-05-11 15:30:00,7412.0,7412.75,7410.0,7410.75,853
2026-05-11 15:35:00,7410.5,7412.25,7410.0,7412.25,935
2026-05-11 15:40:00,7412.25,7415.0,7411.75,7412.0,1973
2026-05-11 15:45:00,7412.0,7413.0,7411.75,7412.75,595
2026-05-11 15:50:00,7413.0,7413.5,7411.75,7413.0,472
2026-05-11 15:55:00,7413.0,7414.25,7412.25,7414.25,486
2026-05-11 16:00:00,7414.25,7415.0,7412.75,7414.75,1297
2026-05-11 16:05:00,7414.75,7416.75,7410.0,7410.5,2892
2026-05-11 16:10:00,7410.25,7413.75,7410.0,7412.5,2027
2026-05-11 16:15:00,7412.5,7416.5,7412.5,7416.0,1117
2026-05-11 16:20:00,7416.0,7417.75,7414.75,7416.5,1323
2026-05-11 16:25:00,7416.5,7417.5,7412.25,7412.25,1008
2026-05-11 16:30:00,7412.5,7415.0,7412.0,7414.0,964
2026-05-11 16:35:00,7414.25,7414.75,7412.75,7413.25,973
2026-05-11 16:40:00,7413.5,7415.0,7413.5,7414.5,724
2026-05-11 16:45:00,7414.5,7415.75,7414.0,7415.25,622
2026-05-11 16:50:00,7415.25,7416.25,7414.25,7415.25,737
2026-05-11 16:55:00,7415.5,7416.25,7414.0,7414.0,675
2026-05-11 17:00:00,7413.75,7416.0,7413.0,7415.75,1033
2026-05-11 17:05:00,7415.75,7417.75,7415.0,7415.75,2106
2026-05-11 17:10:00,7415.75,7416.0,7414.25,7414.75,858
2026-05-11 17:15:00,7414.75,7416.25,7414.25,7415.75,743
2026-05-11 17:20:00,7415.75,7418.25,7415.75,7417.5,892
2026-05-11 17:25:00,7417.5,7417.5,7416.0,7416.5,658
2026-05-11 17:30:00,7416.5,7418.75,7416.5,7417.5,825
2026-05-11 17:35:00,7417.75,7418.0,7416.75,7417.25,864
2026-05-11 17:40:00,7417.25,7419.25,7417.25,7419.25,835
2026-05-11 17:45:00,7419.25,7420.75,7418.5,7419.0,2907
2026-05-11 17:50:00,7419.0,7419.75,7417.75,7418.0,883
2026-05-11 17:55:00,7417.75,7418.0,7414.75,7415.0,1298
2026-05-11 18:00:00,7414.75,7416.75,7414.5,7414.75,812
2026-05-11 18:05:00,7415.0,7415.75,7414.0,7415.5,931
2026-05-11 18:10:00,7415.25,7416.75,7415.0,7415.75,830
2026-05-11 18:15:00,7415.5,7415.75,7414.75,7415.0,591
2026-05-11 18:20:00,7415.0,7415.75,7414.25,7415.0,763
2026-05-11 18:25:00,7415.25,7416.5,7414.5,7415.0,647
2026-05-11 18:30:00,7415.0,7415.25,7414.25,7414.25,790
2026-05-11 18:35:00,7414.25,7414.75,7411.0,7412.5,1315
2026-05-11 18:40:00,7412.5,7413.75,7411.5,7413.75,1043
2026-05-11 18:45:00,7413.75,7413.75,7411.25,7413.0,838
2026-05-11 18:50:00,7413.0,7414.0,7412.75,7413.25,745
2026-05-11 18:55:00,7413.25,7413.25,7412.0,7412.25,416
2026-05-11 19:00:00,7412.25,7415.0,7412.0,7413.75,2428
2026-05-11 19:05:00,7413.75,7415.5,7413.75,7415.0,906
2026-05-11 19:10:00,7415.0,7415.75,7412.25,7414.0,1172
2026-05-11 19:15:00,7413.75,7415.5,7413.0,7415.25,783
2026-05-11 19:20:00,7415.25,7417.0,7415.25,7416.0,1314
2026-05-11 19:25:00,7416.0,7417.75,7415.0,7417.25,1074
2026-05-11 19:30:00,7417.25,7420.25,7417.25,7419.25,1985
2026-05-11 19:35:00,7419.0,7420.25,7418.25,7418.5,1378
2026-05-11 19:40:00,7418.5,7418.5,7415.0,7415.25,1689
2026-05-11 19:45:00,7415.5,7415.5,7413.5,7414.0,1625
2026-05-11 19:50:00,7414.0,7414.5,7410.75,7412.25,1733
2026-05-11 19:55:00,7412.5,7414.25,7412.0,7414.0,1012
2026-05-11 20:00:00,7414.0,7415.75,7411.75,7412.0,1862
2026-05-11 20:05:00,7412.0,7412.25,7409.75,7410.75,4594
2026-05-11 20:10:00,7410.5,7411.25,7408.5,7410.25,3122
2026-05-11 20:15:00,7410.25,7412.25,7409.5,7410.0,1879
2026-05-11 20:20:00,7410.0,7412.0,7408.25,7411.0,2261
2026-05-11 20:25:00,7411.25,7411.75,7409.25,7411.75,1260
2026-05-11 20:30:00,7411.5,7414.5,7411.25,7413.5,2602
2026-05-11 20:35:00,7413.5,7414.5,7411.5,7412.25,1514
2026-05-11 20:40:00,7412.0,7412.75,7408.75,7409.0,2189
2026-05-11 20:45:00,7408.75,7411.0,7402.5,7407.5,7144
2026-05-11 20:50:00,7407.5,7408.5,7406.0,7407.25,2154
2026-05-11 20:55:00,7407.25,7409.0,7406.25,7408.75,1395
2026-05-11 21:00:00,7408.75,7410.5,7406.75,7410.25,2972
2026-05-11 21:05:00,7410.0,7411.0,7408.75,7410.75,2149
2026-05-11 21:10:00,7410.75,7412.75,7410.0,7412.25,1932
2026-05-11 21:15:00,7412.25,7412.25,7410.75,7411.5,1651
2026-05-11 21:20:00,7411.5,7414.0,7411.5,7413.0,2285
2026-05-11 21:25:00,7412.75,7413.0,7409.0,7410.25,5120
2026-05-11 21:30:00,7410.0,7424.75,7410.0,7424.5,37240
2026-05-11 21:35:00,7424.75,7424.75,7419.5,7421.25,20221
2026-05-11 21:40:00,7421.5,7429.5,7420.5,7429.5,17959
2026-05-11 21:45:00,7429.5,7437.25,7429.0,7433.75,22673
2026-05-11 21:50:00,7433.75,7437.0,7430.0,7431.0,16409
2026-05-11 21:55:00,7431.0,7433.75,7429.0,7432.75,18199
2026-05-11 22:00:00,7432.5,7433.75,7430.75,7431.5,12499
2026-05-11 22:05:00,7431.5,7434.75,7430.5,7433.5,10476
2026-05-11 22:10:00,7433.75,7436.5,7431.25,7436.5,10637
2026-05-11 22:15:00,7436.5,7441.0,7435.75,7441.0,16676
2026-05-11 22:20:00,7440.75,7441.75,7439.75,7441.25,11338
2026-05-11 22:25:00,7441.25,7442.0,7430.25,7430.25,19691
2026-05-11 22:30:00,7430.25,7433.0,7421.5,7430.5,33892
2026-05-11 22:35:00,7430.5,7434.0,7428.25,7432.0,18287
2026-05-11 22:40:00,7432.0,7437.0,7431.75,7435.75,11138
2026-05-11 22:45:00,7435.75,7437.75,7432.5,7436.75,12506
2026-05-11 22:50:00,7436.75,7444.75,7436.25,7444.25,20487
2026-05-11 22:55:00,7444.25,7445.75,7440.25,7443.0,12400
2026-05-11 23:00:00,7442.75,7443.75,7440.5,7442.5,8779
2026-05-11 23:05:00,7442.25,7443.0,7440.5,7442.25,6787
2026-05-11 23:10:00,7442.25,7442.75,7436.75,7437.5,10261
2026-05-11 23:15:00,7437.5,7441.25,7435.75,7441.25,9380
2026-05-11 23:20:00,7441.0,7444.25,7440.0,7444.0,7360
2026-05-11 23:25:00,7444.0,7447.25,7443.25,7447.0,10240
2026-05-11 23:30:00,7447.0,7448.0,7444.75,7445.25,11820
2026-05-11 23:35:00,7445.5,7447.0,7443.75,7447.0,8622
2026-05-11 23:40:00,7447.0,7448.25,7443.25,7444.75,12601
2026-05-11 23:45:00,7445.0,7446.75,7443.5,7445.5,13315
2026-05-11 23:50:00,7445.25,7448.75,7443.5,7448.0,7147
2026-05-11 23:55:00,7448.25,7449.75,7447.0,7448.5,6752
2026-05-12 00:00:00,7448.25,7449.25,7446.5,7447.0,6215
2026-05-12 00:05:00,7447.0,7448.0,7446.5,7446.75,4848
2026-05-12 00:10:00,7447.0,7448.25,7446.25,7447.25,4517
2026-05-12 00:15:00,7447.25,7448.25,7446.0,7446.75,5835
2026-05-12 00:20:00,7446.5,7449.25,7445.5,7449.25,6339
2026-05-12 00:25:00,7449.0,7450.5,7448.75,7449.5,7244
2026-05-12 00:30:00,7449.5,7450.5,7448.0,7449.0,5311
2026-05-12 00:35:00,7449.0,7449.75,7447.0,7447.0,4419
2026-05-12 00:40:00,7447.0,7447.5,7434.25,7442.75,32830
2026-05-12 00:45:00,7442.75,7445.25,7441.0,7441.25,10686
2026-05-12 00:50:00,7441.25,7442.5,7438.5,7439.25,8918
2026-05-12 00:55:00,7439.25,7441.0,7436.5,7439.5,8772
2026-05-12 01:00:00,7439.5,7442.0,7439.5,7441.25,6952
2026-05-12 01:05:00,7441.25,7442.75,7439.5,7440.5,4645
2026-05-12 01:10:00,7440.5,7440.5,7436.0,7436.75,7323
2026-05-12 01:15:00,7436.5,7437.5,7434.75,7435.5,8301
2026-05-12 01:20:00,7435.75,7442.5,7435.0,7442.0,9464
2026-05-12 01:25:00,7442.0,7444.75,7441.5,7444.0,7727
2026-05-12 01:30:00,7444.0,7448.5,7444.0,7447.5,9070
2026-05-12 01:35:00,7447.75,7450.5,7447.0,7449.0,7743
2026-05-12 01:40:00,7449.25,7453.0,7448.25,7452.5,7861
2026-05-12 01:45:00,7452.75,7454.75,7449.25,7449.75,8424
2026-05-12 01:50:00,7450.0,7450.75,7448.25,7448.75,5786
2026-05-12 01:55:00,7448.75,7450.25,7447.75,7448.0,5569
2026-05-12 02:00:00,7448.25,7452.75,7448.0,7452.5,6391
2026-05-12 02:05:00,7452.5,7452.75,7451.25,7451.75,3702
2026-05-12 02:10:00,7452.0,7452.0,7449.0,7449.75,5511
2026-05-12 02:15:00,7449.5,7450.25,7448.75,7449.25,3951
2026-05-12 02:20:00,7449.5,7451.5,7447.0,7449.25,9762
2026-05-12 02:25:00,7449.25,7449.75,7448.5,7449.5,3728
2026-05-12 02:30:00,7449.75,7449.75,7446.75,7447.0,5370
2026-05-12 02:35:00,7447.0,7448.0,7443.75,7444.0,5968
2026-05-12 02:40:00,7444.0,7445.25,7442.25,7443.75,9370
2026-05-12 02:45:00,7443.75,7444.0,7441.0,7441.25,7771
2026-05-12 02:50:00,7441.5,7441.75,7438.75,7439.75,8901
2026-05-12 02:55:00,7439.5,7440.25,7431.0,7431.25,16277
2026-05-12 03:00:00,7431.5,7434.5,7428.25,7429.0,17337
2026-05-12 03:05:00,7429.0,7436.25,7428.0,7435.5,13539
2026-05-12 03:10:00,7435.5,7438.0,7432.75,7434.0,11418
2026-05-12 03:15:00,7433.75,7434.25,7430.0,7431.75,9466
2026-05-12 03:20:00,7432.0,7432.5,7427.5,7430.25,10477
2026-05-12 03:25:00,7430.25,7433.0,7429.0,7431.25,10223
2026-05-12 03:30:00,7431.25,7435.0,7429.5,7432.25,11540
2026-05-12 03:35:00,7432.5,7433.0,7430.0,7432.5,9690
2026-05-12 03:40:00,7432.75,7433.75,7428.25,7428.5,9811
2026-05-12 03:45:00,7428.25,7433.25,7427.75,7433.0,12480
2026-05-12 03:50:00,7432.75,7437.0,7431.5,7435.5,19037
2026-05-12 03:55:00,7435.25,7439.0,7433.5,7438.75,73407
2026-05-12 04:00:00,7439.0,7440.25,7435.25,7436.25,19336
2026-05-12 04:05:00,7436.25,7436.25,7434.0,7434.75,4149
2026-05-12 04:10:00,7435.0,7436.25,7426.0,7434.5,15531
2026-05-12 04:15:00,7434.5,7435.5,7433.25,7435.0,2289
2026-05-12 04:20:00,7435.0,7435.0,7431.75,7432.0,1520
2026-05-12 04:25:00,7432.0,7434.75,7432.0,7434.5,1151
2026-05-12 04:30:00,7434.25,7436.75,7434.0,7436.5,1385
2026-05-12 04:35:00,7436.5,7436.5,7435.5,7436.0,1099
2026-05-12 04:40:00,7436.0,7436.25,7435.0,7435.75,1062
2026-05-12 04:45:00,7435.5,7436.0,7435.0,7435.25,972
2026-05-12 04:50:00,7435.0,7436.75,7433.5,7436.25,1833
2026-05-12 04:55:00,7436.25,7436.75,7434.5,7435.0,1150
2026-05-12 06:00:00,7435.5,7439.5,7434.25,7439.0,0
2026-05-12 06:05:00,7439.25,7439.75,7437.75,7438.5,311
2026-05-12 06:10:00,7438.5,7440.75,7438.5,7440.5,412
2026-05-12 06:15:00,7440.25,7441.5,7440.0,7441.0,313
2026-05-12 06:20:00,7441.25,7442.0,7439.75,7441.25,560
2026-05-12 06:25:00,7441.5,7441.5,7440.75,7441.25,194
2026-05-12 06:30:00,7441.25,7442.5,7441.25,7442.25,460
2026-05-12 06:35:00,7442.25,7443.0,7442.25,7442.75,177
2026-05-12 06:40:00,7442.75,7443.25,7442.5,7443.25,157
2026-05-12 06:45:00,7443.0,7443.75,7442.0,7442.25,288
2026-05-12 06:50:00,7442.0,7442.5,7441.25,7441.25,288
2026-05-12 06:55:00,7441.25,7442.0,7440.5,7441.0,244
2026-05-12 07:00:00,7441.25,7441.75,7440.75,7441.0,171
2026-05-12 07:05:00,7441.0,7441.25,7440.75,7441.0,122
2026-05-12 07:10:00,7440.75,7440.75,7440.25,7440.5,223
2026-05-12 07:15:00,7440.5,7440.75,7438.5,7439.0,467
2026-05-12 07:20:00,7439.0,7441.5,7439.0,7441.25,323
2026-05-12 07:25:00,7441.25,7441.5,7440.75,7441.5,130
2026-05-12 07:30:00,7441.25,7441.5,7440.75,7440.75,162
2026-05-12 07:35:00,7440.75,7440.75,7439.5,7440.75,200
2026-05-12 07:40:00,7440.75,7441.0,7439.75,7440.5,209
2026-05-12 07:45:00,7440.5,7440.5,7438.5,7439.75,261
2026-05-12 07:50:00,7439.75,7439.75,7437.5,7437.5,345
2026-05-12 07:55:00,7437.5,7438.75,7436.25,7438.75,665
2026-05-12 08:00:00,7438.5,7438.75,7433.25,7434.25,1520
2026-05-12 08:05:00,7434.0,7434.75,7433.25,7434.0,440
2026-05-12 08:10:00,7434.0,7434.0,7432.0,7433.0,694
2026-05-12 08:15:00,7433.0,7434.75,7432.5,7434.0,440
2026-05-12 08:20:00,7433.75,7434.25,7428.75,7429.75,1417
2026-05-12 08:25:00,7429.5,7432.25,7429.5,7431.75,727
2026-05-12 08:30:00,7431.75,7433.75,7431.0,7432.75,719
2026-05-12 08:35:00,7433.0,7434.25,7431.25,7431.25,930
2026-05-12 08:40:00,7431.5,7432.0,7429.25,7430.25,658
2026-05-12 08:45:00,7430.25,7432.0,7429.75,7431.0,607
2026-05-12 08:50:00,7430.75,7431.5,7429.75,7431.5,399
2026-05-12 08:55:00,7431.5,7431.75,7429.5,7429.75,383
2026-05-12 09:00:00,7429.75,7432.0,7429.0,7429.0,681
2026-05-12 09:05:00,7429.25,7431.75,7429.25,7431.25,486
2026-05-12 09:10:00,7431.0,7431.75,7429.75,7430.0,487
2026-05-12 09:15:00,7430.0,7430.0,7425.0,7427.25,2142
2026-05-12 09:20:00,7427.25,7428.5,7425.0,7426.25,974
2026-05-12 09:25:00,7426.0,7426.75,7423.0,7424.75,1631
2026-05-12 09:30:00,7424.25,7425.25,7420.75,7421.0,1550
2026-05-12 09:35:00,7420.75,7421.25,7415.75,7416.0,2784
2026-05-12 09:40:00,7415.75,7416.75,7411.25,7416.5,4670
2026-05-12 09:45:00,7416.5,7421.75,7416.0,7421.5,2076
2026-05-12 09:50:00,7421.5,7422.0,7418.5,7419.25,1393
2026-05-12 09:55:00,7419.0,7421.5,7417.75,7419.0,933
2026-05-12 10:00:00,7419.25,7421.5,7417.75,7420.75,1079
2026-05-12 10:05:00,7420.5,7425.25,7420.5,7425.25,1066
2026-05-12 10:10:00,7425.25,7429.0,7425.25,7427.75,1655
2026-05-12 10:15:00,7428.0,7428.25,7423.5,7423.75,1080
2026-05-12 10:20:00,7423.75,7426.5,7423.5,7425.75,448
2026-05-12 10:25:00,7425.75,7428.0,7424.0,7426.0,1173
2026-05-12 10:30:00,7425.75,7426.75,7424.5,7425.0,584
2026-05-12 10:35:00,7425.0,7425.25,7423.25,7424.0,412
2026-05-12 10:40:00,7424.0,7425.5,7423.25,7424.75,475
2026-05-12 10:45:00,7425.0,7427.5,7425.0,7426.25,533
2026-05-12 10:50:00,7426.5,7430.75,7426.25,7429.5,1070
2026-05-12 10:55:00,7429.25,7429.5,7428.25,7429.25,359
2026-05-12 11:00:00,7429.25,7430.25,7425.75,7426.5,545
2026-05-12 11:05:00,7426.5,7426.75,7425.0,7426.25,319
2026-05-12 11:10:00,7426.5,7427.75,7426.5,7427.25,259
2026-05-12 11:15:00,7427.25,7427.5,7426.25,7426.5,338
2026-05-12 11:20:00,7426.5,7427.25,7426.0,7426.5,268
2026-05-12 11:25:00,7426.25,7427.25,7425.75,7427.0,208
2026-05-12 11:30:00,7427.0,7428.5,7427.0,7427.5,255
2026-05-12 11:35:00,7427.25,7428.75,7427.0,7428.5,232
2026-05-12 11:40:00,7428.25,7429.75,7428.0,7428.5,251
2026-05-12 11:45:00,7428.5,7429.0,7426.0,7426.75,778
2026-05-12 11:50:00,7427.0,7427.0,7426.0,7426.5,193
2026-05-12 11:55:00,7426.5,7426.5,7424.25,7425.25,726
2026-05-12 12:05:00,7427.5,7427.5,7427.0,7427.25,586
2026-05-12 12:10:00,7427.25,7427.5,7424.5,7425.25,642
2026-05-12 12:15:00,7425.0,7427.5,7425.0,7427.25,304
2026-05-12 12:20:00,7427.25,7427.5,7425.25,7425.5,660
2026-05-12 12:25:00,7425.75,7426.5,7425.5,7426.0,190
2026-05-12 12:30:00,7426.0,7426.25,7425.25,7426.25,255
2026-05-12 12:35:00,7426.0,7427.5,7425.75,7426.25,310
2026-05-12 12:40:00,7426.25,7427.25,7425.75,7427.0,293
2026-05-12 12:45:00,7427.25,7427.5,7425.75,7426.0,287
2026-05-12 12:50:00,7425.75,7425.75,7421.25,7422.25,1130
2026-05-12 12:55:00,7422.25,7422.75,7420.75,7420.75,545
2026-05-12 13:00:00,7420.75,7422.75,7420.5,7422.75,672
2026-05-12 13:05:00,7422.5,7423.5,7421.5,7421.75,416
2026-05-12 13:10:00,7421.75,7422.5,7419.25,7420.25,437
2026-05-12 13:15:00,7420.25,7421.0,7418.5,7420.0,566
2026-05-12 13:20:00,7420.0,7424.0,7419.75,7422.75,756
2026-05-12 13:25:00,7422.5,7423.5,7422.25,7423.0,265
2026-05-12 13:30:00,7422.75,7423.25,7419.5,7419.75,576
2026-05-12 13:35:00,7419.75,7421.75,7419.0,7420.25,495
2026-05-12 13:40:00,7420.0,7421.0,7419.25,7420.0,542
2026-05-12 13:45:00,7420.0,7424.0,7420.0,7423.25,490
2026-05-12 13:50:00,7423.5,7423.5,7421.25,7421.75,388
2026-05-12 13:55:00,7422.0,7424.0,7421.5,7421.5,460
2026-05-12 14:00:00,7421.5,7422.75,7420.25,7421.0,771
2026-05-12 14:05:00,7421.25,7421.5,7417.75,7419.25,1250
2026-05-12 14:10:00,7419.25,7420.5,7419.0,7419.75,546
2026-05-12 14:15:00,7419.75,7420.75,7418.75,7418.75,497
2026-05-12 14:20:00,7418.75,7418.75,7415.75,7416.5,874
2026-05-12 14:25:00,7416.25,7417.5,7415.0,7415.75,1122
2026-05-12 14:30:00,7416.0,7416.75,7414.0,7415.0,856
2026-05-12 14:35:00,7415.25,7416.0,7412.0,7412.75,1278
2026-05-12 14:40:00,7412.75,7414.0,7412.25,7413.75,545
2026-05-12 14:45:00,7413.75,7415.0,7413.25,7413.5,714
2026-05-12 14:50:00,7413.25,7413.25,7410.25,7411.0,1283
2026-05-12 14:55:00,7411.0,7411.25,7408.25,7408.75,1645
2026-05-12 15:00:00,7409.0,7409.25,7404.5,7405.25,3363
2026-05-12 15:05:00,7405.0,7405.25,7402.75,7403.5,2699
2026-05-12 15:10:00,7403.5,7410.5,7402.25,7409.75,2412
2026-05-12 15:15:00,7409.75,7414.5,7409.5,7414.5,1693
2026-05-12 15:20:00,7414.5,7416.25,7413.5,7413.75,1376
2026-05-12 15:25:00,7413.5,7414.75,7410.5,7412.75,1527
2026-05-12 15:30:00,7413.0,7416.25,7412.5,7416.25,860
2026-05-12 15:35:00,7416.25,7416.75,7414.5,7416.25,1084
2026-05-12 15:40:00,7416.5,7417.25,7414.75,7415.0,753
2026-05-12 15:45:00,7415.0,7416.75,7413.5,7416.25,1039
2026-05-12 15:50:00,7416.25,7417.25,7414.75,7416.75,930
2026-05-12 15:55:00,7416.75,7417.25,7415.5,7416.0,792
2026-05-12 16:00:00,7416.0,7416.75,7411.5,7411.75,2321
2026-05-12 16:05:00,7411.75,7412.5,7410.0,7411.5,2030
2026-05-12 16:10:00,7411.75,7411.75,7407.5,7407.5,1803
2026-05-12 16:15:00,7407.5,7411.25,7405.5,7409.75,1733
2026-05-12 16:20:00,7409.75,7411.25,7409.0,7409.0,1104
2026-05-12 16:25:00,7408.75,7410.75,7408.0,7410.25,1071
2026-05-12 16:30:00,7410.5,7411.25,7408.5,7410.0,1091
2026-05-12 16:35:00,7409.75,7410.75,7408.25,7410.0,807
2026-05-12 16:40:00,7410.0,7410.5,7406.25,7407.0,1059
2026-05-12 16:45:00,7407.0,7408.75,7405.75,7406.25,1347
2026-05-12 16:50:00,7406.5,7408.25,7406.0,7408.0,648
2026-05-12 16:55:00,7408.0,7409.5,7407.0,7409.5,611
2026-05-12 17:00:00,7409.5,7411.25,7408.0,7409.5,918
2026-05-12 17:05:00,7410.0,7410.0,7403.25,7405.75,1756
2026-05-12 17:10:00,7405.75,7409.0,7405.0,7408.5,866
2026-05-12 17:15:00,7408.5,7409.0,7406.75,7407.5,601
2026-05-12 17:20:00,7407.25,7409.75,7406.25,7409.5,568
2026-05-12 17:25:00,7409.5,7411.5,7408.5,7409.5,1193
2026-05-12 17:30:00,7409.5,7416.5,7409.5,7413.5,3386
2026-05-12 17:35:00,7413.5,7414.25,7411.25,7412.75,1092
2026-05-12 17:40:00,7412.5,7413.0,7410.25,7410.25,1353
2026-05-12 17:45:00,7410.25,7412.75,7409.5,7412.0,630
2026-05-12 17:50:00,7412.0,7413.25,7409.25,7409.75,807
2026-05-12 17:55:00,7409.75,7411.75,7409.5,7411.5,548
2026-05-12 18:00:00,7411.5,7414.0,7411.5,7413.25,665
2026-05-12 18:05:00,7413.0,7413.75,7412.25,7413.5,567
2026-05-12 18:10:00,7413.75,7416.0,7413.75,7415.25,966
2026-05-12 18:15:00,7415.0,7415.25,7411.25,7412.0,1063
2026-05-12 18:20:00,7412.0,7412.5,7410.0,7411.5,1153
2026-05-12 18:25:00,7411.25,7412.5,7410.5,7412.5,607
2026-05-12 18:30:00,7412.5,7412.75,7409.75,7410.5,705
2026-05-12 18:35:00,7410.25,7413.0,7410.0,7410.0,1051
2026-05-12 18:40:00,7410.0,7410.5,7407.75,7409.75,910
2026-05-12 18:45:00,7409.5,7410.0,7406.75,7408.5,917
2026-05-12 18:50:00,7408.5,7409.5,7407.75,7408.75,900
2026-05-12 18:55:00,7408.5,7412.0,7408.5,7412.0,1246
2026-05-12 19:00:00,7411.75,7413.75,7406.25,7407.0,2360
2026-05-12 19:05:00,7407.0,7408.5,7402.0,7408.5,3339
2026-05-12 19:10:00,7408.5,7412.75,7403.5,7405.25,3333
2026-05-12 19:15:00,7405.25,7406.0,7402.75,7404.25,1283
2026-05-12 19:20:00,7404.25,7405.5,7403.25,7404.5,1443
2026-05-12 19:25:00,7404.5,7406.5,7404.25,7406.0,828
2026-05-12 19:30:00,7406.25,7407.5,7405.5,7407.0,1001
2026-05-12 19:35:00,7407.25,7411.0,7406.0,7411.0,1575
2026-05-12 19:40:00,7411.0,7412.0,7409.0,7409.0,1030
2026-05-12 19:45:00,7409.25,7411.25,7409.25,7409.75,878
2026-05-12 19:50:00,7409.75,7410.25,7407.75,7409.0,954
2026-05-12 19:55:00,7409.0,7410.5,7407.75,7407.75,1080
2026-05-12 20:00:00,7407.75,7408.25,7403.25,7403.25,2008
2026-05-12 20:05:00,7403.5,7404.75,7402.0,7404.0,1775
2026-05-12 20:10:00,7404.0,7408.25,7404.0,7407.5,1618
2026-05-12 20:15:00,7407.25,7407.75,7405.75,7406.25,1192
2026-05-12 20:20:00,7406.0,7406.75,7402.75,7403.75,1676
2026-05-12 20:25:00,7403.75,7407.5,7402.75,7407.5,1872
2026-05-12 20:30:00,7407.5,7416.5,7398.75,7408.5,8608
2026-05-12 20:35:00,7408.75,7415.25,7408.25,7414.75,7044
2026-05-12 20:40:00,7414.5,7416.5,7412.5,7414.25,4060
2026-05-12 20:45:00,7414.5,7417.5,7414.0,7416.75,3281
2026-05-12 20:50:00,7416.5,7420.25,7416.25,7419.5,3760
2026-05-12 20:55:00,7419.5,7420.75,7417.75,7419.5,2470
2026-05-12 21:00:00,7419.5,7421.25,7415.75,7417.0,4368
2026-05-12 21:05:00,7417.0,7419.5,7416.5,7419.0,2475
2026-05-12 21:10:00,7419.0,7420.75,7418.25,7418.5,2335
2026-05-12 21:15:00,7418.5,7418.5,7412.75,7415.25,4768
2026-05-12 21:20:00,7415.25,7416.5,7413.5,7415.5,2768
2026-05-12 21:25:00,7415.5,7416.25,7413.5,7414.0,4512
2026-05-12 21:30:00,7414.0,7417.5,7406.75,7408.75,34408
2026-05-12 21:35:00,7408.75,7408.75,7400.25,7405.75,26839
2026-05-12 21:40:00,7405.75,7413.0,7403.0,7412.25,24552
2026-05-12 21:45:00,7412.5,7414.0,7401.0,7402.75,25936
2026-05-12 21:50:00,7402.75,7409.5,7399.25,7403.75,21076
2026-05-12 21:55:00,7403.75,7404.25,7393.5,7396.25,30718
2026-05-12 22:00:00,7396.0,7398.25,7391.5,7396.0,30217
2026-05-12 22:05:00,7396.0,7401.25,7394.75,7398.0,21183
2026-05-12 22:10:00,7398.25,7406.5,7395.5,7406.0,20953
2026-05-12 22:15:00,7406.25,7408.75,7402.5,7407.0,17606
2026-05-12 22:20:00,7406.75,7407.75,7399.5,7400.75,15499
2026-05-12 22:25:00,7400.75,7403.5,7390.5,7394.25,22961
2026-05-12 22:30:00,7394.25,7394.75,7380.25,7385.25,36334
2026-05-12 22:35:00,7385.25,7391.75,7380.0,7391.5,24987
2026-05-12 22:40:00,7391.5,7397.0,7387.75,7391.25,20963
2026-05-12 22:45:00,7391.25,7391.5,7385.25,7386.0,18021
2026-05-12 22:50:00,7386.0,7388.0,7381.75,7385.25,17796
2026-05-12 22:55:00,7385.0,7386.5,7381.75,7383.0,13396
2026-05-12 23:00:00,7383.0,7384.25,7378.5,7379.75,19498
2026-05-12 23:05:00,7379.75,7385.5,7377.5,7385.0,18679
2026-05-12 23:10:00,7385.0,7385.5,7376.75,7377.25,12959
2026-05-12 23:15:00,7377.25,7377.5,7371.25,7374.75,22455
2026-05-12 23:20:00,7374.75,7375.75,7364.5,7366.0,21375
2026-05-12 23:25:00,7365.75,7369.5,7363.25,7368.25,23460
2026-05-12 23:30:00,7368.25,7375.25,7366.0,7373.5,22532
2026-05-12 23:35:00,7373.5,7378.0,7370.0,7376.25,14677
2026-05-12 23:40:00,7376.0,7380.75,7373.25,7380.25,12454
2026-05-12 23:45:00,7380.5,7382.75,7377.75,7378.5,11574
2026-05-12 23:50:00,7378.25,7380.0,7375.75,7376.25,11233
2026-05-12 23:55:00,7376.0,7377.5,7368.75,7369.75,14201
2026-05-13 00:00:00,7370.0,7378.5,7366.25,7377.5,18824
2026-05-13 00:05:00,7377.5,7378.5,7371.75,7373.0,9086
2026-05-13 00:10:00,7372.75,7380.0,7372.0,7378.5,9396
2026-05-13 00:15:00,7378.5,7379.25,7375.25,7375.5,7161
2026-05-13 00:20:00,7375.5,7377.75,7370.75,7373.25,8760
2026-05-13 00:25:00,7373.5,7375.25,7371.75,7372.5,8065
2026-05-13 00:30:00,7372.5,7373.25,7367.0,7370.5,11316
2026-05-13 00:35:00,7370.5,7375.5,7370.5,7373.0,8938
2026-05-13 00:40:00,7373.0,7375.0,7368.0,7369.5,8863
2026-05-13 00:45:00,7369.25,7371.0,7363.75,7366.5,11200
2026-05-13 00:50:00,7366.25,7368.5,7363.5,7365.25,10632
2026-05-13 00:55:00,7365.0,7367.5,7363.5,7366.25,8179
2026-05-13 01:00:00,7366.25,7375.0,7365.25,7373.75,11613
2026-05-13 01:05:00,7373.75,7379.25,7373.5,7375.5,13017
2026-05-13 01:10:00,7375.25,7378.75,7374.75,7378.5,9306
2026-05-13 01:15:00,7378.25,7386.25,7378.25,7386.0,13074
2026-05-13 01:20:00,7385.75,7395.75,7385.75,7390.75,19930
2026-05-13 01:25:00,7390.5,7391.0,7386.25,7388.75,14303
2026-05-13 01:30:00,7388.75,7395.25,7386.75,7394.75,14911
2026-05-13 01:35:00,7394.5,7394.75,7387.5,7391.75,12427
2026-05-13 01:40:00,7391.75,7395.0,7391.0,7393.0,8429
2026-05-13 01:45:00,7393.25,7394.25,7389.0,7391.75,8042
2026-05-13 01:50:00,7392.0,7396.5,7390.25,7396.25,10364
2026-05-13 01:55:00,7396.5,7397.25,7392.25,7396.0,12607
2026-05-13 02:00:00,7396.0,7397.75,7392.5,7397.0,17906
2026-05-13 02:05:00,7397.0,7397.25,7392.5,7394.5,7979
2026-05-13 02:10:00,7394.25,7396.75,7391.75,7395.75,8128
2026-05-13 02:15:00,7395.75,7398.5,7395.25,7397.25,9169
2026-05-13 02:20:00,7397.25,7403.5,7397.0,7403.0,12764
2026-05-13 02:25:00,7403.0,7410.0,7403.0,7407.0,24900
2026-05-13 02:30:00,7407.0,7409.75,7405.5,7406.25,11853
2026-05-13 02:35:00,7406.0,7409.25,7403.5,7406.0,9787
2026-05-13 02:40:00,7405.75,7408.5,7405.25,7407.5,5895
2026-05-13 02:45:00,7407.5,7408.0,7402.75,7405.5,9638
2026-05-13 02:50:00,7405.75,7408.75,7404.0,7407.25,7682
2026-05-13 02:55:00,7407.25,7410.5,7404.5,7405.25,10124
2026-05-13 03:00:00,7405.25,7408.5,7404.75,7407.75,6851
2026-05-13 03:05:00,7407.75,7411.5,7405.75,7409.75,9875
2026-05-13 03:10:00,7409.5,7418.5,7409.5,7416.25,14414
2026-05-13 03:15:00,7416.5,7419.5,7414.75,7415.25,11601
2026-05-13 03:20:00,7415.25,7415.75,7410.5,7414.75,9910
2026-05-13 03:25:00,7414.75,7416.5,7414.5,7416.0,6009
2026-05-13 03:30:00,7416.0,7425.75,7415.75,7424.0,14102
2026-05-13 03:35:00,7424.0,7424.5,7422.0,7423.0,11676
2026-05-13 03:40:00,7423.0,7425.75,7421.0,7425.0,10157
2026-05-13 03:45:00,7424.75,7427.0,7422.5,7425.75,13315
2026-05-13 03:50:00,7425.75,7433.75,7425.75,7428.75,35045
2026-05-13 03:55:00,7428.5,7431.0,7424.5,7428.0,103702
2026-05-13 04:00:00,7428.25,7428.75,7418.5,7419.25,30048
2026-05-13 04:05:00,7419.25,7420.0,7416.75,7417.75,5902
2026-05-13 04:10:00,7417.75,7420.25,7415.75,7420.0,5536
2026-05-13 04:15:00,7420.0,7422.0,7419.0,7419.5,2451
2026-05-13 04:20:00,7419.5,7420.5,7418.25,7418.75,1487
2026-05-13 04:25:00,7418.75,7419.5,7416.5,7419.5,2284
2026-05-13 04:30:00,7419.25,7419.5,7416.0,7416.5,1426
2026-05-13 04:35:00,7416.25,7420.25,7416.25,7419.5,1741
2026-05-13 04:40:00,7419.75,7421.0,7419.25,7419.75,1092
2026-05-13 04:45:00,7419.75,7420.5,7419.5,7420.25,1279
2026-05-13 04:50:00,7420.0,7422.25,7420.0,7421.75,1721
2026-05-13 04:55:00,7421.75,7422.0,7420.0,7420.5,1602
2026-05-13 06:00:00,7419.25,7424.25,7419.25,7424.0,0
2026-05-13 06:05:00,7424.0,7425.0,7422.75,7423.75,427
2026-05-13 06:10:00,7423.75,7424.0,7422.5,7423.0,233
2026-05-13 06:15:00,7422.75,7426.75,7422.75,7426.25,702
2026-05-13 06:20:00,7426.25,7427.5,7425.75,7426.75,788
2026-05-13 06:25:00,7426.5,7427.25,7425.25,7425.5,423
2026-05-13 06:30:00,7425.5,7426.75,7424.75,7426.0,283
2026-05-13 06:35:00,7426.0,7426.75,7425.5,7425.75,163
2026-05-13 06:40:00,7425.5,7425.75,7424.5,7424.75,333
2026-05-13 06:45:00,7424.75,7425.75,7424.5,7424.75,275
2026-05-13 06:50:00,7425.0,7425.75,7423.75,7425.0,361
2026-05-13 06:55:00,7425.0,7425.0,7421.5,7421.75,492
2026-05-13 07:00:00,7421.75,7423.0,7420.5,7420.5,555
2026-05-13 07:05:00,7420.75,7422.0,7419.75,7420.75,453
2026-05-13 07:10:00,7420.75,7423.5,7418.0,7420.25,1031
2026-05-13 07:15:00,7420.5,7421.5,7419.75,7419.75,233
2026-05-13 07:20:00,7419.75,7420.5,7418.75,7420.0,298
2026-05-13 07:25:00,7420.0,7420.5,7419.0,7419.25,229
2026-05-13 07:30:00,7419.25,7419.5,7418.0,7418.5,385
2026-05-13 07:35:00,7418.5,7418.75,7416.25,7416.5,501
2026-05-13 07:40:00,7416.25,7416.5,7412.25,7413.0,954
2026-05-13 07:45:00,7413.0,7415.75,7412.5,7414.25,835
2026-05-13 07:50:00,7414.0,7416.25,7414.0,7414.75,472
2026-05-13 07:55:00,7414.5,7414.5,7411.75,7412.0,557
2026-05-13 08:00:00,7411.75,7416.0,7410.0,7414.75,1746
2026-05-13 08:05:00,7414.75,7416.5,7413.5,7413.75,894
2026-05-13 08:10:00,7413.5,7414.0,7412.0,7412.5,719
2026-05-13 08:15:00,7412.5,7420.25,7412.25,7419.75,1432
2026-05-13 08:20:00,7419.75,7423.25,7418.0,7420.25,1140
2026-05-13 08:25:00,7420.25,7420.75,7415.5,7417.25,724
2026-05-13 08:30:00,7417.5,7418.25,7415.0,7417.5,805
2026-05-13 08:35:00,7417.25,7420.0,7416.25,7419.75,740
2026-05-13 08:40:00,7419.75,7421.75,7418.75,7419.75,891
2026-05-13 08:45:00,7419.75,7420.0,7417.25,7417.25,638
2026-05-13 08:50:00,7417.25,7419.5,7415.75,7419.25,608
2026-05-13 08:55:00,7419.25,7421.25,7418.75,7420.5,542
2026-05-13 09:00:00,7420.25,7423.75,7420.0,7422.75,863
2026-05-13 09:05:00,7422.75,7424.5,7421.0,7424.0,982
2026-05-13 09:10:00,7424.0,7425.75,7423.5,7425.0,823
2026-05-13 09:15:00,7424.75,7425.0,7421.75,7423.5,671
2026-05-13 09:20:00,7423.5,7426.25,7423.0,7424.0,1002
2026-05-13 09:25:00,7424.0,7427.0,7423.25,7426.75,865
2026-05-13 09:30:00,7426.75,7429.0,7425.0,7425.5,945
2026-05-13 09:35:00,7425.75,7428.25,7424.75,7428.0,584
2026-05-13 09:40:00,7428.0,7429.75,7427.25,7429.25,700
2026-05-13 09:45:00,7429.5,7433.0,7429.5,7432.75,1459
2026-05-13 09:50:00,7432.75,7436.5,7431.75,7432.25,2138
2026-05-13 09:55:00,7432.0,7432.25,7428.5,7429.0,1076
2026-05-13 10:00:00,7428.75,7431.0,7427.0,7427.25,1559
2026-05-13 10:05:00,7427.25,7427.5,7425.25,7426.25,693
2026-05-13 10:10:00,7426.0,7429.0,7425.75,7427.75,581
2026-05-13 10:15:00,7427.75,7429.0,7427.0,7429.0,459
2026-05-13 10:20:00,7428.75,7430.5,7428.25,7430.0,613
2026-05-13 10:25:00,7430.0,7431.5,7429.5,7431.0,789
2026-05-13 10:30:00,7431.0,7432.0,7430.75,7431.0,468
2026-05-13 10:35:00,7431.0,7431.25,7430.5,7430.5,266
2026-05-13 10:40:00,7430.25,7430.5,7429.0,7429.5,318
2026-05-13 10:45:00,7429.75,7430.25,7428.25,7429.0,377
2026-05-13 10:50:00,7429.25,7429.75,7429.0,7429.0,239
2026-05-13 10:55:00,7428.75,7430.5,7428.25,7429.25,435
2026-05-13 11:00:00,7429.0,7429.75,7426.5,7427.0,652
2026-05-13 11:05:00,7427.0,7427.25,7425.75,7427.25,397
2026-05-13 11:10:00,7427.25,7429.25,7425.5,7426.0,1080
2026-05-13 11:15:00,7426.0,7428.75,7425.75,7428.5,697
2026-05-13 11:20:00,7428.5,7429.5,7428.0,7429.0,261
2026-05-13 11:25:00,7429.25,7430.75,7429.25,7430.75,377
2026-05-13 11:30:00,7431.0,7434.0,7431.0,7433.5,528
2026-05-13 11:35:00,7433.5,7435.5,7433.5,7434.75,394
2026-05-13 11:40:00,7434.75,7436.0,7434.5,7435.5,500
2026-05-13 11:45:00,7435.25,7435.5,7434.25,7434.5,512
2026-05-13 11:50:00,7434.5,7435.25,7433.0,7434.25,402
2026-05-13 11:55:00,7434.25,7434.75,7434.25,7434.75,210
2026-05-13 12:05:00,7434.75,7434.75,7434.5,7434.5,624
2026-05-13 12:10:00,7434.5,7435.0,7433.75,7434.75,182
2026-05-13 12:15:00,7435.0,7435.25,7434.25,7434.75,288
2026-05-13 12:20:00,7434.75,7435.5,7434.5,7435.25,262
2026-05-13 12:25:00,7435.5,7436.75,7435.25,7435.75,466
2026-05-13 12:30:00,7435.75,7437.5,7434.75,7435.0,706
2026-05-13 12:35:00,7435.0,7435.75,7433.0,7435.25,463
2026-05-13 12:40:00,7435.25,7436.0,7435.0,7435.75,348
2026-05-13 12:45:00,7436.0,7436.5,7435.75,7436.5,218
2026-05-13 12:50:00,7436.5,7437.25,7435.75,7437.25,382
2026-05-13 12:55:00,7437.5,7438.5,7436.25,7437.25,771
2026-05-13 13:00:00,7437.25,7438.75,7435.5,7438.5,628
2026-05-13 13:05:00,7438.75,7439.25,7437.75,7438.25,568
2026-05-13 13:10:00,7438.5,7441.0,7438.25,7439.0,1621
2026-05-13 13:15:00,7439.0,7439.5,7438.0,7438.0,583
2026-05-13 13:20:00,7437.75,7441.75,7437.75,7440.75,929
2026-05-13 13:25:00,7441.0,7441.5,7440.0,7440.0,484
2026-05-13 13:30:00,7440.25,7441.0,7439.25,7440.25,714
2026-05-13 13:35:00,7440.25,7441.25,7439.75,7440.25,521
2026-05-13 13:40:00,7440.25,7440.75,7438.0,7439.0,697
2026-05-13 13:45:00,7439.0,7439.75,7438.5,7438.75,360
2026-05-13 13:50:00,7438.5,7439.5,7438.0,7439.0,298
2026-05-13 13:55:00,7439.0,7439.75,7439.0,7439.25,336
2026-05-13 14:00:00,7439.5,7440.25,7438.5,7440.0,677
2026-05-13 14:05:00,7439.75,7440.5,7439.25,7439.5,379
2026-05-13 14:10:00,7439.5,7441.5,7439.25,7441.5,796
2026-05-13 14:15:00,7441.5,7443.5,7440.5,7442.0,1982
2026-05-13 14:20:00,7441.75,7441.75,7438.5,7439.25,860
2026-05-13 14:25:00,7439.25,7440.25,7438.25,7439.0,695
2026-05-13 14:30:00,7438.75,7440.0,7438.25,7438.75,827
2026-05-13 14:35:00,7438.5,7439.75,7438.5,7438.75,509
2026-05-13 14:40:00,7438.5,7438.75,7437.75,7438.25,487
2026-05-13 14:45:00,7438.25,7438.25,7436.75,7437.0,539
2026-05-13 14:50:00,7437.0,7437.0,7434.25,7436.25,783
2026-05-13 14:55:00,7436.0,7437.5,7435.75,7437.25,570
2026-05-13 15:00:00,7437.5,7439.0,7436.25,7438.25,1720
2026-05-13 15:05:00,7438.25,7439.0,7436.0,7436.0,662
2026-05-13 15:10:00,7436.0,7437.5,7434.25,7437.0,799
2026-05-13 15:15:00,7437.0,7438.25,7436.0,7436.5,729
2026-05-13 15:20:00,7436.5,7437.75,7436.25,7436.5,415
2026-05-13 15:25:00,7436.5,7438.25,7436.5,7438.0,517
2026-05-13 15:30:00,7437.75,7439.0,7437.0,7439.0,437
2026-05-13 15:35:00,7438.75,7441.25,7438.75,7439.75,1464
2026-05-13 15:40:00,7439.75,7444.75,7439.5,7444.0,1675
2026-05-13 15:45:00,7444.25,7446.5,7443.5,7444.5,1744
2026-05-13 15:50:00,7444.25,7446.0,7442.75,7443.25,1170
2026-05-13 15:55:00,7443.0,7445.5,7442.75,7445.0,1329
2026-05-13 16:00:00,7445.25,7448.0,7444.0,7445.0,1923
2026-05-13 16:05:00,7445.0,7448.0,7445.0,7447.75,1126
2026-05-13 16:10:00,7447.75,7451.75,7447.75,7451.5,3365
2026-05-13 16:15:00,7451.5,7452.75,7450.75,7451.0,2005
2026-05-13 16:20:00,7451.25,7453.25,7451.25,7451.75,1204
2026-05-13 16:25:00,7451.75,7452.75,7450.75,7452.25,722
2026-05-13 16:30:00,7452.5,7453.25,7451.5,7452.25,1139
2026-05-13 16:35:00,7452.5,7453.0,7452.0,7452.75,873
2026-05-13 16:40:00,7453.0,7454.25,7452.25,7452.5,957
2026-05-13 16:45:00,7452.25,7452.5,7446.5,7447.0,1390
2026-05-13 16:50:00,7447.0,7448.75,7446.25,7447.0,1010
2026-05-13 16:55:00,7447.0,7449.0,7446.0,7447.5,1423
2026-05-13 17:00:00,7447.25,7447.5,7445.5,7446.25,951
2026-05-13 17:05:00,7446.25,7446.25,7443.75,7444.25,1487
2026-05-13 17:10:00,7444.5,7444.75,7441.5,7442.0,1592
2026-05-13 17:15:00,7442.0,7443.75,7441.25,7441.75,1177
2026-05-13 17:20:00,7441.75,7442.0,7440.25,7440.75,1215
2026-05-13 17:25:00,7441.0,7442.75,7441.0,7441.25,802
2026-05-13 17:30:00,7441.25,7443.5,7439.5,7442.75,1212
2026-05-13 17:35:00,7443.0,7445.25,7442.5,7445.0,1269
2026-05-13 17:40:00,7445.0,7445.75,7443.75,7445.5,663
2026-05-13 17:45:00,7445.5,7446.0,7443.75,7445.0,480
2026-05-13 17:50:00,7445.0,7446.0,7444.0,7445.75,408
2026-05-13 17:55:00,7446.0,7447.5,7446.0,7447.0,772
2026-05-13 18:00:00,7447.25,7447.5,7446.5,7447.0,530
2026-05-13 18:05:00,7447.0,7448.5,7446.75,7448.25,645
2026-05-13 18:10:00,7448.25,7449.0,7441.75,7443.5,1576
2026-05-13 18:15:00,7443.75,7445.0,7443.25,7443.75,698
2026-05-13 18:20:00,7444.0,7446.0,7443.0,7443.75,1735
2026-05-13 18:25:00,7443.75,7444.0,7441.75,7442.5,579
2026-05-13 18:30:00,7442.75,7444.0,7439.75,7440.75,1025
2026-05-13 18:35:00,7440.5,7441.75,7439.25,7441.5,740
2026-05-13 18:40:00,7441.25,7444.0,7441.25,7443.75,922
2026-05-13 18:45:00,7443.75,7445.0,7443.5,7443.75,807
2026-05-13 18:50:00,7443.75,7444.25,7442.75,7442.75,499
2026-05-13 18:55:00,7443.0,7443.25,7441.25,7442.75,801
2026-05-13 19:00:00,7442.5,7445.0,7440.75,7441.0,1401
2026-05-13 19:05:00,7441.0,7441.25,7438.75,7441.0,956
2026-05-13 19:10:00,7440.75,7441.5,7439.0,7440.75,1003
2026-05-13 19:15:00,7440.75,7442.0,7439.5,7440.25,1124
2026-05-13 19:20:00,7440.25,7440.75,7438.5,7439.5,959
2026-05-13 19:25:00,7439.5,7440.75,7438.75,7440.75,801
2026-05-13 19:30:00,7440.75,7444.5,7439.75,7443.5,1904
2026-05-13 19:35:00,7443.5,7444.0,7441.5,7442.25,924
2026-05-13 19:40:00,7442.25,7442.5,7441.0,7442.25,726
2026-05-13 19:45:00,7442.0,7442.75,7440.75,7440.75,1184
2026-05-13 19:50:00,7441.0,7441.75,7440.0,7441.5,983
2026-05-13 19:55:00,7441.25,7442.5,7441.0,7441.25,769
2026-05-13 20:00:00,7441.25,7446.25,7441.0,7446.0,1358
2026-05-13 20:05:00,7445.75,7445.75,7442.5,7442.75,1150
2026-05-13 20:10:00,7442.5,7442.75,7440.5,7441.0,1239
2026-05-13 20:15:00,7440.75,7441.25,7437.5,7438.25,1714
2026-05-13 20:20:00,7438.25,7438.5,7432.25,7436.0,4039
2026-05-13 20:25:00,7436.0,7439.25,7435.5,7438.75,2094
2026-05-13 20:30:00,7438.5,7438.5,7420.0,7424.5,13895
2026-05-13 20:35:00,7424.5,7427.0,7420.0,7420.5,9369
2026-05-13 20:40:00,7420.5,7424.5,7416.5,7422.75,8240
2026-05-13 20:45:00,7422.75,7424.75,7420.5,7422.0,3778
2026-05-13 20:50:00,7422.0,7424.0,7418.25,7418.75,3916
2026-05-13 20:55:00,7418.5,7423.25,7418.0,7421.0,4260
2026-05-13 21:00:00,7421.25,7431.25,7421.25,7430.25,7180
2026-05-13 21:05:00,7430.5,7432.25,7429.0,7429.75,3991
2026-05-13 21:10:00,7429.75,7431.75,7429.0,7431.5,2088
2026-05-13 21:15:00,7431.25,7433.25,7431.25,7433.0,1874
2026-05-13 21:20:00,7432.75,7435.0,7432.25,7433.75,3724
2026-05-13 21:25:00,7433.75,7434.75,7428.5,7429.25,6969
2026-05-13 21:30:00,7429.25,7429.5,7416.75,7420.25,35733
2026-05-13 21:35:00,7420.5,7420.5,7411.0,7412.0,24709
2026-05-13 21:40:00,7412.25,7419.0,7409.5,7413.5,25939
2026-05-13 21:45:00,7413.5,7413.5,7399.0,7408.0,34632
2026-05-13 21:50:00,7407.75,7414.5,7404.0,7414.25,21782
2026-05-13 21:55:00,7414.25,7417.0,7408.5,7413.5,21217
2026-05-13 22:00:00,7413.25,7418.75,7412.25,7416.5,20325
2026-05-13 22:05:00,7416.5,7419.25,7414.5,7415.5,16184
2026-05-13 22:10:00,7415.25,7421.75,7414.0,7420.5,14880
2026-05-13 22:15:00,7420.25,7422.0,7416.0,7417.25,14156
2026-05-13 22:20:00,7417.5,7429.25,7416.75,7428.5,16786
2026-05-13 22:25:00,7428.5,7432.0,7426.5,7427.5,18029
2026-05-13 22:30:00,7427.5,7431.0,7425.5,7431.0,12607
2026-05-13 22:35:00,7431.25,7431.5,7422.0,7424.0,15390
2026-05-13 22:40:00,7424.0,7430.0,7422.0,7428.25,12091
2026-05-13 22:45:00,7428.5,7430.25,7425.25,7429.25,9374
2026-05-13 22:50:00,7429.5,7434.25,7428.0,7433.25,11600
2026-05-13 22:55:00,7433.5,7434.5,7430.75,7433.0,9628
2026-05-13 23:00:00,7433.0,7438.25,7432.75,7436.25,14244
2026-05-13 23:05:00,7436.25,7436.5,7432.75,7435.75,10523
2026-05-13 23:10:00,7435.75,7436.75,7431.25,7434.0,8178
2026-05-13 23:15:00,7434.0,7437.25,7434.0,7437.25,5794
2026-05-13 23:20:00,7437.25,7438.25,7435.5,7436.75,8188
2026-05-13 23:25:00,7436.75,7438.0,7433.75,7437.25,8502
2026-05-13 23:30:00,7437.25,7440.75,7434.0,7440.75,12027
2026-05-13 23:35:00,7440.5,7442.75,7439.75,7442.25,9526
2026-05-13 23:40:00,7442.5,7447.0,7442.5,7445.75,13305
2026-05-13 23:45:00,7445.75,7445.75,7443.0,7443.25,9136
2026-05-13 23:50:00,7443.25,7444.75,7440.0,7443.75,10019
2026-05-13 23:55:00,7444.0,7444.0,7440.0,7442.0,7484
2026-05-14 00:00:00,7442.0,7446.75,7439.75,7446.25,8968
2026-05-14 00:05:00,7446.5,7448.25,7444.0,7448.0,8342
2026-05-14 00:10:00,7448.0,7451.5,7447.25,7451.25,10555
2026-05-14 00:15:00,7451.25,7453.25,7449.5,7452.0,10566
2026-05-14 00:20:00,7452.0,7463.75,7451.25,7461.25,17426
2026-05-14 00:25:00,7461.5,7464.75,7457.75,7462.5,17791
2026-05-14 00:30:00,7462.25,7463.5,7458.75,7462.5,14659
2026-05-14 00:35:00,7462.5,7463.5,7460.75,7462.0,9733
2026-05-14 00:40:00,7461.75,7463.0,7460.75,7461.0,6837
2026-05-14 00:45:00,7461.0,7462.5,7459.0,7460.0,7788
2026-05-14 00:50:00,7460.25,7463.75,7459.75,7463.25,7977
2026-05-14 00:55:00,7463.5,7467.75,7463.25,7465.25,12625
2026-05-14 01:00:00,7465.5,7470.75,7465.5,7469.25,8296
2026-05-14 01:05:00,7469.25,7474.0,7469.0,7471.75,8768
2026-05-14 01:10:00,7472.0,7474.0,7470.5,7471.5,7334
2026-05-14 01:15:00,7471.5,7472.75,7468.75,7469.75,7805
2026-05-14 01:20:00,7469.75,7471.5,7468.25,7468.5,6250
2026-05-14 01:25:00,7468.5,7473.0,7467.75,7471.0,6490
2026-05-14 01:30:00,7470.75,7471.75,7467.5,7467.75,6936
2026-05-14 01:35:00,7467.5,7470.0,7466.5,7468.75,6477
2026-05-14 01:40:00,7468.5,7471.5,7468.5,7471.0,4924
2026-05-14 01:45:00,7471.0,7472.5,7470.25,7470.5,5567
2026-05-14 01:50:00,7470.5,7472.5,7470.0,7470.25,3363
2026-05-14 01:55:00,7470.0,7470.5,7466.0,7466.25,5959
2026-05-14 02:00:00,7466.25,7472.25,7465.75,7472.0,7361
2026-05-14 02:05:00,7472.0,7473.75,7470.75,7472.75,6547
2026-05-14 02:10:00,7472.5,7478.75,7472.25,7478.25,10607
2026-05-14 02:15:00,7478.25,7483.75,7478.25,7481.0,17165
2026-05-14 02:20:00,7481.0,7483.75,7480.25,7481.5,7865
2026-05-14 02:25:00,7481.5,7482.75,7480.0,7480.25,5993
2026-05-14 02:30:00,7480.25,7480.25,7476.5,7478.25,9345
2026-05-14 02:35:00,7478.0,7478.25,7473.25,7475.75,8712
2026-05-14 02:40:00,7475.75,7477.25,7473.25,7473.25,6522
2026-05-14 02:45:00,7473.5,7477.25,7473.0,7475.5,8538
2026-05-14 02:50:00,7475.5,7478.5,7474.5,7477.25,10070
2026-05-14 02:55:00,7477.5,7477.5,7470.75,7471.5,9846
2026-05-14 03:00:00,7471.5,7476.5,7471.25,7476.25,9586
2026-05-14 03:05:00,7476.25,7478.75,7473.75,7478.25,8725
2026-05-14 03:10:00,7478.0,7480.5,7477.75,7480.25,8353
2026-05-14 03:15:00,7480.5,7482.25,7478.25,7481.25,7232
2026-05-14 03:20:00,7481.25,7482.0,7475.5,7476.0,8163
2026-05-14 03:25:00,7476.25,7479.75,7475.0,7479.75,8774
2026-05-14 03:30:00,7479.75,7480.25,7475.5,7476.5,8295
2026-05-14 03:35:00,7476.75,7479.5,7475.0,7478.75,7301
2026-05-14 03:40:00,7478.75,7480.0,7477.75,7479.75,6267
2026-05-14 03:45:00,7479.75,7481.25,7478.25,7479.0,8705
2026-05-14 03:50:00,7479.0,7479.0,7468.0,7470.0,33798
2026-05-14 03:55:00,7470.0,7471.25,7467.75,7468.5,68548
2026-05-14 04:00:00,7468.5,7472.0,7466.5,7469.25,22455
2026-05-14 04:05:00,7469.0,7472.75,7468.75,7471.75,5678
2026-05-14 04:10:00,7471.5,7473.75,7470.75,7472.5,4268
2026-05-14 04:15:00,7472.5,7473.75,7472.0,7472.75,3069
2026-05-14 04:20:00,7472.75,7473.75,7472.25,7473.5,1806
2026-05-14 04:25:00,7473.5,7474.75,7472.75,7474.25,1634
2026-05-14 04:30:00,7474.0,7477.0,7474.0,7476.75,1900
2026-05-14 04:35:00,7476.75,7478.0,7476.75,7477.25,1620
2026-05-14 04:40:00,7477.5,7477.5,7476.0,7476.75,1622
2026-05-14 04:45:00,7476.5,7476.5,7474.75,7475.25,1100
2026-05-14 04:50:00,7475.0,7476.5,7475.0,7475.5,1157
2026-05-14 04:55:00,7475.75,7476.25,7475.75,7476.0,1795
2026-05-14 06:00:00,7477.5,7477.75,7472.5,7476.75,0
2026-05-14 06:05:00,7477.0,7478.5,7475.75,7476.25,691
2026-05-14 06:10:00,7476.5,7477.5,7476.0,7477.0,289
2026-05-14 06:15:00,7477.0,7479.25,7474.75,7476.5,1373
2026-05-14 06:20:00,7476.0,7476.25,7474.25,7474.75,268
2026-05-14 06:25:00,7475.0,7476.0,7474.25,7475.75,275
2026-05-14 06:30:00,7475.5,7476.5,7475.25,7476.0,174
2026-05-14 06:35:00,7476.0,7477.0,7476.0,7476.0,223
2026-05-14 06:40:00,7475.75,7478.25,7475.75,7478.25,214
2026-05-14 06:45:00,7478.0,7480.0,7477.75,7479.5,587
2026-05-14 06:50:00,7479.5,7481.75,7479.5,7480.0,896
2026-05-14 06:55:00,7479.75,7480.0,7478.5,7479.0,609
2026-05-14 07:00:00,7479.0,7481.75,7478.75,7481.0,612
2026-05-14 07:05:00,7481.0,7483.75,7480.75,7481.5,1408
2026-05-14 07:10:00,7481.25,7483.25,7481.0,7482.5,536
2026-05-14 07:15:00,7482.25,7482.75,7481.5,7481.5,237
2026-05-14 07:20:00,7481.5,7482.0,7479.5,7480.25,535
2026-05-14 07:25:00,7480.5,7480.75,7479.25,7479.5,198
2026-05-14 07:30:00,7479.5,7480.5,7477.0,7478.0,569
2026-05-14 07:35:00,7478.5,7478.75,7477.25,7477.5,222
2026-05-14 07:40:00,7477.5,7478.75,7477.0,7478.5,194
2026-05-14 07:45:00,7478.5,7479.75,7477.75,7477.75,435
2026-05-14 07:50:00,7477.75,7481.0,7477.25,7480.5,339
2026-05-14 07:55:00,7480.25,7480.75,7479.5,7480.5,264
2026-05-14 08:00:00,7480.25,7480.5,7475.5,7476.5,1019
2026-05-14 08:05:00,7476.5,7479.5,7476.25,7478.0,746
2026-05-14 08:10:00,7478.25,7481.25,7477.5,7481.0,502
2026-05-14 08:15:00,7481.25,7484.5,7480.0,7481.0,1107
2026-05-14 08:20:00,7481.0,7483.5,7480.5,7483.5,611
2026-05-14 08:25:00,7483.5,7485.25,7483.5,7484.25,941
2026-05-14 08:30:00,7484.5,7488.75,7484.5,7486.0,2381
2026-05-14 08:35:00,7485.75,7487.0,7485.25,7486.5,502
2026-05-14 08:40:00,7486.75,7486.75,7485.0,7486.5,602
2026-05-14 08:45:00,7486.25,7488.25,7486.25,7487.5,615
2026-05-14 08:50:00,7487.75,7488.0,7485.75,7487.25,685
2026-05-14 08:55:00,7487.25,7489.0,7487.25,7487.75,507
2026-05-14 09:00:00,7487.75,7487.75,7485.25,7486.25,857
2026-05-14 09:05:00,7486.5,7486.5,7485.0,7485.5,330
2026-05-14 09:10:00,7485.75,7486.5,7484.5,7485.25,403
2026-05-14 09:15:00,7485.25,7485.5,7482.5,7483.5,881
2026-05-14 09:20:00,7483.75,7485.75,7483.0,7484.75,770
2026-05-14 09:25:00,7484.75,7486.5,7484.5,7486.25,433
2026-05-14 09:30:00,7486.25,7487.0,7483.5,7483.75,486
2026-05-14 09:35:00,7483.5,7484.5,7483.0,7484.25,361
2026-05-14 09:40:00,7484.25,7484.75,7481.0,7482.75,723
2026-05-14 09:45:00,7482.5,7482.5,7478.75,7481.25,1234
2026-05-14 09:50:00,7481.5,7482.25,7479.25,7480.75,683
2026-05-14 09:55:00,7480.5,7480.75,7477.75,7478.75,745
2026-05-14 10:00:00,7478.5,7481.25,7477.5,7481.25,625
2026-05-14 10:05:00,7481.0,7481.75,7479.75,7480.75,232
2026-05-14 10:10:00,7480.75,7480.75,7479.0,7480.0,717
2026-05-14 10:15:00,7480.0,7480.75,7479.0,7479.0,741
2026-05-14 10:20:00,7479.25,7481.5,7479.25,7480.5,1243
2026-05-14 10:25:00,7480.75,7482.25,7480.25,7481.75,334
2026-05-14 10:30:00,7481.5,7483.25,7481.0,7482.25,497
2026-05-14 10:35:00,7482.25,7484.0,7482.25,7482.5,276
2026-05-14 10:40:00,7482.75,7483.0,7481.5,7482.75,257
2026-05-14 10:45:00,7482.75,7482.75,7477.5,7478.75,1231
2026-05-14 10:50:00,7478.5,7479.75,7476.5,7479.25,459
2026-05-14 10:55:00,7479.25,7479.25,7478.0,7478.5,219
2026-05-14 11:00:00,7478.5,7481.0,7477.5,7481.0,465
2026-05-14 11:05:00,7481.0,7481.25,7479.25,7480.75,313
2026-05-14 11:10:00,7480.75,7482.5,7480.5,7481.25,419
2026-05-14 11:15:00,7481.25,7482.75,7479.25,7479.5,601
2026-05-14 11:20:00,7479.5,7479.5,7477.25,7477.5,737
2026-05-14 11:25:00,7477.75,7480.75,7477.5,7480.25,305
2026-05-14 11:30:00,7480.25,7480.5,7476.0,7476.75,697
2026-05-14 11:35:00,7476.75,7477.25,7474.25,7474.25,595
2026-05-14 11:40:00,7474.25,7476.25,7473.75,7475.0,578
2026-05-14 11:45:00,7475.0,7476.0,7472.25,7473.5,770
2026-05-14 11:50:00,7473.75,7474.5,7473.25,7473.75,309
2026-05-14 11:55:00,7473.75,7473.75,7471.75,7472.25,641
2026-05-14 12:05:00,7473.5,7474.75,7473.5,7474.5,1256
2026-05-14 12:10:00,7474.25,7475.25,7473.75,7474.75,532
2026-05-14 12:15:00,7475.0,7476.0,7474.0,7475.75,287
2026-05-14 12:20:00,7475.75,7477.5,7475.75,7477.0,321
2026-05-14 12:25:00,7477.25,7478.25,7477.0,7477.5,322
2026-05-14 12:30:00,7477.5,7478.5,7477.5,7478.25,285
2026-05-14 12:35:00,7478.25,7479.25,7478.0,7479.0,267
2026-05-14 12:40:00,7479.0,7480.25,7478.0,7479.0,451
2026-05-14 12:45:00,7479.0,7481.75,7478.25,7480.75,510
2026-05-14 12:50:00,7480.5,7480.5,7477.0,7478.5,561
2026-05-14 12:55:00,7478.75,7478.75,7476.5,7477.5,311
2026-05-14 13:00:00,7477.5,7479.25,7476.25,7479.25,431
2026-05-14 13:05:00,7479.0,7479.5,7477.0,7478.0,290
2026-05-14 13:10:00,7477.75,7479.0,7476.0,7476.25,457
2026-05-14 13:15:00,7476.25,7476.25,7473.25,7474.0,773
2026-05-14 13:20:00,7474.0,7477.75,7474.0,7476.5,292
2026-05-14 13:25:00,7476.25,7476.75,7475.0,7476.75,363
2026-05-14 13:30:00,7477.0,7478.75,7475.75,7477.25,492
2026-05-14 13:35:00,7477.25,7477.75,7476.0,7476.25,373
2026-05-14 13:40:00,7476.5,7477.25,7474.75,7476.75,526
2026-05-14 13:45:00,7477.0,7486.75,7477.0,7480.75,2918
2026-05-14 13:50:00,7481.0,7484.0,7481.0,7484.0,773
2026-05-14 13:55:00,7483.75,7484.0,7481.5,7483.0,708
2026-05-14 14:00:00,7483.25,7486.75,7483.0,7486.5,969
2026-05-14 14:05:00,7486.5,7489.5,7486.5,7488.0,1142
2026-05-14 14:10:00,7488.0,7488.75,7484.25,7487.0,683
2026-05-14 14:15:00,7487.0,7487.25,7485.5,7486.0,529
2026-05-14 14:20:00,7486.25,7489.25,7486.25,7487.25,907
2026-05-14 14:25:00,7487.25,7488.0,7486.25,7486.75,740
2026-05-14 14:30:00,7486.75,7487.75,7486.5,7487.5,673
2026-05-14 14:35:00,7487.5,7489.0,7487.25,7489.0,678
2026-05-14 14:40:00,7488.75,7489.25,7486.75,7488.25,792
2026-05-14 14:45:00,7488.25,7488.75,7485.5,7486.0,1250
2026-05-14 14:50:00,7486.0,7488.75,7486.0,7488.5,528
2026-05-14 14:55:00,7488.5,7489.0,7484.75,7485.0,647
2026-05-14 15:00:00,7485.0,7486.75,7483.0,7485.25,1337
2026-05-14 15:05:00,7485.25,7485.25,7481.5,7482.75,1240
2026-05-14 15:10:00,7482.5,7483.75,7481.5,7483.5,661
2026-05-14 15:15:00,7483.25,7485.25,7483.0,7484.75,611
2026-05-14 15:20:00,7484.75,7485.25,7483.25,7483.75,460
2026-05-14 15:25:00,7484.0,7485.25,7483.75,7484.5,400
2026-05-14 15:30:00,7484.5,7487.5,7484.25,7486.75,1259
2026-05-14 15:35:00,7486.75,7488.75,7486.5,7487.25,576
2026-05-14 15:40:00,7487.5,7489.0,7486.75,7486.75,686
2026-05-14 15:45:00,7487.0,7488.5,7485.75,7486.0,637
2026-05-14 15:50:00,7485.75,7488.0,7484.0,7484.5,681
2026-05-14 15:55:00,7484.5,7485.25,7478.25,7479.25,1410
2026-05-14 16:00:00,7479.5,7482.0,7478.5,7478.75,1414
2026-05-14 16:05:00,7478.75,7484.5,7478.0,7482.0,1209
2026-05-14 16:10:00,7482.5,7486.5,7481.75,7486.5,1297
2026-05-14 16:15:00,7486.5,7491.75,7486.25,7487.75,2122
2026-05-14 16:20:00,7487.75,7489.25,7486.25,7486.25,1515
2026-05-14 16:25:00,7486.25,7489.75,7486.25,7488.25,1831
2026-05-14 16:30:00,7488.0,7491.25,7487.75,7488.75,1568
2026-05-14 16:35:00,7488.5,7489.5,7486.75,7487.0,873
2026-05-14 16:40:00,7487.0,7488.0,7482.75,7483.5,1444
2026-05-14 16:45:00,7483.75,7485.0,7482.25,7483.5,828
2026-05-14 16:50:00,7483.75,7486.5,7483.25,7486.25,561
2026-05-14 16:55:00,7486.0,7488.25,7485.75,7487.75,745
2026-05-14 17:00:00,7488.0,7490.0,7487.5,7487.75,864
2026-05-14 17:05:00,7487.75,7488.75,7486.5,7487.5,765
2026-05-14 17:10:00,7487.5,7490.0,7483.0,7485.5,3217
2026-05-14 17:15:00,7485.25,7486.0,7484.0,7484.75,464
2026-05-14 17:20:00,7484.75,7486.0,7483.75,7484.0,425
2026-05-14 17:25:00,7484.0,7484.75,7482.25,7483.0,617
2026-05-14 17:30:00,7483.0,7484.5,7481.75,7484.25,832
2026-05-14 17:35:00,7484.25,7484.25,7475.25,7477.25,2200
2026-05-14 17:40:00,7477.0,7481.0,7477.0,7480.75,1214
2026-05-14 17:45:00,7480.75,7485.75,7479.75,7485.25,995
2026-05-14 17:50:00,7485.25,7486.75,7484.5,7485.75,888
2026-05-14 17:55:00,7485.5,7486.0,7484.75,7485.0,542
2026-05-14 18:00:00,7485.0,7488.75,7484.75,7488.75,973
2026-05-14 18:05:00,7488.75,7489.5,7488.0,7488.75,1065
2026-05-14 18:10:00,7488.75,7496.25,7488.0,7489.0,6091
2026-05-14 18:15:00,7489.25,7494.0,7488.0,7492.25,1623
2026-05-14 18:20:00,7492.25,7492.5,7488.0,7488.25,1154
2026-05-14 18:25:00,7488.0,7491.75,7488.0,7489.25,1223
2026-05-14 18:30:00,7489.25,7490.25,7487.0,7487.5,610
2026-05-14 18:35:00,7487.5,7488.25,7486.0,7486.25,710
2026-05-14 18:40:00,7486.25,7486.25,7483.25,7485.25,1111
2026-05-14 18:45:00,7485.5,7486.5,7484.0,7486.5,610
2026-05-14 18:50:00,7486.75,7492.75,7486.0,7491.0,2217
2026-05-14 18:55:00,7491.0,7491.75,7488.0,7488.5,1221
2026-05-14 19:00:00,7488.25,7492.0,7487.75,7491.5,981
2026-05-14 19:05:00,7491.75,7494.0,7490.5,7493.75,985
2026-05-14 19:10:00,7493.75,7495.0,7493.0,7493.25,1380
2026-05-14 19:15:00,7493.25,7494.0,7491.75,7492.0,1012
2026-05-14 19:20:00,7492.0,7493.75,7487.75,7488.25,1273
2026-05-14 19:25:00,7488.25,7488.25,7485.0,7486.75,1101
2026-05-14 19:30:00,7486.75,7489.5,7486.75,7489.0,808
2026-05-14 19:35:00,7489.25,7490.75,7488.75,7489.5,689
2026-05-14 19:40:00,7489.75,7490.75,7489.5,7490.25,879
2026-05-14 19:45:00,7490.25,7494.75,7490.25,7494.25,1221
2026-05-14 19:50:00,7494.0,7494.75,7493.25,7493.75,1110
2026-05-14 19:55:00,7493.75,7494.5,7490.75,7491.0,1618
2026-05-14 20:00:00,7491.0,7496.0,7491.0,7495.5,1739
2026-05-14 20:05:00,7495.25,7496.5,7495.0,7495.75,994
2026-05-14 20:10:00,7496.0,7496.75,7493.0,7494.0,1667
2026-05-14 20:15:00,7494.0,7496.0,7493.75,7494.25,1112
2026-05-14 20:20:00,7494.5,7499.0,7494.5,7497.75,3050
2026-05-14 20:25:00,7498.0,7499.25,7496.0,7496.5,2926
2026-05-14 20:30:00,7496.5,7497.0,7493.5,7496.0,2460
2026-05-14 20:35:00,7495.75,7496.25,7492.5,7493.75,1682
2026-05-14 20:40:00,7493.75,7494.75,7492.25,7492.25,1331
2026-05-14 20:45:00,7492.25,7492.5,7490.75,7491.5,1771
2026-05-14 20:50:00,7491.75,7491.75,7487.75,7488.0,2158
2026-05-14 20:55:00,7487.75,7490.5,7486.0,7489.75,2328
2026-05-14 21:00:00,7489.5,7489.5,7487.25,7489.0,2780
2026-05-14 21:05:00,7489.0,7489.25,7485.0,7485.5,2942
2026-05-14 21:10:00,7485.5,7486.25,7482.0,7485.0,4027
2026-05-14 21:15:00,7484.75,7486.0,7483.75,7484.0,1803
2026-05-14 21:20:00,7483.75,7487.25,7483.25,7486.5,2005
2026-05-14 21:25:00,7486.5,7486.75,7480.5,7481.0,6208
2026-05-14 21:30:00,7481.0,7492.75,7479.75,7492.5,33276
2026-05-14 21:35:00,7492.25,7498.5,7487.0,7497.25,19769
2026-05-14 21:40:00,7497.25,7500.5,7496.75,7498.25,21317
2026-05-14 21:45:00,7498.25,7503.25,7496.25,7501.25,24964
2026-05-14 21:50:00,7501.25,7503.25,7493.25,7494.5,20887
2026-05-14 21:55:00,7494.25,7499.0,7485.75,7488.5,22792
2026-05-14 22:00:00,7488.5,7497.0,7486.75,7497.0,17786
2026-05-14 22:05:00,7497.0,7499.25,7492.25,7494.5,16956
2026-05-14 22:10:00,7494.75,7500.75,7492.25,7499.25,13536
2026-05-14 22:15:00,7499.25,7505.5,7498.75,7505.0,12966
2026-05-14 22:20:00,7505.0,7508.0,7502.75,7503.75,17036
2026-05-14 22:25:00,7503.5,7504.0,7499.25,7503.75,15892
2026-05-14 22:30:00,7503.75,7504.75,7501.5,7504.0,11602
2026-05-14 22:35:00,7504.0,7511.0,7502.0,7510.75,12183
2026-05-14 22:40:00,7510.75,7514.75,7509.75,7514.5,17183
2026-05-14 22:45:00,7514.5,7517.25,7514.5,7517.0,16090
2026-05-14 22:50:00,7517.0,7520.0,7514.75,7518.0,20536
2026-05-14 22:55:00,7518.0,7520.0,7515.5,7516.5,13762
2026-05-14 23:00:00,7516.5,7522.75,7515.75,7520.5,14673
2026-05-14 23:05:00,7520.5,7523.25,7520.0,7522.25,12283
2026-05-14 23:10:00,7522.25,7525.0,7521.5,7525.0,10022
2026-05-14 23:15:00,7525.0,7530.25,7525.0,7529.25,13733
2026-05-14 23:20:00,7529.0,7532.5,7528.0,7529.5,15053
2026-05-14 23:25:00,7529.5,7533.0,7529.5,7530.0,13601
2026-05-14 23:30:00,7529.75,7533.0,7529.0,7531.25,11194
2026-05-14 23:35:00,7531.5,7531.75,7526.75,7529.5,13636
2026-05-14 23:40:00,7529.25,7533.0,7528.0,7532.25,10562
2026-05-14 23:45:00,7532.25,7532.5,7530.5,7532.25,9011
2026-05-14 23:50:00,7532.5,7532.75,7530.75,7531.25,10136
2026-05-14 23:55:00,7531.25,7537.5,7531.25,7537.25,12917
2026-05-15 00:00:00,7537.0,7539.5,7536.25,7539.0,11406
2026-05-15 00:05:00,7539.0,7540.0,7536.25,7536.5,10630
2026-05-15 00:10:00,7536.25,7538.25,7533.75,7534.25,11640
2026-05-15 00:15:00,7534.0,7538.0,7533.75,7534.75,9308
2026-05-15 00:20:00,7534.75,7538.0,7530.75,7531.0,12283
2026-05-15 00:25:00,7531.0,7532.0,7522.75,7524.25,21743
2026-05-15 00:30:00,7524.5,7527.0,7518.0,7520.75,21047
2026-05-15 00:35:00,7520.5,7525.75,7520.0,7525.75,14554
2026-05-15 00:40:00,7525.75,7527.75,7522.25,7522.75,11437
2026-05-15 00:45:00,7522.75,7526.75,7518.75,7525.0,18029
2026-05-15 00:50:00,7525.0,7525.0,7519.25,7522.0,9553
2026-05-15 00:55:00,7522.0,7522.75,7515.75,7522.75,13000
2026-05-15 01:00:00,7522.5,7527.5,7522.25,7526.0,9606
2026-05-15 01:05:00,7526.0,7526.25,7518.5,7518.5,10772
2026-05-15 01:10:00,7518.5,7522.25,7513.75,7515.0,12972
2026-05-15 01:15:00,7515.0,7516.25,7508.25,7509.0,20406
2026-05-15 01:20:00,7509.0,7513.75,7507.0,7511.25,16041
2026-05-15 01:25:00,7511.5,7514.0,7507.25,7513.5,13639
2026-05-15 01:30:00,7513.5,7517.75,7511.0,7514.75,12941
2026-05-15 01:35:00,7515.0,7522.0,7514.75,7520.75,9603
2026-05-15 01:40:00,7521.0,7523.75,7518.25,7521.5,9290
2026-05-15 01:45:00,7521.75,7526.75,7521.5,7525.75,9252
2026-05-15 01:50:00,7525.75,7527.0,7522.75,7523.25,7574
2026-05-15 01:55:00,7523.25,7526.0,7521.0,7521.5,6692
2026-05-15 02:00:00,7521.5,7521.5,7511.0,7513.25,18317
2026-05-15 02:05:00,7513.25,7518.0,7512.0,7517.5,11096
2026-05-15 02:10:00,7517.75,7522.75,7516.0,7522.75,11114
2026-05-15 02:15:00,7522.5,7527.5,7522.0,7527.0,9525
2026-05-15 02:20:00,7527.25,7527.5,7522.5,7524.5,8574
2026-05-15 02:25:00,7524.5,7525.25,7518.0,7519.75,10171
2026-05-15 02:30:00,7520.0,7525.25,7519.75,7522.25,7068
2026-05-15 02:35:00,7522.25,7524.25,7519.75,7522.0,6194
2026-05-15 02:40:00,7522.0,7524.25,7517.75,7521.75,5836
2026-05-15 02:45:00,7522.0,7525.25,7519.5,7524.75,7603
2026-05-15 02:50:00,7524.75,7525.5,7522.0,7524.0,6925
2026-05-15 02:55:00,7524.0,7528.0,7523.25,7527.5,8797
2026-05-15 03:00:00,7527.5,7531.0,7527.5,7529.0,10113
2026-05-15 03:05:00,7529.25,7531.0,7526.25,7530.25,6664
2026-05-15 03:10:00,7530.25,7531.25,7526.0,7528.5,8662
2026-05-15 03:15:00,7528.25,7530.5,7528.0,7528.75,5818
2026-05-15 03:20:00,7528.75,7530.75,7527.25,7528.5,7059
2026-05-15 03:25:00,7528.5,7529.25,7524.25,7525.0,9824
2026-05-15 03:30:00,7525.25,7529.75,7524.0,7527.75,8965
2026-05-15 03:35:00,7527.5,7529.75,7525.25,7528.5,7682
2026-05-15 03:40:00,7528.5,7531.25,7527.75,7529.75,8338
2026-05-15 03:45:00,7529.5,7530.5,7526.75,7527.5,10242
2026-05-15 03:50:00,7527.75,7529.0,7522.5,7526.25,26939
2026-05-15 03:55:00,7526.5,7527.25,7522.5,7526.0,69635
2026-05-15 04:00:00,7526.0,7530.0,7525.75,7529.25,23547
2026-05-15 04:05:00,7529.25,7529.25,7527.25,7527.5,4772
2026-05-15 04:10:00,7527.5,7529.0,7526.75,7527.0,5200
2026-05-15 04:15:00,7526.75,7527.25,7519.75,7522.5,7349
2026-05-15 04:20:00,7522.5,7524.5,7519.25,7521.75,2389
2026-05-15 04:25:00,7521.75,7522.0,7518.5,7519.75,1584
2026-05-15 04:30:00,7519.5,7521.5,7519.0,7520.75,1242
2026-05-15 04:35:00,7520.75,7521.75,7519.0,7520.0,1488
2026-05-15 04:40:00,7520.0,7521.5,7518.25,7520.0,1395
2026-05-15 04:45:00,7520.0,7524.0,7520.0,7522.25,2016
2026-05-15 04:50:00,7522.25,7522.75,7520.0,7521.5,1391
2026-05-15 04:55:00,7521.5,7523.0,7520.75,7523.0,1094
2026-05-15 06:00:00,7522.25,7526.0,7521.25,7525.0,0
2026-05-15 06:05:00,7524.75,7527.0,7523.5,7524.0,822
2026-05-15 06:10:00,7524.0,7524.25,7523.25,7523.5,358
2026-05-15 06:15:00,7523.5,7523.5,7520.75,7521.75,540
2026-05-15 06:20:00,7522.0,7522.25,7520.5,7521.5,277
2026-05-15 06:25:00,7521.5,7524.0,7521.5,7524.0,366
2026-05-15 06:30:00,7523.75,7525.5,7523.5,7524.25,395
2026-05-15 06:35:00,7524.25,7525.0,7523.75,7524.25,214
2026-05-15 06:40:00,7524.25,7524.5,7523.75,7524.5,259
2026-05-15 06:45:00,7524.5,7525.75,7524.0,7524.5,345
2026-05-15 06:50:00,7524.5,7525.0,7524.0,7524.5,183
2026-05-15 06:55:00,7524.25,7526.25,7523.75,7524.0,423
2026-05-15 07:00:00,7524.25,7525.75,7524.25,7525.5,259
2026-05-15 07:05:00,7525.5,7526.0,7524.75,7524.75,176
2026-05-15 07:10:00,7525.0,7526.5,7525.0,7526.25,162
2026-05-15 07:15:00,7526.25,7526.5,7525.5,7525.75,173
2026-05-15 07:20:00,7526.0,7526.0,7524.5,7524.75,175
2026-05-15 07:25:00,7524.5,7527.0,7524.0,7526.75,351
2026-05-15 07:30:00,7526.75,7527.75,7526.75,7527.0,289
2026-05-15 07:35:00,7527.25,7528.25,7527.0,7527.25,251
2026-05-15 07:40:00,7527.5,7527.75,7526.5,7526.5,201
2026-05-15 07:45:00,7526.5,7526.5,7522.75,7523.5,886
2026-05-15 07:50:00,7523.5,7523.75,7522.0,7522.0,398
2026-05-15 07:55:00,7522.0,7522.0,7519.25,7521.0,951
2026-05-15 08:00:00,7520.75,7521.75,7517.0,7518.75,1314
2026-05-15 08:05:00,7518.75,7522.75,7518.5,7522.25,867
2026-05-15 08:10:00,7522.25,7522.5,7518.75,7522.5,1003
2026-05-15 08:15:00,7522.5,7526.5,7522.25,7525.75,1054
2026-05-15 08:20:00,7525.5,7526.5,7525.0,7526.0,485
2026-05-15 08:25:00,7526.0,7526.5,7524.5,7525.5,455
2026-05-15 08:30:00,7525.75,7525.75,7523.0,7524.75,504
2026-05-15 08:35:00,7524.75,7525.25,7518.5,7521.0,800
2026-05-15 08:40:00,7521.0,7521.5,7512.75,7517.25,2205
2026-05-15 08:45:00,7517.0,7518.75,7517.0,7518.25,632
2026-05-15 08:50:00,7518.25,7519.25,7514.75,7518.75,959
2026-05-15 08:55:00,7519.0,7519.5,7517.5,7519.0,313
2026-05-15 09:00:00,7518.75,7520.0,7516.0,7517.25,621
2026-05-15 09:05:00,7517.25,7517.25,7514.0,7514.5,835
2026-05-15 09:10:00,7514.25,7515.5,7512.75,7514.25,957
2026-05-15 09:15:00,7514.25,7515.25,7511.0,7512.5,955
2026-05-15 09:20:00,7512.5,7512.75,7509.0,7509.75,1901
2026-05-15 09:25:00,7509.5,7511.0,7503.5,7504.5,2823
2026-05-15 09:30:00,7504.5,7504.75,7498.0,7502.5,3773
2026-05-15 09:35:00,7502.5,7507.0,7502.5,7506.0,1885
2026-05-15 09:40:00,7506.0,7508.0,7503.75,7504.75,1663
2026-05-15 09:45:00,7504.5,7504.75,7497.75,7499.0,2838
2026-05-15 09:50:00,7499.0,7499.5,7494.25,7497.5,2358
2026-05-15 09:55:00,7497.5,7499.5,7494.75,7495.25,1480
2026-05-15 10:00:00,7495.25,7498.5,7494.25,7498.5,1720
2026-05-15 10:05:00,7498.5,7498.75,7493.75,7497.75,2118
2026-05-15 10:10:00,7497.75,7500.25,7497.0,7498.0,1356
2026-05-15 10:15:00,7497.75,7500.5,7496.5,7500.25,1269
2026-05-15 10:20:00,7500.25,7501.5,7499.25,7501.0,957
2026-05-15 10:25:00,7501.0,7503.5,7499.75,7500.0,1198
2026-05-15 10:30:00,7500.0,7501.5,7497.25,7501.0,1373
2026-05-15 10:35:00,7501.0,7503.0,7499.5,7500.0,751
2026-05-15 10:40:00,7500.0,7504.25,7499.75,7504.25,515
2026-05-15 10:45:00,7504.0,7505.5,7502.25,7503.75,894
2026-05-15 10:50:00,7504.0,7512.0,7503.75,7509.75,3302
2026-05-15 10:55:00,7509.75,7511.0,7506.5,7508.25,1120
2026-05-15 11:00:00,7508.0,7509.25,7506.25,7506.5,1077
2026-05-15 11:05:00,7506.5,7507.5,7505.25,7505.75,760
2026-05-15 11:10:00,7505.75,7509.5,7505.75,7508.25,725
2026-05-15 11:15:00,7508.25,7509.0,7506.5,7508.25,524
2026-05-15 11:20:00,7508.0,7508.75,7506.75,7508.25,325
2026-05-15 11:25:00,7508.25,7509.25,7507.5,7508.25,402
2026-05-15 11:30:00,7508.0,7508.75,7502.5,7503.25,1240
2026-05-15 11:35:00,7503.25,7508.25,7501.25,7506.25,1538
2026-05-15 11:40:00,7506.25,7509.5,7505.75,7506.25,1059
2026-05-15 11:45:00,7506.0,7508.0,7505.5,7506.5,535
2026-05-15 11:50:00,7506.5,7507.0,7504.25,7505.0,520
2026-05-15 11:55:00,7504.75,7506.5,7503.75,7506.0,474
2026-05-15 12:05:00,7502.25,7502.5,7502.0,7502.5,1156
2026-05-15 12:10:00,7502.25,7504.0,7499.5,7503.75,1157
2026-05-15 12:15:00,7503.75,7505.0,7501.5,7501.75,384
2026-05-15 12:20:00,7502.0,7502.0,7499.75,7501.75,593
2026-05-15 12:25:00,7501.75,7502.5,7499.75,7500.5,623
2026-05-15 12:30:00,7500.0,7500.25,7496.75,7499.5,1380
2026-05-15 12:35:00,7499.5,7501.0,7497.0,7500.0,900
2026-05-15 12:40:00,7500.0,7501.75,7497.25,7497.25,592
2026-05-15 12:45:00,7497.5,7498.5,7494.25,7494.5,1260
2026-05-15 12:50:00,7494.25,7495.25,7493.25,7495.25,1431
2026-05-15 12:55:00,7495.0,7495.0,7492.25,7493.5,1157
2026-05-15 13:00:00,7493.75,7493.75,7490.75,7493.0,1862
2026-05-15 13:05:00,7493.25,7493.25,7486.5,7487.0,2673
2026-05-15 13:10:00,7487.25,7489.25,7486.0,7488.25,1614
2026-05-15 13:15:00,7488.25,7490.75,7486.25,7487.5,1131
2026-05-15 13:20:00,7487.5,7489.5,7486.0,7488.0,987
2026-05-15 13:25:00,7488.0,7488.75,7486.25,7488.25,615
2026-05-15 13:30:00,7488.75,7488.75,7481.0,7481.25,2700
2026-05-15 13:35:00,7481.25,7482.5,7479.0,7480.0,2061
2026-05-15 13:40:00,7480.0,7481.5,7476.75,7477.5,2053
2026-05-15 13:45:00,7477.5,7478.0,7471.75,7472.0,2811
2026-05-15 13:50:00,7472.25,7478.0,7471.75,7474.0,2015
2026-05-15 13:55:00,7474.0,7474.75,7466.0,7466.0,2598
2026-05-15 14:00:00,7466.25,7472.25,7463.25,7472.25,3709
2026-05-15 14:05:00,7472.25,7476.0,7470.75,7474.75,1931
2026-05-15 14:10:00,7475.0,7477.0,7472.25,7475.25,1727
2026-05-15 14:15:00,7475.5,7479.5,7473.0,7473.0,2606
2026-05-15 14:20:00,7473.0,7473.0,7464.0,7465.25,3619
2026-05-15 14:25:00,7465.0,7470.0,7463.0,7469.5,2936
2026-05-15 14:30:00,7469.75,7479.25,7468.25,7478.0,2791
2026-05-15 14:35:00,7478.25,7480.5,7476.25,7479.25,2564
2026-05-15 14:40:00,7479.25,7482.75,7479.0,7482.25,1589
2026-05-15 14:45:00,7482.25,7484.75,7481.0,7483.0,1736
2026-05-15 14:50:00,7482.75,7482.75,7478.25,7478.5,1555
2026-05-15 14:55:00,7478.5,7482.25,7478.5,7480.75,1186
2026-05-15 15:00:00,7480.5,7483.25,7479.75,7481.0,2002
2026-05-15 15:05:00,7481.25,7483.25,7478.75,7479.25,1952
2026-05-15 15:10:00,7479.25,7487.0,7479.0,7486.5,2489
2026-05-15 15:15:00,7486.5,7487.25,7482.25,7483.5,1919
2026-05-15 15:20:00,7483.5,7486.0,7482.25,7483.0,1861
2026-05-15 15:25:00,7483.0,7485.0,7481.5,7484.75,1315
2026-05-15 15:30:00,7484.75,7485.5,7480.0,7480.25,1975
2026-05-15 15:35:00,7480.25,7481.25,7476.5,7477.5,1826
2026-05-15 15:40:00,7477.5,7478.0,7473.25,7476.0,2341
2026-05-15 15:45:00,7475.75,7475.75,7472.0,7474.25,1374
2026-05-15 15:50:00,7474.25,7475.5,7472.25,7474.0,1353
2026-05-15 15:55:00,7473.75,7475.0,7472.75,7474.5,640
2026-05-15 16:00:00,7474.75,7476.0,7463.5,7464.25,3285
2026-05-15 16:05:00,7464.25,7465.5,7460.5,7464.0,4401
2026-05-15 16:10:00,7464.0,7464.75,7460.25,7461.0,2964
2026-05-15 16:15:00,7461.25,7461.25,7449.75,7454.25,5911
2026-05-15 16:20:00,7454.25,7456.5,7451.75,7456.0,3093
2026-05-15 16:25:00,7455.75,7455.75,7440.75,7442.5,6576
2026-05-15 16:30:00,7442.5,7444.25,7435.75,7444.25,5581
2026-05-15 16:35:00,7444.25,7451.25,7442.75,7450.0,3842
2026-05-15 16:40:00,7450.0,7457.25,7450.0,7457.0,3285
2026-05-15 16:45:00,7457.0,7458.5,7452.75,7453.25,3008
2026-05-15 16:50:00,7453.5,7454.25,7449.75,7450.75,1392
2026-05-15 16:55:00,7450.75,7452.0,7448.0,7450.0,1734
2026-05-15 17:00:00,7450.0,7451.0,7446.75,7450.25,1610
2026-05-15 17:05:00,7450.25,7455.0,7449.0,7452.0,1936
2026-05-15 17:10:00,7452.0,7452.75,7445.75,7447.25,1944
2026-05-15 17:15:00,7447.25,7447.5,7443.0,7444.25,2512
2026-05-15 17:20:00,7444.25,7444.25,7440.0,7443.25,2190
2026-05-15 17:25:00,7443.25,7449.5,7439.75,7449.25,2446
2026-05-15 17:30:00,7449.25,7450.25,7443.75,7448.75,1876
2026-05-15 17:35:00,7448.75,7449.25,7443.75,7447.0,2310
2026-05-15 17:40:00,7447.0,7447.25,7441.75,7443.25,1381
2026-05-15 17:45:00,7443.25,7443.25,7438.5,7442.0,2204
2026-05-15 17:50:00,7442.0,7443.25,7436.25,7443.25,3366
2026-05-15 17:55:00,7443.25,7450.25,7441.0,7445.0,4230
2026-05-15 18:00:00,7445.5,7448.5,7441.75,7442.25,2004
2026-05-15 18:05:00,7442.0,7451.25,7441.5,7449.75,2734
2026-05-15 18:10:00,7449.75,7455.0,7449.5,7454.5,2341
2026-05-15 18:15:00,7454.5,7457.75,7452.75,7453.5,3290
2026-05-15 18:20:00,7453.5,7460.5,7453.25,7459.0,2652
2026-05-15 18:25:00,7459.0,7461.5,7451.5,7453.0,2454
2026-05-15 18:30:00,7453.0,7458.75,7452.25,7458.0,1902
2026-05-15 18:35:00,7458.25,7459.0,7451.25,7452.0,2039
2026-05-15 18:40:00,7451.75,7457.5,7449.25,7457.5,2612
2026-05-15 18:45:00,7457.5,7466.0,7455.75,7461.75,6914
2026-05-15 18:50:00,7461.75,7471.5,7460.5,7466.5,6096
2026-05-15 18:55:00,7466.5,7468.5,7462.25,7464.25,2945
2026-05-15 19:00:00,7464.25,7468.5,7459.75,7460.0,3093
2026-05-15 19:05:00,7459.75,7462.75,7457.25,7458.5,2315
2026-05-15 19:10:00,7458.25,7461.75,7456.5,7461.25,1459
2026-05-15 19:15:00,7461.5,7464.0,7460.25,7462.0,1851
2026-05-15 19:20:00,7462.25,7464.75,7457.75,7458.25,1874
2026-05-15 19:25:00,7458.0,7460.75,7456.75,7459.0,1048
2026-05-15 19:30:00,7459.25,7460.5,7453.0,7455.25,1928
2026-05-15 19:35:00,7455.0,7456.75,7451.75,7453.0,1526
2026-05-15 19:40:00,7453.25,7453.25,7449.5,7449.75,2100
2026-05-15 19:45:00,7449.75,7454.5,7449.25,7453.75,1652
2026-05-15 19:50:00,7454.0,7457.5,7452.75,7454.5,1617
2026-05-15 19:55:00,7454.5,7454.75,7446.0,7446.5,3636
2026-05-15 20:00:00,7446.5,7447.0,7442.25,7444.25,3439
2026-05-15 20:05:00,7444.25,7444.75,7438.25,7441.75,3382
2026-05-15 20:10:00,7442.0,7444.25,7432.25,7432.25,7470
2026-05-15 20:15:00,7432.5,7438.25,7431.0,7437.75,6120
2026-05-15 20:20:00,7437.5,7445.0,7437.25,7440.25,4099
2026-05-15 20:25:00,7440.25,7440.75,7436.25,7438.0,3170
2026-05-15 20:30:00,7438.25,7438.5,7431.25,7434.25,4598
2026-05-15 20:35:00,7434.0,7435.75,7429.75,7432.25,5242
2026-05-15 20:40:00,7432.0,7437.25,7431.5,7431.75,3661
2026-05-15 20:45:00,7431.5,7434.0,7431.0,7432.5,3351
2026-05-15 20:50:00,7432.5,7438.5,7432.0,7438.0,4039
2026-05-15 20:55:00,7438.25,7440.5,7437.25,7437.75,2640
2026-05-15 21:00:00,7438.0,7438.0,7432.5,7437.0,4427
2026-05-15 21:05:00,7437.0,7439.0,7435.5,7437.0,3912
2026-05-15 21:10:00,7437.25,7439.75,7435.25,7439.25,3466
2026-05-15 21:15:00,7439.0,7444.25,7437.5,7443.0,5079
2026-05-15 21:20:00,7443.0,7446.5,7443.0,7446.5,4092
2026-05-15 21:25:00,7446.5,7460.0,7446.5,7459.75,23691
2026-05-15 21:30:00,7459.5,7462.0,7434.0,7442.75,60473
2026-05-15 21:35:00,7443.0,7443.25,7431.5,7432.25,36431
2026-05-15 21:40:00,7432.25,7442.0,7427.0,7427.5,34299
2026-05-15 21:45:00,7427.5,7437.75,7420.25,7437.25,41651
2026-05-15 21:50:00,7437.25,7447.75,7429.0,7445.25,34155
2026-05-15 21:55:00,7445.5,7451.0,7430.5,7432.25,30476
2026-05-15 22:00:00,7432.5,7441.5,7430.25,7434.5,29810
2026-05-15 22:05:00,7434.5,7441.5,7432.25,7437.75,24762
2026-05-15 22:10:00,7437.75,7452.25,7436.75,7452.0,25632
2026-05-15 22:15:00,7452.0,7463.0,7448.5,7460.75,31238
2026-05-15 22:20:00,7461.0,7467.75,7459.0,7459.5,30471
2026-05-15 22:25:00,7459.5,7460.25,7448.75,7452.25,29959
2026-05-15 22:30:00,7452.5,7462.25,7451.75,7461.75,26964
2026-05-15 22:35:00,7461.75,7463.75,7456.5,7459.5,16549
2026-05-15 22:40:00,7459.5,7463.25,7457.5,7461.5,16633
2026-05-15 22:45:00,7461.25,7462.25,7449.25,7452.0,20509
2026-05-15 22:50:00,7452.0,7455.75,7444.25,7455.5,25898
2026-05-15 22:55:00,7455.25,7457.75,7449.25,7450.5,15489
2026-05-15 23:00:00,7450.5,7455.25,7444.25,7448.75,17799
2026-05-15 23:05:00,7448.5,7454.25,7442.0,7454.25,16581
2026-05-15 23:10:00,7454.25,7455.25,7446.0,7449.75,15195
2026-05-15 23:15:00,7449.75,7454.5,7448.0,7453.5,11154
2026-05-15 23:20:00,7453.5,7458.75,7452.0,7453.75,13160
2026-05-15 23:25:00,7453.75,7455.5,7448.5,7453.5,14455
2026-05-15 23:30:00,7453.25,7460.5,7453.0,7454.5,18328
2026-05-15 23:35:00,7454.25,7459.75,7450.75,7451.25,13995
2026-05-15 23:40:00,7451.25,7453.75,7438.75,7442.0,17632
2026-05-15 23:45:00,7442.0,7444.75,7438.25,7439.5,14659
2026-05-15 23:50:00,7439.5,7439.75,7433.5,7436.0,18200
2026-05-15 23:55:00,7436.0,7444.5,7431.75,7443.75,19600
2026-05-16 00:00:00,7443.75,7447.25,7438.5,7440.5,16200
2026-05-16 00:05:00,7440.25,7445.25,7437.25,7444.5,11798
2026-05-16 00:10:00,7444.25,7445.25,7438.0,7445.0,9688
2026-05-16 00:15:00,7444.75,7444.75,7439.25,7443.5,7983
2026-05-16 00:20:00,7443.5,7453.25,7442.75,7452.5,10127
2026-05-16 00:25:00,7452.5,7454.75,7449.25,7454.0,11642
2026-05-16 00:30:00,7454.0,7455.75,7450.75,7454.75,10031
2026-05-16 00:35:00,7455.0,7455.25,7451.25,7454.0,7616
2026-05-16 00:40:00,7454.0,7457.25,7451.25,7456.25,7573
2026-05-16 00:45:00,7456.5,7458.0,7454.0,7454.5,7527
2026-05-16 00:50:00,7454.5,7457.0,7443.0,7444.5,10956
2026-05-16 00:55:00,7444.5,7452.25,7444.25,7450.25,9643
2026-05-16 01:00:00,7450.5,7452.5,7447.5,7451.5,8557
2026-05-16 01:05:00,7451.75,7458.0,7450.5,7456.25,8745
2026-05-16 01:10:00,7456.25,7458.25,7455.0,7457.25,5758
2026-05-16 01:15:00,7457.5,7458.75,7453.5,7458.75,7079
2026-05-16 01:20:00,7458.5,7466.0,7457.75,7465.75,12972
2026-05-16 01:25:00,7465.75,7470.5,7465.75,7466.5,13195
2026-05-16 01:30:00,7466.5,7469.5,7465.5,7469.0,10162
2026-05-16 01:35:00,7469.25,7469.75,7464.25,7467.5,8142
2026-05-16 01:40:00,7467.25,7468.0,7461.5,7465.25,7516
2026-05-16 01:45:00,7465.0,7467.25,7463.25,7464.0,6639
2026-05-16 01:50:00,7464.25,7468.25,7464.0,7467.75,5813
2026-05-16 01:55:00,7467.75,7471.0,7466.0,7470.75,7345
2026-05-16 02:00:00,7470.75,7473.5,7470.25,7472.0,9258
2026-05-16 02:05:00,7471.75,7475.75,7470.75,7471.0,10973
2026-05-16 02:10:00,7471.0,7472.75,7470.0,7471.0,6736
2026-05-16 02:15:00,7470.75,7471.5,7456.75,7458.75,17175
2026-05-16 02:20:00,7458.5,7467.75,7457.5,7463.25,12756
2026-05-16 02:25:00,7463.0,7465.25,7456.0,7458.25,10445
2026-05-16 02:30:00,7458.25,7459.25,7445.25,7449.25,20236
2026-05-16 02:35:00,7449.0,7456.0,7449.0,7455.75,11428
2026-05-16 02:40:00,7455.5,7455.5,7450.0,7454.75,7808
2026-05-16 02:45:00,7454.75,7455.5,7449.75,7453.25,6494
2026-05-16 02:50:00,7453.0,7458.0,7451.5,7457.75,9600
2026-05-16 02:55:00,7457.5,7459.75,7453.0,7457.0,9919
2026-05-16 03:00:00,7457.0,7458.5,7449.0,7449.75,10345
2026-05-16 03:05:00,7449.5,7451.75,7446.75,7448.0,12289
2026-05-16 03:10:00,7448.0,7448.25,7443.75,7447.0,12194
2026-05-16 03:15:00,7446.75,7448.0,7441.0,7445.5,11895
2026-05-16 03:20:00,7445.5,7448.5,7443.0,7443.0,11340
2026-05-16 03:25:00,7443.0,7444.75,7442.25,7442.75,9375
2026-05-16 03:30:00,7442.5,7447.75,7442.25,7445.0,12984
2026-05-16 03:35:00,7445.0,7449.0,7442.0,7447.75,9286
2026-05-16 03:40:00,7448.0,7449.5,7440.5,7441.5,14533
2026-05-16 03:45:00,7441.5,7445.75,7439.25,7444.0,16996
2026-05-16 03:50:00,7444.0,7444.0,7429.5,7431.0,32345
2026-05-16 03:55:00,7431.0,7434.75,7427.0,7432.5,119854
2026-05-16 04:00:00,7432.25,7433.0,7415.25,7420.5,45270
2026-05-16 04:05:00,7420.75,7421.0,7413.0,7413.0,14105
2026-05-16 04:10:00,7413.0,7419.75,7409.25,7419.75,12952
2026-05-16 04:15:00,7419.75,7422.5,7416.25,7417.75,5858
2026-05-16 04:20:00,7417.5,7417.75,7412.25,7414.25,3046
2026-05-16 04:25:00,7414.25,7418.5,7412.0,7417.75,2674
2026-05-16 04:30:00,7417.5,7420.0,7417.0,7418.75,2589
2026-05-16 04:35:00,7418.75,7419.75,7417.5,7418.25,1669
2026-05-16 04:40:00,7418.5,7418.5,7415.5,7417.0,1730
2026-05-16 04:45:00,7417.0,7419.25,7415.75,7418.5,1447
2026-05-16 04:50:00,7418.5,7418.75,7416.75,7418.5,1594
2026-05-16 04:55:00,7418.25,7432.25,7415.25,7432.25,3386
2026-05-18 06:10:00,7432.25,7435.0,7429.0,7430.75,1602
2026-05-18 06:15:00,7431.0,7432.5,7426.75,7429.5,1533
2026-05-18 06:20:00,7429.5,7430.0,7422.5,7423.5,2381
2026-05-18 06:25:00,7423.75,7427.25,7423.25,7427.0,918
2026-05-18 06:30:00,7427.0,7428.75,7424.75,7425.0,1043
2026-05-18 06:35:00,7425.0,7430.5,7423.25,7430.0,1402
2026-05-18 06:40:00,7429.75,7431.75,7428.75,7430.0,958
2026-05-18 06:45:00,7429.75,7432.0,7428.25,7428.75,541
2026-05-18 06:50:00,7428.75,7430.75,7427.25,7430.25,561
2026-05-18 06:55:00,7430.25,7431.0,7424.25,7429.5,1120
2026-05-18 07:00:00,7429.25,7430.75,7426.5,7427.0,589
2026-05-18 07:05:00,7427.0,7427.0,7420.0,7423.0,1884
2026-05-18 07:10:00,7423.25,7426.5,7420.75,7422.5,1073
2026-05-18 07:15:00,7422.5,7422.5,7418.25,7419.5,1060
2026-05-18 07:20:00,7419.5,7421.75,7415.25,7416.5,1541
2026-05-18 07:25:00,7416.5,7416.75,7411.75,7414.75,1998
2026-05-18 07:30:00,7414.5,7416.5,7412.25,7416.5,1184
2026-05-18 07:35:00,7416.5,7418.25,7410.5,7411.75,1317
2026-05-18 07:40:00,7411.75,7413.25,7397.75,7412.25,4780
2026-05-18 07:45:00,7412.25,7417.0,7408.75,7415.0,2306
2026-05-18 07:50:00,7415.25,7417.25,7411.25,7411.5,1601
2026-05-18 07:55:00,7411.5,7414.5,7407.5,7411.25,1513
2026-05-18 08:00:00,7411.0,7415.25,7402.75,7404.5,3253
2026-05-18 08:05:00,7404.25,7404.25,7391.0,7392.5,5920
2026-05-18 08:10:00,7392.25,7396.75,7381.5,7393.75,6546
2026-05-18 08:15:00,7393.75,7401.0,7391.5,7393.75,3641
2026-05-18 08:20:00,7393.75,7402.5,7393.5,7397.0,1936
2026-05-18 08:25:00,7397.0,7400.75,7394.5,7395.5,1488
2026-05-18 08:30:00,7395.5,7398.5,7388.5,7393.0,3498
2026-05-18 08:35:00,7393.0,7396.5,7389.75,7390.0,1590
2026-05-18 08:40:00,7390.25,7392.0,7385.75,7386.0,1404
2026-05-18 08:45:00,7386.0,7393.25,7385.0,7392.0,2281
2026-05-18 08:50:00,7391.75,7395.5,7387.25,7389.75,1470
2026-05-18 08:55:00,7389.75,7398.0,7389.75,7397.5,1938
2026-05-18 09:00:00,7397.25,7400.0,7387.5,7388.0,2045
2026-05-18 09:05:00,7388.25,7391.25,7386.0,7389.75,1128
2026-05-18 09:10:00,7390.0,7392.25,7382.0,7382.5,1905
2026-05-18 09:15:00,7382.25,7385.25,7380.0,7382.0,3481
2026-05-18 09:20:00,7382.0,7386.5,7378.0,7380.25,3048
2026-05-18 09:25:00,7380.25,7383.75,7378.25,7379.5,1441
2026-05-18 09:30:00,7379.25,7381.75,7376.0,7377.75,1368
2026-05-18 09:35:00,7377.75,7382.0,7375.0,7379.5,2103
2026-05-18 09:40:00,7379.5,7383.25,7378.0,7383.0,1745
2026-05-18 09:45:00,7383.0,7387.25,7381.25,7385.25,1941
2026-05-18 09:50:00,7385.5,7392.25,7385.25,7388.25,1948
2026-05-18 09:55:00,7388.0,7391.0,7386.5,7387.75,1113
2026-05-18 10:00:00,7387.5,7388.0,7383.25,7386.5,1611
2026-05-18 10:05:00,7386.5,7386.75,7383.0,7384.0,944
2026-05-18 10:10:00,7384.0,7390.5,7383.0,7389.0,1223
2026-05-18 10:15:00,7389.0,7392.75,7389.0,7390.75,1816
2026-05-18 10:20:00,7390.75,7391.75,7387.5,7391.75,934
2026-05-18 10:25:00,7391.75,7393.0,7389.75,7391.75,1239
2026-05-18 10:30:00,7391.75,7392.75,7389.25,7389.25,1307
2026-05-18 10:35:00,7389.5,7389.5,7386.75,7387.5,1074
2026-05-18 10:40:00,7387.5,7388.75,7386.5,7387.25,543
2026-05-18 10:45:00,7387.0,7387.0,7382.0,7382.0,823
2026-05-18 10:50:00,7382.0,7383.25,7378.75,7381.5,2848
2026-05-18 10:55:00,7381.5,7383.5,7379.75,7382.0,906
2026-05-18 11:00:00,7382.0,7388.25,7382.0,7384.25,1367
2026-05-18 11:05:00,7384.5,7388.25,7383.75,7387.0,973
2026-05-18 11:10:00,7386.75,7387.75,7381.5,7382.0,804
2026-05-18 11:15:00,7382.5,7384.5,7381.5,7381.75,553
2026-05-18 11:20:00,7381.5,7384.75,7381.5,7383.75,666
2026-05-18 11:25:00,7383.25,7385.75,7381.0,7384.75,823
2026-05-18 11:30:00,7385.0,7385.0,7378.0,7382.75,1601
2026-05-18 11:35:00,7382.75,7386.5,7380.75,7385.0,783
2026-05-18 11:40:00,7385.0,7388.25,7384.25,7387.25,720
2026-05-18 11:45:00,7387.25,7387.5,7385.25,7386.25,451
2026-05-18 11:50:00,7386.5,7387.25,7383.25,7384.0,578
2026-05-18 11:55:00,7384.25,7387.0,7383.25,7386.25,351
2026-05-18 12:00:00,7385.5,7387.25,7385.0,7385.75,683
2026-05-18 12:05:00,7385.5,7388.0,7385.5,7388.0,709
2026-05-18 12:10:00,7387.75,7392.75,7387.75,7390.5,2498
2026-05-18 12:15:00,7390.5,7393.25,7387.5,7390.5,1116
2026-05-18 12:20:00,7390.5,7390.5,7383.0,7383.5,1046
2026-05-18 12:25:00,7383.25,7383.5,7379.75,7381.0,907
2026-05-18 12:30:00,7380.75,7382.5,7379.5,7379.75,675
2026-05-18 12:35:00,7380.0,7383.25,7379.5,7380.75,866
2026-05-18 12:40:00,7380.5,7387.75,7380.5,7386.25,803
2026-05-18 12:45:00,7386.25,7389.0,7385.25,7385.75,786
2026-05-18 12:50:00,7385.75,7385.75,7383.0,7383.75,631
2026-05-18 12:55:00,7383.5,7384.75,7381.25,7384.75,535
2026-05-18 13:00:00,7384.75,7389.25,7383.25,7389.0,1060
2026-05-18 13:05:00,7389.25,7392.25,7388.0,7391.75,921
2026-05-18 13:10:00,7391.75,7392.5,7386.75,7387.25,632
2026-05-18 13:15:00,7387.0,7387.0,7380.0,7381.5,1197
2026-05-18 13:20:00,7381.25,7385.25,7379.5,7385.25,1030
2026-05-18 13:25:00,7385.25,7387.75,7384.5,7387.25,610
2026-05-18 13:30:00,7387.25,7389.0,7384.5,7386.0,1017
2026-05-18 13:35:00,7386.0,7392.5,7385.0,7392.25,1686
2026-05-18 13:40:00,7392.0,7392.5,7386.75,7389.25,1048
2026-05-18 13:45:00,7388.75,7392.5,7387.25,7391.5,811
2026-05-18 13:50:00,7391.5,7392.0,7389.0,7390.75,749
2026-05-18 13:55:00,7390.5,7390.75,7384.75,7385.0,932
2026-05-18 14:00:00,7384.5,7387.0,7382.0,7383.0,1563
2026-05-18 14:05:00,7382.75,7388.25,7382.0,7385.75,1110
2026-05-18 14:10:00,7385.75,7387.0,7383.25,7385.75,878
2026-05-18 14:15:00,7385.75,7389.75,7383.25,7383.25,1048
2026-05-18 14:20:00,7383.0,7385.5,7381.25,7385.0,1133
2026-05-18 14:25:00,7384.5,7386.25,7379.25,7379.75,1119
2026-05-18 14:30:00,7379.75,7382.5,7376.0,7381.0,2805
2026-05-18 14:35:00,7381.0,7385.75,7380.0,7382.0,1485
2026-05-18 14:40:00,7382.25,7389.25,7382.0,7389.0,1232
2026-05-18 14:45:00,7389.25,7393.75,7389.25,7390.0,2363
2026-05-18 14:50:00,7389.5,7391.75,7388.0,7391.25,776
2026-05-18 14:55:00,7391.25,7395.25,7391.25,7395.25,1764
2026-05-18 15:00:00,7395.0,7401.25,7395.0,7397.75,2909
2026-05-18 15:05:00,7398.0,7400.0,7396.0,7397.0,1886
2026-05-18 15:10:00,7396.75,7396.75,7390.5,7391.5,1659
2026-05-18 15:15:00,7391.5,7392.0,7388.0,7390.25,1564
2026-05-18 15:20:00,7390.0,7390.5,7384.75,7389.75,1966
2026-05-18 15:25:00,7390.0,7403.75,7390.0,7402.75,6695
2026-05-18 15:30:00,7402.75,7407.75,7401.0,7401.25,5295
2026-05-18 15:35:00,7401.5,7401.75,7392.75,7392.75,2638
2026-05-18 15:40:00,7392.75,7394.0,7386.5,7389.25,2771
2026-05-18 15:45:00,7389.25,7396.75,7388.5,7393.0,2163
2026-05-18 15:50:00,7393.0,7394.75,7389.0,7394.25,1305
2026-05-18 15:55:00,7394.25,7398.25,7393.0,7396.5,2176
2026-05-18 16:00:00,7396.75,7405.5,7396.75,7405.25,2275
2026-05-18 16:05:00,7405.5,7406.75,7402.5,7404.5,2203
2026-05-18 16:10:00,7404.5,7405.75,7402.0,7403.5,1658
2026-05-18 16:15:00,7403.5,7404.0,7400.5,7402.75,1111
2026-05-18 16:20:00,7402.5,7409.75,7402.5,7409.0,1949
2026-05-18 16:25:00,7409.0,7414.25,7409.0,7413.75,4401
2026-05-18 16:30:00,7413.75,7416.25,7410.0,7413.25,2588
2026-05-18 16:35:00,7413.25,7413.25,7407.75,7409.5,1835
2026-05-18 16:40:00,7409.5,7409.5,7406.0,7407.25,900
2026-05-18 16:45:00,7407.25,7411.5,7407.0,7410.75,1309
2026-05-18 16:50:00,7410.75,7416.0,7410.5,7413.75,2256
2026-05-18 16:55:00,7413.75,7416.75,7413.5,7416.25,1112
2026-05-18 17:00:00,7416.25,7417.75,7410.75,7411.25,2048
2026-05-18 17:05:00,7411.25,7412.5,7410.0,7410.5,1222
2026-05-18 17:10:00,7410.5,7410.75,7408.25,7408.25,887
2026-05-18 17:15:00,7408.25,7411.25,7407.75,7408.5,971
2026-05-18 17:20:00,7408.5,7412.25,7408.5,7409.0,887
2026-05-18 17:25:00,7408.75,7409.25,7405.5,7408.5,1129
2026-05-18 17:30:00,7408.5,7410.25,7408.0,7409.5,1123
2026-05-18 17:35:00,7410.0,7410.0,7407.0,7409.0,477
2026-05-18 17:40:00,7408.75,7411.5,7407.75,7411.0,1791
2026-05-18 17:45:00,7411.5,7412.5,7409.0,7410.75,1519
2026-05-18 17:50:00,7410.75,7412.5,7407.25,7407.5,3103
2026-05-18 17:55:00,7407.5,7411.0,7406.5,7410.5,1327
2026-05-18 18:00:00,7411.0,7411.5,7403.0,7403.0,1620
2026-05-18 18:05:00,7403.0,7403.0,7397.25,7397.5,3977
2026-05-18 18:10:00,7397.5,7403.75,7397.5,7401.75,1484
2026-05-18 18:15:00,7402.0,7403.75,7400.25,7402.75,1074
2026-05-18 18:20:00,7402.75,7404.5,7401.5,7403.75,859
2026-05-18 18:25:00,7403.75,7404.5,7400.75,7402.5,1120
2026-05-18 18:30:00,7402.5,7403.5,7394.75,7395.25,1708
2026-05-18 18:35:00,7395.25,7397.25,7394.0,7396.0,2675
2026-05-18 18:40:00,7396.0,7400.75,7395.75,7400.5,1163
2026-05-18 18:45:00,7400.5,7405.0,7399.0,7404.75,1331
2026-05-18 18:50:00,7404.5,7404.75,7401.0,7402.0,740
2026-05-18 18:55:00,7402.5,7402.75,7398.0,7399.0,1145
2026-05-18 19:00:00,7398.75,7400.75,7397.25,7397.75,1563
2026-05-18 19:05:00,7397.5,7398.0,7389.25,7390.5,3410
2026-05-18 19:10:00,7390.25,7399.75,7386.5,7399.5,5481
2026-05-18 19:15:00,7399.25,7402.5,7397.25,7402.25,2728
2026-05-18 19:20:00,7402.0,7403.0,7400.0,7400.0,1259
2026-05-18 19:25:00,7400.0,7401.5,7397.0,7397.5,1320
2026-05-18 19:30:00,7397.5,7408.0,7397.0,7406.5,6091
2026-05-18 19:35:00,7406.5,7421.75,7402.25,7420.5,10154
2026-05-18 19:40:00,7420.25,7433.0,7419.75,7426.0,11626
2026-05-18 19:45:00,7426.0,7426.75,7414.5,7417.5,4706
2026-05-18 19:50:00,7417.5,7417.75,7413.25,7413.25,2718
2026-05-18 19:55:00,7413.0,7416.0,7409.0,7414.0,3165
2026-05-18 20:00:00,7414.25,7417.75,7413.25,7416.5,2457
2026-05-18 20:05:00,7416.75,7422.5,7416.5,7420.75,2363
2026-05-18 20:10:00,7421.0,7423.0,7418.5,7419.75,1963
2026-05-18 20:15:00,7419.75,7420.5,7415.0,7416.0,3925
2026-05-18 20:20:00,7416.25,7422.5,7415.0,7422.25,3069
2026-05-18 20:25:00,7422.25,7422.5,7419.0,7420.5,1679
2026-05-18 20:30:00,7420.5,7428.5,7417.25,7427.75,4186
2026-05-18 20:35:00,7427.75,7433.75,7426.75,7431.0,7088
2026-05-18 20:40:00,7431.0,7443.75,7429.5,7442.5,9787
2026-05-18 20:45:00,7442.25,7453.0,7441.5,7449.5,12294
2026-05-18 20:50:00,7449.75,7453.25,7445.25,7448.5,7487
2026-05-18 20:55:00,7448.75,7452.0,7445.25,7450.0,4691
2026-05-18 21:00:00,7450.0,7452.5,7441.0,7444.75,13101
2026-05-18 21:05:00,7444.75,7446.75,7440.75,7443.5,6166
2026-05-18 21:10:00,7443.5,7445.75,7441.75,7443.5,5633
2026-05-18 21:15:00,7443.25,7443.5,7438.5,7442.5,5155
2026-05-18 21:20:00,7442.5,7444.0,7440.5,7443.25,3319
2026-05-18 21:25:00,7443.25,7444.25,7438.0,7438.25,8038
2026-05-18 21:30:00,7438.25,7440.75,7424.75,7425.75,39200
2026-05-18 21:35:00,7425.5,7429.5,7422.5,7427.0,28288
2026-05-18 21:40:00,7427.25,7431.5,7419.5,7420.0,35107
2026-05-18 21:45:00,7420.0,7433.0,7415.25,7428.5,36493
2026-05-18 21:50:00,7428.25,7449.25,7428.25,7449.0,29500
2026-05-18 21:55:00,7449.25,7454.25,7444.25,7445.75,29026
2026-05-18 22:00:00,7445.75,7445.75,7428.75,7431.5,29517
2026-05-18 22:05:00,7431.5,7444.0,7425.75,7443.75,33115
2026-05-18 22:10:00,7443.75,7447.0,7435.75,7439.25,26296
2026-05-18 22:15:00,7439.0,7447.5,7438.0,7445.75,18825
2026-05-18 22:20:00,7445.75,7448.0,7435.5,7440.25,20283
2026-05-18 22:25:00,7440.25,7444.0,7432.25,7435.25,18924
2026-05-18 22:30:00,7435.0,7438.5,7411.5,7414.5,31828
2026-05-18 22:35:00,7414.25,7421.5,7404.25,7419.5,34492
2026-05-18 22:40:00,7419.5,7427.5,7411.25,7423.0,24006
2026-05-18 22:45:00,7423.0,7424.25,7412.5,7415.25,21099
2026-05-18 22:50:00,7415.25,7428.0,7414.25,7422.0,21523
2026-05-18 22:55:00,7421.75,7426.0,7420.0,7423.0,15212
2026-05-18 23:00:00,7423.0,7430.5,7407.5,7413.25,36688
2026-05-18 23:05:00,7413.0,7416.75,7407.5,7408.0,17713
2026-05-18 23:10:00,7407.75,7415.0,7404.75,7412.25,19250
2026-05-18 23:15:00,7412.25,7414.25,7399.25,7403.25,15909
2026-05-18 23:20:00,7403.25,7407.25,7399.5,7403.5,17982
2026-05-18 23:25:00,7403.5,7409.0,7395.25,7396.25,17431
2026-05-18 23:30:00,7396.25,7405.75,7391.75,7405.25,19829
2026-05-18 23:35:00,7405.25,7413.0,7404.5,7408.0,16371
2026-05-18 23:40:00,7408.0,7414.0,7401.75,7402.5,12486
2026-05-18 23:45:00,7402.25,7410.0,7401.25,7404.75,10916
2026-05-18 23:50:00,7405.0,7409.75,7399.75,7409.0,10653
2026-05-18 23:55:00,7408.75,7411.75,7401.5,7403.0,11192
2026-05-19 00:00:00,7403.0,7405.0,7396.75,7398.75,14439
2026-05-19 00:05:00,7398.75,7404.5,7397.75,7402.25,9626
2026-05-19 00:10:00,7402.25,7409.25,7401.75,7409.25,12445
2026-05-19 00:15:00,7409.0,7413.5,7408.0,7412.0,11180
2026-05-19 00:20:00,7412.0,7419.0,7405.0,7407.75,22345
2026-05-19 00:25:00,7408.0,7408.75,7384.75,7388.25,28790
2026-05-19 00:30:00,7388.25,7398.25,7381.75,7394.25,22965
2026-05-19 00:35:00,7394.25,7401.0,7393.0,7397.0,12841
2026-05-19 00:40:00,7397.25,7397.75,7390.5,7391.25,11412
2026-05-19 00:45:00,7391.25,7395.5,7391.0,7394.5,8158
2026-05-19 00:50:00,7394.5,7408.75,7394.25,7408.0,18123
2026-05-19 00:55:00,7408.0,7413.5,7403.75,7404.75,18882
2026-05-19 01:00:00,7405.0,7409.75,7399.25,7408.75,14428
2026-05-19 01:05:00,7408.5,7413.25,7406.5,7410.0,11960
2026-05-19 01:10:00,7410.25,7414.75,7407.25,7407.5,8203
2026-05-19 01:15:00,7407.25,7414.0,7405.5,7412.25,8491
2026-05-19 01:20:00,7412.25,7412.5,7406.0,7408.75,6961
2026-05-19 01:25:00,7408.5,7413.75,7406.75,7413.5,6310
2026-05-19 01:30:00,7413.5,7414.0,7406.25,7408.25,7900
2026-05-19 01:35:00,7408.0,7408.25,7402.0,7404.25,10895
2026-05-19 01:40:00,7404.0,7411.25,7403.0,7407.75,9194
2026-05-19 01:45:00,7408.0,7409.25,7403.25,7406.25,7435
2026-05-19 01:50:00,7406.25,7413.0,7405.75,7409.25,7212
2026-05-19 01:55:00,7409.25,7411.75,7407.0,7410.0,5106
2026-05-19 02:00:00,7410.0,7411.25,7397.75,7398.25,12685
2026-05-19 02:05:00,7398.5,7400.75,7393.5,7395.5,10923
2026-05-19 02:10:00,7395.75,7397.75,7390.0,7390.25,10841
2026-05-19 02:15:00,7390.5,7391.25,7381.5,7384.5,15789
2026-05-19 02:20:00,7384.25,7386.0,7380.75,7383.0,13184
2026-05-19 02:25:00,7382.75,7387.0,7376.5,7387.0,18589
2026-05-19 02:30:00,7387.0,7391.75,7384.75,7387.5,13496
2026-05-19 02:35:00,7387.5,7390.75,7383.5,7383.5,9205
2026-05-19 02:40:00,7383.5,7385.75,7379.25,7385.5,10852
2026-05-19 02:45:00,7385.5,7387.25,7378.75,7379.0,9990
2026-05-19 02:50:00,7379.0,7381.0,7374.25,7377.0,15461
2026-05-19 02:55:00,7377.0,7381.25,7373.5,7376.5,13575
2026-05-19 03:00:00,7376.5,7420.5,7376.0,7404.25,59305
2026-05-19 03:05:00,7404.5,7411.0,7395.5,7403.0,30408
2026-05-19 03:10:00,7403.0,7407.25,7398.75,7400.75,18108
2026-05-19 03:15:00,7400.75,7405.25,7395.5,7397.25,16994
2026-05-19 03:20:00,7397.5,7402.0,7391.5,7392.0,12940
2026-05-19 03:25:00,7392.25,7395.75,7386.5,7395.0,12201
2026-05-19 03:30:00,7395.0,7403.5,7392.75,7400.75,12971
2026-05-19 03:35:00,7401.0,7410.75,7400.75,7410.25,13909
2026-05-19 03:40:00,7410.25,7419.0,7410.0,7418.5,20785
2026-05-19 03:45:00,7418.25,7425.25,7415.75,7423.5,19560
2026-05-19 03:50:00,7423.5,7427.75,7418.75,7425.0,27868
2026-05-19 03:55:00,7425.0,7428.0,7418.5,7426.5,70882
2026-05-19 04:00:00,7426.5,7428.25,7420.0,7420.0,23740
2026-05-19 04:05:00,7420.25,7422.0,7417.0,7420.25,4970
2026-05-19 04:10:00,7420.5,7423.5,7419.75,7422.0,4093
2026-05-19 04:15:00,7421.75,7423.5,7420.0,7420.25,2575
2026-05-19 04:20:00,7420.25,7423.0,7419.25,7422.75,1139
2026-05-19 04:25:00,7423.0,7423.0,7420.75,7421.75,1055
2026-05-19 04:30:00,7421.75,7424.25,7419.5,7420.5,1853
2026-05-19 04:35:00,7420.5,7421.75,7419.75,7421.0,951
2026-05-19 04:40:00,7421.0,7424.75,7420.25,7424.0,1772
2026-05-19 04:45:00,7424.25,7425.25,7422.75,7423.75,1454
2026-05-19 04:50:00,7424.0,7424.0,7421.25,7421.5,1029
2026-05-19 04:55:00,7421.5,7422.25,7420.0,7420.25,1398
2026-05-19 06:00:00,7423.5,7428.25,7422.75,7426.75,0
2026-05-19 06:05:00,7427.0,7432.25,7427.0,7428.5,990
2026-05-19 06:10:00,7428.25,7429.5,7426.5,7428.0,672
2026-05-19 06:15:00,7428.0,7431.0,7427.5,7431.0,438
2026-05-19 06:20:00,7430.75,7437.5,7430.5,7436.0,1570
2026-05-19 06:25:00,7436.0,7437.25,7433.25,7435.5,790
2026-05-19 06:30:00,7435.5,7437.25,7434.5,7434.75,723
2026-05-19 06:35:00,7434.75,7438.25,7434.75,7437.75,593
2026-05-19 06:40:00,7437.5,7438.5,7434.25,7435.0,542
2026-05-19 06:45:00,7434.75,7435.0,7432.25,7433.25,607
2026-05-19 06:50:00,7433.5,7434.25,7430.75,7433.25,704
2026-05-19 06:55:00,7433.0,7434.5,7433.0,7434.25,251
2026-05-19 07:00:00,7434.25,7438.75,7434.0,7438.25,1283
2026-05-19 07:05:00,7438.0,7438.75,7435.0,7438.75,771
2026-05-19 07:10:00,7438.5,7438.75,7435.25,7435.5,295
2026-05-19 07:15:00,7435.5,7435.5,7433.0,7434.25,531
2026-05-19 07:20:00,7434.25,7436.0,7433.25,7434.75,154
2026-05-19 07:25:00,7434.5,7436.5,7434.0,7435.0,180
2026-05-19 07:30:00,7435.0,7435.5,7432.75,7434.0,271
2026-05-19 07:35:00,7434.25,7434.5,7432.25,7433.75,235
2026-05-19 07:40:00,7433.75,7435.25,7433.5,7434.5,219
2026-05-19 07:45:00,7434.5,7434.5,7431.25,7432.25,464
2026-05-19 07:50:00,7432.25,7432.5,7426.75,7427.5,912
2026-05-19 07:55:00,7427.5,7429.5,7426.5,7429.25,647
2026-05-19 08:00:00,7429.25,7432.0,7423.5,7424.5,1880
2026-05-19 08:05:00,7424.75,7431.5,7423.25,7430.25,1571
2026-05-19 08:10:00,7430.5,7434.25,7429.5,7429.5,1544
2026-05-19 08:15:00,7429.75,7431.75,7425.25,7431.25,1240
2026-05-19 08:20:00,7431.5,7440.75,7430.0,7431.5,1995
2026-05-19 08:25:00,7431.5,7436.0,7431.0,7435.75,1097
2026-05-19 08:30:00,7436.0,7438.0,7435.0,7436.0,874
2026-05-19 08:35:00,7436.25,7436.5,7428.75,7429.0,1033
2026-05-19 08:40:00,7428.75,7431.0,7427.25,7430.5,835
2026-05-19 08:45:00,7430.5,7432.75,7429.0,7432.25,497
2026-05-19 08:50:00,7432.25,7433.0,7423.25,7425.0,1053
2026-05-19 08:55:00,7424.75,7427.0,7423.5,7424.0,725
2026-05-19 09:00:00,7423.75,7423.75,7418.5,7421.5,1792
2026-05-19 09:05:00,7421.75,7425.25,7420.25,7424.5,835
2026-05-19 09:10:00,7424.5,7426.5,7421.25,7422.5,778
2026-05-19 09:15:00,7422.75,7423.5,7418.0,7418.5,961
2026-05-19 09:20:00,7418.5,7418.75,7411.5,7413.5,1824
2026-05-19 09:25:00,7413.25,7416.75,7412.0,7416.5,910
2026-05-19 09:30:00,7416.75,7417.25,7413.0,7417.0,1185
2026-05-19 09:35:00,7416.75,7423.5,7416.0,7422.25,1481
2026-05-19 09:40:00,7422.25,7425.75,7420.25,7424.0,1055
2026-05-19 09:45:00,7424.25,7425.75,7421.0,7422.25,763
2026-05-19 09:50:00,7422.5,7423.75,7421.25,7422.0,599
2026-05-19 09:55:00,7422.25,7422.25,7416.5,7416.75,808
2026-05-19 10:00:00,7416.5,7416.5,7409.5,7411.75,2253
2026-05-19 10:05:00,7411.5,7413.75,7403.5,7404.0,2206
2026-05-19 10:10:00,7403.75,7409.25,7402.75,7408.5,1645
2026-05-19 10:15:00,7408.5,7408.75,7404.25,7408.5,1258
2026-05-19 10:20:00,7408.25,7411.5,7408.0,7410.75,778
2026-05-19 10:25:00,7410.75,7414.0,7410.75,7411.5,1050
2026-05-19 10:30:00,7411.25,7414.5,7409.75,7411.5,983
2026-05-19 10:35:00,7411.75,7413.5,7410.5,7411.25,764
2026-05-19 10:40:00,7411.25,7414.5,7409.75,7414.5,469
2026-05-19 10:45:00,7414.25,7416.5,7412.25,7413.75,791
2026-05-19 10:50:00,7413.75,7414.5,7410.25,7412.75,612
2026-05-19 10:55:00,7413.0,7413.25,7409.5,7410.5,815
2026-05-19 11:00:00,7410.75,7410.75,7406.25,7408.75,762
2026-05-19 11:05:00,7408.75,7412.75,7408.0,7412.5,526
2026-05-19 11:10:00,7412.5,7415.5,7412.25,7414.0,574
2026-05-19 11:15:00,7414.25,7416.75,7412.75,7416.0,500
2026-05-19 11:20:00,7416.25,7416.25,7413.5,7416.0,346
2026-05-19 11:25:00,7415.75,7418.75,7415.5,7418.0,497
2026-05-19 11:30:00,7417.75,7422.25,7417.75,7420.0,1027
2026-05-19 11:35:00,7419.5,7421.0,7418.5,7420.0,396
2026-05-19 11:40:00,7419.75,7420.5,7417.0,7418.0,459
2026-05-19 11:45:00,7417.75,7417.75,7413.75,7415.25,846
2026-05-19 11:50:00,7415.25,7416.0,7412.5,7414.0,529
2026-05-19 11:55:00,7414.0,7414.0,7411.5,7412.25,384
2026-05-19 12:05:00,7405.5,7406.25,7405.0,7406.25,2271
2026-05-19 12:10:00,7406.25,7408.75,7405.5,7406.5,523
2026-05-19 12:15:00,7406.75,7406.75,7400.75,7402.0,921
2026-05-19 12:20:00,7402.25,7405.25,7400.75,7403.0,876
2026-05-19 12:25:00,7403.0,7403.0,7397.25,7401.0,1561
2026-05-19 12:30:00,7401.0,7404.5,7400.5,7403.75,742
2026-05-19 12:35:00,7403.75,7409.0,7402.5,7404.5,1242
2026-05-19 12:40:00,7404.5,7407.25,7403.75,7404.0,642
2026-05-19 12:45:00,7404.0,7407.0,7401.5,7401.5,586
2026-05-19 12:50:00,7401.5,7406.0,7400.25,7404.5,791
2026-05-19 12:55:00,7404.75,7407.0,7403.5,7404.75,377
2026-05-19 13:00:00,7405.25,7407.5,7401.75,7402.75,902
2026-05-19 13:05:00,7403.0,7406.0,7400.5,7405.5,792
2026-05-19 13:10:00,7405.5,7406.5,7403.5,7404.25,561
2026-05-19 13:15:00,7404.5,7404.75,7400.75,7402.0,465
2026-05-19 13:20:00,7402.5,7402.75,7391.5,7395.25,1807
2026-05-19 13:25:00,7395.0,7405.5,7395.0,7403.75,1237
2026-05-19 13:30:00,7403.75,7404.0,7398.5,7399.5,865
2026-05-19 13:35:00,7399.25,7405.5,7397.75,7404.0,758
2026-05-19 13:40:00,7403.75,7406.5,7399.5,7399.75,678
2026-05-19 13:45:00,7399.75,7403.5,7399.25,7402.25,665
2026-05-19 13:50:00,7402.25,7403.5,7400.25,7402.25,576
2026-05-19 13:55:00,7401.5,7402.5,7398.75,7402.0,691
2026-05-19 14:00:00,7402.0,7402.75,7396.5,7400.5,1622
2026-05-19 14:05:00,7400.5,7402.0,7398.0,7400.5,912
2026-05-19 14:10:00,7400.75,7407.5,7399.0,7407.25,1675
2026-05-19 14:15:00,7407.25,7409.5,7403.5,7409.5,1197
2026-05-19 14:20:00,7409.5,7411.0,7408.5,7409.5,999
2026-05-19 14:25:00,7409.25,7412.0,7407.75,7409.75,981
2026-05-19 14:30:00,7409.5,7411.25,7407.75,7408.5,832
2026-05-19 14:35:00,7408.75,7414.25,7407.5,7413.25,1079
2026-05-19 14:40:00,7413.5,7416.5,7412.25,7415.75,1395
2026-05-19 14:45:00,7415.75,7415.75,7411.0,7412.75,1162
2026-05-19 14:50:00,7412.5,7414.5,7412.0,7412.5,742
2026-05-19 14:55:00,7412.5,7414.0,7412.0,7413.5,1224
2026-05-19 15:00:00,7413.75,7413.75,7411.0,7412.0,1728
2026-05-19 15:05:00,7412.0,7426.25,7411.75,7424.25,3354
2026-05-19 15:10:00,7424.0,7426.0,7417.75,7420.75,1853
2026-05-19 15:15:00,7420.75,7421.25,7417.25,7420.25,1197
2026-05-19 15:20:00,7420.25,7421.75,7418.75,7420.5,1169
2026-05-19 15:25:00,7420.5,7421.25,7418.75,7420.0,1127
2026-05-19 15:30:00,7420.0,7420.5,7417.0,7417.25,1000
2026-05-19 15:35:00,7417.25,7423.0,7416.25,7422.5,1250
2026-05-19 15:40:00,7422.75,7427.25,7422.0,7424.5,1544
2026-05-19 15:45:00,7424.5,7433.0,7424.0,7428.75,2601
2026-05-19 15:50:00,7428.5,7431.0,7427.75,7429.75,1267
2026-05-19 15:55:00,7429.75,7431.5,7429.25,7429.75,1144
2026-05-19 16:00:00,7429.5,7431.25,7425.75,7426.25,1927
2026-05-19 16:05:00,7426.0,7426.25,7420.25,7421.75,1653
2026-05-19 16:10:00,7421.5,7421.75,7414.5,7418.25,2251
2026-05-19 16:15:00,7418.25,7420.5,7416.75,7418.5,1200
2026-05-19 16:20:00,7418.5,7419.5,7411.75,7412.0,1386
2026-05-19 16:25:00,7412.0,7412.5,7406.5,7410.5,3484
2026-05-19 16:30:00,7410.75,7413.0,7409.5,7411.5,1305
2026-05-19 16:35:00,7411.25,7414.0,7409.5,7413.5,1464
2026-05-19 16:40:00,7413.5,7415.5,7413.0,7414.25,743
2026-05-19 16:45:00,7414.25,7416.75,7414.25,7416.25,718
2026-05-19 16:50:00,7416.25,7417.75,7413.25,7413.75,994
2026-05-19 16:55:00,7413.5,7416.0,7412.75,7413.25,653
2026-05-19 17:00:00,7412.75,7413.0,7408.0,7410.5,1459
2026-05-19 17:05:00,7410.25,7411.0,7408.0,7410.0,916
2026-05-19 17:10:00,7410.25,7410.75,7406.5,7407.0,921
2026-05-19 17:15:00,7406.75,7407.0,7398.75,7401.0,2884
2026-05-19 17:20:00,7401.25,7404.0,7400.25,7402.5,1367
2026-05-19 17:25:00,7402.5,7402.75,7394.5,7396.25,3248
2026-05-19 17:30:00,7396.25,7398.75,7387.25,7388.75,4107
2026-05-19 17:35:00,7389.0,7392.5,7388.25,7390.0,1672
2026-05-19 17:40:00,7389.75,7390.0,7384.25,7384.5,1724
2026-05-19 17:45:00,7384.5,7390.0,7384.0,7389.25,1578
2026-05-19 17:50:00,7389.5,7393.5,7389.5,7393.0,1293
2026-05-19 17:55:00,7393.0,7400.75,7392.5,7398.0,1917
2026-05-19 18:00:00,7398.0,7399.75,7395.5,7396.75,1433
2026-05-19 18:05:00,7396.5,7398.0,7395.5,7396.0,723
2026-05-19 18:10:00,7396.0,7398.0,7392.75,7397.0,1320
2026-05-19 18:15:00,7397.25,7397.75,7395.5,7396.75,427
2026-05-19 18:20:00,7397.0,7398.25,7394.25,7397.75,852
2026-05-19 18:25:00,7397.75,7398.5,7395.0,7396.0,1093
2026-05-19 18:30:00,7396.25,7401.25,7394.25,7399.75,1976
2026-05-19 18:35:00,7399.5,7400.0,7388.25,7393.25,4882
2026-05-19 18:40:00,7393.5,7393.75,7384.75,7387.25,2861
2026-05-19 18:45:00,7387.0,7396.5,7384.25,7393.0,4112
2026-05-19 18:50:00,7392.75,7398.25,7392.25,7394.75,2153
2026-05-19 18:55:00,7394.5,7401.25,7394.5,7399.75,3116
2026-05-19 19:00:00,7399.5,7405.25,7399.0,7403.25,1998
2026-05-19 19:05:00,7403.25,7403.75,7399.75,7403.75,1088
2026-05-19 19:10:00,7403.75,7404.0,7398.25,7399.25,2474
2026-05-19 19:15:00,7399.0,7401.25,7396.0,7401.0,1206
2026-05-19 19:20:00,7401.25,7401.25,7396.25,7397.25,1267
2026-05-19 19:25:00,7397.25,7398.25,7395.0,7397.5,1395
2026-05-19 19:30:00,7398.0,7403.25,7398.0,7401.25,1525
2026-05-19 19:35:00,7401.5,7402.25,7398.5,7399.0,1052
2026-05-19 19:40:00,7399.25,7400.5,7395.25,7396.0,1541
2026-05-19 19:45:00,7396.0,7396.25,7392.5,7395.5,2011
2026-05-19 19:50:00,7395.5,7397.5,7393.75,7394.5,1480
2026-05-19 19:55:00,7394.75,7394.75,7388.5,7389.0,2596
2026-05-19 20:00:00,7389.0,7394.5,7385.75,7392.0,3247
2026-05-19 20:05:00,7392.0,7393.75,7390.0,7392.75,1544
2026-05-19 20:10:00,7392.75,7397.25,7392.75,7395.75,1473
2026-05-19 20:15:00,7395.5,7396.25,7388.0,7393.25,2113
2026-05-19 20:20:00,7393.25,7396.25,7391.5,7395.75,1381
2026-05-19 20:25:00,7396.0,7396.25,7390.75,7394.75,1283
2026-05-19 20:30:00,7394.75,7399.0,7393.25,7397.75,1705
2026-05-19 20:35:00,7397.75,7402.75,7397.25,7400.5,2282
2026-05-19 20:40:00,7400.75,7404.75,7399.0,7401.0,2684
2026-05-19 20:45:00,7400.75,7404.0,7399.0,7404.0,2275
2026-05-19 20:50:00,7403.75,7404.5,7402.0,7403.0,1159
2026-05-19 20:55:00,7403.25,7404.0,7400.75,7401.25,1428
2026-05-19 21:00:00,7401.25,7403.5,7399.25,7399.25,2421
2026-05-19 21:05:00,7399.0,7399.25,7386.25,7390.25,7750
2026-05-19 21:10:00,7390.25,7394.5,7387.75,7394.5,4577
2026-05-19 21:15:00,7394.5,7394.75,7386.5,7386.5,4584
2026-05-19 21:20:00,7386.5,7388.25,7380.0,7383.25,9814
2026-05-19 21:25:00,7383.25,7386.75,7380.5,7386.75,9051
2026-05-19 21:30:00,7386.75,7392.25,7380.5,7384.5,41479
2026-05-19 21:35:00,7384.5,7396.0,7377.5,7393.25,37446
2026-05-19 21:40:00,7393.0,7394.0,7373.5,7375.0,37676
2026-05-19 21:45:00,7375.0,7392.5,7370.0,7384.75,44498
2026-05-19 21:50:00,7384.75,7399.0,7381.0,7397.0,28439
2026-05-19 21:55:00,7397.0,7402.0,7391.0,7392.0,28881
2026-05-19 22:00:00,7392.5,7393.0,7378.75,7388.75,34266
2026-05-19 22:05:00,7388.75,7390.0,7367.25,7372.25,38410
2026-05-19 22:10:00,7372.25,7378.0,7367.0,7368.0,32214
2026-05-19 22:15:00,7368.0,7370.5,7362.5,7364.25,28753
2026-05-19 22:20:00,7364.5,7366.75,7356.25,7366.0,34738
2026-05-19 22:25:00,7366.0,7370.0,7360.25,7363.25,28119
2026-05-19 22:30:00,7363.25,7372.5,7359.25,7361.75,24805
2026-05-19 22:35:00,7361.75,7371.25,7361.5,7368.75,19488
2026-05-19 22:40:00,7369.0,7374.0,7363.5,7366.5,20703
2026-05-19 22:45:00,7366.5,7368.5,7354.25,7358.25,20560
2026-05-19 22:50:00,7358.25,7362.25,7354.75,7358.0,18792
2026-05-19 22:55:00,7357.75,7371.0,7357.0,7370.75,18757
2026-05-19 23:00:00,7370.75,7375.0,7366.75,7373.0,18058
2026-05-19 23:05:00,7373.0,7374.0,7365.5,7371.75,18779
2026-05-19 23:10:00,7371.5,7376.25,7371.5,7374.5,15951
2026-05-19 23:15:00,7374.75,7378.75,7368.75,7369.0,17572
2026-05-19 23:20:00,7369.0,7371.25,7358.5,7359.0,18270
2026-05-19 23:25:00,7359.0,7365.5,7355.75,7361.25,19554
2026-05-19 23:30:00,7361.25,7372.0,7359.25,7365.25,19291
2026-05-19 23:35:00,7365.25,7374.75,7362.75,7373.0,15013
2026-05-19 23:40:00,7373.0,7378.5,7370.5,7374.25,16376
2026-05-19 23:45:00,7374.5,7378.0,7370.75,7378.0,10018
2026-05-19 23:50:00,7377.75,7378.5,7370.25,7372.75,11076
2026-05-19 23:55:00,7372.5,7372.5,7364.5,7368.75,12502
2026-05-20 00:00:00,7368.75,7379.0,7368.0,7375.75,14550
2026-05-20 00:05:00,7375.75,7376.25,7364.75,7365.25,11454
2026-05-20 00:10:00,7365.0,7367.5,7361.75,7366.75,11394
2026-05-20 00:15:00,7367.0,7376.5,7366.5,7376.0,11331
2026-05-20 00:20:00,7375.75,7379.75,7372.5,7379.75,9721
2026-05-20 00:25:00,7379.75,7386.5,7379.75,7384.0,18214
2026-05-20 00:30:00,7384.0,7390.5,7382.25,7387.5,18602
2026-05-20 00:35:00,7387.5,7390.0,7383.5,7389.5,11887
2026-05-20 00:40:00,7389.5,7393.5,7389.25,7393.25,12926
2026-05-20 00:45:00,7393.25,7395.5,7391.25,7394.0,12469
2026-05-20 00:50:00,7394.0,7400.25,7392.25,7399.0,13677
2026-05-20 00:55:00,7399.25,7402.0,7398.0,7400.25,13767
2026-05-20 01:00:00,7400.25,7406.25,7398.25,7405.25,12670
2026-05-20 01:05:00,7405.25,7406.25,7402.5,7405.25,10019
2026-05-20 01:10:00,7405.25,7409.25,7404.5,7407.75,10101
2026-05-20 01:15:00,7407.75,7412.75,7407.5,7412.0,11890
2026-05-20 01:20:00,7411.75,7415.25,7409.75,7414.25,12701
2026-05-20 01:25:00,7414.25,7415.0,7406.25,7409.0,15229
2026-05-20 01:30:00,7409.0,7414.75,7406.5,7406.5,11565
2026-05-20 01:35:00,7406.75,7411.5,7406.0,7411.25,9521
2026-05-20 01:40:00,7411.25,7413.5,7408.75,7410.25,10405
2026-05-20 01:45:00,7410.25,7410.5,7402.0,7406.25,12832
2026-05-20 01:50:00,7406.5,7406.5,7399.25,7403.5,11501
2026-05-20 01:55:00,7403.75,7407.0,7402.0,7406.75,9407
2026-05-20 02:00:00,7406.75,7409.25,7404.75,7408.0,10437
2026-05-20 02:05:00,7408.0,7410.5,7405.5,7410.0,7792
2026-05-20 02:10:00,7410.0,7411.75,7408.5,7408.75,7709
2026-05-20 02:15:00,7408.5,7410.0,7404.5,7407.0,8128
2026-05-20 02:20:00,7406.75,7407.25,7397.5,7401.5,15942
2026-05-20 02:25:00,7401.5,7406.25,7396.75,7397.5,13934
2026-05-20 02:30:00,7397.5,7401.5,7394.25,7399.5,13775
2026-05-20 02:35:00,7399.5,7402.25,7395.0,7395.75,9278
2026-05-20 02:40:00,7395.5,7397.75,7394.0,7397.0,9728
2026-05-20 02:45:00,7397.0,7397.25,7392.0,7395.5,8583
2026-05-20 02:50:00,7395.5,7395.75,7387.5,7387.75,9419
2026-05-20 02:55:00,7387.5,7387.5,7380.0,7383.0,17849
2026-05-20 03:00:00,7382.75,7388.0,7382.0,7384.5,12905
2026-05-20 03:05:00,7384.5,7393.25,7383.25,7391.0,11967
2026-05-20 03:10:00,7391.25,7399.5,7390.75,7399.0,10375
2026-05-20 03:15:00,7399.25,7400.5,7392.0,7392.0,10019
2026-05-20 03:20:00,7392.0,7393.5,7380.75,7380.75,12831
2026-05-20 03:25:00,7380.75,7387.5,7377.5,7386.5,13817
2026-05-20 03:30:00,7386.5,7389.25,7381.75,7382.0,10436
2026-05-20 03:35:00,7382.0,7383.75,7378.5,7380.75,9028
2026-05-20 03:40:00,7380.75,7381.0,7376.5,7377.5,12019
2026-05-20 03:45:00,7377.5,7379.5,7375.0,7377.25,12925
2026-05-20 03:50:00,7377.0,7378.0,7366.5,7367.75,26104
2026-05-20 03:55:00,7368.0,7379.5,7365.0,7377.5,120739
2026-05-20 04:00:00,7377.75,7378.25,7369.5,7370.5,28749
2026-05-20 04:05:00,7370.5,7376.75,7369.5,7375.25,5123
2026-05-20 04:10:00,7375.25,7377.25,7373.0,7374.75,4244
2026-05-20 04:15:00,7374.75,7376.0,7372.75,7374.0,1896
2026-05-20 04:20:00,7373.75,7374.5,7372.0,7373.75,1862
2026-05-20 04:25:00,7374.0,7376.0,7372.25,7373.25,1976
2026-05-20 04:30:00,7373.5,7373.75,7371.25,7372.25,1346
2026-05-20 04:35:00,7372.25,7373.25,7371.25,7371.5,1151
2026-05-20 04:40:00,7371.25,7373.0,7371.25,7372.75,1081
2026-05-20 04:45:00,7372.75,7373.0,7370.75,7372.0,1627
2026-05-20 04:50:00,7372.0,7373.75,7370.75,7372.0,1352
2026-05-20 04:55:00,7372.0,7372.75,7370.75,7372.5,1079
2026-05-20 06:00:00,7377.0,7377.0,7373.0,7375.25,0
2026-05-20 06:05:00,7375.0,7380.75,7374.5,7379.75,753
2026-05-20 06:10:00,7380.0,7380.25,7375.0,7375.75,491
2026-05-20 06:15:00,7375.5,7376.25,7372.75,7373.0,790
2026-05-20 06:20:00,7373.0,7375.75,7371.5,7372.75,512
2026-05-20 06:25:00,7372.75,7372.75,7367.75,7369.25,984
2026-05-20 06:30:00,7369.5,7374.75,7368.5,7373.5,868
2026-05-20 06:35:00,7373.25,7374.5,7371.25,7371.25,767
2026-05-20 06:40:00,7371.25,7372.0,7367.75,7370.75,618
2026-05-20 06:45:00,7370.75,7372.5,7368.5,7372.25,539
2026-05-20 06:50:00,7372.5,7373.75,7370.5,7373.25,368
2026-05-20 06:55:00,7373.0,7376.0,7373.0,7375.0,652
2026-05-20 07:00:00,7375.0,7376.5,7374.0,7376.0,374
2026-05-20 07:05:00,7376.0,7377.75,7375.0,7377.5,342
2026-05-20 07:10:00,7377.5,7381.75,7377.5,7380.5,864
2026-05-20 07:15:00,7380.75,7384.75,7379.75,7383.5,773
2026-05-20 07:20:00,7383.5,7385.0,7382.0,7382.25,544
2026-05-20 07:25:00,7382.0,7383.75,7381.75,7383.75,225
2026-05-20 07:30:00,7383.75,7393.75,7383.75,7392.25,1910
2026-05-20 07:35:00,7392.5,7393.0,7385.75,7387.5,959
2026-05-20 07:40:00,7387.0,7389.25,7386.25,7388.0,377
2026-05-20 07:45:00,7388.0,7388.25,7384.75,7385.5,623
2026-05-20 07:50:00,7385.25,7386.5,7382.25,7384.5,625
2026-05-20 07:55:00,7384.5,7385.0,7381.25,7382.0,558
2026-05-20 08:00:00,7381.5,7381.5,7374.75,7375.25,1853
2026-05-20 08:05:00,7375.5,7376.75,7367.0,7371.25,2444
2026-05-20 08:10:00,7371.0,7372.25,7359.5,7362.5,2954
2026-05-20 08:15:00,7362.75,7363.25,7356.0,7360.25,3110
2026-05-20 08:20:00,7360.0,7363.75,7358.0,7363.0,1590
2026-05-20 08:25:00,7363.25,7371.0,7362.5,7370.75,2067
2026-05-20 08:30:00,7371.0,7379.5,7370.75,7375.5,2670
2026-05-20 08:35:00,7375.75,7378.75,7371.75,7372.5,1395
2026-05-20 08:40:00,7372.25,7376.25,7369.0,7374.0,1651
2026-05-20 08:45:00,7374.0,7379.25,7372.75,7376.5,1414
2026-05-20 08:50:00,7376.5,7381.25,7373.5,7379.25,1153
2026-05-20 08:55:00,7379.5,7380.0,7374.25,7375.5,825
2026-05-20 09:00:00,7375.5,7376.75,7370.5,7374.75,1407
2026-05-20 09:05:00,7374.75,7376.25,7367.5,7375.75,1341
2026-05-20 09:10:00,7375.75,7380.5,7375.25,7379.25,1349
2026-05-20 09:15:00,7379.0,7380.0,7375.75,7379.0,770
2026-05-20 09:20:00,7379.25,7382.0,7374.25,7374.75,1011
2026-05-20 09:25:00,7374.5,7375.75,7367.25,7368.75,1156
2026-05-20 09:30:00,7369.0,7371.0,7363.75,7364.25,1540
2026-05-20 09:35:00,7364.25,7368.0,7359.5,7367.5,1929
2026-05-20 09:40:00,7367.75,7367.75,7361.75,7367.0,752
2026-05-20 09:45:00,7367.5,7374.75,7366.75,7374.5,1234
2026-05-20 09:50:00,7374.25,7386.0,7373.75,7381.5,3375
2026-05-20 09:55:00,7381.75,7383.75,7380.25,7381.5,735
2026-05-20 10:00:00,7381.75,7383.75,7380.0,7380.75,789
2026-05-20 10:05:00,7380.5,7382.75,7379.25,7379.5,1103
2026-05-20 10:10:00,7379.25,7383.5,7379.0,7382.5,748
2026-05-20 10:15:00,7382.75,7384.25,7380.0,7381.75,633
2026-05-20 10:20:00,7382.0,7387.0,7380.75,7384.25,901
2026-05-20 10:25:00,7384.5,7385.25,7376.75,7377.0,894
2026-05-20 10:30:00,7376.5,7376.75,7364.0,7369.75,2401
2026-05-20 10:35:00,7369.75,7370.5,7364.5,7366.5,1337
2026-05-20 10:40:00,7366.5,7369.0,7364.0,7364.0,883
2026-05-20 10:45:00,7364.0,7368.0,7362.0,7363.5,1152
2026-05-20 10:50:00,7363.5,7365.75,7361.25,7364.75,1040
2026-05-20 10:55:00,7365.0,7367.75,7363.75,7364.75,629
2026-05-20 11:00:00,7365.0,7365.0,7358.75,7360.5,1689
2026-05-20 11:05:00,7360.0,7361.25,7358.5,7360.75,767
2026-05-20 11:10:00,7360.75,7360.75,7356.5,7357.0,1160
2026-05-20 11:15:00,7356.75,7362.25,7356.0,7362.25,1231
2026-05-20 11:20:00,7362.25,7364.0,7358.0,7358.5,910
2026-05-20 11:25:00,7358.5,7365.0,7358.25,7363.75,1006
2026-05-20 11:30:00,7363.75,7365.0,7359.75,7364.5,711
2026-05-20 11:35:00,7364.5,7368.25,7363.25,7368.0,933
2026-05-20 11:40:00,7368.0,7368.75,7365.25,7366.0,682
2026-05-20 11:45:00,7366.25,7366.75,7363.25,7364.75,452
2026-05-20 11:50:00,7364.75,7365.75,7363.5,7364.0,286
2026-05-20 11:55:00,7364.25,7367.0,7363.75,7365.5,360
2026-05-20 12:05:00,7370.25,7371.5,7370.0,7371.25,1572
2026-05-20 12:10:00,7371.0,7373.25,7367.25,7372.75,761
2026-05-20 12:15:00,7372.75,7374.75,7369.0,7369.5,741
2026-05-20 12:20:00,7369.75,7372.25,7368.75,7371.0,241
2026-05-20 12:25:00,7370.75,7371.5,7368.5,7371.25,258
2026-05-20 12:30:00,7371.25,7371.75,7366.5,7367.25,476
2026-05-20 12:35:00,7367.25,7367.75,7364.5,7365.5,520
2026-05-20 12:40:00,7365.75,7367.25,7364.5,7364.75,421
2026-05-20 12:45:00,7364.5,7366.25,7364.5,7365.25,167
2026-05-20 12:50:00,7365.5,7367.0,7362.75,7363.5,346
2026-05-20 12:55:00,7363.5,7365.0,7362.25,7364.0,418
2026-05-20 13:00:00,7364.0,7374.25,7364.0,7371.0,995
2026-05-20 13:05:00,7371.0,7373.0,7370.0,7370.0,332
2026-05-20 13:10:00,7370.25,7371.75,7368.75,7369.75,374
2026-05-20 13:15:00,7369.5,7369.75,7365.5,7369.5,455
2026-05-20 13:20:00,7369.5,7374.5,7369.5,7374.25,798
2026-05-20 13:25:00,7374.0,7374.25,7368.75,7370.5,668
2026-05-20 13:30:00,7370.75,7378.5,7370.75,7376.5,1086
2026-05-20 13:35:00,7376.75,7380.5,7376.0,7380.5,840
2026-05-20 13:40:00,7380.75,7381.25,7373.5,7373.75,827
2026-05-20 13:45:00,7373.75,7373.75,7370.0,7371.0,547
2026-05-20 13:50:00,7371.0,7377.0,7369.25,7376.0,774
2026-05-20 13:55:00,7376.0,7377.25,7375.5,7376.5,420
2026-05-20 14:00:00,7376.25,7380.75,7375.75,7379.25,1201
2026-05-20 14:05:00,7379.0,7380.25,7376.75,7377.75,763
2026-05-20 14:10:00,7377.75,7379.75,7377.25,7379.75,541
2026-05-20 14:15:00,7379.75,7389.0,7379.75,7387.75,2010
2026-05-20 14:20:00,7387.75,7389.5,7385.75,7387.25,1416
2026-05-20 14:25:00,7386.75,7388.5,7385.75,7387.75,1140
2026-05-20 14:30:00,7388.0,7388.5,7384.5,7385.25,983
2026-05-20 14:35:00,7385.25,7387.25,7383.5,7384.5,774
2026-05-20 14:40:00,7384.75,7384.75,7382.25,7383.0,463
2026-05-20 14:45:00,7383.0,7384.25,7382.75,7384.0,462
2026-05-20 14:50:00,7384.0,7389.5,7384.0,7388.25,1209
2026-05-20 14:55:00,7388.0,7389.25,7386.75,7389.25,734
2026-05-20 15:00:00,7389.25,7390.75,7386.75,7387.5,2590
2026-05-20 15:05:00,7387.5,7390.0,7386.5,7389.5,995
2026-05-20 15:10:00,7389.75,7390.0,7387.25,7387.5,1295
2026-05-20 15:15:00,7387.5,7389.0,7386.75,7388.75,589
2026-05-20 15:20:00,7388.75,7392.0,7388.25,7391.75,1584
2026-05-20 15:25:00,7391.75,7392.5,7389.75,7391.5,1434
2026-05-20 15:30:00,7391.5,7391.5,7388.25,7389.5,966
2026-05-20 15:35:00,7389.5,7389.5,7385.25,7388.25,1437
2026-05-20 15:40:00,7388.25,7391.5,7387.25,7390.0,1149
2026-05-20 15:45:00,7389.75,7390.25,7387.5,7387.75,683
2026-05-20 15:50:00,7387.75,7388.0,7384.5,7387.5,1052
2026-05-20 15:55:00,7387.75,7389.0,7385.0,7385.0,1380
2026-05-20 16:00:00,7385.25,7391.5,7384.5,7391.0,1602
2026-05-20 16:05:00,7391.0,7393.75,7388.25,7389.25,2890
2026-05-20 16:10:00,7389.25,7392.0,7386.5,7391.75,1546
2026-05-20 16:15:00,7391.5,7393.0,7389.25,7392.5,906
2026-05-20 16:20:00,7392.25,7392.75,7388.25,7392.75,953
2026-05-20 16:25:00,7393.0,7396.5,7391.75,7396.5,1837
2026-05-20 16:30:00,7396.5,7398.75,7395.0,7397.5,2039
2026-05-20 16:35:00,7397.25,7402.0,7395.5,7400.5,1731
2026-05-20 16:40:00,7400.25,7401.0,7398.25,7400.5,1030
2026-05-20 16:45:00,7400.5,7403.75,7399.75,7402.0,1536
2026-05-20 16:50:00,7402.0,7402.5,7400.25,7401.0,1137
2026-05-20 16:55:00,7401.0,7401.0,7397.5,7397.75,995
2026-05-20 17:00:00,7397.75,7399.0,7397.0,7397.75,1262
2026-05-20 17:05:00,7397.75,7398.25,7395.75,7395.75,800
2026-05-20 17:10:00,7396.0,7398.5,7393.25,7393.25,1269
2026-05-20 17:15:00,7393.0,7396.5,7392.25,7395.75,836
2026-05-20 17:20:00,7396.25,7396.75,7393.25,7394.25,626
2026-05-20 17:25:00,7394.0,7397.0,7393.75,7397.0,751
2026-05-20 17:30:00,7396.75,7398.75,7396.75,7398.0,931
2026-05-20 17:35:00,7398.25,7398.25,7396.5,7397.5,424
2026-05-20 17:40:00,7397.75,7398.5,7397.25,7397.75,642
2026-05-20 17:45:00,7397.75,7399.5,7396.75,7399.0,1033
2026-05-20 17:50:00,7399.25,7406.0,7397.5,7402.75,2359
2026-05-20 17:55:00,7402.75,7404.0,7400.75,7402.0,1063
2026-05-20 18:00:00,7402.0,7407.25,7401.5,7404.75,1646
2026-05-20 18:05:00,7404.5,7408.0,7404.5,7405.5,1016
2026-05-20 18:10:00,7405.5,7406.25,7404.25,7406.0,697
2026-05-20 18:15:00,7406.0,7406.25,7403.25,7403.75,791
2026-05-20 18:20:00,7403.75,7407.5,7403.25,7406.0,1139
2026-05-20 18:25:00,7406.0,7406.5,7404.25,7405.25,584
2026-05-20 18:30:00,7405.5,7409.0,7405.0,7408.75,1310
2026-05-20 18:35:00,7408.75,7412.0,7406.75,7407.0,2586
2026-05-20 18:40:00,7406.75,7407.5,7404.5,7405.0,997
2026-05-20 18:45:00,7405.0,7407.0,7403.5,7403.75,1081
2026-05-20 18:50:00,7403.75,7404.75,7402.0,7403.0,914
2026-05-20 18:55:00,7403.0,7403.0,7399.5,7400.75,2073
2026-05-20 19:00:00,7400.5,7402.75,7399.0,7401.25,1965
2026-05-20 19:05:00,7401.5,7404.25,7401.25,7401.75,1190
2026-05-20 19:10:00,7401.75,7404.0,7399.0,7399.5,1018
2026-05-20 19:15:00,7399.75,7402.25,7399.5,7401.25,740
2026-05-20 19:20:00,7401.0,7404.75,7401.0,7404.5,1082
2026-05-20 19:25:00,7404.5,7405.5,7402.5,7405.25,1233
2026-05-20 19:30:00,7405.25,7407.75,7404.75,7406.25,1773
2026-05-20 19:35:00,7406.25,7407.5,7402.75,7403.5,1076
2026-05-20 19:40:00,7403.75,7405.25,7399.0,7401.5,2763
2026-05-20 19:45:00,7401.5,7403.5,7396.5,7398.5,2683
2026-05-20 19:50:00,7398.5,7400.0,7395.0,7399.5,1941
2026-05-20 19:55:00,7399.25,7401.5,7398.75,7399.0,1014
2026-05-20 20:00:00,7399.0,7403.75,7397.5,7403.75,1232
2026-05-20 20:05:00,7404.0,7406.25,7403.5,7403.75,1568
2026-05-20 20:10:00,7403.75,7406.25,7402.5,7406.0,1006
2026-05-20 20:15:00,7406.0,7407.0,7404.0,7405.0,1218
2026-05-20 20:20:00,7405.0,7408.25,7402.25,7408.25,1534
2026-05-20 20:25:00,7408.5,7414.5,7408.0,7412.5,6033
2026-05-20 20:30:00,7412.75,7416.25,7409.25,7416.0,3713
2026-05-20 20:35:00,7416.0,7416.25,7409.5,7410.0,2594
2026-05-20 20:40:00,7410.25,7410.75,7407.75,7407.75,1614
2026-05-20 20:45:00,7408.0,7410.25,7407.25,7408.25,1424
2026-05-20 20:50:00,7408.25,7409.0,7404.75,7408.5,3147
2026-05-20 20:55:00,7408.5,7409.0,7402.25,7402.5,1796
2026-05-20 21:00:00,7402.5,7404.0,7401.0,7401.75,2558
2026-05-20 21:05:00,7401.75,7403.5,7401.0,7402.25,1809
2026-05-20 21:10:00,7402.25,7402.75,7400.0,7401.75,1581
2026-05-20 21:15:00,7401.5,7402.0,7398.5,7399.25,2628
2026-05-20 21:20:00,7399.0,7403.5,7399.0,7402.75,3015
2026-05-20 21:25:00,7402.5,7402.75,7393.5,7394.75,9832
2026-05-20 21:30:00,7394.75,7399.0,7389.0,7394.5,37863
2026-05-20 21:35:00,7394.5,7394.5,7380.75,7387.0,33620
2026-05-20 21:40:00,7387.0,7400.0,7384.5,7398.25,26488
2026-05-20 21:45:00,7398.0,7410.5,7397.25,7398.5,29797
2026-05-20 21:50:00,7398.5,7404.75,7391.25,7398.0,24585
2026-05-20 21:55:00,7398.25,7401.25,7395.0,7399.5,16174
2026-05-20 22:00:00,7399.75,7401.0,7388.75,7389.75,20463
2026-05-20 22:05:00,7389.75,7391.25,7384.0,7385.5,16068
2026-05-20 22:10:00,7385.75,7397.75,7376.75,7391.25,37526
2026-05-20 22:15:00,7391.25,7423.75,7390.0,7411.5,55328
2026-05-20 22:20:00,7411.75,7420.25,7405.0,7407.25,36444
2026-05-20 22:25:00,7407.5,7417.75,7403.25,7417.75,23649
2026-05-20 22:30:00,7417.5,7428.75,7417.5,7420.5,35402
2026-05-20 22:35:00,7420.5,7422.75,7412.75,7418.0,23532
2026-05-20 22:40:00,7417.75,7421.5,7414.75,7421.5,14456
2026-05-20 22:45:00,7421.5,7423.5,7414.5,7418.75,16583
2026-05-20 22:50:00,7419.0,7426.75,7417.25,7426.0,15336
2026-05-20 22:55:00,7425.75,7433.75,7424.25,7430.75,24206
2026-05-20 23:00:00,7430.75,7434.0,7426.25,7427.0,17537
2026-05-20 23:05:00,7427.0,7429.0,7424.5,7427.5,12776
2026-05-20 23:10:00,7427.5,7428.5,7425.0,7426.5,8675
2026-05-20 23:15:00,7426.5,7458.0,7426.5,7442.5,73138
2026-05-20 23:20:00,7442.5,7446.25,7438.75,7440.5,22483
2026-05-20 23:25:00,7440.5,7441.5,7430.25,7431.0,22900
2026-05-20 23:30:00,7431.5,7438.25,7431.25,7438.25,17639
2026-05-20 23:35:00,7438.25,7440.5,7437.0,7438.0,11911
2026-05-20 23:40:00,7438.0,7443.25,7435.5,7442.0,12256
2026-05-20 23:45:00,7442.0,7446.5,7440.75,7446.5,8515
2026-05-20 23:50:00,7446.5,7448.5,7443.75,7446.0,10520
2026-05-20 23:55:00,7446.0,7446.5,7438.0,7441.25,18058
2026-05-21 00:00:00,7441.5,7442.75,7437.5,7441.5,9196
2026-05-21 00:05:00,7441.5,7444.25,7439.0,7440.5,6715
2026-05-21 00:10:00,7440.5,7442.0,7437.25,7439.75,7436
2026-05-21 00:15:00,7439.5,7440.25,7434.0,7435.75,9398
2026-05-21 00:20:00,7435.75,7436.5,7427.5,7430.75,20398
2026-05-21 00:25:00,7430.5,7430.5,7424.0,7428.0,15151
2026-05-21 00:30:00,7428.25,7432.5,7424.5,7425.75,13566
2026-05-21 00:35:00,7425.75,7429.5,7423.75,7427.25,9113
2026-05-21 00:40:00,7427.25,7438.25,7426.5,7438.0,13246
2026-05-21 00:45:00,7437.75,7439.0,7426.75,7430.0,14301
2026-05-21 00:50:00,7430.0,7433.75,7430.0,7433.25,7265
2026-05-21 00:55:00,7433.25,7434.75,7425.5,7432.5,10799
2026-05-21 01:00:00,7432.75,7436.0,7428.5,7429.75,8737
2026-05-21 01:05:00,7429.75,7430.75,7427.25,7428.75,7017
2026-05-21 01:10:00,7429.0,7440.0,7426.25,7435.25,16895
2026-05-21 01:15:00,7435.0,7438.25,7433.75,7436.0,8274
2026-05-21 01:20:00,7436.0,7438.5,7433.75,7435.0,6700
2026-05-21 01:25:00,7435.0,7442.5,7434.75,7440.25,11310
2026-05-21 01:30:00,7440.5,7443.0,7436.75,7438.75,10096
2026-05-21 01:35:00,7438.75,7446.0,7438.0,7443.0,11797
2026-05-21 01:40:00,7442.75,7443.5,7439.75,7441.5,5592
2026-05-21 01:45:00,7441.5,7442.25,7438.0,7440.25,5474
2026-05-21 01:50:00,7440.25,7441.0,7435.0,7435.0,7444
2026-05-21 01:55:00,7435.25,7438.25,7434.75,7437.25,4114
2026-05-21 02:00:00,7437.5,7441.0,7432.0,7439.75,9869
2026-05-21 02:05:00,7439.5,7443.75,7438.25,7439.25,6103
2026-05-21 02:10:00,7439.25,7440.5,7437.0,7439.25,5639
2026-05-21 02:15:00,7439.25,7441.75,7438.5,7439.5,5304
2026-05-21 02:20:00,7439.5,7440.75,7435.25,7435.75,6343
2026-05-21 02:25:00,7435.75,7440.0,7435.0,7439.75,7725
2026-05-21 02:30:00,7439.5,7443.0,7439.5,7442.5,5852
2026-05-21 02:35:00,7442.5,7447.25,7441.5,7446.0,8220
2026-05-21 02:40:00,7446.25,7446.5,7436.25,7436.75,9813
2026-05-21 02:45:00,7436.5,7441.25,7435.25,7439.5,9125
2026-05-21 02:50:00,7439.5,7441.5,7437.25,7439.25,5627
2026-05-21 02:55:00,7439.25,7441.75,7439.25,7440.25,5416
2026-05-21 03:00:00,7440.5,7446.0,7440.0,7440.75,9458
2026-05-21 03:05:00,7441.0,7442.75,7439.5,7440.75,7068
2026-05-21 03:10:00,7440.75,7444.5,7439.0,7444.25,5862
2026-05-21 03:15:00,7444.0,7446.5,7442.75,7445.5,5746
2026-05-21 03:20:00,7445.5,7448.5,7444.5,7446.0,6615
2026-05-21 03:25:00,7446.25,7447.5,7445.5,7447.0,5811
2026-05-21 03:30:00,7447.0,7448.5,7444.25,7447.25,6923
2026-05-21 03:35:00,7447.5,7455.0,7447.5,7452.75,13372
2026-05-21 03:40:00,7452.75,7453.5,7450.5,7451.25,8458
2026-05-21 03:45:00,7451.0,7453.0,7448.75,7449.75,9837
2026-05-21 03:50:00,7449.75,7453.75,7444.5,7449.0,20622
2026-05-21 03:55:00,7448.75,7453.0,7446.75,7451.75,65367
2026-05-21 04:00:00,7451.75,7452.0,7445.0,7447.0,24154
2026-05-21 04:05:00,7447.25,7450.0,7445.25,7448.75,4030
2026-05-21 04:10:00,7448.75,7450.5,7444.25,7448.0,4973
2026-05-21 04:15:00,7448.25,7449.5,7440.5,7447.5,3424
2026-05-21 04:20:00,7447.0,7450.5,7428.5,7443.0,11286
2026-05-21 04:25:00,7442.75,7453.75,7439.25,7452.25,5141
2026-05-21 04:30:00,7452.5,7453.75,7439.75,7440.5,4376
2026-05-21 04:35:00,7440.5,7443.0,7436.25,7439.0,2364
2026-05-21 04:40:00,7438.75,7442.0,7436.5,7438.75,1937
2026-05-21 04:45:00,7439.0,7442.0,7437.25,7438.25,1546
2026-05-21 04:50:00,7438.0,7438.75,7431.25,7433.5,1812
2026-05-21 04:55:00,7433.0,7451.75,7432.75,7451.75,2331
2026-05-21 06:00:00,7432.75,7432.75,7422.5,7422.5,0
2026-05-21 06:05:00,7422.75,7424.5,7408.75,7411.0,3112
2026-05-21 06:10:00,7411.5,7416.5,7407.5,7415.75,2076
2026-05-21 06:15:00,7416.0,7418.25,7409.5,7411.25,1249
2026-05-21 06:20:00,7411.0,7413.0,7408.0,7411.0,1404
2026-05-21 06:25:00,7411.0,7417.0,7410.25,7416.25,1197
2026-05-21 06:30:00,7416.0,7418.5,7415.0,7416.75,1234
2026-05-21 06:35:00,7417.0,7418.25,7415.0,7417.5,589
2026-05-21 06:40:00,7417.75,7418.5,7415.0,7417.5,537
2026-05-21 06:45:00,7417.25,7419.0,7416.5,7418.5,420
2026-05-21 06:50:00,7418.25,7418.5,7415.0,7417.0,615
2026-05-21 06:55:00,7417.25,7419.0,7416.0,7419.0,499
2026-05-21 07:00:00,7419.0,7423.0,7418.75,7421.75,818
2026-05-21 07:05:00,7421.75,7422.75,7421.0,7421.75,398
2026-05-21 07:10:00,7421.5,7425.75,7421.25,7422.75,810
2026-05-21 07:15:00,7422.5,7422.5,7418.5,7421.25,663
2026-05-21 07:20:00,7421.25,7421.5,7417.25,7417.75,522
2026-05-21 07:25:00,7418.0,7418.75,7415.5,7417.75,552
2026-05-21 07:30:00,7418.0,7419.5,7417.0,7417.5,411
2026-05-21 07:35:00,7417.75,7420.25,7417.75,7419.0,393
2026-05-21 07:40:00,7419.25,7420.5,7418.5,7419.0,289
2026-05-21 07:45:00,7418.75,7422.25,7417.25,7421.25,523
2026-05-21 07:50:00,7421.0,7421.75,7418.5,7421.5,320
2026-05-21 07:55:00,7421.75,7422.0,7419.0,7420.75,510
2026-05-21 08:00:00,7420.5,7421.5,7416.75,7420.0,1117
2026-05-21 08:05:00,7420.25,7420.75,7415.0,7420.25,1101
2026-05-21 08:10:00,7420.5,7422.25,7418.75,7420.5,932
2026-05-21 08:15:00,7420.75,7423.0,7415.0,7417.5,1274
2026-05-21 08:20:00,7418.0,7418.75,7415.5,7417.5,976
2026-05-21 08:25:00,7417.5,7418.75,7414.5,7418.75,930
2026-05-21 08:30:00,7419.0,7421.5,7416.25,7421.0,867
2026-05-21 08:35:00,7421.0,7422.5,7419.75,7420.75,571
2026-05-21 08:40:00,7420.75,7422.5,7420.0,7422.0,645
2026-05-21 08:45:00,7421.75,7423.0,7420.0,7422.25,466
2026-05-21 08:50:00,7422.25,7424.75,7422.0,7424.0,841
2026-05-21 08:55:00,7424.0,7424.25,7421.5,7422.5,894
2026-05-21 09:00:00,7422.75,7426.0,7422.75,7425.75,1312
2026-05-21 09:05:00,7425.75,7429.75,7425.5,7429.5,1332
2026-05-21 09:10:00,7429.5,7431.5,7428.0,7431.5,1486
2026-05-21 09:15:00,7431.5,7434.25,7429.75,7430.5,1532
2026-05-21 09:20:00,7430.5,7432.25,7430.5,7431.25,542
2026-05-21 09:25:00,7431.25,7431.25,7428.75,7430.5,553
2026-05-21 09:30:00,7430.5,7433.5,7429.0,7433.0,1039
2026-05-21 09:35:00,7433.25,7435.0,7431.5,7432.75,1479
2026-05-21 09:40:00,7432.75,7437.5,7432.75,7436.25,1381
2026-05-21 09:45:00,7436.25,7437.0,7434.75,7435.25,600
2026-05-21 09:50:00,7435.0,7436.0,7430.5,7431.5,927
2026-05-21 09:55:00,7431.75,7436.0,7431.75,7435.0,881
2026-05-21 10:00:00,7435.25,7438.25,7435.25,7437.5,720
2026-05-21 10:05:00,7437.5,7438.75,7437.0,7438.0,538
2026-05-21 10:10:00,7438.0,7439.0,7437.0,7438.25,450
2026-05-21 10:15:00,7438.25,7444.5,7438.0,7442.0,1585
2026-05-21 10:20:00,7441.75,7442.75,7440.5,7441.25,719
2026-05-21 10:25:00,7441.25,7442.75,7441.0,7441.5,569
2026-05-21 10:30:00,7441.5,7441.75,7438.75,7438.75,770
2026-05-21 10:35:00,7439.0,7441.0,7438.5,7440.5,691
2026-05-21 10:40:00,7440.5,7440.75,7438.75,7439.0,571
2026-05-21 10:45:00,7439.0,7439.0,7436.25,7437.5,949
2026-05-21 10:50:00,7437.25,7440.5,7437.25,7438.5,848
2026-05-21 10:55:00,7438.5,7439.75,7438.0,7438.75,459
2026-05-21 11:00:00,7438.75,7441.75,7438.25,7441.5,552
2026-05-21 11:05:00,7441.5,7441.75,7438.5,7441.75,516
2026-05-21 11:10:00,7441.75,7442.75,7441.0,7441.5,408
2026-05-21 11:15:00,7441.25,7443.0,7440.0,7442.5,541
2026-05-21 11:20:00,7442.5,7445.25,7442.25,7444.5,648
2026-05-21 11:25:00,7444.5,7445.0,7442.75,7444.25,531
2026-05-21 11:30:00,7444.0,7445.0,7443.25,7444.0,504
2026-05-21 11:35:00,7444.0,7445.5,7443.25,7444.5,503
2026-05-21 11:40:00,7444.75,7448.0,7444.75,7447.75,575
2026-05-21 11:45:00,7447.75,7448.0,7445.0,7445.5,681
2026-05-21 11:50:00,7445.5,7446.0,7443.25,7443.75,593
2026-05-21 11:55:00,7443.75,7444.75,7443.25,7444.0,363
2026-05-21 12:05:00,7446.5,7447.0,7446.25,7446.25,1057
2026-05-21 12:10:00,7446.25,7448.0,7446.25,7448.0,239
2026-05-21 12:15:00,7448.0,7449.25,7447.25,7447.75,416
2026-05-21 12:20:00,7447.75,7449.5,7447.0,7448.5,469
2026-05-21 12:25:00,7448.75,7451.75,7448.75,7450.75,673
2026-05-21 12:30:00,7450.75,7451.5,7448.5,7449.25,454
2026-05-21 12:35:00,7449.0,7449.5,7447.5,7449.25,379
2026-05-21 12:40:00,7449.0,7450.5,7449.0,7450.5,243
2026-05-21 12:45:00,7450.5,7451.25,7450.0,7450.25,288
2026-05-21 12:50:00,7450.25,7452.0,7450.25,7450.5,547
2026-05-21 12:55:00,7450.75,7454.0,7450.75,7453.0,698
2026-05-21 13:00:00,7453.25,7455.0,7453.0,7454.75,501
2026-05-21 13:05:00,7454.5,7457.5,7452.5,7452.75,1401
2026-05-21 13:10:00,7453.0,7453.75,7452.0,7453.25,612
2026-05-21 13:15:00,7453.25,7454.75,7452.5,7454.25,328
2026-05-21 13:20:00,7454.5,7456.0,7453.25,7455.75,443
2026-05-21 13:25:00,7455.75,7455.75,7450.0,7450.5,920
2026-05-21 13:30:00,7451.0,7451.0,7447.5,7448.5,1034
2026-05-21 13:35:00,7448.5,7450.25,7447.5,7449.5,564
2026-05-21 13:40:00,7449.75,7449.75,7446.0,7448.0,1100
2026-05-21 13:45:00,7448.0,7448.25,7434.0,7441.5,2959
2026-05-21 13:50:00,7441.25,7446.5,7440.5,7446.5,957
2026-05-21 13:55:00,7446.5,7447.25,7445.0,7445.75,552
2026-05-21 14:00:00,7445.75,7448.0,7444.25,7448.0,968
2026-05-21 14:05:00,7448.25,7451.25,7448.0,7448.25,971
2026-05-21 14:10:00,7448.25,7449.0,7445.0,7445.75,695
2026-05-21 14:15:00,7445.5,7446.5,7442.0,7443.0,973
2026-05-21 14:20:00,7443.0,7451.25,7442.25,7448.25,3217
2026-05-21 14:25:00,7448.5,7449.75,7445.5,7447.5,821
2026-05-21 14:30:00,7447.5,7449.0,7446.25,7447.75,715
2026-05-21 14:35:00,7447.75,7447.75,7444.25,7444.75,614
2026-05-21 14:40:00,7444.5,7444.75,7438.75,7439.0,978
2026-05-21 14:45:00,7439.25,7439.25,7434.75,7435.25,1739
2026-05-21 14:50:00,7435.25,7437.5,7433.0,7435.75,1265
2026-05-21 14:55:00,7436.0,7438.0,7434.0,7438.0,1233
2026-05-21 15:00:00,7438.0,7439.5,7432.75,7433.5,2286
2026-05-21 15:05:00,7433.5,7437.75,7432.75,7435.5,1299
2026-05-21 15:10:00,7435.0,7435.5,7428.75,7430.5,1822
2026-05-21 15:15:00,7430.5,7430.5,7426.5,7428.25,2111
2026-05-21 15:20:00,7428.5,7433.0,7427.75,7432.25,1556
2026-05-21 15:25:00,7432.0,7432.25,7429.5,7430.5,1193
2026-05-21 15:30:00,7430.25,7434.5,7430.0,7432.5,1099
2026-05-21 15:35:00,7432.5,7434.25,7432.0,7433.75,606
2026-05-21 15:40:00,7433.75,7434.75,7432.75,7434.25,686
2026-05-21 15:45:00,7434.5,7438.0,7432.25,7438.0,1976
2026-05-21 15:50:00,7438.0,7440.5,7437.5,7440.0,1480
2026-05-21 15:55:00,7439.75,7441.5,7439.0,7440.25,1287
2026-05-21 16:00:00,7440.25,7447.25,7439.5,7447.0,2038
2026-05-21 16:05:00,7447.25,7452.75,7446.5,7451.5,2887
2026-05-21 16:10:00,7451.5,7461.25,7450.0,7460.75,4583
2026-05-21 16:15:00,7461.0,7469.75,7455.0,7455.0,5210
2026-05-21 16:20:00,7455.0,7455.75,7452.0,7454.5,1804
2026-05-21 16:25:00,7454.5,7460.75,7451.5,7459.5,2842
2026-05-21 16:30:00,7459.5,7459.75,7453.0,7454.75,1496
2026-05-21 16:35:00,7454.75,7455.5,7451.0,7453.0,1206
2026-05-21 16:40:00,7453.25,7456.25,7452.0,7454.75,1146
2026-05-21 16:45:00,7455.0,7455.0,7450.25,7453.5,2026
2026-05-21 16:50:00,7453.25,7456.0,7449.75,7452.25,1440
2026-05-21 16:55:00,7452.25,7454.75,7452.0,7452.5,1123
2026-05-21 17:00:00,7452.25,7455.25,7451.25,7452.75,995
2026-05-21 17:05:00,7452.5,7458.25,7452.5,7456.25,2291
2026-05-21 17:10:00,7456.75,7458.75,7454.75,7457.5,1125
2026-05-21 17:15:00,7457.25,7459.5,7457.25,7457.75,622
2026-05-21 17:20:00,7457.75,7461.75,7457.75,7459.25,997
2026-05-21 17:25:00,7459.5,7463.75,7458.5,7462.0,1343
2026-05-21 17:30:00,7462.0,7463.75,7458.25,7460.75,1692
2026-05-21 17:35:00,7460.5,7462.25,7458.25,7458.25,1030
2026-05-21 17:40:00,7458.25,7459.5,7453.25,7454.0,1162
2026-05-21 17:45:00,7454.0,7456.75,7452.75,7455.75,742
2026-05-21 17:50:00,7455.75,7457.25,7455.0,7455.25,467
2026-05-21 17:55:00,7455.5,7456.25,7454.5,7454.75,437
2026-05-21 18:00:00,7454.75,7457.0,7454.5,7455.5,524
2026-05-21 18:05:00,7455.75,7456.0,7451.0,7452.75,1093
2026-05-21 18:10:00,7453.0,7457.5,7452.25,7457.5,817
2026-05-21 18:15:00,7457.5,7459.0,7455.25,7456.25,779
2026-05-21 18:20:00,7456.25,7457.25,7453.25,7453.75,768
2026-05-21 18:25:00,7453.75,7454.5,7427.5,7433.0,12053
2026-05-21 18:30:00,7433.5,7433.75,7424.25,7433.5,6058
2026-05-21 18:35:00,7433.5,7434.25,7420.25,7420.75,4974
2026-05-21 18:40:00,7420.5,7425.75,7417.75,7425.0,4629
2026-05-21 18:45:00,7425.0,7426.25,7418.25,7422.5,3911
2026-05-21 18:50:00,7422.5,7426.25,7415.0,7425.0,4616
2026-05-21 18:55:00,7424.75,7426.0,7420.5,7423.5,3280
2026-05-21 19:00:00,7423.25,7428.5,7419.0,7424.75,5251
2026-05-21 19:05:00,7424.75,7425.25,7418.75,7424.75,1855
2026-05-21 19:10:00,7424.75,7429.75,7423.75,7428.25,1815
2026-05-21 19:15:00,7428.25,7433.0,7428.0,7432.5,1908
2026-05-21 19:20:00,7432.5,7438.0,7429.25,7432.0,4849
2026-05-21 19:25:00,7431.75,7434.0,7430.5,7433.25,1008
2026-05-21 19:30:00,7433.25,7435.5,7431.0,7432.0,1668
2026-05-21 19:35:00,7431.75,7432.5,7427.75,7431.0,1589
2026-05-21 19:40:00,7431.25,7432.5,7428.5,7429.0,1038
2026-05-21 19:45:00,7429.0,7434.0,7428.75,7433.25,900
2026-05-21 19:50:00,7433.0,7435.25,7432.25,7433.25,1248
2026-05-21 19:55:00,7433.0,7433.25,7429.0,7429.75,1337
2026-05-21 20:00:00,7430.25,7432.5,7429.5,7432.5,1420
2026-05-21 20:05:00,7432.5,7432.75,7426.25,7429.0,1532
2026-05-21 20:10:00,7429.0,7430.0,7425.75,7427.25,1047
2026-05-21 20:15:00,7427.0,7430.0,7424.0,7429.75,1501
2026-05-21 20:20:00,7430.0,7430.0,7422.25,7423.75,2214
2026-05-21 20:25:00,7423.75,7425.75,7422.0,7425.5,1758
2026-05-21 20:30:00,7425.75,7436.5,7423.0,7433.5,6309
2026-05-21 20:35:00,7433.5,7434.25,7425.75,7431.25,4981
2026-05-21 20:40:00,7431.25,7432.0,7422.5,7425.25,4783
2026-05-21 20:45:00,7425.5,7428.0,7422.5,7424.5,4083
2026-05-21 20:50:00,7424.25,7426.5,7421.0,7424.75,3401
2026-05-21 20:55:00,7424.75,7425.5,7417.75,7419.25,5120
2026-05-21 21:00:00,7419.25,7427.5,7417.5,7427.0,6421
2026-05-21 21:05:00,7426.75,7428.25,7421.0,7422.25,4504
2026-05-21 21:10:00,7422.25,7422.5,7420.0,7422.25,3005
2026-05-21 21:15:00,7422.0,7422.75,7419.25,7422.0,3192
2026-05-21 21:20:00,7422.0,7422.75,7418.75,7420.25,3076
2026-05-21 21:25:00,7420.25,7423.75,7419.75,7423.75,4624
2026-05-21 21:30:00,7423.75,7424.5,7413.25,7422.25,39928
2026-05-21 21:35:00,7422.5,7423.0,7412.0,7413.75,28202
2026-05-21 21:40:00,7414.0,7419.75,7411.25,7413.25,19796
2026-05-21 21:45:00,7413.75,7420.75,7410.5,7412.5,22835
2026-05-21 21:50:00,7412.5,7435.0,7412.0,7433.5,46809
2026-05-21 21:55:00,7433.25,7439.5,7428.25,7435.5,26972
2026-05-21 22:00:00,7435.25,7443.75,7433.75,7438.0,23454
2026-05-21 22:05:00,7438.0,7441.75,7433.75,7441.5,17218
2026-05-21 22:10:00,7441.5,7442.25,7429.5,7431.5,22751
2026-05-21 22:15:00,7431.25,7432.75,7419.5,7419.75,30592
2026-05-21 22:20:00,7419.5,7421.75,7411.5,7416.0,30824
2026-05-21 22:25:00,7416.0,7423.75,7414.5,7422.25,18530
2026-05-21 22:30:00,7422.25,7430.25,7418.5,7421.75,18115
2026-05-21 22:35:00,7421.75,7428.75,7421.0,7426.5,14321
2026-05-21 22:40:00,7426.5,7427.75,7417.0,7422.75,14881
2026-05-21 22:45:00,7422.75,7425.5,7413.5,7418.5,15800
2026-05-21 22:50:00,7418.75,7423.5,7414.25,7423.25,15158
2026-05-21 22:55:00,7423.25,7430.0,7421.5,7426.75,13235
2026-05-21 23:00:00,7426.75,7428.75,7420.75,7422.5,15593
2026-05-21 23:05:00,7422.5,7423.0,7410.0,7414.0,23332
2026-05-21 23:10:00,7414.0,7430.75,7408.5,7427.0,35149
2026-05-21 23:15:00,7427.0,7429.0,7424.0,7427.0,16276
2026-05-21 23:20:00,7426.75,7431.0,7424.25,7426.0,17341
2026-05-21 23:25:00,7426.0,7428.25,7424.0,7425.25,14382
2026-05-21 23:30:00,7425.0,7427.25,7415.0,7416.75,16918
2026-05-21 23:35:00,7416.75,7427.0,7415.25,7426.75,14333
2026-05-21 23:40:00,7427.0,7430.75,7424.5,7428.5,12399
2026-05-21 23:45:00,7428.5,7434.5,7428.25,7434.25,11497
2026-05-21 23:50:00,7434.25,7435.75,7431.25,7432.5,9607
2026-05-21 23:55:00,7432.5,7434.0,7429.25,7430.0,8594
2026-05-22 00:00:00,7430.25,7436.5,7430.0,7434.75,12831
2026-05-22 00:05:00,7434.75,7437.0,7431.0,7436.75,8376
2026-05-22 00:10:00,7436.75,7436.75,7429.5,7431.75,14234
2026-05-22 00:15:00,7431.75,7432.75,7427.5,7429.0,7993
2026-05-22 00:20:00,7428.75,7430.75,7420.75,7425.25,11472
2026-05-22 00:25:00,7425.25,7426.5,7422.25,7425.25,7469
2026-05-22 00:30:00,7425.25,7429.0,7423.5,7427.5,7538
2026-05-22 00:35:00,7427.5,7429.0,7420.75,7424.5,7930
2026-05-22 00:40:00,7424.5,7427.25,7422.25,7426.5,5479
2026-05-22 00:45:00,7426.5,7429.0,7419.75,7422.0,8551
2026-05-22 00:50:00,7422.0,7424.75,7418.0,7423.25,7868
2026-05-22 00:55:00,7423.25,7426.5,7422.5,7426.25,7574
2026-05-22 01:00:00,7426.25,7430.5,7426.25,7427.75,6985
2026-05-22 01:05:00,7427.5,7430.0,7427.0,7427.75,5247
2026-05-22 01:10:00,7427.5,7449.25,7427.25,7442.25,44242
2026-05-22 01:15:00,7442.25,7462.0,7440.75,7454.75,41208
2026-05-22 01:20:00,7454.75,7468.0,7447.75,7457.5,36096
2026-05-22 01:25:00,7457.25,7460.5,7455.25,7459.0,13579
2026-05-22 01:30:00,7459.0,7464.25,7457.0,7460.25,15058
2026-05-22 01:35:00,7460.5,7466.25,7460.0,7465.5,10248
2026-05-22 01:40:00,7465.25,7474.0,7465.25,7473.0,18723
2026-05-22 01:45:00,7473.0,7476.25,7469.0,7475.75,13659
2026-05-22 01:50:00,7475.75,7484.25,7473.5,7483.5,18584
2026-05-22 01:55:00,7483.5,7486.75,7474.25,7474.5,20583
2026-05-22 02:00:00,7474.5,7478.75,7466.0,7467.0,24748
2026-05-22 02:05:00,7467.25,7474.0,7464.75,7472.0,16452
2026-05-22 02:10:00,7472.0,7472.75,7465.0,7466.25,15581
2026-05-22 02:15:00,7466.25,7469.75,7463.0,7469.5,12652
2026-05-22 02:20:00,7469.25,7473.25,7467.75,7473.0,10233
2026-05-22 02:25:00,7473.0,7473.75,7469.5,7471.0,8107
2026-05-22 02:30:00,7470.75,7473.0,7468.5,7470.5,8855
2026-05-22 02:35:00,7470.5,7471.5,7466.5,7468.25,7073
2026-05-22 02:40:00,7468.5,7474.5,7468.25,7472.5,7322
2026-05-22 02:45:00,7472.5,7474.0,7458.5,7461.25,23185
2026-05-22 02:50:00,7461.0,7467.25,7440.25,7440.75,35592
2026-05-22 02:55:00,7440.75,7447.75,7438.0,7447.75,25898
2026-05-22 03:00:00,7447.5,7456.5,7447.25,7456.0,14049
2026-05-22 03:05:00,7456.25,7462.25,7450.0,7461.75,16417
2026-05-22 03:10:00,7461.75,7463.0,7457.75,7462.75,9853
2026-05-22 03:15:00,7462.75,7466.0,7461.75,7465.25,9504
2026-05-22 03:20:00,7465.25,7466.5,7461.5,7464.0,7495
2026-05-22 03:25:00,7464.0,7466.5,7461.25,7464.5,9832
2026-05-22 03:30:00,7464.25,7466.5,7460.75,7461.5,7847
2026-05-22 03:35:00,7461.5,7466.0,7461.5,7464.75,6447
2026-05-22 03:40:00,7464.75,7467.75,7458.5,7461.5,10702
2026-05-22 03:45:00,7461.25,7466.0,7459.25,7463.75,9898
2026-05-22 03:50:00,7464.0,7467.75,7456.75,7460.5,23784
2026-05-22 03:55:00,7460.5,7469.75,7457.5,7465.0,82337
2026-05-22 04:00:00,7465.25,7469.5,7463.25,7466.75,17954
2026-05-22 04:05:00,7466.75,7470.25,7466.0,7468.0,5643
2026-05-22 04:10:00,7468.25,7468.75,7466.25,7468.5,3491
2026-05-22 04:15:00,7468.25,7468.25,7465.0,7465.5,2071
2026-05-22 04:20:00,7465.75,7466.75,7464.0,7465.75,1866
2026-05-22 04:25:00,7466.0,7467.25,7464.25,7465.25,1097
2026-05-22 04:30:00,7465.25,7467.5,7465.0,7466.75,757
2026-05-22 04:35:00,7467.0,7467.75,7466.5,7467.0,587
2026-05-22 04:40:00,7467.0,7467.5,7466.75,7467.0,602
2026-05-22 04:45:00,7467.25,7468.75,7467.25,7468.0,832
2026-05-22 04:50:00,7468.0,7468.75,7468.0,7468.25,1383
2026-05-22 04:55:00,7468.25,7468.5,7466.5,7467.0,1830
2026-05-22 06:00:00,7467.0,7475.75,7466.75,7474.0,0
2026-05-22 06:05:00,7474.25,7476.25,7474.0,7474.75,701
2026-05-22 06:10:00,7474.75,7476.0,7474.0,7475.5,533
2026-05-22 06:15:00,7475.5,7476.75,7472.5,7474.0,633
2026-05-22 06:20:00,7474.0,7474.25,7472.5,7472.75,254
2026-05-22 06:25:00,7472.75,7473.5,7471.0,7473.5,569
2026-05-22 06:30:00,7473.5,7474.25,7471.5,7473.25,724
2026-05-22 06:35:00,7473.25,7473.75,7470.75,7470.75,718
2026-05-22 06:40:00,7470.75,7473.5,7470.25,7472.75,610
2026-05-22 06:45:00,7472.75,7476.25,7472.75,7475.0,918
2026-05-22 06:50:00,7475.0,7478.5,7474.75,7478.0,633
2026-05-22 06:55:00,7478.0,7479.0,7477.5,7478.0,344
2026-05-22 07:00:00,7478.0,7479.0,7477.0,7478.25,460
2026-05-22 07:05:00,7478.25,7478.5,7477.5,7477.5,135
2026-05-22 07:10:00,7477.25,7479.0,7477.0,7477.75,434
2026-05-22 07:15:00,7477.75,7478.5,7476.75,7476.75,256
2026-05-22 07:20:00,7477.0,7478.5,7476.75,7478.0,214
2026-05-22 07:25:00,7477.75,7478.75,7477.25,7477.5,175
2026-05-22 07:30:00,7477.75,7478.25,7477.25,7478.25,186
2026-05-22 07:35:00,7478.0,7478.0,7476.25,7477.25,339
2026-05-22 07:40:00,7477.25,7480.0,7477.0,7478.0,511
2026-05-22 07:45:00,7478.25,7480.25,7478.25,7480.0,286
2026-05-22 07:50:00,7480.0,7484.0,7479.25,7479.75,1327
2026-05-22 07:55:00,7479.5,7481.0,7478.5,7479.5,470
2026-05-22 08:00:00,7479.75,7481.0,7476.5,7477.75,1680
2026-05-22 08:05:00,7478.0,7484.25,7478.0,7482.25,995
2026-05-22 08:10:00,7482.25,7484.5,7480.5,7480.5,790
2026-05-22 08:15:00,7480.75,7484.75,7480.5,7484.25,1260
2026-05-22 08:20:00,7484.0,7488.0,7482.5,7483.5,1919
2026-05-22 08:25:00,7483.75,7485.75,7481.75,7484.5,947
2026-05-22 08:30:00,7484.75,7488.5,7484.75,7485.5,1020
2026-05-22 08:35:00,7485.25,7487.5,7484.5,7485.25,713
2026-05-22 08:40:00,7485.25,7485.75,7484.25,7484.5,663
2026-05-22 08:45:00,7484.5,7486.75,7484.25,7485.25,752
2026-05-22 08:50:00,7485.25,7486.5,7485.0,7485.75,395
2026-05-22 08:55:00,7485.75,7487.0,7484.25,7484.25,451
2026-05-22 09:00:00,7484.25,7484.75,7480.75,7482.25,1227
2026-05-22 09:05:00,7482.0,7482.25,7480.25,7481.5,830
2026-05-22 09:10:00,7481.5,7485.25,7481.0,7484.75,911
2026-05-22 09:15:00,7484.75,7484.75,7482.5,7483.75,653
2026-05-22 09:20:00,7483.5,7484.5,7480.0,7480.75,1026
2026-05-22 09:25:00,7480.75,7481.75,7480.0,7481.25,473
2026-05-22 09:30:00,7481.25,7481.75,7478.0,7478.25,1151
2026-05-22 09:35:00,7478.25,7478.25,7476.5,7477.25,872
2026-05-22 09:40:00,7477.5,7479.5,7474.25,7479.25,1320
2026-05-22 09:45:00,7479.25,7482.25,7479.0,7482.0,997
2026-05-22 09:50:00,7482.25,7484.0,7482.0,7482.75,814
2026-05-22 09:55:00,7482.5,7482.75,7479.5,7480.75,998
2026-05-22 10:00:00,7480.5,7483.0,7479.5,7482.75,616
2026-05-22 10:05:00,7482.75,7483.0,7480.0,7480.75,576
2026-05-22 10:10:00,7480.5,7482.5,7479.0,7482.0,740
2026-05-22 10:15:00,7482.0,7483.75,7481.25,7482.25,436
2026-05-22 10:20:00,7482.25,7483.0,7480.5,7480.75,392
2026-05-22 10:25:00,7480.75,7480.75,7478.25,7479.5,674
2026-05-22 10:30:00,7479.25,7481.5,7478.75,7481.0,497
2026-05-22 10:35:00,7481.0,7482.0,7480.25,7481.25,272
2026-05-22 10:40:00,7481.0,7484.5,7481.0,7482.75,461
2026-05-22 10:45:00,7483.0,7483.5,7482.0,7483.0,294
2026-05-22 10:50:00,7483.0,7485.0,7481.5,7482.0,608
2026-05-22 10:55:00,7482.0,7483.75,7481.25,7483.5,414
2026-05-22 11:00:00,7483.25,7484.25,7482.5,7483.5,441
2026-05-22 11:05:00,7483.5,7483.5,7480.0,7480.5,538
2026-05-22 11:10:00,7480.0,7482.0,7480.0,7481.5,299
2026-05-22 11:15:00,7481.75,7482.5,7480.75,7481.0,479
2026-05-22 11:20:00,7481.0,7481.75,7480.75,7481.25,190
2026-05-22 11:25:00,7481.25,7483.5,7481.0,7483.25,243
2026-05-22 11:30:00,7483.25,7486.0,7483.25,7486.0,492
2026-05-22 11:35:00,7486.0,7486.5,7485.25,7485.75,295
2026-05-22 11:40:00,7485.75,7486.75,7485.75,7486.75,439
2026-05-22 11:45:00,7486.5,7487.25,7486.5,7487.0,382
2026-05-22 11:50:00,7487.0,7488.75,7486.5,7488.25,475
2026-05-22 11:55:00,7488.25,7488.75,7487.25,7488.25,269
2026-05-22 12:05:00,7492.25,7492.5,7491.5,7491.5,1960
2026-05-22 12:10:00,7491.75,7492.25,7490.25,7492.0,477
2026-05-22 12:15:00,7492.0,7492.25,7490.75,7491.25,532
2026-05-22 12:20:00,7491.25,7493.0,7490.75,7491.75,603
2026-05-22 12:25:00,7492.0,7493.0,7492.0,7492.75,268
2026-05-22 12:30:00,7492.5,7492.5,7490.25,7491.25,370
2026-05-22 12:35:00,7491.0,7491.0,7489.0,7490.5,391
2026-05-22 12:40:00,7490.5,7491.25,7489.25,7490.25,251
2026-05-22 12:45:00,7490.25,7491.5,7490.25,7491.0,195
2026-05-22 12:50:00,7491.0,7493.75,7491.0,7492.5,475
2026-05-22 12:55:00,7492.25,7493.75,7492.25,7493.25,220
2026-05-22 13:00:00,7493.25,7494.5,7492.75,7493.0,714
2026-05-22 13:05:00,7493.0,7494.5,7493.0,7494.5,474
2026-05-22 13:10:00,7494.5,7494.75,7492.75,7493.0,419
2026-05-22 13:15:00,7493.25,7494.0,7492.25,7493.25,317
2026-05-22 13:20:00,7493.0,7493.75,7491.0,7491.0,448
2026-05-22 13:25:00,7491.0,7492.75,7490.5,7492.5,477
2026-05-22 13:30:00,7492.5,7493.25,7489.5,7490.5,857
2026-05-22 13:35:00,7490.75,7492.25,7489.75,7490.25,326
2026-05-22 13:40:00,7490.5,7492.5,7490.25,7491.75,427
2026-05-22 13:45:00,7491.75,7493.25,7491.0,7492.25,618
2026-05-22 13:50:00,7492.0,7493.0,7490.5,7491.0,449
2026-05-22 13:55:00,7491.25,7491.25,7484.25,7485.5,2246
2026-05-22 14:00:00,7485.25,7488.5,7483.25,7487.75,1766
2026-05-22 14:05:00,7487.5,7488.5,7484.75,7487.0,793
2026-05-22 14:10:00,7486.75,7489.5,7486.5,7489.25,663
2026-05-22 14:15:00,7489.25,7492.0,7488.5,7489.5,1283
2026-05-22 14:20:00,7489.5,7490.25,7486.75,7487.75,872
2026-05-22 14:25:00,7487.75,7490.0,7486.5,7489.75,956
2026-05-22 14:30:00,7490.0,7490.75,7487.5,7490.5,1473
2026-05-22 14:35:00,7490.75,7494.75,7490.75,7494.0,1272
2026-05-22 14:40:00,7494.0,7494.5,7491.25,7493.0,1083
2026-05-22 14:45:00,7492.75,7493.0,7490.25,7492.0,1371
2026-05-22 14:50:00,7491.75,7492.0,7488.25,7488.5,740
2026-05-22 14:55:00,7488.5,7489.25,7488.25,7489.0,634
2026-05-22 15:00:00,7489.0,7489.25,7481.5,7485.25,2513
2026-05-22 15:05:00,7485.5,7486.5,7484.0,7484.25,1091
2026-05-22 15:10:00,7484.25,7485.75,7481.75,7483.0,1130
2026-05-22 15:15:00,7482.75,7487.0,7482.75,7486.75,1051
2026-05-22 15:20:00,7486.75,7489.5,7486.0,7489.0,1155
2026-05-22 15:25:00,7489.0,7489.75,7487.75,7489.0,999
2026-05-22 15:30:00,7489.25,7489.25,7482.75,7482.75,1545
2026-05-22 15:35:00,7482.75,7485.5,7481.5,7482.5,1623
2026-05-22 15:40:00,7482.75,7487.25,7482.0,7485.75,961
2026-05-22 15:45:00,7485.75,7488.0,7484.0,7487.75,708
2026-05-22 15:50:00,7487.75,7488.0,7486.0,7486.75,754
2026-05-22 15:55:00,7486.5,7489.0,7485.75,7488.75,712
2026-05-22 16:00:00,7488.75,7492.5,7488.5,7491.25,1997
2026-05-22 16:05:00,7491.25,7491.5,7488.0,7488.5,1380
2026-05-22 16:10:00,7488.5,7490.75,7488.0,7489.25,1055
2026-05-22 16:15:00,7489.5,7497.75,7489.5,7495.5,3287
2026-05-22 16:20:00,7495.5,7500.5,7493.5,7494.5,3037
2026-05-22 16:25:00,7494.5,7495.0,7492.25,7494.25,1189
2026-05-22 16:30:00,7494.25,7494.75,7485.0,7487.75,4206
2026-05-22 16:35:00,7487.25,7492.0,7483.75,7490.0,4054
2026-05-22 16:40:00,7490.25,7491.0,7488.0,7489.25,1359
2026-05-22 16:45:00,7489.5,7491.75,7489.5,7490.0,988
2026-05-22 16:50:00,7490.0,7492.75,7489.0,7490.5,1327
2026-05-22 16:55:00,7490.25,7490.5,7484.75,7485.25,1188
2026-05-22 17:00:00,7485.25,7485.25,7481.0,7481.25,2252
2026-05-22 17:05:00,7481.25,7481.25,7475.75,7478.75,2743
2026-05-22 17:10:00,7478.5,7480.0,7476.25,7476.75,1544
2026-05-22 17:15:00,7476.5,7479.5,7475.5,7478.75,1417
2026-05-22 17:20:00,7479.0,7480.25,7478.25,7479.25,1265
2026-05-22 17:25:00,7479.0,7479.0,7475.0,7476.5,1995
2026-05-22 17:30:00,7476.5,7477.75,7473.0,7477.5,2299
2026-05-22 17:35:00,7477.25,7481.75,7476.5,7481.0,1227
2026-05-22 17:40:00,7481.25,7482.25,7479.5,7482.0,1431
2026-05-22 17:45:00,7482.0,7483.0,7480.5,7482.75,707
2026-05-22 17:50:00,7482.75,7485.5,7482.25,7485.0,1014
2026-05-22 17:55:00,7485.0,7485.25,7482.5,7483.25,870
2026-05-22 18:00:00,7483.5,7483.5,7478.25,7478.75,1274
2026-05-22 18:05:00,7478.75,7481.5,7478.5,7480.75,1037
2026-05-22 18:10:00,7481.0,7481.5,7478.5,7478.75,1045
2026-05-22 18:15:00,7478.5,7478.75,7475.25,7475.5,1432
2026-05-22 18:20:00,7475.5,7479.75,7475.25,7479.25,1072
2026-05-22 18:25:00,7479.25,7479.5,7472.0,7472.75,1339
2026-05-22 18:30:00,7473.0,7474.5,7470.5,7471.5,1787
2026-05-22 18:35:00,7471.5,7473.5,7470.5,7471.75,1092
2026-05-22 18:40:00,7471.5,7473.0,7469.5,7472.5,1334
2026-05-22 18:45:00,7472.75,7474.25,7472.0,7474.25,907
2026-05-22 18:50:00,7474.25,7475.75,7473.75,7474.75,1285
2026-05-22 18:55:00,7474.75,7475.5,7473.25,7474.5,644
2026-05-22 19:00:00,7474.5,7478.25,7474.5,7477.75,1275
2026-05-22 19:05:00,7478.0,7478.75,7476.75,7477.0,856
2026-05-22 19:10:00,7476.75,7477.0,7473.0,7474.0,1023
2026-05-22 19:15:00,7474.0,7474.5,7472.75,7473.5,803
2026-05-22 19:20:00,7473.75,7476.25,7472.5,7475.0,824
2026-05-22 19:25:00,7475.0,7476.25,7474.5,7474.5,600
2026-05-22 19:30:00,7474.5,7475.0,7472.25,7473.5,634
2026-05-22 19:35:00,7473.5,7478.5,7473.5,7478.5,963
2026-05-22 19:40:00,7478.25,7479.25,7476.5,7479.25,882
2026-05-22 19:45:00,7479.0,7486.75,7478.75,7482.5,4102
2026-05-22 19:50:00,7482.75,7484.0,7481.25,7482.0,1545
2026-05-22 19:55:00,7482.0,7482.0,7479.75,7480.75,1020
2026-05-22 20:00:00,7480.75,7482.5,7480.25,7480.5,1213
2026-05-22 20:05:00,7480.5,7481.5,7478.75,7479.25,802
2026-05-22 20:10:00,7479.25,7499.5,7478.0,7495.5,11271
2026-05-22 20:15:00,7495.25,7499.25,7486.0,7494.75,7365
2026-05-22 20:20:00,7494.75,7496.5,7487.5,7492.75,4517
2026-05-22 20:25:00,7492.75,7493.5,7488.25,7491.0,2102
2026-05-22 20:30:00,7491.0,7493.75,7490.25,7492.5,2345
2026-05-22 20:35:00,7492.75,7495.25,7491.25,7494.75,3106
2026-05-22 20:40:00,7494.75,7495.25,7492.0,7494.25,2673
2026-05-22 20:45:00,7494.25,7499.25,7494.25,7498.0,2936
2026-05-22 20:50:00,7498.0,7500.75,7495.75,7498.75,3262
2026-05-22 20:55:00,7499.0,7503.5,7498.25,7502.75,3704
2026-05-22 21:00:00,7503.0,7504.0,7495.75,7499.5,4229
2026-05-22 21:05:00,7499.5,7507.0,7498.5,7505.25,5023
2026-05-22 21:10:00,7505.5,7507.75,7501.75,7502.75,7531
2026-05-22 21:15:00,7502.75,7505.25,7498.0,7500.75,6706
2026-05-22 21:20:00,7500.5,7500.75,7494.75,7496.75,4113
2026-05-22 21:25:00,7496.75,7500.0,7495.5,7496.75,5336
2026-05-22 21:30:00,7496.75,7508.0,7491.0,7506.5,33462
2026-05-22 21:35:00,7506.5,7514.25,7504.75,7512.75,22643
2026-05-22 21:40:00,7512.75,7516.25,7504.0,7508.5,31383
2026-05-22 21:45:00,7508.25,7515.75,7504.75,7508.25,21085
2026-05-22 21:50:00,7508.5,7509.0,7500.5,7507.25,18269
2026-05-22 21:55:00,7507.0,7510.0,7501.75,7509.75,12819
2026-05-22 22:00:00,7510.0,7510.0,7492.0,7496.25,24415
2026-05-22 22:05:00,7496.25,7496.25,7486.0,7495.5,22736
2026-05-22 22:10:00,7495.5,7497.75,7489.25,7489.75,14397
2026-05-22 22:15:00,7490.0,7495.0,7488.0,7488.75,13487
2026-05-22 22:20:00,7488.75,7490.25,7478.75,7484.0,19001
2026-05-22 22:25:00,7484.0,7491.5,7482.75,7491.25,16001
2026-05-22 22:30:00,7491.25,7494.5,7488.5,7493.75,15105
2026-05-22 22:35:00,7493.75,7497.5,7493.0,7494.75,12013
2026-05-22 22:40:00,7494.75,7499.75,7493.75,7498.0,9922
2026-05-22 22:45:00,7498.0,7499.0,7492.0,7496.0,11687
2026-05-22 22:50:00,7495.75,7496.75,7493.25,7496.5,8453
2026-05-22 22:55:00,7496.5,7501.75,7495.25,7499.5,10559
2026-05-22 23:00:00,7499.5,7503.25,7498.75,7502.5,9087
2026-05-22 23:05:00,7502.5,7506.0,7501.25,7505.0,9734
2026-05-22 23:10:00,7505.0,7505.75,7501.5,7504.75,7503
2026-05-22 23:15:00,7504.75,7509.25,7503.25,7508.75,8678
2026-05-22 23:20:00,7509.0,7509.25,7505.25,7507.0,8606
2026-05-22 23:25:00,7507.0,7513.75,7505.25,7513.5,11690
2026-05-22 23:30:00,7513.5,7515.25,7509.75,7510.75,13661
2026-05-22 23:35:00,7510.75,7513.5,7509.25,7511.25,8138
2026-05-22 23:40:00,7511.25,7512.5,7509.0,7512.0,6135
2026-05-22 23:45:00,7512.25,7513.0,7507.75,7508.5,7680
2026-05-22 23:50:00,7508.5,7512.0,7508.25,7510.75,7494
2026-05-22 23:55:00,7510.75,7511.75,7509.0,7510.75,6800
2026-05-23 00:00:00,7510.75,7512.25,7506.75,7510.5,10000
2026-05-23 00:05:00,7510.5,7511.0,7507.0,7507.75,6178
2026-05-23 00:10:00,7508.0,7510.25,7506.0,7508.5,6643
2026-05-23 00:15:00,7508.25,7508.5,7503.5,7503.75,9413
2026-05-23 00:20:00,7503.5,7508.0,7502.75,7504.25,5716
2026-05-23 00:25:00,7504.0,7508.25,7503.0,7508.25,7200
2026-05-23 00:30:00,7508.25,7511.0,7504.25,7504.75,8495
2026-05-23 00:35:00,7504.5,7507.75,7502.75,7504.5,5396
2026-05-23 00:40:00,7504.5,7507.25,7503.5,7504.5,4651
2026-05-23 00:45:00,7504.5,7510.0,7504.5,7506.0,6304
2026-05-23 00:50:00,7506.25,7509.5,7505.0,7509.25,4514
2026-05-23 00:55:00,7509.25,7509.25,7505.25,7507.25,5747
2026-05-23 01:00:00,7507.25,7512.5,7507.0,7512.5,6260
2026-05-23 01:05:00,7512.5,7513.5,7511.0,7512.0,5324
2026-05-23 01:10:00,7511.75,7513.0,7510.0,7510.5,5766
2026-05-23 01:15:00,7510.75,7512.5,7501.75,7502.5,9039
2026-05-23 01:20:00,7502.75,7508.5,7501.5,7508.0,10164
2026-05-23 01:25:00,7508.0,7522.5,7507.5,7522.25,35199
2026-05-23 01:30:00,7522.0,7524.0,7513.0,7513.75,22881
2026-05-23 01:35:00,7514.0,7519.0,7512.25,7517.25,9076
2026-05-23 01:40:00,7517.5,7518.0,7513.5,7514.75,7029
2026-05-23 01:45:00,7514.75,7515.5,7511.25,7511.5,6424
2026-05-23 01:50:00,7511.5,7512.5,7505.25,7507.5,10772
2026-05-23 01:55:00,7507.5,7510.75,7507.0,7508.25,5897
2026-05-23 02:00:00,7508.25,7511.5,7502.5,7505.75,13760
2026-05-23 02:05:00,7505.75,7508.75,7505.25,7507.75,4905
2026-05-23 02:10:00,7507.5,7509.0,7504.25,7506.5,4985
2026-05-23 02:15:00,7506.5,7509.25,7503.75,7507.5,6862
2026-05-23 02:20:00,7507.75,7510.0,7506.75,7509.75,4554
2026-05-23 02:25:00,7509.75,7510.25,7506.0,7507.0,5037
2026-05-23 02:30:00,7507.25,7508.0,7504.75,7506.75,4504
2026-05-23 02:35:00,7507.0,7508.75,7502.25,7506.0,11817
2026-05-23 02:40:00,7505.75,7509.0,7505.5,7507.5,6185
2026-05-23 02:45:00,7507.75,7509.0,7503.5,7505.0,6291
2026-05-23 02:50:00,7504.75,7508.75,7504.25,7507.75,5117
2026-05-23 02:55:00,7507.75,7507.75,7505.25,7505.5,3658
2026-05-23 03:00:00,7505.5,7506.75,7496.0,7499.75,17638
2026-05-23 03:05:00,7499.75,7500.5,7495.5,7498.75,8268
2026-05-23 03:10:00,7498.75,7500.5,7495.75,7498.0,6679
2026-05-23 03:15:00,7498.0,7498.75,7494.5,7497.75,8036
2026-05-23 03:20:00,7497.75,7498.0,7493.75,7496.0,7590
2026-05-23 03:25:00,7495.75,7496.25,7489.0,7489.75,8824
2026-05-23 03:30:00,7490.0,7493.5,7486.5,7492.25,13503
2026-05-23 03:35:00,7492.25,7495.5,7490.75,7492.75,8082
2026-05-23 03:40:00,7492.75,7494.0,7487.5,7490.5,8127
2026-05-23 03:45:00,7490.75,7491.0,7483.75,7489.0,11518
2026-05-23 03:50:00,7489.0,7492.0,7484.5,7489.0,16418
2026-05-23 03:55:00,7488.75,7497.0,7488.5,7490.5,57219
2026-05-23 04:00:00,7490.5,7492.25,7487.25,7490.25,20149
2026-05-23 04:05:00,7490.0,7493.0,7490.0,7492.75,3777
2026-05-23 04:10:00,7492.75,7495.0,7492.25,7494.25,3311
2026-05-23 04:15:00,7494.25,7494.5,7491.0,7492.75,2528
2026-05-23 04:20:00,7492.75,7492.75,7490.75,7491.25,1131
2026-05-23 04:25:00,7491.25,7492.0,7491.25,7491.5,746
2026-05-23 04:30:00,7491.5,7493.25,7485.0,7488.5,6836
2026-05-23 04:35:00,7488.5,7490.0,7486.75,7488.0,1917
2026-05-23 04:40:00,7488.0,7488.25,7485.0,7485.5,2883
2026-05-23 04:45:00,7485.5,7487.75,7483.0,7484.25,2538
2026-05-23 04:50:00,7484.5,7486.75,7484.0,7485.5,1014
2026-05-23 04:55:00,7485.5,7491.0,7482.25,7491.0,1727
2026-05-26 12:00:00,7540.25,7541.0,7538.75,7539.0,335
2026-05-26 12:05:00,7539.25,7540.25,7538.0,7540.25,324
2026-05-26 12:10:00,7540.25,7542.25,7540.0,7542.25,399
2026-05-26 12:15:00,7542.25,7542.5,7541.0,7541.5,430
2026-05-26 12:20:00,7541.5,7542.0,7541.25,7541.75,230
2026-05-26 12:25:00,7541.75,7541.75,7540.0,7540.0,373
2026-05-26 12:30:00,7540.0,7541.25,7539.25,7541.25,346
2026-05-26 12:35:00,7541.0,7542.25,7539.25,7540.0,457
2026-05-26 12:40:00,7540.0,7540.5,7539.25,7540.0,243
2026-05-26 12:45:00,7539.5,7540.0,7537.25,7538.5,659
2026-05-26 12:50:00,7538.5,7539.5,7538.25,7538.5,241
2026-05-26 12:55:00,7538.25,7539.75,7538.25,7538.5,380
2026-05-26 13:00:00,7538.5,7538.75,7535.5,7536.25,638
2026-05-26 13:05:00,7536.25,7539.75,7535.5,7539.0,478
2026-05-26 13:10:00,7539.0,7539.5,7538.25,7538.75,354
2026-05-26 13:15:00,7539.0,7540.25,7538.5,7539.25,246
2026-05-26 13:20:00,7539.25,7540.25,7539.0,7540.25,442
2026-05-26 13:25:00,7540.25,7540.25,7539.0,7539.75,407
2026-05-26 13:30:00,7539.75,7541.25,7539.0,7540.0,567
2026-05-26 13:35:00,7540.0,7540.25,7539.25,7539.5,382
2026-05-26 13:40:00,7539.25,7539.25,7537.5,7538.5,472
2026-05-26 13:45:00,7538.5,7539.25,7536.25,7537.0,656
2026-05-26 13:50:00,7537.0,7537.0,7536.0,7536.5,469
2026-05-26 13:55:00,7536.75,7537.5,7536.25,7537.25,451
2026-05-26 14:00:00,7537.5,7539.25,7536.25,7539.0,1397
2026-05-26 14:05:00,7539.0,7540.25,7538.5,7539.75,581
2026-05-26 14:10:00,7539.5,7541.5,7539.0,7541.0,787
2026-05-26 14:15:00,7541.0,7541.25,7540.25,7541.25,473
2026-05-26 14:20:00,7541.25,7542.25,7540.5,7542.0,387
2026-05-26 14:25:00,7542.25,7544.0,7536.0,7538.75,3625
2026-05-26 14:30:00,7538.75,7540.5,7537.75,7540.25,916
2026-05-26 14:35:00,7540.25,7544.5,7540.0,7544.25,1014
2026-05-26 14:40:00,7544.25,7544.25,7541.25,7542.5,642
2026-05-26 14:45:00,7542.75,7542.75,7539.75,7540.25,662
2026-05-26 14:50:00,7540.25,7541.0,7539.25,7540.25,567
2026-05-26 14:55:00,7540.25,7540.5,7538.75,7539.5,351
2026-05-26 15:00:00,7539.75,7541.25,7535.25,7535.25,2227
2026-05-26 15:05:00,7535.25,7536.0,7531.25,7531.25,3196
2026-05-26 15:10:00,7531.25,7534.0,7529.5,7532.25,2615
2026-05-26 15:15:00,7532.5,7532.5,7528.75,7531.25,1784
2026-05-26 15:20:00,7531.5,7533.5,7529.25,7532.75,1433
2026-05-26 15:25:00,7532.75,7532.75,7530.0,7531.0,1059
2026-05-26 15:30:00,7531.0,7531.0,7525.25,7529.0,2459
2026-05-26 15:35:00,7529.0,7530.25,7527.25,7529.75,1026
2026-05-26 15:40:00,7529.75,7533.0,7529.5,7532.75,986
2026-05-26 15:45:00,7532.75,7535.0,7532.5,7534.25,1007
2026-05-26 15:50:00,7534.0,7534.75,7529.25,7529.25,1034
2026-05-26 15:55:00,7529.0,7531.75,7528.5,7531.25,826
2026-05-26 16:00:00,7531.25,7533.25,7528.0,7529.25,1401
2026-05-26 16:05:00,7529.25,7531.0,7528.75,7530.0,788
2026-05-26 16:10:00,7530.0,7532.25,7529.5,7530.0,865
2026-05-26 16:15:00,7530.0,7532.0,7529.25,7531.75,792
2026-05-26 16:20:00,7531.75,7532.5,7531.0,7531.75,535
2026-05-26 16:25:00,7531.75,7532.0,7529.75,7531.0,676
2026-05-26 16:30:00,7531.0,7531.25,7528.75,7529.75,748
2026-05-26 16:35:00,7529.5,7532.0,7528.5,7531.5,1099
2026-05-26 16:40:00,7531.5,7532.25,7530.5,7531.5,1134
2026-05-26 16:45:00,7531.5,7531.75,7530.0,7530.25,609
2026-05-26 16:50:00,7530.25,7533.5,7529.5,7531.75,1189
2026-05-26 16:55:00,7531.75,7533.0,7531.0,7532.75,897
2026-05-26 17:00:00,7532.75,7534.0,7532.0,7533.75,1098
2026-05-26 17:05:00,7533.75,7534.25,7530.75,7531.25,755
2026-05-26 17:10:00,7531.0,7532.0,7530.75,7531.0,555
2026-05-26 17:15:00,7530.75,7535.0,7530.0,7533.5,1929
2026-05-26 17:20:00,7533.75,7534.75,7530.75,7532.5,2532
2026-05-26 17:25:00,7532.5,7537.5,7532.0,7537.25,1499
2026-05-26 17:30:00,7537.25,7538.75,7536.75,7538.0,1396
2026-05-26 17:35:00,7537.75,7539.0,7537.25,7537.25,1293
2026-05-26 17:40:00,7537.25,7537.5,7536.0,7536.0,636
2026-05-26 17:45:00,7536.0,7538.25,7536.0,7537.5,658
2026-05-26 17:50:00,7537.5,7537.75,7536.5,7537.75,581
2026-05-26 17:55:00,7537.75,7538.5,7537.5,7537.5,535
2026-05-26 18:00:00,7537.75,7538.75,7537.0,7537.75,729
2026-05-26 18:05:00,7537.75,7539.5,7536.25,7539.25,987
2026-05-26 18:10:00,7539.25,7541.75,7539.25,7541.75,1193
2026-05-26 18:15:00,7542.0,7543.5,7540.75,7543.0,1596
2026-05-26 18:20:00,7543.25,7543.75,7541.75,7543.0,1101
2026-05-26 18:25:00,7542.75,7547.25,7542.5,7546.25,2447
2026-05-26 18:30:00,7546.25,7551.25,7546.0,7549.25,3085
2026-05-26 18:35:00,7549.25,7550.0,7546.75,7547.0,1751
2026-05-26 18:40:00,7547.0,7548.25,7544.25,7545.0,1353
2026-05-26 18:45:00,7545.25,7545.5,7542.5,7544.0,1400
2026-05-26 18:50:00,7544.25,7545.0,7543.0,7543.0,640
2026-05-26 18:55:00,7543.0,7545.0,7542.25,7542.25,1659
2026-05-26 19:00:00,7542.5,7544.5,7541.25,7541.75,1659
2026-05-26 19:05:00,7541.75,7543.25,7541.25,7542.75,957
2026-05-26 19:10:00,7543.0,7543.0,7540.25,7540.25,727
2026-05-26 19:15:00,7540.5,7543.25,7539.75,7541.25,1676
2026-05-26 19:20:00,7541.25,7544.0,7541.25,7543.5,1422
2026-05-26 19:25:00,7543.5,7543.75,7541.25,7541.25,772
2026-05-26 19:30:00,7541.25,7543.25,7536.5,7538.0,2895
2026-05-26 19:35:00,7537.75,7538.75,7532.25,7538.25,4343
2026-05-26 19:40:00,7538.0,7541.0,7537.75,7540.75,1770
2026-05-26 19:45:00,7541.0,7541.5,7539.75,7539.75,931
2026-05-26 19:50:00,7539.75,7542.0,7539.25,7541.0,976
2026-05-26 19:55:00,7541.25,7541.5,7539.75,7540.0,862
2026-05-26 20:00:00,7540.0,7541.25,7539.75,7540.25,810
2026-05-26 20:05:00,7540.5,7542.0,7536.0,7540.25,5562
2026-05-26 20:10:00,7540.25,7542.25,7539.0,7541.0,1221
2026-05-26 20:15:00,7541.0,7542.5,7540.0,7542.5,1166
2026-05-26 20:20:00,7542.25,7543.0,7541.5,7543.0,974
2026-05-26 20:25:00,7543.0,7547.75,7542.75,7545.0,2089
2026-05-26 20:30:00,7545.25,7545.75,7543.25,7545.5,1564
2026-05-26 20:35:00,7545.25,7545.5,7543.25,7544.5,1277
2026-05-26 20:40:00,7544.75,7548.5,7544.75,7545.5,2395
2026-05-26 20:45:00,7545.5,7546.0,7543.75,7544.25,2282
2026-05-26 20:50:00,7544.25,7545.5,7542.75,7544.0,1728
2026-05-26 20:55:00,7543.75,7545.25,7542.75,7544.0,1016
2026-05-26 21:00:00,7543.75,7544.75,7540.75,7542.0,2264
2026-05-26 21:05:00,7542.0,7542.25,7540.25,7540.75,1463
2026-05-26 21:10:00,7540.75,7542.75,7540.5,7542.5,2179
2026-05-26 21:15:00,7542.75,7543.5,7542.25,7543.0,1608
2026-05-26 21:20:00,7542.75,7543.5,7541.75,7543.5,1898
2026-05-26 21:25:00,7543.25,7544.0,7534.0,7534.25,5916
2026-05-26 21:30:00,7534.0,7538.25,7527.25,7528.25,37514
2026-05-26 21:35:00,7528.25,7533.75,7525.0,7531.25,23028
2026-05-26 21:40:00,7531.25,7540.75,7530.25,7540.0,21664
2026-05-26 21:45:00,7540.0,7545.0,7539.75,7543.5,18871
2026-05-26 21:50:00,7543.5,7544.0,7529.5,7535.0,31165
2026-05-26 21:55:00,7535.25,7541.5,7534.5,7541.5,15532
2026-05-26 22:00:00,7541.5,7545.5,7539.0,7544.75,16754
2026-05-26 22:05:00,7545.0,7548.25,7544.5,7547.0,14067
2026-05-26 22:10:00,7547.0,7548.5,7544.5,7548.25,13426
2026-05-26 22:15:00,7548.25,7550.25,7545.25,7549.75,11908
2026-05-26 22:20:00,7549.75,7552.0,7548.25,7549.25,13496
2026-05-26 22:25:00,7549.25,7552.75,7546.75,7549.75,13434
2026-05-26 22:30:00,7549.5,7551.75,7547.25,7548.0,13173
2026-05-26 22:35:00,7547.75,7555.25,7547.5,7551.25,15639
2026-05-26 22:40:00,7551.25,7555.25,7551.0,7554.25,9451
2026-05-26 22:45:00,7554.25,7554.75,7551.0,7551.0,10214
2026-05-26 22:50:00,7551.0,7554.25,7548.0,7549.25,9457
2026-05-26 22:55:00,7549.5,7549.75,7545.75,7547.75,12349
2026-05-26 23:00:00,7548.0,7548.75,7540.0,7541.5,18930
2026-05-26 23:05:00,7541.5,7543.5,7537.25,7542.75,16731
2026-05-26 23:10:00,7542.5,7543.5,7538.5,7539.5,13356
2026-05-26 23:15:00,7539.5,7539.5,7534.0,7537.5,15633
2026-05-26 23:20:00,7537.5,7538.25,7533.25,7535.25,13746
2026-05-26 23:25:00,7535.25,7537.75,7530.75,7532.0,13186
2026-05-26 23:30:00,7532.0,7533.75,7528.75,7532.0,13893
2026-05-26 23:35:00,7531.75,7533.5,7525.25,7532.0,14095
2026-05-26 23:40:00,7532.0,7532.5,7526.0,7527.25,12910
2026-05-26 23:45:00,7527.25,7527.75,7523.0,7524.5,14792
2026-05-26 23:50:00,7524.25,7525.75,7517.25,7518.75,17084
2026-05-26 23:55:00,7518.75,7524.0,7517.0,7523.25,15731
2026-05-27 00:00:00,7523.0,7527.75,7523.0,7525.75,11833
2026-05-27 00:05:00,7525.75,7527.5,7521.5,7522.25,7874
2026-05-27 00:10:00,7522.25,7525.0,7519.75,7522.5,8710
2026-05-27 00:15:00,7522.5,7527.25,7521.5,7526.5,6491
2026-05-27 00:20:00,7526.75,7528.5,7525.0,7527.75,6592
2026-05-27 00:25:00,7528.0,7531.25,7527.25,7530.75,7545
2026-05-27 00:30:00,7531.0,7534.0,7530.25,7533.25,11394
2026-05-27 00:35:00,7533.25,7534.0,7530.5,7530.5,6197
2026-05-27 00:40:00,7530.5,7530.75,7525.5,7526.0,7721
2026-05-27 00:45:00,7526.0,7528.0,7522.0,7522.0,9474
2026-05-27 00:50:00,7522.25,7526.0,7522.0,7525.75,7358
2026-05-27 00:55:00,7525.75,7526.25,7523.0,7523.5,5250
2026-05-27 01:00:00,7523.5,7528.0,7522.5,7524.75,7564
2026-05-27 01:05:00,7524.75,7526.5,7523.25,7524.75,5331
2026-05-27 01:10:00,7524.75,7527.5,7523.5,7526.25,4731
2026-05-27 01:15:00,7526.25,7526.75,7520.75,7521.25,6044
2026-05-27 01:20:00,7521.25,7523.75,7520.0,7520.75,6694
2026-05-27 01:25:00,7520.75,7521.75,7518.5,7519.75,7193
2026-05-27 01:30:00,7519.75,7524.25,7518.25,7524.0,6625
2026-05-27 01:35:00,7524.0,7525.0,7521.75,7522.0,5394
2026-05-27 01:40:00,7522.0,7523.25,7519.5,7522.0,4869
2026-05-27 01:45:00,7522.0,7526.25,7522.0,7525.75,4445
2026-05-27 01:50:00,7525.75,7526.75,7524.0,7524.25,4657
2026-05-27 01:55:00,7524.0,7524.75,7521.25,7524.0,5652
2026-05-27 02:00:00,7523.75,7526.0,7521.5,7525.5,5387
2026-05-27 02:05:00,7525.5,7527.75,7524.75,7527.5,4920
2026-05-27 02:10:00,7527.5,7530.75,7527.5,7530.0,6444
2026-05-27 02:15:00,7530.25,7533.0,7530.0,7533.0,7615
2026-05-27 02:20:00,7533.25,7533.75,7531.0,7532.25,6378
2026-05-27 02:25:00,7532.5,7533.5,7529.5,7530.0,5813
2026-05-27 02:30:00,7530.0,7533.75,7530.0,7533.25,5583
2026-05-27 02:35:00,7533.25,7533.25,7529.75,7530.5,5305
2026-05-27 02:40:00,7530.75,7530.75,7527.5,7527.5,5901
2026-05-27 02:45:00,7527.5,7529.25,7526.25,7526.75,6551
2026-05-27 02:50:00,7526.75,7529.5,7525.25,7527.5,6218
2026-05-27 02:55:00,7527.25,7528.25,7523.75,7524.75,6644
2026-05-27 03:00:00,7524.5,7526.5,7522.0,7525.5,9541
2026-05-27 03:05:00,7525.75,7528.0,7524.25,7527.75,5890
2026-05-27 03:10:00,7527.5,7528.0,7525.0,7525.5,5712
2026-05-27 03:15:00,7525.25,7528.5,7525.25,7527.75,6125
2026-05-27 03:20:00,7527.75,7529.25,7526.75,7528.75,6123
2026-05-27 03:25:00,7528.5,7529.25,7527.5,7528.75,6746
2026-05-27 03:30:00,7528.5,7533.25,7528.5,7532.75,7954
2026-05-27 03:35:00,7533.0,7536.25,7532.25,7536.0,9455
2026-05-27 03:40:00,7535.75,7539.0,7535.25,7538.75,11096
2026-05-27 03:45:00,7538.75,7541.0,7537.0,7539.25,12666
2026-05-27 03:50:00,7539.25,7542.5,7537.75,7540.5,19036
2026-05-27 03:55:00,7540.25,7541.0,7534.25,7539.25,66404
2026-05-27 04:00:00,7539.25,7540.75,7536.75,7537.25,24042
2026-05-27 04:05:00,7537.25,7538.25,7536.25,7537.25,4760
2026-05-27 04:10:00,7537.0,7537.75,7535.75,7535.75,4003
2026-05-27 04:15:00,7535.75,7538.75,7535.5,7537.5,2888
2026-05-27 04:20:00,7537.25,7538.5,7536.0,7536.0,1803
2026-05-27 04:25:00,7536.25,7536.25,7535.0,7535.25,1170
2026-05-27 04:30:00,7535.25,7537.0,7535.0,7536.5,874
2026-05-27 04:35:00,7536.5,7537.5,7536.5,7537.25,754
2026-05-27 04:40:00,7537.0,7537.5,7535.75,7535.75,527
2026-05-27 04:45:00,7536.0,7536.25,7532.75,7533.0,1293
2026-05-27 04:50:00,7533.0,7533.25,7531.0,7532.25,2677
2026-05-27 04:55:00,7532.25,7533.75,7531.75,7532.75,2331
2026-05-27 06:00:00,7533.0,7538.0,7533.0,7534.5,0
2026-05-27 06:05:00,7534.75,7535.5,7530.25,7531.25,1128
2026-05-27 06:10:00,7531.25,7532.75,7529.25,7531.75,536
2026-05-27 06:15:00,7531.75,7534.75,7530.25,7534.25,668
2026-05-27 06:20:00,7534.25,7534.25,7532.0,7532.75,517
2026-05-27 06:25:00,7532.75,7533.75,7532.25,7532.75,236
2026-05-27 06:30:00,7533.0,7534.5,7532.75,7534.25,277
2026-05-27 06:35:00,7534.25,7534.75,7533.0,7534.75,294
2026-05-27 06:40:00,7534.75,7536.25,7533.5,7533.75,504
2026-05-27 06:45:00,7533.5,7533.75,7531.5,7532.25,470
2026-05-27 06:50:00,7532.25,7533.75,7531.5,7533.0,374
2026-05-27 06:55:00,7533.0,7534.5,7532.25,7533.25,291
2026-05-27 07:00:00,7533.5,7535.5,7533.5,7534.75,403
2026-05-27 07:05:00,7534.75,7535.5,7533.75,7535.0,260
2026-05-27 07:10:00,7535.25,7536.0,7533.5,7534.0,320
2026-05-27 07:15:00,7534.0,7535.25,7533.5,7534.75,254
2026-05-27 07:20:00,7534.75,7538.0,7534.75,7537.25,894
2026-05-27 07:25:00,7537.25,7539.25,7536.75,7539.0,444
2026-05-27 07:30:00,7538.75,7540.0,7536.75,7538.25,718
2026-05-27 07:35:00,7538.0,7538.5,7536.5,7538.25,369
2026-05-27 07:40:00,7538.25,7542.0,7537.75,7542.0,609
2026-05-27 07:45:00,7542.0,7544.75,7541.25,7543.0,1165
2026-05-27 07:50:00,7543.0,7544.25,7542.0,7544.25,431
2026-05-27 07:55:00,7544.0,7544.0,7541.75,7543.5,452
2026-05-27 08:00:00,7543.5,7545.25,7542.0,7543.5,1082
2026-05-27 08:05:00,7543.5,7545.0,7542.5,7544.5,1220
2026-05-27 08:10:00,7544.5,7544.5,7542.75,7543.75,425
2026-05-27 08:15:00,7543.75,7543.75,7539.5,7540.5,986
2026-05-27 08:20:00,7540.5,7540.75,7538.0,7538.0,807
2026-05-27 08:25:00,7538.0,7543.0,7537.75,7542.25,798
2026-05-27 08:30:00,7542.25,7546.25,7542.25,7545.0,1095
2026-05-27 08:35:00,7545.0,7545.25,7541.25,7541.5,1202
2026-05-27 08:40:00,7541.5,7545.25,7541.5,7543.75,561
2026-05-27 08:45:00,7544.0,7547.25,7543.75,7545.25,999
2026-05-27 08:50:00,7545.25,7545.5,7543.0,7543.25,606
2026-05-27 08:55:00,7543.25,7546.0,7543.25,7545.75,519
2026-05-27 09:00:00,7545.75,7546.25,7544.0,7546.0,950
2026-05-27 09:05:00,7546.25,7548.0,7544.5,7546.5,898
2026-05-27 09:10:00,7546.75,7548.75,7546.5,7547.75,963
2026-05-27 09:15:00,7547.75,7548.75,7546.25,7546.75,820
2026-05-27 09:20:00,7547.0,7548.25,7546.75,7547.75,419
2026-05-27 09:25:00,7547.75,7547.75,7546.0,7547.0,515
2026-05-27 09:30:00,7547.0,7547.25,7545.75,7545.75,684
2026-05-27 09:35:00,7546.0,7547.5,7545.5,7546.0,813
2026-05-27 09:40:00,7546.0,7547.25,7545.25,7545.25,378
2026-05-27 09:45:00,7545.5,7545.5,7543.5,7545.0,784
2026-05-27 09:50:00,7545.0,7545.5,7542.5,7543.5,599
2026-05-27 09:55:00,7543.25,7543.25,7541.5,7542.25,639
2026-05-27 10:00:00,7542.5,7544.0,7542.25,7544.0,563
2026-05-27 10:05:00,7544.0,7545.0,7543.25,7544.25,398
2026-05-27 10:10:00,7544.5,7544.75,7543.0,7544.0,540
2026-05-27 10:15:00,7544.25,7546.0,7544.0,7545.0,381
2026-05-27 10:20:00,7545.0,7546.25,7544.5,7546.0,348
2026-05-27 10:25:00,7546.25,7546.5,7545.25,7545.5,390
2026-05-27 10:30:00,7545.5,7546.5,7545.25,7546.25,354
2026-05-27 10:35:00,7546.5,7546.75,7544.75,7544.75,524
2026-05-27 10:40:00,7544.75,7545.25,7544.25,7545.0,348
2026-05-27 10:45:00,7545.0,7546.5,7544.75,7546.25,390
2026-05-27 10:50:00,7546.0,7547.0,7545.75,7545.75,315
2026-05-27 10:55:00,7545.75,7545.75,7544.0,7544.25,443
2026-05-27 11:00:00,7544.25,7546.75,7543.75,7545.75,485
2026-05-27 11:05:00,7545.75,7546.75,7545.25,7545.75,414
2026-05-27 11:10:00,7545.5,7545.5,7543.25,7543.75,429
2026-05-27 11:15:00,7543.75,7544.25,7543.5,7543.5,229
2026-05-27 11:20:00,7543.25,7543.75,7542.5,7542.5,209
2026-05-27 11:25:00,7542.5,7543.0,7541.75,7543.0,326
2026-05-27 11:30:00,7543.0,7543.5,7540.0,7541.0,431
2026-05-27 11:35:00,7541.0,7541.5,7540.25,7541.25,410
2026-05-27 11:40:00,7541.25,7542.5,7541.25,7541.75,259
2026-05-27 11:45:00,7541.75,7541.75,7539.75,7540.0,393
2026-05-27 11:50:00,7540.0,7541.0,7539.75,7540.0,370
2026-05-27 11:55:00,7540.0,7540.0,7538.5,7539.25,330
2026-05-27 12:05:00,7541.5,7541.75,7541.25,7541.75,874
2026-05-27 12:10:00,7541.25,7542.5,7540.5,7540.5,416
2026-05-27 12:15:00,7540.5,7540.75,7537.5,7537.75,403
2026-05-27 12:20:00,7537.5,7540.0,7537.25,7538.25,464
2026-05-27 12:25:00,7538.0,7538.25,7535.5,7536.25,598
2026-05-27 12:30:00,7536.0,7538.5,7535.5,7538.0,602
2026-05-27 12:35:00,7538.0,7539.75,7538.0,7539.75,339
2026-05-27 12:40:00,7539.5,7540.75,7539.5,7540.75,230
2026-05-27 12:45:00,7541.0,7542.25,7540.5,7542.0,305
2026-05-27 12:50:00,7542.0,7543.0,7541.75,7542.5,395
2026-05-27 12:55:00,7542.75,7543.0,7541.5,7541.5,237
2026-05-27 13:00:00,7541.25,7543.5,7540.25,7543.0,528
2026-05-27 13:05:00,7542.75,7543.0,7541.25,7542.75,208
2026-05-27 13:10:00,7542.75,7542.75,7540.75,7542.0,314
2026-05-27 13:15:00,7542.25,7542.25,7539.0,7539.25,405
2026-05-27 13:20:00,7539.5,7542.25,7538.75,7542.25,590
2026-05-27 13:25:00,7542.25,7542.5,7540.75,7542.25,365
2026-05-27 13:30:00,7542.5,7542.5,7537.75,7538.75,471
2026-05-27 13:35:00,7538.75,7543.25,7538.75,7541.0,391
2026-05-27 13:40:00,7541.25,7542.75,7540.5,7542.5,231
2026-05-27 13:45:00,7542.75,7543.0,7541.25,7541.5,180
2026-05-27 13:50:00,7541.25,7545.0,7541.25,7543.75,1024
2026-05-27 13:55:00,7543.75,7544.75,7543.5,7543.75,323
2026-05-27 14:00:00,7543.75,7544.5,7542.5,7543.25,525
2026-05-27 14:05:00,7543.5,7545.5,7542.75,7544.5,701
2026-05-27 14:10:00,7544.75,7545.25,7542.0,7543.25,533
2026-05-27 14:15:00,7543.25,7544.0,7542.25,7544.0,303
2026-05-27 14:20:00,7544.0,7544.25,7541.25,7542.25,470
2026-05-27 14:25:00,7542.25,7542.25,7540.25,7541.5,553
2026-05-27 14:30:00,7541.5,7542.0,7538.5,7539.75,960
2026-05-27 14:35:00,7539.75,7540.25,7537.0,7539.25,1381
2026-05-27 14:40:00,7539.0,7540.5,7538.75,7539.5,411
2026-05-27 14:45:00,7539.5,7541.25,7539.0,7540.0,514
2026-05-27 14:50:00,7540.0,7541.25,7540.0,7540.5,347
2026-05-27 14:55:00,7540.5,7540.75,7538.75,7540.0,504
2026-05-27 15:00:00,7540.25,7544.0,7540.0,7543.75,1357
2026-05-27 15:05:00,7543.75,7545.25,7543.0,7544.75,965
2026-05-27 15:10:00,7544.75,7545.5,7543.75,7545.25,598
2026-05-27 15:15:00,7545.25,7546.25,7544.25,7546.25,665
2026-05-27 15:20:00,7546.0,7547.5,7545.25,7546.75,685
2026-05-27 15:25:00,7546.5,7546.75,7545.75,7546.25,501
2026-05-27 15:30:00,7546.5,7548.25,7545.25,7547.75,889
2026-05-27 15:35:00,7547.75,7548.25,7545.75,7546.0,680
2026-05-27 15:40:00,7546.0,7547.5,7545.25,7547.25,540
2026-05-27 15:45:00,7547.5,7547.75,7544.75,7545.0,603
2026-05-27 15:50:00,7545.0,7547.0,7544.75,7546.75,584
2026-05-27 15:55:00,7547.0,7548.5,7546.25,7548.0,811
2026-05-27 16:00:00,7547.75,7550.5,7547.0,7549.0,1707
2026-05-27 16:05:00,7549.0,7552.0,7548.0,7550.25,1567
2026-05-27 16:10:00,7550.25,7552.0,7550.0,7551.5,891
2026-05-27 16:15:00,7551.5,7554.0,7551.5,7553.75,1413
2026-05-27 16:20:00,7554.0,7558.5,7553.0,7556.75,2429
2026-05-27 16:25:00,7556.5,7557.75,7556.5,7557.0,987
2026-05-27 16:30:00,7557.25,7557.5,7555.0,7556.75,802
2026-05-27 16:35:00,7556.75,7558.25,7556.0,7557.75,884
2026-05-27 16:40:00,7557.5,7559.0,7556.75,7558.75,1073
2026-05-27 16:45:00,7558.75,7559.25,7557.5,7557.75,837
2026-05-27 16:50:00,7557.75,7559.75,7557.25,7558.25,968
2026-05-27 16:55:00,7558.25,7558.25,7557.25,7557.75,625
2026-05-27 17:00:00,7557.5,7558.5,7555.75,7557.5,1078
2026-05-27 17:05:00,7557.75,7557.75,7556.0,7556.25,566
2026-05-27 17:10:00,7556.25,7558.25,7556.0,7557.75,713
2026-05-27 17:15:00,7557.75,7558.5,7557.25,7557.5,645
2026-05-27 17:20:00,7557.5,7559.0,7557.25,7557.5,587
2026-05-27 17:25:00,7557.5,7558.25,7556.75,7557.25,607
2026-05-27 17:30:00,7557.25,7557.75,7556.0,7557.25,683
2026-05-27 17:35:00,7557.25,7561.25,7557.0,7560.0,1425
2026-05-27 17:40:00,7560.0,7560.25,7557.75,7558.25,694
2026-05-27 17:45:00,7558.25,7558.75,7557.0,7558.0,509
2026-05-27 17:50:00,7558.0,7560.25,7558.0,7560.0,827
2026-05-27 17:55:00,7559.75,7561.0,7559.5,7560.0,765
2026-05-27 18:00:00,7560.25,7563.75,7560.0,7563.25,1718
2026-05-27 18:05:00,7563.25,7565.0,7563.0,7564.25,1657
2026-05-27 18:10:00,7564.25,7565.0,7563.25,7564.75,1239
2026-05-27 18:15:00,7564.75,7564.75,7562.5,7562.5,651
2026-05-27 18:20:00,7562.5,7562.75,7561.0,7562.75,735
2026-05-27 18:25:00,7562.75,7562.75,7561.25,7561.5,544
2026-05-27 18:30:00,7561.5,7561.75,7559.75,7559.75,1018
2026-05-27 18:35:00,7559.75,7561.25,7559.5,7560.0,714
2026-05-27 18:40:00,7560.0,7560.75,7559.25,7560.5,775
2026-05-27 18:45:00,7560.5,7561.5,7560.25,7561.0,1034
2026-05-27 18:50:00,7560.75,7561.5,7560.5,7561.25,523
2026-05-27 18:55:00,7561.5,7563.0,7561.0,7561.75,952
2026-05-27 19:00:00,7562.0,7566.5,7561.75,7564.5,2216
2026-05-27 19:05:00,7564.5,7564.5,7561.75,7562.5,1379
2026-05-27 19:10:00,7562.5,7563.75,7561.0,7563.0,1058
2026-05-27 19:15:00,7563.0,7563.25,7560.0,7561.75,2315
2026-05-27 19:20:00,7561.75,7565.25,7561.5,7563.5,2203
2026-05-27 19:25:00,7563.75,7563.75,7559.75,7560.0,1491
2026-05-27 19:30:00,7560.0,7560.25,7558.0,7559.25,1721
2026-05-27 19:35:00,7559.25,7560.5,7558.5,7558.75,995
2026-05-27 19:40:00,7558.75,7558.75,7556.0,7556.75,1169
2026-05-27 19:45:00,7556.5,7556.75,7554.0,7554.25,1532
2026-05-27 19:50:00,7554.25,7555.0,7553.25,7553.5,1337
2026-05-27 19:55:00,7553.25,7553.5,7550.5,7551.0,1869
2026-05-27 20:00:00,7551.25,7551.25,7547.25,7548.25,3647
2026-05-27 20:05:00,7548.0,7550.5,7548.0,7549.5,1554
2026-05-27 20:10:00,7549.5,7549.75,7548.25,7548.75,1512
2026-05-27 20:15:00,7548.75,7559.25,7545.25,7558.0,9268
2026-05-27 20:20:00,7557.75,7570.75,7554.0,7560.5,15469
2026-05-27 20:25:00,7560.75,7567.5,7559.25,7566.75,6416
2026-05-27 20:30:00,7567.0,7568.75,7561.0,7561.5,4999
2026-05-27 20:35:00,7561.5,7565.75,7559.5,7561.0,5899
2026-05-27 20:40:00,7561.25,7561.5,7558.25,7558.25,2953
2026-05-27 20:45:00,7558.25,7558.25,7553.0,7553.5,3935
2026-05-27 20:50:00,7553.75,7556.0,7552.0,7552.75,3917
2026-05-27 20:55:00,7552.5,7553.5,7551.5,7552.75,1849
2026-05-27 21:00:00,7552.75,7553.5,7549.0,7551.25,4414
2026-05-27 21:05:00,7551.5,7552.0,7546.25,7548.0,4334
2026-05-27 21:10:00,7548.0,7549.0,7544.75,7547.5,4677
2026-05-27 21:15:00,7547.25,7548.5,7544.0,7545.25,3667
2026-05-27 21:20:00,7545.25,7546.5,7543.75,7546.0,3190
2026-05-27 21:25:00,7546.0,7547.5,7541.75,7542.0,6591
2026-05-27 21:30:00,7541.75,7546.25,7539.0,7542.0,35500
2026-05-27 21:35:00,7542.0,7544.75,7535.75,7538.75,27187
2026-05-27 21:40:00,7538.5,7538.75,7525.5,7528.25,29455
2026-05-27 21:45:00,7528.25,7534.5,7526.25,7529.0,28282
2026-05-27 21:50:00,7529.0,7537.75,7528.25,7534.25,24731
2026-05-27 21:55:00,7534.25,7538.25,7531.5,7538.0,19349
2026-05-27 22:00:00,7538.0,7546.25,7535.0,7545.5,23148
2026-05-27 22:05:00,7545.75,7546.25,7534.5,7539.25,22814
2026-05-27 22:10:00,7539.25,7542.25,7535.5,7541.5,14272
2026-05-27 22:15:00,7541.5,7546.75,7539.75,7545.75,13161
2026-05-27 22:20:00,7545.75,7547.0,7534.0,7534.75,24828
2026-05-27 22:25:00,7534.75,7535.0,7528.75,7533.75,23010
2026-05-27 22:30:00,7533.75,7539.5,7525.75,7536.75,32680
2026-05-27 22:35:00,7536.5,7543.0,7534.5,7542.75,16707
2026-05-27 22:40:00,7542.75,7543.5,7535.25,7537.5,14773
2026-05-27 22:45:00,7537.75,7538.75,7532.75,7532.75,11931
2026-05-27 22:50:00,7533.0,7537.25,7532.75,7536.25,9954
2026-05-27 22:55:00,7536.25,7536.25,7528.0,7530.0,14016
2026-05-27 23:00:00,7530.0,7534.0,7527.0,7530.75,16992
2026-05-27 23:05:00,7530.5,7534.75,7528.5,7533.25,8749
2026-05-27 23:10:00,7533.0,7534.75,7531.0,7531.5,7850
2026-05-27 23:15:00,7531.5,7531.75,7524.25,7524.75,11359
2026-05-27 23:20:00,7524.5,7528.0,7522.0,7527.5,13654
2026-05-27 23:25:00,7527.25,7528.75,7525.0,7528.5,10096
2026-05-27 23:30:00,7528.75,7535.0,7528.0,7531.5,18216
2026-05-27 23:35:00,7531.5,7532.25,7524.0,7524.25,11791
2026-05-27 23:40:00,7524.25,7527.75,7518.5,7519.25,17735
2026-05-27 23:45:00,7519.25,7523.75,7516.5,7520.0,18323
2026-05-27 23:50:00,7520.0,7526.0,7518.5,7523.75,14138
2026-05-27 23:55:00,7523.75,7525.75,7520.75,7524.25,8029
2026-05-28 00:00:00,7524.25,7526.25,7519.0,7521.0,13416
2026-05-28 00:05:00,7521.0,7528.0,7520.5,7528.0,8272
2026-05-28 00:10:00,7528.0,7530.5,7527.25,7529.0,8300
2026-05-28 00:15:00,7529.0,7531.5,7526.5,7527.0,7975
2026-05-28 00:20:00,7527.0,7531.0,7526.75,7530.25,5898
2026-05-28 00:25:00,7530.25,7530.5,7528.0,7529.5,6445
2026-05-28 00:30:00,7529.75,7533.25,7527.75,7531.0,6055
2026-05-28 00:35:00,7531.25,7534.75,7531.0,7533.75,5794
2026-05-28 00:40:00,7534.0,7537.5,7534.0,7535.5,7359
2026-05-28 00:45:00,7535.75,7538.25,7534.75,7538.0,7883
2026-05-28 00:50:00,7538.25,7539.75,7533.5,7534.25,8185
2026-05-28 00:55:00,7534.0,7534.25,7529.25,7531.0,8280
2026-05-28 01:00:00,7531.0,7532.0,7527.75,7528.5,7521
2026-05-28 01:05:00,7528.75,7529.75,7515.0,7516.25,16702
2026-05-28 01:10:00,7516.0,7522.0,7515.75,7522.0,14371
2026-05-28 01:15:00,7522.0,7527.0,7520.5,7526.0,8676
2026-05-28 01:20:00,7526.0,7527.75,7525.25,7527.5,5998
2026-05-28 01:25:00,7527.25,7528.25,7524.25,7524.75,5575
2026-05-28 01:30:00,7524.75,7529.25,7524.5,7529.0,5428
2026-05-28 01:35:00,7529.0,7532.5,7528.5,7529.75,7915
2026-05-28 01:40:00,7530.0,7530.5,7526.5,7527.25,6204
2026-05-28 01:45:00,7527.0,7528.0,7525.0,7527.75,6124
2026-05-28 01:50:00,7528.0,7532.0,7528.0,7532.0,5504
2026-05-28 01:55:00,7532.0,7533.75,7530.25,7530.75,6652
2026-05-28 02:00:00,7530.5,7531.25,7526.5,7528.5,6910
2026-05-28 02:05:00,7528.25,7531.75,7526.5,7531.5,5500
2026-05-28 02:10:00,7531.5,7534.0,7530.5,7533.5,4789
2026-05-28 02:15:00,7533.75,7537.5,7532.25,7536.75,7089
2026-05-28 02:20:00,7536.75,7539.5,7536.0,7539.0,6600
2026-05-28 02:25:00,7539.0,7541.5,7538.5,7540.5,8174
2026-05-28 02:30:00,7540.5,7542.5,7539.25,7540.25,8096
2026-05-28 02:35:00,7540.25,7541.0,7537.75,7541.0,6516
2026-05-28 02:40:00,7541.0,7542.75,7539.75,7541.75,5277
2026-05-28 02:45:00,7541.75,7544.0,7541.5,7541.5,6368
2026-05-28 02:50:00,7541.75,7544.25,7540.25,7542.0,8308
2026-05-28 02:55:00,7542.25,7543.75,7541.25,7542.0,4844
2026-05-28 03:00:00,7542.0,7543.75,7539.5,7543.25,7875
2026-05-28 03:05:00,7543.25,7545.25,7542.0,7543.75,6276
2026-05-28 03:10:00,7543.75,7544.25,7542.25,7543.0,5389
2026-05-28 03:15:00,7543.0,7543.75,7541.5,7542.5,5288
2026-05-28 03:20:00,7542.5,7543.5,7540.25,7541.0,5367
2026-05-28 03:25:00,7541.0,7541.0,7536.75,7539.5,8796
2026-05-28 03:30:00,7539.25,7541.5,7537.25,7539.25,11215
2026-05-28 03:35:00,7539.5,7542.75,7539.25,7541.75,6364
2026-05-28 03:40:00,7541.75,7542.75,7538.75,7542.5,6213
2026-05-28 03:45:00,7542.75,7542.75,7537.25,7537.25,8599
2026-05-28 03:50:00,7537.25,7541.5,7535.25,7538.25,19028
2026-05-28 03:55:00,7538.25,7541.5,7537.0,7539.75,69852
2026-05-28 04:00:00,7539.75,7542.0,7538.5,7540.5,17522
2026-05-28 04:05:00,7540.5,7542.75,7539.25,7542.25,4704
2026-05-28 04:10:00,7542.25,7543.75,7541.25,7543.0,3050
2026-05-28 04:15:00,7543.25,7549.25,7543.25,7547.5,4020
2026-05-28 04:20:00,7547.75,7548.5,7545.0,7546.0,3491
2026-05-28 04:25:00,7546.0,7547.0,7545.25,7546.0,1407
2026-05-28 04:30:00,7546.0,7548.0,7546.0,7547.0,1173
2026-05-28 04:35:00,7547.25,7549.25,7547.0,7548.75,1516
2026-05-28 04:40:00,7549.0,7549.0,7548.0,7549.0,1312
2026-05-28 04:45:00,7549.0,7550.75,7549.0,7550.0,1912
2026-05-28 04:50:00,7550.25,7552.75,7550.25,7552.75,1422
2026-05-28 04:55:00,7552.5,7557.25,7552.25,7554.25,4601
2026-05-28 06:00:00,7553.75,7557.75,7552.75,7555.25,0
2026-05-28 06:05:00,7555.5,7556.25,7550.75,7551.25,1197
2026-05-28 06:10:00,7551.25,7551.25,7548.75,7550.0,1106
2026-05-28 06:15:00,7549.75,7552.0,7549.0,7550.0,515
2026-05-28 06:20:00,7550.25,7551.75,7549.75,7550.25,560
2026-05-28 06:25:00,7550.25,7550.25,7545.0,7545.0,1567
2026-05-28 06:30:00,7545.0,7545.25,7541.25,7543.25,1603
2026-05-28 06:35:00,7543.25,7546.5,7543.0,7544.75,725
2026-05-28 06:40:00,7544.75,7547.75,7543.75,7544.75,855
2026-05-28 06:45:00,7544.5,7546.0,7543.5,7544.5,350
2026-05-28 06:50:00,7544.75,7547.0,7544.5,7545.25,453
2026-05-28 06:55:00,7545.25,7546.75,7544.5,7546.25,415
2026-05-28 07:00:00,7546.0,7547.75,7545.75,7547.0,370
2026-05-28 07:05:00,7547.0,7547.5,7544.25,7545.0,549
2026-05-28 07:10:00,7545.0,7545.75,7544.0,7545.5,200
2026-05-28 07:15:00,7545.25,7549.25,7541.75,7547.25,1482
2026-05-28 07:20:00,7547.25,7547.5,7540.75,7543.25,1044
2026-05-28 07:25:00,7543.25,7544.0,7541.25,7543.5,659
2026-05-28 07:30:00,7543.5,7543.5,7539.25,7539.25,826
2026-05-28 07:35:00,7539.5,7540.75,7536.5,7538.5,1058
2026-05-28 07:40:00,7538.5,7539.5,7537.0,7537.75,305
2026-05-28 07:45:00,7537.75,7537.75,7534.25,7535.75,1094
2026-05-28 07:50:00,7536.0,7536.0,7532.25,7534.25,1290
2026-05-28 07:55:00,7534.5,7537.75,7534.25,7534.5,550
2026-05-28 08:00:00,7534.25,7539.75,7532.5,7537.75,1350
2026-05-28 08:05:00,7537.75,7538.0,7534.25,7537.5,954
2026-05-28 08:10:00,7537.25,7537.75,7533.5,7534.0,689
2026-05-28 08:15:00,7534.5,7540.0,7533.75,7538.5,944
2026-05-28 08:20:00,7538.25,7542.25,7537.0,7539.25,1359
2026-05-28 08:25:00,7539.25,7541.0,7537.0,7540.0,902
2026-05-28 08:30:00,7540.0,7540.5,7536.25,7538.25,1071
2026-05-28 08:35:00,7538.25,7539.0,7537.0,7538.75,400
2026-05-28 08:40:00,7538.75,7542.5,7538.75,7541.5,626
2026-05-28 08:45:00,7541.5,7543.75,7541.25,7542.5,726
2026-05-28 08:50:00,7542.75,7544.0,7542.25,7543.0,485
2026-05-28 08:55:00,7543.25,7551.75,7542.0,7549.25,1566
2026-05-28 09:00:00,7549.0,7550.25,7546.25,7547.25,797
2026-05-28 09:05:00,7547.0,7547.0,7544.25,7545.75,386
2026-05-28 09:10:00,7545.75,7547.75,7544.5,7547.25,463
2026-05-28 09:15:00,7547.25,7548.25,7545.5,7546.75,445
2026-05-28 09:20:00,7546.75,7548.0,7544.0,7547.25,476
2026-05-28 09:25:00,7547.25,7547.25,7544.0,7546.5,470
2026-05-28 09:30:00,7546.5,7549.25,7545.25,7546.75,666
2026-05-28 09:35:00,7547.0,7548.5,7546.25,7547.25,403
2026-05-28 09:40:00,7547.25,7547.5,7544.75,7545.0,457
2026-05-28 09:45:00,7545.5,7545.5,7542.75,7545.5,607
2026-05-28 09:50:00,7545.5,7547.5,7544.5,7547.0,580
2026-05-28 09:55:00,7547.25,7550.5,7547.0,7549.25,649
2026-05-28 10:00:00,7549.5,7550.75,7543.5,7545.0,980
2026-05-28 10:05:00,7545.0,7546.5,7544.0,7544.75,609
2026-05-28 10:10:00,7544.75,7545.5,7542.75,7543.0,809
2026-05-28 10:15:00,7543.0,7543.25,7539.5,7540.25,1384
2026-05-28 10:20:00,7540.5,7541.25,7539.75,7540.75,748
2026-05-28 10:25:00,7540.75,7540.75,7537.75,7537.75,763
2026-05-28 10:30:00,7537.75,7539.25,7536.5,7539.0,1401
2026-05-28 10:35:00,7539.0,7539.0,7534.75,7535.75,912
2026-05-28 10:40:00,7536.0,7536.25,7533.25,7534.25,1173
2026-05-28 10:45:00,7534.25,7536.75,7532.5,7536.5,1170
2026-05-28 10:50:00,7536.5,7537.75,7534.75,7536.75,712
2026-05-28 10:55:00,7536.75,7537.25,7533.5,7534.0,611
2026-05-28 11:00:00,7534.25,7536.25,7533.5,7534.25,920
2026-05-28 11:05:00,7534.25,7535.75,7530.0,7531.0,1799
2026-05-28 11:10:00,7530.75,7533.25,7527.75,7530.25,2719
2026-05-28 11:15:00,7530.25,7533.0,7528.5,7529.5,1700
2026-05-28 11:20:00,7529.5,7530.5,7527.75,7528.5,1834
2026-05-28 11:25:00,7528.5,7528.75,7526.75,7527.25,1674
2026-05-28 11:30:00,7527.25,7527.25,7521.75,7522.25,3419
2026-05-28 11:35:00,7522.25,7523.5,7514.75,7517.75,4725
2026-05-28 11:40:00,7517.75,7520.0,7512.75,7513.0,3055
2026-05-28 11:45:00,7512.75,7518.0,7512.25,7515.25,2399
2026-05-28 11:50:00,7515.0,7515.5,7512.25,7514.75,1545
2026-05-28 11:55:00,7514.5,7515.25,7511.5,7515.0,1233
2026-05-28 12:05:00,7514.0,7514.5,7512.5,7513.5,5853
2026-05-28 12:10:00,7513.75,7514.0,7508.75,7509.5,1209
2026-05-28 12:15:00,7509.5,7511.5,7507.5,7509.0,1533
2026-05-28 12:20:00,7509.0,7510.0,7505.75,7508.25,2019
2026-05-28 12:25:00,7508.25,7510.5,7506.75,7509.5,936
2026-05-28 12:30:00,7509.25,7511.75,7508.25,7511.5,919
2026-05-28 12:35:00,7511.5,7514.5,7511.5,7513.25,992
2026-05-28 12:40:00,7513.5,7515.0,7511.75,7511.75,942
2026-05-28 12:45:00,7511.5,7511.75,7509.0,7510.0,883
2026-05-28 12:50:00,7510.0,7513.0,7508.75,7510.0,1104
2026-05-28 12:55:00,7510.25,7512.0,7508.75,7510.0,834
2026-05-28 13:00:00,7510.0,7511.25,7507.0,7508.75,1047
2026-05-28 13:05:00,7508.75,7511.5,7507.5,7510.25,952
2026-05-28 13:10:00,7510.5,7514.75,7509.75,7514.0,1528
2026-05-28 13:15:00,7514.0,7514.25,7512.25,7513.0,445
2026-05-28 13:20:00,7513.25,7516.75,7513.0,7516.5,2007
2026-05-28 13:25:00,7516.5,7517.75,7515.5,7517.75,1331
2026-05-28 13:30:00,7517.75,7524.75,7517.0,7524.25,3445
2026-05-28 13:35:00,7524.25,7526.0,7522.5,7526.0,1841
2026-05-28 13:40:00,7525.75,7526.5,7524.0,7524.75,1046
2026-05-28 13:45:00,7525.0,7527.5,7525.0,7526.75,966
2026-05-28 13:50:00,7527.0,7528.75,7526.5,7528.5,842
2026-05-28 13:55:00,7528.75,7529.25,7526.75,7527.75,1186
2026-05-28 14:00:00,7528.0,7530.5,7527.75,7528.5,1939
2026-05-28 14:05:00,7528.5,7530.0,7527.5,7528.75,1174
2026-05-28 14:10:00,7528.75,7530.5,7528.5,7530.0,1115
2026-05-28 14:15:00,7530.25,7531.25,7529.75,7530.75,1004
2026-05-28 14:20:00,7530.5,7531.5,7528.25,7528.75,1075
2026-05-28 14:25:00,7528.75,7530.5,7528.0,7529.25,1209
2026-05-28 14:30:00,7529.0,7529.25,7526.25,7527.0,1290
2026-05-28 14:35:00,7526.75,7527.75,7526.0,7526.5,1025
2026-05-28 14:40:00,7526.75,7527.75,7524.25,7527.25,1302
2026-05-28 14:45:00,7527.25,7527.75,7525.75,7526.25,640
2026-05-28 14:50:00,7526.5,7526.5,7523.75,7525.75,775
2026-05-28 14:55:00,7525.75,7529.0,7525.75,7528.25,736
2026-05-28 15:00:00,7528.25,7532.5,7528.25,7530.5,2201
2026-05-28 15:05:00,7530.5,7534.25,7529.75,7532.5,2026
2026-05-28 15:10:00,7532.75,7532.75,7529.0,7530.5,1716
2026-05-28 15:15:00,7530.5,7531.25,7528.75,7530.5,1028
2026-05-28 15:20:00,7530.5,7531.5,7528.75,7530.0,829
2026-05-28 15:25:00,7530.0,7530.75,7528.5,7529.5,890
2026-05-28 15:30:00,7529.75,7531.0,7528.25,7528.5,1117
2026-05-28 15:35:00,7528.5,7530.5,7528.0,7529.0,1416
2026-05-28 15:40:00,7529.0,7531.5,7528.0,7529.75,812
2026-05-28 15:45:00,7530.0,7530.25,7525.25,7527.0,1290
2026-05-28 15:50:00,7527.25,7531.25,7525.75,7530.75,1163
2026-05-28 15:55:00,7530.75,7532.25,7529.5,7531.75,698
2026-05-28 16:00:00,7531.75,7534.5,7529.75,7531.5,2113
2026-05-28 16:05:00,7531.75,7534.25,7530.5,7531.5,1463
2026-05-28 16:10:00,7531.25,7533.5,7531.0,7532.0,673
2026-05-28 16:15:00,7532.0,7532.75,7530.5,7532.25,664
2026-05-28 16:20:00,7532.25,7534.25,7532.0,7533.25,866
2026-05-28 16:25:00,7533.5,7533.5,7526.75,7530.0,1853
2026-05-28 16:30:00,7530.0,7531.75,7529.0,7531.25,912
2026-05-28 16:35:00,7531.5,7533.0,7530.0,7530.5,770
2026-05-28 16:40:00,7530.5,7531.75,7530.0,7530.5,655
2026-05-28 16:45:00,7530.5,7530.75,7529.25,7530.25,440
2026-05-28 16:50:00,7530.25,7533.25,7529.75,7532.25,830
2026-05-28 16:55:00,7532.5,7533.25,7532.0,7533.25,636
2026-05-28 17:00:00,7533.0,7536.0,7532.5,7533.25,1286
2026-05-28 17:05:00,7533.25,7534.75,7530.75,7531.25,975
2026-05-28 17:10:00,7531.0,7532.25,7530.0,7531.25,752
2026-05-28 17:15:00,7531.0,7533.0,7531.0,7532.5,511
2026-05-28 17:20:00,7532.5,7533.0,7531.25,7532.5,746
2026-05-28 17:25:00,7532.75,7534.25,7531.0,7531.5,897
2026-05-28 17:30:00,7531.5,7531.5,7529.25,7530.0,1097
2026-05-28 17:35:00,7530.25,7531.5,7527.5,7527.75,1114
2026-05-28 17:40:00,7528.0,7530.0,7528.0,7529.0,853
2026-05-28 17:45:00,7529.0,7531.0,7528.5,7530.5,640
2026-05-28 17:50:00,7530.25,7533.75,7530.25,7532.0,940
2026-05-28 17:55:00,7532.0,7532.5,7531.5,7532.25,504
2026-05-28 18:00:00,7532.25,7532.5,7530.5,7530.5,695
2026-05-28 18:05:00,7530.5,7530.75,7528.0,7529.0,668
2026-05-28 18:10:00,7529.25,7530.0,7528.5,7528.5,316
2026-05-28 18:15:00,7528.5,7530.0,7527.0,7527.0,796
2026-05-28 18:20:00,7527.25,7527.5,7524.75,7524.75,1126
2026-05-28 18:25:00,7524.75,7527.25,7524.0,7527.25,1101
2026-05-28 18:30:00,7527.25,7528.0,7525.5,7526.5,1500
2026-05-28 18:35:00,7526.25,7526.5,7525.0,7525.0,961
2026-05-28 18:40:00,7525.0,7525.5,7523.25,7523.5,1217
2026-05-28 18:45:00,7523.75,7526.25,7523.0,7525.25,1376
2026-05-28 18:50:00,7525.5,7525.75,7515.0,7523.25,6656
2026-05-28 18:55:00,7523.25,7523.5,7518.0,7519.25,3044
2026-05-28 19:00:00,7519.0,7523.25,7518.25,7520.5,3251
2026-05-28 19:05:00,7520.75,7521.5,7517.75,7519.75,1295
2026-05-28 19:10:00,7519.5,7520.0,7517.5,7518.25,1340
2026-05-28 19:15:00,7518.25,7521.0,7518.25,7520.75,880
2026-05-28 19:20:00,7521.0,7522.5,7519.5,7520.25,688
2026-05-28 19:25:00,7520.5,7521.5,7518.0,7518.5,936
2026-05-28 19:30:00,7518.5,7519.25,7517.0,7518.75,1313
2026-05-28 19:35:00,7518.5,7520.75,7517.25,7520.25,1823
2026-05-28 19:40:00,7520.25,7524.75,7520.0,7524.25,1597
2026-05-28 19:45:00,7524.5,7524.75,7521.75,7522.0,1070
2026-05-28 19:50:00,7521.75,7523.25,7520.75,7521.25,748
2026-05-28 19:55:00,7521.5,7523.0,7520.5,7522.0,845
2026-05-28 20:00:00,7522.0,7523.0,7520.75,7521.25,802
2026-05-28 20:05:00,7521.0,7525.75,7521.0,7523.75,1216
2026-05-28 20:10:00,7523.75,7526.0,7522.5,7525.25,1079
2026-05-28 20:15:00,7525.0,7525.75,7522.75,7523.0,948
2026-05-28 20:20:00,7523.0,7523.5,7521.0,7521.75,1145
2026-05-28 20:25:00,7522.0,7525.5,7522.0,7525.0,1365
2026-05-28 20:30:00,7525.0,7530.0,7524.75,7529.25,5086
2026-05-28 20:35:00,7529.25,7535.5,7528.75,7533.75,4743
2026-05-28 20:40:00,7533.75,7536.0,7532.5,7535.5,2699
2026-05-28 20:45:00,7535.5,7539.75,7535.0,7538.0,3273
2026-05-28 20:50:00,7538.0,7539.25,7537.0,7538.25,2403
2026-05-28 20:55:00,7538.25,7539.5,7537.25,7538.25,1646
2026-05-28 21:00:00,7538.25,7544.0,7538.25,7540.5,4974
2026-05-28 21:05:00,7540.5,7541.75,7536.75,7537.25,2686
2026-05-28 21:10:00,7537.25,7538.0,7535.5,7535.5,1959
2026-05-28 21:15:00,7535.75,7537.75,7535.25,7536.75,2473
2026-05-28 21:20:00,7536.75,7536.75,7534.5,7535.75,1776
2026-05-28 21:25:00,7535.75,7538.75,7535.0,7535.0,5636
2026-05-28 21:30:00,7535.25,7537.25,7527.75,7530.25,24448
2026-05-28 21:35:00,7530.0,7530.25,7525.75,7527.0,18481
2026-05-28 21:40:00,7527.25,7530.25,7525.25,7528.5,13828
2026-05-28 21:45:00,7528.75,7532.0,7526.25,7527.25,16677
2026-05-28 21:50:00,7527.25,7537.0,7526.25,7532.0,24002
2026-05-28 21:55:00,7531.75,7536.0,7530.5,7535.75,10957
2026-05-28 22:00:00,7535.75,7539.75,7533.25,7536.5,19291
2026-05-28 22:05:00,7536.25,7540.25,7533.5,7540.0,13493
2026-05-28 22:10:00,7540.0,7574.0,7535.0,7564.5,62175
2026-05-28 22:15:00,7564.5,7569.0,7555.0,7564.5,31354
2026-05-28 22:20:00,7564.5,7566.25,7553.25,7557.75,24227
2026-05-28 22:25:00,7557.5,7562.0,7556.5,7561.25,14083
2026-05-28 22:30:00,7561.5,7563.75,7552.75,7553.0,19170
2026-05-28 22:35:00,7553.0,7556.75,7551.25,7553.25,16061
2026-05-28 22:40:00,7553.25,7559.0,7552.25,7558.5,13549
2026-05-28 22:45:00,7558.5,7562.25,7552.0,7557.5,23916
2026-05-28 22:50:00,7557.5,7563.5,7557.25,7561.75,12777
2026-05-28 22:55:00,7561.75,7563.25,7557.75,7562.75,12666
2026-05-28 23:00:00,7562.75,7571.5,7561.5,7571.5,21509
2026-05-28 23:05:00,7571.75,7573.5,7568.5,7569.75,14880
2026-05-28 23:10:00,7569.75,7570.75,7566.75,7567.0,10078
2026-05-28 23:15:00,7567.25,7569.75,7565.0,7568.5,8907
2026-05-28 23:20:00,7568.5,7571.75,7567.75,7570.75,8121
2026-05-28 23:25:00,7571.0,7575.75,7570.5,7573.5,12736
2026-05-28 23:30:00,7573.5,7575.0,7571.75,7574.0,9747
2026-05-28 23:35:00,7574.25,7576.5,7572.75,7575.25,9491
2026-05-28 23:40:00,7575.25,7575.5,7572.75,7574.25,7592
2026-05-28 23:45:00,7574.25,7575.75,7572.25,7572.75,8243
2026-05-28 23:50:00,7573.0,7576.5,7573.0,7574.25,5671
2026-05-28 23:55:00,7574.25,7577.0,7573.25,7574.75,6126
2026-05-29 00:00:00,7574.75,7575.25,7570.75,7573.0,7768
2026-05-29 00:05:00,7573.25,7575.25,7573.0,7574.75,5392
2026-05-29 00:10:00,7574.75,7576.25,7574.0,7576.0,5333
2026-05-29 00:15:00,7576.0,7579.75,7574.0,7579.0,10727
2026-05-29 00:20:00,7578.75,7582.75,7576.5,7580.75,9770
2026-05-29 00:25:00,7580.5,7581.75,7577.5,7578.0,7337
2026-05-29 00:30:00,7578.0,7578.5,7576.0,7576.75,6303
2026-05-29 00:35:00,7576.75,7577.5,7574.5,7576.0,5603
2026-05-29 00:40:00,7576.0,7578.75,7575.75,7578.5,5734
2026-05-29 00:45:00,7578.25,7579.5,7577.0,7577.25,5736
2026-05-29 00:50:00,7577.25,7578.5,7576.5,7577.25,5039
2026-05-29 00:55:00,7577.25,7582.25,7577.0,7581.0,5956
2026-05-29 01:00:00,7581.0,7582.75,7580.25,7581.25,6454
2026-05-29 01:05:00,7581.25,7582.5,7578.25,7578.5,6167
2026-05-29 01:10:00,7578.5,7579.25,7576.5,7576.75,5704
2026-05-29 01:15:00,7577.0,7577.75,7574.75,7575.5,7400
2026-05-29 01:20:00,7575.5,7579.25,7575.25,7578.75,6761
2026-05-29 01:25:00,7578.5,7579.25,7576.0,7576.5,4999
2026-05-29 01:30:00,7576.75,7578.5,7575.5,7576.25,6854
2026-05-29 01:35:00,7576.0,7578.5,7575.0,7578.5,4216
2026-05-29 01:40:00,7578.5,7579.75,7577.5,7579.0,3744
2026-05-29 01:45:00,7579.0,7582.5,7578.5,7582.0,7833
2026-05-29 01:50:00,7582.0,7583.75,7581.25,7582.5,7863
2026-05-29 01:55:00,7582.5,7582.5,7580.25,7581.0,6095
2026-05-29 02:00:00,7581.0,7583.0,7580.0,7582.75,5691
2026-05-29 02:05:00,7582.75,7583.0,7581.0,7581.0,5895
2026-05-29 02:10:00,7581.0,7581.25,7578.75,7579.25,8462
2026-05-29 02:15:00,7579.25,7582.25,7578.0,7580.25,14202
2026-05-29 02:20:00,7580.25,7582.25,7579.25,7582.0,5622
2026-05-29 02:25:00,7582.25,7582.5,7581.25,7581.75,5878
2026-05-29 02:30:00,7581.75,7582.0,7578.75,7579.0,6150
2026-05-29 02:35:00,7579.0,7579.25,7577.0,7577.5,6642
2026-05-29 02:40:00,7577.5,7579.25,7576.75,7577.75,6036
2026-05-29 02:45:00,7577.75,7578.25,7576.0,7576.75,5405
2026-05-29 02:50:00,7577.0,7579.5,7576.0,7579.25,5347
2026-05-29 02:55:00,7579.0,7580.25,7576.5,7576.75,4768
2026-05-29 03:00:00,7576.5,7578.25,7575.25,7578.0,6560
2026-05-29 03:05:00,7578.0,7579.25,7577.75,7578.0,5137
2026-05-29 03:10:00,7578.25,7579.5,7576.25,7576.75,5736
2026-05-29 03:15:00,7576.75,7578.75,7576.0,7577.25,7187
2026-05-29 03:20:00,7577.5,7580.0,7576.75,7579.75,7001
2026-05-29 03:25:00,7579.75,7582.25,7579.75,7582.25,7847
2026-05-29 03:30:00,7582.0,7585.25,7581.5,7584.0,12519
2026-05-29 03:35:00,7584.0,7586.5,7583.0,7586.25,9536
2026-05-29 03:40:00,7586.25,7586.5,7582.25,7582.25,10144
2026-05-29 03:45:00,7582.25,7584.75,7581.75,7582.25,10397
2026-05-29 03:50:00,7582.25,7584.0,7579.75,7582.75,22876
2026-05-29 03:55:00,7582.75,7584.25,7580.5,7581.75,66060
2026-05-29 04:00:00,7582.0,7585.75,7580.0,7585.25,16184
2026-05-29 04:05:00,7585.0,7588.75,7585.0,7587.5,5306
2026-05-29 04:10:00,7587.75,7590.0,7587.5,7589.5,4289
2026-05-29 04:15:00,7589.5,7590.5,7587.5,7589.0,4475
2026-05-29 04:20:00,7589.25,7589.5,7587.25,7587.75,1691
2026-05-29 04:25:00,7587.75,7590.0,7587.5,7589.75,2082
2026-05-29 04:30:00,7589.75,7590.75,7588.0,7589.0,1789
2026-05-29 04:35:00,7588.75,7589.25,7587.5,7588.0,1371
2026-05-29 04:40:00,7587.75,7588.0,7587.5,7588.0,756
2026-05-29 04:45:00,7588.0,7589.5,7587.5,7587.75,1678
2026-05-29 04:50:00,7587.75,7588.75,7587.5,7587.75,1402
2026-05-29 04:55:00,7587.75,7588.75,7587.75,7587.75,2073
2026-05-29 06:00:00,7587.5,7592.25,7587.5,7591.5,0
2026-05-29 06:05:00,7591.5,7592.5,7588.5,7589.25,974
2026-05-29 06:10:00,7589.0,7589.5,7585.75,7588.0,1216
2026-05-29 06:15:00,7588.0,7588.0,7586.25,7587.25,378
2026-05-29 06:20:00,7587.25,7588.5,7585.5,7586.0,479
2026-05-29 06:25:00,7585.75,7586.75,7585.0,7586.5,596
2026-05-29 06:30:00,7586.5,7587.0,7585.0,7585.5,632
2026-05-29 06:35:00,7585.5,7587.5,7585.25,7587.0,372
2026-05-29 06:40:00,7586.75,7588.5,7586.75,7587.25,544
2026-05-29 06:45:00,7587.25,7588.0,7586.75,7586.75,242
2026-05-29 06:50:00,7586.75,7587.25,7586.0,7587.0,244
2026-05-29 06:55:00,7587.0,7587.0,7585.25,7585.5,240
2026-05-29 07:00:00,7585.5,7588.75,7585.5,7588.5,525
2026-05-29 07:05:00,7588.25,7588.25,7587.0,7587.25,254
2026-05-29 07:10:00,7587.25,7588.5,7586.75,7588.0,218
2026-05-29 07:15:00,7588.0,7590.0,7587.75,7590.0,406
2026-05-29 07:20:00,7590.0,7590.0,7589.0,7589.0,250
2026-05-29 07:25:00,7588.75,7589.5,7588.0,7589.0,277
2026-05-29 07:30:00,7588.75,7588.75,7586.75,7587.0,300
2026-05-29 07:35:00,7587.0,7587.75,7586.75,7587.25,140
2026-05-29 07:40:00,7587.0,7588.0,7586.75,7587.0,223
2026-05-29 07:45:00,7587.0,7587.0,7584.0,7585.5,814
2026-05-29 07:50:00,7585.5,7586.0,7584.75,7585.25,213
2026-05-29 07:55:00,7585.0,7586.25,7584.5,7585.25,233
2026-05-29 08:00:00,7585.0,7585.25,7582.25,7583.0,1317
2026-05-29 08:05:00,7582.75,7583.75,7582.0,7583.0,651
2026-05-29 08:10:00,7583.0,7584.75,7582.5,7583.5,668
2026-05-29 08:15:00,7583.5,7584.75,7582.5,7584.75,797
2026-05-29 08:20:00,7584.5,7585.75,7582.75,7583.5,659
2026-05-29 08:25:00,7583.5,7586.0,7583.0,7583.0,924
2026-05-29 08:30:00,7583.0,7583.0,7578.5,7579.0,1287
2026-05-29 08:35:00,7579.0,7580.0,7578.5,7579.0,799
2026-05-29 08:40:00,7579.25,7579.25,7577.0,7578.0,907
2026-05-29 08:45:00,7578.0,7578.5,7576.5,7577.75,777
2026-05-29 08:50:00,7577.75,7578.75,7575.75,7576.5,1081
2026-05-29 08:55:00,7576.5,7578.25,7576.5,7577.5,585
2026-05-29 09:00:00,7577.5,7579.5,7574.0,7575.5,1688
2026-05-29 09:05:00,7575.5,7578.5,7575.5,7577.75,1180
2026-05-29 09:10:00,7578.0,7578.75,7575.25,7576.25,729
2026-05-29 09:15:00,7576.0,7578.0,7575.25,7577.25,786
2026-05-29 09:20:00,7577.0,7577.25,7574.75,7575.5,963
2026-05-29 09:25:00,7575.5,7576.0,7574.25,7574.75,602
2026-05-29 09:30:00,7574.75,7575.0,7572.75,7575.0,1289
2026-05-29 09:35:00,7575.0,7576.0,7574.25,7575.5,521
2026-05-29 09:40:00,7575.75,7578.5,7575.5,7577.75,894
2026-05-29 09:45:00,7578.0,7579.5,7574.75,7575.25,1102
2026-05-29 09:50:00,7575.0,7576.75,7574.5,7576.75,554
2026-05-29 09:55:00,7576.75,7578.25,7576.25,7577.25,510
2026-05-29 10:00:00,7577.25,7578.75,7576.75,7577.75,573
2026-05-29 10:05:00,7577.5,7580.25,7576.25,7580.25,1064
2026-05-29 10:10:00,7580.5,7581.25,7579.25,7581.0,719
2026-05-29 10:15:00,7580.75,7581.0,7578.5,7579.75,580
2026-05-29 10:20:00,7579.75,7579.75,7577.0,7577.25,362
2026-05-29 10:25:00,7577.0,7577.75,7574.25,7575.75,597
2026-05-29 10:30:00,7575.75,7578.0,7575.0,7577.25,538
2026-05-29 10:35:00,7577.25,7578.25,7576.5,7578.0,273
2026-05-29 10:40:00,7578.0,7578.75,7577.25,7577.75,256
2026-05-29 10:45:00,7577.75,7578.25,7576.25,7577.0,502
2026-05-29 10:50:00,7576.75,7576.75,7575.5,7575.5,322
2026-05-29 10:55:00,7575.5,7577.25,7575.25,7576.0,307
2026-05-29 11:00:00,7576.25,7579.25,7575.75,7578.75,610
2026-05-29 11:05:00,7578.75,7581.0,7578.5,7580.25,682
2026-05-29 11:10:00,7580.5,7581.5,7579.25,7580.0,532
2026-05-29 11:15:00,7580.0,7581.0,7579.25,7580.0,430
2026-05-29 11:20:00,7580.0,7582.0,7580.0,7581.0,488
2026-05-29 11:25:00,7580.75,7581.0,7579.75,7580.5,395
2026-05-29 11:30:00,7580.75,7580.75,7579.25,7580.0,323
2026-05-29 11:35:00,7579.75,7580.75,7579.25,7580.5,233
2026-05-29 11:40:00,7580.5,7581.5,7580.0,7580.75,265
2026-05-29 11:45:00,7580.5,7582.25,7580.0,7582.25,534
2026-05-29 11:50:00,7582.25,7582.75,7578.25,7581.25,861
2026-05-29 11:55:00,7581.0,7581.75,7579.5,7580.5,375
2026-05-29 12:05:00,7582.0,7582.5,7581.75,7582.5,841
2026-05-29 12:10:00,7582.5,7583.0,7582.0,7582.25,463
2026-05-29 12:15:00,7582.25,7584.25,7582.25,7583.5,677
2026-05-29 12:20:00,7583.5,7584.5,7583.5,7583.75,383
2026-05-29 12:25:00,7584.0,7584.5,7583.75,7584.0,489
2026-05-29 12:30:00,7584.0,7585.75,7583.25,7585.0,747
2026-05-29 12:35:00,7585.25,7586.25,7584.75,7586.0,614
2026-05-29 12:40:00,7586.25,7586.75,7585.5,7586.75,571
2026-05-29 12:45:00,7586.5,7587.5,7585.25,7586.25,509
2026-05-29 12:50:00,7586.0,7586.0,7584.5,7585.5,392
2026-05-29 12:55:00,7585.75,7585.75,7584.5,7585.0,296
2026-05-29 13:00:00,7585.25,7587.25,7584.5,7586.5,839
2026-05-29 13:05:00,7586.25,7586.5,7585.25,7586.25,312
2026-05-29 13:10:00,7586.0,7587.5,7585.25,7586.25,510
2026-05-29 13:15:00,7586.5,7586.5,7585.25,7585.5,363
2026-05-29 13:20:00,7585.75,7586.75,7585.75,7586.0,266
2026-05-29 13:25:00,7586.25,7588.0,7586.0,7587.5,644
2026-05-29 13:30:00,7587.25,7587.5,7585.0,7586.75,699
2026-05-29 13:35:00,7586.75,7587.0,7584.0,7584.25,610
2026-05-29 13:40:00,7584.5,7585.75,7584.0,7585.5,362
2026-05-29 13:45:00,7585.75,7587.25,7585.75,7587.0,428
2026-05-29 13:50:00,7586.75,7587.25,7586.0,7586.75,543
2026-05-29 13:55:00,7586.75,7586.75,7584.75,7586.0,410
2026-05-29 14:00:00,7586.0,7588.75,7586.0,7588.25,1024
2026-05-29 14:05:00,7588.0,7589.5,7587.75,7589.5,708
2026-05-29 14:10:00,7589.5,7590.25,7588.5,7589.25,1599
2026-05-29 14:15:00,7589.25,7590.25,7588.5,7589.75,848
2026-05-29 14:20:00,7589.75,7592.5,7589.5,7591.75,2069
2026-05-29 14:25:00,7591.75,7592.5,7587.5,7587.75,1698
2026-05-29 14:30:00,7587.75,7589.75,7587.0,7588.5,1334
2026-05-29 14:35:00,7588.5,7590.5,7588.5,7589.5,678
2026-05-29 14:40:00,7589.75,7590.75,7589.0,7590.25,419
2026-05-29 14:45:00,7590.0,7591.0,7589.75,7591.0,558
2026-05-29 14:50:00,7591.0,7592.5,7590.5,7592.0,583
2026-05-29 14:55:00,7592.25,7592.75,7591.5,7592.5,1145
2026-05-29 15:00:00,7592.5,7592.75,7589.75,7590.25,2143
2026-05-29 15:05:00,7590.5,7591.75,7589.75,7591.5,937
2026-05-29 15:10:00,7591.25,7592.5,7589.25,7589.75,874
2026-05-29 15:15:00,7589.75,7590.0,7588.0,7588.25,1010
2026-05-29 15:20:00,7588.25,7588.75,7585.25,7585.75,1604
2026-05-29 15:25:00,7585.5,7586.0,7584.25,7585.75,1113
2026-05-29 15:30:00,7585.75,7586.0,7582.75,7584.75,1761
2026-05-29 15:35:00,7584.5,7584.5,7580.0,7582.5,2143
2026-05-29 15:40:00,7582.5,7583.25,7581.75,7582.25,770
2026-05-29 15:45:00,7582.25,7585.0,7581.75,7583.75,1191
2026-05-29 15:50:00,7583.75,7585.75,7583.75,7584.75,822
2026-05-29 15:55:00,7584.75,7587.0,7584.75,7586.5,1132
2026-05-29 16:00:00,7586.5,7589.5,7586.0,7586.25,1750
2026-05-29 16:05:00,7586.25,7587.75,7584.5,7586.25,1305
2026-05-29 16:10:00,7586.25,7588.5,7586.0,7588.25,773
2026-05-29 16:15:00,7588.25,7589.0,7587.25,7587.5,601
2026-05-29 16:20:00,7587.25,7588.75,7586.5,7586.75,718
2026-05-29 16:25:00,7587.0,7588.0,7584.75,7587.5,1121
2026-05-29 16:30:00,7587.5,7588.75,7587.0,7587.75,515
2026-05-29 16:35:00,7587.75,7588.5,7585.75,7588.0,907
2026-05-29 16:40:00,7588.0,7588.25,7585.75,7586.0,588
2026-05-29 16:45:00,7585.75,7586.0,7582.25,7582.75,1055
2026-05-29 16:50:00,7582.75,7584.5,7582.25,7584.5,1415
2026-05-29 16:55:00,7584.25,7586.25,7584.25,7586.0,854
2026-05-29 17:00:00,7586.0,7590.0,7585.25,7589.0,2009
2026-05-29 17:05:00,7589.0,7590.75,7588.5,7589.75,683
2026-05-29 17:10:00,7589.75,7593.5,7589.25,7592.75,1741
2026-05-29 17:15:00,7592.75,7595.0,7591.5,7594.5,1504
2026-05-29 17:20:00,7594.5,7595.25,7590.75,7591.0,1156
2026-05-29 17:25:00,7591.0,7593.0,7589.75,7592.25,1313
2026-05-29 17:30:00,7592.25,7592.5,7590.75,7591.75,709
2026-05-29 17:35:00,7591.75,7591.75,7590.0,7590.75,789
2026-05-29 17:40:00,7590.75,7591.75,7589.75,7590.25,605
2026-05-29 17:45:00,7590.5,7593.25,7590.0,7592.25,956
2026-05-29 17:50:00,7592.25,7592.25,7589.75,7590.5,606
2026-05-29 17:55:00,7590.5,7591.25,7590.0,7590.25,796
2026-05-29 18:00:00,7590.5,7590.5,7585.75,7585.75,1074
2026-05-29 18:05:00,7585.75,7587.0,7585.0,7585.25,960
2026-05-29 18:10:00,7585.25,7587.5,7585.0,7587.25,748
2026-05-29 18:15:00,7587.25,7588.25,7585.75,7587.0,994
2026-05-29 18:20:00,7587.0,7588.75,7587.0,7588.25,799
2026-05-29 18:25:00,7588.25,7589.25,7587.25,7588.5,554
2026-05-29 18:30:00,7588.75,7589.5,7587.0,7589.0,609
2026-05-29 18:35:00,7589.0,7590.75,7587.75,7589.25,1563
2026-05-29 18:40:00,7589.5,7590.25,7588.0,7589.75,658
2026-05-29 18:45:00,7589.75,7591.25,7589.5,7590.5,945
2026-05-29 18:50:00,7590.5,7591.0,7590.0,7590.25,561
2026-05-29 18:55:00,7590.25,7590.75,7589.25,7590.25,470
2026-05-29 19:00:00,7590.25,7593.25,7589.5,7592.25,1403
2026-05-29 19:05:00,7592.5,7593.25,7591.75,7591.75,937
2026-05-29 19:10:00,7592.0,7593.0,7591.5,7592.75,1534
2026-05-29 19:15:00,7592.75,7594.0,7592.25,7593.75,882
2026-05-29 19:20:00,7593.75,7595.75,7593.25,7594.25,2264
2026-05-29 19:25:00,7594.25,7595.5,7590.0,7590.0,1584
2026-05-29 19:30:00,7590.25,7590.75,7586.75,7587.0,1472
2026-05-29 19:35:00,7587.25,7590.0,7586.25,7589.25,1078
2026-05-29 19:40:00,7589.5,7592.5,7589.5,7591.25,1882
2026-05-29 19:45:00,7591.0,7593.0,7590.75,7591.0,1009
2026-05-29 19:50:00,7591.0,7591.75,7584.25,7590.5,4987
2026-05-29 19:55:00,7590.25,7593.75,7590.25,7593.5,1330
2026-05-29 20:00:00,7593.5,7594.0,7590.75,7591.0,1199
2026-05-29 20:05:00,7591.0,7591.75,7589.75,7590.5,1536
2026-05-29 20:10:00,7590.5,7591.75,7589.5,7590.25,969
2026-05-29 20:15:00,7590.0,7593.0,7589.25,7592.5,1063
2026-05-29 20:20:00,7592.75,7592.75,7589.5,7591.0,953
2026-05-29 20:25:00,7590.5,7592.0,7590.0,7592.0,747
2026-05-29 20:30:00,7592.0,7592.75,7586.0,7589.25,4415
2026-05-29 20:35:00,7589.0,7589.25,7586.25,7587.0,1636
2026-05-29 20:40:00,7587.0,7589.25,7586.25,7589.0,1227
2026-05-29 20:45:00,7588.75,7588.75,7586.5,7588.5,1061
2026-05-29 20:50:00,7588.5,7592.0,7588.5,7591.25,1916
2026-05-29 20:55:00,7591.0,7592.25,7590.0,7591.25,1061
2026-05-29 21:00:00,7591.5,7593.25,7590.25,7592.5,1972
2026-05-29 21:05:00,7592.25,7593.0,7590.0,7590.5,1322
2026-05-29 21:10:00,7590.25,7591.0,7589.0,7589.25,1672
2026-05-29 21:15:00,7589.25,7589.5,7587.75,7588.5,2577
2026-05-29 21:20:00,7588.5,7589.0,7587.25,7588.5,2165
2026-05-29 21:25:00,7588.5,7591.0,7587.75,7590.75,5494
2026-05-29 21:30:00,7590.5,7594.5,7586.75,7591.75,33883
2026-05-29 21:35:00,7591.5,7598.75,7591.25,7598.75,19063
2026-05-29 21:40:00,7598.75,7606.0,7597.0,7605.75,20332
2026-05-29 21:45:00,7605.75,7608.75,7603.75,7607.0,23229
2026-05-29 21:50:00,7607.25,7610.0,7604.0,7609.75,14667
2026-05-29 21:55:00,7609.75,7609.75,7606.25,7609.0,11391
2026-05-29 22:00:00,7608.75,7611.5,7606.25,7607.75,18140
2026-05-29 22:05:00,7607.5,7609.0,7603.5,7604.0,14736
2026-05-29 22:10:00,7604.0,7608.5,7602.75,7604.0,14184
2026-05-29 22:15:00,7604.25,7604.25,7595.75,7598.5,24665
2026-05-29 22:20:00,7598.25,7600.75,7593.25,7593.5,19250
2026-05-29 22:25:00,7593.25,7598.0,7589.25,7597.0,31394
2026-05-29 22:30:00,7596.75,7599.75,7592.75,7599.75,21136
2026-05-29 22:35:00,7599.75,7600.25,7586.75,7587.0,23510
2026-05-29 22:40:00,7586.75,7590.25,7581.75,7582.75,29497
2026-05-29 22:45:00,7582.25,7584.0,7577.5,7580.5,25450
2026-05-29 22:50:00,7580.5,7598.25,7579.5,7588.75,46621
2026-05-29 22:55:00,7588.75,7595.75,7588.5,7590.75,14866
2026-05-29 23:00:00,7591.0,7594.75,7589.25,7594.0,12984
2026-05-29 23:05:00,7593.75,7598.25,7590.5,7597.25,14384
2026-05-29 23:10:00,7597.25,7603.5,7597.25,7603.5,17405
2026-05-29 23:15:00,7603.25,7604.75,7599.0,7599.0,14210
2026-05-29 23:20:00,7599.25,7600.75,7593.25,7599.25,12549
2026-05-29 23:25:00,7599.0,7603.5,7595.5,7598.25,15124
2026-05-29 23:30:00,7598.5,7603.0,7597.75,7600.25,15422
2026-05-29 23:35:00,7600.25,7603.5,7598.0,7602.0,14923
2026-05-29 23:40:00,7602.0,7604.0,7595.25,7597.5,16899
2026-05-29 23:45:00,7597.25,7599.0,7593.25,7597.0,9637
2026-05-29 23:50:00,7596.75,7599.5,7594.5,7597.0,7700
2026-05-29 23:55:00,7596.75,7597.75,7593.5,7594.75,6654
2026-05-30 00:00:00,7594.75,7600.0,7593.75,7599.5,6900
2026-05-30 00:05:00,7599.75,7603.25,7598.75,7603.0,5816
2026-05-30 00:10:00,7603.25,7605.25,7602.25,7603.25,8952
2026-05-30 00:15:00,7603.25,7604.0,7598.5,7599.0,6455
2026-05-30 00:20:00,7598.75,7603.25,7598.25,7600.5,6977
2026-05-30 00:25:00,7600.5,7600.5,7597.25,7598.0,6197
2026-05-30 00:30:00,7598.0,7604.5,7595.25,7603.25,17650
2026-05-30 00:35:00,7603.25,7607.75,7602.5,7607.25,15553
2026-05-30 00:40:00,7607.25,7608.5,7604.25,7605.25,9080
2026-05-30 00:45:00,7605.0,7606.0,7601.75,7602.0,9318
2026-05-30 00:50:00,7602.0,7602.25,7598.0,7600.0,7391
2026-05-30 00:55:00,7599.75,7600.5,7595.5,7598.25,9609
2026-05-30 01:00:00,7598.0,7600.5,7596.0,7596.5,7854
2026-05-30 01:05:00,7596.75,7598.75,7595.25,7597.75,6258
2026-05-30 01:10:00,7597.75,7599.75,7595.5,7597.75,7211
2026-05-30 01:15:00,7597.75,7600.25,7596.75,7598.5,4971
2026-05-30 01:20:00,7598.5,7599.25,7592.0,7596.75,18002
2026-05-30 01:25:00,7597.0,7597.25,7593.25,7596.0,6993
2026-05-30 01:30:00,7596.25,7597.25,7593.5,7595.0,7483
2026-05-30 01:35:00,7595.25,7596.25,7592.75,7594.0,5722
2026-05-30 01:40:00,7593.75,7595.0,7590.25,7590.75,6104
2026-05-30 01:45:00,7591.0,7592.0,7590.0,7591.25,6927
2026-05-30 01:50:00,7591.0,7593.25,7588.5,7588.5,9055
2026-05-30 01:55:00,7588.5,7588.75,7582.5,7583.5,14570
2026-05-30 02:00:00,7583.25,7588.25,7581.75,7588.0,12337
2026-05-30 02:05:00,7588.0,7590.0,7587.25,7590.0,7313
2026-05-30 02:10:00,7590.0,7591.75,7585.75,7588.0,8995
2026-05-30 02:15:00,7588.0,7590.0,7586.25,7589.75,8409
2026-05-30 02:20:00,7589.75,7592.75,7589.5,7592.75,7267
2026-05-30 02:25:00,7592.75,7594.75,7591.0,7593.5,6089
2026-05-30 02:30:00,7593.5,7598.25,7593.5,7597.5,8124
2026-05-30 02:35:00,7597.25,7598.0,7594.5,7596.5,6992
2026-05-30 02:40:00,7596.5,7597.5,7593.75,7594.75,5978
2026-05-30 02:45:00,7594.75,7594.75,7584.75,7588.75,24690
2026-05-30 02:50:00,7588.75,7590.5,7585.25,7587.5,9400
2026-05-30 02:55:00,7587.25,7589.25,7584.5,7585.25,9183
2026-05-30 03:00:00,7585.25,7590.0,7583.75,7589.25,10452
2026-05-30 03:05:00,7589.25,7593.75,7589.0,7593.25,7988
2026-05-30 03:10:00,7593.0,7595.75,7592.25,7594.5,9148
2026-05-30 03:15:00,7594.5,7595.25,7590.25,7592.5,15340
2026-05-30 03:20:00,7592.5,7596.75,7591.5,7595.5,10404
2026-05-30 03:25:00,7595.5,7599.5,7593.75,7599.25,10331
2026-05-30 03:30:00,7599.5,7603.0,7599.0,7602.75,13538
2026-05-30 03:35:00,7602.75,7605.75,7601.25,7605.0,15453
2026-05-30 03:40:00,7605.25,7607.0,7602.5,7602.5,15926
2026-05-30 03:45:00,7602.5,7604.25,7600.25,7602.75,13839
2026-05-30 03:50:00,7602.75,7604.0,7594.5,7596.25,39427
2026-05-30 03:55:00,7596.25,7599.0,7593.0,7594.5,162022
2026-05-30 04:00:00,7594.75,7598.75,7593.25,7598.25,39374
2026-05-30 04:05:00,7598.25,7599.0,7595.75,7597.75,5798
2026-05-30 04:10:00,7597.75,7598.0,7594.5,7596.25,6671
2026-05-30 04:15:00,7596.5,7596.5,7591.0,7591.75,3508
2026-05-30 04:20:00,7591.75,7594.0,7590.0,7593.0,3453
2026-05-30 04:25:00,7593.0,7593.25,7589.25,7590.75,3628
2026-05-30 04:30:00,7591.0,7592.25,7590.0,7592.25,2077
2026-05-30 04:35:00,7592.25,7592.75,7591.5,7592.0,1800
2026-05-30 04:40:00,7592.0,7592.0,7589.75,7590.0,2053
2026-05-30 04:45:00,7590.25,7591.0,7589.25,7589.75,2150
2026-05-30 04:50:00,7590.0,7594.0,7589.25,7590.75,3265
2026-05-30 04:55:00,7590.75,7595.75,7589.25,7595.75,2027
2026-06-01 06:10:00,7589.0,7594.75,7587.75,7594.75,773
2026-06-01 06:15:00,7594.25,7595.5,7592.0,7594.25,1213
2026-06-01 06:20:00,7594.25,7597.5,7592.25,7596.5,1657
2026-06-01 06:25:00,7596.5,7597.5,7595.25,7595.75,959
2026-06-01 06:30:00,7595.5,7598.75,7595.5,7597.75,948
2026-06-01 06:35:00,7597.5,7597.5,7595.25,7596.25,715
2026-06-01 06:40:00,7596.25,7600.0,7596.25,7599.75,448
2026-06-01 06:45:00,7600.0,7602.5,7599.75,7602.0,1134
2026-06-01 06:50:00,7602.0,7603.25,7601.75,7601.75,446
2026-06-01 06:55:00,7601.75,7602.75,7601.0,7601.5,426
2026-06-01 07:00:00,7601.5,7604.0,7600.25,7603.0,744
2026-06-01 07:05:00,7602.75,7603.75,7602.0,7603.25,284
2026-06-01 07:10:00,7603.0,7604.0,7602.5,7603.0,340
2026-06-01 07:15:00,7602.75,7603.75,7602.5,7603.0,407
2026-06-01 07:20:00,7603.0,7603.75,7600.75,7601.5,526
2026-06-01 07:25:00,7601.5,7604.75,7601.5,7603.75,405
2026-06-01 07:30:00,7604.0,7605.25,7603.0,7603.75,648
2026-06-01 07:35:00,7603.5,7604.5,7602.75,7604.25,261
2026-06-01 07:40:00,7604.0,7604.5,7603.25,7603.75,173
2026-06-01 07:45:00,7603.75,7604.75,7602.75,7603.75,290
2026-06-01 07:50:00,7603.75,7606.5,7602.5,7605.5,513
2026-06-01 07:55:00,7605.25,7606.0,7604.75,7605.25,379
2026-06-01 08:00:00,7605.25,7609.5,7604.5,7609.25,2157
2026-06-01 08:05:00,7609.25,7612.0,7608.25,7609.0,1731
2026-06-01 08:10:00,7609.0,7610.75,7607.25,7609.25,1135
2026-06-01 08:15:00,7609.25,7610.5,7607.0,7607.75,870
2026-06-01 08:20:00,7608.0,7611.5,7608.0,7610.75,985
2026-06-01 08:25:00,7610.75,7612.0,7609.5,7611.75,862
2026-06-01 08:30:00,7611.5,7613.5,7609.5,7610.5,1338
2026-06-01 08:35:00,7610.5,7611.25,7609.5,7610.25,790
2026-06-01 08:40:00,7610.5,7612.25,7609.75,7611.5,680
2026-06-01 08:45:00,7611.5,7612.75,7611.25,7611.75,896
2026-06-01 08:50:00,7612.0,7613.25,7610.75,7612.25,873
2026-06-01 08:55:00,7612.25,7614.0,7610.75,7611.75,1024
2026-06-01 09:00:00,7611.5,7612.75,7609.0,7609.25,1416
2026-06-01 09:05:00,7609.5,7610.0,7608.25,7609.0,738
2026-06-01 09:10:00,7609.0,7610.75,7608.5,7610.25,690
2026-06-01 09:15:00,7610.25,7611.5,7610.0,7610.75,535
2026-06-01 09:20:00,7610.75,7613.25,7610.75,7611.75,819
2026-06-01 09:25:00,7611.75,7612.75,7610.75,7610.75,1128
2026-06-01 09:30:00,7610.75,7612.5,7610.25,7612.25,584
2026-06-01 09:35:00,7612.5,7613.0,7611.75,7611.75,848
2026-06-01 09:40:00,7611.75,7612.75,7611.25,7612.75,854
2026-06-01 09:45:00,7612.75,7613.5,7612.25,7613.25,857
2026-06-01 09:50:00,7613.25,7614.5,7613.0,7614.25,980
2026-06-01 09:55:00,7614.25,7614.25,7613.0,7613.75,826
2026-06-01 10:00:00,7613.75,7616.0,7613.75,7615.0,1434
2026-06-01 10:05:00,7615.0,7617.0,7614.75,7616.5,1096
2026-06-01 10:10:00,7616.75,7617.5,7615.75,7617.0,850
2026-06-01 10:15:00,7617.0,7617.25,7616.25,7616.5,475
2026-06-01 10:20:00,7616.75,7617.75,7616.5,7617.25,526
2026-06-01 10:25:00,7617.5,7617.75,7616.25,7616.75,410
2026-06-01 10:30:00,7616.75,7617.0,7614.75,7616.0,555
2026-06-01 10:35:00,7616.0,7617.0,7616.0,7616.75,329
2026-06-01 10:40:00,7616.5,7616.5,7614.75,7615.0,371
2026-06-01 10:45:00,7615.0,7615.5,7614.0,7615.0,572
2026-06-01 10:50:00,7615.0,7615.25,7614.5,7614.75,250
2026-06-01 10:55:00,7614.75,7615.75,7614.75,7615.5,231
2026-06-01 11:00:00,7615.5,7617.25,7615.5,7617.0,498
2026-06-01 11:05:00,7617.0,7617.0,7616.0,7616.0,560
2026-06-01 11:10:00,7616.25,7616.25,7615.0,7615.25,294
2026-06-01 11:15:00,7615.25,7616.0,7611.0,7615.0,2660
2026-06-01 11:20:00,7615.0,7617.5,7614.5,7617.25,584
2026-06-01 11:25:00,7617.5,7618.0,7617.0,7617.5,726
2026-06-01 11:30:00,7617.25,7619.75,7617.25,7618.5,1116
2026-06-01 11:35:00,7618.5,7618.5,7615.5,7616.0,516
2026-06-01 11:40:00,7615.75,7616.0,7612.5,7612.5,852
2026-06-01 11:45:00,7612.75,7614.5,7612.5,7613.75,682
2026-06-01 11:50:00,7614.0,7614.25,7611.5,7612.0,643
2026-06-01 11:55:00,7612.0,7612.75,7611.5,7612.5,261
2026-06-01 12:00:00,7612.25,7614.0,7612.25,7613.75,573
2026-06-01 12:05:00,7613.75,7615.0,7612.75,7614.5,364
2026-06-01 12:10:00,7614.5,7615.25,7613.75,7614.25,461
2026-06-01 12:15:00,7614.25,7614.25,7613.25,7613.75,252
2026-06-01 12:20:00,7613.75,7615.0,7613.25,7615.0,366
2026-06-01 12:25:00,7615.0,7615.5,7614.0,7614.75,451
2026-06-01 12:30:00,7615.0,7615.5,7614.25,7614.25,237
2026-06-01 12:35:00,7614.25,7616.0,7614.25,7616.0,559
2026-06-01 12:40:00,7615.75,7618.0,7615.75,7617.75,648
2026-06-01 12:45:00,7617.75,7617.75,7616.25,7616.75,456
2026-06-01 12:50:00,7616.5,7617.75,7616.5,7617.25,466
2026-06-01 12:55:00,7617.0,7617.75,7616.75,7617.5,235
2026-06-01 13:00:00,7617.5,7617.5,7616.5,7617.0,405
2026-06-01 13:05:00,7617.0,7617.75,7615.25,7616.0,477
2026-06-01 13:10:00,7615.75,7617.0,7615.0,7616.5,454
2026-06-01 13:15:00,7616.5,7616.5,7615.5,7615.75,378
2026-06-01 13:20:00,7615.75,7617.0,7615.75,7616.0,289
2026-06-01 13:25:00,7615.75,7616.25,7614.0,7614.25,726
2026-06-01 13:30:00,7614.5,7616.25,7614.5,7615.25,588
2026-06-01 13:35:00,7615.5,7617.0,7615.5,7616.25,512
2026-06-01 13:40:00,7616.5,7617.5,7616.25,7617.25,537
2026-06-01 13:45:00,7617.25,7618.75,7616.75,7618.5,578
2026-06-01 13:50:00,7618.5,7619.0,7617.5,7617.75,548
2026-06-01 13:55:00,7618.0,7618.5,7617.5,7617.75,342
2026-06-01 14:00:00,7618.0,7618.75,7617.75,7617.75,505
2026-06-01 14:05:00,7617.5,7618.25,7617.5,7618.25,480
2026-06-01 14:10:00,7618.25,7618.25,7616.75,7617.5,488
2026-06-01 14:15:00,7617.5,7617.75,7616.25,7617.25,664
2026-06-01 14:20:00,7617.25,7617.5,7616.25,7616.25,497
2026-06-01 14:25:00,7616.25,7616.25,7614.25,7614.5,1041
2026-06-01 14:30:00,7614.5,7617.25,7614.25,7617.0,772
2026-06-01 14:35:00,7617.0,7617.5,7615.5,7616.0,721
2026-06-01 14:40:00,7615.75,7616.75,7615.25,7616.5,538
2026-06-01 14:45:00,7616.5,7618.5,7616.0,7618.5,1131
2026-06-01 14:50:00,7618.25,7618.5,7617.25,7617.75,709
2026-06-01 14:55:00,7617.5,7618.5,7617.25,7617.5,610
2026-06-01 15:00:00,7617.75,7620.0,7616.25,7619.75,2080
2026-06-01 15:05:00,7619.5,7620.5,7617.75,7620.0,1933
2026-06-01 15:10:00,7620.25,7620.25,7617.75,7618.75,966
2026-06-01 15:15:00,7618.75,7619.5,7615.0,7617.0,1406
2026-06-01 15:20:00,7617.0,7617.5,7615.5,7615.5,1045
2026-06-01 15:25:00,7615.5,7615.5,7612.0,7613.25,2251
2026-06-01 15:30:00,7613.25,7614.5,7611.75,7613.0,1019
2026-06-01 15:35:00,7613.25,7613.25,7610.25,7610.5,1000
2026-06-01 15:40:00,7610.5,7610.5,7607.5,7609.0,2306
2026-06-01 15:45:00,7609.0,7609.5,7607.5,7608.5,906
2026-06-01 15:50:00,7608.5,7610.25,7607.75,7609.5,1500
2026-06-01 15:55:00,7609.5,7612.0,7609.5,7611.25,788
2026-06-01 16:00:00,7611.25,7612.75,7609.75,7610.0,1619
2026-06-01 16:05:00,7610.25,7611.75,7608.75,7610.5,1220
2026-06-01 16:10:00,7610.5,7611.0,7609.5,7609.75,1071
2026-06-01 16:15:00,7609.75,7610.0,7608.25,7609.75,936
2026-06-01 16:20:00,7609.75,7610.5,7609.0,7609.25,726
2026-06-01 16:25:00,7609.5,7609.5,7607.5,7607.75,780
2026-06-01 16:30:00,7607.75,7609.0,7605.75,7608.0,952
2026-06-01 16:35:00,7608.25,7608.75,7607.0,7608.5,506
2026-06-01 16:40:00,7608.5,7609.5,7606.75,7609.5,1243
2026-06-01 16:45:00,7609.5,7610.0,7605.75,7609.5,2059
2026-06-01 16:50:00,7609.5,7612.5,7609.0,7612.5,1369
2026-06-01 16:55:00,7612.25,7614.25,7612.25,7614.0,979
2026-06-01 17:00:00,7614.25,7616.5,7614.25,7616.0,1483
2026-06-01 17:05:00,7615.75,7616.0,7612.25,7613.25,1298
2026-06-01 17:10:00,7613.25,7614.25,7611.5,7612.0,967
2026-06-01 17:15:00,7612.0,7613.75,7611.75,7613.5,716
2026-06-01 17:20:00,7613.5,7613.5,7611.25,7612.25,660
2026-06-01 17:25:00,7612.25,7612.75,7611.0,7612.25,624
2026-06-01 17:30:00,7612.25,7612.75,7611.25,7612.5,612
2026-06-01 17:35:00,7612.75,7613.0,7611.0,7612.0,1517
2026-06-01 17:40:00,7611.75,7612.75,7611.5,7612.25,558
2026-06-01 17:45:00,7612.0,7612.25,7610.75,7611.0,932
2026-06-01 17:50:00,7611.25,7611.25,7609.5,7610.0,1015
2026-06-01 17:55:00,7610.0,7610.25,7609.0,7610.0,861
2026-06-01 18:00:00,7610.0,7611.5,7610.0,7610.5,837
2026-06-01 18:05:00,7610.5,7613.0,7610.25,7613.0,630
2026-06-01 18:10:00,7613.0,7614.75,7613.0,7614.25,834
2026-06-01 18:15:00,7614.25,7615.0,7613.25,7613.5,515
2026-06-01 18:20:00,7613.75,7613.75,7612.0,7613.5,804
2026-06-01 18:25:00,7613.5,7615.25,7613.5,7614.5,464
2026-06-01 18:30:00,7614.75,7616.5,7614.75,7616.25,868
2026-06-01 18:35:00,7616.25,7617.75,7616.25,7616.5,792
2026-06-01 18:40:00,7616.75,7617.75,7616.0,7616.75,769
2026-06-01 18:45:00,7617.0,7617.0,7615.0,7616.75,513
2026-06-01 18:50:00,7616.5,7616.75,7616.0,7616.25,488
2026-06-01 18:55:00,7616.25,7616.75,7615.75,7616.5,655
2026-06-01 19:00:00,7616.25,7617.5,7615.5,7615.75,1307
2026-06-01 19:05:00,7615.75,7616.25,7614.75,7616.25,1061
2026-06-01 19:10:00,7616.0,7616.25,7614.0,7615.25,1077
2026-06-01 19:15:00,7615.25,7615.75,7614.0,7615.5,749
2026-06-01 19:20:00,7615.75,7615.75,7614.5,7615.0,675
2026-06-01 19:25:00,7615.0,7617.25,7614.5,7616.75,1909
2026-06-01 19:30:00,7616.75,7619.0,7615.5,7618.5,1939
2026-06-01 19:35:00,7618.5,7621.75,7618.5,7621.5,2038
2026-06-01 19:40:00,7621.75,7623.0,7618.5,7619.25,2133
2026-06-01 19:45:00,7619.25,7620.25,7617.25,7618.25,1861
2026-06-01 19:50:00,7618.25,7618.5,7614.5,7615.0,1750
2026-06-01 19:55:00,7615.0,7615.25,7613.75,7614.25,1516
2026-06-01 20:00:00,7614.25,7614.25,7612.5,7612.75,2092
2026-06-01 20:05:00,7612.75,7614.0,7609.25,7609.5,2827
2026-06-01 20:10:00,7609.25,7611.0,7608.0,7608.5,2212
2026-06-01 20:15:00,7608.5,7610.25,7606.25,7609.0,3092
2026-06-01 20:20:00,7609.0,7610.5,7608.75,7609.5,2420
2026-06-01 20:25:00,7609.25,7611.5,7609.25,7610.25,1973
2026-06-01 20:30:00,7610.25,7610.5,7606.75,7608.25,1998
2026-06-01 20:35:00,7608.25,7611.0,7607.75,7610.75,2285
2026-06-01 20:40:00,7610.5,7614.5,7609.5,7613.75,3996
2026-06-01 20:45:00,7613.75,7615.75,7612.0,7612.25,3070
2026-06-01 20:50:00,7612.0,7612.25,7609.25,7609.75,2390
2026-06-01 20:55:00,7610.0,7610.25,7608.25,7608.75,1775
2026-06-01 21:00:00,7608.75,7609.25,7605.0,7606.5,2856
2026-06-01 21:05:00,7606.5,7610.0,7605.25,7609.75,2630
2026-06-01 21:10:00,7609.75,7610.25,7581.5,7588.75,36240
2026-06-01 21:15:00,7588.75,7596.0,7587.5,7588.75,14321
2026-06-01 21:20:00,7589.0,7589.75,7578.25,7578.5,15048
2026-06-01 21:25:00,7578.25,7583.5,7577.0,7583.0,13100
2026-06-01 21:30:00,7583.0,7590.0,7576.25,7586.0,37617
2026-06-01 21:35:00,7585.75,7594.75,7584.5,7591.25,21654
2026-06-01 21:40:00,7591.5,7595.0,7587.25,7591.25,15574
2026-06-01 21:45:00,7591.5,7596.0,7590.75,7592.75,16529
2026-06-01 21:50:00,7592.75,7596.75,7588.25,7589.75,18789
2026-06-01 21:55:00,7589.75,7590.5,7583.25,7584.75,14991
2026-06-01 22:00:00,7585.25,7589.75,7581.5,7585.0,25309
2026-06-01 22:05:00,7584.75,7594.0,7583.25,7592.25,19762
2026-06-01 22:10:00,7592.0,7592.75,7583.5,7587.75,16023
2026-06-01 22:15:00,7587.75,7596.25,7585.25,7587.5,26471
2026-06-01 22:20:00,7587.25,7593.75,7586.75,7590.25,15295
2026-06-01 22:25:00,7590.25,7591.75,7585.5,7587.0,17643
2026-06-01 22:30:00,7587.0,7590.25,7583.5,7585.75,14964
2026-06-01 22:35:00,7585.75,7587.75,7581.5,7582.5,12936
2026-06-01 22:40:00,7582.25,7588.0,7581.0,7586.25,9552
2026-06-01 22:45:00,7586.25,7588.25,7583.25,7585.0,9086
2026-06-01 22:50:00,7585.0,7587.25,7582.0,7583.75,9268
2026-06-01 22:55:00,7583.75,7585.0,7581.25,7585.0,7440
2026-06-01 23:00:00,7585.0,7587.0,7582.75,7586.25,9459
2026-06-01 23:05:00,7586.5,7591.25,7583.25,7588.5,16360
2026-06-01 23:10:00,7588.5,7589.5,7585.0,7587.5,9410
2026-06-01 23:15:00,7587.5,7589.25,7586.25,7587.0,8801
2026-06-01 23:20:00,7587.0,7592.25,7586.75,7590.75,7452
2026-06-01 23:25:00,7591.0,7591.75,7588.0,7589.75,7752
2026-06-01 23:30:00,7589.75,7601.75,7589.5,7598.5,45424
2026-06-01 23:35:00,7598.75,7602.75,7598.25,7602.5,15289
2026-06-01 23:40:00,7602.25,7603.0,7600.0,7601.25,11133
2026-06-01 23:45:00,7601.5,7601.75,7597.0,7597.5,9630
2026-06-01 23:50:00,7597.5,7600.25,7596.25,7598.5,8906
2026-06-01 23:55:00,7598.25,7598.75,7595.0,7595.5,9672
2026-06-02 00:00:00,7595.5,7600.75,7595.5,7597.0,12535
2026-06-02 00:05:00,7597.0,7597.5,7595.0,7596.25,5340
2026-06-02 00:10:00,7596.25,7596.5,7591.25,7593.5,15692
2026-06-02 00:15:00,7593.5,7594.5,7587.0,7592.0,13243
2026-06-02 00:20:00,7591.75,7595.75,7591.25,7595.5,6567
2026-06-02 00:25:00,7595.5,7596.75,7593.75,7596.25,7634
2026-06-02 00:30:00,7596.25,7601.0,7596.0,7599.75,15721
2026-06-02 00:35:00,7599.5,7600.75,7597.5,7600.0,7380
2026-06-02 00:40:00,7600.0,7601.0,7598.75,7599.0,4923
2026-06-02 00:45:00,7599.0,7599.75,7596.5,7599.5,6062
2026-06-02 00:50:00,7599.5,7607.5,7598.75,7607.0,19800
2026-06-02 00:55:00,7606.75,7609.25,7605.75,7607.75,15299
2026-06-02 01:00:00,7607.75,7608.5,7602.5,7602.5,14572
2026-06-02 01:05:00,7602.75,7604.5,7598.75,7599.5,10077
2026-06-02 01:10:00,7599.5,7602.5,7599.25,7601.25,6006
2026-06-02 01:15:00,7601.5,7602.5,7599.5,7602.0,5189
2026-06-02 01:20:00,7601.75,7605.5,7601.25,7604.5,6503
2026-06-02 01:25:00,7604.25,7614.0,7603.0,7613.75,13529
2026-06-02 01:30:00,7614.0,7616.0,7606.75,7608.0,25135
2026-06-02 01:35:00,7608.0,7614.25,7607.0,7613.0,13431
2026-06-02 01:40:00,7613.0,7632.25,7612.0,7623.5,34706
2026-06-02 01:45:00,7623.5,7629.75,7623.25,7625.0,18916
2026-06-02 01:50:00,7624.75,7628.5,7623.75,7628.0,10491
2026-06-02 01:55:00,7628.0,7628.25,7623.25,7624.25,9081
2026-06-02 02:00:00,7624.25,7625.5,7623.75,7624.75,6242
2026-06-02 02:05:00,7625.0,7626.25,7624.0,7625.75,7121
2026-06-02 02:10:00,7625.75,7627.0,7622.0,7622.75,6795
2026-06-02 02:15:00,7623.0,7626.75,7622.25,7626.75,5829
2026-06-02 02:20:00,7626.5,7627.5,7626.0,7627.0,5661
2026-06-02 02:25:00,7627.0,7628.25,7626.5,7627.25,5629
2026-06-02 02:30:00,7627.25,7627.5,7624.25,7626.25,4614
2026-06-02 02:35:00,7626.25,7627.5,7625.0,7626.0,3671
2026-06-02 02:40:00,7625.75,7628.0,7624.75,7627.75,4957
2026-06-02 02:45:00,7627.75,7627.75,7624.5,7625.0,3892
2026-06-02 02:50:00,7624.75,7625.75,7623.5,7625.0,4550
2026-06-02 02:55:00,7625.0,7627.25,7624.25,7624.25,4464
2026-06-02 03:00:00,7624.25,7625.75,7622.75,7625.5,7088
2026-06-02 03:05:00,7625.5,7626.0,7622.75,7625.25,6715
2026-06-02 03:10:00,7625.25,7625.5,7623.25,7623.5,5632
2026-06-02 03:15:00,7623.5,7624.75,7622.75,7623.5,5220
2026-06-02 03:20:00,7623.25,7625.0,7623.0,7625.0,4344
2026-06-02 03:25:00,7625.0,7626.5,7624.25,7625.75,5473
2026-06-02 03:30:00,7625.5,7625.75,7621.0,7621.25,8870
2026-06-02 03:35:00,7621.25,7622.25,7619.25,7620.5,13290
2026-06-02 03:40:00,7620.75,7620.75,7617.75,7619.0,9013
2026-06-02 03:45:00,7618.75,7620.0,7614.75,7615.75,15220
2026-06-02 03:50:00,7615.5,7616.75,7610.75,7611.5,22236
2026-06-02 03:55:00,7611.75,7614.5,7610.5,7613.75,76522
2026-06-02 04:00:00,7613.75,7615.5,7613.0,7615.0,17308
2026-06-02 04:05:00,7615.0,7616.0,7613.5,7614.5,4581
2026-06-02 04:10:00,7614.25,7616.25,7614.0,7615.75,3515
2026-06-02 04:15:00,7615.5,7615.75,7613.25,7614.0,2966
2026-06-02 04:20:00,7614.25,7614.75,7613.0,7613.25,1175
2026-06-02 04:25:00,7613.25,7613.25,7610.75,7611.75,1835
2026-06-02 04:30:00,7611.75,7614.0,7610.5,7613.75,1813
2026-06-02 04:35:00,7613.75,7614.75,7612.75,7612.75,1465
2026-06-02 04:40:00,7612.75,7618.0,7612.0,7615.25,3993
2026-06-02 04:45:00,7615.0,7615.25,7610.0,7612.0,3993
2026-06-02 04:50:00,7612.0,7612.25,7607.0,7608.25,3459
2026-06-02 04:55:00,7608.5,7609.5,7606.5,7608.5,4420
2026-06-02 06:00:00,7612.0,7612.0,7600.5,7601.25,0
2026-06-02 06:05:00,7601.25,7602.5,7595.5,7599.5,2011
2026-06-02 06:10:00,7599.5,7600.5,7598.25,7598.5,588
2026-06-02 06:15:00,7598.5,7600.25,7597.75,7598.25,685
2026-06-02 06:20:00,7598.25,7599.25,7594.5,7597.5,1212
2026-06-02 06:25:00,7597.5,7598.0,7593.75,7594.5,937
2026-06-02 06:30:00,7594.25,7595.75,7594.25,7594.75,538
2026-06-02 06:35:00,7595.0,7595.75,7592.0,7593.0,965
2026-06-02 06:40:00,7592.75,7593.75,7591.0,7592.0,640
2026-06-02 06:45:00,7592.25,7594.0,7592.25,7593.0,722
2026-06-02 06:50:00,7593.0,7594.0,7592.0,7592.5,655
2026-06-02 06:55:00,7592.5,7595.5,7591.25,7595.5,767
2026-06-02 07:00:00,7595.5,7596.25,7594.75,7595.75,495
2026-06-02 07:05:00,7595.5,7596.0,7593.5,7595.75,379
2026-06-02 07:10:00,7595.75,7596.0,7594.75,7594.75,181
2026-06-02 07:15:00,7594.75,7596.75,7594.25,7596.0,268
2026-06-02 07:20:00,7596.0,7596.25,7595.75,7596.0,226
2026-06-02 07:25:00,7596.0,7596.25,7594.75,7595.25,307
2026-06-02 07:30:00,7595.5,7596.25,7593.75,7596.0,452
2026-06-02 07:35:00,7595.75,7599.0,7594.5,7596.0,1402
2026-06-02 07:40:00,7595.75,7598.0,7595.0,7595.25,542
2026-06-02 07:45:00,7595.5,7596.25,7592.0,7592.75,772
2026-06-02 07:50:00,7592.75,7595.0,7592.5,7595.0,340
2026-06-02 07:55:00,7595.0,7596.25,7594.0,7595.75,417
2026-06-02 08:00:00,7595.75,7596.0,7592.5,7592.75,1015
2026-06-02 08:05:00,7592.75,7594.75,7587.0,7588.0,2890
2026-06-02 08:10:00,7587.75,7590.0,7586.75,7588.25,1741
2026-06-02 08:15:00,7588.25,7591.0,7585.5,7587.0,2219
2026-06-02 08:20:00,7586.75,7588.25,7584.25,7584.75,1209
2026-06-02 08:25:00,7585.0,7587.25,7583.75,7586.75,1171
2026-06-02 08:30:00,7586.75,7589.5,7586.0,7588.5,1269
2026-06-02 08:35:00,7588.5,7589.75,7585.5,7586.0,986
2026-06-02 08:40:00,7586.25,7587.0,7583.25,7585.25,1225
2026-06-02 08:45:00,7585.0,7585.5,7583.0,7584.25,686
2026-06-02 08:50:00,7584.25,7584.25,7581.5,7581.75,730
2026-06-02 08:55:00,7581.75,7582.75,7580.25,7581.75,1548
2026-06-02 09:00:00,7581.5,7583.75,7580.0,7581.75,2123
2026-06-02 09:05:00,7581.75,7583.75,7581.25,7581.5,1076
2026-06-02 09:10:00,7581.5,7586.0,7581.5,7585.25,1414
2026-06-02 09:15:00,7585.5,7586.0,7583.25,7584.75,728
2026-06-02 09:20:00,7584.75,7585.25,7583.0,7584.25,697
2026-06-02 09:25:00,7584.0,7584.5,7578.5,7583.0,1525
2026-06-02 09:30:00,7583.0,7584.75,7582.75,7583.75,1009
2026-06-02 09:35:00,7583.75,7584.5,7579.75,7580.5,725
2026-06-02 09:40:00,7580.25,7585.0,7579.25,7581.0,2126
2026-06-02 09:45:00,7581.0,7581.0,7578.0,7578.75,1412
2026-06-02 09:50:00,7578.5,7580.0,7577.75,7579.25,1157
2026-06-02 09:55:00,7579.5,7580.25,7577.5,7577.5,737
2026-06-02 10:00:00,7577.75,7579.75,7577.5,7578.25,1130
2026-06-02 10:05:00,7578.5,7579.0,7577.25,7577.25,895
2026-06-02 10:10:00,7577.25,7578.75,7577.25,7578.25,704
2026-06-02 10:15:00,7578.25,7580.5,7577.25,7580.25,883
2026-06-02 10:20:00,7580.0,7581.75,7579.5,7579.75,816
2026-06-02 10:25:00,7580.0,7580.75,7578.75,7579.75,396
2026-06-02 10:30:00,7580.0,7581.25,7580.0,7581.25,654
2026-06-02 10:35:00,7581.0,7582.5,7581.0,7582.25,583
2026-06-02 10:40:00,7582.25,7583.25,7580.75,7581.75,701
2026-06-02 10:45:00,7582.0,7582.25,7579.75,7580.5,374
2026-06-02 10:50:00,7580.5,7581.75,7580.0,7580.0,367
2026-06-02 10:55:00,7580.25,7582.5,7580.25,7581.5,420
2026-06-02 11:00:00,7581.25,7582.75,7580.25,7581.25,571
2026-06-02 11:05:00,7581.25,7582.0,7579.0,7579.75,1339
2026-06-02 11:10:00,7579.75,7579.75,7577.5,7578.5,826
2026-06-02 11:15:00,7578.5,7580.0,7577.25,7577.75,781
2026-06-02 11:20:00,7577.5,7578.75,7576.5,7578.5,930
2026-06-02 11:25:00,7578.75,7579.75,7577.25,7578.25,824
2026-06-02 11:30:00,7578.0,7579.0,7577.0,7577.25,901
2026-06-02 11:35:00,7577.5,7580.5,7577.5,7579.5,654
2026-06-02 11:40:00,7579.5,7580.75,7578.0,7580.25,481
2026-06-02 11:45:00,7580.0,7581.5,7579.75,7581.25,700
2026-06-02 11:50:00,7581.25,7582.25,7580.5,7581.25,976
2026-06-02 11:55:00,7581.25,7581.5,7580.5,7581.25,220
2026-06-02 12:05:00,7583.5,7583.75,7583.5,7583.75,1588
2026-06-02 12:10:00,7583.75,7584.25,7582.25,7582.5,491
2026-06-02 12:15:00,7582.25,7583.25,7581.5,7581.75,505
2026-06-02 12:20:00,7581.75,7584.25,7581.75,7583.25,552
2026-06-02 12:25:00,7583.25,7586.75,7583.0,7585.5,712
2026-06-02 12:30:00,7585.5,7585.75,7584.75,7585.0,584
2026-06-02 12:35:00,7585.0,7585.5,7584.0,7585.5,367
2026-06-02 12:40:00,7585.25,7586.0,7585.0,7585.75,349
2026-06-02 12:45:00,7585.5,7589.0,7585.25,7588.25,1133
2026-06-02 12:50:00,7588.25,7589.25,7587.75,7588.75,647
2026-06-02 12:55:00,7588.75,7590.75,7588.5,7590.25,912
2026-06-02 13:00:00,7590.5,7591.75,7588.75,7588.75,1071
2026-06-02 13:05:00,7589.0,7591.0,7588.5,7590.5,632
2026-06-02 13:10:00,7590.5,7592.75,7590.0,7592.75,829
2026-06-02 13:15:00,7592.75,7593.0,7591.5,7592.75,470
2026-06-02 13:20:00,7592.5,7594.0,7592.25,7593.75,500
2026-06-02 13:25:00,7594.0,7594.25,7593.0,7593.5,489
2026-06-02 13:30:00,7593.75,7595.75,7593.75,7595.75,702
2026-06-02 13:35:00,7595.75,7596.75,7593.75,7594.0,818
2026-06-02 13:40:00,7594.0,7595.25,7593.75,7595.25,386
2026-06-02 13:45:00,7595.25,7595.5,7592.25,7593.25,413
2026-06-02 13:50:00,7593.5,7593.75,7592.0,7592.75,538
2026-06-02 13:55:00,7593.0,7594.5,7592.25,7594.25,448
2026-06-02 14:00:00,7594.0,7596.5,7593.75,7595.5,1149
2026-06-02 14:05:00,7595.5,7598.0,7595.25,7595.5,1542
2026-06-02 14:10:00,7595.5,7596.25,7595.0,7596.25,542
2026-06-02 14:15:00,7596.25,7597.75,7596.25,7597.25,710
2026-06-02 14:20:00,7597.25,7598.75,7597.25,7597.75,725
2026-06-02 14:25:00,7597.75,7598.0,7596.75,7597.25,554
2026-06-02 14:30:00,7597.25,7597.5,7595.25,7596.75,730
2026-06-02 14:35:00,7597.0,7600.25,7596.5,7599.25,2234
2026-06-02 14:40:00,7599.25,7600.0,7598.5,7598.5,767
2026-06-02 14:45:00,7598.5,7601.0,7598.25,7600.0,868
2026-06-02 14:50:00,7600.25,7600.5,7599.25,7600.25,337
2026-06-02 14:55:00,7600.25,7602.5,7600.0,7601.5,1211
2026-06-02 15:00:00,7601.5,7604.0,7601.25,7603.5,1916
2026-06-02 15:05:00,7603.75,7605.25,7603.5,7605.0,1256
2026-06-02 15:10:00,7605.0,7605.25,7604.25,7604.75,951
2026-06-02 15:15:00,7604.5,7605.25,7603.75,7604.5,893
2026-06-02 15:20:00,7604.5,7606.0,7604.5,7605.25,1063
2026-06-02 15:25:00,7605.25,7605.5,7603.25,7604.0,918
2026-06-02 15:30:00,7604.0,7604.5,7602.25,7603.5,1174
2026-06-02 15:35:00,7603.25,7605.0,7603.0,7603.25,691
2026-06-02 15:40:00,7603.25,7605.0,7602.75,7604.25,925
2026-06-02 15:45:00,7604.25,7604.25,7602.25,7603.25,1191
2026-06-02 15:50:00,7603.25,7606.25,7602.75,7605.75,961
2026-06-02 15:55:00,7605.5,7606.5,7605.0,7606.25,1039
2026-06-02 16:00:00,7606.25,7610.5,7606.25,7610.0,2544
2026-06-02 16:05:00,7610.0,7610.5,7607.25,7608.75,1912
2026-06-02 16:10:00,7608.5,7608.75,7605.75,7606.75,1281
2026-06-02 16:15:00,7606.75,7609.0,7606.25,7606.25,1361
2026-06-02 16:20:00,7606.75,7607.5,7604.25,7606.25,2946
2026-06-02 16:25:00,7606.25,7606.5,7603.25,7603.75,1663
2026-06-02 16:30:00,7603.75,7606.75,7603.5,7605.5,1209
2026-06-02 16:35:00,7605.25,7606.5,7605.0,7606.25,778
2026-06-02 16:40:00,7606.25,7607.5,7605.25,7605.25,673
2026-06-02 16:45:00,7605.5,7607.75,7605.25,7607.0,795
2026-06-02 16:50:00,7607.0,7607.5,7606.0,7606.5,852
2026-06-02 16:55:00,7606.5,7606.75,7604.75,7605.75,571
2026-06-02 17:00:00,7605.5,7605.5,7601.75,7602.5,927
2026-06-02 17:05:00,7602.5,7604.25,7602.5,7604.25,762
2026-06-02 17:10:00,7604.5,7604.5,7602.25,7602.5,615
2026-06-02 17:15:00,7602.5,7604.25,7602.0,7603.25,734
2026-06-02 17:20:00,7603.25,7603.25,7599.0,7600.25,1065
2026-06-02 17:25:00,7600.5,7601.25,7599.0,7600.25,1160
2026-06-02 17:30:00,7600.25,7601.25,7599.75,7601.0,773
2026-06-02 17:35:00,7601.0,7601.0,7599.5,7601.0,532
2026-06-02 17:40:00,7601.25,7605.25,7598.5,7604.5,2069
2026-06-02 17:45:00,7604.5,7605.25,7603.75,7605.0,879
2026-06-02 17:50:00,7605.25,7605.75,7602.5,7602.75,1350
2026-06-02 17:55:00,7602.75,7603.75,7601.0,7601.5,1385
2026-06-02 18:00:00,7601.5,7601.5,7599.5,7601.0,900
2026-06-02 18:05:00,7601.25,7602.25,7601.0,7601.75,470
2026-06-02 18:10:00,7601.75,7603.25,7601.25,7601.75,589
2026-06-02 18:15:00,7601.75,7603.0,7601.5,7603.0,843
2026-06-02 18:20:00,7603.0,7603.5,7601.75,7603.0,608
2026-06-02 18:25:00,7603.0,7603.25,7600.75,7602.0,695
2026-06-02 18:30:00,7602.25,7602.75,7600.75,7600.75,483
2026-06-02 18:35:00,7601.0,7601.0,7599.25,7600.5,589
2026-06-02 18:40:00,7600.25,7600.5,7599.25,7600.0,376
2026-06-02 18:45:00,7600.0,7600.75,7598.75,7599.0,646
2026-06-02 18:50:00,7599.25,7600.75,7599.25,7600.5,507
2026-06-02 18:55:00,7600.5,7601.0,7599.0,7599.0,745
2026-06-02 19:00:00,7599.0,7599.75,7595.5,7596.0,1845
2026-06-02 19:05:00,7595.75,7598.0,7595.75,7598.0,817
2026-06-02 19:10:00,7598.25,7601.75,7597.5,7598.5,1454
2026-06-02 19:15:00,7598.5,7598.75,7596.75,7597.5,1203
2026-06-02 19:20:00,7597.25,7597.5,7596.25,7596.5,973
2026-06-02 19:25:00,7596.25,7598.5,7596.0,7598.5,920
2026-06-02 19:30:00,7598.75,7604.5,7598.75,7600.75,2786
2026-06-02 19:35:00,7600.5,7601.75,7599.75,7601.25,841
2026-06-02 19:40:00,7601.5,7601.75,7598.5,7598.75,702
2026-06-02 19:45:00,7599.0,7599.25,7597.75,7598.0,654
2026-06-02 19:50:00,7598.0,7599.0,7597.5,7598.5,730
2026-06-02 19:55:00,7598.5,7598.5,7596.0,7596.25,1108
2026-06-02 20:00:00,7596.25,7597.75,7595.25,7597.25,1245
2026-06-02 20:05:00,7597.25,7599.5,7596.5,7599.5,1654
2026-06-02 20:10:00,7599.25,7600.25,7598.0,7598.5,1009
2026-06-02 20:15:00,7598.25,7599.75,7597.25,7597.75,1073
2026-06-02 20:20:00,7598.0,7603.0,7597.5,7602.25,2575
2026-06-02 20:25:00,7602.0,7602.75,7600.25,7601.25,1230
2026-06-02 20:30:00,7601.0,7601.5,7597.25,7599.25,2138
2026-06-02 20:35:00,7599.25,7600.0,7597.5,7599.0,1772
2026-06-02 20:40:00,7599.0,7602.0,7599.0,7601.25,1939
2026-06-02 20:45:00,7601.25,7601.5,7598.5,7599.25,1658
2026-06-02 20:50:00,7599.25,7600.5,7596.5,7597.0,1833
2026-06-02 20:55:00,7597.0,7597.75,7596.5,7597.0,1004
2026-06-02 21:00:00,7597.0,7598.25,7595.75,7596.75,3118
2026-06-02 21:05:00,7596.75,7598.0,7587.5,7591.75,7779
2026-06-02 21:10:00,7591.5,7594.25,7590.25,7591.75,4563
2026-06-02 21:15:00,7591.75,7595.25,7590.75,7594.25,3399
2026-06-02 21:20:00,7594.0,7597.5,7594.0,7597.5,3394
2026-06-02 21:25:00,7597.5,7599.75,7595.0,7598.0,6099
2026-06-02 21:30:00,7598.25,7605.25,7596.5,7602.5,33264
2026-06-02 21:35:00,7602.5,7603.75,7597.5,7597.75,17523
2026-06-02 21:40:00,7598.0,7601.25,7595.5,7601.0,17931
2026-06-02 21:45:00,7601.25,7604.5,7600.75,7604.25,14183
2026-06-02 21:50:00,7604.25,7605.25,7602.0,7602.75,14332
2026-06-02 21:55:00,7603.0,7604.5,7601.5,7603.75,11055
2026-06-02 22:00:00,7603.5,7605.75,7600.0,7605.5,14948
2026-06-02 22:05:00,7605.5,7607.0,7603.75,7606.75,11533
2026-06-02 22:10:00,7606.5,7611.75,7606.5,7609.5,16468
2026-06-02 22:15:00,7609.5,7611.25,7607.75,7610.75,14123
2026-06-02 22:20:00,7610.75,7612.5,7606.75,7608.0,15491
2026-06-02 22:25:00,7607.75,7610.5,7603.0,7604.75,18248
2026-06-02 22:30:00,7605.0,7613.25,7604.75,7613.0,14191
2026-06-02 22:35:00,7613.25,7616.0,7612.25,7613.0,12511
2026-06-02 22:40:00,7613.0,7617.25,7611.75,7617.0,10631
2026-06-02 22:45:00,7616.75,7620.75,7616.0,7620.5,12369
2026-06-02 22:50:00,7620.75,7624.0,7620.0,7623.25,12693
2026-06-02 22:55:00,7623.5,7625.25,7621.5,7625.25,11479
2026-06-02 23:00:00,7625.25,7625.75,7622.0,7622.5,12478
2026-06-02 23:05:00,7622.75,7629.5,7621.75,7629.0,14831
2026-06-02 23:10:00,7629.25,7630.25,7626.25,7628.0,13733
2026-06-02 23:15:00,7628.0,7630.0,7627.5,7629.5,8596
2026-06-02 23:20:00,7629.5,7632.0,7628.75,7630.25,11860
2026-06-02 23:25:00,7630.25,7631.0,7626.5,7627.0,11517
2026-06-02 23:30:00,7626.75,7627.25,7624.75,7626.0,12957
2026-06-02 23:35:00,7626.0,7628.5,7625.25,7625.75,8997
2026-06-02 23:40:00,7625.75,7626.25,7623.75,7624.75,8573
2026-06-02 23:45:00,7624.75,7627.25,7623.5,7625.25,7868
2026-06-02 23:50:00,7625.25,7626.25,7623.5,7624.75,5756
2026-06-02 23:55:00,7624.75,7626.5,7623.75,7624.75,5511
2026-06-03 00:00:00,7624.75,7625.25,7621.75,7623.0,8154
2026-06-03 00:05:00,7623.0,7626.5,7622.75,7625.25,10480
2026-06-03 00:10:00,7625.0,7627.75,7624.25,7626.75,6570
2026-06-03 00:15:00,7626.5,7626.75,7622.75,7623.25,7155
2026-06-03 00:20:00,7623.0,7624.0,7620.0,7623.25,9004
2026-06-03 00:25:00,7623.25,7623.5,7620.5,7621.25,5171
2026-06-03 00:30:00,7621.25,7623.25,7620.0,7620.25,6007
2026-06-03 00:35:00,7620.25,7621.25,7618.75,7620.25,7725
2026-06-03 00:40:00,7620.0,7622.25,7620.0,7620.75,5223
2026-06-03 00:45:00,7621.0,7624.75,7620.5,7624.5,5308
2026-06-03 00:50:00,7624.5,7626.25,7624.0,7624.25,5725
2026-06-03 00:55:00,7624.5,7627.25,7624.0,7626.5,5954
2026-06-03 01:00:00,7626.5,7627.0,7624.75,7626.75,5751
2026-06-03 01:05:00,7626.75,7627.5,7624.0,7625.5,6566
2026-06-03 01:10:00,7625.25,7626.75,7623.75,7626.75,3946
2026-06-03 01:15:00,7626.75,7626.75,7620.5,7621.75,9374
2026-06-03 01:20:00,7621.5,7623.0,7618.75,7619.25,8891
2026-06-03 01:25:00,7619.5,7619.5,7617.0,7618.0,7887
2026-06-03 01:30:00,7618.0,7621.25,7617.5,7618.25,7399
2026-06-03 01:35:00,7618.25,7619.0,7615.75,7615.75,7101
2026-06-03 01:40:00,7615.75,7620.0,7615.5,7618.75,5926
2026-06-03 01:45:00,7618.75,7620.5,7618.25,7620.25,4681
2026-06-03 01:50:00,7620.25,7621.0,7618.75,7619.0,4857
2026-06-03 01:55:00,7619.0,7619.0,7616.25,7616.5,4418
2026-06-03 02:00:00,7616.75,7618.5,7616.0,7617.0,5861
2026-06-03 02:05:00,7616.75,7619.75,7616.75,7619.5,4453
2026-06-03 02:10:00,7619.5,7621.25,7618.0,7618.5,6552
2026-06-03 02:15:00,7618.25,7618.75,7616.5,7617.25,4746
2026-06-03 02:20:00,7617.25,7619.0,7616.5,7617.75,4634
2026-06-03 02:25:00,7618.0,7618.75,7616.75,7617.5,4839
2026-06-03 02:30:00,7617.5,7620.25,7617.25,7618.25,5070
2026-06-03 02:35:00,7618.25,7618.25,7614.75,7615.25,7442
2026-06-03 02:40:00,7615.0,7617.0,7614.25,7616.25,6571
2026-06-03 02:45:00,7616.5,7618.25,7615.75,7618.0,4492
2026-06-03 02:50:00,7618.0,7619.0,7616.5,7617.75,5386
2026-06-03 02:55:00,7617.5,7619.75,7617.25,7619.0,6122
2026-06-03 03:00:00,7619.0,7622.25,7618.75,7621.75,7144
2026-06-03 03:05:00,7621.75,7622.25,7620.5,7622.0,5646
2026-06-03 03:10:00,7622.0,7622.75,7620.25,7620.5,5688
2026-06-03 03:15:00,7620.5,7622.0,7620.0,7621.25,5134
2026-06-03 03:20:00,7621.25,7623.5,7621.0,7623.5,5791
2026-06-03 03:25:00,7623.5,7623.75,7620.75,7621.5,6596
2026-06-03 03:30:00,7621.5,7623.0,7621.0,7622.75,5503
2026-06-03 03:35:00,7622.75,7623.0,7621.25,7621.5,4258
2026-06-03 03:40:00,7621.5,7622.25,7620.0,7620.25,5950
2026-06-03 03:45:00,7620.0,7623.0,7619.5,7622.75,10229
2026-06-03 03:50:00,7622.75,7625.25,7621.0,7623.75,18318
2026-06-03 03:55:00,7623.75,7625.25,7622.25,7623.5,66557
2026-06-03 04:00:00,7623.5,7627.5,7623.25,7627.5,18954
2026-06-03 04:05:00,7627.5,7630.0,7627.25,7628.0,8356
2026-06-03 04:10:00,7627.75,7628.75,7626.75,7626.75,4702
2026-06-03 04:15:00,7627.0,7629.5,7626.25,7629.0,2173
2026-06-03 04:20:00,7629.0,7629.5,7626.5,7627.25,1744
2026-06-03 04:25:00,7627.25,7627.25,7625.75,7626.25,1632
2026-06-03 04:30:00,7626.25,7626.75,7625.75,7626.75,642
2026-06-03 04:35:00,7626.5,7628.0,7626.5,7627.25,1149
2026-06-03 04:40:00,7627.25,7628.5,7627.0,7628.25,969
2026-06-03 04:45:00,7628.0,7628.5,7627.25,7628.0,1342
2026-06-03 04:50:00,7628.25,7629.0,7628.0,7628.5,1582
2026-06-03 04:55:00,7628.5,7629.0,7627.75,7628.25,4686
2026-06-03 06:00:00,7628.0,7628.5,7623.0,7623.0,0
2026-06-03 06:05:00,7623.25,7626.5,7623.25,7624.75,662
2026-06-03 06:10:00,7624.75,7626.5,7622.25,7623.5,1118
2026-06-03 06:15:00,7623.5,7624.25,7622.5,7624.25,488
2026-06-03 06:20:00,7624.0,7625.75,7624.0,7625.0,558
2026-06-03 06:25:00,7625.0,7625.75,7623.75,7625.0,448
2026-06-03 06:30:00,7625.0,7627.0,7625.0,7625.75,614
2026-06-03 06:35:00,7625.5,7626.25,7624.5,7625.0,323
2026-06-03 06:40:00,7625.0,7626.0,7624.75,7625.5,496
2026-06-03 06:45:00,7625.5,7626.25,7623.75,7625.0,467
2026-06-03 06:50:00,7625.25,7625.25,7621.5,7622.25,1408
2026-06-03 06:55:00,7622.5,7623.75,7620.5,7621.5,661
2026-06-03 07:00:00,7621.5,7622.0,7616.25,7616.5,1232
2026-06-03 07:05:00,7616.75,7618.75,7616.0,7616.0,958
2026-06-03 07:10:00,7616.25,7616.75,7614.5,7615.75,992
2026-06-03 07:15:00,7615.75,7616.25,7609.0,7609.75,3274
2026-06-03 07:20:00,7609.5,7610.0,7603.0,7605.75,5610
2026-06-03 07:25:00,7605.5,7610.75,7602.0,7610.25,2517
2026-06-03 07:30:00,7610.5,7612.75,7608.0,7610.0,2833
2026-06-03 07:35:00,7610.0,7616.75,7610.0,7616.5,2160
2026-06-03 07:40:00,7616.25,7622.75,7615.5,7621.5,4398
2026-06-03 07:45:00,7621.5,7622.25,7618.5,7620.25,1302
2026-06-03 07:50:00,7620.5,7623.25,7618.75,7622.5,1127
2026-06-03 07:55:00,7622.5,7625.75,7621.0,7624.5,1542
2026-06-03 08:00:00,7624.5,7626.5,7624.0,7625.0,1403
2026-06-03 08:05:00,7625.25,7625.75,7621.75,7622.75,1126
2026-06-03 08:10:00,7622.75,7623.25,7620.25,7620.5,905
2026-06-03 08:15:00,7620.75,7624.0,7619.5,7623.5,775
2026-06-03 08:20:00,7623.25,7624.5,7621.0,7621.25,432
2026-06-03 08:25:00,7621.25,7622.5,7620.0,7622.25,459
2026-06-03 08:30:00,7622.5,7624.0,7621.5,7623.25,546
2026-06-03 08:35:00,7623.0,7625.5,7622.25,7624.75,546
2026-06-03 08:40:00,7625.0,7625.75,7624.25,7625.5,639
2026-06-03 08:45:00,7625.5,7626.5,7625.0,7625.25,605
2026-06-03 08:50:00,7625.5,7627.0,7625.25,7625.5,545
2026-06-03 08:55:00,7625.5,7626.0,7625.0,7625.25,432
2026-06-03 09:00:00,7625.25,7626.0,7620.5,7621.75,1145
2026-06-03 09:05:00,7621.5,7622.5,7620.25,7621.5,637
2026-06-03 09:10:00,7621.75,7622.75,7620.25,7620.25,493
2026-06-03 09:15:00,7620.25,7622.0,7620.0,7621.75,482
2026-06-03 09:20:00,7621.75,7621.75,7620.5,7621.0,260
2026-06-03 09:25:00,7621.0,7622.0,7620.5,7621.5,356
2026-06-03 09:30:00,7621.25,7623.0,7620.0,7623.0,991
2026-06-03 09:35:00,7623.0,7623.5,7619.75,7620.5,759
2026-06-03 09:40:00,7620.25,7620.75,7619.25,7620.5,989
2026-06-03 09:45:00,7620.5,7620.75,7619.25,7620.25,1203
2026-06-03 09:50:00,7620.25,7622.5,7619.5,7621.75,845
2026-06-03 09:55:00,7621.75,7622.25,7620.75,7621.75,405
2026-06-03 10:00:00,7622.0,7622.5,7620.75,7621.5,366
2026-06-03 10:05:00,7621.75,7622.0,7620.25,7621.5,407
2026-06-03 10:10:00,7621.5,7623.0,7621.5,7622.75,361
2026-06-03 10:15:00,7622.5,7623.0,7622.0,7622.5,241
2026-06-03 10:20:00,7622.75,7623.0,7620.25,7620.5,361
2026-06-03 10:25:00,7620.25,7622.75,7620.0,7621.25,607
2026-06-03 10:30:00,7621.25,7621.75,7620.5,7621.25,305
2026-06-03 10:35:00,7621.0,7622.75,7620.5,7622.25,191
2026-06-03 10:40:00,7622.5,7622.75,7621.5,7621.5,238
2026-06-03 10:45:00,7621.5,7621.5,7620.0,7620.75,276
2026-06-03 10:50:00,7620.5,7621.0,7620.0,7620.5,279
2026-06-03 10:55:00,7620.5,7621.5,7620.25,7621.5,204
2026-06-03 11:00:00,7621.25,7622.0,7621.0,7621.75,245
2026-06-03 11:05:00,7621.75,7622.0,7621.0,7621.25,249
2026-06-03 11:10:00,7621.5,7622.75,7621.5,7622.75,201
2026-06-03 11:15:00,7622.5,7623.0,7622.0,7622.25,285
2026-06-03 11:20:00,7622.25,7624.5,7622.25,7624.0,391
2026-06-03 11:25:00,7623.75,7623.75,7621.25,7621.25,324
2026-06-03 11:30:00,7621.5,7623.0,7621.5,7622.5,216
2026-06-03 11:35:00,7622.75,7623.0,7622.25,7622.25,172
2026-06-03 11:40:00,7622.0,7623.5,7622.0,7623.25,203
2026-06-03 11:45:00,7623.25,7623.5,7622.25,7622.25,176
2026-06-03 11:50:00,7622.0,7623.0,7621.75,7623.0,219
2026-06-03 11:55:00,7623.0,7624.0,7623.0,7623.5,214
2026-06-03 12:05:00,7624.75,7624.75,7624.5,7624.75,728
2026-06-03 12:10:00,7624.75,7625.75,7624.0,7625.25,452
2026-06-03 12:15:00,7625.25,7626.0,7624.25,7624.75,354
2026-06-03 12:20:00,7624.5,7625.0,7624.5,7624.75,106
2026-06-03 12:25:00,7624.75,7625.0,7624.25,7624.5,185
2026-06-03 12:30:00,7624.75,7625.75,7624.5,7625.75,194
2026-06-03 12:35:00,7625.75,7625.75,7624.0,7624.5,313
2026-06-03 12:40:00,7624.5,7625.0,7624.5,7624.75,142
2026-06-03 12:45:00,7625.0,7625.0,7622.5,7623.25,427
2026-06-03 12:50:00,7623.0,7623.5,7622.5,7622.75,160
2026-06-03 12:55:00,7622.5,7622.75,7622.0,7622.25,177
2026-06-03 13:00:00,7622.25,7622.5,7619.5,7621.25,866
2026-06-03 13:05:00,7621.25,7622.75,7620.75,7622.25,401
2026-06-03 13:10:00,7622.5,7624.25,7622.5,7623.25,782
2026-06-03 13:15:00,7623.25,7624.0,7622.75,7623.5,370
2026-06-03 13:20:00,7623.5,7624.25,7623.25,7624.0,198
2026-06-03 13:25:00,7624.25,7624.5,7621.5,7621.75,465
2026-06-03 13:30:00,7621.75,7622.25,7619.0,7620.0,701
2026-06-03 13:35:00,7619.75,7621.25,7619.75,7621.25,349
2026-06-03 13:40:00,7621.5,7622.0,7619.25,7619.25,467
2026-06-03 13:45:00,7619.25,7620.0,7618.75,7619.25,318
2026-06-03 13:50:00,7619.5,7620.0,7617.5,7619.75,619
2026-06-03 13:55:00,7619.75,7620.0,7618.25,7619.0,305
2026-06-03 14:00:00,7619.0,7621.75,7618.75,7621.75,780
2026-06-03 14:05:00,7621.75,7621.75,7618.75,7618.75,1005
2026-06-03 14:10:00,7618.75,7618.75,7615.75,7618.0,1104
2026-06-03 14:15:00,7617.75,7618.25,7617.0,7617.25,587
2026-06-03 14:20:00,7617.5,7618.5,7617.25,7618.25,376
2026-06-03 14:25:00,7618.5,7619.25,7617.5,7618.5,557
2026-06-03 14:30:00,7618.5,7618.75,7616.75,7617.75,521
2026-06-03 14:35:00,7617.5,7621.0,7617.5,7620.5,613
2026-06-03 14:40:00,7620.5,7622.0,7617.25,7619.5,1727
2026-06-03 14:45:00,7619.5,7619.75,7617.5,7618.25,1195
2026-06-03 14:50:00,7618.0,7619.75,7617.75,7618.0,516
2026-06-03 14:55:00,7618.0,7619.25,7617.75,7619.25,222
2026-06-03 15:00:00,7619.0,7619.75,7617.75,7619.0,849
2026-06-03 15:05:00,7619.0,7621.75,7618.75,7621.0,1126
2026-06-03 15:10:00,7621.25,7623.5,7620.5,7622.25,1304
2026-06-03 15:15:00,7622.5,7623.25,7621.25,7622.5,697
2026-06-03 15:20:00,7622.25,7622.25,7619.5,7619.75,616
2026-06-03 15:25:00,7619.75,7620.75,7618.5,7619.0,688
2026-06-03 15:30:00,7619.0,7620.25,7618.25,7618.75,902
2026-06-03 15:35:00,7618.75,7619.25,7617.75,7618.0,1078
2026-06-03 15:40:00,7618.0,7618.25,7615.75,7617.5,1190
2026-06-03 15:45:00,7617.5,7618.75,7617.25,7618.0,732
2026-06-03 15:50:00,7618.0,7620.25,7618.0,7619.5,782
2026-06-03 15:55:00,7619.5,7620.5,7619.0,7620.25,501
2026-06-03 16:00:00,7620.25,7620.5,7617.25,7619.75,1576
2026-06-03 16:05:00,7620.0,7620.25,7617.25,7619.25,1635
2026-06-03 16:10:00,7619.0,7622.0,7619.0,7619.75,780
2026-06-03 16:15:00,7619.5,7620.75,7618.25,7619.0,902
2026-06-03 16:20:00,7619.0,7619.0,7615.25,7616.75,2673
2026-06-03 16:25:00,7616.75,7621.5,7616.5,7621.5,1178
2026-06-03 16:30:00,7621.5,7622.25,7619.75,7621.0,919
2026-06-03 16:35:00,7621.25,7621.25,7618.25,7618.75,1179
2026-06-03 16:40:00,7618.75,7619.5,7618.0,7618.75,843
2026-06-03 16:45:00,7619.0,7620.0,7617.25,7618.75,1246
2026-06-03 16:50:00,7619.0,7619.75,7617.75,7618.25,558
2026-06-03 16:55:00,7618.0,7619.25,7617.75,7618.75,542
2026-06-03 17:00:00,7618.5,7619.0,7617.5,7618.5,951
2026-06-03 17:05:00,7618.75,7621.5,7618.25,7621.5,878
2026-06-03 17:10:00,7621.5,7621.5,7618.5,7619.0,874
2026-06-03 17:15:00,7619.0,7619.5,7617.75,7619.25,577
2026-06-03 17:20:00,7619.25,7620.25,7616.75,7617.5,1144
2026-06-03 17:25:00,7617.5,7619.25,7617.25,7618.75,741
2026-06-03 17:30:00,7618.75,7619.25,7616.75,7616.75,1053
2026-06-03 17:35:00,7616.5,7617.0,7615.75,7616.0,880
2026-06-03 17:40:00,7616.0,7616.25,7614.75,7615.5,1091
2026-06-03 17:45:00,7615.5,7615.5,7613.25,7614.25,1325
2026-06-03 17:50:00,7614.25,7615.75,7613.5,7613.5,997
2026-06-03 17:55:00,7613.5,7614.25,7611.25,7612.0,976
2026-06-03 18:00:00,7612.0,7612.0,7610.5,7610.75,1121
2026-06-03 18:05:00,7610.75,7622.25,7610.75,7617.25,8459
2026-06-03 18:10:00,7617.25,7619.0,7615.25,7616.5,1734
2026-06-03 18:15:00,7616.5,7616.5,7614.0,7614.5,1295
2026-06-03 18:20:00,7614.75,7615.5,7613.5,7615.0,1141
2026-06-03 18:25:00,7615.0,7616.25,7613.75,7616.25,1248
2026-06-03 18:30:00,7616.0,7618.0,7615.25,7616.0,1685
2026-06-03 18:35:00,7615.75,7615.75,7614.0,7614.75,1194
2026-06-03 18:40:00,7614.75,7615.0,7611.0,7611.0,974
2026-06-03 18:45:00,7611.0,7612.5,7611.0,7611.5,1213
2026-06-03 18:50:00,7611.5,7614.25,7611.5,7614.0,750
2026-06-03 18:55:00,7614.0,7615.75,7614.0,7614.5,732
2026-06-03 19:00:00,7614.5,7618.0,7614.5,7617.5,1220
2026-06-03 19:05:00,7617.75,7618.0,7615.25,7616.0,845
2026-06-03 19:10:00,7616.0,7617.5,7615.75,7616.75,755
2026-06-03 19:15:00,7617.0,7617.5,7615.75,7617.25,635
2026-06-03 19:20:00,7617.5,7617.75,7616.25,7617.25,779
2026-06-03 19:25:00,7617.5,7618.75,7616.75,7617.5,1041
2026-06-03 19:30:00,7617.5,7620.25,7617.5,7619.25,1242
2026-06-03 19:35:00,7619.25,7620.0,7617.75,7619.0,955
2026-06-03 19:40:00,7619.0,7619.5,7618.0,7618.75,665
2026-06-03 19:45:00,7618.5,7619.25,7617.0,7617.5,949
2026-06-03 19:50:00,7617.75,7618.5,7616.75,7617.25,783
2026-06-03 19:55:00,7617.25,7618.0,7616.25,7616.25,922
2026-06-03 20:00:00,7616.5,7619.0,7616.0,7618.25,1985
2026-06-03 20:05:00,7618.0,7618.5,7616.0,7616.5,1078
2026-06-03 20:10:00,7616.5,7618.25,7616.5,7617.0,912
2026-06-03 20:15:00,7617.0,7617.0,7612.75,7613.5,1786
2026-06-03 20:20:00,7613.5,7614.75,7613.0,7613.0,1261
2026-06-03 20:25:00,7613.0,7613.25,7611.25,7611.25,1629
2026-06-03 20:30:00,7611.25,7611.25,7607.5,7608.5,5020
2026-06-03 20:35:00,7608.25,7608.5,7604.0,7604.75,5284
2026-06-03 20:40:00,7604.75,7608.5,7604.75,7607.75,2786
2026-06-03 20:45:00,7607.75,7609.25,7606.25,7608.75,2117
2026-06-03 20:50:00,7608.5,7610.0,7606.75,7607.0,2291
2026-06-03 20:55:00,7606.75,7607.25,7603.75,7607.0,3022
2026-06-03 21:00:00,7607.0,7608.0,7605.75,7607.5,2054
2026-06-03 21:05:00,7607.5,7608.75,7607.0,7608.5,3274
2026-06-03 21:10:00,7608.25,7608.5,7606.25,7607.5,2484
2026-06-03 21:15:00,7607.25,7608.25,7605.5,7606.75,2694
2026-06-03 21:20:00,7606.75,7608.5,7605.75,7608.5,2981
2026-06-03 21:25:00,7608.5,7609.25,7606.25,7608.5,5642
2026-06-03 21:30:00,7608.5,7614.75,7606.75,7609.25,28929
2026-06-03 21:35:00,7609.5,7609.5,7602.75,7606.0,25877
2026-06-03 21:40:00,7606.0,7606.0,7592.0,7592.5,27655
2026-06-03 21:45:00,7592.25,7594.5,7575.25,7578.25,43489
2026-06-03 21:50:00,7578.25,7589.75,7574.0,7585.0,36206
2026-06-03 21:55:00,7585.25,7590.0,7584.25,7586.25,17868
2026-06-03 22:00:00,7586.5,7593.75,7585.0,7590.5,23330
2026-06-03 22:05:00,7590.5,7592.5,7588.25,7591.5,14997
2026-06-03 22:10:00,7591.25,7596.5,7591.25,7596.25,14225
2026-06-03 22:15:00,7596.0,7597.0,7587.5,7589.25,20562
2026-06-03 22:20:00,7589.25,7593.25,7586.5,7590.25,14188
2026-06-03 22:25:00,7590.0,7595.25,7590.0,7595.0,9967
2026-06-03 22:30:00,7594.75,7597.0,7592.0,7593.0,12702
2026-06-03 22:35:00,7593.0,7597.25,7590.75,7596.25,10548
2026-06-03 22:40:00,7596.25,7596.5,7591.5,7591.5,7943
2026-06-03 22:45:00,7591.5,7592.25,7586.25,7587.25,14574
2026-06-03 22:50:00,7587.25,7591.5,7583.75,7589.75,13165
2026-06-03 22:55:00,7589.75,7590.25,7586.5,7588.75,7104
2026-06-03 23:00:00,7589.0,7592.25,7588.5,7590.0,8479
2026-06-03 23:05:00,7590.0,7590.25,7585.5,7588.75,9323
2026-06-03 23:10:00,7588.75,7591.75,7586.75,7587.25,6574
2026-06-03 23:15:00,7587.25,7589.75,7585.75,7587.75,6896
2026-06-03 23:20:00,7588.0,7589.25,7580.5,7582.75,11189
2026-06-03 23:25:00,7582.5,7589.0,7580.5,7588.5,13534
2026-06-03 23:30:00,7588.5,7590.0,7581.75,7583.25,12186
2026-06-03 23:35:00,7583.5,7584.75,7578.75,7580.5,13086
2026-06-03 23:40:00,7580.5,7581.5,7578.0,7579.0,11432
2026-06-03 23:45:00,7579.0,7580.25,7574.75,7579.25,13750
2026-06-03 23:50:00,7579.0,7582.75,7577.0,7580.0,9434
2026-06-03 23:55:00,7579.75,7581.25,7578.0,7579.25,6225
2026-06-04 00:00:00,7579.25,7581.5,7576.75,7580.75,8464
2026-06-04 00:05:00,7580.5,7582.0,7576.75,7577.75,9851
2026-06-04 00:10:00,7577.75,7581.25,7577.5,7579.75,5981
2026-06-04 00:15:00,7579.5,7579.5,7573.0,7576.0,10930
2026-06-04 00:20:00,7576.0,7576.75,7567.75,7568.25,12929
2026-06-04 00:25:00,7568.0,7571.5,7565.75,7570.0,17569
2026-06-04 00:30:00,7570.0,7573.5,7569.25,7571.0,10776
2026-06-04 00:35:00,7571.0,7571.0,7565.75,7566.0,8993
2026-06-04 00:40:00,7565.75,7567.75,7562.5,7567.5,13158
2026-06-04 00:45:00,7567.5,7573.25,7567.25,7572.75,11213
2026-06-04 00:50:00,7572.75,7575.0,7570.5,7572.75,13880
2026-06-04 00:55:00,7572.5,7578.75,7571.0,7578.25,14383
2026-06-04 01:00:00,7578.0,7578.5,7573.0,7573.75,8809
2026-06-04 01:05:00,7573.75,7578.75,7572.25,7576.0,12333
2026-06-04 01:10:00,7576.25,7576.75,7568.0,7569.75,10930
2026-06-04 01:15:00,7569.75,7571.0,7567.0,7568.5,8179
2026-06-04 01:20:00,7568.75,7572.5,7568.25,7572.25,6202
2026-06-04 01:25:00,7572.5,7573.75,7570.25,7573.25,5959
2026-06-04 01:30:00,7573.25,7576.25,7568.75,7576.0,9358
2026-06-04 01:35:00,7576.25,7578.75,7574.75,7577.0,6731
2026-06-04 01:40:00,7577.0,7581.0,7576.5,7579.0,6142
2026-06-04 01:45:00,7579.25,7580.5,7577.75,7579.5,6200
2026-06-04 01:50:00,7579.25,7583.75,7579.25,7583.75,8331
2026-06-04 01:55:00,7583.75,7585.0,7582.5,7583.0,6609
2026-06-04 02:00:00,7583.0,7583.75,7581.25,7583.0,7600
2026-06-04 02:05:00,7583.0,7583.0,7579.75,7581.0,5204
2026-06-04 02:10:00,7581.0,7582.25,7578.5,7580.5,4832
2026-06-04 02:15:00,7580.5,7582.25,7577.25,7582.25,6706
2026-06-04 02:20:00,7582.0,7584.5,7578.0,7584.5,8460
2026-06-04 02:25:00,7584.5,7587.75,7584.0,7587.25,10477
2026-06-04 02:30:00,7587.25,7588.0,7584.25,7584.75,8459
2026-06-04 02:35:00,7584.75,7586.5,7582.5,7584.75,8591
2026-06-04 02:40:00,7584.75,7585.0,7583.0,7584.5,5805
2026-06-04 02:45:00,7584.5,7586.5,7583.25,7583.5,4486
2026-06-04 02:50:00,7583.25,7585.0,7582.25,7583.5,5992
2026-06-04 02:55:00,7583.5,7585.0,7582.75,7583.5,5169
2026-06-04 03:00:00,7583.5,7583.5,7575.75,7578.0,15031
2026-06-04 03:05:00,7577.75,7581.25,7577.75,7578.5,7848
2026-06-04 03:10:00,7578.75,7579.25,7574.25,7577.5,9435
2026-06-04 03:15:00,7577.5,7581.75,7576.25,7578.75,11269
2026-06-04 03:20:00,7578.5,7579.25,7574.25,7574.5,9575
2026-06-04 03:25:00,7574.5,7576.0,7573.5,7575.75,8148
2026-06-04 03:30:00,7575.75,7577.0,7573.5,7575.5,10549
2026-06-04 03:35:00,7575.5,7581.75,7574.75,7581.0,11205
2026-06-04 03:40:00,7580.75,7582.75,7579.75,7580.5,12090
2026-06-04 03:45:00,7580.5,7582.5,7578.75,7581.25,11320
2026-06-04 03:50:00,7581.25,7582.25,7573.5,7574.0,38674
2026-06-04 03:55:00,7574.0,7577.0,7568.5,7572.5,101915
2026-06-04 04:00:00,7572.5,7573.25,7567.25,7569.5,26065
2026-06-04 04:05:00,7569.25,7570.0,7566.0,7568.0,8578
2026-06-04 04:10:00,7568.0,7570.0,7566.0,7567.25,5417
2026-06-04 04:15:00,7567.25,7568.0,7552.5,7559.75,13369
2026-06-04 04:20:00,7559.5,7565.0,7559.25,7562.75,6063
2026-06-04 04:25:00,7563.0,7563.0,7557.75,7558.5,3276
2026-06-04 04:30:00,7558.5,7559.25,7554.25,7556.25,2719
2026-06-04 04:35:00,7556.25,7557.25,7550.0,7552.25,2478
2026-06-04 04:40:00,7552.25,7552.25,7543.0,7544.0,5940
2026-06-04 04:45:00,7544.25,7549.0,7544.0,7545.0,2857
2026-06-04 04:50:00,7545.0,7546.5,7542.75,7544.5,2660
2026-06-04 04:55:00,7544.75,7547.5,7541.75,7547.5,2636
2026-06-04 06:00:00,7539.75,7545.5,7533.25,7542.0,0
2026-06-04 06:05:00,7541.75,7542.5,7537.25,7542.5,1479
2026-06-04 06:10:00,7542.75,7542.75,7535.25,7540.25,1330
2026-06-04 06:15:00,7540.0,7540.75,7534.5,7534.75,1186
2026-06-04 06:20:00,7534.75,7539.5,7532.5,7536.5,1446
2026-06-04 06:25:00,7536.25,7540.5,7536.25,7538.25,946
2026-06-04 06:30:00,7537.75,7541.25,7537.25,7540.75,1213
2026-06-04 06:35:00,7541.0,7541.0,7536.25,7537.25,868
2026-06-04 06:40:00,7537.0,7539.0,7535.0,7537.25,640
2026-06-04 06:45:00,7537.0,7538.0,7534.0,7535.0,680
2026-06-04 06:50:00,7535.0,7535.25,7530.5,7534.75,1513
2026-06-04 06:55:00,7534.5,7546.25,7533.75,7543.5,3400
2026-06-04 07:00:00,7543.5,7544.75,7538.25,7539.0,1560
2026-06-04 07:05:00,7539.5,7539.5,7534.75,7535.25,1235
2026-06-04 07:10:00,7535.25,7537.75,7534.5,7537.0,541
2026-06-04 07:15:00,7537.25,7538.0,7532.75,7534.5,857
2026-06-04 07:20:00,7534.25,7535.25,7531.75,7532.5,756
2026-06-04 07:25:00,7532.5,7535.75,7532.0,7534.75,849
2026-06-04 07:30:00,7535.0,7537.5,7530.25,7530.75,1230
2026-06-04 07:35:00,7531.0,7531.5,7529.0,7530.5,947
2026-06-04 07:40:00,7530.5,7533.0,7530.0,7531.0,587
2026-06-04 07:45:00,7531.0,7532.25,7529.0,7531.5,804
2026-06-04 07:50:00,7531.25,7537.75,7531.0,7537.5,1055
2026-06-04 07:55:00,7537.5,7538.5,7534.0,7534.5,825
2026-06-04 08:00:00,7534.25,7543.5,7531.5,7541.5,3081
2026-06-04 08:05:00,7541.5,7543.25,7539.5,7541.25,809
2026-06-04 08:10:00,7541.25,7542.75,7538.75,7539.75,928
2026-06-04 08:15:00,7539.75,7544.0,7535.5,7541.0,1626
2026-06-04 08:20:00,7541.0,7542.25,7537.75,7538.75,714
2026-06-04 08:25:00,7539.0,7541.0,7538.0,7540.5,736
2026-06-04 08:30:00,7540.25,7547.5,7540.25,7547.25,1458
2026-06-04 08:35:00,7547.0,7548.75,7542.25,7543.25,1278
2026-06-04 08:40:00,7543.5,7546.75,7542.5,7546.5,720
2026-06-04 08:45:00,7546.5,7547.0,7544.0,7545.0,768
2026-06-04 08:50:00,7545.25,7547.0,7542.25,7546.5,762
2026-06-04 08:55:00,7546.0,7547.0,7544.0,7546.5,506
2026-06-04 09:00:00,7546.5,7548.75,7545.75,7547.0,854
2026-06-04 09:05:00,7547.0,7548.75,7546.5,7548.75,803
2026-06-04 09:10:00,7548.75,7551.25,7547.75,7549.25,1286
2026-06-04 09:15:00,7549.25,7549.5,7544.0,7544.75,911
2026-06-04 09:20:00,7544.75,7547.75,7544.5,7544.5,531
2026-06-04 09:25:00,7544.5,7546.75,7542.75,7545.5,743
2026-06-04 09:30:00,7545.5,7551.0,7545.5,7549.5,852
2026-06-04 09:35:00,7549.5,7551.0,7547.25,7547.75,600
2026-06-04 09:40:00,7547.5,7548.0,7543.25,7544.75,504
2026-06-04 09:45:00,7544.75,7545.5,7541.75,7544.75,617
2026-06-04 09:50:00,7544.5,7544.5,7536.5,7537.5,1218
2026-06-04 09:55:00,7537.5,7540.75,7537.25,7540.75,910
2026-06-04 10:00:00,7540.75,7541.5,7536.75,7537.5,650
2026-06-04 10:05:00,7537.25,7540.25,7536.5,7536.75,672
2026-06-04 10:10:00,7536.75,7537.0,7533.5,7533.75,1078
2026-06-04 10:15:00,7534.0,7534.25,7527.5,7531.75,1938
2026-06-04 10:20:00,7531.5,7535.5,7531.0,7533.75,742
2026-06-04 10:25:00,7534.0,7537.5,7533.75,7535.25,808
2026-06-04 10:30:00,7535.5,7535.75,7531.25,7533.0,977
2026-06-04 10:35:00,7532.75,7534.75,7532.0,7534.0,791
2026-06-04 10:40:00,7533.75,7536.0,7533.75,7535.0,782
2026-06-04 10:45:00,7534.75,7539.0,7534.75,7538.25,773
2026-06-04 10:50:00,7538.25,7539.25,7535.5,7536.25,538
2026-06-04 10:55:00,7536.25,7536.75,7534.25,7535.0,384
2026-06-04 11:00:00,7535.0,7538.0,7534.25,7537.5,677
2026-06-04 11:05:00,7537.75,7539.25,7537.25,7538.75,455
2026-06-04 11:10:00,7538.75,7540.5,7537.5,7538.0,541
2026-06-04 11:15:00,7538.0,7541.25,7538.0,7541.0,404
2026-06-04 11:20:00,7541.0,7541.0,7539.5,7540.25,303
2026-06-04 11:25:00,7540.25,7542.5,7539.75,7542.0,657
2026-06-04 11:30:00,7542.25,7544.75,7542.25,7544.25,856
2026-06-04 11:35:00,7544.25,7544.25,7541.5,7543.0,321
2026-06-04 11:40:00,7543.0,7543.0,7539.25,7540.0,364
2026-06-04 11:45:00,7539.75,7540.25,7538.25,7539.0,414
2026-06-04 11:50:00,7538.75,7541.5,7538.75,7540.5,271
2026-06-04 11:55:00,7540.25,7543.25,7540.25,7543.25,287
2026-06-04 12:05:00,7543.25,7543.5,7542.75,7543.0,659
2026-06-04 12:10:00,7543.0,7546.25,7543.0,7546.0,359
2026-06-04 12:15:00,7546.25,7546.5,7544.0,7545.5,447
2026-06-04 12:20:00,7546.0,7546.75,7545.0,7546.25,236
2026-06-04 12:25:00,7546.25,7546.75,7544.75,7545.25,331
2026-06-04 12:30:00,7545.25,7548.0,7543.75,7546.25,628
2026-06-04 12:35:00,7546.25,7547.25,7544.75,7545.5,413
2026-06-04 12:40:00,7545.5,7547.5,7545.25,7547.25,277
2026-06-04 12:45:00,7547.5,7547.75,7544.5,7545.5,598
2026-06-04 12:50:00,7545.25,7546.5,7545.0,7546.5,265
2026-06-04 12:55:00,7546.5,7546.5,7545.25,7546.25,278
2026-06-04 13:00:00,7546.0,7546.75,7543.5,7544.0,500
2026-06-04 13:05:00,7544.0,7545.0,7539.75,7540.0,756
2026-06-04 13:10:00,7540.0,7542.0,7538.5,7541.75,765
2026-06-04 13:15:00,7542.0,7544.25,7540.5,7542.75,545
2026-06-04 13:20:00,7542.75,7542.75,7540.0,7540.25,427
2026-06-04 13:25:00,7540.25,7541.5,7539.25,7540.25,316
2026-06-04 13:30:00,7540.25,7543.25,7539.25,7542.25,657
2026-06-04 13:35:00,7542.25,7544.0,7540.5,7542.5,487
2026-06-04 13:40:00,7542.5,7545.0,7542.0,7544.75,495
2026-06-04 13:45:00,7544.75,7544.75,7541.5,7542.0,374
2026-06-04 13:50:00,7542.0,7543.0,7540.75,7541.5,369
2026-06-04 13:55:00,7541.5,7544.0,7539.5,7543.75,585
2026-06-04 14:00:00,7543.75,7547.0,7542.75,7545.5,894
2026-06-04 14:05:00,7545.75,7547.0,7544.75,7546.5,565
2026-06-04 14:10:00,7546.5,7547.25,7544.5,7545.25,602
2026-06-04 14:15:00,7545.0,7545.75,7543.75,7544.5,574
2026-06-04 14:20:00,7544.5,7544.75,7542.25,7542.5,990
2026-06-04 14:25:00,7542.25,7546.0,7542.25,7546.0,538
2026-06-04 14:30:00,7545.75,7547.5,7543.5,7546.0,892
2026-06-04 14:35:00,7546.0,7549.0,7545.75,7548.75,978
2026-06-04 14:40:00,7548.75,7551.0,7548.75,7550.75,916
2026-06-04 14:45:00,7550.75,7550.75,7547.75,7549.25,518
2026-06-04 14:50:00,7549.5,7552.5,7549.5,7551.5,1339
2026-06-04 14:55:00,7551.5,7553.0,7550.75,7552.75,1005
2026-06-04 15:00:00,7552.75,7556.25,7550.75,7556.0,2162
2026-06-04 15:05:00,7556.0,7557.0,7553.25,7555.0,1718
2026-06-04 15:10:00,7554.75,7557.5,7554.5,7556.0,1485
2026-06-04 15:15:00,7556.0,7556.5,7553.5,7554.75,1388
2026-06-04 15:20:00,7554.75,7555.5,7550.75,7554.5,1506
2026-06-04 15:25:00,7554.5,7556.25,7552.0,7556.25,1391
2026-06-04 15:30:00,7556.0,7557.75,7555.5,7557.25,1301
2026-06-04 15:35:00,7557.25,7557.75,7555.25,7555.75,1051
2026-06-04 15:40:00,7555.5,7555.75,7553.25,7554.25,1167
2026-06-04 15:45:00,7554.0,7555.25,7553.25,7555.0,666
2026-06-04 15:50:00,7555.0,7555.0,7552.25,7553.75,866
2026-06-04 15:55:00,7553.5,7554.0,7552.5,7553.75,685
2026-06-04 16:00:00,7553.5,7553.75,7550.0,7551.0,1757
2026-06-04 16:05:00,7550.75,7552.0,7546.5,7548.25,1656
2026-06-04 16:10:00,7548.25,7549.5,7543.0,7543.0,1900
2026-06-04 16:15:00,7542.75,7545.75,7542.5,7543.25,2271
2026-06-04 16:20:00,7543.5,7543.75,7538.25,7543.0,2097
2026-06-04 16:25:00,7543.0,7544.0,7537.0,7543.75,3113
2026-06-04 16:30:00,7544.0,7550.0,7541.5,7545.75,3601
2026-06-04 16:35:00,7545.75,7549.0,7544.75,7546.25,1512
2026-06-04 16:40:00,7546.25,7547.0,7543.0,7543.5,981
2026-06-04 16:45:00,7543.75,7545.5,7538.25,7538.75,1166
2026-06-04 16:50:00,7538.75,7540.75,7538.0,7539.0,1159
2026-06-04 16:55:00,7538.75,7542.5,7538.25,7540.75,1239
2026-06-04 17:00:00,7540.5,7540.5,7535.5,7537.75,1772
2026-06-04 17:05:00,7537.5,7539.0,7534.0,7537.75,2710
2026-06-04 17:10:00,7538.0,7538.75,7532.75,7533.25,1922
2026-06-04 17:15:00,7533.25,7536.0,7532.25,7536.0,1991
2026-06-04 17:20:00,7535.75,7539.75,7535.75,7538.25,1541
2026-06-04 17:25:00,7538.25,7540.75,7537.75,7540.25,1154
2026-06-04 17:30:00,7540.25,7544.5,7538.75,7544.0,1446
2026-06-04 17:35:00,7544.0,7547.25,7543.75,7544.5,1511
2026-06-04 17:40:00,7544.25,7545.25,7542.5,7544.0,988
2026-06-04 17:45:00,7544.0,7548.75,7543.75,7548.0,1346
2026-06-04 17:50:00,7548.0,7549.25,7546.5,7549.0,1069
2026-06-04 17:55:00,7549.0,7549.75,7546.75,7547.75,801
2026-06-04 18:00:00,7547.75,7547.75,7544.75,7545.75,997
2026-06-04 18:05:00,7546.0,7546.5,7544.0,7544.5,866
2026-06-04 18:10:00,7544.25,7544.5,7541.75,7543.5,1191
2026-06-04 18:15:00,7543.25,7543.25,7540.0,7540.25,1004
2026-06-04 18:20:00,7540.25,7542.25,7540.25,7542.25,677
2026-06-04 18:25:00,7542.0,7542.25,7537.25,7537.75,1382
2026-06-04 18:30:00,7537.75,7540.25,7537.25,7538.0,1310
2026-06-04 18:35:00,7538.0,7538.5,7536.25,7537.0,990
2026-06-04 18:40:00,7536.75,7537.5,7535.0,7535.25,964
2026-06-04 18:45:00,7535.0,7536.5,7533.5,7534.0,1321
2026-06-04 18:50:00,7534.0,7534.0,7528.0,7532.75,3261
2026-06-04 18:55:00,7533.0,7533.75,7528.5,7533.5,1991
2026-06-04 19:00:00,7533.75,7538.0,7533.25,7537.25,3049
2026-06-04 19:05:00,7537.25,7537.75,7534.25,7534.75,1667
2026-06-04 19:10:00,7534.5,7537.5,7532.75,7537.0,1402
2026-06-04 19:15:00,7536.75,7543.75,7536.5,7541.75,2357
2026-06-04 19:20:00,7541.75,7542.0,7535.5,7539.75,1947
2026-06-04 19:25:00,7539.75,7543.0,7538.25,7540.25,2129
2026-06-04 19:30:00,7540.5,7542.75,7536.25,7536.5,2023
2026-06-04 19:35:00,7536.5,7536.5,7524.5,7533.0,6605
2026-06-04 19:40:00,7533.0,7534.25,7528.75,7533.0,2565
2026-06-04 19:45:00,7532.75,7538.0,7530.75,7537.5,3498
2026-06-04 19:50:00,7537.75,7543.75,7537.25,7543.0,3606
2026-06-04 19:55:00,7543.25,7546.0,7540.5,7544.0,3914
2026-06-04 20:00:00,7543.75,7545.0,7539.5,7541.25,2994
2026-06-04 20:05:00,7541.25,7547.5,7540.25,7543.0,3967
2026-06-04 20:10:00,7543.0,7544.5,7536.75,7538.25,4317
2026-06-04 20:15:00,7538.5,7541.25,7537.5,7539.25,1907
2026-06-04 20:20:00,7539.25,7543.75,7538.75,7541.5,1779
2026-06-04 20:25:00,7541.75,7543.75,7539.0,7542.0,1995
2026-06-04 20:30:00,7542.0,7548.25,7541.75,7544.0,3233
2026-06-04 20:35:00,7544.0,7549.0,7543.0,7546.5,2656
2026-06-04 20:40:00,7546.75,7550.25,7546.0,7549.75,2691
2026-06-04 20:45:00,7549.75,7550.5,7545.5,7549.75,2486
2026-06-04 20:50:00,7549.75,7552.5,7548.75,7550.75,1910
2026-06-04 20:55:00,7550.5,7551.0,7547.25,7550.25,1687
2026-06-04 21:00:00,7550.25,7552.0,7548.0,7549.25,2959
2026-06-04 21:05:00,7549.0,7551.5,7548.25,7549.25,2293
2026-06-04 21:10:00,7549.25,7550.0,7547.5,7549.75,2538
2026-06-04 21:15:00,7549.5,7555.0,7549.0,7554.0,5807
2026-06-04 21:20:00,7554.0,7554.25,7550.75,7552.25,4056
2026-06-04 21:25:00,7552.25,7552.25,7545.5,7548.25,8817
2026-06-04 21:30:00,7548.25,7557.5,7541.75,7556.5,39375
2026-06-04 21:35:00,7556.25,7561.5,7551.75,7556.75,26407
2026-06-04 21:40:00,7557.0,7557.5,7547.0,7548.25,21463
2026-06-04 21:45:00,7548.25,7556.0,7543.5,7553.25,20267
2026-06-04 21:50:00,7553.25,7561.5,7549.5,7555.25,19911
2026-06-04 21:55:00,7555.5,7564.5,7553.0,7559.5,18982
2026-06-04 22:00:00,7559.25,7562.5,7553.0,7553.25,17845
2026-06-04 22:05:00,7553.5,7556.0,7549.75,7554.5,20388
2026-06-04 22:10:00,7554.25,7564.25,7554.0,7561.75,20233
2026-06-04 22:15:00,7561.75,7564.75,7559.25,7559.5,13983
2026-06-04 22:20:00,7559.5,7569.5,7558.25,7569.5,14463
2026-06-04 22:25:00,7569.5,7570.5,7566.75,7568.0,15889
2026-06-04 22:30:00,7567.75,7569.5,7563.5,7567.5,15704
2026-06-04 22:35:00,7567.5,7568.0,7562.25,7564.25,15645
2026-06-04 22:40:00,7564.25,7569.75,7564.25,7566.0,12950
2026-06-04 22:45:00,7565.75,7570.0,7561.25,7564.75,11996
2026-06-04 22:50:00,7565.0,7567.25,7562.75,7566.25,8014
2026-06-04 22:55:00,7566.25,7569.75,7565.5,7569.75,8850
2026-06-04 23:00:00,7569.5,7575.0,7569.5,7572.75,16914
2026-06-04 23:05:00,7572.75,7582.75,7572.25,7581.5,14280
2026-06-04 23:10:00,7581.5,7584.0,7579.25,7583.25,13836
2026-06-04 23:15:00,7583.5,7587.5,7582.5,7584.5,12381
2026-06-04 23:20:00,7584.5,7585.75,7581.25,7585.25,11318
2026-06-04 23:25:00,7585.25,7586.75,7583.25,7586.5,9483
2026-06-04 23:30:00,7586.5,7587.5,7582.75,7584.25,10142
2026-06-04 23:35:00,7584.0,7585.5,7582.5,7584.25,7683
2026-06-04 23:40:00,7584.25,7585.25,7579.5,7580.75,8223
2026-06-04 23:45:00,7580.75,7582.25,7575.75,7577.0,11858
2026-06-04 23:50:00,7577.0,7581.75,7575.5,7580.25,10267
2026-06-04 23:55:00,7580.25,7582.5,7578.5,7581.0,6874
2026-06-05 00:00:00,7581.25,7583.25,7579.5,7582.0,5697
2026-06-05 00:05:00,7582.25,7591.5,7581.75,7589.75,10732
2026-06-05 00:10:00,7590.0,7592.0,7589.0,7590.25,7280
2026-06-05 00:15:00,7590.25,7593.75,7590.25,7592.0,7538
2026-06-05 00:20:00,7592.0,7595.0,7591.25,7594.5,6872
2026-06-05 00:25:00,7594.5,7594.5,7591.75,7593.5,5670
2026-06-05 00:30:00,7593.5,7593.5,7588.5,7591.5,11094
2026-06-05 00:35:00,7591.5,7596.75,7590.75,7595.5,9949
2026-06-05 00:40:00,7595.5,7596.75,7594.0,7596.0,6489
2026-06-05 00:45:00,7595.75,7596.5,7593.5,7595.25,5555
2026-06-05 00:50:00,7595.25,7597.5,7595.25,7596.75,7117
2026-06-05 00:55:00,7596.75,7597.5,7595.75,7596.5,4212
2026-06-05 01:00:00,7596.5,7597.5,7594.0,7595.25,7190
2026-06-05 01:05:00,7595.5,7597.75,7594.0,7597.25,5113
2026-06-05 01:10:00,7597.25,7598.0,7595.25,7596.5,6470
2026-06-05 01:15:00,7596.5,7597.0,7595.0,7596.75,3996
2026-06-05 01:20:00,7596.5,7597.0,7594.25,7596.5,5462
2026-06-05 01:25:00,7596.5,7600.0,7596.25,7599.5,7552
2026-06-05 01:30:00,7599.25,7602.5,7598.75,7600.5,11381
2026-06-05 01:35:00,7600.5,7600.75,7598.25,7599.25,5668
2026-06-05 01:40:00,7599.0,7601.25,7599.0,7600.75,3745
2026-06-05 01:45:00,7600.75,7602.25,7599.25,7602.25,3596
2026-06-05 01:50:00,7602.25,7603.0,7601.0,7601.75,4620
2026-06-05 01:55:00,7602.0,7605.5,7601.5,7604.75,6899
2026-06-05 02:00:00,7604.75,7607.0,7603.75,7605.75,10789
2026-06-05 02:05:00,7605.75,7606.75,7604.75,7605.5,5779
2026-06-05 02:10:00,7605.5,7606.5,7604.75,7604.75,4839
2026-06-05 02:15:00,7605.0,7607.0,7603.5,7606.75,6503
2026-06-05 02:20:00,7606.75,7607.5,7605.5,7606.25,5999
2026-06-05 02:25:00,7606.0,7607.5,7605.5,7606.0,4339
2026-06-05 02:30:00,7606.0,7607.0,7604.0,7606.0,4996
2026-06-05 02:35:00,7606.0,7607.5,7605.25,7606.25,5691
2026-06-05 02:40:00,7606.0,7606.5,7605.0,7605.75,3553
2026-06-05 02:45:00,7606.0,7608.0,7604.75,7606.75,5545
2026-06-05 02:50:00,7607.0,7607.5,7606.0,7606.5,3374
2026-06-05 02:55:00,7606.5,7606.5,7603.0,7604.5,7067
2026-06-05 03:00:00,7604.5,7607.25,7604.25,7607.25,5291
2026-06-05 03:05:00,7607.25,7609.0,7606.75,7607.25,7351
2026-06-05 03:10:00,7607.5,7607.75,7605.0,7606.0,6410
2026-06-05 03:15:00,7606.25,7606.25,7604.0,7605.25,6436
2026-06-05 03:20:00,7605.0,7608.25,7604.75,7608.0,6940
2026-06-05 03:25:00,7608.0,7611.25,7607.5,7611.0,8461
2026-06-05 03:30:00,7611.0,7611.5,7609.25,7609.75,8109
2026-06-05 03:35:00,7609.75,7611.0,7609.0,7610.25,6663
2026-06-05 03:40:00,7610.25,7610.25,7606.0,7606.5,9651
2026-06-05 03:45:00,7606.25,7607.5,7604.5,7606.75,11027
2026-06-05 03:50:00,7606.5,7609.0,7602.25,7604.25,23340
2026-06-05 03:55:00,7604.25,7604.5,7598.25,7599.75,86290
2026-06-05 04:00:00,7599.75,7602.0,7594.25,7595.0,21893
2026-06-05 04:05:00,7595.0,7596.75,7593.0,7595.25,7304
2026-06-05 04:10:00,7595.25,7595.5,7593.0,7594.0,5529
2026-06-05 04:15:00,7593.75,7595.0,7591.0,7591.5,3084
2026-06-05 04:20:00,7591.5,7592.0,7589.75,7591.25,1766
2026-06-05 04:25:00,7591.5,7591.5,7587.5,7588.75,2314
2026-06-05 04:30:00,7588.75,7590.75,7588.25,7589.5,1636
2026-06-05 04:35:00,7589.5,7590.5,7588.5,7589.5,1222
2026-06-05 04:40:00,7589.5,7591.25,7588.5,7588.75,1619
2026-06-05 04:45:00,7588.75,7589.5,7587.25,7587.25,1382
2026-06-05 04:50:00,7587.5,7589.75,7587.25,7589.0,1073
2026-06-05 04:55:00,7589.25,7590.25,7587.75,7587.75,1986
2026-06-05 06:00:00,7589.5,7591.0,7585.0,7585.25,0
2026-06-05 06:05:00,7585.25,7587.5,7584.5,7586.75,784
2026-06-05 06:10:00,7586.75,7586.75,7583.75,7584.25,644
2026-06-05 06:15:00,7584.0,7585.0,7582.5,7584.75,565
2026-06-05 06:20:00,7584.75,7586.0,7580.5,7581.5,789
2026-06-05 06:25:00,7581.25,7582.25,7578.25,7581.5,965
2026-06-05 06:30:00,7581.75,7583.75,7580.75,7581.0,529
2026-06-05 06:35:00,7581.25,7582.75,7580.5,7582.25,358
2026-06-05 06:40:00,7582.25,7583.75,7582.0,7582.0,577
2026-06-05 06:45:00,7582.0,7585.0,7582.0,7584.25,476
2026-06-05 06:50:00,7584.5,7585.5,7584.25,7585.0,435
2026-06-05 06:55:00,7585.0,7586.25,7584.75,7585.75,279
2026-06-05 07:00:00,7586.0,7586.75,7584.0,7584.75,515
2026-06-05 07:05:00,7584.75,7585.25,7582.25,7582.75,345
2026-06-05 07:10:00,7583.0,7583.5,7580.25,7580.75,788
2026-06-05 07:15:00,7580.5,7581.25,7577.75,7578.5,1020
2026-06-05 07:20:00,7578.5,7579.0,7576.25,7577.75,1652
2026-06-05 07:25:00,7577.75,7580.0,7577.5,7579.25,526
2026-06-05 07:30:00,7579.5,7579.5,7576.25,7577.75,671
2026-06-05 07:35:00,7577.75,7578.75,7576.0,7577.0,776
2026-06-05 07:40:00,7577.25,7577.5,7576.0,7576.5,512
2026-06-05 07:45:00,7576.5,7576.5,7573.25,7574.75,1375
2026-06-05 07:50:00,7574.75,7576.75,7574.75,7575.5,622
2026-06-05 07:55:00,7575.5,7575.75,7573.25,7573.5,591
2026-06-05 08:00:00,7573.5,7573.5,7567.25,7569.25,2436
2026-06-05 08:05:00,7569.5,7570.75,7567.0,7568.0,1384
2026-06-05 08:10:00,7568.0,7569.25,7563.0,7564.0,2310
2026-06-05 08:15:00,7564.0,7566.75,7563.25,7564.5,1706
2026-06-05 08:20:00,7564.25,7567.25,7562.25,7563.25,1592
2026-06-05 08:25:00,7563.25,7565.0,7561.5,7564.5,1320
2026-06-05 08:30:00,7564.5,7566.75,7562.5,7565.0,1148
2026-06-05 08:35:00,7565.0,7566.0,7561.0,7562.5,1381
2026-06-05 08:40:00,7562.5,7565.0,7562.0,7562.25,950
2026-06-05 08:45:00,7562.25,7565.0,7560.0,7561.75,1703
2026-06-05 08:50:00,7561.75,7562.25,7557.5,7560.25,1405
2026-06-05 08:55:00,7560.0,7560.75,7556.75,7559.0,2176
2026-06-05 09:00:00,7559.25,7560.25,7556.0,7558.5,1790
2026-06-05 09:05:00,7558.5,7560.0,7556.5,7557.5,989
2026-06-05 09:10:00,7557.25,7558.25,7556.0,7557.5,793
2026-06-05 09:15:00,7557.25,7558.5,7555.25,7557.75,1248
2026-06-05 09:20:00,7558.0,7558.0,7551.5,7552.25,1954
2026-06-05 09:25:00,7552.0,7552.25,7546.75,7550.75,3356
2026-06-05 09:30:00,7551.0,7555.75,7550.5,7555.0,1481
2026-06-05 09:35:00,7555.0,7556.75,7552.25,7553.25,1332
2026-06-05 09:40:00,7553.0,7556.0,7552.5,7554.75,1384
2026-06-05 09:45:00,7555.0,7555.25,7553.25,7553.25,1032
2026-06-05 09:50:00,7553.25,7557.5,7552.0,7557.0,1274
2026-06-05 09:55:00,7557.0,7561.0,7557.0,7560.75,1838
2026-06-05 10:00:00,7560.5,7563.5,7558.25,7561.75,1463
2026-06-05 10:05:00,7561.75,7562.5,7560.5,7562.0,723
2026-06-05 10:10:00,7562.0,7564.5,7561.75,7563.25,859
2026-06-05 10:15:00,7563.5,7565.5,7561.0,7562.0,1497
2026-06-05 10:20:00,7562.25,7565.25,7562.0,7564.75,593
2026-06-05 10:25:00,7564.75,7566.5,7564.5,7565.0,477
2026-06-05 10:30:00,7565.0,7565.5,7563.0,7564.0,779
2026-06-05 10:35:00,7564.25,7566.0,7563.5,7563.5,752
2026-06-05 10:40:00,7563.75,7563.75,7561.75,7562.25,567
2026-06-05 10:45:00,7562.25,7563.0,7559.75,7560.0,767
2026-06-05 10:50:00,7560.25,7564.0,7560.25,7561.25,581
2026-06-05 10:55:00,7561.25,7562.75,7560.5,7561.25,309
2026-06-05 11:00:00,7561.5,7562.0,7560.0,7561.0,434
2026-06-05 11:05:00,7561.0,7561.0,7557.0,7560.0,832
2026-06-05 11:10:00,7560.0,7562.0,7559.75,7561.25,724
2026-06-05 11:15:00,7561.25,7564.0,7560.5,7561.75,431
2026-06-05 11:20:00,7561.5,7562.25,7559.5,7562.25,306
2026-06-05 11:25:00,7562.5,7563.5,7558.5,7558.75,623
2026-06-05 11:30:00,7559.0,7561.0,7557.5,7559.5,548
2026-06-05 11:35:00,7559.25,7559.75,7558.25,7559.5,393
2026-06-05 11:40:00,7559.5,7560.5,7558.75,7559.0,277
2026-06-05 11:45:00,7559.0,7559.25,7556.75,7556.75,486
2026-06-05 11:50:00,7556.75,7557.5,7553.75,7555.0,788
2026-06-05 11:55:00,7555.25,7557.25,7555.0,7556.75,413
2026-06-05 12:05:00,7557.75,7558.25,7557.75,7558.25,1130
2026-06-05 12:10:00,7558.5,7558.5,7556.5,7557.75,270
2026-06-05 12:15:00,7558.0,7559.75,7557.5,7557.75,491
2026-06-05 12:20:00,7558.0,7559.25,7557.5,7558.5,217
2026-06-05 12:25:00,7558.75,7561.75,7557.5,7557.75,533
2026-06-05 12:30:00,7557.75,7558.25,7556.25,7557.75,548
2026-06-05 12:35:00,7557.75,7560.75,7557.5,7560.75,396
2026-06-05 12:40:00,7560.75,7562.75,7558.5,7560.5,497
2026-06-05 12:45:00,7560.5,7562.5,7560.0,7562.25,374
2026-06-05 12:50:00,7562.25,7564.75,7562.0,7564.5,656
2026-06-05 12:55:00,7564.25,7565.5,7563.75,7563.75,430
2026-06-05 13:00:00,7564.0,7564.25,7561.0,7561.0,803
2026-06-05 13:05:00,7561.25,7562.0,7559.25,7560.0,863
2026-06-05 13:10:00,7560.0,7561.0,7558.75,7559.75,345
2026-06-05 13:15:00,7559.75,7561.25,7558.5,7561.0,367
2026-06-05 13:20:00,7561.0,7563.25,7560.5,7563.0,487
2026-06-05 13:25:00,7563.0,7563.0,7559.25,7559.75,515
2026-06-05 13:30:00,7559.5,7563.25,7559.5,7562.0,481
2026-06-05 13:35:00,7561.75,7564.0,7561.75,7563.0,475
2026-06-05 13:40:00,7563.0,7564.5,7561.25,7561.25,565
2026-06-05 13:45:00,7561.25,7561.25,7559.0,7560.0,581
2026-06-05 13:50:00,7560.0,7560.75,7556.75,7557.25,499
2026-06-05 13:55:00,7557.5,7559.25,7557.0,7558.0,626
2026-06-05 14:00:00,7558.0,7562.0,7557.75,7561.5,1447
2026-06-05 14:05:00,7561.5,7565.0,7561.5,7563.5,868
2026-06-05 14:10:00,7563.25,7564.0,7559.25,7559.25,668
2026-06-05 14:15:00,7559.25,7559.25,7556.0,7557.0,1042
2026-06-05 14:20:00,7556.5,7556.75,7553.5,7554.75,960
2026-06-05 14:25:00,7555.0,7557.0,7554.5,7555.25,705
2026-06-05 14:30:00,7555.5,7556.5,7554.25,7554.75,714
2026-06-05 14:35:00,7554.5,7556.75,7553.75,7554.25,910
2026-06-05 14:40:00,7554.25,7555.0,7552.75,7553.0,1059
2026-06-05 14:45:00,7552.75,7555.25,7550.75,7553.5,1214
2026-06-05 14:50:00,7553.25,7555.5,7552.75,7555.0,760
2026-06-05 14:55:00,7554.75,7556.0,7553.75,7554.0,769
2026-06-05 15:00:00,7554.0,7555.25,7549.25,7551.75,2155
2026-06-05 15:05:00,7551.75,7552.0,7549.5,7550.5,1324
2026-06-05 15:10:00,7550.5,7552.75,7549.5,7549.75,1511
2026-06-05 15:15:00,7550.0,7551.25,7548.25,7549.5,1156
2026-06-05 15:20:00,7549.5,7554.5,7547.25,7552.75,1762
2026-06-05 15:25:00,7553.0,7555.75,7551.5,7555.25,1803
2026-06-05 15:30:00,7555.25,7558.25,7554.75,7557.75,1696
2026-06-05 15:35:00,7557.75,7560.0,7556.5,7557.75,1448
2026-06-05 15:40:00,7557.75,7558.5,7556.5,7557.5,900
2026-06-05 15:45:00,7557.75,7558.5,7556.0,7557.75,715
2026-06-05 15:50:00,7557.5,7559.75,7556.25,7557.25,1053
2026-06-05 15:55:00,7557.25,7559.0,7556.25,7557.25,743
2026-06-05 16:00:00,7557.5,7559.25,7555.0,7555.0,1839
2026-06-05 16:05:00,7555.0,7558.25,7554.5,7558.25,1496
2026-06-05 16:10:00,7558.0,7560.0,7558.0,7559.0,1282
2026-06-05 16:15:00,7558.75,7560.0,7556.75,7559.5,948
2026-06-05 16:20:00,7559.5,7562.5,7558.5,7561.5,2389
2026-06-05 16:25:00,7561.5,7566.5,7561.25,7566.5,2171
2026-06-05 16:30:00,7566.5,7568.5,7564.75,7566.0,2567
2026-06-05 16:35:00,7566.0,7567.25,7564.75,7564.75,785
2026-06-05 16:40:00,7564.75,7565.25,7561.5,7561.75,1173
2026-06-05 16:45:00,7561.5,7562.75,7561.0,7562.5,801
2026-06-05 16:50:00,7562.5,7562.75,7559.5,7562.25,948
2026-06-05 16:55:00,7562.25,7562.25,7559.5,7560.25,971
2026-06-05 17:00:00,7560.5,7561.5,7559.75,7560.75,1070
2026-06-05 17:05:00,7560.5,7562.75,7559.75,7560.25,669
2026-06-05 17:10:00,7560.5,7578.75,7560.0,7572.0,8246
2026-06-05 17:15:00,7572.25,7574.5,7569.0,7569.25,3077
2026-06-05 17:20:00,7569.5,7570.0,7567.75,7568.25,2052
2026-06-05 17:25:00,7568.25,7569.5,7565.0,7566.25,1219
2026-06-05 17:30:00,7566.5,7568.25,7564.5,7565.25,1990
2026-06-05 17:35:00,7565.25,7566.25,7564.0,7565.0,678
2026-06-05 17:40:00,7565.0,7565.25,7563.75,7564.5,689
2026-06-05 17:45:00,7564.75,7567.75,7564.5,7566.75,1037
2026-06-05 17:50:00,7566.5,7569.0,7566.25,7568.75,857
2026-06-05 17:55:00,7568.5,7569.0,7567.0,7567.75,837
2026-06-05 18:00:00,7567.75,7569.25,7567.25,7569.0,835
2026-06-05 18:05:00,7568.75,7569.5,7567.5,7569.5,501
2026-06-05 18:10:00,7569.25,7571.0,7568.25,7570.75,652
2026-06-05 18:15:00,7570.75,7571.25,7569.75,7571.25,597
2026-06-05 18:20:00,7571.5,7573.5,7570.5,7573.0,1023
2026-06-05 18:25:00,7573.25,7574.25,7572.25,7573.5,887
2026-06-05 18:30:00,7573.5,7574.0,7572.0,7573.5,820
2026-06-05 18:35:00,7573.5,7573.5,7570.75,7571.75,766
2026-06-05 18:40:00,7572.25,7572.75,7570.5,7572.5,560
2026-06-05 18:45:00,7572.75,7573.0,7571.0,7571.25,522
2026-06-05 18:50:00,7571.25,7571.5,7569.0,7569.25,622
2026-06-05 18:55:00,7569.25,7570.0,7568.25,7568.5,1105
2026-06-05 19:00:00,7568.25,7568.75,7567.0,7568.75,1288
2026-06-05 19:05:00,7568.75,7570.0,7567.25,7567.75,930
2026-06-05 19:10:00,7567.75,7569.25,7567.75,7567.75,593
2026-06-05 19:15:00,7567.75,7568.0,7564.5,7565.75,1511
2026-06-05 19:20:00,7565.75,7567.25,7559.5,7561.5,3591
2026-06-05 19:25:00,7561.75,7569.5,7561.75,7568.75,2379
2026-06-05 19:30:00,7568.5,7570.0,7568.0,7570.0,1231
2026-06-05 19:35:00,7569.75,7571.0,7566.5,7566.75,1929
2026-06-05 19:40:00,7566.75,7569.25,7566.75,7568.25,1236
2026-06-05 19:45:00,7568.25,7568.5,7565.25,7566.5,1781
2026-06-05 19:50:00,7566.25,7566.75,7565.25,7566.0,1954
2026-06-05 19:55:00,7566.0,7566.0,7562.5,7563.25,1355
2026-06-05 20:00:00,7563.25,7563.5,7560.75,7561.25,1602
2026-06-05 20:05:00,7561.0,7562.5,7560.5,7561.0,1420
2026-06-05 20:10:00,7561.25,7561.25,7557.5,7558.75,1527
2026-06-05 20:15:00,7558.75,7563.25,7558.0,7562.5,2208
2026-06-05 20:20:00,7562.5,7563.25,7561.0,7562.5,1818
2026-06-05 20:25:00,7562.5,7562.75,7557.75,7558.75,2349
2026-06-05 20:30:00,7558.5,7568.25,7549.0,7550.5,10267
2026-06-05 20:35:00,7550.25,7555.25,7544.5,7554.0,6188
2026-06-05 20:40:00,7554.0,7560.25,7553.75,7559.5,4318
2026-06-05 20:45:00,7559.5,7563.0,7558.75,7561.75,5319
2026-06-05 20:50:00,7561.75,7562.0,7550.5,7551.5,5406
2026-06-05 20:55:00,7551.25,7552.25,7548.25,7549.75,4291
2026-06-05 21:00:00,7549.75,7551.75,7546.0,7548.5,5557
2026-06-05 21:05:00,7548.5,7549.5,7543.5,7548.5,5520
2026-06-05 21:10:00,7548.5,7550.0,7545.25,7545.75,3668
2026-06-05 21:15:00,7545.5,7549.0,7544.5,7547.75,4301
2026-06-05 21:20:00,7547.75,7549.75,7545.5,7546.0,4648
2026-06-05 21:25:00,7546.0,7549.5,7543.5,7548.25,8204
2026-06-05 21:30:00,7548.0,7553.0,7540.75,7550.5,41899
2026-06-05 21:35:00,7550.5,7550.5,7535.0,7540.0,31309
2026-06-05 21:40:00,7540.25,7540.75,7526.5,7527.25,32960
2026-06-05 21:45:00,7527.25,7531.0,7517.5,7518.5,35944
2026-06-05 21:50:00,7518.5,7525.5,7518.25,7524.0,38922
2026-06-05 21:55:00,7524.25,7525.0,7510.5,7511.25,27662
2026-06-05 22:00:00,7511.25,7520.25,7505.75,7514.0,52791
2026-06-05 22:05:00,7513.75,7522.5,7508.5,7522.0,32977
2026-06-05 22:10:00,7522.25,7526.5,7517.25,7525.0,27168
2026-06-05 22:15:00,7525.0,7533.5,7524.75,7533.0,25079
2026-06-05 22:20:00,7533.25,7533.25,7521.0,7521.25,21943
2026-06-05 22:25:00,7521.25,7521.75,7512.75,7516.25,19126
2026-06-05 22:30:00,7516.25,7528.75,7515.0,7528.25,21805
2026-06-05 22:35:00,7528.25,7531.5,7524.75,7526.0,19710
2026-06-05 22:40:00,7526.0,7527.5,7516.25,7519.75,19059
2026-06-05 22:45:00,7519.5,7522.25,7515.0,7518.0,18422
2026-06-05 22:50:00,7518.0,7522.25,7516.5,7520.5,16107
2026-06-05 22:55:00,7520.5,7525.0,7518.75,7523.0,13003
2026-06-05 23:00:00,7523.0,7526.25,7515.75,7519.25,16079
2026-06-05 23:05:00,7519.25,7520.75,7512.5,7513.5,14333
2026-06-05 23:10:00,7513.5,7516.5,7507.25,7507.5,15061
2026-06-05 23:15:00,7507.25,7511.75,7506.25,7510.75,14444
2026-06-05 23:20:00,7510.75,7512.25,7499.75,7503.5,24007
2026-06-05 23:25:00,7503.25,7508.0,7502.75,7505.75,13876
2026-06-05 23:30:00,7505.5,7509.0,7500.75,7501.0,15319
2026-06-05 23:35:00,7501.0,7503.75,7491.75,7492.5,20502
2026-06-05 23:40:00,7492.5,7495.25,7488.25,7490.0,25146
2026-06-05 23:45:00,7490.0,7494.25,7486.25,7488.25,21446
2026-06-05 23:50:00,7488.0,7493.25,7487.0,7492.0,15066
2026-06-05 23:55:00,7491.75,7493.75,7488.5,7490.25,11340
2026-06-06 00:00:00,7490.0,7490.5,7484.25,7485.25,18234
2026-06-06 00:05:00,7485.25,7485.5,7475.0,7476.75,21177
2026-06-06 00:10:00,7476.75,7483.0,7474.25,7479.0,18664
2026-06-06 00:15:00,7478.75,7479.0,7470.5,7472.25,17093
2026-06-06 00:20:00,7472.25,7479.0,7471.0,7475.5,15701
2026-06-06 00:25:00,7475.75,7480.0,7471.5,7471.75,14665
2026-06-06 00:30:00,7471.75,7472.5,7462.75,7466.75,21627
2026-06-06 00:35:00,7466.5,7470.0,7461.75,7466.75,19313
2026-06-06 00:40:00,7466.5,7468.5,7453.25,7456.5,22373
2026-06-06 00:45:00,7456.5,7460.25,7449.0,7460.25,28858
2026-06-06 00:50:00,7460.0,7470.75,7457.0,7470.0,26916
2026-06-06 00:55:00,7470.0,7470.5,7464.25,7469.75,16929
2026-06-06 01:00:00,7469.75,7470.25,7457.25,7463.25,18521
2026-06-06 01:05:00,7463.0,7463.25,7457.5,7459.5,12398
2026-06-06 01:10:00,7459.25,7461.25,7453.75,7458.5,13484
2026-06-06 01:15:00,7458.5,7459.75,7452.25,7457.25,11682
2026-06-06 01:20:00,7457.0,7466.0,7452.0,7465.0,15685
2026-06-06 01:25:00,7465.0,7465.5,7458.25,7464.75,14824
2026-06-06 01:30:00,7464.75,7467.0,7459.75,7466.5,13456
2026-06-06 01:35:00,7466.75,7474.25,7466.5,7473.75,15867
2026-06-06 01:40:00,7473.75,7477.75,7460.75,7462.5,19420
2026-06-06 01:45:00,7462.75,7468.0,7460.75,7464.25,14570
2026-06-06 01:50:00,7464.25,7466.25,7462.0,7465.75,11687
2026-06-06 01:55:00,7465.5,7472.0,7464.5,7471.25,10355
2026-06-06 02:00:00,7471.5,7472.5,7458.25,7458.5,16213
2026-06-06 02:05:00,7458.25,7460.75,7455.25,7456.5,13667
2026-06-06 02:10:00,7456.75,7458.75,7445.5,7445.75,16171
2026-06-06 02:15:00,7445.75,7446.25,7437.5,7438.75,24547
2026-06-06 02:20:00,7438.75,7444.5,7438.0,7439.75,18568
2026-06-06 02:25:00,7439.5,7440.0,7429.5,7433.25,22563
2026-06-06 02:30:00,7433.25,7435.75,7428.0,7431.0,17245
2026-06-06 02:35:00,7430.75,7432.5,7425.25,7430.5,18341
2026-06-06 02:40:00,7430.25,7431.0,7421.75,7424.75,22896
2026-06-06 02:45:00,7424.75,7424.75,7410.25,7420.75,33259
2026-06-06 02:50:00,7420.75,7423.5,7409.25,7414.0,23527
2026-06-06 02:55:00,7413.75,7426.5,7412.0,7416.25,32262
2026-06-06 03:00:00,7416.25,7418.0,7407.0,7415.0,24397
2026-06-06 03:05:00,7415.0,7415.75,7399.5,7404.5,22399
2026-06-06 03:10:00,7404.5,7405.25,7393.5,7396.75,23985
2026-06-06 03:15:00,7396.75,7396.75,7379.75,7387.75,35588
2026-06-06 03:20:00,7387.75,7393.5,7383.25,7393.5,30493
2026-06-06 03:25:00,7393.75,7409.75,7393.25,7409.0,35044
2026-06-06 03:30:00,7409.0,7410.0,7397.0,7404.0,28375
2026-06-06 03:35:00,7404.0,7413.0,7402.5,7411.75,27490
2026-06-06 03:40:00,7411.75,7412.5,7394.5,7402.75,38043
2026-06-06 03:45:00,7402.75,7414.75,7401.0,7412.5,29203
2026-06-06 03:50:00,7412.25,7423.0,7409.0,7416.5,46788
2026-06-06 03:55:00,7416.25,7416.5,7397.25,7400.25,127885
2026-06-06 04:00:00,7400.25,7401.5,7374.0,7378.25,62798
2026-06-06 04:05:00,7378.0,7379.25,7370.75,7375.25,19560
2026-06-06 04:10:00,7375.25,7375.5,7364.25,7368.25,19905
2026-06-06 04:15:00,7368.25,7370.5,7360.75,7362.75,8403
2026-06-06 04:20:00,7362.75,7367.75,7362.75,7366.5,4867
2026-06-06 04:25:00,7366.75,7371.5,7366.0,7369.75,5197
2026-06-06 04:30:00,7369.75,7370.0,7361.25,7363.0,3995
2026-06-06 04:35:00,7363.25,7365.0,7359.0,7364.5,2640
2026-06-06 04:40:00,7364.5,7365.0,7361.25,7364.25,3025
2026-06-06 04:45:00,7364.25,7366.5,7361.0,7366.0,3645
2026-06-06 04:50:00,7365.75,7371.5,7365.5,7369.5,3678
2026-06-06 04:55:00,7369.75,7400.5,7366.0,7400.5,3778
2026-06-08 06:10:00,7369.0,7387.25,7367.5,7387.0,3306
2026-06-08 06:15:00,7386.5,7394.25,7382.5,7388.25,4935
2026-06-08 06:20:00,7388.0,7396.25,7387.25,7388.25,3077
2026-06-08 06:25:00,7388.0,7390.0,7382.0,7383.75,1621
2026-06-08 06:30:00,7384.0,7389.0,7381.0,7387.25,2057
2026-06-08 06:35:00,7387.0,7391.25,7385.5,7389.25,1394
2026-06-08 06:40:00,7389.25,7391.75,7385.25,7385.75,1224
2026-06-08 06:45:00,7385.75,7388.75,7380.75,7384.5,2269
2026-06-08 06:50:00,7384.5,7386.75,7381.0,7382.0,1056
2026-06-08 06:55:00,7382.75,7382.75,7355.5,7368.0,6614
2026-06-08 07:00:00,7368.0,7380.75,7368.0,7380.5,1923
2026-06-08 07:05:00,7380.5,7384.0,7377.25,7384.0,1329
2026-06-08 07:10:00,7384.0,7386.5,7381.0,7385.0,1210
2026-06-08 07:15:00,7384.75,7385.5,7376.75,7379.75,1266
2026-06-08 07:20:00,7379.5,7382.0,7373.75,7377.75,1604
2026-06-08 07:25:00,7377.5,7383.75,7376.75,7381.0,945
2026-06-08 07:30:00,7381.0,7387.25,7380.75,7384.75,1209
2026-06-08 07:35:00,7385.0,7386.0,7381.25,7383.5,662
2026-06-08 07:40:00,7383.5,7391.25,7383.25,7391.25,1078
2026-06-08 07:45:00,7391.0,7401.5,7389.75,7398.75,3589
2026-06-08 07:50:00,7398.5,7400.75,7395.5,7397.75,1467
2026-06-08 07:55:00,7397.75,7404.25,7397.75,7400.5,1754
2026-06-08 08:00:00,7400.0,7407.25,7395.75,7406.75,2620
2026-06-08 08:05:00,7407.0,7407.0,7402.75,7405.25,2004
2026-06-08 08:10:00,7405.25,7407.25,7399.25,7407.0,2365
2026-06-08 08:15:00,7406.5,7411.25,7404.75,7408.75,2828
2026-06-08 08:20:00,7408.75,7412.5,7408.75,7410.25,1684
2026-06-08 08:25:00,7410.0,7416.0,7409.5,7415.0,2372
2026-06-08 08:30:00,7415.0,7418.25,7414.0,7415.0,2048
2026-06-08 08:35:00,7415.25,7423.0,7414.75,7422.5,2654
2026-06-08 08:40:00,7422.5,7422.75,7411.75,7416.25,3741
2026-06-08 08:45:00,7416.25,7417.75,7411.5,7415.75,2240
2026-06-08 08:50:00,7415.75,7416.5,7410.5,7411.5,1649
2026-06-08 08:55:00,7411.25,7416.0,7406.5,7415.25,2435
2026-06-08 09:00:00,7415.5,7418.0,7412.25,7416.0,1732
2026-06-08 09:05:00,7415.5,7419.0,7412.5,7415.0,2186
2026-06-08 09:10:00,7415.25,7416.0,7405.5,7405.75,3106
2026-06-08 09:15:00,7406.0,7407.25,7397.75,7399.75,4809
2026-06-08 09:20:00,7399.5,7405.5,7396.25,7399.5,2922
2026-06-08 09:25:00,7399.5,7401.75,7391.25,7393.0,3289
2026-06-08 09:30:00,7393.0,7404.75,7384.25,7398.0,6839
2026-06-08 09:35:00,7397.75,7399.25,7391.75,7396.25,2305
2026-06-08 09:40:00,7396.5,7407.25,7394.5,7405.75,3135
2026-06-08 09:45:00,7405.75,7409.5,7402.75,7404.75,2117
2026-06-08 09:50:00,7404.75,7408.0,7400.5,7402.75,1817
2026-06-08 09:55:00,7402.5,7407.5,7401.75,7405.75,1052
2026-06-08 10:00:00,7406.25,7410.75,7404.0,7405.5,1348
2026-06-08 10:05:00,7405.25,7407.5,7401.5,7403.0,1220
2026-06-08 10:10:00,7403.25,7407.5,7401.0,7406.5,1085
2026-06-08 10:15:00,7406.25,7406.5,7400.75,7401.0,1189
2026-06-08 10:20:00,7401.5,7406.25,7401.0,7406.0,1069
2026-06-08 10:25:00,7405.75,7410.0,7403.25,7408.25,1656
2026-06-08 10:30:00,7408.25,7410.75,7401.25,7408.0,2948
2026-06-08 10:35:00,7407.5,7413.0,7404.0,7412.0,1920
2026-06-08 10:40:00,7411.75,7417.75,7411.0,7417.5,1788
2026-06-08 10:45:00,7417.25,7419.25,7415.5,7418.0,1347
2026-06-08 10:50:00,7417.75,7418.0,7412.0,7414.75,1383
2026-06-08 10:55:00,7414.75,7418.25,7414.25,7414.5,1124
2026-06-08 11:00:00,7414.75,7417.25,7413.5,7414.0,1250
2026-06-08 11:05:00,7414.0,7418.5,7413.0,7417.75,792
2026-06-08 11:10:00,7417.5,7418.5,7414.75,7416.25,826
2026-06-08 11:15:00,7416.25,7417.0,7411.0,7412.0,933
2026-06-08 11:20:00,7412.0,7417.75,7410.75,7417.75,1086
2026-06-08 11:25:00,7418.0,7418.25,7415.25,7417.0,609
2026-06-08 11:30:00,7416.75,7419.25,7416.5,7417.25,705
2026-06-08 11:35:00,7417.5,7418.75,7416.0,7417.0,393
2026-06-08 11:40:00,7416.75,7418.5,7415.25,7416.25,424
2026-06-08 11:45:00,7416.25,7418.0,7416.0,7416.25,308
2026-06-08 11:50:00,7415.75,7418.75,7415.0,7417.5,465
2026-06-08 11:55:00,7417.25,7417.25,7415.5,7415.5,410
2026-06-08 12:00:00,7416.75,7418.75,7412.5,7413.75,873
2026-06-08 12:05:00,7413.5,7414.75,7410.5,7413.5,850
2026-06-08 12:10:00,7413.25,7414.5,7411.0,7412.5,512
2026-06-08 12:15:00,7412.75,7416.25,7410.5,7410.75,889
2026-06-08 12:20:00,7410.75,7411.5,7407.75,7408.75,1076
2026-06-08 12:25:00,7409.0,7412.25,7408.75,7411.75,636
2026-06-08 12:30:00,7412.0,7413.0,7406.0,7407.5,1238
2026-06-08 12:35:00,7407.75,7408.25,7404.75,7405.5,966
2026-06-08 12:40:00,7405.75,7406.25,7401.5,7401.75,1069
2026-06-08 12:45:00,7402.0,7407.0,7401.5,7404.5,885
2026-06-08 12:50:00,7404.25,7408.5,7404.25,7405.5,637
2026-06-08 12:55:00,7405.25,7405.5,7400.75,7401.25,860
2026-06-08 13:00:00,7401.25,7408.75,7401.25,7408.5,931
2026-06-08 13:05:00,7408.25,7408.5,7402.5,7404.0,872
2026-06-08 13:10:00,7404.25,7404.5,7396.5,7396.75,1439
2026-06-08 13:15:00,7396.75,7402.75,7395.5,7401.25,1800
2026-06-08 13:20:00,7401.5,7402.75,7399.75,7401.0,629
2026-06-08 13:25:00,7401.0,7404.0,7397.5,7402.25,1017
2026-06-08 13:30:00,7402.25,7403.5,7394.25,7395.25,1398
2026-06-08 13:35:00,7395.25,7395.75,7387.5,7392.75,2475
2026-06-08 13:40:00,7392.75,7393.75,7386.5,7389.25,1742
2026-06-08 13:45:00,7389.5,7390.0,7386.25,7387.5,1168
2026-06-08 13:50:00,7387.5,7392.75,7387.0,7389.0,1575
2026-06-08 13:55:00,7389.0,7391.75,7387.5,7391.5,1235
2026-06-08 14:00:00,7391.75,7400.0,7389.75,7396.75,3166
2026-06-08 14:05:00,7396.75,7397.5,7393.0,7395.5,1095
2026-06-08 14:10:00,7396.0,7396.5,7393.5,7394.0,830
2026-06-08 14:15:00,7393.5,7396.0,7391.25,7395.25,1181
2026-06-08 14:20:00,7395.25,7399.75,7395.0,7399.75,1190
2026-06-08 14:25:00,7399.5,7409.75,7396.25,7407.25,3047
2026-06-08 14:30:00,7407.25,7409.75,7402.5,7402.5,2290
2026-06-08 14:35:00,7402.75,7403.0,7397.0,7399.0,1411
2026-06-08 14:40:00,7398.75,7402.0,7396.75,7401.25,1177
2026-06-08 14:45:00,7401.25,7401.25,7395.75,7396.25,1142
2026-06-08 14:50:00,7396.25,7401.75,7394.25,7401.75,1510
2026-06-08 14:55:00,7401.75,7402.75,7399.0,7402.5,1087
2026-06-08 15:00:00,7402.5,7407.0,7400.5,7404.0,3661
2026-06-08 15:05:00,7404.25,7407.75,7402.0,7407.25,1977
2026-06-08 15:10:00,7407.0,7412.5,7406.0,7410.0,2719
2026-06-08 15:15:00,7410.0,7415.25,7404.0,7412.75,3354
2026-06-08 15:20:00,7412.75,7422.5,7412.75,7421.75,3475
2026-06-08 15:25:00,7421.75,7423.5,7419.25,7420.75,3884
2026-06-08 15:30:00,7421.0,7423.75,7419.5,7420.75,2263
2026-06-08 15:35:00,7421.0,7423.0,7415.75,7421.75,2850
2026-06-08 15:40:00,7422.0,7423.25,7420.0,7422.5,1576
2026-06-08 15:45:00,7422.5,7429.0,7421.0,7427.75,2959
2026-06-08 15:50:00,7427.5,7428.5,7422.0,7422.5,2191
2026-06-08 15:55:00,7422.75,7425.0,7422.0,7423.25,2123
2026-06-08 16:00:00,7423.0,7423.75,7416.75,7420.75,4771
2026-06-08 16:05:00,7420.75,7423.5,7417.75,7422.25,2874
2026-06-08 16:10:00,7422.25,7422.75,7417.25,7418.0,2259
2026-06-08 16:15:00,7418.0,7421.0,7415.75,7420.25,2109
2026-06-08 16:20:00,7420.0,7420.25,7413.0,7416.25,2154
2026-06-08 16:25:00,7416.0,7418.5,7414.5,7417.25,1701
2026-06-08 16:30:00,7417.25,7421.25,7415.75,7420.5,2005
2026-06-08 16:35:00,7420.5,7420.5,7414.25,7414.5,1307
2026-06-08 16:40:00,7414.5,7415.5,7410.5,7414.5,2435
2026-06-08 16:45:00,7414.75,7415.75,7409.25,7415.5,2686
2026-06-08 16:50:00,7415.5,7417.25,7410.75,7412.25,3178
2026-06-08 16:55:00,7412.0,7415.0,7410.5,7413.75,1502
2026-06-08 17:00:00,7413.75,7417.25,7413.25,7416.25,1516
2026-06-08 17:05:00,7416.25,7416.5,7407.5,7408.0,1646
2026-06-08 17:10:00,7407.75,7415.75,7407.25,7415.75,1408
2026-06-08 17:15:00,7416.0,7418.0,7414.75,7416.5,1540
2026-06-08 17:20:00,7416.25,7420.25,7416.25,7417.75,1455
2026-06-08 17:25:00,7417.75,7419.0,7415.25,7416.5,890
2026-06-08 17:30:00,7416.75,7417.5,7414.25,7414.5,1159
2026-06-08 17:35:00,7414.25,7431.0,7412.0,7418.75,6257
2026-06-08 17:40:00,7418.75,7424.0,7417.5,7423.25,1628
2026-06-08 17:45:00,7423.25,7426.75,7422.25,7425.25,1843
2026-06-08 17:50:00,7425.25,7426.5,7422.5,7424.75,1799
2026-06-08 17:55:00,7425.0,7427.5,7424.5,7427.25,1146
2026-06-08 18:00:00,7427.5,7427.75,7416.0,7423.25,4270
2026-06-08 18:05:00,7423.5,7427.5,7423.0,7425.5,1311
2026-06-08 18:10:00,7425.25,7426.75,7424.0,7425.0,1118
2026-06-08 18:15:00,7425.0,7425.5,7418.5,7418.5,1335
2026-06-08 18:20:00,7418.5,7420.5,7414.0,7418.75,1596
2026-06-08 18:25:00,7418.75,7421.25,7417.25,7420.25,1253
2026-06-08 18:30:00,7420.25,7435.75,7419.25,7431.5,5501
2026-06-08 18:35:00,7431.25,7432.25,7427.0,7428.5,3741
2026-06-08 18:40:00,7428.5,7431.0,7427.25,7429.25,1273
2026-06-08 18:45:00,7429.25,7430.25,7426.25,7427.5,1301
2026-06-08 18:50:00,7427.5,7430.25,7424.75,7428.5,2145
2026-06-08 18:55:00,7428.5,7429.0,7425.0,7428.25,4175
2026-06-08 19:00:00,7428.25,7428.25,7422.75,7426.0,2490
2026-06-08 19:05:00,7426.25,7430.5,7424.5,7430.5,1872
2026-06-08 19:10:00,7430.5,7448.75,7430.25,7448.25,10824
2026-06-08 19:15:00,7448.25,7452.25,7442.25,7449.0,9875
2026-06-08 19:20:00,7448.75,7454.25,7445.75,7446.5,6631
2026-06-08 19:25:00,7447.0,7452.5,7446.25,7452.0,3254
2026-06-08 19:30:00,7452.25,7456.75,7452.0,7454.5,4798
2026-06-08 19:35:00,7454.75,7457.0,7453.25,7456.0,2744
2026-06-08 19:40:00,7456.0,7457.75,7450.5,7451.75,4066
2026-06-08 19:45:00,7451.5,7453.0,7445.0,7448.25,3363
2026-06-08 19:50:00,7448.25,7449.75,7446.0,7446.5,1999
2026-06-08 19:55:00,7446.25,7449.0,7445.0,7447.0,2129
2026-06-08 20:00:00,7447.0,7451.75,7446.0,7449.75,4376
2026-06-08 20:05:00,7450.0,7456.5,7447.5,7456.25,5086
2026-06-08 20:10:00,7456.25,7456.75,7451.0,7453.75,3051
2026-06-08 20:15:00,7453.75,7455.0,7451.75,7454.25,2017
2026-06-08 20:20:00,7453.75,7458.75,7453.0,7457.25,3334
2026-06-08 20:25:00,7457.5,7458.5,7456.5,7458.25,2929
2026-06-08 20:30:00,7458.0,7463.5,7458.0,7460.5,4442
2026-06-08 20:35:00,7460.5,7463.75,7458.5,7460.0,3992
2026-06-08 20:40:00,7460.0,7467.75,7459.0,7463.5,5840
2026-06-08 20:45:00,7463.0,7463.5,7459.5,7462.25,2928
2026-06-08 20:50:00,7462.25,7462.5,7456.5,7460.25,4918
2026-06-08 20:55:00,7460.5,7461.5,7458.5,7459.25,2595
2026-06-08 21:00:00,7459.25,7464.5,7459.25,7462.25,5097
2026-06-08 21:05:00,7462.5,7465.0,7460.0,7464.0,3885
2026-06-08 21:10:00,7464.0,7464.5,7461.0,7462.5,3779
2026-06-08 21:15:00,7462.75,7464.0,7460.25,7463.75,3609
2026-06-08 21:20:00,7463.75,7471.75,7463.5,7466.25,6749
2026-06-08 21:25:00,7466.25,7467.5,7456.5,7457.25,10972
2026-06-08 21:30:00,7457.5,7469.25,7445.0,7445.5,48330
2026-06-08 21:35:00,7445.5,7450.25,7439.0,7439.25,33657
2026-06-08 21:40:00,7439.25,7454.0,7438.0,7450.5,32116
2026-06-08 21:45:00,7450.5,7458.5,7444.0,7448.75,28705
2026-06-08 21:50:00,7448.75,7460.5,7442.25,7455.25,23359
2026-06-08 21:55:00,7455.25,7456.75,7431.0,7431.5,27568
2026-06-08 22:00:00,7431.25,7446.75,7429.0,7435.0,30006
2026-06-08 22:05:00,7434.75,7448.5,7433.5,7446.25,21176
2026-06-08 22:10:00,7446.5,7448.0,7437.25,7439.5,19301
2026-06-08 22:15:00,7439.25,7441.25,7431.5,7438.75,17943
2026-06-08 22:20:00,7438.75,7446.75,7434.75,7444.5,16900
2026-06-08 22:25:00,7444.5,7453.25,7442.25,7448.0,20379
2026-06-08 22:30:00,7447.75,7452.75,7445.5,7451.75,15529
2026-06-08 22:35:00,7451.75,7459.75,7450.0,7455.5,22005
2026-06-08 22:40:00,7455.25,7458.0,7442.0,7448.25,19769
2026-06-08 22:45:00,7448.25,7466.0,7448.25,7458.75,23185
2026-06-08 22:50:00,7458.75,7466.5,7455.75,7464.0,14796
2026-06-08 22:55:00,7464.0,7473.5,7459.25,7473.25,14365
2026-06-08 23:00:00,7473.0,7476.5,7469.0,7469.5,16867
2026-06-08 23:05:00,7469.25,7476.75,7468.5,7474.25,14083
2026-06-08 23:10:00,7474.5,7475.25,7469.75,7470.5,10249
2026-06-08 23:15:00,7470.75,7475.5,7467.0,7471.25,18339
2026-06-08 23:20:00,7471.5,7474.25,7464.25,7472.25,14479
2026-06-08 23:25:00,7472.25,7472.25,7453.75,7455.25,18606
2026-06-08 23:30:00,7455.25,7456.5,7440.75,7444.0,27032
2026-06-08 23:35:00,7443.75,7458.75,7441.25,7457.5,17896
2026-06-08 23:40:00,7457.25,7461.5,7454.0,7459.5,14487
2026-06-08 23:45:00,7459.5,7466.0,7455.25,7456.25,15128
2026-06-08 23:50:00,7456.0,7464.25,7456.0,7457.75,11412
2026-06-08 23:55:00,7457.75,7457.75,7447.0,7450.0,13604
2026-06-09 00:00:00,7450.0,7455.0,7444.25,7451.0,13298
2026-06-09 00:05:00,7450.75,7454.5,7447.0,7448.75,9860
2026-06-09 00:10:00,7448.75,7455.0,7445.75,7453.0,9061
2026-06-09 00:15:00,7453.25,7459.75,7452.5,7459.5,8858
2026-06-09 00:20:00,7459.5,7462.25,7450.75,7452.5,12249
2026-06-09 00:25:00,7452.75,7457.0,7443.25,7443.75,10401
2026-06-09 00:30:00,7444.0,7448.5,7441.25,7442.0,11369
2026-06-09 00:35:00,7441.75,7446.75,7437.25,7440.0,12520
2026-06-09 00:40:00,7439.75,7445.75,7438.25,7443.25,9577
2026-06-09 00:45:00,7443.25,7452.0,7442.25,7447.0,8969
2026-06-09 00:50:00,7447.25,7449.5,7444.5,7446.25,8409
2026-06-09 00:55:00,7446.25,7447.25,7441.0,7441.5,7560
2026-06-09 01:00:00,7441.5,7442.0,7425.5,7429.75,17384
2026-06-09 01:05:00,7429.75,7437.25,7428.0,7430.75,13557
2026-06-09 01:10:00,7430.75,7432.25,7423.0,7431.5,14266
2026-06-09 01:15:00,7431.5,7434.25,7423.0,7425.75,12568
2026-06-09 01:20:00,7425.75,7431.0,7423.5,7427.0,12443
2026-06-09 01:25:00,7427.0,7443.0,7425.75,7442.5,14802
2026-06-09 01:30:00,7442.5,7446.5,7432.25,7438.0,16737
2026-06-09 01:35:00,7438.25,7439.5,7427.75,7434.25,12568
2026-06-09 01:40:00,7434.0,7435.75,7426.0,7426.25,11850
2026-06-09 01:45:00,7426.25,7436.25,7425.75,7436.25,10942
2026-06-09 01:50:00,7436.5,7439.75,7432.0,7437.25,8257
2026-06-09 01:55:00,7437.5,7438.25,7431.25,7433.75,7754
2026-06-09 02:00:00,7433.75,7441.75,7433.5,7438.5,11336
2026-06-09 02:05:00,7438.5,7445.5,7438.25,7441.5,9499
2026-06-09 02:10:00,7441.5,7443.5,7432.75,7435.25,10717
2026-06-09 02:15:00,7435.0,7440.5,7434.75,7438.25,7196
2026-06-09 02:20:00,7438.5,7441.75,7435.0,7440.0,7600
2026-06-09 02:25:00,7440.0,7443.25,7438.0,7441.75,6449
2026-06-09 02:30:00,7442.0,7447.0,7440.0,7440.25,9418
2026-06-09 02:35:00,7440.25,7443.5,7431.0,7432.0,9572
2026-06-09 02:40:00,7432.0,7436.0,7430.0,7431.5,9842
2026-06-09 02:45:00,7431.5,7438.0,7431.5,7432.25,8164
2026-06-09 02:50:00,7432.5,7436.5,7431.25,7435.25,6483
2026-06-09 02:55:00,7435.25,7437.75,7431.0,7432.0,7808
2026-06-09 03:00:00,7432.0,7434.25,7427.5,7432.0,9954
2026-06-09 03:05:00,7432.0,7434.25,7424.0,7424.0,8847
2026-06-09 03:10:00,7424.25,7424.5,7414.75,7414.75,18184
2026-06-09 03:15:00,7414.75,7418.5,7411.5,7414.75,17573
2026-06-09 03:20:00,7414.5,7419.5,7406.0,7407.5,16145
2026-06-09 03:25:00,7407.5,7415.0,7403.75,7414.5,16448
2026-06-09 03:30:00,7414.5,7424.25,7413.5,7417.25,19226
2026-06-09 03:35:00,7417.25,7421.25,7413.0,7416.0,15365
2026-06-09 03:40:00,7416.0,7419.75,7411.25,7415.75,16422
2026-06-09 03:45:00,7415.75,7421.5,7413.75,7415.5,14276
2026-06-09 03:50:00,7415.75,7422.5,7410.5,7414.75,27335
2026-06-09 03:55:00,7414.75,7418.25,7412.0,7415.75,74812
2026-06-09 04:00:00,7415.75,7418.75,7411.25,7417.5,20084
2026-06-09 04:05:00,7417.75,7419.0,7413.5,7416.0,6305
2026-06-09 04:10:00,7416.25,7417.75,7412.5,7413.25,5463
2026-06-09 04:15:00,7413.5,7414.75,7410.0,7411.0,2975
2026-06-09 04:20:00,7411.0,7412.0,7407.5,7411.75,2640
2026-06-09 04:25:00,7411.75,7413.25,7408.0,7413.0,2886
2026-06-09 04:30:00,7412.75,7413.75,7411.0,7412.5,946
2026-06-09 04:35:00,7412.5,7413.25,7410.75,7412.0,1161
2026-06-09 04:40:00,7412.0,7413.0,7410.75,7412.0,876
2026-06-09 04:45:00,7412.0,7412.25,7409.5,7411.75,1108
2026-06-09 04:50:00,7411.5,7413.75,7410.5,7412.25,1578
2026-06-09 04:55:00,7412.0,7412.5,7411.0,7412.25,1464
2026-06-09 06:00:00,7412.75,7416.75,7405.5,7405.75,0
2026-06-09 06:05:00,7406.0,7408.25,7398.25,7401.75,2311
2026-06-09 06:10:00,7401.75,7402.75,7395.5,7397.5,1875
2026-06-09 06:15:00,7397.75,7398.25,7390.75,7395.25,1663
2026-06-09 06:25:00,7416.0,7416.0,7395.0,7395.75,2423
2026-06-09 06:30:00,7396.25,7402.5,7396.25,7401.0,901
2026-06-09 06:35:00,7400.75,7404.0,7400.75,7402.75,769
2026-06-09 06:40:00,7403.0,7404.75,7402.25,7403.5,483
2026-06-09 06:45:00,7403.5,7406.5,7401.75,7405.75,778
2026-06-09 06:50:00,7405.75,7407.25,7404.75,7407.25,481
2026-06-09 06:55:00,7407.25,7412.75,7407.25,7411.75,1181
2026-06-09 07:00:00,7411.75,7411.75,7408.75,7410.0,381
2026-06-09 07:05:00,7410.25,7411.5,7408.75,7410.75,339
2026-06-09 07:10:00,7410.75,7416.5,7410.25,7415.75,1284
2026-06-09 07:15:00,7416.0,7416.25,7411.25,7412.25,646
2026-06-09 07:20:00,7412.0,7414.75,7411.5,7413.75,595
2026-06-09 07:25:00,7413.5,7414.25,7411.5,7412.25,402
2026-06-09 07:30:00,7412.0,7414.5,7410.25,7413.0,694
2026-06-09 07:35:00,7413.25,7418.0,7413.25,7418.0,861
2026-06-09 07:40:00,7418.0,7419.25,7413.0,7413.0,675
2026-06-09 07:45:00,7413.25,7413.25,7407.25,7409.0,1513
2026-06-09 07:50:00,7408.75,7409.75,7404.25,7405.75,1331
2026-06-09 07:55:00,7405.75,7411.0,7403.25,7410.5,988
2026-06-09 08:00:00,7410.0,7411.75,7399.5,7401.0,2224
2026-06-09 08:05:00,7400.75,7403.25,7394.25,7395.5,3220
2026-06-09 08:10:00,7395.75,7402.25,7395.5,7397.25,1803
2026-06-09 08:15:00,7397.5,7401.25,7395.0,7396.25,1449
2026-06-09 08:20:00,7396.0,7398.0,7393.75,7396.0,1553
2026-06-09 08:25:00,7395.75,7400.25,7394.5,7399.5,1395
2026-06-09 08:30:00,7399.5,7401.0,7391.0,7394.25,2313
2026-06-09 08:35:00,7394.25,7396.25,7391.0,7392.5,1167
2026-06-09 08:40:00,7392.25,7397.25,7392.0,7397.0,1096
2026-06-09 08:45:00,7397.0,7398.0,7392.5,7395.25,1068
2026-06-09 08:50:00,7395.25,7397.25,7390.25,7392.5,1187
2026-06-09 08:55:00,7392.25,7396.5,7390.25,7395.25,1088
2026-06-09 09:00:00,7395.5,7399.75,7395.0,7395.0,1139
2026-06-09 09:05:00,7394.5,7399.75,7393.25,7395.75,985
2026-06-09 09:10:00,7396.0,7402.0,7395.0,7400.0,1004
2026-06-09 09:15:00,7400.25,7403.75,7398.5,7402.5,1101
2026-06-09 09:20:00,7402.5,7417.75,7402.25,7413.75,2862
2026-06-09 09:25:00,7413.75,7417.25,7412.0,7413.75,1254
2026-06-09 09:30:00,7413.75,7416.0,7412.0,7414.75,1097
2026-06-09 09:35:00,7414.75,7419.0,7413.0,7418.5,1150
2026-06-09 09:40:00,7418.5,7422.25,7416.5,7420.0,1729
2026-06-09 09:45:00,7420.0,7428.0,7420.0,7425.0,1849
2026-06-09 09:50:00,7424.75,7426.5,7421.75,7422.5,1078
2026-06-09 09:55:00,7422.5,7422.75,7418.5,7419.75,1188
2026-06-09 10:00:00,7419.75,7423.25,7419.75,7421.75,849
2026-06-09 10:05:00,7421.5,7424.0,7419.0,7423.75,924
2026-06-09 10:10:00,7423.75,7424.75,7421.0,7422.0,497
2026-06-09 10:15:00,7422.0,7422.5,7419.0,7419.75,723
2026-06-09 10:20:00,7419.5,7421.0,7418.0,7419.0,549
2026-06-09 10:25:00,7418.75,7420.25,7415.5,7420.0,1040
2026-06-09 10:30:00,7420.25,7423.5,7419.75,7421.25,790
2026-06-09 10:35:00,7421.0,7421.0,7417.0,7420.0,924
2026-06-09 10:40:00,7420.0,7422.5,7419.75,7422.5,497
2026-06-09 10:45:00,7423.0,7425.25,7422.5,7422.5,677
2026-06-09 10:50:00,7422.25,7423.25,7419.75,7421.75,436
2026-06-09 10:55:00,7421.5,7424.0,7421.25,7423.5,327
2026-06-09 11:00:00,7423.25,7424.0,7422.0,7422.75,695
2026-06-09 11:05:00,7423.0,7426.0,7421.25,7424.25,1119
2026-06-09 11:10:00,7424.25,7427.0,7423.5,7426.25,637
2026-06-09 11:15:00,7426.0,7429.0,7426.0,7426.5,814
2026-06-09 11:20:00,7426.5,7427.75,7422.25,7423.25,779
2026-06-09 11:25:00,7423.5,7426.0,7423.25,7425.25,469
2026-06-09 11:30:00,7425.25,7428.5,7424.5,7428.0,1003
2026-06-09 11:35:00,7428.0,7430.25,7427.75,7429.75,648
2026-06-09 11:40:00,7429.75,7433.0,7429.0,7432.0,1097
2026-06-09 11:45:00,7431.75,7433.0,7429.75,7430.0,591
2026-06-09 11:50:00,7429.75,7430.5,7428.75,7429.75,503
2026-06-09 11:55:00,7429.75,7430.75,7428.75,7429.75,294
2026-06-09 12:05:00,7431.25,7433.0,7431.25,7432.75,1091
2026-06-09 12:10:00,7432.75,7433.75,7431.5,7431.5,698
2026-06-09 12:15:00,7431.5,7435.25,7430.75,7434.75,532
2026-06-09 12:20:00,7434.5,7434.75,7432.75,7433.75,339
2026-06-09 12:25:00,7433.75,7435.25,7431.75,7433.5,409
2026-06-09 12:30:00,7433.5,7435.5,7431.75,7435.0,583
2026-06-09 12:35:00,7435.5,7437.25,7434.75,7437.0,789
2026-06-09 12:40:00,7437.0,7437.25,7434.75,7435.5,461
2026-06-09 12:45:00,7435.25,7436.75,7434.5,7436.25,319
2026-06-09 12:50:00,7436.25,7436.25,7433.75,7435.0,307
2026-06-09 12:55:00,7435.25,7435.75,7433.25,7434.0,448
2026-06-09 13:00:00,7434.25,7437.25,7433.0,7437.0,590
2026-06-09 13:05:00,7436.75,7437.5,7433.25,7433.5,539
2026-06-09 13:10:00,7433.5,7435.75,7433.25,7434.0,327
2026-06-09 13:15:00,7434.0,7435.0,7433.25,7434.0,358
2026-06-09 13:20:00,7433.75,7435.5,7432.25,7435.5,370
2026-06-09 13:25:00,7435.25,7436.5,7432.25,7432.5,551
2026-06-09 13:30:00,7432.5,7440.0,7432.5,7439.0,1528
2026-06-09 13:35:00,7439.25,7439.5,7435.25,7437.0,782
2026-06-09 13:40:00,7437.0,7440.0,7435.75,7436.75,608
2026-06-09 13:45:00,7436.5,7440.75,7436.5,7440.5,657
2026-06-09 13:50:00,7440.25,7440.25,7436.5,7436.75,456
2026-06-09 13:55:00,7436.75,7437.5,7434.5,7436.5,548
2026-06-09 14:00:00,7436.75,7438.25,7435.0,7436.75,1005
2026-06-09 14:05:00,7436.5,7438.5,7436.5,7437.5,956
2026-06-09 14:10:00,7437.25,7439.0,7436.75,7438.75,649
2026-06-09 14:15:00,7438.5,7441.75,7438.25,7439.5,1108
2026-06-09 14:20:00,7439.5,7442.0,7439.0,7440.75,402
2026-06-09 14:25:00,7440.25,7441.25,7435.75,7436.5,759
2026-06-09 14:30:00,7436.5,7437.0,7433.5,7435.5,1041
2026-06-09 14:35:00,7435.5,7436.75,7434.5,7436.25,567
2026-06-09 14:40:00,7436.25,7437.75,7434.75,7436.25,644
2026-06-09 14:45:00,7436.25,7437.5,7435.0,7435.5,477
2026-06-09 14:50:00,7435.25,7435.5,7430.0,7431.0,856
2026-06-09 14:55:00,7431.25,7433.5,7430.75,7433.5,657
2026-06-09 15:00:00,7433.25,7443.75,7431.5,7443.5,2574
2026-06-09 15:05:00,7443.75,7446.75,7442.5,7445.0,1974
2026-06-09 15:10:00,7444.75,7446.25,7438.0,7438.25,1409
2026-06-09 15:15:00,7438.25,7439.75,7436.0,7437.5,1168
2026-06-09 15:20:00,7437.5,7440.5,7435.5,7435.5,1090
2026-06-09 15:25:00,7436.0,7436.25,7430.75,7433.5,2078
2026-06-09 15:30:00,7433.5,7436.5,7433.25,7434.0,1128
2026-06-09 15:35:00,7434.0,7434.5,7431.0,7433.5,1221
2026-06-09 15:40:00,7433.5,7436.25,7431.5,7436.25,1022
2026-06-09 15:45:00,7436.25,7439.0,7435.75,7436.75,787
2026-06-09 15:50:00,7436.75,7437.75,7431.75,7433.0,1188
2026-06-09 15:55:00,7433.0,7433.25,7430.75,7432.5,659
2026-06-09 16:00:00,7432.75,7436.75,7428.0,7433.5,1907
2026-06-09 16:05:00,7433.5,7438.75,7430.25,7438.0,1326
2026-06-09 16:10:00,7437.75,7445.5,7437.0,7444.0,2825
2026-06-09 16:15:00,7444.0,7445.5,7442.0,7442.25,2225
2026-06-09 16:20:00,7442.25,7443.5,7439.75,7441.75,1498
2026-06-09 16:25:00,7442.0,7444.75,7440.75,7443.25,864
2026-06-09 16:30:00,7443.25,7446.0,7443.0,7443.5,1168
2026-06-09 16:35:00,7443.75,7448.5,7441.0,7447.5,2114
2026-06-09 16:40:00,7447.5,7449.0,7445.25,7447.5,1229
2026-06-09 16:45:00,7447.75,7449.0,7446.0,7446.25,755
2026-06-09 16:50:00,7446.25,7446.25,7441.0,7442.0,1341
2026-06-09 16:55:00,7442.0,7442.75,7440.5,7442.0,614
2026-06-09 17:00:00,7442.0,7446.5,7441.25,7444.75,870
2026-06-09 17:05:00,7444.75,7446.5,7443.25,7446.5,978
2026-06-09 17:10:00,7446.5,7448.25,7446.25,7447.75,828
2026-06-09 17:15:00,7448.0,7448.75,7446.5,7448.0,724
2026-06-09 17:20:00,7447.75,7448.25,7446.25,7447.25,648
2026-06-09 17:25:00,7447.25,7450.75,7446.25,7449.25,1134
2026-06-09 17:30:00,7449.5,7449.5,7444.5,7444.5,1655
2026-06-09 17:35:00,7444.5,7449.5,7444.5,7448.5,497
2026-06-09 17:40:00,7448.5,7449.75,7447.5,7448.5,374
2026-06-09 17:45:00,7448.5,7450.0,7448.0,7448.75,402
2026-06-09 17:50:00,7449.25,7451.0,7449.0,7450.0,938
2026-06-09 17:55:00,7450.25,7450.75,7448.5,7448.75,827
2026-06-09 18:00:00,7448.75,7451.5,7448.5,7450.75,990
2026-06-09 18:05:00,7451.0,7451.75,7434.5,7441.5,7084
2026-06-09 18:10:00,7441.5,7450.25,7441.25,7449.25,2467
2026-06-09 18:15:00,7449.0,7449.25,7445.0,7445.25,866
2026-06-09 18:20:00,7445.25,7447.0,7445.0,7446.25,537
2026-06-09 18:25:00,7446.25,7449.75,7446.0,7449.0,537
2026-06-09 18:30:00,7449.25,7449.75,7446.5,7446.75,482
2026-06-09 18:35:00,7446.75,7447.5,7445.75,7446.0,450
2026-06-09 18:40:00,7446.0,7447.5,7445.25,7447.0,713
2026-06-09 18:45:00,7446.5,7448.0,7445.75,7447.5,798
2026-06-09 18:50:00,7447.5,7456.0,7447.5,7451.25,2995
2026-06-09 18:55:00,7451.0,7452.5,7450.0,7451.25,1804
2026-06-09 19:00:00,7451.5,7454.75,7450.0,7450.25,1763
2026-06-09 19:05:00,7450.25,7453.75,7449.25,7452.5,1165
2026-06-09 19:10:00,7452.5,7452.5,7448.75,7450.5,1055
2026-06-09 19:15:00,7450.5,7450.75,7447.0,7449.5,1145
2026-06-09 19:20:00,7449.25,7449.5,7444.75,7445.25,1134
2026-06-09 19:25:00,7445.0,7448.0,7444.75,7446.75,853
2026-06-09 19:30:00,7446.75,7449.75,7446.0,7448.75,1182
2026-06-09 19:35:00,7448.75,7449.25,7445.0,7446.5,1118
2026-06-09 19:40:00,7446.25,7451.5,7446.25,7448.5,2101
2026-06-09 19:45:00,7448.5,7450.5,7445.5,7446.0,1443
2026-06-09 19:50:00,7445.75,7448.0,7444.75,7445.0,1407
2026-06-09 19:55:00,7444.75,7445.0,7443.0,7443.5,1517
2026-06-09 20:00:00,7443.5,7447.5,7442.5,7446.0,1611
2026-06-09 20:05:00,7446.0,7448.0,7443.75,7447.25,1561
2026-06-09 20:10:00,7447.0,7447.25,7442.75,7443.25,2501
2026-06-09 20:15:00,7443.25,7444.75,7442.0,7444.0,1366
2026-06-09 20:20:00,7444.0,7445.25,7441.5,7442.5,2246
2026-06-09 20:25:00,7442.5,7445.5,7441.5,7443.5,2400
2026-06-09 20:30:00,7443.75,7453.5,7443.75,7453.0,3975
2026-06-09 20:35:00,7452.75,7455.75,7450.75,7451.25,3397
2026-06-09 20:40:00,7451.25,7452.25,7448.5,7449.75,2561
2026-06-09 20:45:00,7449.5,7449.5,7446.25,7448.25,2014
2026-06-09 20:50:00,7448.0,7449.25,7447.0,7447.75,1528
2026-06-09 20:55:00,7447.75,7456.75,7447.75,7456.25,3108
2026-06-09 21:00:00,7456.25,7458.0,7452.0,7453.75,6925
2026-06-09 21:05:00,7453.75,7459.75,7453.5,7457.25,4551
2026-06-09 21:10:00,7457.25,7457.25,7451.0,7451.75,2820
2026-06-09 21:15:00,7451.75,7452.25,7449.0,7450.75,3097
2026-06-09 21:20:00,7450.75,7453.25,7450.5,7451.75,2718
2026-06-09 21:25:00,7451.75,7459.5,7451.75,7458.5,7150
2026-06-09 21:30:00,7458.75,7463.75,7454.5,7458.25,32686
2026-06-09 21:35:00,7458.5,7470.75,7456.75,7466.0,27371
2026-06-09 21:40:00,7466.0,7475.25,7463.25,7475.25,24696
2026-06-09 21:45:00,7475.25,7491.0,7474.25,7489.25,35006
2026-06-09 21:50:00,7489.5,7490.0,7473.0,7473.5,34221
2026-06-09 21:55:00,7473.5,7476.75,7464.0,7465.5,27912
2026-06-09 22:00:00,7465.25,7472.25,7459.5,7463.0,31308
2026-06-09 22:05:00,7462.75,7469.25,7460.5,7461.25,24617
2026-06-09 22:10:00,7461.25,7461.75,7436.0,7437.25,40426
2026-06-09 22:15:00,7437.0,7441.0,7415.5,7422.5,50132
2026-06-09 22:20:00,7422.75,7441.75,7415.25,7441.0,43371
2026-06-09 22:25:00,7440.75,7443.25,7429.5,7433.5,28315
2026-06-09 22:30:00,7433.25,7439.0,7424.75,7433.75,25741
2026-06-09 22:35:00,7433.5,7437.0,7426.25,7430.75,21380
2026-06-09 22:40:00,7430.75,7434.0,7405.5,7407.75,28837
2026-06-09 22:45:00,7407.75,7410.5,7371.75,7374.25,54660
2026-06-09 22:50:00,7374.25,7387.5,7367.5,7387.0,43143
2026-06-09 22:55:00,7387.25,7399.5,7379.75,7399.0,28198
2026-06-09 23:00:00,7399.0,7402.75,7390.75,7391.5,25129
2026-06-09 23:05:00,7391.25,7401.5,7384.25,7400.75,21051
2026-06-09 23:10:00,7400.75,7405.75,7390.0,7396.5,19606
2026-06-09 23:15:00,7396.75,7398.75,7383.25,7383.75,17301
2026-06-09 23:20:00,7383.75,7388.5,7362.5,7362.5,26289
2026-06-09 23:25:00,7362.75,7363.25,7328.5,7331.5,46470
2026-06-09 23:30:00,7331.75,7339.5,7326.0,7334.0,46717
2026-06-09 23:35:00,7334.0,7339.25,7327.25,7336.25,36984
2026-06-09 23:40:00,7336.0,7346.25,7333.75,7339.5,27257
2026-06-09 23:45:00,7339.75,7343.5,7337.25,7341.25,19972
2026-06-09 23:50:00,7341.0,7349.0,7332.0,7332.75,27464
2026-06-09 23:55:00,7332.75,7334.25,7311.0,7312.25,39721
2026-06-10 00:00:00,7312.25,7327.25,7311.0,7317.75,32254
2026-06-10 00:05:00,7317.5,7319.0,7299.25,7304.5,38003
2026-06-10 00:10:00,7304.5,7315.0,7299.5,7307.0,30795
2026-06-10 00:15:00,7307.0,7307.25,7278.75,7281.0,47962
2026-06-10 00:20:00,7280.75,7297.0,7274.75,7296.25,41855
2026-06-10 00:25:00,7296.0,7303.0,7290.25,7295.0,27368
2026-06-10 00:30:00,7295.0,7307.5,7285.0,7294.25,34282
2026-06-10 00:35:00,7294.25,7305.5,7250.5,7255.0,53665
2026-06-10 00:40:00,7255.25,7270.5,7247.25,7268.0,46712
2026-06-10 00:45:00,7268.0,7279.25,7262.5,7270.0,28032
2026-06-10 00:50:00,7269.75,7276.0,7257.75,7258.25,24421
2026-06-10 00:55:00,7258.0,7288.25,7257.0,7287.5,21984
2026-06-10 01:00:00,7287.25,7308.25,7285.25,7305.25,26905
2026-06-10 01:05:00,7305.25,7310.0,7296.75,7304.0,19009
2026-06-10 01:10:00,7303.75,7312.0,7292.75,7307.25,17378
2026-06-10 01:15:00,7307.0,7321.75,7300.5,7320.5,19363
2026-06-10 01:20:00,7320.5,7334.5,7316.75,7326.0,24647
2026-06-10 01:25:00,7326.0,7333.75,7320.25,7329.0,13518
2026-06-10 01:30:00,7328.75,7338.75,7323.5,7338.75,14649
2026-06-10 01:35:00,7338.5,7347.25,7331.75,7342.5,17230
2026-06-10 01:40:00,7342.5,7361.5,7340.5,7351.0,21653
2026-06-10 01:45:00,7351.25,7353.75,7331.0,7333.5,27810
2026-06-10 01:50:00,7333.5,7353.25,7333.5,7346.5,18128
2026-06-10 01:55:00,7346.5,7353.0,7345.5,7347.5,10424
2026-06-10 02:00:00,7347.75,7354.75,7342.5,7347.25,12693
2026-06-10 02:05:00,7347.25,7359.5,7345.0,7357.5,12903
2026-06-10 02:10:00,7357.5,7357.75,7346.75,7354.25,11633
2026-06-10 02:15:00,7354.0,7367.0,7347.25,7366.25,13557
2026-06-10 02:20:00,7366.0,7373.5,7358.5,7372.5,15318
2026-06-10 02:25:00,7372.5,7373.5,7361.0,7373.0,11073
2026-06-10 02:30:00,7373.25,7384.0,7370.25,7379.0,17559
2026-06-10 02:35:00,7378.75,7384.75,7375.75,7381.75,10778
2026-06-10 02:40:00,7381.5,7382.0,7364.75,7366.0,17158
2026-06-10 02:45:00,7366.25,7377.5,7365.25,7377.25,16052
2026-06-10 02:50:00,7377.5,7384.0,7373.0,7378.5,12720
2026-06-10 02:55:00,7378.75,7393.5,7378.0,7389.5,15418
2026-06-10 03:00:00,7389.25,7396.25,7383.0,7395.0,16920
2026-06-10 03:05:00,7394.75,7398.75,7385.75,7386.75,13671
2026-06-10 03:10:00,7386.5,7386.75,7373.25,7374.75,15913
2026-06-10 03:15:00,7375.0,7376.25,7356.5,7358.5,24486
2026-06-10 03:20:00,7358.5,7365.25,7353.75,7361.5,19939
2026-06-10 03:25:00,7361.25,7370.5,7356.75,7367.75,14273
2026-06-10 03:30:00,7367.5,7372.0,7362.25,7367.25,15267
2026-06-10 03:35:00,7367.5,7368.75,7357.25,7357.5,15874
2026-06-10 03:40:00,7357.75,7360.75,7347.75,7356.25,22071
2026-06-10 03:45:00,7356.0,7360.0,7347.25,7352.5,16864
2026-06-10 03:50:00,7352.5,7384.75,7352.5,7383.75,43175
2026-06-10 03:55:00,7383.5,7395.5,7382.5,7391.75,104618
2026-06-10 04:00:00,7391.75,7399.0,7384.0,7399.0,36596
2026-06-10 04:05:00,7398.75,7399.0,7385.25,7387.5,9453
2026-06-10 04:10:00,7387.5,7389.5,7383.5,7385.5,6079
2026-06-10 04:15:00,7385.5,7390.25,7383.25,7383.25,3667
2026-06-10 04:20:00,7383.25,7387.25,7382.5,7386.25,2196
2026-06-10 04:25:00,7386.0,7391.5,7385.75,7389.75,2090
2026-06-10 04:30:00,7389.5,7389.75,7386.25,7389.0,1366
2026-06-10 04:35:00,7389.0,7391.25,7388.0,7390.0,1763
2026-06-10 04:40:00,7390.0,7393.75,7390.0,7391.0,1821
2026-06-10 04:45:00,7391.25,7392.75,7388.25,7391.0,1604
2026-06-10 04:50:00,7391.0,7391.25,7386.0,7386.5,1633
2026-06-10 04:55:00,7386.75,7390.0,7385.75,7390.0,1702
2026-06-10 06:00:00,7380.0,7386.0,7374.25,7379.0,0
2026-06-10 06:05:00,7378.5,7384.0,7376.25,7381.75,1760
2026-06-10 06:10:00,7382.0,7383.5,7379.0,7382.0,1010
2026-06-10 06:15:00,7382.0,7387.75,7378.75,7382.75,1520
2026-06-10 06:20:00,7382.5,7383.0,7379.25,7379.75,412
2026-06-10 06:25:00,7379.75,7380.5,7376.0,7378.25,937
2026-06-10 06:30:00,7378.25,7378.5,7372.0,7372.5,1375
2026-06-10 06:35:00,7372.5,7373.25,7366.75,7371.5,1320
2026-06-10 06:40:00,7371.5,7373.25,7367.25,7370.75,1212
2026-06-10 06:45:00,7370.75,7372.0,7364.25,7367.0,1514
2026-06-10 06:50:00,7367.25,7368.75,7363.5,7367.5,733
2026-06-10 06:55:00,7367.75,7371.75,7366.5,7370.25,662
2026-06-10 07:00:00,7370.5,7376.75,7368.75,7375.25,1270
2026-06-10 07:05:00,7375.5,7379.5,7374.25,7375.5,1144
2026-06-10 07:10:00,7376.0,7376.25,7369.75,7370.25,982
2026-06-10 07:15:00,7370.5,7372.25,7367.25,7369.0,1017
2026-06-10 07:20:00,7369.0,7370.75,7366.75,7368.25,572
2026-06-10 07:25:00,7368.5,7369.25,7366.5,7367.5,551
2026-06-10 07:30:00,7367.25,7370.25,7365.0,7369.0,769
2026-06-10 07:35:00,7369.25,7371.0,7365.0,7369.0,719
2026-06-10 07:40:00,7369.25,7370.75,7367.0,7370.0,409
2026-06-10 07:45:00,7369.75,7373.25,7368.5,7372.5,887
2026-06-10 07:50:00,7372.25,7376.75,7370.5,7376.5,809
2026-06-10 07:55:00,7376.5,7380.0,7373.25,7378.75,1055
2026-06-10 08:00:00,7378.75,7389.0,7378.25,7387.75,2354
2026-06-10 08:05:00,7387.5,7393.0,7383.75,7389.25,3008
2026-06-10 08:10:00,7389.25,7389.5,7380.0,7384.75,2045
2026-06-10 08:15:00,7384.25,7386.25,7377.0,7382.0,1511
2026-06-10 08:20:00,7382.0,7383.25,7378.25,7381.5,914
2026-06-10 08:25:00,7381.5,7385.0,7377.5,7383.25,1021
2026-06-10 08:30:00,7383.25,7384.0,7371.0,7371.5,1708
2026-06-10 08:35:00,7371.5,7377.25,7367.75,7373.0,1981
2026-06-10 08:40:00,7372.25,7373.0,7364.0,7368.25,1590
2026-06-10 08:45:00,7368.0,7376.5,7367.0,7376.25,1351
2026-06-10 08:50:00,7376.5,7381.0,7370.0,7379.5,1520
2026-06-10 08:55:00,7379.5,7384.75,7375.0,7381.5,2077
2026-06-10 09:00:00,7381.75,7385.5,7378.25,7384.75,1579
2026-06-10 09:05:00,7385.0,7385.0,7379.75,7380.5,865
2026-06-10 09:10:00,7380.75,7388.25,7378.75,7384.5,1173
2026-06-10 09:15:00,7384.0,7390.0,7382.5,7388.25,1156
2026-06-10 09:20:00,7388.25,7388.25,7382.25,7383.0,938
2026-06-10 09:25:00,7383.25,7386.25,7380.75,7383.25,1093
2026-06-10 09:30:00,7383.25,7388.25,7377.25,7387.75,1603
2026-06-10 09:35:00,7387.5,7389.0,7382.0,7385.5,761
2026-06-10 09:40:00,7385.75,7386.25,7379.25,7379.5,818
2026-06-10 09:45:00,7379.5,7385.75,7378.0,7384.5,777
2026-06-10 09:50:00,7384.5,7385.5,7376.5,7380.25,1241
2026-06-10 09:55:00,7379.75,7384.25,7379.0,7380.0,734
2026-06-10 10:00:00,7380.25,7381.25,7374.75,7375.75,834
2026-06-10 10:05:00,7375.5,7376.25,7371.75,7372.75,984
2026-06-10 10:10:00,7372.5,7378.0,7372.0,7375.75,1300
2026-06-10 10:15:00,7376.0,7377.75,7373.75,7375.5,506
2026-06-10 10:20:00,7375.5,7379.75,7373.25,7375.75,927
2026-06-10 10:25:00,7375.25,7378.75,7372.75,7378.5,1007
2026-06-10 10:30:00,7378.5,7381.25,7375.5,7376.25,701
2026-06-10 10:35:00,7376.0,7378.5,7373.75,7374.0,511
2026-06-10 10:40:00,7373.75,7376.75,7373.5,7376.5,666
2026-06-10 10:45:00,7376.75,7381.25,7376.5,7381.0,744
2026-06-10 10:50:00,7380.75,7381.25,7369.5,7370.75,1309
2026-06-10 10:55:00,7371.0,7373.75,7369.5,7371.25,764
2026-06-10 11:00:00,7371.0,7376.5,7370.25,7375.75,728
2026-06-10 11:05:00,7376.0,7380.0,7375.75,7377.75,1000
2026-06-10 11:10:00,7377.5,7379.0,7376.25,7377.0,446
2026-06-10 11:15:00,7376.75,7381.25,7376.5,7377.0,548
2026-06-10 11:20:00,7377.0,7378.25,7374.25,7377.5,364
2026-06-10 11:25:00,7377.75,7378.5,7375.0,7376.25,359
2026-06-10 11:30:00,7376.25,7378.0,7374.5,7375.75,558
2026-06-10 11:35:00,7375.5,7375.5,7371.5,7372.5,667
2026-06-10 11:40:00,7372.5,7372.75,7369.75,7370.25,585
2026-06-10 11:45:00,7370.25,7373.25,7369.75,7371.0,363
2026-06-10 11:50:00,7371.25,7373.75,7369.75,7373.25,433
2026-06-10 11:55:00,7372.75,7374.25,7371.25,7372.75,338
2026-06-10 12:05:00,7367.0,7368.0,7366.5,7366.75,1698
2026-06-10 12:10:00,7366.75,7368.0,7364.75,7365.75,611
2026-06-10 12:15:00,7365.75,7369.5,7363.5,7368.75,933
2026-06-10 12:20:00,7368.75,7370.75,7366.0,7366.75,774
2026-06-10 12:25:00,7366.75,7368.75,7364.75,7365.5,1050
2026-06-10 12:30:00,7365.25,7365.5,7361.0,7361.25,1431
2026-06-10 12:35:00,7361.0,7362.25,7358.75,7360.5,936
2026-06-10 12:40:00,7360.75,7363.0,7356.75,7357.25,1025
2026-06-10 12:45:00,7357.25,7361.25,7356.0,7360.75,973
2026-06-10 12:50:00,7360.75,7365.0,7359.25,7364.0,831
2026-06-10 12:55:00,7364.0,7364.75,7357.75,7358.0,1139
2026-06-10 13:00:00,7358.0,7361.75,7357.0,7361.25,847
2026-06-10 13:05:00,7361.0,7365.25,7359.25,7361.25,959
2026-06-10 13:10:00,7361.25,7361.75,7359.25,7360.25,656
2026-06-10 13:15:00,7360.0,7360.0,7354.0,7354.25,1212
2026-06-10 13:20:00,7354.0,7358.5,7353.75,7357.0,1293
2026-06-10 13:25:00,7356.75,7367.25,7355.75,7367.0,1455
2026-06-10 13:30:00,7366.75,7368.0,7358.75,7364.0,1184
2026-06-10 13:35:00,7364.0,7366.0,7362.0,7365.5,554
2026-06-10 13:40:00,7365.75,7368.75,7362.5,7364.0,844
2026-06-10 13:45:00,7364.0,7364.75,7359.5,7362.0,570
2026-06-10 13:50:00,7362.25,7367.25,7361.75,7367.0,870
2026-06-10 13:55:00,7367.0,7370.5,7365.75,7368.25,836
2026-06-10 14:00:00,7368.5,7372.75,7367.5,7372.0,1178
2026-06-10 14:05:00,7372.0,7375.5,7370.75,7372.25,1260
2026-06-10 14:10:00,7372.0,7373.75,7369.75,7372.5,846
2026-06-10 14:15:00,7372.25,7374.75,7371.75,7374.5,812
2026-06-10 14:20:00,7374.25,7374.75,7367.25,7367.5,887
2026-06-10 14:25:00,7367.5,7371.5,7366.75,7370.5,774
2026-06-10 14:30:00,7370.25,7373.0,7368.5,7369.25,1697
2026-06-10 14:35:00,7369.5,7376.0,7367.5,7372.5,1327
2026-06-10 14:40:00,7372.75,7373.0,7370.0,7371.5,939
2026-06-10 14:45:00,7371.25,7372.0,7369.75,7371.25,579
2026-06-10 14:50:00,7371.5,7371.5,7368.5,7369.75,536
2026-06-10 14:55:00,7369.75,7369.75,7366.5,7368.5,593
2026-06-10 15:00:00,7368.5,7370.75,7366.25,7366.5,1354
2026-06-10 15:05:00,7366.5,7369.75,7364.5,7369.25,1217
2026-06-10 15:10:00,7369.0,7373.5,7367.5,7371.0,1397
2026-06-10 15:15:00,7371.0,7373.0,7366.75,7367.0,858
2026-06-10 15:20:00,7367.0,7369.5,7364.25,7366.0,968
2026-06-10 15:25:00,7366.0,7366.0,7362.5,7364.5,971
2026-06-10 15:30:00,7364.5,7370.75,7362.75,7370.0,1134
2026-06-10 15:35:00,7369.75,7370.75,7365.0,7365.25,837
2026-06-10 15:40:00,7365.5,7366.75,7363.0,7365.0,644
2026-06-10 15:45:00,7365.0,7367.75,7361.75,7364.75,1129
2026-06-10 15:50:00,7365.0,7366.0,7362.75,7365.5,971
2026-06-10 15:55:00,7365.0,7368.25,7364.5,7367.5,755
2026-06-10 16:00:00,7367.5,7367.75,7352.75,7357.75,2807
2026-06-10 16:05:00,7358.0,7363.5,7356.0,7362.25,1948
2026-06-10 16:10:00,7362.25,7364.5,7355.75,7355.75,1964
2026-06-10 16:15:00,7355.75,7358.25,7353.0,7353.75,2311
2026-06-10 16:20:00,7353.75,7358.25,7351.5,7355.75,3216
2026-06-10 16:25:00,7355.75,7357.5,7350.75,7353.0,2017
2026-06-10 16:30:00,7353.25,7354.75,7351.0,7351.25,1644
2026-06-10 16:35:00,7351.25,7357.0,7350.75,7353.25,1783
2026-06-10 16:40:00,7352.75,7353.25,7338.75,7339.5,2885
2026-06-10 16:45:00,7339.25,7341.0,7332.5,7337.75,3453
2026-06-10 16:50:00,7337.5,7345.0,7336.75,7338.75,2918
2026-06-10 16:55:00,7338.75,7339.5,7333.75,7336.25,1799
2026-06-10 17:00:00,7336.5,7337.0,7331.75,7334.75,1851
2026-06-10 17:05:00,7334.75,7339.5,7333.25,7333.25,2471
2026-06-10 17:10:00,7333.25,7339.75,7323.75,7324.0,4703
2026-06-10 17:15:00,7323.5,7329.5,7319.0,7325.25,4200
2026-06-10 17:20:00,7325.25,7328.0,7321.0,7328.0,1713
2026-06-10 17:25:00,7327.75,7337.25,7327.5,7336.5,2194
2026-06-10 17:30:00,7336.5,7338.5,7334.5,7336.5,1526
2026-06-10 17:35:00,7336.25,7342.75,7335.25,7337.5,2439
2026-06-10 17:40:00,7337.5,7338.0,7329.5,7333.0,2591
2026-06-10 17:45:00,7333.0,7335.5,7328.5,7331.75,1252
2026-06-10 17:50:00,7332.0,7336.5,7330.0,7335.75,1887
2026-06-10 17:55:00,7335.5,7339.5,7335.5,7337.5,1690
2026-06-10 18:00:00,7337.75,7338.0,7331.5,7334.75,1289
2026-06-10 18:05:00,7335.0,7337.25,7330.5,7336.25,952
2026-06-10 18:10:00,7336.25,7336.75,7332.75,7334.5,1229
2026-06-10 18:15:00,7334.5,7335.25,7326.25,7327.75,2114
2026-06-10 18:20:00,7327.5,7335.5,7324.5,7333.0,1973
2026-06-10 18:25:00,7333.0,7337.25,7331.5,7336.0,1289
2026-06-10 18:30:00,7336.0,7341.75,7334.75,7335.25,2265
2026-06-10 18:35:00,7335.25,7340.5,7333.75,7339.25,1109
2026-06-10 18:40:00,7339.5,7344.5,7338.25,7344.0,1388
2026-06-10 18:45:00,7344.0,7346.5,7341.0,7341.75,1604
2026-06-10 18:50:00,7341.5,7341.5,7335.0,7335.75,1775
2026-06-10 18:55:00,7335.75,7346.75,7334.75,7343.75,3554
2026-06-10 19:00:00,7344.25,7346.5,7317.0,7318.5,10130
2026-06-10 19:05:00,7319.0,7323.75,7307.0,7321.75,10081
2026-06-10 19:10:00,7321.75,7327.75,7319.75,7326.0,5094
2026-06-10 19:15:00,7325.75,7331.5,7321.25,7322.25,3806
2026-06-10 19:20:00,7322.0,7334.0,7320.5,7323.75,5156
2026-06-10 19:25:00,7323.5,7324.25,7305.5,7316.5,10049
2026-06-10 19:30:00,7316.75,7318.75,7308.75,7315.25,4091
2026-06-10 19:35:00,7315.0,7317.75,7306.5,7307.0,3578
2026-06-10 19:40:00,7307.0,7314.75,7307.0,7311.75,2858
2026-06-10 19:45:00,7311.75,7316.25,7309.0,7313.75,2347
2026-06-10 19:50:00,7313.75,7323.75,7313.75,7322.5,3392
2026-06-10 19:55:00,7322.75,7326.5,7319.0,7322.25,2522
2026-06-10 20:00:00,7322.25,7324.75,7319.25,7322.75,2474
2026-06-10 20:05:00,7322.5,7329.5,7322.5,7327.25,2961
2026-06-10 20:10:00,7327.25,7335.0,7323.75,7327.5,4279
2026-06-10 20:15:00,7327.25,7334.25,7322.0,7324.0,5149
2026-06-10 20:20:00,7324.0,7331.5,7323.25,7327.0,2961
2026-06-10 20:25:00,7327.0,7339.25,7327.0,7338.5,5545
2026-06-10 20:30:00,7338.75,7367.0,7318.75,7354.0,23127
2026-06-10 20:35:00,7353.75,7361.75,7344.25,7353.5,13377
2026-06-10 20:40:00,7353.5,7365.0,7351.25,7359.25,8414
2026-06-10 20:45:00,7359.5,7366.75,7355.75,7363.75,7495
2026-06-10 20:50:00,7364.0,7364.25,7354.75,7359.75,4188
2026-06-10 20:55:00,7360.0,7360.5,7350.0,7350.25,5018
2026-06-10 21:00:00,7350.5,7356.0,7348.0,7349.25,6860
2026-06-10 21:05:00,7349.25,7354.5,7345.0,7354.5,5416
2026-06-10 21:10:00,7354.5,7355.75,7350.75,7351.5,3470
2026-06-10 21:15:00,7351.25,7355.0,7349.5,7354.25,3575
2026-06-10 21:20:00,7354.25,7355.5,7350.75,7352.5,3265
2026-06-10 21:25:00,7352.75,7356.0,7350.5,7355.0,5671
2026-06-10 21:30:00,7354.75,7360.5,7338.5,7338.5,32725
2026-06-10 21:35:00,7338.5,7373.0,7335.25,7366.5,35522
2026-06-10 21:40:00,7366.5,7382.5,7353.0,7382.25,29298
2026-06-10 21:45:00,7382.0,7390.5,7373.75,7387.0,32947
2026-06-10 21:50:00,7386.75,7387.0,7367.5,7377.0,25433
2026-06-10 21:55:00,7377.25,7387.5,7373.25,7378.0,17940
2026-06-10 22:00:00,7378.0,7393.75,7370.75,7386.5,21668
2026-06-10 22:05:00,7386.25,7394.5,7379.5,7392.0,16308
2026-06-10 22:10:00,7392.0,7396.75,7385.25,7387.5,22744
2026-06-10 22:15:00,7387.75,7391.75,7378.5,7385.75,18642
2026-06-10 22:20:00,7385.75,7404.75,7382.5,7403.0,17165
2026-06-10 22:25:00,7403.0,7404.75,7386.75,7392.75,19189
2026-06-10 22:30:00,7392.5,7399.0,7378.25,7399.0,18748
2026-06-10 22:35:00,7399.0,7400.0,7380.5,7386.0,14306
2026-06-10 22:40:00,7385.75,7393.25,7376.25,7376.5,12227
2026-06-10 22:45:00,7376.5,7381.75,7365.25,7370.0,21146
2026-06-10 22:50:00,7370.25,7377.5,7362.25,7366.75,23257
2026-06-10 22:55:00,7366.5,7370.25,7343.0,7349.25,30481
2026-06-10 23:00:00,7349.0,7364.75,7339.5,7351.5,24886
2026-06-10 23:05:00,7351.5,7353.25,7337.75,7338.25,18482
2026-06-10 23:10:00,7338.25,7341.0,7326.75,7327.5,29928
2026-06-10 23:15:00,7327.5,7328.0,7315.5,7322.25,25760
2026-06-10 23:20:00,7322.25,7344.25,7320.75,7339.0,23499
2026-06-10 23:25:00,7338.5,7346.25,7334.25,7334.75,16028
2026-06-10 23:30:00,7334.75,7343.75,7325.5,7330.5,17783
2026-06-10 23:35:00,7330.75,7337.25,7321.0,7328.5,14334
2026-06-10 23:40:00,7328.25,7346.5,7324.25,7343.0,15054
2026-06-10 23:45:00,7343.0,7348.5,7309.75,7320.25,38202
2026-06-10 23:50:00,7320.0,7337.0,7305.0,7328.25,31984
2026-06-10 23:55:00,7328.5,7342.0,7321.25,7340.25,15680
2026-06-11 00:00:00,7340.25,7346.0,7331.0,7336.0,13848
2026-06-11 00:05:00,7335.75,7341.25,7325.75,7329.5,12169
2026-06-11 00:10:00,7329.5,7329.75,7319.5,7323.0,11997
2026-06-11 00:15:00,7323.0,7331.5,7321.75,7326.0,9473
2026-06-11 00:20:00,7325.75,7329.75,7319.5,7321.75,9405
2026-06-11 00:25:00,7321.75,7330.0,7320.75,7327.25,7538
2026-06-11 00:30:00,7327.25,7337.0,7320.5,7336.5,10519
2026-06-11 00:35:00,7336.75,7344.0,7330.75,7340.25,12790
2026-06-11 00:40:00,7340.25,7343.5,7324.5,7328.75,10013
2026-06-11 00:45:00,7329.0,7329.0,7314.5,7320.0,12939
2026-06-11 00:50:00,7320.0,7331.0,7317.25,7322.75,11159
2026-06-11 00:55:00,7322.75,7326.0,7315.25,7324.0,8767
2026-06-11 01:00:00,7324.0,7334.5,7320.25,7332.0,9711
2026-06-11 01:05:00,7332.0,7332.5,7316.0,7317.0,10986
2026-06-11 01:10:00,7317.0,7317.75,7307.5,7310.5,10496
2026-06-11 01:15:00,7310.25,7315.0,7307.25,7310.25,8052
2026-06-11 01:20:00,7310.0,7316.25,7308.0,7315.75,7215
2026-06-11 01:25:00,7315.25,7318.75,7311.0,7317.0,8032
2026-06-11 01:30:00,7316.75,7317.5,7304.5,7309.25,9372
2026-06-11 01:35:00,7309.25,7309.25,7301.25,7302.25,8878
2026-06-11 01:40:00,7302.25,7306.5,7299.0,7300.25,11944
2026-06-11 01:45:00,7300.5,7327.25,7299.25,7324.0,21993
2026-06-11 01:50:00,7323.75,7326.25,7310.0,7320.5,15483
2026-06-11 01:55:00,7320.5,7328.75,7318.25,7327.25,9288
2026-06-11 02:00:00,7327.25,7338.5,7325.75,7337.5,13259
2026-06-11 02:05:00,7337.5,7338.5,7325.0,7325.75,9546
2026-06-11 02:10:00,7325.75,7333.25,7325.0,7328.0,6114
2026-06-11 02:15:00,7328.0,7333.5,7315.0,7318.0,9242
2026-06-11 02:20:00,7318.25,7325.25,7313.5,7319.75,9683
2026-06-11 02:25:00,7320.0,7322.0,7314.5,7316.0,7021
2026-06-11 02:30:00,7316.25,7316.5,7309.0,7311.0,7787
2026-06-11 02:35:00,7311.0,7312.0,7302.0,7306.0,12333
2026-06-11 02:40:00,7306.0,7309.25,7301.5,7305.75,8308
2026-06-11 02:45:00,7305.75,7306.25,7299.5,7299.75,8399
2026-06-11 02:50:00,7299.75,7302.0,7290.5,7298.0,18146
2026-06-11 02:55:00,7298.0,7299.5,7290.5,7295.25,12499
2026-06-11 03:00:00,7295.0,7302.0,7289.0,7294.25,14343
2026-06-11 03:05:00,7294.25,7302.25,7290.75,7298.75,11461
2026-06-11 03:10:00,7298.75,7299.25,7288.75,7291.5,11863
2026-06-11 03:15:00,7291.75,7293.25,7284.0,7286.25,11248
2026-06-11 03:20:00,7286.0,7286.25,7278.75,7282.5,15489
2026-06-11 03:25:00,7282.25,7283.75,7276.0,7281.25,16366
2026-06-11 03:30:00,7281.0,7292.75,7278.0,7291.0,19059
2026-06-11 03:35:00,7291.0,7298.0,7287.75,7296.25,14203
2026-06-11 03:40:00,7296.25,7298.75,7287.75,7294.0,15626
2026-06-11 03:45:00,7293.75,7295.75,7284.0,7290.0,13303
2026-06-11 03:50:00,7290.0,7300.75,7275.5,7290.0,32610
2026-06-11 03:55:00,7290.0,7294.25,7275.25,7276.0,78786
2026-06-11 04:00:00,7276.0,7278.75,7267.0,7273.5,29935
2026-06-11 04:05:00,7273.5,7275.5,7261.5,7268.25,16559
2026-06-11 04:10:00,7268.25,7274.0,7268.0,7271.5,8483
2026-06-11 04:15:00,7271.25,7275.5,7268.5,7271.75,5108
2026-06-11 04:20:00,7272.0,7275.75,7269.75,7273.25,2993
2026-06-11 04:25:00,7273.5,7273.5,7268.25,7270.25,2284
2026-06-11 04:30:00,7270.0,7270.0,7264.5,7266.25,3433
2026-06-11 04:35:00,7266.5,7269.0,7265.0,7268.75,4620
2026-06-11 04:40:00,7268.75,7270.0,7262.0,7262.25,3441
2026-06-11 04:45:00,7262.5,7263.25,7256.0,7259.75,3505
2026-06-11 04:50:00,7260.0,7265.25,7256.25,7264.5,3554
2026-06-11 04:55:00,7264.25,7268.0,7263.0,7267.0,2731
2026-06-11 06:00:00,7259.25,7266.0,7250.0,7251.0,0
2026-06-11 06:05:00,7251.0,7252.0,7247.25,7249.25,2013
2026-06-11 06:10:00,7249.5,7255.5,7247.0,7255.25,2266
2026-06-11 06:15:00,7255.25,7257.5,7253.0,7257.25,1099
2026-06-11 06:20:00,7256.75,7257.0,7254.0,7254.75,729
2026-06-11 06:25:00,7254.75,7259.5,7253.25,7258.75,943
2026-06-11 06:30:00,7258.75,7264.0,7258.75,7259.25,1582
2026-06-11 06:35:00,7258.75,7265.5,7258.5,7265.25,953
2026-06-11 06:40:00,7265.25,7266.75,7256.5,7260.25,1817
2026-06-11 06:45:00,7260.25,7265.0,7256.5,7259.5,1918
2026-06-11 06:50:00,7259.75,7260.5,7250.75,7253.0,1486
2026-06-11 06:55:00,7252.75,7253.0,7243.0,7244.0,3255
2026-06-11 07:00:00,7244.0,7250.75,7240.0,7249.5,3309
2026-06-11 07:05:00,7249.25,7251.25,7242.5,7243.25,1060
2026-06-11 07:10:00,7243.25,7244.75,7235.0,7236.0,2949
2026-06-11 07:15:00,7236.25,7252.5,7232.25,7247.5,4113
2026-06-11 07:20:00,7247.75,7256.25,7240.5,7244.25,4864
2026-06-11 07:25:00,7244.5,7258.5,7244.5,7257.25,3124
2026-06-11 07:30:00,7257.5,7258.5,7247.25,7252.5,2350
2026-06-11 07:35:00,7252.75,7259.0,7252.5,7255.0,1075
2026-06-11 07:40:00,7255.25,7263.25,7254.5,7259.25,1790
2026-06-11 07:45:00,7259.5,7260.0,7252.0,7255.75,1328
2026-06-11 07:50:00,7255.5,7257.0,7252.0,7253.5,680
2026-06-11 07:55:00,7253.5,7253.75,7247.25,7249.5,1275
2026-06-11 08:00:00,7250.0,7258.5,7246.5,7248.25,1969
2026-06-11 08:05:00,7248.5,7254.75,7245.75,7248.25,1857
2026-06-11 08:10:00,7248.25,7257.5,7246.0,7254.75,1780
2026-06-11 08:15:00,7255.25,7283.0,7255.25,7274.75,5880
2026-06-11 08:20:00,7274.5,7278.0,7269.25,7271.75,2443
2026-06-11 08:25:00,7271.5,7272.25,7264.75,7267.0,2008
2026-06-11 08:30:00,7267.5,7272.5,7265.0,7267.0,2257
2026-06-11 08:35:00,7266.75,7268.0,7257.75,7263.5,3680
2026-06-11 08:40:00,7263.75,7270.5,7262.25,7263.0,1690
2026-06-11 08:45:00,7263.0,7277.75,7263.0,7274.5,2257
2026-06-11 08:50:00,7274.5,7279.75,7272.25,7275.75,1757
2026-06-11 08:55:00,7275.75,7279.75,7275.75,7277.0,1683
2026-06-11 09:00:00,7277.25,7290.0,7277.0,7286.75,4630
2026-06-11 09:05:00,7286.75,7292.75,7285.75,7291.0,2380
2026-06-11 09:10:00,7291.5,7303.5,7291.25,7302.75,2884
2026-06-11 09:15:00,7302.5,7304.25,7297.25,7303.25,2813
2026-06-11 09:20:00,7303.75,7306.0,7297.5,7305.25,1934
2026-06-11 09:25:00,7305.0,7306.0,7301.5,7304.25,1652
2026-06-11 09:30:00,7304.25,7305.25,7298.25,7298.5,1773
2026-06-11 09:35:00,7298.5,7305.25,7296.0,7301.75,2042
2026-06-11 09:40:00,7301.75,7303.25,7295.5,7296.75,1399
2026-06-11 09:45:00,7297.25,7297.25,7293.0,7294.0,1445
2026-06-11 09:50:00,7294.0,7295.0,7290.5,7291.75,1369
2026-06-11 09:55:00,7291.75,7291.75,7285.5,7287.5,1683
2026-06-11 10:00:00,7287.75,7297.0,7286.5,7296.75,1842
2026-06-11 10:05:00,7296.75,7297.0,7290.25,7293.0,1239
2026-06-11 10:10:00,7292.75,7292.75,7286.75,7287.0,1111
2026-06-11 10:15:00,7287.25,7291.0,7285.5,7287.0,991
2026-06-11 10:20:00,7287.0,7288.0,7279.0,7280.25,1683
2026-06-11 10:25:00,7280.0,7283.0,7276.5,7278.25,1801
2026-06-11 10:30:00,7278.5,7281.25,7272.75,7276.25,1916
2026-06-11 10:35:00,7276.25,7281.5,7275.5,7280.25,1262
2026-06-11 10:40:00,7279.75,7283.5,7278.75,7279.25,1155
2026-06-11 10:45:00,7279.5,7283.5,7278.25,7282.25,907
2026-06-11 10:50:00,7282.75,7284.75,7278.75,7282.75,864
2026-06-11 10:55:00,7282.5,7291.25,7282.5,7289.25,1250
2026-06-11 11:00:00,7289.5,7294.5,7289.5,7293.75,1293
2026-06-11 11:05:00,7294.0,7294.25,7288.0,7290.0,1025
2026-06-11 11:10:00,7290.0,7290.5,7282.0,7284.5,1045
2026-06-11 11:15:00,7284.25,7288.75,7283.0,7283.0,1150
2026-06-11 11:20:00,7283.25,7287.75,7281.0,7287.5,929
2026-06-11 11:25:00,7287.25,7288.0,7283.75,7288.0,579
2026-06-11 11:30:00,7287.75,7295.5,7287.25,7294.25,1207
2026-06-11 11:35:00,7294.5,7296.75,7291.5,7296.75,894
2026-06-11 11:40:00,7296.5,7298.5,7296.0,7298.0,795
2026-06-11 11:45:00,7298.0,7300.0,7296.0,7298.0,789
2026-06-11 11:50:00,7298.0,7305.75,7297.75,7303.0,1936
2026-06-11 11:55:00,7302.75,7305.75,7302.5,7304.5,574
2026-06-11 12:05:00,7303.5,7304.0,7302.75,7304.0,1944
2026-06-11 12:10:00,7304.0,7305.0,7302.5,7303.5,861
2026-06-11 12:15:00,7303.25,7303.75,7300.5,7303.75,699
2026-06-11 12:20:00,7303.75,7309.0,7302.25,7304.25,1394
2026-06-11 12:25:00,7304.5,7308.0,7304.0,7306.25,855
2026-06-11 12:30:00,7306.25,7309.5,7305.75,7305.75,789
2026-06-11 12:35:00,7305.75,7312.25,7305.25,7312.0,945
2026-06-11 12:40:00,7311.75,7317.5,7311.5,7315.5,1437
2026-06-11 12:45:00,7315.75,7317.5,7313.5,7313.5,904
2026-06-11 12:50:00,7314.0,7314.25,7310.25,7313.75,773
2026-06-11 12:55:00,7314.0,7314.0,7310.75,7312.75,783
2026-06-11 13:00:00,7313.0,7313.75,7307.25,7309.0,1307
2026-06-11 13:05:00,7309.0,7309.0,7304.75,7307.5,771
2026-06-11 13:10:00,7307.5,7308.0,7304.0,7305.75,638
2026-06-11 13:15:00,7305.75,7308.75,7304.25,7305.75,607
2026-06-11 13:20:00,7305.5,7308.0,7305.5,7307.0,405
2026-06-11 13:25:00,7306.0,7306.75,7302.75,7305.5,710
2026-06-11 13:30:00,7305.75,7307.75,7302.75,7307.25,802
2026-06-11 13:35:00,7307.25,7308.25,7303.75,7306.25,682
2026-06-11 13:40:00,7306.25,7308.75,7305.75,7307.75,635
2026-06-11 13:45:00,7307.75,7309.5,7305.75,7307.5,538
2026-06-11 13:50:00,7307.25,7309.0,7306.25,7306.5,836
2026-06-11 13:55:00,7306.5,7310.5,7305.75,7308.5,1134
2026-06-11 14:00:00,7308.25,7308.75,7301.5,7302.0,1866
2026-06-11 14:05:00,7301.75,7302.5,7294.75,7299.0,3927
2026-06-11 14:10:00,7299.0,7307.0,7298.25,7306.25,1738
2026-06-11 14:15:00,7306.5,7310.0,7305.5,7306.0,1250
2026-06-11 14:20:00,7306.25,7309.5,7304.75,7307.25,1142
2026-06-11 14:25:00,7307.5,7309.25,7305.0,7305.75,1472
2026-06-11 14:30:00,7306.0,7306.5,7303.75,7304.25,1027
2026-06-11 14:35:00,7304.25,7311.5,7304.0,7310.25,1772
2026-06-11 14:40:00,7310.5,7312.5,7309.5,7310.5,1217
2026-06-11 14:45:00,7310.5,7312.75,7308.75,7311.75,1563
2026-06-11 14:50:00,7311.5,7314.5,7311.25,7313.5,915
2026-06-11 14:55:00,7313.5,7316.0,7312.5,7315.5,1102
2026-06-11 15:00:00,7315.5,7319.75,7315.0,7318.75,3080
2026-06-11 15:05:00,7318.75,7319.25,7312.5,7317.25,2212
2026-06-11 15:10:00,7317.5,7319.25,7312.25,7317.25,2575
2026-06-11 15:15:00,7317.25,7325.0,7316.0,7322.75,2679
2026-06-11 15:20:00,7322.75,7330.0,7322.5,7329.25,3837
2026-06-11 15:25:00,7329.25,7329.25,7322.75,7327.0,2316
2026-06-11 15:30:00,7326.75,7329.0,7326.25,7326.75,1889
2026-06-11 15:35:00,7326.75,7331.25,7326.75,7328.25,2028
2026-06-11 15:40:00,7328.25,7330.75,7326.0,7330.0,1912
2026-06-11 15:45:00,7330.0,7330.75,7325.5,7326.0,1522
2026-06-11 15:50:00,7326.0,7328.75,7324.25,7326.75,1310
2026-06-11 15:55:00,7326.5,7327.75,7325.5,7327.25,1044
2026-06-11 16:00:00,7327.0,7336.0,7326.5,7329.25,3603
2026-06-11 16:05:00,7329.25,7335.75,7328.25,7334.75,2100
2026-06-11 16:10:00,7334.75,7337.25,7333.5,7335.5,2198
2026-06-11 16:15:00,7335.25,7335.25,7331.25,7333.5,1745
2026-06-11 16:20:00,7333.25,7334.75,7330.0,7334.0,1758
2026-06-11 16:25:00,7334.25,7336.5,7331.0,7332.25,1510
2026-06-11 16:30:00,7332.25,7335.75,7331.25,7335.0,1886
2026-06-11 16:35:00,7335.0,7337.25,7334.0,7336.0,1798
2026-06-11 16:40:00,7336.25,7336.75,7333.75,7335.0,1783
2026-06-11 16:45:00,7335.25,7337.0,7334.25,7334.25,1919
2026-06-11 16:50:00,7334.25,7336.75,7333.0,7334.75,1100
2026-06-11 16:55:00,7334.75,7337.5,7334.5,7336.5,832
2026-06-11 17:00:00,7336.5,7337.75,7335.25,7336.25,1463
2026-06-11 17:05:00,7336.5,7337.5,7333.25,7333.75,1477
2026-06-11 17:10:00,7334.0,7334.75,7331.75,7333.25,1924
2026-06-11 17:15:00,7333.25,7336.5,7332.25,7335.0,1682
2026-06-11 17:20:00,7335.0,7335.25,7331.75,7333.25,992
2026-06-11 17:25:00,7333.75,7335.25,7331.75,7333.5,1095
2026-06-11 17:30:00,7333.25,7334.0,7332.25,7333.75,1052
2026-06-11 17:35:00,7334.0,7335.5,7332.5,7334.5,1334
2026-06-11 17:40:00,7334.5,7337.0,7334.25,7335.5,980
2026-06-11 17:45:00,7335.5,7338.75,7334.5,7335.5,1418
2026-06-11 17:50:00,7335.75,7336.75,7334.0,7335.25,942
2026-06-11 17:55:00,7335.25,7337.75,7333.5,7333.75,988
2026-06-11 18:00:00,7333.5,7337.75,7331.5,7333.25,1946
2026-06-11 18:05:00,7333.5,7335.0,7332.25,7332.75,1453
2026-06-11 18:10:00,7332.75,7334.0,7330.75,7331.75,996
2026-06-11 18:15:00,7332.0,7333.0,7329.75,7331.0,1040
2026-06-11 18:20:00,7331.0,7333.5,7330.5,7333.25,995
2026-06-11 18:25:00,7333.5,7333.5,7328.25,7328.75,1838
2026-06-11 18:30:00,7329.0,7334.25,7329.0,7334.25,1795
2026-06-11 18:35:00,7334.0,7334.0,7331.0,7332.0,967
2026-06-11 18:40:00,7332.0,7333.0,7330.75,7331.5,597
2026-06-11 18:45:00,7331.75,7331.75,7330.25,7331.5,978
2026-06-11 18:50:00,7331.75,7334.25,7331.25,7332.25,1206
2026-06-11 18:55:00,7332.25,7332.5,7328.25,7329.0,1729
2026-06-11 19:00:00,7328.75,7329.25,7325.0,7325.5,2660
2026-06-11 19:05:00,7325.5,7326.0,7317.5,7317.75,2987
2026-06-11 19:10:00,7318.0,7323.25,7317.75,7322.0,1815
2026-06-11 19:15:00,7322.25,7324.0,7321.0,7322.0,1703
2026-06-11 19:20:00,7322.25,7323.0,7319.5,7319.75,2057
2026-06-11 19:25:00,7319.75,7325.75,7317.5,7322.75,2904
2026-06-11 19:30:00,7322.5,7332.25,7322.0,7328.5,3999
2026-06-11 19:35:00,7328.25,7332.75,7325.75,7327.75,2586
2026-06-11 19:40:00,7328.0,7331.0,7325.0,7329.5,1552
2026-06-11 19:45:00,7329.75,7331.25,7329.25,7329.75,1529
2026-06-11 19:50:00,7329.5,7332.5,7326.75,7331.5,1471
2026-06-11 19:55:00,7331.25,7334.0,7330.25,7332.25,2388
2026-06-11 20:00:00,7332.0,7334.0,7331.0,7333.5,1967
2026-06-11 20:05:00,7333.5,7334.0,7327.5,7333.0,2426
2026-06-11 20:10:00,7332.75,7332.75,7329.75,7332.0,932
2026-06-11 20:15:00,7332.25,7332.25,7326.0,7326.5,2257
2026-06-11 20:20:00,7326.25,7327.25,7296.5,7309.5,21175
2026-06-11 20:25:00,7309.25,7315.75,7302.5,7306.0,8199
2026-06-11 20:30:00,7306.75,7315.0,7288.25,7296.75,11844
2026-06-11 20:35:00,7296.75,7303.5,7293.75,7301.5,5958
2026-06-11 20:40:00,7301.5,7310.75,7296.25,7304.75,8124
2026-06-11 20:45:00,7304.5,7315.0,7302.0,7311.75,8526
2026-06-11 20:50:00,7312.0,7317.25,7310.0,7314.0,4934
2026-06-11 20:55:00,7314.25,7319.5,7311.5,7316.5,6060
2026-06-11 21:00:00,7316.25,7316.75,7309.0,7312.5,5001
2026-06-11 21:05:00,7312.5,7312.75,7304.25,7307.0,5298
2026-06-11 21:10:00,7306.75,7311.75,7305.5,7308.5,3583
2026-06-11 21:15:00,7308.5,7310.25,7306.0,7307.25,3603
2026-06-11 21:20:00,7307.5,7311.75,7306.75,7310.5,2961
2026-06-11 21:25:00,7310.0,7311.0,7307.0,7308.0,5731
2026-06-11 21:30:00,7307.75,7311.0,7290.5,7292.5,42470
2026-06-11 21:35:00,7292.5,7302.75,7287.75,7292.5,40159
2026-06-11 21:40:00,7292.5,7296.5,7283.0,7291.25,31142
2026-06-11 21:45:00,7291.25,7317.5,7287.25,7305.5,40189
2026-06-11 21:50:00,7305.75,7335.5,7305.75,7330.5,33552
2026-06-11 21:55:00,7330.25,7335.5,7314.0,7317.0,28582
2026-06-11 22:00:00,7317.25,7335.75,7314.75,7330.5,27245
2026-06-11 22:05:00,7330.5,7330.5,7317.25,7320.25,25853
2026-06-11 22:10:00,7320.25,7321.75,7297.25,7298.25,34381
2026-06-11 22:15:00,7298.25,7304.5,7289.0,7290.5,26556
2026-06-11 22:20:00,7290.25,7316.25,7289.0,7311.25,39226
2026-06-11 22:25:00,7311.25,7317.5,7296.25,7308.0,24325
2026-06-11 22:30:00,7308.0,7313.5,7296.5,7303.0,23940
2026-06-11 22:35:00,7302.75,7320.25,7300.75,7311.0,21781
2026-06-11 22:40:00,7311.0,7318.5,7304.75,7305.5,16748
2026-06-11 22:45:00,7305.25,7309.5,7298.0,7301.25,16441
2026-06-11 22:50:00,7301.0,7302.25,7290.25,7292.75,13570
2026-06-11 22:55:00,7292.75,7293.0,7270.25,7275.5,26078
2026-06-11 23:00:00,7275.5,7282.75,7263.0,7278.5,26952
2026-06-11 23:05:00,7278.75,7292.75,7272.25,7286.0,23212
2026-06-11 23:10:00,7285.5,7298.0,7284.0,7293.0,18614
2026-06-11 23:15:00,7293.0,7303.5,7286.25,7292.75,18104
2026-06-11 23:20:00,7292.75,7307.0,7290.75,7301.75,15301
2026-06-11 23:25:00,7302.0,7305.75,7291.0,7291.25,11547
2026-06-11 23:30:00,7291.0,7297.75,7286.5,7294.75,14660
2026-06-11 23:35:00,7294.75,7309.0,7293.25,7304.25,15128
2026-06-11 23:40:00,7304.25,7314.25,7293.5,7298.0,17751
2026-06-11 23:45:00,7298.0,7303.75,7292.25,7296.75,11243
2026-06-11 23:50:00,7296.75,7297.5,7289.25,7292.0,10255
2026-06-11 23:55:00,7292.25,7303.25,7287.5,7300.25,16173
2026-06-12 00:00:00,7300.25,7309.75,7295.0,7299.5,12354
2026-06-12 00:05:00,7299.5,7312.0,7296.25,7309.75,12118
2026-06-12 00:10:00,7309.75,7321.0,7307.75,7318.5,16123
2026-06-12 00:15:00,7318.5,7323.0,7312.5,7317.0,10831
2026-06-12 00:20:00,7317.25,7319.75,7304.25,7305.0,15276
2026-06-12 00:25:00,7305.0,7307.25,7297.25,7298.0,15906
2026-06-12 00:30:00,7298.0,7318.0,7293.5,7312.75,21272
2026-06-12 00:35:00,7312.75,7318.75,7304.75,7306.75,12258
2026-06-12 00:40:00,7307.0,7308.75,7302.75,7305.75,7450
2026-06-12 00:45:00,7305.5,7308.75,7300.5,7302.5,8756
2026-06-12 00:50:00,7302.5,7303.5,7290.0,7291.0,12021
2026-06-12 00:55:00,7291.0,7292.0,7284.5,7284.75,11068
2026-06-12 01:00:00,7285.0,7292.25,7275.0,7278.0,18435
2026-06-12 01:05:00,7278.0,7288.5,7277.25,7287.25,15463
2026-06-12 01:10:00,7287.5,7292.0,7281.5,7282.75,13859
2026-06-12 01:15:00,7282.75,7285.75,7273.5,7276.25,14056
2026-06-12 01:20:00,7276.25,7281.5,7271.75,7280.0,10427
2026-06-12 01:25:00,7279.75,7346.5,7278.75,7345.0,39479
2026-06-12 01:30:00,7345.25,7371.5,7342.0,7362.5,63095
2026-06-12 01:35:00,7362.5,7366.5,7352.25,7363.0,30798
2026-06-12 01:40:00,7362.75,7386.5,7358.25,7382.25,32829
2026-06-12 01:45:00,7382.5,7385.75,7365.0,7368.0,25308
2026-06-12 01:50:00,7368.25,7369.0,7354.0,7363.25,18591
2026-06-12 01:55:00,7363.25,7371.25,7357.25,7369.25,17551
2026-06-12 02:00:00,7369.25,7376.25,7347.75,7352.5,25060
2026-06-12 02:05:00,7352.5,7359.25,7344.75,7352.0,14929
2026-06-12 02:10:00,7351.75,7363.0,7350.75,7362.75,11822
2026-06-12 02:15:00,7362.75,7377.75,7361.0,7375.5,17490
2026-06-12 02:20:00,7375.5,7375.5,7358.0,7365.5,21979
2026-06-12 02:25:00,7365.0,7369.5,7361.75,7364.75,11166
2026-06-12 02:30:00,7364.75,7373.75,7362.75,7365.5,10256
2026-06-12 02:35:00,7365.25,7369.5,7361.0,7363.0,9136
2026-06-12 02:40:00,7363.0,7370.5,7360.5,7369.25,8209
2026-06-12 02:45:00,7369.25,7379.5,7367.75,7378.5,16627
2026-06-12 02:50:00,7378.5,7383.25,7377.0,7377.5,10558
2026-06-12 02:55:00,7377.5,7380.0,7371.75,7377.5,12625
2026-06-12 03:00:00,7377.75,7387.0,7377.0,7384.0,16151
2026-06-12 03:05:00,7383.75,7385.25,7373.0,7381.5,17337
2026-06-12 03:10:00,7381.5,7392.5,7380.5,7389.25,21030
2026-06-12 03:15:00,7389.5,7394.5,7387.0,7394.0,13677
2026-06-12 03:20:00,7393.75,7396.75,7391.0,7393.25,14988
2026-06-12 03:25:00,7393.25,7402.0,7391.75,7399.25,18612
2026-06-12 03:30:00,7399.25,7417.75,7398.75,7416.0,36416
2026-06-12 03:35:00,7416.0,7420.0,7407.5,7409.0,21595
2026-06-12 03:40:00,7409.0,7418.25,7406.25,7413.75,19504
2026-06-12 03:45:00,7413.5,7413.5,7398.5,7399.25,23378
2026-06-12 03:50:00,7399.25,7404.75,7392.5,7401.75,34751
2026-06-12 03:55:00,7401.5,7403.5,7393.25,7394.5,113470
2026-06-12 04:00:00,7394.5,7401.75,7390.25,7397.5,35905
2026-06-12 04:05:00,7397.5,7405.75,7397.5,7403.0,10202
2026-06-12 04:10:00,7403.0,7408.75,7400.25,7406.75,7912
2026-06-12 04:15:00,7407.0,7409.5,7404.0,7404.0,3885
2026-06-12 04:20:00,7404.25,7405.5,7401.25,7404.0,3538
2026-06-12 04:25:00,7403.75,7407.25,7399.0,7401.5,3717
2026-06-12 04:30:00,7401.5,7404.0,7400.0,7400.25,1610
2026-06-12 04:35:00,7400.25,7400.5,7395.5,7395.5,2823
2026-06-12 04:40:00,7395.25,7395.75,7392.0,7392.75,2200
2026-06-12 04:45:00,7392.75,7394.75,7392.25,7393.5,1498
2026-06-12 04:50:00,7393.25,7396.0,7393.0,7395.5,2384
2026-06-12 04:55:00,7395.25,7399.0,7395.0,7398.25,2254
2026-06-12 06:00:00,7397.5,7407.75,7396.75,7404.25,0
2026-06-12 06:05:00,7404.25,7409.25,7402.25,7407.0,1087
2026-06-12 06:10:00,7406.75,7413.25,7406.5,7412.5,1793
2026-06-12 06:15:00,7412.5,7416.25,7409.5,7410.75,1829
2026-06-12 06:20:00,7410.5,7414.0,7409.75,7409.75,1125
2026-06-12 06:25:00,7409.75,7412.0,7409.25,7410.75,733
2026-06-12 06:30:00,7411.0,7412.25,7408.5,7409.25,1209
2026-06-12 06:35:00,7409.25,7410.5,7408.0,7408.75,529
2026-06-12 06:40:00,7408.5,7412.5,7408.25,7410.75,856
2026-06-12 06:45:00,7411.0,7415.25,7411.0,7412.75,905
2026-06-12 06:50:00,7412.75,7415.25,7412.0,7414.25,609
2026-06-12 06:55:00,7414.25,7414.75,7410.75,7411.5,690
2026-06-12 07:00:00,7411.75,7412.5,7408.25,7409.5,828
2026-06-12 07:05:00,7409.25,7410.25,7406.5,7408.5,678
2026-06-12 07:10:00,7408.25,7410.0,7406.5,7409.75,567
2026-06-12 07:15:00,7409.75,7412.75,7408.75,7410.5,687
2026-06-12 07:20:00,7410.5,7410.75,7403.5,7404.0,850
2026-06-12 07:25:00,7404.25,7407.0,7402.75,7406.0,627
2026-06-12 07:30:00,7406.5,7408.5,7406.5,7408.25,341
2026-06-12 07:35:00,7408.25,7411.75,7408.25,7410.25,395
2026-06-12 07:40:00,7410.5,7413.75,7410.5,7413.0,468
2026-06-12 07:45:00,7413.25,7417.0,7413.25,7415.75,1007
2026-06-12 07:50:00,7415.75,7416.75,7412.25,7414.5,669
2026-06-12 07:55:00,7414.5,7416.25,7413.5,7415.0,478
2026-06-12 08:00:00,7415.0,7415.75,7406.5,7411.25,1769
2026-06-12 08:05:00,7411.25,7416.75,7411.25,7413.25,986
2026-06-12 08:10:00,7413.5,7415.0,7410.25,7412.5,896
2026-06-12 08:15:00,7412.5,7412.5,7407.25,7411.0,854
2026-06-12 08:20:00,7411.0,7415.5,7410.0,7415.25,769
2026-06-12 08:25:00,7415.25,7418.25,7412.5,7416.75,1101
2026-06-12 08:30:00,7417.0,7420.0,7416.5,7420.0,1058
2026-06-12 08:35:00,7420.0,7421.25,7416.25,7416.25,1051
2026-06-12 08:40:00,7416.25,7418.0,7411.0,7412.0,838
2026-06-12 08:45:00,7412.25,7415.75,7411.75,7413.5,443
2026-06-12 08:50:00,7413.75,7415.5,7412.75,7412.75,381
2026-06-12 08:55:00,7412.75,7413.75,7408.75,7412.75,707
2026-06-12 09:00:00,7412.5,7412.75,7406.75,7407.5,1230
2026-06-12 09:05:00,7407.5,7409.25,7404.25,7409.0,819
2026-06-12 09:10:00,7408.75,7409.75,7404.75,7408.75,720
2026-06-12 09:15:00,7408.75,7410.75,7403.75,7404.75,735
2026-06-12 09:20:00,7404.75,7405.0,7400.0,7401.25,1127
2026-06-12 09:25:00,7400.75,7401.25,7396.75,7398.5,1357
2026-06-12 09:30:00,7398.75,7403.0,7398.5,7402.25,1000
2026-06-12 09:35:00,7402.5,7403.5,7396.75,7399.75,976
2026-06-12 09:40:00,7399.75,7403.75,7397.25,7400.5,881
2026-06-12 09:45:00,7400.25,7406.75,7399.75,7405.75,676
2026-06-12 09:50:00,7406.25,7407.5,7404.5,7406.0,463
2026-06-12 09:55:00,7406.25,7411.25,7405.75,7410.25,673
2026-06-12 10:00:00,7410.25,7414.0,7410.25,7412.5,974
2026-06-12 10:05:00,7412.25,7414.25,7410.75,7414.25,863
2026-06-12 10:10:00,7414.25,7415.25,7411.75,7412.25,384
2026-06-12 10:15:00,7412.5,7412.75,7409.25,7411.25,559
2026-06-12 10:20:00,7411.0,7412.75,7409.25,7409.75,459
2026-06-12 10:25:00,7410.0,7410.0,7405.25,7405.75,764
2026-06-12 10:30:00,7406.0,7408.5,7405.25,7406.0,495
2026-06-12 10:35:00,7406.0,7410.75,7404.75,7409.75,493
2026-06-12 10:40:00,7409.75,7411.0,7408.75,7410.25,451
2026-06-12 10:45:00,7410.5,7414.0,7410.0,7412.25,533
2026-06-12 10:50:00,7412.5,7413.5,7410.0,7411.5,563
2026-06-12 10:55:00,7411.5,7412.25,7410.0,7411.5,271
2026-06-12 11:00:00,7411.5,7411.75,7407.75,7410.0,696
2026-06-12 11:05:00,7409.75,7409.75,7406.5,7408.5,493
2026-06-12 11:10:00,7408.25,7408.75,7402.75,7404.5,726
2026-06-12 11:15:00,7404.25,7405.75,7402.75,7403.0,446
2026-06-12 11:20:00,7402.75,7403.75,7399.5,7400.5,578
2026-06-12 11:25:00,7400.5,7405.25,7399.75,7404.0,743
2026-06-12 11:30:00,7404.25,7407.5,7403.5,7405.0,749
2026-06-12 11:35:00,7405.25,7407.0,7404.0,7406.75,270
2026-06-12 11:40:00,7406.75,7409.5,7406.25,7406.5,504
2026-06-12 11:45:00,7407.0,7407.0,7402.25,7404.75,557
2026-06-12 11:50:00,7405.0,7407.5,7404.5,7406.5,276
2026-06-12 11:55:00,7406.5,7408.5,7406.0,7406.75,405
2026-06-12 12:05:00,7401.75,7402.0,7401.5,7401.5,782
2026-06-12 12:10:00,7401.25,7404.75,7400.5,7404.0,500
2026-06-12 12:15:00,7404.0,7405.5,7400.75,7401.75,293
2026-06-12 12:20:00,7401.75,7406.25,7400.25,7404.75,535
2026-06-12 12:25:00,7404.75,7408.75,7404.75,7408.5,451
2026-06-12 12:30:00,7408.25,7410.0,7407.0,7409.0,588
2026-06-12 12:35:00,7408.75,7408.75,7407.0,7408.0,269
2026-06-12 12:40:00,7408.0,7410.75,7407.25,7409.5,426
2026-06-12 12:45:00,7409.75,7410.75,7408.25,7409.0,298
2026-06-12 12:50:00,7409.0,7411.5,7408.75,7409.75,344
2026-06-12 12:55:00,7409.75,7411.0,7409.25,7410.75,241
2026-06-12 13:00:00,7410.75,7412.75,7408.5,7409.0,602
2026-06-12 13:05:00,7408.75,7409.5,7405.0,7407.0,520
2026-06-12 13:10:00,7406.75,7409.0,7404.25,7408.75,483
2026-06-12 13:15:00,7408.5,7411.25,7407.0,7410.5,605
2026-06-12 13:20:00,7410.25,7411.75,7409.0,7409.25,483
2026-06-12 13:25:00,7409.25,7411.0,7408.0,7410.75,492
2026-06-12 13:30:00,7410.25,7410.25,7405.0,7406.25,456
2026-06-12 13:35:00,7406.25,7407.75,7398.25,7400.75,1012
2026-06-12 13:40:00,7401.0,7407.0,7400.25,7402.5,874
2026-06-12 13:45:00,7402.75,7403.0,7395.75,7396.25,994
2026-06-12 13:50:00,7396.25,7398.0,7387.5,7396.25,3267
2026-06-12 13:55:00,7396.5,7396.75,7391.75,7393.0,647
2026-06-12 14:00:00,7393.25,7401.5,7391.5,7399.0,1943
2026-06-12 14:05:00,7399.25,7401.75,7396.0,7399.75,1372
2026-06-12 14:10:00,7399.25,7403.75,7398.25,7401.75,1346
2026-06-12 14:15:00,7401.75,7401.75,7398.0,7398.0,919
2026-06-12 14:20:00,7397.75,7399.75,7395.5,7398.25,596
2026-06-12 14:25:00,7398.25,7399.0,7395.75,7397.0,623
2026-06-12 14:30:00,7396.5,7396.5,7392.0,7392.75,1090
2026-06-12 14:35:00,7392.75,7393.0,7391.0,7391.25,741
2026-06-12 14:40:00,7391.25,7391.75,7388.0,7389.5,1301
2026-06-12 14:45:00,7389.25,7391.25,7387.25,7389.0,1100
2026-06-12 14:50:00,7389.25,7390.25,7384.75,7385.0,1583
2026-06-12 14:55:00,7384.75,7388.25,7384.5,7388.0,1031
2026-06-12 15:00:00,7388.0,7389.75,7379.5,7381.0,2353
2026-06-12 15:05:00,7380.75,7384.75,7380.25,7384.0,1674
2026-06-12 15:10:00,7384.0,7385.75,7377.5,7378.0,2165
2026-06-12 15:15:00,7378.0,7379.75,7374.75,7379.5,2165
2026-06-12 15:20:00,7379.5,7382.75,7378.25,7382.0,2308
2026-06-12 15:25:00,7382.0,7382.0,7377.75,7380.25,1677
2026-06-12 15:30:00,7380.0,7382.75,7378.5,7382.5,1278
2026-06-12 15:35:00,7382.75,7388.0,7382.75,7387.0,2981
2026-06-12 15:40:00,7387.25,7393.75,7386.0,7391.75,1887
2026-06-12 15:45:00,7392.25,7393.5,7389.5,7391.25,1526
2026-06-12 15:50:00,7391.0,7394.0,7391.0,7392.5,1154
2026-06-12 15:55:00,7392.5,7408.5,7392.5,7400.75,6086
2026-06-12 16:00:00,7401.0,7408.5,7399.25,7404.5,3063
2026-06-12 16:05:00,7404.75,7412.5,7403.25,7410.5,3930
2026-06-12 16:10:00,7410.0,7414.25,7409.75,7411.75,1727
2026-06-12 16:15:00,7411.5,7425.25,7407.75,7422.75,5104
2026-06-12 16:20:00,7422.75,7428.25,7418.5,7422.75,4076
2026-06-12 16:25:00,7423.0,7424.0,7420.0,7421.5,2664
2026-06-12 16:30:00,7421.5,7424.0,7417.25,7417.25,2681
2026-06-12 16:35:00,7417.0,7417.0,7412.25,7412.25,2456
2026-06-12 16:40:00,7412.0,7412.25,7408.0,7412.0,1912
2026-06-12 16:45:00,7412.0,7416.5,7408.25,7416.0,1839
2026-06-12 16:50:00,7416.25,7420.0,7414.0,7418.5,1632
2026-06-12 16:55:00,7418.25,7419.0,7415.0,7415.0,953
2026-06-12 17:00:00,7415.0,7421.5,7415.0,7421.0,1410
2026-06-12 17:05:00,7420.75,7421.0,7417.0,7419.5,1132
2026-06-12 17:10:00,7419.5,7426.25,7418.25,7426.0,1496
2026-06-12 17:15:00,7426.25,7433.25,7424.75,7431.75,3537
2026-06-12 17:20:00,7431.75,7433.25,7428.25,7429.5,1571
2026-06-12 17:25:00,7429.75,7437.75,7428.5,7436.25,2451
2026-06-12 17:30:00,7436.0,7448.0,7434.5,7448.0,4626
2026-06-12 17:35:00,7448.25,7451.25,7445.0,7445.25,3619
2026-06-12 17:40:00,7445.25,7447.5,7443.0,7446.0,2582
2026-06-12 17:45:00,7446.25,7447.25,7441.75,7442.25,2085
2026-06-12 17:50:00,7442.5,7443.0,7439.0,7442.25,1495
2026-06-12 17:55:00,7442.25,7446.25,7438.25,7439.25,2359
2026-06-12 18:00:00,7439.25,7444.0,7438.25,7442.75,3789
2026-06-12 18:05:00,7442.5,7444.75,7441.25,7442.5,2466
2026-06-12 18:10:00,7442.5,7443.25,7432.75,7436.25,2904
2026-06-12 18:15:00,7436.5,7437.0,7430.5,7433.25,2443
2026-06-12 18:20:00,7433.75,7433.75,7427.75,7430.75,2253
2026-06-12 18:25:00,7431.25,7431.75,7419.25,7421.75,4292
2026-06-12 18:30:00,7421.75,7429.5,7420.5,7423.5,3860
2026-06-12 18:35:00,7423.75,7428.25,7422.5,7423.25,1820
2026-06-12 18:40:00,7423.25,7427.75,7423.25,7426.5,1077
2026-06-12 18:45:00,7426.75,7428.0,7424.25,7425.25,1566
2026-06-12 18:50:00,7425.25,7425.5,7423.0,7424.0,1596
2026-06-12 18:55:00,7424.0,7427.0,7420.75,7424.75,2479
2026-06-12 19:00:00,7425.0,7429.5,7425.0,7428.5,3284
2026-06-12 19:05:00,7428.5,7428.75,7422.5,7425.0,2195
2026-06-12 19:10:00,7425.0,7431.75,7425.0,7430.25,2585
2026-06-12 19:15:00,7430.25,7433.0,7429.5,7432.5,2510
2026-06-12 19:20:00,7432.25,7440.75,7431.75,7438.5,3205
2026-06-12 19:25:00,7438.5,7440.0,7437.75,7438.25,1850
2026-06-12 19:30:00,7438.25,7439.75,7432.5,7435.0,3445
2026-06-12 19:35:00,7435.0,7438.25,7434.5,7434.5,1823
2026-06-12 19:40:00,7434.25,7443.0,7434.25,7442.5,2179
2026-06-12 19:45:00,7442.5,7444.0,7438.75,7439.25,2450
2026-06-12 19:50:00,7439.25,7448.0,7439.0,7447.5,2338
2026-06-12 19:55:00,7447.5,7448.0,7442.25,7443.0,3088
2026-06-12 20:00:00,7443.0,7444.5,7434.5,7436.5,2771
2026-06-12 20:05:00,7436.25,7438.75,7432.0,7436.5,2320
2026-06-12 20:10:00,7436.25,7437.5,7433.0,7434.5,2259
2026-06-12 20:15:00,7434.5,7436.5,7430.5,7433.75,2280
2026-06-12 20:20:00,7433.75,7434.25,7427.0,7427.25,3046
2026-06-12 20:25:00,7427.0,7428.5,7425.25,7425.5,1965
2026-06-12 20:30:00,7425.25,7428.25,7421.75,7424.0,4948
2026-06-12 20:35:00,7424.25,7427.0,7415.75,7416.5,4298
2026-06-12 20:40:00,7416.5,7421.25,7412.25,7414.0,5428
2026-06-12 20:45:00,7414.25,7417.0,7410.75,7416.0,3989
2026-06-12 20:50:00,7415.75,7418.0,7404.75,7406.75,3656
2026-06-12 20:55:00,7406.5,7409.5,7402.0,7404.5,7314
2026-06-12 21:00:00,7404.5,7407.0,7397.0,7406.75,6451
2026-06-12 21:05:00,7406.75,7412.75,7406.0,7411.75,5452
2026-06-12 21:10:00,7412.0,7415.75,7408.5,7415.25,3805
2026-06-12 21:15:00,7415.0,7417.25,7412.75,7416.5,3800
2026-06-12 21:20:00,7416.75,7419.75,7414.75,7416.0,3209
2026-06-12 21:25:00,7416.0,7423.75,7415.5,7423.75,8550
2026-06-12 21:30:00,7423.75,7424.75,7395.75,7401.5,52464
2026-06-12 21:35:00,7401.5,7411.25,7399.5,7408.5,26217
2026-06-12 21:40:00,7408.5,7409.5,7374.0,7375.5,48500
2026-06-12 21:45:00,7375.5,7382.75,7366.5,7372.5,33651
2026-06-12 21:50:00,7372.75,7382.25,7368.0,7377.25,24336
2026-06-12 21:55:00,7377.25,7390.75,7374.75,7383.0,22632
2026-06-12 22:00:00,7383.25,7407.5,7380.25,7404.25,36701
2026-06-12 22:05:00,7404.25,7419.0,7399.5,7418.5,31709
2026-06-12 22:10:00,7418.25,7421.75,7404.25,7409.5,27878
2026-06-12 22:15:00,7409.5,7427.75,7409.25,7420.0,24697
2026-06-12 22:20:00,7420.0,7424.75,7405.5,7408.25,21368
2026-06-12 22:25:00,7408.0,7418.5,7408.0,7412.5,18258
2026-06-12 22:30:00,7412.25,7421.75,7409.0,7414.75,22416
2026-06-12 22:35:00,7414.75,7428.75,7414.0,7421.0,20981
2026-06-12 22:40:00,7421.0,7421.25,7395.75,7396.5,25180
2026-06-12 22:45:00,7396.5,7403.5,7388.5,7391.0,28327
2026-06-12 22:50:00,7391.0,7434.75,7390.5,7433.5,45322
2026-06-12 22:55:00,7433.5,7443.5,7426.25,7440.5,32283
2026-06-12 23:00:00,7440.75,7446.5,7433.0,7437.5,21111
2026-06-12 23:05:00,7437.75,7445.25,7435.75,7441.25,16037
2026-06-12 23:10:00,7441.25,7450.5,7438.5,7448.25,18294
2026-06-12 23:15:00,7448.5,7453.75,7442.75,7453.5,15412
2026-06-12 23:20:00,7453.5,7461.5,7449.25,7459.75,19767
2026-06-12 23:25:00,7459.75,7461.75,7455.0,7458.75,18210
2026-06-12 23:30:00,7458.5,7459.25,7444.25,7444.5,23987
2026-06-12 23:35:00,7444.75,7455.5,7430.25,7436.5,27470
2026-06-12 23:40:00,7436.75,7437.75,7424.75,7426.5,17262
2026-06-12 23:45:00,7426.25,7435.75,7411.0,7412.25,22367
2026-06-12 23:50:00,7412.0,7429.5,7408.5,7426.25,23730
2026-06-12 23:55:00,7426.5,7427.0,7401.25,7405.75,21423
2026-06-13 00:00:00,7405.75,7411.75,7398.25,7406.25,26548
2026-06-13 00:05:00,7406.0,7416.0,7401.25,7413.25,15850
2026-06-13 00:10:00,7413.0,7439.5,7406.5,7427.5,25254
2026-06-13 00:15:00,7427.25,7439.0,7420.0,7423.25,18932
2026-06-13 00:20:00,7423.0,7428.0,7416.75,7424.25,11640
2026-06-13 00:25:00,7424.0,7429.0,7418.5,7423.25,9296
2026-06-13 00:30:00,7423.25,7428.5,7419.5,7427.25,7787
2026-06-13 00:35:00,7427.0,7428.75,7419.25,7424.25,9021
2026-06-13 00:40:00,7424.0,7431.75,7420.0,7422.0,10919
2026-06-13 00:45:00,7421.75,7431.25,7421.0,7430.5,8559
2026-06-13 00:50:00,7430.25,7432.5,7426.0,7427.5,9085
2026-06-13 00:55:00,7427.5,7433.25,7420.0,7432.25,11648
2026-06-13 01:00:00,7432.25,7438.25,7431.25,7437.5,9429
2026-06-13 01:05:00,7437.5,7447.0,7435.5,7439.5,15292
2026-06-13 01:10:00,7439.75,7440.75,7429.0,7437.0,8639
2026-06-13 01:15:00,7437.25,7443.25,7434.5,7442.25,9331
2026-06-13 01:20:00,7442.25,7444.75,7439.0,7441.0,8470
2026-06-13 01:25:00,7441.25,7443.0,7433.75,7438.25,7958
2026-06-13 01:30:00,7438.5,7439.75,7430.75,7431.75,10057
2026-06-13 01:35:00,7431.75,7437.25,7430.5,7434.5,8038
2026-06-13 01:40:00,7434.25,7438.0,7431.75,7434.0,8073
2026-06-13 01:45:00,7434.25,7438.75,7433.25,7435.75,7363
2026-06-13 01:50:00,7436.0,7438.0,7434.0,7436.0,8702
2026-06-13 01:55:00,7436.0,7436.0,7426.25,7430.5,9801
2026-06-13 02:00:00,7430.5,7432.5,7426.5,7428.25,9307
2026-06-13 02:05:00,7428.25,7430.0,7422.5,7427.0,9520
2026-06-13 02:10:00,7427.0,7438.0,7426.25,7427.5,12359
2026-06-13 02:15:00,7427.5,7430.0,7422.0,7424.0,9895
2026-06-13 02:20:00,7424.0,7427.0,7421.75,7425.0,7204
2026-06-13 02:25:00,7425.0,7431.25,7422.5,7430.0,10046
2026-06-13 02:30:00,7430.25,7436.25,7429.75,7434.0,7949
2026-06-13 02:35:00,7434.25,7435.5,7432.0,7435.5,9496
2026-06-13 02:40:00,7435.5,7441.25,7435.5,7440.0,9324
2026-06-13 02:45:00,7440.25,7441.0,7435.25,7437.5,8987
2026-06-13 02:50:00,7437.75,7439.75,7432.75,7438.5,9346
2026-06-13 02:55:00,7438.5,7438.5,7427.25,7428.0,11005
2026-06-13 03:00:00,7428.0,7438.25,7427.25,7437.5,10782
2026-06-13 03:05:00,7437.5,7439.75,7433.25,7435.5,10261
2026-06-13 03:10:00,7435.75,7436.25,7430.25,7432.0,9774
2026-06-13 03:15:00,7432.0,7434.5,7427.5,7434.25,10038
2026-06-13 03:20:00,7434.25,7435.5,7431.75,7434.25,9379
2026-06-13 03:25:00,7434.25,7437.75,7431.25,7432.0,11841
2026-06-13 03:30:00,7432.0,7433.75,7423.0,7423.25,14775
2026-06-13 03:35:00,7423.25,7435.5,7418.75,7424.0,16950
2026-06-13 03:40:00,7424.25,7429.75,7421.75,7426.25,15748
2026-06-13 03:45:00,7426.0,7428.75,7422.75,7426.75,13739
2026-06-13 03:50:00,7427.0,7430.5,7425.75,7430.25,19306
2026-06-13 03:55:00,7430.0,7437.5,7429.5,7433.75,69850
2026-06-13 04:00:00,7433.5,7439.5,7433.0,7437.25,24845
2026-06-13 04:05:00,7437.25,7440.25,7436.0,7438.75,8265
2026-06-13 04:10:00,7438.75,7442.5,7438.25,7442.5,7551
2026-06-13 04:15:00,7442.5,7444.5,7441.75,7444.25,4443
2026-06-13 04:20:00,7444.0,7444.75,7440.5,7440.75,2111
2026-06-13 04:25:00,7440.75,7442.0,7440.0,7440.5,1471
2026-06-13 04:30:00,7440.5,7441.75,7439.5,7441.0,1620
2026-06-13 04:35:00,7441.0,7441.5,7438.25,7440.0,1344
2026-06-13 04:40:00,7440.0,7443.5,7438.25,7438.25,1346
2026-06-13 04:45:00,7438.25,7439.0,7437.25,7438.0,912
2026-06-13 04:50:00,7438.0,7438.5,7436.0,7436.5,1507
2026-06-13 04:55:00,7436.5,7438.0,7435.0,7435.0,1607
2026-06-15 06:10:00,7500.25,7502.0,7497.75,7500.75,1390
2026-06-15 06:15:00,7500.75,7501.5,7494.75,7501.25,826
2026-06-15 06:20:00,7501.25,7504.5,7499.0,7501.5,1214
2026-06-15 06:25:00,7501.5,7501.5,7494.5,7495.5,1686
2026-06-15 06:30:00,7495.5,7497.5,7491.0,7493.75,1029
2026-06-15 06:35:00,7493.75,7495.5,7491.5,7492.75,727
2026-06-15 06:40:00,7493.0,7494.0,7490.75,7492.0,712
2026-06-15 06:45:00,7492.0,7496.25,7491.0,7496.0,663
2026-06-15 06:50:00,7496.5,7498.25,7495.25,7497.5,594
2026-06-15 06:55:00,7497.25,7499.0,7494.75,7494.75,327
2026-06-15 07:00:00,7494.75,7498.5,7493.5,7494.75,546
2026-06-15 07:05:00,7495.0,7497.25,7492.0,7493.0,537
2026-06-15 07:10:00,7493.25,7494.0,7489.75,7490.5,1369
2026-06-15 07:15:00,7490.25,7491.5,7486.0,7487.0,922
2026-06-15 07:20:00,7486.75,7491.0,7484.75,7490.25,533
2026-06-15 07:25:00,7490.0,7492.5,7489.5,7491.5,452
2026-06-15 07:30:00,7491.75,7494.75,7491.0,7493.75,324
2026-06-15 07:35:00,7494.0,7496.75,7494.0,7496.25,227
2026-06-15 07:40:00,7496.0,7497.25,7494.0,7494.25,326
2026-06-15 07:45:00,7494.25,7495.0,7489.75,7492.5,772
2026-06-15 07:50:00,7493.25,7496.5,7491.0,7495.25,590
2026-06-15 07:55:00,7495.25,7498.0,7494.25,7496.5,569
2026-06-15 08:00:00,7496.5,7500.5,7494.0,7499.25,2108
2026-06-15 08:05:00,7499.25,7503.5,7497.0,7502.75,976
2026-06-15 08:10:00,7503.5,7514.0,7503.5,7508.5,1711
2026-06-15 08:15:00,7508.75,7511.0,7505.75,7508.5,1609
2026-06-15 08:20:00,7508.25,7510.0,7504.75,7507.5,1476
2026-06-15 08:25:00,7507.5,7509.5,7506.75,7508.25,1010
2026-06-15 08:30:00,7508.75,7509.75,7507.5,7508.5,581
2026-06-15 08:35:00,7508.5,7509.5,7506.75,7507.25,454
2026-06-15 08:40:00,7507.25,7507.75,7504.0,7506.25,1221
2026-06-15 08:45:00,7506.25,7509.0,7504.5,7507.25,502
2026-06-15 08:50:00,7506.5,7509.0,7504.75,7506.5,474
2026-06-15 08:55:00,7506.0,7507.5,7505.5,7507.25,429
2026-06-15 09:00:00,7507.25,7509.5,7505.5,7508.0,711
2026-06-15 09:05:00,7508.25,7509.75,7506.25,7508.75,390
2026-06-15 09:10:00,7508.5,7511.5,7507.0,7509.75,599
2026-06-15 09:15:00,7509.75,7510.5,7508.25,7508.75,546
2026-06-15 09:20:00,7508.25,7511.0,7507.75,7510.0,309
2026-06-15 09:25:00,7510.0,7512.5,7509.0,7511.0,449
2026-06-15 09:30:00,7511.0,7513.0,7509.0,7512.75,447
2026-06-15 09:35:00,7513.0,7514.5,7512.0,7512.25,912
2026-06-15 09:40:00,7512.5,7513.75,7511.0,7513.5,979
2026-06-15 09:45:00,7513.5,7513.75,7512.5,7513.5,532
2026-06-15 09:50:00,7513.75,7514.5,7512.0,7512.5,484
2026-06-15 09:55:00,7512.75,7512.75,7510.0,7512.25,455
2026-06-15 10:00:00,7512.0,7514.0,7511.75,7513.25,406
2026-06-15 10:05:00,7513.5,7514.75,7512.5,7514.75,631
2026-06-15 10:10:00,7514.75,7515.75,7513.75,7514.75,699
2026-06-15 10:15:00,7514.5,7515.5,7514.25,7515.25,351
2026-06-15 10:20:00,7515.25,7518.0,7515.0,7517.5,529
2026-06-15 10:25:00,7517.5,7518.5,7516.75,7517.5,628
2026-06-15 10:30:00,7517.5,7518.25,7516.25,7516.25,395
2026-06-15 10:35:00,7516.5,7518.75,7516.0,7518.5,418
2026-06-15 10:40:00,7518.25,7519.25,7516.75,7517.5,511
2026-06-15 10:45:00,7517.75,7519.0,7517.25,7519.0,316
2026-06-15 10:50:00,7519.0,7520.0,7517.75,7519.5,710
2026-06-15 10:55:00,7519.5,7520.0,7518.75,7519.0,366
2026-06-15 11:00:00,7519.0,7519.25,7515.5,7518.75,916
2026-06-15 11:05:00,7519.0,7519.0,7516.75,7518.75,330
2026-06-15 11:10:00,7518.75,7519.75,7518.0,7519.25,255
2026-06-15 11:15:00,7519.5,7523.0,7519.25,7521.0,737
2026-06-15 11:20:00,7520.75,7521.75,7520.5,7521.25,833
2026-06-15 11:25:00,7521.25,7521.75,7520.75,7520.75,466
2026-06-15 11:30:00,7520.75,7523.5,7520.0,7522.75,484
2026-06-15 11:35:00,7522.75,7522.75,7520.75,7521.25,283
2026-06-15 11:40:00,7521.25,7522.0,7518.75,7519.5,688
2026-06-15 11:45:00,7519.75,7521.25,7517.75,7519.75,263
2026-06-15 11:50:00,7520.0,7520.25,7518.75,7520.0,227
2026-06-15 11:55:00,7519.75,7520.0,7518.5,7519.5,202
2026-06-15 12:00:00,7519.5,7520.75,7517.0,7518.5,497
2026-06-15 12:05:00,7518.25,7519.25,7517.75,7518.25,256
2026-06-15 12:10:00,7518.5,7518.75,7517.0,7518.5,249
2026-06-15 12:15:00,7519.0,7521.0,7518.75,7520.75,302
2026-06-15 12:20:00,7520.75,7522.0,7520.25,7521.5,228
2026-06-15 12:25:00,7521.75,7523.5,7521.75,7523.0,241
2026-06-15 12:30:00,7522.75,7524.75,7522.0,7524.0,604
2026-06-15 12:35:00,7524.0,7524.5,7522.5,7524.0,789
2026-06-15 12:40:00,7524.0,7524.5,7522.25,7524.25,294
2026-06-15 12:45:00,7524.25,7524.25,7523.25,7524.0,324
2026-06-15 12:50:00,7524.0,7524.75,7523.75,7524.0,380
2026-06-15 12:55:00,7523.75,7527.25,7523.75,7526.75,724
2026-06-15 13:00:00,7526.5,7527.25,7526.0,7526.25,396
2026-06-15 13:05:00,7526.25,7528.5,7526.0,7528.5,477
2026-06-15 13:10:00,7528.5,7529.75,7527.75,7529.0,410
2026-06-15 13:15:00,7528.5,7529.5,7528.25,7529.5,309
2026-06-15 13:20:00,7529.5,7530.0,7528.0,7528.25,403
2026-06-15 13:25:00,7528.25,7529.75,7527.5,7528.5,485
2026-06-15 13:30:00,7528.75,7529.75,7526.0,7527.75,631
2026-06-15 13:35:00,7527.5,7530.25,7526.75,7530.0,2022
2026-06-15 13:40:00,7530.0,7530.75,7529.25,7529.5,672
2026-06-15 13:45:00,7529.75,7530.5,7528.5,7530.0,476
2026-06-15 13:50:00,7529.75,7530.25,7528.0,7528.75,673
2026-06-15 13:55:00,7528.75,7531.25,7527.5,7531.25,454
2026-06-15 14:00:00,7531.25,7533.25,7530.25,7531.5,943
2026-06-15 14:05:00,7531.5,7531.5,7529.0,7529.0,862
2026-06-15 14:10:00,7529.5,7530.5,7529.0,7529.25,541
2026-06-15 14:15:00,7529.25,7529.25,7525.75,7527.25,733
2026-06-15 14:20:00,7527.25,7531.25,7526.5,7531.0,807
2026-06-15 14:25:00,7531.25,7532.25,7528.0,7528.75,841
2026-06-15 14:30:00,7528.75,7530.0,7524.75,7524.75,1233
2026-06-15 14:35:00,7524.75,7525.75,7523.0,7525.0,831
2026-06-15 14:40:00,7524.75,7527.25,7524.0,7526.5,833
2026-06-15 14:45:00,7526.75,7527.75,7525.75,7527.0,715
2026-06-15 14:50:00,7526.75,7528.25,7524.0,7524.0,1145
2026-06-15 14:55:00,7524.25,7526.25,7523.25,7526.0,571
2026-06-15 15:00:00,7526.0,7526.25,7521.25,7525.5,1591
2026-06-15 15:05:00,7525.75,7528.5,7525.5,7525.75,1185
2026-06-15 15:10:00,7525.5,7526.0,7523.5,7525.75,1083
2026-06-15 15:15:00,7525.75,7532.0,7524.75,7530.25,2888
2026-06-15 15:20:00,7530.25,7531.25,7526.5,7527.5,1847
2026-06-15 15:25:00,7527.25,7530.5,7526.5,7528.5,1117
2026-06-15 15:30:00,7528.25,7529.25,7525.75,7529.0,2153
2026-06-15 15:35:00,7529.0,7530.5,7527.5,7528.75,1630
2026-06-15 15:40:00,7528.5,7529.75,7526.75,7527.0,1553
2026-06-15 15:45:00,7527.0,7527.5,7524.5,7525.75,2279
2026-06-15 15:50:00,7525.75,7529.5,7524.75,7528.5,1189
2026-06-15 15:55:00,7528.5,7528.5,7522.25,7522.5,2504
2026-06-15 16:00:00,7522.25,7530.0,7522.0,7526.5,2255
2026-06-15 16:05:00,7526.5,7527.5,7523.25,7526.25,2198
2026-06-15 16:10:00,7526.5,7527.75,7524.75,7526.25,1863
2026-06-15 16:15:00,7526.0,7527.0,7523.25,7523.75,1216
2026-06-15 16:20:00,7523.75,7526.25,7523.25,7525.0,1954
2026-06-15 16:25:00,7525.0,7530.0,7525.0,7529.5,4092
2026-06-15 16:30:00,7529.5,7529.5,7526.0,7526.75,2701
2026-06-15 16:35:00,7526.75,7529.75,7526.5,7529.5,2834
2026-06-15 16:40:00,7529.5,7530.0,7528.25,7529.25,2111
2026-06-15 16:45:00,7529.0,7532.25,7528.25,7529.0,1886
2026-06-15 16:50:00,7528.75,7530.25,7526.0,7527.25,3332
2026-06-15 16:55:00,7527.25,7529.0,7525.75,7527.75,1160
2026-06-15 17:00:00,7527.75,7531.5,7527.75,7530.75,2838
2026-06-15 17:05:00,7530.75,7530.75,7528.25,7529.25,2003
2026-06-15 17:10:00,7529.5,7530.5,7526.0,7527.0,1894
2026-06-15 17:15:00,7526.75,7527.75,7524.75,7525.25,1730
2026-06-15 17:20:00,7525.25,7525.25,7522.0,7523.5,2376
2026-06-15 17:25:00,7523.5,7524.75,7521.0,7521.5,3267
2026-06-15 17:30:00,7521.5,7587.25,7521.0,7584.5,4522
2026-06-15 17:35:00,7584.75,7587.0,7584.25,7585.75,1226
2026-06-15 17:40:00,7586.0,7587.75,7584.75,7584.75,1263
2026-06-15 17:45:00,7584.5,7585.5,7583.0,7585.5,1476
2026-06-15 17:50:00,7585.75,7587.5,7585.0,7586.25,2127
2026-06-15 17:55:00,7586.25,7588.75,7585.75,7587.5,1593
2026-06-15 18:00:00,7587.5,7589.5,7587.0,7588.75,1694
2026-06-15 18:05:00,7588.75,7589.5,7587.5,7589.5,3997
2026-06-15 18:10:00,7589.75,7591.5,7589.5,7590.5,1351
2026-06-15 18:15:00,7590.5,7590.75,7588.0,7588.75,985
2026-06-15 18:20:00,7589.0,7590.0,7587.25,7590.0,1804
2026-06-15 18:25:00,7589.75,7591.5,7589.75,7591.25,1328
2026-06-15 18:30:00,7591.25,7591.25,7588.25,7589.0,1719
2026-06-15 18:35:00,7589.0,7590.25,7587.5,7587.75,1495
2026-06-15 18:40:00,7587.75,7590.25,7587.5,7590.0,1185
2026-06-15 18:45:00,7590.5,7591.0,7589.5,7591.0,1461
2026-06-15 18:50:00,7591.0,7591.5,7589.25,7590.75,1792
2026-06-15 18:55:00,7591.0,7592.75,7590.25,7592.0,2086
2026-06-15 19:00:00,7592.25,7595.0,7591.25,7593.5,3916
2026-06-15 19:05:00,7593.25,7595.75,7593.25,7595.0,1470
2026-06-15 19:10:00,7595.25,7598.0,7595.0,7597.25,3722
2026-06-15 19:15:00,7597.25,7599.25,7596.25,7598.25,2952
2026-06-15 19:20:00,7598.0,7601.0,7598.0,7600.75,2341
2026-06-15 19:25:00,7600.75,7600.75,7597.0,7599.5,3378
2026-06-15 19:30:00,7599.75,7602.25,7596.0,7596.5,2109
2026-06-15 19:35:00,7596.75,7596.75,7592.5,7595.5,3094
2026-06-15 19:40:00,7595.5,7597.5,7592.0,7592.75,2837
2026-06-15 19:45:00,7592.75,7595.75,7591.5,7594.0,4244
2026-06-15 19:50:00,7594.25,7600.25,7594.0,7599.25,3651
2026-06-15 19:55:00,7599.0,7599.0,7595.0,7595.5,2493
2026-06-15 20:00:00,7595.75,7597.5,7594.75,7596.25,1655
2026-06-15 20:05:00,7596.25,7598.5,7595.0,7596.25,2435
2026-06-15 20:10:00,7596.5,7599.0,7595.0,7595.25,2666
2026-06-15 20:15:00,7595.0,7596.75,7590.0,7591.5,5277
2026-06-15 20:20:00,7591.75,7593.0,7588.0,7590.0,5012
2026-06-15 20:25:00,7590.0,7592.0,7587.75,7589.25,6283
2026-06-15 20:30:00,7589.5,7591.5,7588.5,7589.5,5274
2026-06-15 20:35:00,7589.25,7591.5,7588.25,7591.0,9267
2026-06-15 20:40:00,7591.0,7595.5,7590.25,7592.0,10214
2026-06-15 20:45:00,7591.75,7592.75,7587.5,7592.5,6361
2026-06-15 20:50:00,7592.25,7593.5,7590.0,7591.5,3385
2026-06-15 20:55:00,7591.25,7594.75,7591.25,7594.5,3951
2026-06-15 21:00:00,7594.75,7595.0,7592.5,7592.75,5378
2026-06-15 21:05:00,7592.75,7595.0,7592.0,7594.75,4238
2026-06-15 21:10:00,7594.75,7597.0,7594.0,7596.75,6632
2026-06-15 21:15:00,7596.75,7598.75,7595.5,7597.75,5835
2026-06-15 21:20:00,7598.0,7599.0,7596.25,7598.75,7200
2026-06-15 21:25:00,7598.75,7601.0,7597.25,7599.25,8202
2026-06-15 21:30:00,7599.25,7612.0,7598.5,7608.0,50512
2026-06-15 21:35:00,7608.25,7616.0,7607.75,7612.0,33838
2026-06-15 21:40:00,7612.0,7614.25,7606.75,7609.5,31373
2026-06-15 21:45:00,7609.75,7620.5,7609.5,7619.25,35427
2026-06-15 21:50:00,7619.5,7622.5,7617.25,7618.25,22465
2026-06-15 21:55:00,7618.5,7622.0,7613.25,7614.25,26313
2026-06-15 22:00:00,7614.25,7621.0,7611.5,7617.75,31819
2026-06-15 22:05:00,7618.0,7620.75,7610.0,7613.0,24731
2026-06-15 22:10:00,7613.25,7614.0,7605.5,7611.0,30724
2026-06-15 22:15:00,7611.0,7614.5,7606.5,7613.75,26195
2026-06-15 22:20:00,7613.75,7615.75,7607.25,7610.75,23476
2026-06-15 22:25:00,7611.0,7618.0,7610.5,7617.25,28344
2026-06-15 22:30:00,7617.25,7618.25,7610.0,7612.75,24789
2026-06-15 22:35:00,7612.75,7616.5,7611.25,7614.5,22951
2026-06-15 22:40:00,7614.5,7615.0,7611.5,7613.75,20096
2026-06-15 22:45:00,7613.75,7619.25,7613.75,7615.75,20511
2026-06-15 22:50:00,7615.75,7621.5,7615.75,7620.25,22083
2026-06-15 22:55:00,7620.25,7625.0,7619.0,7623.0,25917
2026-06-15 23:00:00,7623.25,7629.0,7623.0,7627.25,31894
2026-06-15 23:05:00,7627.5,7629.0,7624.75,7628.0,20821
2026-06-15 23:10:00,7628.25,7629.25,7625.25,7628.0,20424
2026-06-15 23:15:00,7628.25,7629.5,7626.0,7627.5,15564
2026-06-15 23:20:00,7627.5,7632.0,7627.0,7629.5,24619
2026-06-15 23:25:00,7629.75,7634.0,7629.25,7632.75,27732
2026-06-15 23:30:00,7633.0,7636.0,7629.25,7630.0,26597
2026-06-15 23:35:00,7630.25,7635.0,7629.75,7634.0,17294
2026-06-15 23:40:00,7633.75,7637.0,7633.0,7636.0,17946
2026-06-15 23:45:00,7636.0,7642.25,7636.0,7641.5,16198
2026-06-15 23:50:00,7641.5,7643.0,7640.0,7641.75,14540
2026-06-15 23:55:00,7641.5,7644.5,7640.0,7643.25,14132
2026-06-16 00:00:00,7643.25,7648.75,7643.0,7646.0,21485
2026-06-16 00:05:00,7646.25,7647.0,7644.0,7644.75,16816
2026-06-16 00:10:00,7644.75,7646.75,7642.0,7643.25,16970
2026-06-16 00:15:00,7643.5,7645.0,7641.0,7643.25,15659
2026-06-16 00:20:00,7643.25,7646.5,7642.75,7646.0,13497
2026-06-16 00:25:00,7646.0,7647.5,7644.25,7646.75,14145
2026-06-16 00:30:00,7646.75,7648.25,7643.75,7644.0,15281
2026-06-16 00:35:00,7644.0,7645.25,7639.75,7641.0,13552
2026-06-16 00:40:00,7641.0,7644.25,7639.5,7641.0,16401
2026-06-16 00:45:00,7641.0,7641.0,7636.75,7638.5,12352
2026-06-16 00:50:00,7638.75,7641.5,7638.25,7638.75,17888
2026-06-16 00:55:00,7639.0,7641.5,7637.5,7640.5,20789
2026-06-16 01:00:00,7640.25,7642.25,7634.75,7639.75,21555
2026-06-16 01:05:00,7639.75,7641.25,7632.5,7635.75,16385
2026-06-16 01:10:00,7635.5,7641.0,7635.0,7639.75,11706
2026-06-16 01:15:00,7639.5,7644.0,7638.75,7641.75,11600
2026-06-16 01:20:00,7641.75,7644.75,7640.75,7643.5,17672
2026-06-16 01:25:00,7643.75,7646.5,7642.25,7643.5,18263
2026-06-16 01:30:00,7643.25,7645.25,7639.0,7641.25,15081
2026-06-16 01:35:00,7641.25,7643.75,7640.75,7642.25,11615
2026-06-16 01:40:00,7642.25,7642.5,7638.75,7639.5,10087
2026-06-16 01:45:00,7639.75,7640.5,7637.5,7639.25,10397
2026-06-16 01:50:00,7639.25,7640.0,7635.75,7636.0,12858
2026-06-16 01:55:00,7636.0,7636.25,7632.0,7633.5,14169
2026-06-16 02:00:00,7633.75,7635.0,7628.0,7629.75,18880
2026-06-16 02:05:00,7629.5,7633.75,7628.25,7631.5,15146
2026-06-16 02:10:00,7631.5,7634.0,7631.0,7633.5,17962
2026-06-16 02:15:00,7633.5,7635.5,7632.5,7632.75,11262
2026-06-16 02:20:00,7632.5,7633.25,7630.5,7631.25,13434
2026-06-16 02:25:00,7631.25,7632.75,7628.0,7628.75,14512
2026-06-16 02:30:00,7628.75,7631.5,7625.75,7629.75,13374
2026-06-16 02:35:00,7630.0,7634.5,7629.0,7633.75,12129
2026-06-16 02:40:00,7634.0,7635.25,7631.75,7634.25,10774
2026-06-16 02:45:00,7634.0,7636.25,7633.0,7633.75,10488
2026-06-16 02:50:00,7634.0,7634.75,7632.0,7633.25,7733
2026-06-16 02:55:00,7633.0,7634.5,7630.5,7631.5,9761
2026-06-16 03:00:00,7631.75,7632.25,7629.0,7629.75,13609
2026-06-16 03:05:00,7629.75,7631.5,7628.5,7630.25,11674
2026-06-16 03:10:00,7630.0,7632.75,7628.5,7632.0,12369
2026-06-16 03:15:00,7631.75,7634.5,7630.75,7631.5,10515
2026-06-16 03:20:00,7631.5,7631.75,7627.75,7628.25,11740
2026-06-16 03:25:00,7628.5,7629.25,7624.75,7625.0,12877
2026-06-16 03:30:00,7625.0,7628.25,7623.25,7624.25,17613
2026-06-16 03:35:00,7624.5,7625.5,7622.75,7624.75,14446
2026-06-16 03:40:00,7624.75,7626.75,7623.75,7625.5,18263
2026-06-16 03:45:00,7625.25,7631.25,7624.75,7629.25,26177
2026-06-16 03:50:00,7629.5,7629.5,7620.25,7621.75,49358
2026-06-16 03:55:00,7621.75,7631.25,7616.5,7630.0,152355
2026-06-16 04:00:00,7630.25,7631.75,7628.5,7629.25,40604
2026-06-16 04:05:00,7629.25,7629.25,7627.0,7628.5,7762
2026-06-16 04:10:00,7628.5,7629.25,7626.25,7628.0,4880
2026-06-16 04:15:00,7628.0,7628.5,7625.75,7628.0,2500
2026-06-16 04:20:00,7627.75,7628.25,7624.25,7624.75,1267
2026-06-16 04:25:00,7624.5,7626.25,7624.25,7625.5,1988
2026-06-16 04:30:00,7625.5,7628.0,7625.5,7627.5,1453
2026-06-16 04:35:00,7627.5,7628.0,7627.0,7627.5,2346
2026-06-16 04:40:00,7627.5,7628.0,7625.75,7626.25,3332
2026-06-16 04:45:00,7626.0,7629.0,7625.75,7627.5,1063
2026-06-16 04:50:00,7627.5,7627.5,7624.75,7626.25,1100
2026-06-16 04:55:00,7626.5,7626.75,7624.0,7624.25,1720
2026-06-16 06:00:00,7626.5,7630.25,7624.75,7626.0,0
2026-06-16 06:05:00,7625.75,7627.0,7623.0,7626.25,1111
2026-06-16 06:10:00,7626.25,7626.25,7618.5,7620.75,1842
2026-06-16 06:15:00,7621.0,7621.25,7617.0,7617.0,1247
2026-06-16 06:20:00,7617.25,7619.5,7614.75,7615.25,2014
2026-06-16 06:25:00,7615.5,7618.5,7612.0,7616.75,1943
2026-06-16 06:30:00,7616.75,7618.75,7616.0,7617.0,1343
2026-06-16 06:35:00,7617.0,7618.5,7615.25,7615.5,386
2026-06-16 06:40:00,7615.75,7616.5,7615.25,7616.0,210
2026-06-16 06:45:00,7616.0,7617.0,7615.5,7615.5,251
2026-06-16 06:50:00,7615.5,7619.5,7615.25,7616.25,1192
2026-06-16 06:55:00,7616.5,7618.5,7616.5,7617.5,338
2026-06-16 07:00:00,7617.25,7618.5,7615.75,7616.75,544
2026-06-16 07:05:00,7616.5,7617.75,7615.5,7616.25,370
2026-06-16 07:10:00,7616.25,7617.25,7615.0,7615.5,328
2026-06-16 07:15:00,7615.75,7616.5,7614.5,7614.75,242
2026-06-16 07:20:00,7615.0,7619.5,7615.0,7619.25,488
2026-06-16 07:25:00,7619.25,7622.0,7618.25,7621.0,955
2026-06-16 07:30:00,7621.0,7621.75,7617.0,7617.75,406
2026-06-16 07:35:00,7618.0,7619.25,7616.5,7618.0,303
2026-06-16 07:40:00,7618.0,7619.25,7616.75,7618.75,289
2026-06-16 07:45:00,7619.0,7620.5,7617.75,7618.75,594
2026-06-16 07:50:00,7618.75,7621.5,7617.75,7621.25,399
2026-06-16 07:55:00,7621.25,7621.5,7619.0,7620.5,470
2026-06-16 08:00:00,7620.25,7622.0,7615.5,7618.5,1014
2026-06-16 08:05:00,7618.25,7622.0,7617.75,7621.25,741
2026-06-16 08:10:00,7621.0,7622.5,7620.25,7620.75,445
2026-06-16 08:15:00,7620.75,7623.75,7619.75,7621.5,717
2026-06-16 08:20:00,7621.75,7621.75,7617.75,7619.25,741
2026-06-16 08:25:00,7619.0,7621.75,7617.5,7621.75,566
2026-06-16 08:30:00,7621.75,7625.0,7620.0,7621.5,1053
2026-06-16 08:35:00,7621.5,7621.75,7616.75,7618.25,785
2026-06-16 08:40:00,7618.25,7622.0,7617.25,7617.75,714
2026-06-16 08:45:00,7617.5,7619.5,7615.25,7615.5,658
2026-06-16 08:50:00,7615.5,7616.0,7612.75,7614.5,1114
2026-06-16 08:55:00,7614.5,7616.75,7614.25,7615.5,785
2026-06-16 09:00:00,7615.25,7618.75,7614.5,7618.5,754
2026-06-16 09:05:00,7618.5,7618.75,7613.75,7614.25,671
2026-06-16 09:10:00,7614.5,7616.5,7613.5,7615.5,777
2026-06-16 09:15:00,7615.0,7617.75,7614.5,7615.5,652
2026-06-16 09:20:00,7615.5,7617.5,7615.5,7616.0,430
2026-06-16 09:25:00,7616.0,7618.5,7616.0,7616.5,529
2026-06-16 09:30:00,7616.75,7617.75,7615.25,7616.75,555
2026-06-16 09:35:00,7616.75,7618.0,7614.75,7617.25,599
2026-06-16 09:40:00,7617.25,7617.5,7615.25,7616.0,652
2026-06-16 09:45:00,7615.75,7618.75,7615.5,7618.0,521
2026-06-16 09:50:00,7618.25,7618.25,7614.75,7615.75,383
2026-06-16 09:55:00,7615.75,7616.5,7614.0,7616.25,638
2026-06-16 10:00:00,7616.25,7617.0,7614.5,7615.0,570
2026-06-16 10:05:00,7615.25,7618.0,7614.75,7616.25,449
2026-06-16 10:10:00,7616.0,7616.0,7613.75,7615.5,522
2026-06-16 10:15:00,7615.25,7618.25,7615.0,7616.75,578
2026-06-16 10:20:00,7616.75,7618.25,7616.5,7617.0,338
2026-06-16 10:25:00,7616.75,7617.25,7616.5,7616.5,278
2026-06-16 10:30:00,7616.75,7619.75,7616.25,7619.25,575
2026-06-16 10:35:00,7619.25,7621.0,7619.25,7619.5,644
2026-06-16 10:40:00,7619.25,7619.75,7618.25,7619.5,267
2026-06-16 10:45:00,7619.5,7620.25,7619.0,7619.25,425
2026-06-16 10:50:00,7619.25,7619.25,7616.5,7617.0,375
2026-06-16 10:55:00,7616.75,7618.25,7615.75,7617.5,431
2026-06-16 11:00:00,7617.75,7618.75,7617.0,7618.75,509
2026-06-16 11:05:00,7618.5,7620.5,7618.5,7619.0,463
2026-06-16 11:10:00,7619.25,7619.5,7617.25,7617.75,222
2026-06-16 11:15:00,7617.5,7620.25,7617.25,7620.25,406
2026-06-16 11:20:00,7620.0,7622.25,7619.5,7622.0,762
2026-06-16 11:25:00,7622.0,7623.5,7621.5,7621.75,615
2026-06-16 11:30:00,7621.5,7624.75,7621.0,7624.5,838
2026-06-16 11:35:00,7624.75,7627.5,7624.25,7626.75,818
2026-06-16 11:40:00,7626.5,7627.5,7626.0,7626.5,541
2026-06-16 11:45:00,7626.5,7626.75,7623.5,7624.75,456
2026-06-16 11:50:00,7624.5,7625.25,7621.5,7622.0,578
2026-06-16 11:55:00,7622.0,7622.75,7621.0,7622.25,307
2026-06-16 12:05:00,7621.5,7621.5,7620.75,7621.25,750
2026-06-16 12:10:00,7621.5,7622.25,7621.25,7621.75,217
2026-06-16 12:15:00,7622.0,7622.5,7619.25,7619.75,318
2026-06-16 12:20:00,7619.75,7622.0,7619.75,7621.25,298
2026-06-16 12:25:00,7621.25,7621.5,7620.0,7620.25,297
2026-06-16 12:30:00,7620.5,7621.0,7619.5,7620.0,301
2026-06-16 12:35:00,7619.75,7621.5,7619.25,7621.25,204
2026-06-16 12:40:00,7621.5,7622.0,7619.25,7619.5,346
2026-06-16 12:45:00,7619.5,7620.0,7617.0,7618.0,590
2026-06-16 12:50:00,7617.75,7617.75,7615.25,7616.0,660
2026-06-16 12:55:00,7615.5,7619.0,7615.0,7618.25,534
2026-06-16 13:00:00,7618.5,7621.5,7618.5,7621.0,449
2026-06-16 13:05:00,7621.0,7622.0,7619.75,7621.5,357
2026-06-16 13:10:00,7621.5,7624.75,7621.5,7623.0,461
2026-06-16 13:15:00,7623.0,7625.25,7622.75,7624.75,292
2026-06-16 13:20:00,7624.5,7624.75,7622.5,7622.75,448
2026-06-16 13:25:00,7622.5,7623.0,7621.5,7621.75,435
2026-06-16 13:30:00,7621.75,7622.5,7616.25,7616.25,764
2026-06-16 13:35:00,7616.25,7619.5,7616.0,7617.75,694
2026-06-16 13:40:00,7617.75,7618.75,7617.0,7617.75,296
2026-06-16 13:45:00,7617.75,7620.0,7617.75,7618.25,498
2026-06-16 13:50:00,7618.25,7620.5,7618.0,7619.0,337
2026-06-16 13:55:00,7619.0,7619.25,7617.5,7618.25,421
2026-06-16 14:00:00,7618.0,7621.75,7617.0,7621.25,837
2026-06-16 14:05:00,7621.25,7623.0,7621.0,7622.25,496
2026-06-16 14:10:00,7622.25,7624.0,7621.5,7623.0,562
2026-06-16 14:15:00,7623.0,7623.5,7621.0,7621.0,344
2026-06-16 14:20:00,7621.0,7621.5,7619.75,7621.5,473
2026-06-16 14:25:00,7621.5,7623.25,7621.5,7623.25,565
2026-06-16 14:30:00,7623.0,7624.0,7621.5,7622.25,389
2026-06-16 14:35:00,7622.25,7623.75,7621.5,7622.0,483
2026-06-16 14:40:00,7622.0,7623.0,7621.0,7621.25,374
2026-06-16 14:45:00,7621.0,7621.75,7619.75,7620.25,500
2026-06-16 14:50:00,7620.25,7622.5,7620.0,7622.25,375
2026-06-16 14:55:00,7622.25,7622.75,7621.0,7622.25,537
2026-06-16 15:00:00,7622.25,7625.0,7622.0,7622.5,1481
2026-06-16 15:05:00,7622.25,7626.25,7622.0,7625.25,1649
2026-06-16 15:10:00,7625.5,7626.25,7623.5,7623.75,924
2026-06-16 15:15:00,7623.75,7626.25,7623.5,7625.5,1199
2026-06-16 15:20:00,7625.25,7626.5,7623.75,7624.25,1240
2026-06-16 15:25:00,7624.25,7627.75,7624.25,7626.5,753
2026-06-16 15:30:00,7626.5,7627.5,7625.0,7625.5,840
2026-06-16 15:35:00,7625.75,7627.75,7625.5,7627.25,938
2026-06-16 15:40:00,7627.25,7627.75,7622.0,7622.25,1227
2026-06-16 15:45:00,7622.0,7623.0,7620.25,7621.25,1619
2026-06-16 15:50:00,7621.25,7624.5,7621.0,7623.75,1563
2026-06-16 15:55:00,7623.75,7625.0,7623.25,7624.5,1485
2026-06-16 16:00:00,7624.5,7627.0,7622.75,7626.5,2507
2026-06-16 16:05:00,7626.75,7630.25,7625.5,7629.0,2510
2026-06-16 16:10:00,7629.0,7630.25,7626.0,7626.75,2124
2026-06-16 16:15:00,7626.75,7628.5,7625.0,7626.5,1950
2026-06-16 16:20:00,7626.5,7626.5,7624.0,7625.0,1900
2026-06-16 16:25:00,7625.25,7626.25,7624.25,7626.25,1970
2026-06-16 16:30:00,7626.25,7627.5,7622.5,7623.5,2331
2026-06-16 16:35:00,7623.75,7624.5,7620.75,7621.5,1820
2026-06-16 16:40:00,7621.5,7623.5,7620.75,7623.25,1061
2026-06-16 16:45:00,7623.25,7623.25,7620.75,7622.25,1433
2026-06-16 16:50:00,7622.25,7628.0,7622.0,7627.25,2836
2026-06-16 16:55:00,7627.25,7628.75,7625.25,7626.5,2816
2026-06-16 17:00:00,7626.5,7627.75,7625.25,7627.25,2649
2026-06-16 17:05:00,7627.25,7628.75,7627.0,7628.25,1931
2026-06-16 17:10:00,7628.0,7628.25,7626.5,7627.0,1714
2026-06-16 17:15:00,7627.0,7627.5,7622.0,7622.25,1867
2026-06-16 17:20:00,7622.25,7624.5,7622.25,7624.5,2028
2026-06-16 17:25:00,7624.5,7624.75,7622.25,7622.75,2172
2026-06-16 17:30:00,7622.75,7625.0,7622.75,7624.25,1623
2026-06-16 17:35:00,7624.25,7624.75,7622.75,7623.5,1708
2026-06-16 17:40:00,7623.0,7623.25,7620.25,7621.25,2405
2026-06-16 17:45:00,7621.75,7622.0,7619.25,7619.75,1592
2026-06-16 17:50:00,7620.0,7622.25,7619.75,7622.0,1843
2026-06-16 17:55:00,7622.0,7622.25,7618.75,7620.25,1779
2026-06-16 18:00:00,7620.5,7622.75,7620.5,7622.25,1849
2026-06-16 18:05:00,7622.5,7624.75,7622.0,7624.75,1826
2026-06-16 18:10:00,7624.75,7625.5,7623.5,7625.5,1068
2026-06-16 18:15:00,7625.5,7625.75,7623.75,7623.75,2318
2026-06-16 18:20:00,7624.0,7625.5,7622.75,7625.0,1866
2026-06-16 18:25:00,7625.0,7627.25,7625.0,7626.0,1402
2026-06-16 18:30:00,7626.25,7627.0,7624.5,7626.25,1093
2026-06-16 18:35:00,7626.25,7628.25,7624.75,7628.0,953
2026-06-16 18:40:00,7628.0,7628.0,7626.5,7627.0,1726
2026-06-16 18:45:00,7627.0,7628.0,7626.25,7627.5,860
2026-06-16 18:50:00,7627.5,7630.0,7626.75,7629.25,1906
2026-06-16 18:55:00,7629.25,7631.0,7629.0,7630.75,1503
2026-06-16 19:00:00,7630.5,7632.25,7629.5,7631.25,5122
2026-06-16 19:05:00,7631.5,7632.25,7628.75,7629.5,3428
2026-06-16 19:10:00,7629.25,7632.0,7628.5,7631.0,5828
2026-06-16 19:15:00,7631.0,7633.5,7629.75,7633.25,1767
2026-06-16 19:20:00,7633.25,7634.25,7630.75,7631.75,2783
2026-06-16 19:25:00,7631.75,7632.75,7629.0,7632.0,2235
2026-06-16 19:30:00,7631.75,7633.25,7631.0,7631.75,1389
2026-06-16 19:35:00,7631.75,7631.75,7629.0,7631.5,2490
2026-06-16 19:40:00,7631.5,7633.5,7630.75,7633.0,1454
2026-06-16 19:45:00,7633.0,7634.5,7632.5,7632.75,2331
2026-06-16 19:50:00,7632.75,7633.5,7630.5,7630.75,3263
2026-06-16 19:55:00,7630.5,7631.75,7630.5,7631.25,1679
2026-06-16 20:00:00,7631.25,7633.25,7630.25,7630.75,3309
2026-06-16 20:05:00,7630.75,7634.5,7630.75,7633.75,5469
2026-06-16 20:10:00,7634.0,7634.75,7631.0,7631.25,2421
2026-06-16 20:15:00,7631.25,7631.25,7628.0,7629.0,2533
2026-06-16 20:20:00,7629.0,7629.0,7623.0,7623.25,4247
2026-06-16 20:25:00,7623.25,7626.5,7622.0,7625.25,5185
2026-06-16 20:30:00,7625.5,7626.5,7622.5,7626.5,5483
2026-06-16 20:35:00,7626.5,7627.0,7623.75,7625.25,5859
2026-06-16 20:40:00,7625.25,7625.75,7623.0,7624.0,3609
2026-06-16 20:45:00,7623.75,7625.5,7622.25,7624.25,3037
2026-06-16 20:50:00,7624.25,7627.5,7624.0,7626.75,3195
2026-06-16 20:55:00,7627.0,7628.75,7625.0,7625.25,4155
2026-06-16 21:00:00,7625.0,7627.25,7623.5,7625.75,4107
2026-06-16 21:05:00,7625.75,7625.75,7620.75,7621.5,3898
2026-06-16 21:10:00,7621.75,7625.0,7620.5,7624.25,5492
2026-06-16 21:15:00,7624.5,7626.75,7622.0,7626.25,6140
2026-06-16 21:20:00,7626.5,7628.0,7626.25,7627.75,5224
2026-06-16 21:25:00,7627.75,7630.75,7626.75,7628.0,9094
2026-06-16 21:30:00,7627.75,7636.75,7624.25,7634.5,38793
2026-06-16 21:35:00,7634.75,7636.5,7629.75,7629.75,26543
2026-06-16 21:40:00,7630.0,7635.25,7628.5,7630.5,24741
2026-06-16 21:45:00,7630.5,7636.25,7628.75,7633.5,26650
2026-06-16 21:50:00,7633.5,7635.25,7630.0,7631.25,21347
2026-06-16 21:55:00,7631.5,7632.5,7621.75,7622.75,27547
2026-06-16 22:00:00,7622.75,7629.5,7622.25,7628.25,26333
2026-06-16 22:05:00,7628.5,7632.75,7623.5,7632.75,22280
2026-06-16 22:10:00,7633.0,7634.0,7628.0,7630.5,21655
2026-06-16 22:15:00,7630.25,7632.75,7620.25,7621.75,25722
2026-06-16 22:20:00,7621.75,7625.25,7613.0,7617.25,31347
2026-06-16 22:25:00,7617.25,7621.25,7612.25,7612.25,27300
2026-06-16 22:30:00,7612.0,7612.5,7604.0,7606.75,37341
2026-06-16 22:35:00,7606.75,7617.75,7606.25,7617.75,25240
2026-06-16 22:40:00,7617.5,7621.5,7614.25,7614.25,22744
2026-06-16 22:45:00,7614.25,7616.0,7611.5,7612.75,20611
2026-06-16 22:50:00,7612.75,7619.0,7612.5,7614.0,26174
2026-06-16 22:55:00,7614.0,7615.75,7606.5,7611.0,21572
2026-06-16 23:00:00,7611.0,7616.25,7610.25,7615.0,18468
2026-06-16 23:05:00,7615.0,7618.0,7611.75,7616.0,17492
2026-06-16 23:10:00,7616.0,7619.25,7612.5,7616.0,18487
2026-06-16 23:15:00,7615.75,7618.25,7611.5,7611.75,15925
2026-06-16 23:20:00,7612.0,7614.25,7607.5,7611.0,23823
2026-06-16 23:25:00,7610.75,7612.75,7604.5,7608.0,23937
2026-06-16 23:30:00,7608.0,7614.75,7608.0,7613.5,20810
2026-06-16 23:35:00,7613.5,7616.25,7608.0,7610.0,17998
2026-06-16 23:40:00,7610.25,7611.75,7605.75,7606.75,20339
2026-06-16 23:45:00,7607.0,7608.5,7599.0,7604.5,25326
2026-06-16 23:50:00,7604.25,7614.75,7602.5,7614.0,25418
2026-06-16 23:55:00,7614.25,7616.75,7609.5,7610.0,23593
2026-06-17 00:00:00,7609.75,7619.0,7609.5,7615.75,18224
2026-06-17 00:05:00,7616.0,7619.5,7615.25,7617.75,15861
2026-06-17 00:10:00,7617.75,7622.25,7616.25,7619.0,16530
2026-06-17 00:15:00,7619.25,7621.25,7615.5,7618.75,11806
2026-06-17 00:20:00,7619.0,7621.75,7616.75,7617.75,11376
2026-06-17 00:25:00,7617.75,7618.75,7614.25,7616.25,13740
2026-06-17 00:30:00,7616.0,7617.0,7607.0,7607.25,14088
2026-06-17 00:35:00,7607.25,7611.0,7606.75,7610.25,12677
2026-06-17 00:40:00,7610.25,7615.0,7608.25,7613.25,15161
2026-06-17 00:45:00,7613.0,7615.0,7610.0,7610.5,11577
2026-06-17 00:50:00,7610.75,7613.75,7607.25,7608.75,12122
2026-06-17 00:55:00,7609.0,7610.75,7606.0,7610.5,12970
2026-06-17 01:00:00,7610.25,7610.5,7604.75,7607.75,12496
2026-06-17 01:05:00,7607.75,7608.0,7604.75,7607.5,8657
2026-06-17 01:10:00,7607.5,7611.5,7606.75,7609.25,11164
2026-06-17 01:15:00,7609.25,7611.25,7604.25,7604.5,8910
2026-06-17 01:20:00,7604.75,7607.5,7602.0,7607.0,14942
2026-06-17 01:25:00,7607.0,7608.25,7604.25,7605.75,7471
2026-06-17 01:30:00,7605.5,7606.75,7603.25,7605.0,10514
2026-06-17 01:35:00,7605.0,7605.75,7598.75,7600.75,9484
2026-06-17 01:40:00,7601.0,7606.0,7599.0,7603.75,11537
2026-06-17 01:45:00,7603.5,7605.75,7601.25,7605.5,12776
2026-06-17 01:50:00,7605.75,7610.0,7604.0,7609.75,12828
2026-06-17 01:55:00,7609.75,7611.5,7605.25,7605.75,11683
2026-06-17 02:00:00,7605.5,7607.5,7604.0,7606.25,10890
2026-06-17 02:05:00,7606.0,7607.0,7603.5,7604.25,8810
2026-06-17 02:10:00,7604.0,7606.25,7603.75,7604.5,10273
2026-06-17 02:15:00,7604.75,7605.5,7601.75,7603.5,17610
2026-06-17 02:20:00,7603.5,7606.0,7602.5,7604.25,8085
2026-06-17 02:25:00,7604.25,7607.5,7604.0,7605.25,8262
2026-06-17 02:30:00,7605.25,7606.25,7602.25,7602.75,9260
2026-06-17 02:35:00,7602.75,7606.5,7601.5,7604.75,10269
2026-06-17 02:40:00,7604.75,7606.0,7603.5,7605.0,6275
2026-06-17 02:45:00,7605.25,7606.75,7602.0,7602.0,6613
2026-06-17 02:50:00,7602.25,7604.0,7601.5,7602.5,5381
2026-06-17 02:55:00,7602.5,7604.5,7600.5,7602.0,9291
2026-06-17 03:00:00,7602.0,7603.0,7597.75,7601.5,12753
2026-06-17 03:05:00,7601.5,7601.75,7597.25,7598.0,9158
2026-06-17 03:10:00,7598.0,7599.25,7592.5,7593.75,14760
2026-06-17 03:15:00,7593.75,7594.25,7584.75,7594.0,21539
2026-06-17 03:20:00,7594.0,7599.0,7592.5,7598.25,13877
2026-06-17 03:25:00,7598.25,7600.0,7594.0,7596.25,13081
2026-06-17 03:30:00,7596.25,7597.25,7590.5,7590.75,14339
2026-06-17 03:35:00,7590.75,7595.0,7588.0,7588.75,12976
2026-06-17 03:40:00,7588.5,7594.5,7587.5,7594.25,14107
2026-06-17 03:45:00,7594.25,7595.0,7590.0,7592.5,16866
2026-06-17 03:50:00,7592.5,7597.75,7589.25,7595.25,26254
2026-06-17 03:55:00,7595.25,7596.75,7583.0,7588.0,99841
2026-06-17 04:00:00,7588.0,7589.0,7581.5,7583.75,33501
2026-06-17 04:05:00,7583.75,7587.0,7582.75,7582.75,6657
2026-06-17 04:10:00,7583.0,7583.5,7581.25,7582.0,6667
2026-06-17 04:15:00,7582.0,7582.5,7578.0,7579.5,4518
2026-06-17 04:20:00,7579.5,7583.75,7579.0,7583.25,3130
2026-06-17 04:25:00,7583.25,7584.75,7583.0,7583.0,1882
2026-06-17 04:30:00,7582.75,7583.75,7582.25,7583.0,1632
2026-06-17 04:35:00,7583.0,7584.25,7581.75,7584.0,1308
2026-06-17 04:40:00,7584.0,7585.75,7584.0,7584.75,1701
2026-06-17 04:45:00,7585.0,7585.75,7584.25,7585.0,1067
2026-06-17 04:50:00,7585.0,7585.25,7582.5,7583.0,1733
2026-06-17 04:55:00,7583.25,7583.75,7581.25,7583.0,2210
2026-06-17 06:00:00,7581.25,7590.5,7581.25,7586.25,0
2026-06-17 06:05:00,7586.5,7591.5,7586.0,7591.5,620
2026-06-17 06:10:00,7591.75,7593.0,7591.0,7591.75,605
2026-06-17 06:15:00,7591.75,7593.25,7591.25,7591.75,615
2026-06-17 06:20:00,7592.0,7595.5,7590.25,7594.5,979
2026-06-17 06:25:00,7594.5,7595.0,7593.5,7593.5,215
2026-06-17 06:30:00,7593.75,7596.75,7593.5,7595.75,676
2026-06-17 06:35:00,7595.75,7596.0,7594.5,7595.25,462
2026-06-17 06:40:00,7595.25,7595.5,7590.75,7593.75,566
2026-06-17 06:45:00,7593.5,7595.0,7592.75,7594.5,391
2026-06-17 06:50:00,7594.5,7596.5,7594.5,7596.5,407
2026-06-17 06:55:00,7596.5,7597.5,7595.5,7596.5,427
2026-06-17 07:00:00,7596.5,7596.75,7593.0,7594.25,427
2026-06-17 07:05:00,7594.5,7595.75,7593.0,7595.0,461
2026-06-17 07:10:00,7595.0,7595.0,7590.5,7593.75,481
2026-06-17 07:15:00,7593.5,7594.0,7592.25,7593.25,154
2026-06-17 07:20:00,7593.0,7593.0,7591.25,7592.25,320
2026-06-17 07:25:00,7592.5,7593.0,7591.5,7592.0,234
2026-06-17 07:30:00,7592.0,7593.75,7591.5,7593.0,233
2026-06-17 07:35:00,7593.25,7594.75,7590.75,7591.75,478
2026-06-17 07:40:00,7591.75,7592.5,7590.0,7592.25,523
2026-06-17 07:45:00,7591.75,7594.5,7590.25,7591.75,358
2026-06-17 07:50:00,7591.75,7593.25,7589.25,7593.25,656
2026-06-17 07:55:00,7593.0,7593.0,7590.25,7591.75,345
2026-06-17 08:00:00,7592.0,7598.75,7592.0,7596.75,1288
2026-06-17 08:05:00,7597.0,7597.5,7594.5,7596.75,761
2026-06-17 08:10:00,7597.0,7598.0,7594.75,7594.75,732
2026-06-17 08:15:00,7595.0,7599.5,7595.0,7596.25,1062
2026-06-17 08:20:00,7596.25,7597.5,7594.25,7596.5,445
2026-06-17 08:25:00,7596.5,7597.75,7596.0,7597.5,417
2026-06-17 08:30:00,7597.25,7599.75,7596.25,7599.0,604
2026-06-17 08:35:00,7598.75,7600.5,7598.25,7598.75,478
2026-06-17 08:40:00,7598.75,7600.0,7598.0,7598.25,297
2026-06-17 08:45:00,7598.25,7598.75,7595.75,7598.5,401
2026-06-17 08:50:00,7598.25,7598.25,7595.25,7596.5,562
2026-06-17 08:55:00,7596.75,7597.75,7596.0,7597.0,254
2026-06-17 09:00:00,7597.0,7600.5,7595.25,7600.0,884
2026-06-17 09:05:00,7599.75,7602.75,7599.25,7602.5,1017
2026-06-17 09:10:00,7602.25,7602.75,7601.0,7601.0,473
2026-06-17 09:15:00,7601.0,7602.5,7599.75,7602.5,623
2026-06-17 09:20:00,7602.25,7603.75,7601.5,7603.75,719
2026-06-17 09:25:00,7603.75,7604.25,7603.0,7603.25,450
2026-06-17 09:30:00,7603.25,7604.25,7602.25,7603.25,522
2026-06-17 09:35:00,7603.0,7604.25,7603.0,7604.0,483
2026-06-17 09:40:00,7604.0,7605.25,7602.0,7602.5,814
2026-06-17 09:45:00,7602.5,7604.75,7602.5,7603.0,746
2026-06-17 09:50:00,7603.25,7604.75,7603.25,7604.0,326
2026-06-17 09:55:00,7604.25,7605.5,7604.25,7605.5,568
2026-06-17 10:00:00,7605.25,7605.5,7604.0,7604.0,488
2026-06-17 10:05:00,7604.25,7604.5,7603.25,7604.0,773
2026-06-17 10:10:00,7603.75,7605.25,7603.5,7605.0,371
2026-06-17 10:15:00,7605.0,7605.0,7603.75,7604.0,833
2026-06-17 10:20:00,7604.25,7605.5,7604.0,7605.25,305
2026-06-17 10:25:00,7605.0,7605.75,7603.75,7604.0,619
2026-06-17 10:30:00,7603.75,7604.0,7602.25,7602.25,591
2026-06-17 10:35:00,7602.5,7603.25,7601.5,7601.75,344
2026-06-17 10:40:00,7601.75,7603.25,7601.5,7603.25,211
2026-06-17 10:45:00,7603.25,7603.5,7601.25,7602.0,340
2026-06-17 10:50:00,7602.25,7602.5,7601.25,7601.75,253
2026-06-17 10:55:00,7601.75,7603.25,7601.75,7602.5,232
2026-06-17 11:00:00,7602.5,7604.5,7602.5,7603.5,392
2026-06-17 11:05:00,7603.5,7605.25,7603.0,7603.5,359
2026-06-17 11:10:00,7603.5,7604.25,7601.0,7601.25,359
2026-06-17 11:15:00,7601.25,7601.75,7599.5,7600.5,402
2026-06-17 11:20:00,7600.5,7601.0,7598.75,7600.0,338
2026-06-17 11:25:00,7600.0,7601.5,7600.0,7601.0,196
2026-06-17 11:30:00,7601.0,7602.0,7600.25,7601.5,304
2026-06-17 11:35:00,7601.75,7602.5,7600.75,7602.25,239
2026-06-17 11:40:00,7602.25,7605.5,7602.0,7604.5,577
2026-06-17 11:45:00,7604.25,7605.5,7604.0,7605.0,264
2026-06-17 11:50:00,7604.75,7606.25,7604.5,7606.0,425
2026-06-17 11:55:00,7605.75,7606.25,7605.25,7606.0,198
2026-06-17 12:05:00,7605.25,7605.5,7604.75,7605.25,598
2026-06-17 12:10:00,7605.5,7605.75,7604.5,7604.75,317
2026-06-17 12:15:00,7604.75,7606.25,7604.5,7606.25,182
2026-06-17 12:20:00,7606.25,7606.5,7605.75,7606.0,295
2026-06-17 12:25:00,7606.25,7606.5,7605.25,7605.5,255
2026-06-17 12:30:00,7605.25,7606.0,7603.5,7603.75,237
2026-06-17 12:35:00,7603.75,7604.25,7602.75,7602.75,303
2026-06-17 12:40:00,7602.75,7603.5,7601.0,7601.5,591
2026-06-17 12:45:00,7601.5,7605.75,7601.5,7605.0,431
2026-06-17 12:50:00,7605.0,7606.0,7604.5,7606.0,236
2026-06-17 12:55:00,7605.75,7606.25,7605.25,7606.0,362
2026-06-17 13:00:00,7606.0,7607.5,7605.5,7607.0,674
2026-06-17 13:05:00,7607.0,7607.5,7605.75,7605.75,452
2026-06-17 13:10:00,7605.75,7606.25,7605.0,7605.5,354
2026-06-17 13:15:00,7605.5,7606.5,7605.0,7606.0,576
2026-06-17 13:20:00,7606.0,7607.0,7605.75,7606.25,533
2026-06-17 13:25:00,7606.25,7606.75,7604.0,7604.5,445
2026-06-17 13:30:00,7604.5,7605.75,7603.75,7605.25,717
2026-06-17 13:35:00,7605.5,7608.0,7605.25,7607.75,572
2026-06-17 13:40:00,7607.75,7607.75,7605.25,7605.75,508
2026-06-17 13:45:00,7605.75,7607.5,7605.25,7607.0,359
2026-06-17 13:50:00,7607.0,7607.25,7605.5,7605.5,247
2026-06-17 13:55:00,7605.25,7605.75,7603.0,7604.0,497
2026-06-17 14:00:00,7603.75,7606.25,7603.0,7605.75,621
2026-06-17 14:05:00,7605.75,7607.25,7604.75,7606.25,539
2026-06-17 14:10:00,7606.5,7606.75,7604.5,7605.5,496
2026-06-17 14:15:00,7605.5,7606.25,7604.75,7605.0,567
2026-06-17 14:20:00,7604.75,7605.5,7603.75,7604.25,916
2026-06-17 14:25:00,7604.25,7604.25,7602.25,7602.75,870
2026-06-17 14:30:00,7602.75,7606.5,7601.25,7606.25,1030
2026-06-17 14:35:00,7606.25,7607.0,7605.5,7607.0,1105
2026-06-17 14:40:00,7607.25,7608.0,7606.5,7608.0,550
2026-06-17 14:45:00,7608.0,7609.25,7608.0,7608.75,554
2026-06-17 14:50:00,7608.75,7608.75,7607.25,7607.25,573
2026-06-17 14:55:00,7607.5,7609.25,7607.0,7609.0,737
2026-06-17 15:00:00,7608.75,7611.0,7608.25,7609.25,1738
2026-06-17 15:05:00,7609.5,7610.75,7608.75,7610.5,1189
2026-06-17 15:10:00,7610.75,7612.0,7609.75,7611.75,1305
2026-06-17 15:15:00,7611.5,7612.5,7607.0,7607.5,1966
2026-06-17 15:20:00,7607.75,7608.0,7604.75,7605.0,864
2026-06-17 15:25:00,7605.0,7605.25,7603.5,7604.75,857
2026-06-17 15:30:00,7604.75,7606.75,7603.25,7604.25,1245
2026-06-17 15:35:00,7604.0,7607.25,7604.0,7607.0,826
2026-06-17 15:40:00,7607.0,7608.25,7606.0,7606.25,739
2026-06-17 15:45:00,7606.25,7606.5,7604.25,7604.75,892
2026-06-17 15:50:00,7604.5,7607.0,7604.5,7605.5,921
2026-06-17 15:55:00,7605.5,7607.0,7605.0,7605.75,1076
2026-06-17 16:00:00,7605.75,7608.25,7604.5,7605.5,1247
2026-06-17 16:05:00,7605.5,7608.0,7605.5,7607.25,1276
2026-06-17 16:10:00,7607.0,7607.0,7597.75,7598.5,2252
2026-06-17 16:15:00,7598.75,7601.25,7598.25,7599.0,1269
2026-06-17 16:20:00,7598.75,7601.0,7598.0,7600.5,974
2026-06-17 16:25:00,7600.25,7602.25,7599.25,7599.5,894
2026-06-17 16:30:00,7599.5,7600.5,7595.0,7597.5,1630
2026-06-17 16:35:00,7597.5,7598.25,7593.5,7593.75,1942
2026-06-17 16:40:00,7594.0,7597.0,7593.5,7594.0,1449
2026-06-17 16:45:00,7594.0,7594.5,7591.75,7591.75,1759
2026-06-17 16:50:00,7592.0,7597.5,7592.0,7597.0,1473
2026-06-17 16:55:00,7597.0,7600.0,7596.5,7599.75,1593
2026-06-17 17:00:00,7600.0,7601.0,7598.75,7599.75,1191
2026-06-17 17:05:00,7599.5,7600.25,7597.5,7597.75,1721
2026-06-17 17:10:00,7597.75,7598.25,7596.5,7598.0,580
2026-06-17 17:15:00,7598.25,7599.75,7597.5,7598.0,1288
2026-06-17 17:20:00,7597.75,7600.5,7597.25,7599.75,1218
2026-06-17 17:25:00,7599.75,7601.75,7599.5,7601.0,934
2026-06-17 17:30:00,7601.0,7602.75,7598.0,7598.25,1359
2026-06-17 17:35:00,7598.0,7598.75,7596.0,7597.25,707
2026-06-17 17:40:00,7597.25,7598.5,7596.5,7597.25,1017
2026-06-17 17:45:00,7597.25,7598.25,7594.75,7595.0,1358
2026-06-17 17:50:00,7595.0,7595.0,7590.75,7592.25,1409
2026-06-17 17:55:00,7592.25,7593.25,7590.5,7592.25,1439
2026-06-17 18:00:00,7592.25,7592.5,7587.5,7588.25,2378
2026-06-17 18:05:00,7588.25,7589.75,7585.25,7589.25,2753
2026-06-17 18:10:00,7589.25,7589.75,7586.75,7589.25,1317
2026-06-17 18:15:00,7589.0,7589.5,7586.75,7586.75,1585
2026-06-17 18:20:00,7586.75,7593.75,7586.75,7593.25,1232
2026-06-17 18:25:00,7593.5,7594.25,7591.5,7591.5,971
2026-06-17 18:30:00,7591.75,7592.75,7590.75,7591.25,954
2026-06-17 18:35:00,7591.25,7593.5,7590.5,7593.5,466
2026-06-17 18:40:00,7593.25,7595.75,7592.25,7595.75,691
2026-06-17 18:45:00,7595.75,7596.0,7594.0,7595.25,911
2026-06-17 18:50:00,7595.75,7598.25,7593.25,7593.75,1267
2026-06-17 18:55:00,7593.5,7594.5,7590.25,7591.0,1272
2026-06-17 19:00:00,7591.25,7593.25,7589.75,7592.5,1267
2026-06-17 19:05:00,7592.5,7596.5,7591.5,7594.5,1113
2026-06-17 19:10:00,7594.75,7596.25,7594.5,7595.75,597
2026-06-17 19:15:00,7595.5,7596.75,7594.75,7596.5,1151
2026-06-17 19:20:00,7596.75,7597.75,7595.5,7596.0,1067
2026-06-17 19:25:00,7596.25,7596.5,7593.5,7594.5,657
2026-06-17 19:30:00,7594.25,7594.5,7592.0,7593.5,1151
2026-06-17 19:35:00,7593.5,7593.5,7592.0,7592.5,786
2026-06-17 19:40:00,7592.5,7594.25,7589.0,7589.5,1760
2026-06-17 19:45:00,7589.5,7591.0,7585.5,7586.25,1860
2026-06-17 19:50:00,7586.5,7587.75,7585.0,7586.0,1926
2026-06-17 19:55:00,7585.75,7586.75,7583.0,7586.5,2662
2026-06-17 20:00:00,7586.75,7589.75,7586.25,7588.75,2020
2026-06-17 20:05:00,7589.0,7592.75,7588.25,7591.25,1895
2026-06-17 20:10:00,7591.5,7593.5,7590.5,7592.75,1629
2026-06-17 20:15:00,7592.75,7593.0,7589.5,7590.75,2152
2026-06-17 20:20:00,7590.75,7592.75,7589.25,7591.25,2224
2026-06-17 20:25:00,7591.25,7593.5,7589.75,7590.25,2154
2026-06-17 20:30:00,7590.25,7595.25,7590.0,7593.5,3228
2026-06-17 20:35:00,7593.5,7596.5,7591.75,7592.25,2397
2026-06-17 20:40:00,7592.25,7595.25,7590.0,7594.75,2455
2026-06-17 20:45:00,7594.5,7596.0,7593.5,7594.5,1671
2026-06-17 20:50:00,7594.75,7596.25,7594.25,7595.75,1333
2026-06-17 20:55:00,7595.75,7596.0,7592.75,7595.25,2398
2026-06-17 21:00:00,7595.25,7595.75,7593.25,7594.75,2368
2026-06-17 21:05:00,7594.75,7595.0,7591.0,7591.75,2101
2026-06-17 21:10:00,7592.0,7595.5,7591.75,7594.25,1932
2026-06-17 21:15:00,7594.25,7598.75,7594.0,7597.5,3372
2026-06-17 21:20:00,7597.75,7598.0,7596.0,7597.5,3097
2026-06-17 21:25:00,7597.25,7598.75,7590.25,7595.75,7403
2026-06-17 21:30:00,7595.75,7596.0,7584.75,7589.5,33435
2026-06-17 21:35:00,7589.5,7593.25,7585.0,7586.25,21994
2026-06-17 21:40:00,7586.5,7598.0,7583.25,7598.0,23291
2026-06-17 21:45:00,7598.0,7600.25,7593.75,7594.0,21207
2026-06-17 21:50:00,7593.75,7597.5,7591.5,7596.0,16598
2026-06-17 21:55:00,7596.0,7596.25,7581.0,7581.0,18880
2026-06-17 22:00:00,7581.25,7589.0,7578.5,7587.0,24598
2026-06-17 22:05:00,7587.0,7593.25,7582.25,7589.25,17217
2026-06-17 22:10:00,7589.25,7595.0,7585.25,7594.75,14645
2026-06-17 22:15:00,7594.75,7598.25,7593.25,7595.75,15570
2026-06-17 22:20:00,7595.75,7604.25,7593.75,7603.75,14740
2026-06-17 22:25:00,7603.75,7603.75,7597.25,7599.25,14766
2026-06-17 22:30:00,7599.25,7599.75,7586.25,7590.25,16100
2026-06-17 22:35:00,7590.0,7590.75,7582.25,7582.75,17369
2026-06-17 22:40:00,7582.75,7586.0,7574.0,7584.0,25091
2026-06-17 22:45:00,7584.0,7588.75,7560.5,7576.25,48118
2026-06-17 22:50:00,7576.0,7584.5,7572.5,7582.5,20060
2026-06-17 22:55:00,7582.5,7582.75,7571.25,7572.5,14292
2026-06-17 23:00:00,7572.25,7577.5,7571.0,7574.5,14526
2026-06-17 23:05:00,7574.5,7577.0,7568.0,7569.5,14271
2026-06-17 23:10:00,7569.25,7579.75,7569.25,7578.25,12337
2026-06-17 23:15:00,7578.25,7584.75,7575.5,7580.25,16391
2026-06-17 23:20:00,7580.25,7583.25,7578.25,7581.0,11963
2026-06-17 23:25:00,7581.0,7582.5,7578.25,7582.25,11049
2026-06-17 23:30:00,7582.0,7590.0,7580.0,7588.0,11169
2026-06-17 23:35:00,7588.0,7590.5,7585.25,7589.5,9566
2026-06-17 23:40:00,7589.5,7590.5,7584.25,7586.25,8595
2026-06-17 23:45:00,7586.25,7589.75,7585.5,7589.25,7953
2026-06-17 23:50:00,7589.5,7591.25,7585.75,7587.0,6695
2026-06-17 23:55:00,7586.75,7590.75,7585.75,7588.75,7467
2026-06-18 00:00:00,7589.0,7592.0,7589.0,7590.0,5709
2026-06-18 00:05:00,7590.0,7590.5,7587.5,7588.75,6032
2026-06-18 00:10:00,7588.75,7589.0,7585.5,7588.75,4630
2026-06-18 00:15:00,7588.75,7592.25,7587.0,7592.0,8404
2026-06-18 00:20:00,7592.0,7593.25,7590.0,7592.25,4434
2026-06-18 00:25:00,7592.25,7593.25,7590.0,7590.25,4849
2026-06-18 00:30:00,7590.25,7591.25,7585.5,7586.0,8769
2026-06-18 00:35:00,7586.0,7588.75,7584.25,7588.0,6716
2026-06-18 00:40:00,7588.0,7588.0,7581.75,7584.75,7108
2026-06-18 00:45:00,7585.0,7585.0,7581.75,7583.25,6804
2026-06-18 00:50:00,7583.0,7585.75,7582.0,7582.5,4897
2026-06-18 00:55:00,7582.75,7585.5,7581.5,7582.75,6082
2026-06-18 01:00:00,7582.5,7583.0,7575.75,7577.25,8541
2026-06-18 01:05:00,7577.25,7579.0,7568.5,7576.5,15830
2026-06-18 01:10:00,7576.5,7579.0,7574.75,7575.25,7632
2026-06-18 01:15:00,7575.0,7576.25,7572.0,7576.25,9572
2026-06-18 01:20:00,7576.0,7578.75,7573.0,7575.75,6822
2026-06-18 01:25:00,7575.75,7579.75,7574.25,7578.25,7304
2026-06-18 01:30:00,7578.25,7578.25,7572.5,7573.5,8147
2026-06-18 01:35:00,7573.5,7579.0,7572.75,7577.5,7161
2026-06-18 01:40:00,7577.5,7577.75,7573.75,7574.25,5254
2026-06-18 01:45:00,7574.25,7578.0,7573.0,7577.25,7356
2026-06-18 01:50:00,7577.25,7587.25,7576.5,7585.0,9856
2026-06-18 01:55:00,7584.75,7589.75,7582.5,7588.75,6829
2026-06-18 02:00:00,7588.25,7590.75,7531.25,7531.75,48449
2026-06-18 02:05:00,7531.75,7549.0,7514.5,7546.5,53883
2026-06-18 02:10:00,7546.5,7551.75,7539.75,7546.25,26308
2026-06-18 02:15:00,7546.0,7560.25,7545.75,7556.75,21558
2026-06-18 02:20:00,7556.75,7558.5,7540.0,7542.0,18963
2026-06-18 02:25:00,7542.0,7545.75,7533.75,7542.75,20900
2026-06-18 02:30:00,7542.5,7562.5,7535.75,7537.25,40919
2026-06-18 02:35:00,7537.25,7569.25,7537.25,7560.75,25148
2026-06-18 02:40:00,7561.0,7584.25,7557.0,7580.25,27725
2026-06-18 02:45:00,7580.25,7580.75,7566.25,7568.75,18154
2026-06-18 02:50:00,7568.5,7574.25,7562.0,7564.0,16538
2026-06-18 02:55:00,7564.0,7564.25,7531.5,7540.75,26092
2026-06-18 03:00:00,7540.5,7552.0,7536.5,7541.25,27660
2026-06-18 03:05:00,7541.25,7548.5,7536.25,7538.0,18599
2026-06-18 03:10:00,7538.0,7551.5,7524.25,7547.0,27232
2026-06-18 03:15:00,7547.0,7548.5,7521.25,7521.5,20130
2026-06-18 03:20:00,7521.5,7522.0,7497.25,7498.25,41504
2026-06-18 03:25:00,7498.25,7513.75,7497.25,7500.25,27107
2026-06-18 03:30:00,7500.25,7503.75,7488.0,7489.0,30833
2026-06-18 03:35:00,7489.0,7500.0,7472.25,7475.5,32780
2026-06-18 03:40:00,7475.25,7485.25,7473.25,7479.75,37050
2026-06-18 03:45:00,7479.75,7497.75,7478.5,7489.0,29601
2026-06-18 03:50:00,7488.75,7493.75,7474.0,7481.25,39004
2026-06-18 03:55:00,7481.25,7498.75,7480.0,7492.5,88099
2026-06-18 04:00:00,7492.25,7504.5,7492.0,7497.75,28919
2026-06-18 04:05:00,7497.75,7498.75,7492.75,7498.0,9325
2026-06-18 04:10:00,7498.25,7501.75,7490.25,7492.5,10844
2026-06-18 04:15:00,7492.5,7503.0,7490.0,7502.5,5392
2026-06-18 04:20:00,7502.75,7508.5,7502.75,7504.75,5108
2026-06-18 04:25:00,7505.0,7510.0,7504.0,7508.0,2251
2026-06-18 04:30:00,7508.25,7510.75,7505.75,7508.5,2895
2026-06-18 04:35:00,7508.5,7515.25,7508.25,7513.25,2795
2026-06-18 04:40:00,7513.25,7513.5,7509.5,7511.5,1638
2026-06-18 04:45:00,7511.25,7511.75,7508.75,7508.75,1639
2026-06-18 04:50:00,7509.0,7510.75,7507.25,7510.25,2202
2026-06-18 04:55:00,7510.25,7511.25,7508.75,7511.0,2464
2026-06-18 06:00:00,7512.5,7515.0,7504.25,7507.5,0
2026-06-18 06:05:00,7507.5,7517.25,7507.5,7517.0,1555
2026-06-18 06:10:00,7516.75,7521.75,7516.25,7519.75,1790
2026-06-18 06:15:00,7520.0,7521.75,7518.25,7519.25,901
2026-06-18 06:20:00,7519.25,7526.25,7519.25,7525.75,1823
2026-06-18 06:25:00,7525.75,7526.75,7523.25,7523.5,1442
2026-06-18 06:30:00,7523.25,7525.0,7522.25,7523.5,1060
2026-06-18 06:35:00,7523.5,7527.25,7523.5,7525.0,852
2026-06-18 06:40:00,7525.0,7525.5,7523.5,7524.25,293
2026-06-18 06:45:00,7524.0,7526.75,7524.0,7526.25,410
2026-06-18 06:50:00,7526.0,7527.5,7525.75,7527.5,480
2026-06-18 06:55:00,7527.75,7527.75,7525.25,7525.5,568
2026-06-18 07:00:00,7525.75,7527.75,7525.25,7527.5,361
2026-06-18 07:05:00,7527.5,7528.5,7524.25,7528.25,855
2026-06-18 07:10:00,7528.25,7531.75,7527.5,7531.75,907
2026-06-18 07:15:00,7531.5,7534.25,7531.0,7534.0,1113
2026-06-18 07:20:00,7534.25,7537.25,7534.0,7536.75,1322
2026-06-18 07:25:00,7536.75,7539.25,7536.75,7537.75,786
2026-06-18 07:30:00,7538.0,7539.5,7536.75,7538.5,769
2026-06-18 07:35:00,7538.5,7538.5,7534.25,7536.0,861
2026-06-18 07:40:00,7536.0,7536.25,7534.0,7535.25,416
2026-06-18 07:45:00,7535.5,7538.0,7534.5,7537.0,600
2026-06-18 07:50:00,7537.25,7539.5,7536.25,7538.25,584
2026-06-18 07:55:00,7538.25,7541.25,7537.25,7541.25,806
2026-06-18 08:00:00,7541.5,7550.5,7539.75,7549.5,3235
2026-06-18 08:05:00,7549.5,7558.0,7549.25,7555.5,2813
2026-06-18 08:10:00,7555.5,7559.25,7553.5,7558.75,2062
2026-06-18 08:15:00,7559.0,7560.5,7554.75,7554.75,2645
2026-06-18 08:20:00,7555.0,7556.0,7552.25,7553.0,1375
2026-06-18 08:25:00,7553.0,7553.0,7549.0,7552.75,1897
2026-06-18 08:30:00,7552.75,7557.75,7552.75,7556.25,1574
2026-06-18 08:35:00,7556.25,7558.0,7553.75,7557.75,944
2026-06-18 08:40:00,7557.75,7558.25,7554.0,7556.25,1156
2026-06-18 08:45:00,7556.25,7557.0,7553.25,7554.25,1011
2026-06-18 08:50:00,7554.0,7554.25,7548.0,7552.75,2203
2026-06-18 08:55:00,7552.75,7552.75,7549.0,7550.75,1351
2026-06-18 09:00:00,7550.75,7557.75,7550.0,7556.5,1405
2026-06-18 09:05:00,7556.25,7558.75,7555.5,7557.5,1046
2026-06-18 09:10:00,7557.75,7560.75,7557.0,7559.25,946
2026-06-18 09:15:00,7559.25,7559.75,7554.75,7556.5,958
2026-06-18 09:20:00,7556.5,7560.5,7556.25,7558.5,835
2026-06-18 09:25:00,7558.5,7561.25,7556.75,7556.75,988
2026-06-18 09:30:00,7557.25,7559.25,7556.75,7556.75,874
2026-06-18 09:35:00,7557.0,7557.5,7554.0,7555.0,1092
2026-06-18 09:40:00,7555.25,7557.0,7553.75,7554.75,729
2026-06-18 09:45:00,7554.75,7554.75,7550.25,7552.5,1261
2026-06-18 09:50:00,7552.75,7556.25,7552.0,7554.0,733
2026-06-18 09:55:00,7554.0,7554.75,7551.75,7553.0,615
2026-06-18 10:00:00,7553.0,7556.25,7552.0,7556.25,787
2026-06-18 10:05:00,7556.25,7558.25,7556.0,7557.75,583
2026-06-18 10:10:00,7557.5,7559.75,7556.25,7557.5,431
2026-06-18 10:15:00,7557.5,7558.0,7554.75,7555.0,431
2026-06-18 10:20:00,7555.0,7556.75,7554.5,7556.5,269
2026-06-18 10:25:00,7556.5,7556.5,7554.75,7555.5,280
2026-06-18 10:30:00,7555.75,7556.5,7553.25,7555.75,412
2026-06-18 10:35:00,7555.5,7556.75,7554.5,7556.5,280
2026-06-18 10:40:00,7556.25,7557.5,7556.0,7557.0,294
2026-06-18 10:45:00,7557.0,7557.75,7555.25,7556.75,444
2026-06-18 10:50:00,7556.75,7558.5,7556.25,7557.5,541
2026-06-18 10:55:00,7557.75,7557.75,7556.0,7556.75,304
2026-06-18 11:00:00,7556.5,7558.25,7556.5,7557.25,440
2026-06-18 11:05:00,7557.0,7557.75,7555.0,7555.0,580
2026-06-18 11:10:00,7555.0,7555.5,7552.5,7553.0,779
2026-06-18 11:15:00,7553.0,7554.25,7552.25,7554.0,517
2026-06-18 11:20:00,7553.75,7556.75,7553.75,7555.75,623
2026-06-18 11:25:00,7555.5,7557.5,7555.0,7556.5,317
2026-06-18 11:30:00,7556.75,7558.75,7554.75,7555.0,408
2026-06-18 11:35:00,7555.0,7555.0,7550.75,7551.75,555
2026-06-18 11:40:00,7551.75,7552.75,7550.25,7551.5,417
2026-06-18 11:45:00,7551.5,7554.0,7551.25,7554.0,519
2026-06-18 11:50:00,7554.0,7555.25,7553.25,7554.75,381
2026-06-18 11:55:00,7555.0,7556.5,7554.5,7555.0,313
2026-06-18 12:05:00,7552.5,7553.0,7552.25,7553.0,1046
2026-06-18 12:10:00,7553.25,7553.5,7549.25,7549.5,670
2026-06-18 12:15:00,7549.5,7551.5,7547.75,7548.0,634
2026-06-18 12:20:00,7547.75,7547.75,7545.5,7546.25,717
2026-06-18 12:25:00,7546.25,7547.75,7544.75,7546.75,762
2026-06-18 12:30:00,7546.5,7546.75,7543.5,7544.75,600
2026-06-18 12:35:00,7544.75,7546.0,7542.75,7543.0,528
2026-06-18 12:40:00,7542.75,7543.5,7540.5,7541.0,850
2026-06-18 12:45:00,7540.5,7542.5,7539.25,7542.25,730
2026-06-18 12:50:00,7542.25,7545.75,7541.75,7545.0,548
2026-06-18 12:55:00,7545.25,7546.25,7543.75,7544.75,397
2026-06-18 13:00:00,7545.0,7547.5,7542.75,7547.25,515
2026-06-18 13:05:00,7547.0,7548.0,7546.0,7546.5,567
2026-06-18 13:10:00,7546.75,7547.25,7544.0,7544.75,381
2026-06-18 13:15:00,7544.5,7549.25,7544.0,7548.5,582
2026-06-18 13:20:00,7548.5,7549.5,7547.75,7548.0,266
2026-06-18 13:25:00,7548.25,7549.25,7546.5,7548.25,444
2026-06-18 13:30:00,7548.5,7550.5,7547.75,7549.25,634
2026-06-18 13:35:00,7549.0,7549.5,7546.5,7547.5,483
2026-06-18 13:40:00,7547.75,7549.75,7547.5,7548.0,544
2026-06-18 13:45:00,7547.75,7548.0,7545.25,7545.75,331
2026-06-18 13:50:00,7545.75,7546.0,7544.25,7545.25,343
2026-06-18 13:55:00,7544.75,7547.0,7544.75,7546.5,426
2026-06-18 14:00:00,7546.25,7548.5,7543.5,7547.5,798
2026-06-18 14:05:00,7547.25,7547.5,7541.25,7542.0,780
2026-06-18 14:10:00,7541.75,7544.75,7541.25,7544.5,1226
2026-06-18 14:15:00,7544.5,7545.75,7541.0,7541.5,944
2026-06-18 14:20:00,7541.75,7546.25,7541.5,7544.5,700
2026-06-18 14:25:00,7544.75,7550.75,7543.25,7550.25,1151
2026-06-18 14:30:00,7550.25,7550.25,7546.75,7547.75,737
2026-06-18 14:35:00,7547.5,7547.75,7545.25,7546.75,1293
2026-06-18 14:40:00,7546.5,7546.75,7543.75,7546.5,624
2026-06-18 14:45:00,7546.75,7552.25,7546.5,7551.5,937
2026-06-18 14:50:00,7551.75,7551.75,7550.0,7551.0,487
2026-06-18 14:55:00,7551.0,7557.25,7551.0,7556.75,1921
2026-06-18 15:00:00,7556.5,7558.0,7555.25,7557.75,1923
2026-06-18 15:05:00,7557.75,7559.0,7556.0,7558.25,1491
2026-06-18 15:10:00,7558.25,7558.25,7550.25,7551.5,1668
2026-06-18 15:15:00,7551.5,7554.0,7550.5,7552.75,1282
2026-06-18 15:20:00,7553.0,7556.25,7552.75,7556.0,760
2026-06-18 15:25:00,7556.0,7559.25,7555.0,7558.75,1069
2026-06-18 15:30:00,7558.5,7558.5,7553.5,7556.5,1062
2026-06-18 15:35:00,7557.0,7558.0,7555.25,7556.25,1022
2026-06-18 15:40:00,7556.25,7557.0,7555.25,7556.75,673
2026-06-18 15:45:00,7556.75,7557.25,7554.5,7556.5,972
2026-06-18 15:50:00,7556.5,7556.75,7554.0,7554.5,892
2026-06-18 15:55:00,7554.5,7559.5,7554.25,7559.25,882
2026-06-18 16:00:00,7559.5,7563.5,7559.5,7562.0,2152
2026-06-18 16:05:00,7562.0,7568.0,7561.25,7567.5,3124
2026-06-18 16:10:00,7567.5,7568.25,7564.5,7565.25,1854
2026-06-18 16:15:00,7565.25,7566.0,7562.5,7562.75,1498
2026-06-18 16:20:00,7562.75,7563.5,7556.25,7557.5,1800
2026-06-18 16:25:00,7557.5,7557.75,7555.5,7556.5,1447
2026-06-18 16:30:00,7556.5,7558.5,7554.75,7557.0,1829
2026-06-18 16:35:00,7556.75,7558.5,7555.0,7558.0,804
2026-06-18 16:40:00,7558.25,7560.0,7557.0,7557.25,1094
2026-06-18 16:45:00,7557.25,7558.25,7554.25,7557.0,881
2026-06-18 16:50:00,7556.75,7556.75,7551.75,7553.0,1375
2026-06-18 16:55:00,7553.0,7554.0,7547.0,7547.75,1712
2026-06-18 17:00:00,7548.25,7552.0,7545.75,7552.0,1371
2026-06-18 17:05:00,7552.0,7553.0,7550.5,7551.0,1427
2026-06-18 17:10:00,7551.0,7553.75,7548.75,7553.0,890
2026-06-18 17:15:00,7553.25,7556.25,7553.25,7554.75,1373
2026-06-18 17:20:00,7554.5,7554.5,7551.75,7552.5,1001
2026-06-18 17:25:00,7552.5,7554.25,7552.25,7554.0,691
2026-06-18 17:30:00,7554.0,7555.25,7552.5,7553.75,1135
2026-06-18 17:35:00,7553.75,7558.5,7553.5,7558.25,921
2026-06-18 17:40:00,7558.25,7560.0,7557.5,7559.25,914
2026-06-18 17:45:00,7559.25,7563.75,7559.25,7562.75,1336
2026-06-18 17:50:00,7563.0,7563.75,7561.5,7562.25,1152
2026-06-18 17:55:00,7562.0,7564.0,7561.75,7563.25,1282
2026-06-18 18:00:00,7563.25,7563.5,7560.0,7560.75,1074
2026-06-18 18:05:00,7560.75,7562.5,7559.0,7560.0,1471
2026-06-18 18:10:00,7560.0,7563.5,7559.0,7563.25,1199
2026-06-18 18:15:00,7563.25,7564.25,7561.75,7563.5,964
2026-06-18 18:20:00,7563.5,7564.75,7560.5,7560.75,867
2026-06-18 18:25:00,7560.75,7563.25,7559.75,7560.75,1349
2026-06-18 18:30:00,7560.75,7563.25,7557.0,7558.0,1281
2026-06-18 18:35:00,7558.0,7559.0,7557.25,7557.25,901
2026-06-18 18:40:00,7557.25,7557.75,7552.0,7552.0,1716
2026-06-18 18:45:00,7552.25,7554.75,7551.5,7553.5,1130
2026-06-18 18:50:00,7553.25,7555.25,7552.0,7552.5,1300
2026-06-18 18:55:00,7552.5,7553.75,7552.25,7553.5,970
2026-06-18 19:00:00,7553.5,7554.75,7551.75,7553.0,1678
2026-06-18 19:05:00,7553.0,7553.25,7542.5,7544.25,3269
2026-06-18 19:10:00,7544.0,7544.75,7540.0,7544.25,2503
2026-06-18 19:15:00,7544.5,7545.0,7537.0,7538.5,2974
2026-06-18 19:20:00,7538.25,7540.25,7535.5,7539.0,2080
2026-06-18 19:25:00,7539.0,7542.75,7538.75,7541.5,1881
2026-06-18 19:30:00,7541.25,7543.75,7539.5,7541.75,1692
2026-06-18 19:35:00,7542.0,7542.5,7535.75,7537.25,1425
2026-06-18 19:40:00,7537.0,7539.25,7530.75,7538.0,2816
2026-06-18 19:45:00,7538.0,7539.75,7537.25,7539.0,1714
2026-06-18 19:50:00,7538.75,7543.75,7537.75,7542.0,2157
2026-06-18 19:55:00,7542.25,7543.25,7540.75,7543.25,1321
2026-06-18 20:00:00,7543.25,7545.5,7541.5,7544.0,2918
2026-06-18 20:05:00,7544.0,7544.25,7540.75,7541.5,2038
2026-06-18 20:10:00,7541.25,7548.25,7541.0,7546.5,2729
2026-06-18 20:15:00,7546.75,7548.0,7544.25,7547.5,2296
2026-06-18 20:20:00,7547.5,7553.75,7547.5,7553.25,3849
2026-06-18 20:25:00,7553.25,7555.5,7552.75,7555.0,3304
2026-06-18 20:30:00,7554.75,7560.0,7552.75,7554.0,3170
2026-06-18 20:35:00,7554.0,7558.25,7553.5,7554.0,2850
2026-06-18 20:40:00,7554.25,7559.75,7553.0,7555.5,3468
2026-06-18 20:45:00,7555.25,7560.0,7555.0,7559.5,2832
2026-06-18 20:50:00,7559.75,7560.25,7556.5,7559.5,3054
2026-06-18 20:55:00,7559.5,7565.0,7559.25,7560.5,3914
2026-06-18 21:00:00,7560.5,7560.75,7550.5,7551.5,7622
2026-06-18 21:05:00,7551.75,7557.0,7550.5,7554.5,8473
2026-06-18 21:10:00,7554.5,7562.75,7553.5,7561.75,6073
2026-06-18 21:15:00,7561.75,7566.25,7560.75,7563.75,5711
2026-06-18 21:20:00,7563.75,7567.75,7563.0,7565.5,5361
2026-06-18 21:25:00,7565.5,7579.75,7565.5,7577.0,25878
2026-06-18 21:30:00,7577.25,7581.5,7557.25,7557.75,52702
2026-06-18 21:35:00,7557.75,7559.25,7541.5,7544.0,39963
2026-06-18 21:40:00,7544.0,7549.0,7537.0,7538.25,26422
2026-06-18 21:45:00,7538.5,7550.0,7535.5,7549.25,26675
2026-06-18 21:50:00,7549.25,7554.75,7542.5,7543.0,24843
2026-06-18 21:55:00,7543.0,7547.5,7535.75,7544.0,21292
2026-06-18 22:00:00,7544.25,7550.5,7540.75,7545.75,22502
2026-06-18 22:05:00,7545.75,7558.25,7543.0,7554.5,19531
2026-06-18 22:10:00,7554.75,7555.5,7542.0,7545.25,16766
2026-06-18 22:15:00,7545.0,7561.5,7539.0,7558.25,20715
2026-06-18 22:20:00,7558.25,7566.25,7552.5,7561.25,20298
2026-06-18 22:25:00,7561.5,7563.5,7548.5,7550.5,18600
2026-06-18 22:30:00,7550.5,7555.5,7541.25,7555.5,20793
2026-06-18 22:35:00,7555.5,7563.5,7551.25,7562.5,18449
2026-06-18 22:40:00,7562.5,7564.5,7555.75,7558.5,17915
2026-06-18 22:45:00,7558.5,7570.75,7558.25,7568.5,14807
2026-06-18 22:50:00,7568.5,7568.5,7560.25,7564.25,15226
2026-06-18 22:55:00,7564.25,7570.5,7563.25,7566.25,9420
2026-06-18 23:00:00,7566.5,7567.5,7557.25,7562.5,14916
2026-06-18 23:05:00,7562.5,7564.5,7559.25,7561.5,9924
2026-06-18 23:10:00,7561.5,7568.75,7559.0,7559.0,12484
2026-06-18 23:15:00,7559.25,7561.5,7553.5,7554.75,12322
2026-06-18 23:20:00,7554.75,7559.25,7551.25,7553.75,12387
2026-06-18 23:25:00,7553.5,7559.75,7549.25,7551.75,13303
2026-06-18 23:30:00,7551.5,7556.25,7548.0,7553.5,16315
2026-06-18 23:35:00,7553.5,7553.75,7541.0,7546.75,15710
2026-06-18 23:40:00,7546.75,7551.5,7543.25,7546.0,11746
2026-06-18 23:45:00,7545.75,7551.0,7541.0,7549.5,12922
2026-06-18 23:50:00,7549.25,7561.75,7549.25,7557.75,12707
2026-06-18 23:55:00,7557.75,7563.25,7557.75,7560.5,11509
2026-06-19 00:00:00,7560.25,7563.75,7556.25,7557.5,11863
2026-06-19 00:05:00,7557.25,7562.75,7555.0,7558.75,9604
2026-06-19 00:10:00,7558.5,7561.5,7556.5,7559.75,7424
2026-06-19 00:15:00,7560.0,7562.0,7557.0,7559.5,7459
2026-06-19 00:20:00,7559.5,7566.75,7559.25,7561.75,8978
2026-06-19 00:25:00,7561.75,7565.25,7560.75,7564.0,5580
2026-06-19 00:30:00,7564.25,7564.25,7560.5,7563.0,6748
2026-06-19 00:35:00,7563.0,7570.5,7561.0,7569.5,10291
2026-06-19 00:40:00,7569.5,7570.25,7567.0,7567.75,6693
2026-06-19 00:45:00,7567.75,7568.5,7565.75,7567.0,6617
2026-06-19 00:50:00,7567.0,7567.25,7560.5,7561.75,8144
2026-06-19 00:55:00,7562.0,7564.25,7559.25,7564.0,7517
2026-06-19 01:00:00,7564.0,7570.0,7561.5,7569.75,6789
2026-06-19 01:05:00,7569.5,7574.5,7569.0,7572.0,9196
2026-06-19 01:10:00,7571.75,7575.25,7571.0,7573.25,6640
2026-06-19 01:15:00,7573.25,7579.0,7572.25,7577.25,8481
2026-06-19 01:20:00,7577.25,7578.5,7572.25,7572.25,7067
2026-06-19 01:25:00,7572.5,7573.75,7571.0,7572.75,6068
2026-06-19 01:30:00,7573.0,7577.0,7572.75,7575.0,6731
2026-06-19 01:35:00,7575.0,7575.0,7569.75,7570.25,5064
2026-06-19 01:40:00,7570.5,7572.25,7569.5,7570.5,6161
2026-06-19 01:45:00,7570.5,7571.75,7568.25,7569.5,4469
2026-06-19 01:50:00,7569.5,7572.75,7568.5,7569.25,4637
2026-06-19 01:55:00,7569.25,7569.5,7566.75,7567.0,5905
2026-06-19 02:00:00,7567.0,7568.0,7562.0,7563.25,9144
2026-06-19 02:05:00,7563.5,7565.5,7562.25,7563.25,6559
2026-06-19 02:10:00,7563.25,7566.75,7562.5,7563.75,5870
2026-06-19 02:15:00,7563.5,7565.5,7561.0,7563.5,7260
2026-06-19 02:20:00,7563.25,7566.75,7562.0,7564.25,6011
2026-06-19 02:25:00,7564.25,7566.0,7561.75,7562.75,5740
2026-06-19 02:30:00,7562.75,7563.5,7560.5,7561.75,6381
2026-06-19 02:35:00,7561.5,7562.25,7559.5,7560.25,6482
2026-06-19 02:40:00,7560.25,7563.25,7559.25,7562.75,5561
2026-06-19 02:45:00,7562.5,7566.0,7562.25,7565.75,6863
2026-06-19 02:50:00,7565.75,7567.25,7563.25,7564.5,7565
2026-06-19 02:55:00,7564.5,7565.75,7560.5,7561.5,7303
2026-06-19 03:00:00,7561.5,7562.25,7556.0,7557.25,9495
2026-06-19 03:05:00,7557.25,7558.25,7555.75,7556.25,7618
2026-06-19 03:10:00,7556.25,7556.5,7549.0,7552.25,13582
2026-06-19 03:15:00,7552.25,7556.5,7549.5,7556.0,9357
2026-06-19 03:20:00,7556.0,7559.25,7555.25,7556.25,7718
2026-06-19 03:25:00,7556.5,7560.0,7556.0,7557.75,6971
2026-06-19 03:30:00,7557.75,7560.0,7553.75,7559.5,11046
2026-06-19 03:35:00,7559.75,7567.5,7559.5,7567.25,13036
2026-06-19 03:40:00,7567.25,7571.75,7566.25,7571.25,14085
2026-06-19 03:45:00,7571.0,7573.0,7567.0,7568.75,17204
2026-06-19 03:50:00,7568.75,7578.0,7566.0,7574.5,31593
2026-06-19 03:55:00,7574.5,7580.75,7564.25,7564.5,125175
2026-06-19 04:00:00,7564.5,7572.5,7562.25,7572.5,31571
2026-06-19 04:05:00,7572.25,7576.25,7572.25,7573.5,11268
2026-06-19 04:10:00,7573.5,7577.5,7572.25,7576.5,6962
2026-06-19 04:15:00,7576.75,7579.5,7575.0,7579.25,4700
2026-06-19 04:20:00,7579.25,7583.0,7577.5,7577.5,4357
2026-06-19 04:25:00,7577.75,7580.0,7577.0,7577.5,2278
2026-06-19 04:30:00,7577.5,7579.5,7576.5,7576.75,1968
2026-06-19 04:35:00,7576.75,7577.5,7575.0,7575.75,1534
2026-06-19 04:40:00,7575.75,7576.0,7572.25,7573.0,1653
2026-06-19 04:45:00,7572.75,7573.25,7571.5,7572.25,1280
2026-06-19 04:50:00,7572.25,7572.75,7570.75,7572.0,1748
2026-06-19 04:55:00,7572.25,7575.25,7571.5,7574.75,1817
2026-06-19 06:00:00,7576.75,7580.0,7574.0,7575.25,0
2026-06-19 06:05:00,7575.5,7575.75,7572.0,7573.25,498
2026-06-19 06:10:00,7573.25,7574.75,7572.75,7573.25,360
2026-06-19 06:15:00,7573.0,7573.0,7568.5,7569.0,548
2026-06-19 06:20:00,7569.0,7569.0,7565.0,7565.75,508
2026-06-19 06:25:00,7565.75,7567.75,7565.25,7566.25,376
2026-06-19 06:30:00,7566.5,7566.5,7563.5,7563.75,335
2026-06-19 06:35:00,7563.75,7563.75,7561.25,7561.25,484
2026-06-19 06:40:00,7561.25,7562.75,7560.25,7561.75,537
2026-06-19 06:45:00,7561.75,7563.25,7559.5,7563.25,383
2026-06-19 06:50:00,7563.25,7564.0,7562.0,7562.75,337
2026-06-19 06:55:00,7563.0,7563.0,7561.0,7561.0,247
2026-06-19 07:00:00,7561.25,7564.0,7560.5,7562.5,364
2026-06-19 07:05:00,7562.25,7562.75,7560.5,7562.5,222
2026-06-19 07:10:00,7562.25,7564.0,7561.5,7561.5,254
2026-06-19 07:15:00,7561.5,7563.0,7561.25,7562.25,138
2026-06-19 07:20:00,7562.25,7566.0,7562.0,7564.5,312
2026-06-19 07:25:00,7564.25,7565.0,7563.0,7564.25,136
2026-06-19 07:30:00,7564.0,7565.25,7562.75,7564.75,233
2026-06-19 07:35:00,7564.5,7567.25,7564.0,7566.0,328
2026-06-19 07:40:00,7566.25,7566.5,7564.5,7565.75,129
2026-06-19 07:45:00,7565.5,7567.5,7564.75,7565.75,298
2026-06-19 07:50:00,7566.0,7567.75,7565.75,7567.5,259
2026-06-19 07:55:00,7567.25,7568.25,7565.75,7565.75,224
2026-06-19 08:00:00,7565.5,7565.75,7561.5,7563.0,724
2026-06-19 08:05:00,7563.25,7564.5,7559.0,7561.0,772
2026-06-19 08:10:00,7561.25,7561.75,7556.0,7557.25,748
2026-06-19 08:15:00,7557.5,7561.0,7557.0,7560.25,1092
2026-06-19 08:20:00,7560.25,7560.5,7556.5,7559.25,646
2026-06-19 08:25:00,7559.5,7561.75,7558.75,7559.5,508
2026-06-19 08:30:00,7559.75,7561.25,7559.5,7561.0,286
2026-06-19 08:35:00,7561.0,7561.0,7556.75,7558.75,437
2026-06-19 08:40:00,7558.75,7559.75,7557.75,7559.0,247
2026-06-19 08:45:00,7559.25,7560.25,7558.5,7559.5,312
2026-06-19 08:50:00,7559.5,7559.75,7558.5,7559.25,156
2026-06-19 08:55:00,7559.0,7559.25,7557.25,7558.25,194
2026-06-19 09:00:00,7558.25,7560.75,7556.5,7559.25,457
2026-06-19 09:05:00,7559.5,7559.5,7553.25,7553.5,1070
2026-06-19 09:10:00,7553.5,7554.25,7551.0,7552.5,1057
2026-06-19 09:15:00,7552.5,7554.5,7552.25,7554.5,412
2026-06-19 09:20:00,7554.5,7555.0,7552.75,7554.0,372
2026-06-19 09:25:00,7553.5,7556.0,7553.25,7555.0,316
2026-06-19 09:30:00,7555.0,7555.0,7551.0,7553.25,495
2026-06-19 09:35:00,7553.25,7553.5,7551.5,7552.0,273
2026-06-19 09:40:00,7552.0,7552.0,7550.0,7551.25,369
2026-06-19 09:45:00,7551.25,7552.75,7550.0,7550.75,310
2026-06-19 09:50:00,7550.5,7551.75,7548.25,7548.25,715
2026-06-19 09:55:00,7548.5,7549.25,7547.25,7547.75,407
2026-06-19 10:00:00,7547.5,7548.5,7546.0,7547.0,468
2026-06-19 10:05:00,7547.25,7547.5,7544.0,7545.75,685
2026-06-19 10:10:00,7546.0,7546.0,7544.0,7544.5,572
2026-06-19 10:15:00,7544.75,7544.75,7541.75,7542.5,1112
2026-06-19 10:20:00,7542.5,7546.75,7542.5,7545.75,511
2026-06-19 10:25:00,7545.75,7546.5,7545.0,7546.0,362
2026-06-19 10:30:00,7546.0,7547.25,7545.75,7546.5,180
2026-06-19 10:35:00,7546.25,7548.0,7546.25,7547.0,207
2026-06-19 10:40:00,7547.0,7549.25,7546.75,7548.75,318
2026-06-19 10:45:00,7548.5,7548.5,7546.75,7546.75,191
2026-06-19 10:50:00,7546.5,7546.75,7544.5,7546.5,291
2026-06-19 10:55:00,7546.5,7547.25,7546.0,7546.25,175
2026-06-19 11:00:00,7546.25,7548.5,7545.25,7545.5,412
2026-06-19 11:05:00,7545.25,7546.25,7544.75,7545.0,215
2026-06-19 11:10:00,7545.0,7546.0,7544.25,7544.25,233
2026-06-19 11:15:00,7544.0,7544.75,7539.25,7540.5,1360
2026-06-19 11:20:00,7540.25,7542.25,7539.0,7540.0,332
2026-06-19 11:25:00,7540.0,7540.0,7537.5,7539.0,444
2026-06-19 11:30:00,7538.5,7539.75,7536.75,7537.25,753
2026-06-19 11:35:00,7537.0,7541.0,7536.0,7540.5,850
2026-06-19 11:40:00,7540.75,7541.25,7537.75,7538.75,483
2026-06-19 11:45:00,7538.75,7539.25,7537.5,7538.0,450
2026-06-19 11:50:00,7538.25,7540.0,7537.75,7538.5,434
2026-06-19 11:55:00,7538.25,7539.0,7536.25,7536.75,466
2026-06-22 06:00:00,7543.25,7556.25,7540.0,7547.5,2523
2026-06-22 06:05:00,7547.75,7556.25,7532.25,7536.0,2024
2026-06-22 06:10:00,7536.25,7538.25,7528.0,7532.25,1825
2026-06-22 06:15:00,7532.5,7534.75,7526.0,7533.5,1225
2026-06-22 06:20:00,7533.75,7542.25,7532.75,7541.5,1261
2026-06-22 06:25:00,7541.5,7556.25,7539.5,7541.0,550
2026-06-22 06:30:00,7541.0,7556.25,7536.75,7537.75,645
2026-06-22 06:35:00,7538.0,7539.0,7536.25,7537.25,436
2026-06-22 06:40:00,7537.0,7542.25,7536.75,7541.5,561
2026-06-22 06:45:00,7541.25,7556.25,7540.5,7543.0,411
2026-06-22 06:50:00,7543.25,7556.25,7541.75,7543.0,258
2026-06-22 06:55:00,7542.75,7543.25,7537.0,7538.25,592
2026-06-22 07:00:00,7537.75,7538.0,7525.75,7528.5,2301
2026-06-22 07:05:00,7528.25,7531.75,7525.5,7530.25,933
2026-06-22 07:10:00,7530.25,7556.25,7525.0,7526.5,899
2026-06-22 07:15:00,7526.75,7556.25,7523.5,7525.5,1022
2026-06-22 07:20:00,7525.5,7528.75,7523.75,7528.25,468
2026-06-22 07:25:00,7528.25,7529.0,7524.5,7526.0,503
2026-06-22 07:30:00,7526.5,7527.25,7522.25,7523.25,647
2026-06-22 07:35:00,7523.25,7556.25,7516.0,7518.75,1244
2026-06-22 07:40:00,7518.5,7556.25,7515.5,7519.5,873
2026-06-22 07:45:00,7519.75,7521.25,7514.5,7515.0,755
2026-06-22 07:50:00,7515.25,7517.0,7513.0,7514.25,702
2026-06-22 07:55:00,7514.25,7516.25,7513.0,7516.0,486
2026-06-22 08:00:00,7515.75,7556.25,7514.5,7531.75,2665
2026-06-22 08:05:00,7531.5,7556.25,7530.25,7532.0,2433
2026-06-22 08:10:00,7532.25,7533.75,7527.75,7533.0,1356
2026-06-22 08:15:00,7533.25,7540.0,7531.25,7538.5,2507
2026-06-22 08:20:00,7538.75,7539.75,7534.75,7536.75,1133
2026-06-22 08:25:00,7536.5,7556.25,7535.75,7543.75,1841
2026-06-22 08:30:00,7543.75,7556.25,7540.75,7542.5,1281
2026-06-22 08:35:00,7542.25,7544.75,7541.25,7542.0,1068
2026-06-22 08:40:00,7542.0,7544.0,7540.5,7543.0,816
2026-06-22 08:45:00,7543.0,7546.0,7543.0,7545.0,1154
2026-06-22 08:50:00,7545.0,7556.25,7543.5,7545.5,814
2026-06-22 08:55:00,7545.5,7556.25,7545.25,7548.75,2331
2026-06-22 09:00:00,7549.0,7553.5,7549.0,7552.75,2678
2026-06-22 09:05:00,7553.0,7557.25,7552.5,7552.75,1992
2026-06-22 09:10:00,7553.0,7554.0,7551.25,7553.5,1033
2026-06-22 09:15:00,7553.5,7556.25,7551.5,7551.75,967
2026-06-22 09:20:00,7551.5,7556.25,7551.0,7554.25,942
2026-06-22 09:25:00,7554.5,7556.0,7553.75,7554.75,977
2026-06-22 09:30:00,7554.5,7554.5,7552.0,7553.75,1215
2026-06-22 09:35:00,7553.75,7555.75,7552.5,7555.25,717
2026-06-22 09:40:00,7555.25,7556.25,7552.75,7554.0,623
2026-06-22 09:45:00,7554.0,7556.25,7551.0,7552.25,1031
2026-06-22 09:50:00,7552.5,7554.0,7549.25,7550.0,821
2026-06-22 09:55:00,7550.0,7552.0,7548.75,7549.5,955
2026-06-22 10:00:00,7549.75,7550.75,7547.5,7548.5,1121
2026-06-22 10:05:00,7548.25,7556.25,7548.25,7548.75,1232
2026-06-22 10:10:00,7548.5,7556.25,7544.0,7544.25,1422
2026-06-22 10:15:00,7544.25,7546.5,7544.0,7545.5,834
2026-06-22 10:20:00,7545.25,7547.0,7544.0,7546.25,1038
2026-06-22 10:25:00,7546.25,7546.25,7542.25,7542.5,1271
2026-06-22 10:30:00,7542.25,7556.25,7540.5,7541.25,1187
2026-06-22 10:35:00,7541.5,7556.25,7539.75,7540.75,743
2026-06-22 10:40:00,7540.5,7541.25,7538.25,7540.0,986
2026-06-22 10:45:00,7540.0,7540.25,7537.25,7538.0,799
2026-06-22 10:50:00,7538.0,7540.25,7537.5,7539.5,742
2026-06-22 10:55:00,7539.5,7556.25,7538.0,7538.5,630
2026-06-22 11:00:00,7538.5,7556.25,7534.5,7537.75,2005
2026-06-22 11:05:00,7537.75,7538.5,7535.75,7536.25,616
2026-06-22 11:10:00,7536.25,7537.0,7535.0,7536.25,763
2026-06-22 11:15:00,7536.25,7540.25,7536.0,7539.5,1047
2026-06-22 11:20:00,7539.75,7556.25,7538.75,7540.5,860
2026-06-22 11:25:00,7540.5,7556.25,7539.25,7540.25,558
2026-06-22 11:30:00,7540.25,7542.25,7540.25,7541.5,612
2026-06-22 11:35:00,7541.25,7541.75,7540.0,7540.75,300
2026-06-22 11:40:00,7540.5,7541.25,7539.0,7540.0,297
2026-06-22 11:45:00,7540.0,7556.25,7539.75,7541.25,348
2026-06-22 11:50:00,7541.25,7556.25,7536.75,7537.0,729
2026-06-22 11:55:00,7536.75,7537.25,7533.5,7534.5,832
2026-06-22 12:00:00,7534.75,7535.0,7532.75,7533.75,549
2026-06-22 12:05:00,7533.5,7536.0,7533.5,7536.0,503
2026-06-22 12:10:00,7535.75,7536.5,7533.0,7533.0,371
2026-06-22 12:15:00,7533.25,7533.75,7532.25,7532.5,542
2026-06-22 12:20:00,7532.5,7534.25,7532.0,7532.5,470
2026-06-22 12:25:00,7532.5,7532.5,7530.0,7531.0,594
2026-06-22 12:30:00,7531.0,7532.5,7530.25,7532.25,503
2026-06-22 12:35:00,7532.25,7532.25,7528.75,7531.0,520
2026-06-22 12:40:00,7530.5,7531.5,7528.25,7529.75,770
2026-06-22 12:45:00,7529.75,7534.5,7529.0,7533.5,1380
2026-06-22 12:50:00,7533.25,7534.5,7532.5,7533.25,831
2026-06-22 12:55:00,7533.0,7535.5,7532.25,7534.75,625
2026-06-22 13:00:00,7534.75,7536.0,7534.0,7535.75,614
2026-06-22 13:05:00,7535.75,7544.0,7535.5,7543.5,2761
2026-06-22 13:10:00,7543.5,7546.5,7542.5,7545.25,1117
2026-06-22 13:15:00,7545.25,7547.0,7542.5,7543.25,1455
2026-06-22 13:20:00,7543.25,7545.0,7542.75,7545.0,516
2026-06-22 13:25:00,7545.0,7545.75,7544.25,7545.25,335
2026-06-22 13:30:00,7545.25,7545.75,7541.25,7543.5,702
2026-06-22 13:35:00,7543.25,7546.5,7543.25,7544.5,561
2026-06-22 13:40:00,7544.75,7545.75,7544.25,7545.0,414
2026-06-22 13:45:00,7545.0,7545.5,7543.25,7544.75,446
2026-06-22 13:50:00,7545.0,7547.25,7544.25,7546.0,475
2026-06-22 13:55:00,7546.0,7547.5,7545.75,7546.25,591
2026-06-22 14:00:00,7546.5,7549.25,7546.0,7549.0,2894
2026-06-22 14:05:00,7549.0,7552.25,7548.5,7551.75,2077
2026-06-22 14:10:00,7551.75,7553.5,7550.25,7552.75,977
2026-06-22 14:15:00,7552.75,7555.25,7552.0,7553.75,1490
2026-06-22 14:20:00,7553.75,7557.75,7552.75,7557.5,1075
2026-06-22 14:25:00,7557.5,7560.25,7556.75,7558.75,1797
2026-06-22 14:30:00,7558.5,7558.75,7554.5,7556.25,1165
2026-06-22 14:35:00,7556.25,7559.75,7555.5,7558.75,748
2026-06-22 14:40:00,7559.0,7561.75,7558.75,7560.75,741
2026-06-22 14:45:00,7560.75,7562.25,7559.5,7560.0,742
2026-06-22 14:50:00,7560.0,7562.0,7559.75,7561.75,438
2026-06-22 14:55:00,7561.75,7562.75,7561.0,7561.75,415
2026-06-22 15:00:00,7561.75,7565.75,7561.25,7565.5,1698
2026-06-22 15:05:00,7565.5,7566.25,7563.75,7564.25,1077
2026-06-22 15:10:00,7564.5,7565.5,7563.0,7564.0,799
2026-06-22 15:15:00,7564.25,7567.25,7564.0,7566.75,1010
2026-06-22 15:20:00,7567.0,7567.25,7564.5,7564.75,670
2026-06-22 15:25:00,7564.75,7566.75,7564.5,7566.75,766
2026-06-22 15:30:00,7566.5,7566.75,7564.25,7565.25,669
2026-06-22 15:35:00,7565.5,7567.25,7564.75,7565.0,800
2026-06-22 15:40:00,7565.0,7565.0,7562.0,7562.5,1073
2026-06-22 15:45:00,7562.25,7565.0,7562.0,7564.5,784
2026-06-22 15:50:00,7564.25,7564.75,7561.0,7561.25,866
2026-06-22 15:55:00,7561.25,7562.75,7560.5,7562.75,558
2026-06-22 16:00:00,7562.75,7563.75,7556.25,7557.0,1305
2026-06-22 16:05:00,7557.0,7558.0,7555.75,7556.25,1004
2026-06-22 16:10:00,7556.0,7557.25,7552.5,7556.0,995
2026-06-22 16:15:00,7556.25,7557.5,7553.25,7553.5,776
2026-06-22 16:20:00,7553.5,7556.25,7552.75,7555.75,903
2026-06-22 16:25:00,7555.75,7556.5,7554.25,7555.0,706
2026-06-22 16:30:00,7554.75,7556.25,7553.25,7555.75,683
2026-06-22 16:35:00,7555.75,7558.0,7555.25,7557.5,813
2026-06-22 16:40:00,7557.5,7560.25,7557.0,7560.0,512
2026-06-22 16:45:00,7559.75,7560.5,7555.75,7557.5,616
2026-06-22 16:50:00,7557.25,7559.25,7556.25,7559.0,616
2026-06-22 16:55:00,7559.25,7560.25,7558.25,7559.5,618
2026-06-22 17:00:00,7559.5,7562.75,7556.25,7562.75,717
2026-06-22 17:05:00,7563.0,7564.5,7561.5,7563.75,1127
2026-06-22 17:10:00,7563.75,7564.5,7561.0,7562.75,898
2026-06-22 17:15:00,7562.75,7563.0,7560.25,7561.0,736
2026-06-22 17:20:00,7560.75,7562.0,7560.0,7561.25,506
2026-06-22 17:25:00,7561.25,7562.5,7559.75,7560.5,505
2026-06-22 17:30:00,7560.5,7561.75,7558.25,7560.75,900
2026-06-22 17:35:00,7560.5,7560.75,7557.5,7557.5,550
2026-06-22 17:40:00,7557.5,7558.25,7555.5,7556.5,583
2026-06-22 17:45:00,7556.5,7558.0,7555.75,7556.25,524
2026-06-22 17:50:00,7556.25,7557.5,7555.5,7556.5,712
2026-06-22 17:55:00,7556.5,7557.75,7554.25,7554.75,925
2026-06-22 18:00:00,7554.75,7560.75,7554.75,7560.75,859
2026-06-22 18:05:00,7560.75,7564.75,7560.0,7563.25,892
2026-06-22 18:10:00,7563.25,7564.75,7563.0,7563.0,625
2026-06-22 18:15:00,7563.0,7564.5,7562.75,7563.5,552
2026-06-22 18:20:00,7563.5,7564.25,7563.0,7564.0,492
2026-06-22 18:25:00,7564.0,7564.5,7562.0,7563.0,497
2026-06-22 18:30:00,7563.0,7563.0,7558.75,7559.75,795
2026-06-22 18:35:00,7560.0,7561.0,7557.75,7558.0,672
2026-06-22 18:40:00,7557.75,7559.75,7557.0,7559.25,607
2026-06-22 18:45:00,7559.25,7562.5,7559.25,7561.75,633
2026-06-22 18:50:00,7561.75,7562.0,7558.5,7559.5,481
2026-06-22 18:55:00,7559.5,7559.75,7558.0,7558.75,503
2026-06-22 19:00:00,7558.75,7568.5,7558.5,7566.75,1975
2026-06-22 19:05:00,7567.0,7577.75,7566.5,7569.25,6000
2026-06-22 19:10:00,7569.0,7569.0,7560.0,7562.75,2114
2026-06-22 19:15:00,7562.5,7564.0,7561.25,7563.75,866
2026-06-22 19:20:00,7563.5,7563.75,7560.75,7563.0,890
2026-06-22 19:25:00,7562.75,7564.0,7561.5,7561.75,714
2026-06-22 19:30:00,7561.5,7565.5,7561.0,7563.75,1103
2026-06-22 19:35:00,7563.75,7565.75,7563.0,7565.25,1081
2026-06-22 19:40:00,7565.5,7565.5,7562.0,7563.25,1343
2026-06-22 19:45:00,7563.5,7564.5,7558.75,7564.5,1955
2026-06-22 19:50:00,7564.25,7564.5,7560.0,7561.5,1212
2026-06-22 19:55:00,7561.5,7565.25,7560.75,7563.5,1280
2026-06-22 20:00:00,7563.75,7567.0,7563.75,7566.5,1069
2026-06-22 20:05:00,7566.5,7569.0,7566.5,7568.75,1097
2026-06-22 20:10:00,7568.5,7570.0,7567.5,7569.75,1150
2026-06-22 20:15:00,7569.5,7570.25,7567.5,7568.75,822
2026-06-22 20:20:00,7568.75,7574.25,7568.75,7573.5,1816
2026-06-22 20:25:00,7573.5,7574.75,7571.75,7574.25,1881
2026-06-22 20:30:00,7574.25,7575.75,7572.25,7575.75,1585
2026-06-22 20:35:00,7575.5,7576.25,7573.0,7573.25,1806
2026-06-22 20:40:00,7573.25,7574.5,7570.25,7571.0,1652
2026-06-22 20:45:00,7571.0,7571.5,7569.0,7570.5,1981
2026-06-22 20:50:00,7570.5,7570.75,7568.25,7568.75,1378
2026-06-22 20:55:00,7568.75,7570.0,7567.5,7568.0,1587
2026-06-22 21:00:00,7568.0,7578.0,7568.0,7574.25,5879
2026-06-22 21:05:00,7574.0,7574.5,7569.25,7570.75,2668
2026-06-22 21:10:00,7570.5,7576.75,7569.75,7576.5,4095
2026-06-22 21:15:00,7576.5,7577.5,7573.0,7575.25,2100
2026-06-22 21:20:00,7575.25,7579.0,7574.75,7577.5,2134
2026-06-22 21:25:00,7577.75,7578.5,7572.25,7573.25,5103
2026-06-22 21:30:00,7573.0,7590.25,7571.5,7578.0,35405
2026-06-22 21:35:00,7578.25,7595.5,7576.75,7595.25,22732
2026-06-22 21:40:00,7595.5,7596.75,7576.0,7578.5,27696
2026-06-22 21:45:00,7578.75,7595.5,7576.75,7592.0,25034
2026-06-22 21:50:00,7592.0,7592.75,7586.5,7587.25,18966
2026-06-22 21:55:00,7587.5,7596.5,7584.25,7596.25,16086
2026-06-22 22:00:00,7596.25,7597.5,7591.0,7593.25,15592
2026-06-22 22:05:00,7593.5,7597.0,7590.5,7596.75,13999
2026-06-22 22:10:00,7596.5,7599.25,7589.0,7589.75,14383
2026-06-22 22:15:00,7590.0,7591.0,7579.25,7581.25,18610
2026-06-22 22:20:00,7581.25,7581.75,7569.75,7571.5,20636
2026-06-22 22:25:00,7571.5,7574.75,7560.25,7561.25,27524
2026-06-22 22:30:00,7561.25,7562.25,7546.25,7550.75,37948
2026-06-22 22:35:00,7550.75,7556.0,7545.5,7550.5,23567
2026-06-22 22:40:00,7550.5,7553.5,7540.0,7541.0,23021
2026-06-22 22:45:00,7541.0,7549.25,7540.5,7544.0,27646
2026-06-22 22:50:00,7544.0,7546.5,7532.0,7534.5,20677
2026-06-22 22:55:00,7534.25,7545.0,7527.25,7543.0,25044
2026-06-22 23:00:00,7542.75,7550.0,7541.25,7546.5,15214
2026-06-22 23:05:00,7546.25,7546.75,7536.25,7538.75,16764
2026-06-22 23:10:00,7538.75,7544.5,7536.25,7540.5,14864
2026-06-22 23:15:00,7540.5,7545.75,7535.5,7537.75,16831
2026-06-22 23:20:00,7537.75,7545.75,7534.75,7544.0,15890
2026-06-22 23:25:00,7544.0,7547.0,7537.75,7539.75,18035
2026-06-22 23:30:00,7539.75,7546.25,7537.5,7542.0,18292
2026-06-22 23:35:00,7542.25,7548.0,7540.5,7547.5,13358
2026-06-22 23:40:00,7547.75,7558.0,7547.75,7554.75,13275
2026-06-22 23:45:00,7555.0,7559.25,7539.0,7540.5,16743
2026-06-22 23:50:00,7540.75,7546.0,7540.5,7542.0,13026
2026-06-22 23:55:00,7542.0,7547.5,7540.25,7542.5,11636
2026-06-23 00:00:00,7542.5,7544.25,7532.25,7533.75,14668
2026-06-23 00:05:00,7533.5,7539.75,7532.5,7538.25,11481
2026-06-23 00:10:00,7538.25,7546.5,7537.75,7546.25,10900
2026-06-23 00:15:00,7546.25,7547.25,7541.0,7546.0,10111
2026-06-23 00:20:00,7546.0,7550.25,7540.0,7541.75,10653
2026-06-23 00:25:00,7541.75,7546.0,7540.0,7544.25,9937
2026-06-23 00:30:00,7544.5,7545.25,7539.0,7539.75,7666
2026-06-23 00:35:00,7539.75,7541.5,7537.0,7540.25,6869
2026-06-23 00:40:00,7540.5,7542.25,7536.75,7539.75,7950
2026-06-23 00:45:00,7540.0,7546.25,7538.0,7546.25,9630
2026-06-23 00:50:00,7546.0,7548.75,7545.0,7547.5,8140
2026-06-23 00:55:00,7547.25,7549.75,7543.0,7546.0,11356
2026-06-23 01:00:00,7546.25,7547.0,7542.25,7544.75,5999
2026-06-23 01:05:00,7544.5,7544.75,7535.5,7538.25,8499
2026-06-23 01:10:00,7538.25,7542.25,7537.75,7542.25,5533
2026-06-23 01:15:00,7542.0,7547.0,7542.0,7546.75,6829
2026-06-23 01:20:00,7546.5,7549.0,7543.25,7545.25,4992
2026-06-23 01:25:00,7545.25,7546.25,7542.75,7543.25,5193
2026-06-23 01:30:00,7543.25,7544.5,7539.0,7541.0,7043
2026-06-23 01:35:00,7540.75,7541.0,7535.5,7540.5,7099
2026-06-23 01:40:00,7540.25,7541.75,7538.5,7539.25,3933
2026-06-23 01:45:00,7539.5,7544.5,7538.25,7544.0,5938
2026-06-23 01:50:00,7544.0,7549.5,7543.0,7548.25,7002
2026-06-23 01:55:00,7548.25,7548.25,7542.75,7542.75,5398
2026-06-23 02:00:00,7543.0,7544.75,7538.5,7541.0,7366
2026-06-23 02:05:00,7540.75,7545.25,7540.75,7545.25,5132
2026-06-23 02:10:00,7545.0,7546.75,7542.75,7545.5,3947
2026-06-23 02:15:00,7545.5,7549.5,7545.5,7548.25,5226
2026-06-23 02:20:00,7548.5,7553.75,7547.75,7550.0,8895
2026-06-23 02:25:00,7550.0,7550.5,7544.25,7547.25,7134
2026-06-23 02:30:00,7547.25,7551.5,7545.0,7546.0,8224
2026-06-23 02:35:00,7546.25,7548.0,7544.75,7545.0,4961
2026-06-23 02:40:00,7545.0,7546.0,7540.5,7541.0,6525
2026-06-23 02:45:00,7541.0,7544.5,7539.75,7543.75,6644
2026-06-23 02:50:00,7543.75,7544.5,7533.0,7536.75,10248
2026-06-23 02:55:00,7536.5,7536.5,7531.5,7533.0,9160
2026-06-23 03:00:00,7533.0,7539.75,7532.5,7537.0,12138
2026-06-23 03:05:00,7537.0,7537.25,7528.5,7532.5,8926
2026-06-23 03:10:00,7532.75,7537.0,7531.0,7535.5,6358
2026-06-23 03:15:00,7535.5,7538.0,7533.75,7537.25,8069
2026-06-23 03:20:00,7537.25,7538.25,7532.5,7533.5,6502
2026-06-23 03:25:00,7533.5,7534.5,7530.25,7530.5,8709
2026-06-23 03:30:00,7530.25,7536.25,7530.25,7533.75,10195
2026-06-23 03:35:00,7533.5,7534.0,7531.25,7532.5,8845
2026-06-23 03:40:00,7532.25,7533.25,7528.0,7529.5,10557
2026-06-23 03:45:00,7529.5,7535.5,7528.75,7535.25,11932
2026-06-23 03:50:00,7535.25,7545.25,7533.25,7543.75,25068
2026-06-23 03:55:00,7543.75,7545.75,7535.75,7540.25,89299
2026-06-23 04:00:00,7540.25,7547.0,7539.0,7545.25,21105
2026-06-23 04:05:00,7545.25,7546.0,7542.5,7543.25,4097
2026-06-23 04:10:00,7543.25,7546.0,7542.25,7545.5,4602
2026-06-23 04:15:00,7545.25,7547.0,7543.75,7547.0,2347
2026-06-23 04:20:00,7546.75,7547.25,7544.75,7545.0,1577
2026-06-23 04:25:00,7545.0,7545.0,7541.0,7541.75,1858
2026-06-23 04:30:00,7541.5,7542.5,7541.0,7541.25,1102
2026-06-23 04:35:00,7541.0,7542.0,7540.5,7541.0,1020
2026-06-23 04:40:00,7541.0,7542.75,7541.0,7542.5,829
2026-06-23 04:45:00,7542.25,7542.5,7541.25,7542.0,1023
2026-06-23 04:50:00,7541.75,7542.0,7540.0,7541.0,885
2026-06-23 04:55:00,7541.0,7542.25,7539.5,7540.75,1219
2026-06-23 06:00:00,7541.25,7549.5,7539.75,7543.25,0
2026-06-23 06:05:00,7543.0,7544.25,7538.25,7542.5,981
2026-06-23 06:10:00,7542.5,7542.5,7540.5,7541.25,303
2026-06-23 06:15:00,7541.5,7541.75,7540.25,7541.5,222
2026-06-23 06:20:00,7541.5,7543.25,7540.5,7542.75,329
2026-06-23 06:25:00,7542.5,7543.0,7539.0,7540.25,525
2026-06-23 06:30:00,7540.0,7540.0,7534.25,7534.75,1257
2026-06-23 06:35:00,7535.0,7535.5,7530.0,7533.5,1141
2026-06-23 06:40:00,7533.75,7533.75,7529.5,7530.25,468
2026-06-23 06:45:00,7530.5,7532.0,7529.5,7532.0,489
2026-06-23 06:50:00,7532.0,7533.25,7530.5,7533.0,379
2026-06-23 06:55:00,7533.0,7533.75,7531.75,7532.0,419
2026-06-23 07:00:00,7532.0,7533.0,7529.5,7531.25,587
2026-06-23 07:05:00,7531.25,7531.75,7530.0,7531.5,247
2026-06-23 07:10:00,7531.75,7531.75,7528.0,7528.5,632
2026-06-23 07:15:00,7528.5,7528.75,7526.0,7526.75,809
2026-06-23 07:20:00,7526.75,7530.0,7526.0,7529.0,423
2026-06-23 07:25:00,7529.0,7531.25,7528.25,7531.0,394
2026-06-23 07:30:00,7531.0,7531.5,7529.25,7529.5,218
2026-06-23 07:35:00,7529.75,7531.0,7528.25,7528.75,322
2026-06-23 07:40:00,7529.0,7531.0,7528.5,7530.75,239
2026-06-23 07:45:00,7530.75,7531.5,7527.0,7528.25,620
2026-06-23 07:50:00,7527.75,7530.25,7526.5,7529.5,484
2026-06-23 07:55:00,7529.5,7532.25,7529.0,7532.0,424
2026-06-23 08:00:00,7531.75,7535.0,7530.25,7533.25,2088
2026-06-23 08:05:00,7533.0,7534.75,7530.0,7530.25,920
2026-06-23 08:10:00,7530.0,7530.75,7524.0,7524.75,1715
2026-06-23 08:15:00,7525.25,7529.0,7524.75,7525.0,1359
2026-06-23 08:20:00,7525.25,7525.5,7522.0,7523.25,2044
2026-06-23 08:25:00,7523.5,7527.25,7522.5,7525.5,1289
2026-06-23 08:30:00,7525.25,7530.5,7523.75,7529.5,1388
2026-06-23 08:35:00,7529.5,7534.25,7527.5,7533.25,977
2026-06-23 08:40:00,7533.5,7541.0,7532.25,7541.0,1399
2026-06-23 08:45:00,7541.0,7545.25,7538.5,7541.75,1882
2026-06-23 08:50:00,7542.25,7542.75,7539.25,7539.5,837
2026-06-23 08:55:00,7539.5,7541.5,7538.25,7540.25,605
2026-06-23 09:00:00,7540.25,7542.25,7538.25,7540.5,1368
2026-06-23 09:05:00,7540.75,7541.5,7537.25,7540.0,1022
2026-06-23 09:10:00,7540.0,7541.25,7536.5,7536.5,622
2026-06-23 09:15:00,7536.5,7538.0,7533.0,7534.25,1096
2026-06-23 09:20:00,7534.5,7536.25,7532.75,7533.0,783
2026-06-23 09:25:00,7533.25,7537.5,7533.25,7535.75,663
2026-06-23 09:30:00,7535.75,7536.75,7529.5,7529.75,1045
2026-06-23 09:35:00,7530.0,7530.0,7522.25,7525.75,2194
2026-06-23 09:40:00,7525.5,7528.5,7521.0,7522.25,1843
2026-06-23 09:45:00,7522.25,7522.25,7518.0,7519.25,2250
2026-06-23 09:50:00,7519.25,7522.25,7512.0,7520.75,3203
2026-06-23 09:55:00,7520.75,7525.5,7519.75,7522.25,1628
2026-06-23 10:00:00,7522.75,7525.0,7520.0,7524.0,1334
2026-06-23 10:05:00,7523.75,7523.75,7514.5,7516.25,1537
2026-06-23 10:10:00,7516.0,7519.75,7514.0,7519.0,1267
2026-06-23 10:15:00,7519.0,7522.25,7517.25,7520.75,1392
2026-06-23 10:20:00,7520.75,7522.25,7519.0,7519.75,630
2026-06-23 10:25:00,7520.0,7521.5,7519.0,7520.0,642
2026-06-23 10:30:00,7520.0,7520.25,7516.5,7517.0,654
2026-06-23 10:35:00,7517.0,7518.75,7516.25,7516.75,510
2026-06-23 10:40:00,7517.0,7518.25,7515.75,7517.5,626
2026-06-23 10:45:00,7517.5,7518.0,7512.5,7514.25,1019
2026-06-23 10:50:00,7514.25,7516.75,7513.5,7514.5,693
2026-06-23 10:55:00,7514.5,7516.5,7510.5,7512.75,1164
2026-06-23 11:00:00,7512.75,7513.75,7510.0,7511.5,1454
2026-06-23 11:05:00,7511.5,7511.5,7506.5,7506.75,1548
2026-06-23 11:10:00,7506.75,7508.25,7504.75,7506.25,2002
2026-06-23 11:15:00,7506.25,7508.0,7505.0,7505.5,790
2026-06-23 11:20:00,7505.75,7507.75,7505.25,7506.0,693
2026-06-23 11:25:00,7506.25,7508.75,7505.5,7507.5,865
2026-06-23 11:30:00,7507.5,7507.75,7503.75,7504.0,1192
2026-06-23 11:35:00,7504.0,7505.0,7498.75,7500.75,1962
2026-06-23 11:40:00,7500.75,7501.0,7496.5,7500.75,3129
2026-06-23 11:45:00,7500.25,7501.0,7497.0,7499.75,1073
2026-06-23 11:50:00,7499.75,7505.75,7499.75,7505.25,1696
2026-06-23 11:55:00,7505.25,7506.75,7504.25,7506.25,747
2026-06-23 12:05:00,7504.25,7504.25,7502.75,7503.25,2755
2026-06-23 12:10:00,7503.5,7504.0,7500.0,7501.75,933
2026-06-23 12:15:00,7501.75,7501.75,7495.5,7496.0,1226
2026-06-23 12:20:00,7496.25,7496.5,7493.5,7495.5,1156
2026-06-23 12:25:00,7495.5,7497.5,7494.75,7496.75,686
2026-06-23 12:30:00,7496.5,7496.75,7494.0,7494.75,647
2026-06-23 12:35:00,7494.5,7495.25,7492.25,7493.5,719
2026-06-23 12:40:00,7493.5,7493.75,7490.5,7492.0,837
2026-06-23 12:45:00,7492.25,7493.0,7490.5,7491.0,691
2026-06-23 12:50:00,7491.0,7491.25,7484.25,7485.75,1675
2026-06-23 12:55:00,7485.75,7485.75,7481.75,7483.25,1386
2026-06-23 13:00:00,7483.5,7487.25,7482.75,7486.75,1289
2026-06-23 13:05:00,7487.0,7487.75,7483.0,7483.5,1056
2026-06-23 13:10:00,7483.5,7488.0,7482.75,7483.25,1573
2026-06-23 13:15:00,7483.5,7484.5,7480.5,7481.25,1099
2026-06-23 13:20:00,7481.25,7484.25,7480.0,7480.25,1337
2026-06-23 13:25:00,7480.25,7481.0,7474.5,7476.75,2166
2026-06-23 13:30:00,7477.0,7477.5,7472.0,7474.0,2244
2026-06-23 13:35:00,7474.0,7474.5,7468.0,7470.0,2380
2026-06-23 13:40:00,7470.0,7473.75,7467.25,7473.25,1945
2026-06-23 13:45:00,7473.25,7476.0,7471.25,7474.25,2373
2026-06-23 13:50:00,7474.25,7476.0,7470.75,7471.25,1516
2026-06-23 13:55:00,7471.25,7472.0,7467.0,7468.75,1934
2026-06-23 14:00:00,7468.75,7472.0,7466.25,7470.5,2037
2026-06-23 14:05:00,7470.5,7472.5,7463.25,7464.5,2274
2026-06-23 14:10:00,7464.75,7466.25,7463.0,7465.25,1854
2026-06-23 14:15:00,7466.0,7468.5,7461.75,7463.0,2142
2026-06-23 14:20:00,7462.75,7463.25,7457.25,7459.0,2688
2026-06-23 14:25:00,7459.0,7459.5,7451.25,7454.75,4382
2026-06-23 14:30:00,7454.75,7458.75,7453.0,7456.0,2591
2026-06-23 14:35:00,7456.0,7456.75,7453.0,7454.25,1955
2026-06-23 14:40:00,7454.5,7457.25,7447.75,7450.5,2073
2026-06-23 14:45:00,7450.5,7455.25,7449.25,7452.25,1990
2026-06-23 14:50:00,7452.25,7453.5,7449.0,7450.5,1198
2026-06-23 14:55:00,7450.25,7451.75,7444.75,7447.25,2048
2026-06-23 15:00:00,7447.0,7448.75,7442.25,7447.0,3561
2026-06-23 15:05:00,7447.0,7455.0,7446.0,7454.75,2821
2026-06-23 15:10:00,7454.75,7455.5,7451.0,7452.0,2479
2026-06-23 15:15:00,7452.0,7453.0,7445.75,7446.75,1766
2026-06-23 15:20:00,7446.5,7449.75,7442.5,7443.75,1690
2026-06-23 15:25:00,7443.75,7447.0,7440.5,7446.75,1932
2026-06-23 15:30:00,7446.5,7447.0,7438.5,7445.0,2245
2026-06-23 15:35:00,7445.0,7445.75,7439.5,7445.5,2239
2026-06-23 15:40:00,7445.75,7447.25,7437.5,7439.5,2079
2026-06-23 15:45:00,7439.5,7441.25,7436.25,7438.25,2810
2026-06-23 15:50:00,7438.25,7438.5,7433.5,7436.0,2094
2026-06-23 15:55:00,7436.25,7436.25,7428.25,7433.5,3750
2026-06-23 16:00:00,7433.75,7434.75,7422.25,7426.5,6041
2026-06-23 16:05:00,7427.0,7435.0,7427.0,7434.0,2965
2026-06-23 16:10:00,7434.0,7435.0,7429.25,7429.75,2608
2026-06-23 16:15:00,7429.25,7430.75,7424.75,7424.75,2727
2026-06-23 16:20:00,7425.0,7428.5,7421.75,7425.25,2861
2026-06-23 16:25:00,7425.25,7427.25,7422.5,7424.5,2538
2026-06-23 16:30:00,7424.75,7433.0,7424.25,7432.25,2879
2026-06-23 16:35:00,7432.25,7435.0,7430.5,7432.0,2099
2026-06-23 16:40:00,7431.75,7438.5,7431.75,7434.5,2638
2026-06-23 16:45:00,7434.5,7434.5,7423.5,7427.25,2795
2026-06-23 16:50:00,7427.0,7431.5,7425.5,7430.25,2026
2026-06-23 16:55:00,7430.25,7432.25,7427.5,7430.5,1764
2026-06-23 17:00:00,7430.75,7436.5,7429.5,7434.5,2531
2026-06-23 17:05:00,7434.25,7438.0,7431.75,7432.75,1878
2026-06-23 17:10:00,7432.5,7439.5,7431.25,7438.25,2199
2026-06-23 17:15:00,7438.0,7439.0,7434.75,7438.5,1314
2026-06-23 17:20:00,7438.25,7445.0,7437.75,7444.0,2638
2026-06-23 17:25:00,7444.0,7446.25,7441.5,7445.0,3125
2026-06-23 17:30:00,7445.0,7445.5,7440.0,7441.25,1719
2026-06-23 17:35:00,7441.5,7442.75,7439.5,7439.75,1536
2026-06-23 17:40:00,7440.0,7442.25,7438.5,7440.0,1386
2026-06-23 17:45:00,7440.0,7443.5,7438.0,7443.25,1113
2026-06-23 17:50:00,7443.0,7445.5,7440.75,7444.0,1466
2026-06-23 17:55:00,7444.0,7446.0,7442.75,7444.5,1299
2026-06-23 18:00:00,7444.5,7449.5,7443.25,7447.5,2607
2026-06-23 18:05:00,7447.75,7448.5,7442.5,7444.25,1435
2026-06-23 18:10:00,7443.75,7444.75,7441.0,7442.5,1177
2026-06-23 18:15:00,7442.25,7447.0,7442.0,7446.75,1609
2026-06-23 18:20:00,7446.75,7449.75,7443.75,7444.25,2835
2026-06-23 18:25:00,7444.25,7444.25,7439.25,7440.0,1365
2026-06-23 18:30:00,7439.75,7439.75,7433.25,7433.75,4556
2026-06-23 18:35:00,7433.5,7435.5,7430.25,7432.75,2243
2026-06-23 18:40:00,7432.5,7433.25,7427.25,7431.5,2384
2026-06-23 18:45:00,7431.5,7436.75,7431.5,7433.25,1901
2026-06-23 18:50:00,7433.5,7435.25,7430.5,7434.75,1755
2026-06-23 18:55:00,7434.75,7437.75,7433.75,7436.75,1484
2026-06-23 19:00:00,7436.5,7441.5,7435.0,7435.0,3151
2026-06-23 19:05:00,7434.75,7438.0,7432.5,7435.75,1882
2026-06-23 19:10:00,7435.75,7443.0,7435.75,7442.5,1899
2026-06-23 19:15:00,7442.5,7443.0,7438.5,7441.0,1742
2026-06-23 19:20:00,7441.0,7448.5,7436.0,7442.5,4938
2026-06-23 19:25:00,7442.5,7443.5,7437.25,7440.25,2602
2026-06-23 19:30:00,7440.0,7444.25,7438.25,7442.0,1912
2026-06-23 19:35:00,7442.25,7448.5,7438.75,7444.5,2647
2026-06-23 19:40:00,7444.75,7449.5,7444.25,7449.0,2910
2026-06-23 19:45:00,7449.0,7451.0,7446.25,7448.5,2929
2026-06-23 19:50:00,7448.25,7453.0,7446.25,7453.0,3028
2026-06-23 19:55:00,7453.0,7453.5,7450.0,7450.75,3263
2026-06-23 20:00:00,7450.75,7454.5,7449.0,7452.0,3037
2026-06-23 20:05:00,7452.0,7452.0,7447.25,7448.75,2395
2026-06-23 20:10:00,7448.75,7451.5,7444.25,7446.5,3305
2026-06-23 20:15:00,7446.5,7447.25,7440.25,7443.5,2865
2026-06-23 20:20:00,7443.5,7443.5,7436.25,7437.5,3242
2026-06-23 20:25:00,7437.5,7438.5,7432.5,7437.25,3780
2026-06-23 20:30:00,7437.25,7440.5,7428.0,7428.0,4084
2026-06-23 20:35:00,7428.0,7432.75,7427.5,7431.5,3041
2026-06-23 20:40:00,7431.5,7436.5,7430.75,7433.25,3488
2026-06-23 20:45:00,7433.25,7435.25,7429.75,7432.25,3300
2026-06-23 20:50:00,7432.25,7435.5,7430.0,7430.0,2458
2026-06-23 20:55:00,7430.0,7434.5,7429.75,7432.75,2358
2026-06-23 21:00:00,7432.5,7434.0,7430.0,7433.0,3470
2026-06-23 21:05:00,7433.0,7434.5,7431.25,7432.5,3667
2026-06-23 21:10:00,7432.5,7436.0,7429.5,7434.0,4367
2026-06-23 21:15:00,7433.75,7434.25,7427.5,7430.5,3412
2026-06-23 21:20:00,7430.5,7432.75,7428.75,7430.5,2966
2026-06-23 21:25:00,7430.5,7430.5,7423.75,7429.5,10924
2026-06-23 21:30:00,7429.5,7434.5,7415.25,7432.5,52511
2026-06-23 21:35:00,7432.75,7439.5,7416.75,7437.0,39117
2026-06-23 21:40:00,7436.75,7447.0,7430.5,7442.5,27344
2026-06-23 21:45:00,7442.25,7463.5,7438.25,7457.75,35535
2026-06-23 21:50:00,7457.75,7465.75,7457.25,7460.0,28187
2026-06-23 21:55:00,7459.75,7466.5,7454.75,7465.25,29459
2026-06-23 22:00:00,7465.25,7478.25,7463.75,7474.75,31445
2026-06-23 22:05:00,7474.75,7480.5,7470.75,7478.75,24173
2026-06-23 22:10:00,7478.75,7485.25,7476.25,7484.0,26589
2026-06-23 22:15:00,7484.0,7487.5,7480.0,7486.25,20764
2026-06-23 22:20:00,7486.25,7491.0,7479.5,7483.0,23519
2026-06-23 22:25:00,7483.0,7484.75,7475.75,7483.75,22611
2026-06-23 22:30:00,7483.75,7486.0,7472.25,7476.0,21417
2026-06-23 22:35:00,7476.0,7482.5,7470.0,7470.5,20825
2026-06-23 22:40:00,7470.5,7476.0,7466.25,7468.25,22726
2026-06-23 22:45:00,7468.25,7470.25,7461.5,7467.75,21985
2026-06-23 22:50:00,7467.75,7474.0,7462.25,7466.0,19406
2026-06-23 22:55:00,7466.0,7467.75,7459.75,7464.75,15553
2026-06-23 23:00:00,7464.75,7468.5,7458.5,7459.75,17777
2026-06-23 23:05:00,7459.75,7461.25,7450.5,7454.0,18518
2026-06-23 23:10:00,7454.25,7456.75,7451.0,7455.25,13145
2026-06-23 23:15:00,7455.25,7457.0,7445.5,7446.75,15348
2026-06-23 23:20:00,7446.5,7449.5,7439.75,7440.0,15034
2026-06-23 23:25:00,7440.0,7443.0,7436.25,7440.0,19530
2026-06-23 23:30:00,7439.75,7446.75,7438.0,7443.5,17301
2026-06-23 23:35:00,7443.75,7449.25,7436.75,7438.75,16741
2026-06-23 23:40:00,7438.75,7445.75,7435.75,7444.25,15100
2026-06-23 23:45:00,7444.0,7449.25,7441.75,7444.75,13136
2026-06-23 23:50:00,7445.0,7456.5,7443.25,7453.0,15038
2026-06-23 23:55:00,7453.0,7455.75,7447.5,7453.75,11644
2026-06-24 00:00:00,7454.0,7462.0,7452.5,7461.0,13171
2026-06-24 00:05:00,7461.0,7466.75,7459.75,7466.25,13897
2026-06-24 00:10:00,7466.25,7471.5,7466.25,7469.25,10292
2026-06-24 00:15:00,7469.5,7471.25,7464.0,7464.5,10819
2026-06-24 00:20:00,7464.75,7469.25,7460.75,7468.25,10164
2026-06-24 00:25:00,7468.25,7470.5,7465.25,7469.0,7257
2026-06-24 00:30:00,7469.0,7470.0,7464.5,7465.75,7871
2026-06-24 00:35:00,7466.0,7470.75,7465.0,7470.0,7320
2026-06-24 00:40:00,7470.25,7475.25,7470.25,7474.0,9672
2026-06-24 00:45:00,7474.0,7474.75,7466.25,7469.0,8210
2026-06-24 00:50:00,7469.0,7469.25,7464.5,7468.5,8983
2026-06-24 00:55:00,7468.75,7472.0,7465.25,7469.75,9078
2026-06-24 01:00:00,7469.75,7470.25,7461.5,7462.75,8416
2026-06-24 01:05:00,7462.75,7465.5,7460.5,7464.75,7274
2026-06-24 01:10:00,7464.75,7473.0,7464.5,7469.0,10614
2026-06-24 01:15:00,7468.75,7471.25,7464.5,7466.75,9028
2026-06-24 01:20:00,7466.75,7476.5,7466.25,7474.5,9339
2026-06-24 01:25:00,7474.25,7475.0,7470.25,7471.0,8797
2026-06-24 01:30:00,7470.75,7473.25,7466.0,7473.25,9717
2026-06-24 01:35:00,7473.25,7475.75,7470.25,7471.25,7081
2026-06-24 01:40:00,7471.0,7472.5,7466.25,7467.25,6328
2026-06-24 01:45:00,7467.25,7470.5,7466.0,7468.5,7499
2026-06-24 01:50:00,7468.5,7469.0,7455.5,7456.25,12197
2026-06-24 01:55:00,7456.0,7457.5,7452.5,7453.25,11836
2026-06-24 02:00:00,7453.25,7461.25,7451.75,7456.25,13802
2026-06-24 02:05:00,7456.0,7457.0,7448.75,7453.25,9106
2026-06-24 02:10:00,7453.5,7456.0,7452.5,7453.75,8687
2026-06-24 02:15:00,7453.75,7455.75,7450.25,7451.5,8710
2026-06-24 02:20:00,7451.5,7454.5,7447.75,7453.0,9475
2026-06-24 02:25:00,7453.0,7453.0,7448.75,7449.75,8167
2026-06-24 02:30:00,7449.5,7451.0,7446.5,7447.0,8210
2026-06-24 02:35:00,7446.75,7448.5,7444.25,7445.0,8275
2026-06-24 02:40:00,7445.0,7445.0,7433.0,7433.75,18789
2026-06-24 02:45:00,7433.75,7435.75,7430.25,7435.25,17623
2026-06-24 02:50:00,7435.5,7441.25,7428.75,7433.0,16832
2026-06-24 02:55:00,7432.75,7438.25,7429.25,7436.0,12247
2026-06-24 03:00:00,7436.0,7446.5,7433.75,7446.0,15322
2026-06-24 03:05:00,7445.75,7452.25,7438.5,7440.5,18065
2026-06-24 03:10:00,7440.75,7445.25,7438.0,7441.0,10903
2026-06-24 03:15:00,7441.0,7442.5,7434.0,7434.25,10496
2026-06-24 03:20:00,7434.25,7448.5,7433.5,7444.5,15247
2026-06-24 03:25:00,7444.75,7449.75,7442.75,7446.75,15578
2026-06-24 03:30:00,7446.75,7449.25,7440.25,7446.75,13597
2026-06-24 03:35:00,7446.75,7448.5,7442.75,7442.75,14826
2026-06-24 03:40:00,7443.0,7444.25,7438.25,7442.0,14121
2026-06-24 03:45:00,7442.25,7444.5,7436.25,7444.25,16217
2026-06-24 03:50:00,7444.25,7453.0,7442.0,7452.5,29827
2026-06-24 03:55:00,7452.75,7452.75,7433.0,7434.75,103388
2026-06-24 04:00:00,7434.75,7437.0,7431.5,7436.0,26440
2026-06-24 04:05:00,7435.75,7442.25,7435.5,7439.75,7431
2026-06-24 04:10:00,7439.5,7441.25,7438.0,7438.75,5152
2026-06-24 04:15:00,7438.5,7439.0,7435.25,7437.75,3236
2026-06-24 04:20:00,7437.75,7440.75,7437.0,7440.25,1598
2026-06-24 04:25:00,7440.25,7442.0,7439.5,7441.0,1769
2026-06-24 04:30:00,7440.75,7443.0,7439.5,7442.0,1390
2026-06-24 04:35:00,7442.25,7443.0,7439.75,7439.75,1027
2026-06-24 04:40:00,7439.75,7441.5,7438.25,7440.25,1099
2026-06-24 04:45:00,7440.5,7441.75,7439.25,7440.0,952
2026-06-24 04:50:00,7440.25,7441.5,7439.75,7441.25,1622
2026-06-24 04:55:00,7441.0,7446.75,7441.0,7445.5,2171
2026-06-24 06:00:00,7449.25,7451.75,7443.75,7446.25,0
2026-06-24 06:05:00,7446.0,7450.75,7444.75,7450.25,738
2026-06-24 06:10:00,7449.75,7452.25,7448.75,7449.0,655
2026-06-24 06:15:00,7449.0,7452.0,7446.0,7448.0,862
2026-06-24 06:20:00,7447.75,7448.5,7438.25,7438.25,1380
2026-06-24 06:25:00,7438.25,7440.0,7436.75,7436.75,1220
2026-06-24 06:30:00,7437.0,7440.75,7432.5,7433.5,1283
2026-06-24 06:35:00,7433.5,7434.5,7431.0,7433.25,1007
2026-06-24 06:40:00,7433.25,7434.5,7429.25,7430.5,913
2026-06-24 06:45:00,7430.5,7434.0,7430.5,7434.0,514
2026-06-24 06:50:00,7434.0,7435.5,7432.0,7434.25,693
2026-06-24 06:55:00,7434.0,7436.25,7434.0,7434.75,678
2026-06-24 07:00:00,7435.0,7435.5,7428.0,7428.75,1075
2026-06-24 07:05:00,7429.0,7429.25,7420.25,7426.5,3013
2026-06-24 07:10:00,7426.5,7434.5,7425.75,7433.0,1172
2026-06-24 07:15:00,7433.25,7436.0,7432.5,7434.25,635
2026-06-24 07:20:00,7434.75,7437.25,7433.5,7437.25,459
2026-06-24 07:25:00,7437.25,7438.25,7435.0,7435.75,509
2026-06-24 07:30:00,7436.0,7437.0,7430.5,7430.75,732
2026-06-24 07:35:00,7430.75,7431.5,7427.5,7428.5,931
2026-06-24 07:40:00,7428.5,7433.75,7427.75,7433.5,906
2026-06-24 07:45:00,7433.5,7450.75,7433.25,7446.5,3143
2026-06-24 07:50:00,7446.75,7448.75,7444.25,7445.25,981
2026-06-24 07:55:00,7445.0,7447.25,7444.25,7446.75,774
2026-06-24 08:00:00,7446.75,7455.5,7445.0,7445.5,2556
2026-06-24 08:05:00,7445.25,7456.75,7443.5,7455.0,2405
2026-06-24 08:10:00,7455.0,7459.75,7452.0,7454.25,2720
2026-06-24 08:15:00,7454.0,7458.75,7453.0,7456.5,2192
2026-06-24 08:20:00,7456.25,7456.5,7449.25,7450.0,1571
2026-06-24 08:25:00,7450.0,7455.0,7448.5,7454.75,1226
2026-06-24 08:30:00,7455.0,7458.0,7453.25,7456.75,1453
2026-06-24 08:35:00,7456.75,7458.25,7453.5,7456.0,1042
2026-06-24 08:40:00,7455.75,7458.25,7453.5,7456.5,887
2026-06-24 08:45:00,7456.25,7458.25,7453.25,7455.0,1026
2026-06-24 08:50:00,7454.75,7456.75,7451.25,7452.0,975
2026-06-24 08:55:00,7451.75,7453.75,7448.75,7453.5,1365
2026-06-24 09:00:00,7453.75,7454.75,7446.0,7447.25,1958
2026-06-24 09:05:00,7447.25,7453.25,7446.0,7447.75,1947
2026-06-24 09:10:00,7447.75,7452.0,7447.0,7451.75,1137
2026-06-24 09:15:00,7451.75,7451.75,7442.5,7444.0,1688
2026-06-24 09:20:00,7444.0,7451.5,7442.5,7451.0,1408
2026-06-24 09:25:00,7451.0,7452.75,7448.5,7451.0,969
2026-06-24 09:30:00,7451.0,7453.0,7450.0,7451.75,1115
2026-06-24 09:35:00,7451.5,7451.5,7448.0,7450.0,1005
2026-06-24 09:40:00,7450.0,7454.25,7448.75,7452.0,1288
2026-06-24 09:45:00,7452.0,7453.0,7449.0,7450.5,938
2026-06-24 09:50:00,7450.25,7453.75,7449.5,7453.75,898
2026-06-24 09:55:00,7454.0,7454.0,7449.5,7451.25,1052
2026-06-24 10:00:00,7451.0,7453.25,7449.25,7451.5,945
2026-06-24 10:05:00,7451.5,7451.75,7447.25,7451.0,891
2026-06-24 10:10:00,7451.25,7453.25,7450.0,7451.5,727
2026-06-24 10:15:00,7451.25,7451.75,7445.75,7448.75,910
2026-06-24 10:20:00,7448.75,7449.5,7442.75,7444.75,834
2026-06-24 10:25:00,7444.5,7448.75,7444.5,7448.0,817
2026-06-24 10:30:00,7448.25,7450.5,7446.0,7446.25,736
2026-06-24 10:35:00,7446.25,7446.75,7439.0,7441.25,1838
2026-06-24 10:40:00,7441.5,7443.75,7438.75,7440.25,1250
2026-06-24 10:45:00,7440.25,7441.0,7434.25,7436.0,1448
2026-06-24 10:50:00,7436.0,7436.75,7432.25,7434.0,1273
2026-06-24 10:55:00,7434.0,7435.5,7429.75,7430.25,1216
2026-06-24 11:00:00,7430.0,7434.75,7429.75,7430.0,2013
2026-06-24 11:05:00,7430.0,7436.75,7426.75,7435.75,1797
2026-06-24 11:10:00,7435.75,7446.25,7435.5,7445.0,2089
2026-06-24 11:15:00,7444.75,7444.75,7438.0,7438.25,1139
2026-06-24 11:20:00,7438.5,7441.0,7436.25,7437.5,734
2026-06-24 11:25:00,7437.5,7448.25,7437.5,7448.0,1118
2026-06-24 11:30:00,7447.75,7451.0,7447.0,7449.0,985
2026-06-24 11:35:00,7449.25,7451.75,7446.0,7447.75,995
2026-06-24 11:40:00,7447.5,7450.0,7445.75,7447.5,1033
2026-06-24 11:45:00,7447.5,7448.25,7444.25,7445.0,711
2026-06-24 11:50:00,7445.0,7447.0,7443.5,7445.25,609
2026-06-24 11:55:00,7445.25,7447.5,7444.25,7447.5,288
2026-06-24 12:05:00,7440.0,7442.0,7439.5,7441.5,1370
2026-06-24 12:10:00,7441.5,7443.0,7438.0,7439.75,447
2026-06-24 12:15:00,7439.75,7441.5,7436.25,7436.5,647
2026-06-24 12:20:00,7436.5,7438.75,7434.75,7435.75,838
2026-06-24 12:25:00,7435.5,7438.75,7435.5,7436.75,401
2026-06-24 12:30:00,7437.0,7444.25,7437.0,7444.0,1015
2026-06-24 12:35:00,7443.75,7449.0,7442.0,7448.0,756
2026-06-24 12:40:00,7447.75,7450.5,7447.0,7448.25,506
2026-06-24 12:45:00,7448.25,7450.5,7447.75,7449.5,740
2026-06-24 12:50:00,7449.75,7451.5,7448.25,7449.75,622
2026-06-24 12:55:00,7449.5,7451.5,7448.25,7449.5,543
2026-06-24 13:00:00,7449.75,7451.5,7448.5,7450.75,791
2026-06-24 13:05:00,7450.75,7452.5,7447.5,7451.75,885
2026-06-24 13:10:00,7451.5,7453.25,7450.25,7451.5,751
2026-06-24 13:15:00,7451.5,7456.25,7450.0,7455.75,1026
2026-06-24 13:20:00,7455.5,7456.75,7454.0,7456.5,729
2026-06-24 13:25:00,7456.5,7457.5,7453.75,7454.25,817
2026-06-24 13:30:00,7454.25,7457.75,7453.75,7454.25,873
2026-06-24 13:35:00,7454.5,7459.25,7454.25,7458.5,867
2026-06-24 13:40:00,7458.5,7458.5,7453.5,7454.25,695
2026-06-24 13:45:00,7454.0,7455.0,7451.75,7452.5,637
2026-06-24 13:50:00,7451.75,7452.0,7449.75,7450.5,385
2026-06-24 13:55:00,7450.25,7451.25,7449.75,7450.25,427
2026-06-24 14:00:00,7450.25,7450.5,7445.75,7446.25,777
2026-06-24 14:05:00,7446.25,7450.25,7446.0,7449.75,584
2026-06-24 14:10:00,7449.75,7453.75,7449.5,7452.0,675
2026-06-24 14:15:00,7452.0,7452.5,7447.5,7448.5,515
2026-06-24 14:20:00,7448.5,7448.5,7445.25,7447.5,622
2026-06-24 14:25:00,7447.0,7448.75,7445.5,7447.0,842
2026-06-24 14:30:00,7447.5,7451.5,7446.75,7451.25,812
2026-06-24 14:35:00,7451.0,7453.75,7450.0,7450.25,770
2026-06-24 14:40:00,7450.0,7451.25,7449.5,7450.0,533
2026-06-24 14:45:00,7450.0,7450.25,7448.25,7449.0,688
2026-06-24 14:50:00,7449.25,7451.75,7449.0,7450.5,550
2026-06-24 14:55:00,7450.5,7451.25,7448.5,7448.75,540
2026-06-24 15:00:00,7449.0,7450.75,7442.75,7445.75,2154
2026-06-24 15:05:00,7445.75,7449.75,7443.5,7446.5,1666
2026-06-24 15:10:00,7446.75,7450.0,7446.0,7447.75,998
2026-06-24 15:15:00,7448.0,7449.25,7444.75,7446.5,1342
2026-06-24 15:20:00,7446.5,7450.5,7444.75,7448.25,851
2026-06-24 15:25:00,7448.0,7448.0,7444.5,7444.5,993
2026-06-24 15:30:00,7444.5,7448.0,7444.25,7446.25,769
2026-06-24 15:35:00,7446.5,7446.5,7439.75,7444.5,1770
2026-06-24 15:40:00,7444.75,7450.75,7443.25,7450.25,1653
2026-06-24 15:45:00,7450.0,7452.75,7449.5,7451.5,1116
2026-06-24 15:50:00,7451.5,7451.5,7444.75,7446.0,937
2026-06-24 15:55:00,7446.25,7447.5,7442.0,7442.75,882
2026-06-24 16:00:00,7443.0,7450.75,7442.5,7450.5,1695
2026-06-24 16:05:00,7450.5,7452.5,7448.0,7448.75,1672
2026-06-24 16:10:00,7448.75,7452.25,7446.75,7452.25,1337
2026-06-24 16:15:00,7451.75,7453.0,7448.0,7448.5,1106
2026-06-24 16:20:00,7448.25,7449.75,7446.25,7447.75,1324
2026-06-24 16:25:00,7447.75,7448.5,7445.75,7448.5,837
2026-06-24 16:30:00,7448.5,7453.25,7447.0,7450.75,1095
2026-06-24 16:35:00,7450.75,7451.75,7447.0,7447.5,1030
2026-06-24 16:40:00,7447.5,7450.0,7447.0,7449.0,520
2026-06-24 16:45:00,7449.0,7449.25,7445.0,7445.0,709
2026-06-24 16:50:00,7445.25,7447.5,7445.0,7446.75,747
2026-06-24 16:55:00,7447.0,7447.75,7445.75,7447.5,625
2026-06-24 17:00:00,7447.5,7449.25,7444.25,7445.0,1285
2026-06-24 17:05:00,7445.25,7448.25,7444.5,7447.0,873
2026-06-24 17:10:00,7447.0,7452.25,7446.0,7451.25,829
2026-06-24 17:15:00,7451.25,7451.5,7443.0,7446.5,1333
2026-06-24 17:20:00,7446.75,7449.0,7446.0,7448.25,852
2026-06-24 17:25:00,7448.0,7449.75,7446.0,7447.0,913
2026-06-24 17:30:00,7446.75,7448.25,7445.5,7447.5,1077
2026-06-24 17:35:00,7447.25,7447.5,7444.0,7444.25,929
2026-06-24 17:40:00,7444.25,7444.25,7440.75,7441.25,1286
2026-06-24 17:45:00,7441.25,7444.5,7439.25,7444.25,1340
2026-06-24 17:50:00,7444.25,7448.75,7444.25,7446.0,835
2026-06-24 17:55:00,7446.25,7448.25,7446.0,7447.75,710
2026-06-24 18:00:00,7447.75,7447.75,7442.25,7445.25,1379
2026-06-24 18:05:00,7445.5,7447.5,7444.0,7445.75,1283
2026-06-24 18:10:00,7445.75,7448.0,7443.75,7447.75,643
2026-06-24 18:15:00,7447.5,7450.0,7447.0,7448.0,1136
2026-06-24 18:20:00,7448.25,7449.5,7447.0,7447.5,825
2026-06-24 18:25:00,7447.25,7450.5,7447.25,7450.5,460
2026-06-24 18:30:00,7450.5,7453.0,7449.75,7452.75,1551
2026-06-24 18:35:00,7452.5,7453.75,7452.0,7452.0,1150
2026-06-24 18:40:00,7452.0,7458.25,7451.75,7455.25,2678
2026-06-24 18:45:00,7455.25,7456.25,7452.0,7452.75,1000
2026-06-24 18:50:00,7452.75,7452.75,7448.5,7449.5,665
2026-06-24 18:55:00,7449.5,7450.5,7447.5,7449.0,1277
2026-06-24 19:00:00,7449.0,7455.75,7448.5,7453.25,1705
2026-06-24 19:05:00,7453.25,7453.75,7449.0,7449.25,774
2026-06-24 19:10:00,7449.5,7451.0,7448.0,7448.0,955
2026-06-24 19:15:00,7448.25,7449.25,7445.75,7446.25,1397
2026-06-24 19:20:00,7446.5,7449.0,7443.75,7448.75,1521
2026-06-24 19:25:00,7449.0,7449.25,7446.5,7447.5,937
2026-06-24 19:30:00,7447.75,7453.0,7447.5,7451.5,1545
2026-06-24 19:35:00,7451.5,7459.0,7451.25,7456.25,2702
2026-06-24 19:40:00,7456.25,7456.75,7453.75,7455.25,937
2026-06-24 19:45:00,7455.25,7464.25,7454.5,7463.25,2486
2026-06-24 19:50:00,7463.25,7465.0,7460.75,7463.75,3211
2026-06-24 19:55:00,7463.75,7464.0,7460.0,7463.75,1716
2026-06-24 20:00:00,7463.75,7464.5,7458.5,7462.0,4294
2026-06-24 20:05:00,7462.0,7463.0,7458.5,7460.5,1430
2026-06-24 20:10:00,7460.25,7462.75,7458.5,7460.25,1852
2026-06-24 20:15:00,7460.25,7465.5,7457.0,7465.5,2150
2026-06-24 20:20:00,7465.25,7466.75,7462.75,7464.25,1836
2026-06-24 20:25:00,7464.25,7467.25,7462.25,7465.0,2140
2026-06-24 20:30:00,7464.75,7467.25,7459.25,7459.5,1627
2026-06-24 20:35:00,7459.5,7460.0,7455.0,7457.0,2201
2026-06-24 20:40:00,7456.75,7457.25,7452.75,7454.0,1837
2026-06-24 20:45:00,7454.0,7455.5,7450.5,7451.75,2053
2026-06-24 20:50:00,7451.75,7451.75,7449.0,7450.5,2189
2026-06-24 20:55:00,7450.25,7451.5,7447.75,7450.5,2345
2026-06-24 21:00:00,7450.5,7455.75,7449.25,7449.75,4926
2026-06-24 21:05:00,7449.75,7452.0,7445.0,7446.75,4286
2026-06-24 21:10:00,7446.75,7447.25,7442.0,7442.75,4063
2026-06-24 21:15:00,7443.0,7447.0,7442.0,7446.75,3471
2026-06-24 21:20:00,7446.75,7449.25,7438.75,7445.5,7312
2026-06-24 21:25:00,7445.5,7449.25,7443.75,7447.25,7504
2026-06-24 21:30:00,7447.25,7466.75,7438.25,7463.5,45085
2026-06-24 21:35:00,7463.5,7468.0,7456.25,7458.5,26733
2026-06-24 21:40:00,7458.5,7460.5,7442.25,7452.75,30592
2026-06-24 21:45:00,7452.5,7457.75,7437.75,7450.0,33472
2026-06-24 21:50:00,7450.0,7472.25,7449.75,7468.25,30590
2026-06-24 21:55:00,7468.25,7468.75,7453.25,7454.75,22426
2026-06-24 22:00:00,7454.5,7459.0,7447.75,7450.5,25820
2026-06-24 22:05:00,7450.5,7460.5,7447.75,7453.0,25861
2026-06-24 22:10:00,7453.0,7457.75,7447.0,7451.25,22945
2026-06-24 22:15:00,7451.0,7455.0,7442.5,7444.0,19396
2026-06-24 22:20:00,7444.25,7460.25,7436.5,7458.5,30563
2026-06-24 22:25:00,7458.5,7466.0,7455.5,7461.0,20307
2026-06-24 22:30:00,7461.0,7469.0,7460.75,7465.5,18279
2026-06-24 22:35:00,7465.75,7468.0,7458.25,7458.75,16302
2026-06-24 22:40:00,7459.0,7473.5,7457.5,7472.75,19358
2026-06-24 22:45:00,7472.75,7486.0,7471.75,7479.5,26487
2026-06-24 22:50:00,7479.75,7487.25,7479.75,7480.75,17906
2026-06-24 22:55:00,7481.0,7494.25,7478.0,7493.75,20080
2026-06-24 23:00:00,7493.75,7496.5,7488.0,7490.0,21703
2026-06-24 23:05:00,7490.0,7490.75,7479.25,7481.0,17571
2026-06-24 23:10:00,7481.0,7485.25,7476.25,7481.75,17783
2026-06-24 23:15:00,7481.75,7490.75,7480.5,7489.0,13190
2026-06-24 23:20:00,7489.0,7490.5,7483.5,7484.25,12464
2026-06-24 23:25:00,7484.25,7493.75,7478.25,7493.75,17951
2026-06-24 23:30:00,7493.5,7496.5,7485.75,7489.25,17092
2026-06-24 23:35:00,7489.25,7492.25,7483.25,7485.75,12463
2026-06-24 23:40:00,7485.5,7487.5,7478.25,7481.75,14183
2026-06-24 23:45:00,7481.75,7483.75,7474.5,7483.25,16409
2026-06-24 23:50:00,7483.25,7489.75,7483.25,7485.25,11849
2026-06-24 23:55:00,7485.0,7487.25,7478.0,7480.25,10375
2026-06-25 00:00:00,7480.25,7483.0,7475.75,7477.5,13042
2026-06-25 00:05:00,7477.5,7481.25,7474.5,7478.0,11612
2026-06-25 00:10:00,7478.0,7485.5,7476.0,7481.25,11777
2026-06-25 00:15:00,7481.5,7485.0,7478.0,7480.0,8483
2026-06-25 00:20:00,7480.0,7484.25,7477.0,7483.0,7886
2026-06-25 00:25:00,7483.0,7483.0,7476.75,7477.75,8063
2026-06-25 00:30:00,7477.75,7477.75,7471.5,7473.25,12633
2026-06-25 00:35:00,7473.25,7476.0,7461.25,7461.75,17321
2026-06-25 00:40:00,7461.75,7462.25,7455.0,7459.75,24556
2026-06-25 00:45:00,7459.5,7461.75,7455.5,7459.25,15356
2026-06-25 00:50:00,7459.5,7464.5,7454.0,7454.0,12194
2026-06-25 00:55:00,7454.0,7456.25,7450.75,7453.0,10144
2026-06-25 01:00:00,7453.0,7461.25,7451.25,7460.25,9216
2026-06-25 01:05:00,7460.25,7460.75,7442.5,7445.5,12822
2026-06-25 01:10:00,7445.75,7450.0,7442.25,7444.0,14329
2026-06-25 01:15:00,7444.0,7447.75,7431.0,7433.75,20988
2026-06-25 01:20:00,7433.75,7434.25,7426.0,7426.75,19274
2026-06-25 01:25:00,7426.75,7428.25,7415.75,7416.75,20455
2026-06-25 01:30:00,7416.75,7422.25,7407.75,7418.25,29496
2026-06-25 01:35:00,7418.5,7424.5,7412.0,7420.25,18568
2026-06-25 01:40:00,7420.25,7423.5,7413.25,7414.75,14628
2026-06-25 01:45:00,7414.75,7421.75,7410.25,7420.0,15711
2026-06-25 01:50:00,7420.0,7421.75,7416.25,7421.0,11674
2026-06-25 01:55:00,7421.25,7427.25,7412.5,7414.0,15407
2026-06-25 02:00:00,7414.25,7425.25,7413.0,7421.5,16045
2026-06-25 02:05:00,7421.5,7429.5,7421.25,7426.0,14318
2026-06-25 02:10:00,7426.0,7427.5,7421.0,7424.75,12797
2026-06-25 02:15:00,7424.75,7435.75,7424.75,7433.75,17796
2026-06-25 02:20:00,7433.75,7439.75,7431.75,7439.75,15547
2026-06-25 02:25:00,7439.5,7443.25,7437.75,7440.0,14582
2026-06-25 02:30:00,7440.0,7442.25,7436.0,7439.0,13180
2026-06-25 02:35:00,7439.0,7439.5,7431.25,7432.75,11542
2026-06-25 02:40:00,7432.75,7434.25,7425.25,7429.25,12858
2026-06-25 02:45:00,7429.25,7429.25,7410.75,7414.25,15942
2026-06-25 02:50:00,7414.0,7418.25,7408.25,7417.75,21339
2026-06-25 02:55:00,7417.5,7424.5,7412.5,7415.5,16172
2026-06-25 03:00:00,7415.5,7425.25,7409.5,7422.0,18371
2026-06-25 03:05:00,7422.25,7422.25,7404.75,7409.5,18561
2026-06-25 03:10:00,7409.25,7413.25,7404.25,7412.25,14241
2026-06-25 03:15:00,7412.25,7413.25,7407.75,7412.0,10861
2026-06-25 03:20:00,7412.0,7414.75,7408.75,7414.75,10531
2026-06-25 03:25:00,7414.75,7419.75,7413.75,7416.25,13043
2026-06-25 03:30:00,7416.0,7418.5,7411.25,7413.25,16845
2026-06-25 03:35:00,7413.5,7416.25,7410.0,7414.0,12931
2026-06-25 03:40:00,7414.0,7417.25,7405.25,7411.0,15591
2026-06-25 03:45:00,7411.25,7418.5,7410.5,7417.25,16118
2026-06-25 03:50:00,7417.0,7427.5,7411.25,7426.75,27969
2026-06-25 03:55:00,7426.75,7431.5,7417.75,7428.25,78107
2026-06-25 04:00:00,7428.0,7451.25,7421.25,7450.75,31961
2026-06-25 04:05:00,7450.5,7465.25,7450.0,7459.75,17901
2026-06-25 04:10:00,7459.75,7464.5,7457.0,7463.5,8048
2026-06-25 04:15:00,7463.75,7465.0,7460.75,7462.75,4273
2026-06-25 04:20:00,7462.5,7473.25,7462.25,7472.75,5889
2026-06-25 04:25:00,7472.75,7474.0,7469.25,7470.5,4651
2026-06-25 04:30:00,7470.5,7475.0,7468.0,7468.0,3509
2026-06-25 04:35:00,7468.0,7473.5,7468.0,7473.25,2655
2026-06-25 04:40:00,7473.25,7480.0,7472.5,7479.25,3320
2026-06-25 04:45:00,7479.25,7482.25,7477.0,7479.25,3918
2026-06-25 04:50:00,7479.25,7479.25,7475.25,7477.5,2959
2026-06-25 04:55:00,7477.5,7478.75,7474.75,7477.5,2379
2026-06-25 06:00:00,7476.25,7486.75,7476.25,7477.75,0
2026-06-25 06:05:00,7477.75,7478.25,7472.25,7474.0,1176
2026-06-25 06:10:00,7474.0,7477.5,7472.25,7473.0,954
2026-06-25 06:15:00,7473.0,7473.25,7470.75,7471.25,744
2026-06-25 06:20:00,7471.0,7475.25,7470.5,7471.0,822
2026-06-25 06:25:00,7471.25,7471.75,7468.25,7468.5,1084
2026-06-25 06:30:00,7468.5,7471.25,7468.0,7469.5,774
2026-06-25 06:35:00,7469.5,7470.25,7468.0,7468.75,729
2026-06-25 06:40:00,7468.75,7471.5,7467.0,7470.75,916
2026-06-25 06:45:00,7470.75,7471.0,7466.5,7466.75,558
2026-06-25 06:50:00,7466.75,7469.5,7466.75,7467.5,568
2026-06-25 06:55:00,7467.5,7467.5,7465.75,7466.25,435
2026-06-25 07:00:00,7466.5,7468.25,7465.25,7467.25,704
2026-06-25 07:05:00,7467.25,7468.25,7466.5,7467.0,450
2026-06-25 07:10:00,7467.0,7468.75,7464.0,7464.75,743
2026-06-25 07:15:00,7465.0,7465.5,7464.0,7464.25,426
2026-06-25 07:20:00,7464.5,7468.75,7464.5,7468.25,422
2026-06-25 07:25:00,7468.25,7470.75,7468.0,7468.25,453
2026-06-25 07:30:00,7468.5,7471.25,7468.0,7471.25,307
2026-06-25 07:35:00,7471.25,7475.5,7471.0,7473.75,718
2026-06-25 07:40:00,7474.0,7475.75,7473.0,7474.25,522
2026-06-25 07:45:00,7474.5,7478.5,7471.5,7472.75,1211
2026-06-25 07:50:00,7472.75,7473.5,7469.75,7473.25,456
2026-06-25 07:55:00,7473.25,7474.0,7470.25,7471.75,407
2026-06-25 08:00:00,7472.0,7472.75,7465.5,7467.25,1472
2026-06-25 08:05:00,7467.0,7469.75,7464.75,7468.75,1548
2026-06-25 08:10:00,7469.0,7473.0,7467.5,7471.25,1047
2026-06-25 08:15:00,7471.0,7472.25,7468.0,7469.5,794
2026-06-25 08:20:00,7469.25,7471.25,7467.5,7468.75,608
2026-06-25 08:25:00,7468.5,7468.5,7464.5,7466.0,814
2026-06-25 08:30:00,7466.25,7467.0,7460.25,7461.5,1491
2026-06-25 08:35:00,7461.5,7462.25,7458.75,7459.75,920
2026-06-25 08:40:00,7459.75,7460.25,7454.0,7457.0,1652
2026-06-25 08:45:00,7457.0,7458.5,7453.5,7454.25,1237
2026-06-25 08:50:00,7454.25,7460.5,7454.25,7458.75,1096
2026-06-25 08:55:00,7459.25,7459.5,7453.0,7454.5,851
2026-06-25 09:00:00,7455.0,7459.0,7452.5,7453.0,1150
2026-06-25 09:05:00,7453.0,7455.75,7452.25,7455.0,767
2026-06-25 09:10:00,7454.75,7457.0,7454.25,7455.75,574
2026-06-25 09:15:00,7455.75,7458.25,7454.25,7458.0,812
2026-06-25 09:20:00,7458.0,7460.0,7457.5,7458.25,647
2026-06-25 09:25:00,7458.25,7459.25,7455.75,7456.25,499
2026-06-25 09:30:00,7456.75,7461.0,7455.75,7460.75,664
2026-06-25 09:35:00,7460.5,7466.5,7460.5,7464.0,979
2026-06-25 09:40:00,7463.75,7464.5,7460.25,7460.75,986
2026-06-25 09:45:00,7460.75,7462.5,7459.5,7462.5,480
2026-06-25 09:50:00,7462.75,7464.5,7461.0,7463.75,834
2026-06-25 09:55:00,7463.75,7465.0,7460.0,7460.25,595
2026-06-25 10:00:00,7460.0,7464.5,7458.25,7463.25,716
2026-06-25 10:05:00,7463.25,7465.0,7459.75,7461.25,675
2026-06-25 10:10:00,7461.0,7461.0,7454.0,7455.25,1511
2026-06-25 10:15:00,7455.5,7459.5,7452.75,7459.5,957
2026-06-25 10:20:00,7459.25,7463.0,7458.0,7459.5,560
2026-06-25 10:25:00,7459.5,7462.25,7458.5,7461.25,407
2026-06-25 10:30:00,7461.25,7462.75,7459.75,7462.25,359
2026-06-25 10:35:00,7462.0,7463.5,7460.75,7461.75,354
2026-06-25 10:40:00,7461.75,7462.0,7458.5,7459.75,363
2026-06-25 10:45:00,7459.5,7460.75,7458.75,7460.25,268
2026-06-25 10:50:00,7460.25,7461.5,7459.0,7461.5,326
2026-06-25 10:55:00,7461.5,7464.0,7460.5,7463.25,344
2026-06-25 11:00:00,7463.5,7467.25,7462.25,7465.75,710
2026-06-25 11:05:00,7465.5,7467.25,7463.75,7463.75,344
2026-06-25 11:10:00,7464.0,7464.75,7462.5,7464.0,428
2026-06-25 11:15:00,7464.0,7467.0,7460.25,7466.5,1004
2026-06-25 11:20:00,7466.25,7468.25,7465.5,7467.25,460
2026-06-25 11:25:00,7467.0,7467.5,7465.5,7466.5,284
2026-06-25 11:30:00,7466.5,7469.5,7466.25,7467.0,809
2026-06-25 11:35:00,7466.75,7466.75,7464.5,7466.25,396
2026-06-25 11:40:00,7466.0,7466.25,7464.0,7465.0,363
2026-06-25 11:45:00,7465.0,7467.5,7464.25,7467.0,269
2026-06-25 11:50:00,7467.0,7469.0,7466.0,7468.75,324
2026-06-25 11:55:00,7468.75,7469.75,7468.25,7469.5,411
2026-06-25 12:05:00,7466.5,7467.75,7466.5,7467.5,824
2026-06-25 12:10:00,7467.5,7468.0,7465.25,7465.25,367
2026-06-25 12:15:00,7465.25,7466.0,7462.5,7464.5,615
2026-06-25 12:20:00,7464.25,7467.0,7464.25,7465.0,521
2026-06-25 12:25:00,7464.75,7465.0,7463.75,7463.75,270
2026-06-25 12:30:00,7464.0,7464.0,7460.0,7461.25,463
2026-06-25 12:35:00,7461.25,7464.5,7459.75,7463.75,458
2026-06-25 12:40:00,7463.75,7466.5,7462.25,7466.5,316
2026-06-25 12:45:00,7466.75,7467.75,7465.5,7465.75,520
2026-06-25 12:50:00,7466.0,7467.75,7466.0,7466.75,298
2026-06-25 12:55:00,7466.5,7466.75,7463.0,7464.5,369
2026-06-25 13:00:00,7464.25,7468.25,7464.25,7467.75,382
2026-06-25 13:05:00,7468.0,7470.5,7468.0,7469.5,440
2026-06-25 13:10:00,7469.75,7470.0,7468.25,7469.5,357
2026-06-25 13:15:00,7469.75,7471.0,7468.5,7469.0,407
2026-06-25 13:20:00,7469.0,7472.5,7468.5,7471.75,502
2026-06-25 13:25:00,7471.75,7474.0,7471.25,7473.75,636
2026-06-25 13:30:00,7473.25,7474.5,7472.5,7474.25,609
2026-06-25 13:35:00,7474.75,7475.0,7472.75,7473.75,891
2026-06-25 13:40:00,7473.75,7476.5,7473.75,7474.5,952
2026-06-25 13:45:00,7474.5,7474.5,7471.5,7472.25,745
2026-06-25 13:50:00,7472.25,7473.5,7471.25,7472.0,630
2026-06-25 13:55:00,7471.75,7472.75,7470.75,7472.0,517
2026-06-25 14:00:00,7472.0,7475.0,7472.0,7472.0,743
2026-06-25 14:05:00,7472.25,7475.0,7471.0,7474.25,652
2026-06-25 14:10:00,7474.5,7478.5,7474.0,7477.5,888
2026-06-25 14:15:00,7477.5,7480.75,7476.75,7480.0,997
2026-06-25 14:20:00,7480.0,7481.0,7479.0,7480.5,633
2026-06-25 14:25:00,7480.25,7482.25,7479.25,7480.0,878
2026-06-25 14:30:00,7480.0,7481.25,7479.0,7481.0,992
2026-06-25 14:35:00,7481.25,7482.25,7479.5,7480.25,484
2026-06-25 14:40:00,7480.0,7480.75,7478.0,7479.25,381
2026-06-25 14:45:00,7479.25,7481.25,7478.5,7479.0,493
2026-06-25 14:50:00,7479.0,7480.25,7477.0,7477.25,551
2026-06-25 14:55:00,7477.5,7479.25,7477.25,7477.75,377
2026-06-25 15:00:00,7478.0,7481.75,7478.0,7481.0,1323
2026-06-25 15:05:00,7481.25,7484.0,7481.0,7482.75,1584
2026-06-25 15:10:00,7482.75,7483.25,7481.0,7481.75,768
2026-06-25 15:15:00,7481.75,7485.5,7481.5,7484.5,850
2026-06-25 15:20:00,7485.0,7488.75,7485.0,7487.25,1863
2026-06-25 15:25:00,7487.5,7488.0,7485.25,7485.75,813
2026-06-25 15:30:00,7486.0,7487.0,7484.75,7486.0,503
2026-06-25 15:35:00,7485.75,7487.25,7483.25,7487.0,648
2026-06-25 15:40:00,7487.0,7488.5,7486.75,7487.0,611
2026-06-25 15:45:00,7487.0,7487.25,7485.0,7485.75,522
2026-06-25 15:50:00,7485.75,7486.25,7484.75,7485.0,514
2026-06-25 15:55:00,7485.25,7488.25,7484.5,7488.0,542
2026-06-25 16:00:00,7488.25,7491.25,7485.5,7487.25,1702
2026-06-25 16:05:00,7487.25,7490.0,7487.0,7488.0,1100
2026-06-25 16:10:00,7487.75,7489.5,7483.5,7483.75,1024
2026-06-25 16:15:00,7483.5,7483.75,7480.25,7482.75,895
2026-06-25 16:20:00,7482.75,7484.0,7481.5,7482.75,693
2026-06-25 16:25:00,7482.75,7485.25,7482.25,7483.75,790
2026-06-25 16:30:00,7483.5,7485.0,7482.25,7482.25,644
2026-06-25 16:35:00,7482.25,7485.5,7482.25,7485.0,483
2026-06-25 16:40:00,7485.0,7485.0,7481.25,7481.5,850
2026-06-25 16:45:00,7481.25,7482.25,7479.0,7480.75,1124
2026-06-25 16:50:00,7481.0,7481.0,7476.75,7478.25,840
2026-06-25 16:55:00,7478.25,7479.0,7475.5,7477.0,642
2026-06-25 17:00:00,7477.0,7480.5,7476.25,7480.0,911
2026-06-25 17:05:00,7479.75,7482.5,7479.75,7479.75,591
2026-06-25 17:10:00,7479.75,7482.75,7479.25,7480.25,673
2026-06-25 17:15:00,7480.0,7481.75,7477.0,7477.0,777
2026-06-25 17:20:00,7477.0,7478.75,7476.75,7478.75,513
2026-06-25 17:25:00,7478.5,7480.0,7477.0,7479.0,768
2026-06-25 17:30:00,7479.0,7481.75,7478.5,7480.5,871
2026-06-25 17:35:00,7480.25,7482.75,7480.25,7482.25,383
2026-06-25 17:40:00,7482.25,7482.5,7480.75,7481.75,392
2026-06-25 17:45:00,7481.5,7482.25,7480.75,7482.0,422
2026-06-25 17:50:00,7482.0,7484.5,7481.5,7484.0,889
2026-06-25 17:55:00,7483.75,7484.0,7479.75,7480.75,480
2026-06-25 18:00:00,7480.5,7482.5,7479.75,7482.5,602
2026-06-25 18:05:00,7482.5,7484.75,7482.0,7484.5,705
2026-06-25 18:10:00,7484.5,7486.0,7483.75,7486.0,545
2026-06-25 18:15:00,7486.0,7486.75,7484.75,7485.75,486
2026-06-25 18:20:00,7485.5,7485.5,7483.5,7485.25,444
2026-06-25 18:25:00,7485.0,7486.5,7484.75,7486.25,441
2026-06-25 18:30:00,7486.25,7487.0,7484.25,7484.75,559
2026-06-25 18:35:00,7484.5,7487.5,7483.75,7485.5,448
2026-06-25 18:40:00,7485.75,7486.0,7481.75,7482.5,602
2026-06-25 18:45:00,7482.0,7483.75,7480.0,7483.5,417
2026-06-25 18:50:00,7483.5,7486.0,7483.5,7484.75,387
2026-06-25 18:55:00,7484.75,7485.75,7481.75,7483.75,573
2026-06-25 19:00:00,7483.75,7487.0,7483.75,7485.5,960
2026-06-25 19:05:00,7485.5,7485.5,7481.0,7482.0,659
2026-06-25 19:10:00,7482.0,7482.75,7480.0,7480.5,1053
2026-06-25 19:15:00,7480.25,7481.0,7478.5,7478.75,1198
2026-06-25 19:20:00,7478.75,7479.25,7473.5,7474.0,1392
2026-06-25 19:25:00,7474.0,7475.5,7472.5,7473.75,1095
2026-06-25 19:30:00,7473.75,7476.75,7472.25,7475.5,1324
2026-06-25 19:35:00,7475.5,7477.5,7474.25,7476.75,1168
2026-06-25 19:40:00,7476.75,7479.0,7476.0,7477.75,735
2026-06-25 19:45:00,7477.5,7480.5,7476.25,7476.5,865
2026-06-25 19:50:00,7476.5,7478.5,7474.25,7474.5,1323
2026-06-25 19:55:00,7474.5,7476.75,7473.0,7476.0,1639
2026-06-25 20:00:00,7475.75,7477.0,7474.75,7476.75,991
2026-06-25 20:05:00,7477.0,7482.75,7477.0,7481.0,1860
2026-06-25 20:10:00,7480.75,7480.75,7475.25,7476.75,1633
2026-06-25 20:15:00,7476.75,7479.5,7474.5,7476.0,1755
2026-06-25 20:20:00,7476.0,7476.25,7472.5,7475.5,1024
2026-06-25 20:25:00,7475.5,7476.5,7473.75,7474.5,1146
2026-06-25 20:30:00,7474.25,7496.0,7474.0,7489.5,9193
2026-06-25 20:35:00,7489.5,7492.5,7485.75,7487.5,4202
2026-06-25 20:40:00,7487.5,7489.5,7483.25,7485.25,3612
2026-06-25 20:45:00,7485.25,7492.75,7485.25,7489.0,2429
2026-06-25 20:50:00,7489.25,7490.25,7487.25,7489.25,1692
2026-06-25 20:55:00,7489.25,7489.25,7484.75,7487.0,1418
2026-06-25 21:00:00,7487.0,7488.75,7482.75,7484.0,2787
2026-06-25 21:05:00,7483.75,7484.75,7481.5,7481.75,2816
2026-06-25 21:10:00,7482.0,7484.25,7480.5,7483.5,2754
2026-06-25 21:15:00,7483.75,7483.75,7480.0,7481.75,2388
2026-06-25 21:20:00,7481.75,7483.25,7479.25,7481.25,2962
2026-06-25 21:25:00,7481.5,7488.25,7481.5,7485.75,8301
2026-06-25 21:30:00,7485.75,7490.5,7464.5,7469.75,45437
2026-06-25 21:35:00,7469.5,7477.0,7465.5,7466.5,28473
2026-06-25 21:40:00,7466.25,7467.75,7436.25,7438.75,39932
2026-06-25 21:45:00,7439.0,7444.0,7410.5,7424.5,62803
2026-06-25 21:50:00,7424.5,7432.0,7399.5,7401.5,49791
2026-06-25 21:55:00,7401.5,7407.0,7390.5,7393.25,53419
2026-06-25 22:00:00,7393.25,7430.25,7392.5,7427.75,51780
2026-06-25 22:05:00,7427.75,7445.75,7427.75,7444.75,44627
2026-06-25 22:10:00,7445.0,7454.25,7436.25,7437.25,42331
2026-06-25 22:15:00,7437.25,7453.0,7427.5,7452.25,33376
2026-06-25 22:20:00,7452.0,7462.0,7441.25,7446.5,31822
2026-06-25 22:25:00,7446.25,7455.75,7444.25,7451.0,21098
2026-06-25 22:30:00,7450.75,7467.75,7449.25,7460.5,23997
2026-06-25 22:35:00,7460.5,7465.5,7452.25,7463.0,16389
2026-06-25 22:40:00,7463.0,7464.0,7444.25,7450.75,17556
2026-06-25 22:45:00,7450.75,7463.0,7444.0,7460.5,14733
2026-06-25 22:50:00,7460.25,7475.75,7457.25,7474.5,18607
2026-06-25 22:55:00,7474.5,7474.5,7446.75,7449.5,23184
2026-06-25 23:00:00,7449.25,7459.5,7445.5,7458.75,14482
2026-06-25 23:05:00,7458.75,7462.25,7441.5,7444.0,16294
2026-06-25 23:10:00,7444.25,7445.5,7422.75,7426.0,17960
2026-06-25 23:15:00,7426.0,7435.0,7414.25,7432.75,20917
2026-06-25 23:20:00,7432.5,7444.75,7426.0,7441.5,15249
2026-06-25 23:25:00,7441.5,7445.0,7433.75,7439.25,11921
2026-06-25 23:30:00,7439.25,7451.5,7437.5,7438.25,15229
2026-06-25 23:35:00,7438.5,7446.0,7438.25,7438.25,8221
2026-06-25 23:40:00,7438.25,7445.5,7435.5,7443.75,8497
2026-06-25 23:45:00,7443.75,7454.75,7439.0,7440.25,9521
2026-06-25 23:50:00,7440.25,7446.0,7436.75,7442.5,7042
2026-06-25 23:55:00,7442.5,7446.0,7436.25,7437.5,6630
2026-06-26 00:00:00,7437.75,7440.5,7432.5,7438.0,8216
2026-06-26 00:05:00,7438.0,7450.5,7436.0,7449.75,9025
2026-06-26 00:10:00,7449.75,7458.25,7448.5,7453.5,10155
2026-06-26 00:15:00,7453.5,7458.75,7450.25,7451.25,10549
2026-06-26 00:20:00,7451.25,7453.75,7438.5,7440.5,11320
2026-06-26 00:25:00,7440.75,7442.25,7435.25,7437.75,8530
2026-06-26 00:30:00,7437.75,7438.25,7425.0,7429.25,12553
2026-06-26 00:35:00,7429.25,7431.25,7422.0,7422.75,9761
2026-06-26 00:40:00,7422.75,7425.0,7415.75,7417.75,10711
2026-06-26 00:45:00,7417.75,7424.0,7409.75,7423.0,16902
2026-06-26 00:50:00,7422.75,7425.75,7417.5,7422.0,9975
2026-06-26 00:55:00,7422.25,7422.5,7415.5,7420.25,6585
2026-06-26 01:00:00,7420.25,7425.0,7419.5,7419.75,5528
2026-06-26 01:05:00,7419.75,7423.5,7416.5,7421.75,4867
2026-06-26 01:10:00,7422.0,7432.5,7422.0,7427.25,8589
2026-06-26 01:15:00,7427.25,7438.0,7420.0,7420.0,10382
2026-06-26 01:20:00,7420.25,7426.25,7415.75,7424.0,9011
2026-06-26 01:25:00,7424.0,7431.75,7423.5,7427.75,7810
2026-06-26 01:30:00,7427.75,7430.5,7421.0,7424.25,6663
2026-06-26 01:35:00,7424.5,7430.75,7423.5,7428.25,6545
2026-06-26 01:40:00,7428.25,7433.0,7420.25,7421.5,7641
2026-06-26 01:45:00,7421.5,7421.75,7411.25,7413.25,8701
2026-06-26 01:50:00,7413.25,7423.0,7410.75,7420.5,7913
2026-06-26 01:55:00,7420.5,7431.0,7418.25,7429.5,8970
2026-06-26 02:00:00,7429.5,7431.0,7408.25,7414.25,17068
2026-06-26 02:05:00,7414.75,7431.25,7411.75,7429.25,12279
2026-06-26 02:10:00,7429.5,7435.5,7424.25,7427.5,11308
2026-06-26 02:15:00,7427.75,7449.75,7425.0,7443.75,14455
2026-06-26 02:20:00,7443.75,7448.25,7437.5,7444.5,10756
2026-06-26 02:25:00,7444.5,7456.75,7444.5,7454.25,11174
2026-06-26 02:30:00,7454.25,7454.5,7435.25,7435.5,12652
2026-06-26 02:35:00,7435.5,7442.75,7431.25,7440.0,10974
2026-06-26 02:40:00,7440.0,7440.75,7434.0,7434.75,6309
2026-06-26 02:45:00,7434.75,7434.75,7422.25,7431.0,9504
2026-06-26 02:50:00,7431.0,7439.5,7429.25,7432.5,7154
2026-06-26 02:55:00,7432.5,7436.5,7430.5,7434.5,5803
2026-06-26 03:00:00,7434.25,7435.0,7422.75,7425.5,7218
2026-06-26 03:05:00,7425.25,7428.0,7423.25,7426.25,7152
2026-06-26 03:10:00,7426.25,7427.75,7418.75,7419.25,7750
2026-06-26 03:15:00,7419.5,7422.25,7414.25,7418.25,9987
2026-06-26 03:20:00,7418.25,7422.75,7416.0,7422.5,9351
2026-06-26 03:25:00,7422.5,7424.75,7416.25,7419.75,8602
2026-06-26 03:30:00,7419.5,7420.75,7413.5,7417.5,10206
2026-06-26 03:35:00,7417.25,7417.5,7412.75,7416.75,10100
2026-06-26 03:40:00,7416.75,7419.25,7411.5,7415.75,11807
2026-06-26 03:45:00,7415.5,7416.5,7409.5,7413.5,13623
2026-06-26 03:50:00,7413.5,7422.25,7409.0,7421.25,18246
2026-06-26 03:55:00,7421.25,7430.0,7414.5,7428.75,73725
2026-06-26 04:00:00,7428.75,7451.75,7427.75,7440.25,35271
2026-06-26 04:05:00,7440.5,7443.75,7438.0,7438.5,6582
2026-06-26 04:10:00,7438.5,7438.5,7436.25,7438.25,4355
2026-06-26 04:15:00,7438.25,7447.5,7438.0,7447.0,6256
2026-06-26 04:20:00,7446.75,7454.5,7445.75,7448.25,4277
2026-06-26 04:25:00,7448.5,7449.25,7446.0,7446.75,1816
2026-06-26 04:30:00,7446.75,7447.0,7441.25,7445.5,2693
2026-06-26 04:35:00,7445.5,7445.75,7441.25,7441.5,1026
2026-06-26 04:40:00,7441.25,7442.5,7440.0,7440.5,1276
2026-06-26 04:45:00,7440.5,7441.0,7436.75,7437.75,1109
2026-06-26 04:50:00,7437.75,7438.25,7434.25,7434.5,1257
2026-06-26 04:55:00,7434.25,7436.0,7432.0,7433.75,1487
2026-06-26 06:00:00,7431.0,7435.75,7425.75,7426.5,0
2026-06-26 06:05:00,7426.5,7427.25,7423.25,7423.25,704
2026-06-26 06:10:00,7423.25,7423.25,7416.75,7420.5,1179
2026-06-26 06:15:00,7420.75,7425.75,7419.25,7420.25,685
2026-06-26 06:20:00,7420.5,7423.25,7417.75,7422.5,638
2026-06-26 06:25:00,7422.25,7422.5,7416.5,7417.25,576
2026-06-26 06:30:00,7417.25,7419.75,7416.0,7419.5,616
2026-06-26 06:35:00,7419.5,7422.25,7418.75,7421.25,393
2026-06-26 06:40:00,7420.75,7422.75,7420.0,7422.25,237
2026-06-26 06:45:00,7422.25,7422.75,7419.25,7420.5,262
2026-06-26 06:50:00,7421.0,7425.25,7420.0,7425.0,380
2026-06-26 06:55:00,7425.25,7426.5,7423.25,7425.25,298
2026-06-26 07:00:00,7425.25,7427.25,7424.5,7426.75,290
2026-06-26 07:05:00,7426.5,7427.0,7424.5,7425.25,288
2026-06-26 07:10:00,7425.5,7433.75,7425.5,7433.25,727
2026-06-26 07:15:00,7433.5,7449.0,7432.0,7446.75,1611
2026-06-26 07:20:00,7447.25,7454.0,7446.5,7449.5,2085
2026-06-26 07:25:00,7449.5,7454.25,7449.5,7449.75,1111
2026-06-26 07:30:00,7450.0,7451.25,7444.0,7444.75,1576
2026-06-26 07:35:00,7444.75,7445.0,7436.75,7437.25,1691
2026-06-26 07:40:00,7437.0,7437.25,7430.25,7430.75,1089
2026-06-26 07:45:00,7430.5,7430.75,7422.0,7423.0,1360
2026-06-26 07:50:00,7423.0,7423.0,7417.5,7421.75,1506
2026-06-26 07:55:00,7421.75,7423.75,7417.25,7423.75,805
2026-06-26 08:00:00,7423.75,7430.75,7419.75,7428.25,1400
2026-06-26 08:05:00,7428.75,7434.25,7427.75,7433.5,1003
2026-06-26 08:10:00,7433.25,7433.5,7427.0,7432.0,716
2026-06-26 08:15:00,7432.25,7434.75,7427.0,7427.25,844
2026-06-26 08:20:00,7427.5,7431.0,7426.25,7426.75,577
2026-06-26 08:25:00,7426.25,7430.0,7420.5,7429.5,1329
2026-06-26 08:30:00,7429.25,7430.5,7422.75,7424.75,999
2026-06-26 08:35:00,7425.0,7427.75,7421.75,7425.75,583
2026-06-26 08:40:00,7425.75,7429.75,7424.0,7426.0,761
2026-06-26 08:45:00,7426.0,7429.25,7425.25,7425.75,444
2026-06-26 08:50:00,7425.5,7428.75,7421.25,7422.25,622
2026-06-26 08:55:00,7422.0,7425.0,7418.75,7421.25,1048
2026-06-26 09:00:00,7421.75,7427.25,7418.5,7418.5,885
2026-06-26 09:05:00,7418.75,7420.0,7411.25,7418.0,1537
2026-06-26 09:10:00,7418.75,7425.0,7418.75,7421.75,579
2026-06-26 09:15:00,7422.0,7427.75,7421.25,7425.5,808
2026-06-26 09:20:00,7425.5,7427.0,7423.25,7423.75,382
2026-06-26 09:25:00,7423.75,7424.0,7416.5,7417.5,612
2026-06-26 09:30:00,7417.75,7418.75,7406.75,7408.75,1478
2026-06-26 09:35:00,7408.75,7410.25,7406.25,7408.75,991
2026-06-26 09:40:00,7408.5,7409.0,7402.0,7403.0,1640
2026-06-26 09:45:00,7403.0,7407.25,7397.75,7406.5,2324
2026-06-26 09:50:00,7406.75,7407.5,7402.0,7402.5,891
2026-06-26 09:55:00,7402.5,7402.75,7395.0,7399.75,1518
2026-06-26 10:00:00,7399.75,7401.5,7396.0,7396.25,1393
2026-06-26 10:05:00,7397.0,7401.25,7395.75,7396.75,748
2026-06-26 10:10:00,7396.5,7397.25,7391.75,7394.25,1381
2026-06-26 10:15:00,7394.25,7397.0,7392.0,7392.5,1061
2026-06-26 10:20:00,7392.5,7394.0,7388.5,7388.5,1482
2026-06-26 10:25:00,7388.5,7391.0,7386.0,7388.75,1740
2026-06-26 10:30:00,7389.0,7390.0,7383.0,7384.75,1575
2026-06-26 10:35:00,7384.75,7385.75,7379.0,7384.75,2118
2026-06-26 10:40:00,7384.75,7384.75,7378.25,7381.5,1173
2026-06-26 10:45:00,7381.5,7381.5,7371.75,7373.0,3018
2026-06-26 10:50:00,7373.5,7376.75,7369.0,7370.5,1799
2026-06-26 10:55:00,7370.5,7372.25,7366.5,7370.75,2046
2026-06-26 11:00:00,7371.25,7371.25,7365.25,7368.0,1567
2026-06-26 11:05:00,7368.25,7369.0,7365.5,7367.25,944
2026-06-26 11:10:00,7367.0,7371.75,7365.75,7369.5,1464
2026-06-26 11:15:00,7369.0,7371.75,7367.5,7370.25,881
2026-06-26 11:20:00,7370.25,7370.5,7365.25,7367.5,695
2026-06-26 11:25:00,7367.5,7370.25,7367.0,7368.5,727
2026-06-26 11:30:00,7368.25,7368.5,7363.0,7364.25,1170
2026-06-26 11:35:00,7364.0,7364.75,7357.25,7362.75,2123
2026-06-26 11:40:00,7363.25,7369.5,7361.5,7369.5,1584
2026-06-26 11:45:00,7369.5,7370.75,7366.75,7367.25,984
2026-06-26 11:50:00,7367.25,7377.25,7367.0,7376.75,1538
2026-06-26 11:55:00,7376.5,7381.25,7375.75,7381.0,1116
2026-06-26 12:05:00,7383.25,7384.0,7381.25,7381.25,3280
2026-06-26 12:10:00,7381.0,7384.25,7380.25,7381.0,642
2026-06-26 12:15:00,7381.25,7385.0,7380.5,7381.0,752
2026-06-26 12:20:00,7381.25,7382.0,7374.25,7374.25,1395
2026-06-26 12:25:00,7374.0,7377.5,7371.5,7376.5,1177
2026-06-26 12:30:00,7376.75,7380.0,7370.25,7370.5,906
2026-06-26 12:35:00,7371.0,7372.75,7369.75,7370.0,756
2026-06-26 12:40:00,7370.0,7373.5,7369.0,7373.0,758
2026-06-26 12:45:00,7373.25,7373.25,7368.0,7369.0,633
2026-06-26 12:50:00,7369.25,7370.25,7365.75,7368.25,851
2026-06-26 12:55:00,7368.0,7368.25,7366.25,7367.75,585
2026-06-26 13:00:00,7367.75,7371.75,7365.75,7366.5,924
2026-06-26 13:05:00,7366.75,7370.5,7364.5,7367.75,967
2026-06-26 13:10:00,7367.75,7376.75,7367.75,7376.75,1051
2026-06-26 13:15:00,7376.5,7379.25,7374.5,7376.5,976
2026-06-26 13:20:00,7376.5,7377.0,7373.5,7374.5,602
2026-06-26 13:25:00,7374.5,7380.25,7374.25,7378.75,987
2026-06-26 13:30:00,7378.75,7382.75,7378.75,7381.5,1189
2026-06-26 13:35:00,7381.0,7382.75,7374.75,7375.0,1344
2026-06-26 13:40:00,7375.0,7375.0,7367.75,7367.75,1615
2026-06-26 13:45:00,7368.0,7369.5,7365.25,7369.5,1149
2026-06-26 13:50:00,7369.75,7375.75,7369.0,7374.5,1502
2026-06-26 13:55:00,7374.5,7375.5,7371.5,7372.0,919
2026-06-26 14:00:00,7372.25,7375.5,7371.75,7373.5,1272
2026-06-26 14:05:00,7373.5,7374.0,7369.0,7370.25,991
2026-06-26 14:10:00,7370.25,7376.5,7369.25,7375.75,1359
2026-06-26 14:15:00,7376.0,7379.5,7375.75,7376.5,1233
2026-06-26 14:20:00,7376.5,7381.75,7376.25,7381.25,1251
2026-06-26 14:25:00,7381.25,7388.0,7379.75,7386.5,1826
2026-06-26 14:30:00,7386.75,7391.0,7384.0,7389.75,1787
2026-06-26 14:35:00,7389.5,7393.0,7389.5,7391.0,982
2026-06-26 14:40:00,7391.0,7395.75,7389.25,7395.25,926
2026-06-26 14:45:00,7395.25,7404.5,7394.25,7398.5,1937
2026-06-26 14:50:00,7398.5,7408.0,7396.75,7407.0,1483
2026-06-26 14:55:00,7406.75,7409.5,7402.5,7404.0,1732
2026-06-26 15:00:00,7404.0,7406.25,7398.25,7398.5,1701
2026-06-26 15:05:00,7398.75,7399.25,7395.0,7395.0,1292
2026-06-26 15:10:00,7395.0,7403.0,7394.75,7402.25,1029
2026-06-26 15:15:00,7402.5,7407.0,7401.25,7404.25,1759
2026-06-26 15:20:00,7404.5,7408.25,7401.25,7408.0,992
2026-06-26 15:25:00,7408.25,7409.75,7404.0,7409.25,1060
2026-06-26 15:30:00,7409.5,7413.75,7409.25,7411.5,1644
2026-06-26 15:35:00,7411.5,7412.75,7408.5,7412.25,1003
2026-06-26 15:40:00,7412.25,7412.25,7406.5,7406.75,731
2026-06-26 15:45:00,7406.75,7407.25,7404.5,7406.25,873
2026-06-26 15:50:00,7406.25,7411.75,7405.75,7411.5,741
2026-06-26 15:55:00,7412.0,7412.0,7409.75,7410.75,624
2026-06-26 16:00:00,7411.0,7416.0,7404.75,7404.75,2313
2026-06-26 16:05:00,7405.0,7410.0,7401.0,7407.0,1940
2026-06-26 16:10:00,7407.0,7408.25,7401.75,7402.75,1344
2026-06-26 16:15:00,7402.75,7406.75,7401.25,7402.0,741
2026-06-26 16:20:00,7402.0,7406.0,7400.25,7405.0,934
2026-06-26 16:25:00,7404.75,7409.5,7403.75,7407.75,993
2026-06-26 16:30:00,7407.5,7407.75,7398.5,7400.25,1501
2026-06-26 16:35:00,7400.25,7402.25,7398.5,7400.5,851
2026-06-26 16:40:00,7400.75,7403.0,7397.25,7397.75,674
2026-06-26 16:45:00,7397.5,7398.75,7391.25,7392.0,1384
2026-06-26 16:50:00,7392.0,7393.75,7385.0,7386.0,1470
2026-06-26 16:55:00,7386.0,7389.5,7382.75,7388.5,1520
2026-06-26 17:00:00,7388.75,7389.5,7383.5,7384.5,1338
2026-06-26 17:05:00,7384.5,7388.25,7383.5,7384.75,1204
2026-06-26 17:10:00,7384.75,7390.0,7382.25,7388.5,1026
2026-06-26 17:15:00,7388.25,7389.75,7382.5,7385.75,1790
2026-06-26 17:20:00,7385.75,7386.25,7380.25,7381.75,1462
2026-06-26 17:25:00,7381.75,7385.0,7380.5,7383.5,1335
2026-06-26 17:30:00,7383.5,7386.0,7379.75,7385.5,1368
2026-06-26 17:35:00,7385.75,7389.5,7384.25,7387.25,1038
2026-06-26 17:40:00,7387.5,7395.5,7387.5,7392.25,1170
2026-06-26 17:45:00,7392.25,7396.75,7390.5,7393.75,1303
2026-06-26 17:50:00,7393.75,7394.5,7387.75,7388.0,967
2026-06-26 17:55:00,7388.25,7388.25,7384.25,7385.25,1035
2026-06-26 18:00:00,7385.5,7386.25,7376.5,7380.0,1776
2026-06-26 18:05:00,7380.0,7385.75,7379.5,7385.25,906
2026-06-26 18:10:00,7385.25,7388.75,7383.75,7387.0,555
2026-06-26 18:15:00,7387.0,7389.5,7384.75,7384.75,661
2026-06-26 18:20:00,7384.5,7385.5,7381.0,7382.0,754
2026-06-26 18:25:00,7381.25,7387.0,7381.0,7386.25,495
2026-06-26 18:30:00,7386.25,7389.25,7384.25,7387.75,874
2026-06-26 18:35:00,7387.75,7388.25,7383.75,7384.5,959
2026-06-26 18:40:00,7384.25,7387.25,7383.5,7385.25,475
2026-06-26 18:45:00,7385.0,7388.75,7384.75,7386.25,730
2026-06-26 18:50:00,7386.5,7387.75,7383.0,7386.5,578
2026-06-26 18:55:00,7386.5,7387.25,7384.25,7386.5,684
2026-06-26 19:00:00,7386.5,7391.5,7383.25,7390.0,1769
2026-06-26 19:05:00,7390.0,7393.25,7387.5,7390.5,1120
2026-06-26 19:10:00,7390.5,7394.75,7389.25,7390.5,1368
2026-06-26 19:15:00,7390.75,7390.75,7386.5,7387.25,906
2026-06-26 19:20:00,7386.75,7389.75,7384.0,7387.0,969
2026-06-26 19:25:00,7387.0,7388.5,7385.0,7386.5,769
2026-06-26 19:30:00,7386.5,7389.0,7386.0,7387.5,898
2026-06-26 19:35:00,7387.0,7390.5,7386.0,7387.25,909
2026-06-26 19:40:00,7387.25,7390.75,7384.75,7385.75,1088
2026-06-26 19:45:00,7385.75,7389.0,7384.5,7388.0,891
2026-06-26 19:50:00,7388.0,7388.0,7377.75,7378.75,1522
2026-06-26 19:55:00,7378.75,7385.5,7378.75,7384.5,1517
2026-06-26 20:00:00,7384.75,7390.75,7383.0,7390.0,1379
2026-06-26 20:05:00,7390.0,7396.5,7389.75,7396.25,2438
2026-06-26 20:10:00,7395.75,7401.25,7393.25,7398.25,2023
2026-06-26 20:15:00,7398.5,7403.75,7396.5,7397.5,2271
2026-06-26 20:20:00,7397.75,7398.5,7390.5,7390.5,2096
2026-06-26 20:25:00,7390.5,7395.5,7390.0,7394.75,1387
2026-06-26 20:30:00,7394.5,7397.25,7391.5,7392.5,1617
2026-06-26 20:35:00,7392.25,7392.5,7385.25,7386.25,2626
2026-06-26 20:40:00,7386.25,7388.0,7383.5,7384.0,2619
2026-06-26 20:45:00,7384.25,7385.75,7381.0,7383.5,3331
2026-06-26 20:50:00,7383.25,7386.75,7380.25,7385.25,2636
2026-06-26 20:55:00,7385.25,7386.5,7383.25,7384.0,1735
2026-06-26 21:00:00,7384.0,7385.0,7378.75,7380.5,4376
2026-06-26 21:05:00,7380.25,7381.25,7375.25,7375.75,3390
2026-06-26 21:10:00,7375.75,7378.25,7373.5,7377.0,3480
2026-06-26 21:15:00,7376.75,7378.25,7364.75,7374.0,9495
2026-06-26 21:20:00,7374.25,7382.5,7372.0,7380.0,8331
2026-06-26 21:25:00,7379.75,7383.0,7377.0,7381.0,7091
2026-06-26 21:30:00,7381.0,7388.25,7360.0,7370.25,38994
2026-06-26 21:35:00,7370.25,7383.0,7367.25,7373.0,27156
2026-06-26 21:40:00,7372.75,7386.25,7368.75,7384.25,22464
2026-06-26 21:45:00,7384.25,7390.25,7371.25,7378.5,26971
2026-06-26 21:50:00,7378.75,7388.75,7377.25,7385.75,18151
2026-06-26 21:55:00,7386.0,7405.75,7384.0,7401.5,22282
2026-06-26 22:00:00,7401.25,7415.75,7398.75,7415.0,21959
2026-06-26 22:05:00,7415.0,7424.75,7414.25,7423.0,21679
2026-06-26 22:10:00,7423.0,7428.0,7417.25,7425.5,19544
2026-06-26 22:15:00,7425.5,7429.5,7418.0,7419.75,16480
2026-06-26 22:20:00,7420.0,7436.25,7418.25,7428.0,18331
2026-06-26 22:25:00,7428.0,7433.0,7426.0,7428.5,12781
2026-06-26 22:30:00,7428.75,7433.0,7424.0,7427.25,13000
2026-06-26 22:35:00,7427.5,7428.0,7415.0,7415.25,12813
2026-06-26 22:40:00,7415.25,7424.5,7409.25,7415.25,16923
2026-06-26 22:45:00,7415.25,7427.5,7413.75,7422.25,13059
2026-06-26 22:50:00,7422.25,7426.0,7415.25,7419.0,11658
2026-06-26 22:55:00,7418.75,7423.5,7411.75,7418.0,11047
2026-06-26 23:00:00,7418.0,7428.0,7418.0,7421.75,12073
2026-06-26 23:05:00,7422.0,7425.25,7416.0,7424.5,9559
2026-06-26 23:10:00,7424.25,7426.0,7412.75,7414.25,8942
2026-06-26 23:15:00,7414.5,7426.25,7409.5,7424.25,16437
2026-06-26 23:20:00,7424.25,7432.5,7422.0,7431.75,14064
2026-06-26 23:25:00,7431.5,7440.75,7430.5,7440.75,13413
2026-06-26 23:30:00,7440.5,7450.0,7437.5,7439.0,22318
2026-06-26 23:35:00,7439.25,7453.75,7439.25,7451.75,13472
2026-06-26 23:40:00,7451.75,7459.5,7449.25,7456.5,13254
2026-06-26 23:45:00,7456.5,7458.5,7449.0,7449.5,11649
2026-06-26 23:50:00,7449.5,7454.25,7435.0,7439.0,20735
2026-06-26 23:55:00,7439.25,7452.5,7437.5,7447.5,10585
2026-06-27 00:00:00,7447.75,7449.0,7444.75,7447.25,8321
2026-06-27 00:05:00,7447.0,7448.0,7434.5,7436.25,8252
2026-06-27 00:10:00,7436.0,7438.75,7431.25,7434.75,7905
2026-06-27 00:15:00,7434.75,7440.25,7431.25,7433.75,8375
2026-06-27 00:20:00,7433.75,7435.25,7420.75,7425.75,17710
2026-06-27 00:25:00,7425.5,7429.75,7424.25,7427.25,7508
2026-06-27 00:30:00,7427.25,7440.5,7427.25,7440.0,8643
2026-06-27 00:35:00,7440.0,7441.5,7435.5,7437.75,6190
2026-06-27 00:40:00,7437.75,7439.75,7433.25,7433.75,5387
2026-06-27 00:45:00,7433.75,7437.75,7432.0,7437.25,5449
2026-06-27 00:50:00,7437.25,7442.75,7436.5,7439.5,6186
2026-06-27 00:55:00,7439.75,7439.75,7436.0,7438.25,4310
2026-06-27 01:00:00,7438.25,7445.75,7435.0,7442.75,6920
2026-06-27 01:05:00,7442.75,7451.75,7442.5,7450.0,7639
2026-06-27 01:10:00,7449.75,7452.25,7442.75,7444.5,5541
2026-06-27 01:15:00,7444.5,7445.25,7436.5,7438.0,5177
2026-06-27 01:20:00,7437.75,7439.75,7432.75,7434.0,6303
2026-06-27 01:25:00,7433.75,7443.25,7431.25,7440.75,6866
2026-06-27 01:30:00,7440.75,7447.75,7437.5,7439.5,7852
2026-06-27 01:35:00,7439.5,7439.75,7433.25,7433.75,4768
2026-06-27 01:40:00,7433.5,7439.0,7429.25,7436.0,7449
2026-06-27 01:45:00,7436.0,7437.75,7431.75,7432.0,4335
2026-06-27 01:50:00,7432.25,7436.75,7431.25,7434.5,4926
2026-06-27 01:55:00,7434.25,7434.5,7427.75,7430.0,5620
2026-06-27 02:00:00,7430.25,7437.5,7429.5,7435.75,6391
2026-06-27 02:05:00,7436.0,7439.5,7433.75,7435.0,6099
2026-06-27 02:10:00,7434.75,7438.0,7432.0,7433.75,5217
2026-06-27 02:15:00,7434.0,7435.75,7425.5,7427.5,7509
2026-06-27 02:20:00,7427.25,7430.25,7425.5,7428.75,8236
2026-06-27 02:25:00,7428.5,7430.0,7420.25,7421.25,9613
2026-06-27 02:30:00,7421.5,7429.75,7420.75,7427.75,9214
2026-06-27 02:35:00,7427.5,7428.0,7420.75,7422.25,6794
2026-06-27 02:40:00,7422.0,7424.5,7420.5,7420.75,6158
2026-06-27 02:45:00,7420.75,7420.75,7410.0,7412.75,13039
2026-06-27 02:50:00,7413.0,7413.25,7408.75,7410.25,11995
2026-06-27 02:55:00,7410.25,7414.0,7405.25,7409.0,11279
2026-06-27 03:00:00,7408.75,7413.5,7406.75,7407.0,10545
2026-06-27 03:05:00,7407.25,7417.5,7406.5,7416.25,10440
2026-06-27 03:10:00,7416.0,7421.0,7412.75,7420.75,9554
2026-06-27 03:15:00,7420.5,7422.75,7417.0,7420.75,10991
2026-06-27 03:20:00,7420.5,7422.0,7411.0,7416.0,13424
2026-06-27 03:25:00,7415.75,7418.0,7414.25,7415.0,9194
2026-06-27 03:30:00,7415.25,7421.25,7410.5,7419.25,10760
2026-06-27 03:35:00,7419.5,7420.75,7415.5,7416.0,8352
2026-06-27 03:40:00,7416.25,7426.75,7415.75,7426.0,10437
2026-06-27 03:45:00,7426.0,7431.75,7420.5,7423.75,15548
2026-06-27 03:50:00,7423.5,7429.5,7418.5,7425.0,24642
2026-06-27 03:55:00,7424.75,7429.25,7369.75,7375.5,106918
2026-06-27 04:00:00,7379.75,7408.75,7368.5,7400.0,51812
2026-06-27 04:05:00,7399.75,7403.25,7392.75,7400.5,16591
2026-06-27 04:10:00,7400.75,7413.5,7398.75,7412.25,12004
2026-06-27 04:15:00,7412.5,7417.25,7410.25,7413.25,5823
2026-06-27 04:20:00,7413.0,7418.5,7410.75,7417.75,5650
2026-06-27 04:25:00,7417.75,7421.0,7415.5,7415.75,5977
2026-06-27 04:30:00,7415.5,7416.75,7400.25,7408.5,5823
2026-06-27 04:35:00,7408.25,7411.75,7397.25,7404.0,6245
2026-06-27 04:40:00,7403.75,7404.0,7397.5,7399.75,3502
2026-06-27 04:45:00,7400.0,7401.75,7396.0,7400.0,3683
2026-06-27 04:50:00,7400.25,7404.25,7399.75,7402.5,2629
2026-06-27 04:55:00,7402.5,7404.75,7395.25,7401.75,4566
