date,spy_ret_20d,tlt_ret_20d,safe_haven
2002-08-27,0.035408,0.048087,0.012679
2002-08-28,0.010312,0.040472,0.030159
2002-08-29,0.037847,0.042892,0.005045
2002-08-30,0.057495,0.038521,-0.018973
2002-09-03,0.053838,0.049854,-0.003985
2002-09-04,0.034069,0.058666,0.024597
2002-09-05,0.007718,0.061896,0.054178
2002-09-06,-0.010445,0.049418,0.059863
2002-09-09,-0.006901,0.033291,0.040192
2002-09-10,0.011918,0.031938,0.02002
2002-09-11,0.024278,0.014061,-0.010217
2002-09-12,-0.030037,0.018074,0.048111
2002-09-13,-0.040962,0.036526,0.077488
2002-09-16,-0.035722,0.049995,0.085717
2002-09-17,-0.07935,0.048797,0.128147
2002-09-18,-0.078822,0.03748,0.116302
2002-09-19,-0.115405,0.050064,0.165468
2002-09-20,-0.123622,0.054364,0.177986
2002-09-23,-0.11168,0.053406,0.165086
2002-09-24,-0.132071,0.059201,0.191272
2002-09-25,-0.100169,0.052965,0.153134
2002-09-26,-0.064992,0.045236,0.110228
2002-09-27,-0.097885,0.044678,0.142563
2002-09-30,-0.104852,0.042592,0.147444
2002-10-01,-0.024646,0.014071,0.038717
2002-10-02,-0.067202,0.020117,0.087319
2002-10-03,-0.06872,0.012089,0.080809
2002-10-04,-0.098198,0.027337,0.125535
2002-10-07,-0.123266,0.03059,0.153856
2002-10-08,-0.119626,0.026001,0.145627
2002-10-09,-0.13914,0.036698,0.175838
2002-10-10,-0.094562,0.020582,0.115144
2002-10-11,-0.057241,-0.000714,0.056527
2002-10-14,-0.054296,-0.003866,0.05043
2002-10-15,0.014433,-0.029314,-0.043747
2002-10-16,-0.000138,-0.029081,-0.028943
2002-10-17,0.046821,-0.04732,-0.094141
2002-10-18,0.050859,-0.040367,-0.091226
2002-10-21,0.077815,-0.058136,-0.135951
2002-10-22,0.087596,-0.066816,-0.154412
2002-10-23,0.069353,-0.055022,-0.124375
2002-10-24,0.030678,-0.044488,-0.075166
2002-10-25,0.09003,-0.048143,-0.138173
2002-10-28,0.095611,-0.053267,-0.148878
2002-10-29,0.033248,-0.028896,-0.062145
2002-10-30,0.075526,-0.034767,-0.110293
2002-10-31,0.075446,-0.028017,-0.103464
2002-11-01,0.117203,-0.035109,-0.152312
2002-11-04,0.15165,-0.040981,-0.19263
2002-11-05,0.142839,-0.044997,-0.187837
2002-11-06,0.191293,-0.046082,-0.237374
2002-11-07,0.125636,-0.014699,-0.140335
2002-11-08,0.065233,0.005188,-0.060045
2002-11-11,0.042893,0.012131,-0.030762
2002-11-12,0.002931,0.030738,0.027807
2002-11-13,0.028885,0.032473,0.003588
2002-11-14,0.027869,0.023497,-0.004372
2002-11-15,0.031138,0.024979,-0.006159
2002-11-18,0.003438,0.039676,0.036239
2002-11-19,0.009384,0.046448,0.037064
2002-11-20,0.024058,0.035833,0.011775
2002-11-21,0.064848,0.016903,-0.047945
2002-11-22,0.035698,0.01227,-0.023428
2002-11-25,0.043187,0.01181,-0.031377
2002-11-26,0.035339,0.011367,-0.023972
2002-11-27,0.054232,-0.011085,-0.065317
2002-11-29,0.061682,-0.009162,-0.070843
2002-12-02,0.04276,-0.004079,-0.046839
2002-12-03,0.019094,0.001751,-0.017343
2002-12-04,0.006532,0.010812,0.00428
2002-12-05,-0.017304,0.009379,0.026683
2002-12-06,0.013993,-0.013294,-0.027287
2002-12-09,-0.001673,-0.015765,-0.014091
2002-12-10,0.027646,-0.018478,-0.046124
2002-12-11,0.020459,-0.006227,-0.026685
2002-12-12,0.019315,-0.009265,-0.02858
2002-12-13,-0.01532,0.001905,0.017225
2002-12-16,0.002735,-0.009617,-0.012352
2002-12-17,0.00409,-0.014031,-0.018121
2002-12-18,-0.006198,-0.009959,-0.003761
2002-12-19,-0.034752,0.008726,0.043478
2002-12-20,-0.038875,0.019265,0.05814
2002-12-23,-0.031659,0.020447,0.052107
2002-12-24,-0.039484,0.028079,0.067564
2002-12-26,-0.0204,0.017275,0.037676
2002-12-27,-0.068632,0.052196,0.120828
2002-12-30,-0.057853,0.047897,0.10575
2002-12-31,-0.058073,0.044285,0.102358
2003-01-02,-0.014563,0.015856,0.030418
2003-01-03,-0.007043,0.012989,0.020031
2003-01-06,0.02173,0.007709,-0.01402
2003-01-07,0.012557,0.00957,-0.002988
2003-01-08,0.026135,0.008966,-0.017169
2003-01-09,0.028291,-0.013024,-0.041315
2003-01-10,0.030153,-0.01704,-0.047193
2003-01-13,0.029935,-0.01453,-0.044465
2003-01-14,0.049794,-0.001365,-0.051159
2003-01-15,0.013138,0.011108,-0.00203
2003-01-16,0.017855,0.012513,-0.005342
2003-01-17,0.014537,0.009667,-0.004871
2003-01-21,0.005929,0.00652,0.000591
2003-01-22,-0.020224,0.010774,0.030998
2003-01-23,-0.014552,0.005597,0.020149
2003-01-24,-0.03324,0.005938,0.039178
2003-01-27,-0.046874,0.000344,0.047217
2003-01-28,-0.017738,-0.010555,0.007183
2003-01-29,-0.0185,-0.018289,0.000211
2003-01-30,-0.043069,-0.008469,0.0346
2003-01-31,-0.055013,0.020631,0.075644
2003-02-03,-0.056048,0.019754,0.075802
2003-02-04,-0.08154,0.027013,0.108554
2003-02-05,-0.084977,0.014524,0.099502
2003-02-06,-0.075938,0.0177,0.093638
2003-02-07,-0.101174,0.039972,0.141146
2003-02-10,-0.097249,0.030023,0.127272
2003-02-11,-0.103193,0.028106,0.131299
2003-02-12,-0.120326,0.028136,0.148461
2003-02-13,-0.108766,0.028713,0.13748
2003-02-14,-0.085525,0.018471,0.103996
2003-02-18,-0.055482,0.014706,0.070187
2003-02-19,-0.045602,0.015788,0.06139
2003-02-20,-0.043552,0.014244,0.057796
2003-02-21,-0.039792,0.013264,0.053056
2003-02-24,-0.029867,0.012064,0.041932
2003-02-25,-0.008568,0.020454,0.029022
2003-02-26,-0.030176,0.027553,0.057729
2003-02-27,-0.024746,0.034938,0.059683
2003-02-28,0.005567,0.033793,0.028226
2003-03-03,-0.022891,0.032232,0.055123
2003-03-04,-0.040358,0.031414,0.071772
2003-03-05,-0.022605,0.030267,0.052872
2003-03-06,-0.02475,0.035201,0.059951
2003-03-07,-0.013381,0.030396,0.043777
2003-03-10,-0.025173,0.033403,0.058576
2003-03-11,-0.041543,0.03887,0.080412
2003-03-12,-0.028407,0.04288,0.071287
2003-03-13,0.021437,0.020068,-0.001369
2003-03-14,0.021615,0.019525,-0.00209
2003-03-17,0.031253,0.016004,-0.015249
2003-03-18,0.019386,0.005142,-0.014244
2003-03-19,0.032637,-0.009041,-0.041678
2003-03-20,0.045298,-0.01397,-0.059268
2003-03-21,0.056957,-0.021806,-0.078762
2003-03-24,0.038658,-0.011048,-0.049705
2003-03-25,0.040285,-0.016724,-0.057009
2003-03-26,0.05035,-0.021504,-0.071854
2003-03-27,0.037484,-0.022467,-0.059951
2003-03-28,0.025437,-0.026407,-0.051844
2003-03-31,0.011794,-0.01485,-0.026643
2003-04-01,0.043951,-0.018305,-0.062256
2003-04-02,0.06022,-0.031756,-0.091976
2003-04-03,0.064092,-0.028557,-0.092648
2003-04-04,0.063079,-0.034654,-0.097733
2003-04-07,0.087125,-0.041846,-0.128971
2003-04-08,0.099672,-0.032421,-0.132093
2003-04-09,0.077979,-0.033059,-0.111038
2003-04-10,0.047733,-0.019514,-0.067247
2003-04-11,0.040074,-0.025871,-0.065945
2003-04-14,0.029139,-0.016747,-0.045886
2003-04-15,0.032672,-0.002004,-0.034676
2003-04-16,0.007343,0.009556,0.002213
2003-04-17,0.020092,0.012787,-0.007305
2003-04-21,-0.000224,0.024694,0.024918
2003-04-22,0.053639,0.008176,-0.045462
2003-04-23,0.053245,0.011402,-0.041843
2003-04-24,0.04915,0.018388,-0.030761
2003-04-25,0.035342,0.019985,-0.015357
2003-04-28,0.058586,0.016058,-0.042528
2003-04-29,0.086971,0.00122,-0.085751
2003-04-30,0.068224,0.013367,-0.054857
2003-05-01,0.042896,0.024536,-0.01836
2003-05-02,0.062828,0.017062,-0.045766
2003-05-05,0.054523,0.02541,-0.029112
2003-05-06,0.066552,0.032867,-0.033686
2003-05-07,0.058964,0.036549,-0.022414
2003-05-08,0.062277,0.035998,-0.026279
2003-05-09,0.071078,0.041893,-0.029184
2003-05-12,0.088697,0.050132,-0.038566
2003-05-13,0.064755,0.05534,-0.009415
2003-05-14,0.052685,0.065757,0.013072
2003-05-15,0.077733,0.064708,-0.013025
2003-05-16,0.05929,0.070784,0.011494
2003-05-19,0.033463,0.069436,0.035973
2003-05-20,0.012263,0.085856,0.073593
2003-05-21,0.005099,0.083517,0.078418
2003-05-22,0.024191,0.08339,0.059199
2003-05-23,0.039122,0.083666,0.044544
2003-05-27,0.039328,0.065785,0.026456
2003-05-28,0.03865,0.065774,0.027124
2003-05-29,0.038189,0.06522,0.02703
2003-05-30,0.054951,0.062684,0.007733
2003-06-02,0.044415,0.063237,0.018821
2003-06-03,0.050736,0.066091,0.015356
2003-06-04,0.055905,0.063984,0.008079
2003-06-05,0.067031,0.043495,-0.023536
2003-06-06,0.073661,0.044732,-0.02893
2003-06-09,0.048223,0.050678,0.002455
2003-06-10,0.046058,0.056557,0.0105
2003-06-11,0.059023,0.052924,-0.006099
2003-06-12,0.064543,0.045152,-0.01939
2003-06-13,0.046788,0.048911,0.002123
2003-06-16,0.071572,0.031442,-0.04013
2003-06-17,0.097248,0.026804,-0.070444
2003-06-18,0.098529,-0.001073,-0.099602
2003-06-19,0.079547,-0.002874,-0.082421
2003-06-20,0.066573,-0.015311,-0.081884
2003-06-23,0.053493,-0.01191,-0.065403
2003-06-24,0.036435,0.015535,-0.020901
2003-06-25,0.023124,0.001018,-0.022106
2003-06-26,0.039163,-0.020992,-0.060155
2003-06-27,0.010962,-0.022633,-0.033595
2003-06-30,0.006499,-0.010801,-0.0173
2003-07-01,0.011621,-0.023538,-0.03516
2003-07-02,0.009786,-0.023988,-0.033774
2003-07-03,-0.005552,-0.030416,-0.024863
2003-07-07,0.018172,-0.040101,-0.058273
2003-07-08,0.033236,-0.045635,-0.07887
2003-07-09,0.017061,-0.053845,-0.070906
2003-07-10,-0.006394,-0.052973,-0.046579
2003-07-11,-7.9e-05,-0.05586,-0.055782
2003-07-14,0.015406,-0.072918,-0.088324
2003-07-15,-0.007741,-0.085958,-0.078218
2003-07-16,-0.013565,-0.073428,-0.059862
2003-07-17,-0.026723,-0.064312,-0.037589
2003-07-18,-0.001505,-0.064442,-0.062937
2003-07-21,-0.011666,-0.080866,-0.0692
2003-07-22,0.00762,-0.081853,-0.089473
2003-07-23,0.007308,-0.087187,-0.094496
2003-07-24,0.009843,-0.080518,-0.090361
2003-07-25,0.014473,-0.07048,-0.084953
2003-07-28,0.022528,-0.079686,-0.102213
2003-07-29,0.01813,-0.096443,-0.114573
2003-07-30,0.006394,-0.081689,-0.088083
2003-07-31,-0.003809,-0.097586,-0.093777
2003-08-01,-0.00233,-0.085124,-0.082794
2003-08-04,-0.021747,-0.071307,-0.04956
2003-08-05,-0.046763,-0.0854,-0.038637
2003-08-06,-0.035792,-0.070329,-0.034537
2003-08-07,-0.013092,-0.06613,-0.053038
2003-08-08,-0.019553,-0.074315,-0.054762
2003-08-11,-0.020649,-0.068289,-0.04764
2003-08-12,-0.009551,-0.050435,-0.040884
2003-08-13,-0.008807,-0.074057,-0.065249
2003-08-14,0.008223,-0.062067,-0.07029
2003-08-15,0.001106,-0.060715,-0.06182
2003-08-18,0.022385,-0.035914,-0.058299
2003-08-19,0.017042,-0.025818,-0.04286
2003-08-20,0.012193,-0.034304,-0.046497
2003-08-21,0.023149,-0.028092,-0.051241
2003-08-22,-0.004589,-0.021135,-0.016546
2003-08-25,0.0007,-0.015534,-0.016235
2003-08-26,0.007143,0.005905,-0.001237
2003-08-27,0.009882,-0.009859,-0.019742
2003-08-28,0.013784,0.015479,0.001694
2003-08-29,0.029744,0.013816,-0.015928
2003-09-02,0.043549,-0.009535,-0.053084
2003-09-03,0.071977,0.006426,-0.065552
2003-09-04,0.066303,-0.007541,-0.073844
2003-09-05,0.049285,0.005304,-0.043982
2003-09-08,0.054945,-0.001056,-0.056001
2003-09-09,0.044096,0.011224,-0.032872
2003-09-10,0.024209,0.02629,0.002081
2003-09-11,0.032512,0.039701,0.007188
2003-09-12,0.031618,0.036664,0.005045
2003-09-15,0.024794,0.035704,0.01091
2003-09-16,0.030852,0.02934,-0.001512
2003-09-17,0.024985,0.026321,0.001336
2003-09-18,0.041314,0.032597,-0.008717
2003-09-19,0.032728,0.036296,0.003568
2003-09-22,0.03181,0.023503,-0.008306
2003-09-23,0.034076,0.038589,0.004513
2003-09-24,0.013867,0.039407,0.025541
2003-09-25,0.005242,0.049372,0.044129
2003-09-26,-0.004231,0.047952,0.052183
2003-09-29,-0.001208,0.042052,0.043261
2003-09-30,-0.023991,0.075068,0.09906
2003-10-01,-0.008593,0.069299,0.077892
2003-10-02,-0.00548,0.058487,0.063967
2003-10-03,0.009306,0.01875,0.009444
2003-10-06,0.005582,0.033868,0.028286
2003-10-07,0.016118,0.014602,-0.001516
2003-10-08,0.023923,0.004178,-0.019746
2003-10-09,0.023668,0.003581,-0.020087
2003-10-10,0.024612,0.002636,-0.021976
2003-10-13,0.03147,0.000258,-0.031212
2003-10-14,0.020217,-0.0051,-0.025318
2003-10-15,0.019472,-0.02214,-0.041612
2003-10-16,0.011613,-0.026701,-0.038314
2003-10-17,0.005691,-0.020333,-0.026023
2003-10-20,0.024281,-0.00918,-0.033461
2003-10-21,0.018651,-0.01226,-0.030911
2003-10-22,0.024033,-0.011188,-0.035221
2003-10-23,0.030615,-0.023273,-0.053887
2003-10-24,0.036318,-0.021191,-0.05751
2003-10-27,0.026751,-0.015263,-0.042014
2003-10-28,0.050926,-0.026214,-0.07714
2003-10-29,0.030369,-0.031307,-0.061675
2003-10-30,0.028795,-0.031221,-0.060016
2003-10-31,0.018474,-0.001173,-0.019646
2003-11-03,0.020508,-0.010199,-0.030707
2003-11-04,0.014387,0.007067,-0.00732
2003-11-05,0.017692,0.000425,-0.017268
2003-11-06,0.02033,-0.001872,-0.022201
2003-11-07,0.009945,-0.008368,-0.018312
2003-11-10,0.002669,-0.005318,-0.007987
2003-11-11,-0.001141,0.001701,0.002841
2003-11-12,0.012763,0.013995,0.001232
2003-11-13,0.009012,0.033777,0.024764
2003-11-14,0.01151,0.032707,0.021197
2003-11-17,-0.001048,0.030816,0.031864
2003-11-18,-0.009727,0.033342,0.043069
2003-11-19,0.011397,0.012022,0.000625
2003-11-20,0.00416,0.029345,0.025185
2003-11-21,0.006082,0.018587,0.012504
2003-11-24,0.018914,0.012243,-0.006671
2003-11-25,0.009044,0.012435,0.003391
2003-11-26,0.011314,0.017485,0.006171
2003-11-28,0.009962,0.012786,0.002824
2003-12-01,0.021842,-0.002197,-0.024039
2003-12-02,0.012642,0.006838,-0.005804
2003-12-03,0.013238,-0.002876,-0.016114
2003-12-04,0.016629,0.006244,-0.010384
2003-12-05,0.00423,0.031998,0.027768
2003-12-08,0.01856,0.025394,0.006835
2003-12-09,0.014831,0.019028,0.004196
2003-12-10,0.015027,0.020592,0.005565
2003-12-11,0.015048,0.020477,0.00543
2003-12-12,0.016736,0.006818,-0.009917
2003-12-15,0.020292,-0.000446,-0.020738
2003-12-16,0.030783,0.001314,-0.029469
2003-12-17,0.044876,0.001917,-0.04296
2003-12-18,0.047746,0.022305,-0.025441
2003-12-19,0.054294,0.012141,-0.042153
2003-12-22,0.05727,0.008767,-0.048503
2003-12-23,0.044118,0.005637,-0.038481
2003-12-24,0.039136,0.009593,-0.029543
2003-12-26,0.036178,0.017452,-0.018727
2003-12-29,0.04918,0.017567,-0.031614
2003-12-30,0.038154,0.019112,-0.019042
2003-12-31,0.041702,0.014776,-0.026926
2004-01-02,0.042885,0.006826,-0.036059
2004-01-05,0.04992,0.001945,-0.047975
2004-01-06,0.058323,-0.00293,-0.061253
2004-01-07,0.054789,0.008101,-0.046688
2004-01-08,0.067227,0.014894,-0.052332
2004-01-09,0.058007,0.030882,-0.027124
2004-01-12,0.05397,0.022691,-0.031279
2004-01-13,0.045791,0.02771,-0.018081
2004-01-14,0.059817,0.033366,-0.026451
2004-01-15,0.056931,0.033856,-0.023074
2004-01-16,0.057786,0.019695,-0.03809
2004-01-20,0.045749,0.010333,-0.035416
2004-01-21,0.056933,0.013104,-0.043829
2004-01-22,0.046872,0.023309,-0.023563
2004-01-23,0.042833,0.022586,-0.020247
2004-01-26,0.057015,0.006885,-0.05013
2004-01-27,0.045396,0.009416,-0.03598
2004-01-28,0.019882,0.009576,-0.010306
2004-01-29,0.020687,0.011585,-0.009102
2004-01-30,0.01977,0.018607,-0.001163
2004-02-02,0.024634,0.028628,0.003994
2004-02-03,0.011917,0.036561,0.024643
2004-02-04,0.002666,0.023234,0.020568
2004-02-05,0.002213,0.015171,0.012958
2004-02-06,0.009437,0.026689,0.017253
2004-02-09,0.018596,0.012099,-0.006497
2004-02-10,0.014397,0.007252,-0.007145
2004-02-11,0.031184,0.007919,-0.023265
2004-02-12,0.018942,-0.001238,-0.020181
2004-02-13,0.011865,-0.000762,-0.012627
2004-02-17,0.016983,0.00562,-0.011363
2004-02-18,0.012785,0.007226,-0.005559
2004-02-19,0.001129,0.005846,0.004717
2004-02-20,0.000697,-0.008357,-0.009054
2004-02-23,0.001398,0.009876,0.008478
2004-02-24,-0.012772,0.017889,0.030662
2004-02-25,0.001657,0.013206,0.011549
2004-02-26,0.013848,0.018968,0.00512
2004-02-27,0.013571,0.029919,0.016348
2004-03-01,0.023616,0.022426,-0.00119
2004-03-02,0.013249,0.018076,0.004827
2004-03-03,0.016787,0.011076,-0.005711
2004-03-04,0.027824,0.01757,-0.010254
2004-03-05,0.028273,0.041321,0.013048
2004-03-08,0.004456,0.03609,0.031633
2004-03-09,0.000174,0.039889,0.039715
2004-03-10,-0.019765,0.045045,0.06481
2004-03-11,-0.042647,0.038794,0.081441
2004-03-12,-0.026546,0.03676,0.063306
2004-03-15,-0.034136,0.034106,0.068242
2004-03-16,-0.037704,0.043397,0.081101
2004-03-17,-0.022652,0.040256,0.062909
2004-03-18,-0.018745,0.033712,0.052457
2004-03-19,-0.029863,0.039553,0.069416
2004-03-22,-0.039756,0.039449,0.079204
2004-03-23,-0.039744,0.039383,0.079127
2004-03-24,-0.04297,0.037166,0.080135
2004-03-25,-0.030893,0.036472,0.067365
2004-03-26,-0.031306,0.016715,0.048021
2004-03-29,-0.027335,0.010309,0.037644
2004-03-30,-0.018305,0.016076,0.034381
2004-03-31,-0.01896,0.022844,0.041805
2004-04-01,-0.015614,0.014975,0.030589
2004-04-02,-0.011498,-0.028913,-0.017416
2004-04-05,0.006212,-0.042191,-0.048403
2004-04-06,0.007012,-0.043324,-0.050336
2004-04-07,0.021779,-0.044904,-0.066683
2004-04-08,0.032856,-0.049034,-0.08189
2004-04-12,0.023472,-0.046583,-0.070055
2004-04-13,0.021645,-0.058489,-0.080134
2004-04-14,0.017869,-0.067004,-0.084873
2004-04-15,0.002795,-0.07098,-0.073776
2004-04-16,0.010251,-0.062508,-0.072759
2004-04-19,0.024941,-0.063263,-0.088204
2004-04-20,0.020702,-0.077421,-0.098123
2004-04-21,0.029326,-0.074524,-0.10385
2004-04-22,0.042903,-0.068506,-0.111409
2004-04-23,0.03027,-0.070225,-0.100495
2004-04-26,0.02855,-0.058717,-0.087267
2004-04-27,0.015188,-0.048782,-0.06397
2004-04-28,-0.001328,-0.05704,-0.055712
2004-04-29,-0.011229,-0.066165,-0.054936
2004-04-30,-0.024785,-0.059274,-0.034489
2004-05-03,-0.021721,-0.034189,-0.012469
2004-05-04,-0.027848,-0.033206,-0.005358
2004-05-05,-0.01845,-0.04113,-0.022679
2004-05-06,-0.024601,-0.041467,-0.016866
2004-05-07,-0.038559,-0.051282,-0.012722
2004-05-10,-0.052168,-0.050077,0.002092
2004-05-11,-0.030563,-0.03528,-0.004717
2004-05-12,-0.025928,-0.04088,-0.014952
2004-05-13,-0.026293,-0.038882,-0.012589
2004-05-14,-0.033295,-0.034683,-0.001387
2004-05-17,-0.041553,-0.024058,0.017495
2004-05-18,-0.020282,-0.018912,0.00137
2004-05-19,-0.030177,-0.026926,0.003251
2004-05-20,-0.040525,-0.025199,0.015326
2004-05-21,-0.039787,-0.023573,0.016214
2004-05-24,-0.034414,-0.022098,0.012316
2004-05-25,-0.021435,-0.022948,-0.001514
2004-05-26,-0.005141,-0.008452,-0.00331
2004-05-27,0.0093,0.004263,-0.005037
2004-05-28,0.017124,-0.002581,-0.019705
2004-06-01,0.004994,-0.012958,-0.017952
2004-06-02,0.009549,-0.008712,-0.018261
2004-06-03,-0.006119,-0.003886,0.002232
2004-06-04,0.010465,-0.007075,-0.01754
2004-06-07,0.043107,0.006358,-0.036749
2004-06-08,0.055408,0.010572,-0.044835
2004-06-09,0.036811,0.001674,-0.035137
2004-06-10,0.03531,0.010338,-0.024972
2004-06-14,0.029366,0.006132,-0.023235
2004-06-15,0.036168,0.019076,-0.017092
2004-06-16,0.044913,0.006216,-0.038696
2004-06-17,0.038121,0.016789,-0.021332
2004-06-18,0.043698,0.017943,-0.025755
2004-06-21,0.036428,0.010862,-0.025566
2004-06-22,0.039845,0.011873,-0.027972
2004-06-23,0.044427,0.010623,-0.033803
2004-06-24,0.026442,0.013777,-0.012665
2004-06-25,0.017958,0.009353,-0.008604
2004-06-28,0.008808,-0.00876,-0.017568
2004-06-29,0.013077,0.000266,-0.012811
2004-06-30,0.019857,0.019873,1.6e-05
2004-07-01,0.001964,0.024405,0.022442
2004-07-02,0.010724,0.033059,0.022335
2004-07-06,-0.006033,0.037419,0.043452
2004-07-07,-0.01805,0.037535,0.055585
2004-07-08,-0.026234,0.036243,0.062477
2004-07-09,-0.014519,0.041812,0.056332
2004-07-12,-0.018907,0.041247,0.060153
2004-07-13,-0.008405,0.046514,0.054919
2004-07-14,-0.018355,0.025199,0.043554
2004-07-15,-0.024522,0.030287,0.054809
2004-07-16,-0.023859,0.037153,0.061011
2004-07-19,-0.029834,0.040142,0.069976
2004-07-20,-0.013781,0.030033,0.043814
2004-07-21,-0.036829,0.030355,0.067184
2004-07-22,-0.042441,0.029818,0.072259
2004-07-23,-0.04747,0.027002,0.074472
2004-07-26,-0.044712,0.021183,0.065895
2004-07-27,-0.032437,0.017822,0.050259
2004-07-28,-0.033532,0.011551,0.045083
2004-07-29,-0.034577,0.003553,0.03813
2004-07-30,-0.018593,0.013418,0.032012
2004-08-02,-0.016035,0.004154,0.020189
2004-08-03,-0.015014,0.009877,0.024891
2004-08-04,-0.018,0.009993,0.027993
2004-08-05,-0.027279,0.012254,0.039533
2004-08-06,-0.043676,0.028188,0.071864
2004-08-09,-0.042762,0.023163,0.065926
2004-08-10,-0.031111,0.022506,0.053617
2004-08-11,-0.030129,0.026548,0.056677
2004-08-12,-0.034477,0.027595,0.062072
2004-08-13,-0.031794,0.017422,0.049216
2004-08-16,-0.017598,0.013187,0.030785
2004-08-17,-0.024454,0.028192,0.052646
2004-08-18,0.004106,0.026002,0.021895
2004-08-19,-0.001547,0.027037,0.028585
2004-08-20,0.01395,0.022707,0.008757
2004-08-23,0.013333,0.021608,0.008275
2004-08-24,0.005283,0.036173,0.03089
2004-08-25,0.009082,0.03966,0.030578
2004-08-26,0.004794,0.04318,0.038386
2004-08-27,0.005503,0.030382,0.024879
2004-08-30,-0.004862,0.033899,0.038761
2004-08-31,0.008166,0.036123,0.027957
2004-09-01,0.010163,0.036701,0.026537
2004-09-02,0.038561,0.023614,-0.014947
2004-09-03,0.049322,0.006792,-0.04253
2004-09-07,0.054766,0.00925,-0.045517
2004-09-08,0.038753,0.021437,-0.017316
2004-09-09,0.03994,0.013207,-0.026734
2004-09-10,0.056833,0.012608,-0.044225
2004-09-13,0.058214,0.013738,-0.044475
2004-09-14,0.049492,0.018307,-0.031185
2004-09-15,0.035718,0.010247,-0.025471
2004-09-16,0.028265,0.026661,-0.001604
2004-09-17,0.035649,0.019072,-0.016577
2004-09-20,0.02225,0.026743,0.004492
2004-09-21,0.029312,0.035743,0.006431
2004-09-22,0.015083,0.045871,0.030789
2004-09-23,0.002807,0.038055,0.035248
2004-09-24,0.007416,0.033472,0.026056
2004-09-27,-0.002144,0.038697,0.040841
2004-09-28,0.010977,0.02967,0.018693
2004-09-29,0.010761,0.013384,0.002624
2004-09-30,0.008132,0.008457,0.000325
2004-10-01,0.013706,0.013378,-0.000328
2004-10-04,0.019567,0.014767,-0.0048
2004-10-05,0.013416,0.015822,0.002406
2004-10-06,0.022893,0.002726,-0.020167
2004-10-07,0.012822,0.002145,-0.010677
2004-10-08,-0.000722,0.013905,0.014628
2004-10-11,9.1e-05,0.010534,0.010443
2004-10-12,-0.005821,0.01179,0.01761
2004-10-13,-0.007055,0.017783,0.024838
2004-10-14,-0.018026,0.011153,0.029179
2004-10-15,-0.016704,0.012673,0.029376
2004-10-18,-0.007025,0.00649,0.013515
2004-10-19,-0.019653,0.006144,0.025797
2004-10-20,-0.009233,0.002652,0.011885
2004-10-21,0.002614,0.007368,0.004754
2004-10-22,-0.013188,0.008486,0.021675
2004-10-25,-0.008036,0.004889,0.012925
2004-10-26,0.002336,0.005904,0.003568
2004-10-27,0.009298,0.005808,-0.00349
2004-10-28,0.013064,0.012982,-8.2e-05
2004-10-29,-0.00396,0.022756,0.026715
2004-11-01,-0.002899,0.014886,0.017785
2004-11-02,-0.003073,0.016377,0.01945
2004-11-03,0.002616,0.0215,0.018884
2004-11-04,0.027325,0.027013,-0.000312
2004-11-05,0.042397,0.002511,-0.039885
2004-11-08,0.036647,-0.00205,-0.038696
2004-11-09,0.038657,-0.004881,-0.043537
2004-11-10,0.048682,-0.012218,-0.0609
2004-11-11,0.065256,-0.019025,-0.084282
2004-11-12,0.067679,-0.00495,-0.072629
2004-11-15,0.066278,-0.004495,-0.070772
2004-11-16,0.06763,-0.007068,-0.074699
2004-11-17,0.076108,-0.005422,-0.081529
2004-11-18,0.070585,-0.003062,-0.073648
2004-11-19,0.070715,-0.01333,-0.084045
2004-11-22,0.077095,-0.008959,-0.086054
2004-11-23,0.062491,-0.004743,-0.067234
2004-11-24,0.052366,0.005126,-0.04724
2004-11-26,0.048407,-0.004688,-0.053096
2004-11-29,0.043809,-0.019804,-0.063612
2004-11-30,0.041664,-0.01785,-0.059514
2004-12-01,0.053134,-0.020819,-0.073952
2004-12-02,0.040908,-0.025223,-0.066131
2004-12-03,0.026198,-0.011055,-0.037253
2004-12-06,0.019469,0.0033,-0.016169
2004-12-07,0.011442,0.008116,-0.003326
2004-12-08,0.019353,0.024424,0.005071
2004-12-09,0.022171,0.021503,-0.000667
2004-12-10,0.015473,0.026278,0.010806
2004-12-13,0.016304,0.01747,0.001166
2004-12-14,0.01735,0.020542,0.003192
2004-12-15,0.02545,0.029788,0.004339
2004-12-16,0.018806,0.006024,-0.012782
2004-12-17,0.010647,0.001617,-0.00903
2004-12-20,0.022265,0.011494,-0.010771
2004-12-21,0.025247,0.009305,-0.015942
2004-12-22,0.026152,0.004666,-0.021486
2004-12-23,0.024489,0.001388,-0.023101
2004-12-27,0.023146,0.000117,-0.023028
2004-12-28,0.033465,0.01008,-0.023385
2004-12-29,0.034297,0.013341,-0.020956
2004-12-30,0.020735,0.021746,0.001011
2004-12-31,0.01769,0.032372,0.014682
2005-01-03,0.01357,0.018731,0.005161
2005-01-04,0.001521,0.004608,0.003087
2005-01-05,0.003958,0.008721,0.004763
2005-01-06,0.003202,-0.006094,-0.009296
2005-01-07,-0.001766,0.002789,0.004555
2005-01-10,0.001946,0.001886,-5.9e-05
2005-01-11,-0.013556,0.00561,0.019166
2005-01-12,-0.013742,0.00302,0.016762
2005-01-13,-0.022373,0.003585,0.025958
2005-01-14,-0.01665,0.018491,0.035141
2005-01-18,0.000251,0.023261,0.02301
2005-01-19,-0.010463,0.024355,0.034818
2005-01-20,-0.024005,0.023279,0.047284
2005-01-21,-0.032317,0.027864,0.060181
2005-01-24,-0.034942,0.035647,0.070589
2005-01-25,-0.030202,0.033955,0.064158
2005-01-26,-0.032597,0.036722,0.069319
2005-01-27,-0.032383,0.03584,0.068223
2005-01-28,-0.030546,0.039263,0.069809
2005-01-31,-0.02242,0.035685,0.058105
2005-02-01,-0.011554,0.031828,0.043383
2005-02-02,0.003703,0.045157,0.041454
2005-02-03,0.00805,0.039023,0.030973
2005-02-04,0.013658,0.05275,0.039092
2005-02-07,0.013762,0.058193,0.044431
2005-02-08,0.010168,0.062522,0.052354
2005-02-09,0.009561,0.059141,0.04958
2005-02-10,0.009868,0.043446,0.033578
2005-02-11,0.026781,0.032827,0.006046
2005-02-14,0.020636,0.036171,0.015535
2005-02-15,0.013895,0.02752,0.013625
2005-02-16,0.025292,0.020703,-0.00459
2005-02-17,0.023234,0.01228,-0.010955
2005-02-18,0.030913,0.002122,-0.028791
2005-02-22,0.017589,-0.006548,-0.024137
2005-02-23,0.021988,0.006215,-0.015773
2005-02-24,0.025677,0.002116,-0.02356
2005-02-25,0.034063,0.008876,-0.025187
2005-02-28,0.02725,-0.011919,-0.039169
2005-03-01,0.025981,-0.015027,-0.041009
2005-03-02,0.019006,-0.014782,-0.033788
2005-03-03,0.016349,-0.017593,-0.033942
2005-03-04,0.031692,-0.006407,-0.038099
2005-03-07,0.021292,-0.016131,-0.037423
2005-03-08,0.018823,-0.032645,-0.051468
2005-03-09,0.006322,-0.053816,-0.060138
2005-03-10,0.016176,-0.050574,-0.06675
2005-03-11,0.005428,-0.044611,-0.050039
2005-03-14,0.003064,-0.038263,-0.041327
2005-03-15,-0.004475,-0.047295,-0.042821
2005-03-16,-0.016594,-0.03661,-0.020016
2005-03-17,-0.015263,-0.029802,-0.014539
2005-03-18,-0.010184,-0.029793,-0.019609
2005-03-21,-0.015168,-0.023797,-0.008629
2005-03-22,-0.010462,-0.027796,-0.017334
2005-03-23,-0.016663,-0.026368,-0.009705
2005-03-24,-0.021956,-0.022224,-0.000269
2005-03-28,-0.030134,-0.032904,-0.00277
2005-03-29,-0.030193,-0.016581,0.013612
2005-03-30,-0.021329,-0.011371,0.009958
2005-03-31,-0.022668,-0.002902,0.019765
2005-04-01,-0.02746,0.001017,0.028478
2005-04-04,-0.03779,-0.009933,0.027857
2005-04-05,-0.033681,-0.016395,0.017286
2005-04-06,-0.026684,-0.003541,0.023142
2005-04-07,-0.010429,0.00484,0.015269
2005-04-08,-0.0229,0.002243,0.025144
2005-04-11,-0.015252,0.015059,0.030311
2005-04-12,-0.016293,0.018376,0.034669
2005-04-13,-0.019804,0.022328,0.042133
2005-04-14,-0.024306,0.014542,0.038847
2005-04-15,-0.039893,0.024629,0.064522
2005-04-18,-0.034081,0.030309,0.06439
2005-04-19,-0.022777,0.043211,0.065989
2005-04-20,-0.026518,0.049503,0.076021
2005-04-21,-0.008462,0.033561,0.042022
2005-04-22,-0.013403,0.040095,0.053498
2005-04-25,-0.008354,0.049586,0.05794
2005-04-26,-0.011414,0.041808,0.053222
2005-04-27,-0.021408,0.040262,0.06167
2005-04-28,-0.031875,0.040449,0.072324
2005-04-29,-0.014307,0.035162,0.049469
2005-05-02,-0.010457,0.03517,0.045627
2005-05-03,-0.013453,0.040661,0.054114
2005-05-04,-0.009274,0.027954,0.037228
2005-05-05,-0.014928,0.038682,0.05361
2005-05-06,-0.007712,0.027389,0.035101
2005-05-09,-0.002286,0.022884,0.02517
2005-05-10,-0.017692,0.020706,0.038398
2005-05-11,-0.000511,0.026321,0.026832
2005-05-12,0.001555,0.031937,0.030382
2005-05-13,0.013754,0.022424,0.008669
2005-05-16,0.020087,0.021996,0.001909
2005-05-17,0.018802,0.01505,-0.003753
2005-05-18,0.043849,0.024383,-0.019466
2005-05-19,0.028273,0.032569,0.004295
2005-05-20,0.030717,0.025197,-0.00552
2005-05-23,0.029658,0.030165,0.000507
2005-05-24,0.037327,0.034588,-0.002738
2005-05-25,0.032512,0.023782,-0.00873
2005-05-26,0.051226,0.015938,-0.035288
2005-05-27,0.038877,0.018782,-0.020095
2005-05-31,0.026461,0.031599,0.005138
2005-06-01,0.033448,0.041404,0.007956
2005-06-02,0.027745,0.053143,0.025398
2005-06-03,0.022902,0.042088,0.019186
2005-06-06,0.025195,0.055382,0.030187
2005-06-07,0.019606,0.062709,0.043102
2005-06-08,0.028388,0.050154,0.021766
2005-06-09,0.027635,0.046089,0.018454
2005-06-10,0.036654,0.030289,-0.006365
2005-06-13,0.041998,0.020127,-0.021871
2005-06-14,0.03476,0.014625,-0.020135
2005-06-15,0.029852,0.013621,-0.016231
2005-06-16,0.021971,0.011947,-0.010024
2005-06-17,0.021459,0.014442,-0.007017
2005-06-20,0.023254,0.011529,-0.011725
2005-06-21,0.018202,0.011042,-0.00716
2005-06-22,0.021428,0.020481,-0.000947
2005-06-23,0.00782,0.026592,0.018773
2005-06-24,-0.004913,0.032061,0.036974
2005-06-27,-0.005149,0.033742,0.038891
2005-06-28,0.009666,0.014148,0.004482
2005-06-29,-0.001546,0.000314,0.00186
2005-06-30,-0.009101,0.006872,0.015972
2005-07-01,-0.001145,0.002918,0.004064
2005-07-05,0.0078,-0.01175,-0.01955
2005-07-06,-0.001397,-0.014127,-0.01273
2005-07-07,0.004371,-0.007315,-0.011686
2005-07-08,0.011037,-0.010566,-0.021602
2005-07-11,0.01857,0.000696,-0.017874
2005-07-12,0.018025,0.001104,-0.01692
2005-07-13,0.017079,0.006228,-0.010851
2005-07-14,0.019127,0.001842,-0.017285
2005-07-15,0.015945,-0.000491,-0.016436
2005-07-18,0.008158,-0.007831,-0.015989
2005-07-19,0.013344,-0.00263,-0.015974
2005-07-20,0.016218,-0.004489,-0.020707
2005-07-21,0.00946,-0.02979,-0.03925
2005-07-22,0.030703,-0.021245,-0.051948
2005-07-25,0.035384,-0.029659,-0.065043
2005-07-26,0.035166,-0.030714,-0.06588
2005-07-27,0.030295,-0.025616,-0.055911
2005-07-28,0.039556,-0.015402,-0.054958
2005-07-29,0.038262,-0.033807,-0.072069
2005-08-01,0.034469,-0.025592,-0.06006
2005-08-02,0.032368,-0.019485,-0.051853
2005-08-03,0.043856,-0.020098,-0.063954
2005-08-04,0.03143,-0.024168,-0.055597
2005-08-05,0.012858,-0.027783,-0.040642
2005-08-08,0.005823,-0.029587,-0.03541
2005-08-09,0.009243,-0.020494,-0.029736
2005-08-10,0.007351,-0.020102,-0.027453
2005-08-11,0.007404,-0.01074,-0.018143
2005-08-12,0.001791,-0.00333,-0.005121
2005-08-15,0.012015,0.001567,-0.010447
2005-08-16,-0.006584,0.005007,0.011591
2005-08-17,-0.010045,-0.007052,0.002993
2005-08-18,-0.004319,0.014098,0.018417
2005-08-19,-0.008661,0.006187,0.014848
2005-08-22,-0.005845,0.00878,0.014625
2005-08-23,-0.008918,0.011783,0.020701
2005-08-24,-0.021326,0.014381,0.035707
2005-08-25,-0.023922,0.00863,0.032552
2005-08-26,-0.024083,0.01838,0.042462
2005-08-29,-0.015851,0.02348,0.039331
2005-08-30,-0.02685,0.033326,0.060177
2005-08-31,-0.017158,0.036944,0.054102
2005-09-01,-0.009942,0.03282,0.042762
2005-09-02,-0.004964,0.041809,0.046774
2005-09-06,0.008561,0.036398,0.027837
2005-09-07,0.004214,0.022834,0.018619
2005-09-08,0.001379,0.025042,0.023664
2005-09-09,0.006299,0.0212,0.014901
2005-09-12,0.010483,0.003922,-0.006561
2005-09-13,-0.001292,0.011794,0.013086
2005-09-14,0.008183,0.000922,-0.007261
2005-09-15,0.007774,-0.000712,-0.008486
2005-09-16,0.015023,-0.01459,-0.029613
2005-09-19,0.009341,-0.012344,-0.021685
2005-09-20,0.000812,-0.00872,-0.009533
2005-09-21,-0.00667,-0.004079,0.002591
2005-09-22,0.005832,-0.005991,-0.011822
2005-09-23,0.003018,-0.016578,-0.019596
2005-09-26,0.011076,-0.020727,-0.031804
2005-09-27,0.003102,-0.02059,-0.023692
2005-09-28,0.0094,-0.020229,-0.029629
2005-09-29,0.004912,-0.032784,-0.037696
2005-09-30,0.008766,-0.03029,-0.039056
2005-10-03,0.006967,-0.038681,-0.045648
2005-10-04,-0.015878,-0.028677,-0.0128
2005-10-05,-0.030431,-0.01515,0.015281
2005-10-06,-0.030709,-0.019951,0.010758
2005-10-07,-0.035962,-0.019128,0.016834
2005-10-10,-0.042181,-0.012944,0.029237
2005-10-11,-0.038217,-0.020129,0.018087
2005-10-12,-0.042284,-0.025915,0.016369
2005-10-13,-0.042389,-0.021398,0.020991
2005-10-14,-0.039109,-0.016442,0.022667
2005-10-17,-0.032334,-0.018792,0.013542
2005-10-18,-0.034657,-0.02025,0.014408
2005-10-19,-0.009346,-0.028842,-0.019496
2005-10-20,-0.030246,-0.025323,0.004923
2005-10-21,-0.027256,-0.008851,0.018406
2005-10-24,-0.013325,-0.012067,0.001258
2005-10-25,-0.015056,-0.02194,-0.006884
2005-10-26,-0.018904,-0.035593,-0.01669
2005-10-27,-0.037176,-0.027743,0.009432
2005-10-28,-0.026333,-0.024261,0.002072
2005-10-31,-0.020147,-0.014706,0.005441
2005-11-01,-0.006022,-0.019071,-0.013049
2005-11-02,0.017721,-0.027939,-0.04566
2005-11-03,0.025755,-0.030808,-0.056563
2005-11-04,0.020902,-0.036243,-0.057145
2005-11-07,0.030607,-0.032329,-0.062936
2005-11-08,0.032086,-0.020892,-0.052978
2005-11-09,0.041617,-0.021473,-0.06309
2005-11-10,0.050328,-0.005895,-0.056223
2005-11-11,0.042892,-0.003796,-0.046688
2005-11-14,0.038452,-0.011036,-0.049488
2005-11-15,0.046002,-0.005679,-0.051681
2005-11-16,0.030973,0.004331,-0.026642
2005-11-17,0.059233,0.004109,-0.055124
2005-11-18,0.059256,-0.00973,-0.068986
2005-11-21,0.048349,0.001009,-0.04734
2005-11-22,0.054961,0.011031,-0.04393
2005-11-23,0.06417,0.014567,-0.049603
2005-11-25,0.076461,0.014644,-0.061817
2005-11-28,0.053673,0.019574,-0.034099
2005-11-29,0.049613,0.008022,-0.041591
2005-11-30,0.040834,0.008065,-0.032768
2005-12-01,0.040575,0.011247,-0.029328
2005-12-02,0.037458,0.018463,-0.018995
2005-12-05,0.036606,0.015521,-0.021085
2005-12-06,0.037553,0.022412,-0.01514
2005-12-07,0.031499,0.00874,-0.022759
2005-12-08,0.029495,0.025836,-0.00366
2005-12-09,0.024243,0.005475,-0.018768
2005-12-12,0.021736,0.003005,-0.018731
2005-12-13,0.029266,0.014302,-0.014964
2005-12-14,0.037082,0.018057,-0.019025
2005-12-15,0.031987,0.005019,-0.026968
2005-12-16,0.019174,0.005905,-0.013269
2005-12-19,0.009961,0.011594,0.001633
2005-12-20,0.005861,0.007352,0.001492
2005-12-21,0.003152,0.00424,0.001088
2005-12-22,0.00261,0.016158,0.013548
2005-12-23,0.002375,0.018667,0.016291
2005-12-27,-0.000752,0.021909,0.022661
2005-12-28,0.00259,0.028786,0.026196
2005-12-29,0.003537,0.03217,0.028632
2005-12-30,-0.011997,0.031428,0.043426
2006-01-03,0.004112,0.029735,0.025623
2006-01-04,0.011019,0.036839,0.02582
2006-01-05,0.00974,0.025129,0.015389
2006-01-06,0.024118,0.027112,0.002994
2006-01-09,0.027402,0.021178,-0.006224
2006-01-10,0.025752,0.020978,-0.004773
2006-01-11,0.028038,0.021235,-0.006804
2006-01-12,0.017067,0.024307,0.00724
2006-01-13,0.012144,0.019779,0.007636
2006-01-17,0.012322,0.026816,0.014494
2006-01-18,0.011554,0.023087,0.011533
2006-01-19,0.020683,0.019087,-0.001596
2006-01-20,0.001113,0.02298,0.021868
2006-01-23,0.003095,0.024456,0.021361
2006-01-24,-0.001105,0.011419,0.012524
2006-01-25,-0.000789,-0.005689,-0.0049
2006-01-26,0.015064,-0.017978,-0.033042
2006-01-27,0.022187,-0.015232,-0.03742
2006-01-30,0.025961,-0.018348,-0.044309
2006-01-31,0.024014,-0.013385,-0.037399
2006-02-01,0.013339,-0.015472,-0.028811
2006-02-02,-0.003142,-0.015973,-0.01283
2006-02-03,-0.008714,-0.007805,0.000909
2006-02-06,-0.014326,-0.003997,0.010329
2006-02-07,-0.025549,-0.009349,0.0162
2006-02-08,-0.017687,-0.003613,0.014075
2006-02-09,-0.022427,0.002559,0.024985
2006-02-10,-0.01677,-0.009608,0.007161
2006-02-13,-0.01764,-0.015203,0.002437
2006-02-14,-0.00452,-0.023045,-0.018525
2006-02-15,0.002973,-0.020338,-0.023311
2006-02-16,0.006624,-0.01725,-0.023875
2006-02-17,0.022545,-0.011981,-0.034526
2006-02-21,0.016374,-0.01329,-0.029664
2006-02-22,0.021494,-0.001689,-0.023182
2006-02-23,0.019106,0.006754,-0.012352
2006-02-24,0.016096,0.00954,-0.006556
2006-02-27,0.007157,0.007877,0.000719
2006-02-28,-0.001635,0.013875,0.01551
2006-03-01,0.014667,0.004972,-0.009695
2006-03-02,0.007556,0.001398,-0.006158
2006-03-03,0.014657,-0.006274,-0.020932
2006-03-06,0.015046,-0.02189,-0.036937
2006-03-07,0.010822,-0.023163,-0.033985
2006-03-08,0.021996,-0.018858,-0.040854
2006-03-09,0.006002,-0.016247,-0.022249
2006-03-10,0.017245,-0.024336,-0.041581
2006-03-13,0.017293,-0.019711,-0.037004
2006-03-14,0.029823,-0.013263,-0.043087
2006-03-15,0.023562,-0.015108,-0.03867
2006-03-16,0.022075,-0.008611,-0.030685
2006-03-17,0.015326,-0.011832,-0.027158
2006-03-20,0.016447,-0.018111,-0.034558
2006-03-21,0.012572,-0.021573,-0.034144
2006-03-22,0.012597,-0.026123,-0.03872
2006-03-23,0.011988,-0.026747,-0.038735
2006-03-24,0.010183,-0.018087,-0.02827
2006-03-27,0.008319,-0.02011,-0.028429
2006-03-28,0.011728,-0.034054,-0.045782
2006-03-29,0.009099,-0.032826,-0.041924
2006-03-30,0.007391,-0.032832,-0.040223
2006-03-31,0.01232,-0.027538,-0.039858
2006-04-03,0.016197,-0.018655,-0.034852
2006-04-04,0.024296,-0.020339,-0.044635
2006-04-05,0.025663,-0.018649,-0.044312
2006-04-06,0.031484,-0.026456,-0.05794
2006-04-07,0.011394,-0.032367,-0.043762
2006-04-10,0.011068,-0.02978,-0.040848
2006-04-11,-0.0079,-0.032835,-0.024934
2006-04-12,-0.010459,-0.033489,-0.02303
2006-04-13,-0.013799,-0.048922,-0.035123
2006-04-17,-0.015005,-0.04253,-0.027525
2006-04-18,0.002224,-0.042345,-0.044568
2006-04-19,0.010495,-0.043264,-0.053758
2006-04-20,0.005753,-0.046105,-0.051858
2006-04-21,0.007993,-0.037525,-0.045517
2006-04-24,0.005376,-0.040716,-0.046091
2006-04-25,0.002692,-0.048572,-0.051263
2006-04-26,0.009132,-0.041188,-0.05032
2006-04-27,0.00769,-0.035325,-0.043015
2006-04-28,0.012866,-0.02786,-0.040726
2006-05-01,0.00439,-0.034832,-0.039222
2006-05-02,0.012719,-0.032593,-0.045312
2006-05-03,0.002528,-0.033677,-0.036204
2006-05-04,0.002671,-0.036638,-0.039309
2006-05-05,0.012608,-0.023399,-0.036007
2006-05-08,0.021769,-0.01317,-0.034939
2006-05-09,0.022198,-0.01561,-0.037808
2006-05-10,0.030395,-0.017302,-0.047697
2006-05-11,0.016062,-0.016132,-0.032194
2006-05-12,0.004118,-0.017345,-0.021463
2006-05-15,0.006529,-0.017031,-0.02356
2006-05-16,-0.010635,-0.011436,-0.000801
2006-05-17,-0.03131,-0.011532,0.019778
2006-05-18,-0.03752,0.002746,0.040267
2006-05-19,-0.03088,-0.000443,0.030438
2006-05-22,-0.036513,-0.002313,0.0342
2006-05-23,-0.039886,0.009069,0.048955
2006-05-24,-0.032439,0.011228,0.043667
2006-05-25,-0.025185,0.005966,0.031151
2006-05-26,-0.023504,0.004534,0.028037
2006-05-30,-0.032976,0.011658,0.044634
2006-05-31,-0.029457,0.002996,0.032453
2006-06-01,-0.016502,0.009652,0.026154
2006-06-02,-0.017966,0.024402,0.042367
2006-06-05,-0.040748,0.016954,0.057703
2006-06-06,-0.041931,0.021147,0.063078
2006-06-07,-0.050972,0.021998,0.072971
2006-06-08,-0.051301,0.022206,0.073507
2006-06-09,-0.042765,0.032654,0.075419
2006-06-12,-0.040622,0.042127,0.082749
2006-06-13,-0.053668,0.038709,0.092377
2006-06-14,-0.044931,0.020677,0.065608
2006-06-15,-0.005755,0.021145,0.026899
2006-06-16,-0.007994,0.005176,0.013171
2006-06-19,-0.022686,0.001129,0.023815
2006-06-20,-0.011825,-0.002661,0.009164
2006-06-21,0.003136,-0.001834,-0.00497
2006-06-22,-0.009193,-0.008003,0.00119
2006-06-23,-0.021451,-0.006143,0.015308
2006-06-26,-0.022103,-0.007343,0.014759
2006-06-27,-0.013023,-0.001981,0.011043
2006-06-28,-0.017321,-0.001296,0.016025
2006-06-29,-0.006972,-0.002389,0.004583
2006-06-30,-0.008972,-0.005543,0.003429
2006-07-03,0.009792,-0.005235,-0.015028
2006-07-05,0.006479,-0.017819,-0.024297
2006-07-06,0.017029,-0.012034,-0.029063
2006-07-07,0.011289,-0.007644,-0.018933
2006-07-10,0.016439,-0.011916,-0.028356
2006-07-11,0.032125,-0.009564,-0.041689
2006-07-12,0.033107,-0.010022,-0.043129
2006-07-13,0.008487,0.003893,-0.004593
2006-07-14,-0.016286,0.010308,0.026595
2006-07-17,-0.01051,0.014131,0.024642
2006-07-18,0.002426,0.006874,0.004448
2006-07-19,0.012894,0.018107,0.005213
2006-07-20,-0.00144,0.02085,0.022291
2006-07-21,-0.004098,0.024791,0.028889
2006-07-24,0.014223,0.026277,0.012054
2006-07-25,0.013361,0.025235,0.011873
2006-07-26,0.023565,0.02393,0.000366
2006-07-27,0.015711,0.027776,0.012064
2006-07-28,0.005579,0.03022,0.024641
2006-07-31,0.004478,0.021633,0.017155
2006-08-01,-0.004538,0.022548,0.027086
2006-08-02,0.007949,0.034639,0.02669
2006-08-03,0.00769,0.028578,0.020888
2006-08-04,0.012559,0.028181,0.015622
2006-08-07,0.008278,0.0278,0.019523
2006-08-08,0.0,0.022269,0.022269
2006-08-09,0.007377,0.018707,0.011329
2006-08-10,0.027178,0.013215,-0.013963
2006-08-11,0.028255,0.008252,-0.020003
2006-08-14,0.030566,0.004946,-0.02562
2006-08-15,0.037589,0.022193,-0.015396
2006-08-16,0.031904,0.019432,-0.012472
2006-08-17,0.041657,0.016098,-0.025559
2006-08-18,0.054377,0.020944,-0.033433
2006-08-21,0.031059,0.025193,-0.005866
2006-08-22,0.027317,0.028561,0.001244
2006-08-23,0.023102,0.025296,0.002194
2006-08-24,0.023203,0.028744,0.005541
2006-08-25,0.014299,0.024386,0.010087
2006-08-28,0.02018,0.024009,0.003829
2006-08-29,0.026411,0.025508,-0.000903
2006-08-30,0.020144,0.024364,0.00422
2006-08-31,0.017287,0.026574,0.009287
2006-09-01,0.025117,0.020738,-0.004379
2006-09-05,0.029476,0.013754,-0.015722
2006-09-06,0.024331,0.014592,-0.009739
2006-09-07,0.023075,0.019885,-0.00319
2006-09-08,0.022846,0.022251,-0.000596
2006-09-11,0.026769,0.025739,-0.001031
2006-09-12,0.036032,0.032725,-0.003307
2006-09-13,0.02791,0.024544,-0.003366
2006-09-14,0.019507,0.015357,-0.00415
2006-09-15,0.019306,0.014897,-0.004409
2006-09-18,0.015542,0.010353,-0.005188
2006-09-19,0.017365,0.018056,0.000691
2006-09-20,0.022847,0.019204,-0.003643
2006-09-21,0.02073,0.028066,0.007336
2006-09-22,0.018498,0.031243,0.012746
2006-09-25,0.025057,0.036943,0.011886
2006-09-26,0.028655,0.031636,0.002981
2006-09-27,0.028704,0.027245,-0.001459
2006-09-28,0.02769,0.022842,-0.004848
2006-09-29,0.027001,0.01915,-0.007852
2006-10-02,0.017085,0.021593,0.004508
2006-10-03,0.01729,0.026655,0.009365
2006-10-04,0.038337,0.035561,-0.002777
2006-10-05,0.045143,0.026296,-0.018846
2006-10-06,0.040864,0.014782,-0.026082
2006-10-09,0.040443,0.018474,-0.021969
2006-10-10,0.031703,0.00535,-0.026353
2006-10-11,0.026352,0.001915,-0.024437
2006-10-12,0.035161,0.004779,-0.030382
2006-10-13,0.03539,0.000532,-0.034858
2006-10-16,0.035568,0.006619,-0.028949
2006-10-17,0.034899,-0.003757,-0.038655
2006-10-18,0.03079,-0.003177,-0.033967
2006-10-19,0.037461,-0.014026,-0.051487
2006-10-20,0.040846,-0.019871,-0.060717
2006-10-23,0.037666,-0.030599,-0.068265
2006-10-24,0.032191,-0.026504,-0.058694
2006-10-25,0.03447,-0.015955,-0.050424
2006-10-26,0.038073,-0.007912,-0.045985
2006-10-27,0.032415,-0.002088,-0.034504
2006-10-30,0.035543,-0.002015,-0.037558
2006-10-31,0.033218,0.007065,-0.026153
2006-11-01,0.014379,0.00531,-0.009069
2006-11-02,0.011837,0.008245,-0.003591
2006-11-03,0.011333,0.006813,-0.00452
2006-11-06,0.022134,0.007032,-0.015102
2006-11-07,0.024691,0.019747,-0.004944
2006-11-08,0.028125,0.026444,-0.001681
2006-11-09,0.013942,0.025285,0.011344
2006-11-10,0.011784,0.034954,0.02317
2006-11-13,0.012715,0.030113,0.017398
2006-11-14,0.023532,0.0333,0.009768
2006-11-15,0.025112,0.027294,0.002182
2006-11-16,0.026095,0.024474,-0.00162
2006-11-17,0.026162,0.031375,0.005213
2006-11-20,0.022041,0.037127,0.015086
2006-11-21,0.020018,0.039659,0.019642
2006-11-22,0.018576,0.033211,0.014635
2006-11-24,0.011313,0.028368,0.017055
2006-11-27,0.003698,0.027351,0.023653
2006-11-28,0.00878,0.026611,0.017831
2006-11-29,0.01945,0.016375,-0.003074
2006-11-30,0.026816,0.017452,-0.009364
2006-12-01,0.025149,0.024253,-0.000896
2006-12-04,0.034789,0.038333,0.003544
2006-12-05,0.027665,0.03043,0.002765
2006-12-06,0.02287,0.023667,0.000797
2006-12-07,0.016198,0.019224,0.003026
2006-12-08,0.023448,0.012388,-0.01106
2006-12-11,0.025969,0.012351,-0.013618
2006-12-12,0.022659,0.0147,-0.007959
2006-12-13,0.016115,0.001747,-0.014368
2006-12-14,0.02214,0.001852,-0.020288
2006-12-15,0.019611,0.007005,-0.012606
2006-12-18,0.016528,0.00163,-0.014898
2006-12-19,0.017882,-0.001262,-0.019144
2006-12-20,0.016296,-0.003807,-0.020103
2006-12-21,0.010567,-0.000466,-0.011033
2006-12-22,0.008437,-0.009874,-0.018311
2006-12-26,0.028528,-0.010486,-0.039014
2006-12-27,0.030816,-0.01981,-0.050626
2006-12-28,0.018028,-0.019762,-0.03779
2006-12-29,0.013371,-0.026958,-0.040328
2007-01-03,0.013819,-0.022511,-0.03633
2007-01-04,0.008276,-0.018304,-0.02658
2007-01-05,-0.004065,-0.017965,-0.013899
2007-01-08,0.001387,-0.014257,-0.015643
2007-01-09,0.00493,-0.013497,-0.018427
2007-01-10,0.006426,-0.01073,-0.017155
2007-01-11,0.007912,-0.020745,-0.028657
2007-01-12,0.016357,-0.027323,-0.043679
2007-01-16,0.013298,-0.016452,-0.029749
2007-01-17,0.004869,-0.015853,-0.020721
2007-01-18,0.001405,-0.013383,-0.014788
2007-01-19,0.006129,-0.016394,-0.022523
2007-01-22,0.001125,-0.012729,-0.013854
2007-01-23,0.004644,-0.019111,-0.023754
2007-01-24,0.016452,-0.024123,-0.040575
2007-01-25,0.010728,-0.023661,-0.034389
2007-01-26,0.003885,-0.027384,-0.031269
2007-01-29,-0.003228,-0.022322,-0.019095
2007-01-30,0.004078,-0.018983,-0.023061
2007-01-31,0.01504,-0.009951,-0.024991
2007-02-01,0.022918,-0.018139,-0.041057
2007-02-02,0.022164,-0.022824,-0.044988
2007-02-05,0.030667,-0.017201,-0.047868
2007-02-06,0.026206,-0.013568,-0.039773
2007-02-07,0.029347,-0.010647,-0.039994
2007-02-08,0.024586,-0.005409,-0.029995
2007-02-09,0.012521,-0.005236,-0.017758
2007-02-12,0.001466,-0.002886,-0.004352
2007-02-13,0.011892,-0.007195,-0.019086
2007-02-14,0.01811,0.005326,-0.012784
2007-02-15,0.022871,0.00521,-0.01766
2007-02-16,0.020375,0.011487,-0.008888
2007-02-20,0.025706,0.011358,-0.014348
2007-02-21,0.022269,0.016333,-0.005936
2007-02-22,0.013338,0.010949,-0.002389
2007-02-23,0.02137,0.025543,0.004173
2007-02-26,0.021389,0.033185,0.011796
2007-02-27,-0.017951,0.048532,0.066483
2007-02-28,-0.013026,0.042583,0.055609
2007-03-01,-0.022539,0.033233,0.055772
2007-03-02,-0.041076,0.039665,0.080741
2007-03-05,-0.051516,0.040082,0.091598
2007-03-06,-0.035554,0.035548,0.071102
2007-03-07,-0.036786,0.033888,0.070674
2007-03-08,-0.030783,0.029924,0.060707
2007-03-09,-0.029237,0.018286,0.047523
2007-03-12,-0.020495,0.028104,0.048599
2007-03-13,-0.03625,0.036656,0.072905
2007-03-14,-0.037191,0.034196,0.071387
2007-03-15,-0.042167,0.024336,0.066503
2007-03-16,-0.046094,0.021093,0.067187
2007-03-19,-0.034131,0.015371,0.049502
2007-03-20,-0.030888,0.01365,0.044537
2007-03-21,-0.014534,0.015816,0.03035
2007-03-22,-0.014548,0.013264,0.027812
2007-03-23,-0.009232,0.003254,0.012486
2007-03-26,-0.009658,-0.00213,0.007528
2007-03-27,0.028148,-0.016244,-0.044392
2007-03-28,0.010307,-0.013774,-0.02408
2007-03-29,0.014398,-0.014485,-0.028883
2007-03-30,0.028076,-0.021286,-0.049362
2007-04-02,0.039125,-0.021289,-0.060415
2007-04-03,0.032641,-0.019581,-0.052222
2007-04-04,0.034828,-0.022377,-0.057205
2007-04-05,0.028934,-0.025177,-0.054111
2007-04-09,0.030067,-0.021331,-0.051398
2007-04-10,0.029744,-0.022239,-0.051982
2007-04-11,0.045868,-0.028753,-0.074621
2007-04-12,0.042747,-0.0241,-0.066847
2007-04-13,0.046077,-0.027008,-0.073085
2007-04-16,0.058976,-0.021429,-0.080405
2007-04-17,0.049144,-0.013868,-0.063012
2007-04-18,0.044691,-0.009497,-0.054188
2007-04-19,0.027497,-0.011615,-0.039112
2007-04-20,0.037994,-0.006327,-0.044321
2007-04-23,0.032569,8.9e-05,-0.03248
2007-04-24,0.034358,0.002577,-0.031781
2007-04-25,0.046339,0.000767,-0.045573
2007-04-26,0.055211,-0.004453,-0.059664
2007-04-27,0.053251,-0.003329,-0.056579
2007-04-30,0.044295,0.00905,-0.035245
2007-05-01,0.045793,0.008107,-0.037686
2007-05-02,0.040713,0.008796,-0.031916
2007-05-03,0.045186,0.005488,-0.039698
2007-05-04,0.046311,0.013386,-0.032926
2007-05-07,0.04507,0.022892,-0.022178
2007-05-08,0.042459,0.017554,-0.024905
2007-05-09,0.049577,0.014233,-0.035344
2007-05-10,0.03401,0.016412,-0.017598
2007-05-11,0.038122,0.015992,-0.02213
2007-05-14,0.026107,0.007789,-0.018318
2007-05-15,0.02366,0.001841,-0.021818
2007-05-16,0.029402,-0.003818,-0.033219
2007-05-17,0.027643,-0.006217,-0.03386
2007-05-18,0.026914,-0.010226,-0.037141
2007-05-21,0.030258,-0.010858,-0.041115
2007-05-22,0.02903,-0.019619,-0.04865
2007-05-23,0.019802,-0.01902,-0.038823
2007-05-24,0.009422,-0.01096,-0.020382
2007-05-25,0.014445,-0.01302,-0.027466
2007-05-29,0.026638,-0.023364,-0.050002
2007-05-30,0.032354,-0.022037,-0.054391
2007-05-31,0.025278,-0.023292,-0.04857
2007-06-01,0.024809,-0.026222,-0.051031
2007-06-04,0.021071,-0.025759,-0.04683
2007-06-05,0.016827,-0.034493,-0.05132
2007-06-06,0.00723,-0.032767,-0.039997
2007-06-07,-0.013628,-0.046331,-0.032703
2007-06-08,0.009761,-0.049387,-0.059148
2007-06-11,0.002917,-0.048779,-0.051696
2007-06-12,-0.005846,-0.060102,-0.054256
2007-06-13,0.008767,-0.048593,-0.057359
2007-06-14,0.008312,-0.050341,-0.058653
2007-06-15,0.016059,-0.039895,-0.055954
2007-06-18,0.006087,-0.035453,-0.04154
2007-06-19,0.009117,-0.029347,-0.038464
2007-06-20,-0.004124,-0.032183,-0.028058
2007-06-21,0.001279,-0.034028,-0.035307
2007-06-22,0.00092,-0.028658,-0.029577
2007-06-25,-0.008005,-0.021063,-0.013058
2007-06-26,-0.021748,-0.020717,0.001031
2007-06-27,-0.015844,-0.021824,-0.00598
2007-06-28,-0.014948,-0.020246,-0.005298
2007-06-29,-0.019481,-0.004907,0.014575
2007-07-02,-0.010745,-0.004213,0.006531
2007-07-03,-0.003215,-0.004029,-0.000815
2007-07-05,0.006559,-0.014731,-0.02129
2007-07-06,0.030445,-0.000826,-0.03127
2007-07-09,0.018007,0.003603,-0.014405
2007-07-10,0.001788,0.023545,0.021757
2007-07-11,0.020014,0.027856,0.007842
2007-07-12,0.02084,0.012276,-0.008564
2007-07-13,0.017384,0.01761,0.000226
2007-07-16,0.011499,0.020395,0.008897
2007-07-17,0.012165,0.020308,0.008143
2007-07-18,0.007829,0.014679,0.00685
2007-07-19,0.026003,0.02269,-0.003313
2007-07-20,0.010001,0.036893,0.026892
2007-07-23,0.022716,0.02853,0.005814
2007-07-24,0.009811,0.026728,0.016917
2007-07-25,0.022389,0.02851,0.006121
2007-07-26,-0.015825,0.036105,0.05193
2007-07-27,-0.035044,0.039328,0.074372
2007-07-30,-0.020275,0.025765,0.04604
2007-07-31,-0.03999,0.027787,0.067777
2007-08-01,-0.038795,0.031853,0.070648
2007-08-02,-0.030096,0.046184,0.07628
2007-08-03,-0.060007,0.05742,0.117427
2007-08-06,-0.045004,0.045964,0.090967
2007-08-07,-0.020872,0.027706,0.048578
2007-08-08,-0.014211,0.025812,0.040024
2007-08-09,-0.058294,0.030786,0.089079
2007-08-10,-0.065483,0.025589,0.091072
2007-08-13,-0.062004,0.018774,0.080778
2007-08-14,-0.075864,0.023654,0.099519
2007-08-15,-0.086942,0.016158,0.1031
2007-08-16,-0.08364,0.026885,0.110525
2007-08-17,-0.057263,0.013598,0.070862
2007-08-20,-0.060596,0.015837,0.076433
2007-08-21,-0.042101,0.016959,0.05906
2007-08-22,-0.032715,0.013326,0.046041
2007-08-23,-0.010134,0.008403,0.018537
2007-08-24,0.02219,0.010462,-0.011728
2007-08-27,-0.002918,0.01867,0.021587
2007-08-28,-0.013725,0.013066,0.026792
2007-08-29,0.000751,0.01251,0.011759
2007-08-30,-0.009823,0.016715,0.026538
2007-08-31,0.026356,0.010804,-0.015551
2007-09-04,0.01963,0.018699,-0.000931
2007-09-05,0.000135,0.02769,0.027555
2007-09-06,-0.011346,0.037653,0.048999
2007-09-07,0.004677,0.050872,0.046194
2007-09-10,0.007463,0.061479,0.054016
2007-09-11,0.015562,0.057591,0.042029
2007-09-12,0.033984,0.050837,0.016853
2007-09-13,0.0558,0.045185,-0.010615
2007-09-14,0.047854,0.036008,-0.011846
2007-09-17,0.023426,0.045161,0.021735
2007-09-18,0.054065,0.036696,-0.017369
2007-09-19,0.058165,0.022155,-0.03601
2007-09-20,0.038391,0.004436,-0.033955
2007-09-21,0.042117,0.009489,-0.032628
2007-09-24,0.027504,0.007403,-0.0201
2007-09-25,0.035102,-0.001368,-0.03647
2007-09-26,0.063958,-0.002152,-0.06611
2007-09-27,0.049654,0.007504,-0.04215
2007-09-28,0.048948,0.003071,-0.045877
2007-10-01,0.050424,0.008009,-0.042415
2007-10-02,0.038509,0.010705,-0.027804
2007-10-03,0.045467,-0.000257,-0.045724
2007-10-04,0.044695,0.006159,-0.038536
2007-10-05,0.072016,-0.018553,-0.09057
2007-10-08,0.068354,-0.026875,-0.095229
2007-10-09,0.065986,-0.027341,-0.093327
2007-10-10,0.06148,-0.023135,-0.084614
2007-10-11,0.049006,-0.01533,-0.064336
2007-10-12,0.05488,-0.021554,-0.076435
2007-10-15,0.051623,-0.025989,-0.077612
2007-10-16,0.013444,-0.018265,-0.031709
2007-10-17,0.010575,0.001756,-0.008819
2007-10-18,0.014047,0.026711,0.012664
2007-10-19,-0.015134,0.033259,0.048393
2007-10-22,-0.007582,0.030442,0.038024
2007-10-23,0.002444,0.032709,0.030265
2007-10-24,-0.004665,0.039418,0.044083
2007-10-25,-0.008165,0.02874,0.036905
2007-10-26,0.006816,0.024046,0.01723
2007-10-29,-0.001102,0.022164,0.023266
2007-10-30,-0.006685,0.018394,0.025079
2007-10-31,0.005657,0.012149,0.006492
2007-11-01,-0.019413,0.021394,0.040806
2007-11-02,-0.029837,0.0358,0.065637
2007-11-05,-0.03206,0.036166,0.068226
2007-11-06,-0.028182,0.032444,0.060626
2007-11-07,-0.053193,0.033681,0.086874
2007-11-08,-0.05345,0.032914,0.086364
2007-11-09,-0.071579,0.046807,0.118387
2007-11-12,-0.072963,0.050349,0.123311
2007-11-13,-0.037066,0.046094,0.083161
2007-11-14,-0.042658,0.035899,0.078557
2007-11-15,-0.053029,0.039895,0.092924
2007-11-16,-0.025924,0.02605,0.051974
2007-11-19,-0.045038,0.032598,0.077635
2007-11-20,-0.046916,0.032857,0.079773
2007-11-21,-0.064695,0.031213,0.095908
2007-11-23,-0.050777,0.037838,0.088616
2007-11-26,-0.082477,0.060778,0.143254
2007-11-27,-0.075001,0.046632,0.121633
2007-11-28,-0.038743,0.040127,0.07887
2007-11-29,-0.048303,0.058647,0.106949
2007-11-30,-0.015692,0.04,0.055692
2007-12-03,-0.02328,0.044914,0.068194
2007-12-04,-0.024592,0.045263,0.069855
2007-12-05,-0.021438,0.037813,0.059251
2007-12-06,0.020485,0.026908,0.006423
2007-12-07,0.025482,0.017193,-0.008289
2007-12-10,0.047816,0.002571,-0.045245
2007-12-11,0.029298,0.018569,-0.010729
2007-12-12,0.008711,0.011806,0.003095
2007-12-13,0.009413,-0.000284,-0.009696
2007-12-14,0.0112,-0.014169,-0.025369
2007-12-17,-0.004938,-0.006756,-0.001818
2007-12-18,0.014747,-0.006795,-0.021541
2007-12-19,0.008573,0.007458,-0.001115
2007-12-20,0.036138,-0.000513,-0.036651
2007-12-21,0.033207,-0.018066,-0.051273
2007-12-24,0.064363,-0.04159,-0.105953
2007-12-26,0.054525,-0.040861,-0.095386
2007-12-27,0.008997,-0.023805,-0.032803
2007-12-28,0.006127,-0.017049,-0.023176
2007-12-31,-0.01126,-0.006278,0.004983
2008-01-02,-0.013413,9.8e-05,0.013511
2008-01-03,-0.004996,-0.001174,0.003821
2008-01-04,-0.04536,0.011098,0.056458
2008-01-07,-0.059631,0.024469,0.0841
2008-01-08,-0.074632,0.034877,0.109509
2008-01-09,-0.072101,0.0431,0.115201
2008-01-10,-0.039688,0.009201,0.048889
2008-01-11,-0.056746,0.027693,0.084439
2008-01-14,-0.047164,0.042843,0.090007
2008-01-15,-0.056171,0.059422,0.115593
2008-01-16,-0.050755,0.042457,0.093212
2008-01-17,-0.080489,0.049194,0.129684
2008-01-18,-0.089931,0.028358,0.118289
2008-01-22,-0.104811,0.041577,0.146388
2008-01-23,-0.096335,0.05462,0.150954
2008-01-24,-0.095423,0.038352,0.133775
2008-01-25,-0.110398,0.065188,0.175585
2008-01-28,-0.084174,0.049747,0.133921
2008-01-29,-0.077325,0.0266,0.103925
2008-01-30,-0.077286,0.013757,0.091043
2008-01-31,-0.052163,0.006464,0.058627
2008-02-01,-0.036449,0.01391,0.050359
2008-02-04,-0.024698,0.003263,0.027961
2008-02-05,-0.050003,0.00655,0.056553
2008-02-06,-0.042186,0.004644,0.046829
2008-02-07,-0.045879,-0.018871,0.027007
2008-02-08,-0.058179,0.005944,0.064123
2008-02-11,-0.045665,0.002303,0.047968
2008-02-12,-0.044521,-0.00735,0.037171
2008-02-13,-0.013027,-0.028745,-0.015718
2008-02-14,-0.013213,-0.036062,-0.022849
2008-02-15,0.012816,-0.041088,-0.053904
2008-02-19,0.026201,-0.044234,-0.070434
2008-02-20,0.03978,-0.047784,-0.087564
2008-02-21,0.006948,-0.035501,-0.042448
2008-02-22,0.004667,-0.021409,-0.026076
2008-02-25,0.032246,-0.047456,-0.079702
2008-02-26,0.02307,-0.043554,-0.066624
2008-02-27,0.016997,-0.03616,-0.053157
2008-02-28,0.014528,-0.012589,-0.027117
2008-02-29,-0.025843,-0.004553,0.02129
2008-03-03,-0.043559,-0.013053,0.030506
2008-03-04,-0.035045,-0.012481,0.022565
2008-03-05,-0.002237,-0.031698,-0.029461
2008-03-06,-0.014957,-0.023538,-0.008582
2008-03-07,-0.031509,-0.000734,0.030775
2008-03-10,-0.0381,0.002529,0.040629
2008-03-11,-0.008598,-0.01016,-0.001562
2008-03-12,-0.026891,0.014975,0.041866
2008-03-13,-0.034612,0.017807,0.052419
2008-03-14,-0.041133,0.045757,0.086891
2008-03-17,-0.050614,0.045765,0.096379
2008-03-18,-0.013946,0.052373,0.06632
2008-03-19,-0.0412,0.062451,0.103651
2008-03-20,-0.015254,0.053919,0.069173
2008-03-24,-0.001718,0.039483,0.041201
2008-03-25,-0.013198,0.054619,0.067817
2008-03-26,-0.032528,0.049866,0.082394
2008-03-27,-0.034602,0.04157,0.076172
2008-03-28,-0.034405,0.033338,0.067743
2008-03-31,-0.008942,0.021388,0.03033
2008-04-01,0.028361,0.007363,-0.020999
2008-04-02,0.032986,0.019414,-0.013572
2008-04-03,0.029055,0.034067,0.005011
2008-04-04,0.049654,0.037942,-0.011712
2008-04-07,0.061122,0.031146,-0.029975
2008-04-08,0.074198,0.012622,-0.061577
2008-04-09,0.02943,0.031959,0.002529
2008-04-10,0.040602,0.009031,-0.031571
2008-04-11,0.018157,0.023836,0.005679
2008-04-14,0.030692,0.005415,-0.025277
2008-04-15,0.043645,-0.014631,-0.058276
2008-04-16,0.029166,-0.020496,-0.049662
2008-04-17,0.056848,-0.038118,-0.094966
2008-04-18,0.048456,-0.04132,-0.089776
2008-04-21,0.028429,-0.018509,-0.046939
2008-04-22,0.022915,-0.019254,-0.042169
2008-04-23,0.033934,-0.018404,-0.052338
2008-04-24,0.041723,-0.019839,-0.061562
2008-04-25,0.061517,-0.034951,-0.096468
2008-04-28,0.058043,-0.03544,-0.093484
2008-04-29,0.018081,-0.015757,-0.033837
2008-04-30,0.011412,-0.010836,-0.022247
2008-05-01,0.029772,-0.012975,-0.042748
2008-05-02,0.03375,-0.034226,-0.067976
2008-05-05,0.028256,-0.029126,-0.057383
2008-05-06,0.038225,-0.032749,-0.070975
2008-05-07,0.027166,-0.038586,-0.065752
2008-05-08,0.023085,-0.026689,-0.049774
2008-05-09,0.041385,-0.029634,-0.071019
2008-05-12,0.056647,-0.025397,-0.082044
2008-05-13,0.054338,-0.023945,-0.078283
2008-05-14,0.028645,-0.013858,-0.042503
2008-05-15,0.039986,-0.003188,-0.043174
2008-05-16,0.030185,-0.00644,-0.036625
2008-05-19,0.032479,-0.009093,-0.041572
2008-05-20,0.028635,-0.007331,-0.035966
2008-05-21,0.012852,-0.003812,-0.016664
2008-05-22,0.008604,-0.007137,-0.01574
2008-05-23,-0.014041,0.003075,0.017116
2008-05-27,-0.006946,-0.00673,0.000216
2008-05-28,0.001582,-0.019284,-0.020866
2008-05-29,0.012585,-0.033243,-0.045828
2008-05-30,-0.005456,-0.026945,-0.021489
2008-06-02,-0.018444,-0.010716,0.007728
2008-06-03,-0.019456,-0.003595,0.015862
2008-06-04,-0.02837,-0.005304,0.023066
2008-06-05,0.009031,-0.015484,-0.024515
2008-06-06,-0.020624,-0.011611,0.009013
2008-06-09,-0.016415,-0.015243,0.001171
2008-06-10,-0.03218,-0.020162,0.012018
2008-06-11,-0.046555,-0.011636,0.034919
2008-06-12,-0.044896,-0.021952,0.022944
2008-06-13,-0.044762,-0.032823,0.011939
2008-06-16,-0.045073,-0.028602,0.016471
2008-06-17,-0.052289,-0.027906,0.024384
2008-06-18,-0.053845,-0.024812,0.029033
2008-06-19,-0.036347,-0.030775,0.005571
2008-06-20,-0.052124,-0.0135,0.038624
2008-06-23,-0.040195,-0.015722,0.024474
2008-06-24,-0.049141,-0.002421,0.046719
2008-06-25,-0.049036,0.006968,0.056004
2008-06-26,-0.07949,0.021093,0.100583
2008-06-27,-0.086798,0.026314,0.113112
2008-06-30,-0.074009,0.022592,0.096601
2008-07-01,-0.065666,0.012878,0.078544
2008-07-02,-0.081213,0.027324,0.108537
2008-07-03,-0.098297,0.031275,0.129572
2008-07-07,-0.078104,0.022739,0.100842
2008-07-08,-0.063999,0.029373,0.093373
2008-07-09,-0.07743,0.040672,0.118102
2008-07-10,-0.059827,0.042989,0.102817
2008-07-11,-0.074307,0.038542,0.112849
2008-07-14,-0.094133,0.049909,0.144042
2008-07-15,-0.107427,0.049335,0.156762
2008-07-16,-0.081065,0.028284,0.109349
2008-07-17,-0.062747,0.014448,0.077194
2008-07-18,-0.058101,0.016646,0.074747
2008-07-21,-0.042028,0.014672,0.0567
2008-07-22,-0.030201,0.007512,0.037713
2008-07-23,-0.02302,-0.001154,0.021866
2008-07-24,-0.047796,0.008149,0.055945
2008-07-25,-0.021446,-0.008601,0.012845
2008-07-28,-0.030503,-0.010197,0.020305
2008-07-29,-0.013283,-0.014434,-0.001151
2008-07-30,0.001168,-0.011112,-0.01228
2008-07-31,0.005151,-0.006503,-0.011654
2008-08-01,-0.001188,-0.002143,-0.000955
2008-08-04,-0.00024,-0.008953,-0.008713
2008-08-05,0.008802,-0.022672,-0.031475
2008-08-06,0.033176,-0.030929,-0.064105
2008-08-07,0.013647,-0.015045,-0.028692
2008-08-08,0.044654,0.001893,-0.042762
2008-08-11,0.065108,-0.016336,-0.081444
2008-08-12,0.069097,-0.00684,-0.075937
2008-08-13,0.03719,0.007924,-0.029265
2008-08-14,0.034664,0.019663,-0.015001
2008-08-15,0.033259,0.032374,-0.000885
2008-08-18,0.018564,0.032483,0.013919
2008-08-19,-0.003844,0.033627,0.03747
2008-08-20,-0.004603,0.038584,0.043188
2008-08-21,0.018246,0.026673,0.008427
2008-08-22,0.033232,0.03637,0.003137
2008-08-25,0.027338,0.036262,0.008924
2008-08-26,0.00879,0.041377,0.032587
2008-08-27,0.000778,0.042112,0.041334
2008-08-28,0.026492,0.031992,0.0055
2008-08-29,0.020847,0.025125,0.004279
2008-09-02,0.024002,0.037043,0.01304
2008-09-03,-0.003739,0.049252,0.052991
2008-09-04,-0.038005,0.062002,0.100007
2008-09-05,-0.020392,0.044438,0.064831
2008-09-08,-0.018397,0.045963,0.064359
2008-09-09,-0.057303,0.066529,0.123831
2008-09-10,-0.043526,0.050124,0.09365
2008-09-11,-0.0238,0.053243,0.077043
2008-09-12,-0.026632,0.033015,0.059647
2008-09-15,-0.077437,0.057356,0.134793
2008-09-16,-0.048991,0.052953,0.101944
2008-09-17,-0.081739,0.062312,0.14405
2008-09-18,-0.058865,0.043864,0.102728
2008-09-19,-0.023173,0.012581,0.035754
2008-09-22,-0.058911,0.013125,0.072036
2008-09-23,-0.061281,-0.00074,0.06054
2008-09-24,-0.061006,0.002782,0.063789
2008-09-25,-0.055515,-0.000943,0.054572
2008-09-26,-0.066368,0.006191,0.07256
2008-09-29,-0.130176,0.040108,0.170283
2008-09-30,-0.088511,0.005405,0.093916
2008-10-01,-0.087177,0.013756,0.100933
2008-10-02,-0.092982,0.013774,0.106757
2008-10-03,-0.108032,0.023237,0.131269
2008-10-06,-0.170595,0.037484,0.208079
2008-10-07,-0.183501,0.024198,0.207699
2008-10-08,-0.207287,0.015784,0.223071
2008-10-09,-0.273165,0.00776,0.280925
2008-10-10,-0.294058,0.013737,0.307795
2008-10-13,-0.151165,-0.030704,0.120461
2008-10-14,-0.177494,-0.03675,0.140745
2008-10-15,-0.223556,-0.032376,0.191181
2008-10-16,-0.214519,-0.023084,0.191435
2008-10-17,-0.249033,0.001998,0.251031
2008-10-20,-0.185475,0.010112,0.195587
2008-10-21,-0.191396,0.019355,0.210751
2008-10-22,-0.237871,0.035502,0.273374
2008-10-23,-0.240914,0.045297,0.286212
2008-10-24,-0.279768,0.026736,0.306504
2008-10-27,-0.246274,-0.001576,0.244698
2008-10-28,-0.191655,0.008457,0.200112
2008-10-29,-0.198001,-0.009083,0.188918
2008-10-30,-0.139025,-0.025893,0.113132
2008-10-31,-0.122439,-0.046921,0.075519
2008-11-03,-0.07267,-0.061399,0.011271
2008-11-04,0.003799,-0.040882,-0.044681
2008-11-05,-0.013537,-0.015367,-0.00183
2008-11-06,0.001764,-0.01418,-0.015944
2008-11-07,0.060565,-0.013682,-0.074247
2008-11-10,-0.086038,0.004002,0.09004
2008-11-11,-0.100952,0.013496,0.114448
2008-11-12,-0.046657,0.010343,0.056999
2008-11-13,-0.027728,-0.008744,0.018983
2008-11-14,-0.070701,0.017905,0.088607
2008-11-17,-0.135006,0.014294,0.1493
2008-11-18,-0.091591,0.021946,0.113538
2008-11-19,-0.100838,0.027278,0.128116
2008-11-20,-0.177119,0.072393,0.249511
2008-11-21,-0.086397,0.06825,0.154647
2008-11-24,0.012865,0.050779,0.037914
2008-11-25,-0.086391,0.097677,0.184068
2008-11-26,-0.044156,0.104708,0.148864
2008-11-28,-0.064486,0.128581,0.193067
2008-12-01,-0.152019,0.1872,0.339219
2008-12-02,-0.121923,0.188545,0.310468
2008-12-03,-0.130365,0.169942,0.300307
2008-12-04,-0.113213,0.179014,0.292227
2008-12-05,-0.032247,0.168341,0.200588
2008-12-08,-0.03047,0.173471,0.203941
2008-12-09,-0.033791,0.190865,0.224656
2008-12-10,0.003787,0.184505,0.180717
2008-12-11,0.024703,0.179255,0.154552
2008-12-12,-0.023911,0.208193,0.232105
2008-12-15,0.013046,0.198202,0.185156
2008-12-16,0.074997,0.222433,0.147436
2008-12-17,0.044901,0.239651,0.194751
2008-12-18,0.095582,0.234054,0.138472
2008-12-19,0.178342,0.174682,-0.003661
2008-12-22,0.103706,0.182752,0.079046
2008-12-23,0.021515,0.199964,0.178449
2008-12-24,0.019886,0.163173,0.143286
2008-12-26,-0.012392,0.165458,0.17785
2008-12-29,-0.027467,0.149856,0.177323
2008-12-30,0.092342,0.117993,0.025651
2008-12-31,0.066876,0.090419,0.023543
2009-01-02,0.073231,0.060019,-0.013213
2009-01-05,0.097347,0.012732,-0.084616
2009-01-06,0.071634,0.019061,-0.052573
2009-01-07,0.004461,0.025285,0.020824
2009-01-08,0.025464,0.0046,-0.020865
2009-01-09,-0.003294,0.008539,0.011832
2009-01-12,-0.003232,0.017011,0.020243
2009-01-13,-0.013179,0.018082,0.031261
2009-01-14,-0.030714,0.023214,0.053928
2009-01-15,-0.073953,0.000162,0.074116
2009-01-16,-0.057583,-0.041274,0.01631
2009-01-20,-0.090334,-0.061141,0.029193
2009-01-21,-0.046944,-0.091765,-0.044821
2009-01-22,-0.049505,-0.102344,-0.052839
2009-01-23,-0.035399,-0.108199,-0.0728
2009-01-26,-0.034387,-0.114081,-0.079694
2009-01-27,-0.030174,-0.096241,-0.066068
2009-01-28,0.005523,-0.117764,-0.123287
2009-01-29,-0.04968,-0.146186,-0.096506
2009-01-30,-0.082114,-0.130709,-0.048595
2009-02-02,-0.111661,-0.091704,0.019957
2009-02-03,-0.098115,-0.089869,0.008246
2009-02-04,-0.108484,-0.083839,0.024645
2009-02-05,-0.067277,-0.086616,-0.01934
2009-02-06,-0.044596,-0.088737,-0.044141
2009-02-09,-0.022337,-0.087176,-0.064838
2009-02-10,-0.044164,-0.07692,-0.032757
2009-02-11,-0.040294,-0.065931,-0.025637
2009-02-12,-0.008415,-0.089734,-0.081319
2009-02-13,-0.019432,-0.115409,-0.095977
2009-02-17,-0.068657,-0.073571,-0.004914
2009-02-18,-0.019114,-0.081307,-0.062193
2009-02-19,-0.069839,-0.067467,0.002372
2009-02-20,-0.064411,-0.039927,0.024484
2009-02-23,-0.101792,-0.02341,0.078383
2009-02-24,-0.074092,-0.015845,0.058247
2009-02-25,-0.090619,-0.049557,0.041062
2009-02-26,-0.134684,-0.035463,0.099221
2009-02-27,-0.125606,-0.018441,0.107165
2009-03-02,-0.147652,0.000983,0.148635
2009-03-03,-0.151489,-0.023866,0.127623
2009-03-04,-0.14342,-0.004632,0.138788
2009-03-05,-0.174367,0.026641,0.201009
2009-03-06,-0.185054,0.0189,0.203954
2009-03-09,-0.216946,0.016108,0.233054
2009-03-10,-0.171412,-0.006605,0.164806
2009-03-11,-0.125978,-0.017213,0.108765
2009-03-12,-0.09689,-0.025171,0.071719
2009-03-13,-0.090485,-0.020862,0.069623
2009-03-16,-0.083374,-0.009953,0.07342
2009-03-17,-0.013128,-0.045084,-0.031956
2009-03-18,0.011388,-0.000384,-0.011772
2009-03-19,0.009721,0.01817,0.008449
2009-03-20,-0.002079,0.002776,0.004854
2009-03-23,0.10929,-0.015009,-0.124298
2009-03-24,0.047715,-0.004593,-0.052308
2009-03-25,0.067165,-0.006521,-0.073686
2009-03-26,0.106914,0.015693,-0.091221
2009-03-27,0.111783,0.029154,-0.082629
2009-03-30,0.123993,0.016266,-0.107727
2009-03-31,0.142988,0.030412,-0.112576
2009-04-01,0.138159,0.044602,-0.093557
2009-04-02,0.221324,0.003916,-0.217408
2009-04-03,0.231328,-0.010024,-0.241351
2009-04-06,0.236211,-0.008455,-0.244666
2009-04-07,0.139454,0.013519,-0.125935
2009-04-08,0.144283,0.011551,-0.132732
2009-04-09,0.144691,-0.005877,-0.150568
2009-04-13,0.13608,0.008332,-0.127748
2009-04-14,0.119875,0.029843,-0.090032
2009-04-15,0.098237,0.033681,-0.064555
2009-04-16,0.089943,-0.011933,-0.101876
2009-04-17,0.111012,-0.024006,-0.135018
2009-04-20,0.087602,-0.003698,-0.0913
2009-04-21,0.034542,-0.004922,-0.039464
2009-04-22,0.048884,-0.020279,-0.069163
2009-04-23,0.048128,-0.007007,-0.055134
2009-04-24,0.042714,-0.028248,-0.070962
2009-04-27,0.051832,-0.03128,-0.083111
2009-04-28,0.086052,-0.050738,-0.136789
2009-04-29,0.098969,-0.06582,-0.164789
2009-04-30,0.078461,-0.077936,-0.156396
2009-05-01,0.053458,-0.072953,-0.126411
2009-05-04,0.078566,-0.050467,-0.129033
2009-05-05,0.083374,-0.047565,-0.130939
2009-05-06,0.128475,-0.05222,-0.180695
2009-05-07,0.100933,-0.083476,-0.184409
2009-05-08,0.083556,-0.069581,-0.153137
2009-05-11,0.063032,-0.064938,-0.12797
2009-05-12,0.078483,-0.066421,-0.144904
2009-05-13,0.040235,-0.054638,-0.094873
2009-05-14,0.033989,-0.043393,-0.077382
2009-05-15,0.018719,-0.03306,-0.051778
2009-05-18,0.093492,-0.062251,-0.155743
2009-05-19,0.071244,-0.057898,-0.129142
2009-05-20,0.070617,-0.042177,-0.112795
2009-05-21,0.044981,-0.066175,-0.111157
2009-05-22,0.027233,-0.067176,-0.094409
2009-05-26,0.063607,-0.08515,-0.148757
2009-05-27,0.047914,-0.086412,-0.134326
2009-05-28,0.040393,-0.064905,-0.105298
2009-05-29,0.058453,-0.03695,-0.095403
2009-06-01,0.078279,-0.058944,-0.137223
2009-06-02,0.043684,-0.056989,-0.100673
2009-06-03,0.034007,-0.046959,-0.080966
2009-06-04,0.025938,-0.06444,-0.090379
2009-06-05,0.040612,-0.048338,-0.08895
2009-06-08,0.012691,-0.053074,-0.065765
2009-06-09,0.037264,-0.066455,-0.103718
2009-06-10,0.037705,-0.084473,-0.122178
2009-06-11,0.069238,-0.084248,-0.153487
2009-06-12,0.063059,-0.079612,-0.142671
2009-06-15,0.047232,-0.071043,-0.118275
2009-06-16,0.004494,-0.03999,-0.044484
2009-06-17,0.004719,-0.040326,-0.045045
2009-06-18,0.018893,-0.064689,-0.083582
2009-06-19,0.037551,-0.027406,-0.064957
2009-06-22,0.008586,-0.006941,-0.015527
2009-06-23,-0.01583,0.020129,0.035959
2009-06-24,0.010695,0.028084,0.017389
2009-06-25,0.01848,0.031992,0.013512
2009-06-26,-0.00185,0.007725,0.009574
2009-06-29,-0.016316,0.039961,0.056277
2009-06-30,-0.025099,0.03265,0.057748
2009-07-01,-0.008526,0.021013,0.029539
2009-07-02,-0.044564,0.044992,0.089557
2009-07-06,-0.044873,0.051008,0.095881
2009-07-07,-0.059501,0.060759,0.12026
2009-07-08,-0.064908,0.080471,0.145379
2009-07-09,-0.06072,0.084663,0.145383
2009-07-10,-0.067108,0.082643,0.149751
2009-07-13,-0.047024,0.066995,0.114019
2009-07-14,-0.01914,0.039904,0.059044
2009-07-15,0.023426,-0.004172,-0.027599
2009-07-16,0.022785,0.012281,-0.010503
2009-07-17,0.026477,0.011977,-0.0145
2009-07-20,0.033572,0.003543,-0.030029
2009-07-21,0.070453,0.013725,-0.056727
2009-07-22,0.06939,-0.007067,-0.076457
2009-07-23,0.083666,-0.015394,-0.09906
2009-07-24,0.064943,-0.028445,-0.093387
2009-07-27,0.070884,-0.041224,-0.112108
2009-07-28,0.055987,-0.03417,-0.090157
2009-07-29,0.06199,-0.027231,-0.089221
2009-07-30,0.068667,-0.01148,-0.080147
2009-07-31,0.100212,0.005409,-0.094803
2009-08-03,0.118485,-0.007935,-0.12642
2009-08-04,0.143539,-0.022367,-0.165906
2009-08-05,0.141023,-0.054445,-0.195468
2009-08-06,0.132925,-0.039778,-0.172703
2009-08-07,0.150523,-0.056485,-0.207008
2009-08-10,0.120866,-0.039311,-0.160176
2009-08-11,0.100651,-0.011775,-0.112426
2009-08-12,0.080849,0.003475,-0.077375
2009-08-13,0.09086,0.00683,-0.08403
2009-08-14,0.070754,0.026568,-0.044185
2009-08-17,0.033427,0.036293,0.002865
2009-08-18,0.036831,0.010123,-0.026709
2009-08-19,0.046154,0.027716,-0.018438
2009-08-20,0.034098,0.055512,0.021414
2009-08-21,0.050072,0.028819,-0.021252
2009-08-24,0.046874,0.059638,0.012764
2009-08-25,0.053836,0.056285,0.002448
2009-08-26,0.056528,0.055338,-0.00119
2009-08-27,0.047937,0.036487,-0.01145
2009-08-28,0.04625,0.021355,-0.024894
2009-08-31,0.020111,0.03804,0.017928
2009-09-01,-0.004965,0.043829,0.048795
2009-09-02,-0.005876,0.075112,0.080988
2009-09-03,0.007608,0.064863,0.057255
2009-09-04,0.008498,0.055516,0.047018
2009-09-08,0.019309,0.035161,0.015852
2009-09-09,0.040108,0.02213,-0.017978
2009-09-10,0.039583,0.052205,0.012622
2009-09-11,0.031506,0.043212,0.011706
2009-09-14,0.044548,0.028872,-0.015676
2009-09-15,0.075374,0.008695,-0.066679
2009-09-16,0.083056,0.016397,-0.066659
2009-09-17,0.072029,0.020725,-0.051304
2009-09-18,0.061772,0.003399,-0.058373
2009-09-21,0.03872,0.026832,-0.011888
2009-09-22,0.044871,0.010649,-0.034222
2009-09-23,0.034177,0.007996,-0.026182
2009-09-24,0.022683,0.006309,-0.016374
2009-09-25,0.014966,0.023133,0.008167
2009-09-28,0.033338,0.027408,-0.00593
2009-09-29,0.039478,0.025516,-0.013962
2009-09-30,0.058813,0.027066,-0.031746
2009-10-01,0.03647,0.026177,-0.010293
2009-10-02,0.023131,0.025388,0.002257
2009-10-05,0.024059,0.043263,0.019204
2009-10-06,0.029848,0.040258,0.01041
2009-10-07,0.024814,0.053687,0.028874
2009-10-08,0.022214,0.023774,0.001561
2009-10-09,0.028643,-0.005177,-0.03382
2009-10-12,0.027668,0.00637,-0.021298
2009-10-13,0.0213,0.016812,-0.004489
2009-10-14,0.023394,-3.3e-05,-0.023427
2009-10-15,0.028673,-0.01702,-0.045693
2009-10-16,0.020333,-0.000126,-0.020459
2009-10-19,0.031376,0.00542,-0.025956
2009-10-20,0.019986,0.008753,-0.011233
2009-10-21,0.019307,-0.000311,-0.019618
2009-10-22,0.041139,-0.008076,-0.049215
2009-10-23,0.034754,-0.0279,-0.062654
2009-10-26,0.005549,-0.048841,-0.05439
2009-10-27,0.003962,-0.034972,-0.038935
2009-10-28,-0.011176,-0.029516,-0.018341
2009-10-29,0.035739,-0.053059,-0.088798
2009-10-30,0.01044,-0.032623,-0.043063
2009-11-02,0.002884,-0.036997,-0.039881
2009-11-03,-0.008151,-0.037091,-0.028941
2009-11-04,-0.008318,-0.056954,-0.048636
2009-11-05,0.002251,-0.046961,-0.049213
2009-11-06,-0.001212,-0.023659,-0.022447
2009-11-09,0.017552,-0.024035,-0.041587
2009-11-10,0.019821,-0.030855,-0.050677
2009-11-11,0.007685,-0.012172,-0.019857
2009-11-12,-0.006198,-0.009383,-0.003184
2009-11-13,0.006704,-0.012855,-0.019559
2009-11-16,0.012934,-0.009079,-0.022013
2009-11-17,0.019504,-0.009117,-0.028621
2009-11-18,0.028089,-0.008982,-0.037071
2009-11-19,0.004482,-0.002332,-0.006814
2009-11-20,0.01249,0.005023,-0.007467
2009-11-23,0.036572,0.016927,-0.019645
2009-11-24,0.042943,0.009563,-0.03338
2009-11-25,0.066756,0.009428,-0.057329
2009-11-27,0.027379,0.024372,-0.003007
2009-11-30,0.061608,0.012129,-0.049478
2009-12-01,0.066909,0.005298,-0.061611
2009-12-02,0.063067,0.0163,-0.046767
2009-12-03,0.05204,0.015023,-0.037017
2009-12-04,0.038933,0.004263,-0.03467
2009-12-07,0.034631,0.004584,-0.030047
2009-12-08,0.000365,0.004905,0.004539
2009-12-09,0.003923,0.002112,-0.001811
2009-12-10,0.004449,-0.013522,-0.01797
2009-12-11,0.019077,-0.011835,-0.030913
2009-12-14,0.020526,-0.015184,-0.03571
2009-12-15,0.001258,-0.030914,-0.032172
2009-12-16,0.001617,-0.037243,-0.03886
2009-12-17,-0.009796,-0.015615,-0.005819
2009-12-18,0.008954,-0.021592,-0.030546
2009-12-21,0.02284,-0.038788,-0.061628
2009-12-22,0.01364,-0.042959,-0.056599
2009-12-23,0.01408,-0.048755,-0.062835
2009-12-24,0.015313,-0.062934,-0.078246
2009-12-28,0.034287,-0.069034,-0.103321
2009-12-29,0.029343,-0.065123,-0.094466
2009-12-30,0.016404,-0.048375,-0.06478
2009-12-31,0.007101,-0.053701,-0.060802
2010-01-04,0.032254,-0.044622,-0.076876
2010-01-05,0.029112,-0.028151,-0.057263
2010-01-06,0.031416,-0.04239,-0.073807
2010-01-07,0.047393,-0.042215,-0.089608
2010-01-08,0.046963,-0.038226,-0.085189
2010-01-11,0.04255,-0.032391,-0.07494
2010-01-12,0.028457,-0.015722,-0.044179
2010-01-13,0.030098,-0.028326,-0.058424
2010-01-14,0.037708,-0.010318,-0.048026
2010-01-15,0.024496,-0.003001,-0.027497
2010-01-19,0.049913,-0.021955,-0.071868
2010-01-20,0.03339,-0.007789,-0.04118
2010-01-21,0.003324,0.014798,0.011475
2010-01-22,-0.022554,0.018738,0.041293
2010-01-25,-0.019473,0.013863,0.033336
2010-01-26,-0.028183,0.024822,0.053005
2010-01-27,-0.025638,0.027126,0.052764
2010-01-28,-0.035448,0.019837,0.055285
2010-01-29,-0.045592,0.022033,0.067625
2010-02-01,-0.021357,0.017599,0.038956
2010-02-02,-0.026031,0.021411,0.047442
2010-02-03,-0.033441,0.00309,0.036532
2010-02-04,-0.063934,0.03279,0.096724
2010-02-05,-0.065943,0.033304,0.099247
2010-02-08,-0.075761,0.035115,0.110876
2010-02-09,-0.065458,0.030429,0.095887
2010-02-10,-0.058508,0.003422,0.06193
2010-02-11,-0.056622,0.009717,0.066339
2010-02-12,-0.05995,-0.000125,0.059824
2010-02-16,-0.034319,-0.004399,0.02992
2010-02-17,-0.041717,-0.012931,0.028786
2010-02-18,-0.026165,-0.026767,-0.000602
2010-02-19,-0.005013,-0.025976,-0.020963
2010-02-22,0.017856,-0.028318,-0.046174
2010-02-23,0.000364,-0.00863,-0.008995
2010-02-24,0.013814,-0.006545,-0.020359
2010-02-25,0.007648,-0.000413,-0.008061
2010-02-26,0.019987,0.005288,-0.014699
2010-03-01,0.041903,-0.003861,-0.045764
2010-03-02,0.028792,0.003945,-0.024847
2010-03-03,0.017394,-0.001436,-0.01883
2010-03-04,0.025585,0.015609,-0.009976
2010-03-05,0.073375,-0.01333,-0.086705
2010-03-08,0.071349,-0.020604,-0.091952
2010-03-09,0.080932,-0.02166,-0.102593
2010-03-10,0.072281,-0.01432,-0.086602
2010-03-11,0.07887,-0.001159,-0.08003
2010-03-12,0.067789,0.010545,-0.057244
2010-03-15,0.068956,0.005064,-0.063892
2010-03-16,0.06078,0.011167,-0.049613
2010-03-17,0.062035,0.027206,-0.03483
2010-03-18,0.055269,0.027979,-0.02729
2010-03-19,0.047756,0.023473,-0.024283
2010-03-22,0.053167,0.02885,-0.024317
2010-03-23,0.073613,0.008275,-0.065339
2010-03-24,0.058664,-0.012534,-0.071199
2010-03-25,0.058375,-0.024326,-0.082701
2010-03-26,0.057072,-0.026593,-0.083665
2010-03-29,0.052848,-0.029888,-0.082736
2010-03-30,0.050655,-0.025543,-0.076197
2010-03-31,0.046143,-0.016376,-0.062519
2010-04-01,0.050117,-0.02393,-0.074046
2010-04-05,0.043756,-0.02741,-0.071166
2010-04-06,0.046033,-0.020755,-0.066788
2010-04-07,0.038332,-0.008457,-0.046788
2010-04-08,0.037306,-0.005464,-0.04277
2010-04-09,0.039778,-0.006769,-0.046547
2010-04-12,0.04134,-0.007704,-0.049043
2010-04-13,0.041851,-0.003164,-0.045015
2010-04-14,0.045349,-0.017987,-0.063336
2010-04-15,0.040047,-0.021076,-0.061123
2010-04-16,0.024022,-0.010699,-0.034722
2010-04-19,0.033112,-0.014094,-0.047206
2010-04-20,0.036796,-0.011658,-0.048454
2010-04-21,0.027681,0.001184,-0.026497
2010-04-22,0.035776,0.016767,-0.019008
2010-04-23,0.044235,0.019679,-0.024556
2010-04-26,0.040916,0.017942,-0.022974
2010-04-27,0.009888,0.036234,0.026346
2010-04-28,0.016865,0.024161,0.007295
2010-04-29,0.032991,0.021443,-0.011548
2010-04-30,0.008574,0.035751,0.027177
2010-05-03,0.013388,0.051899,0.03851
2010-05-04,-0.012769,0.069116,0.081885
2010-05-05,-0.013011,0.061842,0.074853
2010-05-06,-0.049086,0.094147,0.143233
2010-05-07,-0.069343,0.077918,0.147261
2010-05-10,-0.029898,0.050043,0.07994
2010-05-11,-0.033381,0.043965,0.077345
2010-05-12,-0.030861,0.04335,0.074211
2010-05-13,-0.043697,0.049042,0.092739
2010-05-14,-0.045828,0.059546,0.105374
2010-05-17,-0.048911,0.058227,0.107138
2010-05-18,-0.070152,0.070639,0.140791
2010-05-19,-0.073761,0.065443,0.139204
2010-05-20,-0.111387,0.09115,0.202536
2010-05-21,-0.104261,0.096138,0.200399
2010-05-24,-0.112402,0.091143,0.203545
2010-05-25,-0.089973,0.081259,0.171232
2010-05-26,-0.102278,0.08746,0.189738
2010-05-27,-0.083567,0.058353,0.141921
2010-05-28,-0.079455,0.051083,0.130538
2010-06-01,-0.106523,0.059857,0.16638
2010-06-02,-0.061181,0.031232,0.092413
2010-06-03,-0.052303,0.01771,0.070012
2010-06-04,-0.054188,0.013756,0.067944
2010-06-07,-0.051861,0.034464,0.086324
2010-06-08,-0.082129,0.051094,0.133223
2010-06-09,-0.084434,0.052613,0.137047
2010-06-10,-0.070668,0.041728,0.112396
2010-06-11,-0.054401,0.04804,0.102441
2010-06-14,-0.038458,0.024857,0.063315
2010-06-15,-0.017113,0.024406,0.041519
2010-06-16,-0.003914,0.014679,0.018594
2010-06-17,0.0034,0.01954,0.016139
2010-06-18,0.043905,-0.003141,-0.047046
2010-06-21,0.025937,-0.007007,-0.032945
2010-06-22,0.022109,0.008299,-0.013809
2010-06-23,0.017897,0.01021,-0.007687
2010-06-24,0.007102,0.007065,-3.7e-05
2010-06-25,-0.021459,0.034622,0.05608
2010-06-28,-0.012146,0.039575,0.05172
2010-06-29,-0.026264,0.043573,0.069837
2010-06-30,-0.059992,0.060669,0.120661
2010-07-01,-0.067393,0.070152,0.137546
2010-07-02,-0.038698,0.033828,0.072526
2010-07-06,-0.020197,0.034408,0.054605
2010-07-07,-4.8e-05,0.027403,0.027451
2010-07-08,0.015274,0.022004,0.00673
2010-07-09,-0.006197,0.034652,0.04085
2010-07-12,-0.010358,0.021281,0.031639
2010-07-13,0.006134,0.017753,0.011619
2010-07-14,-0.016324,0.032261,0.048586
2010-07-15,-0.015704,0.036642,0.052346
2010-07-16,-0.044343,0.033296,0.077639
2010-07-19,-0.039739,0.028623,0.068361
2010-07-20,-0.026299,0.033124,0.059424
2010-07-21,-0.022816,0.038265,0.061081
2010-07-22,0.002105,0.019329,0.017223
2010-07-23,0.027834,0.014546,-0.013288
2010-07-26,0.034208,0.008727,-0.02548
2010-07-27,0.037385,-0.010288,-0.047672
2010-07-28,0.063526,-0.017785,-0.081312
2010-07-29,0.068495,-0.024644,-0.093139
2010-07-30,0.073083,-0.011024,-0.084107
2010-08-02,0.103327,-0.017071,-0.120398
2010-08-03,0.090891,-0.019471,-0.110363
2010-08-04,0.06465,-0.015445,-0.080096
2010-08-05,0.053099,-0.004507,-0.057605
2010-08-06,0.041033,0.012133,-0.028901
2010-08-09,0.045913,0.008799,-0.037115
2010-08-10,0.024804,0.019661,-0.005143
2010-08-11,-0.003192,0.023032,0.026224
2010-08-12,-0.009573,0.010436,0.02001
2010-08-13,0.01547,0.018065,0.002595
2010-08-16,0.009041,0.050002,0.040961
2010-08-17,0.010232,0.042432,0.0322
2010-08-18,0.025404,0.027817,0.002414
2010-08-19,-0.014434,0.056057,0.070491
2010-08-20,-0.026085,0.066175,0.09226
2010-08-23,-0.039799,0.068197,0.107997
2010-08-24,-0.053966,0.095881,0.149847
2010-08-25,-0.044122,0.088789,0.132911
2010-08-26,-0.045879,0.09936,0.145239
2010-08-27,-0.030924,0.051859,0.082783
2010-08-30,-0.066069,0.087292,0.153361
2010-08-31,-0.061575,0.093032,0.154607
2010-09-01,-0.039922,0.078687,0.118609
2010-09-02,-0.029951,0.062331,0.092282
2010-09-03,-0.013346,0.037844,0.05119
2010-09-07,-0.029648,0.063014,0.092663
2010-09-08,-0.01753,0.052351,0.06988
2010-09-09,0.014821,0.017929,0.003108
2010-09-10,0.026236,0.015782,-0.010454
2010-09-13,0.040717,0.008171,-0.032545
2010-09-14,0.040551,-0.006974,-0.047525
2010-09-15,0.031846,-0.016075,-0.047921
2010-09-16,0.029693,-0.028401,-0.058094
2010-09-17,0.048315,-0.039445,-0.08776
2010-09-20,0.067808,-0.032777,-0.100585
2010-09-21,0.069737,-0.019533,-0.08927
2010-09-22,0.080519,-0.026344,-0.106863
2010-09-23,0.067607,-0.020369,-0.087976
2010-09-24,0.096975,-0.042538,-0.139514
2010-09-27,0.075068,0.002499,-0.072569
2010-09-28,0.09471,-0.009636,-0.104345
2010-09-29,0.092801,-0.024556,-0.117356
2010-09-30,0.057911,-0.004622,-0.062533
2010-10-01,0.052559,0.001146,-0.051413
2010-10-04,0.031283,0.016326,-0.014957
2010-10-05,0.064039,-0.010039,-0.074077
2010-10-06,0.056527,0.01043,-0.046097
2010-10-07,0.050401,0.022186,-0.028215
2010-10-08,0.050986,0.022368,-0.028618
2010-10-11,0.040405,0.017591,-0.022814
2010-10-12,0.044264,-0.002072,-0.046336
2010-10-13,0.048384,0.011384,-0.037
2010-10-14,0.044572,0.006207,-0.038365
2010-10-15,0.046316,-0.010093,-0.056408
2010-10-18,0.035636,-0.007854,-0.04349
2010-10-19,0.024127,-0.015535,-0.039662
2010-10-20,0.039235,-0.022176,-0.061411
2010-10-21,0.050045,-0.03655,-0.086595
2010-10-22,0.030743,-0.01683,-0.047574
2010-10-25,0.038768,-0.030872,-0.06964
2010-10-26,0.035319,-0.052318,-0.087637
2010-10-27,0.034157,-0.056735,-0.090892
2010-10-28,0.037413,-0.053541,-0.090954
2010-10-29,0.033854,-0.040054,-0.073907
2010-11-01,0.042022,-0.046647,-0.088669
2010-11-02,0.029559,-0.028281,-0.05784
2010-11-03,0.033784,-0.059916,-0.0937
2010-11-04,0.054966,-0.044635,-0.099601
2010-11-05,0.053029,-0.056877,-0.109906
2010-11-08,0.050064,-0.052824,-0.102888
2010-11-09,0.039313,-0.064464,-0.103777
2010-11-10,0.035448,-0.061745,-0.097193
2010-11-11,0.035586,-0.048005,-0.083592
2010-11-12,0.02124,-0.041434,-0.062675
2010-11-15,0.014795,-0.068966,-0.083761
2010-11-16,0.012251,-0.051566,-0.063817
2010-11-17,0.002969,-0.058831,-0.0618
2010-11-18,0.015491,-0.043636,-0.059127
2010-11-19,0.016392,-0.044212,-0.060604
2010-11-22,0.012553,-0.042893,-0.055446
2010-11-23,-0.002274,-0.02307,-0.020796
2010-11-24,0.015375,-0.031999,-0.047373
2010-11-26,0.003379,-0.021214,-0.024593
2010-11-29,0.005655,-0.021989,-0.027644
2010-11-30,-0.000338,-0.012642,-0.012304
2010-12-01,0.01289,-0.047114,-0.060004
2010-12-02,0.021759,-0.029807,-0.051566
2010-12-03,0.005153,-0.044848,-0.050001
2010-12-06,0.000326,-0.014456,-0.014782
2010-12-07,0.002776,-0.039865,-0.042641
2010-12-08,0.013732,-0.027706,-0.041438
2010-12-09,0.013595,-0.024228,-0.037824
2010-12-10,0.023348,-0.029659,-0.053006
2010-12-13,0.036273,-0.020727,-0.057
2010-12-14,0.038657,-0.014397,-0.053054
2010-12-15,0.05027,-0.050809,-0.101079
2010-12-16,0.055828,-0.038934,-0.094762
2010-12-17,0.041628,-0.025382,-0.067011
2010-12-20,0.041278,-0.032375,-0.073653
2010-12-21,0.048751,-0.029741,-0.078492
2010-12-22,0.067467,-0.041416,-0.108884
2010-12-23,0.050421,-0.025985,-0.076405
2010-12-27,0.063222,-0.030751,-0.093973
2010-12-28,0.061528,-0.057788,-0.119317
2010-12-29,0.068295,-0.046813,-0.115108
2010-12-30,0.044386,-0.025875,-0.070261
2010-12-31,0.031424,-0.012522,-0.043946
2011-01-03,0.039288,-0.012225,-0.051514
2011-01-04,0.039816,-0.024833,-0.064649
2011-01-05,0.044625,-0.025451,-0.070076
2011-01-06,0.038773,-0.011638,-0.050411
2011-01-07,0.032714,-0.011244,-0.043958
2011-01-10,0.025448,0.000193,-0.025255
2011-01-11,0.028421,-0.009133,-0.037553
2011-01-12,0.036787,-0.002346,-0.039133
2011-01-13,0.039848,0.019866,-0.019981
2011-01-14,0.04134,0.006383,-0.034957
2011-01-18,0.041995,-0.016269,-0.058264
2011-01-19,0.029294,-0.008103,-0.037397
2011-01-20,0.021453,-0.028564,-0.050017
2011-01-21,0.020591,-0.013816,-0.034407
2011-01-24,0.027866,-0.011369,-0.039235
2011-01-25,0.028014,-0.010809,-0.038823
2011-01-26,0.030517,-0.006332,-0.036849
2011-01-27,0.032322,-0.018463,-0.050785
2011-01-28,0.015909,-0.012569,-0.028478
2011-01-31,0.0233,-0.030812,-0.054112
2011-02-01,0.029044,-0.028279,-0.057323
2011-02-02,0.027642,-0.029208,-0.05685
2011-02-03,0.024601,-0.015571,-0.040172
2011-02-04,0.029515,-0.029799,-0.059314
2011-02-07,0.03799,-0.029948,-0.067938
2011-02-08,0.044023,-0.044035,-0.088058
2011-02-09,0.037982,-0.030281,-0.068263
2011-02-10,0.029087,-0.033944,-0.063031
2011-02-11,0.036925,-0.028725,-0.06565
2011-02-14,0.031941,-0.021829,-0.053771
2011-02-15,0.026946,-0.012838,-0.039783
2011-02-16,0.043665,-0.023074,-0.066738
2011-02-17,0.048173,-0.007864,-0.056036
2011-02-18,0.047987,-0.018739,-0.066725
2011-02-22,0.021146,-0.00448,-0.025627
2011-02-23,0.014323,-0.010268,-0.02459
2011-02-24,0.009717,0.011348,0.00163
2011-02-25,0.018002,0.012739,-0.005262
2011-02-28,0.042515,0.008761,-0.033754
2011-03-01,0.017485,0.019448,0.001963
2011-03-02,0.003595,0.00877,0.005175
2011-03-03,0.022837,-0.001322,-0.024159
2011-03-04,0.012922,0.015412,0.00249
2011-03-07,0.002135,0.019265,0.01713
2011-03-08,0.004622,0.007833,0.003211
2011-03-09,-0.001358,0.027044,0.028401
2011-03-10,-0.017615,0.035271,0.052886
2011-03-11,-0.011185,0.041448,0.052633
2011-03-14,-0.022988,0.026213,0.049202
2011-03-15,-0.036498,0.040879,0.077377
2011-03-16,-0.05135,0.047964,0.099314
2011-03-17,-0.044827,0.043295,0.088122
2011-03-18,-0.044208,0.044462,0.08867
2011-03-21,-0.031416,0.041565,0.07298
2011-03-22,-0.015007,0.029623,0.04463
2011-03-23,-0.006081,0.024574,0.030656
2011-03-24,0.004114,0.010443,0.006329
2011-03-25,-0.003473,0.00203,0.005503
2011-03-28,-0.012024,0.00214,0.014164
2011-03-29,0.011478,-0.008444,-0.019922
2011-03-30,0.016285,0.015063,-0.001222
2011-03-31,-0.002277,0.022985,0.025263
2011-04-01,0.0095,0.019469,0.009969
2011-04-04,0.018328,0.027134,0.008806
2011-04-05,0.009344,0.02929,0.019946
2011-04-06,0.013979,0.004097,-0.009882
2011-04-07,0.030469,-0.014443,-0.044912
2011-04-08,0.01985,-0.014111,-0.033961
2011-04-11,0.022956,-0.012801,-0.035757
2011-04-12,0.027078,-0.016876,-0.043954
2011-04-13,0.046371,-0.021772,-0.068143
2011-04-14,0.033489,-0.01497,-0.048459
2011-04-15,0.0335,-0.00428,-0.03778
2011-04-18,0.00632,0.003883,-0.002437
2011-04-19,0.015624,0.004853,-0.010771
2011-04-20,0.026531,-0.000324,-0.026855
2011-04-21,0.022002,0.006381,-0.015621
2011-04-25,0.017822,0.012705,-0.005117
2011-04-26,0.029088,0.02107,-0.008018
2011-04-27,0.028894,0.01846,-0.010434
2011-04-28,0.025156,0.018131,-0.007025
2011-04-29,0.028961,0.023391,-0.00557
2011-05-02,0.023056,0.020073,-0.002983
2011-05-03,0.018535,0.024736,0.006201
2011-05-04,0.011934,0.03345,0.021516
2011-05-05,-0.000374,0.059185,0.059559
2011-05-06,0.006601,0.056627,0.050026
2011-05-09,0.014,0.061151,0.047151
2011-05-10,0.025743,0.052616,0.026873
2011-05-11,0.022591,0.047352,0.024762
2011-05-12,0.027537,0.034243,0.006706
2011-05-13,0.01885,0.04437,0.02552
2011-05-16,0.00871,0.036139,0.027429
2011-05-17,0.019991,0.044394,0.024403
2011-05-18,0.023228,0.026134,0.002906
2011-05-19,0.01187,0.032344,0.020474
2011-05-20,-0.001271,0.033778,0.035049
2011-05-23,-0.011823,0.034855,0.046678
2011-05-24,-0.02107,0.028783,0.049853
2011-05-25,-0.024176,0.034551,0.058727
2011-05-26,-0.022849,0.035501,0.05835
2011-05-27,-0.021403,0.031875,0.053279
2011-05-31,-0.00969,0.032572,0.042262
2011-06-01,-0.028439,0.040636,0.069075
2011-06-02,-0.022992,0.016281,0.039273
2011-06-03,-0.023876,0.012483,0.036358
2011-06-06,-0.03845,0.009248,0.047699
2011-06-07,-0.042755,0.014962,0.057717
2011-06-08,-0.054832,0.030265,0.085097
2011-06-09,-0.037489,0.02027,0.057759
2011-06-10,-0.055374,0.034648,0.090022
2011-06-13,-0.047299,0.020227,0.067526
2011-06-14,-0.029056,-0.000754,0.028302
2011-06-15,-0.046181,0.007083,0.053264
2011-06-16,-0.052546,0.025241,0.077787
2011-06-17,-0.051976,0.020825,0.072801
2011-06-20,-0.039495,0.021553,0.061049
2011-06-21,-0.014904,0.012141,0.027045
2011-06-22,-0.020023,0.008979,0.029002
2011-06-23,-0.026089,0.021485,0.047574
2011-06-24,-0.041815,0.008541,0.050356
2011-06-27,-0.036969,-0.004878,0.032091
2011-06-28,-0.034451,-0.015135,0.019316
2011-06-29,-0.003806,-0.034719,-0.030913
2011-06-30,0.006788,-0.01754,-0.024329
2011-07-01,0.031927,-0.024712,-0.056639
2011-07-05,0.042106,-0.015061,-0.057167
2011-07-06,0.044,-0.014558,-0.058557
2011-07-07,0.059267,-0.025096,-0.084364
2011-07-08,0.043789,-0.007308,-0.051097
2011-07-11,0.039375,-0.0001,-0.039475
2011-07-12,0.034075,0.008395,-0.025681
2011-07-13,0.024541,0.026708,0.002168
2011-07-14,0.035892,-0.006009,-0.041901
2011-07-15,0.039614,-0.008853,-0.048467
2011-07-18,0.02802,-0.013778,-0.041798
2011-07-19,0.039389,0.005481,-0.033909
2011-07-20,0.02472,-0.001989,-0.026709
2011-07-21,0.045232,-0.010293,-0.055525
2011-07-22,0.048948,-0.010394,-0.059342
2011-07-25,0.055358,-0.017074,-0.072432
2011-07-26,0.042129,0.003412,-0.038717
2011-07-27,0.007638,0.011661,0.004023
2011-07-28,-0.003825,0.022256,0.026081
2011-07-29,-0.020004,0.044145,0.06415
2011-08-01,-0.038381,0.056374,0.094755
2011-08-02,-0.062178,0.085658,0.147836
2011-08-03,-0.058222,0.082261,0.140484
2011-08-04,-0.111554,0.124105,0.235659
2011-08-05,-0.106547,0.076447,0.182994
2011-08-08,-0.149352,0.094024,0.243376
2011-08-09,-0.105936,0.093613,0.199549
2011-08-10,-0.148286,0.123029,0.271315
2011-08-11,-0.103872,0.081811,0.185683
2011-08-12,-0.103045,0.1014,0.204445
2011-08-15,-0.076487,0.100882,0.17737
2011-08-16,-0.098998,0.096315,0.195313
2011-08-17,-0.097851,0.128864,0.226715
2011-08-18,-0.148561,0.160992,0.309554
2011-08-19,-0.163026,0.161585,0.324611
2011-08-22,-0.157663,0.171468,0.329131
2011-08-23,-0.126678,0.147457,0.274135
2011-08-24,-0.095865,0.114718,0.210583
2011-08-25,-0.10705,0.122555,0.229605
2011-08-26,-0.087838,0.111635,0.199473
2011-08-29,-0.057617,0.085311,0.142929
2011-08-30,-0.030361,0.070613,0.100974
2011-08-31,-0.031307,0.051995,0.083302
2011-09-01,0.005654,0.037385,0.03173
2011-09-02,-0.018571,0.102907,0.121478
2011-09-06,0.042134,0.080275,0.038141
2011-09-07,0.023919,0.056451,0.032531
2011-09-08,0.060112,0.035126,-0.024986
2011-09-09,-0.012018,0.10175,0.113767
2011-09-12,-0.012276,0.081496,0.093772
2011-09-13,-0.023877,0.07702,0.100897
2011-09-14,-0.00184,0.068451,0.07029
2011-09-15,0.014707,0.034011,0.019304
2011-09-16,0.066708,0.020566,-0.046141
2011-09-19,0.073619,0.031701,-0.041918
2011-09-20,0.071514,0.038646,-0.032868
2011-09-21,0.006814,0.088016,0.081202
2011-09-22,-0.039262,0.161945,0.201207
2011-09-23,-0.018512,0.128126,0.146639
2011-09-26,-0.009566,0.099168,0.108734
2011-09-27,-0.026466,0.097516,0.123982
2011-09-28,-0.048852,0.079783,0.128635
2011-09-29,-0.04557,0.104322,0.149892
2011-09-30,-0.059572,0.108563,0.168134
2011-10-03,-0.062378,0.103231,0.165609
2011-10-04,-0.034779,0.078029,0.112808
2011-10-05,-0.043878,0.091097,0.134975
2011-10-06,-0.016358,0.061439,0.077798
2011-10-07,0.003353,0.042478,0.039126
2011-10-10,0.030245,0.026672,-0.003573
2011-10-11,0.021907,0.03801,0.016103
2011-10-12,0.016794,0.014322,-0.002472
2011-10-13,-0.002442,0.040327,0.042769
2011-10-14,0.008641,0.017814,0.009173
2011-10-17,-0.000665,0.016037,0.016702
2011-10-18,0.020055,0.005506,-0.014549
2011-10-19,0.038584,-0.027031,-0.065615
2011-10-20,0.077973,-0.068954,-0.146927
2011-10-21,0.091862,-0.061348,-0.15321
2011-10-24,0.079576,-0.044429,-0.124006
2011-10-25,0.046878,-0.00491,-0.051788
2011-10-26,0.079555,-0.021962,-0.101517
2011-10-27,0.108402,-0.061609,-0.17001
2011-10-28,0.136545,-0.074975,-0.21152
2011-10-31,0.141635,-0.064051,-0.205686
2011-11-01,0.085989,-0.020296,-0.106285
2011-11-02,0.083639,-0.025502,-0.109141
2011-11-03,0.083784,-0.020811,-0.104595
2011-11-04,0.084435,-0.012336,-0.096771
2011-11-07,0.055863,0.008177,-0.047685
2011-11-08,0.068337,-0.001383,-0.069721
2011-11-09,0.019958,0.034375,0.014417
2011-11-10,0.031616,0.008916,-0.022699
2011-11-11,0.033369,0.017544,-0.015825
2011-11-14,0.0435,0.01634,-0.02716
2011-11-15,0.028553,0.021299,-0.007254
2011-11-16,0.024354,0.030969,0.006615
2011-11-17,0.003699,0.046693,0.042994
2011-11-18,-0.016053,0.057622,0.073674
2011-11-21,-0.046458,0.062131,0.108588
2011-11-22,-0.031369,0.047366,0.078736
2011-11-23,-0.062269,0.076441,0.13871
2011-11-25,-0.095546,0.098029,0.193575
2011-11-28,-0.06913,0.08606,0.155189
2011-11-29,-0.043426,0.036071,0.079497
2011-11-30,0.024508,-0.013144,-0.037652
2011-12-01,0.007904,-0.005693,-0.013596
2011-12-02,-0.01101,0.022285,0.033295
2011-12-05,0.005897,0.018989,0.013092
2011-12-06,0.0,0.002894,0.002894
2011-12-07,-0.008993,0.019532,0.028525
2011-12-08,0.006414,0.011293,0.004878
2011-12-09,0.013916,0.005482,-0.008434
2011-12-12,-0.019343,0.022924,0.042267
2011-12-13,-0.019209,0.016115,0.035324
2011-12-14,-0.034423,0.036722,0.071144
2011-12-15,-0.015313,0.023545,0.038857
2011-12-16,0.002057,0.02724,0.025184
2011-12-19,-0.0076,0.040518,0.048118
2011-12-20,0.042253,0.008562,-0.033691
2011-12-21,0.048389,-0.016444,-0.064833
2011-12-22,0.081542,-0.021905,-0.103446
2011-12-23,0.093275,-0.01853,-0.111804
2011-12-27,0.063339,-0.013376,-0.076715
2011-12-28,0.046412,0.013172,-0.033239
2011-12-29,0.01544,0.031122,0.015682
2011-12-30,0.01061,0.039666,0.029056
2012-01-03,0.02762,0.009904,-0.017716
2012-01-04,0.018142,-8.1e-05,-0.018223
2012-01-05,0.020529,0.007758,-0.012771
2012-01-06,0.014124,0.012088,-0.002036
2012-01-09,0.039387,-0.002164,-0.041551
2012-01-10,0.030932,0.017063,-0.01387
2012-01-11,0.046771,0.01895,-0.027821
2012-01-12,0.059174,0.008108,-0.051066
2012-01-13,0.065033,-0.000745,-0.065778
2012-01-17,0.065316,0.007621,-0.057695
2012-01-18,0.0755,-0.01605,-0.09155
2012-01-19,0.092858,-0.041726,-0.134584
2012-01-20,0.064714,-0.02834,-0.093054
2012-01-23,0.059918,-0.020868,-0.080786
2012-01-24,0.049413,-0.0232,-0.072613
2012-01-25,0.048817,-0.01459,-0.063407
2012-01-26,0.042612,-0.006247,-0.048859
2012-01-27,0.055996,-0.021221,-0.077217
2012-01-30,0.041627,-0.011501,-0.053128
2012-01-31,0.046375,-0.003299,-0.049674
2012-02-01,0.038981,0.000299,-0.038682
2012-02-02,0.038998,0.01191,-0.027088
2012-02-03,0.050765,-0.00807,-0.058835
2012-02-06,0.052776,-0.006045,-0.058821
2012-02-07,0.052882,-0.016632,-0.069515
2012-02-08,0.046929,-0.014208,-0.061137
2012-02-09,0.047678,-0.034149,-0.081827
2012-02-10,0.037449,-0.020215,-0.057664
2012-02-13,0.050606,-0.028616,-0.079222
2012-02-14,0.045229,-0.027978,-0.073208
2012-02-15,0.028982,-0.017823,-0.046805
2012-02-16,0.034916,-0.01209,-0.047006
2012-02-17,0.0338,-0.001031,-0.034831
2012-02-21,0.036928,-0.005794,-0.042722
2012-02-22,0.034764,0.004893,-0.029871
2012-02-23,0.030703,0.007315,-0.023387
2012-02-24,0.038292,0.000609,-0.037684
2012-02-27,0.04051,0.006302,-0.034208
2012-02-28,0.047119,-0.008679,-0.055798
2012-02-29,0.043406,-0.02597,-0.069376
2012-03-01,0.039707,-0.02396,-0.063667
2012-03-02,0.034896,-0.014379,-0.049275
2012-03-05,0.016426,-0.00073,-0.017157
2012-03-06,0.002231,0.001428,-0.000803
2012-03-07,0.006677,0.007795,0.001118
2012-03-08,0.013685,-0.003061,-0.016746
2012-03-09,0.016327,0.006444,-0.009882
2012-03-12,0.023965,-0.00663,-0.030595
2012-03-13,0.034722,-0.025359,-0.060081
2012-03-14,0.034914,-0.054917,-0.089831
2012-03-15,0.045778,-0.051779,-0.097557
2012-03-16,0.035758,-0.042244,-0.078002
2012-03-19,0.037075,-0.053431,-0.090506
2012-03-20,0.0336,-0.039016,-0.072616
2012-03-21,0.035246,-0.040219,-0.075464
2012-03-22,0.023275,-0.037129,-0.060404
2012-03-23,0.024334,-0.034315,-0.058648
2012-03-26,0.036968,-0.047691,-0.08466
2012-03-27,0.03074,-0.037677,-0.068417
2012-03-28,0.029672,-0.033142,-0.062814
2012-03-29,0.022614,-0.016628,-0.039242
2012-03-30,0.029984,-0.042253,-0.072237
2012-04-02,0.041767,-0.029241,-0.071008
2012-04-03,0.052906,-0.057498,-0.110404
2012-04-04,0.035249,-0.038658,-0.073907
2012-04-05,0.024537,-0.021923,-0.04646
2012-04-09,0.009128,-0.001039,-0.010168
2012-04-10,-0.007882,0.010459,0.018342
2012-04-11,-0.017561,0.016235,0.033796
2012-04-12,-0.003658,0.038167,0.041825
2012-04-13,-0.02117,0.053347,0.074517
2012-04-16,-0.023165,0.049738,0.072903
2012-04-17,-0.012567,0.061781,0.074347
2012-04-18,-0.01303,0.060639,0.073669
2012-04-19,-0.017759,0.049765,0.067524
2012-04-20,-0.00898,0.046575,0.055555
2012-04-23,-0.02048,0.044304,0.064783
2012-04-24,-0.030365,0.042292,0.072657
2012-04-25,-0.014025,0.029548,0.043573
2012-04-26,-0.002207,0.037197,0.039404
2012-04-27,0.001141,0.03035,0.029209
2012-04-30,-0.006676,0.048343,0.055019
2012-05-01,-0.007755,0.037159,0.044914
2012-05-02,-0.006655,0.062882,0.069537
2012-05-03,-0.004362,0.048202,0.052564
2012-05-04,-0.019959,0.04885,0.068809
2012-05-07,-0.008103,0.025061,0.033164
2012-05-08,0.004783,0.018973,0.014191
2012-05-09,-0.009197,0.032023,0.04122
2012-05-10,-0.019958,0.03328,0.053238
2012-05-11,-0.011156,0.025239,0.036396
2012-05-14,-0.021452,0.041081,0.062533
2012-05-15,-0.041272,0.045919,0.087191
2012-05-16,-0.0417,0.045879,0.087579
2012-05-17,-0.049812,0.063393,0.113205
2012-05-18,-0.059514,0.063469,0.122983
2012-05-21,-0.035236,0.053592,0.088828
2012-05-22,-0.037215,0.049248,0.086463
2012-05-23,-0.049716,0.061966,0.111682
2012-05-24,-0.054438,0.051602,0.10604
2012-05-25,-0.05905,0.054637,0.113687
2012-05-29,-0.044112,0.05112,0.095232
2012-05-30,-0.063805,0.083398,0.147203
2012-05-31,-0.06307,0.088273,0.151343
2012-06-01,-0.079641,0.114394,0.194035
2012-06-04,-0.064963,0.096979,0.161942
2012-06-05,-0.05857,0.082121,0.140691
2012-06-06,-0.033541,0.054873,0.088414
2012-06-07,-0.027184,0.055764,0.082948
2012-06-08,-0.021467,0.058628,0.080096
2012-06-11,-0.030971,0.054726,0.085697
2012-06-12,-0.008873,0.03068,0.039553
2012-06-13,-0.009524,0.03666,0.046184
2012-06-14,0.004818,0.032371,0.027553
2012-06-15,0.030376,0.020062,-0.010314
2012-06-18,0.041285,0.025302,-0.015983
2012-06-19,0.033592,0.014032,-0.01956
2012-06-20,0.03012,0.030518,0.000398
2012-06-21,0.006473,0.028861,0.022388
2012-06-22,0.012235,0.019019,0.006784
2012-06-25,-0.000754,0.029999,0.030753
2012-06-26,-0.00775,0.029109,0.036859
2012-06-27,0.015938,0.005242,-0.010695
2012-06-28,0.015274,-0.003824,-0.019098
2012-06-29,0.067456,-0.039583,-0.107039
2012-07-02,0.071174,-0.021945,-0.093119
2012-07-03,0.070132,-0.016303,-0.086435
2012-07-05,0.041894,0.008884,-0.03301
2012-07-06,0.031367,0.016717,-0.01465
2012-07-09,0.021947,0.025924,0.003977
2012-07-10,0.026064,0.023347,-0.002717
2012-07-11,0.014559,0.034076,0.019517
2012-07-12,0.016141,0.031216,0.015075
2012-07-13,0.022352,0.029819,0.007466
2012-07-16,0.009617,0.028872,0.019255
2012-07-17,0.014584,0.015323,0.000739
2012-07-18,0.012307,0.029321,0.017014
2012-07-19,0.016608,0.021634,0.005026
2012-07-20,0.030429,0.028648,-0.00178
2012-07-23,0.012214,0.048405,0.036191
2012-07-24,0.019875,0.0415,0.021625
2012-07-25,0.015003,0.048317,0.033315
2012-07-26,0.022528,0.037079,0.014551
2012-07-27,0.044356,0.015031,-0.029325
2012-07-30,0.018957,0.036092,0.017136
2012-07-31,0.008791,0.027571,0.01878
2012-08-01,0.00131,0.030352,0.029042
2012-08-02,-0.001097,0.030926,0.032023
2012-08-03,0.028489,0.004949,-0.023541
2012-08-06,0.031776,-0.003441,-0.035218
2012-08-07,0.046072,-0.018254,-0.064326
2012-08-08,0.047182,-0.024696,-0.071879
2012-08-09,0.05318,-0.032246,-0.085426
2012-08-10,0.037495,-0.024812,-0.062307
2012-08-13,0.03943,-0.030942,-0.070372
2012-08-14,0.032487,-0.036496,-0.068984
2012-08-15,0.026062,-0.050556,-0.076617
2012-08-16,0.03093,-0.056228,-0.087159
2012-08-17,0.041841,-0.063075,-0.104916
2012-08-20,0.052558,-0.066389,-0.118946
2012-08-21,0.058463,-0.069578,-0.128041
2012-08-22,0.058674,-0.056655,-0.115329
2012-08-23,0.032973,-0.043959,-0.076932
2012-08-24,0.020407,-0.026516,-0.046923
2012-08-27,0.020623,-0.028084,-0.048708
2012-08-28,0.026795,-0.027715,-0.05451
2012-08-29,0.028491,-0.0271,-0.055591
2012-08-30,0.028176,-0.027565,-0.055741
2012-08-31,0.012989,0.002354,-0.010635
2012-09-04,0.010099,0.000955,-0.009143
2012-09-05,0.004205,0.009222,0.005018
2012-09-06,0.023347,-0.00227,-0.025617
2012-09-07,0.026456,-0.006199,-0.032656
2012-09-10,0.018958,-0.008788,-0.027746
2012-09-11,0.022306,-0.013358,-0.035664
2012-09-12,0.02557,-0.012276,-0.037846
2012-09-13,0.040014,-0.002135,-0.042149
2012-09-14,0.036974,-0.020309,-0.057283
2012-09-17,0.032072,-0.013359,-0.045431
2012-09-18,0.031155,-0.010449,-0.041604
2012-09-19,0.034848,-0.008347,-0.043195
2012-09-20,0.03448,-0.02203,-0.05651
2012-09-21,0.042576,-0.024979,-0.067554
2012-09-24,0.03475,-0.016414,-0.051164
2012-09-25,0.023521,-0.012474,-0.035995
2012-09-26,0.018776,-0.004236,-0.023012
2012-09-27,0.027575,-0.006984,-0.034559
2012-09-28,0.030241,-0.011553,-0.041794
2012-10-01,0.028057,-0.021711,-0.049768
2012-10-02,0.030074,-0.022065,-0.05214
2012-10-03,0.035161,-0.017118,-0.05228
2012-10-04,0.021841,-0.012941,-0.034783
2012-10-05,0.017946,-0.02117,-0.039116
2012-10-08,0.020259,-0.015312,-0.035571
2012-10-09,0.007364,-0.01088,-0.018243
2012-10-10,-0.00239,0.008668,0.011058
2012-10-11,-0.016814,0.019661,0.036474
2012-10-12,-0.024363,0.050127,0.07449
2012-10-15,-0.012886,0.035327,0.048213
2012-10-16,-0.002067,0.015922,0.017989
2012-10-17,0.001911,-5.3e-05,-0.001964
2012-10-18,-0.000761,-0.008633,-0.007873
2012-10-19,-0.017002,0.003664,0.020666
2012-10-22,-0.015379,-0.0105,0.004879
2012-10-23,-0.018598,-0.006165,0.012433
2012-10-24,-0.015842,-0.026433,-0.010591
2012-10-25,-0.022193,-0.024458,-0.002265
2012-10-26,-0.018198,-0.010649,0.007549
2012-10-31,-0.020783,-0.00852,0.012263
2012-11-01,-0.011557,-0.015292,-0.003735
2012-11-02,-0.02433,-0.016333,0.007997
2012-11-05,-0.029289,0.001711,0.031001
2012-11-06,-0.02176,0.005282,0.027042
2012-11-07,-0.040648,0.014979,0.055627
2012-11-08,-0.042718,0.031898,0.074616
2012-11-09,-0.035734,0.025812,0.061546
2012-11-12,-0.035505,0.020459,0.055964
2012-11-13,-0.035692,0.021295,0.056987
2012-11-14,-0.056566,0.024578,0.081144
2012-11-15,-0.06761,0.036892,0.104502
2012-11-16,-0.067237,0.045676,0.112913
2012-11-19,-0.045878,0.046208,0.092086
2012-11-20,-0.02929,0.02185,0.05114
2012-11-21,-0.027613,0.02786,0.055474
2012-11-23,-0.000495,0.012389,0.012883
2012-11-26,0.000213,0.02733,0.027117
2012-11-27,-0.007778,0.036654,0.044431
2012-11-28,0.000778,0.02014,0.019362
2012-11-29,0.005447,0.014348,0.0089
2012-11-30,-0.004761,0.019943,0.024704
2012-12-03,-0.000777,0.021636,0.022414
2012-12-04,-0.00423,0.02177,0.026
2012-12-05,-0.010213,0.031008,0.041221
2012-12-06,0.016175,0.014815,-0.00136
2012-12-07,0.031657,-0.009259,-0.040917
2012-12-10,0.031195,-0.005986,-0.037181
2012-12-11,0.037391,-0.015184,-0.052574
2012-12-12,0.041512,-0.029846,-0.071358
2012-12-13,0.04929,-0.030054,-0.079344
2012-12-14,0.047163,-0.020848,-0.068011
2012-12-17,0.054264,-0.034664,-0.088929
2012-12-18,0.04485,-0.039098,-0.083948
2012-12-19,0.03664,-0.026143,-0.062784
2012-12-20,0.04066,-0.025433,-0.066094
2012-12-21,0.017352,-0.013843,-0.031195
2012-12-24,0.016375,-0.020273,-0.036647
2012-12-26,0.017283,-0.020593,-0.037876
2012-12-27,0.007804,-0.015892,-0.023697
2012-12-28,-0.007717,-0.010432,-0.002715
2012-12-31,0.008935,-0.024876,-0.033811
2013-01-02,0.039915,-0.038801,-0.078715
2013-01-03,0.039035,-0.057269,-0.096304
2013-01-04,0.041754,-0.053139,-0.094892
2013-01-07,0.035394,-0.054776,-0.090171
2013-01-08,0.029298,-0.039681,-0.06898
2013-01-09,0.03148,-0.04479,-0.07627
2013-01-10,0.032649,-0.040139,-0.072788
2013-01-11,0.032074,-0.0202,-0.052274
2013-01-14,0.037736,-0.023613,-0.061349
2013-01-15,0.042315,-0.026422,-0.068737
2013-01-16,0.030068,-0.00957,-0.039638
2013-01-17,0.025312,-0.009358,-0.034671
2013-01-18,0.03529,-0.005009,-0.0403
2013-01-22,0.03492,-0.003269,-0.03819
2013-01-23,0.046082,-0.015507,-0.061589
2013-01-24,0.049596,-0.017181,-0.066777
2013-01-25,0.059965,-0.034124,-0.094089
2013-01-28,0.060116,-0.040862,-0.100978
2013-01-29,0.075912,-0.051578,-0.127489
2013-01-30,0.053788,-0.036558,-0.090346
2013-01-31,0.024921,-0.018735,-0.043657
2013-02-01,0.03781,-0.018173,-0.055984
2013-02-04,0.021658,-0.00946,-0.031118
2013-02-05,0.034802,-0.018677,-0.053479
2013-02-06,0.038543,-0.017112,-0.055655
2013-02-07,0.034539,-0.018393,-0.052932
2013-02-08,0.032091,-0.011869,-0.04396
2013-02-11,0.031958,-0.021361,-0.053319
2013-02-12,0.034361,-0.021091,-0.055452
2013-02-13,0.034542,-0.033504,-0.068046
2013-02-14,0.035635,-0.026766,-0.0624
2013-02-15,0.027771,-0.019822,-0.047593
2013-02-19,0.033169,-0.032178,-0.065347
2013-02-20,0.014819,-0.031111,-0.04593
2013-02-21,0.00703,-0.023984,-0.031014
2013-02-22,0.016599,-0.019889,-0.036487
2013-02-25,-0.008319,0.013259,0.021579
2013-02-26,-0.000333,0.011084,0.011417
2013-02-27,0.008298,0.013704,0.005407
2013-02-28,0.010262,0.01733,0.007068
2013-03-01,0.016099,0.0179,0.001801
2013-03-04,0.011108,0.025826,0.014718
2013-03-05,0.031764,0.009941,-0.021823
2013-03-06,0.02284,0.009751,-0.013089
2013-03-07,0.023948,-0.006165,-0.030113
2013-03-08,0.029676,-0.014344,-0.04402
2013-03-11,0.027866,-0.01719,-0.045056
2013-03-12,0.025763,-0.009326,-0.035089
2013-03-13,0.025523,-0.007896,-0.033419
2013-03-14,0.030102,-0.002785,-0.032887
2013-03-15,0.027796,-0.007115,-0.034912
2013-03-18,0.023333,0.003352,-0.019981
2013-03-19,0.013362,0.015202,0.00184
2013-03-20,0.033319,0.000855,-0.032464
2013-03-21,0.030757,0.004633,-0.026124
2013-03-22,0.028982,0.004717,-0.024265
2013-03-25,0.044558,-0.015572,-0.06013
2013-03-26,0.045758,-0.008664,-0.054422
2013-03-27,0.032747,0.002741,-0.030006
2013-03-28,0.037971,-0.004195,-0.042166
2013-04-01,0.030465,-0.002128,-0.032593
2013-04-02,0.030064,-0.00088,-0.030945
2013-04-03,0.010567,0.011008,0.000441
2013-04-04,0.013289,0.032443,0.019154
2013-04-05,0.006914,0.061457,0.054543
2013-04-08,0.009424,0.06444,0.055016
2013-04-09,0.009083,0.060803,0.05172
2013-04-10,0.023739,0.038726,0.014987
2013-04-11,0.025645,0.041799,0.016154
2013-04-12,0.017714,0.060533,0.04282
2013-04-15,-0.004556,0.064762,0.069319
2013-04-16,0.015745,0.048052,0.032306
2013-04-17,0.003234,0.047914,0.04468
2013-04-18,-0.009956,0.062325,0.072281
2013-04-19,0.007256,0.049954,0.042698
2013-04-22,0.003663,0.049917,0.046254
2013-04-23,0.018264,0.047226,0.028961
2013-04-24,0.01082,0.048623,0.037803
2013-04-25,0.014918,0.035277,0.020359
2013-04-26,0.010021,0.050083,0.040062
2013-04-29,0.020827,0.038432,0.017605
2013-04-30,0.018237,0.043254,0.025017
2013-05-01,0.019648,0.04458,0.024933
2013-05-02,0.024958,0.030927,0.005969
2013-05-03,0.040023,-0.013295,-0.053319
2013-05-06,0.035658,-0.008151,-0.043809
2013-05-07,0.037321,-0.009577,-0.046898
2013-05-08,0.029432,0.005803,-0.023629
2013-05-09,0.02318,0.001293,-0.021887
2013-05-10,0.029031,-0.02401,-0.053041
2013-05-13,0.054281,-0.039835,-0.094116
2013-05-14,0.049679,-0.042402,-0.092081
2013-05-15,0.070982,-0.042353,-0.113335
2013-05-16,0.072661,-0.034754,-0.107416
2013-05-17,0.073707,-0.04495,-0.118656
2013-05-20,0.0689,-0.046789,-0.115689
2013-05-21,0.059512,-0.035916,-0.095428
2013-05-22,0.050988,-0.052631,-0.103619
2013-05-23,0.043717,-0.044018,-0.087735
2013-05-24,0.04468,-0.051395,-0.096075
2013-05-28,0.043942,-0.072051,-0.115992
2013-05-29,0.034695,-0.062151,-0.096846
2013-05-30,0.0477,-0.073946,-0.121646
2013-05-31,0.023161,-0.075898,-0.09906
2013-06-03,0.018467,-0.04857,-0.067036
2013-06-04,0.011002,-0.055013,-0.066015
2013-06-05,-0.00818,-0.038219,-0.030039
2013-06-06,-0.003735,-0.040319,-0.036585
2013-06-07,0.011788,-0.055044,-0.066832
2013-06-10,0.008506,-0.049336,-0.057842
2013-06-11,-0.00269,-0.030598,-0.027908
2013-06-12,-0.021061,-0.033969,-0.012908
2013-06-13,-0.011498,-0.025355,-0.013857
2013-06-14,-0.013064,-0.037667,-0.024603
2013-06-17,-0.014975,-0.030474,-0.015498
2013-06-18,-0.007129,-0.028799,-0.02167
2013-06-19,-0.022252,-0.046334,-0.024082
2013-06-20,-0.039354,-0.047845,-0.008492
2013-06-21,-0.033474,-0.068406,-0.034932
2013-06-24,-0.044879,-0.06582,-0.020941
2013-06-25,-0.041437,-0.050073,-0.008636
2013-06-26,-0.025618,-0.054539,-0.02892
2013-06-27,-0.023503,-0.042544,-0.019041
2013-06-28,-0.013345,-0.032713,-0.019368
2013-07-01,-0.012998,-0.035873,-0.022875
2013-07-02,-0.009153,-0.027503,-0.01835
2013-07-03,0.005354,-0.043615,-0.048969
2013-07-05,0.007083,-0.075655,-0.082738
2013-07-08,0.000106,-0.049705,-0.049812
2013-07-09,0.007305,-0.04417,-0.051474
2013-07-10,0.018173,-0.062796,-0.080969
2013-07-11,0.040655,-0.038043,-0.078699
2013-07-12,0.025494,-0.053675,-0.079169
2013-07-15,0.03591,-0.04641,-0.08232
2013-07-16,0.024121,-0.038081,-0.062202
2013-07-17,0.018696,-0.036821,-0.055517
2013-07-18,0.038627,-0.038928,-0.077555
2013-07-19,0.066908,-0.007438,-0.074346
2013-07-22,0.065569,0.011163,-0.054405
2013-07-23,0.076914,0.002747,-0.074166
2013-07-24,0.062749,-0.001057,-0.063806
2013-07-25,0.054889,-0.007867,-0.062756
2013-07-26,0.04985,-0.011876,-0.061727
2013-07-29,0.050929,-0.025756,-0.076684
2013-07-30,0.044807,-0.028077,-0.072884
2013-07-31,0.046523,-0.023926,-0.070449
2013-08-01,0.05816,-0.039863,-0.098023
2013-08-02,0.048644,0.004966,-0.043678
2013-08-05,0.041171,-0.012344,-0.053514
2013-08-06,0.027857,-0.010462,-0.038319
2013-08-07,0.024154,0.004771,-0.019383
2013-08-08,0.014094,-0.004182,-0.018276
2013-08-09,0.010746,-0.001767,-0.012513
2013-08-12,0.005709,-0.01378,-0.019488
2013-08-13,0.012477,-0.031346,-0.043823
2013-08-14,0.004704,-0.031653,-0.036358
2013-08-15,-0.014745,-0.032644,-0.017899
2013-08-16,-0.019743,-0.05101,-0.031266
2013-08-19,-0.027905,-0.060648,-0.032742
2013-08-20,-0.021048,-0.049407,-0.02836
2013-08-21,-0.023499,-0.047743,-0.024244
2013-08-22,-0.016989,-0.037688,-0.020699
2013-08-23,-0.014724,-0.033178,-0.018454
2013-08-26,-0.015363,-0.021208,-0.005845
2013-08-27,-0.0312,-0.008511,0.022689
2013-08-28,-0.028451,-0.020106,0.008345
2013-08-29,-0.038029,0.007119,0.045148
2013-08-30,-0.042702,-0.004976,0.037727
2013-09-03,-0.036965,-0.0114,0.025566
2013-09-04,-0.023449,-0.016466,0.006984
2013-09-05,-0.019033,-0.037353,-0.018321
2013-09-06,-0.022144,-0.035185,-0.013041
2013-09-09,-0.009923,-0.036247,-0.026325
2013-09-10,-0.001419,-0.03642,-0.035002
2013-09-11,-0.001238,-0.013596,-0.012357
2013-09-12,0.001244,-0.016431,-0.017676
2013-09-13,0.01773,0.000899,-0.016831
2013-09-16,0.027015,-0.002307,-0.029323
2013-09-17,0.038235,0.014773,-0.023463
2013-09-18,0.045114,0.019437,-0.025677
2013-09-19,0.049829,0.02463,-0.025199
2013-09-20,0.033074,0.019646,-0.013428
2013-09-23,0.024836,0.016099,-0.008738
2013-09-24,0.026244,0.021964,-0.00428
2013-09-25,0.040004,0.011331,-0.028673
2013-09-26,0.040309,0.012449,-0.02786
2013-09-27,0.033887,0.006892,-0.026995
2013-09-30,0.031646,0.006518,-0.025128
2013-10-01,0.035133,0.01782,-0.017313
2013-10-02,0.025669,0.021613,-0.004056
2013-10-03,0.014925,0.034398,0.019473
2013-10-04,0.022123,0.0285,0.006377
2013-10-07,0.003676,0.032183,0.028508
2013-10-08,-0.015298,0.039736,0.055034
2013-10-09,-0.017667,0.022324,0.039991
2013-10-10,0.006183,0.025365,0.019182
2013-10-11,0.010393,0.021113,0.01072
2013-10-14,0.008592,0.019677,0.011085
2013-10-15,-0.003173,0.010644,0.013817
2013-10-16,-0.000816,0.010832,0.011648
2013-10-17,0.00755,0.026059,0.018509
2013-10-18,0.021497,0.022878,0.001382
2013-10-21,0.026305,0.012201,-0.014104
2013-10-22,0.034684,0.012567,-0.022116
2013-10-23,0.032714,0.014421,-0.018293
2013-10-24,0.032176,0.017616,-0.01456
2013-10-25,0.041679,0.018897,-0.022783
2013-10-28,0.048926,0.016943,-0.031983
2013-10-29,0.046238,0.021361,-0.024877
2013-10-30,0.042026,0.013684,-0.028342
2013-10-31,0.048741,0.017486,-0.031255
2013-11-01,0.043342,0.007235,-0.036107
2013-11-04,0.056143,0.004099,-0.052044
2013-11-05,0.065204,-0.008178,-0.073382
2013-11-06,0.069867,0.000303,-0.069564
2013-11-07,0.034049,0.007151,-0.026898
2013-11-08,0.04129,-0.016808,-0.058098
2013-11-11,0.037323,-0.012557,-0.04988
2013-11-12,0.042782,-0.007293,-0.050075
2013-11-13,0.036671,-0.015978,-0.052649
2013-11-14,0.034927,-0.018815,-0.053741
2013-11-15,0.032456,-0.018956,-0.051412
2013-11-18,0.028785,-0.00991,-0.038695
2013-11-19,0.020637,-0.028264,-0.048902
2013-11-20,0.022341,-0.048512,-0.070853
2013-11-21,0.027177,-0.043228,-0.070404
2013-11-22,0.027621,-0.037873,-0.065494
2013-11-25,0.024967,-0.031787,-0.056755
2013-11-26,0.019812,-0.029423,-0.049234
2013-11-27,0.027398,-0.025228,-0.052627
2013-11-29,0.029638,-0.027032,-0.05667
2013-12-02,0.024517,-0.024036,-0.048553
2013-12-03,0.016513,-0.021368,-0.037882
2013-12-04,0.019629,-0.018989,-0.038618
2013-12-05,0.00999,-0.022224,-0.032215
2013-12-06,0.034357,-0.025798,-0.060156
2013-12-09,0.023183,0.000552,-0.022631
2013-12-10,0.019343,0.011545,-0.007799
2013-12-11,0.009945,-0.000899,-0.010844
2013-12-12,-0.001401,-0.008319,-0.006918
2013-12-13,-0.006471,-0.009594,-0.003123
2013-12-16,-0.00461,-0.015218,-0.010609
2013-12-17,-0.004292,-0.016728,-0.012436
2013-12-18,0.014914,-0.014193,-0.029107
2013-12-19,0.016921,0.001904,-0.015017
2013-12-20,0.01465,0.015642,0.000992
2013-12-23,0.014994,0.000563,-0.014431
2013-12-24,0.018231,-0.010304,-0.028535
2013-12-26,0.023124,-0.017795,-0.04092
2013-12-27,0.020583,-0.018898,-0.039481
2013-12-30,0.021094,-0.012434,-0.033528
2013-12-31,0.028598,-0.011003,-0.039601
2014-01-02,0.02316,-0.01163,-0.034789
2014-01-03,0.023106,-0.002103,-0.02521
2014-01-06,0.024646,0.004933,-0.019712
2014-01-07,0.019543,0.002683,-0.01686
2014-01-08,0.017179,-0.002372,-0.019551
2014-01-09,0.021505,-0.003684,-0.025189
2014-01-10,0.035921,0.016016,-0.019905
2014-01-13,0.025522,0.024954,-0.000569
2014-01-14,0.036815,0.015322,-0.021493
2014-01-15,0.035948,0.018001,-0.017947
2014-01-16,0.037903,0.020266,-0.017636
2014-01-17,0.016164,0.029724,0.01356
2014-01-21,0.020331,0.031509,0.011178
2014-01-22,0.015092,0.013374,-0.001717
2014-01-23,0.001424,0.033563,0.032139
2014-01-24,-0.022084,0.048636,0.070721
2014-01-27,-0.031818,0.045348,0.077166
2014-01-28,-0.025999,0.050879,0.076879
2014-01-29,-0.035198,0.052287,0.087485
2014-01-30,-0.029564,0.055959,0.085522
2014-01-31,-0.025912,0.059802,0.085715
2014-02-03,-0.047679,0.072716,0.120395
2014-02-04,-0.038222,0.056885,0.095107
2014-02-05,-0.045292,0.044467,0.089758
2014-02-06,-0.032912,0.042821,0.075733
2014-02-07,-0.021564,0.037632,0.059196
2014-02-10,-0.022429,0.028289,0.050718
2014-02-11,0.001596,0.017268,0.015672
2014-02-12,-0.008711,0.016665,0.025376
2014-02-13,-0.008935,0.023501,0.032437
2014-02-14,-0.002169,0.017254,0.019423
2014-02-18,0.003267,0.015293,0.012026
2014-02-19,-0.006298,0.010248,0.016546
2014-02-20,-0.001085,0.010267,0.011352
2014-02-21,0.006018,0.001428,-0.00459
2014-02-24,0.033652,-0.007519,-0.041171
2014-02-25,0.038368,0.00838,-0.029989
2014-02-26,0.032278,0.01127,-0.021008
2014-02-27,0.047758,0.008503,-0.039255
2014-02-28,0.039391,0.011969,-0.027422
2014-03-03,0.038163,0.011952,-0.026212
2014-03-04,0.076994,-0.015269,-0.092263
2014-03-05,0.070472,-0.002576,-0.073049
2014-03-06,0.074271,-0.003185,-0.077456
2014-03-07,0.060739,-0.005181,-0.06592
2014-03-10,0.047195,-0.004612,-0.051807
2014-03-11,0.040109,-0.004779,-0.044888
2014-03-12,0.029124,0.007984,-0.021141
2014-03-13,0.017081,0.026846,0.009764
2014-03-14,0.009016,0.02125,0.012234
2014-03-17,0.012553,0.013056,0.000503
2014-03-18,0.018563,0.01444,-0.004123
2014-03-19,0.019888,0.010816,-0.009072
2014-03-20,0.019826,0.011497,-0.00833
2014-03-21,0.017031,0.017089,5.8e-05
2014-03-24,0.007238,0.026924,0.019686
2014-03-25,0.012402,0.014007,0.001605
2014-03-26,0.005065,0.016547,0.011482
2014-03-27,-0.002289,0.0161,0.018389
2014-03-28,0.0001,0.009815,0.009715
2014-03-31,0.015436,0.000641,-0.014795
2014-04-01,0.008001,0.007241,-0.00076
2014-04-02,0.010458,-0.000688,-0.011146
2014-04-03,0.006815,0.013675,0.00686
2014-04-04,-0.00551,0.026906,0.032416
2014-04-07,-0.015978,0.031599,0.047577
2014-04-08,-0.007013,0.031333,0.038347
2014-04-09,0.003395,0.019149,0.015754
2014-04-10,-0.006543,0.014954,0.021497
2014-04-11,-0.012721,0.022991,0.035711
2014-04-14,-0.01386,0.027985,0.041845
2014-04-15,-0.014106,0.030674,0.04478
2014-04-16,0.001561,0.040055,0.038493
2014-04-17,-0.002862,0.030477,0.03334
2014-04-21,0.004511,0.018598,0.014087
2014-04-22,0.013266,0.014806,0.00154
2014-04-23,0.006119,0.024454,0.018336
2014-04-24,0.015462,0.018421,0.002959
2014-04-25,0.009264,0.014788,0.005524
2014-04-28,0.007494,0.01559,0.008096
2014-04-29,0.003957,0.016725,0.012768
2014-04-30,0.000319,0.029752,0.029433
2014-05-01,-0.002912,0.046816,0.049728
2014-05-02,-0.003021,0.048669,0.05169
2014-05-05,0.010837,0.035422,0.024585
2014-05-06,0.013236,0.033389,0.020153
2014-05-07,0.015019,0.027266,0.012246
2014-05-08,0.003153,0.027941,0.024788
2014-05-09,0.026207,0.015205,-0.011002
2014-05-12,0.045618,0.00297,-0.042648
2014-05-13,0.038373,0.014317,-0.024056
2014-05-14,0.026384,0.018935,-0.00745
2014-05-15,0.006823,0.025761,0.018937
2014-05-16,0.008906,0.034216,0.025311
2014-05-19,0.009089,0.027406,0.018317
2014-05-20,-0.001809,0.026231,0.028041
2014-05-21,0.008962,0.014172,0.005209
2014-05-22,0.00937,0.010813,0.001443
2014-05-23,0.021794,0.014763,-0.007032
2014-05-27,0.024829,0.025681,0.000852
2014-05-28,0.019334,0.039755,0.020421
2014-05-29,0.02156,0.029947,0.008387
2014-05-30,0.023098,0.018568,-0.00453
2014-06-02,0.025737,0.004808,-0.020929
2014-06-03,0.023246,-0.001534,-0.024779
2014-06-04,0.034318,-0.005796,-0.040115
2014-06-05,0.034969,-0.0018,-0.036769
2014-06-06,0.041027,0.002493,-0.038534
2014-06-09,0.040541,0.004295,-0.036246
2014-06-10,0.030613,0.004665,-0.025948
2014-06-11,0.026111,-0.002172,-0.028283
2014-06-12,0.023697,-0.004073,-0.02777
2014-06-13,0.035913,-0.012474,-0.048387
2014-06-16,0.033183,-0.007218,-0.040401
2014-06-17,0.032267,-0.007737,-0.040003
2014-06-18,0.046441,-0.002298,-0.048739
2014-06-19,0.038862,-0.009027,-0.047889
2014-06-20,0.038445,-9.9e-05,-0.038544
2014-06-23,0.033983,-0.008537,-0.04252
2014-06-24,0.021475,-0.004315,-0.02579
2014-06-25,0.026843,-0.013928,-0.04077
2014-06-26,0.020827,-0.003916,-0.024743
2014-06-27,0.021166,-0.004973,-0.026139
2014-06-30,0.01948,0.004957,-0.014523
2014-07-01,0.026837,0.00896,-0.017877
2014-07-02,0.025804,-0.001555,-0.027359
2014-07-03,0.024169,-0.005596,-0.029765
2014-07-07,0.015746,0.001681,-0.014065
2014-07-08,0.008182,0.014365,0.006183
2014-07-09,0.0126,0.018924,0.006324
2014-07-10,0.012112,0.017363,0.005251
2014-07-11,0.02073,0.01482,-0.00591
2014-07-14,0.022752,0.010982,-0.01177
2014-07-15,0.019996,0.006414,-0.013582
2014-07-16,0.020934,0.019838,-0.001096
2014-07-17,0.001976,0.024789,0.022813
2014-07-18,0.011082,0.034746,0.023664
2014-07-21,0.007145,0.032082,0.024937
2014-07-22,0.011844,0.037483,0.025639
2014-07-23,0.020236,0.025733,0.005497
2014-07-24,0.015697,0.015459,-0.000238
2014-07-25,0.011666,0.022558,0.010892
2014-07-28,0.010112,0.022676,0.012565
2014-07-29,0.006285,0.023864,0.017579
2014-07-30,-0.000254,0.018169,0.018423
2014-07-31,-0.02099,0.026107,0.047097
2014-08-01,-0.028758,0.037787,0.066546
2014-08-04,-0.018328,0.027549,0.045877
2014-08-05,-0.021555,0.019447,0.041002
2014-08-06,-0.025619,0.019256,0.044875
2014-08-07,-0.027045,0.028491,0.055536
2014-08-08,-0.01714,0.019765,0.036905
2014-08-11,-0.019231,0.024094,0.043325
2014-08-12,-0.018759,0.019518,0.038277
2014-08-13,-0.015761,0.020754,0.036515
2014-08-14,0.000255,0.016165,0.01591
2014-08-15,-0.010066,0.030567,0.040633
2014-08-18,0.000102,0.015271,0.015169
2014-08-19,0.000959,0.010029,0.00907
2014-08-20,0.00141,0.00969,0.00828
2014-08-21,0.004279,0.022986,0.018707
2014-08-22,0.007435,0.016681,0.009246
2014-08-25,0.012133,0.021909,0.009775
2014-08-26,0.017162,0.01492,-0.002242
2014-08-27,0.016601,0.037983,0.021383
2014-08-28,0.036512,0.046534,0.010023
2014-08-29,0.042649,0.039194,-0.003456
2014-09-02,0.034659,0.023949,-0.01071
2014-09-03,0.044216,0.026327,-0.01789
2014-09-04,0.04238,0.013205,-0.029176
2014-09-05,0.052766,0.001936,-0.050831
2014-09-08,0.038035,0.004537,-0.033498
2014-09-09,0.028483,0.003844,-0.024639
2014-09-10,0.033793,0.004029,-0.029764
2014-09-11,0.028023,-0.005788,-0.033811
2014-09-12,0.017215,-0.024058,-0.041273
2014-09-15,0.016657,-0.03314,-0.049797
2014-09-16,0.015808,-0.02739,-0.043198
2014-09-17,0.011896,-0.026878,-0.038774
2014-09-18,0.014579,-0.022173,-0.036751
2014-09-19,0.010718,-0.015248,-0.025966
2014-09-22,0.004472,-0.019508,-0.02398
2014-09-23,-0.006316,-0.01713,-0.010814
2014-09-24,0.000813,-0.019412,-0.020225
2014-09-25,-0.014942,-0.01618,-0.001237
2014-09-26,-0.00657,-0.02274,-0.016169
2014-09-29,-0.011194,-0.015567,-0.004373
2014-09-30,-0.013305,-0.00394,0.009365
2014-10-01,-0.026142,0.009751,0.035893
2014-10-02,-0.024582,0.013299,0.037881
2014-10-03,-0.018256,0.019556,0.037812
2014-10-06,-0.016863,0.019722,0.036585
2014-10-07,-0.025871,0.034293,0.060164
2014-10-08,-0.01255,0.041122,0.053672
2014-10-09,-0.033246,0.040026,0.073271
2014-10-10,-0.038665,0.061467,0.100132
2014-10-13,-0.053744,0.066323,0.120067
2014-10-14,-0.05937,0.077663,0.137034
2014-10-15,-0.066992,0.088965,0.155957
2014-10-16,-0.072735,0.07859,0.151325
2014-10-17,-0.060937,0.05909,0.120027
2014-10-20,-0.044439,0.061641,0.10608
2014-10-21,-0.019898,0.046691,0.066589
2014-10-22,-0.034426,0.05366,0.088086
2014-10-23,-0.007181,0.032091,0.039273
2014-10-24,-0.007428,0.03464,0.042068
2014-10-27,-0.006986,0.028298,0.035283
2014-10-28,0.007055,0.027668,0.020613
2014-10-29,0.019347,0.010404,-0.008943
2014-10-30,0.025723,0.020136,-0.005587
2014-10-31,0.026155,0.013169,-0.012986
2014-11-03,0.027918,0.012567,-0.015351
2014-11-04,0.040412,0.002186,-0.038226
2014-11-05,0.028987,0.000507,-0.028481
2014-11-06,0.054011,-0.00161,-0.055621
2014-11-07,0.067178,-6.7e-05,-0.067245
2014-11-10,0.088416,-0.015241,-0.103657
2014-11-11,0.087799,-0.02098,-0.10878
2014-11-12,0.09403,-0.029468,-0.123499
2014-11-13,0.096205,-0.020945,-0.11715
2014-11-14,0.083674,-0.010645,-0.094318
2014-11-17,0.073936,-0.016702,-0.090638
2014-11-18,0.059154,-0.006045,-0.065199
2014-11-19,0.065027,-0.013429,-0.078456
2014-11-20,0.054635,0.000594,-0.054041
2014-11-21,0.052182,0.00562,-0.046562
2014-11-24,0.056586,0.004611,-0.051975
2014-11-25,0.043848,0.019342,-0.024506
2014-11-26,0.048105,0.019808,-0.028297
2014-11-28,0.039222,0.027004,-0.012217
2014-12-01,0.020331,0.023667,0.003335
2014-12-02,0.026367,0.013725,-0.012642
2014-12-03,0.033918,0.014529,-0.019389
2014-12-04,0.026292,0.024472,-0.00182
2014-12-05,0.023874,0.025124,0.00125
2014-12-08,0.016082,0.025869,0.009787
2014-12-09,0.012207,0.040701,0.028494
2014-12-10,-0.004995,0.047598,0.052593
2014-12-11,0.001128,0.052789,0.051662
2014-12-12,-0.016162,0.064555,0.080717
2014-12-15,-0.023159,0.057207,0.080366
2014-12-16,-0.031609,0.072986,0.104596
2014-12-17,-0.018292,0.06038,0.078672
2014-12-18,0.007602,0.048177,0.040575
2014-12-19,0.010117,0.056754,0.046637
2014-12-22,0.009363,0.051838,0.042475
2014-12-23,0.007897,0.030117,0.02222
2014-12-24,0.008724,0.027178,0.018454
2014-12-26,0.009393,0.028191,0.018797
2014-12-29,0.012896,0.027758,0.014862
2014-12-30,0.014511,0.036593,0.022082
2014-12-31,-0.002007,0.048758,0.050765
2015-01-02,-0.006379,0.056292,0.062672
2015-01-05,-0.023243,0.063988,0.087231
2015-01-06,-0.034024,0.08951,0.123535
2015-01-07,-0.015408,0.074229,0.089637
2015-01-08,0.002743,0.054582,0.051839
2015-01-09,0.010914,0.0584,0.047486
2015-01-12,-0.002064,0.060101,0.062165
2015-01-13,0.011476,0.045915,0.03444
2015-01-14,0.012323,0.056023,0.0437
2015-01-15,0.011159,0.059527,0.048368
2015-01-16,0.004722,0.055532,0.05081
2015-01-20,-0.017433,0.088935,0.106368
2015-01-21,-0.016657,0.062068,0.078725
2015-01-22,-0.006603,0.056818,0.063422
2015-01-23,-0.013381,0.093211,0.106593
2015-01-26,-0.011166,0.083985,0.095152
2015-01-27,-0.027346,0.081665,0.109011
2015-01-28,-0.041108,0.091192,0.1323
2015-01-29,-0.027023,0.081079,0.108102
2015-01-30,-0.029629,0.098157,0.127787
2015-02-02,-0.017086,0.081982,0.099068
2015-02-03,0.015467,0.042701,0.027233
2015-02-04,0.021218,0.025997,0.004778
2015-02-05,0.018833,0.01674,-0.002092
2015-02-06,-0.0017,0.012146,0.013846
2015-02-09,0.00186,-0.000424,-0.002285
2015-02-10,0.020528,-0.014017,-0.034545
2015-02-11,0.024,-0.012193,-0.036193
2015-02-12,0.040127,-0.022874,-0.063001
2015-02-13,0.054065,-0.04789,-0.101955
2015-02-17,0.042057,-0.050114,-0.092172
2015-02-18,0.039939,-0.057003,-0.096942
2015-02-19,0.033977,-0.052286,-0.086263
2015-02-20,0.024939,-0.046075,-0.071014
2015-02-23,0.030443,-0.048388,-0.078831
2015-02-24,0.030957,-0.032955,-0.063911
2015-02-25,0.043849,-0.030294,-0.074143
2015-02-26,0.056161,-0.058933,-0.115094
2015-02-27,0.042923,-0.044735,-0.087658
2015-03-02,0.062873,-0.078867,-0.14174
2015-03-03,0.045563,-0.078728,-0.124291
2015-03-04,0.026313,-0.058509,-0.084822
2015-03-05,0.031363,-0.061304,-0.092667
2015-03-06,0.006695,-0.071851,-0.078547
2015-03-09,0.013671,-0.046403,-0.060074
2015-03-10,0.001711,-0.032305,-0.034016
2015-03-11,-0.01117,-0.017439,-0.00627
2015-03-12,0.000821,-0.019948,-0.020769
2015-03-13,-0.01479,-0.019712,-0.004922
2015-03-16,-0.00572,-5e-06,0.005716
2015-03-17,-0.010233,0.023693,0.033926
2015-03-18,0.00157,0.037291,0.03572
2015-03-19,-0.002286,0.038876,0.041162
2015-03-20,0.000517,0.041303,0.040786
2015-03-23,-0.00129,0.028253,0.029544
2015-03-24,-0.009716,0.024744,0.03446
2015-03-25,-0.023397,0.01172,0.035117
2015-03-26,-0.024571,0.00975,0.03432
2015-03-27,-0.018996,0.013784,0.03278
2015-03-30,-0.013257,0.027903,0.04116
2015-03-31,-0.017851,0.033858,0.051709
2015-04-01,-0.01718,0.047107,0.064287
2015-04-02,-0.014722,0.037324,0.052046
2015-04-06,0.006061,0.054835,0.048774
2015-04-07,-0.000743,0.05395,0.054693
2015-04-08,0.019164,0.04058,0.021416
2015-04-09,0.026076,0.019661,-0.006415
2015-04-10,0.018723,0.021882,0.003159
2015-04-13,0.020372,0.02645,0.006077
2015-04-14,0.008846,0.023868,0.015022
2015-04-15,0.016394,0.0146,-0.001794
2015-04-16,0.004035,-0.009567,-0.013602
2015-04-17,-0.002967,0.006919,0.009887
2015-04-20,-0.002661,-0.007203,-0.004542
2015-04-21,-0.001905,-0.010495,-0.00859
2015-04-22,0.008668,-0.034931,-0.0436
2015-04-23,0.026245,-0.022521,-0.048766
2015-04-24,0.031081,-0.000848,-0.031929
2015-04-27,0.024449,-0.013122,-0.037571
2015-04-28,0.015318,-0.021882,-0.0372
2015-04-29,0.020056,-0.035938,-0.055994
2015-04-30,0.013418,-0.046773,-0.060191
2015-05-01,0.020732,-0.049533,-0.070265
2015-05-04,0.016793,-0.053214,-0.070007
2015-05-05,0.007816,-0.062386,-0.070201
2015-05-06,0.000289,-0.078721,-0.079009
2015-05-07,-0.000144,-0.054078,-0.053934
2015-05-08,0.007523,-0.052913,-0.060436
2015-05-11,0.00727,-0.077232,-0.084501
2015-05-12,0.002339,-0.08135,-0.083689
2015-05-13,-0.001948,-0.087941,-0.085993
2015-05-14,0.008746,-0.080912,-0.089659
2015-05-15,0.021591,-0.073111,-0.094702
2015-05-18,0.015487,-0.080548,-0.096035
2015-05-19,0.016364,-0.084555,-0.10092
2015-05-20,0.010682,-0.068794,-0.079476
2015-05-21,0.011082,-0.059819,-0.070901
2015-05-22,0.006332,-0.065258,-0.07159
2015-05-26,-0.000333,-0.049265,-0.048932
2015-05-27,0.005959,-0.033766,-0.039725
2015-05-28,0.008976,-0.024168,-0.033144
2015-05-29,0.012856,-0.023724,-0.03658
2015-06-01,0.004034,-0.021039,-0.025073
2015-06-02,0.000189,-0.025503,-0.025692
2015-06-03,0.014456,-0.039839,-0.054295
2015-06-04,0.010046,-0.010395,-0.020441
2015-06-05,0.004309,-0.03541,-0.039719
2015-06-08,-0.014838,-0.039072,-0.024234
2015-06-09,-0.010255,-0.022912,-0.012657
2015-06-10,0.00462,-0.03397,-0.038589
2015-06-11,0.007666,-0.005684,-0.01335
2015-06-12,-0.010367,-0.008353,0.002014
2015-06-15,-0.015675,-0.026279,-0.010604
2015-06-16,-0.013374,-0.001867,0.011506
2015-06-17,-0.011454,-0.00072,0.010734
2015-06-18,-0.00047,-0.007301,-0.006831
2015-06-19,-0.007797,-0.008419,-0.000622
2015-06-22,-0.000325,-0.029057,-0.028732
2015-06-23,0.011255,-0.051119,-0.062374
2015-06-24,-0.00553,-0.045118,-0.039589
2015-06-25,-0.007433,-0.046135,-0.038702
2015-06-26,-0.001418,-0.058932,-0.057514
2015-06-29,-0.024346,-0.023528,0.000817
2015-06-30,-0.021332,-0.016577,0.004755
2015-07-01,-0.016094,-0.014001,0.002093
2015-07-02,-0.008621,-0.023475,-0.014854
2015-07-06,-0.009746,0.006888,0.016635
2015-07-07,0.002647,0.017473,0.014826
2015-07-08,-0.014033,0.03445,0.048483
2015-07-09,-0.023955,0.023022,0.046977
2015-07-10,-0.014841,-0.013943,0.000898
2015-07-13,0.003715,-0.017002,-0.020717
2015-07-14,0.012409,-0.015359,-0.027767
2015-07-15,0.006585,-0.012697,-0.019281
2015-07-16,0.013023,0.001862,-0.011162
2015-07-17,0.003447,0.012004,0.008557
2015-07-20,0.008444,-0.005037,-0.01348
2015-07-21,-0.000661,0.021188,0.021849
2015-07-22,-0.00316,0.03375,0.03691
2015-07-23,-0.00152,0.037679,0.039199
2015-07-24,-0.008863,0.04391,0.052773
2015-07-27,-0.014441,0.06143,0.075871
2015-07-28,0.019035,0.026519,0.007484
2015-07-29,0.023901,0.029846,0.005945
2015-07-30,0.016,0.05198,0.03598
2015-07-31,0.015387,0.056293,0.040906
2015-08-03,0.014851,0.047988,0.033137
2015-08-04,0.006538,0.029999,0.023462
2015-08-05,0.027087,0.013514,-0.013572
2015-08-06,0.016838,0.043063,0.026225
2015-08-07,0.002265,0.073774,0.071509
2015-08-10,0.003814,0.063776,0.059961
2015-08-11,-0.00954,0.077129,0.08667
2015-08-12,-0.008025,0.060025,0.068049
2015-08-13,-0.017145,0.049362,0.066507
2015-08-14,-0.014401,0.046418,0.060819
2015-08-17,-0.009408,0.055591,0.064999
2015-08-18,-0.008359,0.041644,0.050003
2015-08-19,-0.01443,0.045422,0.059852
2015-08-20,-0.029546,0.042986,0.072533
2015-08-21,-0.048894,0.043546,0.09244
2015-08-24,-0.083611,0.03766,0.121271
2015-08-25,-0.105384,0.02849,0.133873
2015-08-26,-0.077383,0.012397,0.08978
2015-08-27,-0.054786,0.005233,0.060019
2015-08-28,-0.053301,0.000794,0.054095
2015-08-31,-0.057772,-0.01724,0.040532
2015-09-01,-0.084105,-0.002245,0.08186
2015-09-02,-0.069786,-0.003349,0.066438
2015-09-03,-0.061435,-0.007301,0.054134
2015-09-04,-0.073864,-0.011208,0.062655
2015-09-08,-0.062402,-0.01358,0.048823
2015-09-09,-0.066517,-0.024339,0.042177
2015-09-10,-0.06256,-0.025615,0.036944
2015-09-11,-0.057126,-0.016305,0.040821
2015-09-14,-0.064034,-0.017071,0.046963
2015-09-15,-0.0576,-0.040244,0.017356
2015-09-16,-0.046671,-0.036281,0.01039
2015-09-17,-0.041234,-0.034058,0.007177
2015-09-18,-0.036789,-0.029003,0.007786
2015-09-21,-0.001762,-0.0477,-0.045938
2015-09-22,0.028591,-0.034154,-0.062745
2015-09-23,0.039176,-0.018464,-0.05764
2015-09-24,-0.002865,0.007677,0.010542
2015-09-25,-0.027186,-0.001608,0.025578
2015-09-28,-0.051649,0.01249,0.064139
2015-09-29,-0.043365,0.023218,0.066583
2015-09-30,0.004465,0.012374,0.007909
2015-10-01,-0.011673,0.025517,0.037191
2015-10-02,0.002372,0.026722,0.02435
2015-10-05,0.035889,0.003628,-0.03226
2015-10-06,0.007032,0.023052,0.01602
2015-10-07,0.02904,0.014783,-0.014257
2015-10-08,0.032709,0.013125,-0.019585
2015-10-09,0.02865,0.009423,-0.019227
2015-10-12,0.033456,0.015511,-0.017945
2015-10-13,0.014265,0.037117,0.022852
2015-10-14,0.00073,0.050156,0.049426
2015-10-15,0.018385,0.03241,0.014025
2015-10-16,0.04001,0.017095,-0.022915
2015-10-19,0.035173,0.03111,-0.004062
2015-10-20,0.047445,0.010716,-0.036728
2015-10-21,0.042613,0.020839,-0.021774
2015-10-22,0.064075,0.015645,-0.04843
2015-10-23,0.076018,0.015763,-0.060255
2015-10-26,0.101005,0.005319,-0.095687
2015-10-27,0.098235,0.004986,-0.093249
2015-10-28,0.090382,0.004429,-0.085954
2015-10-29,0.08692,-0.01575,-0.10267
2015-10-30,0.066308,-0.01429,-0.080598
2015-11-02,0.060059,-0.005325,-0.065384
2015-11-03,0.066788,-0.017718,-0.084506
2015-11-04,0.054912,-0.013303,-0.068215
2015-11-05,0.044431,-0.007599,-0.05203
2015-11-06,0.043262,-0.024702,-0.067964
2015-11-09,0.032553,-0.037515,-0.070067
2015-11-10,0.041498,-0.03631,-0.077808
2015-11-11,0.042401,-0.046682,-0.089082
2015-11-12,0.012305,-0.037376,-0.049682
2015-11-13,-0.003591,-0.032189,-0.028598
2015-11-16,0.011063,-0.030419,-0.041482
2015-11-17,0.01162,-0.022787,-0.034407
2015-11-18,0.034085,-0.030378,-0.064463
2015-11-19,0.016028,-0.025565,-0.041593
2015-11-20,0.008674,-0.02019,-0.028865
2015-11-23,0.01,-0.023679,-0.033679
2015-11-24,0.013311,-0.026194,-0.039505
2015-11-25,0.001771,-0.019996,-0.021767
2015-11-27,0.003496,-0.00514,-0.008636
2015-11-30,0.003655,-0.008677,-0.012332
2015-12-01,0.001378,0.009352,0.007974
2015-12-02,-0.011706,0.018028,0.029734
2015-12-03,-0.02258,-0.010789,0.011791
2015-12-04,-0.002522,0.000544,0.003066
2015-12-07,-0.008046,0.025278,0.033324
2015-12-08,-0.005431,0.031592,0.037023
2015-12-09,-0.01544,0.027453,0.042892
2015-12-10,-0.009002,0.030975,0.039977
2015-12-11,-0.01445,0.042205,0.056655
2015-12-14,0.001777,0.022886,0.021109
2015-12-15,-0.002869,0.017794,0.020663
2015-12-16,0.012459,0.013918,0.001459
2015-12-17,-0.01854,0.023245,0.041786
2015-12-18,-0.035194,0.02211,0.057303
2015-12-21,-0.030767,0.025,0.055767
2015-12-22,-0.020849,0.01448,0.035329
2015-12-23,-0.01005,0.006932,0.016981
2015-12-24,-0.011542,0.010359,0.021901
2015-12-28,-0.01493,0.01435,0.02928
2015-12-29,-0.000267,-0.006445,-0.006178
2015-12-30,-0.016729,-0.020665,-0.003936
2015-12-31,-0.016528,-0.016579,-5.1e-05
2016-01-04,-0.016505,0.018193,0.034698
2016-01-05,-0.033687,0.005255,0.038942
2016-01-06,-0.040061,0.009011,0.049072
2016-01-07,-0.056754,0.010324,0.067077
2016-01-08,-0.059793,0.015932,0.075724
2016-01-11,-0.061284,0.003495,0.064779
2016-01-12,-0.035008,0.002178,0.037186
2016-01-13,-0.063805,0.025312,0.089117
2016-01-14,-0.058322,0.021736,0.080058
2016-01-15,-0.091824,0.039888,0.131713
2016-01-19,-0.076544,0.025074,0.101618
2016-01-20,-0.071843,0.030152,0.101995
2016-01-21,-0.074279,0.023407,0.097687
2016-01-22,-0.063784,0.026921,0.090705
2016-01-25,-0.089214,0.040318,0.129533
2016-01-26,-0.075263,0.034885,0.110147
2016-01-27,-0.083232,0.03159,0.114822
2016-01-28,-0.088187,0.050516,0.138703
2016-01-29,-0.059292,0.06048,0.119771
2016-02-01,-0.05013,0.052498,0.102628
2016-02-02,-0.054024,0.064345,0.11837
2016-02-03,-0.049961,0.059794,0.109754
2016-02-04,-0.036314,0.05077,0.087084
2016-02-05,-0.031435,0.050111,0.081546
2016-02-08,-0.033868,0.067927,0.101795
2016-02-09,-0.034772,0.080892,0.115665
2016-02-10,-0.043323,0.074912,0.118235
2016-02-11,-0.031616,0.071875,0.103491
2016-02-12,-0.027614,0.06404,0.091654
2016-02-16,0.010489,0.036634,0.026145
2016-02-17,0.02563,0.033465,0.007835
2016-02-18,0.034688,0.035272,0.000584
2016-02-19,0.028443,0.043224,0.014782
2016-02-22,0.02236,0.04666,0.0243
2016-02-23,0.024941,0.045226,0.020285
2016-02-24,0.015773,0.042662,0.026889
2016-02-25,0.039388,0.046646,0.007258
2016-02-26,0.031622,0.035074,0.003452
2016-02-29,-0.000826,0.030859,0.031685
2016-03-01,0.023031,0.015817,-0.007214
2016-03-02,0.046487,0.001432,-0.045056
2016-03-03,0.044329,0.013486,-0.030843
2016-03-04,0.046085,0.002131,-0.043955
2016-03-07,0.067252,0.000651,-0.066601
2016-03-08,0.070003,-0.009609,-0.079612
2016-03-09,0.075231,-0.016675,-0.091905
2016-03-10,0.077022,-0.029264,-0.106286
2016-03-11,0.108827,-0.045755,-0.154582
2016-03-14,0.085034,-0.026599,-0.111633
2016-03-15,0.065286,-0.015274,-0.08056
2016-03-16,0.054231,-0.006238,-0.060469
2016-03-17,0.065282,-0.014253,-0.079535
2016-03-18,0.06997,-0.013015,-0.082985
2016-03-21,0.056195,-0.020063,-0.076258
2016-03-22,0.06913,-0.024242,-0.093372
2016-03-23,0.057237,-0.011237,-0.068473
2016-03-24,0.044122,-0.014386,-0.058507
2016-03-28,0.047148,-0.003481,-0.050629
2016-03-29,0.065189,0.002586,-0.062603
2016-03-30,0.045291,0.009811,-0.03548
2016-03-31,0.038091,0.012795,-0.025296
2016-04-01,0.041081,0.011749,-0.029331
2016-04-04,0.034345,0.018902,-0.015442
2016-04-05,0.023197,0.030366,0.007169
2016-04-06,0.04579,0.011708,-0.034081
2016-04-07,0.028197,0.03046,0.002263
2016-04-08,0.030143,0.028163,-0.001981
2016-04-11,0.011404,0.03732,0.025916
2016-04-12,0.022134,0.026935,0.004802
2016-04-13,0.034144,0.029576,-0.004568
2016-04-14,0.028242,0.021603,-0.006639
2016-04-15,0.020631,0.026114,0.005484
2016-04-18,0.023779,0.019541,-0.004239
2016-04-19,0.025553,0.024214,-0.001339
2016-04-20,0.027083,0.013185,-0.013898
2016-04-21,0.028345,-0.004119,-0.032464
2016-04-22,0.028801,-0.007056,-0.035857
2016-04-25,0.026422,-0.012453,-0.038874
2016-04-26,0.018526,-0.027133,-0.045659
2016-04-27,0.016164,-0.006969,-0.023132
2016-04-28,0.00939,-0.009898,-0.019288
2016-04-29,-0.002851,-0.009948,-0.007097
2016-05-02,0.00834,-0.020516,-0.028855
2016-05-03,0.009648,-0.018908,-0.028556
2016-05-04,-0.006831,-0.006309,0.000522
2016-05-05,0.005002,-0.011864,-0.016866
2016-05-06,0.005966,-0.009827,-0.015793
2016-05-09,0.009166,-0.005434,-0.0146
2016-05-10,0.012286,0.001555,-0.010732
2016-05-11,-0.007212,0.003692,0.010903
2016-05-12,-0.006971,0.00393,0.0109
2016-05-13,-0.014534,0.005052,0.019586
2016-05-16,-0.011757,0.000716,0.012474
2016-05-17,-0.024059,0.005535,0.029594
2016-05-18,-0.024702,0.002246,0.026948
2016-05-19,-0.022826,0.012603,0.035429
2016-05-20,-0.016653,0.015987,0.03264
2016-05-23,-0.016298,0.022472,0.03877
2016-05-24,-0.005026,0.022566,0.027591
2016-05-25,-0.000334,0.00864,0.008975
2016-05-26,0.009111,0.0097,0.000589
2016-05-27,0.01895,0.005654,-0.013297
2016-05-31,0.008992,0.018307,0.009315
2016-06-01,0.019936,0.009721,-0.010215
2016-06-02,0.028779,0.011449,-0.01733
2016-06-03,0.025906,0.019035,-0.006871
2016-06-06,0.027367,0.015805,-0.011562
2016-06-07,0.028122,0.015073,-0.013049
2016-06-08,0.018805,0.020432,0.001627
2016-06-09,0.027022,0.021242,-0.005779
2016-06-10,0.016993,0.030891,0.013898
2016-06-13,0.018021,0.025539,0.007518
2016-06-14,0.006094,0.03369,0.027596
2016-06-15,0.014157,0.035925,0.021769
2016-06-16,0.016885,0.055993,0.039108
2016-06-17,0.016621,0.044896,0.028275
2016-06-20,0.016745,0.032929,0.016185
2016-06-21,0.021022,0.02587,0.004848
2016-06-22,0.006313,0.032149,0.025837
2016-06-23,0.012549,0.024208,0.011659
2016-06-24,-0.02409,0.046287,0.070377
2016-06-27,-0.045671,0.073978,0.119649
2016-06-28,-0.026607,0.073653,0.10026
2016-06-29,-0.012057,0.06111,0.073167
2016-06-30,-0.001615,0.057399,0.059015
2016-07-01,0.00348,0.057034,0.053554
2016-07-05,-0.008782,0.078281,0.087064
2016-07-06,-0.004392,0.077416,0.081808
2016-07-07,-0.008242,0.0716,0.079842
2016-07-08,0.007902,0.072572,0.06467
2016-07-11,0.021135,0.058034,0.036899
2016-07-12,0.036545,0.036028,-0.000517
2016-07-13,0.038443,0.049014,0.010571
2016-07-14,0.045699,0.029799,-0.0159
2016-07-15,0.041189,0.016009,-0.02518
2016-07-18,0.047889,0.021416,-0.026473
2016-07-19,0.040125,0.03828,-0.001845
2016-07-20,0.041499,0.0374,-0.004099
2016-07-21,0.03926,0.037791,-0.001469
2016-07-22,0.030502,0.051617,0.021116
2016-07-25,0.065981,0.023384,-0.042597
2016-07-26,0.085921,4e-05,-0.085882
2016-07-27,0.065551,0.010388,-0.055163
2016-07-28,0.048921,0.016318,-0.032603
2016-07-29,0.036472,0.021025,-0.015447
2016-08-01,0.033442,-0.003876,-0.037317
2016-08-02,0.034259,-0.026329,-0.060589
2016-08-03,0.031098,-0.027338,-0.058436
2016-08-04,0.032836,-0.01996,-0.052796
2016-08-05,0.026005,-0.037242,-0.063248
2016-08-08,0.02179,-0.02689,-0.04868
2016-08-09,0.015027,-0.000894,-0.01592
2016-08-10,0.012656,-0.008712,-0.021368
2016-08-11,0.011706,-0.003054,-0.014761
2016-08-12,0.012186,0.01406,0.001874
2016-08-15,0.012384,0.005449,-0.006935
2016-08-16,0.008187,-0.002857,-0.011044
2016-08-17,0.005896,0.008636,0.00274
2016-08-18,0.011976,0.008188,-0.003788
2016-08-19,0.005984,0.001176,-0.004808
2016-08-22,0.008678,0.010349,0.001671
2016-08-23,0.010243,0.009831,-0.000411
2016-08-24,0.006142,-0.004941,-0.011083
2016-08-25,0.00429,-0.006881,-0.011171
2016-08-26,0.000783,-0.02082,-0.021603
2016-08-29,0.006545,0.003148,-0.003397
2016-08-30,0.011367,0.009688,-0.001679
2016-08-31,0.005551,0.010548,0.004997
2016-09-01,0.004528,0.004118,-0.000411
2016-09-02,0.000871,0.006393,0.005522
2016-09-06,0.004494,0.011819,0.007325
2016-09-07,0.003804,0.001246,-0.002558
2016-09-08,0.003997,-0.015121,-0.019118
2016-09-09,-0.02456,-0.022629,0.001931
2016-09-12,-0.009705,-0.030292,-0.020588
2016-09-13,-0.026747,-0.032186,-0.005438
2016-09-14,-0.022068,-0.02815,-0.006082
2016-09-15,-0.01415,-0.038117,-0.023967
2016-09-16,-0.02016,-0.031876,-0.011717
2016-09-19,-0.018541,-0.02996,-0.011418
2016-09-20,-0.01845,-0.034707,-0.016257
2016-09-21,-0.009407,-0.027943,-0.018536
2016-09-22,0.00196,-0.017902,-0.019862
2016-09-23,-0.002843,-0.015097,-0.012254
2016-09-26,-0.009056,-0.003032,0.006024
2016-09-27,-0.00779,-0.00897,-0.00118
2016-09-28,-0.001219,-0.007291,-0.006072
2016-09-29,-0.007432,-0.006203,0.001229
2016-09-30,1.2e-05,-0.016169,-0.016181
2016-10-03,-0.006869,-0.011353,-0.004484
2016-10-04,-0.014909,-0.029982,-0.015073
2016-10-05,-0.010459,-0.03381,-0.023351
2016-10-06,-0.007505,-0.026992,-0.019487
2016-10-07,0.013345,-0.010029,-0.023374
2016-10-10,0.004215,-0.016376,-0.020591
2016-10-11,0.005994,-0.007318,-0.013312
2016-10-12,0.007692,-0.007827,-0.015519
2016-10-13,-0.005546,0.000225,0.005771
2016-10-14,-0.001172,-0.021693,-0.020521
2016-10-17,-0.004826,-0.012224,-0.007398
2016-10-18,0.001359,-0.012471,-0.01383
2016-10-19,-0.007136,-0.019583,-0.012447
2016-10-20,-0.015195,-0.02629,-0.011096
2016-10-21,-0.009306,-0.023901,-0.014594
2016-10-24,0.003034,-0.034288,-0.037322
2016-10-25,-0.006494,-0.038793,-0.032298
2016-10-26,-0.013386,-0.043224,-0.029838
2016-10-27,-0.007034,-0.056034,-0.049
2016-10-28,-0.017384,-0.049635,-0.032251
2016-10-31,-0.014969,-0.04064,-0.025671
2016-11-01,-0.017095,-0.029214,-0.012118
2016-11-02,-0.027316,-0.020426,0.00689
2016-11-03,-0.032441,-0.022497,0.009943
2016-11-04,-0.03018,-0.014401,0.01578
2016-11-07,-0.013925,-0.016981,-0.003056
2016-11-08,0.003186,-0.018759,-0.021945
2016-11-09,0.012493,-0.061314,-0.073807
2016-11-10,0.018356,-0.078644,-0.097
2016-11-11,0.015484,-0.070804,-0.086289
2016-11-14,0.019822,-0.08222,-0.102043
2016-11-15,0.021384,-0.080667,-0.102051
2016-11-16,0.016754,-0.073139,-0.089893
2016-11-17,0.023892,-0.087738,-0.111629
2016-11-18,0.021124,-0.091736,-0.11286
2016-11-21,0.024477,-0.085503,-0.10998
2016-11-22,0.029929,-0.088209,-0.118139
2016-11-23,0.032563,-0.085563,-0.118126
2016-11-25,0.039171,-0.074112,-0.113283
2016-11-28,0.037358,-0.065218,-0.102576
2016-11-29,0.039332,-0.067023,-0.106355
2016-11-30,0.044406,-0.082208,-0.126614
2016-12-01,0.046868,-0.095832,-0.142699
2016-12-02,0.052208,-0.082162,-0.13437
2016-12-05,0.059698,-0.091302,-0.151
2016-12-06,0.040113,-0.0842,-0.124313
2016-12-07,0.048994,-0.072612,-0.121606
2016-12-08,0.04053,-0.04294,-0.08347
2016-12-09,0.04421,-0.040675,-0.084885
2016-12-12,0.045421,-0.033445,-0.078866
2016-12-13,0.051572,-0.024159,-0.075732
2016-12-14,0.034817,-0.039811,-0.074629
2016-12-15,0.041034,-0.043592,-0.084625
2016-12-16,0.033684,-0.031541,-0.065225
2016-12-19,0.038258,-0.018289,-0.056547
2016-12-20,0.034451,-0.025601,-0.060052
2016-12-21,0.029562,-0.020975,-0.050537
2016-12-22,0.027225,-0.018919,-0.046144
2016-12-23,0.02492,-0.018384,-0.043305
2016-12-27,0.03231,-0.028699,-0.061009
2016-12-28,0.021786,-0.025683,-0.047469
2016-12-29,0.024015,-0.006129,-0.030144
2016-12-30,0.024036,0.005996,-0.01804
2017-01-03,0.031353,0.002954,-0.028399
2017-01-04,0.031291,0.007906,-0.023386
2017-01-05,0.027219,0.024454,-0.002765
2017-01-06,0.017583,0.006449,-0.011134
2017-01-09,0.011747,0.026634,0.014888
2017-01-10,0.005672,0.038883,0.033211
2017-01-11,0.009673,0.040434,0.030761
2017-01-12,0.000462,0.034443,0.033982
2017-01-13,0.011104,0.041154,0.03005
2017-01-17,0.00341,0.046767,0.043356
2017-01-18,0.007599,0.035742,0.028144
2017-01-19,0.001685,0.017691,0.016007
2017-01-20,0.001502,0.020746,0.019244
2017-01-23,0.001683,0.026427,0.024744
2017-01-24,0.00985,0.021221,0.011371
2017-01-25,0.017102,0.006353,-0.010749
2017-01-26,0.013524,0.013002,-0.000522
2017-01-27,0.020365,0.00928,-0.011085
2017-01-30,0.014263,0.00269,-0.011573
2017-01-31,0.017895,0.008143,-0.009752
2017-02-01,0.010567,-0.002362,-0.012928
2017-02-02,0.005252,-0.006601,-0.011853
2017-02-03,0.012986,-0.022321,-0.035307
2017-02-06,0.00757,-0.007292,-0.014862
2017-02-07,0.010951,-0.007957,-0.018908
2017-02-08,0.012276,0.006195,-0.006082
2017-02-09,0.015412,-0.00875,-0.024162
2017-02-10,0.021984,-0.00713,-0.029113
2017-02-13,0.025193,-0.005522,-0.030715
2017-02-14,0.032928,-0.022938,-0.055866
2017-02-15,0.036031,-0.014816,-0.050847
2017-02-16,0.038998,-0.002592,-0.04159
2017-02-17,0.036826,0.005336,-0.03149
2017-02-21,0.045722,-0.00636,-0.052081
2017-02-22,0.038137,0.002161,-0.035976
2017-02-23,0.029925,0.017936,-0.011989
2017-02-24,0.032311,0.025786,-0.006525
2017-02-27,0.035551,0.016068,-0.019483
2017-02-28,0.0392,0.022915,-0.016285
2017-03-01,0.053839,-0.001176,-0.055016
2017-03-02,0.046789,0.001421,-0.045368
2017-03-03,0.046758,0.00445,-0.042307
2017-03-06,0.036496,7.3e-05,-0.036423
2017-03-07,0.035251,-0.008954,-0.044205
2017-03-08,0.033284,-0.021502,-0.054786
2017-03-09,0.03324,-0.042335,-0.075575
2017-03-10,0.030746,-0.02776,-0.058505
2017-03-13,0.027213,-0.033336,-0.060549
2017-03-14,0.017743,-0.025623,-0.043366
2017-03-15,0.022465,-0.006541,-0.029006
2017-03-16,0.015154,-0.007002,-0.022157
2017-03-17,0.014234,-0.0062,-0.020434
2017-03-20,0.011528,-0.007817,-0.019345
2017-03-21,-0.007371,0.002176,0.009546
2017-03-22,-0.004151,0.004507,0.008658
2017-03-23,-0.005887,9.9e-05,0.005986
2017-03-24,-0.007868,-0.007353,0.000514
2017-03-27,-0.010433,0.003083,0.013515
2017-03-28,-0.000534,-0.007292,-0.006758
2017-03-29,-0.01341,0.015652,0.029062
2017-03-30,-0.003996,0.011089,0.015085
2017-03-31,-0.006939,0.011395,0.018334
2017-04-03,-0.005705,0.026499,0.032205
2017-04-04,-0.002091,0.024035,0.026126
2017-04-05,-0.003207,0.032747,0.035954
2017-04-06,-0.001671,0.039512,0.041183
2017-04-07,-0.006171,0.031689,0.03786
2017-04-10,-0.006081,0.043059,0.04914
2017-04-11,-0.00345,0.047913,0.051363
2017-04-12,-0.016329,0.040933,0.057262
2017-04-13,-0.020792,0.049461,0.070253
2017-04-17,-0.010378,0.039705,0.050083
2017-04-18,-0.012248,0.048796,0.061044
2017-04-19,-0.001241,0.034481,0.035722
2017-04-20,0.004525,0.026377,0.021852
2017-04-21,0.002393,0.027825,0.025433
2017-04-24,0.014154,0.019111,0.004958
2017-04-25,0.021102,0.002282,-0.018821
2017-04-26,0.013088,0.014579,0.001491
2017-04-27,0.012991,0.008229,-0.004763
2017-04-28,0.007575,0.018685,0.01111
2017-05-01,0.012471,0.007288,-0.005183
2017-05-02,0.014618,0.002336,-0.012282
2017-05-03,0.01274,0.008465,-0.004275
2017-05-04,0.016952,0.000438,-0.016514
2017-05-05,0.018094,0.002833,-0.015261
2017-05-08,0.018963,0.001425,-0.017538
2017-05-09,0.017422,-0.003283,-0.020705
2017-05-10,0.020463,-0.013792,-0.034254
2017-05-11,0.022861,-0.01916,-0.04202
2017-05-12,0.027827,-0.014793,-0.04262
2017-05-15,0.024428,-0.014438,-0.038865
2017-05-16,0.026553,-0.023546,-0.0501
2017-05-17,0.010195,-0.003891,-0.014086
2017-05-18,0.006076,0.001115,-0.004962
2017-05-19,0.015857,0.003467,-0.01239
2017-05-22,0.009909,0.005676,-0.004233
2017-05-23,0.006288,0.011082,0.004794
2017-05-24,0.00927,0.011197,0.001927
2017-05-25,0.013244,0.011857,-0.001387
2017-05-26,0.015247,0.011344,-0.003903
2017-05-30,0.011815,0.02486,0.013045
2017-05-31,0.011182,0.022186,0.011004
2017-06-01,0.020463,0.021621,0.001158
2017-06-02,0.022659,0.038835,0.016177
2017-06-05,0.017898,0.031449,0.013552
2017-06-06,0.014813,0.042741,0.027929
2017-06-07,0.017624,0.037844,0.020219
2017-06-08,0.016301,0.036305,0.020004
2017-06-09,0.016835,0.034724,0.017889
2017-06-12,0.018328,0.026638,0.00831
2017-06-13,0.017686,0.029601,0.011915
2017-06-14,0.017328,0.041622,0.024295
2017-06-15,0.033712,0.025042,-0.00867
2017-06-16,0.029789,0.025909,-0.00388
2017-06-19,0.031652,0.022046,-0.009606
2017-06-20,0.019518,0.034041,0.014523
2017-06-21,0.017016,0.043171,0.026155
2017-06-22,0.01419,0.039608,0.025418
2017-06-23,0.010571,0.038783,0.028211
2017-06-26,0.011445,0.040912,0.029466
2017-06-27,0.004169,0.024731,0.020561
2017-06-28,0.013409,0.018794,0.005385
2017-06-29,-0.003423,0.010149,0.013572
2017-06-30,-0.004877,-0.00398,0.000897
2017-07-03,-0.002454,-0.000984,0.00147
2017-07-05,0.003059,-0.006157,-0.009215
2017-07-06,-0.007949,-0.009646,-0.001696
2017-07-07,-0.002007,-0.012974,-0.010966
2017-07-10,0.000583,-0.010017,-0.0106
2017-07-11,4.6e-05,-0.008006,-0.008051
2017-07-12,0.002657,-0.001318,-0.003975
2017-07-13,0.005617,-0.022688,-0.028305
2017-07-14,0.012255,-0.019946,-0.032201
2017-07-17,0.011911,-0.019189,-0.031099
2017-07-18,0.004087,-0.009212,-0.013299
2017-07-19,0.016378,-0.017613,-0.033991
2017-07-20,0.017082,-0.016787,-0.033869
2017-07-21,0.016636,-0.014787,-0.031423
2017-07-24,0.015177,-0.018166,-0.033344
2017-07-25,0.016975,-0.034576,-0.051551
2017-07-26,0.025276,-0.022573,-0.047849
2017-07-27,0.015237,-0.02416,-0.039397
2017-07-28,0.023037,-0.010079,-0.033116
2017-07-31,0.020554,-0.006583,-0.027138
2017-08-01,0.021097,0.003623,-0.017475
2017-08-02,0.019236,0.003945,-0.015292
2017-08-03,0.026647,0.022792,-0.003855
2017-08-04,0.021891,0.020221,-0.00167
2017-08-07,0.022692,0.019869,-0.002824
2017-08-08,0.020934,0.014465,-0.006469
2017-08-09,0.013278,0.013007,-0.000272
2017-08-10,-0.0027,0.028127,0.030827
2017-08-11,-0.005864,0.027364,0.033228
2017-08-14,0.004114,0.019272,0.015158
2017-08-15,0.00346,0.00619,0.00273
2017-08-16,-0.000202,0.009481,0.009684
2017-08-17,-0.016228,0.014104,0.030332
2017-08-18,-0.016891,0.009589,0.026479
2017-08-21,-0.015882,0.016021,0.031903
2017-08-22,-0.008002,0.02545,0.033452
2017-08-23,-0.011599,0.030756,0.042355
2017-08-24,-0.012985,0.032037,0.045023
2017-08-25,-0.009518,0.029919,0.039437
2017-08-28,-0.008915,0.028028,0.036943
2017-08-29,-0.009987,0.024149,0.034136
2017-08-30,-0.005779,0.023254,0.029033
2017-08-31,0.002146,0.015794,0.013648
2017-09-01,0.001738,0.016657,0.014919
2017-09-05,-0.007302,0.031623,0.038925
2017-09-06,-0.001456,0.028996,0.030452
2017-09-07,-0.001537,0.033888,0.035425
2017-09-08,0.011569,0.022914,0.011345
2017-09-11,0.02085,0.010222,-0.010628
2017-09-12,0.014237,0.010106,-0.004131
2017-09-13,0.014847,0.010379,-0.004468
2017-09-14,0.012756,0.010827,-0.001929
2017-09-15,0.030181,0.003721,-0.02646
2017-09-18,0.033988,-0.001819,-0.035807
2017-09-19,0.034214,-0.006704,-0.040918
2017-09-20,0.023879,-0.002141,-0.02602
2017-09-21,0.024811,-0.009433,-0.034244
2017-09-22,0.02741,-0.002919,-0.030329
2017-09-25,0.02292,-0.000538,-0.023458
2017-09-26,0.023495,-0.001722,-0.025216
2017-09-27,0.026306,-0.019921,-0.046227
2017-09-28,0.022692,-0.022519,-0.045211
2017-09-29,0.02015,-0.023229,-0.043379
2017-10-02,0.023129,-0.017503,-0.040631
2017-10-03,0.032735,-0.031906,-0.064641
2017-10-04,0.030443,-0.025851,-0.056295
2017-10-05,0.036675,-0.039365,-0.07604
2017-10-06,0.036712,-0.039999,-0.076711
2017-10-09,0.024077,-0.025334,-0.049411
2017-10-10,0.02333,-0.018603,-0.041933
2017-10-11,0.024446,-0.012813,-0.037259
2017-10-12,0.023246,-0.012673,-0.035919
2017-10-13,0.023115,-0.005954,-0.029069
2017-10-16,0.022305,-0.000915,-0.02322
2017-10-17,0.022003,0.002821,-0.019182
2017-10-18,0.022635,-0.004502,-0.027137
2017-10-19,0.025663,-0.002197,-0.027859
2017-10-20,0.030749,-0.015603,-0.046352
2017-10-23,0.028843,-0.019991,-0.048835
2017-10-24,0.030031,-0.024299,-0.05433
2017-10-25,0.020956,-0.014108,-0.035064
2017-10-26,0.02105,-0.014478,-0.035529
2017-10-27,0.025793,-0.010184,-0.035977
2017-10-30,0.017557,0.001127,-0.016431
2017-10-31,0.016966,0.000482,-0.016484
2017-11-01,0.017104,0.004856,-0.012248
2017-11-02,0.011506,0.013113,0.001608
2017-11-03,0.01604,0.01874,0.002701
2017-11-06,0.019295,0.019334,3.8e-05
2017-11-07,0.015906,0.02197,0.006064
2017-11-08,0.016038,0.017743,0.001705
2017-11-09,0.013863,0.010538,-0.003324
2017-11-10,0.012316,-0.011818,-0.024134
2017-11-13,0.011908,-0.009038,-0.020946
2017-11-14,0.008847,-0.003612,-0.012459
2017-11-15,0.002815,0.013894,0.011079
2017-11-16,0.011064,0.003318,-0.007746
2017-11-17,0.002917,0.021597,0.01868
2017-11-20,0.008551,0.019384,0.010833
2017-11-21,0.013369,0.028991,0.015622
2017-11-22,0.017509,0.037278,0.019769
2017-11-24,0.018543,0.037888,0.019344
2017-11-27,0.009779,0.029602,0.019823
2017-11-28,0.023836,0.021207,-0.00263
2017-11-29,0.021622,0.010813,-0.010808
2017-11-30,0.029205,0.002966,-0.026239
2017-12-01,0.02667,0.012039,-0.014631
2017-12-04,0.022016,0.009778,-0.012238
2017-12-05,0.016766,0.011021,-0.005745
2017-12-06,0.017667,0.010271,-0.007396
2017-12-07,0.019143,0.00458,-0.014562
2017-12-08,0.028431,0.00753,-0.020901
2017-12-11,0.031849,0.020857,-0.010993
2017-12-12,0.03271,0.018318,-0.014392
2017-12-13,0.034998,0.01909,-0.015908
2017-12-14,0.035954,0.012414,-0.023539
2017-12-15,0.035775,0.025124,-0.010651
2017-12-18,0.045416,0.008305,-0.03711
2017-12-19,0.039627,-0.004382,-0.044009
2017-12-20,0.032328,-0.018514,-0.050842
2017-12-21,0.03537,-0.015977,-0.051347
2017-12-22,0.032714,-0.011915,-0.044629
2017-12-26,0.031994,-0.007575,-0.039569
2017-12-27,0.022127,0.004003,-0.018124
2017-12-28,0.024853,0.013121,-0.011733
2017-12-29,0.012128,0.018126,0.005998
2018-01-02,0.021492,-0.006279,-0.027771
2018-01-03,0.029198,-0.002001,-0.031199
2018-01-04,0.037267,-0.0071,-0.044366
2018-01-05,0.043981,-0.013346,-0.057328
2018-01-08,0.042603,-0.006191,-0.048794
2018-01-09,0.039296,-0.019558,-0.058854
2018-01-10,0.034588,-0.018732,-0.05332
2018-01-11,0.0403,-0.014299,-0.054599
2018-01-12,0.0472,-0.02,-0.0672
2018-01-16,0.047902,-0.020064,-0.067966
2018-01-17,0.049154,-0.025056,-0.074209
2018-01-18,0.04079,-0.025227,-0.066017
2018-01-19,0.049557,-0.017603,-0.06716
2018-01-22,0.058645,-0.005634,-0.064279
2018-01-23,0.058711,-0.007143,-0.065854
2018-01-24,0.058577,-0.013865,-0.072442
2018-01-25,0.060294,-0.00871,-0.069005
2018-01-26,0.072048,-0.025085,-0.097133
2018-01-29,0.062754,-0.031028,-0.093782
2018-01-30,0.055835,-0.038231,-0.094066
2018-01-31,0.048852,-0.021994,-0.070846
2018-02-01,0.041077,-0.040754,-0.081831
2018-02-02,0.014138,-0.049504,-0.063642
2018-02-05,-0.034709,-0.037775,-0.003066
2018-02-06,-0.017487,-0.043145,-0.025658
2018-02-07,-0.025023,-0.039392,-0.014368
2018-02-08,-0.060156,-0.039279,0.020877
2018-02-09,-0.052948,-0.049268,0.003681
2018-02-12,-0.045265,-0.046686,-0.001421
2018-02-13,-0.039607,-0.046403,-0.006796
2018-02-14,-0.035836,-0.055698,-0.019862
2018-02-15,-0.021889,-0.043603,-0.021715
2018-02-16,-0.026034,-0.03334,-0.007307
2018-02-20,-0.039938,-0.038512,0.001425
2018-02-21,-0.046736,-0.054377,-0.00764
2018-02-22,-0.04513,-0.046377,-0.001246
2018-02-23,-0.030321,-0.04574,-0.015419
2018-02-26,-0.030288,-0.041864,-0.011576
2018-02-27,-0.036005,-0.036538,-0.000533
2018-02-28,-0.035882,-0.024693,0.011189
2018-03-01,-0.050372,-0.023795,0.026577
2018-03-02,-0.044392,-0.017492,0.0269
2018-03-05,-0.011835,-0.010972,0.000863
2018-03-06,0.033911,-0.019318,-0.053228
2018-03-07,0.013562,-0.014271,-0.027834
2018-03-08,0.024022,0.000921,-0.023102
2018-03-09,0.082444,-0.004568,-0.087012
2018-03-12,0.065086,0.007539,-0.057547
2018-03-13,0.042889,0.008191,-0.034697
2018-03-14,0.034962,0.012543,-0.022419
2018-03-15,0.020068,0.023901,0.003834
2018-03-16,0.008308,0.016784,0.008476
2018-03-19,-0.005627,0.008094,0.013721
2018-03-20,0.00234,0.00846,0.00612
2018-03-21,0.005418,0.022102,0.016684
2018-03-22,-0.020983,0.029144,0.050128
2018-03-23,-0.056884,0.01932,0.076204
2018-03-26,-0.042203,0.015075,0.057279
2018-03-27,-0.046592,0.027406,0.073998
2018-03-28,-0.039681,0.023619,0.0633
2018-03-29,-0.01306,0.021622,0.034682
2018-04-02,-0.039315,0.032028,0.071343
2018-04-03,-0.038119,0.026845,0.064964
2018-04-04,-0.030286,0.023768,0.054054
2018-04-05,-0.022275,0.017253,0.039528
2018-04-06,-0.048668,0.022485,0.071153
2018-04-09,-0.060332,0.03095,0.091281
2018-04-10,-0.044191,0.023179,0.06737
2018-04-11,-0.043017,0.021643,0.06466
2018-04-12,-0.030167,0.005304,0.035471
2018-04-13,-0.031957,0.007638,0.039595
2018-04-16,-0.025055,0.011589,0.036644
2018-04-17,-0.001109,0.017577,0.018686
2018-04-18,-0.002067,0.013511,0.015578
2018-04-19,-0.005695,0.004158,0.009852
2018-04-20,0.01115,-0.012862,-0.024012
2018-04-23,0.033017,-0.011872,-0.04489
2018-04-24,-0.008034,-0.012596,-0.004562
2018-04-25,0.011627,-0.029586,-0.041213
2018-04-26,0.024939,-0.025372,-0.050311
2018-04-27,0.012959,-0.022607,-0.035566
2018-04-30,0.027343,-0.02281,-0.050153
2018-05-01,0.016145,-0.018761,-0.034906
2018-05-02,-0.001366,-0.017808,-0.016442
2018-05-03,-0.011369,-0.005994,0.005375
2018-05-04,0.024257,-0.015257,-0.039514
2018-05-07,0.022682,-0.018451,-0.041133
2018-05-08,0.006675,-0.017578,-0.024253
2018-05-09,0.021762,-0.02691,-0.048672
2018-05-10,0.022901,-0.011837,-0.034737
2018-05-11,0.02904,-0.011639,-0.040679
2018-05-14,0.021135,-0.017187,-0.038322
2018-05-15,0.003368,-0.031018,-0.034386
2018-05-16,0.006842,-0.026954,-0.033795
2018-05-17,0.011603,-0.023918,-0.035521
2018-05-18,0.017704,-0.008371,-0.026075
2018-05-21,0.025509,-0.008114,-0.033624
2018-05-22,0.036619,-0.005102,-0.041721
2018-05-23,0.036908,0.008877,-0.028031
2018-05-24,0.02437,0.00985,-0.01452
2018-05-25,0.020971,0.008358,-0.012612
2018-05-29,0.01705,0.028628,0.011577
2018-05-30,0.028795,0.02542,-0.003374
2018-05-31,0.029407,0.024857,-0.004551
2018-06-01,0.04181,0.014893,-0.026916
2018-06-04,0.033381,0.00603,-0.027351
2018-06-05,0.030646,0.010001,-0.020645
2018-06-06,0.039263,0.002745,-0.036518
2018-06-07,0.029202,0.01855,-0.010652
2018-06-08,0.022682,0.00738,-0.015302
2018-06-11,0.020927,0.002996,-0.017931
2018-06-12,0.02176,0.008578,-0.013182
2018-06-13,0.025562,0.019677,-0.005885
2018-06-14,0.023839,0.032101,0.008262
2018-06-15,0.023398,0.03829,0.014892
2018-06-18,0.023852,0.028491,0.004639
2018-06-19,0.012317,0.033948,0.021631
2018-06-20,0.016871,0.026463,0.009592
2018-06-21,0.007724,0.02442,0.016696
2018-06-22,0.011634,0.016235,0.004602
2018-06-25,0.000246,0.012211,0.011965
2018-06-26,0.014124,-0.00809,-0.022214
2018-06-27,-0.007522,0.008019,0.015541
2018-06-28,0.004305,0.009931,0.005626
2018-06-29,-0.004027,0.011804,0.015831
2018-07-02,-0.006618,0.018377,0.024995
2018-07-03,-0.010845,0.021438,0.032283
2018-07-05,-0.011044,0.032736,0.04378
2018-07-06,-0.002571,0.026173,0.028745
2018-07-09,0.003443,0.02264,0.019197
2018-07-10,0.005717,0.024442,0.018725
2018-07-11,-0.002928,0.028131,0.03106
2018-07-12,0.009332,0.028565,0.019233
2018-07-13,0.007589,0.022681,0.015092
2018-07-16,0.007975,0.017501,0.009526
2018-07-17,0.014138,0.016515,0.002377
2018-07-18,0.020182,0.006573,-0.013609
2018-07-19,0.014603,0.021907,0.007304
2018-07-20,0.019837,0.004093,-0.015744
2018-07-23,0.019873,-0.008213,-0.028086
2018-07-24,0.039151,-0.007029,-0.04618
2018-07-25,0.045692,-0.009997,-0.05569
2018-07-26,0.05194,-0.021128,-0.073068
2018-07-27,0.038872,-0.019727,-0.058599
2018-07-30,0.03196,-0.019721,-0.05168
2018-07-31,0.034834,-0.013596,-0.04843
2018-08-01,0.036767,-0.026846,-0.063612
2018-08-02,0.033979,-0.028237,-0.062216
2018-08-03,0.0297,-0.026586,-0.056286
2018-08-06,0.024254,-0.019706,-0.04396
2018-08-07,0.023951,-0.024721,-0.048672
2018-08-08,0.031062,-0.027483,-0.058545
2018-08-09,0.020403,-0.019216,-0.039619
2018-08-10,0.012769,-0.014589,-0.027357
2018-08-13,0.00988,-0.012527,-0.022407
2018-08-14,0.01223,-0.012883,-0.025112
2018-08-15,0.002562,-0.003126,-0.005688
2018-08-16,0.0145,-0.009487,-0.023987
2018-08-17,0.019236,0.004061,-0.015175
2018-08-20,0.019522,0.023411,0.003889
2018-08-21,0.016797,0.016472,-0.000325
2018-08-22,0.007605,0.022114,0.014509
2018-08-23,0.008647,0.025681,0.017035
2018-08-24,0.02164,0.025978,0.004338
2018-08-27,0.035113,0.023618,-0.011495
2018-08-28,0.030534,0.011947,-0.018587
2018-08-29,0.037812,0.021611,-0.016201
2018-08-30,0.02801,0.022338,-0.005672
2018-08-31,0.02366,0.014931,-0.008729
2018-09-04,0.018163,0.008471,-0.009692
2018-09-05,0.012081,0.011036,-0.001045
2018-09-06,0.009459,0.013728,0.004269
2018-09-07,0.008875,-0.003269,-0.012144
2018-09-10,0.017446,-0.0068,-0.024246
2018-09-11,0.024637,-0.012313,-0.03695
2018-09-12,0.018387,-0.007757,-0.026144
2018-09-13,0.032117,-0.012013,-0.04413
2018-09-14,0.024009,-0.01666,-0.040669
2018-09-17,0.015014,-0.017879,-0.032893
2018-09-18,0.018343,-0.034614,-0.052957
2018-09-19,0.017042,-0.037134,-0.054176
2018-09-20,0.025894,-0.036485,-0.062379
2018-09-21,0.026319,-0.038395,-0.064714
2018-09-24,0.016791,-0.042741,-0.059531
2018-09-25,0.00789,-0.038219,-0.046109
2018-09-26,0.004388,-0.02561,-0.029998
2018-09-27,0.001804,-0.026236,-0.028041
2018-09-28,0.00598,-0.030885,-0.036866
2018-10-01,0.00944,-0.035774,-0.045214
2018-10-02,0.010593,-0.024238,-0.034831
2018-10-03,0.013876,-0.038625,-0.052501
2018-10-04,0.008989,-0.048903,-0.057892
2018-10-05,0.005295,-0.049004,-0.054299
2018-10-08,0.003551,-0.055688,-0.059239
2018-10-09,-0.001208,-0.038818,-0.03761
2018-10-10,-0.033067,-0.043693,-0.010626
2018-10-11,-0.059925,-0.033527,0.026397
2018-10-12,-0.047033,-0.032261,0.014771
2018-10-15,-0.047342,-0.032684,0.014658
2018-10-16,-0.031765,-0.020239,0.011526
2018-10-17,-0.032623,-0.020202,0.012421
2018-10-18,-0.054257,-0.02506,0.029197
2018-10-19,-0.053906,-0.026783,0.027122
2018-10-22,-0.055014,-0.025571,0.029443
2018-10-23,-0.058951,-0.021477,0.037474
2018-10-24,-0.084725,-0.02097,0.063755
2018-10-25,-0.0709,-0.025728,0.045173
2018-10-26,-0.087335,-0.017255,0.07008
2018-10-29,-0.095534,-0.012226,0.083308
2018-10-30,-0.081596,-0.023104,0.058491
2018-10-31,-0.072295,-0.010886,0.061409
2018-11-01,-0.055037,-0.002936,0.052102
2018-11-02,-0.055347,-0.006796,0.048552
2018-11-05,-0.050135,0.000469,0.050605
2018-11-06,-0.042728,-0.01017,0.032558
2018-11-07,0.009738,-0.006141,-0.015878
2018-11-08,0.030605,-0.018168,-0.048773
2018-11-09,0.006559,-0.007381,-0.013941
2018-11-12,-0.006669,-0.000464,0.006205
2018-11-13,-0.029743,-0.003342,0.026401
2018-11-14,-0.036548,0.003219,0.039767
2018-11-15,-0.012228,0.00313,0.015359
2018-11-16,-0.009122,0.011154,0.020276
2018-11-19,-0.02149,0.015315,0.036805
2018-11-20,-0.034685,0.012458,0.047143
2018-11-21,-0.001131,0.004523,0.005654
2018-11-23,-0.025289,0.009794,0.035083
2018-11-26,0.008178,0.001468,-0.00671
2018-11-27,0.017206,0.004874,-0.012332
2018-11-28,0.025432,0.004973,-0.020459
2018-11-29,0.012378,0.014077,0.001699
2018-11-30,0.007824,0.01693,0.009106
2018-12-03,0.027254,0.037044,0.00979
2018-12-04,-0.011485,0.050279,0.061764
2018-12-06,-0.019191,0.054234,0.073425
2018-12-07,-0.062062,0.054788,0.11685
2018-12-10,-0.058574,0.059247,0.117821
2018-12-11,-0.049071,0.051221,0.100292
2018-12-12,-0.026085,0.039746,0.065831
2018-12-13,-0.02459,0.037923,0.062513
2018-12-14,-0.03601,0.040888,0.076899
2018-12-17,-0.064684,0.047409,0.112093
2018-12-18,-0.068133,0.047619,0.115751
2018-12-19,-0.066295,0.058505,0.124801
2018-12-20,-0.064175,0.054295,0.118471
2018-12-21,-0.086463,0.054487,0.14095
2018-12-24,-0.104621,0.058624,0.163246
2018-12-26,-0.074327,0.04965,0.123977
2018-12-27,-0.070348,0.048638,0.118986
2018-12-28,-0.092444,0.062636,0.15508
2018-12-31,-0.08249,0.062497,0.144986
2019-01-02,-0.0871,0.06411,0.15121
2019-01-03,-0.12053,0.068632,0.189162
2019-01-04,-0.060633,0.03887,0.099503
2019-01-07,-0.051788,0.032564,0.084352
2019-01-08,-0.020111,0.027937,0.048048
2019-01-09,-0.017395,0.022099,0.039494
2019-01-10,-0.014153,0.015695,0.029848
2019-01-11,-0.018713,0.024223,0.042937
2019-01-14,-0.024369,0.022832,0.047202
2019-01-15,0.005376,0.01557,0.010193
2019-01-16,0.027976,0.010699,-0.017277
2019-01-17,0.036912,0.004933,-0.031979
2019-01-18,0.066688,-0.013369,-0.080057
2019-01-22,0.069689,-0.003065,-0.072754
2019-01-23,0.09435,-0.003314,-0.097664
2019-01-24,0.124648,-0.001731,-0.126379
2019-01-25,0.079616,0.004249,-0.075367
2019-01-28,0.063248,0.003082,-0.060166
2019-01-29,0.063209,-0.000248,-0.063457
2019-01-30,0.070662,-0.004773,-0.075435
2019-01-31,0.078943,-0.001474,-0.080417
2019-02-01,0.105851,-0.018672,-0.124523
2019-02-04,0.077538,-0.011612,-0.08915
2019-02-05,0.073591,-0.004161,-0.077752
2019-02-06,0.062196,-0.001042,-0.063237
2019-02-07,0.047176,0.007138,-0.040038
2019-02-08,0.04477,0.017985,-0.026785
2019-02-11,0.044946,0.01005,-0.034895
2019-02-12,0.06488,0.011244,-0.053636
2019-02-13,0.056232,0.01111,-0.045122
2019-02-14,0.051345,0.015855,-0.03549
2019-02-15,0.054799,0.017187,-0.037613
2019-02-19,0.042746,0.025145,-0.0176
2019-02-20,0.059157,0.015332,-0.043825
2019-02-21,0.053187,0.006675,-0.046512
2019-02-22,0.059153,0.006066,-0.053087
2019-02-25,0.051697,0.007914,-0.043783
2019-02-26,0.058993,0.013913,-0.04508
2019-02-27,0.059944,-0.002627,-0.062571
2019-02-28,0.041483,-0.005282,-0.046766
2019-03-01,0.038862,-0.02288,-0.061742
2019-03-04,0.034585,-0.009237,-0.043822
2019-03-05,0.02596,-0.002714,-0.028674
2019-03-06,0.015489,-0.003604,-0.019092
2019-03-07,0.008323,0.002361,-0.005962
2019-03-08,0.015992,-2.6e-05,-0.016018
2019-03-11,0.029467,-0.007225,-0.036692
2019-03-12,0.032776,0.003675,-0.029102
2019-03-13,0.026413,0.004338,-0.022075
2019-03-14,0.022437,0.000871,-0.021566
2019-03-15,0.029773,0.001784,-0.027989
2019-03-18,0.022365,-0.000352,-0.022718
2019-03-19,0.020853,-0.005099,-0.025952
2019-03-20,0.015733,0.008194,-0.007539
2019-03-21,0.030871,0.019525,-0.011345
2019-03-22,0.004801,0.029232,0.024431
2019-03-25,0.00268,0.033942,0.031262
2019-03-26,0.010877,0.02811,0.017233
2019-03-27,0.006023,0.04946,0.043436
2019-03-28,0.011722,0.056718,0.044997
2019-03-29,0.011783,0.065566,0.053782
2019-04-01,0.02752,0.042261,0.014742
2019-04-02,0.029423,0.042011,0.012588
2019-04-03,0.037326,0.0292,-0.008126
2019-04-04,0.048852,0.025466,-0.023386
2019-04-05,0.056041,0.022483,-0.033558
2019-04-08,0.04174,0.021882,-0.019858
2019-04-09,0.032508,0.017968,-0.014539
2019-04-10,0.029217,0.022358,-0.006859
2019-04-11,0.02959,0.023747,-0.005843
2019-04-12,0.03146,0.009777,-0.021684
2019-04-15,0.027061,0.012911,-0.01415
2019-04-16,0.027479,0.008807,-0.018671
2019-04-17,0.028059,-0.001228,-0.029287
2019-04-18,0.018579,0.001796,-0.016782
2019-04-22,0.039463,-0.018264,-0.057727
2019-04-23,0.049599,-0.017751,-0.06735
2019-04-24,0.039521,-0.009024,-0.048545
2019-04-25,0.044341,-0.01949,-0.063832
2019-04-26,0.045242,-0.019573,-0.064815
2019-04-29,0.040321,-0.024905,-0.065226
2019-04-30,0.028654,-0.005789,-0.034443
2019-05-01,0.020422,-0.003531,-0.023953
2019-05-02,0.016619,0.000395,-0.016223
2019-05-03,0.023853,0.0004,-0.023452
2019-05-06,0.014727,0.001857,-0.012871
2019-05-07,-0.002978,0.013126,0.016104
2019-05-08,0.000766,0.005575,0.004809
2019-05-09,-0.005654,0.007259,0.012913
2019-05-10,-0.000382,0.011832,0.012214
2019-05-13,-0.032052,0.027096,0.059148
2019-05-14,-0.022657,0.021492,0.044149
2019-05-15,-0.017577,0.034242,0.051819
2019-05-16,-0.006046,0.030377,0.036423
2019-05-17,-0.014413,0.027294,0.041707
2019-05-20,-0.021773,0.030119,0.051892
2019-05-21,-0.02175,0.026299,0.048049
2019-05-22,-0.022585,0.023833,0.046418
2019-05-23,-0.033933,0.036859,0.070792
2019-05-24,-0.036229,0.034232,0.070461
2019-05-28,-0.046687,0.048367,0.095055
2019-05-29,-0.053568,0.046186,0.099754
2019-05-30,-0.043796,0.050847,0.094643
2019-05-31,-0.05464,0.069094,0.123734
2019-06-03,-0.066184,0.073199,0.139383
2019-06-04,-0.041971,0.058053,0.100025
2019-06-05,-0.017261,0.044075,0.061336
2019-06-06,-0.009495,0.05199,0.061485
2019-06-07,0.003454,0.05676,0.053306
2019-06-10,0.00302,0.048239,0.045219
2019-06-11,0.028627,0.040706,0.01208
2019-06-12,0.017608,0.044577,0.026969
2019-06-13,0.015856,0.041775,0.025919
2019-06-14,0.005422,0.047886,0.042464
2019-06-17,0.01235,0.047387,0.035037
2019-06-18,0.029759,0.054813,0.025054
2019-06-19,0.022861,0.05801,0.035149
2019-06-20,0.035816,0.054754,0.018939
2019-06-21,0.047104,0.031563,-0.015541
2019-06-24,0.043455,0.038361,-0.005094
2019-06-25,0.04292,0.03413,-0.00879
2019-06-26,0.048919,0.024408,-0.024511
2019-06-27,0.049772,0.022832,-0.026939
2019-06-28,0.069587,0.009501,-0.060086
2019-07-01,0.082048,0.000448,-0.0816
2019-07-02,0.061818,0.019792,-0.042025
2019-07-03,0.061115,0.0329,-0.028215
2019-07-05,0.053061,0.015923,-0.037137
2019-07-08,0.036897,0.008578,-0.02832
2019-07-09,0.033448,0.017778,-0.01567
2019-07-10,0.038637,0.011553,-0.027084
2019-07-11,0.042913,-0.002716,-0.045629
2019-07-12,0.043277,-0.004992,-0.048269
2019-07-15,0.044779,-0.001773,-0.046552
2019-07-16,0.041013,-0.006484,-0.047497
2019-07-17,0.023215,-0.000764,-0.023979
2019-07-18,0.024648,-0.00212,-0.026768
2019-07-19,0.009313,-0.007086,-0.016399
2019-07-22,0.013265,0.00585,-0.007416
2019-07-23,0.021761,-0.007043,-0.028804
2019-07-24,0.036732,-0.005809,-0.04254
2019-07-25,0.032809,-0.004188,-0.036997
2019-07-26,0.036055,-0.00882,-0.044875
2019-07-29,0.028874,-0.007846,-0.03672
2019-07-30,0.017114,-0.0031,-0.020214
2019-07-31,0.003373,-0.002776,-0.00615
2019-08-01,-0.013253,0.009829,0.023083
2019-08-02,-0.019567,0.03286,0.052428
2019-08-05,-0.043798,0.04929,0.093088
2019-08-06,-0.031596,0.058077,0.089673
2019-08-07,-0.035632,0.064315,0.099947
2019-08-08,-0.01901,0.081028,0.100039
2019-08-09,-0.030035,0.077629,0.107664
2019-08-12,-0.042161,0.093797,0.135958
2019-08-13,-0.024118,0.093303,0.117421
2019-08-14,-0.046483,0.105993,0.152476
2019-08-15,-0.047452,0.118206,0.165658
2019-08-16,-0.027997,0.11186,0.139857
2019-08-19,-0.018697,0.093881,0.112579
2019-08-20,-0.03313,0.11126,0.144391
2019-08-21,-0.029823,0.099081,0.128904
2019-08-22,-0.025467,0.097025,0.122492
2019-08-23,-0.056819,0.112425,0.169244
2019-08-26,-0.044649,0.107591,0.152241
2019-08-27,-0.046056,0.121928,0.167984
2019-08-28,-0.028712,0.114412,0.143124
2019-08-29,-0.007665,0.088571,0.096236
2019-08-30,-0.000581,0.078895,0.079476
2019-09-03,0.024382,0.061931,0.037549
2019-09-04,0.021682,0.055084,0.033403
2019-09-05,0.034205,0.035607,0.001402
2019-09-06,0.015088,0.040746,0.025658
2019-09-09,0.022564,0.0243,0.001736
2019-09-10,0.034922,-0.014207,-0.049129
2019-09-11,0.02632,-0.012574,-0.038894
2019-09-12,0.061254,-0.040657,-0.10191
2019-09-13,0.057755,-0.071472,-0.129227
2019-09-16,0.039155,-0.052046,-0.091201
2019-09-17,0.029384,-0.033075,-0.062459
2019-09-18,0.037954,-0.038913,-0.076867
2019-09-19,0.029509,-0.029554,-0.059063
2019-09-20,0.024961,-0.010161,-0.035122
2019-09-23,0.051736,-0.026371,-0.078107
2019-09-24,0.03207,-0.010635,-0.042705
2019-09-25,0.042264,-0.039901,-0.082165
2019-09-26,0.032821,-0.034967,-0.067788
2019-09-27,0.014301,-0.028916,-0.043217
2019-09-30,0.019458,-0.026799,-0.046256
2019-10-01,0.013256,-0.025129,-0.038385
2019-10-02,-0.015813,-0.024205,-0.008392
2019-10-03,-0.020344,0.002858,0.023202
2019-10-04,-0.007853,0.003125,0.010978
2019-10-07,-0.012631,0.012803,0.025434
2019-10-08,-0.027732,0.033649,0.06138
2019-10-09,-0.025428,0.02964,0.055068
2019-10-10,-0.022224,0.020993,0.043216
2019-10-11,-0.011431,0.030364,0.041795
2019-10-14,-0.009472,0.024788,0.03426
2019-10-15,-0.002193,0.006938,0.009131
2019-10-16,-0.00439,0.003902,0.008293
2019-10-17,-0.001388,-0.00154,-0.000152
2019-10-18,-0.001039,-0.014558,-0.013519
2019-10-21,0.005969,-0.021765,-0.027734
2019-10-22,0.010613,-0.027765,-0.038378
2019-10-23,0.007594,-0.012341,-0.019935
2019-10-24,0.011346,-0.020624,-0.03197
2019-10-25,0.020989,-0.027798,-0.048787
2019-10-28,0.022004,-0.038998,-0.061001
2019-10-29,0.034,-0.041253,-0.075253
2019-10-30,0.055822,-0.029595,-0.085417
2019-10-31,0.044453,-0.025394,-0.069846
2019-11-01,0.040055,-0.035515,-0.075569
2019-11-04,0.048758,-0.040254,-0.089012
2019-11-05,0.064118,-0.053597,-0.117715
2019-11-06,0.054348,-0.042462,-0.09681
2019-11-07,0.050948,-0.045595,-0.096543
2019-11-08,0.04273,-0.0377,-0.080431
2019-11-11,0.041899,-0.044002,-0.085901
2019-11-12,0.03386,-0.02786,-0.06172
2019-11-13,0.035858,-0.02274,-0.058598
2019-11-14,0.034316,-0.010241,-0.044557
2019-11-15,0.046381,-0.011317,-0.057698
2019-11-18,0.040101,-0.002015,-0.042117
2019-11-19,0.043209,0.000451,-0.042758
2019-11-20,0.036314,0.009789,-0.026525
2019-11-21,0.03296,0.005487,-0.027472
2019-11-22,0.031035,0.011725,-0.01931
2019-11-25,0.033202,0.024004,-0.009198
2019-11-26,0.035849,0.029314,-0.006535
2019-11-27,0.037285,0.011521,-0.025764
2019-11-29,0.036198,-0.004071,-0.04027
2019-12-02,0.017965,-0.014316,-0.032281
2019-12-03,0.007093,0.019774,0.012681
2019-12-04,0.014428,0.021075,0.006646
2019-12-05,0.016021,0.009996,-0.006025
2019-12-06,0.021708,0.02294,0.001231
2019-12-09,0.01599,0.029489,0.013499
2019-12-10,0.016799,0.028877,0.012078
2019-12-11,0.017541,0.032225,0.014684
2019-12-12,0.025979,0.008691,-0.017288
2019-12-13,0.025101,0.009927,-0.015174
2019-12-16,0.024728,0.001937,-0.022791
2019-12-17,0.024197,-0.001257,-0.025454
2019-12-18,0.024557,-0.017644,-0.042201
2019-12-19,0.032597,-0.02615,-0.058747
2019-12-20,0.038795,-0.018724,-0.057519
2019-12-23,0.038073,-0.02142,-0.059494
2019-12-24,0.030122,-0.021491,-0.051613
2019-12-26,0.033265,-0.024831,-0.058095
2019-12-27,0.028424,-0.02092,-0.049344
2019-12-30,0.026562,-0.0224,-0.048962
2019-12-31,0.037872,-0.018894,-0.056766
2020-01-02,0.054651,-0.02819,-0.082841
2020-01-03,0.040247,-0.003272,-0.043519
2020-01-06,0.042341,-0.004088,-0.046428
2020-01-07,0.030002,-0.003468,-0.03347
2020-01-08,0.038758,-0.012197,-0.050955
2020-01-09,0.046968,-0.008802,-0.05577
2020-01-10,0.041001,-0.007789,-0.048789
2020-01-13,0.039202,0.005754,-0.033449
2020-01-14,0.036997,-0.000633,-0.03763
2020-01-15,0.032249,0.015121,-0.017128
2020-01-16,0.040607,0.01332,-0.027288
2020-01-17,0.043781,0.012976,-0.030805
2020-01-21,0.037485,0.021983,-0.015502
2020-01-22,0.033081,0.024223,-0.008858
2020-01-23,0.032688,0.032905,0.000218
2020-01-24,0.023472,0.038293,0.014821
2020-01-27,0.001734,0.051906,0.050172
2020-01-28,0.012483,0.042527,0.030045
2020-01-29,0.017254,0.056571,0.039316
2020-01-30,0.018082,0.067169,0.049086
2020-01-31,-0.009665,0.064885,0.07455
2020-02-03,0.005303,0.047885,0.042582
2020-02-04,0.016747,0.039677,0.02293
2020-02-05,0.031388,0.033388,0.002
2020-02-06,0.029373,0.044954,0.015581
2020-02-07,0.016991,0.054292,0.037301
2020-02-10,0.02754,0.047895,0.020355
2020-02-11,0.02229,0.045786,0.023496
2020-02-12,0.030448,0.035163,0.004715
2020-02-13,0.027027,0.032288,0.005261
2020-02-14,0.020186,0.040084,0.019898
2020-02-18,0.0144,0.056236,0.041837
2020-02-19,0.021249,0.045184,0.023934
2020-02-20,0.016931,0.049683,0.032752
2020-02-21,0.005305,0.052122,0.046816
2020-02-24,-0.019314,0.059259,0.078574
2020-02-25,-0.033539,0.04859,0.082129
2020-02-26,-0.04708,0.051269,0.098349
2020-02-27,-0.089125,0.052382,0.141507
2020-02-28,-0.095886,0.076,0.171886
2020-03-02,-0.039287,0.058421,0.097708
2020-03-03,-0.073677,0.075724,0.149401
2020-03-04,-0.049231,0.07883,0.128061
2020-03-05,-0.09133,0.117908,0.209238
2020-03-06,-0.109348,0.170811,0.280159
2020-03-09,-0.174503,0.187723,0.362226
2020-03-10,-0.138222,0.123731,0.261952
2020-03-11,-0.18165,0.087863,0.269513
2020-03-12,-0.264685,0.100179,0.364864
2020-03-13,-0.200973,0.071201,0.272175
2020-03-16,-0.289544,0.135607,0.425151
2020-03-17,-0.24925,0.052672,0.301922
2020-03-18,-0.290654,-0.006644,0.28401
2020-03-19,-0.286214,0.01247,0.298685
2020-03-20,-0.309867,0.078529,0.388396
2020-03-23,-0.304445,0.106457,0.410902
2020-03-24,-0.21772,0.08011,0.29783
2020-03-25,-0.203078,0.083394,0.286472
2020-03-26,-0.116884,0.077043,0.193927
2020-03-27,-0.139573,0.081371,0.220943
2020-03-30,-0.148505,0.080421,0.228926
2020-03-31,-0.136472,0.055268,0.19174
2020-04-01,-0.2086,0.081536,0.290136
2020-04-02,-0.162498,0.061966,0.224464
2020-04-03,-0.16073,0.011833,0.172563
2020-04-06,-0.028489,-0.017439,0.01105
2020-04-07,-0.075345,0.024801,0.100145
2020-04-08,0.004671,0.05621,0.051539
2020-04-09,0.12787,0.051613,-0.076257
2020-04-13,0.029559,0.066109,0.03655
2020-04-14,0.190156,0.001017,-0.189139
2020-04-15,0.105195,0.100948,-0.004248
2020-04-16,0.169755,0.18002,0.010265
2020-04-17,0.198809,0.133345,-0.065464
2020-04-20,0.230725,0.062563,-0.168162
2020-04-21,0.22467,0.033358,-0.191311
2020-04-22,0.147851,0.042201,-0.10565
2020-04-23,0.13084,0.050119,-0.080721
2020-04-24,0.083346,0.047427,-0.035919
2020-04-27,0.132705,0.001205,-0.131499
2020-04-28,0.092032,0.021134,-0.070898
2020-04-29,0.137575,0.024148,-0.113427
2020-04-30,0.180094,-0.001795,-0.181889
2020-05-01,0.12294,0.000403,-0.122537
2020-05-04,0.142552,-0.006666,-0.149218
2020-05-05,0.080533,-0.01044,-0.090973
2020-05-06,0.072116,-0.016104,-0.088219
2020-05-07,0.049812,0.007665,-0.042147
2020-05-08,0.051186,-0.00724,-0.058426
2020-05-11,0.06109,-0.005913,-0.067003
2020-05-12,0.010148,0.004536,-0.005612
2020-05-13,0.013825,-0.01454,-0.028364
2020-05-14,0.021032,-0.01607,-0.037101
2020-05-15,-0.001256,-0.005266,-0.00401
2020-05-18,0.047623,-0.034869,-0.082492
2020-05-19,0.06933,-0.043305,-0.112635
2020-05-20,0.063884,-0.030537,-0.09442
2020-05-21,0.056615,-0.033247,-0.089862
2020-05-22,0.044068,-0.029708,-0.073776
2020-05-26,0.041909,-0.024562,-0.066471
2020-05-27,0.062297,-0.037434,-0.099731
2020-05-28,0.033287,-0.035974,-0.069261
2020-05-29,0.047645,-0.017619,-0.065265
2020-06-01,0.080484,-0.032518,-0.113002
2020-06-02,0.086434,-0.03148,-0.117913
2020-06-03,0.090813,-0.038202,-0.129015
2020-06-04,0.095373,-0.036583,-0.131956
2020-06-05,0.110053,-0.059163,-0.169215
2020-06-08,0.105184,-0.043106,-0.14829
2020-06-09,0.096718,-0.024624,-0.121342
2020-06-10,0.112778,-0.020218,-0.132996
2020-06-11,0.067507,-0.008635,-0.076142
2020-06-12,0.067516,-0.027709,-0.095225
2020-06-15,0.072551,-0.024661,-0.097212
2020-06-16,0.060881,-0.018059,-0.07894
2020-06-17,0.067438,-0.017681,-0.08512
2020-06-18,0.050012,-0.010243,-0.060255
2020-06-19,0.051269,-0.011917,-0.063186
2020-06-22,0.056007,-0.017706,-0.073713
2020-06-23,0.047958,-0.01116,-0.059117
2020-06-24,0.006254,0.001285,-0.004968
2020-06-25,0.018921,0.007881,-0.011041
2020-06-26,-0.009692,0.011446,0.021138
2020-06-29,0.000818,0.015098,0.01428
2020-06-30,0.005313,0.013854,0.00854
2020-07-01,-0.00094,0.025521,0.026461
2020-07-02,0.007207,0.041671,0.034464
2020-07-06,-0.002802,0.044847,0.047649
2020-07-07,-0.024874,0.055476,0.08035
2020-07-08,-0.010033,0.039453,0.049487
2020-07-09,-0.010146,0.040575,0.050721
2020-07-10,0.061134,0.01614,-0.044994
2020-07-13,0.039497,0.029425,-0.010073
2020-07-14,0.043229,0.030333,-0.012896
2020-07-15,0.032932,0.041495,0.008563
2020-07-16,0.033824,0.04214,0.008316
2020-07-17,0.036422,0.029062,-0.00736
2020-07-20,0.050804,0.030765,-0.020039
2020-07-21,0.046327,0.031256,-0.015071
2020-07-22,0.047461,0.041456,-0.006005
2020-07-23,0.062054,0.04244,-0.019614
2020-07-24,0.044021,0.039383,-0.004639
2020-07-27,0.077221,0.024558,-0.052662
2020-07-28,0.054884,0.034903,-0.019981
2020-07-29,0.054352,0.038183,-0.016169
2020-07-30,0.043283,0.047057,0.003774
2020-07-31,0.045767,0.045296,-0.000472
2020-08-03,0.037029,0.04431,0.007281
2020-08-04,0.051883,0.039651,-0.012232
2020-08-05,0.050383,0.034696,-0.015687
2020-08-06,0.063458,0.024168,-0.03929
2020-08-07,0.053465,0.022479,-0.030986
2020-08-10,0.065843,0.014551,-0.051292
2020-08-11,0.043522,0.001053,-0.042469
2020-08-12,0.048439,-0.003401,-0.05184
2020-08-13,0.050002,-0.018715,-0.068716
2020-08-14,0.046997,-0.020497,-0.067495
2020-08-17,0.041903,-0.020444,-0.062347
2020-08-18,0.041937,-0.014028,-0.055966
2020-08-19,0.031726,-0.023112,-0.054838
2020-08-20,0.047436,-0.025662,-0.073098
2020-08-21,0.057966,-0.019766,-0.077732
2020-08-24,0.060949,-0.017712,-0.078661
2020-08-25,0.071458,-0.031929,-0.103387
2020-08-26,0.069052,-0.033987,-0.103039
2020-08-27,0.075225,-0.056634,-0.131859
2020-08-28,0.073686,-0.05673,-0.130416
2020-08-31,0.062411,-0.04566,-0.108071
2020-09-01,0.068291,-0.043858,-0.112149
2020-09-02,0.077053,-0.026243,-0.103296
2020-09-03,0.033081,-0.028901,-0.061982
2020-09-04,0.023911,-0.040947,-0.064858
2020-09-08,-0.007033,-0.030718,-0.023686
2020-09-09,0.021004,-0.021696,-0.042699
2020-09-10,-0.01052,-0.007697,0.002823
2020-09-11,-0.008224,0.005163,0.013387
2020-09-14,0.00481,0.009044,0.004234
2020-09-15,0.006688,0.004067,-0.002621
2020-09-16,0.000531,-0.00604,-0.006572
2020-09-17,-0.004122,0.00327,0.007392
2020-09-18,-0.018643,-0.008808,0.009834
2020-09-21,-0.032995,-0.009713,0.023283
2020-09-22,-0.032946,-0.008886,0.024059
2020-09-23,-0.058667,9.6e-05,0.058763
2020-09-24,-0.065527,0.007782,0.073309
2020-09-25,-0.052491,0.02522,0.077711
2020-09-28,-0.042935,0.023064,0.065999
2020-09-29,-0.044687,0.017487,0.062174
2020-09-30,-0.046425,-0.003662,0.042763
2020-10-01,-0.053986,-0.011431,0.042555
2020-10-02,-0.029571,-0.017911,0.01166
2020-10-05,-0.004232,-0.018463,-0.014231
2020-10-06,0.009185,-0.0192,-0.028385
2020-10-07,0.006869,-0.02373,-0.030599
2020-10-08,0.033742,-0.023421,-0.057163
2020-10-09,0.042443,-0.025682,-0.068124
2020-10-12,0.045443,-0.022518,-0.067961
2020-10-13,0.0334,-0.013119,-0.046519
2020-10-14,0.030998,-0.007899,-0.038897
2020-10-15,0.038861,-0.01263,-0.051491
2020-10-16,0.050325,-0.012305,-0.062631
2020-10-19,0.045998,-0.021006,-0.067004
2020-10-20,0.0396,-0.029555,-0.069155
2020-10-21,0.062268,-0.0342,-0.096467
2020-10-22,0.065255,-0.047888,-0.113143
2020-10-23,0.051866,-0.042068,-0.093934
2020-10-26,0.01556,-0.030396,-0.045956
2020-10-27,0.017601,-0.025016,-0.042617
2020-10-28,-0.024575,-0.014661,0.009914
2020-10-29,-0.020947,-0.025832,-0.004885
2020-10-30,-0.021867,-0.031828,-0.009961
2020-11-02,-0.028138,-0.005137,0.023
2020-11-03,0.003284,-0.016211,-0.019495
2020-11-04,0.008158,0.012514,0.004356
2020-11-05,0.018791,0.008826,-0.009965
2020-11-06,0.009543,-0.003179,-0.012721
2020-11-09,0.006044,-0.027226,-0.03327
2020-11-10,0.011167,-0.039712,-0.050879
2020-11-11,0.02512,-0.038446,-0.063566
2020-11-12,0.016432,-0.020391,-0.036822
2020-11-13,0.031127,-0.018961,-0.050088
2020-11-16,0.060115,-0.017606,-0.077721
2020-11-17,0.050207,-0.001692,-0.051898
2020-11-18,0.039535,0.004669,-0.034866
2020-11-19,0.038217,0.020451,-0.017766
2020-11-20,0.027619,0.023248,-0.004371
2020-11-23,0.053242,0.009171,-0.044071
2020-11-24,0.073917,-0.007531,-0.081448
2020-11-25,0.110206,-0.01151,-0.121716
2020-11-27,0.102097,0.007868,-0.094229
2020-11-30,0.108777,0.016639,-0.092138
2020-12-01,0.10848,-0.005798,-0.114277
2020-12-02,0.091539,-0.007933,-0.099472
2020-12-03,0.067386,-0.021165,-0.088552
2020-12-04,0.05599,-0.037195,-0.093185
2020-12-07,0.054061,-0.016626,-0.070687
2020-12-08,0.044026,0.00923,-0.034796
2020-12-09,0.036183,0.011729,-0.024454
2020-12-10,0.028205,0.017027,-0.011179
2020-12-11,0.03706,0.003548,-0.033512
2020-12-14,0.018319,0.002096,-0.016223
2020-12-15,0.019362,0.001146,-0.018215
2020-12-16,0.026482,-0.007994,-0.034476
2020-12-17,0.044796,-0.013476,-0.058273
2020-12-18,0.036262,-0.021471,-0.057733
2020-12-21,0.039676,-0.026227,-0.065903
2020-12-22,0.031739,-0.016697,-0.048437
2020-12-23,0.01629,-0.013675,-0.029964
2020-12-24,0.021819,-0.006714,-0.028533
2020-12-28,0.027735,-0.015824,-0.043559
2020-12-29,0.030336,-0.015846,-0.046182
2020-12-30,0.020643,0.001043,-0.019599
2020-12-31,0.023675,0.010526,-0.013149
2021-01-04,0.010014,0.001233,-0.008781
2021-01-05,0.008281,0.008589,0.000308
2021-01-06,0.016398,-0.020947,-0.037345
2021-01-07,0.02849,-0.03414,-0.06263
2021-01-08,0.043711,-0.034065,-0.077776
2021-01-11,0.037014,-0.044134,-0.081149
2021-01-12,0.038451,-0.048262,-0.086713
2021-01-13,0.04593,-0.034868,-0.080799
2021-01-14,0.028365,-0.040698,-0.069063
2021-01-15,0.019265,-0.034323,-0.053588
2021-01-19,0.021556,-0.028635,-0.050191
2021-01-20,0.039845,-0.024755,-0.0646
2021-01-21,0.044528,-0.035426,-0.079954
2021-01-22,0.042588,-0.037271,-0.079859
2021-01-25,0.04576,-0.019149,-0.064909
2021-01-26,0.040081,-0.024858,-0.064939
2021-01-27,0.006019,-0.022814,-0.028833
2021-01-28,0.01661,-0.026979,-0.043589
2021-01-29,-0.005162,-0.034921,-0.029759
2021-02-01,0.006286,-0.035211,-0.041497
2021-02-02,0.0346,-0.040275,-0.074875
2021-02-03,0.028331,-0.041673,-0.070004
2021-02-04,0.033837,-0.024203,-0.05804
2021-02-05,0.022712,-0.023769,-0.046481
2021-02-08,0.024261,-0.016307,-0.040569
2021-02-09,0.030526,-0.013951,-0.044477
2021-02-10,0.02986,-0.006601,-0.03646
2021-02-11,0.028753,-0.023042,-0.051795
2021-02-12,0.037468,-0.026052,-0.063519
2021-02-16,0.044184,-0.044672,-0.088856
2021-02-17,0.036287,-0.041698,-0.077984
2021-02-18,0.017791,-0.046515,-0.064307
2021-02-19,0.015069,-0.052539,-0.067608
2021-02-22,0.010839,-0.062781,-0.073619
2021-02-23,0.00809,-0.076369,-0.084459
2021-02-24,0.020793,-0.080694,-0.101487
2021-02-25,0.021153,-0.097999,-0.119153
2021-02-26,0.007229,-0.063001,-0.07023
2021-03-01,0.05272,-0.06978,-0.1225
2021-03-02,0.027403,-0.070791,-0.098194
2021-03-03,-0.000341,-0.074905,-0.074564
2021-03-04,-0.013487,-0.072643,-0.059156
2021-03-05,-0.006629,-0.068347,-0.061718
2021-03-08,-0.01545,-0.067785,-0.052335
2021-03-09,-0.008553,-0.058999,-0.050446
2021-03-10,-0.001717,-0.057809,-0.056092
2021-03-11,0.008844,-0.070789,-0.079633
2021-03-12,0.008574,-0.085502,-0.094076
2021-03-15,0.009602,-0.068556,-0.078158
2021-03-16,0.009202,-0.057955,-0.067157
2021-03-17,0.012411,-0.070905,-0.083316
2021-03-18,0.001945,-0.076576,-0.078521
2021-03-19,0.001861,-0.058337,-0.060197
2021-03-22,0.017688,-0.040485,-0.058173
2021-03-23,0.008453,-0.029023,-0.037476
2021-03-24,-0.007609,-0.01735,-0.009742
2021-03-25,0.022615,-0.008914,-0.031529
2021-03-26,0.044476,-0.043988,-0.088464
2021-03-29,0.019242,-0.039416,-0.058658
2021-03-30,0.024533,-0.034451,-0.058984
2021-03-31,0.042494,-0.029311,-0.071805
2021-04-01,0.066955,-0.006794,-0.073749
2021-04-05,0.062719,-0.01305,-0.075769
2021-04-06,0.067406,0.001441,-0.065965
2021-04-07,0.053598,-0.019127,-0.072725
2021-04-08,0.052051,-0.013008,-0.065059
2021-04-09,0.049063,-0.009437,-0.0585
2021-04-12,0.048034,0.011598,-0.036436
2021-04-13,0.044908,0.013221,-0.031688
2021-04-14,0.042655,0.014077,-0.028578
2021-04-15,0.050275,0.038821,-0.011454
2021-04-16,0.069344,0.041297,-0.028047
2021-04-19,0.066062,0.03191,-0.034152
2021-04-20,0.049874,0.025178,-0.024696
2021-04-21,0.068216,0.018046,-0.05017
2021-04-22,0.063868,0.017015,-0.046853
2021-04-23,0.069387,0.022689,-0.046697
2021-04-26,0.054624,0.024815,-0.029809
2021-04-27,0.05493,0.024573,-0.030357
2021-04-28,0.057432,0.019894,-0.037538
2021-04-29,0.059874,0.022586,-0.037289
2021-04-30,0.041661,0.008217,-0.033444
2021-05-03,0.029137,0.013243,-0.015893
2021-05-04,0.023392,0.013236,-0.010156
2021-05-05,0.022529,0.022025,-0.000504
2021-05-06,0.025825,0.015326,-0.010499
2021-05-07,0.025833,0.013993,-0.01184
2021-05-10,0.015305,0.004162,-0.011143
2021-05-11,0.00327,-0.008947,-0.012217
2021-05-12,-0.01468,-0.016236,-0.001556
2021-05-13,-0.013442,-0.030929,-0.017488
2021-05-14,-0.00163,-0.01421,-0.01258
2021-05-17,0.000747,-0.013463,-0.014209
2021-05-18,-0.000558,-0.020501,-0.019943
2021-05-19,-0.012522,-0.024828,-0.012305
2021-05-20,0.007301,-0.021075,-0.028376
2021-05-21,-0.004319,-0.015623,-0.011304
2021-05-24,0.003736,-0.010563,-0.014298
2021-05-25,0.001725,0.00739,0.005665
2021-05-26,0.004001,0.005004,0.001003
2021-05-27,-0.001833,0.003928,0.005761
2021-05-28,0.006566,2.2e-05,-0.006544
2021-06-01,0.003515,-0.000802,-0.004317
2021-06-02,0.011333,-0.005239,-0.016571
2021-06-03,0.007264,-0.010604,-0.017868
2021-06-04,0.008424,0.001296,-0.007127
2021-06-07,0.000166,0.003166,0.003
2021-06-08,0.010384,0.02055,0.010166
2021-06-09,0.017962,0.03542,0.017458
2021-06-10,0.044892,0.052693,0.0078
2021-06-11,0.034196,0.049369,0.015173
2021-06-14,0.020836,0.031684,0.010847
2021-06-15,0.021563,0.032627,0.011064
2021-06-16,0.024688,0.034395,0.009707
2021-06-17,0.027041,0.052428,0.025387
2021-06-18,0.002402,0.063469,0.061067
2021-06-21,0.017585,0.042321,0.024735
2021-06-22,0.012702,0.04101,0.028308
2021-06-23,0.01373,0.028799,0.015069
2021-06-24,0.017708,0.032226,0.014519
2021-06-25,0.020787,0.025634,0.004847
2021-06-28,0.021018,0.037825,0.016807
2021-06-29,0.022468,0.039795,0.017327
2021-06-30,0.021722,0.042013,0.020291
2021-07-01,0.031206,0.045997,0.014791
2021-07-02,0.029671,0.038093,0.008422
2021-07-06,0.028794,0.053498,0.024704
2021-07-07,0.032209,0.055415,0.023206
2021-07-08,0.025328,0.050278,0.024949
2021-07-09,0.031479,0.029333,-0.002147
2021-07-12,0.033466,0.02966,-0.003806
2021-07-13,0.027642,0.029667,0.002025
2021-07-14,0.031067,0.04262,0.011553
2021-07-15,0.033314,0.055018,0.021704
2021-07-16,0.025549,0.037494,0.011945
2021-07-19,0.024221,0.040674,0.016453
2021-07-20,0.024236,0.048194,0.023958
2021-07-21,0.027038,0.032395,0.005357
2021-07-22,0.030431,0.044845,0.014414
2021-07-23,0.034909,0.036192,0.001283
2021-07-26,0.033778,0.043963,0.010185
2021-07-27,0.026996,0.044366,0.01737
2021-07-28,0.026023,0.042691,0.016668
2021-07-29,0.029412,0.03231,0.002899
2021-07-30,0.018772,0.037109,0.018337
2021-08-02,0.008923,0.040083,0.03116
2021-08-03,0.018987,0.028579,0.009592
2021-08-04,0.010404,0.021643,0.011239
2021-08-05,0.025155,0.012469,-0.012687
2021-08-06,0.016004,0.00976,-0.006244
2021-08-09,0.011554,0.007445,-0.004109
2021-08-10,0.016277,0.010526,-0.005751
2021-08-11,0.017284,-0.00144,-0.018724
2021-08-12,0.02383,-0.013952,-0.037782
2021-08-13,0.033802,0.003516,-0.030286
2021-08-16,0.051768,-0.015637,-0.067405
2021-08-17,0.030112,-0.006457,-0.036569
2021-08-18,0.010655,0.009669,-0.000985
2021-08-19,0.010104,0.007581,-0.002524
2021-08-20,0.007774,0.015041,0.007267
2021-08-23,0.014149,0.01738,0.003231
2021-08-24,0.02041,-0.00119,-0.021599
2021-08-25,0.02297,-0.009553,-0.032523
2021-08-26,0.012731,-0.00127,-0.014002
2021-08-27,0.026773,0.000817,-0.025956
2021-08-30,0.033456,-0.005443,-0.038899
2021-08-31,0.023597,-0.012736,-0.036333
2021-09-01,0.029204,-0.013112,-0.042316
2021-09-02,0.025874,-0.003725,-0.029599
2021-09-03,0.023933,0.003982,-0.019951
2021-09-07,0.021102,-0.000905,-0.022007
2021-09-08,0.018591,0.010562,-0.00803
2021-09-09,0.011717,0.023419,0.011701
2021-09-10,0.000741,0.01606,0.015319
2021-09-13,0.00148,0.006327,0.004847
2021-09-14,-0.006264,0.016064,0.022329
2021-09-15,0.008648,0.012909,0.004261
2021-09-16,0.018193,0.004891,-0.013302
2021-09-17,0.006716,-0.007247,-0.013963
2021-09-20,-0.017885,0.004397,0.022282
2021-09-21,-0.027368,0.0042,0.031568
2021-09-22,-0.019437,0.018107,0.037544
2021-09-23,-0.009601,0.003436,0.013038
2021-09-24,-0.002079,-0.009115,-0.007036
2021-09-27,-0.013752,-0.019429,-0.005677
2021-09-28,-0.037858,-0.037215,0.000643
2021-09-29,-0.034808,-0.028935,0.005873
2021-09-30,-0.047112,-0.030694,0.016418
2021-10-01,-0.038745,-0.026785,0.01196
2021-10-04,-0.050911,-0.020353,0.030558
2021-10-05,-0.037595,-0.02156,0.016035
2021-10-06,-0.032416,-0.022691,0.009725
2021-10-07,-0.019855,-0.044473,-0.024618
2021-10-08,-0.013868,-0.042721,-0.028853
2021-10-11,-0.023506,-0.050906,-0.0274
2021-10-12,-0.020625,-0.04624,-0.025616
2021-10-13,-0.025243,-0.033573,-0.00833
2021-10-14,-0.007273,-0.025516,-0.018243
2021-10-15,0.010127,-0.026519,-0.036645
2021-10-18,0.030297,-0.033936,-0.064232
2021-10-19,0.039227,-0.046442,-0.085669
2021-10-20,0.03323,-0.058493,-0.091723
2021-10-21,0.023489,-0.037874,-0.061363
2021-10-22,0.020747,-0.017677,-0.038425
2021-10-25,0.029166,-0.015559,-0.044725
2021-10-26,0.051277,0.008288,-0.04299
2021-10-27,0.044861,0.024855,-0.020006
2021-10-28,0.067996,0.021528,-0.046468
2021-10-29,0.057595,0.016099,-0.041495
2021-11-01,0.073255,0.011357,-0.061897
2021-11-02,0.066497,0.025752,-0.040745
2021-11-03,0.068567,0.009457,-0.05911
2021-11-04,0.064401,0.030847,-0.033554
2021-11-05,0.070045,0.053639,-0.016406
2021-11-08,0.078769,0.054337,-0.024431
2021-11-09,0.077856,0.050107,-0.027749
2021-11-10,0.065352,0.020977,-0.044375
2021-11-11,0.048068,0.015688,-0.03238
2021-11-12,0.047996,0.017153,-0.030843
2021-11-15,0.045261,-0.000306,-0.045567
2021-11-16,0.041363,0.011099,-0.030264
2021-11-17,0.034769,0.026038,-0.008731
2021-11-18,0.035583,0.031124,-0.004459
2021-11-19,0.034803,0.03066,-0.004143
2021-11-22,0.026386,0.02013,-0.006256
2021-11-23,0.026822,-0.002865,-0.029688
2021-11-24,0.034145,-0.00496,-0.039106
2021-11-26,0.001418,0.023647,0.022229
2021-11-29,0.011649,0.012325,0.000676
2021-11-30,-0.009738,0.035168,0.044907
2021-12-01,-0.024681,0.036952,0.061632
2021-12-02,-0.015751,0.049086,0.064837
2021-12-03,-0.028892,0.050562,0.079454
2021-12-06,-0.020788,0.020864,0.041652
2021-12-07,-0.001386,0.014518,0.015904
2021-12-08,0.004579,-0.01583,-0.020409
2021-12-09,0.005889,0.008106,0.002218
2021-12-10,0.015029,0.007169,-0.00786
2021-12-13,-0.001498,0.026563,0.028061
2021-12-14,-0.008707,0.03714,0.045847
2021-12-15,0.002813,0.029781,0.026968
2021-12-16,-0.00361,0.02208,0.02569
2021-12-17,-0.017551,0.02979,0.047341
2021-12-20,-0.026257,0.011397,0.037653
2021-12-21,-0.006166,0.019503,0.025669
2021-12-22,0.002441,0.039246,0.036805
2021-12-23,0.005993,0.013949,0.007956
2021-12-27,0.043503,-0.008643,-0.052146
2021-12-28,0.030016,-0.004571,-0.034587
2021-12-29,0.051799,-0.030188,-0.081987
2021-12-30,0.060672,-0.028052,-0.088724
2021-12-31,0.042039,-0.027358,-0.069397
2022-01-03,0.057272,-0.064058,-0.12133
2022-01-04,0.044547,-0.05497,-0.099517
2022-01-05,0.003727,-0.052443,-0.056171
2022-01-06,0.000136,-0.033281,-0.033417
2022-01-07,0.002954,-0.045568,-0.048522
2022-01-10,-0.007636,-0.040906,-0.03327
2022-01-11,0.010353,-0.048578,-0.058931
2022-01-12,0.020103,-0.049959,-0.070062
2022-01-13,-0.009431,-0.032211,-0.02278
2022-01-14,-0.000209,-0.047204,-0.046995
2022-01-18,-0.00735,-0.07114,-0.06379
2022-01-19,-0.007099,-0.057648,-0.050549
2022-01-20,-0.035222,-0.048213,-0.012991
2022-01-21,-0.063525,-0.041317,0.022208
2022-01-24,-0.065363,-0.04087,0.024494
2022-01-25,-0.089658,-0.044734,0.044923
2022-01-26,-0.091199,-0.052532,0.038667
2022-01-27,-0.096842,-0.024477,0.072365
2022-01-28,-0.071846,-0.032251,0.039595
2022-01-31,-0.052741,-0.039139,0.013602
2022-02-01,-0.051831,-0.016512,0.035319
2022-02-02,-0.042299,-0.00906,0.033239
2022-02-03,-0.046501,-0.01143,0.03507
2022-02-04,-0.041116,-0.028518,0.012598
2022-02-07,-0.0404,-0.020851,0.019549
2022-02-08,-0.031299,-0.029785,0.001514
2022-02-09,-0.025993,-0.034392,-0.008399
2022-02-10,-0.04607,-0.046083,-1.3e-05
2022-02-11,-0.051816,-0.040459,0.011356
2022-02-14,-0.055302,-0.03786,0.017442
2022-02-15,-0.022761,-0.035204,-0.012443
2022-02-16,-0.0114,-0.036159,-0.024759
2022-02-17,-0.02169,-0.034941,-0.013251
2022-02-18,-0.008562,-0.036256,-0.027694
2022-02-22,-0.023349,-0.025743,-0.002393
2022-02-23,-0.028817,-0.037615,-0.008799
2022-02-24,-0.011722,-0.025193,-0.013471
2022-02-25,0.015096,-0.042071,-0.057167
2022-02-28,-0.012037,-0.021416,-0.009379
2022-03-01,-0.044298,-0.004957,0.039341
2022-03-02,-0.033249,-0.035769,-0.002521
2022-03-03,-0.047316,-0.029237,0.018079
2022-03-04,-0.032311,-0.004708,0.027603
2022-03-07,-0.065233,0.002477,0.06771
2022-03-08,-0.069333,-0.00825,0.061084
2022-03-09,-0.05218,-0.011358,0.040822
2022-03-10,-0.07007,-0.027392,0.042678
2022-03-11,-0.065098,-0.008378,0.05672
2022-03-14,-0.053262,-0.045682,0.00758
2022-03-15,-0.02927,-0.035346,-0.006077
2022-03-16,-0.023493,-0.014699,0.008794
2022-03-17,-0.012382,-0.027805,-0.015423
2022-03-18,0.020228,-0.023198,-0.043426
2022-03-21,0.026577,-0.055757,-0.082334
2022-03-22,0.049856,-0.070276,-0.120132
2022-03-23,0.055051,-0.036625,-0.091675
2022-03-24,0.055077,-0.044799,-0.099876
2022-03-25,0.037341,-0.058739,-0.09608
2022-03-28,0.0474,-0.071052,-0.118453
2022-03-29,0.076756,-0.074735,-0.151491
2022-03-30,0.050778,-0.034513,-0.085291
2022-03-31,0.039781,-0.041927,-0.081708
2022-04-01,0.051269,-0.054601,-0.10587
2022-04-04,0.092481,-0.053953,-0.146434
2022-04-05,0.086922,-0.06593,-0.152852
2022-04-06,0.047957,-0.064322,-0.112278
2022-04-07,0.058015,-0.057833,-0.115848
2022-04-08,0.068775,-0.071146,-0.139921
2022-04-11,0.058241,-0.06399,-0.122232
2022-04-12,0.031634,-0.063648,-0.095282
2022-04-13,0.020815,-0.070857,-0.091672
2022-04-14,-0.004353,-0.082644,-0.078291
2022-04-18,-0.014735,-0.098216,-0.083481
2022-04-19,0.001462,-0.083754,-0.085217
2022-04-20,-0.010854,-0.053183,-0.042329
2022-04-21,-0.012934,-0.080342,-0.067408
2022-04-22,-0.054274,-0.078916,-0.024642
2022-04-25,-0.053414,-0.056618,-0.003204
2022-04-26,-0.08732,-0.055198,0.032122
2022-04-27,-0.095937,-0.074307,0.02163
2022-04-28,-0.067343,-0.080105,-0.012762
2022-04-29,-0.087769,-0.094239,-0.00647
2022-05-02,-0.084871,-0.113314,-0.028442
2022-05-03,-0.088485,-0.101089,-0.012604
2022-05-04,-0.048711,-0.075244,-0.026533
2022-05-05,-0.073255,-0.093241,-0.019986
2022-05-06,-0.083406,-0.099822,-0.016416
2022-05-09,-0.110374,-0.08196,0.028414
2022-05-10,-0.092812,-0.058738,0.034074
2022-05-11,-0.103904,-0.039272,0.064632
2022-05-12,-0.114976,-0.043009,0.071967
2022-05-13,-0.082391,-0.037868,0.044523
2022-05-16,-0.08649,-0.034064,0.052426
2022-05-17,-0.082509,-0.038534,0.043975
2022-05-18,-0.118841,-0.037411,0.081431
2022-05-19,-0.110944,-0.027913,0.08303
2022-05-20,-0.085461,-0.010653,0.074809
2022-05-23,-0.073721,-0.036567,0.037154
2022-05-24,-0.053377,-0.027348,0.026029
2022-05-25,-0.047691,-0.010815,0.036876
2022-05-26,-0.052594,-0.016756,0.035838
2022-05-27,0.007913,-0.0014,-0.009313
2022-05-31,-0.00374,-0.005291,-0.001551
2022-06-01,-0.016307,-0.013082,0.003225
2022-06-02,-0.027199,-0.017983,0.009216
2022-06-03,-0.007902,0.00751,0.015412
2022-06-06,0.001094,0.003718,0.002624
2022-06-07,0.044127,0.005711,-0.038416
2022-06-08,0.030394,-0.01216,-0.042554
2022-06-09,0.022126,-0.02761,-0.049736
2022-06-10,-0.006474,-0.031835,-0.025361
2022-06-13,-0.066514,-0.048146,0.018368
2022-06-14,-0.065535,-0.059178,0.006357
2022-06-15,-0.071317,-0.029904,0.041413
2022-06-16,-0.064334,-0.042611,0.021723
2022-06-17,-0.056539,-0.041821,0.014718
2022-06-21,-0.033211,-0.068636,-0.035425
2022-06-22,-0.052687,-0.027013,0.025675
2022-06-23,-0.036043,-0.038002,-0.001959
2022-06-24,-0.014105,-0.055055,-0.04095
2022-06-27,-0.037111,-0.058856,-0.021745
2022-06-28,-0.079386,-0.056773,0.022613
2022-06-29,-0.074945,-0.02134,0.053605
2022-06-30,-0.074978,-0.011616,0.063363
2022-07-01,-0.082664,-0.001984,0.08068
2022-07-05,-0.065597,0.008025,0.073622
2022-07-06,-0.065287,0.009722,0.075009
2022-07-07,-0.060301,-0.009857,0.050444
2022-07-08,-0.050754,-0.01207,0.038684
2022-07-11,-0.038736,0.00163,0.040366
2022-07-12,-0.018792,0.01387,0.032661
2022-07-13,0.014577,0.058717,0.04414
2022-07-14,0.015172,0.063493,0.048321
2022-07-15,0.020025,0.049891,0.029866
2022-07-18,0.046229,0.03077,-0.01546
2022-07-19,0.072186,0.021916,-0.05027
2022-07-20,0.052524,0.042267,-0.010257
2022-07-21,0.065173,0.031895,-0.033277
2022-07-22,0.045046,0.040693,-0.004352
2022-07-25,0.014074,0.044975,0.030901
2022-07-26,0.005919,0.054772,0.048853
2022-07-27,0.053566,0.043982,-0.009584
2022-07-28,0.06765,0.036121,-0.031529
2022-07-29,0.092087,0.02431,-0.067777
2022-08-01,0.077457,0.038319,-0.039138
2022-08-02,0.068332,0.008425,-0.059906
2022-08-03,0.081409,0.041795,-0.039613
2022-08-04,0.064732,0.050693,-0.014039
2022-08-05,0.063807,0.03717,-0.026637
2022-08-08,0.074851,0.036046,-0.038805
2022-08-09,0.080141,0.025923,-0.054218
2022-08-10,0.10865,0.007667,-0.100983
2022-08-11,0.111349,-0.007725,-0.119074
2022-08-12,0.108976,-0.003272,-0.112248
2022-08-15,0.122817,0.00635,-0.116467
2022-08-16,0.095419,0.016015,-0.079404
2022-08-17,0.080756,0.002778,-0.077977
2022-08-18,0.072971,-0.012791,-0.085762
2022-08-19,0.068465,-0.044746,-0.113211
2022-08-22,0.044948,-0.038549,-0.083497
2022-08-23,0.0549,-0.044572,-0.099473
2022-08-24,0.031493,-0.046207,-0.0777
2022-08-25,0.033098,-0.040553,-0.073651
2022-08-26,-0.016214,-0.030687,-0.014473
2022-08-29,-0.019816,-0.061313,-0.041497
2022-08-30,-0.024139,-0.038638,-0.0145
2022-08-31,-0.046495,-0.062589,-0.016094
2022-09-01,-0.042857,-0.079443,-0.036586
2022-09-02,-0.051346,-0.051662,-0.000316
2022-09-06,-0.053827,-0.089842,-0.036015
2022-09-07,-0.032989,-0.07184,-0.038851
2022-09-08,-0.046691,-0.075321,-0.028629
2022-09-09,-0.031882,-0.05115,-0.019269
2022-09-12,-0.037766,-0.068394,-0.030628
2022-09-13,-0.083384,-0.065417,0.017967
2022-09-14,-0.081685,-0.066089,0.015596
2022-09-15,-0.08562,-0.056849,0.028771
2022-09-16,-0.095226,-0.066095,0.029131
2022-09-19,-0.07579,-0.048595,0.027195
2022-09-20,-0.066971,-0.054903,0.012067
2022-09-21,-0.081023,-0.033753,0.04727
2022-09-22,-0.09165,-0.051497,0.040153
2022-09-23,-0.119302,-0.060713,0.058589
2022-09-26,-0.097465,-0.085556,0.011909
2022-09-27,-0.093777,-0.102207,-0.00843
2022-09-28,-0.065689,-0.074446,-0.008757
2022-09-29,-0.078192,-0.070349,0.007843
2022-09-30,-0.095285,-0.065237,0.030047
2022-10-03,-0.061503,-0.055726,0.005777
2022-10-04,-0.028758,-0.034448,-0.00569
2022-10-05,-0.04812,-0.058569,-0.01045
2022-10-06,-0.064057,-0.054099,0.009957
2022-10-07,-0.104082,-0.065358,0.038724
2022-10-10,-0.120377,-0.072264,0.048112
2022-10-11,-0.086214,-0.070322,0.015892
2022-10-12,-0.09269,-0.06896,0.02373
2022-10-13,-0.05805,-0.077269,-0.019219
2022-10-14,-0.07244,-0.077189,-0.004749
2022-10-17,-0.055926,-0.083822,-0.027896
2022-10-18,-0.033742,-0.072426,-0.038684
2022-10-19,-0.023557,-0.104319,-0.080762
2022-10-20,-0.023543,-0.096546,-0.073004
2022-10-21,0.01723,-0.116439,-0.133669
2022-10-24,0.039966,-0.106668,-0.146634
2022-10-25,0.059277,-0.0558,-0.115077
2022-10-26,0.03101,-0.073227,-0.104236
2022-10-27,0.047383,-0.05865,-0.106033
2022-10-28,0.089143,-0.052893,-0.142035
2022-10-31,0.053463,-0.074352,-0.127815
2022-11-01,0.01733,-0.063085,-0.080415
2022-11-02,-0.005887,-0.058145,-0.052258
2022-11-03,-0.005868,-0.057993,-0.052124
2022-11-04,0.037377,-0.06474,-0.102117
2022-11-07,0.055358,-0.059449,-0.114807
2022-11-08,0.067815,-0.053354,-0.121169
2022-11-09,0.049277,-0.054879,-0.104155
2022-11-10,0.078476,-0.009037,-0.087513
2022-11-11,0.114308,-0.004454,-0.118763
2022-11-14,0.07715,-0.002035,-0.079185
2022-11-15,0.073721,0.01174,-0.061981
2022-11-16,0.073134,0.053036,-0.020098
2022-11-17,0.078898,0.060043,-0.018854
2022-11-18,0.058083,0.072076,0.013992
2022-11-21,0.041492,0.085566,0.044074
2022-11-22,0.038917,0.069827,0.030909
2022-11-23,0.0534,0.073027,0.019627
2022-11-25,0.058819,0.058308,-0.00051
2022-11-28,0.017711,0.068636,0.050925
2022-11-29,0.023355,0.063688,0.040333
2022-11-30,0.060231,0.06159,0.001359
2022-12-01,0.086723,0.100278,0.013555
2022-12-02,0.096763,0.12016,0.023397
2022-12-05,0.061751,0.123343,0.061592
2022-12-06,0.036531,0.149278,0.112747
2022-12-07,0.029215,0.163634,0.134419
2022-12-08,0.059097,0.156642,0.097545
2022-12-09,-0.003573,0.084816,0.088389
2022-12-12,0.001104,0.092287,0.091183
2022-12-13,0.017336,0.105544,0.088208
2022-12-14,0.002284,0.092588,0.090304
2022-12-15,-0.014717,0.073378,0.088095
2022-12-16,-0.023361,0.072707,0.096069
2022-12-19,-0.03602,0.061984,0.098004
2022-12-20,-0.031178,0.038748,0.069926
2022-12-21,-0.029749,0.026787,0.056535
2022-12-22,-0.049579,0.00899,0.05857
2022-12-23,-0.043899,-0.00242,0.041478
2022-12-27,-0.032226,-0.024894,0.007332
2022-12-28,-0.042609,-0.019137,0.023472
2022-12-29,-0.05514,-0.015246,0.039894
2022-12-30,-0.056934,-0.056346,0.000588
2023-01-03,-0.05982,-0.050281,0.009539
2023-01-04,-0.035205,-0.023593,0.011612
2023-01-05,-0.032267,-0.031979,0.000288
2023-01-06,-0.008388,-0.036865,-0.028476
2023-01-09,-0.016654,-0.029076,-0.012422
2023-01-10,-0.002305,-0.019641,-0.017337
2023-01-11,-0.004045,-0.006885,-0.002839
2023-01-12,-0.007929,0.002977,0.010907
2023-01-13,0.002328,-0.010649,-0.012977
2023-01-17,0.025579,-0.020864,-0.046444
2023-01-18,0.021447,0.014191,-0.007256
2023-01-19,0.022683,0.025069,0.002386
2023-01-20,0.040311,0.026682,-0.013629
2023-01-23,0.037283,0.019286,-0.017997
2023-01-24,0.051166,0.034143,-0.017023
2023-01-25,0.045546,0.052075,0.006529
2023-01-26,0.061222,0.068305,0.007083
2023-01-27,0.077046,0.071924,-0.005122
2023-01-30,0.044727,0.056019,0.011292
2023-01-31,0.062887,0.076436,0.013549
2023-02-01,0.078725,0.068976,-0.009749
2023-02-02,0.086043,0.055894,-0.030149
2023-02-03,0.086905,0.035771,-0.051134
2023-02-06,0.056045,0.009531,-0.046515
2023-02-07,0.070464,-0.003875,-0.074338
2023-02-08,0.051385,0.017709,-0.033676
2023-02-09,0.029252,-0.008053,-0.037305
2023-02-10,0.027912,-0.038085,-0.065997
2023-02-13,0.03596,-0.020813,-0.056773
2023-02-14,0.037384,-0.016711,-0.054095
2023-02-15,0.057447,-0.048927,-0.106374
2023-02-16,0.050535,-0.056495,-0.10703
2023-02-17,0.028746,-0.03349,-0.062236
2023-02-21,-0.003844,-0.047793,-0.043949
2023-02-22,-0.004148,-0.05269,-0.048542
2023-02-23,0.000774,-0.045746,-0.046521
2023-02-24,-0.020679,-0.053751,-0.033071
2023-02-27,-0.019596,-0.048725,-0.029129
2023-02-28,-0.010809,-0.040899,-0.03009
2023-03-01,-0.028882,-0.058727,-0.029845
2023-03-02,-0.031621,-0.078156,-0.046534
2023-03-03,-0.030208,-0.057044,-0.026836
2023-03-06,-0.01911,-0.050149,-0.031039
2023-03-07,-0.028207,-0.037195,-0.008989
2023-03-08,-0.039187,-0.028452,0.010735
2023-03-09,-0.046487,-0.030679,0.015808
2023-03-10,-0.052028,0.012339,0.064366
2023-03-13,-0.055583,0.026122,0.081705
2023-03-14,-0.05111,0.00083,0.05194
2023-03-15,-0.056611,0.02251,0.079121
2023-03-16,-0.043167,0.02406,0.067226
2023-03-17,-0.041152,0.054368,0.09552
2023-03-20,-0.029507,0.037028,0.066536
2023-03-21,0.003364,0.048498,0.045134
2023-03-22,-0.012379,0.05283,0.065209
2023-03-23,-0.014949,0.042641,0.05759
2023-03-24,0.002221,0.060843,0.058622
2023-03-27,0.000687,0.033058,0.032371
2023-03-28,0.002144,0.030258,0.028114
2023-03-29,0.020626,0.039354,0.018728
2023-03-30,0.018679,0.053478,0.034799
2023-03-31,0.016731,0.043969,0.027238
2023-04-03,0.019899,0.057075,0.037176
2023-04-04,0.030029,0.055856,0.025826
2023-04-05,0.025658,0.065846,0.040188
2023-04-06,0.049013,0.065986,0.016973
2023-04-10,0.065464,0.013834,-0.05163
2023-04-11,0.067272,0.013619,-0.053653
2023-04-12,0.045637,0.029503,-0.016134
2023-04-13,0.066194,0.002063,-0.064131
2023-04-14,0.04525,0.000726,-0.044524
2023-04-17,0.061412,-0.0258,-0.087212
2023-04-18,0.051988,-0.013651,-0.06564
2023-04-19,0.038179,-0.006058,-0.044237
2023-04-20,0.05042,-0.01075,-0.06117
2023-04-21,0.048401,-0.016309,-0.064711
2023-04-24,0.042653,-0.010976,-0.053629
2023-04-25,0.024187,0.027709,0.003522
2023-04-26,0.022144,0.014907,-0.007236
2023-04-27,0.027557,0.00686,-0.020697
2023-04-28,0.030295,0.018415,-0.01188
2023-05-01,0.014949,-0.025549,-0.040497
2023-05-02,-0.000268,-0.00594,-0.005673
2023-05-03,-0.001591,-0.005337,-0.003747
2023-05-04,-0.00606,-0.025352,-0.019292
2023-05-05,0.008407,-0.0311,-0.039507
2023-05-08,0.007642,-0.029022,-0.036664
2023-05-09,0.002953,-0.034486,-0.037439
2023-05-10,0.011763,-0.024113,-0.035876
2023-05-11,-0.003241,-0.005984,-0.002744
2023-05-12,-0.002109,-0.005204,-0.003095
2023-05-15,-0.002247,-0.003656,-0.001409
2023-05-16,-0.00956,-0.010176,-0.000616
2023-05-17,0.002632,-0.012114,-0.014746
2023-05-18,0.017845,-0.027746,-0.045591
2023-05-19,0.015575,-0.029165,-0.04474
2023-05-22,0.014929,-0.041891,-0.05682
2023-05-23,0.019725,-0.053057,-0.072783
2023-05-24,0.016644,-0.047593,-0.064236
2023-05-25,0.005432,-0.04044,-0.045872
2023-05-26,0.009833,-0.048045,-0.057879
2023-05-30,0.011239,-0.009987,-0.021227
2023-05-31,0.017063,-0.025639,-0.042701
2023-06-01,0.033822,-0.027245,-0.061068
2023-06-02,0.056254,-0.028306,-0.08456
2023-06-05,0.035068,-0.02688,-0.061948
2023-06-06,0.037045,-0.007231,-0.044277
2023-06-07,0.038012,-0.018456,-0.056467
2023-06-08,0.039433,-0.016519,-0.055952
2023-06-09,0.043117,-0.028142,-0.07126
2023-06-12,0.053961,-0.017055,-0.071016
2023-06-13,0.057263,-0.016581,-0.073844
2023-06-14,0.065643,-0.005724,-0.071367
2023-06-15,0.065915,0.006763,-0.059152
2023-06-16,0.052149,0.010339,-0.04181
2023-06-20,0.048216,0.024575,-0.02364
2023-06-21,0.042421,0.030725,-0.011696
2023-06-22,0.058058,0.01536,-0.042698
2023-06-23,0.057723,0.030584,-0.027138
2023-06-26,0.044357,0.034253,-0.010104
2023-06-27,0.042308,0.023289,-0.019019
2023-06-28,0.042437,0.017486,-0.02495
2023-06-29,0.052381,-0.009511,-0.061893
2023-06-30,0.054778,-0.001745,-0.056524
2023-07-03,0.040939,0.003593,-0.037346
2023-07-05,0.041386,-0.004089,-0.045475
2023-07-06,0.030987,-0.023926,-0.054913
2023-07-07,0.031952,-0.015183,-0.047135
2023-07-10,0.028344,-0.025292,-0.053636
2023-07-11,0.033039,-0.018936,-0.051975
2023-07-12,0.031989,-0.010927,-0.042916
2023-07-13,0.033367,0.009445,-0.023922
2023-07-14,0.031495,-0.004467,-0.035962
2023-07-17,0.022401,-0.013452,-0.035853
2023-07-18,0.033518,-0.00511,-0.038629
2023-07-19,0.041219,-0.000786,-0.042005
2023-07-20,0.039637,-0.015301,-0.054939
2023-07-21,0.035898,-0.002976,-0.038874
2023-07-24,0.048452,-0.016409,-0.064861
2023-07-25,0.055628,-0.019296,-0.074924
2023-07-26,0.04434,-0.015758,-0.060099
2023-07-27,0.036894,-0.039003,-0.075897
2023-07-28,0.042934,-0.016314,-0.059248
2023-07-31,0.032733,-0.025443,-0.058176
2023-08-01,0.028595,-0.035947,-0.064542
2023-08-02,0.015797,-0.037112,-0.052909
2023-08-03,0.02088,-0.045833,-0.066712
2023-08-04,0.018835,-0.023051,-0.041886
2023-08-07,0.025133,-0.033934,-0.059067
2023-08-08,0.014216,-0.027713,-0.041929
2023-08-09,-0.000605,-0.033444,-0.032839
2023-08-10,-0.008119,-0.059246,-0.051127
2023-08-11,-0.00808,-0.055851,-0.047771
2023-08-14,-0.006055,-0.058395,-0.05234
2023-08-15,-0.024879,-0.068363,-0.043483
2023-08-16,-0.034183,-0.085978,-0.051795
2023-08-17,-0.035141,-0.078687,-0.043546
2023-08-18,-0.034676,-0.075706,-0.041029
2023-08-21,-0.032717,-0.084698,-0.051982
2023-08-22,-0.037963,-0.075942,-0.037978
2023-08-23,-0.027398,-0.053981,-0.026583
2023-08-24,-0.034476,-0.041575,-0.007099
2023-08-25,-0.037096,-0.043358,-0.006261
2023-08-28,-0.032832,-0.044651,-0.011819
2023-08-29,-0.016036,-0.018647,-0.002611
2023-08-30,0.001955,-0.009064,-0.011019
2023-08-31,0.003364,0.018872,0.015508
2023-09-01,0.009803,-0.014457,-0.024259
2023-09-05,-0.003262,-0.018618,-0.015356
2023-09-06,-0.005638,-0.027498,-0.02186
2023-09-07,-0.002019,-0.029818,-0.027799
2023-09-08,-0.000875,-0.009802,-0.008927
2023-09-11,0.006283,-0.014669,-0.020952
2023-09-12,-0.004731,-0.006803,-0.002072
2023-09-13,0.008174,-0.000924,-0.009098
2023-09-14,0.024384,-0.000314,-0.024697
2023-09-15,0.019812,-0.002153,-0.021965
2023-09-18,0.01992,4e-06,-0.019915
2023-09-19,0.011225,0.006035,-0.00519
2023-09-20,0.00465,0.001493,-0.003157
2023-09-21,-0.022839,-0.047812,-0.024973
2023-09-22,-0.011334,-0.033777,-0.022443
2023-09-25,-0.014127,-0.060623,-0.046496
2023-09-26,-0.034732,-0.06487,-0.030139
2023-09-27,-0.048106,-0.079273,-0.031167
2023-09-28,-0.046514,-0.075502,-0.028987
2023-09-29,-0.047435,-0.079511,-0.032077
2023-10-02,-0.049586,-0.080598,-0.031012
2023-10-03,-0.058238,-0.087581,-0.029343
2023-10-04,-0.04496,-0.076979,-0.032019
2023-10-05,-0.04238,-0.08412,-0.04174
2023-10-06,-0.032467,-0.09867,-0.066202
2023-10-09,-0.032635,-0.07082,-0.038185
2023-10-10,-0.022236,-0.077423,-0.055186
2023-10-11,-0.019375,-0.057953,-0.038579
2023-10-12,-0.033685,-0.076846,-0.043162
2023-10-13,-0.026772,-0.054567,-0.027795
2023-10-16,-0.017109,-0.075056,-0.057947
2023-10-17,-0.015112,-0.078448,-0.063337
2023-10-18,-0.019219,-0.089401,-0.070183
2023-10-19,-0.011498,-0.084541,-0.073043
2023-10-20,-0.021444,-0.086693,-0.065249
2023-10-23,-0.027231,-0.052402,-0.025171
2023-10-24,-0.005283,-0.036567,-0.031284
2023-10-25,-0.019951,-0.053113,-0.033162
2023-10-26,-0.037268,-0.041516,-0.004248
2023-10-27,-0.0393,-0.045696,-0.006396
2023-10-30,-0.027427,-0.03382,-0.006393
2023-10-31,-0.008041,-0.0174,-0.009359
2023-11-01,-0.00471,-0.01006,-0.005351
2023-11-02,0.014747,0.017579,0.002833
2023-11-03,0.01199,0.037043,0.025053
2023-11-06,0.007865,0.003434,-0.004431
2023-11-07,0.0055,0.019644,0.014144
2023-11-08,0.002131,0.015796,0.013665
2023-11-09,0.000415,0.020105,0.01969
2023-11-10,0.021112,0.007786,-0.013327
2023-11-13,0.009517,0.021942,0.012425
2023-11-14,0.02915,0.056754,0.027604
2023-11-15,0.045257,0.051171,0.005914
2023-11-16,0.055812,0.086477,0.030665
2023-11-17,0.070277,0.085406,0.015128
2023-11-20,0.080388,0.079072,-0.001316
2023-11-21,0.069967,0.064569,-0.005398
2023-11-22,0.089738,0.092655,0.002917
2023-11-24,0.103624,0.063476,-0.040148
2023-11-27,0.106652,0.085854,-0.020798
2023-11-28,0.094661,0.092917,-0.001744
2023-11-29,0.087063,0.112085,0.025021
2023-11-30,0.079828,0.075911,-0.003917
2023-12-01,0.065791,0.071742,0.005951
2023-12-04,0.050611,0.060291,0.00968
2023-12-05,0.047993,0.09368,0.045687
2023-12-06,0.040807,0.092137,0.051329
2023-12-07,0.047982,0.067685,0.019703
2023-12-08,0.06076,0.083878,0.023119
2023-12-11,0.048524,0.075562,0.027039
2023-12-12,0.054318,0.081212,0.026894
2023-12-13,0.048515,0.082052,0.033537
2023-12-14,0.049658,0.126002,0.076345
2023-12-15,0.046649,0.113417,0.066768
2023-12-18,0.051229,0.099393,0.048164
2023-12-19,0.049543,0.098606,0.049064
2023-12-20,0.037259,0.106538,0.069279
2023-12-21,0.043068,0.095664,0.052596
2023-12-22,0.044521,0.103677,0.059156
2023-12-26,0.050824,0.08863,0.037806
2023-12-27,0.051683,0.10574,0.054058
2023-12-28,0.05282,0.084081,0.031261
2023-12-29,0.045655,0.086857,0.041202
2024-01-02,0.033688,0.060617,0.026928
2024-01-03,0.030657,0.069295,0.038638
2024-01-04,0.027539,0.030898,0.003359
2024-01-05,0.03311,0.007617,-0.025493
2024-01-08,0.039924,0.023429,-0.016494
2024-01-09,0.033901,0.025294,-0.008607
2024-01-10,0.03572,0.022683,-0.013037
2024-01-11,0.030556,0.025381,-0.005175
2024-01-12,0.017243,-9.3e-05,-0.017336
2024-01-16,0.010266,-0.04261,-0.052875
2024-01-17,0.006307,-0.045184,-0.051491
2024-01-18,0.009577,-0.046462,-0.056039
2024-01-19,0.015984,-0.048539,-0.064523
2024-01-22,0.032439,-0.049317,-0.081756
2024-01-23,0.025724,-0.050844,-0.076569
2024-01-24,0.024786,-0.052092,-0.076878
2024-01-25,0.026028,-0.048603,-0.07463
2024-01-26,0.022875,-0.066958,-0.089833
2024-01-29,0.030586,-0.049308,-0.079894
2024-01-30,0.032779,-0.031958,-0.064737
2024-01-31,0.021644,-0.016783,-0.038427
2024-02-01,0.043538,-0.001661,-0.045198
2024-02-02,0.057931,-0.00865,-0.066581
2024-02-05,0.052637,-0.019287,-0.071925
2024-02-06,0.040834,-0.019377,-0.060211
2024-02-07,0.05111,-0.01786,-0.06897
2024-02-08,0.045661,-0.019002,-0.064663
2024-02-09,0.052168,-0.026451,-0.078618
2024-02-12,0.050978,-0.02339,-0.074368
2024-02-13,0.040322,-0.022915,-0.063237
2024-02-14,0.055644,-0.016387,-0.07203
2024-02-15,0.053558,-0.002024,-0.055582
2024-02-16,0.035404,-0.010963,-0.046367
2024-02-20,0.027531,-0.015967,-0.043498
2024-02-21,0.025471,-0.015159,-0.04063
2024-02-22,0.045551,-0.00452,-0.050071
2024-02-23,0.040612,0.002257,-0.038356
2024-02-26,0.03812,0.001185,-0.036935
2024-02-27,0.031876,-0.017194,-0.04907
2024-02-28,0.03131,-0.01984,-0.051151
2024-02-29,0.052187,-0.022522,-0.074709
2024-03-01,0.048344,-0.035354,-0.083698
2024-03-04,0.03631,-0.017533,-0.053843
2024-03-05,0.029702,0.016996,-0.012706
2024-03-06,0.031924,0.013063,-0.018861
2024-03-07,0.033547,0.017035,-0.016513
2024-03-08,0.02689,0.02117,-0.005721
2024-03-11,0.020112,0.022702,0.002591
2024-03-12,0.031538,0.012964,-0.018574
2024-03-13,0.044305,0.025627,-0.018677
2024-03-14,0.032854,0.004763,-0.028091
2024-03-15,0.018733,-0.000729,-0.019462
2024-03-18,0.029916,0.002061,-0.027855
2024-03-19,0.041373,0.004007,-0.037366
2024-03-20,0.050053,0.010869,-0.039184
2024-03-21,0.032163,0.008124,-0.024039
2024-03-22,0.029496,0.004318,-0.025178
2024-03-25,0.030425,0.002285,-0.028141
2024-03-26,0.026615,0.01221,-0.014405
2024-03-27,0.036613,0.0158,-0.020813
2024-03-28,0.032702,0.007828,-0.024873
2024-04-01,0.021317,-0.017083,-0.0384
2024-04-02,0.015913,-0.018551,-0.034464
2024-04-03,0.027296,-0.032543,-0.059838
2024-04-04,0.00964,-0.031289,-0.040929
2024-04-05,0.010161,-0.043876,-0.054036
2024-04-08,0.016829,-0.042282,-0.059111
2024-04-09,0.018881,-0.032869,-0.05175
2024-04-10,-0.002056,-0.045968,-0.043912
2024-04-11,0.007054,-0.045678,-0.052732
2024-04-12,-0.00488,-0.025614,-0.020734
2024-04-15,-0.010552,-0.040412,-0.02986
2024-04-16,-0.018192,-0.043901,-0.025709
2024-04-17,-0.029396,-0.035995,-0.006598
2024-04-18,-0.04027,-0.040544,-0.000274
2024-04-19,-0.051781,-0.039156,0.012625
2024-04-22,-0.041231,-0.049857,-0.008626
2024-04-23,-0.027166,-0.044759,-0.017594
2024-04-24,-0.025828,-0.054149,-0.028321
2024-04-25,-0.037617,-0.070006,-0.032389
2024-04-26,-0.028314,-0.064343,-0.036029
2024-04-29,-0.023173,-0.038574,-0.015401
2024-04-30,-0.032496,-0.041504,-0.009008
2024-05-01,-0.036695,-0.034229,0.002466
2024-05-02,-0.01567,-0.036992,-0.021321
2024-05-03,-0.013772,-0.013516,0.000256
2024-05-06,-0.004145,-0.009564,-0.00542
2024-05-07,-0.004198,-0.012708,-0.00851
2024-05-08,0.005971,0.00317,-0.002802
2024-05-09,0.004189,0.012666,0.008477
2024-05-10,0.019556,0.001614,-0.017941
2024-05-13,0.032629,0.019986,-0.012643
2024-05-14,0.039263,0.032597,-0.006666
2024-05-15,0.058396,0.0352,-0.023195
2024-05-16,0.058396,0.039428,-0.018969
2024-05-17,0.06925,0.028718,-0.040533
2024-05-20,0.060714,0.027407,-0.033307
2024-05-21,0.050845,0.032359,-0.018487
2024-05-22,0.048317,0.040965,-0.007353
2024-05-23,0.044628,0.041572,-0.003056
2024-05-24,0.041672,0.039213,-0.002458
2024-05-28,0.038721,0.015796,-0.022925
2024-05-29,0.04805,0.012149,-0.035901
2024-05-30,0.044489,0.014454,-0.030035
2024-05-31,0.044235,0.016978,-0.027257
2024-06-03,0.032291,0.023074,-0.009217
2024-06-04,0.022882,0.031008,0.008126
2024-06-05,0.033898,0.032278,-0.00162
2024-06-06,0.033779,0.037016,0.003237
2024-06-07,0.026607,0.013049,-0.013558
2024-06-10,0.028454,0.01199,-0.016464
2024-06-11,0.030792,0.019853,-0.010939
2024-06-12,0.034512,0.021749,-0.012763
2024-06-13,0.023916,0.022809,-0.001106
2024-06-14,0.026651,0.032426,0.005775
2024-06-17,0.033336,0.029109,-0.004227
2024-06-18,0.03477,0.041629,0.006859
2024-06-20,0.029434,0.029381,-5.3e-05
2024-06-21,0.031023,0.028147,-0.002876
2024-06-24,0.035233,0.038989,0.003757
2024-06-25,0.032388,0.037677,0.005289
2024-06-26,0.032955,0.037729,0.004775
2024-06-27,0.041879,0.054614,0.012734
2024-06-28,0.04471,0.025085,-0.019625
2024-07-01,0.037411,0.000599,-0.036812
2024-07-02,0.043542,-0.007662,-0.051203
2024-07-03,0.047028,-0.006237,-0.053265
2024-07-05,0.040697,-0.005309,-0.046006
2024-07-08,0.041917,-0.001662,-0.04358
2024-07-09,0.0442,0.0125,-0.0317
2024-07-10,0.051284,0.022496,-0.028789
2024-07-11,0.039715,0.021861,-0.017854
2024-07-12,0.03775,0.018578,-0.019173
2024-07-15,0.038513,-0.007719,-0.046232
2024-07-16,0.044037,-0.002118,-0.046154
2024-07-17,0.02127,0.008104,-0.013166
2024-07-18,0.010853,-0.008698,-0.019551
2024-07-19,0.006876,-0.007923,-0.014799
2024-07-22,0.018622,-0.010806,-0.029428
2024-07-23,0.020341,-0.016172,-0.036514
2024-07-24,-0.006608,-0.028454,-0.021847
2024-07-25,-0.013015,-0.006297,0.006719
2024-07-26,-0.003532,-0.002505,0.001028
2024-07-29,0.000992,0.021871,0.020879
2024-07-30,-0.006125,0.043821,0.049946
2024-07-31,0.003279,0.046352,0.043074
2024-08-01,-0.015323,0.041696,0.057019
2024-08-02,-0.039197,0.065337,0.104534
2024-08-05,-0.068254,0.068665,0.136919
2024-08-06,-0.060577,0.049399,0.109976
2024-08-07,-0.076,0.038749,0.114749
2024-08-08,-0.046417,0.022426,0.068843
2024-08-09,-0.048215,0.028112,0.076327
2024-08-12,-0.050327,0.043852,0.094178
2024-08-13,-0.040399,0.036469,0.076868
2024-08-14,-0.023683,0.042747,0.06643
2024-08-15,0.000742,0.042299,0.041557
2024-08-16,0.00969,0.05214,0.042449
2024-08-19,0.008942,0.060079,0.051137
2024-08-20,0.008885,0.070027,0.061143
2024-08-21,0.035826,0.082377,0.046551
2024-08-22,0.033079,0.062923,0.029844
2024-08-23,0.032492,0.061598,0.029106
2024-08-26,0.029426,0.053237,0.023811
2024-08-27,0.036089,0.04738,0.011291
2024-08-28,0.013598,0.035505,0.021906
2024-08-29,0.02825,0.023292,-0.004957
2024-08-30,0.057759,-0.018213,-0.075973
2024-09-03,0.067069,-0.007408,-0.074477
2024-09-04,0.055156,0.02839,-0.026766
2024-09-05,0.059673,0.041539,-0.018134
2024-09-06,0.018298,0.047881,0.029582
2024-09-09,0.025179,0.04213,0.016951
2024-09-10,0.029103,0.045624,0.01652
2024-09-11,0.02284,0.037597,0.014757
2024-09-12,0.028211,0.026314,-0.001897
2024-09-13,0.016165,0.037454,0.021289
2024-09-16,0.015389,0.043306,0.027918
2024-09-17,0.006183,0.033488,0.027305
2024-09-18,0.004833,0.012609,0.007776
2024-09-19,0.01848,0.00864,-0.009839
2024-09-20,0.024762,0.014852,-0.00991
2024-09-23,0.016522,0.00611,-0.010412
2024-09-24,0.021866,0.008468,-0.013398
2024-09-25,0.018214,0.001821,-0.016393
2024-09-26,0.02822,0.005407,-0.022813
2024-09-27,0.026637,0.013953,-0.012685
2024-09-30,0.021005,0.019994,-0.00101
2024-10-01,0.033118,0.010827,-0.022292
2024-10-02,0.035675,-0.010447,-0.046122
2024-10-03,0.036302,-0.025282,-0.061584
2024-10-04,0.06362,-0.037176,-0.100795
2024-10-07,0.042334,-0.04854,-0.090874
2024-10-08,0.047629,-0.053561,-0.10119
2024-10-09,0.044173,-0.058193,-0.102365
2024-10-10,0.033639,-0.057479,-0.091118
2024-10-11,0.034426,-0.06381,-0.098236
2024-10-14,0.041348,-0.071617,-0.112965
2024-10-15,0.032835,-0.055764,-0.088599
2024-10-16,0.04041,-0.039884,-0.080293
2024-10-17,0.023042,-0.051953,-0.074995
2024-10-18,0.028755,-0.0476,-0.076354
2024-10-21,0.024505,-0.062248,-0.086753
2024-10-22,0.02104,-0.061142,-0.082182
2024-10-23,0.013946,-0.055836,-0.069783
2024-10-24,0.012126,-0.052014,-0.064141
2024-10-25,0.013247,-0.062212,-0.075459
2024-10-28,0.012322,-0.060276,-0.072598
2024-10-29,0.023126,-0.065591,-0.088717
2024-10-30,0.019601,-0.054884,-0.074485
2024-10-31,0.001444,-0.044346,-0.04579
2024-11-01,-0.003386,-0.046085,-0.042699
2024-11-04,0.00354,-0.023923,-0.027463
2024-11-05,0.006159,-0.020391,-0.02655
2024-11-06,0.024084,-0.041774,-0.065858
2024-11-07,0.033812,-0.025954,-0.059765
2024-11-08,0.03211,-0.009582,-0.041691
2024-11-11,0.024713,-0.015136,-0.039849
2024-11-12,0.029529,-0.041555,-0.071084
2024-11-13,0.025571,-0.054631,-0.080202
2024-11-14,0.018889,-0.03385,-0.052739
2024-11-15,0.001984,-0.037136,-0.03912
2024-11-18,0.007745,-0.018274,-0.026018
2024-11-19,0.011966,-0.014231,-0.026197
2024-11-20,0.021644,-0.014715,-0.036359
2024-11-21,0.024912,-0.021747,-0.046659
2024-11-22,0.028444,-0.015682,-0.044125
2024-11-25,0.028752,0.012548,-0.016204
2024-11-26,0.032453,0.007082,-0.02537
2024-11-27,0.032448,0.011093,-0.021355
2024-11-29,0.059633,0.019872,-0.039761
2024-12-02,0.057071,0.036942,-0.02013
2024-12-03,0.059844,0.012282,-0.047563
2024-12-04,0.053685,0.017753,-0.035931
2024-12-05,0.026428,0.048527,0.022099
2024-12-06,0.020483,0.037092,0.016608
2024-12-09,0.010849,0.014645,0.003796
2024-12-10,0.006747,0.014809,0.008062
2024-12-11,0.017691,0.020516,0.002824
2024-12-12,0.011956,0.017774,0.005818
2024-12-13,0.018303,0.001582,-0.016721
2024-12-16,0.03592,0.007258,-0.028662
2024-12-17,0.027442,0.007919,-0.019523
2024-12-18,-0.00681,-0.009733,-0.002923
2024-12-19,-0.007451,-0.021598,-0.014147
2024-12-20,-0.000893,-0.015265,-0.014371
2024-12-23,0.001984,-0.024837,-0.026821
2024-12-24,0.009696,-0.045425,-0.055121
2024-12-26,0.004518,-0.04225,-0.046768
2024-12-27,-0.003035,-0.056638,-0.053603
2024-12-30,-0.020497,-0.058772,-0.038275
2024-12-31,-0.025806,-0.066054,-0.040248
2025-01-02,-0.02865,-0.055336,-0.026686
2025-01-03,-0.022575,-0.068368,-0.045793
2025-01-06,-0.015323,-0.0744,-0.059076
2025-01-07,-0.028297,-0.086196,-0.057899
2025-01-08,-0.02184,-0.076514,-0.054674
2025-01-10,-0.033769,-0.078296,-0.044526
2025-01-13,-0.039695,-0.069825,-0.03013
2025-01-14,-0.033393,-0.05993,-0.026537
2025-01-15,-0.015615,-0.033863,-0.018247
2025-01-16,-0.021686,-0.033639,-0.011953
2025-01-17,-0.007775,-0.034323,-0.026548
2025-01-21,0.032066,-0.013347,-0.045413
2025-01-22,0.038186,-0.003416,-0.041603
2025-01-23,0.031464,-0.016759,-0.048223
2025-01-24,0.022331,-0.0032,-0.025531
2025-01-27,-0.00321,0.004325,0.007534
2025-01-28,0.005288,0.004213,-0.001075
2025-01-29,0.011428,0.010448,-0.000981
2025-01-30,0.028595,0.00615,-0.022444
2025-01-31,0.026856,0.004924,-0.021933
2025-02-03,0.022458,0.01033,-0.012129
2025-02-04,0.016606,0.016674,6.8e-05
2025-02-05,0.014882,0.038098,0.023216
2025-02-06,0.030053,0.049471,0.019419
2025-02-07,0.019135,0.041364,0.022228
2025-02-10,0.041965,0.045138,0.003174
2025-02-11,0.041143,0.03881,-0.002333
2025-02-12,0.036363,0.026395,-0.009968
2025-02-13,0.028594,0.025777,-0.002817
2025-02-14,0.030525,0.027896,-0.002629
2025-02-18,0.023277,0.014042,-0.009235
2025-02-19,0.016383,0.006306,-0.010078
2025-02-20,0.006497,0.01538,0.008883
2025-02-21,-0.016089,0.035699,0.051787
2025-02-24,-0.017698,0.034059,0.051757
2025-02-25,-0.008559,0.039617,0.048176
2025-02-26,-0.016509,0.046469,0.062978
2025-02-27,-0.027849,0.041197,0.069047
2025-02-28,-0.017949,0.050032,0.067981
2025-03-03,-0.029992,0.061904,0.091896
2025-03-04,-0.03498,0.040356,0.075336
2025-03-05,-0.031108,0.028898,0.060006
2025-03-06,-0.05215,0.008839,0.060989
2025-03-07,-0.050139,0.00605,0.056189
2025-03-10,-0.066897,0.02315,0.090047
2025-03-11,-0.080896,0.018927,0.099823
2025-03-12,-0.076721,0.019369,0.09609
2025-03-13,-0.086085,0.042477,0.128562
2025-03-14,-0.076952,0.020002,0.096954
2025-03-17,-0.069789,0.019688,0.089477
2025-03-18,-0.082536,0.032866,0.115402
2025-03-19,-0.074723,0.036923,0.111646
2025-03-20,-0.073544,0.033738,0.107282
2025-03-21,-0.057112,0.015349,0.072461
2025-03-24,-0.035838,0.002031,0.037869
2025-03-25,-0.02869,-0.015068,0.013623
2025-03-26,-0.04077,-0.027287,0.013483
2025-03-27,-0.0278,-0.023219,0.00458
2025-03-28,-0.062016,-0.021706,0.04031
2025-03-31,-0.03888,-0.016636,0.022244
2025-04-01,-0.02462,0.004253,0.028873
2025-04-02,-0.028885,0.011672,0.040557
2025-04-03,-0.060057,0.019691,0.079749
2025-04-04,-0.120017,0.034111,0.154127
2025-04-07,-0.097547,-0.007428,0.090118
2025-04-08,-0.104235,-0.019164,0.085071
2025-04-09,-0.015388,-0.007463,0.007925
2025-04-10,-0.045812,-0.043237,0.002576
2025-04-11,-0.048442,-0.032912,0.01553
2025-04-14,-0.046563,-0.030848,0.015715
2025-04-15,-0.038845,-0.02838,0.010465
2025-04-16,-0.070334,-0.027995,0.042339
2025-04-17,-0.066308,-0.037214,0.029094
2025-04-21,-0.088833,-0.048411,0.040422
2025-04-22,-0.081574,-0.033187,0.048387
2025-04-23,-0.069579,-0.023687,0.045892
2025-04-24,-0.038516,-0.006873,0.031643
