时间,开盘价,最高价,最低价,收盘价
2000-06-05,41.396923572844884,42.67067506739396,39.56590579943059,41.87458038330078
2000-06-12,42.139937480290726,42.139937480290726,39.59243496259053,40.760040283203125
2000-06-19,40.91927003126878,44.89974376971905,40.60083213219276,41.39692687988281
2000-06-26,41.768431354076306,42.19301515437187,38.743271776970396,39.9108772277832
2000-07-03,39.857801922975874,41.07848027747447,37.41644521397868,40.44160461425781
2000-07-10,40.547756679549025,43.04218673706055,39.300541650793264,43.04218673706055
2000-07-17,43.04217701144465,43.785198562813605,37.68180724799716,38.05331802368164
2000-07-24,37.78796042202994,39.45975923283604,34.07285195357194,34.789337158203125
2000-07-31,35.16085134601669,36.24884750087457,31.949935864606864,33.40944290161133
2000-08-07,33.32983541452605,36.1427036899558,32.98486100338844,35.10778045654297
2000-08-14,35.82426160478378,41.95419081271345,35.24045882307619,41.37038803100586
2000-08-21,41.68882424977361,42.43184594232209,40.01702544153953,41.609214782714844
2000-08-28,41.50306411294949,42.750278955218434,40.653896560766384,41.55613708496094
2000-09-04,41.02540911621442,41.18462803904578,37.20415496826172,37.20415496826172
2000-09-11,36.938788929734706,37.973711895438484,34.76279705312677,35.134307861328125
2000-09-18,35.45274230957031,37.60219749450684,31.870317001342773,33.17060470581055
2000-09-25,34.07284636727606,34.07284636727606,30.060531174893708,30.187904357910156
2000-10-02,30.778080646151075,30.86724286091157,28.12867847836734,28.74432373046875
2000-10-09,28.532035232989053,28.765557661019695,24.519718891865498,27.491806030273438
2000-10-16,27.254037411763132,29.08399270447006,22.821381136719207,28.340970993041992
2000-10-23,28.786785502880562,29.86947234584223,24.3329003310413,26.196823120117188
2000-10-30,26.218055451054102,28.44287414831264,25.58542473642728,27.38141441345215
2000-11-06,27.76778083665786,27.852696299918087,22.337353710712257,22.502941131591797
2000-11-13,21.738694322490073,26.51101608235208,21.738694322490073,24.47726058959961
2000-11-20,23.606863119968036,25.024973346347156,22.96998729889344,24.833911895751953
2000-11-27,25.43257181876491,25.43257181876491,19.649738943968245,20.21868133544922
2000-12-04,20.592316692231467,23.55591176615644,19.641248157095006,23.4582576751709
2000-12-11,23.458253212915807,25.42407651485097,21.335334370117994,21.781147003173828
2000-12-18,22.396799989521796,23.445522706374167,19.637004730149442,21.547632217407227
2000-12-25,21.866066952140965,22.46048495404325,20.592315479200714,20.804607391357422
2001-01-01,21.123044409402986,24.328651830013815,19.615772217688885,21.759920120239258
2001-01-08,21.4414808936642,24.45177995916498,20.808850348706308,23.543170928955078
2001-01-15,23.14406211952306,25.869890945281604,22.290649398075136,25.351898193359375
2001-01-22,24.880612441645226,25.530226819923605,23.054902248770034,24.052675247192383
2001-01-29,23.75546622767709,26.264756663179117,23.245965294549716,23.81915283203125
2001-02-05,23.05914945032198,23.645073996500468,21.34383030955692,21.611318588256836
2001-02-12,21.488187642487034,24.40507806674502,21.34382907720007,22.34160041809082
2001-02-19,22.43925316317189,22.43925316317189,18.821800615528822,20.125272750854492
2001-02-26,20.082817258238375,20.600810111629617,17.17441831967774,19.250633239746094
2001-03-05,19.743148371811124,21.75567646687787,19.24638606118242,19.526611328125
2001-03-12,18.575539430047524,20.273874463651868,18.155200796580708,18.36749267578125
2001-03-19,18.554311601221603,21.437235870324066,17.798551367735318,20.93198013305664
2001-03-26,21.059359772056506,21.059359772056506,17.199892243216244,17.615985870361328
2001-04-02,17.40793323769362,17.998104373679837,14.779760485616421,15.862448692321777
2001-04-09,15.858204391750949,19.955438737935143,14.864678228097192,19.679458618164062
2001-04-16,18.809065306226053,22.92752921057615,17.853751589118716,22.014673233032227
2001-04-23,21.12304889794552,21.64953364342871,19.79834759141809,21.016902923583984
2001-04-30,21.394776087905,22.86383555552341,20.571084150377246,21.462709426879883
2001-05-07,21.632546644575154,21.912771909948265,20.312090663011674,20.44371223449707
2001-05-14,20.316336478005073,21.802379945936945,19.637002969099754,21.63254737854004
2001-05-21,21.547630492700847,23.30965412666702,20.974442940265945,21.420255661010742
2001-05-28,21.038128618289523,21.118800583206607,18.91520945156689,20.210189819335938
2001-06-04,20.16773029129079,22.660036717994306,19.721917629836092,21.917015075683594
2001-06-11,21.611314634289617,21.611314634289617,18.68168596076135,19.38224983215332
2001-06-18,19.64124979477595,20.031867810946565,17.91744025937004,18.66470718383789
2001-06-25,19.148731958561534,20.965952030118064,18.63923260844145,20.464942932128906
2001-07-02,20.040355902334678,20.664492993768732,18.261348724365234,18.261348724365234
2001-07-09,18.261347313994452,19.900240932424797,17.577768801852507,19.38224983215332
2001-07-16,19.416221685291145,19.60728476552828,17.747606817318566,18.93644142150879
2001-07-23,19.102027933852156,19.912983014486926,17.50134664093936,19.658231735229492
2001-07-30,19.95119100282727,21.61131339036258,19.53509750507892,21.135778427124023
2001-08-06,20.554103108448892,20.825836500013477,18.84303079492524,19.611526489257812
2001-08-13,19.997898641504623,20.210190566020206,18.40570920763773,18.494873046875
2001-08-20,18.443918832287725,19.6837043129279,17.832518771761563,19.62001609802246
2001-08-27,19.615773069696022,20.244156937322494,18.044812590800465,18.596771240234375
2001-09-03,18.299559496540674,18.868501802475542,16.694633394278096,16.885696411132812
2001-09-10,16.855979512478083,17.272071499599505,16.56726235902095,16.800783157348633
2001-09-17,15.539769236896651,15.930387245621477,11.807677382405727,12.448799133300781
2001-09-24,13.077183146685263,13.777747194760474,11.595385506447478,12.550699234008789
2001-10-01,12.550698336191436,14.316967891175159,11.72276031742941,13.858416557312012
2001-10-08,13.586680703080818,16.083233735776314,13.501763624754853,16.023792266845703
2001-10-15,15.412391605133749,16.24033033847809,13.909364565482011,14.4358491897583
2001-10-22,14.435849328564831,16.707372030931413,14.18109969415951,16.371952056884766
2001-10-29,16.134185420049793,16.55876924689321,14.393392377855294,16.473852157592773
2001-11-05,16.834751128319876,18.499119124739547,16.592738451490067,17.2296142578125
2001-11-12,16.601228085266186,18.978898645438143,16.601228085266186,18.112747192382812
2001-11-19,18.112746975091106,18.392972251287386,16.877208036454032,17.683917999267578
2001-11-26,17.908948749637563,19.004374352169908,17.594755955933824,18.100011825561523
2001-12-03,17.959893987195294,20.28236783602659,17.73486509685964,19.50537872314453
2001-12-10,19.293090240456277,19.700691981753387,18.257106193044446,18.72414779663086
2001-12-17,18.93643489003712,19.488395069155633,17.238099864216444,17.79006004333496
2001-12-24,17.832520467879664,18.596771021142757,17.577770823344878,18.329282760620117
2001-12-31,18.320790263874038,20.422478622822815,17.705143475441396,20.01063346862793
2002-01-07,20.278122183424593,20.571086050791163,19.114763443548128,19.233646392822266
2002-01-14,19.44593892990918,19.467167797302583,17.93866666975501,18.180679321289062
2002-01-21,18.257106719228624,18.507611271557884,17.246596638008672,18.42694091796875
2002-01-28,18.68168794566713,19.394988887710756,18.091516699256225,19.02135467529297
2002-02-04,19.2336488670004,19.2761082255307,17.67118010558154,18.2231388092041
2002-02-11,18.392972844883047,19.82806675761331,18.308055748216013,18.89398193359375
2002-02-18,18.601017214030335,18.71565503656462,16.940894589315953,17.238101959228516
2002-02-25,17.620228914579034,18.80906331259478,17.09799099893972,18.80057144165039
2002-03-04,18.93219758399218,21.309866954239133,18.830296727708834,21.14427947998047
2002-03-11,20.87678799048846,21.01690144421954,19.11476591190985,19.80259132385254
2002-03-18,20.06158874099319,20.380026657516893,19.373763294806515,19.637004852294922
2002-03-25,19.78560872810995,20.078572650301627,19.021358046102858,19.755887985229492
2002-04-01,19.573311253756,20.46069140258539,18.9958786839828,19.21241569519043
2002-04-08,18.6859336101362,19.581805748878935,18.172187565530717,18.55431365966797
2002-04-15,18.541575403976964,20.422481933450296,18.36749609540908,19.271860122680664
2002-04-22,19.212417361036263,19.284595831144316,17.272069483096566,17.386707305908203
2002-04-29,17.424922930335903,18.172189851049676,16.04927043808455,16.176645278930664
2002-05-06,16.176643503432217,17.849504853822385,15.476081145840674,16.465360641479492
2002-05-13,16.63944108449051,19.021356826030807,16.605475217516783,18.72414779663086
2002-05-20,18.46939742428081,18.59677225499925,17.004582821871598,17.14044952392578
2002-05-27,17.250841604652088,17.259333475679195,15.900664884859118,16.32524871826172
2002-06-03,16.325247203273076,16.325247203273076,14.181099367499373,14.733057975769043
2002-06-10,14.775515216340205,14.966578241223715,13.26824312165223,14.198081016540527
2002-06-17,14.372160565025641,15.369933437863331,12.482763195757599,12.631367683410645
2002-06-24,12.440306319907048,13.56545415569457,11.994493607114215,12.886119842529297
2002-07-01,12.779973562935723,13.412603378295898,11.506222061177931,13.412603378295898
2002-07-08,13.289471971555692,13.501763861259963,11.484990909069383,12.614383697509766
2002-07-15,12.525222795215782,13.760761657008345,12.206784927540806,12.317176818847656
2002-07-22,12.312931920132598,12.648353557709516,10.487221649010232,10.903313636779785
2002-07-29,11.242981682669443,11.964774649763966,10.024426320952236,10.253701210021973
2002-08-05,10.21124120664846,10.954262939642863,9.425761736775057,10.741971015930176
2002-08-12,10.529679107656042,11.824660330099777,9.977720429125547,11.61661434173584
2002-08-19,11.62086050141317,12.39784892592578,11.153818097591342,11.36186408996582
2002-08-26,11.378847433323044,11.506223080682531,10.028671402084633,10.232471466064453
2002-09-02,10.066881703699686,10.105094311224017,9.349335650919116,9.931015014648438
2002-09-09,9.829115522409294,10.720741729178105,9.340844278887854,9.672019958496094
2002-09-16,9.59559459296147,9.739953158037135,8.521397225740644,8.572347640991211
2002-09-23,8.512905197461079,8.99693129898733,7.897259149392631,8.491676330566406
2002-09-30,8.304858968911386,9.098831037705155,7.778375149801394,7.943962574005127
2002-10-07,7.973684105793537,8.801622035114104,7.353791332775346,8.644526481628418
2002-10-14,8.534134245702546,9.489447762538743,8.394021628959743,9.31961441040039
2002-10-21,9.234697967562186,10.223978223188317,9.005422318959791,10.054144859313965
2002-10-28,10.253698915980253,10.784428681919495,9.370564617850532,10.720741271972656
2002-11-04,11.081637987410172,11.540188485725038,10.088111772756402,10.359845161437988
2002-11-11,10.211240838109564,10.903312937939486,9.722969593158707,10.877838134765625
2002-11-18,10.882085107468662,12.295949475950737,10.525435373011762,12.058182716369629
2002-11-25,12.070918236743303,12.864889533517045,11.913821865657452,12.440305709838867
2002-12-02,13.055952106541906,13.162098058627613,10.784428569941916,11.077391624450684
2002-12-09,10.869347617010643,11.03918100902982,10.29615921034512,10.308897018432617
2002-12-16,10.325879900650163,10.933034982657862,9.63805446398358,9.892804145812988
2002-12-23,9.846099097382691,10.249453243960225,9.69324866172039,9.756936073303223
2002-12-30,9.914030722053834,10.317384798558159,9.345088432405914,10.211238861083984
2003-01-06,10.359844101604917,11.081636853736239,10.300402631369149,10.843870162963867
2003-01-13,11.094375144008687,11.225996714651995,9.595594739368854,9.672019958496094
2003-01-20,9.701741528249503,9.935262331296098,9.383303627824437,9.425762176513672
2003-01-27,9.332352482919685,9.778165994801977,8.67849379925348,9.128552436828613
2003-02-03,9.111569202155575,9.421516033904506,8.682740218310494,8.763410568237305
2003-02-10,8.793130464235901,9.349335847765467,8.644526776100651,9.34508991241455
2003-02-17,9.514923315929364,9.871573788560479,9.430006228225054,9.782411575317383
2003-02-24,9.705987098116259,10.02017905084217,9.34084472691857,9.994704246520996
2003-03-03,10.020179059523475,10.143307955373684,9.255927640761255,9.514924049377441
2003-03-10,9.430006858093273,10.465991672068375,9.268665352473674,10.181520462036133
2003-03-17,10.151798386571055,11.25147047097328,10.045652438731684,11.192028999328613
2003-03-24,10.678281246100102,10.89057312300002,10.296156029646095,10.355597496032715
2003-03-31,10.15179748856781,10.822639787178387,9.803638940024621,10.355597496032715
2003-04-07,10.924542116813837,11.255717806825604,9.884312184430351,9.956491470336914
2003-04-14,9.96922853967817,11.31091343228354,9.892803317595808,11.22175121307373
2003-04-21,11.255719009183036,11.794940743272196,10.903314413248683,10.98823070526123
2003-04-28,10.996720776760428,11.633596506802492,10.937279301101901,11.56990909576416
2003-05-05,11.61236684560495,12.070917307483448,11.378845274661604,11.858625411987305
2003-05-12,11.845888925537528,12.283210570485737,11.6760555521987,11.807676315307617
2003-05-19,11.65482591230693,11.973263769912808,11.149570951486716,11.514713287353516
2003-05-26,11.459516320538357,12.822430698703112,11.425549649952004,12.71628475189209
2003-06-02,12.843659314952912,13.78623582263855,12.143096241557702,12.94980525970459
2003-06-09,12.856398863958402,12.88187366740251,12.007231190747055,12.100639343261719
2003-06-16,12.164326569037177,12.754498643494085,11.973264331411201,12.270472526550293
2003-06-23,12.100638474013468,12.270471834489895,11.671808732667156,12.036951065063477
2003-06-30,12.24924466697206,12.648353726816364,11.739743705050422,12.41483211517334
2003-07-07,12.775727060069972,13.714056902643899,12.631368498161775,13.238523483276367
2003-07-14,13.590927720659465,13.990037558469162,12.983773522452163,13.353161811828613
2003-07-21,13.395618414005058,13.943331898505651,12.992264294481416,13.731040000915527
2003-07-28,13.714057796446337,14.09193715733611,13.501765875078254,13.905120849609375
2003-08-04,13.85416916249328,14.015509832361651,12.81393857999513,12.94980525970459
2003-08-11,12.928579324258093,13.896630041459643,12.924333388326398,13.798975944519043
2003-08-18,13.841431630894876,16.07474339024329,13.841431630894876,15.386918067932129
2003-08-25,15.450606862330284,15.947370835416537,14.881664408349712,15.875190734863281
2003-09-01,16.112957869409758,16.34647866932549,15.493065820278149,16.053516387939453
2003-09-08,16.091728217061167,16.495081570166242,15.02602186945365,15.692618370056152
2003-09-15,15.77328932303725,16.19787313663547,15.39965511356638,15.947368621826172
2003-09-22,15.603452258455233,15.803007132160182,14.677859586748344,14.690596580505371
2003-09-29,14.881663972928145,15.909157756617272,14.563226077845549,15.67563533782959
2003-10-06,15.709603547996851,16.295529755453675,15.497311608159055,16.282791137695312
2003-10-13,16.376201354536498,17.161680943789843,16.1341886542948,16.36346435546875
2003-10-20,16.16815300038553,17.06827026517552,15.989826949821614,16.367706298828125
2003-10-27,16.44413231512181,17.981125398522078,16.329494481269855,17.683917999267578
2003-11-03,17.896206446393816,18.978894729490637,17.802797499261406,18.677440643310547
2003-11-10,18.724147633769103,18.95767005319005,17.87497991124608,17.964143753051758
2003-11-17,17.832521262456286,18.1000095348976,17.41218254861994,17.713638305664062
2003-11-24,17.938666634383992,18.63923059459622,17.913191021766885,18.596771240234375
2003-12-01,18.80906239988623,18.847275007452343,17.403691029789748,17.47162437438965
2003-12-08,17.53531170683647,17.662686530827973,16.60122696480084,17.36972427368164
2003-12-15,17.76883072752422,17.78581446761661,16.308263092409355,17.072513580322266
2003-12-22,16.962124806495837,17.531067219383214,16.898436582352343,17.37397003173828
2003-12-29,17.5310676575848,17.87497954151129,17.501346917483964,17.57777214050293
2004-01-05,17.811295092707454,19.28884688393452,17.798556474222174,19.00012969970703
2004-01-12,19.09353611769913,19.4374479971842,18.707164881719162,19.24213981628418
2004-01-19,19.276107849566255,19.32281071355031,18.078781496566243,18.231630325317383
2004-01-26,18.214648272014408,18.66046100182059,17.42916715791886,17.81553840637207
2004-02-02,17.959896064402624,18.070288769543165,17.15318774215925,18.04481315612793
2004-02-09,18.193412448564867,18.40570431666788,17.577767326792863,17.764583587646484
2004-02-16,17.938667528056847,18.605264037988263,17.458887327648128,17.64145851135254
2004-02-23,17.71788223648908,17.81129119318836,16.97061544187093,17.365478515625
2004-03-01,17.348494530163677,18.06604057748354,17.24234857892152,17.514081954956055
2004-03-08,17.582015446262265,17.696653268923242,16.42290184334619,16.822010040283203
2004-03-15,16.707372963809245,16.90268275539462,15.977089881896973,15.977089881896973
2004-03-22,15.836974899619467,16.911172979957414,15.645911871918361,16.63519287109375
2004-03-29,16.792289823730474,17.620228599948984,16.486590573484847,17.582015991210938
2004-04-05,17.56078644921619,17.819782829636804,17.10223516198127,17.42916488647461
2004-04-12,17.53531060991228,17.66268542593583,16.14692139004065,16.414409637451172
2004-04-19,16.41016457221078,16.775305280906778,15.819991727742963,16.478097915649414
2004-04-26,16.53754189251588,16.558770761868544,14.958089393862181,14.987810134887695
2004-05-03,15.085466647893496,15.760555167344462,14.64814571442057,15.47608470916748
2004-05-10,15.37418017309802,16.08323601499562,15.348706179751197,15.450605392456055
2004-05-17,15.140661071452818,16.07049918406723,15.072727715549378,15.577981948852539
2004-05-24,15.752058842794034,16.567260607444123,15.450604723739433,16.52480125427246
2004-05-31,16.397425558661926,16.55027598260223,15.573733587010842,15.921892166137695
2004-06-07,16.028040643066326,16.48659198724462,15.849716200102911,16.011056900024414
2004-06-14,15.836976163903802,16.03228433240834,15.127921961857815,15.234067916870117
2004-06-21,15.369938282105128,16.045026782070927,15.14490770234378,15.815751075744629
2004-06-28,15.943124896290973,16.155416843297935,15.085465236023769,15.132169723510742
2004-07-05,14.945351963642288,15.106694281439099,14.52501323612553,15.01753044128418
2004-07-12,14.682109359098376,14.856188661532428,13.569698578023463,13.586682319641113
2004-07-19,13.633387502543387,14.274508394924052,13.450816319882511,13.489028930664062
2004-07-26,13.50601094074452,14.036741519809055,13.060198258518716,13.9688081741333
2004-08-02,13.777745886981396,14.100428891678753,12.928578209751835,13.013494491577148
2004-08-09,13.098411390009792,13.157852867393597,12.01572213161582,12.291702270507812
2004-08-16,12.30019301594113,13.038968768089003,12.30019301594113,12.860644340515137
2004-08-23,12.903101659864893,13.157852106510136,12.512484524296678,12.805447578430176
2004-08-30,12.767235861355596,12.826677339447631,11.986001535734255,12.015722274780273
2004-09-06,12.13885111374012,12.97528092246175,11.794938456629009,12.890364646911621
2004-09-13,13.07718224961722,13.357407525692631,12.75025330074886,13.04746150970459
2004-09-20,12.920086184059908,13.663107892747144,12.767235744841699,12.809694290161133
2004-09-27,12.601649203070155,13.455062866210938,12.410586140490334,13.455062866210938
2004-10-04,13.641879456271035,13.803220151960781,12.911594721212124,12.988019943237305
2004-10-11,12.958298190790586,13.314948659148445,12.576172920358411,12.635614395141602
2004-10-18,12.546452677480993,13.65886193171598,12.41907784403802,13.145115852355957
2004-10-25,13.15785323519158,13.917857895233698,13.072936952245271,13.735286712646484
2004-11-01,13.726794939835745,14.257524686294127,13.365897740448855,13.960315704345703
2004-11-08,13.947577778569311,14.07070747455272,13.506011028798081,14.028249740600586
2004-11-15,13.990038128349294,14.796746468493087,13.93059664872025,14.338196754455566
2004-11-22,14.257524084375953,14.384898894216779,14.036740324811186,14.117410659790039
2004-11-29,14.257525269361816,14.83920464176381,13.781990230933665,14.550487518310547
2004-12-06,14.520768053264687,14.784009587835833,13.539978772679923,13.752270698547363
2004-12-13,13.900875581056917,14.261771195812392,13.7267962721094,13.781991004943848
2004-12-20,13.8371877497451,14.05372480080582,13.612158827317058,14.002775192260742
2004-12-27,14.07070852637588,14.215067100126545,13.798975121588477,14.168362617492676
2005-01-03,14.266016373102646,14.33819646810988,13.213049454315037,13.365899085998535
2005-01-10,13.361652883856147,13.51025738682578,12.996511339502336,13.31070327758789
2005-01-17,13.264000754121549,13.391376408245577,12.82243392538164,12.830924987792969
2005-01-24,12.877628018175619,13.395620018812892,12.597402744571752,13.196065902709961
2005-01-31,13.340424104997401,13.892383575439453,13.145115120124245,13.892383575439453
2005-02-07,13.832942300252574,14.50378392598732,13.743778462811216,14.406129837036133
2005-02-14,14.389147743909064,14.66512791971558,14.053726082767975,14.159872055053711
2005-02-21,14.028249060469012,14.63964914589436,13.86690676388755,14.622665405273438
2005-02-28,14.63540570174794,14.839205753633713,14.278755206033127,14.440095901489258
2005-03-07,14.469817748143546,14.82222148590006,14.185345738949914,14.244787216186523
2005-03-14,14.29149131375052,14.355179534602147,13.73528592657702,13.77349853515625
2005-03-21,13.820202961743382,13.968808269943729,13.595174056335011,13.862662315368652
2005-03-28,13.896628814164556,14.053724380615902,13.569699064762322,13.620650291442871
2005-04-04,13.680091405297691,13.951824795056213,13.47629055314942,13.794729232788086
2005-04-11,13.765005338705917,13.845677293303046,12.686562961081776,12.699300765991211
2005-04-18,12.703548483747415,13.374390916365593,12.69930254818174,13.013494491577148
2005-04-25,13.098412093081514,13.399866241513859,12.84366161803072,13.085674285888672
2005-05-02,13.123884625327884,13.641877357204507,13.077180150203455,13.595172882080078
2005-05-09,13.586682512629285,14.040987079572625,13.3489157954105,13.939087867736816
2005-05-16,13.926349483129556,14.393392674064085,13.845679137446307,14.36791706085205
2005-05-23,14.4188683574097,14.77127375967776,14.227805285075148,14.660881042480469
2005-05-30,14.69484865916367,14.958090216870108,14.512277457299477,14.784010887145996
2005-06-06,14.733055925792813,14.99205226324177,14.495288451158372,14.690596580505371
2005-06-13,14.618420279947532,14.813728438112186,14.2872454361328,14.622665405273438
2005-06-20,14.482552561332048,15.123673337286862,14.448585082512928,14.47830581665039
2005-06-27,14.461327062449282,14.541997413931107,14.223559514355973,14.346689224243164
2005-07-04,14.287247059868461,15.119431008966972,14.274508443125708,15.085463523864746
2005-07-11,15.251049515603352,15.794517887992708,15.208591782918274,15.701108932495117
2005-07-18,15.603458843650712,16.028042757763657,15.518541736896305,15.803013801574707
2005-07-25,15.858201947938014,16.01954422169417,15.658648692678522,15.862448692321777
2005-08-01,15.892175633241967,16.270055048108425,15.58647470451447,15.667146682739258
2005-08-08,15.709601868004967,15.943122652921932,15.229821681774949,15.429376602172852
2005-08-15,15.450604667971682,15.688372185898654,15.297754236422822,15.386918067932129
2005-08-22,15.43786855086536,15.760551553884001,15.327475846390888,15.408147811889648
2005-08-29,15.352951822526272,15.722339315425614,15.34870669671175,15.480326652526855
2005-09-05,15.552507466777191,16.01954907156446,15.52703185173721,15.858206748962402
2005-09-12,15.879435768641228,16.015302463631333,15.556751153295663,15.662897109985352
2005-09-19,15.628930462514779,15.69686380660401,15.081216964737349,15.36993408203125
2005-09-26,15.527030338644746,15.743568996235844,15.026021295960298,15.684125900268555
2005-10-03,15.77329131110974,15.964352755583434,14.83920647952946,15.051498413085938
2005-10-10,14.945351584940532,14.979317450129328,14.28724695277674,14.631158828735352
2005-10-17,14.592944822064892,14.851941200444998,14.151378898900386,14.745795249938965
2005-10-24,14.784010938545906,14.83920729781882,13.828697184862193,14.142889976501465
2005-10-31,14.202329128181466,15.021776031811026,14.06221568989617,14.983563423156738
2005-11-07,15.030267726506155,15.505801146676284,14.864678677838292,15.276525497436523
2005-11-14,15.297758885832003,15.692622080790095,15.136418154302289,15.488821983337402
2005-11-21,15.501556049456148,15.96859926826098,15.36568934353519,15.904911041259766
2005-11-28,15.943122770556908,16.622457882197246,15.709601983916931,16.529048919677734
2005-12-05,16.5163110280935,16.613965111046866,15.709601132866593,16.10870933532715
2005-12-12,16.176638995023243,16.47384792131766,16.1426731398327,16.151165008544922
2005-12-19,16.26156028164287,16.26156028164287,15.671389020115981,16.05776023864746
2005-12-26,16.083231968568025,16.176639286770396,15.50155109872769,15.556747436523438
2006-01-02,15.684129385048593,16.872965653996037,15.48032929828423,16.834753036499023
2006-01-09,16.877204698272628,17.255083990862175,16.63094533655985,16.75832176208496
2006-01-16,16.56726386010349,16.58849273102784,15.811505041515215,15.879438400268555
2006-01-23,15.900665254211011,16.512065405435628,15.6374237248911,16.231840133666992
2006-01-30,16.304017267194244,16.43139207310106,15.752057075500488,15.752057075500488
2006-02-06,15.794517930395921,16.58424406986452,15.794517930395921,16.180889129638672
2006-02-13,16.11719937174836,16.45686606068212,15.960103831802469,16.087478637695312
2006-02-20,16.151169044688267,16.155414170276053,15.628931135817998,15.688372611999512
2006-02-27,15.70110926221951,16.5120642829406,15.6671433992899,16.10870933532715
2006-03-06,16.2403361114019,16.282793858600694,15.183121361695868,15.255301475524902
2006-03-13,15.331719665031196,15.696861953782253,14.941101767881753,15.093952178955078
2006-03-20,15.170379175168462,15.544013377488572,14.788254722038545,15.36993408203125
2006-03-27,15.425130877571993,15.832730953927676,15.119430010475867,15.420884132385254
2006-04-03,15.476080809288652,16.1087098041503,15.391163720005146,15.662897109985352
2006-04-10,15.645913200980571,15.752059156535822,15.369934688332163,15.62468433380127
2006-04-17,15.603454777128697,16.478097995331943,15.255296187864777,15.887925148010254
2006-04-24,15.78603025230567,16.219106044437424,15.620442782890992,15.98558521270752
2006-05-01,15.981336183810875,16.197874858777016,15.671390161290077,16.1596622467041
2006-05-08,16.23608455320307,16.337983753980158,15.24255843750421,15.259540557861328
2006-05-15,15.255297000414947,15.403900691677375,14.690599734300195,14.936859130859375
2006-05-22,14.779764576295511,14.817977188033593,14.185346531405083,14.520768165588379
2006-05-29,14.435846987414365,14.817972996709287,14.266012845581418,14.690596580505371
2006-06-05,14.682107682658977,14.711828417266906,13.641877112405806,13.828693389892578
2006-06-12,13.871152319716533,14.223557660073945,13.476290055977104,14.011265754699707
2006-06-19,14.130148974342726,14.287246153486027,13.701320029914447,13.777745246887207
2006-06-26,13.81595836688914,14.138641368541975,13.374390790177856,13.973053932189941
2006-07-03,14.087692375624528,14.193838338900987,13.404112112978703,13.501766204833984
2006-07-10,13.561205599092792,13.6333848711008,12.92008402062855,13.043212890625
2006-07-17,13.10690353138712,13.378636930552037,12.32142326336795,12.38935661315918
2006-07-24,12.482764970268557,13.3574074704688,12.448798294818918,13.340424537658691
2006-07-31,13.365899254345244,13.654616398693012,12.962545087248325,13.280982971191406
2006-08-07,13.162097425975972,13.561206413386804,12.962543337185208,13.005001068115234
2006-08-14,13.128130625987657,14.202327890417346,13.094163955680715,14.074953079223633
2006-08-21,13.926349362388846,14.053724188027095,13.675844836781483,13.913612365722656
2006-08-28,13.96456209311821,14.64814232754925,13.922104357423615,14.36791706085205
2006-09-04,14.372164046444713,14.512277507754646,13.862664673540603,14.142889976501465
2006-09-11,14.053727483147815,14.907142092372446,13.990040865225739,14.584457397460938
2006-09-18,14.554735201529372,14.873173118386584,14.08769357133573,14.159872055053711
2006-09-25,14.202331365053768,14.809486453933047,14.036743908024691,14.558981895446777
2006-10-02,14.47830759965319,14.69909138019138,14.181100221677491,14.423112869262695
2006-10-09,14.410375791073458,15.161889426276566,14.350934309135175,15.07272720336914
2006-10-16,15.200099360850821,15.263787577225928,14.19808135712201,14.274506568908691
2006-10-23,14.223558348553274,14.622666566898205,14.121657516391387,14.244787216186523
2006-10-30,14.215065540885684,14.491045660908922,13.905119558819138,13.994281768798828
2006-11-06,14.032494602202933,14.614173968632068,13.956069386799548,14.261770248413086
2006-11-13,14.249032732282815,15.161886919033288,14.168360774713529,14.979315757751465
2006-11-20,14.941103043162872,15.1449030687696,14.839203840188823,15.004791259765625
2006-11-27,14.953843551573891,15.043005770379605,14.219313693474698,14.444342613220215
2006-12-04,14.43585110429298,14.96658092430375,14.38490149507643,14.516521453857422
2006-12-11,14.546242713928223,14.66088055350551,14.244788554109574,14.546242713928223
2006-12-18,14.563224540147468,14.724566843458033,14.11741185803597,14.134395599365234
2006-12-25,14.125904393201248,14.440095524278984,14.100428780008947,14.287246704101562
2007-01-01,14.372161865234375,14.588700523548448,14.066462611818567,14.372161865234375
2007-01-08,14.435849924657283,15.038758173486185,14.333949094892208,14.898646354675293
2007-01-15,14.936857550129336,14.936857550129336,14.028248517631981,14.181098937988281
2007-01-22,14.236296786155144,14.550489565768695,13.985792235546445,14.359426498413086
2007-01-29,14.410373063300018,14.648140565704493,14.151378315260208,14.571715354919434
2007-02-05,14.614175653106175,14.809485459237212,14.363672731104213,14.410375595092773
2007-02-12,14.401883164990396,14.74579666060783,14.206574986093058,14.631158828735352
2007-02-19,14.563226132623315,15.225577539963666,14.41037568326332,15.0982027053833
2007-02-26,15.178871768996165,15.20434738161569,14.244787028510805,14.291491508483887
2007-03-05,14.151379386243343,14.826466099837916,14.108920032783521,14.694846153259277
2007-03-12,14.648142226214345,14.864679268212864,14.338196222743356,14.4740629196167
2007-03-19,14.525012073717793,14.924121900556319,14.359424643288506,14.588700294494629
2007-03-26,14.635406441959436,14.677864180877615,14.074955866013074,14.176855087280273
2007-04-02,14.249035930412429,14.571718974138355,14.08344685281124,14.537753105163574
2007-04-09,14.601436152775069,14.788254055342184,14.444340605337038,14.635403633117676
2007-04-16,14.66512620423733,15.505802012041794,14.584454238155152,15.382672309875488
2007-04-23,15.310495556259102,16.006812872155766,15.23407032698664,15.739324569702148
2007-04-30,15.692618060324826,15.947369331617546,15.416639540997858,15.93038558959961
2007-05-07,15.913402351926285,16.236086981858843,15.696865303140594,16.125694274902344
2007-05-14,16.20211960888505,16.28278995709711,15.628932060746061,15.773290634155273
2007-05-21,15.773290568498682,15.977090620758865,15.23831401411422,15.39540958404541
2007-05-28,15.442112552003568,15.815746754335247,15.238312519729565,15.701108932495117
2007-06-04,15.65865257307154,15.79876439894703,15.089710159038445,15.590719223022461
2007-06-11,15.594964102272197,16.244576853076016,15.335967703160957,16.21910285949707
2007-06-18,16.244575146414473,16.495079648128364,16.006809259810527,16.253067016601562
2007-06-25,16.2615586200598,16.40167204636061,15.917646791246185,16.155412673950195
2007-07-02,16.219102739170943,16.656423568725586,16.219102739170943,16.656423568725586
2007-07-09,16.647932002106224,17.17866180288486,16.42714821062325,17.064023971557617
2007-07-16,17.076762131188385,17.582016304932417,16.877207213144676,16.932403564453125
2007-07-23,16.97910679955393,17.097989744737358,15.994070897824619,16.019546508789062
2007-07-30,16.08323481589408,16.410164536626933,15.730829484054983,15.74781322479248
2007-08-06,15.84122559061304,16.325250968256416,15.688375130376393,16.006813049316406
2007-08-13,16.146920356902072,16.172395966340225,14.856186918881592,15.518536567687988
2007-08-20,15.590717659098253,16.011054714219014,15.531276186225309,15.99831771850586
2007-08-27,15.943120092441148,16.151166850471,15.39116152046647,16.087478637695312
2007-09-03,16.142678610144912,16.601228338386484,15.870945197904145,16.053516387939453
2007-09-10,16.197873538122238,16.346477228701477,15.692617750835318,15.76904296875
2007-09-17,15.718090440125176,16.677648991533577,15.62468149789961,16.380441665649414
2007-09-24,16.410163828265254,16.43988456344362,16.117199981994823,16.261558532714844
2007-10-01,16.32524871826172,16.60971910920524,16.04926857868651,16.32524871826172
2007-10-08,16.35072274510341,16.39742722601856,15.314738772560787,15.429376602172852
2007-10-15,15.446360898917211,15.781780909094573,15.076971783683424,15.127923011779785
2007-10-22,14.996302021085585,15.285019179606419,14.168363158258455,14.346689224243164
2007-10-29,14.380651809051031,14.73305711491704,14.34243920503735,14.541994094848633
2007-11-05,14.359426420883493,14.639651711605742,13.78623884157037,13.98579216003418
2007-11-12,13.998530058112014,14.244787848983018,13.701321039067267,13.922104835510254
2007-11-19,13.875398818824033,13.875398818824033,13.208802377340282,13.497519493103027
2007-11-26,13.514504395405767,14.138642385641102,13.162099819722505,13.722550392150879
2007-12-03,13.748025437261763,14.261771504082441,13.603666864307483,14.189591407775879
2007-12-10,14.223560188149706,14.474064745801986,13.854172660648544,13.87115478515625
2007-12-17,13.82444896251603,14.100427457755098,13.569697713458456,14.062214851379395
2007-12-24,14.028250104427888,14.181100542073763,13.811711444543311,13.854170799255371
2007-12-31,13.786238417223407,13.90087625348921,12.393603068447394,12.41907787322998
2008-01-07,12.50399350191401,12.682318734129003,11.930805197663725,11.97326374053955
2008-01-14,12.228014206087556,12.380864646858205,11.552925839123054,11.85013484954834
2008-01-21,11.41705987440982,12.499749216408864,11.268456169475156,11.89684009552002
2008-01-28,11.871363197157912,12.839414596557617,11.760972116806046,12.839414596557617
2008-02-04,12.779972743574813,12.813939415717478,11.552924991533722,11.952033996582031
2008-02-11,11.973263914241265,12.610139637130068,11.973263914241265,12.134605407714844
2008-02-18,12.228012405682183,12.588908776681782,11.93080424884608,12.223767280578613
2008-02-25,12.211029238394264,12.762987811666285,12.062424757950485,12.121866226196289
2008-03-03,12.13460628330934,12.419077492452715,11.816168398887475,12.155835151672363
2008-03-10,12.121866643157873,12.576171969816787,12.03695037271857,12.17706298828125
2008-03-17,11.850133866624375,12.669580735273481,11.850133866624375,12.351142883300781
2008-03-24,12.431815459632965,12.860645246695531,12.066673088309912,12.113377571105957
2008-03-31,12.143098270050267,13.064445256798098,12.062427111810754,12.924332618713379
2008-04-07,12.97103440304632,13.106901895500418,12.423321737486473,12.5464506149292
2008-04-14,12.444552180318633,13.064445010652836,12.028460209582862,12.9073486328125
2008-04-21,12.88187431395263,13.323441105073783,12.576174227791832,13.145115852355957
2008-04-28,13.123885292764415,13.680090658060609,12.86064378827203,13.497519493103027
2008-05-05,13.429584321511975,13.705563610718865,13.255505040173968,13.476288795471191
2008-05-12,13.535730793247005,14.176852409744388,13.399864110778822,14.130147933959961
2008-05-19,14.232050434680215,14.448587479266731,13.408357562754263,13.620650291442871
2008-05-26,13.573944379522377,14.028249745360377,13.573944379522377,13.862662315368652
2008-06-02,13.917859912381404,14.091939248954883,13.497522752692323,13.633389472961426
2008-06-09,13.64187937379027,13.726796466600254,12.954053189551756,13.489028930664062
2008-06-16,13.382883628312708,13.718305270610267,13.07293760100978,13.204558372497559
2008-06-23,13.268244461669504,13.480536373056216,12.444551618736837,12.690810203552246
2008-06-30,12.567680718427837,12.775726684514073,11.960525751161205,12.185555458068848
2008-07-07,12.287456823069386,12.51673168053484,11.646335113573375,11.969018936157227
2008-07-14,12.134605130065507,12.746006036801646,11.727005065460975,12.618630409240723
2008-07-21,12.665333988306726,12.699300657946944,11.54867901528395,11.680299758911133
2008-07-28,11.663315930084687,12.096391572061322,11.5019744529834,11.828904151916504
2008-08-04,11.867120104664323,12.775729374347776,11.790694874535902,12.729024887084961
2008-08-11,12.707794518642343,13.11964055377925,12.699302647444615,12.9073486328125
2008-08-18,12.941315839572765,12.988020323250094,12.181311152392148,12.376619338989258
2008-08-25,12.32566906820131,12.40633941407922,12.019968187554408,12.100639343261719
2008-09-01,12.291701187320077,12.385109330667374,10.983983131311312,11.251470565795898
2008-09-08,11.552926972186874,11.552926972186874,10.699514087063239,10.933034896850586
2008-09-15,10.614594873392356,11.7057750968044,10.253698485731153,11.251470565795898
2008-09-22,11.10286730608234,11.107113241681771,10.461745607497349,10.975492477416992
2008-09-29,10.758953774933484,10.767445645464703,9.722969055175781,9.722969055175781
2008-10-06,9.548889746010106,9.693248305535649,8.181730175606893,8.619050979614258
2008-10-13,9.060620894645137,9.667776028280567,7.812343946253461,8.343073844909668
2008-10-20,8.440726629331477,8.623297815434984,7.226417362159485,7.79111385345459
2008-10-27,7.6552454262828284,8.924750761875668,7.553345421835127,8.810112953186035
2008-11-03,8.80162388514285,8.95872028147824,7.621281183896089,8.003406524658203
2008-11-10,8.130780661651773,8.139272533111223,6.895241708332259,7.2603840827941895
2008-11-17,7.192449443125832,7.375020597671403,6.135235525663999,6.474902629852295
2008-11-24,6.657474536060945,7.209433187156916,6.585295253087221,7.060828685760498
2008-12-01,6.899487729487823,7.060829240067813,6.398478644789227,6.882503986358643
2008-12-08,7.0013877116353935,7.727426528930664,6.8527831995733735,7.727426528930664
2008-12-15,7.61278813108123,7.986421541701507,7.260383587832906,7.4684295654296875
2008-12-22,7.4217254608626,7.442955139137889,7.043846095686088,7.0947957038879395
2008-12-29,7.111778476337617,7.850554173117947,7.018370334157107,7.803849697113037
2009-01-05,7.752901211388996,8.224189544837397,7.417479580599377,7.438709259033203
2009-01-12,7.451445945322607,7.536363035855554,6.882503544308287,7.476921558380127
2009-01-19,7.408989138901769,7.421726137198234,6.780604776703949,7.247646808624268
2009-01-26,7.226417075950018,7.782621673809078,7.1499918559727105,7.183958530426025
2009-02-02,7.086304626578567,8.139272371798253,7.039600144306676,8.02038860321045
2009-02-09,8.050108876762073,8.160500767666537,7.370775409395177,7.689213275909424
2009-02-16,7.4556920226484715,7.4769217006002195,6.738145509382286,6.920716285705566
2009-02-23,7.018371695413271,7.519379984096149,6.64473743456396,6.99289608001709
2009-03-02,6.86127461907832,7.188204362111618,6.640491238321483,6.844291687011719
2009-03-09,6.823062901911199,7.799606323242187,6.746638077958447,7.7996063232421875
2009-03-16,7.820833831873837,8.177484297939433,7.493904103008815,7.7019500732421875
2009-03-23,7.850554596114005,8.415251034357953,7.8080960528972225,8.224188804626465
2009-03-30,8.092567316277565,8.491676330566406,7.748654651641846,8.491676330566406
2009-04-06,8.351564280035653,8.563856202954883,7.9991597203829095,8.542627334594727
2009-04-13,8.470448629743162,8.716707244837231,8.207206270931826,8.674248695373535
2009-04-20,8.542625702567522,8.797375313538385,8.101058198536734,8.597821235656738
2009-04-27,8.444972777922434,8.92050706091989,8.249664589614365,8.657264709472656
2009-05-04,8.822852472886167,9.09883180648698,8.241172256674501,8.377038955688477
2009-05-11,8.258155315695728,8.538380561683892,8.024633737486033,8.14351749420166
2009-05-18,8.266646205019095,8.890784902556895,8.190221802102618,8.478938102722168
2009-05-25,8.338825533667563,8.975701230674662,8.338825533667563,8.958718299865723
2009-06-01,9.098829772895781,9.463972052258486,8.90776676396664,8.962963104248047
2009-06-08,8.962963398992292,9.45548049395121,8.835587785574415,9.183746337890625
2009-06-15,9.111567927179527,9.192239075647516,8.869555291604893,9.081847190856934
2009-06-22,9.047881192958041,9.196485695463505,8.63178923380625,9.069110870361328
2009-06-29,9.107323139022736,9.396039452437957,8.975701573536357,9.158272743225098
2009-07-06,9.120059361853594,9.234697176332613,8.61055931388454,8.903521537780762
2009-07-13,8.93324485319677,10.07962079572554,8.784640339397823,10.04990005493164
2009-07-20,10.134816074908542,10.580628759125636,9.909786360209127,10.529678344726562
2009-07-27,10.453255876971518,10.85236415617728,10.34286396682008,10.593368530273438
2009-08-03,10.712249967161553,10.79292112259745,10.364091351888957,10.457499504089355
2009-08-10,10.44900905431482,10.661300984326388,10.240963060083015,10.42353343963623
2009-08-17,10.228223693063235,10.648561553210163,10.122077744243425,10.62733268737793
2009-08-24,10.669790921531076,11.111358478134973,10.470236819890484,10.90755844116211
2009-08-31,10.797165864118925,11.00521182316936,10.444761352285855,10.839624404907227
2009-09-07,10.962755638842122,11.175047578586794,10.814151119054955,10.933034896850586
2009-09-14,10.818396731684139,11.073147213729541,10.682530023881114,10.856609344482422
2009-09-21,10.79716753498955,11.221751388918642,10.669791892913162,10.780183792114258
2009-09-28,10.83538002737311,11.085884563220526,10.321633148662007,10.368337631225586
2009-10-05,10.427778122387037,11.022195293026826,10.342861846483837,10.992474555969238
2009-10-12,11.039177803397399,11.42979489652617,10.788673319226271,10.894819259643555
2009-10-19,10.958507799251455,11.22599605036853,10.686774422726858,10.724987030029297
2009-10-26,10.733479737708896,10.954262718441418,10.215486936019035,10.270683288574219
2009-11-02,10.26219183158789,10.576383787838397,9.99470435864132,10.406550407409668
2009-11-09,10.533924230215835,11.115604413467244,10.499957557387024,10.90755844116211
2009-11-16,10.99247510711991,11.196275961130507,10.57213721231015,10.64856243133545
2009-11-23,10.763201633552972,10.92878908935503,10.563646689556144,10.784430503845215
2009-11-30,10.792921972478245,11.633597837968445,10.665547135826808,11.518959999084473
2009-12-07,11.49348310829101,11.633595727116715,11.298174952885796,11.357616424560547
2009-12-14,11.468010644810551,11.608123292192204,11.27694757573126,11.493485450744629
2009-12-21,11.55717151606804,11.918067932128906,11.55717151606804,11.918067932128906
2009-12-28,11.947788758994285,12.02845991372969,11.693039107963562,11.85438060760498
2010-01-04,12.036953472854227,12.16857425232332,11.786448912356258,12.109132766723633
2010-01-11,12.143097975165556,12.194047582415772,11.425551059451523,11.434042930603027
2010-01-18,11.46800932081136,11.71002197381808,10.839625448122094,10.899066925048828
2010-01-25,10.971247788928903,11.15806492739257,10.415043119449479,10.512697219848633
2010-02-01,10.559400633061399,10.920296255210971,10.368337577946221,10.661300659179688
2010-02-08,10.648563310282944,11.192030949454141,10.52543441044625,11.064655303955078
2010-02-15,11.204766167752496,11.472254413941483,11.068899481993345,11.395829200744629
2010-02-22,11.455271937953388,11.459517873580772,11.005213289233007,11.200521469116211
2010-03-01,11.310913216875662,11.586893360212674,11.179292453479002,11.47650146484375
2010-03-08,11.489239772855115,11.659073165946234,11.30242344536963,11.468010902404785
2010-03-15,11.434043416603982,12.113377750840574,11.31515964491801,11.671810150146484
2010-03-22,11.608121439537415,12.155834133767371,11.586892572952054,11.80342960357666
2010-03-29,11.888347281731036,12.092147326487371,11.756726520721243,11.85438060760498
2010-04-05,11.913823533556783,12.189802895618003,11.867119857097785,12.049690246582031
2010-04-12,12.066673231707547,12.966791363632305,12.066673231707547,12.754499435424805
2010-04-19,12.720531943293853,12.94131574288143,12.359636313380028,12.877628326416016
2010-04-26,12.915841318221183,13.02198728539597,12.278965515172464,12.308686256408691
2010-05-03,12.406340065923965,12.644107609992918,10.848117271316974,11.463764190673828
2010-05-10,12.019967698176204,12.329914501749588,11.451025315502038,11.654826164245605
2010-05-17,11.62510596136724,11.981756475637214,11.03918057925483,11.438289642333984
2010-05-24,11.434042906282768,11.845888938301878,10.88632936561679,11.642088890075684
2010-05-31,11.578400458333832,11.960525717621259,11.387337423775453,11.455270767211914
2010-06-07,11.51895816757601,11.574154515223714,10.801412126790522,11.497729301452637
2010-06-14,11.633594890079436,12.211029064216826,11.531694884613295,12.083653450012207
2010-06-21,12.253488938782073,12.270471869964144,11.344879040405033,11.535942077636719
2010-06-28,11.544435361524844,11.722760614830285,10.70375870461093,10.903313636779785
2010-07-05,11.111357614719022,11.591136932373047,10.835378318201434,11.591136932373047
2010-07-12,11.582646882568156,12.270472216360922,11.561417205704572,11.654826164245605
2010-07-19,11.697284621675601,12.10488553453946,11.501976441428953,12.075164794921875
2010-07-26,12.092147094462145,12.240751594598224,11.442534363037481,11.629350662231445
2010-08-02,11.735497284601946,11.901085535794689,11.574155778892738,11.782201766967773
2010-08-09,11.820413289999982,11.888346634553942,10.87783752694177,10.91180419921875
2010-08-16,10.899066576102662,11.357617064442103,10.81839542440674,11.03068733215332
2010-08-23,11.085883348393102,11.124095955425037,10.351352754202066,10.7462158203125
2010-08-30,10.68252829909505,11.056162495056375,10.249452630524605,10.979737281799316
2010-09-06,10.924542372912398,10.933034244354456,10.495712583041682,10.657054901123047
2010-09-13,10.767445557165578,11.36610865760827,10.767445557165578,11.306666374206543
2010-09-20,11.327897515327795,11.705776891614232,11.005213684521054,11.693039894104004
2010-09-27,11.671809628096181,11.956280832404042,11.51471406128955,11.765217781066895
2010-10-04,11.71002261341649,12.05818124271122,11.501976622980115,12.028460502624512
2010-10-11,12.036952007079254,12.223769123138363,11.913822304954337,12.079410552978516
2010-10-18,12.028460058645578,12.126114146705827,11.697284374554568,12.100639343261719
2010-10-25,12.16432619462533,12.644106361321677,12.024213567413788,12.529468536376953
2010-11-01,12.610138554419782,13.24701422262625,12.461534069872414,13.242768287658691
2010-11-08,13.196064429990125,13.30221037965537,12.627122074998065,12.958297729492188
2010-11-15,12.983772959847181,13.111147779724208,12.661089165018781,13.094164848327637
2010-11-22,13.03472496584055,13.497521442994351,13.026233094190335,13.370145797729492
2010-11-29,13.268244321884724,13.888136307885082,13.119639823513742,13.862662315368652
2010-12-06,13.862663872441267,14.121658670181759,13.735287416917098,13.951826095581055
2010-12-13,14.028249745360377,14.028249745360377,13.671599273201766,13.862662315368652
2010-12-20,13.879646297732856,13.88813816959625,13.667354360124872,13.798975944519043
2010-12-27,13.726795842052697,13.888136529426207,13.641878753106306,13.811711311340332
2011-01-03,13.866907774665913,14.045233824866733,13.705565466323984,13.939087867736816
2011-01-10,13.888135365061569,14.614173256348488,13.824448768435252,14.609928131103516
2011-01-17,14.597192878854724,14.707583964651358,14.164117167513197,14.325459480285645
2011-01-24,14.393391427319191,14.99629964418472,14.342440205308478,14.605683326721191
2011-01-31,14.635403374701008,15.217082698199278,14.401881000615408,15.204345703125
2011-02-07,15.259544258371232,15.357198357655257,14.911385601912016,15.285019874572754
2011-02-14,15.306246529543083,15.569488046888962,15.174626580699519,15.522785186767578
2011-02-21,15.327476302712833,15.386919402092767,14.631159049422093,15.293510437011719
2011-02-28,15.34021553011686,15.616194071186113,14.928368661858833,15.463343620300293
2011-03-07,15.463342311933658,15.497309795771562,14.227803431358497,14.414621353149414
2011-03-14,14.367917118838132,14.533504556237647,13.72254949179117,14.032495498657227
2011-03-21,14.15562427594292,14.830712597949992,14.134395409396019,14.677862167358398
2011-03-28,14.68635516204098,14.898647083076751,14.40188314563046,14.469818115234375
2011-04-04,14.529261089338352,14.970827099598262,14.23629717157534,14.809486389160156
2011-04-11,14.813729200497637,14.830712941992624,14.278754300675418,14.588700294494629
2011-04-18,14.461325672064536,15.234068104498796,14.291491494089614,15.187363624572754
2011-04-25,15.212841173158393,15.628933180524342,15.14915294339812,15.577981948852539
2011-05-02,15.573734190893065,15.70535575431396,15.14490363824806,15.51429271697998
2011-05-09,15.480330110152806,15.696868827211992,15.3062507590166,15.488821983337402
2011-05-16,15.416638730366943,15.645912756918387,14.962334183057235,15.242559432983398
2011-05-23,15.04725026958808,15.06423401141303,14.72456727320787,15.000547409057617
2011-05-30,15.149152818973386,15.242561789945531,14.478309517735154,14.503785133361816
2011-06-06,14.4740649273697,14.69909387159478,13.943335062945259,14.05797290802002
2011-06-13,14.113168390313664,14.261772095253418,13.65037191251126,13.722550392150879
2011-06-20,13.701321578166791,14.202330670642915,13.663108965362376,13.86690902709961
2011-06-27,13.841433316238787,14.79250188409083,13.748025967542349,14.762781143188477
2011-07-04,14.750039879625554,15.013281345623927,14.461322806082137,14.711827278137207
2011-07-11,14.529259233550489,14.771271887954935,13.671599699482943,13.832942008972168
2011-07-18,13.760763035520421,14.406130706351762,13.599420712897858,14.346689224243164
2011-07-25,14.223558934512026,14.431605733069707,13.51025793896976,13.61215877532959
2011-08-01,13.781992622600658,13.832943855340417,12.155836363146916,12.482766151428223
2011-08-08,12.121869089649081,12.712041215985563,11.705777093979806,12.516732215881348
2011-08-15,12.5931570609181,12.72477782907376,11.586893779158943,11.6123685836792
2011-08-22,11.86287033630716,12.211028885683483,11.66756138798066,12.087899208068848
2011-08-29,12.232259867926194,12.593156283987062,11.867118326231715,11.918067932128906
2011-09-05,11.612369581817601,12.478520298420975,11.582648839017759,12.109132766723633
2011-09-12,11.990246056241611,13.263997418148955,11.990246056241611,13.132376670837402
2011-09-19,12.958297939573841,13.200310579161448,12.16432586688092,12.618630409240723
2011-09-26,12.682319823667669,13.119640666319695,12.075164794921875,12.075164794921875
2011-10-03,12.075163580156502,12.291701416795803,11.005212202584422,12.143096923828125
2011-10-10,12.291702357448255,13.005002520587336,12.291702357448255,12.996511459350586
2011-10-17,12.915840403054805,13.204557542885562,12.431815086179364,13.013494491577148
2011-10-24,13.098412037830904,13.900876071347492,13.072937233382111,13.815958976745605
2011-10-31,13.637631577953908,13.697073052445008,12.966789997707437,13.552715301513672
2011-11-07,13.510255834720505,13.72679447088675,12.992263911411857,13.590926170349121
2011-11-14,13.548472687411373,13.849926878889377,12.881876069226331,12.941317558288574
2011-11-21,12.762990008432967,12.805448554414767,11.99449348449707,11.99449348449707
2011-11-28,12.359636782390494,13.23852526852088,12.257736750213148,12.992266654968262
2011-12-05,13.187573420103822,13.370144595012906,12.656843637149215,13.106903076171875
2011-12-12,12.818184677184624,12.856397282565169,12.253488276352385,12.363880157470703
2011-12-19,12.38511060478633,13.021986362708502,12.181310556610292,13.013494491577148
2011-12-26,13.000756100747456,13.106902049020011,12.839413805868755,12.920084953308105
2012-01-02,13.179083233286994,13.297966194264173,12.95829943457304,13.251261711120605
2012-01-09,13.348915965173887,13.692828643896261,13.306457419816082,13.412603378295898
2012-01-16,13.527241544595363,14.299984011994372,13.404111840975157,14.295737266540527
2012-01-23,14.304226447749326,14.588698412282643,14.193835381591867,14.33394718170166
2012-01-30,14.22780267231562,14.754287306104123,14.083444113023505,14.699090957641602
2012-02-06,14.639651519408002,14.834959709237799,14.4316063318768,14.50802993774414
2012-02-13,14.648142075262573,15.068480777898227,14.389145680873398,14.915630340576172
2012-02-20,14.928366301162425,14.941103296835776,14.486798761688185,14.605683326721191
2012-02-27,14.533502578735352,14.936857493214532,14.435848503803944,14.533502578735352
2012-03-05,14.469816949359554,14.626912504763913,14.007020534004061,14.614173889160156
2012-03-12,14.575962448539599,15.051495845068267,14.45283275936653,14.979315757751465
2012-03-19,14.992054433886382,15.183115846538511,14.915629220962071,15.043004035949707
2012-03-26,15.119427707704217,15.357193572869292,14.932609819750537,15.200098037719727
2012-04-02,15.149151755108498,15.297755453347472,14.635405690157944,14.839205741882324
2012-04-09,14.63965118605548,14.919876466717895,14.359425905393064,14.66512680053711
2012-04-16,14.758533389106617,15.000547665096079,14.431605261519344,14.452834129333496
2012-04-23,14.23205215531288,14.805239757666692,14.045235827208149,14.784010887145996
2012-04-30,14.745793275807905,14.864676206168129,14.164113998413086,14.164113998413086
2012-05-07,14.125904461152873,14.232050420476542,13.675845010543348,14.032495498657227
2012-05-14,13.883891446024244,13.947578048183539,13.09841120528555,13.106903076171875
2012-05-21,13.145114449794889,13.391373838546881,12.983772957326687,13.25975227355957
2012-05-28,13.450814249232764,13.556960193990182,12.686562961081776,12.699300765991211
2012-06-04,12.74600649721886,13.522994857038658,12.554943453890479,13.357406616210938
2012-06-11,13.539977682226388,13.539977682226388,13.123885735395584,13.506011009216309
2012-06-18,13.45506139520201,13.943332623066281,13.370144307821544,13.548469543457031
2012-06-25,13.378634731139599,13.922102249954207,12.937067220259742,13.684334754943848
2012-07-02,13.765007312436486,13.828695536286467,13.24277019353601,13.365899085998535
2012-07-09,13.30221136967673,13.344669914668684,12.648352692186426,12.915840148925781
2012-07-16,12.826677179379057,13.438078124372264,12.550697850472273,13.102657318115234
2012-07-23,12.796956805638882,13.79472981135067,12.682319783169895,13.735286712646484
2012-07-30,13.752268689149327,13.985789449551104,13.489027193041432,13.943331718444824
2012-08-06,14.02825206690356,14.393394470214844,13.939089839023085,14.393394470214844
2012-08-13,14.304227304641442,14.418865122321462,14.147131755817098,14.274506568908691
2012-08-20,14.240542257441993,14.393392697647048,13.888136895896023,14.036742210388184
2012-08-27,14.05796899598426,14.05796899598426,13.743776291028219,13.998527526855469
2012-09-03,13.981547033964285,14.130150741294669,13.654617258178504,13.98579216003418
2012-09-10,13.905120223642927,14.253278829440827,13.735286046330351,14.147132873535156
2012-09-17,14.083444765960255,14.13864111698179,13.624895074963996,13.70981216430664
2012-09-24,13.569698865076939,13.624895216672552,13.102657298322974,13.433832168579102
2012-10-01,13.442323513218364,13.73104063688592,13.382882038285405,13.569698333740234
2012-10-08,13.476289048493392,13.476289048493392,12.932821519826263,12.94980525970459
2012-10-15,12.99651278443313,13.408358855179033,12.915841620738547,12.945562362670898
2012-10-22,12.979528303367697,13.25975358257024,12.881874211185174,13.251261711120605
2012-10-29,13.323441505432129,13.650372090039816,13.153608119128332,13.323441505432129
2012-11-05,13.340423237997445,13.769252979914722,13.255506152731497,13.306456565856934
2012-11-12,13.306457476367365,13.378636760833572,12.737515071711245,12.954052925109863
2012-11-19,13.055952979671027,13.39561972512908,12.949807020486709,13.348916053771973
2012-11-26,13.33617897398854,13.68858435512373,13.191820396843589,13.603667259216309
2012-12-03,13.697074619859453,13.87540068339807,13.489029435333107,13.765007972717285
2012-12-10,13.7437788794534,14.138641992642137,13.722550010717644,13.815958976745605
2012-12-17,13.781989243872763,14.236293763310309,13.748023383365497,13.990036010742188
2012-12-24,13.680090948986592,13.760761290236962,13.408356758462615,13.467798233032227
2012-12-31,13.747112250069955,14.593021139421515,13.725421769374437,14.419502258300781
2013-01-07,14.354430974189594,14.714483835464215,14.068123261618856,14.701470375061035
2013-01-14,14.610372295922577,15.04850921285097,14.358767705446267,14.822933197021484
2013-01-21,14.770876242474602,14.927044365290023,14.675441454498422,14.861973762512207
2013-01-28,14.901015520602703,15.19599937945419,14.757862513850325,15.174309730529785
2013-02-04,15.091889106257332,15.334815833238236,14.974763010828303,15.3001127243042
2013-02-11,15.32180173258039,15.564730104201951,15.243717672231107,15.391209602355957
2013-02-18,15.41723603862334,15.612446162457834,14.888000070630692,15.226363182067871
2013-02-25,15.308791286350354,15.36518405395436,14.914033639049952,15.235044479370117
2013-03-04,15.161296677116848,15.569067714155839,15.096226073791373,15.399886131286621
2013-03-11,15.378196655778442,15.694870175596096,15.265407829380035,15.352168083190918
2013-03-18,15.222026843999899,15.29577197594244,14.974761223653468,15.139605522155762
2013-03-25,15.248059193803028,15.447606646566868,15.04417281760573,15.412901878356934
2013-04-01,15.44326490397294,15.44326490397294,14.545299875644304,14.848959922790527
2013-04-08,14.766538614812207,15.451941114587877,14.701468013619559,15.33481502532959
2013-04-15,15.182984860208446,15.282758562140705,14.818593157370882,15.143942832946777
2013-04-22,15.14394471803724,15.981178119788277,14.996452780557414,15.733912467956543
2013-04-29,15.768611320559293,16.445339143050887,15.759936786708773,16.336889266967773
2013-05-06,16.38027391631814,16.81841248578113,16.358584264965806,16.81407356262207
2013-05-13,16.78370420731219,16.8617882596908,16.579819541491585,16.818408966064453
2013-05-20,16.814068165800748,16.866125298114724,16.24579187062374,16.449676513671875
2013-05-27,16.610185623168945,16.91818291497858,16.471369895738857,16.610185623168945
2013-06-03,16.701285391621827,17.039648566119325,16.31086507119069,16.618864059448242
2013-06-10,16.649228976094413,16.762016143059938,16.12433020669979,16.432329177856445
2013-06-17,16.579820821214327,16.896494322608426,15.929121437710647,16.05058479309082
2013-06-24,15.88574331813347,16.427992901062247,15.651492755967181,16.34990882873535
2013-07-01,16.367257940371633,16.627538681030273,16.21976601710929,16.627538681030273
2013-07-08,16.592834618440857,17.074352436844308,16.219766699504344,17.026634216308594
2013-07-15,17.05266016882311,17.23051791043943,16.575479691569498,16.735986709594727
2013-07-22,16.709962320794336,16.900833566540296,16.436668084419424,16.536441802978516
2013-07-29,16.55812736536471,16.987589630765473,16.423650569336896,16.844436645507812
2013-08-05,16.76635673730662,16.83576461347009,16.480049041280527,16.536441802978516
2013-08-12,16.493059275009045,16.753338346009777,16.198075445307428,16.232778549194336
2013-08-19,16.23712211633623,16.388951342050923,16.080953967135716,16.306529998779297
2013-08-26,16.29351144225071,16.397622405947995,15.911767380794837,16.11131477355957
2013-09-02,16.332553712948126,16.79238017668483,16.1937379893883,16.653564453125
2013-09-09,16.70128438572492,17.204491849076277,16.70128438572492,17.182802200317383
2013-09-16,17.40404077636698,17.659982625496536,17.25654883526157,17.443082809448242
2013-09-23,17.568882451321517,17.590572098693677,17.26956134603205,17.317277908325195
2013-09-30,17.165448101642458,17.55152943728376,17.078687860474826,17.512487411499023
2013-10-07,17.399706052134075,17.607929707406612,16.961567432961324,17.564550399780273
2013-10-14,17.44308138743828,17.90290955570729,17.399702089690734,17.885557174682617
2013-10-21,17.833500541765222,17.97665353899504,17.304264538181098,17.534177780151367
2013-10-28,17.52550366574359,17.972316702884584,17.50381236292721,17.759754180908203
2013-11-04,17.84217956649197,17.84217956649197,17.386690277753853,17.61226463317871
2013-11-11,17.521164533122374,17.833500756014757,17.456095589895828,17.80313491821289
2013-11-18,17.850856261077535,17.868206989420244,17.4344073393801,17.677335739135742
2013-11-25,17.76409120468407,17.959301325467962,17.573218351111425,17.86386489868164
2013-12-02,17.90724362098218,18.150171947439304,17.668654216412303,18.063411712646484
2013-12-09,18.176203903998402,18.21958320207769,17.67733370201585,17.729389190673828
2013-12-16,17.876880259970463,18.306342571455666,17.560206765762373,18.24127197265625
2013-12-23,18.085105415278772,18.306344146379047,18.024373733741978,18.23259735107422
2013-12-30,18.52729288887145,18.75205235771315,18.368638355025034,18.447965621948242
2014-01-06,18.465591239493907,18.615431421126736,18.29812240563114,18.50084686279297
2014-01-13,18.469995706278368,19.00765777714646,18.280491916748158,18.63746452331543
2014-01-20,18.716797225061512,18.950371027663476,18.302532224327607,18.33778953552246
2014-01-27,18.351011451410315,18.368640108222728,18.024889706186904,18.143878936767578
2014-02-03,18.07335925156108,18.293712336068175,17.584176816130253,18.267271041870117
2014-02-10,18.249648591528384,19.064954608721806,18.249648591528384,19.03410530090332
2014-02-17,19.007661156797006,19.245641255661848,18.93274021960625,19.05173110961914
2014-02-24,19.17953747067486,19.333783995915578,18.967998658418573,19.23682975769043
2014-03-03,19.08258040519191,19.68634750065047,18.937148216008296,19.593799591064453
2014-03-10,19.52328941291778,19.761271226431248,19.232423312343933,19.24123764038086
2014-03-17,19.324971152821885,20.047730918326106,19.324971152821885,19.783306121826172
2014-03-24,19.80974466091292,20.140274321502698,19.571762901809688,19.761266708374023
2014-03-31,19.880258405157214,20.532503427127374,19.82296612424148,19.849409103393555
2014-04-07,19.80093339777582,20.285709635830237,19.329377810218567,19.369041442871094
2014-04-14,19.6378724709704,19.968402181457705,19.307342760483095,19.875852584838867
2014-04-21,19.990437203432844,20.276895277791564,19.540916594437434,19.571765899658203
2014-04-28,19.659907492215133,19.79211904047001,19.254456838917665,19.571765899658203
2014-05-05,19.347005348440018,19.986028075952362,19.347005348440018,19.6599063873291
2014-05-12,19.800931627719944,20.030099075764127,19.364631707544095,19.63787078857422
2014-05-19,19.62905598085106,20.060947886561802,19.61142732808878,20.052133560180664
2014-05-26,20.19316148313303,20.45758457694045,20.11824222297997,20.42232894897461
2014-06-02,20.633864771881754,21.078978988757648,20.382662364797653,21.052536010742188
2014-06-09,21.07457445259698,21.585793676881785,21.04372514708367,21.532909393310547
2014-06-16,21.493242917336932,21.775294633956744,21.48002226848314,21.753259658813477
2014-06-23,21.766484144757843,21.828182758499825,21.435954415859126,21.651901245117188
2014-06-30,21.634269881538916,22.47601875186222,21.634269881538916,22.44516944885254
2014-07-07,22.427541128391283,22.45398410900405,21.87665830766577,22.202781677246094
2014-07-14,22.330587283626038,22.542127785812365,21.938358947902532,22.233633041381836
2014-07-21,22.207187855429957,22.550938195351772,21.563757128492888,21.629863739013672
2014-07-28,21.665119178489764,21.969205885711986,21.361032471267542,21.563756942749023
2014-08-04,21.70478377645417,21.713598103584946,21.12745795809601,21.34340476989746
2014-08-11,21.457990714764737,22.119050213223847,21.361036464847043,22.066165924072266
2014-08-18,22.10582870666156,22.64349094926168,21.995652127844235,22.555349349975586
2014-08-25,22.72722165796899,22.81536324606258,22.370248982712376,22.775699615478516
2014-09-01,22.877060901528754,23.03130741340405,22.6919650872784,22.996051788330078
2014-09-08,22.951981347829122,23.159112133484015,22.506867112479643,22.564159393310547
2014-09-15,22.608232177828835,23.21640732437078,22.308551768295764,22.88587760925293
2014-09-22,22.828587570641847,22.859436879266344,22.308553966455676,22.608234405517578
2014-09-29,22.41872922179568,22.70959531529356,21.55053894579386,22.092607498168945
2014-10-06,22.189560392074707,22.24244635579257,19.94636537312014,20.082984924316406
2014-10-13,20.201978742836577,20.92473687323925,19.580582869145374,20.673534393310547
2014-10-20,20.56335641725494,21.77529877328535,20.47962282332904,21.713600158691406
2014-10-27,21.568160665380542,22.718404107971935,21.493241418884445,22.66111183166504
2014-11-03,22.67433994175202,23.03131097621648,22.542128385240694,22.731632232666016
2014-11-10,22.771293316344636,23.057753078806098,22.66993107085425,23.048938751220703
2014-11-17,22.974020548018903,23.81136153331526,22.758073715120304,23.67474365234375
2014-11-24,23.73643688777262,24.569371360886915,23.652701631406963,24.481229782104492
2014-12-01,24.450382852447877,24.917532088477614,24.053748231209905,24.913124084472656
2014-12-08,24.873462782483745,24.961604378062887,23.868652963900374,23.890687942504883
2014-12-15,24.02731012423107,24.53412141213858,23.32658696863609,24.28291893005371
2014-12-22,24.163923877045427,24.64429206335706,24.10663159528424,24.388683319091797
2014-12-29,24.711796600433342,24.711796600433342,24.105481278866677,24.292726516723633
2015-01-05,24.212479903581112,24.283811021093236,23.213842557743412,24.11885643005371
2015-01-12,24.083188392559887,24.29272426532939,23.35204411396131,23.909318923950195
2015-01-19,23.98065351706588,24.760838364446148,23.84690788336286,24.569135665893555
2015-01-26,24.52900934206345,24.604797903304817,23.472416731063593,23.508081436157227
2015-02-02,23.51253889456027,24.44875986971904,23.11130036196782,24.038604736328125
2015-02-09,23.95389935992548,25.188820498163345,23.5972438345983,25.139780044555664
2015-02-16,25.095198833274605,25.309192149252304,25.028325177989455,25.291358947753906
2015-02-23,25.246778574374613,25.639098817780194,25.032785250516724,25.398357391357422
2015-03-02,25.612353099415554,26.067089592694444,25.211114516914204,25.269071578979492
2015-03-09,25.23786094016824,25.295817994465914,24.426468982671544,24.9168701171875
2015-03-16,24.97483121940468,25.804056512727257,24.76083786962272,25.741641998291016
2015-03-23,25.683680759768258,25.78176166689262,23.4590390527272,24.693960189819336
2015-03-30,24.765293469712493,25.023869810960342,24.32393275022784,24.479969024658203
2015-04-06,24.18126850456319,25.068449020385742,24.118852299345285,25.068449020385742
2015-04-13,25.077365516940727,25.215570276918903,24.56021458052919,24.693960189819336
2015-04-20,24.82770949766012,25.514272548471656,24.82770949766012,24.983747482299805
2015-04-27,25.019408394214597,25.43848012302284,24.600338366074038,25.429563522338867
2015-05-04,25.456315742297967,25.49198215080432,24.636007053999446,25.22003173828125
2015-05-11,25.202194708380325,25.545476185138625,24.885663033941213,25.438480377197266
2015-05-18,25.50089747717659,25.857553041057603,25.38052590549152,25.763931274414062
2015-05-25,25.72380577259144,26.74473364072274,25.45185539106,26.664485931396484
2015-06-01,26.73581696807832,26.807148076103275,25.460771924047968,25.62572479248047
2015-06-08,25.63018558661735,25.76393121015567,24.98820387256483,25.389442443847656
2015-06-15,25.139781524757773,25.906592224860937,25.028326560238956,25.71934700012207
2015-06-22,25.911050384555676,26.040338555097502,24.765293453986448,24.92578887939453
2015-06-29,24.600339127831404,24.74300134185716,24.18126908671421,24.573589324951172
2015-07-06,24.32838627409158,24.533462973291943,23.124672477711204,23.5838680267334
2015-07-13,23.726536505763672,24.06090144321505,23.396629019184385,23.833532333374023
2015-07-20,23.85582014499937,23.909319753094387,22.81706074750449,22.830434799194336
2015-07-27,22.683312718841176,23.588326401290036,22.482693461467193,23.24950408935547
2015-08-03,23.20938417790243,23.33867065400875,22.692233171473365,22.95972442626953
2015-08-10,23.093469975346768,23.60616352941321,22.4381158931184,22.580778121948242
2015-08-17,22.473780383309276,22.76802144001737,20.81532986331753,20.859912872314453
2015-08-24,19.406538587291003,22.24195326041716,19.406538587291003,22.183996200561523
2015-08-31,22.085916892105992,22.406906043856154,21.261149107569242,21.805049896240234
2015-09-07,22.331115641131642,23.071176500462773,22.010124815172407,22.402446746826172
2015-09-14,22.531733835449973,23.129132454971895,22.273157526691282,22.357864379882812
2015-09-21,22.513902378339438,22.54510963172134,21.194276033234654,21.831798553466797
2015-09-28,21.760465931390964,22.451486309239066,21.25668906080451,22.438112258911133
2015-10-05,22.66993802799871,23.570494302692346,22.56294221950766,23.29854393005371
2015-10-12,23.40999988347331,24.047522413421746,22.955265127072913,23.998483657836914
2015-10-19,24.01185913130104,25.126408836982165,23.869196905027287,25.02387046813965
2015-10-26,25.0015807047803,25.0015807047803,23.971736127804785,24.167896270751953
2015-11-02,24.225853042028785,24.800961111883286,24.060900157884912,24.604799270629883
2015-11-09,24.569128385954865,24.569128385954865,23.374331237651187,23.476869583129883
2015-11-16,23.476874886630675,24.573591386720615,23.47241743611052,24.426471710205078
2015-11-23,24.42646938478341,24.61371290082614,24.016314248592916,24.56021499633789
2015-11-30,24.653837215145142,25.39835724447095,24.564672905553078,25.322566986083984
2015-12-07,25.40727462432656,25.40727462432656,24.18572745700606,24.23476791381836
2015-12-14,24.25259785797321,24.79203940909653,23.79340230642666,23.958356857299805
2015-12-21,23.686407677144484,24.252599056553347,23.610617422871407,24.15897560119629
2015-12-28,24.59194681720216,24.98366740998239,24.26854705810547,24.26854705810547
2016-01-04,23.84038556695526,24.077240961910128,22.104965209960938,22.104965209960938
2016-01-11,22.382816389848404,22.674330207635176,21.016344065803356,21.271419525146484
2016-01-18,21.594819227914822,22.305385516882172,20.957131399029283,22.177846908569336
2016-01-25,22.136850361460166,22.68343962394695,21.649475384612284,22.647001266479492
2016-02-01,22.455696705724044,22.87930330029695,21.713246194932022,21.79523468017578
2016-02-08,21.417178154752133,21.540160882304072,20.51075067578468,21.193986892700195
2016-02-15,22.141405641155465,22.615116438290496,21.467279539490683,22.387371063232422
2016-02-22,22.624224057535386,23.15259498015669,21.98653806870011,23.04783058166504
2016-02-29,23.056942955945544,24.209335818825938,22.961290308500764,24.00891876220703
2016-03-07,23.858606657148844,24.42341423034668,23.58986703742362,24.42341423034668
2016-03-14,24.318649670556752,25.006441642322553,24.045355928997946,24.997331619262695
2016-03-21,24.86523796321423,25.061099107793172,24.414301395156876,24.646602630615234
2016-03-28,24.68759851444436,25.348060436532826,24.46440728678549,25.206857681274414
2016-04-04,25.220526652668838,25.23419255904549,24.61472475513217,24.842470169067383
2016-04-11,25.001884528193298,25.35261257967318,24.54639382303384,24.874347686767578
2016-04-18,24.778700202005314,24.997335577383303,24.49629465511084,24.692155838012695
2016-04-25,24.742257399749047,25.161309793258784,23.744733282820643,23.895044326782227
2016-05-02,23.940592675339637,24.104567873665385,23.366673399742353,23.639968872070312
2016-05-09,23.685518167004197,23.963367792741998,23.175369031462235,23.416778564453125
2016-05-16,23.43044234288932,24.664823532104492,23.43044234288932,24.664823532104492
2016-05-23,24.89712589686463,25.85365583721171,24.796917369521047,25.8217716217041
2016-05-30,25.93564293617545,26.213492574434945,25.73978177273218,26.06773567199707
2016-06-06,26.076849791755883,26.33192527986919,25.75345172226981,25.826330184936523
2016-06-13,25.685124177341606,26.00396806304724,25.234189289215127,25.49837303161621
2016-06-20,25.8627628008011,26.668981592287626,25.111204147338867,25.111204147338867
2016-06-27,24.865238867258636,26.172496767801228,24.182002776461154,25.776220321655273
2016-07-04,25.557583372605986,26.391130447387695,24.969999954486298,26.391130447387695
2016-07-11,26.546000834268813,27.32033547079045,26.518672500812336,27.192798614501953
2016-07-18,27.876039044717096,28.354304067010162,27.789494675285656,28.231321334838867
2016-07-25,28.244983939138514,29.38826509053231,28.244983939138514,28.92366600036621
2016-08-01,28.996541900129333,29.278945686643997,28.463618541502015,29.237953186035156
2016-08-08,29.342713870002402,29.543130916063575,29.14685444212526,29.47936248779297
2016-08-15,29.5750138819497,30.012284575257777,29.415592818001738,29.957624435424805
2016-08-22,29.902964753635498,30.340235402824927,29.798200364972203,30.103378295898438
2016-08-29,30.19904017893492,30.554322432196926,30.012287290614754,30.408565521240234
2016-09-05,30.495103776995403,30.58164812998537,29.010204723081465,29.051198959350586
2016-09-12,28.887227709788586,30.722855205355494,28.723252469941418,30.317468643188477
2016-09-19,30.6317552217621,31.15101443747465,30.244588750414163,30.51332664489746
2016-09-26,30.335690061141683,31.770486940578802,30.130720567701843,31.6429500579834
2016-10-03,31.588284921902392,31.79781026384683,31.219338501860975,31.71126937866211
2016-10-10,31.898018199913604,31.980006677859777,30.089719279464315,30.8002872467041
2016-10-17,30.741071136372927,31.182897739897104,30.531545798900193,30.927824020385742
2016-10-24,31.1236872358119,31.533629651333364,30.79573330339473,30.877721786499023
2016-10-31,31.046252927783687,31.273998315545768,30.18081975926402,30.33112907409668
2016-11-07,30.827618205447266,31.456194273135043,30.121606058854326,31.22844886779785
2016-11-14,31.192006991234194,32.07565665205304,30.809392967638793,32.034664154052734
2016-11-21,32.33984809089055,32.690574491837914,32.02100590821112,32.663246154785156
2016-11-28,32.594918246799935,32.71790270022931,30.74107096000158,31.324098587036133
2016-12-05,31.538183203402347,33.114181013575624,31.378762112438995,32.64958190917969
2016-12-12,32.52659768220654,33.37380732064294,32.23052798551359,32.8317756652832
2016-12-19,32.65413778877231,33.314598083496094,32.631361857870466,33.314598083496094
2016-12-26,33.67020378381479,34.133952863544096,32.83912179816675,32.894222259521484
2017-01-02,33.44521216849719,33.44521216849719,32.74729052134418,33.0319709777832
2017-01-09,33.07788078467106,33.69315339090847,32.96309080561672,33.61509704589844
2017-01-16,33.518682657817656,34.092632703328235,33.1375789868515,33.87223434448242
2017-01-23,33.77580893212198,34.82728576660156,33.40848302906181,34.82728576660156
2017-01-30,34.721679372719805,34.80432831025357,34.05130621410715,34.71708679199219
2017-02-06,34.73545109821381,34.9650310744041,34.322206440448795,34.593109130859375
2017-02-13,34.85023903385351,35.396636962890625,34.59310709354735,35.396636962890625
2017-02-20,35.575716108759615,35.731828817468376,34.66657782444439,35.231346130371094
2017-02-27,35.20838227481649,35.53438539272722,34.98798397517052,35.295623779296875
2017-03-06,35.13492368459223,35.874171607468014,34.997177778517155,35.78234100341797
2017-03-13,35.89712515915936,36.37465192923605,35.59407790958452,36.278228759765625
2017-03-20,36.42974759844761,36.72820225712354,35.72264438056746,36.33332443237305
2017-03-27,36.1772135712637,36.75575610017583,35.96600041060649,36.599639892578125
2017-04-03,36.64096809525554,36.70983929031054,35.89712766064755,36.328739166259766
2017-04-10,36.31036779811438,36.31495687513475,35.01094436645508,35.01094436645508
2017-04-17,35.17624638426927,36.27823103802649,35.167061222916736,36.094566345214844
2017-04-24,36.6455586923106,37.22869385744808,36.494038553794354,36.59505081176758
2017-05-01,36.70525408073846,37.10013198852539,36.53536360777008,37.10013198852539
2017-05-08,37.14604041399298,38.068952888361046,36.962375734565214,38.04140090942383
2017-05-15,38.087313912749124,38.92298482592746,37.39398495670019,38.45464324951172
2017-05-22,38.596986898944984,39.25817839287364,38.450055845084464,39.24899673461914
2017-05-29,39.30868234056514,39.90559165768917,39.23062599231252,39.86426544189453
2017-06-05,39.8964075584662,41.19583105065251,38.61075830420705,39.34541702270508
2017-06-12,38.867893285095974,39.67142325583229,38.169968148770494,38.63831329345703
2017-06-19,39.04696551716184,39.53826656063991,38.83115976386641,39.33623504638672
2017-06-26,39.708158223371505,39.7999888218535,37.27460882935801,37.58683776855469
2017-07-03,37.82559576857768,38.3719972351107,37.15522265577128,38.20669937133789
2017-07-10,38.2847541434954,39.92395497236202,38.12404886676579,39.86426544189453
2017-07-17,39.951514167940154,40.419855845175334,39.44643884849866,40.16272735595703
2017-07-24,40.09385380861072,40.56678808053587,39.42807316421157,39.648468017578125
2017-07-31,39.758658172969724,40.024971783269635,39.07451083205864,39.34541702270508
2017-08-07,39.46939192973624,40.34638918345822,38.6061724181927,39.10665512084961
2017-08-14,39.40970171126745,40.20404651063355,39.0607391474809,39.24440383911133
2017-08-21,39.32705394731533,39.914778175559455,38.78983759835274,39.57500076293945
2017-08-28,39.68978976276494,41.035128643291834,39.28113766111698,40.865238189697266
2017-09-04,40.672389455591855,40.791768521066636,40.02497224071641,40.204044342041016
2017-09-11,40.580559333980574,41.884575549015004,40.46576933456017,41.82488250732422
2017-09-18,42.13251815367464,42.65596021842342,41.4208188272134,42.0452766418457
2017-09-25,42.04527834054354,42.88094934637094,41.076450522954694,42.84880828857422
2017-10-02,43.08298569953174,43.57428678288478,42.84422052637883,43.56051254272461
2017-10-09,43.7028503292462,44.77728308190356,43.66152410631397,44.625762939453125
2017-10-16,44.80483140777205,45.323680920793116,44.26761507529281,45.172157287597656
2017-10-23,45.387960262510475,46.24199804798382,44.62575656871365,46.191490173339844
2017-10-30,45.6496887442921,47.265933990478516,45.6496887442921,47.265933990478516
2017-11-06,47.77100354407873,47.93630141299107,46.430257276778654,47.22919464111328
2017-11-13,47.050119964771206,48.15210452964912,46.655242133164016,47.40826416015625
2017-11-20,47.63325912075506,48.59290537665564,47.568976998707704,48.56535339355469
2017-11-27,48.060273831282274,48.101600050727164,44.589025534866046,45.631317138671875
2017-12-04,46.02160902054296,46.07211339842452,44.04262700922103,44.9976806640625
2017-12-11,45.107868452476374,45.57162094116211,44.72217581063944,45.57162094116211
2017-12-18,45.27776457228338,46.26954827820562,45.11246670411092,45.530303955078125
2017-12-25,45.64428023468974,46.086703721910915,45.327597000197244,45.5511360168457
2018-01-01,45.87247467562663,48.145140162170215,45.77001781851687,47.954200744628906
2018-01-08,47.95420040600704,48.41525270665689,46.84115283542595,47.66545867919922
2018-01-15,48.12651296304185,50.00332893499979,47.62354841119243,49.723899841308594
2018-01-22,49.891556066359314,50.5575221097619,48.703996626001555,50.26412582397461
2018-01-29,50.147699082415436,50.50164000293609,47.92626190185547,47.92626190185547
2018-02-05,47.40931836872494,48.34073913390155,43.72088943827848,45.518531799316406
2018-02-12,45.77933405667344,48.46182342093324,45.77933405667344,47.8703727722168
2018-02-19,47.89365955894333,49.220937144739935,47.87968881434987,49.206966400146484
2018-02-26,49.45844620911324,50.82763600931464,48.205687569416526,49.58884811401367
2018-03-05,49.383930631281835,52.1269645690918,49.24421609177534,52.1269645690918
2018-03-12,52.47158867447878,53.347126479751765,51.48893946946813,51.884796142578125
2018-03-19,51.49825854379033,52.07108036451466,48.475795392196126,48.48045349121094
2018-03-26,49.53295997868499,50.82297626370508,47.40466352619043,48.56428146362305
2018-04-02,48.159115450735094,48.62016776413645,46.151901157233915,46.319557189941406
2018-04-09,46.79458572719444,49.29544847073162,46.60830084394998,48.37799835205078
2018-04-16,48.573603473655986,49.43050903352761,45.88645207028798,46.091365814208984
2018-04-23,46.24038459311685,46.61760886830571,44.461371062997756,45.6815299987793
2018-04-30,45.639620564790135,46.94361114501953,44.73614122478455,46.94361114501953
2018-05-07,47.08332068526992,49.06258988341554,46.96223498651862,48.62482452392578
2018-05-14,49.50036045715966,50.00332855830858,48.424570535053775,48.690025329589844
2018-05-21,49.40256495487192,50.483013047259526,48.91356756543095,50.441097259521484
2018-05-28,50.20358504254886,51.06049051576038,49.76581610774944,51.00926208496094
2018-06-04,51.08842856774482,52.159563890298784,50.71586238609568,51.21417236328125
2018-06-11,51.102404099056926,51.72179623487558,50.88817418689831,51.36785888671875
2018-06-18,50.7251779981956,50.9952908940285,49.4305036015263,49.640071868896484
2018-06-25,48.946163907895475,49.01136308175108,46.994839685065394,47.81448745727539
2018-07-02,47.20440601073483,48.95547809411174,46.99017965500022,48.876304626464844
2018-07-09,49.25818978400094,49.83101516656433,48.33608513793803,48.890281677246094
2018-07-16,48.899598823759995,49.933476624528,48.298831897554564,49.67267990112305
2018-07-23,49.37927311128742,50.45506299759722,48.46648115425359,49.74718475341797
2018-07-30,49.89621708961296,50.236187279842625,48.96945429341955,50.10578536987305
2018-08-06,50.087156037279215,50.930090742736645,48.97410844116976,49.192989349365234
2018-08-13,49.22559039659337,49.677330076376975,47.21372150699486,47.88900375366211
2018-08-20,47.879687557824475,49.80307388305664,47.330149115342216,49.80307388305664
2018-08-27,50.119759424369335,51.15829172811599,50.063872891796784,50.7344970703125
2018-09-03,50.520270001542755,51.167607227703805,49.14642207421903,49.286136627197266
2018-09-10,49.64007197703271,49.87292718710174,47.576978226786125,49.68198776245117
2018-09-17,49.34667640854825,50.32466759443233,48.96013590147533,49.88224411010742
2018-09-24,49.654040711436025,50.245491315391554,48.988074743123946,49.574867248535156
2018-10-01,49.7192387805035,50.37588853722284,47.18111519930886,47.628196716308594
2018-10-08,47.171806901919396,47.6095758154603,44.08880277091565,45.33224868774414
2018-10-15,45.127343708225105,46.850470966980794,44.09346593173618,44.27975082397461
2018-10-22,44.59643192872465,44.85257053427355,41.0616879049699,41.76491165161133
2018-10-29,42.37965174636446,45.70016603814895,40.49352296718634,44.899147033691406
2018-11-05,44.75011341296724,45.625651293382546,43.776780321930254,44.47068786621094
2018-11-12,43.69295060879081,44.819968950434706,42.393618136000974,43.90717697143555
2018-11-19,43.67431979911969,43.80471813980589,40.98251431381974,42.3470458984375
2018-11-26,43.06890536564431,45.05748748779297,42.584566055683936,45.05748748779297
2018-12-03,46.04012793536156,46.165868173194355,41.48082293985876,41.69504928588867
2018-12-10,41.6251973216104,43.651040552458376,41.4016583029674,42.221309661865234
2018-12-17,42.11885267462873,42.966445520104756,38.616708230641514,38.72848129272461
2018-12-24,39.13514698602468,41.95933512831783,38.309251598827316,41.2236213684082
2018-12-31,41.61758803704115,42.03053757824009,39.18261869875639,41.05274963378906
2019-01-07,41.256854983817774,43.824730515933396,41.02902347736237,43.463993072509766
2019-01-14,42.913394629801175,44.29463346471767,41.95934074875979,44.085784912109375
2019-01-21,43.67758485248828,46.16002262400148,42.23464234488208,45.9891471862793
2019-01-28,44.21868337542066,46.62991830803098,44.21868337542066,46.430564880371094
2019-02-04,46.40209013286175,48.40037933814161,46.03660520167659,46.91946029663086
2019-02-11,47.052365539774584,48.870287976633904,46.74384388877706,48.675682067871094
2019-02-18,48.49531737615843,49.51107495123619,48.485825905380885,49.449371337890625
2019-02-25,50.156597576486426,50.44138874270641,48.5190456547344,49.496829986572266
2019-03-04,49.82908825997823,49.9809771200152,47.00964744789361,47.91623306274414
2019-03-11,48.167804771666226,50.844848332232296,48.096606072661714,50.417659759521484
2019-03-18,50.460379039458665,52.49664164173953,49.9809819289976,50.669227600097656
2019-03-25,50.35120823064558,50.892312544938626,49.35918124023085,50.469871520996094
2019-04-01,51.23406513265649,53.479172634052674,51.015725105587954,53.4174690246582
2019-04-08,53.14216559006349,54.06774139404297,52.72447212684137,54.06774139404297
2019-04-15,54.0534990822674,56.40303433294967,53.36050592213378,55.880916595458984
2019-04-22,55.56764560287151,57.295382825096816,53.8683864115821,54.969581604003906
2019-04-29,54.84617363076258,55.95211273217205,54.50442277899188,55.766998291015625
2019-05-06,53.93958440766033,54.92211629662981,51.25304942531805,52.4301872253418
2019-05-13,50.66922467209994,52.09318414766247,49.80535606844466,50.04268264770508
2019-05-20,48.462086233953265,50.645490015153264,46.75333560611484,47.19476318359375
2019-05-27,47.46531763421517,47.71213569253389,46.33089683246273,46.62518310546875
2019-06-03,47.13780151574022,49.53480128776411,46.34987919743726,49.40664291381836
2019-06-10,50.02369489325303,51.642263863422215,48.40512954439996,48.7278938293457
2019-06-17,48.70416302864011,51.832125742699255,48.310200020616506,50.85908889770508
2019-06-24,50.98249928540713,52.96654608123832,50.03793685943094,52.29728698730469
2019-07-01,54.63257777812517,55.04077978383441,52.0219854083325,52.558345794677734
2019-07-08,52.05996108235266,54.2576040086261,51.77991382223381,54.2291259765625
2019-07-15,54.54240022669987,55.78124173065482,53.86364601485122,55.27811050415039
2019-07-22,55.6530852622553,58.64814566424286,55.63409870052898,57.35234451293945
2019-07-29,57.25740753864427,57.63713150291186,53.26082892958458,53.716495513916016
2019-08-05,52.25930969634103,53.89211764759521,50.982495219404285,52.91433334350586
2019-08-12,52.42069513255139,54.200644448030275,51.54733145200535,53.27032470703125
2019-08-19,54.42372925951017,54.6657997468413,51.87958821004514,52.0694465637207
2019-08-26,52.862124467788256,54.76548105850195,51.86534992087765,54.309814453125
2019-09-02,53.78294705708757,57.328606653114846,53.15640504639349,56.74478530883789
2019-09-09,56.97736089443184,58.44403729532891,56.28911169842655,57.86496353149414
2019-09-16,57.380823613409646,58.07856437925074,56.26538934576028,56.45999526977539
2019-09-23,56.39828962172363,57.475750726292006,55.37778458002105,55.89990234375
2019-09-30,56.289113620609626,57.584918274361705,54.62308372176329,57.081787109375
2019-10-07,57.005839426741865,58.80002765474846,55.211651198735275,58.11178207397461
2019-10-14,58.11178701749506,59.51201240286789,57.43778039368315,57.95515060424805
2019-10-21,58.38234098751261,60.3474048578748,57.25266772573707,60.29519271850586
2019-10-28,60.803069588939735,61.78085388980078,59.86799871075007,61.761863708496094
2019-11-04,62.76813581756601,63.73642506690007,62.165324282846,63.22854995727539
2019-11-11,62.69219331144154,64.20158695768068,62.46436181142358,63.741172790527344
2019-11-18,63.71269090099174,64.1968391465218,61.9897048751361,62.1415901184082
2019-11-25,62.68269684379404,63.79813469697421,62.68269684379404,63.08615493774414
2019-12-02,63.219057596808014,63.73642781981505,60.71763333425723,63.59878158569336
2019-12-09,63.63198996913039,67.36750734548349,63.16208806095115,66.38497924804688
2019-12-16,67.20140621634866,68.33582716396415,66.89287726647619,68.11273956298828
2019-12-23,67.93710782950201,68.0747540565525,67.13019167858654,67.52415466308594
2019-12-30,68.65328357759263,69.82882167962688,67.56928436320959,68.5617446899414
2020-01-06,67.69454421816715,69.95890402610469,67.3380336239014,68.89417266845703
2020-01-13,69.47230191533204,70.46958469507226,68.76891100473861,70.368408203125
2020-01-20,70.08897385929666,72.62312767968166,70.02634779641706,71.13442993164062
2020-01-27,68.82672121739385,70.13715636319029,65.98423743353034,66.27812194824219
2020-02-03,66.56718500857185,70.87427630466141,66.48046860191555,69.15432739257812
2020-02-10,68.69181496573214,73.52885629138328,68.65327189584046,72.59902954101562
2020-02-17,71.144070381054,73.48069379715437,69.8384576959942,70.07452392578125
2020-02-24,66.85625374589526,67.90170985128162,59.88974911041544,63.58016586303711
2020-03-02,64.4040014821819,66.92370266238946,61.98066166630608,63.536808013916016
2020-03-09,58.13125996893036,61.840944294912184,52.31620351032203,57.398956298828125
2020-03-16,50.682985281491085,54.1710565979616,46.25063429818326,48.68842697143555
2020-03-23,49.35808950477331,58.77683844758438,48.13919336113956,55.39957809448242
2020-03-30,56.42577420221476,58.45887187924603,53.08223764536443,53.97834396362305
2020-04-06,56.47876701997767,62.457622727389825,56.473948216721794,59.67776870727539
2020-04-13,59.41761204170521,64.534086057673,59.13818024676942,63.64761734008789
2020-04-20,62.6358803834681,63.70542685517265,59.152631658776315,63.55126190185547
2020-04-27,64.18239034341637,67.14050349402271,61.15200984257846,61.39289855957031
2020-05-04,61.13755825010753,65.91197079875421,60.75695362906786,65.83488464355469
2020-05-11,65.1989372221308,66.44192381150448,61.38326104959148,63.20919418334961
2020-05-18,64.82795349924606,68.41719297972288,64.76532009667058,66.48045349121094
2020-05-25,68.06069758564463,68.47984158494462,65.35310351004871,67.945068359375
2020-06-01,67.88243105021118,74.56468842280313,67.34284272790856,73.5674057006836
2020-06-08,73.89983446147795,74.54541440764874,68.82190394338924,70.30095672607422
2020-06-15,68.75927668659286,74.16963526853422,68.57138377942442,72.647216796875
2020-06-22,72.6616612446642,74.24189031647323,70.86944896909125,71.14405822753906
2020-06-29,71.37050494737426,74.43942468477874,70.26723791732987,73.88538360595703
2020-07-06,75.2391828937699,77.68179807474068,74.82967647528848,77.06993865966797
2020-07-13,78.24064075346834,79.03557781264071,74.58395233529288,77.18555450439453
2020-07-20,77.30118897072201,79.57517908130649,75.74986502194176,76.82423400878906
2020-07-27,78.56825869786081,80.71698176934963,77.72514825404504,80.08103942871094
2020-08-03,80.61581992635688,83.39085533458402,80.52909616445022,81.67091369628906
2020-08-10,81.93588207348647,83.34748626011606,80.33156252516282,82.2297592163086
2020-08-17,83.18369431887913,83.98826175923719,81.04941644303328,82.34058380126953
2020-08-24,83.26077627980267,84.98071782640135,82.48511434861584,84.619384765625
2020-08-31,84.35922647373467,88.9409269443324,79.73416044971098,82.58146667480469
2020-09-07,79.39692273432726,82.53329118874905,78.80433854783121,80.00395965576172
2020-09-14,81.87806996511095,84.18578789283787,80.07622714323524,81.06868743896484
2020-09-21,79.70043265235729,82.21531129683166,79.02594722528515,81.5360107421875
2020-09-28,82.79826441572628,86.27669783845744,82.12377899497776,83.41975402832031
2020-10-05,84.20986423385119,90.14054990171898,84.14241569533093,89.92374420166016
2020-10-12,91.17156164514188,91.99539691693356,88.83975334435516,89.8370361328125
2020-10-19,90.50188724549471,91.09928651475575,87.80393087345621,88.64704132080078
2020-10-26,87.95810566667907,88.28571077830466,83.37639777218074,84.28695678710938
2020-11-02,85.03853379863168,95.19440317698542,84.12315959767037,94.91015625
2020-11-09,97.23232092499285,97.74781893370078,90.75240884542274,94.52472686767578
2020-11-16,95.26666380468373,97.62255494920406,94.75115846841821,96.34584045410156
2020-11-23,97.08296506567719,100.00254240022758,96.72645448044003,99.44849395751953
2020-11-30,99.6122998268268,105.69715118408203,98.27295914546313,105.69715118408203
2020-12-07,106.38609141369852,106.85340873908328,101.370786801431,102.38251495361328
2020-12-14,103.29306954405115,105.70195649565066,102.87874069432246,104.6227798461914
2020-12-21,102.31025726550313,103.69295616334762,101.55868563669091,103.51951599121094
2020-12-28,105.40966400155864,106.02092872153082,102.80935165546366,105.96271514892578
2021-01-04,106.99605132283911,114.45738950640994,105.06036859049834,111.74549865722656
2021-01-11,111.30888284110688,117.82421349573943,111.08571847188125,113.88978576660156
2021-01-18,116.06804456360736,119.725943316979,115.44707505323414,116.88306427001953
2021-01-25,117.96975792438487,118.2220290869616,109.12093179957218,109.93595886230469
2021-02-01,111.64848125364793,116.34457140435751,111.33314784112041,114.10810852050781
2021-02-08,115.22876150485602,123.72828406847262,115.06866676924315,123.49542236328125
2021-02-15,125.15458283670529,125.45050678026753,119.00309421031957,123.15583038330078
2021-02-22,121.54034285404387,122.18557048878033,112.97775027030988,116.89276885986328
2021-03-01,118.70716256936483,120.64283797365744,105.23017209828737,110.99354553222656
2021-03-08,110.38713101090818,113.97226265750109,104.85661920240902,112.0123291015625
2021-03-15,112.65755488666964,117.68353168131,110.99840137101667,113.3658447265625
2021-03-22,114.89402805967181,117.31484394751061,108.86867820073869,117.2275161743164
2021-03-29,116.12624690456391,122.71435183737073,113.7782057080225,122.70950317382812
2021-04-05,124.70339042044682,124.94111557915855,121.84596569560159,124.2328109741211
2021-04-12,123.63126192870376,123.99026292646215,120.80779240349591,122.452392578125
2021-04-19,121.53063396642982,121.97695532354767,117.13533129917371,120.89511108398438
2021-04-26,121.0261013100696,123.4226589443348,117.59135959889029,117.88729095458984
2021-05-03,118.65380340475221,119.10012477630151,112.93893853925755,118.17837524414062
2021-05-10,116.96554074603944,116.96554074603944,108.09731226022431,113.2009048461914
2021-05-17,111.53689558538004,116.90246373473471,108.64065187178866,115.5440902709961
2021-05-24,116.57742795187066,121.31717807545665,116.37367303860253,120.8902587890625
2021-05-31,121.75380558684162,122.80169443676063,118.76053645555484,122.001220703125
2021-06-07,121.70528933539438,122.2195290295563,119.47368241709356,122.001220703125
2021-06-14,122.25348870319382,124.14065535572485,119.40576099784904,119.79386138916016
2021-06-21,119.78900648520175,124.06302585385137,118.83815021246419,123.00543975830078
2021-06-28,123.96599420336311,127.34251462952598,123.96599420336311,126.03750610351562
2021-07-05,126.60026780538468,127.15332637574063,120.74471799726281,124.67914581298828
2021-07-12,125.2661608783924,128.0071587786308,119.44942219540897,119.75505828857422
2021-07-19,117.97946274590873,124.858643225512,117.44581363284018,124.82953643798828
2021-07-26,124.24254281455424,128.05568042989873,120.03643391636604,127.65788269042969
2021-08-02,128.7494408052219,131.85428872657548,127.51719896585809,130.2921600341797
2021-08-09,130.53954624076522,130.8888424996237,125.49416735009403,127.32312774658203
2021-08-16,126.80403663234635,127.33768577015448,120.96788858199733,124.37837219238281
2021-08-23,125.80949118814071,132.22780390470592,125.79493779533995,131.9755401611328
2021-08-30,132.78087647419508,133.50857580129863,130.36976544485537,132.58197021484375
2021-09-06,132.77603445571768,133.91609981648415,129.54504732492268,132.0919952392578
2021-09-13,133.16895789677807,134.23139994746467,130.96645076829094,131.4709930419922
2021-09-20,128.66208981698423,132.88275188875807,126.34315519128351,132.14535522460938
2021-09-27,130.85003772039775,132.14049292560367,122.42328217390308,124.43172454833984
2021-10-04,123.4954242767534,126.26068760422484,120.69135683326562,123.58760070800781
2021-10-11,122.95691918232717,127.50261901428176,121.0940108175073,127.38617706298828
2021-10-18,126.41106957461042,131.7475308949286,125.9550435137405,129.60809326171875
2021-10-25,130.19511023528966,132.79543020265763,129.676014494097,132.75177001953125
2021-11-01,132.87304810792537,145.4137208813662,132.36364971430163,143.89041137695312
2021-11-08,144.8267066306111,148.4263988300143,141.4404740659477,146.07350158691406
2021-11-15,147.04862503945895,152.36569224069973,144.40951570518752,151.45849609375
2021-11-22,152.13281595302317,154.67006621006908,144.51623872568763,145.248779296875
2021-11-29,147.72781722815708,153.09338566755702,144.34644048062563,146.09776306152344
2021-12-06,145.3312554268924,153.02061427200135,140.93595286935042,149.20260620117188
2021-12-13,149.72655322735923,151.53124801388506,142.29917050986253,143.2548828125
2021-12-20,140.6400112196684,150.57553738571792,139.7861874652599,149.54705810546875
2021-12-27,150.86007533445485,155.05944700980248,150.56743375580572,150.60646057128906
2022-01-03,151.83065013354752,155.43498926803832,144.4610420725223,144.80245971679688
2022-01-10,142.9051891317212,153.54748358060522,140.33485200980692,149.6895294189453
2022-01-17,147.15330951916536,147.19720352115496,132.42384288271523,132.5408935546875
2022-01-24,129.8340023943549,136.02331017725814,121.62060643003076,127.63433074951172
2022-01-31,128.49760204621396,138.5351141235114,127.75625630216109,132.92132568359375
2022-02-07,133.52612986792016,141.61271935541967,128.5561490667094,129.37066650390625
2022-02-14,129.8047543013298,136.65248781724935,127.63922715665989,129.37066650390625
2022-02-21,127.92696043196834,131.9653722727093,120.35249161258946,131.92147827148438
2022-02-28,129.96079854206508,132.1068119726169,123.0545332142283,124.5421142578125
2022-03-07,124.7177003486345,126.17601875364896,116.88473404475869,119.87940216064453
2022-03-14,119.7623517687624,131.70200488699658,115.74832761430459,131.2923126220703
2022-03-21,130.916763874788,134.8673731368698,128.5122386903199,134.28697204589844
2022-03-28,133.30663939633288,138.72045642869958,127.58554945499323,129.4535675048828
2022-04-04,129.7754580653851,131.7702909556973,120.18667225150686,120.39640045166016
2022-04-11,118.64543969886853,121.010938012146,116.15313400550632,116.1872787475586
2022-04-18,115.69954499638453,123.5276288034969,114.39242208507488,114.48509216308594
2022-04-25,113.71936125158535,118.357680362228,110.12966080950875,112.10497283935547
2022-05-02,112.1244779988869,120.56222568998912,111.07097726491543,113.4803695678711
2022-05-09,111.02220611570431,113.98272931454956,104.9743374571673,113.2803955078125
2022-05-16,112.19763810196253,117.03593626321813,106.69603291257296,111.28558349609375
2022-05-23,110.86126388480488,119.98183259791688,108.19337457272032,119.7867431640625
2022-05-30,119.55262297483077,121.50354701785182,115.88976576324521,117.89434051513672
2022-06-06,119.84526158187978,120.68903412572016,108.9688588237088,109.16395568847656
2022-06-13,105.22309946554388,107.51543391339997,98.06320377756862,100.30188751220703
2022-06-20,102.30644993336593,105.47670137301881,99.70196822906763,105.42793273925781
2022-06-27,106.4131367649306,106.72040964974055,94.43446563612225,95.59039306640625
2022-07-04,93.15662553897408,102.37473891124472,92.63963184453354,101.76020050048828
2022-07-11,100.19946215530767,104.79388748053861,97.24868798951685,104.7597427368164
2022-07-18,106.28146338221497,113.22187338831371,103.45749674090364,110.6027603149414
2022-07-25,109.90530397707315,116.00682367349455,107.93487397177584,115.6702880859375
2022-08-01,114.61679061849394,119.8550244944576,113.95835075934356,118.82102966308594
2022-08-08,117.32369337077587,119.84526174411029,110.58324738815973,119.67455291748047
2022-08-15,118.95271870917644,120.49882515652084,114.22660391320932,114.6119155883789
2022-08-22,112.37322419707868,115.00697617427906,108.58355952445514,108.60306549072266
2022-08-29,107.73978305132694,108.72500182946634,99.57517025836299,101.36026763916016
2022-09-05,101.37001230816706,106.0717389921433,99.58491500825758,105.76934814453125
2022-09-12,106.20342718861586,106.7301775712932,97.25844227146018,99.45323181152344
2022-09-19,98.18024773342778,102.11623287092907,92.41038934867048,93.8248062133789
2022-09-26,93.83943829030481,95.05389111894682,90.28388269356789,90.28875732421875
2022-10-03,91.33738560852706,99.84341536055726,90.77161586763872,91.98606872558594
2022-10-10,91.8251122956298,91.88363763084317,81.4364410907659,84.45061492919922
2022-10-17,86.66493431574138,91.02525123690596,85.13345906605711,90.88868713378906
2022-10-24,90.62042002472339,94.1662264290883,88.87921680675616,94.0247802734375
2022-10-31,93.25417037145323,95.31239588967705,87.98179918874352,93.35171508789062
2022-11-07,93.89797702277137,108.18849724023136,92.86886428418848,107.69100952148438
2022-11-14,107.22766354917707,111.82696331646376,103.76964509594777,107.06671142578125
2022-11-21,105.69131423642617,110.26623374528678,104.74511483383424,107.91049194335938
2022-11-28,106.56435217210507,112.10497680152184,104.33541786077163,109.19322204589844
2022-12-05,108.72012081286539,109.4126979513764,104.5012431270562,107.32032775878906
2022-12-12,106.70091122128854,114.41681164606807,103.24289283137685,104.16958618164062
2022-12-19,102.99415225949991,103.84768149195236,97.27794446164363,99.24349975585938
2022-12-26,99.67633607716586,100.8256631233108,96.94851147285787,100.10548400878906
2023-01-02,101.90100704400076,105.0234465611732,98.70457910119788,104.41178131103516
2023-01-09,106.34049249925785,111.70734038777078,105.78308794065218,111.37683868408203
2023-01-16,111.10061150050362,113.97148298708977,108.38266197918664,112.1463623046875
2023-01-23,112.96026382502541,118.97330265388547,112.80734938832732,118.03114318847656
2023-01-30,116.30467252090796,126.10113905416162,114.53381260661786,122.79125213623047
2023-02-06,120.82801498208717,125.58813527323798,119.15087875599355,120.36433410644531
2023-02-13,120.88228492518594,125.17872466963763,118.68227691405494,119.752685546875
2023-02-20,117.89795666293905,120.21636111561983,114.97776209531385,117.50334167480469
2023-02-27,119.36792333124369,120.94146825788759,115.7670051742139,120.83295440673828
2023-03-06,121.16838195919298,123.10202402316588,116.66970481145188,117.26163482666016
2023-03-13,115.78180816146188,125.38096028210703,114.82485098126631,123.47692108154297
2023-03-20,123.81234191074417,129.19892532183806,122.67780500142149,125.5979995727539
2023-03-27,125.92356144469869,130.01282580295364,121.5580635886544,129.82537841796875
2023-04-03,129.1643886259006,129.64778971492476,122.96390257201081,124.50292205810547
2023-04-10,123.3684002204579,127.02850177563434,122.91457942081365,124.34508514404297
2023-04-17,123.22040788414063,126.18993299564838,121.62712771540929,122.5002212524414
2023-04-24,122.23385073284828,123.0033604437942,116.97552433898728,121.9625473022461
2023-05-01,122.31772013969388,123.49665015154181,119.30873181148011,122.70740509033203
2023-05-08,122.3127853571258,123.46705000490488,120.1719606575819,121.24730682373047
2023-05-15,121.4248789159476,132.50385885709827,121.19796853773475,131.5074462890625
2023-05-22,130.37290254024782,146.33532929001015,126.22938518805303,145.3783721923828
2023-05-29,148.62413602145338,149.66989437218677,141.8662600685881,144.17478942871094
2023-06-05,143.32635214662926,147.13444556219923,141.0572782885316,144.86537170410156
2023-06-12,146.5129076354554,153.84300060235194,146.40438625736363,151.3174285888672
2023-06-19,150.69588652913586,151.86988635158792,144.98375447511606,145.54608154296875
2023-06-26,146.28599188280444,150.90306504414843,144.85549388208375,150.20260620117188
2023-07-03,151.11024581182045,151.99815210098976,145.18107065929507,147.045654296875
2023-07-10,147.56851365139514,158.5389718086797,147.34161080847738,154.79006958007812
2023-07-17,155.1156517169949,158.62777635235454,150.2420797586891,151.72190856933594
2023-07-24,151.91922350760515,158.87440652624238,150.84386985168743,158.3416748046875
2023-07-31,158.53898070743563,159.0026615778561,150.1138291421378,152.17572021484375
2023-08-07,153.40891700381724,154.0403100150653,144.07612353228538,144.2438507080078
2023-08-14,143.4940686737388,149.0582245810507,141.42231730344042,144.16493225097656
2023-08-21,145.20079457458337,154.48425752255275,144.3030432103281,147.08511352539062
2023-08-28,148.3380367655017,155.51027776494354,146.89766346994188,154.109375
2023-09-04,153.5371735589777,155.50040344016912,147.44027115535405,148.35777282714844
2023-09-11,150.14342690350026,150.14342690350026,144.204376657483,144.8357696533203
2023-09-18,143.474333716829,145.83220882188039,138.79808414692522,140.05101013183594
2023-09-25,139.40973430415838,144.95415465384318,137.8805748862156,143.03038024902344
2023-10-02,143.3164884605523,146.9469944999433,140.24830952837715,146.35507202148438
2023-10-09,144.81602896154166,151.98826955984336,143.6814996541232,146.38465881347656
2023-10-16,146.55236214718968,148.66358368272375,140.0213750175547,140.18910217285156
2023-10-23,139.24201861084637,142.59629107406252,134.79267227549616,136.4500732421875
2023-10-30,136.5487416984083,148.51561386191636,134.26980772249132,147.4994659423828
2023-11-06,147.7362533376176,155.54974820186314,146.29587990353073,155.1649932861328
2023-11-13,154.19816159399195,160.76860497758196,153.10308769672696,160.38385009765625
2023-11-20,160.6008799586909,163.21525319898856,159.16052169290006,159.58473205566406
2023-11-27,159.05199717277807,162.12017608693043,156.72373264255063,158.9632110595703
2023-12-04,157.10848362586702,160.7488647131203,154.45465502606032,160.2950439453125
2023-12-11,161.3309276569559,173.4951216780217,161.09414963980947,171.7390594482422
2023-12-18,171.22606261845218,172.0646383291801,166.7372453885982,170.9498291015625
2023-12-25,172.4764986680373,175.42422231393996,172.36732315728776,173.55831909179688
2024-01-01,171.05723288310386,171.05723288310386,162.74008524146205,164.83425903320312
2024-01-08,166.14433713101022,173.2208602981991,166.02524208960656,171.6527099609375
2024-01-15,171.9901588484654,185.90500018552535,170.20367262056868,185.77597045898438
2024-01-22,187.393761479266,194.43057679525177,184.6941625884945,186.85781860351562
2024-01-29,187.3044424112665,190.291859426512,182.76871398745652,189.7856903076172
2024-02-05,192.08826014769602,202.66830369247057,188.6939152021024,202.32093811035156
2024-02-12,202.66829866904516,205.56639401606355,194.81762771594052,200.23667907714844
2024-02-19,198.7678019989179,211.75961177946115,192.2669297668842,207.05516052246094
2024-02-26,209.020313974765,219.6599054088691,204.8815794511031,218.8857421875
2024-03-04,222.31980383785765,237.3462399736252,216.65262717473354,223.30238342285156
2024-03-11,220.47374267980598,226.30964205430476,214.31031679507169,216.20599365234375
2024-03-18,220.50350892211526,228.32440616883645,211.2236520258476,225.93247985839844
2024-03-25,223.53065398102135,227.73885571991275,219.82863648788503,223.30238342285156
2024-04-01,223.80853382596797,229.21765057249604,217.9627150781495,220.96998596191406
2024-04-08,223.20311649222998,225.86302188972866,218.32002285789738,219.02468872070312
2024-04-15,222.0716642397066,223.29243384070026,196.95151550343923,197.7157440185547
2024-04-22,199.46253476296957,217.03968441119534,197.65617922746267,216.0074920654297
2024-04-29,215.84869225054152,217.97263964224214,204.56398273631746,216.09681701660156
2024-05-06,217.72451654888326,223.74899318438537,216.58314867397186,221.6250457763672
2024-05-13,222.31979930103148,233.34646495249442,220.57300632991237,228.52291870117188
2024-05-20,229.7337690386898,242.72557868809193,229.15811774048768,242.42782592773438
2024-05-27,245.83210311257528,248.96840388548821,232.5028323998625,238.67617797851562
2024-06-03,243.26153752078005,254.00036999835834,237.22714112453164,250.31820678710938
2024-06-10,249.2165458118073,266.5753464750629,248.1744186621048,265.880615234375
2024-06-17,268.6794285540471,277.472986515854,260.0546087698178,262.9031066894531
2024-06-24,259.53849393710453,264.40173308125196,253.81177034672146,258.7445068359375
2024-07-01,259.0422456646925,270.00934778139003,253.74230450297438,267.69683837890625
2024-07-08,270.79344865108123,280.94672526707836,267.97475486418705,272.3913879394531
2024-07-15,274.33666980998044,275.3887163943247,245.9313363110149,246.27871704101562
2024-07-22,251.10226176262097,255.96550109080383,229.08863991769195,238.5074462890625
2024-07-29,240.62149427906482,245.83211477173867,212.57345884898314,216.7915802001953
2024-08-05,199.47245856539848,224.79111949757848,198.98614371416164,223.16342163085938
2024-08-12,223.5008810759858,245.54427822987003,222.36943267574517,244.85946655273438
2024-08-19,243.94635170259886,251.4198839986106,239.7282304484553,246.52685546875
2024-08-26,245.63360495545115,246.68565156655583,235.0039330501873,241.6338348388672
2024-09-02,236.1254726408461,237.0782633288049,211.96804735021624,213.38731384277344
2024-09-09,216.8213597472819,235.76816390523186,214.1713738269614,235.13296508789062
2024-09-16,231.63935890798246,242.02090591389438,229.05885525079827,236.1155242919922
2024-09-23,237.01870440903627,254.0698465890856,235.34137852986348,245.88172912597656
2024-09-30,242.31865081606045,247.34070901664364,235.22228826168026,245.9611358642578
2024-10-07,244.68079326792108,255.36999729339615,244.46244226208773,254.76458740234375
2024-10-14,256.5808411700309,260.2928081795868,243.65851456040144,249.62342834472656
2024-10-21,249.11727141540163,254.6256292455736,243.99597247995078,251.0625762939453
2024-10-28,250.87400105311912,256.3922784664193,238.47768187646557,242.91415405273438
2024-11-04,243.46995311848758,259.9156705639697,241.58421087599308,257.39471435546875
2024-11-11,255.98537095341638,256.1143703887715,237.00877862279106,238.150146484375
2024-11-18,237.23705938122933,246.32835479945254,235.60936145806428,242.78512573242188
2024-11-25,244.5021596750996,244.5021596750996,232.4135127456129,240.31381225585938
2024-12-02,241.52465384460766,251.17174598070096,241.52465384460766,246.7451934814453
2024-12-09,244.37313026136562,249.7425540412399,236.58200624797803,247.6186065673828
2024-12-16,248.6210109766335,252.56123340006536,234.76571763355068,240.8894500732422
2024-12-23,241.7033078461419,250.4968505955983,241.7033078461419,246.53677368164062
2024-12-30,243.86120403452952,251.5472949424181,240.65119099247568,251.09869384765625
2025-01-06,257.8676331167749,262.7623757916963,244.1602696573686,246.4132537841797
2025-01-13,240.32221289815712,257.87757242116845,239.87359662015004,257.44891357421875
2025-01-20,259.99100345952627,268.82353614474175,257.64831734261475,260.71875
2025-01-27,241.727840394516,250.67999603907168,231.5196138660161,242.8643035888672
2025-02-03,235.2380326325834,249.87248861532353,234.39066321069794,244.24002075195312
2025-02-10,246.23381590003507,252.43452292625614,243.78144002839448,251.7965087890625
2025-02-17,253.9298774418267,258.8246506130865,248.4170323352361,249.2145538330078
2025-02-24,250.52047762687334,251.27811465247706,224.93010705835152,232.04795837402344
2025-03-03,234.63989569022948,234.63989569022948,216.39667303673542,224.39178466796875
2025-03-10,218.88891627690256,226.25599239717874,209.8071742613034,225.86720275878906
2025-03-17,225.52824709391732,230.3233243975572,220.7232062856589,224.07278442382812
2025-03-24,228.48902854420052,231.69904146141596,210.39533513796817,211.51185607910156
2025-03-31,206.6868696897495,215.93808216010154,177.67713102978792,180.23916625976562
2025-04-07,172.95185063825997,212.1498746135703,169.5823303135182,200.685546875
2025-04-14,205.9790752507646,206.13858259340745,187.9451927368526,191.9327850341797
2025-04-21,188.3140390054732,212.62838228132657,183.82799769840463,211.31248474121094
2025-04-28,210.2358361490403,220.2347227062131,203.25754956692407,218.3505859375
2025-05-05,216.35678034579385,224.66094284212375,212.17977512548995,222.70701599121094
2025-05-12,235.9857160031366,248.66626086689638,233.32399994037698,245.65562438964844
2025-05-19,240.6511837205103,247.80891964538336,233.86231041874822,236.70347595214844
2025-05-26,241.73780794892016,248.4369639046597,234.6398836556624,239.0063018798828
2025-06-02,238.43807303376516,255.26571731969085,238.2187694529495,251.946044921875
2025-06-09,254.20899275244602,264.0882556901632,254.20899275244602,256.19281005859375
2025-06-16,259.1536105203699,264.7063400023819,256.4221195780357,259.462646484375
2025-06-23,259.04396204356107,279.6299005060358,256.3224194393282,277.5563659667969
2025-06-30,278.832410858165,284.3053716941677,271.31579066254073,282.740234375
2025-07-07,280.88599931207546,288.0437198823856,277.68593472394144,286.59820556640625
2025-07-14,285.41191374852133,292.4201061718469,280.86606084814343,289.40948486328125
2025-07-21,289.76836443048825,292.61947819982606,281.2448680006997,286.59820556640625
2025-07-28,288.88111612082866,296.4575473961316,278.3239694071408,283.0692138671875
2025-08-04,285.401944346352,293.7958086873934,281.8928438246052,292.6194763183594
2025-08-11,293.5964621692503,302.04019009193337,291.82198481045685,294.73291015625
2025-08-18,294.0051847746381,296.2681323842093,280.2778792263236,292.7291564941406
2025-08-25,292.83881577944504,299.8470081793097,288.20324571637053,289.3895568847656
2025-09-01,282.21187583374365,294.23446433064976,280.86605733154056,292.3702697753906
2025-09-08,294.2245203259478,304.64208723451054,293.88554819921876,303.37603759765625
2025-09-15,302.87758009502625,317.6316594186659,300.43516764495666,314.7306823730469
2025-09-22,315.2889442384414,324.3507441184829,312.62724340649345,320.8217468261719
2025-09-29,323.64293808043055,339.72290810867474,321.4298232456291,335.6356201171875
2025-10-06,344.3883946066575,347.4488789462916,323.82238280194997,324.330810546875
2025-10-13,336.43316036946135,346.01333589891334,329.22557661204934,341.76654052734375
2025-10-20,344.9267409550157,351.8452161698542,331.36892077509094,350.0508117675781
2025-10-27,356.5605406436303,371.6236556485425,355.1050475791353,361.8939208984375
2025-11-03,366.54946421918345,368.3239416173446,335.63564445376073,347.0401611328125
2025-11-10,356.4408979088971,358.8833103848489,332.71473566928705,343.909912109375
2025-11-17,340.8793339928619,348.69501133709014,314.0727298547913,325.1183776855469
2025-11-24,327.979469677813,351.47636482218815,326.3345939235863,351.187255859375
2025-12-01,347.76790140431956,367.43668105837344,346.98034340245033,363.28961181640625
2025-12-08,366.9581916071927,374.42494853734297,351.78540151862677,353.02154541015625
2025-12-15,357.01910019279626,358.0857883978722,337.01134921393015,355.125
2025-12-22,361.28581771589535,366.21049640447256,356.6601962663356,364.72509765625
2025-12-29,362.6600036621094,376.3399963378906,360.07000732421875,373.29998779296875
2026-01-05,381.7200012207031,390.8800048828125,375.8599853515625,389.2200012207031
2026-01-12,385.6700134277344,405.30999755859375,383.80999755859375,400.3900146484375
2026-01-19,393.1600036621094,408.7300109863281,389.42999267578125,400.0899963378906
2026-01-26,398.3999938964844,420.6000061035156,396.2200012207031,403.4599914550781
2026-02-02,398.8599853515625,412.5799865722656,374.239990234375,401.6499938964844
2026-02-09,398.9100036621094,420.0400085449219,397.0,407.7200012207031
2026-02-16,402.7099914550781,417.0400085449219,397.7699890136719,415.0299987792969
2026-02-23,413.57000732421875,427.94000244140625,401.8800048828125,406.3699951171875
2026-03-02,397.25,407.3599853515625,378.5299987792969,380.55999755859375
2026-03-09,375.760009765625,404.3900146484375,374.1600036621094,387.3299865722656
2026-03-16,395.1400146484375,399.69000244140625,380.8699951171875,384.739990234375
2026-03-23,393.3599853515625,402.5,373.010009765625,374.25
2026-03-30,377.6199951171875,396.6300048828125,359.8599853515625,392.32000732421875
2026-04-06,393.75,441.5400085449219,389.6400146484375,436.8800048828125
2026-04-13,434.75,464.5799865722656,433.6000061035156,464.1600036621094
2026-04-20,464.6400146484375,509.5899963378906,458.6499938964844,506.44000244140625
2026-04-27,509.19000244140625,511.989990234375,483.2900085449219,509.82000732421875
2026-05-04,512.469970703125,513.1500244140625,501.1499938964844,506.7900085449219
