时间,开盘价,最高价,最低价,收盘价,成交量
2010-03-11,0.5844894241016294,0.6008642315864563,0.5844894241016294,0.6008642315864563,3702000
2010-03-12,0.6013188564228288,0.605260596650071,0.586005687713623,0.586005687713623,4548000
2010-03-15,0.5741793175608139,0.5803953855720096,0.5587142192463034,0.5675075054168701,534000
2010-03-16,0.574634393864444,0.6142068252015183,0.5737246404180307,0.6136000156402588,1260000
2010-03-17,0.6367977400477206,0.6431657440174704,0.6242137191921797,0.6357361078262329,2610000
2010-03-18,0.6357358948924554,0.6375553472271205,0.6114775606670095,0.620270848274231,1584000
2010-03-19,0.6125384009898717,0.6128422666746145,0.5819120584153142,0.5920699238777161,1596000
2010-03-22,0.580395577941401,0.6371005776616974,0.5770596707637583,0.6348263025283813,3804000
2010-03-23,0.6437723918749004,0.6781895169703027,0.6434685804267647,0.6757633090019226,6114000
2010-03-24,0.669244279871349,0.669244279871349,0.6349782208208191,0.6383141279220581,2034000
2010-03-25,0.6659082617856366,0.675460237223997,0.6345232383617282,0.6351300477981567,2034000
2010-03-26,0.6521106881415774,0.6554465947245647,0.6126901973061394,0.6251232028007507,2322000
2010-03-29,0.6452880966899086,0.6492307599151771,0.6374045595985756,0.6419531106948853,1380000
2010-03-30,0.6519597766293888,0.6610568769294605,0.635130151918855,0.6542340517044067,1920000
2010-03-31,0.6592374325814359,0.6640889262656106,0.6405883565777337,0.6440752744674683,1080000
2010-04-01,0.6621176025539928,0.688803070552812,0.6354330563461082,0.6461976766586304,1644000
2010-04-05,0.6707597641432079,0.70350936367881,0.6278523556082971,0.7009321451187134,1500000
2010-04-06,0.6875895464803492,0.7001744867513376,0.6797059567766078,0.6903186440467834,1998000
2010-04-07,0.6939573162588653,0.7115456788719771,0.6748533671001032,0.6971412897109985,3414000
2010-04-08,0.6845573855488786,0.6845573855488786,0.6501403187038168,0.6724281907081604,4470000
2010-04-09,0.6801608334825111,0.6906225097113301,0.6646957303807367,0.6903186440467834,1254000
2010-04-12,0.7007800950898797,0.7254942234164978,0.6924416855826596,0.7076029181480408,2400000
2010-04-13,0.7115458715368059,0.7247366455057219,0.702448771082934,0.7212488055229187,2904000
2010-04-14,0.7659766314318863,0.8166174958400704,0.7659766314318863,0.814039409160614,6504000
2010-04-15,0.8285946321815676,0.8398149955026466,0.8117649547677892,0.8210139870643616,12666000
2010-04-16,0.8111591902667685,0.8111591902667685,0.753695449935823,0.7906906604766846,4452000
2010-04-19,0.7641570031524171,0.7873546267528815,0.7203389744708389,0.7640051245689392,5712000
2010-04-20,0.7862931974528501,0.8066107181683583,0.7808349476182206,0.8010005354881287,2922000
2010-04-21,0.806610469970573,0.8243497900303978,0.7405045200357241,0.7759832143783569,5772000
2010-04-22,0.7608213076838268,0.8223787286146712,0.7253426017205604,0.8198015093803406,6594000
2010-04-23,0.8332951744273444,0.8332951744273444,0.7902358274147314,0.8234402537345886,3600000
2010-04-26,0.8308690515197209,0.8533089144958012,0.8249559249858882,0.8307180404663086,3846000
2010-04-27,0.7959968810959892,0.8246527523316575,0.7423239346610042,0.7447501420974731,5112000
2010-04-28,0.7599113913714195,0.7997876797679194,0.7218554770423445,0.7596084475517273,6864000
2010-04-29,0.759911500382726,0.7884163652523308,0.7509663331903343,0.785687267780304,5838000
2010-04-30,0.7656734635374829,0.7656734635374829,0.678037411677872,0.679705798625946,10104000
2010-05-03,0.6892577841721795,0.7405045221690343,0.6892577841721795,0.7297399044036865,4926000
2010-05-04,0.7145777403132901,0.7145777403132901,0.6016217240833073,0.6331586241722107,19164000
2010-05-05,0.6231518239687598,0.6421038407953303,0.5835794033685578,0.6128420829772949,7920000
2010-05-06,0.6064741629349046,0.6328558163509599,0.3790464873917897,0.5606848001480103,17448000
2010-05-07,0.5458265029727768,0.5623531820770358,0.4678942948389648,0.5265706181526184,12372000
2010-05-10,0.6186034083366394,0.6210296162099416,0.5884310232411205,0.6186034083366394,7206000
2010-05-11,0.5855508364677453,0.63907185754378,0.5781212563365496,0.6067771315574646,27720000
2010-05-12,0.6167838326239676,0.6592373378577573,0.6167838326239676,0.656053364276886,42330000
2010-05-13,0.6384651647165384,0.664846767567509,0.5963155142700776,0.604654848575592,28992000
2010-05-14,0.5904023639260806,0.5904023639260806,0.5164128640720561,0.5494653582572937,15846000
2010-05-17,0.5377912097093063,0.5775146631370249,0.5185353709341979,0.5722083449363708,19140000
2010-05-18,0.5863087448163473,0.5961636124065641,0.5177774879582533,0.5255100131034851,16128000
2010-05-19,0.5229317346143632,0.549617197511337,0.49730882534698295,0.5338482856750488,21306000
2010-05-20,0.4927602113448864,0.5241452305279657,0.45879710641737337,0.49033400416374207,10638000
2010-05-21,0.47001750399653736,0.5449166862965871,0.45834226554046537,0.522325873374939,11220000
2010-05-24,0.512015216056644,0.5320288650407496,0.4915466904640198,0.4915466904640198,10944000
2010-05-25,0.4497000569899935,0.5027671462058613,0.43211261401893436,0.502615213394165,10818000
2010-05-26,0.5279353404344639,0.5491625621422298,0.4971571160873014,0.5000381469726562,14250000
2010-05-27,0.5388518984290014,0.5769087479801481,0.5312712512731691,0.5761500597000122,10578000
2010-05-28,0.5828218502258803,0.5828218502258803,0.5250551578635902,0.548403799533844,9288000
2010-06-01,0.5449168409968675,0.5650824282870848,0.5111056566238403,0.5111056566238403,4530000
2010-06-02,0.529299910377402,0.5662951270689094,0.5132289712244615,0.5656883716583252,11094000
2010-06-03,0.575846969120661,0.5940411683371399,0.5594721681366337,0.5873702764511108,9102000
2010-06-04,0.5722081007106835,0.5735726764542548,0.5026152257954514,0.5109545588493347,13650000
2010-06-07,0.518383143407022,0.525812776320943,0.450306786689274,0.4539456367492676,18312000
2010-06-08,0.45652285822027744,0.45864612174136765,0.41558586254033764,0.4489422142505646,12504000
2010-06-09,0.46122342912260744,0.4898793045201715,0.4343869248959673,0.4399971067905426,8634000
2010-06-10,0.4633457083371654,0.49003117079477926,0.45621994055355414,0.48836272954940796,9504000
2010-06-11,0.47123007932657646,0.5114092496841184,0.4669844745959018,0.5092859864234924,6510000
2010-06-14,0.5338482095091541,0.5481006650683329,0.5177772779348938,0.5189899206161499,6924000
2010-06-15,0.5306644129273256,0.6092033863057078,0.5306644129273256,0.6054126024246216,14508000
2010-06-16,0.5925246714276704,0.6273975379568726,0.5767566796221396,0.6137518882751465,14226000
2010-06-17,0.6258810159486089,0.6272455373910193,0.5787279482108664,0.609809160232544,8724000
2010-06-18,0.6126901504792457,0.6208775497185554,0.5973769837745688,0.6057153940200806,4656000
2010-06-21,0.6328557006883426,0.6487756217821554,0.5785759494231972,0.5896444320678711,9054000
2010-06-22,0.5925247740330599,0.6158743370477007,0.5534072164824012,0.5585625767707825,9888000
2010-06-23,0.5640206732370182,0.5844891457332456,0.5335453485864683,0.5634139180183411,8076000
2010-06-24,0.5535591047779127,0.5555304360521323,0.507466792065249,0.5142896175384521,11754000
2010-06-25,0.5202027500655454,0.521719204637304,0.4882118322022505,0.5159580111503601,8718000
2010-06-28,0.5108026271336952,0.5388517456691516,0.502918170718356,0.5220220685005188,4248000
2010-06-29,0.4954894630337925,0.4954894630337925,0.44196752236253056,0.4509136378765106,23970000
2010-06-30,0.4534908446989816,0.4681981262516746,0.42544175207771356,0.4290805757045746,10842000
2010-07-01,0.43211259397961577,0.4424223626132301,0.3952693226358055,0.4307480454444885,10716000
2010-07-02,0.43165772373389133,0.4380256979264205,0.4042144690954866,0.4254416823387146,7032000
2010-07-06,0.45091365042320647,0.4594039677219685,0.4137665093793847,0.4246830344200134,24060000
2010-07-07,0.4248350378558612,0.492153651759261,0.4248350378558612,0.49139583110809326,13650000
2010-07-08,0.5095900805524111,0.5095900805524111,0.46455939774147675,0.48775702714920044,14706000
2010-07-09,0.4898794695229844,0.5061023435966516,0.47956972319334956,0.5045867562294006,7512000
2010-07-12,0.5070118814658632,0.5296036747103313,0.5012506884333494,0.5238415598869324,8718000
2010-07-13,0.5427944253958169,0.562808077144898,0.5333934601110324,0.5575008392333984,11688000
2010-07-14,0.5822148635907032,0.5882799214427934,0.5415808087186185,0.5523463487625122,16902000
2010-07-15,0.544916775554831,0.5509818340781274,0.5167157770875721,0.5452197194099426,11166000
2010-07-16,0.5352127841392004,0.5388516339679135,0.4924563935420324,0.4933660924434662,7878000
2010-07-19,0.5089832120912349,0.5326357155055738,0.49776376990087823,0.5306643843650818,7908000
2010-07-20,0.49078890850953805,0.5323326593230349,0.47274664511564174,0.5321807265281677,14142000
2010-07-21,0.5423395747434747,0.5423395747434747,0.49639914802165963,0.49988606572151184,10890000
2010-07-22,0.507921480154006,0.5564399880223988,0.507921480154006,0.5456745028495789,10308000
2010-07-23,0.5412781324430351,0.5599271597400975,0.5274804918191972,0.556136429309845,7092000
2010-07-26,0.5564402144258347,0.5793340345291704,0.5396105867091373,0.5761500597000122,8622000
2010-07-27,0.5887346676924283,0.5887346676924283,0.5570457858030902,0.5643234848976135,10470000
2010-07-28,0.5571978273802904,0.5699337761711832,0.5261157487210668,0.5350618362426758,17106000
2010-07-29,0.5411260059890931,0.542187637866395,0.4822986190033012,0.502615213394165,24666000
2010-07-30,0.4909408893233727,0.4963991378692771,0.46183014004023737,0.4868471622467041,13908000
2010-08-02,0.5114094748462317,0.5200517533213289,0.493215272864552,0.5126221179962158,19812000
2010-08-03,0.5127739883924162,0.5138346985699825,0.4842691239503309,0.4971570074558258,11742000
2010-08-04,0.49882431408722516,0.5132287016579842,0.4842689697536571,0.5117121934890747,8508000
2010-08-05,0.5088313260207287,0.5158060295326817,0.49427592283380006,0.4994312822818756,7224000
2010-08-06,0.4901823568263133,0.5103478921106653,0.48138906644844803,0.5000381469726562,7914000
2010-08-09,0.5036769500860843,0.5155032030689514,0.491243941743947,0.5082255005836487,7584000
2010-08-10,0.4927602799929991,0.4927602799929991,0.45561314235918215,0.4692588448524475,18732000
2010-08-11,0.4390873777098155,0.43954222724940617,0.40087952837729823,0.41270577907562256,30720000
2010-08-12,0.383443071448331,0.40163729586252017,0.36994932916398526,0.3961790204048157,27768000
2010-08-13,0.39815044657051374,0.4089150394143923,0.3834431371377158,0.38420093059539795,9888000
2010-08-16,0.3805620298181702,0.40012080355192253,0.3714649307999587,0.3881435692310333,15528000
2010-08-17,0.4031538075008768,0.4166475507994907,0.3943596248946064,0.4030018746852875,14430000
2010-08-18,0.40664081569968286,0.4225607701882227,0.3986053464819841,0.4164957106113434,10218000
2010-08-19,0.4116441628770255,0.4178602327097056,0.3901140554599775,0.395572304725647,11196000
2010-08-20,0.3992111552049673,0.41194710629286013,0.3917824694495463,0.4001208543777466,8682000
2010-08-23,0.41149229683956523,0.4133117224740706,0.3855655425487377,0.38602039217948914,15390000
2010-08-24,0.3705552182483926,0.3790464841420098,0.35766825728521645,0.36646154522895813,13998000
2010-08-25,0.36130705386456224,0.3822304009370237,0.3479643235596426,0.37752991914749146,19578000
2010-08-26,0.38420084825860384,0.38632411181673443,0.352058033431686,0.35599982738494873,15816000
2010-08-27,0.36676542157089265,0.3813207983027907,0.3378056791477313,0.3772270977497101,22824000
2010-08-30,0.3717687899319007,0.37677218924716804,0.3493289578598999,0.34993574023246765,11874000
2010-08-31,0.3472065795160669,0.35433234781661266,0.32279541705471104,0.3276478052139282,17046000
2010-09-01,0.3409895800610754,0.368887684467596,0.3409895800610754,0.3581230938434601,21294000
2010-09-02,0.3641872209797157,0.38192659616470337,0.35690954736562613,0.38192659616470337,32310000
2010-09-03,0.3969369326508569,0.40709566617036325,0.379046568485239,0.39845341444015503,39972000
2010-09-07,0.39496648120838823,0.39799854999472045,0.37298149502738664,0.37692326307296753,24540000
2010-09-08,0.3785917020717061,0.38101698854082444,0.3600936331134073,0.370707243680954,55176000
2010-09-09,0.3846557265007687,0.38556545266168635,0.3678260771944723,0.3722236156463623,16536000
2010-09-10,0.3688877498191496,0.3735882326177079,0.3417483556967914,0.35766828060150146,50568000
2010-09-13,0.36843282881539735,0.3940566582101739,0.3679779793286017,0.39314693212509155,34164000
2010-09-14,0.3896591664387226,0.41998345421353955,0.3787426147891686,0.4124019145965576,29940000
2010-09-15,0.40391161050320606,0.41012765279252267,0.392540208952024,0.4092179536819458,20400000
2010-09-16,0.4010305020479442,0.41937663162870786,0.3984532836414204,0.41786015033721924,15978000
2010-09-17,0.4239252373858834,0.4257446627290325,0.4116441366532486,0.41816404461860657,14418000
2010-09-20,0.41831501960001655,0.42559272034546514,0.40557907040697466,0.4231674075126648,39192000
2010-09-21,0.42165102548972805,0.4313549089219713,0.416344681487468,0.42028647661209106,18630000
2010-09-22,0.4149475376370113,0.4190424161697058,0.3935631840192953,0.4029659330844879,25320000
2010-09-23,0.39174331671556445,0.43163014573914976,0.3841605150962618,0.4107007682323456,21150000
2010-09-24,0.4292041282064495,0.46196316078128763,0.4292041282064495,0.45953625440597534,25266000
2010-09-27,0.4630241350251151,0.46423804913251865,0.44634161626117147,0.4516494870185852,20460000
2010-09-28,0.45710940102462133,0.47530889580867414,0.43845497988940474,0.47273093461990356,25440000
2010-09-29,0.46408611913258613,0.493812183488999,0.46408611913258613,0.48319557309150696,31692000
2010-09-30,0.4907783985768551,0.5004851031471466,0.4593843310928015,0.47273093461990356,36396000
2010-10-01,0.48425748434189914,0.4872903985175876,0.456958273637564,0.4677259922027588,24258000
2010-10-04,0.46499611443247274,0.46529914554357155,0.4329951178918032,0.448616623878479,25332000
2010-10-05,0.458019306099991,0.48092063480364083,0.458019306099991,0.47667375206947327,24222000
2010-10-06,0.47621875369683525,0.47697766017967874,0.44361170098507974,0.460294246673584,22194000
2010-10-07,0.4592332462975563,0.46696805141053976,0.4443697525114386,0.46044623851776123,20838000
2010-10-08,0.45726135779176114,0.4775838051745673,0.4420948325629974,0.47546079754829407,29346000
2010-10-11,0.47546082016684915,0.49805819859422124,0.47546082016684915,0.48410558700561523,20370000
2010-10-12,0.4780387463786599,0.5004850686304383,0.4695459567506166,0.49441826343536377,18330000
2010-10-13,0.4991199806128046,0.5042767692206936,0.4828924440103276,0.49669307470321655,27384000
2010-10-14,0.4976030779010828,0.5067028503847232,0.48395350053352093,0.4925982654094696,19338000
2010-10-15,0.5029119483592698,0.5080678158682685,0.48122361180033435,0.5038219094276428,22374000
2010-10-18,0.5012429918861704,0.5012429918861704,0.4798586641822954,0.49214327335357666,21282000
2010-10-19,0.4766737281379554,0.4971481494542909,0.4560483065542083,0.4715178608894348,37842000
2010-10-20,0.4719729113192616,0.4866835621626195,0.4625692917987703,0.4794037640094757,24378000
2010-10-21,0.48183051883619366,0.4842574248075687,0.4589292480326258,0.4722757935523987,22062000
2010-10-22,0.47227587423647494,0.5026080005694553,0.47227587423647494,0.5003330707550049,29832000
2010-10-25,0.5080677225850836,0.5253571966641758,0.5080677225850836,0.516712486743927,12414000
2010-10-26,0.5094327724641904,0.5179264834944265,0.49305325666893624,0.5101916790008545,10962000
2010-10-27,0.5120118177238312,0.55781345804845,0.5118598411093255,0.5570554733276367,19632000
2010-10-28,0.5585713550032594,0.5619082225623659,0.5377939549945281,0.5584203004837036,13932000
2010-10-29,0.553870653361172,0.5732830920472399,0.5529606919078484,0.5688852071762085,10818000
2010-11-01,0.5729799467402981,0.5804107999420136,0.5496236593847226,0.5631213188171387,19554000
2010-11-02,0.5734348275712965,0.5826856012696943,0.565700077112308,0.5740408897399902,11472000
2010-11-03,0.5798047114193867,0.5929993391036987,0.5660031536418144,0.5929993391036987,18366000
2010-11-04,0.609226766480734,0.649568572304745,0.609226766480734,0.6474456191062927,18684000
2010-11-05,0.6539674307136524,0.6703469480672816,0.6454737731139185,0.660943329334259,18162000
2010-11-08,0.657303334993235,0.6747447875249996,0.6500235385081622,0.6618531942367554,17436000
2010-11-09,0.6618532578171998,0.6638251565672638,0.6297011547241633,0.6366779208183289,14748000
2010-11-10,0.6360710039105901,0.6391039183284397,0.6124116896936774,0.6374359726905823,14172000
2010-11-11,0.5887524325092132,0.6218144432893542,0.565548125855054,0.6151416301727295,24570000
2010-11-12,0.610439623030869,0.6436536553351923,0.5957290321264004,0.6136245131492615,16152000
2010-11-15,0.627274446914672,0.6322792611720119,0.5999752283096313,0.5999752283096313,14220000
2010-11-16,0.5852644932095816,0.6042219163703356,0.565396132669215,0.5744958519935608,16314000
2010-11-17,0.5723728626151776,0.5928472298029078,0.5658511046224863,0.5728278160095215,7788000
2010-11-18,0.5902692999841572,0.6122597457301681,0.5902692999841572,0.6048288941383362,10518000
2010-11-19,0.6008849848592274,0.6388008576744071,0.6008849848592274,0.6342509984970093,9654000
2010-11-22,0.6360709942813432,0.6591233239000145,0.630459196908542,0.657758355140686,32064000
2010-11-23,0.637132950958867,0.6542704526241826,0.63303809879731,0.6401658654212952,22074000
2010-11-24,0.6541185676672909,0.6950673085775273,0.6541185676672909,0.6914274096488953,24210000
2010-11-26,0.6811144725655222,0.6900622674686525,0.6718627788265827,0.6799014806747437,6378000
2010-11-29,0.6685269937334771,0.678991681860858,0.6495685941751719,0.6751998066902161,12354000
2010-11-30,0.6545734545078313,0.6604882828849854,0.6436538130720124,0.6501755714416504,14658000
2010-12-01,0.68232760712721,0.7146316316434108,0.68232760712721,0.7125086784362793,16272000
2010-12-02,0.7166035797538955,0.7539124169832973,0.7141766734251398,0.7525475025177002,13560000
2010-12-03,0.7414758781197602,0.7672590679260434,0.7355610495145282,0.7634671926498413,10824000
2010-12-06,0.7660451220893967,0.7660451220893967,0.7401108788304004,0.7595242857933044,11808000
2010-12-07,0.7834867682477816,0.7927384663402943,0.7570975650970492,0.7580075263977051,22344000
2010-12-08,0.7661970518278163,0.7813635750856904,0.7522444427161034,0.7787846922874451,8406000
2010-12-09,0.7922832562054828,0.7974391779522954,0.776964809843322,0.7843965291976929,7170000
2010-12-10,0.7872783092854765,0.794254151982082,0.7760546625203399,0.7865193486213684,7374000
2010-12-13,0.8024440807370417,0.8024440807370417,0.7658940937273265,0.771808922290802,8994000
2010-12-14,0.7716568259252637,0.7752967240330214,0.7446607025248837,0.7520924210548401,11034000
2010-12-15,0.7463295911234793,0.7590692077425416,0.7249452094735606,0.728736162185669,13974000
2010-12-16,0.7349550586921122,0.7478457318395046,0.7208504712460325,0.7416278719902039,5910000
2010-12-17,0.7452675906543093,0.7613440730685891,0.7428406846998251,0.7567942142486572,5250000
2010-12-20,0.7534575321394631,0.7619503219785602,0.738442983504127,0.7481496334075928,24018000
2010-12-21,0.7577042955688118,0.7713538741976099,0.7539124205180767,0.7639221549034119,7824000
2010-12-22,0.7522445412492964,0.7658941210808318,0.7398079536665767,0.7646802067756653,10470000
2010-12-23,0.7514855881046082,0.7649841125746535,0.7514855881046082,0.7583103775978088,4158000
2010-12-27,0.7442057332608796,0.7646801001533625,0.7302531242670419,0.7605852484703064,7362000
2010-12-28,0.7583103176171091,0.7657420365181767,0.7419308024335693,0.7508794665336609,6186000
2010-12-29,0.7539125084877014,0.7575524073944868,0.7442058582894251,0.7539125084877014,3360000
2010-12-30,0.7539123818284131,0.7639221157000636,0.749969506706226,0.7605852484703064,3732000
2010-12-31,0.7546703766309331,0.7622540716635702,0.7461775884546192,0.7581592202186584,6024000
2011-01-03,0.773021862274321,0.8000180422803339,0.7661970730633499,0.7751448154449463,11646000
2011-01-04,0.7822734693608203,0.7936481167599871,0.7534573705180148,0.7777236104011536,10098000
2011-01-05,0.7666521831671379,0.7912214618916229,0.7590694079255782,0.7853066325187683,4482000
2011-01-06,0.7921313724832909,0.8308051807963435,0.7921313724832909,0.828833281993866,9810000
2011-01-07,0.8341420725345795,0.8456677768930603,0.7960742710774756,0.8342931270599365,21936000
2011-01-10,0.8295921598392972,0.8652321846636264,0.8189754952386155,0.8605312705039978,9960000
2011-01-11,0.8750908819832264,0.8750908819832264,0.8511276675816817,0.8700860142707825,9942000
2011-01-12,0.8870715002349556,0.9190724935361185,0.8709959373564694,0.9189205169677734,9696000
2011-01-13,0.9198305387062276,0.9334801174015849,0.9007210851418438,0.9186175465583801,8448000
2011-01-14,0.9318123101521878,0.9936904311180114,0.9281723568734778,0.9936904311180115,18042000
2011-01-18,0.9827705489621398,0.9936901891852263,0.9669979643139893,0.9820125102996826,13842000
2011-01-19,0.9577464010237529,0.9621442842054805,0.9069399049239766,0.9136126637458801,14754000
2011-01-20,0.8958681860140213,0.8958681860140213,0.846729638089548,0.8803986310958862,18720000
2011-01-21,0.9099727180936754,0.9122477019579662,0.8621991417155813,0.8652321100234985,12576000
2011-01-24,0.8747867886456633,0.9296891074415333,0.8735737965721164,0.9277172088623047,12990000
2011-01-25,0.9157357223702203,0.9262004112440965,0.8866165857542777,0.9083048701286316,13026000
2011-01-26,0.9266554772762138,0.9386371130411197,0.9007212829085198,0.9334803223609924,16392000
2011-01-27,0.9522865188516538,0.9903534507384301,0.9522865188516538,0.9850455522537231,19854000
2011-01-28,1.004610045407445,1.004610045407445,0.8828256516960062,0.905271053314209,36168000
2011-01-31,0.9130057461142496,0.9286272243821319,0.8796407040644793,0.9155846834182739,12234000
2011-02-01,0.9427317660572797,0.9949032261218981,0.941214820846312,0.9818605780601501,22254000
2011-02-02,0.97109298496823,1.01188974543447,0.961841289053242,0.9985431432723999,18420000
2011-02-03,0.998998070104248,1.00536785108701,0.9688178699053192,0.9996050000190735,10446000
2011-02-04,1.0088567749952688,1.061028235977051,1.0036999856140685,1.058753252029419,16854000
2011-02-07,1.0701276610502855,1.0843841653540218,1.037520615364902,1.0478333234786987,21102000
2011-02-08,1.048136636370443,1.0540513556454978,1.0211413260608184,1.045406699180603,8292000
2011-02-09,1.0319089405959594,1.0470754624956786,1.0123445363043422,1.0255391597747803,12252000
2011-02-10,0.9918702924612773,1.0367619550054585,0.9815575819009085,1.034335970878601,12342000
2011-02-11,1.027358955627103,1.0684597660748842,1.010524490460311,1.057995080947876,8436000
2011-02-14,1.070430796851852,1.1066786673621098,1.0660329145520995,1.0821094512939453,15360000
2011-02-15,1.0801379235335888,1.0813509159056962,1.0372171723350343,1.0511707067489624,14406000
2011-02-16,1.0736161454806832,1.094090462716073,1.0604215179876018,1.0843846797943115,10158000
2011-02-17,1.0780146813898768,1.1374659391276796,1.0692179393891366,1.1321580410003662,15246000
2011-02-18,1.1427739521143367,1.1429259286940876,1.1069820031405915,1.119114637374878,13470000
2011-02-22,1.0613312982406227,1.0686110955909285,0.9782208299171361,0.9858036041259766,40812000
2011-02-23,0.9958133848899124,0.9958133848899124,0.8932903177869699,0.9328741431236267,35844000
2011-02-24,0.9454617892021367,0.9851975347654274,0.9237743738857025,0.9789787530899048,41208000
2011-02-25,1.010979365154377,1.054961109142784,1.007491498640482,1.0529900789260864,38130000
2011-02-28,1.0752847708333664,1.0752847708333664,0.987472471041657,1.0211414098739624,38628000
2011-03-01,1.0347908430299861,1.0416156856055467,0.9580491954758656,0.9601730704307556,37800000
2011-03-02,0.9586562048256749,1.0361557801787868,0.9583531195585864,1.0011218786239624,51600000
2011-03-03,1.0372173747980082,1.068460449940824,1.0349424983894184,1.0592087507247925,33474000
2011-03-04,1.0514735189062308,1.0598151986766529,1.0050649114300658,1.025842308998108,31500000
2011-03-07,1.0275113273895806,1.0411609077867965,0.9110348863045612,0.9409120082855225,50460000
2011-03-08,0.9487985665271631,0.9745807772337897,0.9169494428203757,0.9459166526794434,26598000
2011-03-09,0.9292340414179978,0.9292340414179978,0.8564361931823029,0.8615921139717102,66846000
2011-03-10,0.8186724181447822,0.8341419173443209,0.791979271487003,0.7963780760765076,60888000
2011-03-11,0.7812118021523271,0.8258005004702469,0.7796948565426868,0.8176107406616211,37662000
2011-03-14,0.8139706243483189,0.8459716161541301,0.7985010701149394,0.8142736554145813,37458000
2011-03-15,0.7323760086165987,0.8010789536744093,0.711901643645937,0.7846994400024414,39852000
2011-03-16,0.7872785502410519,0.8116958512646049,0.7175136475298117,0.7340450882911682,35268000
2011-03-17,0.7665001618508859,0.788188445296551,0.7525475513019544,0.7608892321586609,37530000
2011-03-18,0.7989562421803535,0.7989562421803535,0.7590693834241827,0.7684721350669861,32274000
2011-03-21,0.7959232632036657,0.825193455560602,0.7922833641959985,0.8082079291343689,39534000
2011-03-22,0.8138188788298406,0.8138188788298406,0.7850036915763734,0.78924959897995,24156000
2011-03-23,0.7837896905880286,0.8151837578915716,0.7643772036154541,0.8106338977813721,25218000
2011-03-24,0.8391468393285559,0.8760007220551265,0.8270132843397736,0.870388925075531,44664000
2011-03-25,0.8784267500481847,0.8919252743736029,0.8615922803263804,0.8631091713905334,31548000
2011-03-28,0.8766068203225172,0.8890434068944791,0.8631091639314266,0.8672040700912476,22812000
2011-03-29,0.8638672465098739,0.8911664053397323,0.8403599087105318,0.891015350818634,29970000
2011-03-30,0.9119446651823659,0.9174045399654231,0.8731188829207805,0.8938962817192078,29814000
2011-03-31,0.8870714243472291,0.898295017708138,0.860682230464161,0.8711469173431396,20958000
2011-04-01,0.890408375073081,0.890408375073081,0.8314121229772108,0.8406628966331482,33942000
2011-04-04,0.8452127215633021,0.8529474716697791,0.8036579249588313,0.8189754486083984,27054000
2011-04-05,0.8568915594778606,0.8928354910742442,0.8559815439590374,0.8723610639572144,44274000
2011-04-06,0.8985981629245108,0.9163425941451016,0.888133474716052,0.9151296019554138,30012000
2011-04-07,0.9152807663620434,0.9152807663620434,0.8735739333284503,0.9017831087112427,20022000
2011-04-08,0.9172526232002781,0.9251393505726763,0.8664460724984254,0.8796406984329224,20496000
2011-04-11,0.8860105609901621,0.8860105609901621,0.8488527207376299,0.8559814095497131,18594000
2011-04-12,0.8341422904397275,0.8341422904397275,0.7903116253533853,0.8035062551498413,31302000
2011-04-13,0.8197335588231278,0.8262553173987568,0.7950132289382756,0.8103308081626892,33960000
2011-04-14,0.7931933949721538,0.813212758543704,0.7762068919222818,0.8119988441467285,18072000
2011-04-15,0.8065390450008747,0.8345971684175306,0.7939514015915891,0.8280754089355469,17262000
2011-04-18,0.7983491144595747,0.8030509504645947,0.7640741141521233,0.7837895750999451,29268000
2011-04-19,0.7789367175691558,0.7947092497110921,0.7734768968579302,0.7931932806968689,22242000
2011-04-20,0.8643221630481719,0.8948062658309937,0.8584073889450976,0.8948062658309937,52812000
2011-04-21,0.9137646268823097,0.9137646268823097,0.880853671383771,0.8923802971839905,22464000
2011-04-25,0.8898014137489793,0.9083048056495697,0.8837355850277366,0.8949582576751709,13536000
2011-04-26,0.8966263165217175,0.9403049398612697,0.8958682777168007,0.9380300641059875,30864000
2011-04-27,0.9281722572152589,0.9410639061826932,0.9033000051551903,0.9378789067268372,26574000
2011-04-28,0.9283242200250887,0.9377270247231494,0.9004180776809199,0.9192245006561279,25950000
2011-04-29,0.914219793156888,0.936817117616333,0.9139158399749829,0.9327222108840942,12540000
2011-05-02,0.9418219354092283,0.9418219354092283,0.8978402243798235,0.9036030769348145,21006000
2011-05-03,0.8948062673179702,0.8987501190027006,0.8524925620200787,0.8702369928359985,33096000
2011-05-04,0.8922284211703275,0.8928354054768478,0.8400569511828208,0.8717540502548218,20118000
2011-05-05,0.8568914273152434,0.9031480654908471,0.851582606524388,0.8770618438720703,41994000
2011-05-06,0.9099728432770621,0.9262003839509365,0.8854035673964953,0.8963232636451721,40860000
2011-05-09,0.8963231131718085,0.8966261442242722,0.8706919038865957,0.8885883092880249,18708000
2011-05-10,0.9011760829279848,0.9084558256093163,0.8849485435451778,0.9001150131225586,19446000
2011-05-11,0.9037548279813258,0.9142195689848266,0.8623510885265999,0.8794885873794556,18096000
2011-05-12,0.8669010857228763,0.9239254964622056,0.864019225796597,0.9155846834182739,25260000
2011-05-13,0.9107310643283675,0.9177077778817923,0.8773659609369077,0.880095899105072,16488000
2011-05-16,0.8776687751657547,0.8993561358244526,0.8396018980238664,0.8427867889404297,23142000
2011-05-17,0.8335350552951896,0.8342930397731089,0.7887943909622425,0.8123026490211487,35832000
2011-05-18,0.8215533267678522,0.8659909548502778,0.820795342378207,0.8581042289733887,17988000
2011-05-19,0.847639745970067,0.848094699428803,0.8138187727015915,0.8367200493812561,20982000
2011-05-20,0.8385400012926739,0.8441517988874501,0.8160936787313,0.8289852738380432,10974000
2011-05-23,0.8009280344506702,0.8009280344506702,0.7769648219697749,0.7780267596244812,23688000
2011-05-24,0.7918283968838908,0.7928894125918268,0.758462430569048,0.7604343295097351,23982000
2011-05-25,0.7546706078064453,0.7883396075950815,0.7461778170285657,0.7804538011550903,19098000
2011-05-26,0.7778747666363995,0.8074488537423792,0.7695339540773083,0.8024440407752991,14706000
2011-05-27,0.8183686102736678,0.8382369718273447,0.8183686102736678,0.8309571743011475,19008000
2011-05-31,0.8568912789624539,0.8682659268379211,0.8435446783282028,0.8682659268379211,15954000
2011-06-01,0.8615923076297961,0.8615923076297961,0.7886433885119712,0.7895534038543701,17838000
2011-06-02,0.7907664492720511,0.8130607418890957,0.7772687914281867,0.7898564338684082,16122000
2011-06-03,0.7648320343313757,0.7825765171980518,0.7445095908873204,0.7478455901145935,38124000
2011-06-06,0.7440547458783567,0.7536094729855667,0.7281302368587442,0.7296462059020996,18660000
2011-06-07,0.7520924173348534,0.7630121116041155,0.7401107855505145,0.7404147386550903,14688000
2011-06-08,0.7305561582161696,0.7307080805390369,0.689001307897548,0.6959771513938904,36198000
2011-06-09,0.6984042372855322,0.7112958341278403,0.6865745782956393,0.698252260684967,25770000
2011-06-10,0.6900622681953281,0.6933991349089329,0.6501754239165651,0.6644319295883179,22752000
2011-06-13,0.6647349568537821,0.6755026734523663,0.6384977427787322,0.6450185775756836,18828000
2011-06-14,0.667616953517994,0.6933992174945041,0.667616953517994,0.6811145544052124,15768000
2011-06-15,0.666100201302054,0.6750479456333672,0.6397109997550285,0.6410759687423706,13464000
2011-06-16,0.6462325421728975,0.6463835966651666,0.6028569057266,0.6193883419036865,17418000
2011-06-17,0.6412279840234881,0.6412279840234881,0.586174642718967,0.5923925042152405,23820000
2011-06-20,0.5887522361202496,0.6020987799578386,0.5858703229315096,0.5942120552062988,18750000
2011-06-21,0.6051319347475028,0.6419858198925317,0.5952741766227412,0.6389528512954712,30174000
2011-06-22,0.6298531041980443,0.6477486432425598,0.6239382760200292,0.6295492053031921,20856000
2011-06-23,0.6066487876518025,0.6592752560475659,0.5948191315195954,0.6579102873802185,41520000
2011-06-24,0.6516924191391276,0.6516924191391276,0.6064968026157669,0.6108947396278381,21660000
2011-06-27,0.6108946623030228,0.6303080113293262,0.5929991261122354,0.6213593482971191,15390000
2011-06-28,0.6287910415288522,0.6456255616656207,0.624696190502315,0.6450185775756836,24696000
2011-06-29,0.6507825453128718,0.6585173506099152,0.6328861366415126,0.6477487087249756,16728000
2011-06-30,0.6521475075673745,0.7006790752960841,0.6521475075673745,0.6946123242378235,30492000
2011-07-01,0.6999210598171903,0.7431447811855582,0.6891524185166821,0.7399598360061646,25212000
2011-07-05,0.7360159706596731,0.7440546737051686,0.7090207138694249,0.7197884321212769,15444000
2011-07-06,0.7123568208856986,0.712660774074439,0.6856645890937626,0.7031060457229614,10506000
2011-07-07,0.7228214033840745,0.7567943503954757,0.7173615826656571,0.7446607947349548,18822000
2011-07-08,0.7159963982344021,0.7188783114166034,0.6880911866352232,0.711295485496521,16896000
2011-07-11,0.6973420427999321,0.7161484622161189,0.6688298979091619,0.674744725227356,22608000
2011-07-12,0.6544224244530448,0.6574553931320675,0.6074068810044874,0.6171135306358337,46284000
2011-07-13,0.631976153609144,0.6400139354969884,0.6037669795376532,0.6105917692184448,27108000
2011-07-14,0.6130185269608003,0.6350089139723444,0.5793495401610306,0.58314049243927,41184000
2011-07-15,0.5949704117253931,0.595425419533314,0.5710081135381737,0.5923925042152405,24444000
2011-07-18,0.5849606530662418,0.5919374204799154,0.5543254895043794,0.5669131875038147,25644000
2011-07-19,0.584809484329675,0.6269712676137289,0.584809484329675,0.6230283379554749,31746000
2011-07-20,0.6383458591116793,0.6444126635324897,0.6036149306191435,0.6149895787239075,21420000
2011-07-21,0.61043969519853,0.6354639742721381,0.586325431327983,0.6318240761756897,32058000
2011-07-22,0.6350091996618922,0.6809628147333762,0.6350091996618922,0.6745930314064026,40338000
2011-07-25,0.6545734169462675,0.6630671277987263,0.6350090107777069,0.6488105654716492,17520000
2011-07-26,0.6606402259823424,0.6877874601017114,0.6606402259823424,0.6650381088256836,30282000
2011-07-27,0.6433509756665726,0.6433509756665726,0.5881456049208981,0.5922405123710632,54816000
2011-07-28,0.591482188902341,0.6187813960570774,0.5705528166378615,0.5878423452377319,23532000
2011-07-29,0.5569032779568551,0.5896623070692817,0.5484104896253177,0.5737378001213074,33750000
2011-08-01,0.5977001732387259,0.6063449393609117,0.5493205833716818,0.5723729133605957,41922000
2011-08-02,0.5594812906274276,0.570552908424062,0.5194425157282356,0.5215663909912109,44364000
2011-08-03,0.5247512211765204,0.5423437273674054,0.4903233253831648,0.5380968451499939,48840000
2011-08-04,0.5205044948009981,0.5217174870417377,0.44543169775017205,0.4498296082019806,70020000
2011-08-05,0.463328054742317,0.47834259987638483,0.3809755060577993,0.4170704782009125,60150000
2011-08-08,0.37142084634225825,0.40099495921211314,0.34715460439737267,0.35185644030570984,42156000
2011-08-09,0.37233078704851874,0.4003879802931161,0.3366898986826884,0.3991749882698059,49818000
2011-08-10,0.38628345325960967,0.4132796350787611,0.35761932580064837,0.37521183490753174,35904000
2011-08-11,0.3911363268140101,0.44694861019697435,0.3885583659415708,0.43102407455444336,29616000
2011-08-12,0.4417917601326899,0.45483438077757865,0.4176774682240315,0.4267772138118744,27114000
2011-08-15,0.43451195880111965,0.4528633992105484,0.4301140761744097,0.4519534111022949,22326000
2011-08-16,0.43617999489178244,0.4493745930494538,0.4094877403747087,0.4264742136001587,25092000
2011-08-17,0.42253040097745204,0.44588668367302736,0.40584788042105646,0.4172225296497345,17232000
2011-08-18,0.3824915960926473,0.3824915960926473,0.3366899411631969,0.34503164887428284,38010000
2011-08-19,0.33699290433361717,0.36732594933809826,0.3230402959170577,0.32486024498939514,28344000
2011-08-22,0.3521594963839187,0.35291750807485606,0.32728721574060154,0.33396005630493164,21594000
2011-08-23,0.3457897328898447,0.3861315755051282,0.3366900116409462,0.3850705325603485,51924000
2011-08-24,0.38507047869945354,0.3952312414719171,0.36156224501720013,0.3844635486602783,51954000
2011-08-25,0.3783967699649496,0.39235030408148946,0.35185651478524266,0.3539794683456421,33522000
2011-08-26,0.35519239326433394,0.38840640518436054,0.3382068425348022,0.38203659653663635,38676000
2011-08-29,0.4011459586338636,0.42541219724658463,0.39811301779848784,0.42465418577194214,29448000
2011-08-30,0.41464448031313733,0.4322369853287845,0.4061507978036174,0.42465418577194214,25152000
2011-08-31,0.437393953182311,0.44452177477019833,0.40660594680448525,0.41555461287498474,29664000
2011-09-01,0.416160612782495,0.4320851496177506,0.3943212743243258,0.39477625489234924,26106000
2011-09-02,0.37688069011601955,0.37915564704972504,0.36065225539142826,0.3676290214061737,22992000
2011-09-06,0.3335050325515454,0.36110724957329804,0.33183705978468203,0.36034923791885376,29136000
2011-09-07,0.3814306007448905,0.4079708536165785,0.3814306007448905,0.4067578613758087,43224000
2011-09-08,0.3967481915520117,0.43132717904501783,0.39401828076443196,0.40069112181663513,32784000
2011-09-09,0.3868904515177057,0.41964948880380487,0.3797617350567215,0.38764846324920654,39306000
2011-09-12,0.3774866984096805,0.422985315322876,0.3774866984096805,0.422985315322876,34446000
2011-09-13,0.43056913336751007,0.45195349161018095,0.4202554990613055,0.448616623878479,43494000
2011-09-14,0.45559335929329614,0.4982101530555751,0.4496785576253307,0.48228558897972107,86268000
2011-09-15,0.49745201360076474,0.5086747388699056,0.48501542850810603,0.5041248798370361,61032000
2011-09-16,0.5035179265605058,0.521717418046506,0.4991200438096055,0.5057928562164307,62544000
2011-09-19,0.48258856910209724,0.4991200614659467,0.46393412356817304,0.48880735039711,54882000
2011-09-20,0.4966932276018459,0.5009400566176159,0.46969796572205247,0.47273093461990356,72882000
2011-09-21,0.4821336419675926,0.49259833017293564,0.44285374503648234,0.44315674901008606,117186000
2011-09-22,0.4094877478209902,0.4117626776440499,0.37612178498448207,0.39872005581855774,61854000
2011-09-23,0.3894683998819804,0.4269292456642921,0.383705547475619,0.42055943608283997,52566000
2011-09-26,0.43572487531284715,0.43572487531284715,0.39098517060413757,0.41980037093162537,98616000
2011-09-27,0.44239869342461696,0.46984890185774975,0.43511889734541886,0.44270169734954834,75846000
2011-09-28,0.45043656478232197,0.45043656478232197,0.40357296976482554,0.4044829308986664,57690000
2011-09-29,0.42010440365424484,0.424047306105162,0.36550603480233357,0.38795143365859985,82098000
2011-09-30,0.36884199295893677,0.38082359847193803,0.3488225791677761,0.3489745557308197,47844000
2011-10-03,0.34199775549039385,0.3529174223079204,0.309390704466177,0.3101487159729004,52956000
2011-10-04,0.3002910138178435,0.34988451301267615,0.29665111550945006,0.3492775559425354,89970000
2011-10-05,0.35018759214604855,0.3849185260464704,0.3357799734963011,0.3821885883808136,78738000
2011-10-06,0.3797616461318308,0.3959901064385161,0.36626401797618285,0.39538314938545227,78432000
2011-10-07,0.40569580526563914,0.4154024794088309,0.388255277310947,0.4016009271144867,53652000
2011-10-10,0.4188904915673272,0.44057880097642893,0.4188904915673272,0.4336020350456238,30468000
2011-10-11,0.42662527140820233,0.43769691643904335,0.421924357295435,0.43072015047073364,30294000
2011-10-12,0.4470997605677591,0.4565034348797005,0.4420948922634125,0.4420948922634125,41778000
2011-10-13,0.43466386096657084,0.4734887390002151,0.43329889259745014,0.4698488414287567,45486000
2011-10-14,0.4882004252537649,0.4889584640645946,0.4613562728118997,0.4865324795246124,47322000
2011-10-17,0.4750057992686626,0.47682572137711643,0.44118482978587814,0.44649359583854675,36648000
2011-10-18,0.4472514720833713,0.4792524826532594,0.43117499209729226,0.47530868649482727,52332000
2011-10-19,0.4742478234061997,0.4742478234061997,0.4408818571470831,0.4442187249660492,44826000
2011-10-20,0.43193402258239555,0.4378488232123681,0.397051118197226,0.42283427715301514,53466000
2011-10-21,0.439819907882576,0.46590612982213003,0.43951690389078196,0.448616623878479,28434000
2011-10-24,0.4587782726811521,0.4971481806858847,0.4563513662911425,0.49517714977264404,81846000
2011-10-25,0.4844087009891292,0.495328345534958,0.46560319490625524,0.46848413348197937,63798000
2011-10-26,0.48076862704684037,0.49047527555986414,0.4455836126662086,0.47500577569007874,38490000
2011-10-27,0.5129216853988713,0.544618783641556,0.5057929420987559,0.5355190634727478,55464000
2011-10-28,0.5274810540050477,0.5397657155990601,0.5236892339839548,0.5397657155990601,25170000
2011-10-31,0.5233861276902221,0.5233861276902221,0.4982099325085674,0.49866488575935364,29562000
2011-11-01,0.4578682938182498,0.46878799035828184,0.4414888032468112,0.45089155435562134,40368000
2011-11-02,0.467119157197287,0.4701529940459415,0.4464936769085878,0.4577164053916931,15834000
2011-11-03,0.4701530417544488,0.5013951371901585,0.44361186167034355,0.49881717562675476,44694000
2011-11-04,0.4872903137176581,0.5215662841378643,0.4856223685032382,0.5162574648857117,40914000
2011-11-07,0.5088267860140926,0.5182295364314262,0.48531852688631755,0.5139826536178589,44898000
2011-11-08,0.5252060478437269,0.5300589367451058,0.49760294724701337,0.522172212600708,42258000
2011-11-09,0.48820043503375127,0.48820043503375127,0.45013355411722367,0.4513465464115143,41424000
2011-11-10,0.4736407733957381,0.47455073434012535,0.4428536710463079,0.4633280634880066,21204000
2011-11-11,0.4762187451406804,0.5162575157846325,0.4762187451406804,0.510646641254425,34920000
2011-11-14,0.5032148227895212,0.5182294214356129,0.4833473887056508,0.4930531680583954,29382000
2011-11-15,0.48986825074722573,0.5217173138051987,0.48698725953558286,0.5130725502967834,45540000
2011-11-16,0.5004850648486379,0.5285422623494564,0.49411522860200413,0.5047318935394287,36810000
2011-11-17,0.5004850963513349,0.5035180109693925,0.42965915272094773,0.4474036395549774,73242000
2011-11-18,0.4566544345944565,0.4566544345944565,0.42723226689298366,0.4340570569038391,32286000
2011-11-21,0.41570561749909696,0.4178294928584577,0.39128831883973975,0.4091847538948059,39312000
2011-11-22,0.40463487901067074,0.41707054356362117,0.3868903940754831,0.39447319507598877,28380000
2011-11-23,0.3818855919344495,0.38249162704351874,0.35701238912285027,0.3573163151741028,31662000
2011-11-25,0.35367635824046456,0.36732596323992905,0.3424527645111084,0.3424527645111084,22728000
2011-11-28,0.38203665533284614,0.38476656599649484,0.3664160437613751,0.37748679518699646,23802000
2011-11-29,0.38097557410828353,0.38825537130349314,0.36611208080948576,0.36899396777153015,23424000
2011-11-30,0.399023090005996,0.4334500981663588,0.399023090005996,0.43208515644073486,51342000
2011-12-01,0.4329950866393342,0.4434597747175935,0.417525558352939,0.4395168721675873,24264000
2011-12-02,0.45286351147548354,0.4605982631569349,0.43542205485056845,0.4366350471973419,28338000
2011-12-05,0.45771633061120137,0.4633281278448217,0.4414887638337306,0.4501335024833679,29232000
2011-12-06,0.44816165125505014,0.45468341025044495,0.4360289893685265,0.4474036395549774,16620000
2011-12-07,0.4414886879316248,0.46696794608397507,0.43072007585114835,0.46317607164382935,20436000
2011-12-08,0.44982959224780805,0.46681606617811927,0.42040745331498247,0.4237443208694458,26226000
2011-12-09,0.4147956074466006,0.4443697214351148,0.40160100941955323,0.43906185030937195,35904000
2011-12-12,0.41206567473124917,0.41206567473124917,0.388710316251892,0.4038759171962738,28650000
2011-12-13,0.4100948159438794,0.4173746150437074,0.3692970954816459,0.3749088943004608,41736000
2011-12-14,0.37308883269380455,0.38112661409891324,0.3507945156516501,0.35686129331588745,31500000
2011-12-15,0.37657679325065263,0.3794586803987572,0.35079455167009055,0.35595136880874634,20004000
2011-12-16,0.3676290395231167,0.37870065805396036,0.3594392809399496,0.3642921447753906,18036000
2011-12-19,0.3680840676618471,0.36899402890234906,0.33214013763379296,0.33365705609321594,36264000
2011-12-20,0.3535244589060297,0.38097559511746215,0.3535244589060297,0.37763872742652893,36492000
2011-12-21,0.3771837124524441,0.3791556382536164,0.35109752033031105,0.36656707525253296,24912000
2011-12-22,0.37217888644721325,0.4058478807331555,0.37096589426474763,0.4026629626750946,28410000
2011-12-23,0.4038759778017556,0.4093358260174755,0.39447322678645236,0.40842583775520325,15252000
2011-12-27,0.4026629495557106,0.4164645047646913,0.40190493794357857,0.40736478567123413,19536000
2011-12-28,0.40311788469041865,0.4075157942923948,0.3867383975905907,0.38749638199806213,23736000
2011-12-29,0.3950801572539411,0.40023605195663636,0.38598043796170217,0.39872005581855774,13962000
2011-12-30,0.3988711550101927,0.4034210151659221,0.39310830254915935,0.3937152326107025,15528000
2012-01-03,0.41858755694747957,0.42768727760308567,0.4049379488447638,0.40812286734580994,20838000
2012-01-04,0.4059998284331431,0.4107007426252452,0.39250130392401045,0.4078197777271271,19632000
2012-01-05,0.4063028983186314,0.4269292454001056,0.40402796826375664,0.4254123270511627,25092000
2012-01-06,0.42526031150309085,0.4307201594061664,0.41540258048078166,0.42920413613319397,19224000
2012-01-09,0.4364839222993165,0.4565033369850317,0.433753984857163,0.4530144929885864,27516000
2012-01-10,0.4698489674846596,0.4756127413302114,0.46165920931129356,0.46696802973747253,20658000
2012-01-11,0.4581713387926613,0.4768257870471835,0.4572613776131114,0.47273093461990356,16698000
2012-01-12,0.4812235560179695,0.49017227386655327,0.46711902549664186,0.48865532875061035,20850000
2012-01-13,0.47530885623716856,0.47561275515023677,0.4539244719857276,0.45680633187294006,24198000
2012-01-17,0.4750057421786428,0.4775837027025277,0.46059812665578026,0.4627210795879364,17028000
2012-01-18,0.47910064329083196,0.5349120028659461,0.47910064329083196,0.5308171510696411,50442000
2012-01-19,0.5462865266016343,0.5656999283139219,0.543405589633239,0.5634249448776245,41148000
2012-01-20,0.5611501733900915,0.5744958535050253,0.554931446058488,0.5716148614883423,17694000
2012-01-23,0.5751027594353949,0.5793495874414878,0.5531114485730546,0.5672159790992737,22410000
2012-01-24,0.5579652738405629,0.5779846886404851,0.5549314374800373,0.5711598992347717,11994000
2012-01-25,0.5767708931442675,0.5838996371587117,0.5534155281476859,0.5785908699035645,29904000
2012-01-26,0.586174405017916,0.5954251780809586,0.5526564683086946,0.5606951713562012,22794000
2012-01-27,0.5537184308292923,0.5728278298174148,0.5506854623658263,0.5684299468994141,9660000
2012-01-30,0.5553864766649717,0.5553864766649717,0.5308172008664506,0.5485616326332092,15960000
2012-01-31,0.5631211672071572,0.5655480734573345,0.5397658081960648,0.5508365035057068,17148000
2012-02-01,0.5693401008432142,0.600582252087814,0.5666102167706464,0.5870845913887024,39444000
2012-02-02,0.5960321585550145,0.610591752875217,0.5881454313987761,0.5984590649604797,22602000
2012-02-03,0.6189333807026883,0.6325829573394157,0.6116535848009953,0.6237862706184387,26310000
2012-02-06,0.6178715194206785,0.6184784493867431,0.5942122069419369,0.6039189100265503,16218000
2012-02-07,0.5945154065068669,0.6104399190599145,0.5854156850479826,0.604525089263916,18906000
2012-02-08,0.6083168655867519,0.6404689165824976,0.6083168655867519,0.627426266670227,28428000
2012-02-09,0.6377388824745859,0.6377388824745859,0.6177194707329317,0.6328859925270081,20448000
2012-02-10,0.6128667271376144,0.616506625981539,0.5870844583575593,0.5937572717666626,28206000
2012-02-13,0.6119568645054386,0.6142317948693071,0.5772259246709459,0.5999752283096313,18954000
2012-02-14,0.5939092777291837,0.6086199283599854,0.591482371027729,0.6086199283599854,20418000
2012-02-15,0.6215116229228945,0.6392560588991169,0.6142318237211198,0.6168097853660583,32016000
2012-02-16,0.6127146165354276,0.6657969557327214,0.6127146165354276,0.6624600887298584,32184000
2012-02-17,0.6786877591112109,0.6788397356914917,0.6410758877518793,0.6469907164573669,18594000
2012-02-21,0.6518435798799365,0.6521475330529325,0.6127147615246991,0.6210564970970154,19566000
2012-02-22,0.6131697088212702,0.6289431630057453,0.6051319272137936,0.6116536855697632,12120000
2012-02-23,0.6127147389007735,0.6183265365244032,0.5884494160122891,0.6152936220169067,14346000
2012-02-24,0.6187815431513944,0.6287912240857224,0.6072549168184391,0.6107437610626221,8700000
2012-02-27,0.5987620028969777,0.624544265796861,0.5867804256013512,0.6113496422767639,16248000
2012-02-28,0.6154447155571613,0.6503276279320346,0.6154447155571613,0.6422889232635498,25620000
2012-02-29,0.6445639851932164,0.6456259231926418,0.6087720263625951,0.6125638484954834,17994000
2012-03-01,0.6234834241461863,0.6306112456113807,0.6054349835395776,0.61316978931427,11220000
2012-03-02,0.6084686297716417,0.622724266967108,0.5914821337874643,0.5943640470504761,15672000
2012-03-05,0.5882974093969167,0.588600440486875,0.5441637271446056,0.5499265789985657,37602000
2012-03-06,0.5252062376444598,0.5373389253104283,0.5154995885165242,0.5332440733909607,25242000
2012-03-07,0.5424955684602413,0.5650928813934802,0.5382486873032557,0.5588750243186951,33216000
2012-03-08,0.5763159260883425,0.5875395226298404,0.5660031586036338,0.5826857089996338,18336000
2012-03-09,0.5820795617907714,0.6030089384260888,0.5816246083569816,0.6014920473098755,25692000
2012-03-12,0.6020990811253237,0.6020990811253237,0.5782878404900124,0.5851126313209534,16902000
2012-03-13,0.5957291800393059,0.6230283379554749,0.5957291800393059,0.6230283379554749,29352000
2012-03-14,0.6293980728801458,0.6472935554707935,0.6134735124158817,0.6174164414405823,32916000
2012-03-15,0.6281844158891345,0.6554835805891627,0.6245445164147404,0.6522986888885498,32976000
2012-03-16,0.6529054772717439,0.6603372512170095,0.6454737575650854,0.6536635160446167,17574000
2012-03-19,0.6506305672075744,0.6774747733622011,0.6475976526831296,0.6694369912147522,17856000
2012-03-20,0.6541184790330181,0.6618532293091565,0.6392558542141589,0.6563934087753296,16914000
2012-03-21,0.6617022818265489,0.671408064520035,0.6506306081627697,0.6627632975578308,10542000
2012-03-22,0.649113655671773,0.657000383046404,0.6354640762975646,0.6513885855674744,12330000
2012-03-23,0.6548773855717593,0.6566973076701671,0.6313691273713001,0.6563934087753296,17070000
2012-03-26,0.6732280766452581,0.6841477751731873,0.6604884554819836,0.6841477751731873,19938000
2012-03-27,0.6794467055487605,0.6984041292592451,0.6794467055487605,0.6824796199798584,11262000
2012-03-28,0.6817215762084852,0.6868774435115675,0.6439576781124855,0.6579102873802185,20256000
2012-03-29,0.6457778151776792,0.6632183505900024,0.633189249387205,0.6600334048271179,13368000
2012-03-30,0.6811147469023919,0.6811147469023919,0.6521475841835876,0.66761714220047,17772000
2012-04-02,0.6627632993919763,0.6736829964946727,0.6386490293086272,0.6670101284980774,16848000
2012-04-03,0.6642800927795632,0.6642800927795632,0.6281841960689406,0.6362228989601135,24684000
2012-04-04,0.6118047657078453,0.6136246879400188,0.577074754866123,0.5928472876548767,43110000
2012-04-05,0.5905723378042413,0.6036149868043399,0.5864774858008128,0.5984590649604797,13242000
2012-04-09,0.5711598836317242,0.5782877039278398,0.5619081881061442,0.5735858678817749,20418000
2012-04-10,0.5705528744388721,0.5846574599032099,0.5382488518533763,0.5435567498207092,19278000
2012-04-11,0.5611503992263887,0.5808659233628455,0.560391492350612,0.5688852071762085,15714000
2012-04-12,0.5728278870691279,0.6074068985431046,0.5711599413706991,0.600127100944519,29892000
2012-04-13,0.5926953204921225,0.5996720869094032,0.5676710910898781,0.5679750442504883,13854000
2012-04-16,0.582837822903707,0.5857196838978923,0.5537186767269577,0.5688852071762085,26910000
2012-04-17,0.5805624599074398,0.6028567972276144,0.5805624599074398,0.5952739715576172,25710000
2012-04-18,0.5758608589537475,0.5879944154827121,0.5628182090974307,0.5804107189178467,18018000
2012-04-19,0.5734349179264535,0.6020990487214791,0.5505336397867149,0.5614532828330994,19344000
2012-04-20,0.5619080294516123,0.5620600059752516,0.520656220467964,0.5224761962890625,40272000
2012-04-23,0.5036697993633884,0.5044277836609408,0.48744226404917784,0.5033667683601379,27534000
2012-04-24,0.509887733051595,0.5103426864136644,0.4856224147306603,0.49123328924179077,19170000
2012-04-25,0.5153477114482121,0.5274812692745517,0.5073099283884118,0.5239924788475037,29502000
2012-04-26,0.5280872729529772,0.5625151757097361,0.5280872729529772,0.5593302845954895,28902000
2012-04-27,0.5584202186691228,0.5650930307533837,0.5427986886598696,0.5597851872444153,29844000
2012-04-30,0.5584203303343149,0.559785299182555,0.5505336025951072,0.5506855249404907,15000000
2012-05-01,0.5505336969354354,0.5708560938416938,0.5458318595440007,0.5572065114974976,19788000
2012-05-02,0.5459837432336497,0.5687330432689645,0.5421918677961062,0.5649411678314209,15480000
2012-05-03,0.56736794574698,0.5685809377375578,0.5223243093492396,0.5244472622871399,26280000
2012-05-04,0.5164095554958876,0.5247512902385796,0.4891103977505956,0.4906272888183594,31662000
2012-05-07,0.48334736339953716,0.4982099847284905,0.48334736339953716,0.48759332299232483,21600000
2012-05-08,0.47834263035698327,0.48243748190965996,0.44876851866795314,0.47910061478614807,33234000
2012-05-09,0.4571093153797319,0.48092060360685585,0.44436969853711983,0.47500577569007874,33318000
2012-05-10,0.4845605381667631,0.4845605381667631,0.45756435726709643,0.46893900632858276,21144000
2012-05-11,0.46636101241033756,0.4959351521148893,0.46469306694543205,0.4789486527442932,23736000
2012-05-14,0.4645411063547232,0.47348884870659963,0.45801929400328545,0.46484413743019104,18600000
2012-05-15,0.4630241747041731,0.4760677455515822,0.4472516155813956,0.4501335024833679,18522000
2012-05-16,0.4542283427401401,0.45908120588318757,0.4276871719526694,0.4293551445007324,32856000
2012-05-17,0.43193402439184614,0.4336019969289981,0.3982650339603424,0.3982650339603424,27282000
2012-05-18,0.4061508692288979,0.4075158379330988,0.37384684493009435,0.3762737512588501,48906000
2012-05-21,0.37794175498581845,0.4064548286513742,0.37612180560373926,0.40478596091270447,43740000
2012-05-22,0.4055448868367928,0.4055448868367928,0.38855841156214876,0.39690014719963074,29538000
2012-05-23,0.3827954307363116,0.4026628645206447,0.37308875659311985,0.4016009271144867,27300000
2012-05-24,0.40220804394256876,0.4040279935241153,0.3776387652706513,0.38582852482795715,28086000
2012-05-25,0.3853734585639758,0.40402790372978353,0.3850704274935599,0.3997810482978821,21594000
2012-05-29,0.4119146790134983,0.42890023151407947,0.4107007647146879,0.42328932881355286,18396000
2012-05-30,0.41161079323862154,0.4119147193115784,0.3961412625732849,0.40038809180259705,22146000
2012-05-31,0.39796114865130444,0.40054003179043507,0.3752118489048311,0.38704147934913635,21192000
2012-06-01,0.3676290471360005,0.36869098485990065,0.3412398214749586,0.34169480204582214,45294000
2012-06-04,0.3429077474155421,0.3535244112726607,0.327893200794601,0.33699291944503784,27960000
2012-06-05,0.33820695583829447,0.363079241675594,0.33820695583829447,0.3597423732280731,36054000
2012-06-06,0.370206902097178,0.3978100090545616,0.3691458866560471,0.3961411416530609,41736000
2012-06-07,0.4099427988129511,0.41479566294066617,0.3783967548049585,0.3800656497478485,32898000
2012-06-08,0.37293694596105925,0.39811315408922054,0.3715719770296146,0.3967481851577759,22326000
2012-06-11,0.41297569873989837,0.41479562091086764,0.37278581407603284,0.3741507828235626,29760000
2012-06-12,0.37961065090985985,0.3999330710357462,0.3783967366141706,0.39963003993034363,36006000
2012-06-13,0.3940181478351692,0.40342089650276197,0.3815815633314109,0.38598036766052246,21486000
2012-06-14,0.38734540488845226,0.39083335422811744,0.3706619613521572,0.384766548871994,21318000
2012-06-15,0.3858283826334238,0.4035728641744092,0.3850703711594602,0.40205591917037964,16392000
2012-06-18,0.39462516024475974,0.4264742035577799,0.39462516024475974,0.4208624064922333,31980000
2012-06-19,0.43102408668765363,0.44042683719187586,0.42298538288669274,0.43375399708747864,23340000
2012-06-20,0.43708995339030937,0.45331841490556524,0.43451199254132583,0.44846460223197937,39066000
2012-06-21,0.44376364224778714,0.4443696772270516,0.3912882593202316,0.3923501968383789,48192000
2012-06-22,0.3988710939874394,0.41312762945438825,0.39735507079218935,0.4085777699947357,21888000
2012-06-25,0.39826512751573134,0.398568131524111,0.3673260398970102,0.3691459894180298,41736000
2012-06-26,0.3741507473855677,0.3794586181808647,0.3606522241824903,0.3724818527698517,24744000
2012-06-27,0.37839675193199956,0.3912883476257628,0.37460579847962855,0.3878004252910614,23748000
2012-06-28,0.3752118635637455,0.3841605292860549,0.36474717442380766,0.3800656497478485,30120000
2012-06-29,0.4085778003061771,0.4284452393798428,0.40615089383041786,0.42768722772598267,48804000
2012-07-02,0.43602902009220157,0.4389099854461378,0.4184355865485445,0.4260193109512329,17688000
2012-07-03,0.4307201049976666,0.4454316198825836,0.4267772029219303,0.4454316198825836,18162000
2012-07-05,0.4357249293996726,0.43951680396409865,0.4204073800629899,0.4332989454269409,17106000
2012-07-06,0.42146928295489544,0.42298527873970665,0.39053020660388765,0.4016009271144867,30462000
2012-07-09,0.39705121490469325,0.4029660440946063,0.38158168458587216,0.38764846324920654,25698000
2012-07-10,0.378851692944582,0.39219826782962347,0.35337245739252965,0.3605011999607086,48462000
2012-07-11,0.36368606755161725,0.36671900878986996,0.34427271610796994,0.3492775559425354,34476000
2012-07-12,0.3418468001081306,0.3423017807075831,0.3241023126557286,0.3335050642490387,49020000
2012-07-13,0.3359318609531122,0.34533460946739913,0.3339599626092973,0.34199774265289307,30048000
2012-07-16,0.3372968210474334,0.3372968210474334,0.3231922375982201,0.330623060464859,27762000
2012-07-17,0.33668998476102374,0.3374479964921887,0.3096938272033785,0.3260733187198639,49782000
2012-07-18,0.3219783601059413,0.36596098270895566,0.32091734462535754,0.3591361939907074,82602000
2012-07-19,0.37460574521904016,0.3902263543864677,0.37460574521904016,0.38203659653663635,54054000
2012-07-20,0.3806716570318258,0.38279553240825115,0.36247221785446077,0.3629271984100342,30600000
2012-07-23,0.33972288345002044,0.35807429875536995,0.3269832654898974,0.3521594703197479,36108000
2012-07-24,0.3548893410992425,0.3576192782998181,0.33820682243571143,0.34882256388664246,30174000
2012-07-25,0.35625440406335984,0.3814306398714119,0.35610245458602585,0.3673260509967804,43992000
2012-07-26,0.39022648018197353,0.40114615179543883,0.3821886691871464,0.3931083679199219,42372000
2012-07-27,0.3988711392967555,0.4238953962867479,0.39295631047959834,0.4204074740409851,44328000
2012-07-30,0.4208624482161137,0.4302651991360772,0.40220800090068265,0.40933582186698914,21042000
2012-07-31,0.42253042005808233,0.433602065815077,0.41707057191017927,0.4190424978733063,64002000
2012-08-01,0.4260192233540249,0.4308721138891861,0.409487731037987,0.41828444600105286,20508000
2012-08-02,0.40584785357037245,0.4337539669918621,0.40099496310900623,0.414340615272522,21774000
2012-08-03,0.4337540188931575,0.44740362581708143,0.4246542990234112,0.43981990218162537,25608000
2012-08-06,0.44816154534445707,0.4545313533674026,0.4442186162523973,0.4475545883178711,15390000
2012-08-07,0.45619945528607975,0.4853185936875502,0.45619945528607975,0.47455087304115295,31686000
2012-08-08,0.4701528943414589,0.48183057383851735,0.4677259880930456,0.48092061281204224,15552000
2012-08-09,0.47834265618106053,0.4924472420481376,0.47773567198036426,0.4897173047065735,14832000
2012-08-10,0.4883524176111293,0.49775516907442036,0.48501554975007455,0.4960872232913971,13224000
2012-08-13,0.49608720726892913,0.49608720726892913,0.46848403972125746,0.4865324795246124,17268000
2012-08-14,0.4951771198102548,0.4962381895797255,0.46711905712532176,0.47318580746650696,21054000
2012-08-15,0.46211432806041,0.48789752299891775,0.46211432806041,0.4812237322330475,13752000
2012-08-16,0.48107259904896754,0.5065518366069119,0.4798587389739789,0.5062479376792908,14346000
2012-08-17,0.5032149904309653,0.5032149904309653,0.4888074253235962,0.4960872232913971,16194000
2012-08-20,0.4924471926482343,0.4930532004932936,0.4730338427920762,0.48304352164268494,60024000
2012-08-21,0.4885034705720617,0.5033669654004549,0.4789487425499022,0.48410558700561523,14460000
2012-08-22,0.47667377246212816,0.4807686788016065,0.4645411384972825,0.47394388914108276,16560000
2012-08-23,0.46984893590774923,0.4715178576737581,0.4558963268828239,0.4643891155719757,12726000
2012-08-24,0.4595362369483345,0.47530882264796154,0.45498637751229976,0.47197282314300537,11352000
2012-08-27,0.47682571102466964,0.4772807186612062,0.4602942731241318,0.4677259922027588,7974000
2012-08-28,0.4619631779040555,0.4722758896635782,0.45953627143878933,0.4665130376815796,10518000
2012-08-29,0.4648440743116887,0.4730338310733324,0.4565032630609482,0.4674229025840759,8772000
2012-08-30,0.45953630530514794,0.45953630530514794,0.44163986885352896,0.4442187249660492,13566000
2012-08-31,0.4536215288540875,0.46727111077363237,0.44209490064915896,0.46165931224823,18720000
2012-09-04,0.4604462096602301,0.4615081472917343,0.43451199394581314,0.4510434865951538,33096000
2012-09-05,0.4486165815365032,0.457413296702142,0.43587696390841435,0.4410337805747986,15120000
2012-09-06,0.45225654488062095,0.49017239923809397,0.45225654488062095,0.4880485236644745,33888000
2012-09-07,0.4812235823955202,0.48440852729811895,0.4687879186222001,0.4789486527442932,13488000
2012-09-10,0.4713659317992017,0.4730339316883487,0.451043512117708,0.4539244771003723,19014000
2012-09-11,0.4586263972533675,0.46772611853306406,0.45089161789404025,0.46165931224823,15582000
2012-09-12,0.4656031047693932,0.4751578325762436,0.4575644003555144,0.46454116702079773,18390000
2012-09-13,0.4619631145440386,0.48198252736256936,0.45225643918990244,0.4774326682090759,30066000
2012-09-14,0.48562247497676936,0.5114046873733198,0.48440856075887595,0.4957832098007202,22680000
2012-09-17,0.5026079639748715,0.5026079639748715,0.4757637615757034,0.4821335971355438,13680000
2012-09-18,0.47849376631467216,0.4807686962842388,0.47045598415841283,0.47546079754829407,8472000
2012-09-19,0.4760678101696114,0.4763708412951117,0.46408617533700736,0.4663611054420471,11808000
2012-09-20,0.46044623373603477,0.4627211636306736,0.4458866932580677,0.45422840118408203,18546000
2012-09-21,0.4616591771018054,0.4698489347037804,0.45437940763299456,0.4546833336353302,10662000
2012-09-24,0.44285384928076493,0.4452798342304757,0.42920423978633665,0.43420910835266113,20208000
2012-09-25,0.4395169036823459,0.4440667636740367,0.40099501609802246,0.40099501609802246,29880000
2012-09-26,0.3928052109016963,0.39674811326903275,0.377486737841453,0.3940182030200958,29124000
2012-09-27,0.4029660186994562,0.4235923651768053,0.39599017420793065,0.4204074740409851,22788000
2012-09-28,0.4154025581058015,0.4185874759908709,0.407515831326701,0.4088808000087738,18846000
2012-10-01,0.41585763481091925,0.4232893827879936,0.40251108445519135,0.40539294481277466,17454000
2012-10-02,0.41509954512980035,0.4155545256408369,0.4026629320538188,0.41267263889312744,12186000
2012-10-03,0.41737453362541505,0.41737453362541505,0.40311796937679045,0.4058479070663452,11076000
2012-10-04,0.40963969739140527,0.4163125369679272,0.4006910332048484,0.41525059938430786,13104000
2012-10-05,0.4214694379135004,0.43345012369840885,0.41039779127619386,0.4135826826095581,21108000
2012-10-08,0.40645478286531717,0.40751582552059046,0.3952311889148658,0.3997810482978821,13800000
2012-10-09,0.39659618425836707,0.39659618425836707,0.37733570277528605,0.3809755742549896,26988000
2012-10-10,0.37809369663728865,0.3808236342136716,0.3645960938098953,0.3652021288871765,33456000
2012-10-11,0.37824570448349953,0.37915569279062217,0.3670221085727328,0.36747708916664124,24282000
2012-10-12,0.3661121461602546,0.3715719950312411,0.360956250490508,0.3612592816352844,20214000
2012-10-15,0.36641605897475227,0.37915570587910186,0.36641605897475227,0.3770318031311035,23754000
2012-10-16,0.37991363260446365,0.40266295793056445,0.37991363260446365,0.40129801630973816,25398000
2012-10-17,0.3909852924023932,0.40599984062968125,0.3888614170177295,0.3985680937767029,19134000
2012-10-18,0.3937152953212657,0.3985681873718391,0.3821886665068557,0.3885584771633148,17580000
2012-10-19,0.3856765270839477,0.3859804531208112,0.3545863877864439,0.3551924228668213,56556000
2012-10-22,0.3601972984556015,0.3645961313078981,0.3495815544514826,0.3545864224433899,23040000
2012-10-23,0.34366673036462797,0.3605012285553384,0.3397229054872861,0.35792234539985657,41184000
2012-10-24,0.36944894125522226,0.36944894125522226,0.341087818890609,0.34139177203178406,38772000
2012-10-25,0.3586812670526355,0.3586812670526355,0.3447277344220322,0.3551924228668213,27804000
2012-10-26,0.3548893161181931,0.3674769823334007,0.35185640231313065,0.36019718647003174,28536000
2012-10-31,0.3639892301411557,0.3682360599349277,0.35640642683711093,0.3597423732280731,17892000
2012-11-01,0.36398912363995833,0.3973550864214169,0.3608042056213478,0.3964451253414154,59682000
2012-11-02,0.3978101470074316,0.40054008503535027,0.3741508558544208,0.3743019104003906,29826000
2012-11-05,0.3738468880068984,0.3961412347747859,0.3708139462886796,0.39295631647109985,21156000
2012-11-06,0.39674811370419805,0.4129756800078034,0.3929562658421706,0.4085777699947357,36810000
2012-11-07,0.3914402069996717,0.39644507364495296,0.3694488961824134,0.377790629863739,49578000
2012-11-08,0.3837055609793207,0.38491855331580577,0.3639891743659973,0.3639891743659973,29484000
2012-11-09,0.3626241457064539,0.3802166538222914,0.3620171886099782,0.36656707525253296,39966000
2012-11-12,0.37521184227349497,0.3759707488763298,0.3591362510898827,0.36687102913856506,20754000
2012-11-13,0.3601972240338698,0.36793200116551045,0.3565573528418925,0.35898423194885254,25692000
2012-11-14,0.3661120738120797,0.36929699180393716,0.3389648656609994,0.34139177203178406,41352000
2012-11-15,0.34305977091351425,0.34594165804047367,0.3257702922644609,0.32743826508522034,44232000
2012-11-16,0.3335050246970248,0.3335050246970248,0.31045269513819346,0.3278932273387909,43050000
2012-11-19,0.34214969425853664,0.34760954105683883,0.3360829175832383,0.34654760360717773,43926000
2012-11-20,0.3421496931742569,0.34503157954755265,0.3330499756585546,0.3442726731300354,28992000
2012-11-21,0.3457896266256566,0.3494295248543667,0.34154279845939317,0.34594160318374634,13506000
2012-11-23,0.352614382066423,0.3688419460005019,0.3518563976987793,0.3636860251426697,39354000
2012-11-26,0.3630791203118259,0.3715719092426106,0.36034921006626897,0.3697519600391388,27870000
2012-11-27,0.3715718599026836,0.37672867575352803,0.36429206405545905,0.3653540015220642,26604000
2012-11-28,0.3603492597602969,0.37915568435579045,0.3500365473231655,0.3780937194824219,30288000
2012-11-29,0.38355350412701605,0.38810336344763746,0.37399880497757115,0.3812785744667053,28662000
2012-11-30,0.3809755232124355,0.3859803898953502,0.3758187070956309,0.37976163625717163,17814000
2012-12-03,0.38689033421171876,0.3900752517018851,0.37308878101398146,0.37475675344467163,20892000
2012-12-04,0.37642572785485817,0.38446353697248253,0.3689939809402341,0.38112664222717285,11244000
2012-12-05,0.37794173720626634,0.3853734838461129,0.3721788853458837,0.3787006437778473,11466000
2012-12-06,0.38052058456589644,0.3931082527863822,0.3791556429635462,0.39219826459884644,22764000
2012-12-07,0.3964451497588687,0.3982650991502668,0.38689042223385445,0.39477625489234924,12366000
2012-12-10,0.3931081782766887,0.4055447625070213,0.3931081782766887,0.40205591917037964,10578000
2012-12-11,0.40781978159184645,0.42905218908480164,0.4075158555620894,0.42632225155830383,43932000
2012-12-12,0.4346639733262515,0.4346639733262515,0.4182844571399152,0.4213173985481262,21654000
2012-12-13,0.41873941963723016,0.43132708731836655,0.4044828844047552,0.4094877243041992,27486000
2012-12-14,0.4038759811964732,0.40994278661705097,0.39462520668579437,0.40099501609802246,18882000
2012-12-17,0.4028149502330404,0.41115576327659625,0.395535152827136,0.40569591522216797,17166000
2012-12-18,0.41585757665479745,0.427990265098831,0.40554486469948964,0.42450234293937683,29934000
2012-12-19,0.4263221850620217,0.4393648321797419,0.4263221850620217,0.42783913016319275,24540000
2012-12-20,0.4272322800194037,0.42950721009291787,0.4158576025325273,0.42708030343055725,15660000
2012-12-21,0.4064548610927769,0.4152506826636274,0.3912883619180896,0.4135826826095581,23190000
2012-12-24,0.4204074339583319,0.42905217251331124,0.4049378789700093,0.40994274616241455,9054000
2012-12-26,0.41130776095128163,0.42010447764041287,0.39932615286319184,0.40069112181663513,11136000
2012-12-27,0.3994779891781075,0.4000849190527562,0.38067157004617497,0.39432117342948914,24114000
2012-12-28,0.3852214524808833,0.3991749826873174,0.3835534799949609,0.38749638199806213,12612000
2012-12-31,0.3911363351736967,0.4105496881084517,0.3844635222338235,0.4078197777271271,29208000
2013-01-02,0.43254008704787095,0.4599912475237117,0.43223705597198947,0.4596882164478302,59640000
2013-01-03,0.4580193150066545,0.4621142212505778,0.44618968529498637,0.45149847865104675,23976000
2013-01-04,0.4527115106630253,0.4546834095809362,0.4419437905431478,0.44998160004615784,14664000
2013-01-07,0.44709961951853244,0.4513464475839296,0.43617995221105504,0.4454316198825836,14658000
2013-01-08,0.4419437449527973,0.44785857327859835,0.42920412722921153,0.43072015047073364,20568000
2013-01-09,0.43345010052097194,0.4439147894041261,0.43345010052097194,0.44345980882644653,15072000
2013-01-10,0.4580193010006172,0.46393412923522975,0.45058847666715707,0.4613562226295471,31482000
2013-01-11,0.4561994602623046,0.47015299447285736,0.4561994602623046,0.46939408779144287,11706000
2013-01-14,0.4557443587190019,0.46954591349324654,0.45362140558130354,0.46545106172561646,11772000
2013-01-15,0.4598393367394878,0.46014323567649384,0.45195350373935966,0.45847436785697937,11472000
2013-01-16,0.46059821084070995,0.4777357123304269,0.45695831215739563,0.4733378291130066,16008000
2013-01-17,0.48440842850831267,0.5042767291873319,0.4810724297816397,0.5033667683601379,35070000
2013-01-18,0.4921432971498206,0.5003330550728684,0.4868354531807661,0.4953281879425049,25674000
2013-01-22,0.49517711730072567,0.49517711730072567,0.4818305703539286,0.4909302890300751,14790000
2013-01-23,0.4966931901646876,0.5082198162252847,0.4925983380460482,0.507006824016571,19140000
2013-01-24,0.4862283354376961,0.5065516430341336,0.4822854070064878,0.49350813031196594,15810000
2013-01-25,0.49851316670035806,0.5192914889279715,0.49851316670035806,0.5118597149848938,17778000
2013-01-28,0.5171676361281179,0.5205045038589997,0.510342791900413,0.5153476595878601,9876000
2013-01-29,0.5103427155282804,0.5112527307815314,0.4997269737585791,0.5057928562164307,12882000
2013-01-30,0.5035181937907122,0.5164097941144687,0.5035181937907122,0.5083720088005066,14028000
2013-01-31,0.5074618079397395,0.5158026205459508,0.4997270032620573,0.5038219094276428,17040000
2013-02-01,0.5162575153949438,0.5327890062746139,0.5127695938484499,0.5306660532951355,23550000
2013-02-04,0.518684502383185,0.5350640192650189,0.5063998918411129,0.5076128840446472,17340000
2013-02-05,0.5171676111069812,0.5353670501973936,0.5141346424516132,0.5315760970115662,13062000
2013-02-06,0.523386278661956,0.5368838798583765,0.5212624035387947,0.5344570279121399,8304000
2013-02-07,0.5393106727622143,0.5393106727622143,0.5126175307430727,0.5274810194969177,14106000
2013-02-08,0.530817265913538,0.5491686841900877,0.530817265913538,0.5479556918144226,20130000
2013-02-11,0.5488655775501979,0.554021499539529,0.5408268735943936,0.550381600856781,7806000
2013-02-12,0.5503815954019756,0.5567513773546985,0.5444667668809577,0.553870439529419,12744000
2013-02-13,0.5600882905966674,0.5657001427193167,0.5479556557087292,0.5582683682441711,9024000
2013-02-14,0.5499265212185407,0.5749508010482761,0.5490165602265831,0.5741927623748779,8382000
2013-02-15,0.5770748538227934,0.5795008386698868,0.5570554346429217,0.5631213188171387,15144000
2013-02-19,0.5652449810022868,0.5846574084882206,0.5637280359439854,0.5834444165229797,14514000
2013-02-20,0.5838995177599975,0.5869324320683282,0.5443156957626343,0.5443156957626343,25884000
2013-02-21,0.5293011848128114,0.537035935836986,0.5039730020644283,0.5145896673202515,27420000
2013-02-22,0.5291490987761653,0.5488654798029172,0.5250542473864541,0.5467416048049927,29910000
2013-02-25,0.5596333380589112,0.5631212604203789,0.5154996514320374,0.5154996514320374,27048000
2013-02-26,0.5179263192926823,0.5321819553423383,0.5139824689849624,0.5283910036087036,17646000
2013-02-27,0.5309692294441402,0.5603913448498185,0.528087314969877,0.5520505309104919,12156000
2013-02-28,0.5478035442678539,0.5664579878625206,0.5478035442678539,0.566154956817627,18894000
2013-03-01,0.5393107562759292,0.5535663953678038,0.5242962107260377,0.5461355447769165,21294000
2013-03-04,0.5488656011932589,0.5508365780209583,0.5309691923449905,0.5438607335090637,10890000
2013-03-05,0.5584203183322948,0.5787427113192896,0.5582683417515681,0.5747998356819153,24552000
2013-03-06,0.5869324694188359,0.5872355005236495,0.5720698974834123,0.5773777961730957,22008000
2013-03-07,0.5834445133593059,0.5937572247965299,0.5793496613829515,0.5848094820976257,15654000
2013-03-08,0.5990651612285052,0.5990651612285052,0.571007962888242,0.586174488067627,29580000
2013-03-11,0.5831406660349782,0.5908754172514794,0.5725249225715385,0.5889044404029846,9966000
2013-03-12,0.580714595706695,0.5983071032133127,0.580714595706695,0.5977001190185547,10350000
2013-03-13,0.5960321009139514,0.6064967879801011,0.5861743980238442,0.6030088663101196,12882000
2013-03-14,0.6095297203891767,0.6199944068392959,0.6067997833191988,0.6113496422767639,10014000
2013-03-15,0.6113498963955739,0.6113498963955739,0.5760129475395105,0.5816247463226318,22080000
2013-03-18,0.5575102493363375,0.5737377869656495,0.5502304532030334,0.5581162571907043,22266000
2013-03-19,0.5670650104854734,0.5691880180205637,0.537338945575935,0.5515955090522766,18228000
2013-03-20,0.5641831188918368,0.576315806333353,0.5623631425534947,0.5732828378677368,21108000
2013-03-21,0.5716147768760415,0.5716147768760415,0.5443156228720923,0.5461355447769165,20580000
2013-03-22,0.5550833155612834,0.5725247663795112,0.5534153160432548,0.5632730722427368,14652000
2013-03-25,0.5751030011887398,0.5837477153310507,0.5514436807681858,0.5603914260864258,13764000
2013-03-26,0.5649411615253349,0.5767708191070954,0.5649411615253349,0.575860857963562,9618000
2013-03-27,0.5664580056100121,0.580107583037097,0.555386388808496,0.578287661075592,9366000
2013-03-28,0.5875392183890157,0.5914820924434961,0.5710077310953474,0.5887522101402283,11640000
2013-04-01,0.5801076302141694,0.585415528452258,0.550230512304684,0.5555383563041687,14892000
2013-04-02,0.5714630397368103,0.5714630397368103,0.5335471561084882,0.5396139621734619,23736000
2013-04-03,0.5611500381095378,0.5611500381095378,0.5015468690517912,0.5071577429771423,25308000
2013-04-04,0.5077648456470536,0.5277842063668294,0.4969971265402215,0.5265712141990662,17364000
2013-04-05,0.5012428779675356,0.5215662397823201,0.49062713871678215,0.5189873576164246,27174000
2013-04-08,0.5133765736129897,0.5380968451499939,0.506854761882872,0.5380968451499939,14004000
2013-04-09,0.5330921955536488,0.5641832338197125,0.5285423351388621,0.5528085827827454,19890000
2013-04-10,0.5581162971330432,0.5904203202083887,0.557813266064874,0.5882973670959473,29310000
2013-04-11,0.5820794844039349,0.5933022099981001,0.57131089860408,0.5825344920158386,13578000
2013-04-12,0.5685809666617955,0.5791976302422829,0.5543253269244567,0.5738897323608398,11412000
2013-04-15,0.558723247322811,0.5691879340370204,0.5299071477661033,0.5329409837722778,22998000
2013-04-16,0.5461356655792113,0.566458113265433,0.5408268989462653,0.5649411678314209,15036000
2013-04-17,0.5429506860014411,0.5429506860014411,0.502456905989904,0.5092816948890686,26514000
2013-04-18,0.5226274780836798,0.5352160428850151,0.4929022781812782,0.4954802393913269,19272000
2013-04-19,0.500787977775368,0.5107976560996916,0.48471236355090014,0.5073097348213196,22866000
2013-04-22,0.511101549846487,0.5285420762697297,0.4910821412833544,0.5227792263031006,22254000
2013-04-23,0.5308170734607156,0.5590261869873334,0.5308170734607156,0.5564482808113098,29820000
2013-04-24,0.5464386004014841,0.5817755907318904,0.5464386004014841,0.5764676928520203,17994000
2013-04-25,0.5825343556331837,0.6042217088377069,0.5808654885533214,0.5933020710945129,18084000
2013-04-26,0.5769229683450351,0.5834447291226166,0.5705531299567852,0.5770749449729919,9282000
2013-04-29,0.576315941232462,0.6013401742736456,0.576315941232462,0.5967903137207031,10020000
2013-04-30,0.6027050778312737,0.6145347356796265,0.5884494354239898,0.6145347356796265,9654000
2013-05-01,0.6175684074696961,0.6175684074696961,0.5952740665903343,0.5972450971603394,9882000
2013-05-02,0.6111987606707865,0.6246964190509842,0.5992171799859853,0.6219664812088013,12612000
2013-05-03,0.6438058740992988,0.6521476106643568,0.637739122081955,0.6400140523910522,21360000
2013-05-06,0.6524505703082218,0.6606403293710946,0.6444127878332769,0.6529055237770081,17496000
2013-05-07,0.662460349542365,0.662460349542365,0.6413789915962896,0.6519956588745117,10182000
2013-05-08,0.6521473777450101,0.6786876252473091,0.6515404478385458,0.6776266098022461,10608000
2013-05-09,0.6777777626761518,0.6974941466066842,0.6751998017609186,0.6883944272994995,15090000
2013-05-10,0.6949161611919031,0.7073518797251329,0.6932472936008175,0.707200825214386,12012000
2013-05-13,0.7090208174635486,0.7090208174635486,0.6829346500522594,0.6859675645828247,14652000
2013-05-14,0.6915792827588364,0.700679001599568,0.683844532591935,0.6964321732521057,11418000
2013-05-15,0.6964323831832948,0.7238835245448811,0.6900625997701288,0.7149357795715332,8250000
2013-05-16,0.7208504251453692,0.7264613003671889,0.6987071349373957,0.7012860178947449,8520000
2013-05-17,0.7173616837638663,0.7287363344630245,0.7076559009442703,0.7276753187179565,9216000
2013-05-20,0.7317700643282005,0.7363199781815203,0.7193334776451253,0.7235803604125977,16860000
2013-05-21,0.7313151180944498,0.7313151180944498,0.7152386327139438,0.722063422203064,9300000
2013-05-22,0.7282813062423822,0.7451157767018692,0.6783847706411062,0.6890013813972473,25668000
2013-05-23,0.6683751132176523,0.6918824537848994,0.6498726407206274,0.6882425546646118,18678000
2013-05-24,0.6748965378795392,0.6880911588668823,0.6673128444480791,0.6880911588668823,6270000
2013-05-28,0.7244903784795617,0.7244903784795617,0.7014371254503806,0.7064419388771057,11004000
2013-05-29,0.6868774663272773,0.7217603737396606,0.6868774663272773,0.7150866389274597,5958000
2013-05-30,0.7196364352803074,0.7561872850384805,0.7196364352803074,0.7479975819587708,11388000
2013-05-31,0.7304050241263952,0.752395411854816,0.7206983223395835,0.7261581420898438,9222000
2013-06-03,0.7232765118662632,0.7448128208932165,0.7018921251937409,0.7279783487319946,14388000
2013-06-04,0.7340451255471899,0.7605854356649941,0.7270684125436582,0.7376850247383118,24846000
2013-06-05,0.7331350200676131,0.7331350200676131,0.7008309956801919,0.70340895652771,13428000
2013-06-06,0.7023469942731411,0.7176654941829483,0.6792946663305627,0.6979491114616394,11610000
2013-06-07,0.7111436858854023,0.7325280684549147,0.6965841466540553,0.7313150763511658,11730000
2013-06-10,0.7429928030849142,0.7470876551091399,0.7255513488472859,0.7428408265113831,10980000
2013-06-11,0.7272202289390816,0.727523260035024,0.6927923275397053,0.6953712105751038,16632000
2013-06-12,0.7125086265237202,0.7169065091865366,0.6674649876954114,0.669891893863678,17346000
2013-06-13,0.6661000812783646,0.7132667318019005,0.662915190374191,0.7103857398033142,14190000
2013-06-14,0.7255512546419135,0.7278261841907974,0.6985559989243064,0.7026509046554565,8658000
2013-06-17,0.7214564174277504,0.7463296445686713,0.7214564174277504,0.7328311204910278,12372000
2013-06-18,0.7487557485212704,0.7713539952705929,0.7357130978250755,0.7684721350669861,15378000
2013-06-19,0.7696849327494661,0.7789366275164492,0.7411727318466177,0.7434476613998413,16416000
2013-06-20,0.7156934865138102,0.7156934865138102,0.6670099515438397,0.6741377711296082,19248000
2013-06-21,0.6758069613018491,0.694612466971336,0.6545736265471184,0.6792948842048645,19020000
2013-06-24,0.6529054753367721,0.6653421167156178,0.6218144413950306,0.6371329426765442,22710000
2013-06-25,0.6542704898481814,0.6877875647824647,0.652602544090912,0.6842995882034302,13842000
2013-06-26,0.7041667946818271,0.7062906694953897,0.680962494184777,0.6930961012840271,11466000
2013-06-27,0.7128115028404839,0.7200912977087229,0.7008307952703333,0.7021957635879517,11340000
2013-06-28,0.7040158665094269,0.7210014442060577,0.6847544912927335,0.7115986943244934,11352000
2013-07-01,0.7169065837640034,0.729191248328767,0.7041669657730004,0.7062908411026001,8286000
2013-07-02,0.7062906545721157,0.7294949545788803,0.6940060474903075,0.7081106305122375,12954000
2013-07-03,0.687029331401253,0.7279781149434442,0.687029331401253,0.7193333506584167,6444000
2013-07-05,0.7325281161941908,0.7504245238878166,0.7226703580453984,0.7473906874656677,11562000
2013-07-08,0.7660452210398114,0.7660452210398114,0.695674310080044,0.7029540538787842,29700000
2013-07-09,0.7219115639649571,0.7308602302343677,0.7167556412827448,0.7246415019035339,10788000
2013-07-10,0.7228213139711578,0.753305413168769,0.7223663606067537,0.7495144605636597,14016000
2013-07-11,0.7812115179617921,0.7980459849651848,0.7725667535491445,0.7972880005836487,13638000
2013-07-12,0.803809132542101,0.8142738219677907,0.7972882411112113,0.8109378218650818,8298000
2013-07-15,0.817458758013797,0.817458758013797,0.8050230367282307,0.8107858896255493,8160000
2013-07-16,0.8059328080954579,0.8292881658114871,0.8047188940095635,0.8174585103988647,11532000
2013-07-17,0.8289852727779372,0.8292883038814207,0.8129087866197452,0.8195825219154358,13026000
2013-07-18,0.8259523382034404,0.8259523382034404,0.7906144733579433,0.7992591857910156,14046000
2013-07-19,0.7862165364101596,0.7944062948226929,0.771353910697536,0.7944062948226929,12150000
2013-07-22,0.8000180028968936,0.8000180028968936,0.7784816444721329,0.7886433005332947,6804000
2013-07-23,0.7889463425482829,0.8130606077557928,0.7763587021846862,0.7799986004829407,13200000
2013-07-24,0.788643559333888,0.788643559333888,0.734348207339336,0.737230122089386,20934000
2013-07-25,0.7278263765263439,0.7508796312148366,0.7229734850947325,0.7504246234893799,9228000
2013-07-26,0.748907773527378,0.748907773527378,0.7181206332951268,0.7301013469696045,10296000
2013-07-29,0.7291914475107368,0.7345002152285499,0.7120539417182319,0.7181206941604614,7278000
2013-07-30,0.7254002284884582,0.746935664977936,0.724945220865463,0.7420827746391296,7872000
2013-07-31,0.7492106449965917,0.7669550756690179,0.7440547232478157,0.7526994347572327,7854000
2013-08-01,0.7777238359320516,0.7950133158402535,0.7724150689817244,0.7934963703155518,11010000
2013-08-02,0.7859135558449901,0.7859135558449901,0.7636192090530919,0.7784817814826965,5070000
2013-08-05,0.7695338230762605,0.7783295875503251,0.767561924716417,0.7748416662216187,3534000
2013-08-06,0.7759036724620396,0.7759036724620396,0.7502725170203812,0.7590692043304443,4620000
2013-08-07,0.7467847995688455,0.7498177144222407,0.7266134045459096,0.7354100942611694,6234000
2013-08-08,0.74723975333518,0.7479977922136481,0.7244904511889364,0.7376850247383118,4242000
2013-08-09,0.7355609810497156,0.739200879409417,0.7213053407380278,0.7267652153968811,4308000
2013-08-12,0.7159965985724788,0.7411728026159239,0.7158455440601483,0.7348030209541321,3732000
2013-08-13,0.7416279256451964,0.7624053278925627,0.72661337597666,0.7593724131584167,8910000
2013-08-14,0.7429927604378923,0.7446607601871912,0.7214564011735973,0.7255513072013855,12360000
2013-08-15,0.7021957708459222,0.7021957708459222,0.6748965669271523,0.6758065819740295,10518000
2013-08-16,0.6756548302886927,0.7020440279422548,0.6717119005078871,0.6824796199798584,7278000
2013-08-19,0.6732280249597944,0.6906694822225837,0.6680721021954709,0.6686781644821167,6270000
2013-08-20,0.670194936875316,0.6888493817083936,0.6697399292496892,0.6820245385169983,6636000
2013-08-21,0.6755029188924826,0.6842996082317209,0.6597303846682255,0.6670101284980774,8808000
2013-08-22,0.6742898621446594,0.6938542701256811,0.6742898621446594,0.6896074414253235,8454000
2013-08-23,0.6970390550486638,0.6993139846016443,0.6783846652573838,0.6900623440742493,9096000
2013-08-26,0.6871814213181288,0.6990110778751764,0.6820245775350051,0.6853614449501038,4092000
2013-08-27,0.6597302315858768,0.6623081379926973,0.6313690847386724,0.6342509984970093,16050000
2013-08-28,0.6394079256505357,0.6651901953623923,0.6394079256505357,0.6551805138587952,6834000
2013-08-29,0.6592750816895916,0.6847543092795957,0.655332153294185,0.680204451084137,5964000
2013-08-30,0.67883970138558,0.6815696388774165,0.6547254343363764,0.6615502238273621,7362000
2013-09-03,0.692034391328489,0.7037120726554793,0.6680720443839289,0.6777778267860413,7626000
2013-09-04,0.6906692688233212,0.7343479376088741,0.6847544411821487,0.7297980785369873,17016000
2013-09-05,0.7357128223120927,0.7510303974006375,0.7337409240506257,0.7469355463981628,5136000
2013-09-06,0.7543675583803671,0.7557325273265771,0.7188786369719736,0.7378360629081726,10566000
2013-09-09,0.7408698480125492,0.770594990432876,0.7392009261152681,0.7674100995063782,5964000
2013-09-10,0.7846995961619656,0.8113927469327175,0.7843965650645891,0.8100277781486511,10008000
2013-09-11,0.7998661633050397,0.8091178599481585,0.7818186455349145,0.8030510544776917,4254000
2013-09-12,0.8074488752160318,0.8089658205395882,0.7856095379246286,0.7890983819961548,3576000
2013-09-13,0.7868234326461365,0.7998660813524796,0.7768137524553963,0.7995630502700806,2934000
2013-09-16,0.8282271937547222,0.8294401859274572,0.8065389110625749,0.8091177940368652,6642000
2013-09-17,0.8136676721591704,0.8295921813251794,0.8136676721591704,0.8254973292350769,5118000
2013-09-18,0.8242834277366013,0.8488527033733151,0.8139707158532892,0.8467296957969666,6474000
2013-09-19,0.8508245988072327,0.8606823572113134,0.8303502296439891,0.8379330039024353,5850000
2013-09-20,0.8364168716652477,0.8523414331792406,0.8207953954495164,0.824435293674469,4320000
2013-09-23,0.827317338557123,0.838995020286661,0.8036580761527025,0.8138188123703003,12870000
2013-09-24,0.8235254203014072,0.8399049380159623,0.8136677157215626,0.8301982879638672,5820000
2013-09-25,0.8350519441860987,0.8455166317588577,0.8162455764365988,0.8323220610618591,4452000
2013-09-26,0.8433928835816135,0.8464267745322757,0.8210985906351895,0.8311082720756531,6276000
2013-09-27,0.8188236888172717,0.8229185413809847,0.8053260303083519,0.8119988441467285,3846000
2013-09-30,0.7895534309425205,0.8197335825928626,0.7766618357554841,0.8135157227516174,8412000
2013-10-01,0.8188234794959262,0.8409667130136964,0.8130605741020149,0.8345969319343567,5850000
2013-10-02,0.8148806736791008,0.8330801129341125,0.8148806736791008,0.8330801129341125,2394000
2013-10-03,0.8277722224580067,0.8459716606989114,0.8004730108580455,0.826407253742218,4836000
2013-10-04,0.8264072581515508,0.8515825403800913,0.8264072581515508,0.8449097275733948,4698000
2013-10-07,0.8251933187625172,0.8493075846722828,0.81594254536201,0.8323220610618591,3126000
2013-10-08,0.8339900885851769,0.8391469327433436,0.78318359097244,0.7927383184432983,6852000
2013-10-09,0.7931932852132436,0.799866098128263,0.7569454082239718,0.7825766205787659,7686000
2013-10-10,0.8059328873796555,0.839601880737776,0.8035059810253025,0.8358100056648254,10824000
2013-10-11,0.8265583345728278,0.8493076330982967,0.8182175217381554,0.8435447812080383,6798000
2013-10-14,0.8203405072879757,0.8631092227414987,0.8189755384750299,0.8600763082504272,5442000
2013-10-15,0.8611373263359257,0.8653841551282155,0.8341420658766998,0.8380849957466125,6456000
2013-10-16,0.8435449177144705,0.8640193439392672,0.8394500650126799,0.8618963360786438,4344000
2013-10-17,0.8485498505154062,0.8819158217247689,0.835507198297689,0.880095899105072,5004000
2013-10-18,0.8898013666826636,0.8898013666826636,0.8652321473604269,0.886010468006134,6288000
2013-10-21,0.8932903695230098,0.8978402297802872,0.8841906490084548,0.8964753150939941,4620000
2013-10-22,0.9019350983308423,0.9019350983308423,0.8752419459371127,0.8905604481697083,6168000
2013-10-23,0.8508245665133305,0.8508245665133305,0.7904633447688769,0.8025960326194763,13896000
2013-10-24,0.8165485664271784,0.8308050740137044,0.8165485664271784,0.8221603631973267,5088000
2013-10-25,0.8297431994249116,0.8341420044738895,0.8221604255865211,0.8312601447105408,7236000
2013-10-28,0.8311081944457912,0.8515825631228487,0.8256483736462971,0.8483976721763611,3276000
2013-10-29,0.8568914207653252,0.8869205178213704,0.8568914207653252,0.8857066035270691,6594000
2013-10-30,0.8904082789027268,0.8961711300010917,0.8620471326633796,0.8726637959480286,4176000
2013-10-31,0.8749388703437849,0.9033000212786346,0.8737258781244776,0.8875265121459961,6642000
2013-11-01,0.8946551997028284,0.8985981292735384,0.8690239879490448,0.8778207302093506,4572000
2013-11-04,0.888891478100104,0.888891478100104,0.8709959919814309,0.8761518597602844,2082000
2013-11-05,0.856587325851355,0.878730613731071,0.8467295688856137,0.8682659268379211,3276000
2013-11-06,0.8810056644591107,0.8828255866740153,0.8625022722027397,0.8779718279838562,2826000
2013-11-07,0.8753937695455495,0.8753937695455495,0.8236772636527022,0.82746821641922,7236000
2013-11-08,0.823828342626742,0.8558293892608871,0.8189754521503955,0.8549193739891052,5514000
2013-11-11,0.846729533215506,0.8568912428642648,0.8389947838337494,0.8543123602867126,2082000
2013-11-12,0.846274730649038,0.8709959825220712,0.846274730649038,0.8685690760612488,4428000
2013-11-13,0.8584073020545464,0.8938962142737223,0.852644396628534,0.8931382298469543,2928000
2013-11-14,0.8925313779536435,0.8925313779536435,0.8750908452511766,0.8807017207145691,2946000
2013-11-15,0.8851006328066433,0.9008732217558336,0.869782183772417,0.89738529920578,3630000
2013-11-18,0.9008731033407257,0.9014800333515305,0.8678110384706376,0.8731189370155334,7848000
2013-11-19,0.8779717903429162,0.8791856503126179,0.8403598673058504,0.8426347970962524,6336000
2013-11-20,0.8458197228020556,0.8521895590207752,0.823677353970642,0.8300471901893616,5040000
2013-11-21,0.8388429789173459,0.8760008188777899,0.8383880254715662,0.8743319511413574,4164000
2013-11-22,0.8711469290132009,0.8791855776900999,0.8628061170953449,0.8758487105369568,2322000
2013-11-25,0.8805505976486425,0.8805505976486425,0.8565873861183109,0.8728158473968506,3900000
2013-11-26,0.8866164627194181,0.9008730250560598,0.8752418142694379,0.8952612280845642,5604000
2013-11-27,0.886161717749104,0.907243019875437,0.8799438571747437,0.9069400429725647,4746000
2013-11-29,0.9099728827282071,0.918465672826597,0.9042100303699927,0.9067879915237427,2976000
2013-12-02,0.9148257199065088,0.9163426653633967,0.8982952016471573,0.9019351005554199,5214000
2013-12-03,0.89586798765206,0.9199823028658926,0.894048065941646,0.9111855626106262,5022000
2013-12-04,0.9073949213554272,0.9175556571993156,0.8811567766116841,0.8996601700782776,2712000
2013-12-05,0.9008731408503476,0.9163426430352618,0.8990531643212577,0.9055749773979187,3810000
2013-12-06,0.946523579323863,0.946523579323863,0.926655220353581,0.936816930770874,4728000
2013-12-09,0.9521345912201771,0.9545615520201346,0.9392439179648534,0.9440968632698059,3150000
2013-12-10,0.9409120031775529,0.948343669155637,0.9262004308544745,0.9360590577125549,1938000
2013-12-11,0.9395469974866236,0.942731888589513,0.9046649549819844,0.9084559082984924,3504000
2013-12-12,0.9057258534841601,0.9114896266241908,0.8822185194902756,0.8855553865432739,4140000
2013-12-13,0.8948062022762487,0.8999630457481631,0.8750907419880246,0.8808535933494568,4620000
2013-12-16,0.8999631532328817,0.9324191563065577,0.8999631532328817,0.9163426160812378,3594000
2013-12-17,0.9163424808539522,0.9513764940119063,0.9163424808539522,0.944854736328125,5094000
2013-12-18,0.946826665652797,0.9662390949621762,0.9029959638054704,0.9636611342430115,6684000
2013-12-19,0.962144200372981,0.962144200372981,0.9337840286753224,0.9463716149330139,3366000
2013-12-20,0.946371891582072,0.9783728930273121,0.946371891582072,0.9704861640930176,7314000
2013-12-23,0.9882304650890865,0.9983921766719362,0.9803437376570922,0.9946003556251526,4920000
2013-12-24,1.0021830174409836,1.012799681271769,0.9964201660461693,1.0064297914505005,2052000
2013-12-26,1.0115865889512194,1.0200793767882708,1.0058227618327271,1.0156813859939575,4362000
2013-12-27,1.0187145834967775,1.0250843653052308,1.0108278563748123,1.0129517316818237,2088000
2013-12-30,1.0080979435770792,1.0270562891894655,1.0080979435770792,1.0206865072250366,2718000
2013-12-31,1.0275112023809483,1.047681671584696,1.0275112023809483,1.046771764755249,4722000
2014-01-02,1.0270562078481502,1.0270562078481502,0.9894433642766858,0.9997570514678955,7344000
2014-01-03,1.0041548905021325,1.0041548905021325,0.9814055945108535,0.9961170554161072,4176000
2014-01-06,1.0014249213301594,1.0014249213301594,0.9729127750004657,0.9773106575012207,3546000
2014-01-07,0.98610752571711,1.0035480577073237,0.9826186816740361,1.0000600814819336,2796000
2014-01-08,1.0228094249900899,1.046468739550226,1.016136666046936,1.0441938638687134,4404000
2014-01-09,1.0546586329537724,1.0546586329537724,1.010221914615505,1.0220515727996826,2556000
2014-01-10,1.0222023994751783,1.0388858681940938,1.0202313686577846,1.034487009048462,2616000
2014-01-13,1.029179566499991,1.039189195502906,0.9895956786083996,0.9976335167884827,5268000
2014-01-14,1.0021831262988397,1.0684601009105616,0.998392173083401,1.0661851167678833,8208000
2014-01-15,1.0781658699774488,1.1022801375232272,1.0752848236713717,1.0931804180145264,5568000
2014-01-16,1.09045058563593,1.0934843681508255,1.0692181216889376,1.0749809741973877,6768000
2014-01-17,1.0619383756985987,1.0786208700881967,1.0496536562007261,1.056478500366211,4092000
2014-01-21,1.0701279059859816,1.0775596789757211,1.050411523975719,1.0772557258605957,5472000
2014-01-22,1.0772561617396428,1.1147170423712711,1.0696733854190024,1.1141101121902466,3648000
2014-01-23,1.0825645446954217,1.0936352943883907,1.0573882870060969,1.0761947631835938,6252000
2014-01-24,1.05678136714178,1.061786288500802,0.9991501391948727,1.0006669759750366,8844000
2014-01-27,1.0131027931403338,1.0135577465892092,0.9632063105971463,0.9815577268600464,8034000
2014-01-28,0.9742776906258755,0.9985429533938768,0.9621440829471595,0.9935381412506104,4476000
2014-01-29,0.9745807859584421,1.0076427935661068,0.9745807859584421,0.9795857071876526,6654000
2014-01-30,1.003092800980668,1.0262971565649557,0.9971779737515116,1.0176523923873901,5076000
2014-01-31,0.9871685866998567,1.0164396446095163,0.975490905978853,1.0018800497055054,3480000
2014-02-03,0.9996052303845064,0.9996052303845064,0.9301442280496267,0.9386370182037354,7428000
2014-02-04,0.9393951093335389,0.9466749076013659,0.9246845124970486,0.9401540160179138,6804000
2014-02-05,0.9349970691978592,0.9565333750255468,0.9120957946434118,0.9439448118209839,4200000
2014-02-06,0.9595664202565314,0.9949034184490796,0.9588083814133224,0.988837480545044,7758000
2014-02-07,1.0023347446813768,1.0394916486430863,0.991263130216311,1.0366106033325195,7098000
2014-02-10,1.0303921804327516,1.0569332974138874,1.0299371185709139,1.0525354146957397,4908000
2014-02-11,1.057691485611449,1.1007641003370852,1.0546585710956906,1.092725396156311,6120000
2014-02-12,1.1101664938528009,1.1286689035438517,1.1044036438259073,1.1235129833221436,8586000
2014-02-13,1.103797007024137,1.1638551950454712,1.1004600312201744,1.1638551950454712,5844000
2014-02-14,1.1637033741272658,1.1875145578878554,1.1488408016993275,1.1831166744232178,7818000
2014-02-18,1.1990413202064631,1.1990413202064631,1.167798251486991,1.192671537399292,5424000
2014-02-19,1.1876667791454618,1.2070793241000626,1.1800831351132963,1.1899417638778687,4584000
2014-02-20,1.1923671778623646,1.2208802989540393,1.186149373770077,1.2179983854293823,5178000
2014-02-21,1.2228513901440552,1.229980186669497,1.1885763898524824,1.1994960308074951,5064000
2014-02-24,1.21708871152197,1.2360461906795581,1.2088990067613816,1.213296890258789,4512000
2014-02-25,1.2085961075361646,1.218150891118432,1.175533221751229,1.1955525875091553,6354000
2014-02-26,1.2035907834942996,1.2446906219444518,1.2035907834942996,1.2187564373016357,5082000
2014-02-27,1.2132965216019052,1.2252781524623093,1.1923671498786865,1.2170883417129517,3162000
2014-02-28,1.2267953617422729,1.229221454791938,1.189334597551798,1.213296890258789,4836000
2014-03-03,1.1770497158968212,1.201164090352997,1.1579403712564946,1.1934292316436768,8346000
2014-03-04,1.230131645725831,1.260160750909581,1.2296766921555458,1.255307912826538,7014000
2014-03-05,1.255307594880706,1.2739619882645479,1.2483307740854606,1.2631943225860596,3366000
2014-03-06,1.2739617741166647,1.2933742030413409,1.2604641730223074,1.2920092344284058,3126000
2014-03-07,1.3041428255622376,1.3074788248617477,1.2736587800658734,1.2859433889389038,3978000
2014-03-10,1.2754786078888773,1.2942841052347356,1.2603120863906196,1.2777535915374756,1980000
2014-03-11,1.2904932987395996,1.2989860874564008,1.2468146274340077,1.2574303150177002,2088000
2014-03-12,1.237714768805972,1.2891281843185425,1.231647964947868,1.2891281843185425,2508000
2014-03-13,1.3027778657585887,1.308692693548804,1.2038938472245406,1.2246712446212769,5796000
2014-03-14,1.2132968015556724,1.2360461003132592,1.202832113279461,1.2052589654922485,3678000
2014-03-17,1.2305863592726454,1.260464458302112,1.2278565299061357,1.2484828233718872,4002000
2014-03-18,1.2628905991433519,1.3036883461159965,1.2478760476231836,1.3017164468765259,8142000
2014-03-19,1.3038390177597958,1.3258303858007274,1.2742649841895386,1.298834204673767,6624000
2014-03-20,1.2782089404464685,1.3726941216849147,1.2782089404464685,1.3719360828399658,6588000
2014-03-21,1.388163669685424,1.3896805066464455,1.3249204743905587,1.3358402252197266,7470000
2014-03-24,1.3555562709361204,1.3555562709361204,1.2863982641038807,1.3193084001541138,9888000
2014-03-25,1.3294698957483362,1.369660692331979,1.3256780757899522,1.3466074466705322,6858000
2014-03-26,1.37405905782416,1.3952914129502922,1.303688148320791,1.3058110475540161,8124000
2014-03-27,1.2947393529043063,1.3174886521758904,1.2642553027281054,1.273506999015808,5778000
2014-03-28,1.2876115536616273,1.3300772384472757,1.2815447483222613,1.3009581565856934,4116000
2014-03-31,1.331442072772069,1.373603908612503,1.3240104078337094,1.3635941743850708,9546000
2014-04-01,1.3930163693594173,1.4272923469543457,1.378456775339542,1.4272923469543457,8106000
2014-04-02,1.440790193096124,1.440790193096124,1.3978704187985178,1.4183447360992432,7266000
2014-04-03,1.4256240946966396,1.4667239338781637,1.4056047370606835,1.4268370866775513,6804000
2014-04-04,1.465814723789139,1.465814723789139,1.3015645536235911,1.3068733215332031,15960000
2014-04-07,1.2845790244264803,1.3278027609717546,1.2469661651585866,1.2707774639129639,9858000
2014-04-08,1.2815443085030533,1.3229480955976916,1.2745684664756722,1.3183982372283936,5208000
2014-04-09,1.3455467572115904,1.3651111644271658,1.3194605916515962,1.360864281654358,7512000
2014-04-10,1.3655662642722144,1.366779256564874,1.2314963371312782,1.2354401350021362,11070000
2014-04-11,1.198131266098232,1.245449899087483,1.1668883068637241,1.1764429807662964,9384000
2014-04-14,1.2037420578102873,1.2243684581517877,1.1724999685796782,1.2040460109710693,5760000
2014-04-15,1.2170885385379107,1.2393828823247492,1.1647651007682298,1.228918194770813,6870000
2014-04-16,1.2536392058809003,1.2536392058809003,1.170831732929359,1.2217901945114136,5334000
2014-04-17,1.2190604070498703,1.3082377799929374,1.2190604070498703,1.2923132181167603,10782000
2014-04-21,1.297318273100096,1.3273473694375646,1.2756299897607344,1.3264373540878296,6312000
2014-04-22,1.3346272015102794,1.374058995320847,1.326740365448411,1.3643523454666138,5940000
2014-04-23,1.3685994125007541,1.3778511108839584,1.3472150771896538,1.3587417602539062,2610000
2014-04-24,1.394381010313358,1.394381010313358,1.3284080077948455,1.3798214197158813,6888000
2014-04-25,1.3449396484326004,1.3449396484326004,1.2378658222991965,1.2463595867156982,12810000
2014-04-28,1.2550044664973792,1.277904874388695,1.1755329740610108,1.2236104011535645,7662000
2014-04-29,1.240899752322894,1.2607671343825182,1.2183014567760844,1.245904564857483,3888000
2014-04-30,1.2325582397877504,1.2710800170898438,1.2319512012993143,1.2710800170898438,4680000
2014-05-01,1.2730520649337154,1.306114076641677,1.2519707110087472,1.2584924697875977,4398000
2014-05-02,1.2465107274575833,1.2851845876874284,1.2465107274575833,1.2660751342773438,4212000
2014-05-05,1.2524256675023315,1.2819998113156417,1.234985134377845,1.2721420526504517,2844000
2014-05-06,1.2777539087541903,1.2936783643390384,1.2565205781262734,1.256975531578064,2064000
2014-05-07,1.268804959419617,1.273354818545404,1.2274011654409158,1.2594021558761597,3090000
2014-05-08,1.2480278216316585,1.338267092714379,1.2477247362767965,1.2851847410202026,7788000
2014-05-09,1.281241951662139,1.2841238663030214,1.246814966232155,1.2747201919555664,2988000
2014-05-12,1.2824547128115602,1.3478216712390003,1.2824547128115602,1.3437268733978271,9942000
2014-05-13,1.3540394329257195,1.3552524249866034,1.3123326610952493,1.3140006065368652,4584000
2014-05-14,1.303990939555297,1.3129386819325548,1.2785117048179182,1.280483603477478,3846000
2014-05-15,1.2694120909330548,1.2798767794319323,1.2061690064981225,1.235591173171997,8310000
2014-05-16,1.2334681889680026,1.2780568814131137,1.2298283444112341,1.2721420526504517,3402000
2014-05-19,1.267439980103593,1.32340325772469,1.267439980103593,1.3129385709762573,4440000
2014-05-20,1.3141529617975591,1.325678667718562,1.2739621472683211,1.2944365739822388,3666000
2014-05-21,1.3073277116456088,1.3243132883544384,1.2939812195177085,1.3130905628204346,4350000
2014-05-22,1.3220384636704032,1.3467596588345971,1.3170335424903512,1.3323520421981812,4740000
2014-05-23,1.331138229559744,1.37057099588244,1.326588370083653,1.3681440353393555,7674000
2014-05-27,1.4065148223939508,1.4204673767089844,1.3849784101287015,1.4204673767089844,6498000
2014-05-28,1.4330551925839006,1.43760505213612,1.404087981236907,1.4250173568725586,4740000
2014-05-29,1.4283542928606847,1.450496661703878,1.4257754640614038,1.4338141679763794,3030000
2014-05-30,1.4324494152878926,1.4451889811767074,1.4230457411754134,1.4397292137145996,2382000
2014-06-02,1.4647532728751083,1.47491411722656,1.4263824932525666,1.4630844593048096,3918000
2014-06-03,1.4642980086001391,1.5094927551811224,1.456714367678656,1.5043368339538574,6246000
2014-06-04,1.5046400594672211,1.5310293118188807,1.4891705575933332,1.5248115062713623,4044000
2014-06-05,1.5340622236434733,1.559845413744293,1.5067630644508003,1.5458918809890747,6264000
2014-06-06,1.5568115586661628,1.5792578816441136,1.5512006830235947,1.5689451694488525,6654000
2014-06-09,1.5769831174479183,1.6065571551047568,1.5727362340486275,1.5801680088043213,6924000
2014-06-10,1.5832005612892495,1.5973050924225798,1.5598452029136678,1.5959402322769165,4128000
2014-06-11,1.5813807144840561,1.6358280278148762,1.5813807144840561,1.6191445589065552,4884000
2014-06-12,1.6186894565139311,1.6332489403813986,1.5836554442144086,1.6023099422454834,6840000
2014-06-13,1.6479604091219422,1.664491898937812,1.62096423328382,1.6478084325790405,6210000
2014-06-16,1.652662311381467,1.6876962144937098,1.6400737499503049,1.6785964965820312,7470000
2014-06-17,1.6842077178689483,1.722881470229666,1.673136967771686,1.7163606882095337,6432000
2014-06-18,1.720910641657418,1.7224266107434725,1.65281374422071,1.6957343816757202,9090000
2014-06-19,1.7110519233585268,1.7136308607037043,1.666767184492739,1.7004362344741821,7944000
2014-06-20,1.7036209728616287,1.7152986526489258,1.6905774565637386,1.7152986526489258,4170000
2014-06-23,1.7222753323253885,1.7222753323253885,1.6911842487144848,1.6963410377502441,6738000
2014-06-24,1.6867864950079614,1.732740151496443,1.6447757680114679,1.6585773229599,9162000
2014-06-25,1.6455338996088593,1.682387730778636,1.6236945078778264,1.6764729022979736,6300000
2014-06-26,1.6660079453386778,1.6792025689344563,1.6165664264235895,1.6550883054733276,5352000
2014-06-27,1.6426526292395405,1.6629750728607178,1.6344629262558792,1.6629750728607178,2694000
2014-06-30,1.664492107993693,1.7198484588070226,1.664492107993693,1.7149956226348877,4662000
2014-07-01,1.7274314136199003,1.8091779985851666,1.7274314136199003,1.7856696844100952,9978000
2014-07-02,1.8006840788412122,1.8070539688276923,1.7821816642783814,1.7991681098937988,5664000
2014-07-03,1.803263130000595,1.8423919452860171,1.803263130000595,1.8354151248931885,3942000
2014-07-07,1.8354151739512066,1.840571963812193,1.787489723276726,1.7970443964004517,8154000
2014-07-08,1.7867314524796678,1.7982580229263516,1.7172704631801872,1.7698969841003418,10506000
2014-07-09,1.784001956113721,1.8062963044941862,1.7425981507675388,1.8006844520568848,6528000
2014-07-10,1.7219717157626906,1.7967413746924203,1.7034691904023678,1.7747501134872437,6774000
2014-07-11,1.784153721189171,1.7917364954834392,1.753365717981835,1.7782388925552368,3882000
2014-07-14,1.8113006317344216,1.8217654271102761,1.7880963825994194,1.8022009134292603,7164000
2014-07-15,1.8187326777003279,1.818883677983839,1.737745107538322,1.7879446744918823,6828000
2014-07-16,1.829500205755124,1.8525524800659106,1.8156986507051431,1.849822759628296,5760000
2014-07-17,1.805841134319508,1.805841134319508,1.6972513199636023,1.7069571018218994,12642000
2014-07-18,1.7289482843112762,1.7786937633283684,1.7171186275932075,1.7738399505615234,5280000
2014-07-21,1.7736888641811945,1.7982580832631088,1.7577643020313432,1.7883994579315186,3408000
2014-07-22,1.8200973712662998,1.8337470580000828,1.797196206084685,1.8225233554840088,4308000
2014-07-23,1.8040208877884227,1.8040208877884227,1.6943692030926105,1.6966441869735718,12192000
2014-07-24,1.6966442197649794,1.6986161183815818,1.6481126034110474,1.6537234783172607,9876000
2014-07-25,1.6212689378383884,1.6212689378383884,1.539067488764024,1.5542339086532593,10626000
2014-07-28,1.5590865461844625,1.5593904993509557,1.492052506569764,1.5492287874221802,8148000
2014-07-29,1.5592387031984982,1.5857798273425412,1.5398262687763251,1.5421011447906494,5832000
2014-07-30,1.568641180579763,1.6000352461997744,1.557418561732313,1.5875996351242065,5922000
2014-07-31,1.5389158907086953,1.5463466877685723,1.4689990773920645,1.4799187183380127,9606000
2014-08-01,1.4711227286136928,1.5302708922489174,1.4650559248605641,1.5020617246627808,9360000
2014-08-04,1.5146497806455461,1.5348211187869067,1.478705855433716,1.5208675861358643,4602000
2014-08-05,1.4985730023759112,1.5239012348209608,1.455956325003275,1.4755207300186157,6888000
2014-08-06,1.4532265591244307,1.517986586046532,1.4501936447927226,1.4887155294418335,8052000
2014-08-07,1.5202616812645955,1.5257214481514827,1.418040777816367,1.4303253889083862,7098000
2014-08-08,1.4445820455513603,1.4823458980481028,1.4359372781728736,1.4782510995864868,6456000
2014-08-11,1.4997872692573346,1.5468019470208958,1.4997872692573346,1.5228395462036133,7698000
2014-08-12,1.5140427103169922,1.5352760384260928,1.4779476796895963,1.5170764923095703,5640000
2014-08-13,1.5307260425065166,1.5607551336288452,1.5263271837583534,1.5607551336288452,5910000
2014-08-14,1.5621198887340948,1.578347424076247,1.55514307039201,1.5690957307815552,4776000
2014-08-15,1.601097259906721,1.6358281936369137,1.5642433185554243,1.6164147853851318,7260000
2014-08-18,1.6365860431292862,1.6402259959782959,1.603675141777446,1.6377991437911987,6054000
2014-08-19,1.6432585908715647,1.681174406459664,1.6432585908715647,1.672832727432251,4548000
2014-08-20,1.67283311017551,1.722578591769622,1.6669182815100634,1.7139338254928589,4878000
2014-08-21,1.7196965649547011,1.7388060185052054,1.7045310172785713,1.7366830110549927,4374000
2014-08-22,1.7436598301900077,1.7606454084627368,1.717725533073283,1.7404749393463135,6348000
2014-08-25,1.7749019417367704,1.7749019417367704,1.7110518219765685,1.7193936109542847,6822000
2014-08-26,1.7154506742487332,1.7394129644243184,1.7154506742487332,1.7209105491638184,3456000
2014-08-27,1.7200004708895633,1.7354699712797454,1.6975541505402283,1.7303131818771362,3738000
2014-08-28,1.7139336539875634,1.7673190832138062,1.6964922550772803,1.7673190832138062,3102000
2014-08-29,1.7767218813744132,1.8032631091023634,1.7645892476939502,1.7868835926055908,5214000
2014-09-02,1.7985612891325253,1.7985612891325253,1.7397160897794604,1.762769341468811,4158000
2014-09-03,1.7943144565017688,1.8000782848521972,1.7645893130485921,1.7782388925552368,3906000
2014-09-04,1.7882486309337209,1.8334432762169681,1.7794518881080963,1.7918884754180908,6786000
2014-09-05,1.7894613350649529,1.836931824684143,1.7874894365615033,1.836931824684143,8496000
2014-09-08,1.8369318345955916,1.8789415822991005,1.8290451083568218,1.8483065366744995,5826000
2014-09-09,1.8484579409796336,1.8540696846383844,1.7918885882844484,1.7993193864822388,4278000
2014-09-10,1.7987131482417102,1.8087227738597327,1.7624652732225992,1.797499179840088,7584000
2014-09-11,1.7812718798679286,1.8120590165167363,1.7554896651769756,1.811149001121521,4134000
2014-09-12,1.7978031892814115,1.7978031892814115,1.7289482575192547,1.7410809993743896,5574000
2014-09-15,1.7486649981025706,1.7547309363599994,1.6757152537795321,1.6775351762771606,7626000
2014-09-16,1.671165039526395,1.7717170108418845,1.6670701334156626,1.7645891904830933,6174000
2014-09-17,1.7712620914058532,1.8351121063820535,1.7712620914058532,1.8062961101531982,8154000
2014-09-18,1.83222991670391,1.883946418762207,1.8134235510776051,1.883946418762207,6774000
2014-09-19,1.8995683633214928,1.9047251531314304,1.8062960747807852,1.8166087865829468,6696000
2014-09-22,1.8002292990706874,1.8078130497185954,1.7401711053856743,1.7501808404922485,8310000
2014-09-23,1.7224262507543346,1.7779345726900264,1.709990533850287,1.7365307807922363,5520000
2014-09-24,1.7491197497773736,1.801898255459118,1.744569889819694,1.7988643646240234,4500000
2014-09-25,1.79476912478041,1.79476912478041,1.6845113821268292,1.701496958732605,8892000
2014-09-26,1.7271284359063441,1.7755089482543616,1.7253085136744397,1.7606455087661743,5322000
2014-09-29,1.706047274711753,1.7849119543590732,1.697706460729554,1.7680773735046387,4182000
2014-09-30,1.7709590134732383,1.7729300443818616,1.7061989868248724,1.7239434719085693,5490000
2014-10-01,1.7160565984243872,1.7160565984243872,1.5856274087562003,1.598215103149414,13020000
2014-10-02,1.5909352758402926,1.5909352758402926,1.4849234383331829,1.5716748237609863,17538000
2014-10-03,1.6188415456746672,1.6303681164101542,1.5742528588157383,1.5954852104187012,10464000
2014-10-06,1.6147468832395644,1.6156568986406048,1.526327534887381,1.556963562965393,7080000
2014-10-07,1.5416458482830673,1.5510485441094104,1.469454050064087,1.469454050064087,6960000
2014-10-08,1.4740038153291846,1.5742528028236382,1.4294151300561597,1.5663660764694214,11916000
2014-10-09,1.5621201722774265,1.5621201722774265,1.4368469047773271,1.4409418106079102,11388000
2014-10-10,1.3234032960694695,1.3234032960694695,1.1044038829566758,1.1423187255859375,57942000
2014-10-13,1.1467177393756014,1.1853916021983883,1.0684601068496704,1.0684601068496704,18840000
2014-10-14,1.1253332671095677,1.1875143515609066,1.0984890649340147,1.1288211345672607,30090000
2014-10-15,1.0683081879483454,1.1677981796366976,1.041615957525208,1.143683910369873,41124000
2014-10-16,1.094242325662427,1.2213355332165594,1.0843845671696202,1.193277359008789,31764000
2014-10-17,1.2625875457669444,1.2824549338208016,1.215571886336525,1.222396731376648,43908000
2014-10-20,1.215723673402709,1.2832136404771097,1.1985862260366895,1.2801798582077026,16344000
2014-10-21,1.3282569503922055,1.4241071763659838,1.3124834995034584,1.4194053411483765,22548000
2014-10-22,1.446553231129256,1.4620228357755565,1.3576789655555634,1.360408902168274,32538000
2014-10-23,1.4084859001664827,1.4413969097422559,1.3999931108263348,1.4192545413970947,17814000
2014-10-24,1.4180407556956527,1.4712741057563956,1.4180407556956527,1.465056300163269,15600000
2014-10-27,1.4409421290666444,1.489170669028369,1.422135649664931,1.480070948600769,24660000
2014-10-28,1.4978152274586216,1.5460437607061854,1.4881084698358393,1.5445268154144287,18132000
2014-10-29,1.5378540746897134,1.5651532324886857,1.5005451823069005,1.5537785291671753,24510000
2014-10-30,1.5411911501265199,1.5411911501265199,1.4383641783688472,1.5013033151626587,17796000
2014-10-31,1.618993660332571,1.696037322976118,1.618993660332571,1.675866961479187,30552000
2014-11-03,1.704531117385489,1.732891291999633,1.6757150130366716,1.7069571018218994,12402000
2014-11-04,1.6916397052658052,1.7200008601494126,1.6502360075625135,1.6927016973495483,8046000
2014-11-05,1.7289484764044278,1.7463899865714863,1.6820849062218772,1.742598056793213,13212000
2014-11-06,1.7156017772925525,1.7254605121258924,1.6629753576147608,1.698161244392395,11454000
2014-11-07,1.6981610255684576,1.7089287980854195,1.6071638397733592,1.6482635736465454,16014000
2014-11-10,1.6632783874914088,1.6931563746103564,1.639923026683498,1.685572624206543,3756000
2014-11-11,1.6977064054991056,1.6977064054991056,1.6573637260991052,1.6708621978759766,4548000
2014-11-12,1.6485675219442295,1.674349840889679,1.6409838807641457,1.66782808303833,3774000
2014-11-13,1.680871558519598,1.7207584077244167,1.6531173416633722,1.6707098484039307,7716000
2014-11-14,1.655392366198751,1.716208590765563,1.633249023451231,1.7118107080459595,9924000
2014-11-17,1.6910327899301172,1.7021044100508247,1.6464440918812868,1.689667820930481,10320000
2014-11-18,1.6970992347515714,1.8014430272784847,1.6970992347515714,1.7873384952545166,10830000
2014-11-19,1.791433353817715,1.7970442287785895,1.726370244829951,1.7529104948043823,8220000
2014-11-20,1.7143887875822796,1.8047791636890886,1.7052890678168078,1.8017462491989136,8310000
2014-11-21,1.8615015411166003,1.874544192024796,1.817973969020332,1.8558897972106934,12906000
2014-11-24,1.8690839300433328,1.9167056398004385,1.8578613123681715,1.9132176637649536,9054000
2014-11-25,1.926109298448756,1.933540203864499,1.9009330411697136,1.9124596118927002,6144000
2014-11-26,1.9223182727172545,2.037277911303928,1.9223182727172545,2.035761833190918,10092000
2014-11-28,2.0530506031832374,2.072160166186601,2.0137699191586003,2.047438859939575,6168000
2014-12-01,2.0313623892291424,2.058358680533935,1.9497688633023051,1.976006031036377,13002000
2014-12-02,1.9926893218288768,2.0140736612904764,1.935815995490976,2.0136187076568604,8928000
2014-12-03,2.0321216489835896,2.1467783999816104,2.0321216489835896,2.138739585876465,10110000
2014-12-04,2.1677075671129438,2.1869679155477657,2.108104321365746,2.147991180419922,11634000
2014-12-05,2.16391518578606,2.213963747024536,2.1517824444953098,2.213963747024536,6846000
2014-12-08,2.210172273584877,2.2245808695735145,2.077013224649184,2.1185688972473145,15150000
2014-12-09,2.012404659550817,2.131156173828253,2.0077028236056833,2.112804651260376,12642000
2014-12-10,2.114777012122601,2.123118910960086,1.9831340381066658,1.9945087432861328,11838000
2014-12-11,2.028632569420584,2.0973355345837748,2.0087651827661674,2.022869825363159,9138000
2014-12-12,1.971608101263175,2.0096749256654562,1.9173128684936587,1.9227725267410278,10422000
2014-12-15,1.9571989931219829,2.0061866398464283,1.8502773691180834,1.8681737184524536,16956000
2014-12-16,1.8451221401080986,1.951436982582969,1.8219177763674939,1.8363252878189087,16812000
2014-12-17,1.8414818851862602,1.963569289359451,1.7956792301737954,1.9547733068466187,15510000
2014-12-18,2.0468316888565297,2.062605142593384,2.0034570775787377,2.062605142593384,21252000
2014-12-19,2.0841409270702806,2.0897526705924685,2.014376840673534,2.0465290546417236,15420000
2014-12-22,2.0753451739482376,2.1437441834671884,2.067003492663385,2.1373744010925293,10992000
2014-12-23,2.184012515788847,2.1882593327503463,2.119402057841228,2.125317096710205,16380000
2014-12-24,2.133051461404813,2.1582283901297448,2.123344361725538,2.1327483654022217,3030000
2014-12-26,2.155801899840287,2.1639920024716948,2.1304737433012924,2.141089916229248,3072000
2014-12-29,2.129108632264748,2.1360846142741394,2.0951345389344036,2.1219794750213623,5970000
2014-12-30,2.0786037370182395,2.1112118434348544,2.0786037370182395,2.0854287147521973,5286000
2014-12-31,2.0913436877893665,2.1360849660189705,2.043568411224209,2.044781446456909,8412000
2015-01-02,2.081333969929809,2.1130321401937664,1.9859344103536023,2.044933795928955,15978000
2015-01-05,1.9888157688088106,2.024760963242132,1.9245086389482546,1.9292104244232178,12648000
2015-01-06,1.9269353639057716,1.9337603396492726,1.7810315197580098,1.7978665828704834,13386000
2015-01-07,1.8294131026349225,1.8779473063143486,1.7990798491013043,1.8523151874542236,8574000
2015-01-08,1.926177407801243,2.05827910907197,1.911010239718183,2.01899790763855,13884000
2015-01-09,2.043719264874217,2.0497863932456273,1.9451358055504533,2.024003267288208,11070000
2015-01-12,1.9962476362341837,1.9962476362341837,1.8706669511017355,1.9023653268814087,10962000
2015-01-13,1.9446801022536113,2.0142954056163624,1.8166723987042113,1.8456414937973022,12708000
2015-01-14,1.7854296356001935,1.8711219536685624,1.7594945313791874,1.8160667419433594,9324000
2015-01-15,1.8512528365356018,1.8881079642438106,1.7669263022133557,1.7717794179916382,6774000
2015-01-16,1.755399335188434,1.839119678005117,1.7320421762962488,1.8322947025299072,8616000
2015-01-20,1.8473101795711229,1.910100531668289,1.8174320025649382,1.8902324438095093,9438000
2015-01-21,1.874762251153199,1.9760757360730583,1.8524670099272165,1.9522637128829956,9642000
2015-01-22,1.9580279163433572,1.9936691496732912,1.8366931592158409,1.988968014717102,12336000
2015-01-23,1.966672801258525,2.0020111560197478,1.937703803198178,1.971526026725769,9594000
2015-01-26,1.9694029532991677,1.9953381717087164,1.9141956390089832,1.9921531677246094,6576000
2015-01-27,1.9110107453546523,1.933760961093549,1.8385134982346898,1.8776437044143677,15486000
2015-01-28,1.9413434034109667,2.0003427668403098,1.8471579993853129,1.849584937095642,13218000
2015-01-29,1.8218297843211697,1.8752169880487115,1.7510013258668604,1.8548928499221802,15474000
2015-01-30,1.8057527878285584,1.863993002484702,1.7365923295224424,1.7408393621444702,10230000
2015-02-02,1.758129667367928,1.7684427436096921,1.6434689967965892,1.7567646503448486,14562000
2015-02-03,1.7831546212270712,1.8544380558674005,1.7702626257985,1.8515570163726807,10800000
2015-02-04,1.838513014852381,1.9119203988358644,1.8234979371618756,1.8737001419067383,8946000
2015-02-05,1.882952605741248,1.9269360392387518,1.8676337766656341,1.9249640703201294,6324000
2015-02-06,1.9369456747352884,1.9824458824262798,1.8793122952888035,1.895843505859375,11220000
2015-02-09,1.863538070643422,1.8871982193458332,1.8200098364655073,1.83381187915802,6336000
2015-02-10,1.9010003402140825,2.0209690931274853,1.8887152958767928,2.019603967666626,10446000
2015-02-11,2.016873786561892,2.062677951496497,1.9599984809828874,2.0399279594421387,9228000
2015-02-12,2.0776930453385813,2.138511420113465,2.062222998546818,2.138359546661377,8820000
2015-02-13,2.174001719011488,2.2013018408356504,2.1257714820925933,2.1838598251342773,8976000
2015-02-17,2.184619035694134,2.2108573484179352,2.1600489446310043,2.205700159072876,5856000
2015-02-18,2.1991786475655903,2.20372877589693,2.15974449131006,2.184011697769165,5652000
2015-02-19,2.169299550571965,2.2231419415425977,2.162929544330562,2.2040317058563232,5124000
2015-02-20,2.187499667652157,2.2458919710917558,2.167934679143475,2.243314027786255,6198000
2015-02-23,2.24149396016165,2.243010091119168,2.175366741193549,2.198723793029785,5010000
2015-02-24,2.190836944261859,2.29078551988778,2.1554985934125606,2.287752389907837,8376000
2015-02-25,2.287145155570744,2.2915440611372646,2.2316347641571297,2.249379873275757,5766000
2015-02-26,2.2797140904902893,2.316720441191257,2.259845138973028,2.295032262802124,6090000
2015-02-27,2.300037516268801,2.3156596549577113,2.2574194349844108,2.278500556945801,4236000
2015-03-02,2.3283996698087424,2.4689954466535853,2.3283996698087424,2.4677815437316895,10602000
2015-03-03,2.4444253132419433,2.4444253132419433,2.3205126219652557,2.3252146244049072,11424000
2015-03-04,2.3065598469584785,2.324455967174136,2.238005459021009,2.321423053741455,7704000
2015-03-05,2.3556999341435536,2.3634350672194295,2.2939707430121725,2.3235459327697754,5172000
2015-03-06,2.2948811790924477,2.313840200047427,2.232090812692218,2.2534759044647217,6402000
2015-03-09,2.2477116695383796,2.2877517953752835,2.2410385683545986,2.2731916904449463,3822000
2015-03-10,2.222990027734418,2.24073513951464,2.1366916236522346,2.1448817253112793,10950000
2015-03-11,2.172788987095626,2.228147303980684,2.1595940023100915,2.1629300117492676,5814000
2015-03-12,2.098016589336434,2.1605038445057154,2.088461578338013,2.1601998805999756,5214000
2015-03-13,2.1741539821250093,2.2149521861633854,2.131383592604011,2.2047901153564453,5982000
2015-03-16,2.2205644090225736,2.3056500123549646,2.2205644090225736,2.3018579483032227,6324000
2015-03-17,2.258479724416991,2.2654567894441078,2.2108565583789264,2.25286865234375,6150000
2015-03-18,2.253020342603087,2.336437930041397,2.1644468678679503,2.3023126125335693,8148000
2015-03-19,2.3023121775901996,2.336285398249249,2.2838090024821716,2.3191473484039307,4704000
2015-03-20,2.3726856096265845,2.4395711079841482,2.3575195275777125,2.4209158420562744,6618000
2015-03-23,2.4207652690268326,2.428045432313787,2.353121042251587,2.353121042251587,6318000
2015-03-24,2.3425047477775145,2.370562936058069,2.2903305723798315,2.2929093837738037,6552000
2015-03-25,2.301554324741246,2.301554324741246,1.9716775891220841,1.978805661201477,21066000
2015-03-26,1.8730927423501489,1.9337601020101611,1.7676842300865183,1.8972078561782837,24066000
2015-03-27,1.8859853950531469,2.077389580003991,1.8818904523056752,2.052971363067627,16368000
2015-03-30,2.0930109845325955,2.1497344107693728,2.059340860933434,2.1385111808776855,16764000
2015-03-31,2.09953282901284,2.114243939058889,2.0517575743376675,2.063283681869507,6942000
2015-04-01,2.0443264980623943,2.0503934099857344,1.9716780320158738,2.024458408355713,12366000
2015-04-02,2.029008716683306,2.0664700555114965,2.0017085840352444,2.0041346549987793,10686000
2015-04-06,1.9440739073410782,2.046753401225662,1.919048845296685,2.032799482345581,8514000
2015-04-07,2.0478141051101875,2.0899782975214203,2.024912890398908,2.0379559993743896,5790000
2015-04-08,2.026126247200963,2.092859669345473,2.0202112092502253,2.074659585952759,3948000
2015-04-09,2.039623824649921,2.160654371051597,2.039623824649921,2.1551945209503174,7356000
2015-04-10,2.167631407166712,2.179309606552124,2.1445783213439205,2.179309606552124,4248000
2015-04-13,2.1793102621251164,2.214042425629542,2.13183895097117,2.1369948387145996,7758000
2015-04-14,2.154891956533574,2.154891956533574,2.0519093732308122,2.074659585952759,8010000
2015-04-15,2.126074510652284,2.197813888658838,2.0955893864308233,2.179461717605591,8970000
2015-04-16,2.1233440087186035,2.1649011323983913,2.1107558718920165,2.1520092487335205,3702000
2015-04-17,2.1046894541509604,2.1046894541509604,2.027793971426656,2.059796094894409,9108000
2015-04-20,2.092556146754352,2.1353263123131656,2.0852762016659825,2.110149383544922,4416000
2015-04-21,2.180675373220363,2.199179422992762,2.1313839622932393,2.156257152557373,6054000
2015-04-22,2.1832541114435773,2.249532347094652,2.146095011199179,2.2455894947052,9702000
2015-04-23,2.1225866329618635,2.166569840320297,2.081333459680428,2.1401798725128174,11388000
2015-04-24,2.1309284487239255,2.1348715175939437,1.9968539099254772,2.035529136657715,18216000
2015-04-27,2.0406865171056134,2.1157619212199426,2.0335584434508083,2.0567634105682373,8376000
2015-04-28,2.040079553750122,2.0704136807703803,1.9716781183217311,2.0593416690826416,4686000
2015-04-29,2.0388661009834816,2.044023072921096,1.9618187402399232,2.0247609615325928,7008000
2015-04-30,2.007318763390803,2.0347709742617233,1.9346703156166587,1.9785025119781494,6360000
2015-05-01,1.9982186513987081,2.148218411409941,1.9982186513987081,2.1327483654022217,17382000
2015-05-04,2.1413936458900213,2.1661147397452973,2.1021113586819604,2.1187944412231445,7014000
2015-05-05,2.099533223295697,2.099533223295697,1.9789574235906566,1.9848724603652954,11862000
2015-05-06,2.0035281629017505,2.0279461638109297,1.933457645245433,1.9774410724639893,9012000
2015-05-07,1.9956411582460145,2.0529714437749296,1.9956411582460145,2.044023275375366,7686000
2015-05-08,2.0931635601658036,2.1280467266738943,2.0810295207747225,2.1025664806365967,10140000
2015-05-11,2.097409462343475,2.1277435838245937,2.0766314363658918,2.1031734943389893,7164000
2015-05-12,2.0822436771123547,2.0849737115543547,2.0188462588397154,2.0528194904327393,6732000
2015-05-13,2.0729914246413044,2.1306245837728706,2.069503325094335,2.0863382816314697,5100000
2015-05-14,2.1306244864519006,2.186589855428845,2.106206488965914,2.1633846759796143,10308000
2015-05-15,2.184011890151474,2.1991788412839055,2.1416964740060083,2.174001693725586,4164000
2015-05-18,2.1655084632844286,2.2393699403116614,2.1655084632844286,2.2322418689727783,6348000
2015-05-19,2.256964063418726,2.2812304039068714,2.187196870021286,2.211918830871582,6744000
2015-05-20,2.2337593383610397,2.2750125120986064,2.1985719910216788,2.223445177078247,2923500
2015-05-21,2.2173785715795886,2.2689450256786863,2.1876515169529434,2.2568118572235107,2389500
2015-05-22,2.263484809183368,2.2962449910361182,2.257418767761989,2.2731916904449463,2566500
2015-05-26,2.250745254378789,2.2671254586812255,2.1882588690397395,2.2240521907806396,4063500
2015-05-27,2.2404325228701296,2.5043341916414934,2.2355795139663712,2.4837069511413574,13917000
2015-05-28,2.48916662267047,2.530420880122098,2.4412403468899213,2.4903805255889893,6607500
2015-05-29,2.5055464128056157,2.5486205411870646,2.4843132039779707,2.5122203826904297,5224500
2015-06-01,2.554686823130422,2.5759209017990314,2.485526472103992,2.5237467288970947,6366000
2015-06-02,2.5019065171164336,2.5019065171164336,2.426680121552051,2.4345662593841553,5436000
2015-06-03,2.480067343680381,2.4818874392501544,2.384213677852468,2.386033773422241,4191000
2015-06-04,2.3563061262734197,2.3836062513661056,2.3029197790825378,2.3235459327697754,8517000
2015-06-05,2.3174805647778585,2.341746698825709,2.2574202286728724,2.3271865844726562,6295500
2015-06-08,2.3271851939886026,2.3302191911791104,2.1767313474684307,2.199178457260132,10593000
2015-06-09,2.1906847855582123,2.206458796658962,2.1233445289364514,2.1876518726348877,10443000
2015-06-10,2.2349716940884483,2.294424932493553,2.214344462603522,2.2695517539978027,8491500
2015-06-11,2.3004932282611357,2.3053462375108653,2.2622729599116336,2.2683398723602295,5124000
2015-06-12,2.2392187545317723,2.2446788216852442,2.1973585289712307,2.206458568572998,3468000
2015-06-15,2.162778850107145,2.197358919962102,2.1021114747096252,2.1900789737701416,3541500
2015-06-16,2.1694520303927707,2.2276922528839513,2.1627789269481332,2.21313214302063,3762000
2015-06-17,2.229512371381813,2.24346542142353,2.1912921097096434,2.2179853916168213,4078500
2015-06-18,2.2373987039703707,2.3417452959685576,2.2373987039703707,2.312019109725952,7689000
2015-06-19,2.3180858466460887,2.336285929902144,2.2525654601394476,2.2913925647735596,4377000
2015-06-22,2.3326458640351153,2.352666041606798,2.299885672082405,2.334465742111206,4977000
2015-06-23,2.344780027961633,2.3605531733082206,2.2731925121474927,2.2944257259368896,5640000
2015-06-24,2.2865393666511817,2.3035255455125863,2.2234450556534004,2.2264790534973145,4566000
2015-06-25,2.2646989791902734,2.2646989791902734,2.2016046774631057,2.2216248512268066,3018000
2015-06-26,2.1670245787962537,2.1670245787962537,2.0274906415140035,2.0596439838409424,10182000
2015-06-29,1.9716781383955202,2.01778454527169,1.878857613696067,1.8837106227874756,11571000
2015-06-30,1.9358838101978852,1.9492308860639567,1.878250425840275,1.9061576128005981,11799000
2015-07-01,1.9771376218118097,1.9941237994859218,1.9043372999167991,1.9201102256774902,10522500
2015-07-02,1.9322434304352776,1.9619704894313201,1.9176833224021033,1.943770408630371,3387000
2015-07-06,1.9049435955924228,1.9437707008255818,1.8339631396214162,1.8661173582077026,8164500
2015-07-07,1.8630829616123865,1.8630829616123865,1.6738020031328527,1.8412429094314575,8449500
2015-07-08,1.7666227023674306,1.8048428523869882,1.677442171520056,1.7065622806549072,7170000
2015-07-09,1.789676585236204,1.7963495790329156,1.6252686977386475,1.6252686977386475,11626500
2015-07-10,1.6986762819193297,1.7356825297234262,1.68047619982011,1.7174824476242065,10768500
2015-07-13,1.7684427351460852,1.7702627216744649,1.7223364459208144,1.7587366104125977,7369500
2015-07-14,1.777542702304583,1.827896890279694,1.777542702304583,1.8194029331207275,5853000
2015-07-15,1.830322947582128,1.830322947582128,1.7581295735638105,1.782396674156189,8317500
2015-07-16,1.826076779673806,1.826076779673806,1.7435694622496598,1.793922781944275,9607500
2015-07-17,1.7763293234553381,1.7866423972223908,1.7375021216263082,1.7787562608718872,5380500
2015-07-20,1.7975626239108524,1.8109096963885944,1.7411423975854976,1.742356300354004,4542000
2015-07-21,1.730829216804321,1.792709619099007,1.730829216804321,1.7472093105316162,6831000
2015-07-22,1.6325490540703473,1.6325490540703473,1.5591416609744961,1.61798894405365,14968500
2015-07-23,1.645895869168319,1.7441764400249886,1.645895869168319,1.6889691352844238,8224500
2015-07-24,1.724156564786039,1.724156564786039,1.5803757738304098,1.5870487689971924,7174500
2015-07-27,1.563388413933487,1.58280152887192,1.4984749904702832,1.5494352579116821,9583500
2015-07-28,1.5749157282217818,1.6768362848869385,1.538515560407385,1.645896077156067,12343500
2015-07-29,1.6458959340798418,1.6634890649433638,1.5985757417308384,1.6543890237808228,9057000
2015-07-30,1.6404358875059624,1.6895761722672216,1.6143488004760418,1.6731960773468018,5058000
2015-07-31,1.676229066309616,1.6804760990173586,1.6052487286841801,1.6143487691879272,5568000
2015-08-03,1.6034285997339186,1.6185956590277273,1.5718814461851505,1.5985755920410156,3805500
2015-08-04,1.5834086867780097,1.5931156794374295,1.5142483302986403,1.5451884269714355,6415500
2015-08-05,1.563388756248459,1.6361890922585844,1.563388756248459,1.602821946144104,7600500
2015-08-06,1.6076755817588284,1.6076755817588284,1.4808809964785195,1.5191011428833008,7930500
2015-08-07,1.5166749961345027,1.548221279242677,1.4984749170092462,1.5439751148223877,6246000
2015-08-10,1.5773415061692706,1.6659159474057177,1.5773415061692706,1.659848928451538,8170500
2015-08-11,1.6270892743696443,1.6270892743696443,1.524561751531167,1.5470088720321655,7215000
2015-08-12,1.500900866742151,1.5955413357160375,1.4547945891083711,1.5730952024459839,9519000
2015-08-13,1.5730955503069932,1.5943286535078611,1.5251682996749878,1.5251682996749878,7285500
2015-08-14,1.512428123093776,1.5215282720954926,1.4699609418874982,1.4984750747680664,5598000
2015-08-17,1.476028316027985,1.5433686971664429,1.4560082437634416,1.5433686971664429,4459500
2015-08-18,1.5403354990295903,1.5403354990295903,1.4408410158299287,1.4481210708618164,8851500
2015-08-19,1.4523680136503825,1.457828082112298,1.3789607278875586,1.4074747562408447,7707000
2015-08-20,1.3710742860815326,1.3710742860815326,1.249739663097849,1.2509536743164062,13956000
2015-08-21,1.203633408606896,1.2576266971164574,1.1472130739332702,1.162379264831543,12129000
2015-08-24,0.929418232869327,1.2194068814269912,0.9136450863126753,1.0731990337371826,29239500
2015-08-25,1.1890733229053287,1.2048464654737763,1.0380125045776367,1.0380125045776367,14115000
2015-08-26,1.1393262245620104,1.196353518411466,1.0719858544037868,1.1921064853668213,21187500
2015-08-27,1.255807056522541,1.330427491702268,1.2491339523864946,1.3261804580688477,24174000
2015-08-28,1.2976668476625868,1.3565141159168546,1.2976668476625868,1.351660132408142,10723500
2015-08-31,1.31647425087738,1.3777477146474033,1.2970602639977453,1.335280418395996,9834000
2015-09-01,1.2254734478648825,1.297059857841488,1.1751191606306421,1.197566270828247,13606500
2015-09-02,1.2570197982227722,1.2818938493728638,1.2151595691649129,1.2818938493728638,5200500
2015-09-03,1.3067670001531275,1.3619743008407084,1.3000938977415202,1.3116201162338257,7801500
2015-09-04,1.2479201160467146,1.2916003440181547,1.2266870078839096,1.2418540716171265,7768500
2015-09-08,1.3286069634577575,1.409294277708801,1.32557383416024,1.4044404029846191,11443500
2015-09-09,1.4456947806721876,1.4748148878892182,1.3213271295144178,1.3304271697998047,17734500
2015-09-10,1.328607556861458,1.3850278007922965,1.28978033856205,1.3492345809936523,8355000
2015-09-11,1.3085868528576377,1.352874122556333,1.2934197954040156,1.3486270904541016,6459000
2015-09-14,1.3668273663639792,1.3807805231715666,1.3443802526056343,1.3619743585586548,5242500
2015-09-15,1.3741075322717944,1.422034785085037,1.3741075322717944,1.408687710762024,5133000
2015-09-16,1.4074750040252915,1.4244611875748512,1.3753208882096792,1.420215129852295,6328500
2015-09-17,1.4202146219780376,1.4535807849030447,1.3765342991751994,1.381994366645813,10005000
2015-09-18,1.3249672061946562,1.3662204867335763,1.2964540481435052,1.3128341436386108,9004500
2015-09-21,1.3346742301392853,1.3510542162085173,1.2824999487774078,1.2994869947433472,7872000
2015-09-22,1.2303267389443213,1.2473137862246735,1.198779582385763,1.2145535945892334,10623000
2015-09-23,1.218193371743705,1.2357864982420863,1.1836132022097416,1.1866462230682373,5457000
2015-09-24,1.1557061286271393,1.2048464081772607,1.0883657696468314,1.181793212890625,11694000
2015-09-25,1.2309338297076362,1.2539870313106811,1.1666264742361885,1.1999937295913696,14334000
2015-09-28,1.1745135216809854,1.198779648611577,1.0998930931091309,1.0998930931091309,19645500
2015-09-29,1.1144529733989754,1.1544932175270113,1.0822988671015263,1.1241590976715088,8577000
2015-09-30,1.1751194591520293,1.2558069050329717,1.1745134840047895,1.2497398853302002,11164500
2015-10-01,1.2473135215468514,1.2473135215468514,1.1435730090355516,1.2084863185882568,11292000
2015-10-02,1.1672334692262187,1.2861402034759521,1.1569194160486411,1.2861402034759521,11044500
2015-10-05,1.321327360123986,1.3777477065251853,1.3067672497337948,1.3577275276184082,11214000
2015-10-06,1.3716806173324585,1.383207596812311,1.2982740939035533,1.3716806173324585,10017000
2015-10-07,1.403834655276712,1.4517609301462215,1.355907404077796,1.433560848236084,13086000
2015-10-08,1.4177880710171717,1.4608613489920412,1.3844209201074804,1.4602552652359009,10491000
2015-10-09,1.4523679431204224,1.4669280526577586,1.400194633122325,1.421427845954895,9637500
2015-10-12,1.4214278637909659,1.4347748299162597,1.4050477674761876,1.4274948835372925,3466500
2015-10-13,1.3935203172974018,1.4196073997681213,1.3692541972776275,1.3698601722717285,5832000
2015-10-14,1.3953407341608883,1.5603556083245536,1.3819946352326284,1.5245615243911743,12873000
2015-10-15,1.5585358084471526,1.600396049591887,1.52698864561034,1.5700619220733643,7219500
2015-10-16,1.5773416370838815,1.582195621485617,1.53790845143221,1.576128602027893,3847500
2015-10-19,1.5536815432040756,1.6058558295906509,1.5403354450795579,1.57552170753479,3388500
2015-10-20,1.5664217287845157,1.5864417988603,1.5451885150793565,1.5682417154312134,3612000
2015-10-21,1.6198087621140387,1.6671290605032156,1.5761285450907438,1.576735496520996,7911000
2015-10-22,1.644682427280886,1.7490300466973656,1.644682427280886,1.7368968725204468,9553500
2015-10-23,1.7914967324311688,1.8187968547421882,1.7332564064123683,1.8048428297042847,12801000
2015-10-26,1.7805764894369112,1.78300255933565,1.6804760469945221,1.696856141090393,7888500
2015-10-27,1.6622757288174566,1.6968560091496094,1.6495357168896345,1.6616687774658203,5899500
2015-10-28,1.6932160925767554,1.7490294784160683,1.6762290467543572,1.7478164434432983,7332000
2015-10-29,1.6428622214383948,1.6483221816349354,1.5803758294984427,1.5943288803100586,7363500
2015-10-30,1.6046417886880693,1.6501421030877337,1.6046417886880693,1.6349759101867676,4933500
2015-11-02,1.6507491007858346,1.683509293357224,1.6422560108272048,1.6762292385101318,4515000
2015-11-03,1.6713759566903656,1.7217292756867242,1.6647019861338763,1.7011022567749023,3586500
2015-11-04,1.7065621750992854,1.7290092883658197,1.6804760654257676,1.7193022966384888,4272000
2015-11-05,1.6992822057903956,1.6992822057903956,1.6003955579671618,1.6119216680526733,6928500
2015-11-06,1.6374018432461772,1.7381093477791572,1.6374018432461772,1.7332563400268555,7741500
2015-11-09,1.720516410059248,1.720516410059248,1.658636106599688,1.684116244316101,4533000
2015-11-10,1.6307288101008257,1.638008755479307,1.5773414953419465,1.5925085544586182,6873000
2015-11-11,1.6034289038589926,1.648929222522241,1.5925088751114784,1.5961488485336304,6765000
2015-11-12,1.5791617765216583,1.600395858515342,1.5354815536903375,1.5373015403747559,5874000
2015-11-13,1.5330554574613353,1.550648589459655,1.4754212088280807,1.4942282438278198,8245500
2015-11-16,1.4918009976784397,1.5518613042176987,1.4905879627758987,1.5500413179397583,4926000
2015-11-17,1.5518613021618795,1.6161686410282603,1.5488282809854161,1.5803754329681396,5721000
2015-11-18,1.582195649916872,1.6313359374066727,1.551861528412577,1.6270889043807983,7293000
2015-11-19,1.635581967943638,1.6810821731429195,1.6107087827892084,1.6386159658432007,4227000
2015-11-20,1.6592417012643728,1.6804757759099838,1.6398285890025426,1.6556016206741333,4059000
2015-11-23,1.6586359849456431,1.6586359849456431,1.5864416339048306,1.5894756317138672,4002000
2015-11-24,1.5773414686457314,1.6604558403525855,1.5415482598326105,1.6507488489151,6042000
2015-11-25,1.6586358909826362,1.6804760526780078,1.6343687915320262,1.6549959182739258,2290500
2015-11-27,1.67016189768666,1.6962489818756987,1.6634887956024413,1.6920020580291748,1800000
2015-11-30,1.698069521349501,1.7466027536266886,1.6883624192736177,1.7435697317123413,4113000
2015-12-01,1.753882751410889,1.8145500220131545,1.753882751410889,1.8115170001983643,8346000
2015-12-02,1.8212231128661804,1.847310202848775,1.7769368073118037,1.7860368490219116,9337500
2015-12-03,1.8485233511370671,1.8655104004492615,1.7265827196695005,1.7526698112487793,6945000
2015-12-04,1.7666228877865724,1.8606573043510244,1.7381096186210434,1.8497371673583984,6492000
2015-12-07,1.8394229720960806,1.8394229720960806,1.7896767126673847,1.7969566583633423,3729000
2015-12-08,1.7229425816188113,1.7708698381684354,1.7023164273117573,1.7532767057418823,6631500
2015-12-09,1.7387161824307298,1.7611624265881738,1.661061880189433,1.6835089921951294,6715500
2015-12-10,1.6847222438433274,1.7520626121950362,1.6835092087927217,1.7126293182373047,5155500
2015-12-11,1.6628819365325798,1.6768359606870213,1.6040355306524254,1.6119216680526733,7531500
2015-12-14,1.6094956362569435,1.6295158119428643,1.5324482803164559,1.5809816122055054,8115000
2015-12-15,1.6143485925676468,1.6731958618595968,1.60464149322726,1.653781771659851,5202000
2015-12-16,1.67016189768666,1.7023160004448714,1.6125285299509364,1.6920020580291748,5487000
2015-12-17,1.719909177523782,1.738716208801825,1.6173816919326782,1.6173816919326782,5890500
2015-12-18,1.5834087439601428,1.6076758468013892,1.5530754891746335,1.560355544090271,5401500
2015-12-21,1.5997887217475169,1.6477159723896717,1.5876556593915079,1.6471089124679565,3751500
2015-12-22,1.667129107515016,1.6701621290551332,1.6137417883818015,1.653175950050354,2517000
2015-12-23,1.6671290807480816,1.6907892302299885,1.6471089041952174,1.6889691352844238,3277500
2015-12-24,1.6810821444815207,1.7235494358676606,1.677442171520056,1.7065622806549072,1558500
2015-12-28,1.6865421533584595,1.6865421533584595,1.634368847800585,1.6865421533584595,3654000
2015-12-29,1.7199092623589685,1.7672295592112366,1.6992822437699522,1.7478164434432983,5613000
2015-12-30,1.7381091893489278,1.755096233668143,1.692002040030488,1.6938220262527466,3543000
2015-12-31,1.6719822606364234,1.679869267224207,1.6240559816360474,1.6240559816360474,2239500
2016-01-04,1.5312354092845264,1.5700616450285605,1.500295203490682,1.5688486099243164,6852000
2016-01-05,1.5870487212807995,1.588261756406895,1.516068375511652,1.520315408706665,7008000
2016-01-06,1.446300998742594,1.4487279367322412,1.3571204654741729,1.3977676630020142,8817000
2016-01-07,1.291600097756209,1.3492343431558695,1.2448868564765194,1.254593849182129,8475000
2016-01-08,1.2812873540626144,1.292814444793359,1.1890737741678838,1.1927138566970825,9717000
2016-01-11,1.2133397283692453,1.2436738507685727,1.1617733692023653,1.2109136581420898,9301500
2016-01-12,1.2539869427771309,1.2752200476545477,1.1896795918458885,1.2412468194961548,8331000
2016-01-13,1.2436733766833008,1.2691535047374856,1.1199127082139704,1.123552680015564,6531000
2016-01-14,1.1381134866077152,1.2109139438998462,1.0901862214714435,1.1927138566970825,8373000
2016-01-15,1.0489326205245388,1.0750187292263806,0.9834122458629914,1.0319454669952393,12220500
2016-01-19,1.0859393373514952,1.1029263898044155,1.0076788075115424,1.0355859994888306,9246000
2016-01-20,0.9949387263140126,1.0877592555015656,0.9682455478045531,1.0556060075759888,11091000
2016-01-21,1.0847260771923137,1.1429664114931872,1.0519658823680063,1.0992860794067383,13318500
2016-01-22,1.1611667111752884,1.186646855381863,1.141753588247749,1.1635936498641968,12348000
2016-01-25,1.150853534011742,1.162379647624328,1.1065662459531576,1.1138463020324707,7657500
2016-01-26,1.1314389117668728,1.1726930499987038,1.1114188481927327,1.1466059684753418,7986000
2016-01-27,1.1265861863169029,1.1702664049685976,1.088365927196016,1.1059590578079224,9180000
2016-01-28,1.1332590422401367,1.1381130260535495,1.0719857004739086,1.0962527990341187,6303000
2016-01-29,1.1144526812045263,1.2467064410580575,1.1144526812045263,1.2442795038223267,11986500
2016-02-01,1.2181938910834798,1.2818941905728718,1.2072737529575874,1.2630871534347534,8037000
2016-02-02,1.2218337315371042,1.2218337315371042,1.12537324515329,1.138113260269165,8760000
2016-02-03,1.177546474119018,1.1830064337176536,1.0762328779656734,1.1472132205963135,9664500
2016-02-04,1.1526731595229731,1.2266866239470469,1.1441792029412914,1.203633427619934,13746000
2016-02-05,1.1927133901184443,1.1927133901184443,1.065918696113489,1.0816928148269653,16936500
2016-02-08,1.0276986208332808,1.0313385937096524,0.9494382276619118,0.9979724287986755,10143000
2016-02-09,0.9609651140922169,1.035585527234833,0.9530781091855625,0.9785582423210144,6549000
2016-02-10,1.0131385614583375,1.033158630210558,0.9561122446445525,0.957325279712677,13690500
2016-02-11,0.9100049875404259,0.9530782555180005,0.899691911264184,0.9354851245880127,18111000
2016-02-12,0.9828051794971612,1.0016122086454742,0.9275978861949393,0.9973651766777039,14359500
2016-02-16,1.0416527803094373,1.119913183592618,1.027698753619411,1.1029261350631714,19578000
2016-02-17,1.1259790718700287,1.1890732663589056,1.1205190046485607,1.181793212890625,18730500
2016-02-18,1.2103064517014437,1.2109134030545785,1.1605592217603333,1.162986159324646,11878500
2016-02-19,1.159953290631647,1.200599510046039,1.1557062578172204,1.1787594556808472,7744500
2016-02-22,1.2212265303052816,1.2551997523590324,1.2175865577253844,1.2345736026763916,8479500
2016-02-23,1.2072737874958999,1.226687017391654,1.1696597121435799,1.1745136976242065,5545500
2016-02-24,1.134473135562218,1.2315396926486673,1.113239056662175,1.2236535549163818,14658000
2016-02-25,1.2412469840161773,1.272187194530018,1.1939267832973781,1.2709741592407227,9294000
2016-02-26,1.2994870754558918,1.3067671299838555,1.2746138903019082,1.2903870344161987,11154000
2016-02-29,1.3104072170661043,1.350447354418766,1.283713936805725,1.283713936805725,15354000
2016-03-01,1.331640160133705,1.391700467397023,1.3104070589557788,1.3904874324798584,12424500
2016-03-02,1.3929145226584612,1.4147546860911944,1.3753205243058417,1.4141477346420288,8562000
2016-03-03,1.4135404468360784,1.4256743743229436,1.3874542330115809,1.4171804189682007,9262500
2016-03-04,1.448121205742939,1.4972615004244232,1.4153610092886162,1.4620752334594727,17245500
2016-03-07,1.4281007694402936,1.4978681834909047,1.4171807420732345,1.4784550666809082,13198500
2016-03-08,1.4426611055938694,1.4469081391493117,1.3735007405687034,1.3777477741241455,13114500
2016-03-09,1.3971605156170768,1.422640648909082,1.3783543523796558,1.4117205142974854,10950000
2016-03-10,1.4341677792197143,1.471175002440702,1.3722874799120053,1.4305278062820435,10504500
2016-03-11,1.4723878271610569,1.516068038579235,1.4687477462622756,1.5154610872268677,10131000
2016-03-14,1.5051485940304263,1.5178886108929137,1.4814884387360123,1.497868537902832,10215000
2016-03-15,1.48270102486414,1.4893749952316284,1.452367774218576,1.4893749952316284,10891500
2016-03-16,1.4778481881778551,1.536695582085532,1.4626811260627146,1.5306285619735718,12388500
2016-03-17,1.5233482850312279,1.5730955212165605,1.5106081629917982,1.5639954805374146,10372500
2016-03-18,1.573701632126564,1.6295158885103944,1.5591415233946615,1.6264818906784058,9391500
2016-03-21,1.607675725412697,1.635581931515743,1.587655657267112,1.634368896484375,6912000
2016-03-22,1.6155614727670702,1.645895477295535,1.5943282662427414,1.6301214694976807,6469500
2016-03-23,1.6216287216508418,1.6228417566428834,1.5621754705814075,1.5646015405654907,7260000
2016-03-24,1.5294157735684644,1.5621759734584197,1.5093955911462278,1.5609619617462158,10165500
2016-03-28,1.5864417603761545,1.5864417603761545,1.5379085311857466,1.5591416358947754,8259000
2016-03-29,1.543368234130664,1.6270886887248086,1.5160681141928432,1.6185956001281738,8484000
2016-03-30,1.6489290765124036,1.695642317749446,1.6452889949315166,1.6671291589736938,8788500
2016-03-31,1.6519620635115886,1.662882091063207,1.635581967943638,1.6386159658432007,6111000
2016-04-01,1.6149556989505456,1.6719820111822037,1.5852285315347157,1.6707689762115479,8401500
2016-04-04,1.6707690785984435,1.6725891735711569,1.6167757844087995,1.624661922454834,6859500
2016-04-05,1.585228521127982,1.6319418661816336,1.5712754731069263,1.5955415964126587,4804500
2016-04-06,1.5937215670254945,1.648321807483588,1.5530752420601026,1.6440757513046265,7842000
2016-04-07,1.618595622658964,1.6258756764399278,1.5512552607863435,1.5670284032821655,4113000
2016-04-08,1.613135699466952,1.634975752813269,1.5749154433893409,1.5906885862350464,5931000
2016-04-11,1.6161686649444293,1.660455829992255,1.5882614850997925,1.5882614850997925,4776000
2016-04-12,1.5943288612939424,1.6113159101699572,1.521528525026575,1.5834088325500488,6948000
2016-04-13,1.6149558261059465,1.693822306552009,1.6107087931207575,1.6913962364196777,8346000
2016-04-14,1.6458959085303766,1.658029079596658,1.5997887519718397,1.6501420736312866,7392000
2016-04-15,1.653781976540412,1.653781976540412,1.6046416920200237,1.6058557033538818,4174500
2016-04-18,1.57734164607543,1.6216288163812935,1.57734164607543,1.6082818508148193,5779500
2016-04-19,1.6155622925591306,1.6234493004601978,1.5294157371238886,1.5470088720321655,7656000
2016-04-20,1.5379083132337914,1.6143487160371706,1.5348751834611514,1.5925085544586182,6774000
2016-04-21,1.5937216486041872,1.5937216486041872,1.5427613781756884,1.5646015405654907,3598500
2016-04-22,1.5682412192106698,1.6149554244799555,1.5360879873181474,1.5730952024459839,4846500
2016-04-25,1.5555014405675944,1.5840155744141615,1.5336613859704913,1.544581413269043,3564000
2016-04-26,1.5797681331266462,1.649535528702137,1.570668094650373,1.6064614057540894,5229000
2016-04-27,1.5603555698784404,1.6640962185394943,1.554895609962264,1.6580291986465454,7045500
2016-04-28,1.6234490585872388,1.6568162043263757,1.5142484473193787,1.5245615243911743,8776500
2016-04-29,1.5112152976498563,1.5112152976498563,1.3704676376079783,1.4074747562408447,10438500
2016-05-02,1.4129345767798247,1.4426607672260925,1.3844204449487634,1.4365947246551514,4453500
2016-05-03,1.3983745757883796,1.4147546710687373,1.3686474067445586,1.3886675834655762,4360500
2016-05-04,1.3528743801395908,1.3862405460294713,1.3261802324399825,1.3389203548431396,4780500
2016-05-05,1.3777478533026923,1.3898809183169198,1.3364945644057773,1.3492345809936523,5563500
2016-05-06,1.3364941669718102,1.3553003307906633,1.3000938979428178,1.3546942472457886,3399000
2016-05-09,1.3601541756176014,1.3862402820933948,1.338920099916687,1.3486270904541016,3502500
2016-05-10,1.3625804550920086,1.4001945203723127,1.3383142225430906,1.3989806175231934,4980000
2016-05-11,1.3904872758969973,1.4262804804053661,1.3838141743506136,1.3862402439117432,7488000
2016-05-12,1.4020146756098575,1.404440745715838,1.2800739526483995,1.3128341436386108,8350500
2016-05-13,1.3176871845293445,1.3595474175618976,1.315867197980331,1.3286073207855225,6027000
2016-05-16,1.3371002275143824,1.4190005873383436,1.3358871925972178,1.3904874324798584,8338500
2016-05-17,1.3892743981143483,1.4092944643830594,1.352874238178134,1.363187313079834,4624500
2016-05-18,1.337100649991998,1.464501358453416,1.337100649991998,1.4293150901794434,10564500
2016-05-19,1.412327735306798,1.4402348094324593,1.3668274223557333,1.4014075994491577,5457000
2016-05-20,1.4705680494802065,1.5354813702193664,1.4572209758110188,1.5318413972854614,9211500
2016-05-23,1.5755217502072099,1.6064619567267968,1.5567155833703932,1.5652086734771729,6511500
2016-05-24,1.6016086262948026,1.6829021468210033,1.5925085859109376,1.678655982017517,9954000
2016-05-25,1.7047425245718777,1.7199095868726986,1.6683423561135324,1.7083826065063477,10669500
2016-05-26,1.7277962720206856,1.7362893610285575,1.7017091857367328,1.7253693342208862,4302000
2016-05-27,1.7253691342884714,1.7654093725848663,1.7253691342884714,1.7569162845611572,3603000
2016-05-31,1.771476440619799,1.790889664400084,1.7508494225287787,1.78542959690094,4935000
2016-06-01,1.7860368737602037,1.8206171629148484,1.7611628185808097,1.8163701295852661,4663500
2016-06-02,1.7969567460741265,1.8151569366455078,1.781182734101977,1.8151569366455078,3682500
2016-06-03,1.8600501547231174,1.8691501961243833,1.7987769114568328,1.8321431875228882,4863000
2016-06-06,1.843063055566279,1.864297135795984,1.807876902379677,1.8181899785995483,4572000
2016-06-07,1.8418496331055572,1.881282919487415,1.8418496331055572,1.8715769052505493,5604000
2016-06-08,1.8697571777100848,1.8831033838301454,1.8515570956704286,1.8667231798171997,4368000
2016-06-09,1.8254705379347451,1.8770376689885688,1.809697389273056,1.8740038871765137,5599500
2016-06-10,1.8145498697657183,1.8145498697657183,1.7611626587581402,1.7799696922302246,5686500
2016-06-13,1.7478167037236956,1.8145500178006178,1.7429627189321175,1.7557027339935303,5010000
2016-06-14,1.7296165100424412,1.7648027740170713,1.7029224684628668,1.750849723815918,6199500
2016-06-15,1.7781494280930206,1.7914964999635847,1.7435692559567018,1.7514562606811523,3606000
2016-06-16,1.688361975949818,1.7538823484530595,1.6604557733858318,1.7496362924575806,7249500
2016-06-17,1.7405367608407643,1.7532767767235484,1.668949348875843,1.7059565782546997,3912000
2016-06-20,1.788462806000681,1.8266830655463486,1.7605565989888416,1.76358962059021,5973000
2016-06-21,1.7902826301480683,1.7927096763990982,1.760556439301972,1.7817895412445068,2568000
2016-06-22,1.7799696740358413,1.8321430900883453,1.7690496466312664,1.7739026546478271,3489000
2016-06-23,1.8479171935611858,1.9134375782028614,1.8327500240219772,1.9122234582901,5671500
2016-06-24,1.6531759170922238,1.7514564875675114,1.5749155230921115,1.5894756317138672,11479500
2016-06-27,1.5330551404525312,1.5330551404525312,1.3710743006286883,1.4001944065093994,11446500
2016-06-28,1.4669279606335979,1.5209212538164618,1.4566148848415206,1.5124281644821167,14646000
2016-06-29,1.5682418256633315,1.6198090577802464,1.5488287057213714,1.6034289598464966,9870000
2016-06-30,1.61313600766479,1.6907894611358643,1.5973618854760212,1.6907894611358643,5794500
2016-07-01,1.6422556446722285,1.6604557234915698,1.6283016217207782,1.6361886262893677,4080000
2016-07-05,1.6022153271892006,1.6028214106557532,1.523347997417264,1.5536811351776123,4137000
2016-07-06,1.5221353913844886,1.567028647520221,1.4748150886733702,1.560355544090271,6273000
2016-07-07,1.5706683487951032,1.6507488305210885,1.5706683487951032,1.6173816919326782,6213000
2016-07-08,1.66470224791566,1.7550966924398745,1.6628822612176677,1.7532767057418823,9957000
2016-07-11,1.7908896811945159,1.8333568611993205,1.787856551402183,1.8109097480773926,9292500
2016-07-12,1.8576230972321555,1.9006972312560608,1.8533771491890199,1.8849232196807861,6894000
2016-07-13,1.9049432663055028,1.9243572494904166,1.8794630235811316,1.8897771835327148,5205000
2016-07-14,1.9419506477796966,1.9474107157415055,1.894630348060141,1.931030511856079,6063000
2016-07-15,1.9334577720940789,1.9377039378690684,1.904943741599356,1.926783800125122,4302000
2016-07-18,1.9850231536911207,2.0232431808492257,1.9832030594141603,2.0135371685028076,5875500
2016-07-19,2.0007981958277163,2.007471299734434,1.9734980693043764,1.9898780584335327,3187500
2016-07-20,2.0123243459900864,2.102718794222639,2.007471337212504,2.0857317447662354,6294000
2016-07-21,2.0881580972789178,2.0966510772192373,2.016570813839188,2.042050838470459,5059500
2016-07-22,2.028702857261274,2.075417154988645,1.9844165808884413,2.0742032527923584,5407500
2016-07-25,2.079664182214907,2.120918436576549,2.079664182214907,2.1075713634490967,4806000
2016-07-26,2.1682392508482646,2.3830003000014157,2.1682392508482646,2.364800214767456,15642000
2016-07-27,2.417580499966559,2.421220473482171,2.3071658726924715,2.3502402305603027,8205000
2016-07-28,2.3053454168033998,2.3623725944288307,2.2792591995999785,2.313232421875,5161500
2016-07-29,2.3156597229260494,2.3314328676960514,2.2519594330000876,2.278045654296875,5205000
2016-08-01,2.308380031267861,2.315659978420637,2.264699697464828,2.29017972946167,3016500
2016-08-02,2.2762256426804446,2.2762256426804446,2.1433649897143074,2.1803719997406006,7983000
2016-08-03,2.142152019103696,2.1955392360687256,2.142152019103696,2.1955392360687256,4182000
2016-08-04,2.2119190533904973,2.2543854789599878,2.1961450409418215,2.252565383911133,5209500
2016-08-05,2.2950330504450593,2.344173238170039,2.2841129123007824,2.3387131690979004,5161500
2016-08-08,2.3605526311081055,2.378752710428983,2.3180853454352714,2.329005479812622,3063000
2016-08-09,2.3435653111215005,2.4102995783380767,2.3429591191986074,2.3890655040740967,3786000
2016-08-10,2.3981654257488407,2.3999853032010012,2.307771887059525,2.3338589668273926,5244000
2016-08-11,2.3508461350015644,2.3751131306201185,2.326580007231471,2.3672261238098145,2359500
2016-08-12,2.3660136677698653,2.413941044664509,2.3660136677698653,2.3975608348846436,4086000
2016-08-15,2.4200064924086258,2.514040910388317,2.4175804220420734,2.497053861618042,4903500
2016-08-16,2.4934134543337345,2.4934134543337345,2.434566179318052,2.4436662197113037,2446500
2016-08-17,2.4515531862296815,2.4515531862296815,2.4024130122783247,2.442453145980835,3484500
2016-08-18,2.4303198070636807,2.496446371078491,2.4303198070636807,2.496446371078491,3172500
2016-08-19,2.5049407305127582,2.5783472544343464,2.49766078411695,2.561361074447632,4912500
2016-08-22,2.5534740989232785,2.5850212568930773,2.5322408855187484,2.564394235610962,3501000
2016-08-23,2.6001872573496247,2.636587422507642,2.5977611871662987,2.605647325515747,4677000
2016-08-24,2.605647455449318,2.619601590460198,2.5152538810356746,2.5383071899414062,4705500
2016-08-25,2.567426912435634,2.6020071974539007,2.51282666794982,2.569247007369995,3475500
2016-08-26,2.585627063639136,2.6602474865663415,2.5480138646151134,2.605041265487671,3075000
2016-08-29,2.6202071546785812,2.6638874783728235,2.6202071546785812,2.6317341327667236,5029500
2016-08-30,2.636587540612535,2.6784477758117875,2.587447358840416,2.6086814403533936,4834500
2016-08-31,2.6135334648216935,2.622026660305082,2.5686401162539796,2.6105003356933594,2962500
2016-09-01,2.6153537493088916,2.679054021835327,2.574100369659473,2.679054021835327,5970000
2016-09-02,2.709994476854245,2.709994476854245,2.628701175276588,2.664494276046753,4899000
2016-09-06,2.7087819345350743,2.7087819345350743,2.6038273812475974,2.642047643661499,2661000
2016-09-07,2.6493276130553003,2.6608545921988878,2.5710672157791703,2.5838072299957275,4519500
2016-09-08,2.5601470831057878,2.591087179663067,2.525566796514162,2.5722811222076416,4620000
2016-09-09,2.5146476128570407,2.5146476128570407,2.2762261609335326,2.288966178894043,7638000
2016-09-12,2.2392188145975966,2.4327459381214034,2.214344764858437,2.426072835922241,7582500
2016-09-13,2.384820237250915,2.4503406265355268,2.3223329783421396,2.3557000160217285,4434000
2016-09-14,2.3629800720692433,2.4394203781078927,2.3338598521678025,2.4230403900146484,5754000
2016-09-15,2.4351735169880935,2.6044343310024627,2.423040345375145,2.5904812812805176,11305500
2016-09-16,2.657214985523461,2.662067994332879,2.5322411132338174,2.5916945934295654,5265000
2016-09-19,2.6511472499365714,2.7160616519597203,2.575920857439727,2.604434013366699,5494500
2016-09-20,2.640227622978582,2.651147542391682,2.546800922570615,2.571674108505249,3736500
2016-09-21,2.6050409118299047,2.682694237288447,2.5710668225745765,2.6723811626434326,3955500
2016-09-22,2.717881325301556,2.7530675811283496,2.6772341344521613,2.7033212184906006,4545000
2016-09-23,2.6978614514484787,2.6978614514484787,2.6056469325581513,2.617173910140991,2404500
2016-09-26,2.5722809665052604,2.5856269550634168,2.507973622323558,2.5358808040618896,2850000
2016-09-27,2.5298134391842106,2.672987354644067,2.51768026980286,2.6723811626434326,4380000
2016-09-28,2.6887619881008087,2.73001516409868,2.6390147454135686,2.6899750232696533,4860000
2016-09-29,2.689974350889306,2.837395079095055,2.6026137104335474,2.7888617515563965,12943500
2016-09-30,2.850135501233434,2.972076222906896,2.8446754332990554,2.918689012527466,7447500
2016-10-03,2.924149538320031,2.9781438210852973,2.8440692466755886,2.858023166656494,3537000
2016-10-04,2.904736380425788,2.920509527745092,2.805848943954166,2.8361830711364746,4381500
2016-10-05,2.8634827054259846,2.960549378890146,2.850742690973682,2.902308940887451,3516000
2016-10-06,2.905342647896379,2.9569088926455542,2.841642365052641,2.952662944793701,4366500
2016-10-07,2.9720757792116803,2.9896687984664783,2.858628272414614,2.935675621032715,4740000
2016-10-10,2.979962916771695,3.014542981798789,2.8901755521798145,2.891995429992676,4125000
2016-10-11,2.878649054269491,2.8804691494849095,2.633554759188982,2.7112081050872803,11005500
2016-10-12,2.711207620603544,2.711207620603544,2.6032210371213593,2.6808745861053467,4563000
2016-10-13,2.6074673803762454,2.612321256364883,2.4558004618126237,2.5838072299957275,7308000
2016-10-14,2.6784474386696497,2.7360816797166256,2.6378013285431536,2.6469013690948486,8758500
2016-10-17,2.634161630818586,2.6814819373117436,2.5995815570473626,2.6020076274871826,3201000
2016-10-18,2.7227344208631545,2.7269812360033376,2.6742010953914463,2.697254180908203,3852000
2016-10-19,2.624454449764608,2.669954655895188,2.583807251815268,2.657214641571045,4539000
2016-10-20,2.6523613344846777,2.740935022956693,2.5953341508749865,2.7142417430877686,4458000
2016-10-21,2.6444745228389523,2.702107902761916,2.614747459880547,2.692401885986328,3619500
2016-10-24,2.75428226137001,2.8458886514104402,2.7488221930843943,2.8422486782073975,4044000
2016-10-25,2.8677284481678047,2.8731882985843304,2.817375023805834,2.8355751037597656,4288500
2016-10-26,2.781582073686445,2.8719754184647113,2.7676279406319537,2.81919527053833,4497000
2016-10-27,2.9035226178544487,2.9265759238877203,2.7706619815645563,2.7815821170806885,4950000
2016-10-28,2.7888625270626015,2.8659090296730696,2.720915198728017,2.7336552143096924,5382000
2016-10-31,2.788255611039892,2.814948895746737,2.7621685185226474,2.776728630065918,2971500
2016-11-01,2.8003890191222354,2.841643286681603,2.6062549777876036,2.6984684467315674,5791500
2016-11-02,2.706961979110503,2.7536752220217346,2.623241510003211,2.644474506378174,6438000
2016-11-03,2.6572141321468585,2.702107269723963,2.601400643445059,2.6268808841705322,5181000
2016-11-04,2.578954190801714,2.652361362091579,2.5255667626598264,2.5807740688323975,2907000
2016-11-07,2.7275882033758796,2.807062509198135,2.694221817391252,2.8040285110473633,3789000
2016-11-08,2.808882204888659,2.8713685855484217,2.7518548071104347,2.822228193283081,4149000
2016-11-09,2.6268812878910373,2.8058483246084878,2.590481124370706,2.7773351669311523,8143500
2016-11-10,2.8410357567751148,2.885322930872377,2.519500944642761,2.6032214164733887,11700000
2016-11-11,2.6899744587921277,2.9108025724449824,2.6875473041532043,2.896848440170288,8976000
2016-11-14,2.9120160041826955,2.9441691359464244,2.8252624082629554,2.848315715789795,3526500
2016-11-15,2.8986686318385892,3.0333493579096285,2.8628753137067444,3.012723207473755,5700000
2016-11-16,2.9993760442674238,3.124349666428282,2.9902760042784426,3.117069721221924,6178500
2016-11-17,3.2038249550548104,3.2620651818000717,3.0970503020129962,3.2189910411834717,4744500
2016-11-18,3.2359781559146046,3.298465417428808,3.1977578910779543,3.285118341445923,3157500
2016-11-21,3.313025386701296,3.363378822276103,3.2802651920966786,3.328798532485962,4183500
2016-11-22,3.424651900324573,3.4683320116133523,3.3937115864527487,3.462265968322754,5646000
2016-11-23,3.4501313774537556,3.4925986638262514,3.410698088570904,3.4762184619903564,3952500
2016-11-25,3.5089790045008358,3.5089790045008358,3.4440656843517568,3.490778923034668,1351500
2016-11-28,3.473185911814567,3.5059461019435414,3.4410316967909282,3.4616587162017822,2221500
2016-11-29,3.447098775886044,3.497451986908633,3.3894654021808672,3.441638708114624,1993500
2016-11-30,3.4464915303252224,3.4592315431308758,3.375511087044461,3.37975811958313,1819500
2016-12-01,3.3676254929198164,3.3749056563846,2.825262535682957,2.8798627853393555,10963500
2016-12-02,2.8683349649683016,3.0036227312872903,2.8392147535678607,2.9914886951446533,6096000
2016-12-05,3.0667164258808253,3.1273837956185058,3.0066561160330174,3.100689649581909,6199500
2016-12-06,3.132237014314515,3.2384045930632053,3.1310239792634476,3.229304552078247,4474500
2016-12-07,3.215350845078987,3.4519521430944757,3.189264623320729,3.4337520599365234,6499500
2016-12-08,3.4422455510532126,3.5763194396338505,3.4422455510532126,3.521718978881836,7072500
2016-12-09,3.6218198530028616,3.627279921091174,3.4058455862021613,3.4774320125579834,5371500
2016-12-12,3.434965212301508,3.45498538618526,3.313024508220205,3.3985650539398193,3918000
2016-12-13,3.445886008170294,3.582992820339256,3.4167657891053307,3.513226270675659,6130500
2016-12-14,3.5186866982953435,3.57268010884368,3.46833239341293,3.5053396224975586,5143500
2016-12-15,3.5380997950495443,3.7352680271075704,3.528392692829277,3.689767599105835,7221000
2016-12-16,3.7613538731602225,3.772273575574381,3.523539330484169,3.5696465969085693,4263000
2016-12-19,3.640018999606356,3.721919565953204,3.5914856761922125,3.680665969848633,4107000
2016-12-20,3.809954033878645,3.809954033878645,3.7368564336962042,3.783893585205078,5374500
2016-12-21,3.8144037890558913,3.8302937909154005,3.768638483279671,3.783893585205078,2376000
2016-12-22,3.919917654248282,3.936444603812394,3.797242152081044,3.844914436340332,3078000
2016-12-23,3.8201239131896583,3.9052977839267187,3.808682531615723,3.9021198749542236,1362000
2016-12-27,3.9129249058543367,4.06738218078873,3.9091109607571597,4.04449987411499,4866000
2016-12-28,4.1239532911107215,4.12649607287108,3.8035966597223507,3.8093173503875732,8050500
2016-12-29,3.771180415160536,3.8105899026637307,3.6879135034535344,3.808683156967163,5998500
2016-12-30,3.890043256594109,3.90656929592116,3.5976542031061154,3.6294362545013428,5214000
2017-01-03,3.7266872460323155,3.792156274472895,3.5398125254482125,3.6351566314697266,6211500
2017-01-04,3.6840992586836214,3.715880167634569,3.6141804861095093,3.668208122253418,3565500
2017-01-05,3.677742634084608,3.727957690055882,3.5493464671678097,3.567143440246582,3568500
2017-01-06,3.5919332076015067,3.6815566163859392,3.517564673004689,3.6529533863067627,4870500
2017-01-09,3.686642768231329,3.814404056925254,3.6860067316612,3.770545721054077,5397000
2017-01-10,3.7692731060231153,3.8512690739387416,3.7622817057591553,3.827751636505127,3775500
2017-01-11,3.8163106358537466,3.863982915878296,3.779443930181974,3.863982915878296,3205500
2017-01-12,3.838557303879708,3.838557303879708,3.593205188748739,3.764188766479492,5007000
2017-01-13,3.7756301180764993,3.867160729791375,3.764824771309163,3.8353793621063232,4092000
2017-01-17,3.799783599377393,3.799783599377393,3.6141809573885006,3.6510467529296875,4072500
2017-01-18,3.6618526772062543,3.8105895101777594,3.661216640736358,3.8035969734191895,3651000
2017-01-19,3.7489335168240623,3.8773308293260866,3.7425770161654732,3.751476526260376,2694000
2017-01-20,3.8519051513507585,3.9631406130077202,3.8461844600738515,3.8970346450805664,4134000
2017-01-23,3.839828359751278,3.8766952954691356,3.731772153591808,3.820124864578247,4033500
2017-01-24,3.8627104937686774,4.061026578816659,3.8627104937686774,4.047043323516846,4725000
2017-01-25,4.204043885391182,4.251715717063458,4.112513259347292,4.225019454956055,5010000
2017-01-26,4.2409085586985675,4.250443193745866,4.0953494339344365,4.151285171508789,3685500
2017-01-27,4.218027232434084,4.31019388710679,4.210399794584751,4.308921813964844,3610500
2017-01-30,4.242180198815433,4.245359017036956,4.079459894736501,4.2402729988098145,7095000
2017-01-31,4.169084198230517,4.180525582205351,3.9980999298090283,4.075011253356934,6417000
2017-02-01,4.234552407313847,4.280317934337767,4.143658298980072,4.268876552581787,5668500
2017-02-02,4.182431728365563,4.306379279261965,4.110605525174722,4.258071422576904,4839000
2017-02-03,4.317184507555392,4.352144690080141,4.281589652484191,4.331803798675537,2787000
2017-02-06,4.362314304733047,4.383925906653742,4.27650438818728,4.376934051513672,4750500
2017-02-07,4.448759338556292,4.4710060653811805,4.351508503978705,4.425240993499756,4060500
2017-02-08,4.474821541740384,4.5021538415699,4.378842292557782,4.446854114532471,3667500
2017-02-09,4.470371005008558,4.470371005008558,4.312099769133473,4.330532550811768,5070000
2017-02-10,4.422062903331205,4.422062903331205,4.191329898711959,4.320362091064453,5946000
2017-02-13,4.366128346237225,4.4385901435001225,4.32799070177357,4.3508734703063965,4624500
2017-02-14,4.335617819985084,4.3476952399414355,4.23391835152222,4.305108070373535,3199500
2017-02-15,4.327990237298445,4.425877575001868,4.279683286913929,4.412528991699219,3541500
2017-02-16,4.427148468221352,4.455116799741442,4.348966438601018,4.429055213928223,2700000
2017-02-17,4.37502730584485,4.500245571136475,4.314006900540643,4.500245571136475,3577500
2017-02-21,4.588598414106871,4.695383899429895,4.564444029334467,4.693477153778076,4737000
2017-02-22,4.696654128864934,4.714451781984271,4.635633733780481,4.694111347198486,2751000
2017-02-23,4.647711083607809,4.661059209594414,4.372483727965965,4.460836410522461,7501500
2017-02-24,4.244724018220772,4.454481063104897,4.2008656815540695,4.453210353851318,5176500
2017-02-27,4.4621069552096095,4.58669052065252,4.426512105433776,4.581604957580566,3328500
2017-02-28,4.601947361494567,4.601947361494567,4.3743921850168155,4.404266357421875,4711500
2017-03-01,4.570165139046177,4.627371605563357,4.4335054741289825,4.610845565795898,4848000
2017-03-02,4.647076025826744,4.673136246903123,4.454480621812834,4.467828750610352,4126500
2017-03-03,4.474821448285058,4.481813759577639,4.378206164468573,4.459566116333008,3142500
2017-03-06,4.388375967382537,4.490711934094761,4.309557896403014,4.466558456420898,3381000
2017-03-07,4.441767272643263,4.5841475759516666,4.403629642688896,4.497701644897461,4263000
2017-03-08,4.562537364647759,4.638177520453868,4.500881829082648,4.530755996704102,4267500
2017-03-09,4.518678171694774,4.576520659519971,4.443674521327232,4.552366733551025,2389500
2017-03-10,4.632456395274386,4.739876999699082,4.632456395274386,4.709366798400879,4827000
2017-03-13,4.748777459743175,4.821873931848444,4.726529817856925,4.818696022033691,4614000
2017-03-14,4.771659043464407,4.777379734891343,4.6527965965029905,4.774200916290283,4156500
2017-03-15,4.808524120992372,4.914038418791835,4.7227142210683715,4.889884948730469,4375500
2017-03-16,4.954084805742699,4.954084805742699,4.841578618847836,4.8708176612854,2938500
2017-03-17,4.916581228191472,4.927386571484175,4.8612815298110315,4.897511959075928,2268000
2017-03-20,4.923573578677091,5.060233214881749,4.894334542301317,5.006840705871582,3282000
2017-03-21,5.069767866596338,5.078031339405434,4.627370647318107,4.658516883850098,8511000
2017-03-22,4.664873499568988,4.81996638400251,4.619108423394876,4.807253837585449,4558500
2017-03-23,4.8053478619398104,4.837764815033594,4.731615353689152,4.770388126373291,3840000
2017-03-24,4.969339681583509,5.047522170518259,4.817425141205984,4.8708176612854,5841000
2017-03-27,4.709367418320612,4.930565838554511,4.670594648053876,4.896242141723633,7363500
2017-03-28,4.924844768274783,4.997942593666099,4.853019470534215,4.945185661315918,4147500
2017-03-29,4.945186091177479,4.945186091177479,4.862554075908162,4.90386962890625,3456000
2017-03-30,4.895606705148256,5.014468700026384,4.895606705148256,4.987771987915039,5355000
2017-03-31,4.999848272798405,5.053241230266851,4.926115790536887,4.978236675262451,3334500
2017-04-03,5.006840812826038,5.02781637686575,4.791998699305911,4.8917927742004395,4821000
2017-04-04,4.800896336613699,4.910224571550439,4.7678442699457815,4.816787242889404,3976500
2017-04-05,4.870818109011109,4.951542478490738,4.703647313516687,4.7125468254089355,5608500
2017-04-06,4.7093663488292705,4.762759309663186,4.5905048280716025,4.730341911315918,5905500
2017-04-07,4.732249684717869,4.8352212189401556,4.702375519123736,4.793269634246826,2850000
2017-04-10,4.797084465117552,4.806619103931143,4.647076663706943,4.682036399841309,3631500
2017-04-11,4.624828657916249,4.624828657916249,4.357864754891552,4.5682573318481445,7803000
2017-04-12,4.5390196438562045,4.546011499607014,4.300023565943494,4.327355861663818,8232000
2017-04-13,4.261250250113011,4.437319186660017,4.240910263043968,4.244088172912598,4864500
2017-04-17,4.283497047842733,4.411258092104381,4.283497047842733,4.4099860191345215,5293500
2017-04-18,4.348965972738718,4.473549104973288,4.319091807984993,4.462743759155273,3120000
2017-04-19,4.568893496668512,4.659152942541034,4.5129581998935295,4.5358405113220215,3657000
2017-04-20,4.634996602138937,4.773564303805146,4.569527604858733,4.753223419189453,5005500
2017-04-21,4.70682523009483,4.715723831007232,4.569529542691961,4.686484336853027,5757000
2017-04-24,4.890520426281054,4.932472006637966,4.826322119491144,4.887978553771973,7372500
2017-04-25,4.982686760367303,5.060233196364579,4.921666815241332,5.040529251098633,4311000
2017-04-26,5.022733082478608,5.037987959613794,4.857469943422063,4.910862922668457,5542500
2017-04-27,5.016375617568553,5.139052017199233,4.981416794465455,5.119983196258545,5331000
2017-04-28,5.080573779931387,5.080573779931387,4.8148810516369664,4.858739376068115,7579500
2017-05-01,4.913405289235691,5.005571507202926,4.819967907152357,5.000486850738525,5449500
2017-05-02,4.957897052790618,4.957897052790618,4.760852152385941,4.839670658111572,4305000
2017-05-03,4.779922272983308,4.914040067295148,4.765303433403317,4.893064498901367,2863500
2017-05-04,4.9134050554335325,4.932473880177648,4.8231464972086915,4.880987644195557,2571000
2017-05-05,4.919125094583478,4.938829498736744,4.804077034017165,4.933108806610107,2940000
2017-05-08,4.9210309047194105,4.9553545963162735,4.847934448768266,4.878444194793701,1861500
2017-05-09,4.878446345378565,5.063414376357812,4.878446345378565,5.026547431945801,4875000
2017-05-10,5.196894924293069,5.371056654027653,5.19435214185288,5.344995975494385,6981000
2017-05-11,5.306222716965247,5.472121894561102,5.1968953385110455,5.399024963378906,3789000
2017-05-12,5.419999158447893,5.467670974929522,5.355799942321446,5.447966575622559,3030000
2017-05-15,5.485469345215719,5.709210548920703,5.469579342511785,5.6977691650390625,3984000
2017-05-16,5.760695027355584,5.953290400390585,5.697767884782506,5.952019691467285,4143000
2017-05-17,5.717472997436732,5.775314579117334,5.170832633972168,5.170832633972168,14551500
2017-05-18,5.224862273457158,5.507717150818645,5.148586984808183,5.467036724090576,12283500
2017-05-19,5.618949495526926,5.700945450469514,5.599880679369032,5.646917819976807,6928500
2017-05-22,5.728279347097704,5.833794129291973,5.71111727134539,5.827437400817871,5236500
2017-05-23,5.8401485988235935,5.847776489968875,5.613865557668339,5.760059833526611,4482000
2017-05-24,5.8541326276111185,5.900533736687718,5.790569445808798,5.867480754852295,3240000
2017-05-25,5.950113416365298,6.021939169657661,5.847777005077235,5.96600341796875,3831000
2017-05-26,5.964732506736651,6.041643821725408,5.831250769370234,6.037829875946045,4323000
2017-05-30,6.034016199375718,6.2024567522547,6.031473417388776,6.15859842300415,4041000
2017-05-31,6.290810292645355,6.323863280462007,6.065161888418849,6.1566925048828125,6340500
2017-06-01,6.184024422118568,6.216441371390793,6.061348025754856,6.171947002410889,3088500
2017-06-02,6.278731489538355,6.38488228540233,6.148428585918087,6.355642795562744,5817000
2017-06-05,6.356914010746823,6.505015933314174,6.337210066039021,6.410942554473877,4200000
2017-06-06,6.32513234550305,6.598452960001347,6.306699565253678,6.474505424499512,5025000
2017-06-07,6.548873573178534,6.689346681027134,6.512006650868116,6.626419544219971,6444000
2017-06-08,6.754818411886373,6.978558680521631,6.600360656565882,6.973474025726318,7707000
2017-06-09,7.1190339756432195,7.187681824048879,5.685057051442322,6.0944013595581055,32179500
2017-06-12,5.842691381743097,5.992064476013184,5.477841046539895,5.992064476013184,22534500
2017-06-13,6.289538092959291,6.292716002051033,5.884006886844512,6.107748508453369,14511000
2017-06-14,6.180846437355643,6.2234326962544895,5.7174736063850515,5.910704135894775,11181000
2017-06-15,5.602424287263628,5.829979405873259,5.596703596108881,5.7683234214782715,8821500
2017-06-16,5.786120698442317,5.9075254591514454,5.650096192566326,5.701581954956055,8154000
2017-06-19,5.878288098167518,6.054357503287679,5.875110642683986,6.026390075683594,11425500
2017-06-20,6.0956715022571695,6.14397936081074,5.818538261345045,5.826166152954102,8809500
2017-06-21,5.905618405424498,6.032108732890344,5.8318859145158255,6.024481296539307,6385500
2017-06-22,6.055627278404672,6.060712842703795,5.895448824534157,5.979351997375488,7081500
2017-06-23,5.956469252506016,6.133809326996499,5.925323921813974,6.034651279449463,5433000
2017-06-26,6.181482665400707,6.236147262867815,5.784215734464323,5.884644508361816,11284500
2017-06-27,5.765146233885878,5.789299710562207,5.40283817346563,5.409193992614746,13833000
2017-06-28,5.521699887439063,5.707939472542145,5.3443593579544,5.685691833496094,9801000
2017-06-29,5.566829667363785,5.607509179734386,5.03099551333004,5.259185314178467,18418500
2017-06-30,5.311305874238258,5.391395080400421,5.107269595870644,5.180366039276123,8343000
2017-07-03,5.273804071649408,5.324019125410208,4.957897186279297,4.957897186279297,6811500
2017-07-05,5.021461326813515,5.2916031919127855,5.021461326813515,5.272534370422363,9180000
2017-07-06,5.08947164404972,5.334823923701178,5.046884485502336,5.202613830566406,8092500
2017-07-07,5.308128824806148,5.52233537287754,5.246473291618479,5.458137512207031,7816500
2017-07-10,5.517886108084348,5.6888708239125565,5.420634803046972,5.6539106369018555,6774000
2017-07-11,5.642470359000844,5.7956569807275695,5.587170635505386,5.786757469177246,7659000
2017-07-12,5.943121665794701,6.100121770518132,5.889728691231675,6.062620162963867,14623500
2017-07-13,6.099484512549112,6.204998814168125,5.94947630500534,6.011767864227295,13311000
2017-07-14,6.101392745465498,6.255850517652153,6.056899283328919,6.2520365715026855,9894000
2017-07-17,6.296530599063466,6.314963382975687,6.1045712309665445,6.171947002410889,8266500
2017-07-18,6.060076161583699,6.229788780212402,5.989521579600191,6.229788780212402,5998500
2017-07-19,6.324497026730939,6.4014083328978595,6.267926156205517,6.396958351135254,6400500
2017-07-20,6.419206512848517,6.478954842555303,6.244408323399918,6.452258586883545,5653500
2017-07-21,6.306065186248895,6.32259122556829,6.185931564356287,6.286996364593506,6243000
2017-07-24,6.304157952381511,6.305429116132805,6.194194559073539,6.225339889526367,5100000
2017-07-25,6.196737108369855,6.260300303874909,6.0219397982998535,6.221526622772217,6889500
2017-07-26,6.357550720532047,6.503109422090431,6.307971698707847,6.407129287719727,7546500
2017-07-27,6.4738697555829345,6.502473209490232,5.89926198735324,6.117918491363525,19879500
2017-07-28,6.024482678623875,6.126818647621574,5.962826682588476,6.058170795440674,4975500
2017-07-31,6.070247317335675,6.152243748484141,5.863668193965602,5.922145366668701,6486000
2017-08-01,5.964732279817203,6.021302700042725,5.873201676323322,6.021302700042725,4021500
2017-08-02,6.120460879458205,6.162412463843865,5.765145621739261,5.892906665802002,8943000
2017-08-03,5.887820973005198,5.935493247611786,5.736542039986082,5.822987079620361,5614500
2017-08-04,5.852227040778021,5.968547172765442,5.780401281251916,5.829344272613525,3673500
2017-08-07,5.869388338201123,6.138259009916185,5.868752301715092,6.132538318634033,6843000
2017-08-08,6.129361190041188,6.290174329726552,6.006684784730007,6.06834077835083,6391500
2017-08-09,5.912610565851499,6.028930226472881,5.847776671558811,6.0085906982421875,4788000
2017-08-10,5.883373268513678,5.908797455076238,5.498182430111448,5.507081031799316,10722000
2017-08-11,5.444789561571725,5.631664276763073,5.393938463887906,5.597975254058838,5586000
2017-08-14,5.796927570425368,6.0492722491251065,5.796927570425368,6.031474590301514,6805500
2017-08-15,6.088680335684379,6.109019865301473,5.943757209092846,6.075967788696289,3964500
2017-08-16,6.128086737791904,6.176395037481597,6.011767106217442,6.103297233581543,4659000
2017-08-17,5.987614977870061,6.068974907223732,5.617043495178223,5.617043495178223,8376000
2017-08-18,5.727007078552417,5.7937477083562,5.573820511604351,5.6685285568237305,5275500
2017-08-21,5.688870041539475,5.691411914157333,5.425084039531664,5.54712438583374,6723000
2017-08-22,5.681879386955707,5.844600666826058,5.657089868477267,5.810276508331299,4810500
2017-08-23,5.6672579024329615,5.9316790276863935,5.6094158665281135,5.887185573577881,4038000
2017-08-24,5.974902195991381,5.974902195991381,5.7765865804140235,5.88019323348999,3655500
2017-08-25,5.927865614698635,5.974902764158284,5.758789019062145,5.792477130889893,3156000
2017-08-28,5.809638578007652,5.859853635283249,5.747983502205959,5.837606906890869,2274000
2017-08-29,5.617042281529539,5.917694697409878,5.613864373086656,5.878921031951904,3357000
2017-08-30,5.924051410889093,6.197371582345104,5.9056181752213375,6.178302764892578,6849000
2017-08-31,6.257756666693831,6.379797021564146,6.2037290262902935,6.359457492828369,6339000
2017-09-01,6.435732827404176,6.541882272832529,6.389331714259229,6.442724227905273,4966500
2017-09-05,6.311785832305515,6.39568901068828,6.006684688038196,6.170040607452393,7698000
2017-09-06,6.255848818740729,6.287630633869928,6.109654560474047,6.206905841827393,3603000
2017-09-07,6.260935419681244,6.306064458960635,6.152243194244828,6.235509872436523,2992500
2017-09-08,6.198007405257411,6.229152275547699,5.943120023613045,6.0047760009765625,4530000
2017-09-11,6.159234936560884,6.395688674653846,6.147793553324685,6.35691499710083,6217500
2017-09-12,6.441453997937291,6.496117679376757,6.327041070497148,6.442090034484863,4447500
2017-09-13,6.386154634346062,6.521543590909153,6.327677003558787,6.468150615692139,3481500
2017-09-14,6.378525898524156,6.66773608388392,6.3569142982014855,6.558408737182617,4311000
2017-09-15,6.610529451652029,6.915630992813639,6.599724106416468,6.890841484069824,6129000
2017-09-18,7.018603005406759,7.295101111566616,7.014789514342575,7.1641621589660645,7929000
2017-09-19,7.235353203265338,7.314170357525171,7.091701241493601,7.238531112670898,4869000
2017-09-20,7.255057843884079,7.255057843884079,6.653118554500121,6.933430194854736,12088500
2017-09-21,6.916903016786956,6.925801617144661,6.66582955098494,6.84889030456543,4734000
2017-09-22,6.7554531125489605,6.977287545831298,6.738291493270402,6.94677734375,3871500
2017-09-25,6.838720603797774,6.850796658014015,6.44844428133813,6.54251766204834,10708500
2017-09-26,6.752275308346948,6.766894600444743,6.459886283935386,6.531076908111572,7134000
2017-09-27,6.738292941602904,7.065641761507953,6.720495736646947,6.988730430603027,7663500
2017-09-28,6.9702966840695115,7.146365145880339,6.906097456412776,7.145730018615723,4728000
2017-09-29,7.194036192136073,7.343409288654352,7.115219043921319,7.326247215270996,6090000
2017-10-02,7.3910818598902965,7.559523792412279,7.302729611298963,7.453373432159424,6615000
2017-10-03,7.499774467472161,7.588761842371621,7.416507329584267,7.527106761932373,4030500
2017-10-04,7.50041016716259,7.576685905456543,7.36629238422543,7.576685905456543,4509000
2017-10-05,7.659952202893265,7.687284040142682,7.467992396407532,7.5925750732421875,4539000
2017-10-06,7.468628648987567,7.691098690032959,7.468628648987567,7.691098690032959,2910000
2017-10-09,7.769915595739994,7.881787097257078,7.748939575546409,7.851912021636963,4219500
2017-10-10,8.039423886889285,8.0445085428303,7.760382478841649,8.004464149475098,5818500
2017-10-11,7.921195587799565,8.16527722898344,7.913568604808273,8.161463737487793,4752000
2017-10-12,8.136038642262951,8.24409576350684,8.059763348187229,8.078832626342773,4723500
2017-10-13,8.150654695512559,8.31718891183737,8.125229610435904,8.237735748291016,4167000
2017-10-16,8.326726117766215,8.357236778176812,8.183710181740553,8.355965614318848,4827000
2017-10-17,8.35024267985508,8.351512934029612,8.204047972131805,8.337530136108398,2974500
2017-10-18,8.380753834331188,8.457665600776968,8.083279714933933,8.419527053833008,6814500
2017-10-19,8.196424808452958,8.351516823260098,7.955521037529986,8.345796585083008,7495500
2017-10-20,8.50787916130204,8.597502562975336,8.434782705520975,8.465927124023438,4353000
2017-10-23,8.586697722514312,8.738612705991649,8.471649216595221,8.601953506469727,7243500
2017-10-24,8.673143962919546,8.806625250347976,8.563815696185676,8.777386665344238,5085000
2017-10-25,8.613395183118943,8.70492534360291,8.1697271828004,8.434783935546875,12625500
2017-10-26,8.478003406826593,8.631825089932256,8.44431484881356,8.5860595703125,5766000
2017-10-27,8.803447305693732,9.152407251837484,8.639455343948153,9.1123628616333,9070500
2017-10-30,8.803448008339634,9.306866227270005,8.803448008339634,9.198173522949219,7716000
2017-10-31,9.280165840759672,9.492466519906205,9.18990777333406,9.404749870300293,5248500
2017-11-01,9.640567641054163,9.64883111386326,9.06405402167335,9.317033767700195,7902000
2017-11-02,9.328477022546473,9.515350842167303,9.135245564998488,9.440346717834473,6831000
2017-11-03,9.542681522211948,9.94694064383518,9.346907779401722,9.943761825561523,11805000
2017-11-06,10.1999203911462,10.376624861499819,10.011138957310589,10.367090225219727,10276500
2017-11-07,10.325140449966383,10.40268780468483,10.123010862592274,10.338488578796387,8470500
2017-11-08,10.265391787604628,10.459257895019752,10.178945380005686,10.442731857299805,5565000
2017-11-09,10.136362130545024,10.16433046990693,9.428907446371424,9.807106971740723,17956500
2017-11-10,9.884650620660187,10.021310730978437,9.813460901591503,9.993342399597168,6489000
2017-11-13,9.840159923995017,10.118564878028344,9.788674138610316,10.074706077575684,5070000
2017-11-14,10.000333654640594,10.139536987141353,9.821722430005098,10.046733856201172,6117000
2017-11-15,9.783584861087034,9.91198148479973,9.53441859570021,9.780406951904297,8970000
2017-11-16,9.915792865114431,10.341664429504354,9.915792865114431,10.220894813537598,7363500
2017-11-17,10.372173734034487,10.40459112725531,10.036562059502543,10.085505485534668,6295500
2017-11-20,10.171316414431054,10.494850251615501,10.164959687764023,10.441457748413086,6471000
2017-11-21,10.678546971304817,10.841268625774026,10.581932182384367,10.815842628479004,9874500
2017-11-22,10.909917535995952,10.920086845218497,10.556507671595487,10.604816436767578,6756000
2017-11-24,10.695074245280624,10.909917264167943,10.691260754417184,10.8883056640625,6757500
2017-11-27,10.693804517849161,10.694441009018192,10.42429869923869,10.478326797485352,10698000
2017-11-28,10.587654866691024,10.606724141754345,10.290816304353303,10.468791961669922,9736500
2017-11-29,10.408406920343932,10.428110865887865,8.793276231726402,9.092657089233398,36519000
2017-11-30,9.404116720823017,9.528064303359907,9.077404841507368,9.261100769042969,14869500
2017-12-01,8.980786609019786,9.108547648064452,8.263162902900289,8.943920135498047,19072500
2017-12-04,9.254743439115234,9.276989714723834,8.120147921425803,8.294944763183594,23742000
2017-12-05,8.197691854998494,8.771028438938496,7.949797688147366,8.30574893951416,16374000
2017-12-06,8.073747167218578,8.432877323051445,7.963783310953693,8.389653205871582,10795500
2017-12-07,8.5911481148659,8.713823609341746,8.470378456884033,8.63500690460205,9966000
2017-12-08,8.90832546381185,8.948369849314668,8.480547951367688,8.501523971557617,9871500
2017-12-11,8.542837909311256,8.722721183117098,8.46338473516133,8.649622917175293,5599500
2017-12-12,8.580977513985687,8.580977513985687,8.365499794222112,8.390289306640625,5977500
2017-12-13,8.47101448721366,8.621658305897459,8.37185643853338,8.389018058776855,4125000
2017-12-14,8.378210041125378,8.532668236313317,8.302571261912428,8.369948387145996,5094000
2017-12-15,8.453851787717076,8.819337734768364,8.358508141553692,8.742426872253418,10255500
2017-12-18,9.073589136453904,9.337373787165212,8.942013692747214,9.331652641296387,15397500
2017-12-19,9.295455001475359,9.393422613168118,9.138961993204815,9.29800033569336,8127000
2017-12-20,9.558822008945613,9.621801057840251,9.243291568447106,9.49266242980957,8721000
2017-12-21,9.549916103084122,9.549916103084122,9.145322643463635,9.18540096282959,6909000
2017-12-22,9.040995969048554,9.177768803800936,8.970383635122326,9.161229133605957,3942000
2017-12-26,8.842517523468127,8.914402072372194,8.658032169747166,8.896589279174805,4524000
2017-12-27,8.846329954470644,9.120510699883997,8.843148515040312,8.986282348632812,2980500
2017-12-28,9.095703384724594,9.123693871663534,9.002189422898551,9.043539047241211,3168000
2017-12-29,9.068348371957896,9.100791599096398,8.771265929425383,8.772537231445312,4132500
2018-01-02,8.92203432866701,9.495842933654785,8.878139371365787,9.495842933654785,9237000
2018-01-03,9.590630590691694,9.985044573926196,9.56900116376548,9.968504905700684,9871500
2018-01-04,10.175891109722533,10.247140458770444,9.894076064331983,10.143447875976562,8502000
2018-01-05,10.254136657191065,10.43734793541863,10.093190000190344,10.32665729522705,7713000
2018-01-08,10.315845220484402,10.655550470370496,10.23250894585946,10.558855056762695,6538500
2018-01-09,10.611018949051914,10.618016116304629,10.201337490973422,10.255409240722656,9009000
2018-01-10,9.902981895331687,10.01621697395128,9.635161200546422,9.876263618469238,13269000
2018-01-11,9.999678343324156,10.06456572977932,9.84572971329989,10.051206588745117,5524500
2018-01-12,10.04675305595416,10.27258620286465,9.962780676495719,10.207062721252441,5019000
2018-01-16,10.43671187045163,10.669543060370106,10.12499807181986,10.316478729248047,9804000
2018-01-17,10.583664676358511,11.252897456379896,10.547403897420281,11.203912734985352,11496000
2018-01-18,11.123122905193323,11.530259983600509,11.097676837792875,11.363588333129883,9171000
2018-01-19,11.496544405693362,11.548072646094923,11.179739869117862,11.394124031066895,9315000
2018-01-22,11.439289890054106,11.658125877380371,11.269437716668744,11.658125877380371,5620500
2018-01-23,11.80698437032827,11.924036990308402,11.67402909820819,11.922764778137207,6738000
2018-01-24,11.583063753013445,11.67594164531076,10.850216495644009,11.102132797241211,18628500
2018-01-25,11.527077804818521,11.54170915497867,10.523866604467214,10.52450180053711,13167000
2018-01-26,10.941820020017039,11.530260107468147,10.878203940809346,11.522625923156738,12733500
2018-01-29,11.370586758203583,11.715380891000404,11.060780286632832,11.485730171203613,9184500
2018-01-30,10.884566800784789,11.182286362872501,10.752246692071393,10.786599159240723,11923500
2018-01-31,11.148568570332037,11.28915804214562,10.870570157509373,11.063323974609375,6891000
2018-02-01,10.75097293481919,11.381398668413741,10.693718835943246,10.899831771850586,6895500
2018-02-02,10.562672683520095,10.64918949695792,9.9875917271747,9.989500045776367,13788000
2018-02-05,9.733129137097361,10.231872748050687,8.524440117920918,8.652942657470703,16929000
2018-02-06,8.13638991599455,9.563280202471743,8.128756639790481,9.54228687286377,20614500
2018-02-07,9.408691055854163,9.590631055239582,8.90613082366875,8.907403945922852,12523500
2018-02-08,9.065806143472882,9.091888316713844,7.7623308575308965,7.780141830444336,17155500
2018-02-09,8.356495223363078,8.622407604121301,7.462701961109339,8.488815307617188,20676000
2018-02-12,8.725465611303218,9.10397612294859,8.540345046020306,8.936667442321777,14100000
2018-02-13,8.707652886077453,8.965931130801952,8.672029116481111,8.923308372497559,7440000
2018-02-14,8.715285143025039,9.575363383495942,8.715285143025039,9.522562026977539,11127000
2018-02-15,9.785294991616853,9.87435531616211,9.192400356029145,9.87435531616211,12339000
2018-02-16,9.692412073592935,10.119270075187917,9.687323226370028,9.762389183044434,7677000
2018-02-20,9.637706504644244,10.546767661308458,9.627526986795433,10.268133163452148,11586000
2018-02-21,10.45261937848606,10.46597851916548,9.901075243229844,9.920159339904785,9901500
2018-02-22,10.041664240935061,10.151719722155708,9.756668621101637,9.846366882324219,5809500
2018-02-23,10.102733625717452,10.485697746276855,10.073471832217985,10.485697746276855,8178000
2018-02-26,10.719162790756124,11.164469769910255,10.630738592978995,11.153018951416016,8653500
2018-02-27,11.114215218336827,11.612958809504553,11.04296678390076,11.04996395111084,10837500
2018-02-28,11.25989401657813,11.383943803619413,10.717255484027538,10.745882987976074,10170000
2018-03-01,10.765605864318594,10.880750194791894,9.860361156828738,10.227421760559082,14397000
2018-03-02,9.788474996666666,10.812679594196078,9.788474996666666,10.756062507629395,9610500
2018-03-05,10.597024559713834,11.202641310111076,10.432897338787043,11.049328804016113,8790000
2018-03-06,11.31078884586215,11.632682262987815,11.180377966801895,11.548709869384766,12933000
2018-03-07,11.212820745941693,11.695660851862664,11.196280164379592,11.639678955078125,9990000
2018-03-08,11.768818324879248,11.877600683913313,11.476188519143241,11.689299583435059,8625000
2018-03-09,11.89095715281375,12.420872671334363,11.869963831220865,12.417691230773926,12120000
2018-03-12,12.67215094502368,13.004222879400103,12.564005634497857,12.804471015930176,12079500
2018-03-13,13.039847676862536,13.295581444158007,12.03409111278257,12.206488609313965,22048500
2018-03-14,12.356619649374366,12.38588234836344,11.864874171021029,12.201398849487305,13102500
2018-03-15,12.296188082210191,12.417057364666029,11.98129275162599,12.165777206420898,7572000
2018-03-16,12.219848955084615,12.370617038676832,12.101525016452287,12.156233787536621,4693500
2018-03-19,11.840064997475737,11.970476759468838,10.943726882419504,11.452012062072754,17712000
2018-03-20,11.514357451516718,11.819074181463346,11.467281949597503,11.719834327697754,8823000
2018-03-21,11.637768864958527,12.235752294461983,11.52707821068609,11.79935073852539,9939000
2018-03-22,11.242719885211782,11.590695474032211,10.81331723872773,10.830493927001953,15714000
2018-03-23,10.768147612331838,10.838760842080399,9.747123718261719,9.747123718261719,16557000
2018-03-26,10.478065795509943,10.980625218273666,10.05247977824817,10.972991943359375,18847500
2018-03-27,11.298066503940987,11.308880310653302,9.47930670406395,9.74967098236084,23146500
2018-03-28,9.630708274187617,9.831096256859746,8.990103017743962,9.131328582763672,20061000
2018-03-29,9.340620176596007,9.97677159067159,9.106515910202534,9.721674919128418,17752500
2018-04-02,9.427777735822156,9.669515393144977,8.324689453324158,8.595690727233887,19338000
2018-04-03,8.962749804340891,9.147234248489363,8.62877039634023,9.088071823120117,15993000
2018-04-04,8.308784532361093,9.504751540343467,8.285883799334044,9.434774398803711,16759500
2018-04-05,9.631346317153044,9.66506267743771,8.944937643196853,9.144689559936523,13840500
2018-04-06,8.750911082931557,9.064534186870327,8.19555033505029,8.310057640075684,13326000
2018-04-09,8.631948363590405,9.182856255731124,8.448737076934593,8.462096214294434,16462500
2018-04-10,9.063261872176772,9.418234604750854,8.87686910925912,9.275736808776855,18669000
2018-04-11,9.136417633803779,9.523834430958036,9.042903673812114,9.27955150604248,10633500
2018-04-12,9.532106000383255,9.884535225559304,9.455131690108859,9.808197021484375,13927500
2018-04-13,10.16953198372104,10.18861608190558,9.462766954178639,9.577909469604492,14283000
2018-04-16,9.759849238481884,9.785296218715676,9.394062661722847,9.639616966247559,8299500
2018-04-17,9.82537185430252,10.245868042488476,9.796745258032319,10.182888984680176,12387000
2018-04-18,9.988227537118382,10.043573330083563,9.586816289182888,9.867359161376953,12802500
2018-04-19,9.348892094481782,9.351437428848115,8.49899339227081,8.593143463134766,33981000
2018-04-20,8.588056201535698,8.715286542444248,8.167559060310921,8.284611701965332,16249500
2018-04-23,8.411839819082362,8.43410535036094,7.888287241155856,7.951266288757324,16278000
2018-04-24,8.153564519167515,8.38130600465624,7.544130200487951,7.757877349853516,21633000
2018-04-25,7.874293076293359,7.902283568955444,7.3577379893553125,7.730522155761719,20535000
2018-04-26,8.074043590059949,8.222903334492381,7.942359619976256,8.202546119689941,17655000
2018-04-27,8.496450940036114,8.52316922188858,7.906100674255078,8.021245002746582,13656000
2018-04-30,8.015517547835785,8.161832872812372,7.655456010406927,7.755331039428711,11466000
2018-05-01,7.697440880882838,8.165013398288703,7.678991985790032,8.138930320739746,13552500
2018-05-02,8.140841114971627,8.238808754512583,7.929002270127012,8.026969909667969,10189500
2018-05-03,7.824671964614466,8.27634005588171,7.6478217287120325,8.172011375427246,15442500
2018-05-04,7.997706373564167,8.788443666381214,7.929001447756151,8.761088371276855,19219500
2018-05-07,8.908039610431993,9.12242376305134,8.85078641693212,9.0009183883667,14211000
2018-05-08,8.903585009393856,9.192398071289062,8.869233464471636,9.192398071289062,10398000
2018-05-09,9.274462116625394,9.591266604357381,9.189854548035948,9.589357376098633,12400500
2018-05-10,9.708321466542392,10.10146427154541,9.708321466542392,10.10146427154541,12277500
2018-05-11,9.902982899666965,10.146628856735378,9.805015267886992,9.860360145568848,11790000
2018-05-14,10.225510491985899,10.581120202355223,10.176527590866726,10.248412132263184,13374000
2018-05-15,10.011125202281832,10.114818668333813,9.673328352680869,9.88580322265625,10774500
2018-05-16,9.91506961781819,10.330476974823185,9.91506961781819,10.284673690795898,10854000
2018-05-17,10.170166064011534,10.432260906370269,9.94369589586026,10.164441108703613,8755500
2018-05-18,9.91697978578903,9.95451278663804,9.632620256153343,9.73694896697998,9588000
2018-05-21,10.181617499628619,10.329840250696073,9.77129898034853,10.041028022766113,13068000
2018-05-22,10.309484987350848,10.429718168492368,10.090012861328013,10.210245132446289,12891000
2018-05-23,9.923339479796448,10.37500855027291,9.834915258323536,10.373735427856445,9612000
2018-05-24,10.34765461906472,10.55694814574736,10.095738331490226,10.481246948242188,10362000
2018-05-25,10.464705987716297,10.765605151953128,10.409360197997392,10.739523887634277,9672000
2018-05-29,10.544859933965938,10.814588051338962,10.315209234006408,10.534045219421387,10375500
2018-05-30,10.680993785281334,10.974896612299517,10.586844632509035,10.742701530456543,12159000
2018-05-31,10.66954407997078,10.834308299594317,10.455161764681542,10.509870529174805,9567000
2018-06-01,10.743340929976686,11.219182058123554,10.665094403999944,11.214093208312988,17115000
2018-06-04,11.32351029764708,11.52644271963031,11.181648616108214,11.488273620605469,11950500
2018-06-05,11.577970194527369,11.748459371612581,11.447559342295689,11.640949249267578,9339000
2018-06-06,11.664485915208507,11.869327533190937,11.51435396750523,11.865509986877441,8950500
2018-06-07,11.895409376499165,11.946301502968911,11.294246360081056,11.550615310668945,9597000
2018-06-08,11.139025140447078,11.309514317697273,10.95517773493017,11.245898246765137,9820500
2018-06-11,11.171468809834778,11.348319965118625,11.056326319600807,11.16256332397461,6118500
2018-06-12,11.23890348907097,11.36486162567727,11.048694071672893,11.33368968963623,7593000
2018-06-13,11.33559729883581,11.650493530664379,11.25925909415712,11.29488468170166,8608500
2018-06-14,11.466008085335202,11.661942429653484,11.292338366264083,11.488273620605469,8094000
2018-06-15,11.202005953303207,11.488274677332969,11.148569391757787,11.466009140014648,10308000
2018-06-18,11.196280930788337,11.196280930788337,10.802503857821247,11.113581657409668,12819000
2018-06-19,10.645127273759613,10.75986506440656,10.253106261085483,10.746479034423828,14991000
2018-06-20,11.005278405868282,11.072845950169098,10.772615864795037,10.915400505065918,7033500
2018-06-21,11.140414698374496,11.147426864150336,10.464099060063113,10.506169319152832,9858000
2018-06-22,10.641942936939794,10.697399230131653,10.188728142989353,10.262669563293457,5146500
2018-06-25,9.88020846744214,9.896782343358115,8.96931732917563,9.35623836517334,16000500
2018-06-26,9.500301281451778,9.591453976488692,9.30652110531152,9.454405784606934,7869000
2018-06-27,9.594002183477073,9.683241785318362,8.754502873857968,8.758965492248535,12337500
2018-06-28,8.71115865188695,9.027962641586743,8.656976222526158,8.980154991149902,10029000
2018-06-29,9.18222265284688,9.348592464383547,9.01967716217041,9.01967716217041,8799000
2018-07-02,8.782552498407762,9.194334494925288,8.585585371980827,9.186047554016113,8422500
2018-07-03,9.272096339388677,9.336476937061033,8.65251105037932,8.666535377502441,7272000
2018-07-05,8.966769402239505,9.377913027892708,8.939359036921509,9.367713928222656,10789500
2018-07-06,9.32819307347639,9.75973489192833,9.216005714371763,9.721488952636719,14602500
2018-07-09,10.017262428768186,10.017262428768186,9.553847476680376,9.90316104888916,10915500
2018-07-10,9.943953402466699,10.28115651623902,9.909532695167119,10.212949752807617,11608500
2018-07-11,9.701727870776537,9.899332322314436,9.402771646865073,9.41998291015625,16504500
2018-07-12,9.383011053057812,9.65455783351329,9.16373453847578,9.622048377990723,13414500
2018-07-13,9.637986647735051,9.674957816744156,9.451219554194195,9.49902629852295,6973500
2018-07-16,9.511773149076454,9.652645632025338,9.44038037167986,9.4601411819458,6094500
2018-07-17,9.263812654759324,9.880209343171922,9.235127518603006,9.879572868347168,10303500
2018-07-18,9.994949981586743,10.149845930887349,9.896148635263287,10.093114852905273,9042000
2018-07-19,9.96945190071459,10.149207730720049,9.819655071758323,10.019171714782715,7416000
2018-07-20,9.937580378199492,10.05040604623232,9.720853369009962,9.87256145477295,6780000
2018-07-23,9.753361445621943,9.964351031908183,9.340941249789694,9.913993835449219,8800500
2018-07-24,10.08036632984174,10.249923075564505,9.551933454125633,9.59400463104248,10236000
2018-07-25,9.548743934683051,9.74443531036377,9.206442690010043,9.74443531036377,14748000
2018-07-26,9.91208387049726,10.28689468681029,9.90188476923641,10.274145126342773,16359000
2018-07-27,10.294542669249246,10.560988563902134,9.899971097484046,10.126259803771973,12807000
2018-07-30,10.10650240610233,10.207854226937854,9.68197260222705,9.838143348693848,10194000
2018-07-31,10.00833485186927,10.42649158656204,9.963715041283674,10.021720886230469,7806000
2018-08-01,10.089927510450858,10.292631113490584,9.85407705645387,9.966902732849121,6054000
2018-08-02,9.709378423100107,10.310476954273394,9.606114480130632,10.276055335998535,7603500
2018-08-03,10.279243840783872,10.364660049305513,10.135184403130634,10.326414108276367,4069500
2018-08-06,10.283704529673741,10.51636799845133,10.102673942434606,10.512543678283691,5463000
2018-08-07,10.62791714344541,10.787913957396828,10.538039243466866,10.770065307617188,5655000
2018-08-08,10.716524356811073,10.900742829716197,10.63620723271835,10.85229778289795,4932000
2018-08-09,10.72353317602334,10.731182728151012,10.503619266649734,10.51636791229248,6726000
2018-08-10,9.927384895025407,10.001964647434972,9.58508344547807,9.724043846130371,16897500
2018-08-13,9.774397446956588,10.030646082811405,9.739976736946776,9.762286186218262,9745500
2018-08-14,9.937582166412554,9.9975010944683,9.687070876857213,9.732965469360352,5463000
2018-08-15,9.523884000093526,9.586352449679357,9.019674696956098,9.332016944885254,12493500
2018-08-16,9.531537779551071,9.550022912044579,9.198159801050837,9.267003059387207,8014500
2018-08-17,8.994816888060207,9.130589391642973,8.656339885569164,9.055373191833496,12708000
2018-08-20,9.115292555901954,9.194334911910788,8.727733977684927,9.03433895111084,8164500
2018-08-21,9.140789330361468,9.632250099364725,9.099992929081232,9.569144248962402,10276500
2018-08-22,9.481814705964661,9.7265885241334,9.317993558011745,9.694716453552246,8587500
2018-08-23,9.69280335739624,9.940764996975455,9.64945833039528,9.727862358093262,7741500
2018-08-24,9.844513190604637,10.153668534130498,9.841963643824027,10.146018981933594,8875500
2018-08-27,10.345536359877391,10.852296205450582,10.306653033078941,10.621545791625977,16623000
2018-08-28,10.764969889115031,10.874607724379514,10.432230238433453,10.744571685791016,11250000
2018-08-29,10.743296446350891,10.919227978864264,10.627920310610993,10.83381175994873,7524000
2018-08-30,10.731185718092984,10.876519954171547,10.490873543992755,10.529119491577148,9526500
2018-08-31,10.45389987213596,10.749030893694338,10.45389987213596,10.70887279510498,4807500
2018-09-04,10.566728605466189,10.977872335558079,10.508084451357954,10.954924583435059,8767500
2018-09-05,10.900103374568577,11.020578591998078,10.518918732517054,10.797477722167969,6303000
2018-09-06,10.701223525019861,10.714609557095534,9.904432731686056,9.931204795837402,13224000
2018-09-07,9.816468326875633,10.246735395756076,9.73678859837006,9.810730934143066,8241000
2018-09-10,10.05167872229843,10.131995823713225,9.84323869669351,10.130720138549805,5392500
2018-09-11,9.960528477124404,10.044669926689318,9.667310457021525,9.827943801879883,8391000
2018-09-12,9.501574400565792,9.501574400565792,8.847568243683018,9.490737915039062,19008000
2018-09-13,9.789694755815399,10.172791533584624,9.70364207672193,9.824753761291504,13285500
2018-09-14,9.994948743676012,10.249922605151719,9.891684790265224,10.143471717834473,9342000
2018-09-17,9.960529911063803,10.103315532318211,9.666036162973624,9.688983917236328,6747000
2018-09-18,9.823480793382801,10.135185755894582,9.823480793382801,9.961166381835938,6496500
2018-09-19,9.956702960960039,10.141558808327995,9.87447459372314,10.01789665222168,4318500
2018-09-20,10.177890430579335,10.4864074567104,10.177890430579335,10.362746238708496,9111000
2018-09-21,10.360197273576704,10.50489500765607,10.191277931214573,10.269682884216309,5826000
2018-09-24,10.022995760463344,10.39461867042544,9.954153433870989,10.378683090209961,5310000
2018-09-25,10.277177523004454,10.304662365036192,9.799689428474036,9.861053466796875,10809000
2018-09-26,9.76069689403444,9.923054772125166,9.551675687708851,9.58299732208252,5340000
2018-09-27,9.658423692469782,9.799050106615876,9.579163144426987,9.707003593444824,3802500
2018-09-28,9.640527279667664,9.965883141377397,9.574049038503633,9.88278579711914,7743000
2018-10-01,9.964604178475799,10.211337722183725,9.889816847770039,9.965243339538574,6400500
2018-10-02,9.899405005415263,10.371139694074081,9.882784989286016,9.981223106384277,8142000
2018-10-03,10.10650840332428,10.19216238997048,9.715952631903217,9.997842788696289,7701000
2018-10-04,9.818226731188048,9.84379592054849,9.20458813198482,9.460270881652832,15123000
2018-10-05,9.358636202753358,9.489673372995902,8.530862223180844,8.792298316955566,22242000
2018-10-08,8.629299378303886,8.808278183190207,8.258558547889505,8.480364799499512,12891000
2018-10-09,8.416444361550937,8.585195698620623,8.30010880825175,8.473333358764648,7024500
2018-10-10,8.15628699433978,8.157565316499925,7.338100919070686,7.348968029022217,26956500
2018-10-11,7.331708050929339,7.771482345177589,6.948183579655109,7.115016937255859,20209500
2018-10-12,7.70948188760066,7.8194249285776865,7.19108466695871,7.511327743530273,13690500
2018-10-15,7.405856457125401,7.55543111116148,7.223682304511475,7.310615062713623,8487000
2018-10-16,7.587391729808802,8.056570719358092,7.525389446169679,8.026527404785156,10891500
2018-10-17,8.181218638127136,8.250891789393265,7.75998026656533,7.924895763397217,9156000
2018-10-18,7.825176439112885,7.8302906418678475,7.244136986939602,7.331708908081055,15177000
2018-10-19,7.480643823551275,7.5918660731173615,6.903439347184725,6.985897064208984,14745000
2018-10-22,7.127163574953494,7.247335482019679,6.931566074110228,7.1220502853393555,8202000
2018-10-23,6.561463494010711,7.127162195827317,6.338381190264804,7.007631301879883,20764500
2018-10-24,6.6579841186831255,6.679717881278631,5.593064498457489,5.621829032897949,29644500
2018-10-25,5.753506085727085,6.138948091499403,5.714514060933575,6.004075050354004,15933000
2018-10-26,5.598818107890007,5.995765989797136,5.393632288992534,5.684472560882568,19084500
2018-10-29,6.0091889923278865,6.1069875024838085,5.192921256656976,5.5169997215271,15058500
2018-10-30,5.485678707791279,6.210540084290398,5.458193404674242,6.2035088539123535,18321000
2018-10-31,6.487955451945893,6.571051879148616,6.254005579142461,6.426591873168945,14517000
2018-11-01,6.514801727167673,7.375174682041936,6.509687524357438,7.311253547668457,19780500
2018-11-02,7.304223389534247,7.36303032603634,6.719348458451816,6.983340740203857,18301500
2018-11-05,6.9481847308866085,6.963525968309583,6.4611087865480945,6.8037238121032715,12534000
2018-11-06,6.757060593428887,7.118213100528405,6.757060593428887,7.050457000732422,7428000
2018-11-07,7.341936510063154,7.358556528345817,7.04214890695772,7.303584098815918,13149000
2018-11-08,7.094562423840342,7.36430850514646,7.003155992410902,7.207702159881592,8494500
2018-11-09,6.903439675212196,6.97694914124461,6.617714105304785,6.805641174316406,8788500
2018-11-12,6.4770877225022705,6.479644823788076,5.823178448260609,5.913946628570557,15409500
2018-11-13,6.009188725917672,6.4924297195373235,6.009188725917672,6.132555961608887,10953000
2018-11-14,6.359474422820813,6.492429061494037,6.0379521920983,6.204146862030029,10629000
2018-11-15,6.1351127497527935,6.903439670119101,6.104430732671823,6.83184814453125,14431500
2018-11-16,6.126802349326419,6.676520605746506,6.089089562949778,6.587671279907227,12009000
2018-11-19,6.426591745145599,6.555710968158056,5.813591015900103,5.821261405944824,13630500
2018-11-20,5.343135630724762,6.08397642107032,5.327794391893287,5.848748207092285,21753000
2018-11-21,6.059047272147588,6.180497031023111,5.90819472964368,5.918422222137451,10492500
2018-11-23,5.816787645256231,6.072469900222047,5.752866510018835,5.91586446762085,5686500
2018-11-26,6.168350288641988,6.252725940813981,5.985537899591691,6.25016975402832,10636500
2018-11-27,6.1421432828213485,6.436817531234681,6.052654343171413,6.290439605712891,7797000
2018-11-28,6.479005983855776,6.7231838115636515,6.117854817070258,6.722544193267822,11701500
2018-11-29,6.626023747179633,6.760895868371695,6.512884015389342,6.562742233276367,6813000
2018-11-30,6.580001597853913,6.845911357329989,6.363309985667715,6.832488059997559,9060000
2018-12-03,7.476170183129221,7.537534225921725,7.171907985374841,7.384764194488525,18288000
2018-12-04,7.213454832219077,7.2409410426177345,6.296192913668264,6.307698726654053,18252000
2018-12-06,5.789940795249163,6.204146862030029,5.695337647306688,6.204146862030029,21013500
2018-12-07,6.162598066601566,6.206703380570516,5.424313542720757,5.509328365325928,19045500
2018-12-10,5.479925119476907,5.802725258774135,5.424953605673845,5.742639541625977,14008500
2018-12-11,6.012385745651949,6.241861050068006,5.742639632530935,5.844273567199707,23953500
2018-12-12,6.124245005946629,6.354359881628891,5.972114172816324,6.103151321411133,17592000
2018-12-13,6.217570254864026,6.303863396334802,5.96763999943799,6.035396099090576,13446000
2018-12-14,5.832767302054115,6.145979090944332,5.773960367951024,5.777795791625977,10413000
2018-12-17,5.720906444813904,6.0168585802996715,5.456912818537028,5.5611042976379395,15946500
2018-12-18,5.701090933527894,6.045623441561728,5.699812611377955,5.780991554260254,13204500
2018-12-19,5.7253798379910315,5.874315783082842,4.967919178328954,5.050376892089844,29062500
2018-12-20,5.024808890633992,5.279852868803991,4.732690832140664,4.921257495880127,19387500
2018-12-21,5.01650088938215,5.191644328073112,4.6387291642517186,4.695618629455566,19287000
2018-12-24,4.572250359968534,4.720545763879359,4.282689408449281,4.287802696228027,13795500
2018-12-26,4.461029898317981,5.028646215574239,4.243059460838267,5.024810791015625,17737500
2018-12-27,4.769679319630358,5.139833966491619,4.622129627838036,5.137268543243408,12370500
2018-12-28,5.24889241704284,5.529876682260529,5.11353204837691,5.2456841468811035,17269500
2018-12-31,5.425307820167519,5.4766286585655015,5.187305350071392,5.345118522644043,12660000
2019-01-02,4.9852280308998305,5.602367061513754,4.978812409228582,5.486894130706787,13147500
2019-01-03,5.1148147418912755,5.185382464055861,4.496393111736984,4.511789321899414,28599000
2019-01-04,4.736319201493847,5.154588646875777,4.702318975910585,5.0949273109436035,17604000
2019-01-07,5.195004098848993,5.536932605464586,5.0814555769174525,5.393873691558838,16641000
2019-01-08,5.557461161412338,5.564518713216671,5.098777191369081,5.3111186027526855,14445000
2019-01-09,5.463800224607888,5.794822862115038,5.4586684606175915,5.7216901779174805,17928000
2019-01-10,5.5433491592510595,5.905805727640263,5.540140888696378,5.882711410522461,12975000
2019-01-11,5.791614838693984,6.207958477507807,5.741576478759928,6.046937942504883,12399000
2019-01-14,5.821766596646144,5.887201172405424,5.668444143511912,5.760822772979736,10731000
2019-01-15,5.8012380630694045,6.0078057729721195,5.72746345488752,5.798671722412109,14590500
2019-01-16,5.8698799207995584,5.9462204098909,5.649198487002664,5.656896591186523,10257000
2019-01-17,5.575424115385379,5.943013308903045,5.441347150974108,5.8525590896606445,15876000
2019-01-18,6.027050959271656,6.366414048032002,5.9288991023095035,6.254148006439209,15720000
2019-01-22,6.077088282130707,6.083503902927561,5.594026266231481,5.728104114532471,18655500
2019-01-23,5.838446722789679,5.8949002626529445,5.4471216848687325,5.608784198760986,15681000
2019-01-24,5.9590519472246015,6.639701271634354,5.9590519472246015,6.5678510665893555,32491500
2019-01-25,6.634568451555589,7.0650258485502,6.511396953280151,6.987401962280273,17100000
2019-01-28,6.209883281263682,6.730795800891647,6.165618610742401,6.561435222625732,14305500
2019-01-29,6.598643626692846,6.646116572923587,6.2515833113427375,6.277885437011719,9061500
2019-01-30,6.616606891350996,6.896308705335091,6.405548392720773,6.822534084320068,14400000
2019-01-31,6.799437841197411,6.999591297047596,6.639700234081636,6.827664375305176,10894500
2019-02-01,6.83857181473328,7.159971949173044,6.83857181473328,7.066309452056885,10723500
2019-02-04,7.082347259915739,7.174083958668521,6.896307521746916,7.1728010177612305,4450500
2019-02-05,7.184991218831885,7.367823627275615,7.129820164529041,7.272878646850586,9172500
2019-02-06,7.53782500467181,8.02217106090561,7.530768828610426,7.857300281524658,17931000
2019-02-07,7.569900600227256,7.666769068549257,7.142650509038661,7.332539081573486,18687000
2019-02-08,6.998948790968507,7.33702891391477,6.913627725251487,7.30238676071167,10705500
2019-02-11,7.41529432211861,7.456351643295474,7.2080846814098924,7.406954288482666,8164500
2019-02-12,7.685372076951182,7.924657488139999,7.637899142754799,7.8739776611328125,13083000
2019-02-13,8.017680225770507,8.123531130938316,7.866283073945885,7.942622661590576,12480000
2019-02-14,7.829072759508961,8.179341331953035,7.829072759508961,8.004849433898926,11575500
2019-02-15,8.210775146999396,8.25375641642987,7.981753698106696,8.13443374633789,10102500
2019-02-19,7.991379108846313,8.25119305123898,7.987529367616292,8.081832885742188,7548000
2019-02-20,8.152397180148402,8.448136153916165,8.1498303807441,8.304436683654785,9694500
2019-02-21,8.326246680339375,8.365378203149728,8.043978647681213,8.121602058410645,11476500
2019-02-22,8.316628223581986,8.404516124292359,8.203721132759188,8.375005722045898,12757500
2019-02-25,8.789422879983434,8.872820456316717,8.563608779407646,8.585420608520508,12519000
2019-02-26,8.496250870197636,8.61172381666418,8.336512789518682,8.407721519470215,8319000
2019-02-27,8.289684717637986,8.289684717637986,7.8431890319401365,8.110701560974121,15036000
2019-02-28,8.009980026689169,8.196019283713499,7.929148335335605,8.130584716796875,7447500
2019-03-01,8.374363695028103,8.450703275497778,8.083756442036835,8.342928886413574,10362000
2019-03-04,8.530248356369968,8.590550230052385,8.033714597673017,8.346774101257324,14767500
2019-03-05,8.324966037777251,8.382061503727654,8.129303759660928,8.227456092834473,7974000
2019-03-06,8.202437089304302,8.233229510983021,7.813677488849916,7.825224876403809,14940000
2019-03-07,7.698203944960694,7.737336398476344,7.420426570812542,7.558994293212891,15607500
2019-03-08,7.161895594847162,7.56540941955253,7.101592783434413,7.5468058586120605,12711000
2019-03-11,7.6872994271667485,8.191531549854414,7.6468840277140835,8.085040092468262,12825000
2019-03-12,8.13892592356441,8.30700311658984,7.943904217735775,8.179341316223145,10372500
2019-03-13,8.309567981727044,8.470588979887886,8.243491942986022,8.279417037963867,8331000
2019-03-14,8.285190512009285,8.396814622528318,8.123528956461678,8.138282775878906,6633000
2019-03-15,8.434664131827677,9.030634191816832,8.39104139088295,8.839461326599121,22909500
2019-03-18,8.895274412558383,9.030634772356077,8.623912222512157,8.781725883483887,10273500
2019-03-19,9.025486449234888,9.215069627919533,8.981785209378458,9.137309074401855,13689000
2019-03-20,9.12509865756387,9.281907762798703,8.709299736534042,8.877033233642578,13167000
2019-03-21,8.90402011342352,9.975973324866926,8.90402011342352,9.797313690185547,21321000
2019-03-22,9.65079190324982,9.711201952090725,8.939368910211584,8.963790893554688,18607500
2019-03-25,8.815337474166004,9.016489505233658,8.407248991435559,8.62189769744873,23959500
2019-03-26,8.983713006370332,9.11031752759712,8.678451536481196,8.884100914001465,17310000
2019-03-27,8.900807622142255,8.981783050928126,8.299280462092847,8.494648933410645,19968000
2019-03-28,8.57048341214379,8.764565761437858,8.278073286961474,8.450305938720703,11520000
2019-03-29,8.747215306691743,8.88345807323641,8.674594725728014,8.839115142822266,12793500
2019-04-01,9.232422110555538,9.513906051754839,9.115458593889207,9.490128517150879,18229500
2019-04-02,9.475346826150911,9.590382511644878,9.346815385338065,9.520333290100098,8290500
2019-04-03,9.868011416329004,10.419412343590576,9.846160794208526,10.16877555847168,30327000
2019-04-04,10.060164570672978,10.406556823088415,10.055665373025173,10.2073335647583,14100000
2019-04-05,10.403988787050158,10.456685670027143,10.218902948367868,10.440619468688965,7863000
2019-04-08,10.298591781614409,10.539588467737476,10.234326059936883,10.515810012817383,7659000
2019-04-09,10.346786837884997,10.346786837884997,10.01903222930463,10.161059379577637,16965000
2019-04-10,10.159776165488742,10.507453623375252,10.141139522603297,10.421979904174805,13528500
2019-04-11,10.4753222160895,10.608994542684204,10.295378204496208,10.396275520324707,9259500
2019-04-12,10.693825488397753,10.834567455475682,10.579432419488379,10.82878303527832,12208500
2019-04-15,10.824930455241455,10.860920370446177,10.407202713327003,10.59807300567627,9196500
2019-04-16,10.796006503902568,11.613466681815837,10.770300220563524,11.607683181762695,19468500
2019-04-17,12.274764235294704,12.59223810489682,11.859607936781561,12.135950088500977,16183500
2019-04-18,12.147517352192812,12.265767012629327,11.974000367603626,12.159085273742676,9463500
2019-04-22,11.985566806612757,12.245201019140982,11.850608351444139,12.164225578308105,4671000
2019-04-23,12.317823001508739,12.648150019415926,12.23749107599603,12.529256820678711,8796000
2019-04-24,12.500335555009544,13.266384157805323,12.500335555009544,12.892356872558594,11011500
2019-04-25,12.785032181024476,12.785032181024476,11.858319843947374,12.190573692321777,12978000
2019-04-26,11.499076120063535,11.889168701286708,11.126334041371274,11.885313034057617,13794000
2019-04-29,11.925800306172755,11.96885893424464,11.666166992648215,11.822975158691406,4995000
2019-04-30,11.769635185910172,12.166155732754762,11.75035501038086,12.085180282592773,6696000
2019-05-01,12.46820238982317,12.634650625856535,11.769633519661781,11.788912773132324,12915000
2019-05-02,11.727220343837923,12.551108697823212,11.69958713888884,12.181580543518066,13312500
2019-05-03,12.400081672610755,12.443140301660991,12.002277747616484,12.425788879394531,8863500
2019-05-06,11.188028346328432,11.842254301423164,11.06785086811934,11.815262794494629,17829000
2019-05-07,11.376327090581222,11.43223793733361,10.565292991124638,10.952816009521484,24256500
2019-05-08,10.724673783294246,11.182247025972808,10.626990434254493,10.689970016479492,12007500
2019-05-09,10.186125413345216,10.457326636925446,9.596807753449305,10.309515953063965,18993000
2019-05-10,10.101938981097083,10.529949371307705,9.614804672972806,10.339722633361816,20788500
2019-05-13,9.31468356250127,9.503625068013221,8.752357324907566,8.88024616241455,24391500
2019-05-14,9.209283469229415,9.646932836727423,9.085892958494586,9.515830993652344,17139000
2019-05-15,9.17908216998994,9.939988138030575,9.170727304327023,9.74911880493164,14703000
2019-05-16,9.318540098668013,9.577530854207566,9.078185071911397,9.254274368286133,21981000
2019-05-17,8.825618573898783,9.36545151492032,8.596833357311743,8.70737075805664,24265500
2019-05-20,7.927826416403888,8.071781439140675,7.499816555764057,7.663693904876709,26760000
2019-05-21,8.161751355133418,8.26650337839571,7.948387965478393,8.145684242248535,19236000
2019-05-22,7.69454246125884,7.8841270392662555,7.553800477720292,7.6360602378845215,15225000
2019-05-23,7.2022647783126414,7.282597606262199,6.897002882024977,7.24982213973999,20860500
2019-05-24,7.434908122736001,7.525522736793826,7.047385531505151,7.0615234375,13459500
2019-05-28,7.1887697841127265,7.262032518251805,6.8398066160607405,6.869369029998779,13249500
2019-05-29,6.700349796515271,7.058953023439731,6.654720726995936,6.962554454803467,20284500
2019-05-30,7.033245087060352,7.299305367212753,6.966408941330084,7.121288776397705,19113000
2019-05-31,6.855872249698994,7.163062885223837,6.79417698621595,6.812171936035156,18478500
2019-06-03,7.067949936426733,7.262032305811765,6.757546667648725,6.877723693847656,23410500
2019-06-04,7.262031722453124,7.7652330171429105,7.062808479549955,7.750452041625977,32151000
2019-06-05,8.005588930391008,8.011372431332502,7.296736357677325,7.59621524810791,25533000
2019-06-06,7.593644302879739,7.993377435790491,7.544802633093969,7.911759376525879,14176500
2019-06-07,7.9676708247572,8.231160716996287,7.931039229158432,8.159826278686523,14091000
2019-06-10,8.532567803215917,9.084611346419113,8.470872523332451,8.796058654785156,21726000
2019-06-11,9.290903264763713,9.318538304938537,8.670096704572922,8.862250328063965,18606000
2019-06-12,8.600687829753412,8.624466279590813,8.210594384990012,8.236944198608398,11925000
2019-06-13,8.452874827897913,8.4862924352052,8.193883314957212,8.393107414245605,11455500
2019-06-14,7.647627762255978,7.850065474710584,7.569224133533547,7.72796106338501,14856000
2019-06-17,7.7440259381988925,7.818575274507352,7.556370592649382,7.572436332702637,8601000
2019-06-18,7.851350016009601,8.71443936329266,7.802507887985257,8.560201644897461,26061000
2019-06-19,8.701587712487376,8.754285516710913,8.440025605951393,8.576911926269531,13185000
2019-06-20,9.13024055233666,9.208645573244667,8.686164847177881,8.814696311950684,19162500
2019-06-21,8.686161447830125,8.913662327243898,8.602615568758885,8.632820129394531,12225000
2019-06-24,8.689376996253687,8.804412691174946,8.605831093213975,8.690019607543945,9433500
2019-06-25,8.7128009282806,8.85310156518085,8.289967493584545,8.320859909057617,12205500
2019-06-26,8.87047833229345,9.261774874172366,8.825427240866881,9.10280990600586,19284000
2019-06-27,9.270784523777534,9.655002155927214,9.270784523777534,9.504404067993164,13567500
2019-06-28,9.77535485488483,9.805602819027321,9.484456073023098,9.543664932250977,11226000
2019-07-01,10.792856874072962,11.043852839017468,10.078481051945475,10.315962791442871,21082500
2019-07-02,10.194325474639196,10.194325474639196,9.753472131813886,9.883475303649902,12142500
2019-07-03,9.921446157291763,9.921446157291763,9.534654331453305,9.729659080505371,9478500
2019-07-05,9.412372760492845,9.606733958192947,9.25662638857389,9.574555397033691,9699000
2019-07-08,9.31068646381613,9.440046997899206,9.187119580298742,9.342865943908691,8194500
2019-07-09,9.205783303837759,9.584852675672371,9.131127791362516,9.558465003967285,9168000
2019-07-10,9.87639550999007,10.166007174965538,9.710994274364324,9.759263038635254,16626000
2019-07-11,9.904714605980773,9.954269527152206,9.660796604084286,9.833276748657227,8664000
2019-07-12,9.938824327544006,10.405421876186129,9.913082024056168,10.395123481750488,12400500
2019-07-15,10.554729949353993,10.779983576616308,10.458192417484389,10.63710880279541,8479500
2019-07-16,10.483291358373222,10.554085666141724,10.135757925468925,10.292791366577148,9934500
2019-07-17,10.518688269806956,10.54700562400163,10.282493658539918,10.37903118133545,7201500
2019-07-18,10.422148938587876,10.911270890884019,10.401554921224282,10.854636192321777,13081500
2019-07-19,11.001372898994967,11.101771617658798,10.764535698611015,10.78255558013916,9180000
2019-07-22,10.971126003460116,11.468613983915281,10.947313390130496,11.413908958435059,13075500
2019-07-23,11.652035813648336,11.84832763671875,11.462822869746763,11.84832763671875,10419000
2019-07-24,12.099323871002088,13.007417248154132,12.079373382810761,12.92825698852539,23553000
2019-07-25,12.688201249953515,12.691418922162612,12.173335949842494,12.272448539733887,14809500
2019-07-26,12.520226901199388,12.54082276698181,12.24606187278419,12.26343822479248,8842500
2019-07-29,12.163681528248214,12.417895095756469,11.895307442705143,12.35804271697998,7939500
2019-07-30,12.0246708761235,12.361264289002241,11.89595476510016,12.274380683898926,5961000
2019-07-31,12.077443214727538,12.077443214727538,10.724635270233096,11.088902473449707,21309000
2019-08-01,10.97048382436218,11.88629964587239,10.142838668241964,10.423439025878906,25618500
2019-08-02,10.091352207845382,10.364231096952908,9.685896001930589,9.934962272644043,16612500
2019-08-05,9.06162300770616,9.103455511711099,8.40066428878697,8.636858940124512,22728000
2019-08-06,9.091227021188777,9.33128381350038,8.694137676655236,8.983749389648438,20334000
2019-08-07,8.579579200956166,9.23989342116856,8.559628712334723,9.172961235046387,19701000
2019-08-08,9.452274676762114,9.922733306884766,9.228308134327396,9.922733306884766,18787500
2019-08-09,9.602871336622178,9.721934389055122,9.176820326372816,9.367964744567871,17550000
2019-08-12,9.13563219775178,9.367965594321237,8.883992770360786,9.032015800476074,12654000
2019-08-13,8.99726267700626,10.050804897293308,8.817703691407774,9.829413414001465,19845000
2019-08-14,9.151721504931379,9.384697515911904,8.760424992938123,8.907804489135742,27957000
2019-08-15,9.145287530242356,9.145287530242356,8.619482130597907,8.834437370300293,14976000
2019-08-16,9.214795166213463,9.63183593642845,9.15172417700826,9.557180404663086,16189500
2019-08-19,10.22457210322903,10.343635173346883,9.956198004990453,10.10615348815918,15972000
2019-08-20,10.033428034991477,10.160213511031811,9.78500535781599,9.945900917053223,8716500
2019-08-21,10.265115755088761,10.361652342615825,10.070754590811687,10.227788925170898,9754500
2019-08-22,10.284426965770528,10.382895117608138,9.891199734273837,10.216851234436035,9760500
2019-08-23,9.821047345866587,10.075262786656277,8.791317655689296,8.893003463745117,31515000
2019-08-26,9.333857540364422,9.350590358030693,9.002412414990577,9.11310863494873,11319000
2019-08-27,9.341582250996703,9.428465865929159,8.862113992704854,9.017860412597656,11251500
2019-08-28,8.876269128003436,9.221871925213526,8.688986825811941,9.183257102966309,10600500
2019-08-29,9.589362376894165,9.989669511136624,9.589362376894165,9.804962158203125,18906000
2019-08-30,10.079125054604985,10.231653782748873,9.817830707369993,9.9722900390625,10582500
2019-09-03,9.654359280137232,9.752827409064935,9.290735643338564,9.45356273651123,12528000
2019-09-04,9.910505870190317,10.240019471013536,9.89634719054364,10.2265043258667,19119000
2019-09-05,10.879737955340058,11.536834447088264,10.837261002627791,11.181577682495117,17769000
2019-09-06,11.236926696416742,11.346334922246548,11.005881248445364,11.226628303527832,7131000
2019-09-09,11.442872226225159,11.666195255970196,11.243361812845455,11.384306907653809,9319500
2019-09-10,11.2060342324122,11.534260749816895,10.980137061188364,11.534260749816895,7002000
2019-09-11,11.699658447149238,12.051053047180176,11.487920002553055,12.051053047180176,9793500
2019-09-12,12.357399560801069,12.489976851061282,11.906892346371107,12.157245635986328,11793000
2019-09-13,12.16110547948928,12.263434800784372,11.855405504884079,12.047191619873047,6118500
2019-09-16,11.713176306762877,11.96417316549427,11.47633812715862,11.801990509033203,6535500
2019-09-17,11.722829849253497,11.931349742921856,11.52074530013038,11.909468650817871,5451000
2019-09-18,11.866348593196724,11.946153313023784,11.424208184033386,11.932638168334961,8751000
2019-09-19,12.040113462551265,12.121848770003053,11.697728328908743,11.751145362854004,7227000
2019-09-20,11.89338089225422,11.89338089225422,10.940880655057008,11.09598445892334,11719500
2019-09-23,11.030333785511592,11.61599328465094,11.030333785511592,11.43514633178711,8188500
2019-09-24,11.693874133385089,11.706123787862671,10.70423449026404,10.88153076171875,18163500
2019-09-25,10.70294410815572,11.545589732679202,10.439899336022522,11.437921524047852,11985000
2019-09-26,11.448882699311321,11.572668592246437,11.132326595244116,11.474026679992676,10096500
2019-09-27,11.225163763767176,11.35152831718022,10.395413455874984,10.637826919555664,17278500
2019-09-30,10.83124120575149,11.00789370330533,10.654588708197654,10.97436809539795,7299000
2019-10-01,11.19228169940103,11.592006605760686,10.551434538250584,10.673929214477539,14653500
2019-10-02,10.35673081234913,10.479872019372925,9.96732241896071,10.170408248901367,19338000
2019-10-03,10.188459916506329,10.715194149926628,9.811945813424396,10.690695762634277,17961000
2019-10-04,10.796426660047805,11.282543842580026,10.769994265934193,11.270294189453125,13695000
2019-10-07,11.172943168114225,11.375384346380836,11.009184964672611,11.01369857788086,9079500
2019-10-08,10.670065394768121,10.69456563084246,9.971836796037767,10.000849723815918,25107000
2019-10-09,10.412177377300795,10.701654540001094,10.319982175517476,10.505016326904297,15838500
2019-10-10,10.581091655491267,11.137483431227299,10.544988286829575,10.810611724853516,18492000
2019-10-11,11.411487670236982,11.929840226631015,11.37538337901566,11.536561965942383,27876000
2019-10-14,11.496590563637303,11.60490344586888,11.363779294209456,11.534628868103027,7069500
2019-10-15,11.73255538472248,12.374692839663062,11.698386029044675,12.29088020324707,19419000
2019-10-16,12.113583631822973,12.273472872269831,11.679689328796572,11.756410598754883,15471000
2019-10-17,12.181278686827824,12.283143934139984,11.646808473467823,11.879551887512207,12418500
2019-10-18,11.80154041332398,11.885998647224108,11.134903612074508,11.483050346374512,14661000
2019-10-21,11.758346889782027,12.14324357661612,11.71450562857315,12.136150360107422,11613000
2019-10-22,12.204487960499652,12.281209226656484,11.835065292453969,11.852472305297852,9618000
2019-10-23,11.194863506529702,11.475959967414486,10.94406838567487,11.1632719039917,15555000
2019-10-24,11.604902453922987,11.990443748936478,11.541075505182809,11.97303581237793,14469000
2019-10-25,12.045891238623273,12.739606166733275,12.033640660448846,12.709949493408203,18265500
2019-10-28,12.959453000906274,13.431385620895568,12.950425775289062,13.37658405303955,15250500
2019-10-29,13.441057802876328,13.698943379789164,12.981373873003168,13.025858879089355,10779000
2019-10-30,13.290836741039485,13.290836741039485,12.73960415706947,13.027791976928711,8559000
2019-10-31,12.86597056889496,12.906587557176115,12.291527934497346,12.78280258178711,9952500
2019-11-01,13.147711557267606,13.664129257202148,12.992334978165824,13.664129257202148,10477500
2019-11-04,14.182480271701774,14.633137873423873,14.147021571657755,14.558996200561523,12294000
2019-11-05,14.734357533479882,14.967744695956558,14.477115734253003,14.642807006835938,9777000
2019-11-06,14.564799045364516,14.570601076587824,13.87366193453712,14.312714576721191,11104500
2019-11-07,14.999337082970891,15.05607266255665,14.391368915784112,14.593810081481934,12427500
2019-11-08,14.415223364135032,14.826552391052246,14.156692214620898,14.826552391052246,7299000
2019-11-11,14.434566258574629,14.675690424754782,14.263072004223998,14.585430145263672,6657000
2019-11-12,14.802053269779053,15.047045428323694,14.513865448181937,14.714371681213379,13849500
2019-11-13,14.398463827315615,14.847831243687807,14.24824367868455,14.70599365234375,12061500
2019-11-14,14.559641480334507,14.62927046982385,14.256624366903756,14.584785461425781,11265000
2019-11-15,15.10507057542295,15.34426070673124,14.77755510640138,14.96387767791748,14211000
2019-11-18,14.974193999575606,15.1592272392611,14.636362871346227,14.87297248840332,8130000
2019-11-19,15.054136939849917,15.148265224457008,14.40813142651507,14.642807006835938,12429000
2019-11-20,14.40491052069038,14.66795441193176,13.81499393147778,14.139287948608398,17808000
2019-11-21,13.932330226233134,14.063853066693534,13.498435907960957,13.656391143798828,15439500
2019-11-22,13.871726473894423,14.01291936392398,13.539052739391234,13.649299621582031,10084500
2019-11-25,14.054825504867445,14.664082980995747,14.03999717120685,14.642163276672363,14046000
2019-11-26,14.567377053921959,14.597680239930481,14.254689898029968,14.444236755371094,10887000
2019-11-27,14.667952672640405,14.772397534774926,14.558996964119666,14.753700256347656,7248000
2019-11-29,14.540941585662559,14.574467193053092,14.229542913533749,14.276607513427734,4399500
2019-12-02,14.288217719393312,14.388793656058827,13.573225846267954,13.64865779876709,13189500
2019-12-03,12.720262173375733,13.031660882372993,12.552635961126134,13.024569511413574,14646000
2019-12-04,13.602881284175854,13.774375532104644,13.474582702732638,13.636406898498535,8785500
2019-12-05,13.845295810337259,14.006474425659842,13.62480292596739,13.800166130065918,7833000
2019-12-06,14.270808442139034,14.523536662027286,14.242440188953973,14.441658020019531,9769500
2019-12-09,14.441656966544047,14.55641654437738,14.190861853109322,14.197953224182129,4908000
2019-12-10,14.386213551698065,14.651837034780636,14.214073701044397,14.355912208557129,7432500
2019-12-11,14.528693352636413,15.329431738534366,14.474537373893757,15.297196388244629,11976000
2019-12-12,15.216608780937648,16.585342270146086,15.202425114561258,16.538278579711914,20947500
2019-12-13,16.491855963602056,17.032128227790903,16.05409454291136,16.266204833984375,21313500
2019-12-16,16.81421643407383,17.174611942372724,16.712351174145656,16.72782325744629,10213500
2019-12-17,16.98506651123698,17.07532771135284,16.698167079250613,16.947673797607422,9778500
2019-12-18,17.000536030486238,17.084996108727385,16.756190399340625,16.92317008972168,7486500
2019-12-19,17.08564267948639,17.337082489652722,16.892226873343112,17.320964813232422,7558500
2019-12-20,17.61430793278587,17.965678014370656,17.44345653399647,17.877351760864258,10882500
2019-12-23,18.30963393324711,18.31673360056101,17.942408488412593,17.99791145324707,11043000
2019-12-24,18.077295642204884,18.13150978088379,17.812041322123203,18.13150978088379,3774000
2019-12-26,18.22896183638755,18.270911734599242,17.96177243012292,18.199918746948242,5878500
2019-12-27,18.384494786462867,18.384494786462867,17.852049402146662,17.997262954711914,7303500
2019-12-30,17.919820493306897,17.944989690783547,17.207313029034363,17.618423461914062,9241500
2019-12-31,17.344137502483086,17.794616547433936,17.29895997595169,17.73653221130371,5722500
2020-01-02,18.40192406012403,18.84465894431368,18.154094893132754,18.842723846435547,10438500
2020-01-03,17.909493408635587,18.282525994592017,17.69135359092834,17.824947357177734,14713500
2020-01-06,17.167938730079705,17.422223087042607,16.872997016159875,17.259584426879883,11313000
2020-01-07,17.816552814458507,18.399338425770296,17.544845193619242,18.149572372436523,10441500
2020-01-08,18.225731294806295,18.51292710285391,17.895937489538326,18.18958854675293,10024500
2020-01-09,18.844658517960987,18.86079479656249,17.955314881011585,18.503894805908203,11472000
2020-01-10,18.757535499228165,18.76334448702615,17.990815582735948,18.125701904296875,11304000
2020-01-13,18.51615650899605,18.87886362616512,18.316086234313993,18.836267471313477,8160000
2020-01-14,18.849176980657948,19.379039269941554,18.609093748013947,18.95760154724121,9610500
2020-01-15,18.948563162454892,18.996966450013865,18.070837658742814,18.274133682250977,11518500
2020-01-16,18.72590564835067,19.191230179543666,18.683955757775077,19.189939498901367,10807500
2020-01-17,19.436482452545146,19.5900845632364,19.117015838996796,19.562332153320312,11839500
2020-01-21,19.31901794632647,19.748846015760773,19.297074527632926,19.526187896728516,6961500
2020-01-22,19.97537813298045,20.611728046246395,19.812739436199323,19.992156982421875,10747500
2020-01-23,20.22385310117306,20.458773627670567,19.60234505040258,20.448448181152344,9354000
2020-01-24,21.250018811096766,21.362317277509312,19.32031060666893,19.757238388061523,19885500
2020-01-27,17.992746350666536,18.196688652646337,17.364783167886916,17.465463638305664,19500000
2020-01-28,18.13537934728057,18.874348552536983,17.748145576133254,18.7155818939209,14221500
2020-01-29,18.50712047793412,18.62909996008982,17.621650734684668,17.68360710144043,12270000
2020-01-30,17.329290404822107,17.786224612882528,16.596130213494565,17.617778778076172,17106000
2020-01-31,17.19117555135885,17.213118968712948,15.522205462947383,15.722275733947754,22954500
2020-02-03,15.942350878511595,16.399929432799347,15.879101994076265,16.32248306274414,13681500
2020-02-04,17.557111424385727,17.880450026599416,17.320900233680415,17.844953536987305,15466500
2020-02-05,18.79367488767402,19.09119804243962,18.22444219379483,19.013105392456055,19452000
2020-02-06,19.0724822670397,19.0937812717373,18.341905171533742,19.02536964416504,12234000
2020-02-07,18.465814578601893,18.541970270212566,17.65133606717816,17.682960510253906,16014000
2020-02-10,17.271850730867268,18.48388671875,17.264104800029788,18.48388671875,11137500
2020-02-11,18.985998809009324,19.880505196957944,18.973736418625403,19.593307495117188,16857000
2020-02-12,20.225790833761657,20.549773888506042,20.136080204534903,20.45425796508789,11917500
2020-02-13,19.906324118032853,20.935070619957873,19.859855914236977,20.499433517456055,13008000
2020-02-14,20.959589643755148,21.207418764926686,20.00506216956105,20.367769241333008,11269500
2020-02-18,19.29707621221474,19.63526044070729,19.104105579345326,19.521671295166016,16186500
2020-02-19,20.320013638560635,21.11448577943082,20.2683827172166,21.038330078125,13075500
2020-02-20,20.7814678094099,20.97508470312442,19.142829419945272,20.098003387451172,20755500
2020-02-21,19.695281848870067,19.71657900597365,18.070842760291736,18.293500900268555,25333500
2020-02-24,15.704206435123375,16.471572494564548,15.426044409194818,15.683553695678711,30187500
2020-02-25,16.354756897494344,16.382509306622268,13.990704024375272,14.243051528930664,38751000
2020-02-26,14.58768623596477,15.268569249627665,14.069439149184173,14.362445831298828,33132000
2020-02-27,13.011003528750404,13.88421268859017,12.254610199669862,12.335283279418945,38827500
2020-02-28,11.100660604803517,13.423408872087828,11.081298545176146,13.230438232421875,45580500
2020-03-02,14.03716885215966,14.541216553065047,12.605055332077507,14.540571212768555,36516000
2020-03-03,14.724508718867288,15.317619947905465,12.699283717226706,13.068445205688477,32919000
2020-03-04,13.850008073575433,14.99556933651339,13.297556124284952,14.98137092590332,20538000
2020-03-05,13.73771135228275,14.798082213784555,13.295620883487462,13.637675285339355,23968500
2020-03-06,12.585049704527117,13.132983392275559,11.8105849226787,12.818035125732422,26310000
2020-03-09,9.811821840001027,11.416255463885669,9.551731171625779,9.570446968078613,31191000
2020-03-10,10.772802485892926,11.397536277770996,9.616268531362177,11.397536277770996,33006000
2020-03-11,10.377178975590766,10.777319535132506,9.119320159482571,9.463956832885742,33735000
2020-03-12,7.525860058031251,8.630762224234855,6.584239630703591,6.585531234741211,47734500
2020-03-13,7.81628408720119,8.45457095163468,6.324793550432566,8.384869575500488,43620000
2020-03-16,5.794284556706205,6.870790140858122,5.098557890674579,5.148898124694824,47341500
2020-03-17,5.150189172787917,5.800739296623203,4.2408391174080275,5.660689830780029,73488000
2020-03-18,4.453817274914848,5.095977140759248,3.452821831068122,4.195016384124756,67953000
2020-03-19,4.080782307722063,4.904296572201484,3.7271104208718393,4.513192176818848,67534500
2020-03-20,5.054027376536609,5.259260402799734,4.117570103424424,4.127250671386719,63204000
2020-03-23,4.388632309694901,4.781028354515273,3.956868654031398,4.511256217956543,63927000
2020-03-24,5.398311850638797,6.072858151096865,5.3763431372812,6.056704998016357,67669500
2020-03-25,6.167190526105268,6.7971546262823885,5.531410866475595,5.819579601287842,65236500
2020-03-26,6.269923546233559,7.042680384658915,6.073504214613876,6.983237266540527,55215000
2020-03-27,6.278969565079197,6.605258338922631,5.862223971298867,5.908098220825195,51672000
2020-03-30,6.135531842069175,6.589106243570918,5.96754053564614,6.543877601623535,39718500
2020-03-31,6.553568573301981,6.864351148193983,5.974001243637119,6.121315956115723,50964000
2020-04-01,5.512027777961842,5.966248700355397,4.949260058720218,5.130818843841553,47541000
2020-04-02,5.024209739509906,5.618637277910207,5.015809896448077,5.600546836853027,43654500
2020-04-03,5.605714471863944,5.776936112389617,5.047469294649086,5.267794609069824,43627500
2020-04-06,5.94428138021686,6.958039827274771,5.937174140106876,6.883736610412598,51997500
2020-04-07,7.665537642320345,7.73337968160302,6.765496532149163,6.797155380249023,79462500
2020-04-08,7.16544196378165,7.5615123578691055,6.846260441337653,7.478163242340088,50287500
2020-04-09,7.792822266823843,7.975673187134358,6.770664631925583,6.987760066986084,75898500
2020-04-13,6.939301066709738,7.291434962140111,6.748696375114581,7.239745616912842,36957000
2020-04-14,7.746302929821373,8.230891036503968,7.695905722361017,8.20116901397705,51487500
2020-04-15,7.726918622265375,7.72821030128305,7.2739894106260525,7.5356669425964355,37128000
2020-04-16,7.905894253787317,8.174679078776775,7.59252731486944,8.09003734588623,47277000
2020-04-17,8.58367131213519,8.614038483674268,8.01185807283541,8.300025939941406,47445000
2020-04-20,7.947892221446012,8.302609981936024,7.7534101574050664,7.764394283294678,35502000
2020-04-21,7.407090866237709,7.534376025849693,6.558738184279592,6.673747539520264,60042000
2020-04-22,7.264298162921202,7.931091549543456,7.1848254709771355,7.791530132293701,37150500
2020-04-23,7.831589744840914,8.079699356500429,7.514345953217057,7.593818187713623,42906000
2020-04-24,7.621599694255892,8.119756546981852,7.391582426818811,8.077112197875977,34429500
2020-04-27,8.399526858584393,8.64246604001319,8.280640625979023,8.403403282165527,42303000
2020-04-28,8.851160359327526,9.00170586238136,8.23993336100051,8.272238731384277,55147500
2020-04-29,8.694801037115338,9.546384893727224,8.656034030334125,9.459158897399902,42030000
2020-04-30,9.327997791739204,9.357717963514856,8.40081901162153,8.464784622192383,55264500
2020-05-01,7.882631513798599,7.914937812493363,7.094368639702223,7.178364276885986,65224500
2020-05-04,6.986468196632593,7.4006295077250295,6.914102740714168,7.379953861236572,35217000
2020-05-05,7.802514493820005,8.174677976364366,7.605448165550339,7.754055500030518,47706000
2020-05-06,8.011857299009087,8.39112756837899,7.960813097108668,8.02284049987793,46401000
2020-05-07,8.444110244483268,8.548134090597904,8.128158585068965,8.258028030395508,32518500
2020-05-08,8.511950837276906,8.995891877164235,8.426016984242679,8.97973918914795,38311500
2020-05-11,8.686403004178393,9.190374090021555,8.663787761645192,8.95518684387207,27099000
2020-05-12,9.143851964325297,9.224616318439024,8.195998191833496,8.195998191833496,34702500
2020-05-13,8.417618139120775,8.470599627565417,7.390290977248815,7.754701614379883,53503500
2020-05-14,7.572495414406905,8.399526259644267,7.17190302029103,8.374327659606934,54496500
2020-05-15,7.546652960248604,7.938845604094804,7.404506776831554,7.849681377410889,55647000
2020-05-18,8.399529097001942,9.06179969774604,8.399529097001942,8.94808292388916,42394500
2020-05-19,8.90284960252921,9.46174119280636,8.826607746108232,8.840822219848633,40813500
2020-05-20,9.378395371304393,9.995436257982941,9.373225882036708,9.846183776855469,39808500
2020-05-21,9.842952249993548,9.851352091377862,9.036597978284066,9.08117961883545,37935000
2020-05-22,9.158070098328668,9.238835408993312,8.755539383571195,9.212989807128906,25134000
2020-05-26,9.933407288267656,10.06779918704773,9.44817324908763,9.498570442199707,41682000
2020-05-27,9.612290730810061,9.911443648245186,8.76716832671113,9.904335021972656,41941500
2020-05-28,9.74345173960016,10.096878271797486,9.110256276403966,9.254341125488281,33565500
2020-05-29,9.37904066458069,10.058110811717558,9.27178554514596,9.957316398620605,38440500
2020-06-01,9.761542621337629,9.957316820114666,9.562538993533444,9.833908081054688,21564000
2020-06-02,9.91661108551835,10.467103004455566,9.762834260460249,10.467103004455566,34992000
2020-06-03,10.87350855143956,11.510581239065358,10.87350855143956,11.384588241577148,30483000
2020-06-04,11.284439016497323,11.934433063158016,11.124201520462043,11.684385299682617,31461000
2020-06-05,12.528862466493862,13.051572394098047,12.4312993373428,12.535324096679688,26946000
2020-06-08,12.851923171050425,12.851923171050425,12.073350720467541,12.459083557128906,25800000
2020-06-09,12.030707323240016,12.608983082645528,11.902776089355893,12.4804048538208,22317000
2020-06-10,12.747896998797371,12.970161934529758,12.459083090462258,12.595414161682129,23647500
2020-06-11,11.631403981885878,11.781303427924815,10.177640001773742,10.191854476928711,47562000
2020-06-12,11.137775172417859,11.24115481731771,9.943103399607383,10.614419937133789,35401500
2020-06-15,9.944392675843373,11.108695904995997,9.803538205967488,11.080266952514648,29254500
2020-06-16,12.023598020109116,12.23229358858729,11.080266654979184,11.667587280273438,30856500
2020-06-17,11.916989720068903,12.27816999856348,11.759983469006654,11.990647315979004,21156000
2020-06-18,11.830411593763463,12.095966046638868,11.728971105240515,11.93508243560791,13989000
2020-06-19,12.346658395501851,12.46360549827747,11.635928941452717,11.69472599029541,29616000
2020-06-22,11.752877833958923,12.065598225230277,11.347115870698035,12.007447242736816,19461000
2020-06-23,12.241071027055675,12.489306185005248,12.044552297634056,12.112428665161133,18909000
2020-06-24,11.886172264990604,12.105316730230308,11.023168751039755,11.298554420471191,31200000
2020-06-25,11.285625554346108,11.627593863095386,10.753601591411508,11.576525688171387,21685500
2020-06-26,11.44206843808794,11.64117279480346,10.819542159425872,10.883540153503418,21492000
2020-06-29,10.906811730242925,11.266881111593047,10.505369200605937,11.257830619812012,17931000
2020-06-30,11.39035274770087,12.265638075925498,11.39035274770087,12.166731834411621,32251500
2020-07-01,12.174487660528253,12.18095256098338,11.625656358752343,11.657979011535645,21469500
2020-07-02,12.147338318511238,12.415612756725073,11.954697952074861,12.091744422912598,24289500
2020-07-06,12.707806439352757,13.182297469312115,12.690999175192836,13.06141185760498,21822000
2020-07-07,12.895273941718983,13.200394870947902,12.50869951882482,12.578516006469727,17728500
2020-07-08,12.89656642095404,13.122821290806936,12.561708436784974,13.09890365600586,14014500
2020-07-09,13.252110837245349,13.859122536007368,12.67354248071435,13.6199369430542,25341000
2020-07-10,13.64644018575697,13.76732576932488,13.072397575054458,13.484183311462402,16764000
2020-07-13,14.053057871409996,14.50750779478217,12.734956862465973,12.811237335205078,24480000
2020-07-14,12.599203784635522,13.53848806554026,12.025161018598801,13.490004539489746,25491000
2020-07-15,13.769266025482677,13.779609311336351,12.734955010292467,13.35489559173584,20254500
2020-07-16,12.929536834235035,13.347786652040524,12.728493283494608,13.191993713378906,13903500
2020-07-17,13.433764277990507,13.578567534099054,13.187469185642877,13.436349868774414,12028500
2020-07-20,13.499700449688602,14.326503149066458,13.213971420426908,14.264444351196289,16717500
2020-07-21,14.511386316966348,14.579262695974238,13.813873295492566,13.962554931640625,16822500
2020-07-22,14.092487209614665,14.45126373511582,13.786072583532935,14.12998104095459,13956000
2020-07-23,14.110590927993613,14.487468507126954,13.100198327870546,13.471903800964355,22534500
2020-07-24,12.75887439661562,13.413722338723039,12.247536896382115,12.82998275756836,19546500
2020-07-27,13.316753953309535,14.060812088525546,13.299300294827308,14.045297622680664,17731500
2020-07-28,13.799648172786926,13.799648172786926,13.142214701318544,13.214616775512695,20592000
2020-07-29,13.62381773407683,14.208203732190523,13.531376399404602,14.070510864257812,19687500
2020-07-30,13.876577265622489,14.908948231873284,13.865586656724028,14.89408016204834,25672500
2020-07-31,15.004624885782158,15.005917681213985,14.009100273059651,14.642616271972656,26299500
2020-08-03,14.923817356467405,15.59030046242546,14.923170958849655,15.514020919799805,16984500
2020-08-04,15.443559721263243,16.20377791744853,15.400893777391886,16.180505752563477,12100500
2020-08-05,16.130082051025276,16.339531522189215,15.773244677254418,16.148828506469727,12822000
2020-08-06,16.035702861385403,16.16757723992662,15.59806110093422,16.090003967285156,10840500
2020-08-07,15.974935902652378,16.225756676255543,14.975533043484978,15.543110847473145,17872500
2020-08-10,15.635551294090007,15.740276950935513,14.869515591351416,15.552806854248047,11625000
2020-08-11,15.508848054628112,15.974288504472783,14.916704438001833,15.037590026855469,15201000
2020-08-12,15.422869173421638,16.634952378071322,15.296166936392625,16.552207946777344,18397500
2020-08-13,16.559319788436937,16.559319788436937,15.775183158957526,16.010488510131836,12742500
2020-08-14,16.148180570439003,16.548329297300754,15.813968088753478,15.954246520996094,12001500
2020-08-17,16.347292518148173,16.75713830086375,16.27036470942037,16.558032989501953,11739000
2020-08-18,16.751959948760753,16.847634187391694,16.121677003461635,16.284582138061523,11410500
2020-08-19,16.302683085619364,16.41774925117181,15.824311893460893,15.968470573425293,10309500
2020-08-20,15.494626447526207,15.786819426820601,15.217301537520116,15.552806854248047,16498500
2020-08-21,15.558621101018794,15.902528567574157,15.288407563156184,15.895419120788574,10789500
2020-08-24,16.37702151057876,16.530875211325583,15.97493267685639,16.335002899169922,11776500
2020-08-25,16.36474323287298,16.863797367376634,16.36474323287298,16.8612117767334,11626500
2020-08-26,16.973686760809134,17.181841512090045,16.735794031209426,17.051259994506836,11527500
2020-08-27,17.128189342678173,17.22063065933679,16.086120732947705,16.386716842651367,17893500
2020-08-28,16.489504075697194,17.330529276753268,16.384780270828408,17.315013885498047,13989000
2020-08-31,17.299501951497888,17.641469418290313,16.859918269833994,17.26653289794922,12093000
2020-09-01,17.576827380211373,18.262057014080288,17.32859217389709,18.238786697387695,10255500
2020-09-02,19.03261532424949,20.12963050868855,18.541316223871856,19.87493324279785,18729000
2020-09-03,18.977666184470564,19.005464050739405,16.099050097709885,16.4830379486084,37044000
2020-09-04,16.11197831727289,16.836642625196895,14.22565447486606,16.0260009765625,26686500
2020-09-08,14.26250257442905,15.1390814328296,13.702681624467598,13.744053840637207,21556500
2020-09-09,14.74798290751389,15.210837775049667,14.221777380254734,14.88050365447998,19171500
2020-09-10,15.369216729975252,15.591592292657563,13.989058028907536,14.262503623962402,19227000
2020-09-11,14.573445249691293,15.005916735765627,13.760864188217974,14.212729454040527,14871000
2020-09-14,15.081549070538658,15.373095657543487,14.74863026286086,15.111285209655762,11850000
2020-09-15,15.663993806663031,16.179857894493885,15.609692713100266,15.888309478759766,11725500
2020-09-16,16.08870817370272,16.2729453554528,15.353055016102752,15.409942626953125,10791000
2020-09-17,14.301936444625023,15.486868264223345,14.113175408194133,15.339479446411133,14704500
2020-09-18,15.528889497075072,15.711186566827564,14.079560655967965,14.624512672424316,17329500
2020-09-21,13.758921322053265,14.576026949114953,13.472546883978529,14.554047584533691,25779000
2020-09-22,14.891493929830439,15.104174455737398,14.109942840941807,15.081548690795898,13864500
2020-09-23,14.995572989022953,15.30780523123361,13.830033011568654,13.958675384521484,14178000
2020-09-24,13.667129758317582,14.939978217161189,13.639978284141556,14.366581916809082,24952500
2020-09-25,14.444155276759455,15.078317581167743,13.792539311813286,14.98652172088623,15505500
2020-09-28,15.554746037353672,16.225111237404512,15.283886936793207,16.210241317749023,15123000
2020-09-29,16.10422635586391,16.748084695327623,16.10422635586391,16.34535026550293,19848000
2020-09-30,16.19408112615622,16.87090848114501,16.09646860722183,16.367328643798828,20143500
2020-10-01,16.990496118147245,17.530277788013045,16.814664903381843,17.383535385131836,18271500
2020-10-02,16.165635126937772,16.92262121523453,15.790051334126796,15.83400821685791,24060000
2020-10-05,16.28134785232484,17.38159595531135,16.260015809500516,17.379655838012695,14751000
2020-10-06,17.32083000988705,18.31635426649967,16.872844186885974,17.082937240600586,16638000
2020-10-07,17.813422140456844,18.213570897934446,17.794030213622587,18.113372802734375,13549500
2020-10-08,18.588513042674137,18.843212228986058,18.377772598530797,18.742366790771484,11172000
2020-10-09,19.412077195400393,19.87428562657956,19.318988556812617,19.725603103637695,18609000
2020-10-12,20.449625900054283,20.899551981643473,20.170361754497662,20.5821475982666,15901500
2020-10-13,20.60606348236403,21.018494726928413,20.20203448152515,20.557579040527344,14068500
2020-10-14,20.691396389520214,20.93769146994233,19.87299776227434,20.231775283813477,11320500
2020-10-15,19.2000455742096,20.197508209636037,18.981546554617633,20.072099685668945,10518000
2020-10-16,20.56856652123651,20.573092228521208,19.74628971046914,19.785722732543945,8916000
2020-10-19,20.23371265253535,20.61770059067236,19.243359344064785,19.467029571533203,11283000
2020-10-20,19.743061106372764,19.898207638504793,19.241419542783675,19.404970169067383,6909000
2020-10-21,19.543954230508113,19.635750086753728,18.956337204443916,18.9951229095459,8161500
2020-10-22,19.127644704237717,19.31640759861985,18.33898230113644,19.061708450317383,9789000
2020-10-23,18.88846060224923,18.88846060224923,18.263994297266812,18.78244400024414,6975000
2020-10-26,18.310542963324636,18.55295968556591,16.87220349809404,17.5826473236084,13960500
2020-10-27,17.954993930843465,18.09915076362001,17.18895823730427,17.400991439819336,7834500
2020-10-28,16.556738169014213,16.567080532186633,15.605817798873565,15.669168472290039,15634500
2020-10-29,15.773891003369101,17.354448839287144,15.64266395866709,16.916805267333984,10749000
2020-10-30,16.382837613598184,16.66339631089112,15.521775145998195,16.093231201171875,11187000
2020-11-02,16.622024229644538,16.872197637858765,15.925803245696201,16.35245704650879,10897500
2020-11-03,16.80755873131304,17.705470877217287,16.77006581172901,17.325361251831055,12472500
2020-11-04,18.3881104949689,19.362948261249745,17.728736920579653,19.141218185424805,17590500
2020-11-05,20.68622282917514,21.80845237349627,20.679760702186382,21.665586471557617,20565000
2020-11-06,21.477467771379008,22.961705676394068,21.268667490106125,22.780054092407227,15370500
2020-11-09,24.204816449758873,24.822171390475738,21.869860316747108,21.90993881225586,16741500
2020-11-10,21.328784145565677,21.616452286784146,19.78766161875998,19.9395751953125,16570500
2020-11-11,20.877566244879528,22.21699986873579,20.847182788577467,22.112276077270508,11782500
2020-11-12,22.149773976448667,22.39283613320431,20.9260553996647,21.25638771057129,11928000
2020-11-13,21.972649486299975,22.60487265264004,21.60288412162207,22.04505157470703,10963500
2020-11-16,22.564146067502236,23.70512023319869,22.39930264345738,23.67085838317871,12468000
2020-11-17,23.423268238272588,23.481447720675792,22.575133562301765,23.094228744506836,9009000
2020-11-18,23.193138858942973,23.71223414878926,22.566734148347795,22.60422706604004,10455000
2020-11-19,22.528589142754463,23.665684807463474,21.992687625349348,23.65340232849121,8220000
2020-11-20,23.63142345303938,24.220980606493313,23.18279207427896,23.2694149017334,11338500
2020-11-23,23.692839677206624,24.524813636874946,23.35345591196373,24.32247543334961,11436000
2020-11-24,24.758822736595338,24.791146316427405,23.571951635235205,24.715511322021484,9943500
2020-11-25,24.597213527950654,25.076875725284463,24.156338888656563,24.45111656188965,6964500
2020-11-27,24.941119453067017,25.798305563574527,24.94047398020557,25.29278564453125,8937000
2020-11-30,25.440171570310145,26.3270936868863,24.502181276169445,26.243701934814453,10632000
2020-12-01,26.90436714441354,28.05503789172646,26.69815062657692,27.63614273071289,12735000
2020-12-02,27.362696700515993,28.21923536681746,27.215308819473606,27.846237182617188,7210500
2020-12-03,28.344651888980344,28.785528381314037,27.765438900268713,27.888263702392578,7801500
2020-12-04,28.348527784153596,30.247135320531093,28.0996471382388,30.20964241027832,10473000
2020-12-07,30.77333793908376,30.77333793908376,29.757127060947244,30.604616165161133,8889000
2020-12-08,30.49666613519421,31.294380030962593,30.09974838028896,30.990549087524414,6286500
2020-12-09,30.64793196198668,31.18577176390767,27.74992155598935,28.340126037597656,19231500
2020-12-10,27.751859423337116,28.91739837276329,27.2806013877646,28.285175323486328,11490000
2020-12-11,27.55146053129261,27.983931000995316,26.439575387865904,27.309043884277344,13248000
2020-12-14,28.109341860355205,28.782936193726307,27.926397482656558,28.33753776550293,10854000
2020-12-15,29.36279821461436,29.75648113930278,28.848228776144655,29.519237518310547,7351500
2020-12-16,29.778460834108166,29.79009783960229,28.795218946500302,29.453947067260742,6372000
2020-12-17,29.98144437074454,30.050615382211138,29.265185944977052,29.611679077148438,6106500
2020-12-18,29.80109100327814,29.930379776970742,28.660762354766156,29.225109100341797,8797500
2020-12-21,28.12032945371497,28.79327826427335,27.312275242637458,28.64976692199707,11620500
2020-12-22,28.803058838975243,28.919433036894002,27.885649490060768,28.543804168701172,6235500
2020-12-23,28.728067426281086,28.898748995663105,27.913453451542754,27.950952529907227,4338000
2020-12-24,28.28519959036676,28.764269532565976,28.152015268294114,28.757802963256836,2637000
2020-12-28,29.6965555997781,29.804524765963944,28.48045369826802,28.594240188598633,7542000
2020-12-29,28.96404322953137,28.96404322953137,27.429207813854564,28.374418258666992,7833000
2020-12-30,28.775262438271643,29.957743895863462,28.705437912683312,29.841371536254883,7807500
2020-12-31,29.84460587487897,30.240920048280294,29.26532439528446,30.1588134765625,5871000
2021-01-04,30.714818642303776,32.63756508700356,29.02611170758869,29.74245262145996,17731500
2021-01-05,29.523930424955267,31.522966123525944,29.523930424955267,31.465425491333008,8538000
2021-01-06,30.575168533272866,33.1282722533064,30.33854314350371,31.233970642089844,16782000
2021-01-07,32.629160456228995,35.02968580703684,32.59942089430494,34.67604064941406,10443000
2021-01-08,36.37379901741706,36.79533208995462,33.58277847631901,34.705135345458984,13090500
2021-01-11,33.90862457731444,36.72938854748977,33.87823761453326,35.96908187866211,9625500
2021-01-12,36.52701492096417,37.58730648355554,35.59667622832793,36.675716400146484,10501500
2021-01-13,37.45349033023031,37.75670887181108,36.26971573259684,36.773353576660156,6897000
2021-01-14,38.034701756828184,40.35505692439308,38.034701756828184,39.166107177734375,11373000
2021-01-15,38.97733592336285,39.09499939349755,35.983950015470164,36.68090057373047,16302000
2021-01-19,38.31982173195256,40.53220998392584,38.220255788962966,40.407432556152344,13351500
2021-01-20,41.85885985888095,42.20603840917431,39.71370875433032,40.070587158203125,11220000
2021-01-21,41.10762111505287,42.20476300882146,39.85531110159588,41.85435104370117,11056500
2021-01-22,40.730693414499065,41.19230962679484,39.5417433912301,39.5572624206543,12573000
2021-01-25,40.7436112934382,40.86645020304237,37.45994467383447,39.7272834777832,12499500
2021-01-26,39.80616287060835,39.80616287060835,37.82135149604112,37.8750114440918,7641000
2021-01-27,35.75250493450084,35.929003863187496,31.555300479863806,32.14234161376953,25056000
2021-01-28,33.94289133235049,35.47126229500978,33.14055937445615,34.07219314575195,16110000
2021-01-29,34.26938211550285,34.738755974764096,31.90635379227901,32.39124298095703,15256500
2021-02-01,34.025637095489984,36.39318940640215,33.58988355483433,36.219276428222656,13749000
2021-02-02,37.95000926180756,37.97651553719149,36.33435836704491,37.86790084838867,10789500
2021-02-03,38.273917451860406,38.59394236760116,35.466086976896065,35.52556610107422,14184000
2021-02-04,35.238515595191465,36.47078206267156,34.45557961045259,36.403541564941406,8400000
2021-02-05,37.174833732422705,37.174833732422705,35.479663891973566,35.61284637451172,8242500
2021-02-08,36.32918831830599,38.920433044433594,36.31366929101758,38.920433044433594,17278500
2021-02-09,38.438781082498274,39.31481638888061,37.86337840551899,38.424560546875,8659500
2021-02-10,39.43765628568916,40.063485648268276,37.21686285511713,38.78790283203125,15432000
2021-02-11,39.649068647967134,42.82994079589844,39.649068647967134,42.82994079589844,20781000
2021-02-12,42.17370971665864,44.62272278881612,41.70433968314491,44.3886833190918,15841500
2021-02-16,45.90606375946889,46.406471851754006,44.42618137889568,45.1742057800293,14367000
2021-02-17,43.73699493320926,44.358947177102316,40.86516128161718,42.68058395385742,19341000
2021-02-18,40.92787405066165,41.9584224624554,39.78094959133169,41.39530563354492,15594000
2021-02-19,43.29542736295536,45.11214488884304,42.886823791966705,44.41455078125,23602500
2021-02-22,42.673483685785186,43.577963799002774,38.965697138955974,39.57342529296875,22419000
2021-02-23,37.333229403655615,39.512644581958966,34.00947559245673,38.770442962646484,27033000
2021-02-24,37.80454246249471,42.50861299577423,36.91622521076539,42.423274993896484,17964000
2021-02-25,40.79599182387095,41.70952439498906,34.62432351628523,35.124080657958984,35817000
2021-02-26,36.79662749906897,38.500853807685615,34.721302142975766,37.540771484375,29536500
2021-03-01,39.365236477946375,41.271820068359375,38.354727753123335,41.271820068359375,24520500
2021-03-02,41.64228716798298,41.69077905217412,37.28798380500099,37.38496017456055,19687700
2021-03-03,37.72436682731808,37.811646997949474,33.76767069124103,33.951927185058594,21749000
2021-03-04,33.77737849056535,34.126495555823844,27.580494166217388,29.073951721191406,34294300
2021-03-05,31.246259219718755,31.963893117836786,26.891952856372065,31.76024055480957,30945800
2021-03-08,31.721449476097046,31.934801900509882,26.668905075169082,26.68830108642578,28761200
2021-03-09,29.423075900103644,32.08027026221585,29.093351106256303,31.469308853149414,19994900
2021-03-10,33.156722010825696,33.156722010825696,29.694615284500134,29.79159164428711,19953500
2021-03-11,32.29361452837956,33.98103028725451,31.857213582169617,33.42825698852539,19094300
2021-03-12,31.537190169312144,32.57485263492632,30.887438646492242,32.40998840332031,17047600
2021-03-15,32.77850251317426,34.55319839992944,32.17724106330218,34.49501037597656,15325300
2021-03-16,35.71694313222503,37.42375162632639,35.13507382558654,35.86240768432617,27404900
2021-03-17,34.21377383363386,37.96681814453103,33.467044173054035,37.25887680053711,21743500
2021-03-18,35.649050156860916,35.804214543311474,32.4390862185254,32.691226959228516,25749000
2021-03-19,32.98215349069411,34.57259277562383,31.40141775841379,33.699790954589844,20615000
2021-03-22,34.853827735545615,37.04552857438771,34.54349900251829,35.88179397583008,23763800
2021-03-23,36.25629608526249,36.3824228541066,32.51133143398462,33.01583480834961,26947000
2021-03-24,34.56814585853083,35.05324471935385,31.57993509937599,31.618743896484375,26195900
2021-03-25,30.008220346900888,32.19116554943387,29.202956190653392,31.83219337463379,30291400
2021-03-26,31.832187514292954,36.61526241802118,31.735165524768874,36.566749572753906,35670300
2021-03-29,35.295801784812255,35.81000550419176,33.471828637280176,34.723384857177734,28422700
2021-03-30,34.07334518668881,34.71367557700719,33.258378898918984,34.46142578125,17926000
2021-03-31,35.344307575593675,37.81831132517345,35.266689971977954,37.071258544921875,25362500
2021-04-01,38.85642029659856,41.17519239552181,38.85642029659856,41.146087646484375,27795500
2021-04-05,43.202910836889515,43.94996365595661,41.63119129211797,43.658905029296875,26445800
2021-04-06,42.80512538206015,43.62979572269367,40.816220656314826,42.087181091308594,17961500
2021-04-07,42.679002334313246,42.68870268375114,41.07817450326824,42.087181091308594,12421800
2021-04-08,43.41634943529025,43.658898873476225,42.30062053923046,43.45515823364258,12957100
2021-04-09,42.52377349069348,43.1738042729241,41.844634256310435,43.15439987182617,10748500
2021-04-12,42.417053814132,42.48496737175847,40.55427190220373,41.80582809448242,14926000
2021-04-13,42.68869629834955,42.81482302824119,40.331115729428056,41.4177360534668,14056400
2021-04-14,41.12669024072421,42.17450579639151,39.41914348828036,40.040069580078125,12838600
2021-04-15,41.08787902839731,42.358839592556635,40.37963501510602,42.174503326416016,13642000
2021-04-16,42.213312427951394,42.339439201475074,41.2140096941393,41.4759635925293,11016200
2021-04-19,40.5251654374909,41.02966877355746,37.110068494048015,38.41983413696289,20268200
2021-04-20,37.84741517301591,38.3519184814479,35.93612799221867,36.586158752441406,13892000
2021-04-21,36.799610191564774,39.554972641297155,36.22719322732775,39.53556823730469,15160200
2021-04-22,39.16689034498172,39.39973948225767,36.1592781696538,36.84811782836914,20962100
2021-04-23,37.17797793914809,39.36092290337735,37.15857353978921,38.95344161987305,13212600
2021-04-26,38.895227282043216,41.19459487403628,38.80790933799231,40.95204544067383,13528500
2021-04-27,41.505062376892894,41.63118913227272,39.73930260561955,40.10797882080078,12557200
2021-04-28,39.46765259076368,39.47735294174212,38.13848244603126,38.245201110839844,12753600
2021-04-29,39.97215630905919,39.99156071219457,37.333216698830405,39.108680725097656,14812500
2021-04-30,37.20708842363258,38.00265041493917,35.47043697490897,35.8003044128418,19385800
2021-05-03,36.59586618967769,36.66377974700015,34.03454431062702,34.54874801635742,13899900
2021-05-04,33.38450825462448,33.42331705731372,31.046331557258863,32.95762252807617,24428000
2021-05-05,34.02483949491123,34.72338315569659,32.744178584145544,33.52033615112305,16034800
2021-05-06,33.18077425732508,34.34501266479492,32.171767390783764,34.34501266479492,15387300
2021-05-07,35.421921718555815,36.43092836634054,34.83980449153213,35.82940673828125,16784600
2021-05-10,34.9271233933291,34.9271233933291,30.92990734631453,30.978418350219727,25439800
2021-05-11,28.155141805323133,31.347093592199624,27.83497659163844,31.153053283691406,29951300
2021-05-12,29.202955031548065,29.64924514477604,26.98120111424517,27.291664123535156,34045700
2021-05-13,28.649944324937128,29.59103561097293,27.456599515225097,28.455904006958008,25520000
2021-05-14,29.581332896345,31.706066754247416,28.69845298083185,30.978418350219727,21881300
2021-05-17,30.056730269594393,30.173154830932617,28.552924276218224,30.173154830932617,19224800
2021-05-18,30.76497398689493,31.123949868393765,29.319379363040902,29.38729476928711,15262600
2021-05-19,27.6118271135404,31.2112598825928,27.378979875290856,31.094837188720703,29208700
2021-05-20,31.773981137731276,33.937522004667656,31.696363529459045,33.6076545715332,28593200
2021-05-21,34.24798021893835,34.28678901761622,32.80238762778994,33.12255096435547,25100300
2021-05-24,33.95692462082764,36.03314741976791,33.869606666619354,35.44132614135742,21577500
2021-05-25,36.217483931621885,36.6249652117978,35.159968231770605,35.83910369873047,19468200
2021-05-26,35.926436873426766,36.55706716121861,35.111470266609324,36.07196807861328,13436700
2021-05-27,35.780899765241365,37.11977020913477,35.615964196899796,36.731693267822266,16449400
2021-05-28,36.935431808404445,38.09966996718776,36.751095549493094,37.624271392822266,15891400
2021-06-01,38.34222151527919,39.33182381903063,36.61527043475814,37.1973876953125,18159400
2021-06-02,37.129465060734425,38.40042533346302,36.78019330938853,38.02204513549805,12370500
2021-06-03,36.7025954387648,37.13918161747478,35.4316346113546,36.01375198364258,16945800
2021-06-04,36.945128474056375,38.79820584682377,36.91602002772314,38.55565643310547,15960500
2021-06-07,38.089964482415915,38.26460038471062,37.01304801961316,37.750396728515625,11453800
2021-06-08,38.613871246666555,38.77880679525671,36.188376775129576,37.032447814941406,13475800
2021-06-09,37.41082868149645,37.73099203252092,36.49884037643389,36.57645797729492,11721000
2021-06-10,36.67348258056193,38.19669309965561,36.401828332879965,37.876529693603516,17601900
2021-06-11,37.88622474983761,38.313114166259766,37.42053023274974,38.313114166259766,7971500
2021-06-14,38.623580508137415,39.94304656982422,37.895932068503406,39.94304656982422,18513300
2021-06-15,39.584074251942546,40.36023184491959,38.55566682912722,38.84672546386719,13301400
2021-06-16,39.28331644553527,39.671393403165894,36.93543549267248,38.01235580444336,18089300
2021-06-17,37.53695738023473,39.94304785385037,37.49815227497544,39.108680725097656,18466200
2021-06-18,38.11907365614898,38.40043191529243,35.65477027794751,36.20778274536133,21346600
2021-06-21,36.43092765926907,37.022748925829696,35.49953863370365,36.98394012451172,12722000
2021-06-22,36.770499035539125,37.672783308566586,36.28540012320226,37.44963455200195,10500400
2021-06-23,37.4496406365111,38.448947074971606,37.4496406365111,37.88623046875,8615400
2021-06-24,38.69149002733469,40.00125560154213,38.69149002733469,39.85572814941406,12716800
2021-06-25,39.94304529693534,40.447548643125636,39.08927381970058,39.448246002197266,9244100
2021-06-28,40.26320593089709,42.76631785923074,40.21469678443549,42.3491325378418,18209300
2021-06-29,42.01927013419012,43.35814049985974,41.60208476342013,43.30963134765625,13090200
2021-06-30,43.04768039693299,43.39695223804585,42.368541117103696,43.212615966796875,9830900
2021-07-01,42.83423734465249,43.047678358885285,40.87443720753498,41.30132293701172,11578200
2021-07-02,42.27152210011962,42.397648863084115,40.99086117143612,42.02897262573242,10933300
2021-07-06,42.33943769013249,42.82453666220278,40.12738756181567,41.757320404052734,10020300
2021-07-07,42.49467177258324,42.60139414502836,39.47735539241308,40.01096725463867,10623800
2021-07-08,37.40112431743063,39.17658806163227,36.6346671699006,38.59446716308594,14764300
2021-07-09,38.98255079332946,40.69009741961719,38.08026647628189,40.52516555786133,9799600
2021-07-12,40.90354373638294,42.03867721557617,40.563975948297234,42.03867721557617,9021800
2021-07-13,41.47595738207936,42.02896985109287,40.84532730990064,41.349830627441406,9289300
2021-07-14,42.24242352503289,43.45517107432062,40.612490522709244,40.90354919433594,15361500
2021-07-15,40.544572898930866,40.55427324990931,37.40112993728101,38.245201110839844,14968000
2021-07-16,38.83702633514846,39.244511436246626,35.499546411779896,35.66447830200195,14425600
2021-07-19,34.16066481370462,35.82940627088669,33.67556589717598,35.742088317871094,17527800
2021-07-20,36.13017148395908,37.915335770940075,34.78159329188821,37.1973876953125,12487200
2021-07-21,37.51754986503773,40.602779388427734,37.44963631020301,40.602779388427734,12599700
2021-07-22,39.68108367270694,40.379623434221934,38.710886064093174,39.52585220336914,8148900
2021-07-23,40.059471977473294,40.369935007828666,38.75940664998094,40.31172180175781,8740400
2021-07-26,39.3706314923415,40.54457003130892,39.3706314923415,40.21470260620117,7703500
2021-07-27,39.58407399551182,39.63258315081901,35.61596439479807,37.98324966430664,17917400
2021-07-28,38.361619816848076,40.263206513331525,37.85711654412601,39.95274353027344,12983000
2021-07-29,40.00125751746778,42.38794337638759,40.00125751746778,42.15509796142578,15318400
2021-07-30,40.932649092520485,43.173807629944626,40.81622637789146,43.06708526611328,13599200
2021-08-02,43.8432397943091,45.49257689023923,43.54248082749994,43.86264419555664,17018600
2021-08-03,43.94026736687151,44.60970264016541,42.31033446571008,44.60000228881836,10801400
2021-08-04,44.78433252752937,46.71502787400683,44.67761017205927,46.19112014770508,13768900
2021-08-05,46.73443052424054,46.75383492613674,45.055988620837375,45.76423263549805,8580700
2021-08-06,44.94926731843121,45.86125194785073,44.82314056402913,45.240325927734375,6202000
2021-08-09,45.502279875431135,45.861252037573635,44.18281022959695,44.77463150024414,5943700
2021-08-10,44.98806778548879,45.18210807204318,42.20360133161682,43.12528991699219,9994500
2021-08-11,43.71710911635016,43.7753186089338,41.16548816280393,42.85363006591797,10016600
2021-08-12,42.14539255482965,42.203605757203555,40.321423292579595,41.349830627441406,9746100
2021-08-13,41.23340687826422,42.300622987650215,41.02966622663777,42.184200286865234,7655800
2021-08-16,41.63119213869636,42.135695495637655,40.680398631734015,41.72821044921875,6658600
2021-08-17,40.6804037149398,40.69980811967121,38.16759066790471,39.25421142578125,13983700
2021-08-18,39.08927028392095,39.73930103399578,37.430232932734185,37.50784683227539,10760100
2021-08-19,37.04215638640423,39.06016610849628,36.03314967485255,38.448944091796875,14855300
2021-08-20,38.76910727271846,39.53556450348267,37.84741852568654,39.225101470947266,10732300
2021-08-23,40.166189361366555,42.48496145122173,40.166189361366555,42.387939453125,12229000
2021-08-24,42.669303474374445,43.11559362302369,42.08718621100686,42.426753997802734,8557100
2021-08-25,42.863340243373656,44.28953223173792,42.79542669164307,43.445457458496094,10125800
2021-08-26,43.193206762038585,43.97906831716786,42.40734520690932,43.34843826293945,9529400
2021-08-27,43.5133724774392,46.084398283111994,43.35814096810495,45.890357971191406,12358300
2021-08-30,46.356058219156424,47.53970093701395,45.72543175386421,46.31725311279297,10291100
2021-08-31,46.346346905667865,46.540387195635745,44.01787082807473,45.16270446777344,9620800
2021-09-01,45.82244956184634,45.89036312349182,44.46417462792532,44.59029769897461,7246900
2021-09-02,44.96867135591028,45.32764724500597,44.33804493911458,44.920162200927734,7168600
2021-09-03,44.76492216466275,46.42395937599043,44.59028627915346,45.8321418762207,7374000
2021-09-07,45.94857662041524,45.9970857788914,44.551489169827704,45.37615966796875,5660800
2021-09-08,44.72612272868228,44.98807661177226,42.45585944291377,43.61039733886719,11787400
2021-09-09,43.57158270262133,44.88134824177595,43.5521783026547,44.192508697509766,8643000
2021-09-10,45.25002816585745,47.18072355992111,45.123901406192196,45.20151901245117,14399600
2021-09-13,46.37546107365721,46.73443327735576,44.5611919511137,46.44337463378906,11356400
2021-09-14,46.95758206180207,47.51059459488224,45.73513057740589,46.44337463378906,10129200
2021-09-15,46.62770313781706,47.24862907822904,45.36644315771838,47.14190673828125,9321800
2021-09-16,46.31724756315301,48.05389892347059,45.6187039181468,47.607608795166016,9094400
2021-09-17,47.19041593524473,47.20011998489275,44.59998983080514,45.35674285888672,14478900
2021-09-20,42.446157044834145,42.8827468289261,39.93334439973952,42.00956726074219,19454600
2021-09-21,42.72751041754917,43.19320490017782,41.08787382763689,42.300621032714844,9972400
2021-09-22,43.13499239315665,45.182110300292564,42.6984026521306,44.88134765625,11093200
2021-09-23,45.49257311516739,47.10310127495733,45.036578976217264,46.66651153564453,11819600
2021-09-24,45.46347264125085,46.79264268280068,45.38585503540299,46.52098846435547,7465000
2021-09-27,45.13361171630018,46.744140259399366,44.202222518100776,46.268741607666016,10241300
2021-09-28,43.56188479547124,44.42536028683752,40.796818711881514,40.97145462036133,23988000
2021-09-29,41.29162862121829,41.408051346087795,38.594475637824175,38.92434310913086,19889700
2021-09-30,39.83632778279217,40.69980333629234,38.8079166589655,38.84672546386719,14470200
2021-10-01,39.29301701905254,39.48705734947238,36.92573535076264,38.875831604003906,16368700
2021-10-04,38.13848319312852,38.34222387676977,35.48013915057777,35.91672897338867,20555400
2021-10-05,36.479439128067824,38.21609423676705,36.14957169792949,37.49814987182617,15194100
2021-10-06,36.2077816274699,37.97354132873261,35.819701026770254,37.89592742919922,16403200
2021-10-07,39.32211784839992,40.777414629773844,39.06986803473999,39.1862907409668,13234300
2021-10-08,39.68109696480417,39.84602883703136,37.91533702172598,38.15788650512695,10297000
2021-10-11,37.60487098223807,39.18629467990966,37.21679402213615,37.23619842529297,9446400
2021-10-12,38.04146667987983,38.138488710658244,35.38312595375603,35.945838928222656,19847400
2021-10-13,36.57646325859946,37.15858054506593,36.13017309224108,36.5279541015625,11660600
2021-10-14,38.458650521567094,39.85573809717156,38.16759184365346,39.826629638671875,14800900
2021-10-15,40.77741104231005,41.029664534788644,40.0691671151384,40.593074798583984,10988500
2021-10-18,39.9139419516983,41.689405926901884,39.23480266553827,41.58268356323242,8498200
2021-10-19,41.82522757222829,43.15439751629067,41.35953307433076,43.10588836669922,11476200
2021-10-20,42.814830284999154,43.39694748914565,42.32973138120677,42.88274383544922,9908200
2021-10-21,42.0386775753315,44.357450007846396,42.00956912109554,44.2313232421875,10019700
2021-10-22,43.50367418219676,44.85224867717762,42.46556272054914,42.73721694946289,12691700
2021-10-25,43.27081592555263,44.308927168134886,42.84393027005496,43.71710968017578,9706700
2021-10-26,44.648505349180674,45.06569071934186,43.2126129801884,43.620094299316406,12067800
2021-10-27,42.91184331958416,44.25071716603922,42.26181264475373,42.77601623535156,13076300
2021-10-28,44.47387099115672,45.69631869216918,44.21191711929451,45.599300384521484,15904400
2021-10-29,44.59999812856305,46.22993087768555,44.26042664690598,46.22993087768555,12735000
2021-11-01,46.36575699775228,48.47108459472656,46.03588957460756,48.47108459472656,14647400
2021-11-02,48.33525441189014,50.27565002441406,48.325554062272325,50.27565002441406,12421100
2021-11-03,50.51819226162722,52.2063378318888,49.887562297210955,52.07050704956055,11472200
2021-11-04,53.76836609229726,58.04694240422393,52.94369935385542,57.31929397583008,20539200
2021-11-05,58.25067837810294,60.54034584028586,57.445412405805136,59.094749450683594,19536100
2021-11-08,60.24927898629276,62.78149571401131,59.65746146575874,61.646366119384766,15603900
2021-11-09,63.324809025713186,63.67408083622545,59.579848515582086,61.51054382324219,16385900
2021-11-10,58.26037525926333,60.637360532332934,55.36918635320299,56.22296142578125,17648300
2021-11-11,58.910413545428064,60.14256523623257,57.60064425157555,59.80299377441406,13055700
2021-11-12,60.365715158978134,62.33521573242611,59.34700439242515,61.4620361328125,13052700
2021-11-15,62.80091458020905,62.810611229946794,59.43432291452621,61.31650924682617,11837400
2021-11-16,60.520949745416225,64.45025074089826,60.1619738356995,64.17859649658203,12693000
2021-11-17,64.03305637557624,64.15917942795174,61.801602120872,62.59716033935547,11636600
2021-11-18,65.84732580907517,66.84662833535549,64.06215804981915,65.95404815673828,14102700
2021-11-19,65.83763623603448,67.78773626975902,64.88683894833089,66.5652847290039,14527400
2021-11-22,67.46756716387041,70.32964819088262,63.28601631641258,63.48005294799805,16809800
2021-11-23,62.89793720734073,64.62488843805515,59.52164495925237,62.81061553955078,16233700
2021-11-24,61.1127748210697,64.90624892581796,59.385819831245165,64.8868408203125,14762200
2021-11-26,61.219476356713926,63.04345285840987,58.066333678890885,59.54103469848633,14919700
2021-11-29,62.044167733264224,66.63320419105338,61.33592358153053,66.37125396728516,18352700
2021-11-30,65.2749158715204,67.27352124863765,61.0157475297471,62.742698669433594,22246300
2021-12-01,65.52715814817138,68.84523273871251,61.17096854079445,61.27769088745117,24798700
2021-12-02,59.43431780061348,62.81060582552779,57.90140714437016,61.365013122558594,21014200
2021-12-03,63.93603493602054,65.92493593614313,58.89100575925989,61.05454635620117,18842800
2021-12-06,60.210478614378694,61.40382150021029,55.08783155935673,60.73438262939453,13816300
2021-12-07,64.77041975411012,70.35875483576322,64.73161094634574,69.84455108642578,21654500
2021-12-08,68.81614317265074,69.0780933709512,66.44885772746545,68.58329772949219,12500700
2021-12-09,67.36083615296086,69.4564596328862,63.70319356251602,63.936038970947266,14533000
2021-12-10,67.38993367164012,68.3504273551105,63.227784507240116,65.58536529541016,12329100
2021-12-13,65.99284798209473,66.66228680112235,60.15226075885061,60.48212814331055,13561500
2021-12-14,58.21186439048957,60.51123199763093,57.183453453893755,59.68656539916992,13311200
2021-12-15,59.997036726460976,66.30331921173267,57.474523732352296,66.08988189697266,19005700
2021-12-16,66.9533632337183,67.42875816113686,56.29088603418124,57.46482467651367,27692100
2021-12-17,55.63114979532976,59.7447906721966,55.16545523019583,57.2028694152832,17729000
2021-12-20,54.46690584474722,57.00882313523117,53.81687507202109,55.83488464355469,15681400
2021-12-21,59.36144193701398,61.806935893734924,57.03240271769285,61.622554779052734,20477000
2021-12-22,60.623009174471576,63.59253464979702,59.7884353970964,63.44696807861328,13011600
2021-12-23,64.04863119094604,66.71732415723547,63.9709947095548,65.41694641113281,14507000
2021-12-27,66.08654890705506,70.84167662717826,65.98950699517975,70.83197021484375,15598000
2021-12-28,71.88004097528162,71.88004097528162,67.51308828564403,68.43499755859375,14401800
2021-12-29,68.33796434255291,70.09445501583903,67.54220871399747,68.90081787109375,10702000
2021-12-30,68.41558743547213,69.23074832767685,65.88275445725733,66.33885955810547,11188200
2021-12-31,66.66880084794053,68.02740968435651,65.82452815823208,65.99920654296875,10152000
2022-01-03,67.00847288060409,69.97799864972025,66.36798286555796,69.96829223632812,15794800
2022-01-04,70.43408416428764,72.01588852965591,64.08744647762836,68.9687271118164,21988000
2022-01-05,67.53250136903672,69.30839744123914,62.049551257747865,62.11748504638672,20821000
2022-01-06,62.195104126092204,64.42710502277247,60.021334297102456,63.602237701416016,19343100
2022-01-07,63.155837522213446,64.09715955305953,57.39145801213185,57.97372055053711,22625900
2022-01-10,55.64467830842598,58.41041335987271,52.22875063844791,58.22603225708008,25112700
2022-01-11,57.34293910074589,61.56432507038087,56.16871497426592,61.41876220703125,22053900
2022-01-12,63.06849399409383,64.43680927980597,60.78797592172965,62.67061996459961,19392000
2022-01-13,65.50427825896965,67.13460725845688,57.81844472016782,58.42011260986328,28866500
2022-01-14,57.0226913745384,62.63180154261301,56.82860756614447,62.573577880859375,23880600
2022-01-18,59.10912963551681,59.565234760340125,53.8590823015831,54.32489013671875,29055200
2022-01-19,55.78054123077551,56.44043659197721,49.230112276247276,49.31745147705078,28683300
2022-01-20,50.57901378952279,51.627084177571234,44.455578254823955,44.63025665283203,32438800
2022-01-21,43.8830207911611,47.483329560824835,42.116831443706765,42.41766357421875,45826500
2022-01-24,39.78778877236833,44.13533207692457,35.53728737429719,44.10622024536133,53548700
2022-01-25,40.53502297030699,42.0683065514467,38.215686626119506,39.00173568725586,40326300
2022-01-26,42.4855959128854,45.70743623719137,38.91439878441659,40.87467575073242,46405000
2022-01-27,42.11683245778452,42.1653534120762,34.935620165269974,35.284976959228516,50033700
2022-01-28,35.29468572974243,37.27437210083008,32.121365908946345,37.27437210083008,43946700
2022-01-31,37.83721832126418,43.426915798562085,37.16761657995129,43.26194381713867,39362500
2022-02-01,44.53320699893349,44.73699721080516,41.039646759748926,44.552616119384766,37795600
2022-02-02,47.03693384329877,48.03647960810828,45.0863595679596,47.88121032714844,40548600
2022-02-03,44.23237506888293,46.386735621091056,40.90378678695904,41.36959457397461,32875300
2022-02-04,40.83584925854095,43.203706002259096,39.17640492432903,42.175045013427734,30575600
2022-02-07,42.3497405205962,44.174157535414246,41.59280316102694,42.12654113769531,28382000
2022-02-08,41.486052082898446,45.49394540253014,41.28226183831848,45.22222137451172,33686800
2022-02-09,46.99811181615723,49.71532586528584,45.32896440370319,49.51153564453125,35302800
2022-02-10,46.17324169755323,50.66634749860311,44.232374109464295,45.04753494262695,51371000
2022-02-11,45.18340717999965,46.2411803601545,37.28407151890929,38.3709602355957,51212800
2022-02-14,38.5747409903432,40.61265035435168,36.74062182235338,38.419471740722656,43218400
2022-02-15,40.66118180667625,44.921386026560185,40.43797875245567,44.649662017822266,39910800
2022-02-16,42.76701631176523,45.12517068908992,41.76747070476898,44.736995697021484,35357600
2022-02-17,42.81554271931293,43.07756031707992,39.46754501706126,39.6616325378418,41858900
2022-02-18,39.92365529679044,40.127445554095054,36.65329366083542,38.45830154418945,46904100
2022-02-22,37.099686545094215,40.3312331212387,35.74108134314265,37.46845245361328,49765600
2022-02-23,38.88528681266665,40.07892008802418,34.57656154782154,34.84828186035156,52830600
2022-02-24,30.869498752555987,38.86587306648615,30.617185741682622,38.759124755859375,68362100
2022-02-25,38.81735616089148,40.602954692368954,37.03175762941401,40.54472732543945,40949000
2022-02-28,39.01144388385671,40.98142353459955,37.41993286533425,39.79749298095703,43350600
2022-03-01,39.57429357196307,40.07891964820371,34.304837156923405,35.49847412109375,46635000
2022-03-02,36.36216329936138,39.67134310354793,36.12925750965704,38.93381118774414,41485400
2022-03-03,39.44813172032224,39.661624618833535,35.731368840883356,36.43978500366211,45902800
2022-03-04,35.54699688842235,36.313636901149884,32.37367740418009,33.74198913574219,46799000
2022-03-07,33.79050598755495,34.547443197581245,28.627798258741578,28.705432891845703,50665800
2022-03-08,28.792771846429098,33.32469791227943,27.63795506900597,30.238718032836914,68456500
2022-03-09,33.111202186463515,34.60567121570238,32.092247376313885,33.897254943847656,46482400
2022-03-10,32.09224629146936,32.21840372523435,29.889361064841985,31.781707763671875,43831500
2022-03-11,33.15002261021561,33.40233380096336,29.59823460561792,29.782617568969727,34118300
2022-03-14,29.12272593813587,29.937890684728107,26.492848711379565,27.084814071655273,49351500
2022-03-15,27.608843964618618,30.78216126943018,27.181852549385685,30.578371047973633,42082900
2022-03-16,32.063143515999364,35.32380268059758,31.11211854331027,35.22675704956055,55754000
2022-03-17,34.207794169676696,35.90605345469611,33.30529036777061,35.8575325012207,37147500
2022-03-18,35.527578671381086,38.497103451078424,34.54743855242559,38.01188659667969,39797700
2022-03-21,37.555798170567584,38.78824984829407,35.789608510055515,37.846927642822266,38312100
2022-03-22,37.64988683504806,39.814342324240855,37.49458969644244,38.42637252807617,34654100
2022-03-23,37.3781208899224,38.81462431251597,35.514554886411595,35.61161422729492,38313200
2022-03-24,36.70840035231962,41.008194801697826,36.20368366429726,40.85289764404297,44687200
2022-03-25,40.83348730702612,41.12466903099786,38.581676544532485,40.77524948120117,36316000
2022-03-28,39.98905338976936,41.55173298133926,38.16430917390736,41.45466995239258,35741000
2022-03-29,43.52206668619595,44.647971916866055,41.84291514319685,44.240318298339844,40148500
2022-03-30,43.3958708726025,43.871470291111294,39.48432289174269,40.13462829589844,38435700
2022-03-31,40.04729429734395,40.61024885299461,37.290766751490125,37.64018630981445,38547400
2022-04-01,37.92165488292073,38.17401504048326,33.602448471888195,35.223365783691406,57428500
2022-04-04,35.5048401399874,37.09663656547888,35.10688733103908,36.844276428222656,28200500
2022-04-05,35.99986299709479,36.14545572717783,31.573887692978033,31.913602828979492,57649600
2022-04-06,29.943257605319754,31.156515771660015,28.69117237850935,29.613250732421875,69146900
2022-04-07,29.36089242660068,30.496503877152122,27.817625536074672,29.613250732421875,55657300
2022-04-08,28.982360139686268,29.079419474286276,27.322619229734496,27.458505630493164,71608900
2022-04-11,26.2452422395049,26.895547847811923,25.565815872302576,25.711406707763672,60558200
2022-04-12,27.215851371673907,27.99233709287214,25.099925467298736,25.4687557220459,66793200
2022-04-13,25.983177966610896,27.701154660993748,25.536697300532172,27.206144332885742,50484000
2022-04-14,27.710861602242076,27.778805726991088,24.789332735694362,24.857275009155273,51193200
2022-04-18,24.51756430885766,26.856730013840675,24.420503114820495,26.187009811401367,49251700
2022-04-19,25.89582146319824,28.040864231965866,25.449340825235602,27.904979705810547,45358800
2022-04-20,29.18618503597508,29.94326001434769,27.409972301317204,27.662330627441406,51891900
2022-04-21,28.730003103566197,29.67149239153856,25.051397135243814,25.439640045166016,53808500
2022-04-22,25.33286999295829,25.779348798839802,23.653718542735884,23.731367111206055,57459200
2022-04-25,23.187827080905592,25.00286505533438,22.984000267079455,24.915510177612305,58210600
2022-04-26,23.98372164360612,24.16813767314122,21.693088132103437,21.770736694335938,55039200
2022-04-27,20.984547130638084,22.89664434773874,20.84866074298105,21.304847717285156,52406400
2022-04-28,22.518109017521006,25.526992694193915,21.741621414437624,24.828155517578125,63555800
2022-04-29,23.585774846708507,25.187279608352807,21.450438249995994,21.586322784423828,48104400
2022-05-02,21.722214738249615,23.828434997717245,21.168968257641424,23.779905319213867,57669900
2022-05-03,23.614894262179018,24.925215526555448,23.051941655794298,24.37196922302246,53115700
2022-05-04,24.934924664835805,27.312913595279866,22.61516985554818,27.196441650390625,77054200
2022-05-05,25.75023058426476,25.837585451274762,22.081331723708104,23.28488540649414,64302700
2022-05-06,22.556930719164868,24.139022867519095,21.295141002549432,22.663698196411133,73607500
2022-05-09,21.17866981555273,21.935744848981262,18.752149408614276,19.140392303466797,72482100
2022-05-10,20.8195447105533,21.498969277124367,19.140391272424452,20.470125198364258,72934500
2022-05-11,19.926585074112413,21.353378322857857,18.41243509647328,18.58714485168457,76546000
2022-05-12,17.965957267994817,19.4024569008247,17.432121669095938,18.83950424194336,79889100
2022-05-13,19.965406329918075,22.23662920554324,19.586869801076496,21.8289737701416,65885900
2022-05-16,21.217491466012557,21.8483862955647,20.5768903343088,20.741893768310547,49300800
2022-05-17,22.40163198318695,24.012841073169536,22.168686291401396,23.8575439453125,65619700
2022-05-18,22.7122265209792,23.634304848959065,19.926582635570057,20.2371768951416,61497800
2022-05-19,19.94599651963567,21.39220427614754,19.31510159942623,19.90717315673828,62522000
2022-05-20,20.906899270032508,21.013664901683835,17.140938821988684,19.761581420898438,86718200
2022-05-23,19.344218961392965,20.21776584646243,18.878327536194313,20.023643493652344,54498700
2022-05-24,19.11127710777379,19.29569134376384,17.898016785947163,18.538618087768555,57291400
2022-05-25,18.179488000833377,20.110997762973195,18.169781698355738,19.596576690673828,54536300
2022-05-26,19.03362604314387,22.158983558799278,18.90744594938046,21.87750816345215,60520000
2022-05-27,22.906351652375687,24.6922707139998,22.896645349169376,24.517560958862305,54680400
2022-05-31,24.401089252452664,24.847569981575905,23.051944463625343,24.12932014465332,48671900
2022-06-01,24.59521109234283,24.964041381122964,22.042510577194047,23.013118743896484,52378500
2022-06-02,22.712229694418973,25.507582123715874,22.61516851191915,25.429933547973633,49439000
2022-06-03,23.828426174317787,24.216670863736407,22.809288492813607,23.22665023803711,42093200
2022-06-06,24.507856146504796,24.828156766645215,22.789879251529758,23.20724105834961,40514000
2022-06-07,22.343396388557125,24.012841465973032,21.877504997364937,23.876956939697266,37067500
2022-06-08,23.449895539657216,23.74107727870844,21.76103738032577,22.236635208129883,38501600
2022-06-09,21.731915001487707,22.867526564814035,20.411889230095436,20.470125198364258,37937200
2022-06-10,19.392752867769847,19.90717591938891,18.11155024245725,18.25714111328125,58924000
2022-06-13,16.432394829487375,16.898286256175016,14.889127858707596,15.092955589294434,77061300
2022-06-14,15.539438371837655,15.743265216600484,14.762951583351766,15.296786308288574,52253400
2022-06-15,15.8694411668931,16.91769773261935,15.015306015996915,16.12179946899414,77001800
2022-06-16,14.695009646490805,14.743539319823736,12.608201295628295,13.171154022216797,90753100
2022-06-17,13.248799315739925,13.607925103480163,12.404370435841534,13.297329902648926,64012800
2022-06-21,14.11264238504922,14.976483966950045,14.064111792691815,14.36500072479248,57522800
2022-06-22,13.6448534671392,14.54867953003069,13.547667530136366,13.8878173828125,49362200
2022-06-23,14.169655283889588,14.179374062816686,12.964554501942517,13.615697860717773,47625300
2022-06-24,14.227967639944103,15.403913062304582,14.159937111374715,15.365038871765137,60548200
2022-06-27,15.850966655201667,15.99674464597237,14.937422664248608,15.355320930480957,43426900
2022-06-28,15.549691768670844,16.113368021138452,14.111345724949041,14.150219917297363,56957600
2022-06-29,13.605979784216233,13.644853975097783,12.663279496796353,13.168644905090332,61516700
2022-06-30,12.663277465144935,13.440762084872889,12.031571732959911,12.731307983398438,70274900
2022-07-01,12.138478175439687,12.245382901821275,10.816754680347556,11.273527145385742,92067100
2022-07-05,10.437730467345643,11.565082982008603,10.233640724047428,11.516490936279297,82942200
2022-07-06,11.584521225522671,12.148197516124117,11.195779275740266,11.749736785888672,77177800
2022-07-07,12.546658563667503,13.499077754972175,12.546658563667503,13.324143409729004,75926300
2022-07-08,12.76046553445812,13.771195431898674,12.595249990246641,13.518512725830078,77437200
2022-07-11,12.877087686180719,13.071458635699708,12.29397391078996,12.546656608581543,52520600
2022-07-12,12.809057795058687,13.071458339249844,12.362004157886924,12.604968070983887,53368400
2022-07-13,11.837204473666032,13.178365649284238,11.788611496110903,12.915964126586914,70014100
2022-07-14,12.799339568925694,13.858662424076288,12.187070370256071,13.674009323120117,78227900
2022-07-15,14.3348713988143,14.72361330330286,13.644853823221752,14.684739112854004,74112400
2022-07-18,15.384477326392789,15.724627229039738,14.218250545199409,14.500088691711426,83926600
2022-07-19,15.170669680187457,16.68676523351666,15.06376586897112,16.472957611083984,78348500
2022-07-20,16.356331520285597,17.921019806093593,16.035619210227747,17.687774658203125,85890600
2022-07-21,17.99876844148816,18.581882246237072,17.18240948557322,18.56244468688965,80210800
2022-07-22,18.30976444862661,18.37779406186051,16.667327535355263,17.153255462646484,65689500
2022-07-25,16.74507501997809,16.88113609272295,15.967591120012449,16.8131046295166,43336800
2022-07-26,16.45351624355346,16.754790972226473,15.792654113302312,15.967588424682617,48959700
2022-07-27,16.832541495530688,18.581882978736626,16.686763502013797,18.202857971191406,78797600
2022-07-28,18.329203338219575,18.970628100410234,17.085227086929898,18.82485008239746,69548100
2022-07-29,18.047361663263416,19.427396954587692,17.804397716577224,19.271900177001953,61313500
2022-08-01,18.863715169488913,20.02994251483726,18.494410893873386,19.446828842163086,61205100
2022-08-02,18.883156396506994,20.28262911233707,18.572162871582005,19.359365463256836,60816500
2022-08-03,19.41767772848331,21.108706536155918,19.3107748548898,20.943490982055664,57214600
2022-08-04,20.86574438178319,21.643230172106108,20.62278041987001,21.4488582611084,56294600
2022-08-05,20.370091408753186,21.497445550495264,19.991068337975392,20.953205108642578,60067800
2022-08-08,20.068822666136747,20.787995763177666,19.01921843617596,19.9619197845459,59477700
2022-08-09,18.68878606092507,18.68878606092507,16.434080965235868,17.192129135131836,65153600
2022-08-10,18.543005508799784,19.456550328034744,17.872424599194623,19.349645614624023,69125300
2022-08-11,19.89388378882067,20.992081672767927,19.126118816218167,19.223304748535156,70069200
2022-08-12,19.670361881510175,21.10870807268949,19.41767914192442,20.99208641052246,57238400
2022-08-15,20.64221589591637,21.351670148135934,20.214598847130603,21.16701889038086,48991600
2022-08-16,20.875459769305827,21.128142471061043,19.816136919268338,20.545028686523438,48777200
2022-08-17,19.612048894466014,19.63148645391304,18.183419787460494,18.999778747558594,67988800
2022-08-18,19.164995457721314,20.758840209344655,18.951187851841464,20.302066802978516,50790800
2022-08-19,19.495425081889856,19.806418613433305,18.35835382364182,18.630474090576172,49700800
2022-08-22,17.590589475027457,17.639181521141282,16.29802139952163,16.560422897338867,51389400
2022-08-23,16.59929453923879,17.55171263774955,16.531264939869104,16.84225845336914,49723200
2022-08-24,16.764509051086925,17.09494010241624,16.298018809328173,16.920005798339844,42087500
2022-08-25,16.968600462916942,18.83456357240963,16.929727196921124,18.77625274658203,58659800
2022-08-26,18.70822309582028,18.785971481292563,15.50109895117003,15.530254364013672,84676900
2022-08-29,15.044324947778552,15.598282369138483,14.529241715166094,14.62642765045166,61062700
2022-08-30,15.06376386971636,15.131793474476632,13.567106077153378,14.062752723693848,77063100
2022-08-31,14.276562401190487,14.286281182384217,13.275551109086075,13.644856452941895,86870500
2022-09-01,12.663279710621083,12.886807007089716,11.63311317144829,12.847932815551758,113345600
2022-09-02,13.450483114638867,13.742040011703873,12.274537673715948,12.498064041137695,100737200
2022-09-06,12.546656994427712,12.663279567725587,11.730298054508758,12.07044792175293,79919100
2022-09-07,12.070449296604798,12.945119159382681,11.885796172725378,12.624406814575195,79632700
2022-09-08,12.284257362659307,13.411609916394283,12.021855857824153,13.265830993652344,103258300
2022-09-09,13.858663013478424,14.432058045833033,13.790632481732617,14.237686157226562,81908900
2022-09-12,14.412620950707346,14.626429478964454,13.897537653702111,14.364027976989746,67153300
2022-09-13,12.779903416229004,13.110334536961007,11.613676640047872,11.749736785888672,85975600
2022-09-14,11.934389158161178,12.38144287048945,11.60395803250542,12.109323501586914,65846900
2022-09-15,11.885793998665639,12.313410998081764,11.263806984000379,11.574800491333008,94630600
2022-09-16,11.147186906144055,11.75945620545282,10.865348745525797,11.720582008361816,87622100
2022-09-19,11.292964235207332,12.089885691122241,11.244371260053857,11.914952278137207,75532200
2022-09-20,11.554189349770438,11.7394459790916,11.144673716673353,11.407933235168457,70577400
2022-09-21,11.466434222294538,12.597476882953341,11.095920086929127,11.1154203414917,125021300
2022-09-22,10.891162949074074,11.037418121549793,9.99412886889147,10.247638702392578,112096100
2022-09-23,9.818622568168104,9.886875792394852,9.214099722776071,9.779621124267578,120047000
2022-09-26,9.662615542149217,10.101381961717324,9.26285056143455,9.311602592468262,96464800
2022-09-27,9.789372100020447,10.023380772562497,9.15559837941878,9.56511402130127,115839400
2022-09-28,9.331102788539921,10.091632236221855,9.214098472712156,9.916125297546387,119412700
2022-09-29,9.457859060525182,9.496860504759331,8.580326100322926,9.058094024658203,128122600
2022-09-30,8.677827808010655,9.37010402585367,8.521822056925068,8.638826370239258,109534300
2022-10-03,8.863084996201245,9.750368369001572,8.658327223257508,9.457857131958008,126786100
2022-10-04,10.31589015424105,10.822909780056516,10.276888716091216,10.76440715789795,114533100
2022-10-05,10.267138808566989,11.368930672087563,9.955127282567425,11.13492202758789,110030200
2022-10-06,11.008167676539351,11.622441097215816,10.774159020053387,10.910663604736328,117138000
2022-10-07,9.92587516741111,10.023378291905628,8.775331417355734,8.98008918762207,134873300
2022-10-10,8.843585274961942,8.863086461259913,7.663790935033107,8.0733060836792,163448700
2022-10-11,7.615038733996516,7.819797001279452,7.020266047890447,7.381030082702637,186475200
2022-10-12,7.303026836495374,7.429781756858711,7.049517460702568,7.156771659851074,110516500
2022-10-13,6.259737095120386,8.151308309065541,6.0549793049111145,7.800295352935791,284532700
2022-10-14,8.053806323009718,8.063556916758913,6.698504477509173,6.757006645202637,177216100
2022-10-17,7.2835263464769495,7.478534029749136,7.020266369253298,7.147021293640137,113321500
2022-10-18,7.83929688575582,8.005053238366825,6.8642599550405805,7.215273380279541,185506400
2022-10-19,7.088518803651426,7.605288605992868,7.020266047890447,7.381030082702637,134272400
2022-10-20,7.507783889770508,8.209810713060163,7.400530166297944,7.507783889770508,170614600
2022-10-21,7.459032861592257,8.424319696942101,7.361529258257388,8.365817070007324,178616600
2022-10-24,8.424319292654452,8.59007564283592,7.878298210315321,8.4633207321167,147205700
2022-10-25,8.580326771014231,9.233601710401073,8.53157472944384,9.028843879699707,127146900
2022-10-26,8.521821478902243,9.428606007915873,8.336564894520698,8.78508186340332,143571600
2022-10-27,8.93133687119955,9.204346912757371,8.268311554691575,8.307313919067383,129662300
2022-10-28,8.346317322947327,9.321354345588157,8.278064099052388,9.26285171508789,129291600
2022-10-31,9.067843667492035,9.116595700140401,8.531573168095361,8.6973295211792,118351000
2022-11-01,9.175096043419886,9.282350685415226,8.71682849184195,8.872835159301758,108638200
2022-11-02,9.038592320706996,9.526110760532807,7.995302227169773,8.034303665161133,174985600
2022-11-03,7.585787125803725,8.08305569249942,7.342027905969764,7.69304084777832,135668700
2022-11-04,8.50232443792763,8.83383722665741,8.209813099056182,8.765583992004395,173041700
2022-11-07,9.038591623765194,9.448106226164073,8.658326935269915,9.350603103637695,105846700
2022-11-08,9.857622674698682,10.296390021387355,9.370104227149175,9.916125297546387,147373300
2022-11-09,9.496859717369537,9.574862599370574,8.950839543362271,9.0093412399292,107444900
2022-11-10,10.530399170784065,11.866199671162018,10.296390527623187,11.778446197509766,196270300
2022-11-11,11.973453634137725,13.075245512886815,11.534687187169466,12.889988899230957,166468400
2022-11-14,12.665729881334139,13.172749546634552,12.412220048683933,12.45122241973877,108739600
2022-11-15,13.982029354590887,14.079532487087395,12.977741603657707,13.523761749267578,159797700
2022-11-16,12.60722775564139,12.665729450498247,11.573688204537605,11.827198028564453,112310400
2022-11-17,11.056918157072007,12.26596364204166,11.027667311592893,12.061205863952637,128795400
2022-11-18,12.665728692497183,12.704730130023542,11.76869469952331,12.178210258483887,117064100
2022-11-21,11.768695251670911,11.895450162045396,11.44693314451555,11.593189239501953,84238200
2022-11-22,11.836948854819822,12.616977667437526,11.55418817777898,12.57797622680664,86949600
2022-11-23,12.57797694635503,13.406758769508082,12.51947524699584,12.987492561340332,113790600
2022-11-25,12.802235183113778,12.928990097386313,12.509723914013135,12.53897476196289,41754500
2022-11-28,12.051455133329377,12.441470431317306,11.310427833900752,11.54443645477295,87803100
2022-11-29,11.651689833926003,11.875948786459391,11.212923450112505,11.43718147277832,75056000
2022-11-30,11.544437265618424,13.50426169527717,11.23242574920744,13.47500991821289,133385800
2022-12-01,13.738270121403426,13.777271560355278,12.61697712426933,13.16299819946289,112133900
2022-12-02,12.178211994622268,12.80223601387313,11.992955372428593,12.704731941223145,98017700
2022-12-05,12.480473632620658,12.831486613555224,11.895451067861982,12.275715827941895,71095100
2022-12-06,12.226965035135217,12.28546766950352,11.095922162869195,11.427434921264648,86923400
2022-12-07,11.125172529445974,11.632192238944379,11.047169640272033,11.407933235168457,86276700
2022-12-08,11.593189458723906,12.402470038068419,11.359179888294179,12.30496597290039,101888300
2022-12-09,12.178209409623818,12.665727809655525,11.87594852232999,12.012453079223633,88787400
2022-12-12,11.836948008154295,12.685229978601456,11.64193988908059,12.655978202819824,73482200
2022-12-13,14.35254435205675,14.537800965837635,12.811986025299685,13.289753913879395,180078900
2022-12-14,13.172748938495577,13.679767650521033,12.226962871036589,12.675479888916016,139612300
2022-12-15,11.924700897993004,12.070956991616738,11.037417463506102,11.1154203414917,107181700
2022-12-16,10.920415114739871,11.193425236894717,10.501149802469028,10.832661628723145,88813800
2022-12-19,10.842409524648449,10.871660369419246,10.091631643080758,10.42314338684082,82876800
2022-12-20,10.029779969650987,10.519037529146157,9.941713459632298,10.186342239379883,88304000
2022-12-21,10.401617499912831,11.027867612743266,10.372262302913168,10.900660514831543,83240400
2022-12-22,10.313551396192384,10.333122150446613,8.914274195302497,9.569879531860352,135617300
2022-12-23,9.383961782515332,9.59923540765541,9.031695680797947,9.560094833374023,92378600
2022-12-27,9.374177218227109,9.383962595941902,8.933845486096166,9.07083797454834,78142100
2022-12-28,8.904488713528574,9.2273986556083,8.552222643489008,8.669644355773926,83917300
2022-12-29,9.080620859783467,9.61880441027726,8.982769898993118,9.462242126464844,90966000
2022-12-30,9.070836416933806,9.491597321383466,8.865348186133806,9.462242126464844,64369800
2023-01-03,9.951499910971256,9.990640482636257,8.99255450540146,9.158902168273926,97509800
2023-01-04,9.667732571761201,10.049353925856984,9.374177755778678,9.853650093078613,114576600
2023-01-05,9.589448382886985,9.785151220663304,9.325248852000401,9.364389419555664,83312800
2023-01-06,9.736227975251804,10.832165103602817,9.354607569159889,10.636462211608887,123492600
2023-01-09,11.282279968261719,12.006381923784827,11.037651168835147,11.282279968261719,136968300
2023-01-10,11.135502634996438,11.732396546768609,10.949584231975994,11.7128267288208,90401400
2023-01-11,11.722611387692913,12.162943964460258,11.399701453520056,12.133587837219238,80469400
2023-01-12,12.319506204769672,12.79897841664134,11.566049071955803,12.544564247131348,135343400
2023-01-13,12.104233246161414,12.720697951161416,12.006382283371076,12.671772003173828,74389800
2023-01-17,12.603277307782548,13.141460915047652,12.397789055306232,12.779410362243652,74500500
2023-01-18,13.161028919474116,13.464369034379843,12.534779804600033,12.544564247131348,82050400
2023-01-19,12.211868050354395,12.251009550372892,11.370345396835877,11.517123222351074,99618400
2023-01-20,11.849821281471618,12.58370783911519,11.497556069749308,12.515212059020996,89921600
2023-01-23,12.896831729240652,14.589662720991354,12.847905778451087,14.423315048217773,125178200
2023-01-24,13.98298476193571,14.530953786084153,13.855777650380087,14.129761695861816,75816000
2023-01-25,13.415443707565055,14.315677784890786,13.043607811870963,14.217825889587402,93424800
2023-01-26,14.697300167871399,14.97128418897536,13.992768894704879,14.912572860717773,111443300
2023-01-27,14.18846957422324,15.02999226129962,14.041692676039661,14.658156394958496,101402600
2023-01-30,14.041695034543022,14.305893682286353,13.43501472274888,13.503511428833008,81286700
2023-01-31,13.376303793380252,14.237397341534962,13.346948596620681,14.20804214477539,97363300
2023-02-01,14.413531683744553,16.908747123713702,14.364606659309295,16.439058303833008,150219900
2023-02-02,16.957668108630777,18.004679059643234,16.644543547547006,17.534992218017578,116420900
2023-02-03,16.419486287127363,17.74048035902364,16.243353246509276,16.56626319885254,94867600
2023-02-06,15.773667739141846,16.497768850120078,15.519252599445133,15.754096984863281,77254800
2023-02-07,15.871518828930146,17.466499947238024,15.783452295214007,17.212085723876953,119100900
2023-02-08,16.95766640050591,17.30993242942663,15.998722062187746,16.135713577270508,72392900
2023-02-09,16.957669963233343,17.5154233819596,15.861732013211544,16.223783493041992,84793400
2023-02-10,15.71495305188741,15.871515329222635,14.922356289581634,15.460539817810059,78447700
2023-02-13,15.646458826294499,16.26292448695018,15.23548234131396,16.06722068786621,60332300
2023-02-14,15.714955322790676,17.153374019926154,15.333334949935875,16.957670211791992,111460800
2023-02-15,16.44884086431332,17.212083432802466,16.077005889738437,17.163158416748047,74638200
2023-02-16,16.292278789915535,16.801107175673614,15.832377287232125,15.930229187011719,81774100
2023-02-17,15.636672357119096,15.773665753453608,14.71686848507054,15.166985511779785,82871000
2023-02-21,14.472240302891318,14.981068673532265,13.591576963778722,13.708998680114746,68114400
2023-02-22,13.806849526753316,14.100404281697156,13.24909614558941,13.532865524291992,70471500
2023-02-23,14.804935048373745,15.010423277151382,13.973196757325011,14.756009101867676,94198000
2023-02-24,13.982982234127496,14.227611035237624,13.660072291316913,14.00255298614502,74689200
2023-02-27,14.638588867683337,14.687514819127657,14.188471794128418,14.188471794128418,61896900
2023-02-28,14.090620119150083,14.941929261770099,14.002554524947765,14.335248947143555,59300500
2023-03-01,14.491812051352513,14.89300317636487,14.16890114275839,14.364604949951172,63832600
2023-03-02,13.708999043212655,14.912572367423488,13.366518328272974,14.687514305114746,73485400
2023-03-03,14.726653978295136,15.431185185101429,14.335247337542832,15.343118667602539,72055200
2023-03-06,15.489898051302886,15.900874576551633,14.716870955370235,14.844078063964844,56252700
2023-03-07,14.86364717828206,15.088706185292216,14.17868664653732,14.335248947143555,66744300
2023-03-08,14.540736194972435,15.558392011760501,14.530951751749509,15.47032642364502,71670200
2023-03-09,15.411614522023033,16.18464243200098,14.482025261299878,14.589661598205566,87945700
2023-03-10,14.785366044339508,14.922358524114012,13.513296883913792,13.748140335083008,128656300
2023-03-13,13.317592293579693,14.227611779962217,12.867475238648913,13.71878433227539,121199400
2023-03-14,14.442885453397915,15.20612709447459,14.227611835027874,14.8930025100708,107012500
2023-03-15,14.286323105630792,14.530951919541012,13.454584765062098,14.374388694763184,126199700
2023-03-16,14.168900555682793,16.165072587408197,13.992768442966044,16.06722068786621,108646600
2023-03-17,16.135719137990193,16.536910313022698,15.489899106651524,15.783452987670898,79179200
2023-03-20,15.79323426362749,16.429270617910433,15.440969137993365,16.253137588500977,62536400
2023-03-21,16.669637945914015,17.179233433626703,15.621047518379594,16.336441040039062,76051300
2023-03-22,16.34623914962397,17.659426353100066,15.875844235622056,15.915042877197266,95075000
2023-03-23,16.679433288829262,17.80642162041331,16.297235848120483,17.14002799987793,97514400
2023-03-24,16.757831173937667,16.875428939827597,15.719042185723634,16.238435745239258,90583300
2023-03-27,16.42463726583589,16.58143556061183,15.493646689660098,15.650444984436035,64605200
2023-03-28,15.552445789712813,15.562245916914515,14.601854946753834,15.317248344421387,75621600
2023-03-29,16.01303917346348,17.1204272186509,15.973838670321973,16.738231658935547,90012500
2023-03-30,17.404629247665156,17.924024818227814,17.22823068146715,17.59082794189453,80622200
2023-03-31,17.208628167947808,17.973021231470383,17.081230258618906,17.933820724487305,68287500
2023-04-03,17.561428082421145,17.79662555465022,16.787234767465005,17.453628540039062,57147300
2023-04-04,17.512426076871048,17.541824587232586,16.179638777779743,16.454036712646484,64093400
2023-04-05,15.924842886350417,15.98364178286718,15.072251410124496,15.601446151733398,86953300
2023-04-06,15.140849271387367,15.689644226080212,14.788053115607955,15.346647262573242,65901100
2023-04-10,14.915454315412624,16.16984177966457,14.837055157308859,16.062042236328125,63177700
2023-04-11,16.38543340013214,16.454034275575342,15.787640724731833,15.885638236999512,52220200
2023-04-12,16.326638584573104,16.40503773541974,14.964452637669124,15.0232515335083,76962300
2023-04-13,15.082050212828277,15.630844226868989,14.739053253109185,15.356447219848633,59431400
2023-04-14,15.327048386335884,15.86604322973985,14.778253415784748,15.268248558044434,56858500
2023-04-17,14.797853670079087,15.307448132041545,14.650854566646244,15.268248558044434,56761700
2023-04-18,15.699444165168295,16.03264099782603,15.101649517897117,15.464245796203613,56833200
2023-04-19,14.89585200481397,15.072250553522203,14.680253882458524,14.954651832580566,53185600
2023-04-20,14.494057151077754,15.581846096517413,14.454857574699522,14.895853042602539,65191000
2023-04-21,14.788054671212109,14.788054671212109,14.190259953906912,14.56265640258789,68276000
2023-04-24,14.48425554805198,14.739053235854067,14.072659570707541,14.337257385253906,48740200
2023-04-25,14.131458450170092,14.131458450170092,12.906470726920892,12.935870170593262,89382800
2023-04-26,13.347467005165438,13.514065421338325,12.916271709218366,13.102469444274902,68911200
2023-04-27,13.063269777242004,13.327867589690083,12.269478209080805,13.269067764282227,87997600
2023-04-28,13.484667172804107,13.984462465691564,13.269069038395312,13.94526195526123,65456800
2023-05-01,14.170659389337887,14.49405610476039,14.033460414622578,14.366657257080078,57191000
2023-05-02,14.36665791789191,14.611655497486497,13.63166517910815,14.062861442565918,61126500
2023-05-03,13.837463516612814,14.327458687603036,13.533667033970186,13.563066482543945,71240700
2023-05-04,13.229870004377084,13.719865189724384,12.955472962268258,13.327869415283203,62383900
2023-05-05,13.347468740694817,14.386258945161586,13.171070174847792,14.180460929870605,62636200
2023-05-08,14.170659556895838,14.40585700096751,13.7884630093357,14.356857299804688,41012800
2023-05-09,13.78846299702216,13.837462698141225,13.465066278064526,13.661064147949219,57414300
2023-05-10,14.0922596771009,14.347057362243405,13.631664005434297,14.023660659790039,78346700
2023-05-11,14.043260330382273,14.141259730074783,13.367067463196884,13.78846263885498,54962200
2023-05-12,13.896263061775288,14.082460811691382,13.318068622396025,13.73946475982666,46243600
2023-05-15,13.817862132461302,14.837051898550671,13.690463294876196,14.80765151977539,64054000
2023-05-16,14.680253729360809,15.25844813557097,14.670454536994866,14.74885368347168,54294600
2023-05-17,15.17024892246732,16.013041152332093,14.837053015911545,15.817042350769043,77302900
2023-05-18,16.013042079145396,17.443827058145025,15.993441824018035,17.316429138183594,91302200
2023-05-19,17.2380291377251,17.287027903946655,16.718633617534305,17.042030334472656,49521200
2023-05-22,16.581435086353405,17.365426537809544,16.55203470598015,17.179229736328125,43944400
2023-05-23,16.85583411754909,17.198829231473272,16.45403823908089,16.581436157226562,41287200
2023-05-24,15.572045753598893,15.905241660916413,15.180049084168166,15.709244728088379,87475800
2023-05-25,17.796624944899015,19.00201264971757,17.277229376615836,18.766815185546875,124768700
2023-05-26,19.64880399575627,22.79457370720323,19.62920561110506,22.422176361083984,112964600
2023-05-30,24.0783606496744,24.30375796330941,22.13798036248215,22.412378311157227,99439100
2023-05-31,21.27558926036791,22.216380953267773,20.667996299846717,20.726795196533203,73938700
2023-06-01,21.050191448228443,22.294779592781065,20.413198119414194,21.716585159301758,74757400
2023-06-02,22.235981265213837,22.43197821106258,21.099192624068138,21.579387664794922,65015000
2023-06-05,21.31478709595383,21.31478709595383,20.246597616093226,20.55039405822754,35747700
2023-06-06,20.13879823972039,21.618583693752978,20.021200460259116,21.29518699645996,49445200
2023-06-07,21.706784560788204,22.637776084438595,21.05999111859137,21.206989288330078,65066100
2023-06-08,21.35398962193566,22.020381458559516,21.03059102719122,21.834184646606445,43045900
2023-06-09,22.569175197948383,23.019969797115692,21.647983877636637,21.951780319213867,50142100
2023-06-12,22.7357735591942,24.18615861753214,22.667172674562973,24.107759475708008,52761000
2023-06-13,25.273952673672692,25.558148910506013,24.225361402092364,25.048553466796875,82626800
2023-06-14,24.803555999589314,26.16574389911738,24.342961193799475,26.106943130493164,84622000
2023-06-15,25.2347472935863,26.038338947167155,24.911350606921246,25.43074607849121,64797200
2023-06-16,26.23434065899721,26.25394091351106,24.62715530334135,24.734954833984375,55392600
2023-06-20,24.362562033529578,25.038754066254157,23.50016943155182,24.156763076782227,43349100
2023-06-21,23.722935414007747,24.03701617813082,22.280126201791496,22.358646392822266,59099400
2023-06-22,21.86789514356695,22.947547322598613,21.80900359513067,22.672727584838867,44637500
2023-06-23,21.54400088249022,21.867896937179598,21.121954111092407,21.485109329223633,44294000
2023-06-26,21.907153236938527,22.88865653158322,21.642146898087905,21.681407928466797,47524300
2023-06-27,21.877712016134335,24.037018405615584,21.602890386024708,23.919239044189453,54471000
2023-06-28,22.75124868417478,23.987943169593184,22.68254374699639,23.281259536743164,55584500
2023-06-29,23.664048637813462,23.664048637813462,22.741434876121577,23.369596481323242,45213700
2023-06-30,24.11553456197035,24.70443688660394,23.840714849991855,24.370725631713867,47598800
2023-07-03,24.792775032321476,25.27371145279432,24.223503159917996,25.01852035522461,25289900
2023-07-05,24.527768666120135,24.71425482812445,23.38922492179637,23.408855438232422,38292000
2023-07-06,22.181972692459915,22.62364800917974,21.63233142468759,22.554943084716797,49420400
2023-07-07,22.653097695346844,23.58552664528879,22.407721852948345,22.535316467285156,41284000
2023-07-10,22.731615509441475,23.98794036489686,22.65309532297982,23.870159149169922,39943500
2023-07-11,24.223502774617582,24.28239245094494,22.849398470541882,23.88979148864746,44231000
2023-07-12,24.96944692014805,25.371863162770378,24.537584901698786,25.21482276916504,54237000
2023-07-13,26.019649882888164,26.94226340890618,25.725197801613252,26.775407791137695,42645500
2023-07-14,26.834300346230428,27.511538146765293,25.420935071396052,25.744831085205078,47910200
2023-07-17,25.793908452753044,28.002290968061967,25.293341524634737,27.540983200073242,50068600
2023-07-18,27.236718667901247,28.021920619409492,26.588926589889667,27.737285614013672,45800100
2023-07-19,27.884509505094545,27.913955278991732,26.5398509889633,26.785226821899414,49085500
2023-07-20,25.31297031835394,25.57797477938673,23.42848395863439,23.840715408325195,67340600
2023-07-21,24.547398024018012,25.11666986931256,24.046831110937962,24.459062576293945,43146400
2023-07-24,24.449249310067966,24.969446781030594,24.056648328241998,24.439434051513672,29911500
2023-07-25,24.84184841205224,26.0981733308954,24.84184841205224,25.64668083190918,39288500
2023-07-26,24.7338835193421,25.254079062026413,23.76219362022264,24.596471786499023,54225500
2023-07-27,26.50059188360415,27.531169708027758,25.519088480507705,25.970579147338867,83083300
2023-07-28,27.4722778549965,27.91395510028142,26.647814911843994,27.629318237304688,60636000
2023-07-31,27.933586369690108,28.21822325942184,27.433021274074303,27.884511947631836,37007400
2023-08-01,27.295608988014727,28.18877693088122,26.93245377892967,28.00229263305664,36908400
2023-08-02,26.99134340641743,26.99134340641743,24.331470100232764,24.812406539916992,81886500
2023-08-03,23.840717128112946,25.12648598477638,23.624785194274693,24.6848087310791,51031600
2023-08-04,24.36091013442531,25.470009844764963,23.63459796096206,24.4197998046875,59250900
2023-08-07,24.989075691935618,25.303158352807152,24.517954508732068,25.18537712097168,40030800
2023-08-08,24.0468332085161,24.095907629501735,22.996624874042585,24.007572174072266,52987700
2023-08-09,23.948679210017165,23.98794023907652,22.52550060385585,22.66291046142578,49811500
2023-08-10,23.22236437057227,23.958491732797683,21.897334744152783,22.388086318969727,65350400
2023-08-11,21.524370067855873,21.593075006983383,20.621386856317436,20.748981475830078,66258400
2023-08-14,20.474161036276662,22.535316629616116,20.277859612116178,22.50587272644043,55110100
2023-08-15,22.20160670807362,22.397906255781447,21.29862354682418,21.396772384643555,45574800
2023-08-16,21.308437137151827,21.377143945180528,20.09137319025135,20.150264739990234,54398900
2023-08-17,20.238597233526413,20.366191828500714,19.345427580431014,19.541728973388672,50769000
2023-08-18,18.864493830855828,20.052113865247925,18.75652973468861,19.777292251586914,63687900
2023-08-21,20.130631893558334,21.622517283700468,20.012850679781266,21.475290298461914,60272400
2023-08-22,22.28993847184251,22.39790443113125,20.709719472440696,20.955095291137695,59640500
2023-08-23,20.56249438009776,22.466609387562027,20.51341809305862,22.181974411010742,67010200
2023-08-24,23.448113172368966,23.477558945231458,19.865626511800624,20.032482147216797,87095000
2023-08-25,19.96377608892238,20.77842370477218,19.04116251740743,20.277856826782227,73315300
2023-08-28,20.866759524464328,21.19065552526075,20.376007894647394,21.023799896240234,57976500
2023-08-29,20.699905757089482,22.878842515494505,20.58212453163045,22.643281936645508,62384100
2023-08-30,22.496055311047982,23.261628545385857,21.9562292544702,22.96717643737793,58519900
2023-08-31,22.741429110643697,23.830898256520324,22.711983340839083,23.41866683959961,57584100
2023-09-01,23.89960631873479,24.056646700841604,23.07514337663951,23.57571029663086,50183300
2023-09-05,23.31070394979973,24.125351634004705,22.947546896134583,23.57571029663086,39873800
2023-09-06,23.42848595196535,23.84071743672943,22.240865916688485,23.006439208984375,45032300
2023-09-07,21.455661732557342,21.642146002936915,20.611568335013782,21.465476989746094,61690800
2023-09-08,21.318251683715484,21.779559447590145,20.82750001802349,21.10232162475586,40693000
2023-09-11,21.828636096710316,21.897341037399343,20.20915580879315,21.05324935913086,55474600
2023-09-12,20.611568734093474,21.57344149238796,20.46434361754945,20.55267906188965,49005100
2023-09-13,20.493789952268735,21.46547995544722,20.405456369503476,20.837316513061523,56098900
2023-09-14,21.455662717311522,21.52436764871724,20.660643697153695,21.24954605102539,54201500
2023-09-15,20.84713083014726,20.876576604452005,19.090240815483625,19.423952102661133,77383000
2023-09-18,18.933201638181266,19.806739072205357,18.844866181699146,19.561363220214844,41631100
2023-09-19,19.426670891589616,19.475826696850493,18.758141439068556,19.102237701416016,50047300
2023-09-20,19.328357492726067,19.583971806613267,18.12893821233884,18.168262481689453,58695600
2023-09-21,17.460409144361144,17.824166613416725,17.09664980013174,17.126144409179688,68048000
2023-09-22,17.59804985280994,18.060122762814515,17.332603952404007,17.5390625,65378900
2023-09-25,17.312940419016638,17.971638374699562,17.04749455437414,17.912649154663086,56510100
2023-09-26,17.440746172286282,17.617710077247313,16.703397818397875,16.949180603027344,70947400
2023-09-27,17.34243349608766,17.775011742355353,16.605085107646193,17.381759643554688,80980900
2023-09-28,17.273613435052102,18.89577940394915,17.05732526425709,18.325563430786133,88909800
2023-09-29,19.102238243528046,19.328357954423282,18.345226819914778,18.551685333251953,75732800
2023-10-02,18.630341928557325,19.249713923662476,18.119113119000232,18.758148193359375,65982800
2023-10-03,18.28623893414103,19.06291153226002,17.234288951467555,17.588214874267578,77741000
2023-10-04,17.873324016803718,18.492695795773937,17.470240408628506,18.325563430786133,74018800
2023-10-05,18.266578795571032,18.551687761987612,17.519398810504974,18.089614868164062,63584100
2023-10-06,17.716024328440863,19.456166968536234,17.362096503289557,19.141563415527344,92805900
2023-10-09,18.60084206809385,19.200552690125352,18.13877108687999,19.053081512451172,62652500
2023-10-10,19.23004460634149,20.272164966654465,18.96460062321822,19.71177864074707,67622800
2023-10-11,19.967395442847913,20.33115483553267,19.48566134860394,20.16402244567871,62660000
2023-10-12,20.321322332437042,21.206140052791074,19.751106301526757,20.331153869628906,83392100
2023-10-13,20.449126522343487,20.537608473055332,18.532021965659045,18.659828186035156,88671200
2023-10-16,18.807300509537924,19.662625545859413,18.777807771330558,19.475830078125,65688500
2023-10-17,18.315732151243342,19.42667137972186,17.607878411762155,18.974430084228516,90214600
2023-10-18,18.060119677516255,18.473034826993793,17.676697261818227,17.971637725830078,81406400
2023-10-19,18.443539134713415,18.610671491951052,16.939347919574676,17.135974884033203,115930900
2023-10-20,17.126147526358114,17.489906936796395,16.290485536303276,16.359304428100586,83690500
2023-10-23,16.074193493218214,16.968842623788227,15.562964882842856,16.11351776123047,89594500
2023-10-24,16.3789630918876,16.84103400888353,16.143011865644553,16.752553939819336,79093400
2023-10-25,16.103688899379083,16.24132854821072,14.461860589807674,14.717474937438965,107436500
2023-10-26,14.874774634889862,15.415496963009279,14.235738815262573,14.481521606445312,101804700
2023-10-27,15.04190765483763,15.307352593186286,14.678149220752742,14.845281600952148,91507300
2023-10-30,14.570004876592574,14.855112902599208,13.783500623875666,14.284896850585938,104353000
2023-10-31,14.294728032819059,14.776462110030506,13.773668743949269,14.64865493774414,75873100
2023-11-01,14.697811330201784,15.749762357323439,14.67814919364304,15.68094253540039,100044400
2023-11-02,16.61491386295437,17.116310908174874,16.10368528251304,16.79187774658203,89974100
2023-11-03,17.303110816648314,18.443542945740727,17.204797314104326,18.0699520111084,88065900
2023-11-06,18.138771383923856,18.325564961735324,17.430915720052365,17.9421443939209,52668800
2023-11-07,17.85366325853902,18.56151707985071,17.755349759007775,18.28624153137207,56719500
2023-11-08,18.345229039836937,18.640167665809937,17.97163998859287,18.355060577392578,50269100
2023-11-09,18.71881730257693,19.36768368752341,17.971637431238058,18.07978057861328,75784400
2023-11-10,18.738477777425924,20.42946442770794,18.51235808006105,20.252500534057617,95598900
2023-11-13,19.770771090762594,19.85925305799003,19.249710825442584,19.682289123535156,57461900
2023-11-14,21.147153406313084,22.012308080982535,21.019345293753137,21.766525268554688,94381100
2023-11-15,22.22860120283865,22.78898579195655,21.80585440749026,22.248262405395508,78026200
2023-11-16,21.992646069217603,22.52353594937238,21.766524464999442,22.336740493774414,61404400
2023-11-17,22.090959692738128,22.897128935957248,21.99264806262466,22.739826202392578,54090800
2023-11-20,22.70050059316878,24.008065073787456,22.66117444329199,23.772113800048828,56824400
2023-11-21,23.172401021821564,23.201895631532246,22.071295178390233,22.454715728759766,63297900
2023-11-22,22.83813832101536,23.713126402256858,22.435054661466932,22.612018585205078,64858200
2023-11-24,22.58252201693406,22.75948592534496,22.36623383730622,22.700498580932617,21933500
2023-11-27,22.40556130229577,23.1429097139526,22.21876584629399,22.582523345947266,40671500
2023-11-28,22.120454350057862,22.50387495873647,21.599394083638252,22.159780502319336,53548300
2023-11-29,23.064257465328517,23.890087838144915,22.749655775717315,22.828306198120117,69262600
2023-11-30,23.054423725250764,23.074084920993144,21.815678385145556,22.42521858215332,58913500
2023-12-01,22.00247654386368,22.80864574378785,21.471586644100398,22.680837631225586,54913400
2023-12-04,21.982812466312087,22.061462880987627,20.930862466836565,21.93365478515625,55773300
2023-12-05,21.314283437883283,21.717367055697824,20.98001869991408,21.56006622314453,51980900
2023-12-06,22.44488729591941,22.503874648323812,21.048840787854388,21.10782814025879,60117400
2023-12-07,21.648548493668173,23.005268663151366,21.45192151250302,22.78898048400879,77337000
2023-12-08,22.62184987750519,23.634475721714242,22.562862528623054,23.30021095275879,69286800
2023-12-11,23.978570619069508,25.93500158412895,23.89992019397274,25.669557571411133,80772700
2023-12-12,25.315629344541243,26.269265969059376,25.168160034073868,26.20044708251953,55752100
2023-12-13,26.249604766869304,27.92092674395813,25.974327345563065,27.449024200439453,80992700
2023-12-14,28.137216976825457,29.97567134964101,28.12738543938258,29.68073272705078,86502800
2023-12-15,29.946176254109865,31.05711558996694,29.838033094331227,30.0543212890625,66922000
2023-12-18,30.044487180896482,30.19195647719325,28.963042549430444,29.779043197631836,46100400
2023-12-19,29.818368025415232,30.457402904758116,29.779043754082405,30.23128318786621,39361100
2023-12-20,29.690561919859352,30.10347708398259,27.576828415910708,27.625986099243164,59562600
2023-12-21,29.313872951420286,29.964197377470548,28.919737220387915,29.816396713256836,62019200
2023-12-22,30.171118816416197,30.624374422316915,29.44196538880551,30.06273078918457,42657600
2023-12-26,30.476575223859445,32.05311817159592,30.45686796716588,31.68854331970215,48619700
2023-12-27,32.08268537664023,32.260046952656346,31.3830927022864,31.875761032104492,47991500
2023-12-28,32.11224604854526,32.29945938457466,31.58016129295569,31.747671127319336,34883800
2023-12-29,31.69839644326258,31.87575800242108,30.437162030379966,30.939685821533203,53294900
2024-01-02,29.451822546297947,29.461676175353297,26.86037824514363,27.628944396972656,79763800
2024-01-03,26.200200661011817,26.653456330357585,25.5006080190981,25.865184783935547,62304900
2024-01-04,24.594095673412728,25.94401285885536,24.436441358536058,25.205007553100586,75067000
2024-01-05,25.273977401488374,26.22975866059436,25.027642335432176,25.54987335205078,73944700
2024-01-08,26.101664811317598,28.24970700633142,26.0425449184366,28.013225555419922,73206500
2024-01-09,27.096857169989928,28.712814596178088,26.94905650675837,28.00337028503418,67616000
2024-01-10,28.220145471573726,28.25955998551348,26.692868764770214,27.757036209106445,62528400
2024-01-11,27.835865071767515,28.61428485552652,26.38741542425861,28.04278564453125,77551200
2024-01-12,28.161025558435867,28.555161300593525,27.20524614878012,27.68806266784668,48992100
2024-01-16,27.73733194782651,29.392704124330415,27.29392989444075,28.762086868286133,77707000
2024-01-17,27.954105662538925,28.131465341181915,26.564774084429175,28.013225555419922,77075400
2024-01-18,30.26965592178561,30.851006898732827,29.372996322640777,30.73276710510254,99590300
2024-01-19,31.944728319639978,34.47705615828945,31.43235283050356,34.348960876464844,91848600
2024-01-22,35.156940255568244,36.0338924725452,33.71834439943134,34.74309539794922,73322100
2024-01-23,34.71353773075516,35.482101948946635,33.71834569845016,35.3934211730957,50847400
2024-01-24,36.55612843597253,38.34944771720739,35.72844232472757,36.871437072753906,97248200
2024-01-25,38.92094748779261,38.95050649826632,35.984633419513465,36.575836181640625,82851400
2024-01-26,34.35881444416539,35.028846133961245,33.20596812302464,33.51142120361328,70933100
2024-01-29,33.72819822477678,34.615006003724886,33.018752001618296,34.52632522583008,54398800
2024-01-30,34.053358933086606,34.61500255080359,32.5654931144665,33.038455963134766,55768200
2024-01-31,31.452065357126806,33.37347799201944,30.683499175537165,31.629425048828125,85888800
2024-02-01,31.8067829533969,32.24033508109243,30.74261740830985,31.974292755126953,60671300
2024-02-02,31.87575849978205,33.422742533088346,31.69839693785616,33.15670394897461,67828900
2024-02-05,34.043501443706745,35.078107849845786,32.93006602132599,34.5854377746582,65899800
2024-02-06,34.85147772731829,34.95986573798919,32.181207001117876,33.33405685424805,62828900
2024-02-07,33.93511783239457,34.96972813165694,32.969484810687895,34.84163284301758,63261800
2024-02-08,35.21606282866441,37.39366391862101,35.117526546609355,36.60539245605469,59516900
2024-02-09,37.30498761765686,38.96035976694063,36.6251003456589,38.74358367919922,65860900
2024-02-12,38.832259506678994,40.72411476095002,38.08340256273877,38.576072692871094,72207900
2024-02-13,35.18650256751852,37.403518327996125,34.64456613337901,36.2999382019043,86489300
2024-02-14,37.58087581361523,38.694311327240776,37.058646693928104,38.5465087890625,62424100
2024-02-15,39.4136114950843,39.53185127711258,37.935601064018634,38.536659240722656,60937300
2024-02-16,39.255959178931874,40.18217774261185,37.41337380108151,37.768096923828125,77150800
2024-02-20,36.6940795717277,37.11777250207216,34.15189943700807,35.8860969543457,80980100
2024-02-21,34.59530334207517,35.62005829859022,34.07307411330953,35.61020278930664,64615200
2024-02-22,39.85701618939897,41.43355917786006,39.285517006847456,40.81279373168945,96865500
2024-02-23,41.52224120426123,42.054325888404726,38.83226253501366,39.581119537353516,68430000
2024-02-26,40.61573243150722,41.187227908109634,39.80775360538893,40.60587692260742,49475100
2024-02-27,41.19707842470378,41.541946018898706,40.18217538120539,40.50733947753906,48124600
2024-02-28,39.157427089707,39.906284100446925,38.576076133942074,39.21654510498047,46281900
2024-02-29,40.60587315910137,42.49772850355803,40.1723247770764,42.211978912353516,67431600
2024-03-01,43.74910695585099,48.23240417274815,43.59145267213949,47.62149429321289,90615500
2024-03-04,49.26701784568557,50.6563475985829,48.28167748877186,49.04039001464844,81255500
2024-03-05,47.306185722374146,48.28167426443491,44.596499921819124,46.15333938598633,76835800
2024-03-06,49.04038746203191,51.08989334316988,48.005780892880175,49.48379135131836,91762300
2024-03-07,51.38549500342293,55.23817519026581,51.33622498441858,54.5090217590332,91590800
2024-03-08,55.11993730775677,56.15454767255236,48.08460787628737,48.2324104309082,129037200
2024-03-11,46.251871889925006,47.089413392241966,44.43884560477907,46.08436584472656,76456400
2024-03-12,47.72988496609679,48.961560397539195,45.32565587708027,48.85317611694336,89505900
2024-03-13,47.19780684401987,47.335753899143405,44.42899895627134,45.40448760986328,79513600
2024-03-14,44.83298250619921,45.66066848743388,41.56165309436095,42.89186096191406,77822900
2024-03-15,41.197078519554815,43.49291942071305,41.009861460468066,42.11344528198242,72496500
2024-03-18,44.04471696572461,44.59650518829234,41.7094612524746,41.9163818359375,65139200
2024-03-19,40.14623441719709,41.36906416863359,38.410609097149,40.84640121459961,83450200
2024-03-20,41.014052283497,43.19344679334294,40.0574838623618,42.798988342285156,79396800
2024-03-21,46.960542213587615,48.08475453323982,45.42214799169308,45.66868591308594,82495700
2024-03-22,45.047411648881074,46.842207509342025,44.62336610100477,45.787025451660156,57152800
2024-03-25,43.883747369446574,46.52663402882576,43.5287321820867,45.25449752807617,54917700
2024-03-26,46.17161871150887,46.714001352062105,44.25848591618423,44.40640640258789,55697600
2024-03-27,45.58979099784553,45.89549936810997,43.3019194371835,45.85605239868164,56643600
2024-03-28,45.66868836626588,46.64497648077748,45.372839835206285,45.88563919067383,45684700
2024-04-01,46.08286716666169,49.2977237230192,46.07300730516763,47.32542037963867,63270000
2024-04-02,45.195333518477575,45.520761618277554,43.7654128231943,45.2446403503418,57411500
2024-04-03,43.676660372601795,46.526638227861866,43.59776642968167,45.55034637451172,54158200
2024-04-04,47.46348512977576,47.8185003642851,41.39865031793887,41.78324890136719,82719300
2024-04-05,42.108676276682814,43.91333184298079,41.35919891480201,43.015933990478516,71151400
2024-04-08,43.883750438690186,44.56419375414043,42.89759874343872,43.39067459106445,42780900
2024-04-09,44.74170534592135,45.21505775038487,42.57217067072734,44.76142883300781,66283900
2024-04-10,42.51299817311714,44.15000975932111,41.605736700231205,42.4932746887207,74894000
2024-04-11,43.10469132478861,45.412286529316766,42.06923275803617,45.165748596191406,64703800
2024-04-12,42.72008982920317,42.94690426074125,40.461801613379976,40.93515396118164,79978400
2024-04-15,42.394668560604025,42.798990657889284,38.558534806030856,39.22911834716797,62077800
2024-04-16,39.199534892058374,40.59986867244154,38.66701200577013,39.97859573364258,62696200
2024-04-17,40.037757614935934,40.28429554054975,36.13259777606191,36.546783447265625,85426600
2024-04-18,35.54090810582997,36.29038174123599,34.05181693490682,34.42655563354492,91529700
2024-04-19,33.48970814689146,34.101124860468374,29.781779707089967,30.363609313964844,105240100
2024-04-22,31.1426708980207,32.39508213906219,30.077627127434205,31.625885009765625,65096900
2024-04-23,32.365497712187,34.18001694688397,32.13868327808364,33.63763427734375,66511500
2024-04-24,36.398857249398,36.960963388923275,34.12084558372664,34.9985237121582,80370100
2024-04-25,34.791429352548825,37.65127067060203,34.16029289220137,36.89193344116211,80677600
2024-04-26,36.803180777078104,39.73205250075175,36.49747239884481,39.248836517333984,59041700
2024-04-29,39.05160359884908,40.26457343145184,38.17392923756137,40.0476188659668,51120700
2024-04-30,39.524965540096616,40.91543941321217,37.5921051731054,37.651275634765625,56304200
2024-05-01,35.58035372346264,37.53293356020827,33.18400488703164,33.8940315246582,97290300
2024-05-02,35.48173609501773,36.3988574351055,33.647493414842195,35.945228576660156,56653400
2024-05-03,38.21337761038052,39.03188531070052,37.57237751345835,38.43033218383789,58599400
2024-05-06,39.416481960774725,40.806955612334875,38.933266005553996,40.72806167602539,48404800
2024-05-07,40.95488220219298,41.329620931757425,39.722192477716945,39.80108642578125,51508400
2024-05-08,38.51908805287419,39.939145194401824,38.42047062243249,39.85039138793945,53735100
2024-05-09,39.8405291701819,40.05747998058537,38.76562369408029,39.406620025634766,39132700
2024-05-10,40.580144349963795,41.65504986377481,39.95886771966599,40.4618034362793,47048400
2024-05-13,41.02390678427388,41.487399259606896,40.51111124110668,40.69847869873047,30565400
2024-05-14,40.609723836475716,42.83842483278986,40.481523073107994,42.611610412597656,41581500
2024-05-15,44.05139351478887,46.41815903944216,43.3808138367362,46.34912872314453,58063500
2024-05-16,46.309684095997895,47.364866140635286,45.57007030236214,45.61937713623047,46325500
2024-05-17,46.368858517635175,46.723873770828305,43.716111505296375,44.77129364013672,40965800
2024-05-20,45.32352942118778,48.61727611827447,45.17560892921047,47.581817626953125,55103200
2024-05-21,45.905354715320435,47.522642684141346,45.76729409776787,47.3155517578125,36437200
2024-05-22,48.567970035700405,49.30758379258924,47.433894103722814,48.696170806884766,55487800
2024-05-23,52.41396206151404,52.46326889197801,46.89151052653897,48.134063720703125,81175900
2024-05-24,49.32730845197349,51.34891868322851,48.66658485724905,50.72764205932617,48477400
2024-05-28,52.601330495769844,54.129864839668926,51.03334918202134,53.2916374206543,50658400
2024-05-29,50.44166126547572,51.200994768632285,49.94858541248718,50.27401351928711,42965600
2024-05-30,50.13595427645138,50.629030143150594,48.30171145043103,49.307586669921875,38260500
2024-05-31,49.603432867693535,50.01761856383491,43.765416243355546,47.9171142578125,72522600
2024-06-03,50.10637237287446,50.22470953097039,45.48131820229295,47.9171142578125,53127300
2024-06-04,47.788912572138315,47.976283810941446,45.78702573726114,46.93096160888672,46692500
2024-06-05,49.33716804423933,53.12399069946059,48.88353916787375,52.778839111328125,66560100
2024-06-06,53.045102237150246,53.045102237150246,50.52055246466145,51.7828254699707,43947600
2024-06-07,51.506702835944516,52.16742643107043,50.10636922774093,51.15168762207031,50248700
2024-06-10,49.82038763293878,53.82416515421428,49.72177019928937,53.20288848876953,43759400
2024-06-11,52.6407771769939,53.72554250881457,50.984042071103005,53.41983413696289,37695700
2024-06-12,56.45718189180396,58.62671627146126,56.023276520620506,57.90682601928711,73759300
2024-06-13,59.2381320976262,60.63846946258806,57.49264314369671,60.01719284057617,45660700
2024-06-14,58.13364326026399,59.71148446989461,57.541949985249865,59.26771545410156,39112000
2024-06-17,60.15525623542021,62.275483984531526,58.133645917587536,61.802127838134766,54196500
2024-06-18,62.54173686133577,65.27338118985703,62.22616862911838,64.33653259277344,47069100
2024-06-20,64.61266245298941,64.91837462631692,57.975865070009704,59.1888313293457,60852900
2024-06-21,57.61098234751255,59.3466115015692,55.254080311168515,57.3940315246582,50012300
2024-06-24,55.66826358285927,56.69386224201819,52.295622851128606,52.482994079589844,54326400
2024-06-25,53.62914954513871,54.83563356620868,51.769978251057324,54.687294006347656,43610200
2024-06-26,54.54885220039915,55.59710924180276,52.264444589033246,54.17306137084961,41093400
2024-06-27,53.72804499867152,54.96419544934114,52.23477314170082,53.203914642333984,35417000
2024-06-28,54.262062767958504,57.930960418821854,53.4907060421514,54.74663543701172,55584600
2024-07-01,54.74663543701172,54.934528960048,51.671092305750186,54.74663543701172,43335000
2024-07-02,53.75770762079108,57.11014680359487,53.678592186746236,56.96180725097656,45011700
2024-07-03,57.456272900605086,60.83838258138768,56.54646795652194,59.72090148925781,40242700
2024-07-05,61.17461518461509,61.688854233849646,59.12755030401837,60.13624954223633,38395400
2024-07-08,61.5701832381753,63.785366622613665,61.510850427766556,63.597469329833984,42861600
2024-07-09,64.40838276206539,65.41708579246753,61.728409390680035,63.53813552856445,41789800
2024-07-10,65.15997283534918,68.23551627389205,64.28972548887697,67.8300552368164,48280800
2024-07-11,69.23431458370459,69.30353870517789,60.541703956547735,61.30317306518555,75368500
2024-07-12,62.1437564799151,66.5543442169095,60.96694259242196,63.2315673828125,51046400
2024-07-15,64.22049111906978,66.02032588722562,62.351428454509325,63.429351806640625,48228700
2024-07-16,64.29960350825209,64.86328785567247,61.540518355458914,64.57650756835938,39846400
2024-07-17,57.95073145681275,58.642976461743636,50.652501932562664,50.978843688964844,99429800
2024-07-18,53.55993239556673,53.56981994037649,48.57577233150172,51.08763122558594,94172600
2024-07-19,51.20628946074136,51.789752560539206,46.2320217984788,46.479251861572266,75969100
2024-07-22,49.49546373048771,52.36333431051788,48.26920458508014,52.34355545043945,73675300
2024-07-23,49.94048358706267,51.49308841856885,49.446023353527394,49.970149993896484,50181600
2024-07-24,47.893415006144856,48.24942695174442,41.78188666650424,42.424686431884766,90534800
2024-07-25,41.0500803379038,43.215818227449724,36.975729723964754,39.33924865722656,143325900
2024-07-26,41.77199768938148,42.523575503527326,40.258946972490726,41.45553970336914,82759200
2024-07-29,42.88947703275012,44.501418353848244,40.802854368569456,41.346763610839844,80788400
2024-07-30,41.910446512309825,42.197230553762054,36.37249015366993,36.827396392822266,108596000
2024-07-31,41.83133057745573,44.26407376371696,40.961079602212436,43.89817428588867,96880500
2024-08-01,41.58410102599633,42.938920883847665,33.04971713105749,34.612213134765625,163864400
2024-08-02,30.221407225160164,31.239995927296732,27.828219755634706,29.014925003051758,198233900
2024-08-05,23.25940706140535,29.815948145406196,23.239628201733343,27.58098793029785,220042200
2024-08-06,28.283122670925348,30.458746331017515,26.868966254446697,28.263343811035156,137309500
2024-08-07,30.972982955219404,31.58611436048475,25.652592663738787,25.929489135742188,146256500
2024-08-08,28.25345211452404,31.2498812437348,26.572288769258684,31.111431121826172,149988600
2024-08-09,30.369742749053284,31.437778527478986,29.25226359430856,30.666419982910156,96949800
2024-08-12,30.765313472526856,32.2289151749629,29.895062486169913,31.061988830566406,89135100
2024-08-13,32.298136637577336,35.0374463034986,31.83334289241446,34.88910675048828,103380000
2024-08-14,35.779136410522426,36.234038838749,32.901378516190334,34.66165542602539,112421600
2024-08-15,36.93617066670837,40.02160463287575,36.45160184577377,39.47769546508789,107522700
2024-08-16,38.36022256397333,39.78426655749283,37.64819868099764,39.2898063659668,82364600
2024-08-19,38.84479262034792,41.28742724794341,37.470193849694134,41.13908767700195,77684200
2024-08-20,40.595183335342895,41.45554306245171,38.6667877215345,39.64582061767578,83644600
2024-08-21,40.298505274895426,41.89066768198346,39.88316052822821,41.26764678955078,83611500
2024-08-22,42.03900428245429,42.4049075443277,36.69883641915383,37.09440231323242,107889900
2024-08-23,38.72612201496689,40.75340804393357,38.16243769892328,39.95238494873047,87128100
2024-08-26,39.30958719094648,39.84360512986756,36.501053011815536,36.955955505371094,86603000
2024-08-27,36.105479650542435,38.538226533575575,35.12645063471995,38.06354522705078,74033300
2024-08-28,37.66797377945621,38.42944285105034,34.89899773793398,36.194480895996094,101998500
2024-08-29,36.64938773147869,38.49866763899343,35.23523139854637,35.789024353027344,97333200
2024-08-30,38.251440019056545,38.78545792152708,36.649390084076735,38.36022186279297,85280800
2024-09-03,36.39226917435753,36.40216049070439,29.07425875069189,29.736835479736328,140077900
2024-09-04,28.74791701759871,31.33888941192354,28.41168391559741,29.96428871154785,108759900
2024-09-05,28.728138382332848,30.854318863565997,28.510576561883536,29.42038345336914,100075900
2024-09-06,28.78747360387801,28.846808300059667,25.217470336907137,25.672372817993164,156147600
2024-09-09,26.87885708585043,27.42276255767863,25.860268382987158,27.126087188720703,84474500
2024-09-10,27.234869378727733,28.075450230043316,25.94927169596881,28.0358943939209,81557500
2024-09-11,28.56991113388582,32.06079910750666,26.779965651474928,31.863018035888672,143140900
2024-09-12,31.39822298183054,32.327806808098984,30.013734786646562,31.457557678222656,98895800
2024-09-13,32.15969106853663,33.34639627379219,32.001463959331346,33.059608459472656,78147300
2024-09-16,31.67511780995369,32.278359830978005,30.498303943852203,31.803678512573242,79670100
2024-09-17,32.94093843146483,33.188168520577634,31.01254298189864,31.803678512573242,86913700
2024-09-18,32.17947108753364,33.623293982578325,30.70597801489763,30.794981002807617,113735500
2024-09-19,34.295760919540925,36.03625922181711,33.5046253275972,34.73088455200195,123984300
2024-09-20,33.67273622321139,34.01886059951015,31.685008035058633,33.17827606201172,108589600
2024-09-23,33.59362704676029,33.99908425807169,32.82226657291447,33.5441780090332,59731600
2024-09-24,34.5150427284947,35.36702199608408,33.26679658282642,34.742897033691406,83369600
2024-09-25,34.38625119795308,36.11992855847301,34.326813249941395,35.406646728515625,73587500
2024-09-26,39.82504735477796,40.132153504443586,36.367597616584675,39.28017807006836,138171800
2024-09-27,39.6269092352241,39.63681429972162,36.75395680402373,37.30873489379883,85253500
2024-09-30,35.91188956784306,37.06106988284937,34.72308143322212,36.3378791809082,74316700
2024-10-01,36.24871669109574,36.64498730949214,32.43462805027632,33.514461517333984,124928300
2024-10-02,33.53427139459623,35.7137522211355,32.85070855108096,34.63391876220703,81729100
2024-10-03,33.75222160774954,36.26853139796622,33.663060905604326,34.881587982177734,86857200
2024-10-04,36.962004112929655,37.1799495625764,35.11935207113473,36.3378791809082,100846900
2024-10-07,35.58496508951753,36.892656659640515,35.238231121870754,36.070396423339844,73150200
2024-10-08,36.08030268156222,37.4771550008574,35.327392993011536,37.11060333251953,66629700
2024-10-09,36.94218643406035,38.398472754708884,36.18927305466649,38.249874114990234,67182800
2024-10-10,36.75395930960926,38.06164710118983,36.020863555086386,37.47715377807617,79999000
2024-10-11,36.585546200626965,38.68577144370338,36.5161994081044,38.3093147277832,58434500
2024-10-14,39.072132901910464,40.67702551904783,38.98297220095839,40.43926239013672,69661800
2024-10-15,40.11233683403094,40.805804658351065,33.32622698634744,34.14848709106445,131664200
2024-10-16,35.41654901177641,35.41654901177641,33.68287178742372,34.138580322265625,70233000
2024-10-17,36.8233057409882,37.01153598947075,34.881587982177734,34.881587982177734,97549000
2024-10-18,35.911891364085754,35.991147007279245,34.52494784113631,34.94103240966797,56704300
2024-10-21,34.51503857046023,35.05000275949241,33.4153912193774,34.7627067565918,59115800
2024-10-22,34.079147564853535,34.70326873963115,33.53427447384877,34.36643981933594,51493100
2024-10-23,34.08904836399825,34.554665754719984,31.988823242198972,33.484737396240234,81658300
2024-10-24,34.25746506817407,34.41597255496984,33.21725567076548,33.97016906738281,60128300
2024-10-25,34.861770855156614,36.52610128883781,34.841956947717975,34.950931549072266,82300500
2024-10-28,34.97074986008569,35.75338229643828,34.42588056381983,35.02028274536133,51661100
2024-10-29,35.129255651895875,38.091368908363826,34.61410535602681,37.62575149536133,72288200
2024-10-30,34.643828280703126,35.367018955665266,33.59371377479162,33.692779541015625,89440100
2024-10-31,32.70210596755935,32.71201481141098,28.957364164371338,29.809343338012695,135437800
2024-11-01,30.40374493718233,31.53311118248269,30.096635047325638,30.542438507080078,80726000
2024-11-04,30.324494476979197,31.374607097352694,29.730090429567607,30.066919326782227,60422400
2024-11-05,30.076824153084537,31.19628348668949,29.967849550062034,31.087308883666992,63174900
2024-11-06,32.939866024965696,34.178206852971925,32.09779577356798,33.80175018310547,97893100
2024-11-07,35.43636637746934,36.03076854360806,35.109442540711285,35.87226104736328,77945800
2024-11-08,35.22832195750949,35.94160371925872,34.51503641664389,35.07971954345703,62666300
2024-11-11,34.02960888519006,34.08905061317749,31.18637903100152,32.46434783935547,99155700
2024-11-12,32.06807495044303,32.24639634271821,30.09663646056644,31.374605178833008,75694800
2024-11-13,30.542442804980446,30.928804598097273,29.195127172181447,29.413076400756836,92269200
2024-11-14,30.30467936315905,30.552347548938673,29.10596436141537,29.32391357421875,68994200
2024-11-15,27.748743563010272,28.22426602281176,26.183480715661652,26.411334991455078,113560200
2024-11-18,26.450962946686534,27.570422312871724,26.054692338547564,27.411914825439453,70256700
2024-11-19,27.114714193892784,27.768558062430035,26.83732514165703,27.59023666381836,57030600
2024-11-20,27.084993480365526,27.30294080789425,25.75749182733074,26.876951217651367,90911700
2024-11-21,27.788369518861,28.65025563151354,26.223106669880007,28.224266052246094,106013200
2024-11-22,27.986504822097395,28.42240135548249,27.580329151065246,28.224266052246094,52604100
2024-11-25,29.30410092038141,29.81925122235078,28.471935629371924,29.056432723999023,70536000
2024-11-26,29.7598089814669,29.96784934264275,27.203871587192875,27.86762237548828,73204200
2024-11-27,27.421821349476467,27.491168137945564,25.341408247612176,26.728349685668945,84235700
2024-11-29,27.29303357081088,28.769137634590802,27.24350068901781,27.798276901245117,54303400
2024-12-02,28.29361320049878,30.512719932934143,28.19454554762362,29.918317794799805,89389800
2024-12-03,29.30410102813932,29.997572736383407,29.125779623758934,29.452701568603516,59730300
2024-12-04,31.245820023995513,31.265632043300226,29.95794429127161,30.59197425842285,67498800
2024-12-05,30.463188303446845,30.582069869695257,28.610629354075442,28.848392486572266,59282100
2024-12-06,28.92764467207055,29.581488527232025,28.63044171727824,29.333820343017578,49152300
2024-12-09,28.798855644755097,30.037196543752536,28.343147100912002,28.95736312866211,54963000
2024-12-10,29.155496988681044,29.254564633620713,26.312265593570746,26.807601928710938,77681700
2024-12-11,28.065760075203002,29.35363394684244,27.53079775098113,28.848392486572266,77277400
2024-12-12,28.184640681094937,28.561095497197297,27.481262041338567,28.19454574584961,59937600
2024-12-13,30.086732393899414,31.017963422905208,29.214939311545418,30.413654327392578,103693900
2024-12-16,30.829735467626524,32.642666445523766,30.106542955584075,32.20676803588867,85469700
2024-12-17,31.285443125038217,31.79068641803968,30.26504958549901,30.83963966369629,64499000
2024-12-18,31.483581325347025,32.17705113093153,26.748164802324183,27.570423126220703,102912200
2024-12-19,27.709116831584186,27.748744649565158,25.816931982835158,26.0546932220459,86520100
2024-12-20,25.57917101824483,28.10538775490256,25.35131673108307,27.045366287231445,108080200
2024-12-23,27.70801314368731,29.565811959251874,27.67821011072773,29.396921157836914,79330900
2024-12-24,30.06254888824561,30.370525558097977,29.466463605216312,30.281112670898438,39963700
2024-12-26,29.70489714579624,30.89706770408288,29.56581127546052,30.370525360107422,45184100
2024-12-27,29.784375951121984,29.983071681770937,28.403446497310828,29.49626922607422,59316300
2024-12-30,28.05573022670875,28.59220756845807,27.141733266430712,27.757688522338867,64859000
2024-12-31,28.01599170102321,28.383576336648254,26.754278178952582,27.131797790527344,61199500
2025-01-02,27.94644605837084,28.860442975288812,26.863560239917526,27.48944854736328,80996300
2025-01-03,28.135207347087366,29.923463207563326,27.97625152325433,29.62541961669922,72119600
2025-01-06,31.60243477485362,33.410560612277074,31.60243477485362,32.27799987792969,95159500
2025-01-07,33.35094825406091,33.50990406818686,30.400328822582214,30.946739196777344,79205700
2025-01-08,30.599025647378078,30.80765635821857,28.989597397593556,29.98307228088379,69523500
2025-01-10,28.870378375863858,28.900183303286745,27.26095019308561,27.876903533935547,85395000
2025-01-13,26.267476401585657,27.688145785539735,26.078715643497986,27.668275833129883,68286400
2025-01-14,28.284228585881795,28.771031039959652,27.002647001657007,27.936513900756836,79759400
2025-01-15,29.456529818189182,30.261243940557584,29.108813231147565,29.744638442993164,69461300
2025-01-16,31.254716918915893,31.51302059943208,29.794309616088867,29.794309616088867,78881100
2025-01-17,31.820998561949615,32.49656177012277,31.27458814675817,32.27799987792969,69688900
2025-01-21,33.112517501657315,34.30468425136276,32.2879315836452,33.47016525268555,60897500
2025-01-22,34.4636415368279,35.91411771300684,34.185469788703145,34.9206428527832,57709400
2025-01-23,33.221796402520724,34.692138671875,32.79460192948741,34.692138671875,44900600
2025-01-24,34.712008963509575,34.712008963509575,32.09917290675988,32.436954498291016,60111500
2025-01-27,27.47951358409628,27.89677308754927,23.68444004525868,24.8964786529541,198431800
2025-01-28,25.27400117427477,25.631650838245992,23.59502811666357,25.204458236694336,103185300
2025-01-29,25.93962848696295,26.128387340837133,24.68784997043066,25.512434005737305,94141700
2025-01-30,26.406560912748624,27.489448629333843,25.96943145685755,26.972841262817383,87140400
2025-01-31,27.44970729108193,29.05913726570919,26.52577733896744,26.84368896484375,102136600
2025-02-03,24.638176064051994,26.317149128060393,24.151373604231217,25.44289207458496,103914300
2025-02-04,25.174652424134546,26.426430941317815,25.035566553859585,26.07871437072754,60520500
2025-02-05,25.91975953578168,27.76762340219632,25.37334911469708,27.519254684448242,70330700
2025-02-06,26.992710053764135,27.61859833616885,26.545645641401638,27.50931739807129,59735100
2025-02-07,27.688143798411602,28.095468319065816,25.631649349253887,26.158191680908203,87930800
2025-02-10,26.744342912607205,27.37023123142018,26.72447296092352,27.171537399291992,53330500
2025-02-11,26.505909270723407,27.71794790416547,26.505909270723407,27.221210479736328,43880500
2025-02-12,26.009171760384916,27.36029815673828,25.78067300067895,27.36029815673828,57999300
2025-02-13,27.31062434656509,28.363707193525567,27.221211455370966,28.284229278564453,61026300
2025-02-14,28.304096724180773,28.631943331221372,27.926577135277554,28.363704681396484,43089600
2025-02-18,29.009465493857583,30.03274334543392,28.522661164679068,29.794309616088867,60222200
2025-02-19,29.993007510911383,31.68191368985484,29.56581300429711,31.2646541595459,58412700
2025-02-20,31.850806089741127,32.42701955075566,30.499679643491987,31.493154525756836,50903200
2025-02-21,31.701781624548595,31.751454608010423,28.214684749267608,28.62200927734375,61966500
2025-02-24,28.969725453215833,29.069073313694368,26.486038415766583,26.585386276245117,63724100
2025-02-25,26.486039185286472,26.744342872074238,24.658045321021444,24.906414031982422,90907500
2025-02-26,25.820410395955516,26.823820193546908,25.353477911788428,26.118453979492188,75869500
2025-02-27,26.605257184163065,26.72447310510257,21.588208051138803,21.608078002929688,144841600
2025-02-28,21.65775214866867,23.068486588107653,20.88284293630699,22.581684112548828,110939400
2025-03-03,23.56522253295515,23.57515750874785,19.58138819542212,20.376169204711914,141822100
2025-03-04,20.147668473197513,22.114748009853038,18.876020119803663,20.5152530670166,154119800
2025-03-05,21.111339126401337,22.015401026810302,19.988713456025213,21.806772232055664,117702400
2025-03-06,19.58138826813236,20.88284167826499,18.885957014187234,19.104520797729492,164277600
2025-03-07,19.372759013707057,20.95238413103232,18.627652897795247,20.74375343322754,139349200
2025-03-10,19.21380340163376,19.670800914780447,16.98842000543922,17.87261199951172,169215200
2025-03-11,17.93222150370073,18.37928597455656,16.402271116033162,17.296398162841797,161267000
2025-03-12,18.419025316321072,18.98530569878156,17.783200100045345,18.18058967590332,137654500
2025-03-13,18.260064849045154,19.14425865431968,17.465285816677508,17.97195816040039,117160200
2025-03-14,18.935630005193737,19.79995395364759,18.86608706926468,19.670801162719727,99718700
2025-03-17,19.38269418519438,21.141145091294323,19.372759209493477,20.654342651367188,82794200
2025-03-18,20.058257141215282,20.266885943808276,19.39262893619032,19.79995346069336,79140900
2025-03-19,19.760214450473892,21.230558690204308,19.33301995551253,20.24701690673828,83249700
2025-03-20,19.48204182155956,20.435776738960964,19.462171870387984,19.79995346069336,80380600
2025-03-21,18.697196369283724,19.362824594418502,18.250133823833817,19.15419578552246,84348300
2025-03-24,20.34636301248524,21.230556854039776,20.23708207536488,20.86297035217285,91671300
2025-03-25,20.758333058058966,20.947679883869007,20.279984983073245,20.47929573059082,57784400
2025-03-26,20.230156358917185,20.439434834766406,18.13738300514297,18.725353240966797,94328400
2025-03-27,18.10748368717075,18.346657706003953,17.300271136010412,17.698894500732422,103112800
2025-03-28,17.27037424736848,17.5294799182836,15.685844656517018,15.974847793579102,138232400
2025-03-31,15.018150126130802,15.925019044508081,14.350455239995044,15.895122528076172,111345600
2025-04-01,15.67587918999155,15.934984866783093,14.77897609388928,15.895122528076172,106085000
2025-04-02,15.137736600683398,16.831887360707203,14.978287251560182,16.204055786132812,141655200
2025-04-03,13.762485969296437,14.071418856399118,11.360776975585509,11.370742797851562,302517400
2025-04-04,10.015421596168231,10.394114260893412,8.151855737142006,8.699962615966797,499158100
2025-04-07,7.85288796715422,10.942221450805665,7.205124280170803,9.118517875671387,723467300
2025-04-08,10.37418293398558,10.802703769043243,7.57385114933806,8.221614837646484,488735500
2025-04-09,8.450823712561299,13.064894097989674,8.211649671728768,12.726064682006836,787748800
2025-04-10,10.88242920629534,11.10167255012136,8.321271738921313,9.596867561340332,686331800
2025-04-11,9.317830841840046,10.354252587797594,8.879344170246593,10.194802284240723,412972900
2025-04-14,11.111636869103616,11.121602691143487,9.935697429798923,10.433977127075195,358849500
2025-04-15,10.563529968261719,10.98208499023693,10.374183150971785,10.563529968261719,230001400
2025-04-16,9.098586694195626,9.716453357770812,8.301339049120442,9.30786418914795,362439300
2025-04-17,9.517142579565649,9.517142579565649,8.869378391197154,9.168346405029297,233659100
2025-04-21,8.640169441362831,8.709928290129008,8.121958135119696,8.680031776428223,255318100
2025-04-22,8.929172232114828,9.367657948473516,8.819551040623432,9.148415565490723,249211900
2025-04-23,10.543597932355514,10.862496622812325,10.065249896670297,10.254595756530762,368456100
2025-04-24,11.011981355487706,12.048403074216367,10.812669669269326,11.958712577819824,339636700
2025-04-25,11.589986291952414,12.546683383346387,11.470399274327308,12.2975435256958,274438500
2025-04-28,12.118162160202356,12.486889024406675,11.410604947704039,12.24771499633789,203468900
2025-04-29,11.769366631613797,12.227783981922729,11.580019818229086,11.819193840026855,184045100
2025-04-30,10.952188442725179,12.167991272838893,10.713014395933582,12.118163108825684,229393200
2025-05-01,12.496855373140056,12.765926878851259,12.00854147432322,12.058369636535645,203349500
2025-05-02,12.845650767043248,13.642897511765348,12.845650767043248,13.244274139404297,223410600
2025-05-05,12.885513237301284,13.363861289072709,12.825719255633308,13.00510025024414,127572300
2025-05-06,12.28757706161929,12.905443762279619,12.078299554105866,12.596510887145996,158548700
2025-05-07,12.566613385066985,13.353895253831174,12.18792070826492,13.234308242797852,189249300
2025-05-08,13.79238282708169,14.290662548,13.333965445821121,13.613001823425293,203277000
2025-05-09,14.161109186280452,14.420214859733619,13.692725999714053,14.061452865600586,149644500
2025-05-12,16.83188617384406,17.40989049885557,16.443228650359817,17.071060180664062,263806000
2025-05-13,17.300273385762402,18.795112623450546,17.22054870245049,18.536006927490234,212931800
2025-05-14,18.904730792618317,19.303356066054874,18.36658971473684,18.775178909301758,179343100
2025-05-15,18.256966751201485,18.84493691214227,17.758687082660895,18.406450271606445,141287600
2025-05-16,18.466246523172128,18.536005377639004,17.698895322464026,18.32672691345215,113068600
2025-05-19,17.090992978868627,18.14734538895564,17.031199948316655,17.997861862182617,123632000
2025-05-20,17.559378321033847,17.938070075163548,17.379997316156402,17.908172607421875,84252500
2025-05-21,17.499581960383853,18.52603879315104,16.592713088057813,16.941509246826172,149964800
2025-05-22,16.911611973764956,17.370030276416667,16.423298106252727,16.453195571899414,144981100
2025-05-23,15.157668143580743,15.944950012428686,15.048046954386805,15.675878524780273,179062600
2025-05-27,16.682403818705748,17.44975499867197,16.293746268160906,17.230512619018555,136539700
2025-05-28,17.37003038516124,17.50954809081356,16.841853226813452,16.981372833251953,126785300
2025-05-29,18.11745117271238,18.147346739820666,16.841854387670736,17.140823364257812,179820200
2025-05-30,16.841854480402812,16.841854480402812,15.187565930185851,16.11436653137207,194058700
2025-06-02,16.00474220425192,17.041164813138003,15.984812462378004,16.84185218811035,103937000
2025-06-03,16.87175047583928,18.316760425089065,16.522954315404455,18.237035751342773,158644000
2025-06-04,18.61572950178645,19.193733865511064,18.157311199088355,19.02431869506836,146325300
2025-06-05,19.422943871581793,19.921223607335413,18.35662554119486,18.745283126831055,187397100
2025-06-06,19.33325224388903,19.88136106184662,19.08411239048637,19.114009857177734,114398700
2025-06-09,19.642184035194205,20.987539548746742,19.61228847095521,20.509191513061523,162686000
2025-06-10,20.768299156024337,22.023964295106765,20.618815618206828,21.814685821533203,142811000
2025-06-11,22.28307006112812,22.52224410265319,20.91778276903792,21.5655460357666,160395000
2025-06-12,21.166921127500245,21.99406534172979,21.01743759977899,21.615373611450195,100384500
2025-06-13,20.250085663613763,20.987539353635928,19.771737632375512,19.971050262451172,166989600
2025-06-16,20.75833158960563,22.143548504889132,20.71847020323644,21.824649810791016,121972300
2025-06-17,21.535648847217605,22.452483554431318,21.26657735796456,21.346302032470703,122379500
2025-06-18,21.645268582850296,22.302997607413005,21.15695472526805,21.535648345947266,113893800
2025-06-20,22.063824470335497,22.25317128823457,20.29991577992402,21.13702392578125,137078900
2025-06-23,21.10712916903682,21.904375957916304,20.210226056350834,21.505752563476562,125143700
2025-06-24,22.653418418166655,24.023021350795894,22.623426444998547,23.943044662475586,137608000
2025-06-25,24.392912693283197,24.59285536644894,23.863067850944873,24.572860717773438,107621600
2025-06-26,25.172687616935164,25.35263564704744,24.582858810142564,25.19268226623535,92382200
2025-06-27,25.202676336746812,25.83249440846949,24.272948075528156,25.102706909179688,113655600
2025-06-30,25.482595691600736,25.49259301571637,24.67283150618047,25.102706909179688,78035000
2025-07-01,24.37291766079532,25.16268910988898,23.573150794315957,24.702821731567383,107277300
2025-07-02,24.502881083149415,26.382334181579118,24.44289904458108,26.04243278503418,107157100
2025-07-03,26.392331254532774,26.71223799957766,26.222380557878356,26.42232322692871,62695800
2025-07-07,25.722527084919683,26.04243384604381,24.61285074561972,24.96274757385254,93297600
2025-07-08,25.622554203061377,27.022149058925116,25.352634081356992,26.362340927124023,90457500
2025-07-09,26.62226494879365,27.40203909804375,25.88248009751289,26.64225959777832,86818700
2025-07-10,27.382043751812745,27.72194514871833,26.652256243607365,27.362051010131836,87602500
2025-07-11,26.842201247738284,27.532001356977897,26.542287244819295,27.282073974609375,71855400
2025-07-14,26.632262579177482,26.762225892275897,25.312646239747203,26.4923038482666,99670600
2025-07-15,28.041851539030432,28.45173229357124,27.202095381728626,27.282073974609375,108926200
2025-07-16,26.592274624637962,27.04214278166927,24.902764937685024,27.02215003967285,125700900
2025-07-17,26.952169069437875,27.502010476555657,26.41232689362179,27.31206512451172,85334100
2025-07-18,27.651965609257267,27.891895669047564,26.752227408345014,27.32206153869629,68274300
2025-07-21,27.55199406171186,28.491721552068537,27.432029986139707,27.49201202392578,79860300
2025-07-22,27.112123825294706,27.272077200693936,25.33264014048495,26.312355041503906,118871600
2025-07-23,25.64254912887495,25.902473836156613,24.832784941401634,25.772512435913086,105639200
2025-07-24,25.652547663873605,25.7825109770463,24.94275477751167,25.612560272216797,77503300
2025-07-25,25.162690113571628,25.612560185657202,24.82278870506135,25.592565536499023,68037900
2025-07-28,26.372337598180764,26.982161045605782,26.33235020694346,26.8721923828125,88108400
2025-07-29,27.402038832730046,28.15182100124355,26.492303287477228,27.02215003967285,101714500
2025-07-30,27.741940847738732,28.121829649186566,26.922179297144957,27.60198211669922,96772200
2025-07-31,26.692245626582178,26.732233016867493,24.192971762924472,24.97274398803711,133413800
2025-08-01,23.573150905660285,24.8227878321834,22.56344404021425,24.07300567626953,132665200
2025-08-04,24.58285796122887,25.17268674765306,24.232959237737376,24.992738723754883,85963800
2025-08-05,25.41261662406106,25.67254133369566,23.603142887644964,24.51287841796875,99733400
2025-08-06,23.833076173227532,24.112995537768896,22.943335270884685,23.9830322265625,103447500
2025-08-07,25.47259884962026,25.87248228784141,24.52287592219436,24.992738723754883,117228400
2025-08-08,25.152692320528757,25.82249780049524,24.89276760669755,25.702531814575195,71389900
2025-08-11,26.022440034101567,26.882188942590087,25.44260857669528,25.602561950683594,75943500
2025-08-12,26.20238607705687,28.071843752201985,25.672541242238367,27.991867065429688,125315900
2025-08-13,28.641678636047008,29.32148144486316,28.30177723163893,29.261499404907227,89497100
2025-08-14,28.111833496960347,29.651385218559238,27.941882796511642,29.411455154418945,84286800
2025-08-15,28.701660042484015,28.701660042484015,27.062137003382695,27.362051010131836,93664700
2025-08-18,27.09212966204187,27.641969161478084,27.02215029740032,27.522005081176758,50310400
2025-08-19,27.561991613104468,27.851908293918136,26.092419281061535,26.232378005981445,75595100
2025-08-20,26.10241659331272,26.10241659331272,23.6531274675658,25.792505264282227,117636500
2025-08-21,25.39262273159801,25.89247751728614,24.902765270439005,25.34263801574707,67871100
2025-08-22,25.5525756902088,28.31177429064181,25.33264027456941,27.442028045654297,117140900
2025-08-25,27.34205701117022,27.57198975371707,26.80221293027448,27.292070388793945,55018700
2025-08-26,27.522004011403848,28.211802213310893,27.51200668730155,27.931884765625,57544300
2025-08-27,27.601981724715657,28.22180058776959,27.272077644239936,28.171815872192383,61375200
2025-08-28,28.401747275594417,29.10154470144835,27.95187722943195,28.521713256835938,74466400
2025-08-29,27.312065315321185,27.342057289051766,25.662544896033207,26.032438278198242,108411300
2025-09-02,24.073005989776714,25.272658217580048,23.793086628144028,25.242666244506836,101906700
2025-09-03,25.40262005980842,25.40262005980842,24.112995704079392,24.90276527404785,79482200
2025-09-04,24.402909904552708,25.722526202307314,23.973034493994387,25.642549514770508,81641200
2025-09-05,26.81220942278001,26.96216547166643,25.592564476563957,26.442317962646484,110749400
2025-09-08,26.952168035258033,27.422032735085224,26.67225058698101,27.072134017944336,72341700
2025-09-09,27.162108464900452,27.362051136993564,26.562282355415753,27.17210578918457,55882300
2025-09-10,28.471727891645088,28.821626619993015,28.061847123430127,28.591693878173828,86721600
2025-09-11,29.051558973053435,29.601400369326566,28.961584961059554,29.161527633666992,69919800
2025-09-12,29.361469916701267,29.54141603150683,28.781638461986578,29.291488647460938,52502600
2025-09-15,29.131536387302912,30.021279205122845,28.91160096738507,29.991287231445312,61268000
2025-09-16,30.321189583645697,30.641096324096765,29.78134743583317,30.471145629882812,54148200
2025-09-17,30.271205774628864,31.2409233489337,29.15153024281344,30.461149215698242,80483900
2025-09-18,32.75048444418803,34.13008474424554,32.42058226302025,33.63022994995117,104513300
2025-09-19,33.550254389443126,33.59023987373328,32.110670174495844,33.01041030883789,66106100
2025-09-22,33.19035594947621,34.739904901802845,33.18035671893057,34.41999816894531,62948200
2025-09-23,34.70000076293945,35.29999923706055,33.66999816894531,34.29999923706055,63661700
2025-09-24,33.959999084472656,34.38999938964844,32.810001373291016,34.20000076293945,58369900
2025-09-25,32.439998626708984,34.060001373291016,31.360000610351562,33.849998474121094,79969600
2025-09-26,33.93000030517578,34.22999954223633,32.83000183105469,34.02000045776367,60944500
2025-09-29,35.029998779296875,35.4900016784668,33.9900016784668,34.02000045776367,56593700
2025-09-30,34.06999969482422,34.959999084472656,33.56999969482422,34.84000015258789,60696800
2025-10-01,34.18000030517578,36.97999954223633,33.97999954223633,36.86000061035156,67094700
2025-10-02,38.959999084472656,39.31999969482422,38.13999938964844,39.08000183105469,68834400
2025-10-03,39.47999954223633,40.060001373291016,37.619998931884766,38.22999954223633,69252500
2025-10-06,42.83000183105469,43.369998931884766,41.65999984741211,41.709999084472656,99880300
2025-10-07,42.779998779296875,43.02000045776367,38.70000076293945,38.83000183105469,96375900
2025-10-08,38.869998931884766,42.939998626708984,38.68000030517578,42.779998779296875,77149800
2025-10-09,42.58000183105469,42.84000015258789,41.0099983215332,42.2400016784668,63095700
2025-10-10,42.52000045776367,42.84000015258789,34.16999816894531,34.209999084472656,204858900
2025-10-13,38.22999954223633,39.470001220703125,37.369998931884766,39.13999938964844,89274100
2025-10-14,36.619998931884766,39.0099983215332,35.95000076293945,36.630001068115234,100358200
2025-10-15,39.54999923706055,40.16999816894531,37.709999084472656,39.97999954223633,96059800
2025-10-16,41.45000076293945,41.93000030517578,39.279998779296875,40.56999969482422,89397000
2025-10-17,39.61000061035156,40.79999923706055,38.31999969482422,40.290000915527344,92083400
2025-10-20,41.15999984741211,43.040000915527344,41.130001068115234,42.2400016784668,62424500
2025-10-21,41.810001373291016,42.029998779296875,40.52000045776367,41.5099983215332,54386700
2025-10-22,40.08000183105469,40.810001373291016,35.970001220703125,38.38999938964844,110646700
2025-10-23,37.72999954223633,41.470001220703125,37.54999923706055,41.16999816894531,72467000
2025-10-24,43.43000030517578,44.15999984741211,42.959999084472656,43.13999938964844,69872500
2025-10-27,45.4900016784668,47.15999984741211,45.13999938964844,46.84000015258789,72684100
2025-10-28,46.439998626708984,47.61000061035156,45.939998626708984,46.959999084472656,53995000
2025-10-29,49.369998931884766,50.7599983215332,48.04999923706055,49.380001068115234,88268800
2025-10-30,48.5,49.970001220703125,47.27000045776367,47.38999938964844,76956300
2025-10-31,48.77000045776367,49.9900016784668,46.709999084472656,47.779998779296875,75650400
2025-11-03,49.5,50.189998626708984,48.029998779296875,48.58000183105469,52610600
2025-11-04,44.77000045776367,46.880001068115234,42.529998779296875,42.79999923706055,87734300
2025-11-05,43.220001220703125,48.43000030517578,43.209999084472656,46.83000183105469,76488900
2025-11-06,46.459999084472656,46.9900016784668,42.150001525878906,43.0099983215332,106419600
2025-11-07,41.099998474121094,41.7400016784668,37.040000915527344,41.7400016784668,143013500
2025-11-10,45.060001373291016,45.52000045776367,43.459999084472656,44.959999084472656,74223300
2025-11-11,43.720001220703125,44.040000915527344,41.650001525878906,41.810001373291016,80862700
2025-11-12,44.0099983215332,44.630001068115234,42.849998474121094,43.709999084472656,77730900
2025-11-13,42.16999816894531,42.63999938964844,38.0,39.220001220703125,126123700
2025-11-14,35.7400016784668,40.599998474121094,35.150001525878906,38.86000061035156,125398600
2025-11-17,37.900001525878906,40.08000183105469,35.529998779296875,36.84000015258789,101936600
2025-11-18,35.310001373291016,36.0099983215332,33.150001525878906,34.349998474121094,153515800
2025-11-19,34.720001220703125,37.29999923706055,34.20000076293945,35.959999084472656,120458900
2025-11-20,38.790000915527344,39.189998626708984,30.40999984741211,30.809999465942383,228883600
2025-11-21,30.850000381469727,33.040000915527344,28.1200008392334,31.729999542236328,205537900
2025-11-24,32.689998626708984,36.310001373291016,32.650001525878906,35.86000061035156,108832500
2025-11-25,34.34000015258789,36.45000076293945,32.04999923706055,36.16999816894531,108634700
2025-11-26,37.439998626708984,40.150001525878906,37.29999923706055,39.189998626708984,104203900
2025-11-28,39.650001525878906,41.33000183105469,39.25,41.2599983215332,57190400
2025-12-01,39.58000183105469,42.36000061035156,39.459999084472656,41.310001373291016,79426200
2025-12-02,42.790000915527344,44.61000061035156,42.029998779296875,43.79999923706055,111736200
2025-12-03,44.45000076293945,46.68000030517578,43.150001525878906,46.58000183105469,94299300
2025-12-04,45.88999938964844,46.099998474121094,44.439998626708984,45.15999984741211,77656900
2025-12-05,46.470001220703125,48.04999923706055,46.29999923706055,46.5,77049800
2025-12-08,47.560001373291016,48.599998474121094,46.70000076293945,47.9900016784668,69225000
2025-12-09,47.040000915527344,48.04999923706055,46.470001220703125,47.790000915527344,56373300
2025-12-10,47.650001525878906,50.09000015258789,47.0099983215332,49.650001525878906,91153100
2025-12-11,48.0099983215332,48.900001525878906,44.65999984741211,48.790000915527344,88063000
2025-12-12,46.91999816894531,47.380001068115234,41.060001373291016,41.709999084472656,138088200
2025-12-15,43.11000061035156,43.41999816894531,40.79999923706055,41.18000030517578,78218600
2025-12-16,40.75,41.65999984741211,39.2400016784668,40.4900016784668,94566700
2025-12-17,41.0,41.31999969482422,35.70000076293945,36.0099983215332,126113900
2025-12-18,39.970001220703125,40.41999816894531,38.11000061035156,38.58000183105469,97164000
2025-12-19,39.599998474121094,42.36000061035156,39.5,41.720001220703125,92529100
2025-12-22,44.45000076293945,44.560001373291016,42.72999954223633,43.2599983215332,62717400
2025-12-23,42.619998931884766,43.79999923706055,42.220001220703125,43.70000076293945,44455700
2025-12-24,43.720001220703125,44.36000061035156,43.59000015258789,44.209999084472656,30717800
2025-12-26,44.75,44.790000915527344,43.810001373291016,44.209999084472656,38006400
2025-12-29,42.97999954223633,44.33000183105469,42.349998474121094,43.81999969482422,54612100
2025-12-30,44.150001525878906,44.75,43.56999969482422,43.66999816894531,40697400
2025-12-31,43.88999938964844,44.150001525878906,42.0099983215332,42.029998779296875,44754800
2026-01-02,45.130001068115234,48.09000015258789,45.08000183105469,47.2400016784668,132719700
2026-01-05,50.349998474121094,51.220001220703125,48.630001068115234,49.220001220703125,94987500
2026-01-06,51.11000061035156,54.29999923706055,51.06999969482422,54.0099983215332,92678600
2026-01-07,52.20000076293945,52.7400016784668,50.84000015258789,52.290000915527344,65698500
2026-01-08,51.79999923706055,51.810001373291016,48.130001068115234,49.650001525878906,79844800
2026-01-09,51.09000015258789,54.7599983215332,50.310001373291016,53.95000076293945,87214400
2026-01-12,52.38999938964844,55.150001525878906,52.349998474121094,54.650001525878906,53193700
2026-01-13,55.689998626708984,57.630001068115234,55.43000030517578,56.06999969482422,61895400
2026-01-14,54.88999938964844,55.439998626708984,53.0,55.380001068115234,70434900
2026-01-15,60.959999084472656,61.66999816894531,58.0099983215332,58.08000183105469,89664300
2026-01-16,61.189998626708984,62.189998626708984,59.5,60.75,58559500
2026-01-20,57.34000015258789,61.04999923706055,57.220001220703125,57.939998626708984,71408300
2026-01-21,60.2400016784668,65.11000061035156,59.459999084472656,63.47999954223633,103027300
2026-01-22,66.9000015258789,66.95999908447266,63.040000915527344,63.720001220703125,62594200
2026-01-23,62.47999954223633,63.36000061035156,60.150001525878906,61.599998474121094,58613600
2026-01-26,60.75,61.959999084472656,59.599998474121094,60.70000076293945,42592400
2026-01-27,63.310001373291016,65.98999786376953,62.540000915527344,64.95999908447266,61155400
2026-01-28,69.0,70.93000030517578,67.9800033569336,70.08999633789062,74205500
2026-01-29,70.4000015258789,71.9800033569336,62.650001525878906,70.47000122070312,78058200
2026-01-30,67.12000274658203,69.86000061035156,60.290000915527344,61.790000915527344,83504200
2026-02-02,59.459999084472656,66.94000244140625,59.099998474121094,65.19999694824219,66961000
2026-02-03,66.80999755859375,67.62000274658203,57.02000045776367,61.20000076293945,101338500
2026-02-04,59.439998626708984,61.029998779296875,49.33000183105469,53.189998626708984,139149400
2026-02-05,51.310001373291016,55.4900016784668,50.0099983215332,53.25,109350300
2026-02-06,56.400001525878906,62.25,55.66999816894531,61.75,108594200
2026-02-09,59.9900016784668,65.05000305175781,59.290000915527344,64.02999877929688,66670500
2026-02-10,64.66999816894531,65.20999908447266,61.41999816894531,63.34000015258789,58273900
2026-02-11,67.20999908447266,69.0999984741211,63.22999954223633,68.05000305175781,89724200
2026-02-12,69.66999816894531,70.86000061035156,62.77000045776367,63.099998474121094,90896100
2026-02-13,63.93000030517578,66.25,61.43000030517578,64.58999633789062,79931300
2026-02-17,62.02000045776367,65.95999908447266,59.560001373291016,64.3499984741211,79420400
2026-02-18,65.26000213623047,68.44999694824219,64.06999969482422,66.29000091552734,69349000
2026-02-19,64.33000183105469,65.51000213623047,62.959999084472656,65.2300033569336,68827500
2026-02-20,63.7599983215332,68.22000122070312,63.58000183105469,67.11000061035156,81017900
2026-02-23,65.8499984741211,67.6500015258789,63.470001220703125,65.86000061035156,66926300
2026-02-24,68.11000061035156,70.0,66.3499984741211,68.52999877929688,66892100
2026-02-25,70.88999938964844,72.36000061035156,70.4800033569336,71.86000061035156,52929300
2026-02-26,71.02999877929688,71.11000061035156,61.630001068115234,65.33999633789062,97787900
2026-02-27,61.5099983215332,63.7599983215332,60.65999984741211,62.77000045776367,70112700
2026-03-02,58.11000061035156,62.81999969482422,58.04999923706055,62.7599983215332,81699800
2026-03-03,55.119998931884766,55.86000061035156,51.36000061035156,53.41999816894531,131198300
2026-03-04,55.959999084472656,57.720001220703125,54.380001068115234,56.619998931884766,78143300
2026-03-05,55.31999969482422,57.689998626708984,51.130001068115234,54.79999923706055,110055800
2026-03-06,50.09000015258789,53.36000061035156,46.79999923706055,47.88999938964844,125241500
2026-03-09,45.5099983215332,53.779998779296875,44.529998779296875,53.31999969482422,114897700
2026-03-10,53.36000061035156,57.779998779296875,53.36000061035156,54.59000015258789,104717600
2026-03-11,55.5,57.7400016784668,55.349998474121094,56.09000015258789,83007700
2026-03-12,53.529998779296875,53.880001068115234,49.529998779296875,50.279998779296875,105674400
2026-03-13,51.880001068115234,53.959999084472656,50.040000915527344,50.720001220703125,83244300
2026-03-16,54.060001373291016,55.68000030517578,53.0099983215332,53.689998626708984,79819200
2026-03-17,55.099998474121094,55.400001525878906,53.29999923706055,54.95000076293945,59567700
2026-03-18,55.029998779296875,56.47999954223633,54.0,54.02000045776367,75470000
2026-03-19,49.529998779296875,56.11000061035156,48.5,54.849998474121094,93732700
2026-03-20,54.689998626708984,55.36000061035156,49.0,51.13999938964844,101773000
2026-03-23,54.630001068115234,56.810001373291016,52.279998779296875,53.029998779296875,115257400
2026-03-24,51.540000915527344,56.09000015258789,51.540000915527344,54.959999084472656,92153500
2026-03-25,56.63999938964844,58.25,55.59000015258789,57.040000915527344,84440300
2026-03-26,54.189998626708984,54.439998626708984,48.869998931884766,48.970001220703125,116603800
2026-03-27,48.040000915527344,49.380001068115234,45.959999084472656,46.61000061035156,99401400
2026-03-30,47.86000061035156,48.290000915527344,39.52000045776367,40.619998931884766,139746200
2026-03-31,42.880001068115234,48.18000030517578,42.61000061035156,47.90999984741211,138002100
2026-04-01,50.040000915527344,54.09000015258789,49.619998931884766,52.2599983215332,121955600
2026-04-02,46.060001373291016,53.06999969482422,46.04999923706055,52.75,104471700
2026-04-06,53.75,55.599998474121094,52.880001068115234,54.810001373291016,68780400
2026-04-07,54.31999969482422,56.599998474121094,52.130001068115234,56.54999923706055,107326500
2026-04-08,66.33000183105469,67.9800033569336,63.560001373291016,67.5,111697300
2026-04-09,68.12000274658203,72.27999877929688,68.12000274658203,71.9800033569336,79331600
2026-04-10,74.30000305175781,78.30000305175781,74.30000305175781,76.38999938964844,78863600
2026-04-13,75.58999633789062,80.73999786376953,75.25,80.55999755859375,64504600
2026-04-14,83.2699966430664,85.56999969482422,80.70999908447266,85.30999755859375,61657000
2026-04-15,84.66000366210938,85.9800033569336,79.76000213623047,85.95999908447266,68425400
2026-04-16,85.01000213623047,89.38999938964844,83.30999755859375,88.37000274658203,63777500
2026-04-17,93.19999694824219,94.75,90.66000366210938,94.68000030517578,67081400
2026-04-20,95.97000122070312,96.93000030517578,92.02999877929688,95.94000244140625,49367800
2026-04-21,97.97000122070312,99.94999694824219,95.31999969482422,98.08999633789062,65206900
2026-04-22,102.94000244140625,106.08999633789062,99.5999984741211,105.63999938964844,58165200
2026-04-23,108.62000274658203,116.7699966430664,107.45999908447266,112.7699966430664,96510200
2026-04-24,125.20999908447266,130.1199951171875,120.23999786376953,128.32000732421875,83092400
2026-04-27,128.3300018310547,129.58999633789062,117.79000091552734,123.38999938964844,73334600
2026-04-28,108.75,115.62000274658203,103.98999786376953,109.55999755859375,94099700
2026-04-29,114.76000213623047,118.31999969482422,112.30000305175781,117.97000122070312,55503700
2026-04-30,122.80999755859375,127.44999694824219,117.5,126.9800033569336,58536700
2026-05-01,124.38999938964844,131.3800048828125,121.66000366210938,130.39999389648438,40940300
2026-05-04,132.1999969482422,133.6699981689453,123.80000305175781,127.55000305175781,46455700
2026-05-05,135.0,147.25999450683594,134.02000427246094,144.16000366210938,52130100
2026-05-06,157.83999633789062,166.0,149.05999755859375,165.85000610351562,65579200
2026-05-07,162.1199951171875,162.89999389648438,147.61000061035156,152.10000610351562,72375200
2026-05-08,163.0,177.5,161.50999450683594,176.94000244140625,47016500
2026-05-11,181.0,191.2899932861328,178.94000244140625,190.4199981689453,50496000
2026-05-12,177.6199951171875,182.24000549316406,150.5800018310547,172.52000427246094,91705600
2026-05-13,183.83999633789062,188.49000549316406,172.25999450683594,184.24000549316406,59522300
2026-05-14,182.6699981689453,189.55999755859375,178.27999877929688,186.19000244140625,43319000
2026-05-15,167.0,174.39999389648438,161.13999938964844,164.17999267578125,62126600
2026-05-18,172.9499969482422,174.61000061035156,142.69000244140625,151.75,75610500
2026-05-19,141.24000549316406,160.60000610351562,135.02000427246094,151.88999938964844,85384000
2026-05-20,161.0,173.6999969482422,161.0,173.1999969482422,58913200
2026-05-21,171.25999450683594,179.97000122070312,168.22999572753906,178.38999938964844,52278700
2026-05-22,184.8000030517578,195.27000427246094,183.33999633789062,190.55999755859375,45133000
2026-05-26,211.3800048828125,228.5,209.88999938964844,225.7899932861328,52533000
2026-05-27,242.66000366210938,242.66000366210938,204.0,217.97999572753906,74732700
2026-05-28,219.0,231.88999938964844,207.55999755859375,224.6300048828125,47153500
2026-05-29,231.82000732421875,239.07000732421875,218.55999755859375,224.33999633789062,37035700
2026-06-01,217.27000427246094,234.05999755859375,210.13999938964844,227.02999877929688,37499600
2026-06-02,243.17999267578125,267.0799865722656,238.82000732421875,266.32000732421875,42799700
2026-06-03,281.4700012207031,284.5799865722656,257.260009765625,280.5400085449219,49817200
2026-06-04,242.0399932861328,274.5,228.5500030517578,262.70001220703125,59036000
2026-06-05,230.85000610351562,233.69000244140625,181.80999755859375,182.5399932861328,108280300
2026-06-08,210.6199951171875,222.19000244140625,201.69000244140625,211.44000244140625,68180500
2026-06-09,227.05999755859375,231.02000427246094,157.55999755859375,201.67999267578125,124754300
2026-06-10,191.5399932861328,212.99000549316406,177.3000030517578,180.64999389648438,94924200
2026-06-11,192.3000030517578,225.6300048828125,192.3000030517578,223.99000549316406,72493400
2026-06-12,222.22000122070312,242.39999389648438,214.74000549316406,234.67999267578125,50419100
2026-06-15,265.989990234375,274.8800048828125,261.6000061035156,272.5,39914100
2026-06-16,267.1300048828125,274.92999267578125,226.0,226.19000244140625,54771900
2026-06-17,247.4199981689453,259.7900085449219,233.3000030517578,233.86000061035156,49127300
2026-06-18,266.0400085449219,286.1499938964844,265.0,279.2900085449219,49319800
2026-06-22,299.260009765625,302.0,286.239990234375,300.7699890136719,36399600
2026-06-23,236.0,252.97999572753906,223.0,231.4199981689453,70699700
2026-06-24,233.11000061035156,237.0,211.1300048828125,229.57000732421875,57018500
2026-06-25,268.04998779296875,268.3999938964844,225.74000549316406,252.61000061035156,57401800
2026-06-26,226.24000549316406,231.2100067138672,214.41009521484375,219.92999267578125,22902765
