date,breadth
1993-02-01,69.05
1993-02-02,72.22
1993-02-03,75.4
1993-02-04,77.78
1993-02-05,73.81
1993-02-08,69.84
1993-02-09,68.25
1993-02-10,65.87
1993-02-11,67.06
1993-02-12,63.1
1993-02-16,35.71
1993-02-17,33.33
1993-02-18,33.33
1993-02-19,40.48
1993-02-22,38.1
1993-02-23,37.94
1993-02-24,45.06
1993-02-25,49.8
1993-02-26,51.78
1993-03-01,48.62
1993-03-02,60.08
1993-03-03,68.38
1993-03-04,63.24
1993-03-05,64.43
1993-03-08,78.26
1993-03-09,77.87
1993-03-10,81.82
1993-03-11,75.49
1993-03-12,66.93
1993-03-15,71.26
1993-03-16,70.47
1993-03-17,62.6
1993-03-18,68.11
1993-03-19,60.39
1993-03-22,54.12
1993-03-23,50.2
1993-03-24,52.55
1993-03-25,59.38
1993-03-26,56.25
1993-03-29,57.42
1993-03-30,57.81
1993-03-31,60.55
1993-04-01,58.59
1993-04-02,33.59
1993-04-05,37.5
1993-04-06,37.11
1993-04-07,42.19
1993-04-08,41.41
1993-04-12,51.56
1993-04-13,58.2
1993-04-14,55.86
1993-04-15,56.64
1993-04-16,59.77
1993-04-19,53.91
1993-04-20,48.05
1993-04-21,44.14
1993-04-22,37.5
1993-04-23,34.24
1993-04-26,30.74
1993-04-27,33.46
1993-04-28,38.76
1993-04-29,41.86
1993-04-30,45.74
1993-05-03,52.51
1993-05-04,58.3
1993-05-05,64.09
1993-05-06,57.14
1993-05-07,58.3
1993-05-10,55.6
1993-05-11,59.46
1993-05-12,58.69
1993-05-13,48.65
1993-05-14,50.58
1993-05-17,52.9
1993-05-18,48.65
1993-05-19,60.62
1993-05-20,62.93
1993-05-21,58.69
1993-05-24,60.62
1993-05-25,59.46
1993-05-26,69.11
1993-05-27,65.64
1993-05-28,62.93
1993-06-01,69.88
1993-06-02,68.73
1993-06-03,66.92
1993-06-04,56.15
1993-06-07,52.69
1993-06-08,44.23
1993-06-09,46.15
1993-06-10,43.46
1993-06-11,48.46
1993-06-14,49.62
1993-06-15,51.92
1993-06-16,50.77
1993-06-17,52.69
1993-06-18,43.46
1993-06-21,43.46
1993-06-22,43.46
1993-06-23,40.38
1993-06-24,48.85
1993-06-25,53.08
1993-06-28,60.77
1993-06-29,61.54
1993-06-30,65.38
1993-07-01,64.23
1993-07-02,63.46
1993-07-06,55.38
1993-07-07,54.23
1993-07-08,63.46
1993-07-09,60.77
1993-07-12,62.69
1993-07-13,62.69
1993-07-14,66.15
1993-07-15,63.08
1993-07-16,54.23
1993-07-19,51.15
1993-07-20,51.54
1993-07-21,56.15
1993-07-22,47.51
1993-07-23,53.64
1993-07-26,58.62
1993-07-27,57.85
1993-07-28,56.32
1993-07-29,61.69
1993-07-30,55.17
1993-08-02,57.47
1993-08-03,61.69
1993-08-04,60.15
1993-08-05,60.92
1993-08-06,63.22
1993-08-09,67.43
1993-08-10,64.37
1993-08-11,67.43
1993-08-12,62.98
1993-08-13,66.41
1993-08-16,69.08
1993-08-17,67.56
1993-08-18,73.28
1993-08-19,69.85
1993-08-20,71.37
1993-08-23,70.61
1993-08-24,79.39
1993-08-25,77.86
1993-08-26,77.1
1993-08-27,68.7
1993-08-30,72.14
1993-08-31,75.57
1993-09-01,74.81
1993-09-02,69.47
1993-09-03,69.47
1993-09-07,56.49
1993-09-08,51.15
1993-09-09,52.29
1993-09-10,60.31
1993-09-13,59.54
1993-09-14,55.73
1993-09-15,57.25
1993-09-16,55.73
1993-09-17,50.76
1993-09-20,44.66
1993-09-21,34.73
1993-09-22,44.66
1993-09-23,46.95
1993-09-24,51.53
1993-09-27,58.4
1993-09-28,57.25
1993-09-29,55.34
1993-09-30,58.4
1993-10-01,61.07
1993-10-04,61.83
1993-10-05,58.94
1993-10-06,58.94
1993-10-07,55.51
1993-10-08,55.51
1993-10-11,56.65
1993-10-12,57.79
1993-10-13,57.03
1993-10-14,65.02
1993-10-15,65.91
1993-10-18,65.53
1993-10-19,57.2
1993-10-20,54.17
1993-10-21,53.41
1993-10-22,50.0
1993-10-25,50.38
1993-10-26,46.21
1993-10-27,51.14
1993-10-28,54.55
1993-10-29,58.87
1993-11-01,58.87
1993-11-02,53.96
1993-11-03,44.91
1993-11-04,36.09
1993-11-05,34.96
1993-11-08,39.47
1993-11-09,40.6
1993-11-10,46.99
1993-11-11,47.74
1993-11-12,50.0
1993-11-15,49.62
1993-11-16,52.26
1993-11-17,47.37
1993-11-18,41.35
1993-11-19,37.59
1993-11-22,27.44
1993-11-23,33.08
1993-11-24,41.73
1993-11-26,43.23
1993-11-29,45.86
1993-11-30,45.11
1993-12-01,54.14
1993-12-02,54.89
1993-12-03,58.65
1993-12-06,59.4
1993-12-07,60.15
1993-12-08,59.77
1993-12-09,50.0
1993-12-10,51.5
1993-12-13,51.5
1993-12-14,47.94
1993-12-15,42.7
1993-12-16,48.69
1993-12-17,58.05
1993-12-20,56.93
1993-12-21,54.68
1993-12-22,55.81
1993-12-23,57.68
1993-12-27,64.42
1993-12-28,67.42
1993-12-29,67.79
1993-12-30,68.16
1993-12-31,66.67
1994-01-03,56.55
1994-01-04,54.31
1994-01-05,56.18
1994-01-06,54.31
1994-01-07,58.8
1994-01-10,65.92
1994-01-11,65.17
1994-01-12,67.42
1994-01-13,60.67
1994-01-14,64.04
1994-01-17,59.55
1994-01-18,61.05
1994-01-19,57.3
1994-01-20,56.93
1994-01-21,56.18
1994-01-24,52.06
1994-01-25,45.69
1994-01-26,49.06
1994-01-27,61.8
1994-01-28,64.55
1994-01-31,66.79
1994-02-01,63.06
1994-02-02,67.16
1994-02-03,62.69
1994-02-04,39.18
1994-02-07,42.16
1994-02-08,44.4
1994-02-09,47.76
1994-02-10,45.15
1994-02-11,44.4
1994-02-14,46.64
1994-02-15,53.36
1994-02-16,55.22
1994-02-17,47.41
1994-02-18,42.59
1994-02-22,47.6
1994-02-23,47.23
1994-02-24,33.58
1994-02-25,33.95
1994-02-28,40.96
1994-03-01,42.8
1994-03-02,37.27
1994-03-03,40.22
1994-03-04,46.86
1994-03-07,49.45
1994-03-08,49.45
1994-03-09,50.92
1994-03-10,49.08
1994-03-11,50.74
1994-03-14,50.74
1994-03-15,48.9
1994-03-16,53.31
1994-03-17,61.9
1994-03-18,64.47
1994-03-21,57.88
1994-03-22,59.71
1994-03-23,58.61
1994-03-24,45.42
1994-03-25,40.29
1994-03-28,33.33
1994-03-29,19.05
1994-03-30,13.19
1994-03-31,9.89
1994-04-04,5.49
1994-04-05,14.65
1994-04-06,14.65
1994-04-07,25.27
1994-04-08,20.51
1994-04-11,24.91
1994-04-12,20.15
1994-04-13,19.78
1994-04-14,20.51
1994-04-15,24.54
1994-04-18,23.08
1994-04-19,26.37
1994-04-20,28.21
1994-04-21,37.0
1994-04-22,42.12
1994-04-25,49.82
1994-04-26,57.51
1994-04-28,53.85
1994-04-29,59.71
1994-05-02,63.0
1994-05-03,62.64
1994-05-04,61.17
1994-05-05,62.64
1994-05-06,50.18
1994-05-09,42.49
1994-05-10,45.05
1994-05-11,39.19
1994-05-12,41.39
1994-05-13,38.83
1994-05-16,40.29
1994-05-17,47.99
1994-05-18,60.44
1994-05-19,64.47
1994-05-20,62.27
1994-05-23,52.01
1994-05-24,55.31
1994-05-25,54.95
1994-05-26,63.0
1994-05-27,61.17
1994-05-31,63.0
1994-06-01,63.37
1994-06-02,68.86
1994-06-03,75.09
1994-06-06,75.82
1994-06-07,70.8
1994-06-08,67.15
1994-06-09,66.79
1994-06-10,67.52
1994-06-13,68.61
1994-06-14,73.36
1994-06-15,66.79
1994-06-16,67.15
1994-06-17,57.3
1994-06-20,40.51
1994-06-21,32.12
1994-06-22,34.67
1994-06-23,26.28
1994-06-24,14.96
1994-06-27,19.71
1994-06-28,23.72
1994-06-29,27.01
1994-06-30,26.64
1994-07-01,30.66
1994-07-05,33.94
1994-07-06,36.86
1994-07-07,43.43
1994-07-08,49.64
1994-07-11,45.62
1994-07-12,48.54
1994-07-13,55.47
1994-07-14,65.69
1994-07-15,69.71
1994-07-18,67.52
1994-07-19,68.98
1994-07-20,64.23
1994-07-21,59.85
1994-07-22,60.58
1994-07-25,58.03
1994-07-26,57.3
1994-07-27,51.09
1994-07-28,52.92
1994-07-29,68.61
1994-08-01,70.44
1994-08-02,67.88
1994-08-03,62.04
1994-08-04,59.12
1994-08-05,54.74
1994-08-08,59.49
1994-08-09,59.85
1994-08-10,63.5
1994-08-11,58.39
1994-08-12,64.23
1994-08-15,62.04
1994-08-16,68.98
1994-08-17,65.69
1994-08-18,59.49
1994-08-19,60.22
1994-08-22,56.57
1994-08-23,64.23
1994-08-24,70.8
1994-08-25,66.79
1994-08-26,77.37
1994-08-29,80.66
1994-08-30,82.85
1994-08-31,77.01
1994-09-01,67.88
1994-09-02,61.31
1994-09-06,62.04
1994-09-07,59.12
1994-09-08,63.5
1994-09-09,51.82
1994-09-12,47.81
1994-09-13,48.18
1994-09-14,51.09
1994-09-15,64.96
1994-09-16,58.76
1994-09-19,52.19
1994-09-20,38.32
1994-09-21,28.1
1994-09-22,31.39
1994-09-23,28.47
1994-09-26,32.48
1994-09-27,35.04
1994-09-28,41.97
1994-09-29,45.99
1994-09-30,48.54
1994-10-03,46.72
1994-10-04,32.48
1994-10-05,29.56
1994-10-06,28.83
1994-10-07,39.78
1994-10-10,49.64
1994-10-11,63.5
1994-10-12,63.5
1994-10-13,71.17
1994-10-14,73.36
1994-10-17,72.63
1994-10-18,71.64
1994-10-19,74.18
1994-10-20,67.27
1994-10-21,58.18
1994-10-24,49.45
1994-10-25,50.18
1994-10-26,52.36
1994-10-27,57.82
1994-10-28,67.64
1994-10-31,64.26
1994-11-01,55.96
1994-11-02,54.87
1994-11-03,56.32
1994-11-04,45.49
1994-11-07,47.29
1994-11-08,54.51
1994-11-09,48.74
1994-11-10,44.24
1994-11-11,37.05
1994-11-14,44.6
1994-11-15,45.68
1994-11-16,46.24
1994-11-17,40.86
1994-11-18,37.28
1994-11-21,30.82
1994-11-22,16.85
1994-11-23,18.64
1994-11-25,24.73
1994-11-28,27.24
1994-11-29,29.03
1994-11-30,27.96
1994-12-01,23.66
1994-12-02,31.54
1994-12-05,36.2
1994-12-06,37.28
1994-12-07,33.33
1994-12-08,22.22
1994-12-09,22.58
1994-12-12,32.26
1994-12-13,34.05
1994-12-14,53.05
1994-12-15,59.14
1994-12-16,66.31
1994-12-19,62.37
1994-12-20,61.65
1994-12-21,66.31
1994-12-22,62.01
1994-12-23,65.23
1994-12-27,68.1
1994-12-28,66.31
1994-12-29,68.82
1994-12-30,65.95
1995-01-03,66.31
1995-01-04,68.1
1995-01-05,64.16
1995-01-06,68.82
1995-01-09,66.67
1995-01-10,66.43
1995-01-11,61.43
1995-01-12,58.57
1995-01-13,65.0
1995-01-16,75.0
1995-01-17,77.5
1995-01-18,72.14
1995-01-19,65.36
1995-01-20,58.93
1995-01-23,57.86
1995-01-24,58.93
1995-01-25,59.29
1995-01-26,59.29
1995-01-27,59.29
1995-01-30,55.36
1995-01-31,56.07
1995-02-01,56.43
1995-02-02,60.36
1995-02-03,70.71
1995-02-06,74.64
1995-02-07,75.71
1995-02-08,75.71
1995-02-09,76.43
1995-02-10,78.21
1995-02-13,79.29
1995-02-14,79.29
1995-02-15,82.14
1995-02-16,81.79
1995-02-17,74.64
1995-02-21,75.0
1995-02-22,77.14
1995-02-23,79.29
1995-02-24,78.57
1995-02-27,67.86
1995-02-28,73.93
1995-03-01,65.0
1995-03-02,61.07
1995-03-03,57.5
1995-03-06,55.71
1995-03-07,43.42
1995-03-08,44.13
1995-03-09,44.48
1995-03-10,56.58
1995-03-13,56.94
1995-03-14,63.7
1995-03-15,58.01
1995-03-16,66.55
1995-03-17,64.77
1995-03-20,64.41
1995-03-21,61.57
1995-03-22,60.85
1995-03-23,59.79
1995-03-24,72.6
1995-03-27,79.0
1995-03-28,73.67
1995-03-29,72.95
1995-03-30,72.95
1995-03-31,67.26
1995-04-03,67.97
1995-04-04,72.34
1995-04-05,69.5
1995-04-06,68.79
1995-04-07,70.57
1995-04-10,70.21
1995-04-11,67.02
1995-04-12,67.38
1995-04-13,71.28
1995-04-17,59.22
1995-04-18,55.32
1995-04-19,51.06
1995-04-20,52.84
1995-04-21,57.45
1995-04-24,65.96
1995-04-25,65.6
1995-04-26,62.06
1995-04-27,63.12
1995-04-28,63.48
1995-05-01,60.99
1995-05-02,60.99
1995-05-03,69.5
1995-05-04,65.6
1995-05-05,65.25
1995-05-08,69.86
1995-05-09,72.44
1995-05-10,69.96
1995-05-11,73.14
1995-05-12,75.62
1995-05-15,76.33
1995-05-16,78.45
1995-05-17,75.27
1995-05-18,61.84
1995-05-19,56.18
1995-05-22,60.07
1995-05-23,66.78
1995-05-24,64.66
1995-05-25,66.08
1995-05-26,54.06
1995-05-30,52.65
1995-05-31,65.02
1995-06-01,64.66
1995-06-02,64.44
1995-06-05,70.77
1995-06-06,71.13
1995-06-07,66.2
1995-06-08,65.14
1995-06-09,51.06
1995-06-12,60.92
1995-06-13,69.01
1995-06-14,70.77
1995-06-15,71.13
1995-06-16,70.18
1995-06-19,76.84
1995-06-20,72.28
1995-06-21,72.28
1995-06-22,77.19
1995-06-23,73.33
1995-06-26,65.26
1995-06-27,59.3
1995-06-28,59.3
1995-06-29,58.6
1995-06-30,60.7
1995-07-03,62.46
1995-07-05,64.56
1995-07-06,75.09
1995-07-07,73.33
1995-07-10,69.23
1995-07-11,67.48
1995-07-12,73.08
1995-07-13,70.28
1995-07-14,69.58
1995-07-17,67.83
1995-07-18,65.38
1995-07-19,44.41
1995-07-20,46.15
1995-07-21,49.3
1995-07-24,58.39
1995-07-25,63.64
1995-07-26,66.08
1995-07-27,73.43
1995-07-28,69.23
1995-07-31,68.53
1995-08-01,63.64
1995-08-02,60.14
1995-08-03,54.55
1995-08-04,54.9
1995-08-07,59.44
1995-08-08,56.64
1995-08-09,57.34
1995-08-10,51.75
1995-08-11,49.3
1995-08-14,58.39
1995-08-15,54.9
1995-08-16,56.99
1995-08-17,60.84
1995-08-18,58.04
1995-08-21,57.69
1995-08-22,57.69
1995-08-23,54.2
1995-08-24,53.5
1995-08-25,57.49
1995-08-28,53.31
1995-08-29,55.05
1995-08-30,52.96
1995-08-31,58.89
1995-09-01,63.76
1995-09-05,74.91
1995-09-06,77.0
1995-09-07,76.31
1995-09-08,78.75
1995-09-11,75.96
1995-09-12,76.66
1995-09-13,77.7
1995-09-14,80.56
1995-09-15,76.39
1995-09-18,76.04
1995-09-19,74.31
1995-09-20,76.04
1995-09-21,67.36
1995-09-22,59.72
1995-09-25,56.6
1995-09-26,52.43
1995-09-27,45.83
1995-09-28,52.78
1995-09-29,54.86
1995-10-02,49.83
1995-10-03,44.83
1995-10-04,41.03
1995-10-05,44.14
1995-10-06,45.86
1995-10-09,36.9
1995-10-10,35.52
1995-10-11,41.38
1995-10-12,48.62
1995-10-13,54.64
1995-10-16,56.01
1995-10-17,60.14
1995-10-18,61.17
1995-10-19,61.51
1995-10-20,56.7
1995-10-23,54.64
1995-10-24,54.64
1995-10-25,49.14
1995-10-26,43.64
1995-10-27,43.64
1995-10-30,51.2
1995-10-31,48.97
1995-11-01,52.74
1995-11-02,59.59
1995-11-03,63.14
1995-11-06,61.43
1995-11-07,57.68
1995-11-08,61.77
1995-11-09,61.43
1995-11-10,60.07
1995-11-13,57.34
1995-11-14,53.24
1995-11-15,59.04
1995-11-16,65.19
1995-11-17,67.8
1995-11-20,61.36
1995-11-21,64.86
1995-11-22,62.5
1995-11-24,65.2
1995-11-27,68.58
1995-11-28,70.95
1995-11-29,73.31
1995-11-30,66.22
1995-12-01,67.23
1995-12-04,75.68
1995-12-05,75.0
1995-12-06,75.0
1995-12-07,72.3
1995-12-08,73.65
1995-12-11,72.97
1995-12-12,68.58
1995-12-13,68.92
1995-12-14,60.14
1995-12-15,60.94
1995-12-18,46.8
1995-12-19,50.51
1995-12-20,48.15
1995-12-21,54.88
1995-12-22,54.88
1995-12-26,55.56
1995-12-27,58.92
1995-12-28,59.6
1995-12-29,63.3
1996-01-02,68.01
1996-01-03,65.99
1996-01-04,57.91
1996-01-05,53.54
1996-01-08,56.9
1996-01-09,46.13
1996-01-10,28.62
1996-01-11,33.0
1996-01-12,33.33
1996-01-15,33.33
1996-01-16,42.76
1996-01-17,43.1
1996-01-18,45.79
1996-01-19,50.84
1996-01-22,51.52
1996-01-23,54.55
1996-01-24,62.96
1996-01-25,58.59
1996-01-26,65.32
1996-01-29,64.65
1996-01-30,70.37
1996-01-31,76.77
1996-02-01,79.87
1996-02-02,76.17
1996-02-05,77.18
1996-02-06,80.2
1996-02-07,80.87
1996-02-08,84.23
1996-02-09,84.9
1996-02-12,84.23
1996-02-13,81.54
1996-02-14,78.52
1996-02-15,77.52
1996-02-16,73.83
1996-02-20,57.38
1996-02-21,64.43
1996-02-22,75.17
1996-02-23,71.81
1996-02-26,58.72
1996-02-27,49.33
1996-02-28,47.65
1996-02-29,44.3
1996-03-01,44.97
1996-03-04,56.04
1996-03-05,59.73
1996-03-06,55.03
1996-03-07,54.36
1996-03-08,27.85
1996-03-11,33.56
1996-03-12,34.23
1996-03-13,38.59
1996-03-14,40.94
1996-03-15,41.95
1996-03-18,58.39
1996-03-19,55.03
1996-03-20,51.68
1996-03-21,58.72
1996-03-22,58.72
1996-03-25,57.72
1996-03-26,62.75
1996-03-27,57.38
1996-03-28,56.38
1996-03-29,52.68
1996-04-01,61.07
1996-04-02,61.74
1996-04-03,64.77
1996-04-04,61.41
1996-04-08,40.6
1996-04-09,40.94
1996-04-10,33.89
1996-04-11,29.87
1996-04-12,33.22
1996-04-15,41.61
1996-04-16,46.64
1996-04-17,46.31
1996-04-18,50.0
1996-04-19,53.36
1996-04-22,55.7
1996-04-23,58.72
1996-04-24,58.39
1996-04-25,60.4
1996-04-26,61.74
1996-04-29,65.1
1996-04-30,68.46
1996-05-01,72.48
1996-05-02,56.71
1996-05-03,52.68
1996-05-06,52.68
1996-05-07,45.97
1996-05-08,53.69
1996-05-09,54.85
1996-05-10,64.21
1996-05-13,74.25
1996-05-14,78.26
1996-05-15,76.92
1996-05-16,75.25
1996-05-17,75.59
1996-05-20,77.26
1996-05-21,76.25
1996-05-22,76.25
1996-05-23,74.25
1996-05-24,72.91
1996-05-28,65.89
1996-05-29,58.86
1996-05-30,62.54
1996-05-31,58.86
1996-06-03,57.53
1996-06-04,59.2
1996-06-05,64.21
1996-06-06,58.19
1996-06-07,49.83
1996-06-10,47.83
1996-06-11,48.83
1996-06-12,47.83
1996-06-13,44.15
1996-06-14,38.8
1996-06-17,36.45
1996-06-18,33.44
1996-06-19,34.78
1996-06-20,34.78
1996-06-21,42.81
1996-06-24,46.15
1996-06-25,44.15
1996-06-26,41.81
1996-06-27,46.49
1996-06-28,51.0
1996-07-01,60.33
1996-07-02,58.33
1996-07-03,57.33
1996-07-05,36.0
1996-07-08,29.0
1996-07-09,33.33
1996-07-10,29.67
1996-07-11,22.33
1996-07-12,22.0
1996-07-15,16.0
1996-07-16,13.33
1996-07-17,14.67
1996-07-18,27.33
1996-07-19,25.33
1996-07-22,21.67
1996-07-23,16.0
1996-07-24,14.33
1996-07-25,20.33
1996-07-26,26.67
1996-07-29,25.33
1996-07-30,31.33
1996-07-31,40.67
1996-08-01,57.0
1996-08-02,72.67
1996-08-05,76.33
1996-08-06,79.33
1996-08-07,77.33
1996-08-08,79.0
1996-08-09,79.67
1996-08-12,79.67
1996-08-13,73.67
1996-08-14,77.67
1996-08-15,78.0
1996-08-16,81.0
1996-08-19,82.33
1996-08-20,76.33
1996-08-21,79.0
1996-08-22,78.33
1996-08-23,73.33
1996-08-26,67.0
1996-08-27,71.0
1996-08-28,67.0
1996-08-29,51.0
1996-08-30,40.33
1996-09-03,40.67
1996-09-04,46.0
1996-09-05,39.67
1996-09-06,48.33
1996-09-09,62.33
1996-09-10,64.0
1996-09-11,69.0
1996-09-12,71.67
1996-09-13,76.33
1996-09-16,79.0
1996-09-17,74.33
1996-09-18,71.33
1996-09-19,73.33
1996-09-20,75.0
1996-09-23,75.0
1996-09-24,74.33
1996-09-25,74.33
1996-09-26,74.67
1996-09-27,75.67
1996-09-30,76.33
1996-10-01,76.0
1996-10-02,76.33
1996-10-03,71.33
1996-10-04,77.0
1996-10-07,74.33
1996-10-08,71.33
1996-10-09,65.0
1996-10-10,62.33
1996-10-11,69.0
1996-10-14,71.33
1996-10-15,64.0
1996-10-16,66.33
1996-10-17,66.67
1996-10-18,69.0
1996-10-21,68.0
1996-10-22,62.33
1996-10-23,59.0
1996-10-24,56.0
1996-10-25,54.67
1996-10-28,47.67
1996-10-29,49.33
1996-10-30,49.0
1996-10-31,54.0
1996-11-01,53.33
1996-11-04,57.0
1996-11-05,64.33
1996-11-06,71.0
1996-11-07,73.33
1996-11-08,75.33
1996-11-11,77.0
1996-11-12,75.33
1996-11-13,77.33
1996-11-14,78.0
1996-11-15,78.67
1996-11-18,77.0
1996-11-19,77.67
1996-11-20,78.33
1996-11-21,75.33
1996-11-22,75.42
1996-11-25,79.07
1996-11-26,71.1
1996-11-27,70.76
1996-11-29,70.76
1996-12-02,71.1
1996-12-03,62.46
1996-12-04,53.49
1996-12-05,52.49
1996-12-06,43.19
1996-12-09,52.49
1996-12-10,51.83
1996-12-11,38.87
1996-12-12,34.88
1996-12-13,31.23
1996-12-16,24.58
1996-12-17,26.16
1996-12-18,35.1
1996-12-19,49.01
1996-12-20,58.28
1996-12-23,54.3
1996-12-24,58.28
1996-12-26,64.9
1996-12-27,67.88
1996-12-30,68.21
1996-12-31,58.28
1997-01-02,49.34
1997-01-03,63.58
1997-01-06,66.56
1997-01-07,72.19
1997-01-08,67.22
1997-01-09,72.52
1997-01-10,70.53
1997-01-13,68.21
1997-01-14,76.82
1997-01-15,69.21
1997-01-16,69.54
1997-01-17,73.51
1997-01-20,71.52
1997-01-21,70.86
1997-01-22,70.53
1997-01-23,63.25
1997-01-24,55.63
1997-01-27,50.99
1997-01-28,50.0
1997-01-29,55.3
1997-01-30,62.58
1997-01-31,63.25
1997-02-03,63.58
1997-02-04,64.9
1997-02-05,56.95
1997-02-06,54.97
1997-02-07,61.06
1997-02-10,60.07
1997-02-11,58.09
1997-02-12,66.67
1997-02-13,74.26
1997-02-14,72.28
1997-02-18,73.6
1997-02-19,71.29
1997-02-20,64.69
1997-02-21,62.05
1997-02-24,67.66
1997-02-25,65.02
1997-02-26,56.11
1997-02-27,48.18
1997-02-28,42.57
1997-03-03,46.86
1997-03-04,45.21
1997-03-05,53.8
1997-03-06,52.81
1997-03-07,58.42
1997-03-10,67.33
1997-03-11,61.72
1997-03-12,54.79
1997-03-13,38.61
1997-03-14,44.88
1997-03-17,42.9
1997-03-18,40.59
1997-03-19,37.95
1997-03-20,33.0
1997-03-21,33.99
1997-03-24,42.24
1997-03-25,39.93
1997-03-26,40.26
1997-03-27,26.07
1997-03-31,17.82
1997-04-01,16.5
1997-04-02,12.87
1997-04-03,11.88
1997-04-04,19.8
1997-04-07,26.07
1997-04-08,28.38
1997-04-09,28.71
1997-04-10,30.69
1997-04-11,19.47
1997-04-14,24.09
1997-04-15,29.93
1997-04-16,41.45
1997-04-17,43.42
1997-04-18,45.72
1997-04-21,41.12
1997-04-22,54.61
1997-04-23,55.59
1997-04-24,54.28
1997-04-25,50.99
1997-04-28,56.91
1997-04-29,74.34
1997-04-30,75.33
1997-05-01,78.29
1997-05-02,86.51
1997-05-05,91.8
1997-05-06,91.8
1997-05-07,91.48
1997-05-08,90.16
1997-05-09,90.16
1997-05-12,91.8
1997-05-13,90.16
1997-05-14,91.15
1997-05-15,87.91
1997-05-16,84.97
1997-05-19,82.68
1997-05-20,84.31
1997-05-21,79.41
1997-05-22,75.16
1997-05-23,83.99
1997-05-27,79.74
1997-05-28,76.87
1997-05-29,71.34
1997-05-30,77.52
1997-06-02,73.62
1997-06-03,72.96
1997-06-04,66.78
1997-06-05,68.73
1997-06-06,77.52
1997-06-09,76.22
1997-06-10,74.92
1997-06-11,80.13
1997-06-12,80.84
1997-06-13,85.71
1997-06-16,84.42
1997-06-17,84.42
1997-06-18,80.58
1997-06-19,82.2
1997-06-20,81.55
1997-06-23,67.96
1997-06-24,75.73
1997-06-25,69.9
1997-06-26,64.08
1997-06-27,66.45
1997-06-30,60.32
1997-07-01,66.77
1997-07-02,73.87
1997-07-03,76.77
1997-07-07,78.71
1997-07-08,79.68
1997-07-09,67.74
1997-07-10,71.61
1997-07-11,76.77
1997-07-14,74.84
1997-07-15,77.42
1997-07-16,80.32
1997-07-17,79.03
1997-07-18,65.81
1997-07-21,61.29
1997-07-22,73.23
1997-07-23,73.55
1997-07-24,74.84
1997-07-25,73.87
1997-07-28,66.13
1997-07-29,70.32
1997-07-30,74.52
1997-07-31,74.52
1997-08-01,70.0
1997-08-04,71.61
1997-08-05,72.9
1997-08-06,76.13
1997-08-07,68.06
1997-08-08,50.0
1997-08-11,53.55
1997-08-12,46.13
1997-08-13,44.19
1997-08-14,44.52
1997-08-15,29.35
1997-08-18,29.68
1997-08-19,40.65
1997-08-20,52.9
1997-08-21,41.29
1997-08-22,40.65
1997-08-25,38.39
1997-08-26,38.39
1997-08-27,40.97
1997-08-28,38.39
1997-08-29,37.74
1997-09-02,60.32
1997-09-03,69.35
1997-09-04,71.29
1997-09-05,66.45
1997-09-08,71.29
1997-09-09,73.87
1997-09-10,63.87
1997-09-11,57.42
1997-09-12,68.39
1997-09-15,67.1
1997-09-16,82.26
1997-09-17,81.35
1997-09-18,83.28
1997-09-19,80.71
1997-09-22,80.06
1997-09-23,78.14
1997-09-24,72.35
1997-09-25,65.59
1997-09-26,66.56
1997-09-29,68.17
1997-09-30,66.88
1997-10-01,74.92
1997-10-02,76.21
1997-10-03,76.21
1997-10-06,75.56
1997-10-07,78.46
1997-10-08,70.42
1997-10-09,67.85
1997-10-10,64.31
1997-10-13,66.56
1997-10-14,62.38
1997-10-15,59.49
1997-10-16,49.36
1997-10-17,37.18
1997-10-20,47.76
1997-10-21,59.62
1997-10-22,58.65
1997-10-23,34.94
1997-10-24,34.29
1997-10-27,7.37
1997-10-28,12.18
1997-10-29,16.99
1997-10-30,13.14
1997-10-31,22.44
1997-11-03,37.82
1997-11-04,41.35
1997-11-05,49.36
1997-11-06,46.79
1997-11-07,35.26
1997-11-10,35.46
1997-11-11,38.98
1997-11-12,28.43
1997-11-13,33.87
1997-11-14,44.9
1997-11-17,64.01
1997-11-18,57.96
1997-11-19,60.83
1997-11-20,73.89
1997-11-21,75.56
1997-11-24,60.95
1997-11-25,60.0
1997-11-26,60.95
1997-11-28,64.44
1997-12-01,74.92
1997-12-02,72.06
1997-12-03,72.7
1997-12-04,70.48
1997-12-05,74.6
1997-12-08,74.29
1997-12-09,68.57
1997-12-10,59.68
1997-12-11,46.03
1997-12-12,45.4
1997-12-15,49.21
1997-12-16,51.11
1997-12-17,48.89
1997-12-18,40.32
1997-12-19,36.83
1997-12-22,41.59
1997-12-23,38.41
1997-12-24,34.29
1997-12-26,36.51
1997-12-29,47.94
1997-12-30,65.4
1997-12-31,69.52
1998-01-02,71.2
1998-01-05,72.78
1998-01-06,67.72
1998-01-07,60.13
1998-01-08,56.01
1998-01-09,29.11
1998-01-12,31.96
1998-01-13,43.67
1998-01-14,51.27
1998-01-15,44.3
1998-01-16,54.75
1998-01-20,66.14
1998-01-21,58.54
1998-01-22,46.84
1998-01-23,42.09
1998-01-26,41.77
1998-01-27,45.25
1998-01-28,52.85
1998-01-29,64.56
1998-01-30,56.47
1998-02-02,76.34
1998-02-03,77.92
1998-02-04,80.76
1998-02-05,79.5
1998-02-06,85.49
1998-02-09,81.07
1998-02-10,83.6
1998-02-11,83.6
1998-02-12,83.33
1998-02-13,81.45
1998-02-17,80.19
1998-02-18,83.65
1998-02-19,74.53
1998-02-20,75.16
1998-02-23,75.16
1998-02-24,66.35
1998-02-25,72.64
1998-02-26,74.21
1998-02-27,72.1
1998-03-02,69.59
1998-03-03,68.65
1998-03-04,64.58
1998-03-05,54.86
1998-03-06,69.91
1998-03-09,67.71
1998-03-10,72.73
1998-03-11,76.18
1998-03-12,76.18
1998-03-13,73.98
1998-03-16,76.49
1998-03-17,73.35
1998-03-18,77.12
1998-03-19,76.8
1998-03-20,76.18
1998-03-23,75.62
1998-03-24,75.62
1998-03-25,74.69
1998-03-26,70.94
1998-03-27,69.38
1998-03-30,65.62
1998-03-31,71.25
1998-04-01,76.25
1998-04-02,80.94
1998-04-03,79.69
1998-04-06,71.56
1998-04-07,60.94
1998-04-08,51.25
1998-04-09,58.44
1998-04-13,55.0
1998-04-14,62.19
1998-04-15,63.12
1998-04-16,56.56
1998-04-17,64.06
1998-04-20,59.38
1998-04-21,59.06
1998-04-22,59.69
1998-04-23,50.0
1998-04-24,40.31
1998-04-27,25.31
1998-04-28,25.94
1998-04-29,31.25
1998-04-30,48.44
1998-05-01,54.69
1998-05-04,55.62
1998-05-05,51.88
1998-05-06,46.25
1998-05-07,38.12
1998-05-08,50.31
1998-05-11,43.75
1998-05-12,44.69
1998-05-13,50.62
1998-05-14,45.94
1998-05-15,41.56
1998-05-18,33.75
1998-05-19,38.12
1998-05-20,46.56
1998-05-21,45.62
1998-05-22,37.81
1998-05-26,24.06
1998-05-27,20.62
1998-05-28,29.06
1998-05-29,32.19
1998-06-01,36.25
1998-06-02,38.12
1998-06-03,33.44
1998-06-04,39.38
1998-06-05,50.31
1998-06-08,53.44
1998-06-09,54.06
1998-06-10,47.81
1998-06-11,38.75
1998-06-12,37.81
1998-06-15,26.56
1998-06-16,34.06
1998-06-17,46.88
1998-06-18,45.0
1998-06-19,41.12
1998-06-22,45.48
1998-06-23,54.52
1998-06-24,58.26
1998-06-25,54.21
1998-06-26,57.63
1998-06-29,62.73
1998-06-30,60.25
1998-07-01,68.52
1998-07-02,66.98
1998-07-06,71.6
1998-07-07,68.83
1998-07-08,70.37
1998-07-09,65.12
1998-07-10,64.81
1998-07-13,59.26
1998-07-14,61.42
1998-07-15,62.04
1998-07-16,66.67
1998-07-17,65.43
1998-07-20,61.42
1998-07-21,48.46
1998-07-22,44.14
1998-07-23,29.32
1998-07-24,27.47
1998-07-27,27.78
1998-07-28,19.75
1998-07-29,20.06
1998-07-30,26.54
1998-07-31,17.9
1998-08-03,16.05
1998-08-04,5.86
1998-08-05,7.1
1998-08-06,14.51
1998-08-07,20.37
1998-08-10,20.37
1998-08-11,12.96
1998-08-12,26.54
1998-08-13,20.37
1998-08-14,19.44
1998-08-17,29.32
1998-08-18,43.38
1998-08-19,39.38
1998-08-20,40.92
1998-08-21,35.08
1998-08-24,37.23
1998-08-25,40.0
1998-08-26,32.31
1998-08-27,19.08
1998-08-28,14.15
1998-08-31,8.62
1998-09-01,11.08
1998-09-02,8.31
1998-09-03,8.62
1998-09-04,11.69
1998-09-08,30.77
1998-09-09,24.62
1998-09-10,20.92
1998-09-11,32.0
1998-09-14,43.69
1998-09-15,50.77
1998-09-16,56.92
1998-09-17,46.46
1998-09-18,55.69
1998-09-21,56.0
1998-09-22,66.15
1998-09-23,79.08
1998-09-24,73.93
1998-09-25,73.01
1998-09-28,74.23
1998-09-29,71.17
1998-09-30,57.06
1998-10-01,37.73
1998-10-02,44.48
1998-10-05,34.66
1998-10-06,32.82
1998-10-07,28.22
1998-10-08,23.01
1998-10-09,26.69
1998-10-12,34.36
1998-10-13,34.66
1998-10-14,41.41
1998-10-15,62.27
1998-10-16,66.56
1998-10-19,73.93
1998-10-20,75.15
1998-10-21,80.37
1998-10-22,79.45
1998-10-23,79.14
1998-10-26,79.45
1998-10-27,78.53
1998-10-28,77.91
1998-10-29,81.29
1998-10-30,84.66
1998-11-02,88.34
1998-11-03,88.96
1998-11-04,90.49
1998-11-05,91.72
1998-11-06,91.72
1998-11-09,87.42
1998-11-10,84.97
1998-11-11,74.85
1998-11-12,74.23
1998-11-13,73.31
1998-11-16,75.15
1998-11-17,71.47
1998-11-18,68.71
1998-11-19,69.94
1998-11-20,73.31
1998-11-23,80.37
1998-11-24,74.85
1998-11-25,73.31
1998-11-27,73.01
1998-11-30,54.29
1998-12-01,59.51
1998-12-02,56.44
1998-12-03,50.31
1998-12-04,60.12
1998-12-07,67.48
1998-12-08,58.28
1998-12-09,56.13
1998-12-10,44.17
1998-12-11,41.72
1998-12-14,26.69
1998-12-15,32.52
1998-12-16,35.28
1998-12-17,47.24
1998-12-18,48.16
1998-12-21,52.15
1998-12-22,53.07
1998-12-23,63.19
1998-12-24,65.03
1998-12-28,65.34
1998-12-29,69.63
1998-12-30,72.7
1998-12-31,79.14
1999-01-04,78.83
1999-01-05,81.6
1999-01-06,86.5
1999-01-07,80.37
1999-01-08,78.83
1999-01-11,70.55
1999-01-12,62.27
1999-01-13,53.99
1999-01-14,40.8
1999-01-15,54.6
1999-01-19,51.84
1999-01-20,46.63
1999-01-21,40.18
1999-01-22,37.0
1999-01-25,39.76
1999-01-26,42.51
1999-01-27,41.28
1999-01-28,46.18
1999-01-29,49.54
1999-02-01,47.09
1999-02-02,43.12
1999-02-03,48.32
1999-02-04,42.81
1999-02-05,43.73
1999-02-08,43.12
1999-02-09,33.03
1999-02-10,31.5
1999-02-11,45.26
1999-02-12,34.25
1999-02-16,40.67
1999-02-17,32.42
1999-02-18,39.14
1999-02-19,40.98
1999-02-22,55.96
1999-02-23,54.13
1999-02-24,49.24
1999-02-25,43.12
1999-02-26,39.76
1999-03-01,41.59
1999-03-02,42.81
1999-03-03,46.18
1999-03-04,56.27
1999-03-05,67.28
1999-03-08,64.53
1999-03-09,59.63
1999-03-10,60.55
1999-03-11,62.39
1999-03-12,65.75
1999-03-15,67.28
1999-03-16,66.06
1999-03-17,61.47
1999-03-18,61.77
1999-03-19,52.6
1999-03-22,49.54
1999-03-23,32.42
1999-03-24,40.37
1999-03-25,45.57
1999-03-26,39.76
1999-03-29,50.76
1999-03-30,43.43
1999-03-31,42.07
1999-04-01,42.68
1999-04-05,48.78
1999-04-06,42.99
1999-04-07,45.43
1999-04-08,49.7
1999-04-09,53.35
1999-04-12,58.54
1999-04-13,54.88
1999-04-14,62.2
1999-04-15,61.89
1999-04-16,65.24
1999-04-19,60.98
1999-04-20,65.55
1999-04-21,76.83
1999-04-22,77.44
1999-04-23,78.96
1999-04-26,75.91
1999-04-27,76.52
1999-04-28,75.61
1999-04-29,72.56
1999-04-30,69.82
1999-05-03,74.09
1999-05-04,69.3
1999-05-05,70.52
1999-05-06,67.17
1999-05-07,70.21
1999-05-10,65.35
1999-05-11,70.82
1999-05-12,70.52
1999-05-13,73.25
1999-05-14,56.23
1999-05-17,50.76
1999-05-18,45.9
1999-05-19,52.28
1999-05-20,54.41
1999-05-21,54.41
1999-05-24,44.38
1999-05-25,36.17
1999-05-26,37.39
1999-05-27,34.04
1999-05-28,38.3
1999-06-01,36.17
1999-06-02,38.91
1999-06-03,39.51
1999-06-04,56.67
1999-06-07,58.79
1999-06-08,52.12
1999-06-09,51.21
1999-06-10,45.76
1999-06-11,41.21
1999-06-14,44.24
1999-06-15,47.88
1999-06-16,60.12
1999-06-17,64.05
1999-06-18,64.35
1999-06-21,60.42
1999-06-22,53.17
1999-06-23,50.76
1999-06-24,38.97
1999-06-25,39.27
1999-06-28,50.45
1999-06-29,58.61
1999-06-30,63.14
1999-07-01,62.54
1999-07-02,64.65
1999-07-06,62.84
1999-07-07,59.82
1999-07-08,62.24
1999-07-09,65.86
1999-07-12,64.35
1999-07-13,55.59
1999-07-14,56.8
1999-07-15,62.84
1999-07-16,61.33
1999-07-19,60.12
1999-07-20,45.92
1999-07-21,50.76
1999-07-22,41.09
1999-07-23,35.35
1999-07-26,32.02
1999-07-27,38.37
1999-07-28,34.74
1999-07-29,24.7
1999-07-30,28.31
1999-08-02,30.12
1999-08-03,27.71
1999-08-04,20.78
1999-08-05,25.0
1999-08-06,21.08
1999-08-09,21.08
1999-08-10,18.98
1999-08-11,24.7
1999-08-12,24.1
1999-08-13,37.65
1999-08-16,41.57
1999-08-17,50.9
1999-08-18,46.69
1999-08-19,44.58
1999-08-20,55.12
1999-08-23,61.75
1999-08-24,59.64
1999-08-25,64.76
1999-08-26,58.73
1999-08-27,52.11
1999-08-30,41.57
1999-08-31,43.07
1999-09-01,49.1
1999-09-02,40.36
1999-09-03,61.75
1999-09-07,53.61
1999-09-08,51.2
1999-09-09,48.19
1999-09-10,48.49
1999-09-13,44.58
1999-09-14,39.46
1999-09-15,34.04
1999-09-16,30.12
1999-09-17,36.75
1999-09-20,33.73
1999-09-21,24.1
1999-09-22,27.41
1999-09-23,21.99
1999-09-24,20.18
1999-09-27,20.18
1999-09-28,18.98
1999-09-29,23.49
1999-09-30,31.02
1999-10-01,27.93
1999-10-04,41.14
1999-10-05,40.24
1999-10-06,48.35
1999-10-07,45.05
1999-10-08,51.65
1999-10-11,53.15
1999-10-12,39.94
1999-10-13,31.83
1999-10-14,35.14
1999-10-15,17.72
1999-10-18,20.72
1999-10-19,26.35
1999-10-20,36.23
1999-10-21,37.13
1999-10-22,44.91
1999-10-25,44.01
1999-10-26,39.22
1999-10-27,46.71
1999-10-28,60.18
1999-10-29,68.66
1999-11-01,68.36
1999-11-02,67.76
1999-11-03,69.55
1999-11-04,70.15
1999-11-05,73.43
1999-11-08,74.33
1999-11-09,70.15
1999-11-10,66.96
1999-11-11,68.45
1999-11-12,67.26
1999-11-15,68.15
1999-11-16,72.62
1999-11-17,69.05
1999-11-18,68.84
1999-11-19,65.88
1999-11-22,53.12
1999-11-23,46.15
1999-11-24,44.97
1999-11-26,42.6
1999-11-29,36.98
1999-11-30,38.46
1999-12-01,39.05
1999-12-02,42.31
1999-12-03,52.96
1999-12-06,44.67
1999-12-07,39.64
1999-12-08,39.05
1999-12-09,33.43
1999-12-10,34.62
1999-12-13,32.25
1999-12-14,30.47
1999-12-15,32.84
1999-12-16,34.91
1999-12-17,37.57
1999-12-20,40.53
1999-12-21,44.97
1999-12-22,44.08
1999-12-23,50.89
1999-12-27,54.73
1999-12-28,57.4
1999-12-29,63.31
1999-12-30,64.2
1999-12-31,68.93
2000-01-03,52.37
2000-01-04,37.87
2000-01-05,46.75
2000-01-06,50.59
2000-01-07,64.79
2000-01-10,67.46
2000-01-11,64.2
2000-01-12,60.36
2000-01-13,71.6
2000-01-14,68.93
2000-01-18,60.36
2000-01-19,59.17
2000-01-20,52.37
2000-01-21,48.82
2000-01-24,41.12
2000-01-25,38.76
2000-01-26,41.12
2000-01-27,38.76
2000-01-28,26.84
2000-01-31,32.74
2000-02-01,35.1
2000-02-02,37.46
2000-02-03,44.84
2000-02-04,39.23
2000-02-07,38.64
2000-02-08,41.89
2000-02-09,34.22
2000-02-10,34.22
2000-02-11,30.09
2000-02-14,29.79
2000-02-15,33.63
2000-02-16,32.45
2000-02-17,36.58
2000-02-18,29.5
2000-02-22,30.09
2000-02-23,31.56
2000-02-24,30.38
2000-02-25,25.07
2000-02-28,29.2
2000-02-29,36.28
2000-03-01,38.64
2000-03-02,38.94
2000-03-03,45.72
2000-03-06,38.94
2000-03-07,34.51
2000-03-08,37.46
2000-03-09,43.07
2000-03-10,42.18
2000-03-13,41.59
2000-03-14,35.1
2000-03-15,60.47
2000-03-16,80.24
2000-03-17,80.53
2000-03-20,78.76
2000-03-21,81.71
2000-03-22,81.71
2000-03-23,82.89
2000-03-24,81.42
2000-03-27,77.35
2000-03-28,71.76
2000-03-29,71.18
2000-03-30,71.47
2000-03-31,74.71
2000-04-03,72.65
2000-04-04,70.59
2000-04-05,70.97
2000-04-06,73.02
2000-04-07,72.43
2000-04-10,64.52
2000-04-11,65.69
2000-04-12,65.1
2000-04-13,62.76
2000-04-14,37.83
2000-04-17,39.59
2000-04-18,47.8
2000-04-19,43.7
2000-04-20,51.61
2000-04-24,53.96
2000-04-25,66.57
2000-04-26,62.46
2000-04-27,64.52
2000-04-28,62.76
2000-05-01,68.04
2000-05-02,62.57
2000-05-03,48.83
2000-05-04,56.73
2000-05-05,62.28
2000-05-08,61.99
2000-05-09,59.36
2000-05-10,55.26
2000-05-11,62.28
2000-05-12,64.04
2000-05-15,71.05
2000-05-16,76.02
2000-05-17,64.04
2000-05-18,61.11
2000-05-19,47.66
2000-05-22,47.95
2000-05-23,46.78
2000-05-24,51.17
2000-05-25,40.64
2000-05-26,40.64
2000-05-30,53.22
2000-05-31,52.34
2000-06-01,60.53
2000-06-02,64.62
2000-06-05,56.73
2000-06-06,55.56
2000-06-07,58.19
2000-06-08,53.22
2000-06-09,57.31
2000-06-12,51.17
2000-06-13,56.14
2000-06-14,56.43
2000-06-15,58.19
2000-06-16,52.19
2000-06-19,51.02
2000-06-20,44.61
2000-06-21,48.4
2000-06-22,40.52
2000-06-23,37.21
2000-06-26,42.73
2000-06-27,41.86
2000-06-28,47.67
2000-06-29,43.02
2000-06-30,41.86
2000-07-03,51.45
2000-07-05,51.74
2000-07-06,54.36
2000-07-07,59.59
2000-07-10,59.88
2000-07-11,65.7
2000-07-12,69.19
2000-07-13,68.31
2000-07-14,71.22
2000-07-17,70.06
2000-07-18,67.73
2000-07-19,59.88
2000-07-20,65.99
2000-07-21,56.1
2000-07-24,51.45
2000-07-25,53.2
2000-07-26,49.71
2000-07-27,49.13
2000-07-28,39.53
2000-07-31,45.64
2000-08-01,53.78
2000-08-02,55.81
2000-08-03,60.17
2000-08-04,60.76
2000-08-07,64.53
2000-08-08,63.95
2000-08-09,64.24
2000-08-10,62.5
2000-08-11,69.86
2000-08-14,73.33
2000-08-15,68.99
2000-08-16,64.93
2000-08-17,67.54
2000-08-18,66.38
2000-08-21,64.93
2000-08-22,64.35
2000-08-23,60.0
2000-08-24,58.26
2000-08-25,56.52
2000-08-28,53.91
2000-08-29,51.88
2000-08-30,53.62
2000-08-31,58.84
2000-09-01,57.68
2000-09-05,59.13
2000-09-06,61.74
2000-09-07,63.48
2000-09-08,58.55
2000-09-11,61.45
2000-09-12,59.13
2000-09-13,58.26
2000-09-14,57.68
2000-09-15,52.75
2000-09-18,37.97
2000-09-19,41.45
2000-09-20,37.1
2000-09-21,34.78
2000-09-22,39.71
2000-09-25,40.0
2000-09-26,40.29
2000-09-27,46.09
2000-09-28,55.94
2000-09-29,55.36
2000-10-02,50.43
2000-10-03,49.57
2000-10-04,46.67
2000-10-05,46.96
2000-10-06,42.2
2000-10-09,40.46
2000-10-10,43.35
2000-10-11,39.02
2000-10-12,30.92
2000-10-13,38.15
2000-10-16,42.49
2000-10-17,33.82
2000-10-18,31.79
2000-10-19,42.77
2000-10-20,44.51
2000-10-23,42.49
2000-10-24,46.53
2000-10-25,43.93
2000-10-26,46.53
2000-10-27,55.49
2000-10-30,67.05
2000-10-31,74.28
2000-11-01,76.59
2000-11-02,77.75
2000-11-03,73.7
2000-11-06,76.01
2000-11-07,75.43
2000-11-08,74.86
2000-11-09,67.63
2000-11-10,61.27
2000-11-13,56.65
2000-11-14,62.14
2000-11-15,67.34
2000-11-16,56.65
2000-11-17,58.38
2000-11-20,50.0
2000-11-21,52.31
2000-11-22,44.22
2000-11-24,51.16
2000-11-27,50.87
2000-11-28,45.38
2000-11-29,53.47
2000-11-30,46.82
2000-12-01,52.02
2000-12-04,51.73
2000-12-05,66.18
2000-12-06,59.25
2000-12-07,60.4
2000-12-08,69.45
2000-12-11,68.88
2000-12-12,69.16
2000-12-13,60.23
2000-12-14,48.99
2000-12-15,42.65
2000-12-18,57.06
2000-12-19,54.18
2000-12-20,45.53
2000-12-21,53.31
2000-12-22,59.37
2000-12-26,65.99
2000-12-27,71.76
2000-12-28,76.95
2000-12-29,74.64
2001-01-02,63.11
2001-01-03,67.15
2001-01-04,57.35
2001-01-05,50.14
2001-01-08,52.45
2001-01-09,53.31
2001-01-10,55.04
2001-01-11,53.03
2001-01-12,51.87
2001-01-16,54.6
2001-01-17,51.15
2001-01-18,47.99
2001-01-19,41.67
2001-01-22,42.82
2001-01-23,47.99
2001-01-24,50.57
2001-01-25,55.75
2001-01-26,52.59
2001-01-29,60.34
2001-01-30,71.63
2001-01-31,69.63
2001-02-01,70.49
2001-02-02,64.76
2001-02-05,66.48
2001-02-06,65.04
2001-02-07,64.18
2001-02-08,61.6
2001-02-09,53.87
2001-02-12,63.04
2001-02-13,60.46
2001-02-14,59.89
2001-02-15,59.31
2001-02-16,54.44
2001-02-20,46.13
2001-02-21,39.26
2001-02-22,36.96
2001-02-23,31.81
2001-02-26,47.56
2001-02-27,43.55
2001-02-28,40.97
2001-03-01,40.4
2001-03-02,46.42
2001-03-05,50.72
2001-03-06,53.87
2001-03-07,57.31
2001-03-08,60.17
2001-03-09,52.72
2001-03-12,34.1
2001-03-13,32.38
2001-03-14,21.2
2001-03-15,19.48
2001-03-16,13.47
2001-03-19,22.35
2001-03-20,18.62
2001-03-21,16.05
2001-03-22,12.61
2001-03-23,15.47
2001-03-26,23.21
2001-03-27,31.81
2001-03-28,24.64
2001-03-29,31.52
2001-03-30,46.99
2001-04-02,40.11
2001-04-03,25.79
2001-04-04,30.66
2001-04-05,54.73
2001-04-06,43.55
2001-04-09,57.31
2001-04-10,72.21
2001-04-11,65.04
2001-04-12,72.21
2001-04-16,70.49
2001-04-17,75.36
2001-04-18,85.39
2001-04-19,81.95
2001-04-20,76.79
2001-04-23,72.21
2001-04-24,69.91
2001-04-25,73.35
2001-04-26,79.94
2001-04-27,83.67
2001-04-30,82.81
2001-05-01,83.38
2001-05-02,79.66
2001-05-03,73.07
2001-05-04,80.8
2001-05-07,75.07
2001-05-08,71.35
2001-05-09,69.63
2001-05-10,70.49
2001-05-11,61.6
2001-05-14,61.89
2001-05-15,63.9
2001-05-16,80.8
2001-05-17,82.23
2001-05-18,81.09
2001-05-21,85.1
2001-05-22,83.95
2001-05-23,78.22
2001-05-24,76.79
2001-05-25,67.62
2001-05-29,63.32
2001-05-30,51.29
2001-05-31,59.03
2001-06-01,59.31
2001-06-04,63.9
2001-06-05,72.21
2001-06-06,60.74
2001-06-07,62.18
2001-06-08,54.73
2001-06-11,44.99
2001-06-12,45.71
2001-06-13,40.17
2001-06-14,29.06
2001-06-15,30.48
2001-06-18,27.35
2001-06-19,30.4
2001-06-20,40.23
2001-06-21,44.48
2001-06-22,37.68
2001-06-25,34.28
2001-06-26,36.83
2001-06-27,37.96
2001-06-28,49.58
2001-06-29,48.73
2001-07-02,55.81
2001-07-03,58.36
2001-07-05,54.96
2001-07-06,37.39
2001-07-09,43.34
2001-07-10,39.09
2001-07-11,39.38
2001-07-12,54.11
2001-07-13,57.22
2001-07-16,52.12
2001-07-17,57.51
2001-07-18,56.37
2001-07-19,58.47
2001-07-20,59.04
2001-07-23,51.13
2001-07-24,37.85
2001-07-25,46.48
2001-07-26,54.08
2001-07-27,55.77
2001-07-30,55.49
2001-07-31,61.97
2001-08-01,64.23
2001-08-02,63.48
2001-08-03,62.64
2001-08-06,54.21
2001-08-07,54.49
2001-08-08,37.92
2001-08-09,40.17
2001-08-10,46.91
2001-08-13,50.56
2001-08-14,53.09
2001-08-15,46.63
2001-08-16,53.93
2001-08-17,45.22
2001-08-20,52.25
2001-08-21,46.35
2001-08-22,50.56
2001-08-23,50.28
2001-08-24,64.89
2001-08-27,61.8
2001-08-28,48.88
2001-08-29,42.42
2001-08-30,34.55
2001-08-31,36.8
2001-09-04,41.57
2001-09-05,39.89
2001-09-06,29.21
2001-09-07,19.38
2001-09-10,19.66
2001-09-17,11.8
2001-09-18,12.64
2001-09-19,10.11
2001-09-20,8.43
2001-09-21,5.06
2001-09-24,8.43
2001-09-25,11.24
2001-09-26,13.76
2001-09-27,22.47
2001-09-28,32.3
2001-10-01,30.9
2001-10-02,39.04
2001-10-03,53.93
2001-10-04,57.3
2001-10-05,62.92
2001-10-08,57.02
2001-10-09,59.55
2001-10-10,75.0
2001-10-11,79.49
2001-10-12,78.09
2001-10-15,77.53
2001-10-16,80.9
2001-10-17,75.84
2001-10-18,67.13
2001-10-19,67.42
2001-10-22,71.91
2001-10-23,65.55
2001-10-24,62.18
2001-10-25,65.55
2001-10-26,67.79
2001-10-29,55.18
2001-10-30,42.46
2001-10-31,46.93
2001-11-01,56.42
2001-11-02,62.01
2001-11-05,70.11
2001-11-06,73.46
2001-11-07,73.18
2001-11-08,70.95
2001-11-09,69.27
2001-11-12,68.72
2001-11-13,76.54
2001-11-14,73.46
2001-11-15,72.07
2001-11-16,72.63
2001-11-19,75.7
2001-11-20,70.39
2001-11-21,67.04
2001-11-23,75.14
2001-11-26,78.49
2001-11-27,74.02
2001-11-28,61.73
2001-11-29,67.6
2001-11-30,64.8
2001-12-03,54.75
2001-12-04,72.35
2001-12-05,83.52
2001-12-06,82.12
2001-12-07,75.7
2001-12-10,65.36
2001-12-11,60.06
2001-12-12,55.31
2001-12-13,46.11
2001-12-14,51.67
2001-12-17,55.56
2001-12-18,65.28
2001-12-19,69.17
2001-12-20,60.0
2001-12-21,61.94
2001-12-24,63.89
2001-12-26,67.22
2001-12-27,71.94
2001-12-28,76.94
2001-12-31,71.39
2002-01-02,71.39
2002-01-03,75.0
2002-01-04,74.44
2002-01-07,68.33
2002-01-08,62.5
2002-01-09,63.06
2002-01-10,60.56
2002-01-11,51.39
2002-01-14,44.17
2002-01-15,50.56
2002-01-16,36.67
2002-01-17,41.67
2002-01-18,36.11
2002-01-22,36.11
2002-01-23,41.11
2002-01-24,46.11
2002-01-25,50.28
2002-01-28,51.11
2002-01-29,40.83
2002-01-30,48.06
2002-01-31,59.44
2002-02-01,58.61
2002-02-04,46.39
2002-02-05,49.44
2002-02-06,42.5
2002-02-07,36.67
2002-02-08,46.94
2002-02-11,57.78
2002-02-12,57.5
2002-02-13,69.17
2002-02-14,64.17
2002-02-15,60.28
2002-02-19,47.22
2002-02-20,56.39
2002-02-21,50.83
2002-02-22,59.44
2002-02-25,62.78
2002-02-26,65.83
2002-02-27,69.17
2002-02-28,65.0
2002-03-01,76.94
2002-03-04,84.17
2002-03-05,81.11
2002-03-06,85.0
2002-03-07,83.06
2002-03-08,81.39
2002-03-11,82.22
2002-03-12,80.56
2002-03-13,77.78
2002-03-14,79.17
2002-03-15,83.33
2002-03-18,82.22
2002-03-19,82.22
2002-03-20,73.61
2002-03-21,72.22
2002-03-22,64.72
2002-03-25,48.61
2002-03-26,55.56
2002-03-27,61.11
2002-03-28,61.39
2002-04-01,56.94
2002-04-02,51.39
2002-04-03,40.28
2002-04-04,42.78
2002-04-05,44.17
2002-04-08,51.67
2002-04-09,53.89
2002-04-10,64.72
2002-04-11,53.61
2002-04-12,60.28
2002-04-15,50.83
2002-04-16,69.72
2002-04-17,65.28
2002-04-18,62.5
2002-04-19,61.67
2002-04-22,49.17
2002-04-23,47.5
2002-04-24,41.94
2002-04-25,40.83
2002-04-26,35.56
2002-04-29,30.28
2002-04-30,45.83
2002-05-01,49.17
2002-05-02,49.72
2002-05-03,49.44
2002-05-06,39.72
2002-05-07,32.5
2002-05-08,51.11
2002-05-09,38.61
2002-05-10,29.44
2002-05-13,43.33
2002-05-14,58.33
2002-05-15,57.22
2002-05-16,60.83
2002-05-17,63.89
2002-05-20,55.0
2002-05-21,44.17
2002-05-22,48.61
2002-05-23,60.66
2002-05-24,49.03
2002-05-28,41.55
2002-05-29,36.29
2002-05-30,36.01
2002-05-31,40.44
2002-06-03,24.38
2002-06-04,21.88
2002-06-05,27.7
2002-06-06,20.5
2002-06-07,23.82
2002-06-10,27.7
2002-06-11,20.78
2002-06-12,24.38
2002-06-13,19.39
2002-06-14,18.28
2002-06-17,42.66
2002-06-18,47.65
2002-06-19,36.01
2002-06-20,33.8
2002-06-21,27.98
2002-06-24,25.21
2002-06-25,22.16
2002-06-26,21.33
2002-06-27,31.86
2002-06-28,38.23
2002-07-01,24.86
2002-07-02,14.64
2002-07-03,11.33
2002-07-05,33.15
2002-07-08,23.76
2002-07-09,15.47
2002-07-10,7.73
2002-07-11,8.29
2002-07-12,8.84
2002-07-15,9.94
2002-07-16,11.33
2002-07-17,14.09
2002-07-18,9.39
2002-07-19,7.18
2002-07-22,4.7
2002-07-23,2.76
2002-07-24,8.56
2002-07-25,12.71
2002-07-26,18.23
2002-07-29,50.83
2002-07-30,54.97
2002-07-31,58.56
2002-08-01,48.62
2002-08-02,35.64
2002-08-05,23.76
2002-08-06,45.03
2002-08-07,53.59
2002-08-08,69.34
2002-08-09,71.27
2002-08-12,71.55
2002-08-13,63.54
2002-08-14,75.97
2002-08-15,84.25
2002-08-16,87.02
2002-08-19,90.61
2002-08-20,85.36
2002-08-21,87.57
2002-08-22,88.67
2002-08-23,81.49
2002-08-26,86.46
2002-08-27,76.52
2002-08-28,62.43
2002-08-29,61.6
2002-08-30,57.46
2002-09-03,22.65
2002-09-04,35.91
2002-09-05,25.97
2002-09-06,39.5
2002-09-09,45.58
2002-09-10,48.9
2002-09-11,48.34
2002-09-12,32.6
2002-09-13,37.57
2002-09-16,36.74
2002-09-17,25.14
2002-09-18,25.14
2002-09-19,16.85
2002-09-20,20.99
2002-09-23,14.36
2002-09-24,10.22
2002-09-25,20.44
2002-09-26,40.06
2002-09-27,26.24
2002-09-30,22.65
2002-10-01,42.27
2002-10-02,27.9
2002-10-03,27.07
2002-10-04,17.13
2002-10-07,14.36
2002-10-08,17.4
2002-10-09,9.94
2002-10-10,21.27
2002-10-11,42.27
2002-10-14,47.51
2002-10-15,72.65
2002-10-16,59.12
2002-10-17,72.38
2002-10-18,75.69
2002-10-21,83.15
2002-10-22,74.86
2002-10-23,79.28
2002-10-24,75.69
2002-10-25,80.99
2002-10-28,75.76
2002-10-29,73.0
2002-10-30,74.93
2002-10-31,75.21
2002-11-01,79.89
2002-11-04,77.69
2002-11-05,78.24
2002-11-06,81.27
2002-11-07,68.32
2002-11-08,58.95
2002-11-11,39.39
2002-11-12,48.76
2002-11-13,45.73
2002-11-14,67.49
2002-11-15,72.73
2002-11-18,63.91
2002-11-19,60.06
2002-11-20,69.15
2002-11-21,75.76
2002-11-22,78.51
2002-11-25,76.58
2002-11-26,66.39
2002-11-27,77.69
2002-11-29,74.93
2002-12-02,76.86
2002-12-03,68.6
2002-12-04,66.94
2002-12-05,56.2
2002-12-06,59.89
2002-12-09,37.36
2002-12-10,50.27
2002-12-11,45.75
2002-12-12,42.19
2002-12-13,32.05
2002-12-16,49.32
2002-12-17,41.92
2002-12-18,32.05
2002-12-19,28.22
2002-12-20,42.47
2002-12-23,43.29
2002-12-24,39.73
2002-12-26,41.37
2002-12-27,27.12
2002-12-30,34.52
2002-12-31,39.45
2003-01-02,71.51
2003-01-03,69.59
2003-01-06,79.18
2003-01-07,76.44
2003-01-08,59.73
2003-01-09,73.7
2003-01-10,71.78
2003-01-13,67.4
2003-01-14,67.4
2003-01-15,58.08
2003-01-16,54.79
2003-01-17,40.0
2003-01-21,27.95
2003-01-22,22.19
2003-01-23,30.41
2003-01-24,15.07
2003-01-27,9.32
2003-01-28,14.25
2003-01-29,18.36
2003-01-30,13.42
2003-01-31,18.9
2003-02-03,20.27
2003-02-04,20.0
2003-02-05,17.81
2003-02-06,16.16
2003-02-07,14.52
2003-02-10,19.73
2003-02-11,16.71
2003-02-12,13.42
2003-02-13,13.42
2003-02-14,27.95
2003-02-18,52.88
2003-02-19,45.21
2003-02-20,44.38
2003-02-21,61.92
2003-02-24,42.19
2003-02-25,51.78
2003-02-26,39.45
2003-02-27,55.89
2003-02-28,58.9
2003-03-03,54.79
2003-03-04,41.92
2003-03-05,49.86
2003-03-06,43.29
2003-03-07,49.59
2003-03-10,27.67
2003-03-11,21.64
2003-03-12,23.01
2003-03-13,49.59
2003-03-14,50.96
2003-03-17,78.9
2003-03-18,84.38
2003-03-19,84.38
2003-03-20,85.75
2003-03-21,89.04
2003-03-24,80.82
2003-03-25,86.03
2003-03-26,81.64
2003-03-27,80.55
2003-03-28,76.16
2003-03-31,64.66
2003-04-01,72.33
2003-04-02,86.3
2003-04-03,80.82
2003-04-04,80.27
2003-04-07,80.27
2003-04-08,72.6
2003-04-09,58.9
2003-04-10,60.27
2003-04-11,52.33
2003-04-14,71.78
2003-04-15,75.34
2003-04-16,66.3
2003-04-17,78.36
2003-04-21,78.9
2003-04-22,83.84
2003-04-23,83.56
2003-04-24,82.19
2003-04-25,73.15
2003-04-28,82.47
2003-04-29,82.74
2003-04-30,81.64
2003-05-01,74.25
2003-05-02,85.48
2003-05-05,86.58
2003-05-06,88.77
2003-05-07,86.03
2003-05-08,78.63
2003-05-09,86.03
2003-05-12,91.23
2003-05-13,86.3
2003-05-14,83.84
2003-05-15,86.03
2003-05-16,80.55
2003-05-19,57.53
2003-05-20,57.26
2003-05-21,60.0
2003-05-22,68.49
2003-05-23,68.22
2003-05-27,82.19
2003-05-28,81.64
2003-05-29,74.52
2003-05-30,87.4
2003-06-02,87.95
2003-06-03,88.49
2003-06-04,92.33
2003-06-05,92.33
2003-06-06,89.86
2003-06-09,81.64
2003-06-10,87.67
2003-06-11,90.14
2003-06-12,90.96
2003-06-13,80.55
2003-06-16,88.49
2003-06-17,84.66
2003-06-18,81.92
2003-06-19,70.14
2003-06-20,64.11
2003-06-23,43.01
2003-06-24,43.29
2003-06-25,38.63
2003-06-26,47.95
2003-06-27,40.27
2003-06-30,37.26
2003-07-01,43.01
2003-07-02,60.55
2003-07-03,49.59
2003-07-07,70.96
2003-07-08,73.15
2003-07-09,69.32
2003-07-10,52.05
2003-07-11,63.84
2003-07-14,67.95
2003-07-15,63.84
2003-07-16,57.26
2003-07-17,42.47
2003-07-18,56.44
2003-07-21,41.92
2003-07-22,52.33
2003-07-23,50.96
2003-07-24,48.49
2003-07-25,59.18
2003-07-28,60.27
2003-07-29,55.62
2003-07-30,52.88
2003-07-31,55.62
2003-08-01,46.3
2003-08-04,44.93
2003-08-05,35.34
2003-08-06,36.44
2003-08-07,41.92
2003-08-08,47.67
2003-08-11,51.23
2003-08-12,65.75
2003-08-13,65.48
2003-08-14,71.23
2003-08-15,72.05
2003-08-18,76.99
2003-08-19,78.9
2003-08-20,78.63
2003-08-21,81.37
2003-08-22,69.86
2003-08-25,69.04
2003-08-26,69.32
2003-08-27,70.96
2003-08-28,79.45
2003-08-29,82.74
2003-09-02,90.41
2003-09-03,88.77
2003-09-04,87.67
2003-09-05,79.18
2003-09-08,84.66
2003-09-09,72.88
2003-09-10,55.34
2003-09-11,60.27
2003-09-12,60.27
2003-09-15,55.62
2003-09-16,73.42
2003-09-17,65.48
2003-09-18,75.62
2003-09-19,73.97
2003-09-22,58.9
2003-09-23,62.74
2003-09-24,42.19
2003-09-25,32.6
2003-09-26,26.58
2003-09-29,34.25
2003-09-30,30.41
2003-10-01,53.97
2003-10-02,58.36
2003-10-03,70.41
2003-10-06,75.34
2003-10-07,76.99
2003-10-08,74.52
2003-10-09,77.81
2003-10-10,75.89
2003-10-13,82.19
2003-10-14,83.29
2003-10-15,79.45
2003-10-16,83.84
2003-10-17,73.7
2003-10-20,75.07
2003-10-21,75.07
2003-10-22,55.62
2003-10-23,55.89
2003-10-24,52.6
2003-10-27,55.07
2003-10-28,66.3
2003-10-29,68.22
2003-10-30,65.75
2003-10-31,67.12
2003-11-03,74.52
2003-11-04,70.14
2003-11-05,67.12
2003-11-06,72.88
2003-11-07,69.86
2003-11-10,62.19
2003-11-11,59.18
2003-11-12,72.33
2003-11-13,73.15
2003-11-14,62.47
2003-11-17,53.7
2003-11-18,39.73
2003-11-19,44.11
2003-11-20,38.08
2003-11-21,34.79
2003-11-24,58.36
2003-11-25,68.22
2003-11-26,76.44
2003-11-28,76.16
2003-12-01,87.4
2003-12-02,83.88
2003-12-03,78.96
2003-12-04,80.05
2003-12-05,71.04
2003-12-08,76.23
2003-12-09,65.3
2003-12-10,59.02
2003-12-11,72.4
2003-12-12,73.77
2003-12-15,64.21
2003-12-16,65.85
2003-12-17,62.84
2003-12-18,72.68
2003-12-19,67.76
2003-12-22,69.4
2003-12-23,74.32
2003-12-24,72.95
2003-12-26,76.23
2003-12-29,87.16
2003-12-30,87.43
2003-12-31,84.15
2004-01-02,78.42
2004-01-05,86.07
2004-01-06,82.24
2004-01-07,81.42
2004-01-08,76.5
2004-01-09,68.31
2004-01-12,70.77
2004-01-13,66.39
2004-01-14,75.96
2004-01-15,72.95
2004-01-16,72.13
2004-01-20,72.13
2004-01-21,77.6
2004-01-22,75.14
2004-01-23,71.58
2004-01-26,75.96
2004-01-27,66.12
2004-01-28,52.73
2004-01-29,53.83
2004-01-30,52.46
2004-02-02,52.19
2004-02-03,52.46
2004-02-04,44.81
2004-02-05,47.68
2004-02-06,60.49
2004-02-09,58.58
2004-02-10,68.66
2004-02-11,76.57
2004-02-12,70.3
2004-02-13,65.12
2004-02-17,74.93
2004-02-18,70.3
2004-02-19,61.31
2004-02-20,54.5
2004-02-23,44.69
2004-02-24,46.87
2004-02-25,54.22
2004-02-26,58.04
2004-02-27,61.85
2004-03-01,71.39
2004-03-02,66.49
2004-03-03,66.21
2004-03-04,67.57
2004-03-05,71.39
2004-03-08,61.04
2004-03-09,52.32
2004-03-10,35.15
2004-03-11,20.44
2004-03-12,35.97
2004-03-15,21.25
2004-03-16,26.43
2004-03-17,49.59
2004-03-18,45.78
2004-03-19,34.88
2004-03-22,21.25
2004-03-23,20.71
2004-03-24,18.8
2004-03-25,39.78
2004-03-26,38.96
2004-03-29,59.13
2004-03-30,67.85
2004-03-31,71.12
2004-04-01,79.29
2004-04-02,85.56
2004-04-05,83.65
2004-04-06,82.83
2004-04-07,79.84
2004-04-08,76.57
2004-04-12,76.84
2004-04-13,61.04
2004-04-14,56.95
2004-04-15,52.86
2004-04-16,54.5
2004-04-19,55.86
2004-04-20,43.05
2004-04-21,45.78
2004-04-22,61.31
2004-04-23,55.04
2004-04-26,47.41
2004-04-27,52.04
2004-04-28,38.96
2004-04-29,30.79
2004-04-30,31.06
2004-05-03,40.05
2004-05-04,43.6
2004-05-05,45.23
2004-05-06,37.33
2004-05-07,20.71
2004-05-10,13.62
2004-05-11,17.44
2004-05-12,19.62
2004-05-13,20.98
2004-05-14,21.53
2004-05-17,14.71
2004-05-18,19.62
2004-05-19,18.26
2004-05-20,23.16
2004-05-21,30.52
2004-05-24,45.23
2004-05-25,74.93
2004-05-26,77.93
2004-05-27,81.47
2004-05-28,84.47
2004-06-01,86.1
2004-06-02,88.56
2004-06-03,79.84
2004-06-04,86.65
2004-06-07,94.01
2004-06-08,93.46
2004-06-09,84.47
2004-06-10,88.04
2004-06-14,70.11
2004-06-15,80.43
2004-06-16,75.0
2004-06-17,70.11
2004-06-18,67.66
2004-06-21,64.13
2004-06-22,65.22
2004-06-23,74.8
2004-06-24,71.27
2004-06-25,71.54
2004-06-28,66.4
2004-06-29,66.12
2004-06-30,73.71
2004-07-01,64.23
2004-07-02,59.62
2004-07-06,44.72
2004-07-07,48.24
2004-07-08,36.04
2004-07-09,41.73
2004-07-12,41.19
2004-07-13,39.46
2004-07-14,38.65
2004-07-15,38.11
2004-07-16,35.41
2004-07-19,36.76
2004-07-20,44.32
2004-07-21,28.65
2004-07-22,24.86
2004-07-23,18.11
2004-07-26,15.95
2004-07-27,24.86
2004-07-28,31.08
2004-07-29,45.41
2004-07-30,48.92
2004-08-02,56.76
2004-08-03,47.84
2004-08-04,51.08
2004-08-05,27.3
2004-08-06,18.38
2004-08-09,18.38
2004-08-10,33.51
2004-08-11,35.41
2004-08-12,27.57
2004-08-13,27.03
2004-08-16,45.55
2004-08-17,48.79
2004-08-18,70.89
2004-08-19,61.66
2004-08-20,73.99
2004-08-23,68.63
2004-08-24,71.05
2004-08-25,77.21
2004-08-26,76.68
2004-08-27,81.5
2004-08-30,74.53
2004-08-31,80.7
2004-09-01,82.31
2004-09-02,91.96
2004-09-03,87.4
2004-09-07,89.54
2004-09-08,82.57
2004-09-09,84.18
2004-09-10,84.18
2004-09-13,83.11
2004-09-14,78.82
2004-09-15,71.31
2004-09-16,80.97
2004-09-17,78.82
2004-09-20,68.36
2004-09-21,76.14
2004-09-22,55.23
2004-09-23,48.53
2004-09-24,52.01
2004-09-27,37.8
2004-09-28,47.45
2004-09-29,57.64
2004-09-30,61.66
2004-10-01,78.55
2004-10-04,82.57
2004-10-05,78.55
2004-10-06,83.38
2004-10-07,71.58
2004-10-08,60.59
2004-10-11,63.54
2004-10-12,59.25
2004-10-13,43.97
2004-10-14,35.92
2004-10-15,47.18
2004-10-18,50.67
2004-10-19,43.7
2004-10-20,45.31
2004-10-21,48.53
2004-10-22,41.02
2004-10-25,43.16
2004-10-26,57.1
2004-10-27,68.1
2004-10-28,67.83
2004-10-29,71.12
2004-11-01,75.67
2004-11-02,72.46
2004-11-03,85.29
2004-11-04,90.64
2004-11-05,89.04
2004-11-08,89.3
2004-11-09,89.3
2004-11-10,89.3
2004-11-11,92.25
2004-11-12,94.39
2004-11-15,91.98
2004-11-16,90.64
2004-11-17,87.97
2004-11-18,85.83
2004-11-19,74.13
2004-11-22,76.53
2004-11-23,75.73
2004-11-24,79.47
2004-11-26,78.4
2004-11-29,75.2
2004-11-30,64.8
2004-12-01,80.27
2004-12-02,76.53
2004-12-03,76.53
2004-12-06,72.27
2004-12-07,51.47
2004-12-08,56.53
2004-12-09,60.53
2004-12-10,59.73
2004-12-13,71.47
2004-12-14,76.0
2004-12-15,80.32
2004-12-16,72.07
2004-12-17,67.82
2004-12-20,65.43
2004-12-21,73.94
2004-12-22,75.53
2004-12-23,76.6
2004-12-27,66.49
2004-12-28,79.79
2004-12-29,79.26
2004-12-30,82.18
2004-12-31,80.32
2005-01-03,53.72
2005-01-04,27.93
2005-01-05,21.54
2005-01-06,25.8
2005-01-07,20.74
2005-01-10,27.93
2005-01-11,22.34
2005-01-12,26.06
2005-01-13,20.48
2005-01-14,31.91
2005-01-18,48.94
2005-01-19,39.36
2005-01-20,30.05
2005-01-21,25.27
2005-01-24,23.94
2005-01-25,23.94
2005-01-26,38.3
2005-01-27,43.09
2005-01-28,40.43
2005-01-31,55.05
2005-02-01,64.1
2005-02-02,68.88
2005-02-03,65.69
2005-02-04,77.39
2005-02-07,75.53
2005-02-08,76.86
2005-02-09,62.5
2005-02-10,67.02
2005-02-11,74.2
2005-02-14,76.06
2005-02-15,78.99
2005-02-16,78.46
2005-02-17,69.68
2005-02-18,64.1
2005-02-22,37.77
2005-02-23,40.69
2005-02-24,50.27
2005-02-25,64.89
2005-02-28,56.65
2005-03-01,67.82
2005-03-02,63.83
2005-03-03,64.89
2005-03-04,76.6
2005-03-07,78.99
2005-03-08,70.74
2005-03-09,52.39
2005-03-10,53.72
2005-03-11,46.54
2005-03-14,55.59
2005-03-15,49.47
2005-03-16,32.18
2005-03-17,40.16
2005-03-18,36.97
2005-03-21,32.45
2005-03-22,20.48
2005-03-23,18.35
2005-03-24,20.21
2005-03-28,20.74
2005-03-29,15.69
2005-03-30,30.32
2005-03-31,32.98
2005-04-01,28.19
2005-04-04,34.84
2005-04-05,44.41
2005-04-06,45.48
2005-04-07,56.12
2005-04-08,42.82
2005-04-11,45.21
2005-04-12,58.51
2005-04-13,41.76
2005-04-14,30.24
2005-04-15,18.57
2005-04-18,20.69
2005-04-19,29.71
2005-04-20,18.3
2005-04-21,36.6
2005-04-22,32.1
2005-04-25,43.5
2005-04-26,36.07
2005-04-27,40.85
2005-04-28,31.03
2005-04-29,43.24
2005-05-02,51.46
2005-05-03,51.19
2005-05-04,65.78
2005-05-05,65.52
2005-05-06,67.9
2005-05-09,72.94
2005-05-10,66.05
2005-05-11,71.88
2005-05-12,58.89
2005-05-13,49.6
2005-05-16,64.46
2005-05-17,70.82
2005-05-18,82.23
2005-05-19,85.41
2005-05-20,82.76
2005-05-23,86.47
2005-05-24,84.88
2005-05-25,75.33
2005-05-26,79.84
2005-05-27,79.84
2005-05-31,73.74
2005-06-01,84.08
2005-06-02,81.96
2005-06-03,72.41
2005-06-06,74.27
2005-06-07,73.21
2005-06-08,67.9
2005-06-09,67.9
2005-06-10,64.99
2005-06-13,66.58
2005-06-14,67.11
2005-06-15,70.03
2005-06-16,77.98
2005-06-17,78.51
2005-06-20,74.8
2005-06-21,72.41
2005-06-22,73.47
2005-06-23,53.32
2005-06-24,42.44
2005-06-27,40.58
2005-06-28,58.73
2005-06-29,55.82
2005-06-30,49.74
2005-07-01,54.76
2005-07-05,63.49
2005-07-06,55.29
2005-07-07,56.61
2005-07-08,73.61
2005-07-11,80.47
2005-07-12,79.95
2005-07-13,78.89
2005-07-14,79.95
2005-07-15,80.47
2005-07-18,75.46
2005-07-19,81.79
2005-07-20,83.91
2005-07-21,72.89
2005-07-22,75.79
2005-07-25,71.32
2005-07-26,74.21
2005-07-27,74.21
2005-07-28,82.37
2005-07-29,72.63
2005-08-01,71.05
2005-08-02,78.95
2005-08-03,74.74
2005-08-04,57.11
2005-08-05,40.79
2005-08-08,35.79
2005-08-09,40.26
2005-08-10,39.47
2005-08-11,46.98
2005-08-12,38.85
2005-08-15,44.62
2005-08-16,29.13
2005-08-17,30.45
2005-08-18,26.51
2005-08-19,29.4
2005-08-22,36.22
2005-08-23,30.45
2005-08-24,27.82
2005-08-25,33.86
2005-08-26,26.25
2005-08-29,36.48
2005-08-30,34.65
2005-08-31,55.64
2005-09-01,59.06
2005-09-02,55.64
2005-09-06,70.87
2005-09-07,74.54
2005-09-08,67.72
2005-09-09,73.49
2005-09-12,76.9
2005-09-13,69.29
2005-09-14,60.63
2005-09-15,60.21
2005-09-16,67.28
2005-09-19,55.76
2005-09-20,44.76
2005-09-21,30.89
2005-09-22,33.51
2005-09-23,38.22
2005-09-26,37.96
2005-09-27,41.62
2005-09-28,39.53
2005-09-29,53.66
2005-09-30,60.73
2005-10-03,62.83
2005-10-04,50.79
2005-10-05,31.68
2005-10-06,28.01
2005-10-07,32.72
2005-10-10,27.75
2005-10-11,22.51
2005-10-12,16.75
2005-10-13,17.8
2005-10-14,30.1
2005-10-17,32.46
2005-10-18,26.44
2005-10-19,43.72
2005-10-20,32.46
2005-10-21,37.7
2005-10-24,60.73
2005-10-25,55.76
2005-10-26,48.17
2005-10-27,37.17
2005-10-28,56.54
2005-10-31,68.06
2005-11-01,65.18
2005-11-02,74.08
2005-11-03,76.44
2005-11-04,74.35
2005-11-07,76.44
2005-11-08,74.35
2005-11-09,77.75
2005-11-10,82.46
2005-11-11,83.51
2005-11-14,79.84
2005-11-15,77.75
2005-11-16,77.28
2005-11-17,85.38
2005-11-18,85.9
2005-11-21,86.95
2005-11-22,87.21
2005-11-23,90.6
2005-11-25,90.34
2005-11-28,81.98
2005-11-29,81.46
2005-11-30,75.72
2005-12-01,83.81
2005-12-02,84.07
2005-12-05,76.56
2005-12-06,73.96
2005-12-07,59.38
2005-12-08,54.95
2005-12-09,60.94
2005-12-12,58.85
2005-12-13,66.41
2005-12-14,70.57
2005-12-15,62.76
2005-12-16,59.38
2005-12-19,42.71
2005-12-20,41.67
2005-12-21,48.83
2005-12-22,55.06
2005-12-23,57.4
2005-12-27,42.08
2005-12-28,47.27
2005-12-29,42.6
2005-12-30,32.21
2006-01-03,62.86
2006-01-04,70.91
2006-01-05,68.83
2006-01-06,81.3
2006-01-09,82.08
2006-01-10,81.04
2006-01-11,78.7
2006-01-12,72.99
2006-01-13,71.17
2006-01-17,63.38
2006-01-18,64.94
2006-01-19,68.83
2006-01-20,49.35
2006-01-23,49.61
2006-01-24,57.66
2006-01-25,55.32
2006-01-26,62.69
2006-01-27,66.32
2006-01-30,66.06
2006-01-31,61.14
2006-02-01,62.18
2006-02-02,52.85
2006-02-03,46.63
2006-02-06,47.55
2006-02-07,40.83
2006-02-08,47.8
2006-02-09,46.51
2006-02-10,51.16
2006-02-13,47.03
2006-02-14,62.02
2006-02-15,67.96
2006-02-16,76.23
2006-02-17,73.64
2006-02-21,66.93
2006-02-22,77.0
2006-02-23,72.35
2006-02-24,76.23
2006-02-27,78.81
2006-02-28,65.37
2006-03-01,75.19
2006-03-02,73.64
2006-03-03,67.44
2006-03-06,56.07
2006-03-07,50.39
2006-03-08,47.29
2006-03-09,42.89
2006-03-10,52.2
2006-03-13,52.97
2006-03-14,66.41
2006-03-15,70.88
2006-03-16,73.97
2006-03-17,73.97
2006-03-20,72.42
2006-03-21,59.28
2006-03-22,68.04
2006-03-23,66.75
2006-03-24,68.04
2006-03-27,67.53
2006-03-28,58.51
2006-03-29,70.88
2006-03-30,63.66
2006-03-31,61.34
2006-04-03,58.76
2006-04-04,62.63
2006-04-05,63.92
2006-04-06,55.93
2006-04-07,45.88
2006-04-10,42.01
2006-04-11,33.25
2006-04-12,36.34
2006-04-13,36.6
2006-04-17,33.76
2006-04-18,59.02
2006-04-19,59.28
2006-04-20,65.72
2006-04-21,62.11
2006-04-24,60.82
2006-04-25,51.03
2006-04-26,51.29
2006-04-27,57.22
2006-04-28,56.19
2006-05-01,50.52
2006-05-02,57.99
2006-05-03,55.67
2006-05-04,63.4
2006-05-05,74.48
2006-05-08,73.45
2006-05-09,71.13
2006-05-10,65.72
2006-05-11,48.97
2006-05-12,30.67
2006-05-15,34.02
2006-05-16,32.47
2006-05-17,17.53
2006-05-18,14.43
2006-05-19,15.98
2006-05-22,16.75
2006-05-23,9.79
2006-05-24,12.63
2006-05-25,21.34
2006-05-26,30.08
2006-05-30,18.51
2006-05-31,28.53
2006-06-01,48.59
2006-06-02,53.21
2006-06-05,29.05
2006-06-06,31.88
2006-06-07,31.88
2006-06-08,35.22
2006-06-09,30.59
2006-06-12,21.34
2006-06-13,15.42
2006-06-14,16.2
2006-06-15,42.93
2006-06-16,40.87
2006-06-19,27.51
2006-06-20,27.25
2006-06-21,42.67
2006-06-22,34.7
2006-06-23,38.05
2006-06-26,49.87
2006-06-27,35.99
2006-06-28,43.96
2006-06-29,77.12
2006-06-30,76.86
2006-07-03,83.8
2006-07-05,71.47
2006-07-06,75.06
2006-07-07,65.81
2006-07-10,66.32
2006-07-11,65.04
2006-07-12,51.93
2006-07-13,33.16
2006-07-14,26.74
2006-07-17,25.96
2006-07-18,28.28
2006-07-19,51.67
2006-07-20,39.33
2006-07-21,31.62
2006-07-24,46.79
2006-07-25,56.81
2006-07-26,54.76
2006-07-27,51.41
2006-07-28,64.01
2006-07-31,61.18
2006-08-01,56.3
2006-08-02,64.01
2006-08-03,67.61
2006-08-04,66.07
2006-08-07,62.21
2006-08-08,58.35
2006-08-09,52.19
2006-08-10,57.58
2006-08-11,48.33
2006-08-14,52.19
2006-08-15,70.95
2006-08-16,81.23
2006-08-17,82.26
2006-08-18,82.26
2006-08-21,74.04
2006-08-22,76.09
2006-08-23,64.27
2006-08-24,62.21
2006-08-25,60.41
2006-08-28,73.01
2006-08-29,73.78
2006-08-30,72.75
2006-08-31,78.41
2006-09-01,82.26
2006-09-05,81.23
2006-09-06,64.27
2006-09-07,52.7
2006-09-08,59.9
2006-09-11,60.93
2006-09-12,74.81
2006-09-13,77.63
2006-09-14,75.06
2006-09-15,74.55
2006-09-18,73.26
2006-09-19,71.98
2006-09-20,76.09
2006-09-21,64.78
2006-09-22,59.38
2006-09-25,72.75
2006-09-26,76.86
2006-09-27,78.15
2006-09-28,78.66
2006-09-29,71.98
2006-10-02,67.35
2006-10-03,67.87
2006-10-04,81.23
2006-10-05,83.55
2006-10-06,78.15
2006-10-09,81.23
2006-10-10,80.46
2006-10-11,76.35
2006-10-12,85.09
2006-10-13,82.01
2006-10-16,84.58
2006-10-17,79.23
2006-10-18,81.28
2006-10-19,76.41
2006-10-20,71.79
2006-10-23,76.15
2006-10-24,73.59
2006-10-25,73.85
2006-10-26,80.77
2006-10-27,67.69
2006-10-30,68.97
2006-10-31,66.15
2006-11-01,50.0
2006-11-02,47.44
2006-11-03,43.33
2006-11-06,59.49
2006-11-07,61.54
2006-11-08,64.36
2006-11-09,53.33
2006-11-10,62.05
2006-11-13,65.9
2006-11-14,73.33
2006-11-15,77.18
2006-11-16,81.79
2006-11-17,79.28
2006-11-20,78.01
2006-11-21,78.01
2006-11-22,80.05
2006-11-24,76.47
2006-11-27,53.45
2006-11-28,55.5
2006-11-29,67.52
2006-11-30,67.26
2006-12-01,58.57
2006-12-04,76.21
2006-12-05,76.98
2006-12-06,74.94
2006-12-07,68.29
2006-12-08,67.77
2006-12-11,66.75
2006-12-12,61.13
2006-12-13,58.06
2006-12-14,69.05
2006-12-15,65.98
2006-12-18,56.01
2006-12-19,55.75
2006-12-20,55.24
2006-12-21,49.62
2006-12-22,43.99
2006-12-26,49.36
2006-12-27,61.13
2006-12-28,56.01
2006-12-29,44.76
2007-01-03,48.08
2007-01-04,51.15
2007-01-05,36.32
2007-01-08,42.46
2007-01-09,45.01
2007-01-10,50.38
2007-01-11,62.66
2007-01-12,67.01
2007-01-16,68.03
2007-01-17,68.03
2007-01-18,59.08
2007-01-19,65.47
2007-01-22,57.8
2007-01-23,61.89
2007-01-24,70.33
2007-01-25,57.03
2007-01-26,56.78
2007-01-29,57.54
2007-01-30,63.43
2007-01-31,71.36
2007-02-01,77.49
2007-02-02,81.59
2007-02-05,79.28
2007-02-06,79.03
2007-02-07,80.56
2007-02-08,79.03
2007-02-09,70.08
2007-02-12,63.94
2007-02-13,70.08
2007-02-14,75.45
2007-02-15,76.73
2007-02-16,75.19
2007-02-20,79.28
2007-02-21,76.47
2007-02-22,75.45
2007-02-23,66.5
2007-02-26,61.13
2007-02-27,17.65
2007-02-28,18.41
2007-03-01,15.35
2007-03-02,8.18
2007-03-05,5.12
2007-03-06,10.49
2007-03-07,11.51
2007-03-08,18.16
2007-03-09,21.99
2007-03-12,29.92
2007-03-13,12.28
2007-03-14,18.41
2007-03-15,24.81
2007-03-16,22.25
2007-03-19,38.11
2007-03-20,57.8
2007-03-21,82.35
2007-03-22,82.91
2007-03-23,84.95
2007-03-26,84.44
2007-03-27,74.49
2007-03-28,64.54
2007-03-29,66.92
2007-03-30,66.92
2007-04-02,67.43
2007-04-03,78.63
2007-04-04,76.84
2007-04-05,78.88
2007-04-09,76.59
2007-04-10,80.41
2007-04-11,66.16
2007-04-12,70.48
2007-04-13,72.77
2007-04-16,83.72
2007-04-17,85.5
2007-04-18,80.92
2007-04-19,73.1
2007-04-20,82.23
2007-04-23,83.5
2007-04-24,75.89
2007-04-25,81.47
2007-04-26,77.41
2007-04-27,75.63
2007-04-30,56.35
2007-05-01,57.11
2007-05-02,65.99
2007-05-03,70.38
2007-05-04,69.44
2007-05-07,70.71
2007-05-08,65.91
2007-05-09,69.7
2007-05-10,47.98
2007-05-11,59.34
2007-05-14,54.29
2007-05-15,50.38
2007-05-16,60.2
2007-05-17,54.66
2007-05-18,64.48
2007-05-21,68.77
2007-05-22,70.03
2007-05-23,63.73
2007-05-24,46.35
2007-05-25,54.66
2007-05-29,58.94
2007-05-30,67.0
2007-05-31,70.53
2007-06-01,75.82
2007-06-04,77.58
2007-06-05,66.5
2007-06-06,51.64
2007-06-07,24.69
2007-06-08,40.81
2007-06-11,40.81
2007-06-12,27.71
2007-06-13,47.61
2007-06-14,51.51
2007-06-15,55.53
2007-06-18,55.53
2007-06-19,55.78
2007-06-20,38.69
2007-06-21,46.73
2007-06-22,31.33
2007-06-25,28.82
2007-06-26,27.32
2007-06-27,38.85
2007-06-28,38.35
2007-06-29,38.85
2007-07-02,59.15
2007-07-03,65.41
2007-07-05,65.66
2007-07-06,70.18
2007-07-09,68.42
2007-07-10,46.37
2007-07-11,53.88
2007-07-12,76.19
2007-07-13,80.2
2007-07-16,76.44
2007-07-17,72.68
2007-07-18,67.67
2007-07-19,70.93
2007-07-20,53.63
2007-07-23,53.38
2007-07-24,33.58
2007-07-25,33.83
2007-07-26,18.8
2007-07-27,12.25
2007-07-30,17.25
2007-07-31,11.75
2007-08-01,15.75
2007-08-02,24.25
2007-08-03,11.0
2007-08-06,27.5
2007-08-07,34.5
2007-08-08,48.75
2007-08-09,32.25
2007-08-10,30.75
2007-08-13,28.5
2007-08-14,17.5
2007-08-15,12.0
2007-08-16,16.75
2007-08-17,34.75
2007-08-20,38.75
2007-08-21,43.5
2007-08-22,66.75
2007-08-23,59.25
2007-08-24,72.5
2007-08-27,61.0
2007-08-28,27.5
2007-08-29,63.25
2007-08-30,55.75
2007-08-31,69.0
2007-09-04,82.0
2007-09-05,66.25
2007-09-06,75.5
2007-09-07,48.0
2007-09-10,43.5
2007-09-11,61.5
2007-09-12,58.5
2007-09-13,65.0
2007-09-14,61.25
2007-09-17,54.0
2007-09-18,85.5
2007-09-19,86.75
2007-09-20,81.25
2007-09-21,81.75
2007-09-24,76.25
2007-09-25,73.75
2007-09-26,76.25
2007-09-27,79.75
2007-09-28,75.75
2007-10-01,84.25
2007-10-02,84.75
2007-10-03,82.0
2007-10-04,80.0
2007-10-05,87.25
2007-10-08,83.0
2007-10-09,87.75
2007-10-10,84.0
2007-10-11,75.5
2007-10-12,77.5
2007-10-15,61.0
2007-10-16,49.5
2007-10-17,51.5
2007-10-18,52.75
2007-10-19,24.5
2007-10-22,28.75
2007-10-23,38.5
2007-10-24,38.0
2007-10-25,39.9
2007-10-26,46.88
2007-10-29,50.37
2007-10-30,48.38
2007-10-31,62.34
2007-11-01,32.17
2007-11-02,37.41
2007-11-05,32.92
2007-11-06,42.14
2007-11-07,27.43
2007-11-08,29.93
2007-11-09,22.44
2007-11-12,19.2
2007-11-13,38.65
2007-11-14,33.17
2007-11-15,26.62
2007-11-16,29.35
2007-11-19,18.66
2007-11-20,22.39
2007-11-21,15.17
2007-11-23,23.13
2007-11-26,13.68
2007-11-27,23.13
2007-11-28,59.45
2007-11-29,57.46
2007-11-30,67.66
2007-12-03,62.94
2007-12-04,56.47
2007-12-05,77.11
2007-12-06,88.81
2007-12-07,87.31
2007-12-10,90.55
2007-12-11,65.17
2007-12-12,67.91
2007-12-13,68.16
2007-12-14,52.74
2007-12-17,32.34
2007-12-18,42.04
2007-12-19,38.06
2007-12-20,42.79
2007-12-21,59.95
2007-12-24,68.16
2007-12-26,63.68
2007-12-27,43.53
2007-12-28,44.53
2007-12-31,37.56
2008-01-02,19.85
2008-01-03,18.11
2008-01-04,8.68
2008-01-07,14.89
2008-01-08,12.66
2008-01-09,19.35
2008-01-10,24.81
2008-01-11,20.1
2008-01-14,25.06
2008-01-15,14.89
2008-01-16,17.62
2008-01-17,9.43
2008-01-18,8.44
2008-01-22,8.68
2008-01-23,25.06
2008-01-24,29.53
2008-01-25,27.05
2008-01-28,37.22
2008-01-29,44.67
2008-01-30,42.18
2008-01-31,54.59
2008-02-01,68.49
2008-02-04,67.99
2008-02-05,44.67
2008-02-06,37.47
2008-02-07,46.65
2008-02-08,42.43
2008-02-11,46.65
2008-02-12,58.56
2008-02-13,70.47
2008-02-14,54.09
2008-02-15,53.1
2008-02-19,47.64
2008-02-20,54.09
2008-02-21,41.69
2008-02-22,48.39
2008-02-25,64.52
2008-02-26,69.48
2008-02-27,65.76
2008-02-28,52.61
2008-02-29,25.06
2008-03-03,32.01
2008-03-04,29.28
2008-03-05,36.97
2008-03-06,18.61
2008-03-07,13.4
2008-03-10,8.44
2008-03-11,30.77
2008-03-12,27.54
2008-03-13,34.99
2008-03-14,19.6
2008-03-17,17.33
2008-03-18,46.53
2008-03-19,30.62
2008-03-20,50.12
2008-03-24,67.9
2008-03-25,73.09
2008-03-26,69.14
2008-03-27,61.98
2008-03-28,50.86
2008-03-31,61.23
2008-04-01,88.15
2008-04-02,88.64
2008-04-03,89.14
2008-04-04,88.4
2008-04-07,87.16
2008-04-08,82.72
2008-04-09,70.62
2008-04-10,76.05
2008-04-11,49.88
2008-04-14,44.69
2008-04-15,48.4
2008-04-16,70.62
2008-04-17,68.89
2008-04-18,78.52
2008-04-21,73.09
2008-04-22,60.0
2008-04-23,67.0
2008-04-24,72.41
2008-04-25,74.63
2008-04-28,75.37
2008-04-29,73.4
2008-04-30,66.26
2008-05-01,78.82
2008-05-02,77.09
2008-05-05,77.09
2008-05-06,79.56
2008-05-07,62.9
2008-05-08,61.92
2008-05-09,56.02
2008-05-12,71.74
2008-05-13,64.62
2008-05-14,71.74
2008-05-15,79.12
2008-05-16,75.18
2008-05-19,72.48
2008-05-20,60.69
2008-05-21,41.28
2008-05-22,44.72
2008-05-23,30.96
2008-05-27,41.77
2008-05-28,47.67
2008-05-29,57.25
2008-05-30,60.44
2008-06-02,44.96
2008-06-03,43.24
2008-06-04,48.16
2008-06-05,65.6
2008-06-06,32.19
2008-06-09,30.47
2008-06-10,28.75
2008-06-11,14.25
2008-06-12,19.66
2008-06-13,37.35
2008-06-16,38.57
2008-06-17,33.09
2008-06-18,28.92
2008-06-19,38.24
2008-06-20,23.28
2008-06-23,19.61
2008-06-24,15.2
2008-06-25,22.55
2008-06-26,8.09
2008-06-27,10.54
2008-06-30,13.24
2008-07-01,15.69
2008-07-02,10.54
2008-07-03,10.29
2008-07-07,9.07
2008-07-08,25.49
2008-07-09,16.67
2008-07-10,20.34
2008-07-11,15.2
2008-07-14,13.73
2008-07-15,15.44
2008-07-16,36.27
2008-07-17,52.94
2008-07-18,51.96
2008-07-21,50.0
2008-07-22,67.89
2008-07-23,71.32
2008-07-24,55.64
2008-07-25,58.33
2008-07-28,44.12
2008-07-29,65.2
2008-07-30,71.81
2008-07-31,63.24
2008-08-01,60.78
2008-08-04,55.88
2008-08-05,71.32
2008-08-06,73.28
2008-08-07,64.22
2008-08-08,77.21
2008-08-11,81.37
2008-08-12,76.23
2008-08-13,71.08
2008-08-14,75.74
2008-08-15,78.43
2008-08-18,64.71
2008-08-19,50.98
2008-08-20,51.96
2008-08-21,49.51
2008-08-22,70.59
2008-08-25,36.52
2008-08-26,40.69
2008-08-27,52.94
2008-08-28,71.32
2008-08-29,54.9
2008-09-02,52.7
2008-09-03,50.0
2008-09-04,24.51
2008-09-05,27.21
2008-09-08,49.26
2008-09-09,33.09
2008-09-10,34.31
2008-09-11,43.63
2008-09-12,45.59
2008-09-15,23.77
2008-09-16,36.03
2008-09-17,13.97
2008-09-18,36.52
2008-09-19,53.92
2008-09-22,26.72
2008-09-23,21.08
2008-09-24,19.61
2008-09-25,30.39
2008-09-26,35.29
2008-09-29,5.88
2008-09-30,18.63
2008-10-01,20.1
2008-10-02,11.76
2008-10-03,7.11
2008-10-06,3.92
2008-10-07,1.23
2008-10-08,0.74
2008-10-09,0.0
2008-10-10,0.74
2008-10-13,3.19
2008-10-14,3.43
2008-10-15,0.0
2008-10-16,2.21
2008-10-17,2.21
2008-10-20,12.01
2008-10-21,6.62
2008-10-22,3.19
2008-10-23,4.66
2008-10-24,3.68
2008-10-27,2.94
2008-10-28,24.26
2008-10-29,22.55
2008-10-30,46.32
2008-10-31,65.69
2008-11-03,67.65
2008-11-04,81.62
2008-11-05,59.56
2008-11-06,23.04
2008-11-07,40.69
2008-11-10,31.62
2008-11-11,25.49
2008-11-12,9.07
2008-11-13,37.5
2008-11-14,20.59
2008-11-17,15.93
2008-11-18,19.61
2008-11-19,5.88
2008-11-20,0.74
2008-11-21,7.35
2008-11-24,22.55
2008-11-25,26.96
2008-11-26,48.77
2008-11-28,57.84
2008-12-01,10.29
2008-12-02,30.39
2008-12-03,52.94
2008-12-04,37.5
2008-12-05,66.67
2008-12-08,82.84
2008-12-09,75.49
2008-12-10,80.39
2008-12-11,64.71
2008-12-12,73.53
2008-12-15,63.97
2008-12-16,85.05
2008-12-17,81.86
2008-12-18,74.75
2008-12-19,70.59
2008-12-22,59.8
2008-12-23,51.23
2008-12-24,50.98
2008-12-26,58.33
2008-12-29,50.25
2008-12-30,68.14
2008-12-31,82.84
2009-01-02,90.93
2009-01-05,88.73
2009-01-06,88.24
2009-01-07,76.47
2009-01-08,75.49
2009-01-09,57.6
2009-01-12,36.76
2009-01-13,35.29
2009-01-14,17.16
2009-01-15,25.49
2009-01-16,35.54
2009-01-20,12.01
2009-01-21,26.96
2009-01-22,22.55
2009-01-23,24.26
2009-01-26,33.33
2009-01-27,38.24
2009-01-28,61.03
2009-01-29,38.24
2009-01-30,24.75
2009-02-02,28.92
2009-02-03,40.69
2009-02-04,44.85
2009-02-05,57.11
2009-02-06,70.83
2009-02-09,72.79
2009-02-10,40.44
2009-02-11,45.59
2009-02-12,46.81
2009-02-13,42.65
2009-02-17,19.61
2009-02-18,16.18
2009-02-19,14.71
2009-02-20,12.75
2009-02-23,6.62
2009-02-24,15.2
2009-02-25,12.01
2009-02-26,12.01
2009-02-27,12.01
2009-03-02,3.92
2009-03-03,3.68
2009-03-04,9.07
2009-03-05,4.9
2009-03-06,6.86
2009-03-09,6.62
2009-03-10,24.02
2009-03-11,30.39
2009-03-12,53.43
2009-03-13,60.78
2009-03-16,65.2
2009-03-17,81.86
2009-03-18,88.73
2009-03-19,86.27
2009-03-20,77.21
2009-03-23,95.59
2009-03-24,92.16
2009-03-25,93.38
2009-03-26,96.57
2009-03-27,93.87
2009-03-30,83.09
2009-03-31,87.99
2009-04-01,88.24
2009-04-02,94.12
2009-04-03,94.61
2009-04-06,90.93
2009-04-07,78.43
2009-04-08,83.58
2009-04-09,91.42
2009-04-13,87.25
2009-04-14,77.94
2009-04-15,81.62
2009-04-16,87.25
2009-04-17,87.25
2009-04-20,62.75
2009-04-21,75.0
2009-04-22,69.85
2009-04-23,70.1
2009-04-24,72.79
2009-04-27,70.1
2009-04-28,68.87
2009-04-29,79.41
2009-04-30,74.02
2009-05-01,74.02
2009-05-04,87.5
2009-05-05,85.29
2009-05-06,83.58
2009-05-07,69.85
2009-05-08,81.62
2009-05-11,69.61
2009-05-12,64.95
2009-05-13,39.95
2009-05-14,47.55
2009-05-15,38.97
2009-05-18,64.46
2009-05-19,60.54
2009-05-20,51.96
2009-05-21,35.29
2009-05-22,34.8
2009-05-26,63.97
2009-05-27,42.4
2009-05-28,53.92
2009-05-29,65.93
2009-06-01,86.27
2009-06-02,87.99
2009-06-03,80.88
2009-06-04,85.78
2009-06-05,81.62
2009-06-08,79.17
2009-06-09,81.37
2009-06-10,76.47
2009-06-11,75.25
2009-06-12,75.25
2009-06-15,48.04
2009-06-16,35.54
2009-06-17,35.29
2009-06-18,39.46
2009-06-19,42.89
2009-06-22,20.83
2009-06-23,19.12
2009-06-24,24.51
2009-06-25,44.36
2009-06-26,43.63
2009-06-29,50.98
2009-06-30,45.59
2009-07-01,55.39
2009-07-02,28.43
2009-07-06,31.62
2009-07-07,19.12
2009-07-08,19.61
2009-07-09,18.63
2009-07-10,20.83
2009-07-13,45.1
2009-07-14,54.9
2009-07-15,82.6
2009-07-16,88.48
2009-07-17,84.31
2009-07-20,87.01
2009-07-21,86.76
2009-07-22,84.8
2009-07-23,91.18
2009-07-24,91.67
2009-07-27,91.42
2009-07-28,91.67
2009-07-29,90.44
2009-07-30,91.91
2009-07-31,90.69
2009-08-03,93.14
2009-08-04,91.42
2009-08-05,84.07
2009-08-06,78.48
2009-08-07,81.66
2009-08-10,79.46
2009-08-11,73.11
2009-08-12,78.24
2009-08-13,78.0
2009-08-14,68.7
2009-08-17,42.3
2009-08-18,52.32
2009-08-19,58.68
2009-08-20,72.86
2009-08-21,90.22
2009-08-24,84.11
2009-08-25,87.04
2009-08-26,84.35
2009-08-27,84.11
2009-08-28,80.2
2009-08-31,64.79
2009-09-01,35.7
2009-09-02,30.32
2009-09-03,41.32
2009-09-04,59.41
2009-09-08,70.9
2009-09-09,77.02
2009-09-10,80.68
2009-09-11,77.75
2009-09-14,83.62
2009-09-15,84.35
2009-09-16,89.0
2009-09-17,84.6
2009-09-18,84.35
2009-09-21,81.91
2009-09-22,79.95
2009-09-23,72.86
2009-09-24,63.81
2009-09-25,52.32
2009-09-28,76.28
2009-09-29,72.37
2009-09-30,61.61
2009-10-01,25.67
2009-10-02,16.87
2009-10-05,30.81
2009-10-06,44.74
2009-10-07,47.07
2009-10-08,59.51
2009-10-09,66.83
2009-10-12,67.07
2009-10-13,64.63
2009-10-14,78.05
2009-10-15,79.51
2009-10-16,72.93
2009-10-19,80.98
2009-10-20,72.2
2009-10-21,56.83
2009-10-22,72.93
2009-10-23,54.63
2009-10-26,42.93
2009-10-27,37.8
2009-10-28,20.0
2009-10-29,35.12
2009-10-30,15.85
2009-11-02,19.02
2009-11-03,21.95
2009-11-04,23.9
2009-11-05,46.83
2009-11-06,52.44
2009-11-09,74.63
2009-11-10,71.71
2009-11-11,81.22
2009-11-12,70.73
2009-11-13,76.16
2009-11-16,88.08
2009-11-17,87.35
2009-11-18,85.92
2009-11-19,74.27
2009-11-20,70.15
2009-11-23,80.58
2009-11-24,74.76
2009-11-25,76.21
2009-11-27,52.18
2009-11-30,55.58
2009-12-01,67.96
2009-12-02,71.84
2009-12-03,55.1
2009-12-04,68.2
2009-12-07,63.11
2009-12-08,50.97
2009-12-09,52.18
2009-12-10,59.22
2009-12-11,65.29
2009-12-14,75.0
2009-12-15,69.66
2009-12-16,72.33
2009-12-17,57.77
2009-12-18,62.38
2009-12-21,73.06
2009-12-22,76.94
2009-12-23,79.37
2009-12-24,82.52
2009-12-28,83.74
2009-12-29,83.5
2009-12-30,82.52
2009-12-31,64.56
2010-01-04,79.61
2010-01-05,74.09
2010-01-06,72.88
2010-01-07,70.7
2010-01-08,70.7
2010-01-11,71.43
2010-01-12,61.02
2010-01-13,73.61
2010-01-14,71.67
2010-01-15,54.48
2010-01-19,70.22
2010-01-20,53.75
2010-01-21,35.35
2010-01-22,16.71
2010-01-25,18.89
2010-01-26,18.89
2010-01-27,22.76
2010-01-28,17.92
2010-01-29,14.29
2010-02-01,21.07
2010-02-02,32.2
2010-02-03,28.09
2010-02-04,9.2
2010-02-05,11.86
2010-02-08,8.23
2010-02-09,17.92
2010-02-10,17.43
2010-02-11,29.95
2010-02-12,34.06
2010-02-16,61.84
2010-02-17,73.91
2010-02-18,79.23
2010-02-19,83.57
2010-02-22,84.54
2010-02-23,70.53
2010-02-24,80.19
2010-02-25,77.05
2010-02-26,77.29
2010-03-01,84.78
2010-03-02,90.34
2010-03-03,90.34
2010-03-04,91.3
2010-03-05,95.17
2010-03-08,95.89
2010-03-09,92.51
2010-03-10,91.3
2010-03-11,91.79
2010-03-12,89.37
2010-03-15,86.71
2010-03-16,90.1
2010-03-17,92.03
2010-03-18,89.86
2010-03-19,84.78
2010-03-22,89.37
2010-03-23,91.55
2010-03-24,83.33
2010-03-25,75.36
2010-03-26,72.71
2010-03-29,77.29
2010-03-30,77.05
2010-03-31,67.87
2010-04-01,72.22
2010-04-05,84.78
2010-04-06,81.4
2010-04-07,73.91
2010-04-08,71.5
2010-04-09,79.47
2010-04-12,77.54
2010-04-13,77.05
2010-04-14,82.13
2010-04-15,79.71
2010-04-16,66.43
2010-04-19,68.12
2010-04-20,77.78
2010-04-21,77.29
2010-04-22,77.05
2010-04-23,81.4
2010-04-26,77.29
2010-04-27,51.93
2010-04-28,56.63
2010-04-29,68.67
2010-04-30,51.08
2010-05-03,66.75
2010-05-04,37.35
2010-05-05,27.71
2010-05-06,8.67
2010-05-07,3.13
2010-05-10,26.27
2010-05-11,28.19
2010-05-12,48.67
2010-05-13,36.87
2010-05-14,19.28
2010-05-17,21.69
2010-05-18,13.01
2010-05-19,10.36
2010-05-20,2.89
2010-05-21,3.61
2010-05-24,4.58
2010-05-25,4.1
2010-05-26,5.06
2010-05-27,27.47
2010-05-28,18.07
2010-06-01,11.08
2010-06-02,34.94
2010-06-03,45.3
2010-06-04,14.46
2010-06-07,8.19
2010-06-08,14.22
2010-06-09,15.18
2010-06-10,48.43
2010-06-11,60.72
2010-06-14,67.95
2010-06-15,88.94
2010-06-16,87.74
2010-06-17,89.18
2010-06-18,86.3
2010-06-21,80.77
2010-06-22,60.34
2010-06-23,51.92
2010-06-24,25.96
2010-06-25,40.38
2010-06-28,38.46
2010-06-29,10.31
2010-06-30,6.95
2010-07-01,7.43
2010-07-02,7.43
2010-07-06,8.39
2010-07-07,28.3
2010-07-08,37.41
2010-07-09,49.64
2010-07-12,50.36
2010-07-13,75.54
2010-07-14,75.78
2010-07-15,75.12
2010-07-16,38.28
2010-07-19,49.28
2010-07-20,69.38
2010-07-21,53.83
2010-07-22,80.62
2010-07-23,84.69
2010-07-26,91.15
2010-07-27,88.52
2010-07-28,81.58
2010-07-29,76.08
2010-07-30,76.08
2010-08-02,85.89
2010-08-03,78.71
2010-08-04,81.1
2010-08-05,77.75
2010-08-06,75.42
2010-08-09,79.0
2010-08-10,71.36
2010-08-11,32.7
2010-08-12,26.97
2010-08-13,22.67
2010-08-16,21.96
2010-08-17,39.38
2010-08-18,39.14
2010-08-19,20.05
2010-08-20,21.72
2010-08-23,20.05
2010-08-24,12.17
2010-08-25,19.09
2010-08-26,15.27
2010-08-27,31.26
2010-08-30,14.8
2010-08-31,18.85
2010-09-01,60.86
2010-09-02,74.46
2010-09-03,89.26
2010-09-07,77.33
2010-09-08,83.05
2010-09-09,84.73
2010-09-10,85.92
2010-09-13,92.36
2010-09-14,92.12
2010-09-15,91.65
2010-09-16,89.26
2010-09-17,89.5
2010-09-20,94.51
2010-09-21,91.89
2010-09-22,87.83
2010-09-23,72.08
2010-09-24,89.74
2010-09-27,83.29
2010-09-28,85.68
2010-09-29,80.43
2010-09-30,78.28
2010-10-01,80.91
2010-10-04,69.45
2010-10-05,88.07
2010-10-06,81.38
2010-10-07,78.52
2010-10-08,79.24
2010-10-11,79.71
2010-10-12,81.86
2010-10-13,86.4
2010-10-14,82.82
2010-10-15,79.71
2010-10-18,83.77
2010-10-19,64.68
2010-10-20,77.09
2010-10-21,75.42
2010-10-22,75.89
2010-10-25,77.33
2010-10-26,74.7
2010-10-27,68.74
2010-10-28,62.77
2010-10-29,63.72
2010-11-01,62.53
2010-11-02,72.55
2010-11-03,73.75
2010-11-04,84.96
2010-11-05,84.25
2010-11-08,82.1
2010-11-09,73.51
2010-11-10,76.13
2010-11-11,69.69
2010-11-12,53.46
2010-11-15,55.13
2010-11-16,28.16
2010-11-17,27.68
2010-11-18,50.24
2010-11-19,55.48
2010-11-22,53.1
2010-11-23,33.1
2010-11-24,56.19
2010-11-26,43.1
2010-11-29,38.57
2010-11-30,33.33
2010-12-01,63.57
2010-12-02,77.38
2010-12-03,81.43
2010-12-06,79.52
2010-12-07,79.1
2010-12-08,79.57
2010-12-09,81.71
2010-12-10,87.17
2010-12-13,85.99
2010-12-14,86.7
2010-12-15,76.78
2010-12-16,80.81
2010-12-17,81.52
2010-12-20,82.46
2010-12-21,84.6
2010-12-22,85.07
2010-12-23,82.46
2010-12-27,81.04
2010-12-28,78.67
2010-12-29,77.25
2010-12-30,75.83
2010-12-31,72.27
2011-01-03,81.99
2011-01-04,69.67
2011-01-05,69.91
2011-01-06,63.74
2011-01-07,60.66
2011-01-10,57.82
2011-01-11,62.09
2011-01-12,71.09
2011-01-13,68.01
2011-01-14,74.17
2011-01-18,77.73
2011-01-19,62.56
2011-01-20,55.92
2011-01-21,57.35
2011-01-24,66.35
2011-01-25,68.25
2011-01-26,73.93
2011-01-27,74.41
2011-01-28,46.68
2011-01-31,54.5
2011-02-01,72.27
2011-02-02,68.01
2011-02-03,71.56
2011-02-04,71.56
2011-02-07,78.67
2011-02-08,81.52
2011-02-09,78.2
2011-02-10,78.44
2011-02-11,82.03
2011-02-14,80.85
2011-02-15,79.67
2011-02-16,82.74
2011-02-17,83.92
2011-02-18,82.98
2011-02-22,53.66
2011-02-23,37.12
2011-02-24,39.01
2011-02-25,56.97
2011-02-28,60.52
2011-03-01,38.77
2011-03-02,39.01
2011-03-03,66.9
2011-03-04,53.43
2011-03-07,39.24
2011-03-08,58.16
2011-03-09,54.85
2011-03-10,34.43
2011-03-11,41.75
2011-03-14,31.13
2011-03-15,22.64
2011-03-16,12.74
2011-03-17,20.99
2011-03-18,27.83
2011-03-21,53.77
2011-03-22,44.94
2011-03-23,46.82
2011-03-24,62.12
2011-03-25,68.47
2011-03-28,65.18
2011-03-29,76.94
2011-03-30,84.98
2011-03-31,81.46
2011-04-01,85.68
2011-04-04,84.98
2011-04-05,84.27
2011-04-06,89.44
2011-04-07,86.38
2011-04-08,78.17
2011-04-11,69.48
2011-04-12,58.69
2011-04-13,55.4
2011-04-14,55.4
2011-04-15,60.8
2011-04-18,42.02
2011-04-19,46.48
2011-04-20,68.31
2011-04-21,72.77
2011-04-25,69.48
2011-04-26,75.82
2011-04-27,80.75
2011-04-28,82.16
2011-04-29,80.05
2011-05-02,77.23
2011-05-03,71.36
2011-05-04,63.38
2011-05-05,57.75
2011-05-06,61.03
2011-05-09,64.55
2011-05-10,76.06
2011-05-11,63.62
2011-05-12,67.37
2011-05-13,55.63
2011-05-16,49.77
2011-05-17,42.96
2011-05-18,55.63
2011-05-19,57.75
2011-05-20,46.71
2011-05-23,26.53
2011-05-24,21.83
2011-05-25,25.12
2011-05-26,37.09
2011-05-27,46.01
2011-05-31,65.73
2011-06-01,27.23
2011-06-02,24.65
2011-06-03,13.15
2011-06-06,7.98
2011-06-07,8.92
2011-06-08,8.69
2011-06-09,13.15
2011-06-10,7.04
2011-06-13,7.04
2011-06-14,18.31
2011-06-15,7.04
2011-06-16,10.8
2011-06-17,19.95
2011-06-20,33.1
2011-06-21,56.81
2011-06-22,47.89
2011-06-23,43.19
2011-06-24,32.55
2011-06-27,45.43
2011-06-28,68.85
2011-06-29,79.16
2011-06-30,88.52
2011-07-01,94.85
2011-07-05,92.97
2011-07-06,92.74
2011-07-07,96.02
2011-07-08,90.87
2011-07-11,71.66
2011-07-12,65.81
2011-07-13,65.11
2011-07-14,44.96
2011-07-15,44.96
2011-07-18,29.27
2011-07-19,48.95
2011-07-20,47.07
2011-07-21,63.0
2011-07-22,58.55
2011-07-25,45.9
2011-07-26,40.28
2011-07-27,18.97
2011-07-28,18.74
2011-07-29,16.63
2011-08-01,13.58
2011-08-02,4.68
2011-08-03,7.03
2011-08-04,0.94
2011-08-05,1.41
2011-08-08,0.0
2011-08-09,0.7
2011-08-10,0.0
2011-08-11,4.68
2011-08-12,5.62
2011-08-15,18.27
2011-08-16,15.22
2011-08-17,21.78
2011-08-18,7.03
2011-08-19,6.79
2011-08-22,7.96
2011-08-23,28.1
2011-08-24,40.05
2011-08-25,29.04
2011-08-26,52.22
2011-08-29,86.42
2011-08-30,90.16
2011-08-31,95.78
2011-09-01,88.29
2011-09-02,56.67
2011-09-06,43.33
2011-09-07,84.78
2011-09-08,64.4
2011-09-09,25.06
2011-09-12,34.19
2011-09-13,52.46
2011-09-14,74.71
2011-09-15,85.01
2011-09-16,83.84
2011-09-19,68.62
2011-09-20,61.36
2011-09-21,30.91
2011-09-22,14.52
2011-09-23,18.5
2011-09-26,29.98
2011-09-27,45.43
2011-09-28,22.48
2011-09-29,34.43
2011-09-30,16.86
2011-10-03,3.51
2011-10-04,13.58
2011-10-05,29.27
2011-10-06,55.27
2011-10-07,44.96
2011-10-10,77.99
2011-10-11,74.94
2011-10-12,82.67
2011-10-13,84.35
2011-10-14,93.22
2011-10-17,82.24
2011-10-18,92.52
2011-10-19,88.08
2011-10-20,88.55
2011-10-21,94.16
2011-10-24,97.43
2011-10-25,89.95
2011-10-26,91.82
2011-10-27,96.03
2011-10-28,93.69
2011-10-31,88.32
2011-11-01,57.71
2011-11-02,71.73
2011-11-03,84.58
2011-11-04,78.5
2011-11-07,81.31
2011-11-08,86.45
2011-11-09,41.59
2011-11-10,51.64
2011-11-11,76.87
2011-11-14,61.68
2011-11-15,68.69
2011-11-16,43.93
2011-11-17,20.05
2011-11-18,22.38
2011-11-21,9.56
2011-11-22,7.46
2011-11-23,2.1
2011-11-25,3.03
2011-11-28,15.38
2011-11-29,23.54
2011-11-30,78.09
2011-12-01,75.76
2011-12-02,75.99
2011-12-05,85.31
2011-12-06,86.48
2011-12-07,86.01
2011-12-08,57.34
2011-12-09,83.45
2011-12-12,64.8
2011-12-13,49.88
2011-12-14,37.76
2011-12-15,46.15
2011-12-16,52.45
2011-12-19,39.16
2011-12-20,70.63
2011-12-21,70.16
2011-12-22,74.83
2011-12-23,80.65
2011-12-27,80.19
2011-12-28,61.31
2011-12-29,74.59
2011-12-30,71.33
2012-01-03,82.28
2012-01-04,80.42
2012-01-05,80.42
2012-01-06,79.72
2012-01-09,78.32
2012-01-10,83.92
2012-01-11,84.62
2012-01-12,82.52
2012-01-13,79.95
2012-01-17,79.49
2012-01-18,82.52
2012-01-19,84.15
2012-01-20,82.05
2012-01-23,82.28
2012-01-24,80.19
2012-01-25,84.15
2012-01-26,82.28
2012-01-27,75.52
2012-01-30,69.7
2012-01-31,68.07
2012-02-01,78.79
2012-02-02,78.79
2012-02-03,87.41
2012-02-06,82.75
2012-02-07,86.48
2012-02-08,84.88
2012-02-09,82.56
2012-02-10,71.4
2012-02-13,77.67
2012-02-14,70.0
2012-02-15,63.26
2012-02-16,77.67
2012-02-17,77.44
2012-02-21,70.23
2012-02-22,62.79
2012-02-23,68.37
2012-02-24,69.3
2012-02-27,67.67
2012-02-28,65.12
2012-02-29,56.98
2012-03-01,63.72
2012-03-02,53.95
2012-03-05,50.23
2012-03-06,25.35
2012-03-07,34.19
2012-03-08,52.79
2012-03-09,64.19
2012-03-12,63.95
2012-03-13,83.26
2012-03-14,78.14
2012-03-15,83.72
2012-03-16,83.49
2012-03-19,84.88
2012-03-20,77.44
2012-03-21,74.42
2012-03-22,64.88
2012-03-23,72.09
2012-03-26,86.28
2012-03-27,86.28
2012-03-28,74.65
2012-03-29,72.09
2012-03-30,75.81
2012-04-02,80.93
2012-04-03,71.16
2012-04-04,53.72
2012-04-05,46.98
2012-04-09,24.42
2012-04-10,8.84
2012-04-11,17.44
2012-04-12,33.18
2012-04-13,22.74
2012-04-16,27.38
2012-04-17,51.74
2012-04-18,44.78
2012-04-19,39.44
2012-04-20,46.64
2012-04-23,33.41
2012-04-24,42.23
2012-04-25,57.77
2012-04-26,69.14
2012-04-27,73.55
2012-04-30,67.98
2012-05-01,74.48
2012-05-02,69.14
2012-05-03,62.65
2012-05-04,45.01
2012-05-07,45.71
2012-05-08,40.84
2012-05-09,33.64
2012-05-10,37.82
2012-05-11,37.35
2012-05-14,27.61
2012-05-15,25.0
2012-05-16,22.69
2012-05-17,12.5
2012-05-18,7.16
2012-05-21,11.55
2012-05-22,13.63
2012-05-23,16.86
2012-05-24,24.94
2012-05-25,26.79
2012-05-29,42.73
2012-05-30,25.64
2012-05-31,27.94
2012-06-01,9.01
2012-06-04,11.09
2012-06-05,15.01
2012-06-06,48.96
2012-06-07,46.88
2012-06-08,62.36
2012-06-11,42.03
2012-06-12,62.82
2012-06-13,51.73
2012-06-14,62.36
2012-06-15,75.52
2012-06-18,77.14
2012-06-19,89.15
2012-06-20,84.99
2012-06-21,57.51
2012-06-22,64.43
2012-06-25,43.65
2012-06-26,49.88
2012-06-27,60.28
2012-06-28,60.05
2012-06-29,83.87
2012-07-02,82.03
2012-07-03,86.18
2012-07-05,85.48
2012-07-06,73.5
2012-07-09,67.05
2012-07-10,54.38
2012-07-11,53.69
2012-07-12,47.0
2012-07-13,62.9
2012-07-16,58.06
2012-07-17,65.9
2012-07-18,73.04
2012-07-19,77.42
2012-07-20,61.38
2012-07-23,43.22
2012-07-24,29.43
2012-07-25,32.18
2012-07-26,53.33
2012-07-27,71.03
2012-07-30,70.34
2012-07-31,64.83
2012-08-01,57.24
2012-08-02,48.05
2012-08-03,68.97
2012-08-06,70.57
2012-08-07,74.48
2012-08-08,74.48
2012-08-09,72.41
2012-08-10,72.64
2012-08-13,72.41
2012-08-14,71.26
2012-08-15,75.17
2012-08-16,81.15
2012-08-17,82.07
2012-08-20,78.85
2012-08-21,73.1
2012-08-22,70.8
2012-08-23,59.31
2012-08-24,65.98
2012-08-27,63.45
2012-08-28,61.61
2012-08-29,61.15
2012-08-30,45.06
2012-08-31,54.02
2012-09-04,55.86
2012-09-05,51.95
2012-09-06,79.31
2012-09-07,80.92
2012-09-10,74.02
2012-09-11,72.41
2012-09-12,72.41
2012-09-13,83.68
2012-09-14,82.07
2012-09-17,78.62
2012-09-18,75.63
2012-09-19,77.93
2012-09-20,74.02
2012-09-21,72.41
2012-09-24,70.11
2012-09-25,52.41
2012-09-26,44.6
2012-09-27,54.94
2012-09-28,47.82
2012-10-01,48.28
2012-10-02,49.66
2012-10-03,53.1
2012-10-04,65.52
2012-10-05,66.21
2012-10-08,60.92
2012-10-09,40.46
2012-10-10,34.25
2012-10-11,37.47
2012-10-12,31.35
2012-10-15,43.94
2012-10-16,62.01
2012-10-17,67.51
2012-10-18,66.59
2012-10-19,48.51
2012-10-22,47.14
2012-10-23,30.66
2012-10-24,29.06
2012-10-25,36.38
2012-10-26,36.61
2012-10-31,45.08
2012-11-01,59.5
2012-11-02,48.28
2012-11-05,50.57
2012-11-06,62.01
2012-11-07,41.65
2012-11-08,28.6
2012-11-09,29.06
2012-11-12,29.75
2012-11-13,27.0
2012-11-14,15.1
2012-11-15,16.7
2012-11-16,21.05
2012-11-19,44.39
2012-11-20,47.14
2012-11-21,53.09
2012-11-23,72.77
2012-11-26,68.42
2012-11-27,61.33
2012-11-28,72.31
2012-11-29,82.38
2012-11-30,85.35
2012-12-03,78.03
2012-12-04,76.66
2012-12-05,81.01
2012-12-06,82.84
2012-12-07,86.04
2012-12-10,83.75
2012-12-11,86.96
2012-12-12,85.58
2012-12-13,76.89
2012-12-14,65.45
2012-12-17,79.41
2012-12-18,85.35
2012-12-19,77.57
2012-12-20,81.69
2012-12-21,72.31
2012-12-24,70.25
2012-12-26,57.44
2012-12-27,56.06
2012-12-28,37.07
2012-12-31,62.47
2013-01-02,90.87
2013-01-03,88.13
2013-01-04,91.32
2013-01-07,84.93
2013-01-08,79.22
2013-01-09,81.96
2013-01-10,87.9
2013-01-11,85.84
2013-01-14,85.39
2013-01-15,88.13
2013-01-16,83.56
2013-01-17,87.67
2013-01-18,88.15
2013-01-22,89.98
2013-01-23,89.52
2013-01-24,90.43
2013-01-25,91.12
2013-01-28,87.24
2013-01-29,87.24
2013-01-30,82.69
2013-01-31,76.31
2013-02-01,82.05
2013-02-04,71.59
2013-02-05,80.23
2013-02-06,78.64
2013-02-07,71.14
2013-02-08,76.82
2013-02-11,74.09
2013-02-12,75.23
2013-02-13,75.91
2013-02-14,74.55
2013-02-15,72.95
2013-02-19,76.82
2013-02-20,56.36
2013-02-21,45.23
2013-02-22,58.86
2013-02-25,31.14
2013-02-26,40.23
2013-02-27,60.23
2013-02-28,60.45
2013-03-01,63.64
2013-03-04,68.64
2013-03-05,80.45
2013-03-06,81.82
2013-03-07,82.05
2013-03-08,85.45
2013-03-11,85.91
2013-03-12,82.05
2013-03-13,82.05
2013-03-14,86.82
2013-03-15,80.91
2013-03-18,74.55
2013-03-19,70.23
2013-03-20,78.18
2013-03-21,64.09
2013-03-22,72.05
2013-03-25,63.18
2013-03-26,72.05
2013-03-27,71.36
2013-03-28,74.55
2013-04-01,60.45
2013-04-02,60.23
2013-04-03,46.82
2013-04-04,51.82
2013-04-05,44.09
2013-04-08,54.09
2013-04-09,57.73
2013-04-10,77.95
2013-04-11,78.86
2013-04-12,72.95
2013-04-15,39.55
2013-04-16,58.41
2013-04-17,39.77
2013-04-18,31.36
2013-04-19,42.05
2013-04-22,42.5
2013-04-23,60.91
2013-04-24,68.18
2013-04-25,72.5
2013-04-26,65.68
2013-04-29,76.36
2013-04-30,78.86
2013-05-01,66.59
2013-05-02,75.23
2013-05-03,83.64
2013-05-06,81.59
2013-05-07,86.82
2013-05-08,87.27
2013-05-09,81.41
2013-05-10,85.49
2013-05-13,82.77
2013-05-14,90.7
2013-05-15,92.97
2013-05-16,87.98
2013-05-17,90.48
2013-05-20,84.13
2013-05-21,83.45
2013-05-22,70.98
2013-05-23,65.31
2013-05-24,61.22
2013-05-28,67.8
2013-05-29,54.65
2013-05-30,57.6
2013-05-31,39.0
2013-06-03,40.14
2013-06-04,31.75
2013-06-05,17.69
2013-06-06,24.04
2013-06-07,41.95
2013-06-10,41.95
2013-06-11,26.98
2013-06-12,20.86
2013-06-13,41.5
2013-06-14,34.01
2013-06-17,54.65
2013-06-18,68.25
2013-06-19,40.41
2013-06-20,14.22
2013-06-21,16.7
2013-06-24,9.48
2013-06-25,17.83
2013-06-26,34.99
2013-06-27,52.93
2013-06-28,50.9
2013-07-01,60.81
2013-07-02,58.33
2013-07-03,57.66
2013-07-05,70.95
2013-07-08,77.7
2013-07-09,86.94
2013-07-10,86.26
2013-07-11,94.59
2013-07-12,95.05
2013-07-15,95.5
2013-07-16,91.89
2013-07-17,94.59
2013-07-18,93.24
2013-07-19,92.57
2013-07-22,91.44
2013-07-23,89.19
2013-07-24,77.7
2013-07-25,79.05
2013-07-26,76.58
2013-07-29,65.54
2013-07-30,66.44
2013-07-31,65.32
2013-08-01,77.25
2013-08-02,75.0
2013-08-05,70.5
2013-08-06,61.26
2013-08-07,51.35
2013-08-08,60.36
2013-08-09,54.05
2013-08-12,51.35
2013-08-13,56.31
2013-08-14,44.82
2013-08-15,25.68
2013-08-16,24.55
2013-08-19,18.02
2013-08-20,23.65
2013-08-21,18.02
2013-08-22,35.81
2013-08-23,37.61
2013-08-26,33.56
2013-08-27,13.29
2013-08-28,16.89
2013-08-29,18.24
2013-08-30,12.84
2013-09-03,22.52
2013-09-04,40.32
2013-09-05,45.05
2013-09-06,48.65
2013-09-09,71.4
2013-09-10,83.33
2013-09-11,83.78
2013-09-12,81.08
2013-09-13,84.68
2013-09-16,87.39
2013-09-17,91.89
2013-09-18,93.69
2013-09-19,91.44
2013-09-20,86.49
2013-09-23,84.01
2013-09-24,82.21
2013-09-25,75.68
2013-09-26,77.7
2013-09-27,66.67
2013-09-30,59.23
2013-10-01,68.02
2013-10-02,64.86
2013-10-03,41.67
2013-10-04,50.68
2013-10-07,33.11
2013-10-08,17.57
2013-10-09,18.02
2013-10-10,59.68
2013-10-11,70.05
2013-10-14,75.23
2013-10-15,53.6
2013-10-16,75.68
2013-10-17,82.66
2013-10-18,85.59
2013-10-21,85.81
2013-10-22,86.94
2013-10-23,82.43
2013-10-24,84.23
2013-10-25,84.91
2013-10-28,83.33
2013-10-29,83.56
2013-10-30,77.48
2013-10-31,75.23
2013-11-01,74.55
2013-11-04,77.48
2013-11-05,70.72
2013-11-06,69.82
2013-11-07,47.75
2013-11-08,64.86
2013-11-11,64.86
2013-11-12,58.33
2013-11-13,67.12
2013-11-14,74.1
2013-11-15,78.83
2013-11-18,71.24
2013-11-19,63.37
2013-11-20,55.96
2013-11-21,67.42
2013-11-22,69.44
2013-11-25,66.29
2013-11-26,67.87
2013-11-27,68.31
2013-11-29,68.09
2013-12-02,60.22
2013-12-03,55.06
2013-12-04,50.79
2013-12-05,42.47
2013-12-06,66.97
2013-12-09,66.07
2013-12-10,55.28
2013-12-11,31.24
2013-12-12,27.8
2013-12-13,33.86
2013-12-16,45.29
2013-12-17,43.27
2013-12-18,67.49
2013-12-19,59.64
2013-12-20,72.87
2013-12-23,76.91
2013-12-24,81.39
2013-12-26,84.08
2013-12-27,86.32
2013-12-30,87.0
2013-12-31,87.44
2014-01-02,73.77
2014-01-03,76.01
2014-01-06,65.47
2014-01-07,77.58
2014-01-08,72.65
2014-01-09,73.32
2014-01-10,78.25
2014-01-13,54.04
2014-01-14,67.71
2014-01-15,67.71
2014-01-16,67.71
2014-01-17,61.66
2014-01-21,65.25
2014-01-22,66.82
2014-01-23,54.71
2014-01-24,26.46
2014-01-27,23.99
2014-01-28,32.06
2014-01-29,24.89
2014-01-30,38.79
2014-01-31,32.29
2014-02-03,18.16
2014-02-04,21.3
2014-02-05,20.63
2014-02-06,32.06
2014-02-07,46.86
2014-02-10,51.79
2014-02-11,63.9
2014-02-12,67.49
2014-02-13,76.91
2014-02-14,82.29
2014-02-18,84.53
2014-02-19,79.82
2014-02-20,85.87
2014-02-21,84.75
2014-02-24,88.57
2014-02-25,86.55
2014-02-26,85.43
2014-02-27,87.67
2014-02-28,87.67
2014-03-03,80.72
2014-03-04,90.81
2014-03-05,87.67
2014-03-06,84.08
2014-03-07,80.27
2014-03-10,76.23
2014-03-11,67.04
2014-03-12,67.94
2014-03-13,44.17
2014-03-14,45.74
2014-03-17,56.5
2014-03-18,66.82
2014-03-19,51.57
2014-03-20,54.04
2014-03-21,52.47
2014-03-24,42.38
2014-03-25,47.09
2014-03-26,34.75
2014-03-27,33.18
2014-03-28,41.26
2014-03-31,55.38
2014-04-01,70.18
2014-04-02,73.99
2014-04-03,71.97
2014-04-04,53.14
2014-04-07,32.96
2014-04-08,37.89
2014-04-09,52.47
2014-04-10,26.91
2014-04-11,19.28
2014-04-14,27.58
2014-04-15,32.06
2014-04-16,47.76
2014-04-17,54.04
2014-04-21,58.3
2014-04-22,67.94
2014-04-23,65.25
2014-04-24,64.57
2014-04-25,47.09
2014-04-28,49.1
2014-04-29,57.17
2014-04-30,64.57
2014-05-01,67.26
2014-05-02,66.44
2014-05-05,69.57
2014-05-06,51.23
2014-05-07,60.63
2014-05-08,57.49
2014-05-09,59.96
2014-05-12,72.71
2014-05-13,71.14
2014-05-14,57.49
2014-05-15,39.15
2014-05-16,48.55
2014-05-19,57.49
2014-05-20,43.62
2014-05-21,55.03
2014-05-22,61.07
2014-05-23,70.47
2014-05-27,78.08
2014-05-28,74.72
2014-05-29,81.66
2014-05-30,83.0
2014-06-02,85.68
2014-06-03,82.55
2014-06-04,85.23
2014-06-05,91.05
2014-06-06,91.29
2014-06-09,87.5
2014-06-10,83.93
2014-06-11,79.24
2014-06-12,66.74
2014-06-13,68.08
2014-06-16,64.96
2014-06-17,67.86
2014-06-18,78.12
2014-06-19,77.9
2014-06-20,78.12
2014-06-23,72.99
2014-06-24,63.17
2014-06-25,68.97
2014-06-26,62.95
2014-06-27,65.85
2014-06-30,66.96
2014-07-01,78.35
2014-07-02,71.88
2014-07-03,78.12
2014-07-07,68.97
2014-07-08,56.7
2014-07-09,60.94
2014-07-10,49.33
2014-07-11,47.99
2014-07-14,54.02
2014-07-15,49.78
2014-07-16,51.34
2014-07-17,31.7
2014-07-18,50.67
2014-07-21,47.77
2014-07-22,56.47
2014-07-23,56.03
2014-07-24,58.04
2014-07-25,45.98
2014-07-28,48.21
2014-07-29,42.19
2014-07-30,41.52
2014-07-31,23.39
2014-08-01,19.38
2014-08-04,27.39
2014-08-05,23.16
2014-08-06,23.39
2014-08-07,19.15
2014-08-08,30.51
2014-08-11,36.08
2014-08-12,36.3
2014-08-13,52.12
2014-08-14,59.47
2014-08-15,60.13
2014-08-18,77.06
2014-08-19,84.19
2014-08-20,86.19
2014-08-21,87.53
2014-08-22,85.52
2014-08-25,89.98
2014-08-26,92.65
2014-08-27,91.09
2014-08-28,89.31
2014-08-29,90.87
2014-09-02,89.31
2014-09-03,86.86
2014-09-04,80.62
2014-09-05,83.07
2014-09-08,79.06
2014-09-09,61.92
2014-09-10,61.69
2014-09-11,62.36
2014-09-12,45.66
2014-09-15,40.76
2014-09-16,51.89
2014-09-17,52.34
2014-09-18,59.69
2014-09-19,53.9
2014-09-22,36.97
2014-09-23,26.5
2014-09-24,40.22
2014-09-25,18.89
2014-09-26,28.22
2014-09-29,27.11
2014-09-30,25.11
2014-10-01,12.22
2014-10-02,15.33
2014-10-03,34.67
2014-10-06,31.78
2014-10-07,15.78
2014-10-08,41.33
2014-10-09,22.0
2014-10-10,18.89
2014-10-13,13.78
2014-10-14,16.44
2014-10-15,14.44
2014-10-16,16.0
2014-10-17,23.78
2014-10-20,39.69
2014-10-21,70.51
2014-10-22,60.31
2014-10-23,75.39
2014-10-24,84.26
2014-10-27,83.59
2014-10-28,90.02
2014-10-29,88.03
2014-10-30,90.69
2014-10-31,94.46
2014-11-03,93.35
2014-11-04,89.58
2014-11-05,91.8
2014-11-06,93.13
2014-11-07,92.02
2014-11-10,91.8
2014-11-11,92.24
2014-11-12,90.24
2014-11-13,87.58
2014-11-14,84.7
2014-11-17,84.26
2014-11-18,85.59
2014-11-19,78.27
2014-11-20,79.38
2014-11-21,84.04
2014-11-24,85.59
2014-11-25,83.15
2014-11-26,84.26
2014-11-28,80.04
2014-12-01,68.51
2014-12-02,76.27
2014-12-03,80.49
2014-12-04,77.61
2014-12-05,76.94
2014-12-08,68.07
2014-12-09,66.74
2014-12-10,46.78
2014-12-11,55.65
2014-12-12,30.82
2014-12-15,24.17
2014-12-16,18.18
2014-12-17,41.46
2014-12-18,71.4
2014-12-19,75.83
2014-12-22,81.37
2014-12-23,84.04
2014-12-24,85.81
2014-12-26,88.69
2014-12-29,88.47
2014-12-30,84.7
2014-12-31,64.52
2015-01-02,63.41
2015-01-05,27.94
2015-01-06,22.62
2015-01-07,41.46
2015-01-08,67.41
2015-01-09,57.21
2015-01-12,43.9
2015-01-13,41.02
2015-01-14,35.92
2015-01-15,26.83
2015-01-16,40.58
2015-01-20,39.25
2015-01-21,46.34
2015-01-22,65.63
2015-01-23,60.53
2015-01-26,69.4
2015-01-27,57.43
2015-01-28,45.45
2015-01-29,56.54
2015-01-30,39.91
2015-02-02,50.11
2015-02-03,70.07
2015-02-04,62.75
2015-02-05,75.39
2015-02-06,64.97
2015-02-09,59.65
2015-02-10,72.28
2015-02-11,72.28
2015-02-12,76.94
2015-02-13,75.61
2015-02-17,76.72
2015-02-18,79.6
2015-02-19,77.61
2015-02-20,82.26
2015-02-23,81.82
2015-02-24,80.49
2015-02-25,80.93
2015-02-26,74.72
2015-02-27,71.18
2015-03-02,75.39
2015-03-03,66.52
2015-03-04,53.66
2015-03-05,57.65
2015-03-06,36.81
2015-03-09,41.24
2015-03-10,17.96
2015-03-11,20.62
2015-03-12,38.8
2015-03-13,30.6
2015-03-16,52.77
2015-03-17,49.22
2015-03-18,65.63
2015-03-19,58.31
2015-03-20,74.5
2015-03-23,70.95
2015-03-24,63.41
2015-03-25,32.59
2015-03-26,30.38
2015-03-27,42.13
2015-03-30,68.07
2015-03-31,57.74
2015-04-01,46.9
2015-04-02,53.1
2015-04-06,63.94
2015-04-07,56.86
2015-04-08,63.05
2015-04-09,61.73
2015-04-10,68.14
2015-04-13,55.75
2015-04-14,57.08
2015-04-15,59.73
2015-04-16,58.85
2015-04-17,35.18
2015-04-20,54.2
2015-04-21,54.87
2015-04-22,61.73
2015-04-23,65.93
2015-04-24,62.83
2015-04-27,48.89
2015-04-28,54.87
2015-04-29,43.58
2015-04-30,32.08
2015-05-01,45.58
2015-05-04,50.0
2015-05-05,34.96
2015-05-06,28.32
2015-05-07,37.83
2015-05-08,56.64
2015-05-11,51.99
2015-05-12,47.79
2015-05-13,50.22
2015-05-14,65.71
2015-05-15,68.36
2015-05-18,74.56
2015-05-19,73.45
2015-05-20,75.0
2015-05-21,75.44
2015-05-22,71.46
2015-05-26,52.43
2015-05-27,70.35
2015-05-28,67.92
2015-05-29,50.0
2015-06-01,55.09
2015-06-02,50.66
2015-06-03,54.65
2015-06-04,34.73
2015-06-05,35.84
2015-06-08,24.34
2015-06-09,26.99
2015-06-10,44.91
2015-06-11,51.33
2015-06-12,40.93
2015-06-15,31.86
2015-06-16,41.37
2015-06-17,48.45
2015-06-18,70.8
2015-06-19,64.16
2015-06-22,71.02
2015-06-23,66.37
2015-06-24,52.65
2015-06-25,47.35
2015-06-26,48.45
2015-06-29,14.38
2015-06-30,21.02
2015-07-01,36.06
2015-07-02,35.18
2015-07-06,33.26
2015-07-07,41.85
2015-07-08,27.53
2015-07-09,29.96
2015-07-10,47.58
2015-07-13,60.13
2015-07-14,66.08
2015-07-15,61.67
2015-07-16,69.38
2015-07-17,65.42
2015-07-20,65.42
2015-07-21,59.25
2015-07-22,62.56
2015-07-23,55.6
2015-07-24,42.42
2015-07-27,37.8
2015-07-28,48.13
2015-07-29,60.0
2015-07-30,61.76
2015-07-31,65.27
2015-08-03,60.66
2015-08-04,59.78
2015-08-05,66.15
2015-08-06,52.75
2015-08-07,50.99
2015-08-10,67.47
2015-08-11,52.53
2015-08-12,50.99
2015-08-13,51.87
2015-08-14,58.68
2015-08-17,69.01
2015-08-18,66.59
2015-08-19,52.53
2015-08-20,28.13
2015-08-21,11.43
2015-08-24,0.88
2015-08-25,0.44
2015-08-26,2.86
2015-08-27,8.57
2015-08-28,11.43
2015-08-31,10.77
2015-09-01,2.2
2015-09-02,7.25
2015-09-03,12.09
2015-09-04,6.59
2015-09-08,29.67
2015-09-09,18.46
2015-09-10,25.49
2015-09-11,36.7
2015-09-14,32.97
2015-09-15,61.98
2015-09-16,77.36
2015-09-17,75.6
2015-09-18,57.8
2015-09-21,63.74
2015-09-22,44.18
2015-09-23,40.22
2015-09-24,35.6
2015-09-25,37.58
2015-09-28,18.68
2015-09-29,20.66
2015-09-30,34.07
2015-10-01,34.51
2015-10-02,49.45
2015-10-05,72.75
2015-10-06,67.69
2015-10-07,76.92
2015-10-08,81.1
2015-10-09,82.2
2015-10-12,83.52
2015-10-13,77.8
2015-10-14,66.15
2015-10-15,83.3
2015-10-16,82.86
2015-10-19,83.11
2015-10-20,82.46
2015-10-21,75.44
2015-10-22,82.46
2015-10-23,84.87
2015-10-26,82.02
2015-10-27,73.03
2015-10-28,76.97
2015-10-29,72.15
2015-10-30,71.49
2015-11-02,77.19
2015-11-03,76.97
2015-11-04,73.68
2015-11-05,71.27
2015-11-06,65.57
2015-11-09,55.26
2015-11-10,57.46
2015-11-11,53.51
2015-11-12,32.89
2015-11-13,25.66
2015-11-16,41.23
2015-11-17,39.47
2015-11-18,60.09
2015-11-19,59.3
2015-11-20,66.52
2015-11-23,64.55
2015-11-24,66.52
2015-11-25,65.43
2015-11-27,68.05
2015-11-30,62.58
2015-12-01,76.37
2015-12-02,60.61
2015-12-03,33.48
2015-12-04,66.52
2015-12-07,59.52
2015-12-08,45.73
2015-12-09,29.54
2015-12-10,33.7
2015-12-11,14.66
2015-12-14,18.82
2015-12-15,30.42
2015-12-16,51.86
2015-12-17,34.57
2015-12-18,19.47
2015-12-21,28.23
2015-12-22,39.82
2015-12-23,59.08
2015-12-24,59.74
2015-12-28,59.08
2015-12-29,73.96
2015-12-30,65.86
2015-12-31,46.39
2016-01-04,24.51
2016-01-05,33.26
2016-01-06,23.63
2016-01-07,12.69
2016-01-08,9.41
2016-01-11,10.94
2016-01-12,15.32
2016-01-13,6.78
2016-01-14,10.28
2016-01-15,6.13
2016-01-19,9.63
2016-01-20,5.03
2016-01-21,6.56
2016-01-22,17.94
2016-01-25,12.69
2016-01-26,28.01
2016-01-27,24.07
2016-01-28,35.01
2016-01-29,60.83
2016-02-01,63.89
2016-02-02,48.8
2016-02-03,56.24
2016-02-04,59.96
2016-02-05,45.95
2016-02-08,35.45
2016-02-09,36.32
2016-02-10,38.07
2016-02-11,31.29
2016-02-12,44.86
2016-02-16,60.18
2016-02-17,73.96
2016-02-18,67.83
2016-02-19,71.77
2016-02-22,85.12
2016-02-23,75.49
2016-02-24,79.21
2016-02-25,87.09
2016-02-26,88.4
2016-02-29,81.84
2016-03-01,92.78
2016-03-02,94.09
2016-03-03,93.44
2016-03-04,95.4
2016-03-07,94.31
2016-03-08,89.06
2016-03-09,89.06
2016-03-10,87.75
2016-03-11,94.53
2016-03-14,92.78
2016-03-15,86.21
2016-03-16,89.5
2016-03-17,89.06
2016-03-18,91.9
2016-03-21,90.81
2016-03-22,89.5
2016-03-23,82.28
2016-03-24,75.93
2016-03-28,78.77
2016-03-29,85.34
2016-03-30,87.09
2016-03-31,83.37
2016-04-01,86.65
2016-04-04,79.43
2016-04-05,62.58
2016-04-06,70.02
2016-04-07,51.64
2016-04-08,55.8
2016-04-11,49.89
2016-04-12,62.14
2016-04-13,74.18
2016-04-14,70.02
2016-04-15,73.96
2016-04-18,78.56
2016-04-19,77.68
2016-04-20,70.68
2016-04-21,61.49
2016-04-22,62.36
2016-04-25,59.74
2016-04-26,66.74
2016-04-27,69.37
2016-04-28,53.83
2016-04-29,46.61
2016-05-02,60.61
2016-05-03,48.36
2016-05-04,40.04
2016-05-05,40.7
2016-05-06,44.86
2016-05-09,46.17
2016-05-10,60.18
2016-05-11,47.92
2016-05-12,49.23
2016-05-13,41.14
2016-05-16,51.2
2016-05-17,37.42
2016-05-18,36.32
2016-05-19,32.82
2016-05-20,47.26
2016-05-23,43.54
2016-05-24,63.89
2016-05-25,72.43
2016-05-26,74.4
2016-05-27,79.65
2016-05-31,76.81
2016-06-01,80.96
2016-06-02,83.81
2016-06-03,80.31
2016-06-06,82.49
2016-06-07,82.49
2016-06-08,86.0
2016-06-09,80.09
2016-06-10,62.8
2016-06-13,47.48
2016-06-14,47.92
2016-06-15,42.45
2016-06-16,45.08
2016-06-17,40.48
2016-06-20,53.39
2016-06-21,53.83
2016-06-22,50.55
2016-06-23,76.15
2016-06-24,22.32
2016-06-27,17.29
2016-06-28,26.04
2016-06-29,44.2
2016-06-30,60.61
2016-07-01,64.77
2016-07-05,52.84
2016-07-06,62.66
2016-07-07,62.88
2016-07-08,84.5
2016-07-11,88.21
2016-07-12,93.45
2016-07-13,93.89
2016-07-14,92.36
2016-07-15,90.39
2016-07-18,89.74
2016-07-19,88.21
2016-07-20,85.37
2016-07-21,81.0
2016-07-22,87.12
2016-07-25,82.1
2016-07-26,74.45
2016-07-27,63.54
2016-07-28,65.5
2016-07-29,67.25
2016-08-01,64.41
2016-08-02,51.75
2016-08-03,52.84
2016-08-04,51.31
2016-08-05,60.7
2016-08-08,58.95
2016-08-09,59.17
2016-08-10,58.3
2016-08-11,64.19
2016-08-12,60.92
2016-08-15,66.16
2016-08-16,55.46
2016-08-17,54.9
2016-08-18,60.13
2016-08-19,56.43
2016-08-22,58.39
2016-08-23,62.96
2016-08-24,54.68
2016-08-25,54.68
2016-08-26,50.33
2016-08-29,60.35
2016-08-30,56.86
2016-08-31,50.76
2016-09-01,50.54
2016-09-02,62.75
2016-09-06,66.88
2016-09-07,66.01
2016-09-08,56.64
2016-09-09,18.95
2016-09-12,35.29
2016-09-13,15.69
2016-09-14,14.16
2016-09-15,29.85
2016-09-16,26.8
2016-09-19,34.86
2016-09-20,33.77
2016-09-21,55.65
2016-09-22,71.96
2016-09-23,58.91
2016-09-26,47.61
2016-09-27,60.43
2016-09-28,68.7
2016-09-29,50.0
2016-09-30,63.48
2016-10-03,56.52
2016-10-04,51.3
2016-10-05,55.1
2016-10-06,59.0
2016-10-07,49.24
2016-10-10,53.36
2016-10-11,29.07
2016-10-12,31.02
2016-10-13,24.3
2016-10-14,24.08
2016-10-17,22.56
2016-10-18,30.59
2016-10-19,36.23
2016-10-20,33.19
2016-10-21,33.62
2016-10-24,45.77
2016-10-25,39.91
2016-10-26,41.43
2016-10-27,34.49
2016-10-28,39.26
2016-10-31,44.47
2016-11-01,37.23
2016-11-02,29.44
2016-11-03,30.09
2016-11-04,28.14
2016-11-07,60.39
2016-11-08,67.53
2016-11-09,66.88
2016-11-10,64.07
2016-11-11,63.2
2016-11-14,64.07
2016-11-15,66.02
2016-11-16,67.32
2016-11-17,70.56
2016-11-18,70.13
2016-11-21,75.11
2016-11-22,76.19
2016-11-23,75.97
2016-11-25,79.87
2016-11-28,79.22
2016-11-29,80.74
2016-11-30,70.78
2016-12-01,54.55
2016-12-02,56.06
2016-12-05,61.47
2016-12-06,65.58
2016-12-07,81.17
2016-12-08,82.9
2016-12-09,84.2
2016-12-12,80.3
2016-12-13,83.98
2016-12-14,73.59
2016-12-15,73.81
2016-12-16,68.4
2016-12-19,69.48
2016-12-20,72.51
2016-12-21,70.13
2016-12-22,62.99
2016-12-23,65.58
2016-12-27,71.65
2016-12-28,51.3
2016-12-29,47.62
2016-12-30,36.15
2017-01-03,52.81
2017-01-04,71.21
2017-01-05,60.82
2017-01-06,66.45
2017-01-09,52.16
2017-01-10,55.41
2017-01-11,63.42
2017-01-12,59.74
2017-01-13,64.72
2017-01-17,57.79
2017-01-18,65.37
2017-01-19,53.25
2017-01-20,61.47
2017-01-23,54.33
2017-01-24,69.7
2017-01-25,73.16
2017-01-26,69.91
2017-01-27,66.23
2017-01-30,60.17
2017-01-31,63.42
2017-02-01,54.64
2017-02-02,58.75
2017-02-03,73.0
2017-02-06,68.25
2017-02-07,65.23
2017-02-08,67.6
2017-02-09,77.54
2017-02-10,81.86
2017-02-13,83.37
2017-02-14,83.8
2017-02-15,85.53
2017-02-16,82.07
2017-02-17,82.29
2017-02-21,85.96
2017-02-22,82.51
2017-02-23,77.11
2017-02-24,79.91
2017-02-27,80.78
2017-02-28,75.16
2017-03-01,85.31
2017-03-02,77.32
2017-03-03,76.24
2017-03-06,71.06
2017-03-07,64.15
2017-03-08,56.59
2017-03-09,50.32
2017-03-10,57.24
2017-03-13,59.18
2017-03-14,50.97
2017-03-15,67.17
2017-03-16,61.56
2017-03-17,61.12
2017-03-20,55.94
2017-03-21,32.83
2017-03-22,40.17
2017-03-23,37.8
2017-03-24,36.29
2017-03-27,36.5
2017-03-28,47.52
2017-03-29,53.56
2017-03-30,58.53
2017-03-31,55.29
2017-04-03,47.52
2017-04-04,46.87
2017-04-05,42.76
2017-04-06,47.95
2017-04-07,45.57
2017-04-10,50.97
2017-04-11,51.19
2017-04-12,39.31
2017-04-13,27.0
2017-04-17,51.19
2017-04-18,51.19
2017-04-19,50.32
2017-04-20,63.28
2017-04-21,60.48
2017-04-24,75.38
2017-04-25,79.91
2017-04-26,74.73
2017-04-27,73.43
2017-04-28,66.81
2017-05-01,65.3
2017-05-02,65.95
2017-05-03,61.42
2017-05-04,66.81
2017-05-05,71.34
2017-05-08,66.81
2017-05-09,62.28
2017-05-10,65.3
2017-05-11,61.85
2017-05-12,54.41
2017-05-15,63.87
2017-05-16,58.06
2017-05-17,32.69
2017-05-18,38.71
2017-05-19,48.17
2017-05-22,59.14
2017-05-23,59.57
2017-05-24,64.73
2017-05-25,70.97
2017-05-26,70.32
2017-05-30,68.82
2017-05-31,71.18
2017-06-01,78.28
2017-06-02,80.86
2017-06-05,76.77
2017-06-06,72.04
2017-06-07,73.12
2017-06-08,77.63
2017-06-09,75.27
2017-06-12,72.69
2017-06-13,80.0
2017-06-14,75.48
2017-06-15,72.04
2017-06-16,68.82
2017-06-19,76.56
2017-06-20,65.81
2017-06-21,57.63
2017-06-22,53.12
2017-06-23,54.41
2017-06-26,57.63
2017-06-27,41.51
2017-06-28,58.06
2017-06-29,42.8
2017-06-30,46.88
2017-07-03,52.26
2017-07-05,50.54
2017-07-06,35.05
2017-07-07,49.03
2017-07-10,49.68
2017-07-11,49.68
2017-07-12,61.94
2017-07-13,60.22
2017-07-14,68.6
2017-07-17,71.18
2017-07-18,68.6
2017-07-19,75.91
2017-07-20,72.26
2017-07-21,74.62
2017-07-24,72.26
2017-07-25,75.91
2017-07-26,69.89
2017-07-27,66.45
2017-07-28,66.24
2017-07-31,64.52
2017-08-01,64.73
2017-08-02,59.78
2017-08-03,56.56
2017-08-04,58.49
2017-08-07,59.35
2017-08-08,52.69
2017-08-09,51.4
2017-08-10,33.55
2017-08-11,32.26
2017-08-14,50.54
2017-08-15,47.96
2017-08-16,53.33
2017-08-17,32.26
2017-08-18,29.25
2017-08-21,33.12
2017-08-22,49.68
2017-08-23,43.66
2017-08-24,43.23
2017-08-25,48.82
2017-08-28,47.31
2017-08-29,46.67
2017-08-30,58.28
2017-08-31,69.03
2017-09-01,74.84
2017-09-05,61.72
2017-09-06,64.52
2017-09-07,68.39
2017-09-08,68.17
2017-09-11,77.42
2017-09-12,78.28
2017-09-13,73.33
2017-09-14,76.13
2017-09-15,77.42
2017-09-18,73.55
2017-09-19,73.76
2017-09-20,72.26
2017-09-21,67.31
2017-09-22,67.74
2017-09-25,61.94
2017-09-26,59.57
2017-09-27,64.95
2017-09-28,63.66
2017-09-29,66.88
2017-10-02,71.18
2017-10-03,71.18
2017-10-04,74.19
2017-10-05,80.0
2017-10-06,77.63
2017-10-09,74.41
2017-10-10,77.63
2017-10-11,77.85
2017-10-12,78.28
2017-10-13,76.99
2017-10-16,76.13
2017-10-17,73.33
2017-10-18,71.4
2017-10-19,72.9
2017-10-20,78.71
2017-10-23,75.48
2017-10-24,73.55
2017-10-25,65.16
2017-10-26,67.74
2017-10-27,67.74
2017-10-30,59.35
2017-10-31,61.72
2017-11-01,60.43
2017-11-02,63.44
2017-11-03,61.72
2017-11-06,63.23
2017-11-07,58.28
2017-11-08,60.65
2017-11-09,53.98
2017-11-10,56.56
2017-11-13,58.28
2017-11-14,58.71
2017-11-15,49.25
2017-11-16,58.92
2017-11-17,58.49
2017-11-20,61.08
2017-11-21,67.31
2017-11-22,64.52
2017-11-24,67.74
2017-11-27,65.59
2017-11-28,76.77
2017-11-29,73.98
2017-11-30,76.99
2017-12-01,76.99
2017-12-04,68.39
2017-12-05,61.51
2017-12-06,61.29
2017-12-07,66.45
2017-12-08,71.61
2017-12-11,72.69
2017-12-12,69.03
2017-12-13,67.53
2017-12-14,57.85
2017-12-15,69.89
2017-12-18,75.91
2017-12-19,70.54
2017-12-20,66.24
2017-12-21,64.52
2017-12-22,60.65
2017-12-26,60.0
2017-12-27,63.66
2017-12-28,68.82
2017-12-29,56.56
2018-01-02,62.23
2018-01-03,72.75
2018-01-04,74.25
2018-01-05,78.76
2018-01-08,79.18
2018-01-09,76.61
2018-01-10,74.46
2018-01-11,77.04
2018-01-12,78.54
2018-01-16,73.82
2018-01-17,78.97
2018-01-18,78.11
2018-01-19,80.04
2018-01-22,80.9
2018-01-23,83.05
2018-01-24,80.69
2018-01-25,79.4
2018-01-26,81.55
2018-01-29,74.68
2018-01-30,63.95
2018-01-31,62.88
2018-02-01,56.01
2018-02-02,30.47
2018-02-05,7.3
2018-02-06,9.66
2018-02-07,10.94
2018-02-08,3.43
2018-02-09,6.87
2018-02-12,9.66
2018-02-13,12.45
2018-02-14,25.11
2018-02-15,40.34
2018-02-16,43.56
2018-02-20,38.2
2018-02-21,34.12
2018-02-22,37.55
2018-02-23,62.02
2018-02-26,73.18
2018-02-27,57.73
2018-02-28,46.57
2018-03-01,35.41
2018-03-02,45.92
2018-03-05,63.3
2018-03-06,66.95
2018-03-07,65.45
2018-03-08,72.32
2018-03-09,81.33
2018-03-12,79.4
2018-03-13,74.68
2018-03-14,66.31
2018-03-15,62.45
2018-03-16,69.74
2018-03-19,54.08
2018-03-20,57.51
2018-03-21,55.79
2018-03-22,25.11
2018-03-23,11.37
2018-03-26,28.97
2018-03-27,20.82
2018-03-28,20.17
2018-03-29,31.12
2018-04-02,15.88
2018-04-03,22.75
2018-04-04,35.41
2018-04-05,45.06
2018-04-06,25.11
2018-04-09,27.47
2018-04-10,46.57
2018-04-11,38.41
2018-04-12,52.79
2018-04-13,48.5
2018-04-16,70.82
2018-04-17,81.55
2018-04-18,83.48
2018-04-19,75.32
2018-04-20,65.24
2018-04-23,65.02
2018-04-24,50.21
2018-04-25,50.21
2018-04-26,58.15
2018-04-27,60.09
2018-04-30,48.71
2018-05-01,49.14
2018-05-02,42.06
2018-05-03,40.77
2018-05-04,53.65
2018-05-07,55.36
2018-05-08,53.0
2018-05-09,60.3
2018-05-10,65.02
2018-05-11,68.88
2018-05-14,69.1
2018-05-15,61.16
2018-05-16,67.81
2018-05-17,67.6
2018-05-18,65.02
2018-05-21,73.39
2018-05-22,68.88
2018-05-23,72.75
2018-05-24,68.67
2018-05-25,68.45
2018-05-29,53.22
2018-05-30,69.53
2018-05-31,54.51
2018-06-01,65.02
2018-06-04,66.31
2018-06-05,66.74
2018-06-06,72.75
2018-06-07,74.25
2018-06-08,79.61
2018-06-11,80.69
2018-06-12,79.83
2018-06-13,71.67
2018-06-14,72.53
2018-06-15,69.74
2018-06-18,65.45
2018-06-19,61.8
2018-06-20,62.66
2018-06-21,52.58
2018-06-22,54.51
2018-06-25,38.2
2018-06-26,35.84
2018-06-27,28.97
2018-06-28,32.83
2018-06-29,33.91
2018-07-02,33.69
2018-07-03,31.97
2018-07-05,44.42
2018-07-06,55.15
2018-07-09,70.82
2018-07-10,75.32
2018-07-11,60.3
2018-07-12,71.89
2018-07-13,75.75
2018-07-16,70.6
2018-07-17,77.9
2018-07-18,77.68
2018-07-19,77.47
2018-07-20,69.1
2018-07-23,67.17
2018-07-24,64.16
2018-07-25,70.82
2018-07-26,74.46
2018-07-27,59.01
2018-07-30,51.07
2018-07-31,58.37
2018-08-01,53.22
2018-08-02,60.39
2018-08-03,62.1
2018-08-06,67.88
2018-08-07,70.66
2018-08-08,67.24
2018-08-09,68.52
2018-08-10,57.17
2018-08-13,51.61
2018-08-14,60.39
2018-08-15,52.25
2018-08-16,61.46
2018-08-17,65.52
2018-08-20,68.31
2018-08-21,72.59
2018-08-22,70.45
2018-08-23,63.81
2018-08-24,71.52
2018-08-27,81.16
2018-08-28,81.37
2018-08-29,83.51
2018-08-30,72.59
2018-08-31,71.31
2018-09-04,67.67
2018-09-05,69.59
2018-09-06,67.88
2018-09-07,62.74
2018-09-10,65.52
2018-09-11,64.88
2018-09-12,63.6
2018-09-13,69.16
2018-09-14,69.16
2018-09-17,60.39
2018-09-18,64.67
2018-09-19,58.46
2018-09-20,66.17
2018-09-21,65.31
2018-09-24,54.18
2018-09-25,52.25
2018-09-26,44.75
2018-09-27,45.82
2018-09-28,49.68
2018-10-01,47.75
2018-10-02,46.25
2018-10-03,42.61
2018-10-04,30.84
2018-10-05,29.98
2018-10-08,35.55
2018-10-09,33.4
2018-10-10,13.28
2018-10-11,3.21
2018-10-12,5.57
2018-10-15,8.35
2018-10-16,23.55
2018-10-17,23.98
2018-10-18,20.56
2018-10-19,24.84
2018-10-22,20.13
2018-10-23,18.84
2018-10-24,16.49
2018-10-25,19.7
2018-10-26,14.99
2018-10-29,20.13
2018-10-30,30.84
2018-10-31,37.47
2018-11-01,53.32
2018-11-02,50.32
2018-11-05,62.31
2018-11-06,70.88
2018-11-07,83.73
2018-11-08,81.58
2018-11-09,75.16
2018-11-12,58.89
2018-11-13,61.24
2018-11-14,56.1
2018-11-15,67.88
2018-11-16,70.02
2018-11-19,55.25
2018-11-20,40.26
2018-11-21,43.25
2018-11-23,39.83
2018-11-26,53.1
2018-11-27,48.39
2018-11-28,70.88
2018-11-29,68.09
2018-11-30,71.95
2018-12-03,81.37
2018-12-04,42.4
2018-12-06,41.11
2018-12-07,20.09
2018-12-10,24.15
2018-12-11,27.35
2018-12-12,31.62
2018-12-13,32.91
2018-12-14,18.38
2018-12-17,5.77
2018-12-18,7.05
2018-12-19,4.06
2018-12-20,2.35
2018-12-21,1.07
2018-12-24,0.21
2018-12-26,4.49
2018-12-27,7.48
2018-12-28,8.55
2018-12-31,18.59
2019-01-02,21.79
2019-01-03,8.33
2019-01-04,43.8
2019-01-07,57.05
2019-01-08,72.65
2019-01-09,79.06
2019-01-10,86.32
2019-01-11,87.82
2019-01-14,85.26
2019-01-15,91.45
2019-01-16,91.45
2019-01-17,93.8
2019-01-18,96.37
2019-01-22,92.09
2019-01-23,90.38
2019-01-24,88.46
2019-01-25,89.53
2019-01-28,86.32
2019-01-29,84.62
2019-01-30,89.53
2019-01-31,91.88
2019-02-01,90.81
2019-02-04,92.09
2019-02-05,92.09
2019-02-06,88.46
2019-02-07,83.33
2019-02-08,80.98
2019-02-11,80.34
2019-02-12,85.68
2019-02-13,86.97
2019-02-14,83.55
2019-02-15,91.67
2019-02-19,93.16
2019-02-20,91.45
2019-02-21,88.03
2019-02-22,88.89
2019-02-25,86.97
2019-02-26,83.55
2019-02-27,79.27
2019-02-28,76.71
2019-03-01,77.99
2019-03-04,73.29
2019-03-05,69.02
2019-03-06,52.35
2019-03-07,41.67
2019-03-08,35.9
2019-03-11,56.84
2019-03-12,58.0
2019-03-13,65.74
2019-03-14,63.83
2019-03-15,66.38
2019-03-18,71.7
2019-03-19,68.72
2019-03-20,55.63
2019-03-21,76.65
2019-03-22,50.74
2019-03-25,50.96
2019-03-26,60.72
2019-03-27,54.78
2019-03-28,60.3
2019-03-29,71.97
2019-04-01,85.56
2019-04-02,80.89
2019-04-03,79.41
2019-04-04,76.65
2019-04-05,82.59
2019-04-08,80.04
2019-04-09,73.89
2019-04-10,80.25
2019-04-11,80.47
2019-04-12,81.53
2019-04-15,79.83
2019-04-16,70.7
2019-04-17,64.12
2019-04-18,65.18
2019-04-22,63.48
2019-04-23,68.58
2019-04-24,70.06
2019-04-25,64.33
2019-04-26,69.21
2019-04-29,62.85
2019-04-30,69.43
2019-05-01,59.66
2019-05-02,58.6
2019-05-03,67.73
2019-05-06,61.57
2019-05-07,41.4
2019-05-08,36.31
2019-05-09,36.52
2019-05-10,45.55
2019-05-13,29.03
2019-05-14,34.53
2019-05-15,39.83
2019-05-16,47.25
2019-05-17,41.53
2019-05-20,36.44
2019-05-21,46.61
2019-05-22,46.61
2019-05-23,35.17
2019-05-24,36.36
2019-05-28,27.48
2019-05-29,20.3
2019-05-30,26.22
2019-05-31,23.47
2019-06-03,28.54
2019-06-04,50.74
2019-06-05,65.54
2019-06-06,69.34
2019-06-07,76.74
2019-06-10,80.97
2019-06-11,80.55
2019-06-12,76.16
2019-06-13,83.97
2019-06-14,79.96
2019-06-17,78.9
2019-06-18,87.97
2019-06-19,89.87
2019-06-20,93.04
2019-06-21,88.82
2019-06-24,85.65
2019-06-25,78.06
2019-06-26,64.77
2019-06-27,69.83
2019-06-28,75.74
2019-07-01,78.06
2019-07-02,82.49
2019-07-03,89.24
2019-07-05,85.65
2019-07-08,78.9
2019-07-09,77.43
2019-07-10,77.64
2019-07-11,75.11
2019-07-12,81.86
2019-07-15,79.32
2019-07-16,73.0
2019-07-17,58.23
2019-07-18,63.08
2019-07-19,52.11
2019-07-22,54.01
2019-07-23,62.87
2019-07-24,64.98
2019-07-25,57.59
2019-07-26,63.08
2019-07-29,60.97
2019-07-30,59.7
2019-07-31,45.36
2019-08-01,34.39
2019-08-02,30.59
2019-08-05,12.24
2019-08-06,23.63
2019-08-07,27.43
2019-08-08,43.25
2019-08-09,37.34
2019-08-12,30.8
2019-08-13,42.19
2019-08-14,21.52
2019-08-15,28.06
2019-08-16,40.51
2019-08-19,48.73
2019-08-20,42.62
2019-08-21,53.16
2019-08-22,52.32
2019-08-23,29.96
2019-08-26,41.14
2019-08-27,38.61
2019-08-28,47.89
2019-08-29,66.88
2019-08-30,72.36
2019-09-03,54.85
2019-09-04,73.0
2019-09-05,86.29
2019-09-06,86.5
2019-09-09,74.89
2019-09-10,69.2
2019-09-11,72.57
2019-09-12,74.89
2019-09-13,72.15
2019-09-16,73.21
2019-09-17,80.8
2019-09-18,78.27
2019-09-19,78.11
2019-09-20,72.42
2019-09-23,69.26
2019-09-24,54.32
2019-09-25,61.47
2019-09-26,55.79
2019-09-27,45.47
2019-09-30,52.42
2019-10-01,28.63
2019-10-02,13.05
2019-10-03,20.0
2019-10-04,36.42
2019-10-07,30.32
2019-10-08,17.26
2019-10-09,26.74
2019-10-10,32.21
2019-10-11,52.0
2019-10-14,49.26
2019-10-15,64.21
2019-10-16,61.26
2019-10-17,66.53
2019-10-18,64.21
2019-10-21,71.58
2019-10-22,65.05
2019-10-23,68.21
2019-10-24,70.95
2019-10-25,70.74
2019-10-28,69.68
2019-10-29,70.95
2019-10-30,75.16
2019-10-31,68.63
2019-11-01,74.95
2019-11-04,69.89
2019-11-05,65.47
2019-11-06,64.42
2019-11-07,65.89
2019-11-08,65.68
2019-11-11,65.26
2019-11-12,66.11
2019-11-13,67.37
2019-11-14,70.11
2019-11-15,73.47
2019-11-18,72.84
2019-11-19,72.42
2019-11-20,66.95
2019-11-21,60.42
2019-11-22,60.63
2019-11-25,73.26
2019-11-26,77.68
2019-11-27,81.05
2019-11-29,74.53
2019-12-02,56.21
2019-12-03,44.42
2019-12-04,56.63
2019-12-05,60.21
2019-12-06,68.21
2019-12-09,61.68
2019-12-10,57.47
2019-12-11,60.21
2019-12-12,66.53
2019-12-13,64.84
2019-12-16,74.11
2019-12-17,74.95
2019-12-18,69.68
2019-12-19,75.58
2019-12-20,80.63
2019-12-23,77.68
2019-12-24,81.26
2019-12-26,83.37
2019-12-27,82.11
2019-12-30,75.79
2019-12-31,82.11
2020-01-02,77.47
2020-01-03,70.11
2020-01-06,68.63
2020-01-07,59.58
2020-01-08,62.74
2020-01-09,67.58
2020-01-10,64.0
2020-01-13,71.16
2020-01-14,71.79
2020-01-15,72.63
2020-01-16,81.47
2020-01-17,80.42
2020-01-21,72.63
2020-01-22,70.95
2020-01-23,71.79
2020-01-24,58.74
2020-01-27,46.53
2020-01-28,54.32
2020-01-29,50.11
2020-01-30,53.05
2020-01-31,33.47
2020-02-03,43.58
2020-02-04,55.58
2020-02-05,68.42
2020-02-06,66.32
2020-02-07,58.74
2020-02-10,65.68
2020-02-11,69.47
2020-02-12,76.84
2020-02-13,75.16
2020-02-14,74.74
2020-02-18,68.84
2020-02-19,73.26
2020-02-20,71.58
2020-02-21,61.26
2020-02-24,26.95
2020-02-25,10.11
2020-02-26,10.11
2020-02-27,2.32
2020-02-28,1.68
2020-03-02,7.16
2020-03-03,3.79
2020-03-04,24.84
2020-03-05,13.05
2020-03-06,9.68
2020-03-09,3.79
2020-03-10,5.89
2020-03-11,2.32
2020-03-12,0.21
2020-03-13,2.74
2020-03-16,1.26
2020-03-17,5.68
2020-03-18,4.42
2020-03-19,2.94
2020-03-20,1.47
2020-03-23,1.47
2020-03-24,6.5
2020-03-25,7.13
2020-03-26,28.93
2020-03-27,17.19
2020-03-30,44.44
2020-03-31,35.43
2020-04-01,20.13
2020-04-02,37.53
2020-04-03,35.01
2020-04-06,77.78
2020-04-07,87.63
2020-04-08,97.69
2020-04-09,98.32
2020-04-13,98.11
2020-04-14,98.53
2020-04-15,92.87
2020-04-16,86.37
2020-04-17,96.44
2020-04-20,90.99
2020-04-21,68.97
2020-04-22,76.73
2020-04-23,73.58
2020-04-24,81.55
2020-04-27,92.45
2020-04-28,92.87
2020-04-29,90.57
2020-04-30,83.65
2020-05-01,62.89
2020-05-04,55.77
2020-05-05,59.96
2020-05-06,49.9
2020-05-07,59.96
2020-05-08,76.52
2020-05-11,69.39
2020-05-12,48.64
2020-05-13,33.96
2020-05-14,42.56
2020-05-15,41.93
2020-05-18,77.78
2020-05-19,65.41
2020-05-20,76.52
2020-05-21,69.6
2020-05-22,70.65
2020-05-26,84.28
2020-05-27,89.1
2020-05-28,92.87
2020-05-29,95.18
2020-06-01,94.34
2020-06-02,95.18
2020-06-03,94.55
2020-06-04,90.78
2020-06-05,92.24
2020-06-08,94.55
2020-06-09,92.45
2020-06-10,93.08
2020-06-11,33.96
2020-06-12,47.38
2020-06-15,54.93
2020-06-16,72.33
2020-06-17,59.12
2020-06-18,53.46
2020-06-19,40.25
2020-06-22,39.62
2020-06-23,38.36
2020-06-24,16.77
2020-06-25,24.95
2020-06-26,15.93
2020-06-29,20.55
2020-06-30,35.22
2020-07-01,36.06
2020-07-02,42.98
2020-07-06,58.28
2020-07-07,45.7
2020-07-08,52.2
2020-07-09,44.23
2020-07-10,54.09
2020-07-13,48.64
2020-07-14,66.67
2020-07-15,81.97
2020-07-16,79.45
2020-07-17,81.76
2020-07-20,79.66
2020-07-21,88.26
2020-07-22,89.52
2020-07-23,82.39
2020-07-24,74.84
2020-07-27,75.05
2020-07-28,67.3
2020-07-29,80.5
2020-07-30,67.71
2020-07-31,67.09
2020-08-03,69.39
2020-08-04,71.49
2020-08-05,75.26
2020-08-06,72.33
2020-08-07,76.94
2020-08-10,78.62
2020-08-11,72.54
2020-08-12,79.66
2020-08-13,77.57
2020-08-14,76.31
2020-08-17,76.94
2020-08-18,72.54
2020-08-19,65.83
2020-08-20,57.86
2020-08-21,54.09
2020-08-24,67.71
2020-08-25,65.83
2020-08-26,62.68
2020-08-27,68.55
2020-08-28,70.86
2020-08-31,62.68
2020-09-01,63.1
2020-09-02,81.97
2020-09-03,50.94
2020-09-04,44.65
2020-09-08,24.32
2020-09-09,39.83
2020-09-10,27.04
2020-09-11,33.54
2020-09-14,51.36
2020-09-15,53.04
2020-09-16,56.6
2020-09-17,50.94
2020-09-18,40.67
2020-09-21,14.26
2020-09-22,21.8
2020-09-23,8.6
2020-09-24,10.06
2020-09-25,23.69
2020-09-28,44.44
2020-09-29,40.88
2020-09-30,51.88
2020-10-01,53.56
2020-10-02,60.88
2020-10-05,78.45
2020-10-06,68.41
2020-10-07,80.96
2020-10-08,89.54
2020-10-09,90.17
2020-10-12,91.84
2020-10-13,85.36
2020-10-14,83.47
2020-10-15,84.1
2020-10-16,82.64
2020-10-19,66.53
2020-10-20,69.04
2020-10-21,61.51
2020-10-22,64.44
2020-10-23,65.06
2020-10-26,40.38
2020-10-27,27.82
2020-10-28,10.67
2020-10-29,15.48
2020-10-30,13.39
2020-11-02,30.54
2020-11-03,48.54
2020-11-04,50.0
2020-11-05,70.08
2020-11-06,65.48
2020-11-09,76.36
2020-11-10,77.62
2020-11-11,84.52
2020-11-12,80.33
2020-11-13,85.36
2020-11-16,88.08
2020-11-17,85.56
2020-11-18,80.33
2020-11-19,80.75
2020-11-20,79.08
2020-11-23,79.71
2020-11-24,83.05
2020-11-25,81.17
2020-11-27,81.38
2020-11-30,77.62
2020-12-01,79.92
2020-12-02,73.43
2020-12-03,70.92
2020-12-04,76.36
2020-12-07,70.92
2020-12-08,73.64
2020-12-09,69.1
2020-12-10,60.21
2020-12-11,55.42
2020-12-14,46.04
2020-12-15,65.62
2020-12-16,61.88
2020-12-17,68.96
2020-12-18,63.54
2020-12-21,54.79
2020-12-22,49.58
2020-12-23,55.0
2020-12-24,60.0
2020-12-28,61.88
2020-12-29,52.71
2020-12-30,61.04
2020-12-31,72.08
2021-01-04,44.38
2021-01-05,54.17
2021-01-06,71.67
2021-01-07,73.33
2021-01-08,76.04
2021-01-11,70.0
2021-01-12,68.54
2021-01-13,69.17
2021-01-14,66.04
2021-01-15,64.38
2021-01-19,65.42
2021-01-20,74.58
2021-01-21,66.88
2021-01-22,58.96
2021-01-25,58.75
2021-01-26,49.17
2021-01-27,28.12
2021-01-28,34.38
2021-01-29,21.25
2021-02-01,31.46
2021-02-02,43.54
2021-02-03,43.54
2021-02-04,60.62
2021-02-05,66.04
2021-02-08,75.21
2021-02-09,72.92
2021-02-10,75.68
2021-02-11,73.39
2021-02-12,73.6
2021-02-16,69.85
2021-02-17,67.78
2021-02-18,68.4
2021-02-19,67.36
2021-02-22,61.33
2021-02-23,59.25
2021-02-24,65.07
2021-02-25,52.6
2021-02-26,45.74
2021-03-01,60.08
2021-03-02,56.55
2021-03-03,49.06
2021-03-04,37.63
2021-03-05,56.96
2021-03-08,61.12
2021-03-09,64.66
2021-03-10,70.06
2021-03-11,75.68
2021-03-12,78.38
2021-03-15,84.62
2021-03-16,80.87
2021-03-17,82.74
2021-03-18,68.4
2021-03-19,66.32
2021-03-22,67.36
2021-03-23,51.77
2021-03-24,50.94
2021-03-25,61.95
2021-03-26,79.0
2021-03-29,70.06
2021-03-30,73.8
2021-03-31,71.52
2021-04-01,80.46
2021-04-05,84.82
2021-04-06,84.82
2021-04-07,80.87
2021-04-08,80.04
2021-04-09,83.78
2021-04-12,85.03
2021-04-13,81.29
2021-04-14,86.51
2021-04-15,87.58
2021-04-16,89.86
2021-04-19,85.09
2021-04-20,72.05
2021-04-21,82.61
2021-04-22,71.01
2021-04-23,78.47
2021-04-26,79.5
2021-04-27,76.4
2021-04-28,72.46
2021-04-29,75.98
2021-04-30,64.39
2021-05-03,71.22
2021-05-04,62.94
2021-05-05,61.28
2021-05-06,65.01
2021-05-07,71.84
2021-05-10,66.67
2021-05-11,57.35
2021-05-12,34.58
2021-05-13,49.28
2021-05-14,59.01
2021-05-17,55.28
2021-05-18,47.62
2021-05-19,38.3
2021-05-20,50.1
2021-05-21,51.76
2021-05-24,64.6
2021-05-25,54.24
2021-05-26,58.59
2021-05-27,64.6
2021-05-28,66.87
2021-06-01,66.05
2021-06-02,65.84
2021-06-03,62.11
2021-06-04,67.91
2021-06-07,62.53
2021-06-08,64.6
2021-06-09,59.21
2021-06-10,61.28
2021-06-11,64.8
2021-06-14,58.18
2021-06-15,59.63
2021-06-16,47.0
2021-06-17,41.61
2021-06-18,25.26
2021-06-21,41.2
2021-06-22,40.58
2021-06-23,38.1
2021-06-24,44.72
2021-06-25,53.83
2021-06-28,47.41
2021-06-29,47.2
2021-06-30,49.07
2021-07-01,59.83
2021-07-02,61.28
2021-07-06,51.14
2021-07-07,59.42
2021-07-08,48.03
2021-07-09,66.46
2021-07-12,70.39
2021-07-13,59.63
2021-07-14,59.21
2021-07-15,56.94
2021-07-16,49.9
2021-07-19,30.85
2021-07-20,48.24
2021-07-21,57.76
2021-07-22,50.52
2021-07-23,63.35
2021-07-26,65.84
2021-07-27,61.9
2021-07-28,62.11
2021-07-29,70.66
2021-07-30,64.46
2021-08-02,60.54
2021-08-03,68.6
2021-08-04,56.4
2021-08-05,67.15
2021-08-06,71.07
2021-08-09,65.29
2021-08-10,67.77
2021-08-11,72.52
2021-08-12,71.28
2021-08-13,71.9
2021-08-16,71.49
2021-08-17,61.57
2021-08-18,47.31
2021-08-19,44.42
2021-08-20,52.69
2021-08-23,58.88
2021-08-24,64.05
2021-08-25,66.94
2021-08-26,57.44
2021-08-27,70.45
2021-08-30,68.8
2021-08-31,69.63
2021-09-01,66.94
2021-09-02,75.0
2021-09-03,67.36
2021-09-07,50.83
2021-09-08,51.65
2021-09-09,47.52
2021-09-10,37.81
2021-09-13,41.53
2021-09-14,33.47
2021-09-15,44.42
2021-09-16,41.74
2021-09-17,29.55
2021-09-20,14.67
2021-09-21,14.88
2021-09-22,26.24
2021-09-23,42.15
2021-09-24,41.12
2021-09-27,39.46
2021-09-28,27.69
2021-09-29,31.4
2021-09-30,20.66
2021-10-01,30.99
2021-10-04,29.55
2021-10-05,35.12
2021-10-06,41.32
2021-10-07,53.72
2021-10-08,49.17
2021-10-11,45.04
2021-10-12,44.83
2021-10-13,48.76
2021-10-14,71.07
2021-10-15,74.38
2021-10-18,73.14
2021-10-19,79.55
2021-10-20,83.88
2021-10-21,84.09
2021-10-22,84.09
2021-10-25,82.85
2021-10-26,82.85
2021-10-27,67.98
2021-10-28,74.17
2021-10-29,69.21
2021-11-01,74.79
2021-11-02,72.73
2021-11-03,76.24
2021-11-04,70.04
2021-11-05,75.21
2021-11-08,75.0
2021-11-09,71.28
2021-11-10,68.8
2021-11-11,66.12
2021-11-12,67.77
2021-11-15,69.01
2021-11-16,67.15
2021-11-17,61.16
2021-11-18,55.79
2021-11-19,48.14
2021-11-22,50.21
2021-11-23,56.4
2021-11-24,54.34
2021-11-26,23.76
2021-11-29,36.36
2021-11-30,12.19
2021-12-01,10.12
2021-12-02,24.17
2021-12-03,25.83
2021-12-06,38.43
2021-12-07,59.3
2021-12-08,66.12
2021-12-09,55.99
2021-12-10,64.05
2021-12-13,54.13
2021-12-14,46.69
2021-12-15,60.54
2021-12-16,59.3
2021-12-17,45.45
2021-12-20,33.06
2021-12-21,56.82
2021-12-22,67.15
2021-12-23,76.65
2021-12-27,90.29
2021-12-28,90.91
2021-12-29,89.05
2021-12-30,88.22
2021-12-31,86.78
2022-01-03,78.93
2022-01-04,78.1
2022-01-05,61.57
2022-01-06,62.19
2022-01-07,55.58
2022-01-10,50.41
2022-01-11,54.75
2022-01-12,55.17
2022-01-13,50.83
2022-01-14,46.9
2022-01-18,34.09
2022-01-19,28.87
2022-01-20,21.86
2022-01-21,14.23
2022-01-24,13.4
2022-01-25,11.55
2022-01-26,9.69
2022-01-27,11.13
2022-01-28,20.82
2022-01-31,29.28
2022-02-01,36.7
2022-02-02,51.96
2022-02-03,40.21
2022-02-04,44.12
2022-02-07,47.01
2022-02-08,54.02
2022-02-09,71.34
2022-02-10,52.37
2022-02-11,41.65
2022-02-14,39.18
2022-02-15,52.16
2022-02-16,53.61
2022-02-17,38.14
2022-02-18,34.64
2022-02-22,25.57
2022-02-23,16.08
2022-02-24,19.38
2022-02-25,43.71
2022-02-28,36.49
2022-03-01,29.28
2022-03-02,45.57
2022-03-03,49.69
2022-03-04,45.57
2022-03-07,33.4
2022-03-08,24.54
2022-03-09,39.38
2022-03-10,36.49
2022-03-11,32.58
2022-03-14,31.75
2022-03-15,43.92
2022-03-16,67.63
2022-03-17,80.62
2022-03-18,85.15
2022-03-21,84.54
2022-03-22,90.31
2022-03-23,73.61
2022-03-24,82.47
2022-03-25,86.19
2022-03-28,88.45
2022-03-29,94.02
2022-03-30,90.31
2022-03-31,79.59
2022-04-01,78.35
2022-04-04,78.56
2022-04-05,65.36
2022-04-06,55.88
2022-04-07,55.46
2022-04-08,55.26
2022-04-11,47.84
2022-04-12,42.68
2022-04-13,49.69
2022-04-14,44.74
2022-04-18,40.41
2022-04-19,52.78
2022-04-20,62.89
2022-04-21,51.13
2022-04-22,23.92
2022-04-25,23.92
2022-04-26,14.02
2022-04-27,16.91
2022-04-28,29.07
2022-04-29,11.13
2022-05-02,13.81
2022-05-03,19.38
2022-05-04,43.51
2022-05-05,22.06
2022-05-06,18.97
2022-05-09,9.69
2022-05-10,9.48
2022-05-11,7.84
2022-05-12,11.55
2022-05-13,20.82
2022-05-16,21.65
2022-05-17,40.0
2022-05-18,16.91
2022-05-19,16.7
2022-05-20,21.86
2022-05-23,34.43
2022-05-24,33.2
2022-05-25,42.89
2022-05-26,68.04
2022-05-27,85.98
2022-05-31,82.06
2022-06-01,71.96
2022-06-02,88.45
2022-06-03,78.35
2022-06-06,79.59
2022-06-07,86.6
2022-06-08,70.1
2022-06-09,38.76
2022-06-10,12.99
2022-06-13,3.09
2022-06-14,3.71
2022-06-15,4.95
2022-06-16,1.86
2022-06-17,2.47
2022-06-21,6.39
2022-06-22,8.45
2022-06-23,19.59
2022-06-24,37.73
2022-06-27,37.32
2022-06-28,23.3
2022-06-29,26.6
2022-06-30,28.25
2022-07-01,43.71
2022-07-05,44.33
2022-07-06,50.93
2022-07-07,69.07
2022-07-08,66.8
2022-07-11,59.79
2022-07-12,55.46
2022-07-13,47.42
2022-07-14,38.76
2022-07-15,65.57
2022-07-18,51.13
2022-07-19,79.79
2022-07-20,77.53
2022-07-21,78.76
2022-07-22,76.91
2022-07-25,83.51
2022-07-26,77.94
2022-07-27,85.98
2022-07-28,85.57
2022-07-29,87.84
2022-08-01,87.01
2022-08-02,82.89
2022-08-03,84.54
2022-08-04,81.03
2022-08-05,82.47
2022-08-08,83.3
2022-08-09,80.62
2022-08-10,87.84
2022-08-11,88.87
2022-08-12,93.61
2022-08-15,92.37
2022-08-16,92.16
2022-08-17,87.22
2022-08-18,89.28
2022-08-19,78.35
2022-08-22,45.77
2022-08-23,39.59
2022-08-24,41.03
2022-08-25,57.94
2022-08-26,21.03
2022-08-29,18.35
2022-08-30,9.48
2022-08-31,6.39
2022-09-01,7.42
2022-09-02,5.98
2022-09-06,5.36
2022-09-07,17.94
2022-09-08,31.13
2022-09-09,47.42
2022-09-12,68.25
2022-09-13,18.56
2022-09-14,23.92
2022-09-15,23.09
2022-09-16,15.88
2022-09-19,24.33
2022-09-20,14.23
2022-09-21,7.22
2022-09-22,5.77
2022-09-23,2.89
2022-09-26,1.65
2022-09-27,2.47
2022-09-28,8.45
2022-09-29,4.95
2022-09-30,2.89
2022-10-03,15.26
2022-10-04,50.1
2022-10-05,48.87
2022-10-06,42.06
2022-10-07,20.21
2022-10-10,23.71
2022-10-11,24.95
2022-10-12,21.24
2022-10-13,44.54
2022-10-14,26.8
2022-10-17,54.02
2022-10-18,72.78
2022-10-19,59.18
2022-10-20,43.51
2022-10-21,67.01
2022-10-24,72.58
2022-10-25,89.69
2022-10-26,85.98
2022-10-27,84.12
2022-10-28,89.28
2022-10-31,87.42
2022-11-01,88.66
2022-11-02,74.23
2022-11-03,68.45
2022-11-04,76.49
2022-11-07,78.14
2022-11-08,78.56
2022-11-09,68.04
2022-11-10,88.45
2022-11-11,85.98
2022-11-14,82.68
2022-11-15,84.33
2022-11-16,80.21
2022-11-17,78.76
2022-11-18,82.47
2022-11-21,81.44
2022-11-22,86.39
2022-11-23,88.04
2022-11-25,88.04
2022-11-28,75.67
2022-11-29,77.53
2022-11-30,90.52
2022-12-01,87.42
2022-12-02,85.36
2022-12-05,64.95
2022-12-06,47.01
2022-12-07,42.68
2022-12-08,47.01
2022-12-09,38.76
2022-12-12,57.11
2022-12-13,64.74
2022-12-14,57.32
2022-12-15,25.51
2022-12-16,13.37
2022-12-19,10.08
2022-12-20,11.52
2022-12-21,25.31
2022-12-22,16.67
2022-12-23,26.13
2022-12-27,30.66
2022-12-28,15.02
2022-12-29,36.83
2022-12-30,30.25
2023-01-03,35.8
2023-01-04,54.53
2023-01-05,41.15
2023-01-06,69.34
2023-01-09,68.72
2023-01-10,73.66
2023-01-11,82.72
2023-01-12,82.3
2023-01-13,84.16
2023-01-17,81.69
2023-01-18,67.9
2023-01-19,54.32
2023-01-20,68.11
2023-01-23,72.84
2023-01-24,72.84
2023-01-25,71.19
2023-01-26,76.34
2023-01-27,73.25
2023-01-30,64.61
2023-01-31,77.57
2023-02-01,79.01
2023-02-02,74.9
2023-02-03,67.28
2023-02-06,62.76
2023-02-07,68.11
2023-02-08,59.47
2023-02-09,51.44
2023-02-10,54.12
2023-02-13,69.96
2023-02-14,63.58
2023-02-15,66.46
2023-02-16,50.41
2023-02-17,49.59
2023-02-21,24.9
2023-02-22,23.66
2023-02-23,25.1
2023-02-24,20.78
2023-02-27,20.78
2023-02-28,18.93
2023-03-01,19.34
2023-03-02,27.98
2023-03-03,42.39
2023-03-06,41.15
2023-03-07,25.72
2023-03-08,29.42
2023-03-09,14.4
2023-03-10,7.82
2023-03-13,9.67
2023-03-14,22.63
2023-03-15,20.58
2023-03-16,28.81
2023-03-17,24.28
2023-03-20,33.13
2023-03-21,38.89
2023-03-22,23.66
2023-03-23,24.9
2023-03-24,34.57
2023-03-27,39.3
2023-03-28,43.0
2023-03-29,61.93
2023-03-30,69.96
2023-03-31,88.68
2023-04-03,89.92
2023-04-04,78.19
2023-04-05,72.43
2023-04-06,71.81
2023-04-10,81.28
2023-04-11,82.92
2023-04-12,77.57
2023-04-13,83.54
2023-04-14,77.37
2023-04-17,83.33
2023-04-18,84.57
2023-04-19,79.22
2023-04-20,70.78
2023-04-21,68.31
2023-04-24,66.87
2023-04-25,43.21
2023-04-26,28.4
2023-04-27,47.94
2023-04-28,56.58
2023-05-01,55.35
2023-05-02,40.12
2023-05-03,36.83
2023-05-04,35.11
2023-05-05,48.67
2023-05-08,47.84
2023-05-09,43.74
2023-05-10,44.56
2023-05-11,41.89
2023-05-12,41.48
2023-05-15,46.2
2023-05-16,33.68
2023-05-17,42.71
2023-05-18,49.49
2023-05-19,48.46
2023-05-22,50.1
2023-05-23,38.19
2023-05-24,27.93
2023-05-25,30.39
2023-05-26,38.81
2023-05-30,37.78
2023-05-31,30.8
2023-06-01,37.37
2023-06-02,66.74
2023-06-05,61.81
2023-06-06,66.53
2023-06-07,74.54
2023-06-08,73.92
2023-06-09,73.72
2023-06-12,78.44
2023-06-13,83.16
2023-06-14,80.49
2023-06-15,89.94
2023-06-16,89.32
2023-06-20,79.88
2023-06-21,79.47
2023-06-22,70.84
2023-06-23,57.49
2023-06-26,65.09
2023-06-27,72.07
2023-06-28,67.97
2023-06-29,74.33
2023-06-30,80.49
2023-07-03,87.68
2023-07-05,81.93
2023-07-06,65.71
2023-07-07,65.09
2023-07-10,73.92
2023-07-11,83.16
2023-07-12,83.78
2023-07-13,85.63
2023-07-14,81.11
2023-07-17,80.7
2023-07-18,79.26
2023-07-19,83.16
2023-07-20,82.96
2023-07-21,82.96
2023-07-24,80.7
2023-07-25,79.67
2023-07-26,76.18
2023-07-27,66.12
2023-07-28,65.3
2023-07-31,69.61
2023-08-01,64.07
2023-08-02,53.39
2023-08-03,46.41
2023-08-04,41.27
2023-08-07,49.69
2023-08-08,43.33
2023-08-09,37.58
2023-08-10,38.6
2023-08-11,37.58
2023-08-14,39.63
2023-08-15,28.54
2023-08-16,21.56
2023-08-17,15.61
2023-08-18,17.25
2023-08-21,19.1
2023-08-22,17.86
2023-08-23,25.87
2023-08-24,16.84
2023-08-25,26.49
2023-08-28,37.58
2023-08-29,56.67
2023-08-30,61.19
2023-08-31,57.29
2023-09-01,62.42
2023-09-05,48.05
2023-09-06,44.56
2023-09-07,44.76
2023-09-08,44.76
2023-09-11,49.9
2023-09-12,51.13
2023-09-13,46.41
2023-09-14,61.19
2023-09-15,49.49
2023-09-18,47.02
2023-09-19,41.89
2023-09-20,36.14
2023-09-21,22.38
2023-09-22,18.69
2023-09-25,20.74
2023-09-26,11.5
2023-09-27,13.76
2023-09-28,21.36
2023-09-29,15.61
2023-10-02,11.91
2023-10-03,5.95
2023-10-04,11.68
2023-10-05,14.34
2023-10-06,26.43
2023-10-09,36.07
2023-10-10,46.11
2023-10-11,53.89
2023-10-12,41.39
2023-10-13,38.73
2023-10-16,55.94
2023-10-17,64.34
2023-10-18,43.24
2023-10-19,32.17
2023-10-20,21.31
2023-10-23,17.83
2023-10-24,27.05
2023-10-25,21.11
2023-10-26,22.54
2023-10-27,14.75
2023-10-30,22.34
2023-10-31,29.92
2023-11-01,37.5
2023-11-02,62.5
2023-11-03,75.61
2023-11-06,71.11
2023-11-07,72.13
2023-11-08,69.06
2023-11-09,61.68
2023-11-10,69.88
2023-11-13,68.85
2023-11-14,86.89
2023-11-15,88.73
2023-11-16,85.25
2023-11-17,87.3
2023-11-20,88.11
2023-11-21,85.66
2023-11-22,90.37
2023-11-24,91.8
2023-11-27,87.7
2023-11-28,85.25
2023-11-29,80.94
2023-11-30,84.63
2023-12-01,88.32
2023-12-04,85.45
2023-12-05,78.89
2023-12-06,75.2
2023-12-07,77.87
2023-12-08,77.66
2023-12-11,83.61
2023-12-12,82.58
2023-12-13,88.93
2023-12-14,87.09
2023-12-15,81.56
2023-12-18,84.63
2023-12-19,87.91
2023-12-20,74.18
2023-12-21,80.53
2023-12-22,81.56
2023-12-26,84.22
2023-12-27,82.79
2023-12-28,85.66
2023-12-29,84.02
2024-01-02,81.35
2024-01-03,56.35
2024-01-04,52.87
2024-01-05,51.84
2024-01-08,65.98
2024-01-09,57.17
2024-01-10,58.2
2024-01-11,50.61
2024-01-12,50.41
2024-01-16,43.85
2024-01-17,33.2
2024-01-18,43.44
2024-01-19,50.41
2024-01-22,57.38
2024-01-23,55.33
2024-01-24,49.18
2024-01-25,64.14
2024-01-26,61.48
2024-01-29,69.67
2024-01-30,67.01
2024-01-31,54.71
2024-02-01,65.98
2024-02-02,59.43
2024-02-05,50.2
2024-02-06,59.02
2024-02-07,60.25
2024-02-08,61.68
2024-02-09,61.48
2024-02-12,68.24
2024-02-13,49.59
2024-02-14,55.53
2024-02-15,68.85
2024-02-16,64.34
2024-02-20,61.89
2024-02-21,65.37
2024-02-22,73.36
2024-02-23,74.39
2024-02-26,68.24
2024-02-27,73.36
2024-02-28,72.75
2024-02-29,76.64
2024-03-01,76.43
2024-03-04,78.89
2024-03-05,70.29
2024-03-06,76.43
2024-03-07,78.89
2024-03-08,78.69
2024-03-11,79.3
2024-03-12,82.79
2024-03-13,79.51
2024-03-14,65.78
2024-03-15,60.66
2024-03-18,61.68
2024-03-19,69.06
2024-03-20,77.87
2024-03-21,81.56
2024-03-22,72.95
2024-03-25,66.39
2024-03-26,64.01
2024-03-27,79.8
2024-03-28,81.84
2024-04-01,73.06
2024-04-02,58.37
2024-04-03,56.33
2024-04-04,42.24
2024-04-05,51.63
2024-04-08,54.9
2024-04-09,58.16
2024-04-10,34.9
2024-04-11,34.29
2024-04-12,16.53
2024-04-15,9.8
2024-04-16,10.2
2024-04-17,8.37
2024-04-18,11.02
2024-04-19,19.8
2024-04-22,28.16
2024-04-23,37.55
2024-04-24,37.35
2024-04-25,40.41
2024-04-26,44.08
2024-04-29,50.61
2024-04-30,40.82
2024-05-01,39.59
2024-05-02,46.33
2024-05-03,55.1
2024-05-06,64.08
2024-05-07,68.16
2024-05-08,68.37
2024-05-09,75.31
2024-05-10,77.55
2024-05-13,75.71
2024-05-14,77.55
2024-05-15,78.37
2024-05-16,78.37
2024-05-17,76.73
2024-05-20,73.67
2024-05-21,73.67
2024-05-22,66.73
2024-05-23,48.78
2024-05-24,50.41
2024-05-28,39.39
2024-05-29,27.96
2024-05-30,31.84
2024-05-31,46.53
2024-06-03,39.59
2024-06-04,37.96
2024-06-05,41.43
2024-06-06,40.2
2024-06-07,37.55
2024-06-10,40.0
2024-06-11,34.49
2024-06-12,43.67
2024-06-13,41.43
2024-06-14,36.12
2024-06-17,42.86
2024-06-18,50.41
2024-06-20,56.12
2024-06-21,58.57
2024-06-24,68.98
2024-06-25,54.9
2024-06-26,50.2
2024-06-27,51.43
2024-06-28,52.86
2024-07-01,42.65
2024-07-02,49.39
2024-07-03,48.98
2024-07-05,46.73
2024-07-08,49.8
2024-07-09,47.55
2024-07-10,59.39
2024-07-11,76.73
2024-07-12,81.43
2024-07-15,78.16
2024-07-16,84.49
2024-07-17,78.98
2024-07-18,74.49
2024-07-19,68.37
2024-07-22,75.1
2024-07-23,70.61
2024-07-24,57.35
2024-07-25,58.57
2024-07-26,65.51
2024-07-29,65.1
2024-07-30,63.88
2024-07-31,65.92
2024-08-01,56.53
2024-08-02,46.12
2024-08-05,29.39
2024-08-06,36.94
2024-08-07,32.04
2024-08-08,44.49
2024-08-09,46.73
2024-08-12,41.63
2024-08-13,49.18
2024-08-14,54.9
2024-08-15,71.02
2024-08-16,75.92
2024-08-19,85.51
2024-08-20,79.8
2024-08-21,85.92
2024-08-22,80.82
2024-08-23,90.82
2024-08-26,90.82
2024-08-27,89.18
2024-08-28,86.53
2024-08-29,87.55
2024-08-30,91.63
2024-09-03,72.45
2024-09-04,70.0
2024-09-05,61.63
2024-09-06,43.88
2024-09-09,54.29
2024-09-10,52.04
2024-09-11,51.63
2024-09-12,56.73
2024-09-13,66.33
2024-09-16,73.47
2024-09-17,72.24
2024-09-18,69.39
2024-09-19,76.73
2024-09-20,71.63
2024-09-23,77.55
2024-09-24,76.12
2024-09-25,66.53
2024-09-26,70.2
2024-09-27,74.08
2024-09-30,77.55
2024-10-01,72.65
2024-10-02,65.92
2024-10-03,56.33
2024-10-04,62.45
2024-10-07,49.59
2024-10-08,53.67
2024-10-09,59.18
2024-10-10,52.24
2024-10-11,64.08
2024-10-14,72.04
2024-10-15,70.61
2024-10-16,74.9
2024-10-17,70.0
2024-10-18,72.86
2024-10-21,61.43
2024-10-22,56.53
2024-10-23,51.02
2024-10-24,49.18
2024-10-25,41.63
2024-10-28,50.0
2024-10-29,43.88
2024-10-30,43.27
2024-10-31,33.27
2024-11-01,34.9
2024-11-04,33.88
2024-11-05,47.76
2024-11-06,62.45
2024-11-07,63.67
2024-11-08,65.92
2024-11-11,66.94
2024-11-12,65.31
2024-11-13,64.69
2024-11-14,62.04
2024-11-15,57.35
2024-11-18,60.41
2024-11-19,58.37
2024-11-20,58.78
2024-11-21,70.2
2024-11-22,75.51
2024-11-25,83.47
2024-11-26,81.22
2024-11-27,81.84
2024-11-29,85.31
2024-12-02,83.88
2024-12-03,73.67
2024-12-04,62.24
2024-12-05,54.08
2024-12-06,52.04
2024-12-09,43.47
2024-12-10,36.33
2024-12-11,40.41
2024-12-12,36.94
2024-12-13,31.84
2024-12-16,28.37
2024-12-17,22.86
2024-12-18,8.37
2024-12-19,7.96
2024-12-20,11.63
2024-12-23,12.24
2024-12-24,18.98
2024-12-26,21.02
2024-12-27,14.49
2024-12-30,10.61
2024-12-31,10.61
2025-01-02,12.04
2025-01-03,24.08
2025-01-06,29.18
2025-01-07,28.98
2025-01-08,36.33
2025-01-10,21.02
2025-01-13,29.59
2025-01-14,43.88
2025-01-15,58.16
2025-01-16,67.76
2025-01-17,74.08
2025-01-21,82.24
2025-01-22,76.53
2025-01-23,78.37
2025-01-24,79.18
2025-01-27,81.63
2025-01-28,74.49
2025-01-29,70.61
2025-01-30,77.55
2025-01-31,70.2
2025-02-03,63.47
2025-02-04,62.45
2025-02-05,65.51
2025-02-06,61.43
2025-02-07,56.33
2025-02-10,54.69
2025-02-11,52.24
2025-02-12,44.9
2025-02-13,50.31
2025-02-14,49.08
2025-02-18,53.97
2025-02-19,57.03
2025-02-20,53.77
2025-02-21,44.2
2025-02-24,45.42
2025-02-25,47.86
2025-02-26,45.21
2025-02-27,40.53
2025-02-28,51.12
2025-03-03,43.38
2025-03-04,33.4
2025-03-05,39.1
2025-03-06,35.03
2025-03-07,41.34
2025-03-10,37.88
2025-03-11,25.25
2025-03-12,17.52
2025-03-13,17.31
2025-03-14,26.68
2025-03-17,40.33
2025-03-18,35.44
2025-03-19,41.14
2025-03-20,40.94
2025-03-21,33.81
2025-03-24,54.79
2025-03-25,56.21
2025-03-26,56.21
2025-03-27,50.51
2025-03-28,36.25
2025-03-31,50.51
2025-04-01,51.93
2025-04-02,62.32
2025-04-03,28.72
2025-04-04,5.91
2025-04-07,2.44
2025-04-08,2.24
2025-04-09,19.76
2025-04-10,10.18
2025-04-11,21.18
2025-04-14,31.16
2025-04-15,29.33
2025-04-16,20.77
2025-04-17,27.09
2025-04-21,14.05
2025-04-22,36.05
2025-04-23,50.51
2025-04-24,71.28
2025-04-25,69.25
2025-04-28,75.15
2025-04-29,82.69
2025-04-30,82.89
2025-05-01,79.84
2025-05-02,89.61
2025-05-05,83.1
2025-05-06,77.19
2025-05-07,76.78
2025-05-08,79.23
2025-05-09,76.99
2025-05-12,81.26
2025-05-13,77.39
2025-05-14,72.51
2025-05-15,81.06
2025-05-16,87.17
2025-05-19,88.8
2025-05-20,86.15
2025-05-21,63.54
2025-05-22,57.03
2025-05-23,53.36
2025-05-27,71.69
2025-05-28,58.66
2025-05-29,64.15
2025-05-30,59.88
2025-06-02,56.01
2025-06-03,65.78
2025-06-04,57.23
2025-06-05,50.51
2025-06-06,63.75
2025-06-09,60.29
2025-06-10,67.62
2025-06-11,61.71
2025-06-12,64.56
2025-06-13,41.55
2025-06-16,56.62
2025-06-17,40.94
2025-06-18,47.25
2025-06-20,48.27
2025-06-23,59.06
2025-06-24,70.06
2025-06-25,58.45
2025-06-26,64.15
2025-06-27,68.64
2025-06-30,73.93
2025-07-01,84.11
2025-07-02,79.43
2025-07-03,82.48
2025-07-07,76.17
2025-07-08,75.97
2025-07-09,76.58
2025-07-10,76.78
2025-07-11,69.04
2025-07-14,71.69
2025-07-15,49.9
2025-07-16,55.4
2025-07-17,62.73
2025-07-18,59.47
2025-07-21,53.56
2025-07-22,68.84
2025-07-23,75.15
2025-07-24,69.04
2025-07-25,70.67
2025-07-28,62.12
2025-07-29,61.3
2025-07-30,49.69
2025-07-31,41.34
2025-08-01,37.47
2025-08-04,48.07
2025-08-05,43.58
2025-08-06,44.2
2025-08-07,45.62
2025-08-08,50.1
2025-08-11,47.45
2025-08-12,58.04
2025-08-13,66.6
2025-08-14,58.86
2025-08-15,52.14
2025-08-18,52.34
2025-08-19,59.88
2025-08-20,62.32
2025-08-21,58.25
2025-08-22,78.21
2025-08-25,68.64
2025-08-26,69.25
2025-08-27,73.12
2025-08-28,68.23
2025-08-29,68.02
2025-09-02,54.58
2025-09-03,53.56
2025-09-04,59.47
2025-09-05,56.82
2025-09-08,57.23
2025-09-09,49.49
2025-09-10,44.81
2025-09-11,64.56
2025-09-12,55.8
2025-09-15,50.71
2025-09-16,41.96
2025-09-17,46.44
2025-09-18,52.55
2025-09-19,49.49
2025-09-22,48.88
2025-09-23,52.55
2025-09-24,48.47
2025-09-25,40.53
2025-09-26,53.16
2025-09-29,54.99
2025-09-30,58.04
2025-10-01,56.21
2025-10-02,56.21
2025-10-03,61.1
2025-10-06,56.21
2025-10-07,52.34
2025-10-08,52.95
2025-10-09,45.21
2025-10-10,28.72
2025-10-13,35.44
2025-10-14,43.18
2025-10-15,42.97
2025-10-16,35.23
2025-10-17,42.16
2025-10-20,54.18
2025-10-21,60.9
2025-10-22,51.32
2025-10-23,58.45
2025-10-24,59.27
2025-10-27,63.62
2025-10-28,50.81
2025-10-29,37.6
2025-10-30,35.77
2025-10-31,40.65
2025-11-03,37.2
2025-11-04,35.37
2025-11-05,40.24
2025-11-06,38.21
2025-11-07,45.12
2025-11-10,49.8
2025-11-11,56.1
2025-11-12,57.23
2025-11-13,47.97
2025-11-14,43.29
2025-11-17,32.72
2025-11-18,33.54
2025-11-19,31.1
2025-11-20,29.07
2025-11-21,47.56
2025-11-24,49.39
2025-11-25,65.45
2025-11-26,71.75
2025-11-28,78.25
2025-12-01,68.7
2025-12-02,65.04
2025-12-03,68.5
2025-12-04,65.45
2025-12-05,62.2
2025-12-08,57.32
2025-12-09,52.85
2025-12-10,61.18
2025-12-11,70.73
2025-12-12,66.87
2025-12-15,67.89
2025-12-16,60.57
2025-12-17,57.93
2025-12-18,58.74
2025-12-19,56.71
2025-12-22,63.62
2025-12-23,61.38
2025-12-24,66.06
2025-12-26,66.46
2025-12-29,68.09
2025-12-30,64.23
2025-12-31,43.09
2026-01-02,57.52
2026-01-05,61.79
2026-01-06,72.15
2026-01-07,57.52
2026-01-08,68.7
2026-01-09,69.51
2026-01-12,67.07
2026-01-13,65.24
2026-01-14,68.09
2026-01-15,70.33
2026-01-16,66.87
2026-01-20,53.66
2026-01-21,62.2
2026-01-22,62.4
2026-01-23,58.13
2026-01-26,60.37
2026-01-27,57.93
2026-01-28,52.03
2026-01-29,54.67
2026-01-30,54.07
2026-02-02,56.3
2026-02-03,56.1
2026-02-04,62.4
2026-02-05,57.93
2026-02-06,67.28
2026-02-09,64.84
2026-02-10,67.28
2026-02-11,67.07
2026-02-12,58.54
2026-02-13,61.59
2026-02-17,61.18
2026-02-18,66.26
2026-02-19,61.18
2026-02-20,62.6
2026-02-23,56.3
2026-02-24,58.33
2026-02-25,57.93
2026-02-26,64.23
2026-02-27,61.59
2026-03-02,58.94
2026-03-03,47.15
2026-03-04,48.98
2026-03-05,41.06
2026-03-06,34.76
2026-03-09,33.94
2026-03-10,28.66
2026-03-11,27.03
2026-03-12,20.53
2026-03-13,21.95
2026-03-16,25.41
2026-03-17,27.64
2026-03-18,18.9
2026-03-19,19.51
2026-03-20,12.8
2026-03-23,17.07
2026-03-24,19.92
2026-03-25,24.39
2026-03-26,19.11
2026-03-27,13.82
2026-03-30,17.89
2026-03-31,36.59
2026-04-01,46.14
2026-04-02,53.66
2026-04-06,59.76
2026-04-07,54.27
2026-04-08,75.41
2026-04-09,73.98
2026-04-10,66.26
2026-04-13,71.95
2026-04-14,73.58
2026-04-15,72.76
2026-04-16,75.2
2026-04-17,80.28
2026-04-20,78.25
2026-04-21,69.72
2026-04-22,65.65
2026-04-23,66.26
2026-04-24,59.96
2026-04-27,56.71
2026-04-28,55.89
2026-04-29,48.37
2026-04-30,58.74
2026-05-01,55.89
