时间,开盘价,最高价,最低价,收盘价
1993-01-25,24.192573236706927,24.192573236706927,24.072212175827786,24.175378799438477
1993-02-01,24.192577665592747,24.81157752057593,24.192577665592747,24.742799758911133
1993-02-08,24.742794114388865,24.828766296857207,24.502072003477508,24.536460876464844
1993-02-15,24.46769016271342,24.46769016271342,23.556384766632036,23.969051361083984
1993-02-22,24.03782976218968,24.450496367549157,23.91746866895983,24.43330192565918
1993-03-01,24.51926799060246,24.863156742223815,24.33012917721072,24.622434616088867
1993-03-08,24.674030807558566,25.224253097343844,24.656836361002775,24.811586380004883
1993-03-15,24.794368426225653,25.03509044978124,24.74278513546374,24.77717399597168
1993-03-22,24.65234729658006,25.015135869269745,24.635071650261505,24.825103759765625
1993-03-29,24.8423789502204,25.13606493224665,24.37593650817871,24.37593650817871
1993-04-05,24.56597343127157,24.61780037943881,24.358665638602613,24.479595184326172
1993-04-12,24.72145479013923,24.96331388661858,24.68690349064218,24.842384338378906
1993-04-19,24.842374155861993,24.911476726531983,24.151348449162075,24.18589973449707
1993-04-26,24.203183514586232,24.47959389019892,23.92677313897354,24.341388702392578
1993-05-03,24.375934021501493,24.738722550524546,24.272280156066333,24.51413917541504
1993-05-10,24.548699208281256,24.70418006181717,24.30684010278095,24.324115753173828
1993-05-17,24.39321273398799,25.01513600482621,24.237731916278435,24.738725662231445
1993-05-24,24.79056165888957,25.239728629712655,24.79056165888957,24.99786949157715
1993-05-31,25.084234691801523,25.326093703981428,24.9287538982573,25.032407760620117
1993-06-07,25.084249040441055,25.084249040441055,24.72146031464955,24.928768157958984
1993-06-14,24.963311606578614,24.980587254749256,24.60052299499512,24.600522994995117
1993-06-21,24.844461386468303,25.00104412629899,24.618286317823987,24.93145179748535
1993-06-28,25.053245704490823,25.209828490143888,24.792274395069043,24.87926483154297
1993-07-05,24.844462078590208,25.03584098815918,24.58349083826888,25.03584098815918
1993-07-12,25.001047199664836,25.157629958744156,24.86186252492766,24.9140567779541
1993-07-19,24.914050301499167,24.966244540957614,24.757467583123823,24.896652221679688
1993-07-26,24.966245651245117,25.175022618363542,24.93144949005871,24.966245651245117
1993-08-02,25.001044822783,25.157627566975798,24.966248657406826,25.03584098815918
1993-08-09,25.10543326195587,25.244617923144816,25.00104476606416,25.122831344604492
1993-08-16,25.140234444996832,25.54039042578225,25.140234444996832,25.50559425354004
1993-08-23,25.401202897767764,25.905747338887807,25.401202897767764,25.749164581298828
1993-08-30,25.76656946660373,25.940550354291805,25.749171377834923,25.818763732910156
1993-09-06,25.818753041482534,25.853549204611216,25.383801002374,25.836151123046875
1993-09-13,25.92314832044656,25.92314832044656,25.47079808129783,25.50559425354004
1993-09-20,25.699518811743413,25.752038264355967,25.104298348801127,25.64699935913086
1993-09-27,25.83957397316304,25.94461289175314,25.66450910884622,25.857080459594727
1993-10-04,25.89208639395932,25.979618802322946,25.611982687195734,25.804553985595703
1993-10-11,25.85707525554723,26.41728270861257,25.85707525554723,26.364763259887695
1993-10-18,26.34725224297002,26.34725224297002,25.979616165161133,25.979616165161133
1993-10-25,25.9971310346424,26.312247774456246,25.927105092461545,26.24222183227539
1993-11-01,26.207203064068363,26.329748435777432,25.506943797159387,25.804553985595703
1993-11-08,25.822059617276004,26.18969572030163,25.75203369289017,26.102163314819336
1993-11-15,26.15469418267007,26.224720137643754,25.892096851518765,25.944616317749023
1993-11-22,25.87458533881813,26.102169648293525,25.699520485375515,26.049650192260742
1993-11-29,26.119681689412296,26.17220115661621,25.90960382059665,26.17220115661621
1993-12-06,26.207202201398086,26.29473460688038,26.049643871529963,26.102163314819336
1993-12-13,26.10217560249687,26.27724049587378,25.97963017713304,26.08466911315918
1993-12-20,26.24561512533994,26.42187849085599,26.175109779133518,26.368999481201172
1993-12-27,26.368979164292394,26.598121362912583,26.263221226467692,26.280847549438477
1994-01-03,26.280849864871005,26.54524473272685,26.17509191772867,26.527618408203125
1994-01-10,26.56286869790889,26.844889865239043,26.49236340607635,26.739131927490234
1994-01-17,26.739140076498874,26.80964538981858,26.65100843484924,26.721513748168945
1994-01-24,26.703886743002712,27.091665956432454,26.56287611993735,27.0035343170166
1994-01-31,27.10929793194779,27.25030858438965,26.49237632751465,26.49237632751465
1994-02-07,26.421871674463713,26.756771982545644,26.4042453424594,26.598134994506836
1994-02-14,26.54524732208252,26.897773846944176,26.368984059651694,26.439489364624023
1994-02-21,26.509997623784837,26.756766218687087,26.263229028882584,26.404239654541016
1994-02-28,26.474735551091086,26.545240838843657,25.89306692713236,26.333724975585938
1994-03-07,26.421859741210938,26.50999136142845,26.175091204601895,26.421859741210938
1994-03-14,26.52762899062511,26.686265974622206,26.351365675072785,26.49237632751465
1994-03-21,26.556541733514692,26.69836572141063,26.060157775878903,26.060157775878906
1994-03-28,26.095619292549934,26.131075297023504,24.695107115843786,25.29785919189453
1994-04-04,24.58873403989352,25.599229959341198,24.58873403989352,25.351037979125977
1994-04-11,25.42195520755204,25.563779225446332,25.10285116728988,25.29785919189453
1994-04-18,25.32445893907165,25.55492303862218,24.95217077825926,25.44855499267578
1994-04-25,25.439690301092813,25.732202419537437,25.42196229391435,25.581514358520508
1994-05-02,25.58152088506262,25.93608111908982,25.29787269784086,25.386512756347656
1994-05-09,25.315588048986488,25.43968406883446,25.05853200787283,25.2535400390625
1994-05-16,25.30671769535918,26.0158376307808,25.244669701009787,25.847421646118164
1994-05-23,25.82083576446658,26.060163799358648,25.723331750251294,26.024707794189453
1994-05-30,25.94493808662541,26.317226231360042,25.84743404871872,26.228586196899414
1994-06-06,26.281765091423257,26.36154110687783,25.97152503132214,26.157669067382812
1994-06-13,26.122211808404742,26.414723851050603,25.98925178902026,26.024707794189453
1994-06-20,26.009412227792943,26.054025284787443,25.126073699301863,25.16176414489746
1994-06-27,25.25989852145544,25.706028837977083,25.13498203282938,25.44727325439453
1994-07-04,25.500804455145914,25.688179155481137,25.393733197811503,25.643566131591797
1994-07-11,25.661412374000744,25.97370355379561,25.42050203530185,25.920167922973633
1994-07-18,25.920171826400075,26.027243104168335,25.732797090305617,25.893404006958008
1994-07-25,25.902323676746175,26.2949183173858,25.795252411117186,26.214614868164062
1994-08-01,26.232460308400437,26.48229326371854,26.07185340855309,26.143234252929688
1994-08-08,26.170002964656632,26.464448957780967,26.107544723690864,26.45552635192871
1994-08-15,26.482284468859785,26.68750432828828,26.35736803268592,26.509052276611328
1994-08-22,26.51796542426393,27.28530897287991,26.428739430238814,27.231773376464844
1994-08-29,27.303185590549315,27.40133429692057,26.964126423084977,27.008739471435547
1994-09-05,26.990887205651468,27.16041674512498,26.73213159277084,26.839202880859375
1994-09-12,26.839187596715064,27.20501428935646,26.714271165081417,26.84811019897461
1994-09-19,27.074240287848276,27.19093959943383,26.275298846993337,26.37404441833496
1994-09-26,26.472803485696087,26.73313285195081,26.41894223750545,26.52666473388672
1994-10-03,26.544615600968847,26.598476843311023,25.85339632424426,26.113725662231445
1994-10-10,26.23042011292659,27.190945421647722,26.22144324088247,27.029361724853516
1994-10-17,27.002430059445782,27.1370831348752,26.63437831993871,26.75107765197754
1994-10-24,26.760066403248274,27.40640145223649,26.42792200307377,27.379470825195312
1994-10-31,27.316618594833812,27.34354920797364,26.616422653198242,26.616422653198242
1994-11-07,26.679269666061657,27.190951486709544,26.589500925597118,26.66131591796875
1994-11-14,26.77800596489871,27.05628896352823,26.580514804580986,26.697214126586914
1994-11-21,26.67926584879557,26.76005770365397,25.62897173563639,26.122699737548828
1994-11-28,26.113723245340775,26.400983177912416,25.880324550126318,26.17656135559082
1994-12-05,26.230417571132318,26.320186282874726,25.67385155832937,25.880319595336914
1994-12-12,25.826454690245335,26.44585871305622,25.826454690245335,26.28427505493164
1994-12-19,26.49384344093188,26.792442086270253,26.412407446748688,26.67481231689453
1994-12-26,26.76531358020296,26.873894974037455,26.385278701782227,26.385278701782227
1995-01-02,26.46671891576523,26.783414697663275,26.45767046485386,26.66578483581543
1995-01-09,26.65673498308647,27.063915252685547,26.530056676988977,27.063915252685547
1995-01-16,27.05486474960752,27.26297909383527,26.901041103873965,26.955331802368164
1995-01-23,26.774361365272433,27.353462118019117,26.7562644667491,27.28107452392578
1995-01-30,27.22676588888671,27.86015691986779,27.127233012589684,27.81491470336914
1995-02-06,27.80587422335475,28.06827915419669,27.778728885681446,28.004940032958984
1995-02-13,27.98683943221047,28.240195883585155,27.941597208750707,28.059226989746094
1995-02-20,28.05923513003758,28.46641525930288,28.04113823540357,28.375930786132812
1995-02-27,28.29450028680365,28.394033226731647,28.077337508778935,28.249258041381836
1995-03-06,28.059237249987188,28.602144130025636,27.923510529977573,28.529756546020508
1995-03-13,28.511659912624093,28.846452491731387,28.475466120288168,28.701677322387695
1995-03-20,28.893420259182545,29.23912239074707,28.72056919340028,29.23912239074707
1995-03-27,29.284591696215525,29.63029361745075,28.847915585181557,29.17542266845703
1995-04-03,29.166339629750773,29.612113379550458,29.14814478282017,29.52113914489746
1995-04-10,29.47564620714955,29.748568857215748,29.457451363811803,29.739471435546875
1995-04-17,29.848634785437532,29.875927045223058,29.284594749869985,29.63029670715332
1995-04-24,29.612101746067577,30.085167580413355,29.612101746067577,30.03968048095703
1995-05-01,30.01239314393369,30.676504904924037,29.921418930099396,30.385387420654297
1995-05-08,30.35808935154106,30.785668074802203,30.330797092609497,30.712888717651367
1995-05-15,30.79478109104589,30.94943730331998,30.221643363206635,30.330812454223633
1995-05-22,30.430891496814816,31.104101054591887,30.41269664390192,30.603742599487305
1995-05-29,30.67651580685876,31.395212351562748,30.494567314528638,31.1768741607666
1995-06-05,31.176879525605866,31.467997163428855,30.712910790325473,30.894859313964844
1995-06-12,30.994902894064808,31.57713764170794,30.97670805820096,31.422481536865234
1995-06-19,31.698555181189647,32.30251148660492,31.680253474964942,32.22015380859375
1995-06-26,32.12861953803276,32.18352461272037,31.661926403188076,31.863245010375977
1995-07-03,31.89986880989962,32.668540347487564,31.89986880989962,32.65938949584961
1995-07-10,32.686845335416685,32.979672617256924,32.476375726594014,32.8241081237793
1995-07-17,32.86985266739813,33.04371881458091,31.744298135635887,32.44891357421875
1995-07-24,32.49466819244393,33.208434488983116,32.49466819244393,32.97051239013672
1995-07-31,32.99799107799908,33.26336593691809,32.47639221736515,32.78752136230469
1995-08-07,32.86070394756953,32.97966500335299,32.458066527994745,32.59532928466797
1995-08-14,32.677680353793384,33.03456344922826,32.59532271638533,32.897300720214844
1995-08-21,33.03456833982613,33.17183108916059,32.650232641689655,32.97051239013672
1995-08-28,33.06202723949704,33.23589342204629,32.65938976411983,33.18098831176758
1995-09-04,33.281651712583844,33.70259094238281,33.226746595653545,33.70259094238281
1995-09-11,33.75748497356068,34.443798709808185,33.72088157429415,34.224178314208984
1995-09-18,34.28725349123711,34.60924272445237,34.020462412287316,34.333251953125
1995-09-25,34.37005420371934,34.68284377623713,33.910069538252,34.434452056884766
1995-10-02,34.434445265335725,34.51724248878965,34.12165575450981,34.38844680786133
1995-10-09,34.25965864266922,34.65524546373119,33.716876725398144,34.517250061035156
1995-10-16,34.41605579026666,34.84844141500405,34.32405884883318,34.63684844970703
1995-10-23,34.47126711836179,34.67366046680159,33.72609160819704,34.259674072265625
1995-10-30,34.34244035636803,34.885222028220625,34.28724222024743,34.87602233886719
1995-11-06,34.866836978381706,35.096829306735145,34.517248639284475,35.05083084106445
1995-11-13,34.98642145337098,35.446405958411354,34.78402827115321,35.43720626831055
1995-11-20,35.49240520154216,35.54760334337971,35.24401356327321,35.52000427246094
1995-11-27,35.59362058177717,36.03520594955315,35.41882637369917,35.906410217285156
1995-12-04,35.989202346916834,36.817174793548354,35.94320387765953,36.59638214111328
1995-12-11,36.669972696487534,36.9735625356707,36.26518624424332,36.39398193359375
1995-12-18,36.29502189661551,36.44312706120257,35.88773269400111,36.25799560546875
1995-12-25,36.4060931815277,36.526428602671835,36.285757760383575,36.42460632324219
1996-01-01,36.37831631316442,37.10032869800585,36.23946777761799,36.48939514160156
1996-01-08,36.618972236049466,36.767077280482425,35.33230966253812,35.684059143066406
1996-01-15,35.693317579694074,36.387560011871734,35.46190343563486,36.29499435424805
1996-01-22,36.267231047886746,36.887421063253875,36.20243507613197,36.8689079284668
1996-01-29,36.841138881399566,37.924157285702016,36.81336917872515,37.70199966430664
1996-02-05,37.63719813059153,39.32189317726336,37.581658733448506,38.9979133605957
1996-02-12,39.07196797213953,39.50702660627613,38.34995577080647,38.47029113769531
1996-02-19,38.1740831709586,39.46074601304474,37.8408467514255,39.062713623046875
1996-02-26,38.95163515726113,39.03494426287315,37.68348543850049,38.44252395629883
1996-03-04,38.52583410983949,39.08122816236,36.73006000668983,37.618690490722656
1996-03-11,37.470596149883306,38.39625316939624,37.266951605590464,37.98896408081055
1996-03-18,38.511008072814214,39.23622744260646,38.42732891476126,38.77134323120117
1996-03-25,39.12465896975015,39.16184971021569,38.30646267950822,38.49241638183594
1996-04-01,38.67833747745499,39.10603063225377,38.55746767283794,38.98516082763672
1996-04-08,38.00890465961361,38.46449084560213,36.96756480592557,37.91592788696289
1996-04-15,38.111186015057505,38.59466532044492,37.99031618871066,38.3994140625
1996-04-22,38.75272896228342,39.161826868795046,38.43660785270625,38.938682556152344
1996-04-29,38.77132365724436,39.15252851814292,37.93453249917434,38.269248962402344
1996-05-06,38.41800617852584,39.03165293742776,37.5347267528337,38.901485443115234
1996-05-13,38.99448699241461,40.054422976471656,38.957296256131904,39.98004150390625
1996-05-20,40.25896475016182,40.723848869678704,39.85916440737731,40.56578826904297
1996-05-27,40.68666799670068,40.68666799670068,39.719708793854046,39.794090270996094
1996-06-03,39.80338437984699,40.76104581201803,39.38498860851013,40.24037551879883
1996-06-10,40.184572517259674,40.482098273981634,39.70109316258649,39.831260681152344
1996-06-17,39.849869989479,39.998632919911024,39.384985831878915,39.756893157958984
1996-06-24,40.06101906968495,40.37881530122235,39.574977774392465,40.1451416015625
1996-07-01,40.24795857980077,40.50032617888452,39.1076309098668,39.22914123535156
1996-07-08,39.25716274590136,39.47214244665273,38.21030507267733,38.6215705871582
1996-07-15,38.71505282038179,38.71505282038179,36.11660166536824,38.26639938354492
1996-07-22,38.00466561609767,38.24768610454296,36.864338708777474,38.11682891845703
1996-07-29,38.06077446736081,39.83669469054316,37.64950873146594,39.81800079345703
1996-08-05,39.827330185591805,39.93949351866552,39.359982964451326,39.61235046386719
1996-08-12,39.63104504856789,40.00492283204495,39.48149393517706,39.986228942871094
1996-08-19,39.99558639526367,40.28534175358411,39.70583103694323,39.99558639526367
1996-08-26,39.90212127313293,40.079713286295146,38.9580795189548,39.07958984375
1996-09-02,38.565494244471545,39.93014818525992,38.50941257567202,39.44410705566406
1996-09-09,39.593672005610784,41.05179590383441,39.52824336915204,41.014408111572266
1996-09-16,41.07048891563771,41.36959124729461,40.80877437543793,41.06114196777344
1996-09-23,41.16909039248327,41.63884267902461,40.981189477866735,41.300621032714844
1996-09-30,41.35699273935163,42.2964973449707,41.15030172611544,42.2964973449707
1996-10-07,42.27772521972657,42.503206420898444,41.71402221679688,42.27772521972656
1996-10-14,42.27773407772477,42.879017406830194,42.05225282931024,42.82264709472656
1996-10-21,42.86021832275391,43.06690942382813,42.164984619140625,42.27772521972656
1996-10-28,42.31529245971842,42.785044818285456,41.91130543135077,42.44682312011719
1996-11-04,42.503186794361376,44.15671483941169,42.409236337256246,44.14731979370117
1996-11-11,44.04401075331759,44.79561503238445,43.90308495099256,44.513763427734375
1996-11-18,44.598313060626495,45.246571666310764,44.33525159745027,45.1995964050293
1996-11-25,45.24654426849146,46.11088855269022,45.14319875625031,45.70690155029297
1996-12-02,45.65054765722149,46.04513975469078,43.68698221981476,44.682857513427734
1996-12-09,44.908326206711344,45.50021418809687,43.5366492974687,44.08156204223633
1996-12-16,44.194299545765915,45.52839617321038,43.21721469186293,45.00227355957031
1996-12-23,45.374504237041435,45.940977448490145,44.91188444769166,45.84656524658203
1996-12-30,45.99760528450155,45.99760528450155,43.958302587159125,45.37448501586914
1997-01-06,45.37448035085142,46.0731302771858,44.789125007165865,45.99760055541992
1997-01-13,46.224204285504065,46.979501741149555,45.70493728474779,46.866207122802734
1997-01-20,46.979512764498935,48.15022409544706,46.375274658203125,46.375274658203125
1997-01-27,46.45081682383847,47.98029493876974,45.9221083396647,47.37605667114258
1997-02-03,47.56486249092298,48.018041014059996,46.60185812925681,47.866981506347656
1997-02-10,47.88585712764702,49.283157375062586,47.20608943971512,49.05656814575195
1997-02-17,49.15099904251692,49.54753034481921,48.42402498829606,48.565643310546875
1997-02-24,48.32015168935096,49.26427344959619,47.77256106840873,47.82920837402344
1997-03-03,47.583738488491136,49.037686053417254,47.54597361667487,48.84886169433594
1997-03-10,48.90552813960057,49.424795330272005,47.772581541771984,48.150230407714844
1997-03-17,47.88587145558392,48.40513859479076,47.05504403285297,47.394927978515625
1997-03-24,47.614341735839844,48.50521516799927,46.19273519515991,46.70451354980469
1997-03-31,46.64762366176585,46.78030686600492,44.97960623704606,46.0031623840332
1997-04-07,46.211691929493895,46.73294768341559,44.50576400756837,44.50576400756836
1997-04-14,44.72373534066337,46.7045068359375,44.467846200125564,46.43914031982422
1997-04-21,46.55286452019638,47.48164724067261,45.77571979489994,46.42018127441406
1997-04-28,46.4012330085245,49.53824447213185,46.325414000340636,49.39608383178711
1997-05-05,49.528751142447,50.68499064481565,49.24442995333996,50.11634826660156
1997-05-12,50.30587449111394,51.31047560190107,50.267965015235184,50.47646713256836
1997-05-19,50.53334431238733,51.68958362336093,50.1921589419361,51.424217224121094
1997-05-26,51.17783026738998,51.89811084152362,50.419640189354574,51.65169906616211
1997-06-02,51.7654460266599,52.42886258137726,50.997778299058396,52.390953063964844
1997-06-09,52.42884141051034,54.5896830304663,52.371977157353605,54.419090270996094
1997-06-16,54.438079168591514,54.892993479192555,53.94525533210705,54.33382797241211
1997-06-23,54.44067195630869,54.95444271577054,53.18478787762419,54.13621520996094
1997-06-30,54.13622938364603,56.11519875303063,53.50828717989899,56.05811309814453
1997-07-07,56.24843695344753,56.324551211841914,54.82129460855289,55.88689422607422
1997-07-14,55.95349217717949,57.29500593283028,55.44923523356607,55.591949462890625
1997-07-21,55.582410786388806,57.732637564499704,55.220868230777235,57.25692367553711
1997-07-28,57.39013330335284,58.474761154245115,56.88587649548187,57.80876159667969
1997-08-04,57.71359605674284,58.836280582739484,56.26742615884885,56.8573112487793
1997-08-11,57.085631410709624,57.570859277700656,54.57386362863841,54.66900634765625
1997-08-18,55.03058795813046,57.42818618867141,54.40264556441735,56.362586975097656
1997-08-25,56.49578119940118,56.87635230886161,54.63098276304506,55.030582427978516
1997-09-01,55.22088426712514,57.504311597261264,55.16379858387174,56.71462631225586
1997-09-08,57.066637168485435,57.4091511628278,54.954467536707554,56.4196662902832
1997-09-15,56.4196743223472,58.68407271842116,56.13424595309417,57.8658447265625
1997-09-22,58.364605811822905,58.794319041785606,57.2187038652557,57.73435974121094
1997-09-29,57.753445876174716,59.7396754962548,57.54336389712778,59.061683654785156
1997-10-06,59.47232177980485,60.198059810515375,58.80387885678199,59.2049446105957
1997-10-13,59.49137840359504,59.615517716475736,56.83670694353093,57.6197395324707
1997-10-20,57.963516382460895,59.586876808328824,57.247327959283865,57.44786071777344
1997-10-27,56.84625950040902,57.40966103081791,51.56556380013585,56.26375961303711
1997-11-03,56.95130600509182,58.23089604611836,55.88179791109948,56.798519134521484
1997-11-10,57.21868271888543,57.352371229910865,55.06056818376058,56.87491226196289
1997-11-17,57.677012155222336,59.16668333009231,56.68389803864235,59.12848663330078
1997-11-24,58.67014399509804,58.88022589091382,57.82981641183491,58.44096374511719
1997-12-01,58.80385098966405,60.503605045552355,58.68926082859293,60.46540832519531
1997-12-08,60.48451099943554,60.503609360976256,58.00172399914296,58.51737976074219
1997-12-15,58.82293087399285,59.81604529134598,56.45473495568925,57.92530822753906
1997-12-22,58.55846156139685,58.84607679499899,57.21625713792017,57.54222106933594
1997-12-29,58.040767815081,59.91985445065349,57.94489604795995,59.86233139038086
1998-01-05,60.03488523215964,60.39919785413697,56.391759012386295,56.64102554321289
1998-01-12,55.91242060577769,59.32545588281076,55.77820011735504,59.09536361694336
1998-01-19,59.325445529304034,60.1403554953659,58.2900305136019,58.86526107788086
1998-01-26,59.133703713195764,61.089487688145816,58.53929877963251,60.322513580322266
1998-02-02,61.30040631640295,62.35499572753906,61.18536019882446,62.35499572753906
1998-02-09,62.412513845107135,63.16031355016372,61.7989345999325,62.5850830078125
1998-02-16,63.08360334689049,63.63965942502418,62.68094204893161,63.60131072998047
1998-02-23,63.96566612797033,64.75181490232488,63.16034299326567,64.50254821777344
1998-03-02,64.57920195542958,65.00103759765625,63.2945206813756,65.00103759765625
1998-03-09,64.7518000851785,66.2665742062117,64.5792308815165,65.71051788330078
1998-03-16,66.17069729359078,67.60877387922372,65.97895374883971,67.41703033447266
1998-03-23,67.51460516439197,68.62991336705068,67.07232777368247,67.45691680908203
1998-03-30,67.45687924654258,69.41828223489702,67.05306098423432,69.28367614746094
1998-04-06,69.68752439347729,69.76444219082109,67.53382606785107,68.41838073730469
1998-04-13,68.53374620708887,69.18754737741463,67.68765057490259,69.09140014648438
1998-04-20,68.91832566624366,69.80288006932602,67.8991651583444,68.18760681152344
1998-04-27,67.30304371804421,69.28367614746094,66.2261950185555,69.28367614746094
1998-05-04,69.36064607944209,69.72600573442114,67.28386488271913,68.37994384765625
1998-05-11,68.64911275617243,69.34137271673887,67.89916446555878,68.32221221923828
1998-05-18,68.12993987222735,69.399083544699,67.5819005591146,68.45684051513672
1998-05-25,68.9760310379951,68.9760310379951,66.19737575921332,67.09154510498047
1998-06-01,67.05310095420906,68.9183578491211,66.38007011583873,68.9183578491211
1998-06-08,68.87986136211401,69.57212127530109,66.61078720222305,67.95684814453125
1998-06-15,66.95697219909287,68.78377069389867,66.1493349698103,67.72615051269531
1998-06-22,68.05734430767141,70.64228879101267,67.94160052483524,70.17931365966797
1998-06-29,70.52655961017219,70.95095356843909,69.79351550043846,70.89308166503906
1998-07-06,70.85451523740137,72.18556929440673,70.7194807678501,71.89620971679688
1998-07-13,71.9540966920747,73.45876681056849,71.64544641135802,73.1886978149414
1998-07-20,73.30441962069467,73.60342449020014,69.67777991314452,70.43011474609375
1998-07-27,70.1408033789554,70.98959197870073,68.71329527938369,69.00265502929688
1998-08-03,69.00258036741276,69.3980382644024,65.18303580136643,67.36287689208984
1998-08-10,67.13145414426555,67.69088292880109,65.12522677903462,65.51103973388672
1998-08-17,65.43384604270113,68.5782201302484,65.12519582551859,67.01567840576172
1998-08-24,67.4400828406485,68.6746838995162,63.061107209977095,63.81344223022461
1998-08-31,64.0448800011364,64.20885032644053,57.7947170130737,60.34107971191406
1998-09-07,62.27017577205909,63.65910162571097,59.7623929807432,62.771732330322266
1998-09-14,63.504761073798775,64.97084911802985,62.405195040625465,63.02249526977539
1998-09-21,61.71575108992396,66.28442024212661,61.28985820285423,64.58084869384766
1998-09-28,65.23903753533335,65.85851801044632,60.22511743988785,62.3932991027832
1998-10-05,61.69638311965028,62.741756413801866,57.1277146489137,61.038185119628906
1998-10-12,62.335253571564294,66.43931374459896,61.17372710749788,65.66496276855469
1998-10-19,65.47134016940174,67.39753719685753,65.35518758483154,66.18761444091797
1998-10-26,66.72969282323663,68.7042877370661,65.68431904532693,68.14288330078125
1998-11-02,68.64617511711664,70.96922672852499,68.25899984854858,70.69820404052734
1998-11-09,70.58207728327751,70.77566498838799,69.18824580648213,70.13682556152344
1998-11-16,70.7562926804521,72.32435279183832,69.93354509114452,72.24691772460938
1998-11-23,72.7696412517436,74.16347316718002,72.57605348571076,74.02796173095703
1998-11-30,73.7278559613253,73.9504817571912,71.29833097165842,73.33100128173828
1998-12-07,73.13744194250606,74.18281564946616,71.58874015441698,72.55667877197266
1998-12-14,71.9565770776966,73.79566096857127,70.46595118719817,73.40848541259766
1998-12-21,74.11843662193947,76.60458963231899,73.96305205879075,76.25497436523438
1998-12-28,76.60462460563802,77.53693241016911,75.82770143519545,76.64347076416016
1999-01-04,76.6823559591215,79.86774257951053,75.65293223423967,79.4015884399414
1999-01-11,79.36271797448546,79.36271797448546,74.817716504581,77.30387115478516
1999-01-18,77.876849745926,79.51810022691633,75.6917529517081,76.17733001708984
1999-01-25,76.62404594281313,79.74145009333823,75.7694304747564,79.34327697753906
1999-02-01,79.98425840670876,79.98425840670876,76.58521877067815,77.1096420288086
1999-02-08,77.75059231564298,78.37213090022968,75.41011108305867,76.83770751953125
1999-02-15,77.53698101082078,78.15851993675923,75.9637106045391,77.22621154785156
1999-02-22,77.34270488486244,80.08135917636561,76.25501240029381,76.79885864257812
1999-03-01,76.85711827500695,79.63461837946134,75.69173361579533,79.2752914428711
1999-03-08,79.73173705391261,81.53808335014011,79.09077546492867,80.41154479980469
1999-03-15,80.76117383842009,82.43155886730516,80.48925069418299,80.60578918457031
1999-03-22,81.03496471399465,81.36595808260059,78.27019657622742,80.10039520263672
1999-03-29,80.47033700254063,81.99874771018627,79.82782039932654,80.587158203125
1999-04-05,81.58011131534099,84.42275958551755,81.15176705545137,84.03335571289062
1999-04-12,83.1572024380971,85.02634114895108,81.61905704062352,81.9500503540039
1999-04-19,82.67043532658106,85.20156028947684,79.98354882750706,84.6174545288086
1999-04-26,85.04585936011337,85.66890594883215,81.93062641651947,83.02095794677734
1999-05-03,83.13777967735574,84.63698554039001,82.14479917067068,84.11128997802734
1999-05-10,84.01387708094097,85.98036644019359,81.93056657163375,83.35189056396484
1999-05-17,83.25453928055013,84.48116135133466,82.47573161655995,83.07930755615234
1999-05-24,83.39090664761845,83.39090664761845,79.74997749909997,81.12262725830078
1999-05-31,81.07390753942673,83.0890731086704,79.7596691247026,83.00145721435547
1999-06-07,83.13775464325612,83.60503944687161,80.4313968223164,80.87921142578125
1999-06-14,81.42431227735943,84.46166108541014,80.71365053701423,83.68285369873047
1999-06-21,84.03313048056457,84.52135457120228,81.65059691825249,82.30481719970703
1999-06-28,82.91997135575377,87.17728500520133,82.8027975855855,87.11869812011719
1999-07-05,87.02111000522599,87.9585007772751,86.56217910641028,87.8022689819336
1999-07-12,88.07569378532992,88.83732395331836,86.65007834268489,88.62250518798828
1999-07-19,88.85683091305897,88.89588886071306,84.44328282814658,84.8338623046875
1999-07-26,84.28708482731534,85.81034539648368,82.841940184771,82.95911407470703
1999-08-02,82.9590628341426,84.20891688814099,80.51794163492701,81.47486114501953
1999-08-09,81.61155347056412,83.2715156732437,79.3657222551741,83.21292877197266
1999-08-16,83.19340118087716,84.26749438861148,82.295068679863,83.68162536621094
1999-08-23,84.24801164421423,86.7281918664709,84.1503667535742,84.40424346923828
1999-08-30,84.57997112760762,85.30254303518588,81.65062555634437,84.97055053710938
1999-09-06,85.02912296060038,85.38064436925697,83.54492145738365,84.91194915771484
1999-09-13,84.44323585724163,84.65805444984792,81.43577556075337,83.5839614868164
1999-09-20,83.93687499432647,83.97604292479512,79.15838747715064,80.05924987792969
1999-09-27,80.68596797452244,81.31265510442164,78.68840274796872,80.50971221923828
1999-10-04,80.96014717379872,83.89774322509766,80.6468035949935,83.89774322509766
1999-10-11,83.72148135760882,84.05440888581452,78.02254543361721,78.25755310058594
1999-10-18,78.2967280897131,82.23310686560913,77.35669733726031,81.52808380126953
1999-10-25,81.0384682356006,86.28697221992661,80.09843767124372,85.85612487792969
1999-11-01,85.54277770387401,87.17803913662894,84.34815557934647,86.40447235107422
1999-11-08,85.85612419551515,87.726393324318,85.27839708242945,87.57951354980469
1999-11-15,87.63826478991592,89.61624573824699,87.36408921291954,89.30290222167969
1999-11-22,89.26375689403282,89.61626843946779,87.73620686381462,88.63706970214844
1999-11-29,88.28454226523462,91.08505014986828,87.10950399196176,90.14501953125
1999-12-06,89.94921337413368,90.06671724529518,87.3445442300536,88.91126251220703
1999-12-13,88.63706645389111,89.81210489561303,87.75578762259966,89.42042541503906
1999-12-20,89.56137853841146,92.02519989013672,88.63867253417969,92.02519989013672
1999-12-27,92.03501485621676,92.70250429843334,91.13194090498254,92.27059936523438
2000-01-03,93.13445267587339,93.13445267587339,86.22397052117114,91.56388854980469
2000-01-10,91.87793852546329,92.64358801317549,89.75767840564491,92.32947540283203
2000-01-17,91.30864051841957,92.34913889457012,90.34667032160112,90.73931121826172
2000-01-24,91.50491940481683,91.62271162031327,85.14413976800914,85.36009216308594
2000-01-31,85.32086300353535,90.46445851824457,84.81042986085428,89.58101654052734
2000-02-07,89.56141906710775,90.81787036484886,86.71477159566307,87.12704467773438
2000-02-14,87.81417376229724,88.71724820742706,84.5748849917229,85.00679016113281
2000-02-21,84.92823867860439,86.36137816624611,83.61289147761813,83.7601318359375
2000-02-28,83.78953422499085,89.03128812332086,83.3772614464705,88.65827941894531
2000-03-06,88.46197232425904,89.20798984496962,84.83004492079966,88.03006744384766
2000-03-13,85.87057183256357,92.97737270210814,85.2423463413331,92.30988311767578
2000-03-20,92.50509908735921,98.09476890455284,91.00927195318064,96.71703338623047
2000-03-27,96.59896957131097,96.85483481263678,92.6625812432217,94.70950317382812
2000-04-03,94.55205104826307,96.3627897444413,89.05094816150422,95.37869262695312
2000-04-10,95.57550578958849,96.43167022571845,84.08125221028048,85.65580749511719
2000-04-17,85.1440781415519,91.40293548066737,84.82916708046433,90.5762939453125
2000-04-24,89.11979451488632,93.68600306776919,88.48997264552317,91.38321685791016
2000-05-01,92.30830293269607,93.51874229951075,88.03732175222804,90.39915466308594
2000-05-08,89.90709303307064,90.35977760832472,86.75798294434662,89.94645690917969
2000-05-15,89.90707415030845,93.03650164371892,88.43092910624691,88.88361358642578
2000-05-22,88.9623807133108,89.31665568075319,85.97072543268618,86.91545867919922
2000-05-29,88.17511926819118,93.90256563137056,87.84052618168242,93.11528778076172
2000-06-05,92.87910505826223,93.35147177184525,91.71787022070396,92.32801055908203
2000-06-12,92.56419391587355,93.7647926462304,91.0880479359266,92.32801055908203
2000-06-19,92.46642485614463,94.16305650488123,90.82897803236395,91.1446304321289
2000-06-26,91.7759511926708,92.79195753111074,90.6021186269004,91.71676635742188
2000-07-03,91.81538346035617,93.92630869247007,91.04598080566045,93.4922866821289
2000-07-10,93.3542316846611,95.4848861694336,92.90048119253363,95.4848861694336
2000-07-17,95.31720432728667,95.94850941648738,93.23587036132812,93.23587036132812
2000-07-24,93.51204081212974,93.97565536045991,89.33950987715812,89.70448303222656
2000-07-31,90.23716133176313,92.62428343957758,89.68476943904574,92.40727233886719
2000-08-07,92.62427404620826,94.20253643677196,91.89432769057252,93.05829620361328
2000-08-14,93.29502627983969,94.97192990297066,92.84127588769836,94.49845123291016
2000-08-21,94.71548316104352,95.72162555663054,94.24200438664964,95.4848861694336
2000-08-28,95.48486334378602,96.9644841600637,94.91274329482532,96.27399444580078
2000-09-04,95.87943610619841,96.08658303605749,94.27158136491134,94.5773696899414
2000-09-11,94.53787908162155,95.44537959033495,92.17048645019531,92.17048645019531
2000-09-18,92.63940612832354,93.01518510279796,90.13750927195443,91.94718170166016
2000-09-25,92.36251651773877,92.60973952768988,89.94961994061582,90.89895629882812
2000-10-02,91.31429356349798,92.24385210746254,88.4465065661605,89.27717590332031
2000-10-09,89.43540629101363,89.43540629101363,84.0360551372218,87.06206512451172
2000-10-16,86.96317509729361,89.35629408450593,82.37471555156424,88.54540252685547
2000-10-23,88.56518365364853,89.83096564423217,84.82717121270625,88.14984893798828
2000-10-30,87.61586188226384,91.07698509431715,87.43786125992968,90.36498260498047
2000-11-06,90.60230417417367,91.32419548662888,86.40940120868036,86.46873474121094
2000-11-13,85.8358576552673,88.6739787551592,84.18440739853578,86.4786376953125
2000-11-20,85.91495764457198,86.31051453980481,83.62072765222153,85.34140014648438
2000-11-27,86.36982460896532,86.50826948468382,82.11758914046806,83.68003845214844
2000-12-04,83.46248241412994,88.26849739674452,83.2251483409144,84.78759765625
2000-12-11,86.94338866197191,88.32783752601604,82.63181934252016,82.88893127441406
2000-12-18,83.83752297922648,85.68250396291509,79.69127539222735,83.12333679199219
2000-12-25,83.06381229402452,85.24604763014649,82.70671923902273,83.28203582763672
2001-01-01,83.7978480190947,86.33717674694606,80.98078021163461,82.01238250732422
2001-01-08,82.44881810563984,84.88895396391551,81.06012290174311,83.79783630371094
2001-01-15,83.7978922099073,86.45625337376327,83.49039520961054,85.07747650146484
2001-01-22,85.22620278843631,87.17037594329356,84.78975575367244,86.25780487060547
2001-01-29,86.01975899943096,88.05122000523693,85.54363487212784,85.57537841796875
2001-02-05,85.57542035618606,86.78159819509463,83.32810794937652,83.6963119506836
2001-02-12,83.60740359564207,85.1754399944752,82.08381010300666,82.78211975097656
2001-02-19,83.18843651143857,83.2519236284968,77.32259111796235,79.32865905761719
2001-02-26,79.86191066236739,81.15696437951189,77.29083773664794,78.47162628173828
2001-03-05,78.81440704480684,81.09980166110027,78.15418107238705,78.3128890991211
2001-03-12,77.66537090088971,77.76694638017045,72.88508509425846,73.01205444335938
2001-03-19,73.68604152621444,75.40470154329608,68.7719406275145,72.87126922607422
2001-03-26,73.64785080364531,75.52565117300098,71.3817645808951,74.27803039550781
2001-04-02,74.02978770406038,74.71724891964553,69.57399664360959,72.12016296386719
2001-04-09,72.56575084188138,75.7420924355991,71.78916922251004,75.6529769897461
2001-04-16,75.29649786339759,80.20423245717244,74.41807230384684,79.24942016601562
2001-04-23,78.7083770008413,80.10239992980688,76.98971160999493,80.064208984375
2001-04-30,80.49066083518609,81.27997569475772,78.5746746524053,81.05718231201172
2001-05-07,80.75163204439862,81.15901809967909,79.1857409838346,79.66314697265625
2001-05-14,79.50403643508999,82.80132168701324,79.22395661358699,82.58489990234375
2001-05-21,82.648561305924,84.08077994565961,81.41367387003355,81.54098510742188
2001-05-28,81.61736036844961,81.70011388014161,79.56769574892893,80.66891479492188
2001-06-04,80.71347578972721,82.2602671957639,80.25516506656363,80.84078216552734
2001-06-11,80.65617612628054,80.83440697642092,76.63960065378727,77.56258392333984
2001-06-18,77.65549621863997,79.35350944732161,77.17034749462907,78.42151641845703
2001-06-25,78.69605016520406,79.16204936512992,76.96611646946224,78.26197052001953
2001-07-02,78.38963945541617,79.35993249989761,75.99581909179688,75.99581909179688
2001-07-09,76.27668965539813,78.08322723386283,74.74464366966919,78.03215789794922
2001-07-16,77.73213319981605,78.50454352787655,76.49373343557632,77.4576416015625
2001-07-23,77.75125742274325,77.80232186945729,74.52757862615069,77.1192855834961
2001-07-30,77.36188841644761,78.67689211358125,76.79375546747785,77.84065246582031
2001-08-06,77.46400548839281,77.56614413458692,74.90421289345785,76.14900207519531
2001-08-13,76.34690554989143,76.82566959581915,74.05522398776584,74.52760314941406
2001-08-20,74.55951668218005,76.04687316342158,73.9083949049422,75.97665405273438
2001-08-27,75.94471436548852,76.09153255203988,71.52093620015943,72.86785888671875
2001-09-03,72.67636243284464,74.15733863771881,69.34416475431814,69.40161895751953
2001-09-10,68.75047987883342,70.44211294982942,68.75047987883342,70.2506103515625
2001-09-17,64.4735232243227,67.92062345986857,59.877392823752956,62.098854064941406
2001-09-24,63.895304716077625,70.23870229371762,63.47240926292905,66.91963195800781
2001-10-01,66.57364670329606,69.82223538002458,65.88804727490607,68.70733642578125
2001-10-08,68.09217420247485,70.6743884406044,67.61161400425273,70.16178894042969
2001-10-15,69.6043426690325,71.21902779600168,67.92558871028496,68.78418731689453
2001-10-22,68.75219336275174,71.62914762694984,68.39337151863545,70.68724822998047
2001-10-29,70.58470730505483,70.83459829863106,67.63726654956949,70.00162506103516
2001-11-05,70.55907970774706,73.09643789949106,70.38607523529126,72.22502136230469
2001-11-12,71.1229374583122,73.94222604697492,70.48219027400307,73.27584838867188
2001-11-19,73.63468136038303,74.23057656772548,72.73123017483978,74.12165069580078
2001-11-26,74.1664853417293,74.90334556904735,72.404430614388,73.07721710205078
2001-12-03,72.82090674643074,75.60815557157886,72.41082900559807,74.68547821044922
2001-12-10,74.2305417323749,74.57654571186158,71.76366666835264,72.48770904541016
2001-12-17,72.398028526364,74.27541811559232,72.3403636218498,73.65389251708984
2001-12-24,73.83008472704137,75.0645498078445,73.6886346834503,74.58233642578125
2001-12-31,74.67877010911887,75.85537178148434,73.1742620072539,75.62390899658203
2002-01-07,75.67531290471443,75.86176923941456,73.74646035925534,73.90077209472656
2002-01-14,73.7143272408071,74.19010956929745,72.44128220418794,72.7499008178711
2002-01-21,73.1356988733491,73.45717447279239,72.02339114093083,73.00711059570312
2002-01-28,73.23210965831787,73.41856601092894,69.6958796519536,72.42842102050781
2002-02-04,72.1583980845008,72.1583980845008,69.43871300031131,70.78247833251953
2002-02-11,70.75677550430723,72.63419167135523,70.60889458253995,71.2968521118164
2002-02-18,70.82107818909141,71.12969202912379,69.32300066233731,70.49317169189453
2002-02-25,70.55745278591351,73.19998221602111,70.53173415311184,73.12925720214844
2002-03-04,73.23211774582376,75.80392167083723,73.07138000051042,75.21883392333984
2002-03-11,75.1544975100302,75.80387900912173,74.34437835608698,75.00019073486328
2002-03-18,75.50525092309135,75.91791800366958,73.58377075153265,74.1769790649414
2002-03-25,74.20922953345804,74.64768900287588,73.05505430658609,73.8416976928711
2002-04-01,73.6546942914848,74.21566095968407,72.31997320048266,72.66171264648438
2002-04-08,71.77834091180286,73.2097818467749,70.95300683886956,71.84281921386719
2002-04-15,71.97179744378265,73.29362016075557,71.05618763216901,72.78423309326172
2002-04-22,72.46180766651173,72.49404927184868,69.179814921595,69.24429321289062
2002-04-29,69.59249016573136,70.86918213048537,68.75425752106288,69.36681365966797
2002-05-06,69.4054734212885,70.51451745403656,67.63874311669385,68.16747283935547
2002-05-13,68.48992130862403,71.73322969327289,68.21266008921414,71.50755310058594
2002-05-20,71.33985555135476,71.37209715031723,69.63760341693542,70.08251190185547
2002-05-27,70.31466141298745,70.36624110163787,68.28356297608559,69.13468933105469
2002-06-03,69.05087772268442,69.37972351922403,65.58834257571917,66.63290405273438
2002-06-10,66.56843594427673,67.40666891278664,63.51211813432565,65.38201904296875
2002-06-17,65.71727471356684,67.72258052343398,63.62814761868833,64.01502227783203
2002-06-24,63.805561824236534,65.28083413101247,61.59265336407262,64.03202819824219
2002-07-01,64.17436922938883,64.5755416941999,60.6414795725939,64.25848388671875
2002-07-08,64.04495765622474,64.51082912019942,58.44150696889261,59.43149185180664
2002-07-15,59.29562299127879,60.369727661380935,54.5462814536566,54.81156921386719
2002-07-22,54.41686541618678,55.60096726111751,50.262808547337194,55.3874397277832
2002-07-29,56.616844848497315,59.23739792755232,55.40039327349885,56.157440185546875
2002-08-05,55.96334560652329,59.48977059517717,54.061022218735125,59.06918716430664
2002-08-12,58.22801610831505,60.87445262952353,56.953327081361714,60.317989349365234
2002-08-19,60.473251799193804,62.8608662755979,60.24031356068626,61.21088790893555
2002-08-26,61.41147585438577,62.278519891622366,58.7585687201149,59.386207580566406
2002-09-02,58.706795725348314,58.88149689568413,56.61682393815782,58.23444747924805
2002-09-09,57.652147316473524,60.389170670676435,57.10215586767412,58.020965576171875
2002-09-16,57.78802198783677,59.00447889607857,54.38454324496128,54.57865524291992
2002-09-23,54.36833476793693,55.876219021001674,53.1984224342115,53.78337860107422
2002-09-30,53.29592966151739,55.74624034338354,51.72305097623556,52.5159912109375
2002-10-07,52.03502481421083,55.07029679784129,50.09167460461562,54.699825286865234
2002-10-14,54.075824489786704,58.040522465022725,53.97183509433598,57.61155319213867
2002-10-21,57.273618404162704,59.080479324348765,56.91614377949556,58.625511169433594
2002-10-28,59.24299158984996,59.33398426702695,56.54569590822887,58.6710319519043
2002-11-04,59.66542589145094,60.49086040202004,58.183535380694515,58.26803207397461
2002-11-11,58.17705838294151,59.502957718562804,56.83815726317215,59.40546417236328
2002-11-18,59.89290355583265,61.270794613782215,58.3395231915088,60.71833801269531
2002-11-25,60.72482003164046,61.71274170880427,59.54841228633057,61.08229446411133
2002-12-02,62.0507330536235,62.42770527871218,58.482508610824894,59.814903259277344
2002-12-09,59.19098284328411,59.548457547461595,58.021070137546936,58.066566467285156
2002-12-16,58.378546179409426,59.65894929260313,57.58560587832126,58.489036560058594
2002-12-23,58.51516774501567,59.1813774061767,57.07172012329101,57.071720123291016
2002-12-30,57.339537987308695,59.68432360348438,56.895399669466265,59.664730072021484
2003-01-06,59.59288612322051,61.16043348157101,59.46879209142185,60.78160858154297
2003-01-13,61.09510756349216,61.3041135030284,58.88094917859135,59.214054107666016
2003-01-20,59.35122344037451,59.38387766502502,56.28144228678483,56.418601989746094
2003-01-27,55.994045702629045,56.9411026512974,54.96207683205791,56.20957946777344
2003-02-03,56.26182787576854,56.69943319182814,54.19136244029821,54.48527526855469
2003-02-10,54.511407062013205,55.438870506343534,52.90467314232859,54.96207809448242
2003-02-17,55.21027433561696,56.039770198654246,54.511410292751975,55.63481903076172
2003-02-24,55.4715207079716,55.66746590328822,53.701501047159844,55.451927185058594
2003-03-03,55.68707273697315,56.02670550919795,53.18552939654611,54.41997146606445
2003-03-10,53.949695564222814,55.36701690504825,51.84657100269166,54.949005126953125
2003-03-17,54.51143284506781,58.70461883705076,54.35467957910394,58.56745910644531
2003-03-24,57.72152018881766,57.87891035522807,56.39029296783037,56.86245346069336
2003-03-31,55.970623193139275,58.35765351421237,55.347636407254114,57.85270690917969
2003-04-07,59.24294328182249,59.57739124346844,56.20669493337985,57.15101623535156
2003-04-14,57.36087241200565,59.059334140735366,57.052656112954566,58.7314453125
2003-04-21,58.92817500320803,60.56105981154535,58.29206993645228,59.170814514160156
2003-04-28,59.3085324379424,61.295537922658966,59.216723966932726,61.12503433227539
2003-05-05,61.29554177852936,61.89229687763183,60.51516472267016,61.46604537963867
2003-05-12,61.315228486567655,62.593993282605936,61.17095656020685,62.213645935058594
2003-05-19,61.741463011811,61.91852076519421,60.062668927237596,61.48571014404297
2003-05-26,61.18402309759271,63.669414621426135,61.033192119641484,63.577606201171875
2003-06-02,63.95801609960531,66.49587830681732,63.394046720224864,65.09251403808594
2003-06-09,64.77113505505731,66.16794419367811,64.11535762004205,65.28919982910156
2003-06-16,65.55154299856797,67.00737039761403,65.19742241475781,65.21054077148438
2003-06-23,65.45268289220118,65.59089810858913,63.813899125677935,64.27460479736328
2003-06-30,64.64314811956446,65.71592507515028,63.46506531689188,64.98538208007812
2003-07-07,65.58429124030859,66.7360474662303,64.91297908529508,65.97259521484375
2003-07-14,66.60445214401814,67.0651579028893,64.60369035103189,65.4921875
2003-07-21,65.45268295521032,66.03843307756887,64.39964930946802,65.9660415649414
2003-07-28,66.05819113807264,66.4596610574736,64.65633534626689,64.83403778076172
2003-08-04,64.70239893160142,65.15652175060605,63.40584916003109,64.68265533447266
2003-08-11,64.6694651924831,65.7159155343713,64.39303989464196,65.56454467773438
2003-08-18,65.76859016833008,67.01248684496947,65.63696285637484,65.66328430175781
2003-08-25,65.62377935470509,66.78870133744884,65.04461230905981,66.76237487792969
2003-09-01,66.89401952123512,68.24979990027653,66.50571544034851,67.67721557617188
2003-09-08,67.81544084134208,68.36828169395297,66.70317124149157,67.42713165283203
2003-09-15,67.47321734809407,68.90797777753644,67.09807381945035,68.23008728027344
2003-09-22,67.95019274569756,68.24089037472724,65.96817445438583,66.03424072265625
2003-09-29,66.26550671110692,68.89498253931124,65.57179801563424,68.3069839477539
2003-10-06,68.36642453812938,69.51599381519624,67.98984123837299,69.08655548095703
2003-10-13,69.17907576423188,69.95867017954382,68.69678725134354,68.88177490234375
2003-10-20,69.00732343247792,69.55568347535586,67.50759727531637,68.43254089355469
2003-10-27,68.53822472911406,70.01152793300368,68.22770757130758,69.56887817382812
2003-11-03,69.8661525464233,70.50700600510756,69.30458164280937,69.7736587524414
2003-11-10,69.85954814473705,70.65896171580323,69.23851907199072,69.674560546875
2003-11-17,69.31121379468597,69.66797281476371,68.45894493442141,68.84873962402344
2003-11-24,69.16582534965518,70.46735135206426,69.1592172114232,70.32860565185547
2003-12-01,70.5929183959961,71.4055485115112,70.44096640856087,70.5929183959961
2003-12-08,70.52023952766814,71.48482157008671,70.0049153582082,71.44518280029297
2003-12-15,72.1256374066657,72.49561754600938,71.0091039718875,71.94725799560547
2003-12-22,72.21424761567127,73.07054364246024,72.20760824866737,72.81829833984375
2003-12-29,73.08380905986424,74.4711428745448,72.87139491890268,73.83390045166016
2004-01-05,74.13925034279323,75.34071743190736,74.07286680458675,74.6039047241211
2004-01-12,74.71011884771086,75.87839423830826,74.18572026318388,75.8252944946289
2004-01-19,76.02438625222972,76.58861058645776,75.48671430676362,75.9580078125
2004-01-26,75.93150438799785,77.33211214617995,74.71675840665162,75.32745361328125
2004-02-02,75.47348253115044,76.13727747008528,74.86279240277521,75.97132873535156
2004-02-09,76.11733875463838,77.25906647475016,75.78544139713388,76.42268371582031
2004-02-16,76.90062614754889,77.39847224483258,75.88502091938658,76.25674438476562
2004-02-23,76.4824400422866,76.82761112069456,75.02872776453304,76.34967803955078
2004-03-01,76.62181563468013,77.6440599898288,76.28327894965692,77.2524185180664
2004-03-08,77.22586760944593,77.41173436660651,73.74758504077568,74.7300033569336
2004-03-15,74.5241912465686,75.18798561260479,73.5749651005629,73.72100067138672
2004-03-22,73.63314289108807,74.46579557655527,72.50739483406164,73.95954132080078
2004-03-29,74.35917632212912,76.49742673679413,74.32587328066822,76.36420440673828
2004-04-05,76.24428994486111,76.8771086155377,75.76468150286357,76.18434143066406
2004-04-12,76.32419894963995,76.80380721927462,74.84540847896757,75.8246078491211
2004-04-19,75.63811642225626,76.38416942788737,74.45907823969216,76.17767333984375
2004-04-26,76.27093615958306,76.68393345131514,73.87289900854125,73.9128646850586
2004-05-03,74.18596856703473,75.444938054817,73.24673461914062,73.24673461914062
2004-05-10,72.90035397201073,73.81293736706655,71.9811028554549,73.3000259399414
2004-05-17,72.53398177687393,74.05940087511001,72.21424624974154,73.14681243896484
2004-05-24,73.62644743940986,75.29175206830126,73.006953914178,75.17851257324219
2004-05-31,74.9120519517985,75.65811014690028,74.51904255578886,75.25843811035156
2004-06-07,75.55819729026328,76.55071736652067,75.55153464915782,76.17102813720703
2004-06-14,75.81797099811752,76.23762583572606,75.18515742174037,75.69140625
2004-06-21,76.04798690939545,76.84356748158191,75.32594765567967,76.108154296875
2004-06-28,76.5627358000239,76.74324808070213,75.26574562713374,75.46630859375
2004-07-05,75.12534537509981,75.25905401124308,74.34313404162341,74.69747161865234
2004-07-12,74.55706766021966,75.13871091339426,73.83503391569275,74.01554107666016
2004-07-19,74.04227679592036,74.9180799727635,72.66505865206194,72.84556579589844
2004-07-26,72.99932358110591,74.14254891034611,72.34413921840058,74.10243225097656
2004-08-02,73.66790774288802,74.45011407068118,71.28117208326866,71.4349365234375
2004-08-09,71.54857350529767,72.4778673054701,71.26109537590862,71.6622314453125
2004-08-16,71.62881475902854,73.96206482359318,71.60207200949688,73.86178588867188
2004-08-23,73.90859793111056,74.63063189777685,73.44060737977365,74.51029205322266
2004-08-30,74.35653739225354,75.42622220670027,73.60775547181106,74.95823669433594
2004-09-06,75.23899390987225,75.72703499439089,74.8980302764112,75.58663940429688
2004-09-13,75.7537936027993,76.04127180480512,75.33260674432218,75.6468276977539
2004-09-20,75.63945708852187,76.17652815879372,74.48475787275994,74.82714080810547
2004-09-27,74.58543147770206,76.2973403930664,74.12221310256179,76.2973403930664
2004-10-04,76.59948111801775,76.98885745369199,75.42464243485217,75.53205871582031
2004-10-11,75.7133153866657,75.9080035496148,74.22966261580189,74.69288635253906
2004-10-18,74.44447463150165,75.3440678490843,73.67915173394798,73.84027099609375
2004-10-25,73.67916150795122,76.29065939675067,73.41062595415934,75.99526977539062
2004-11-01,76.2369644770633,78.97601838114583,75.9952829489448,78.73433685302734
2004-11-08,78.5329146752603,79.88901161030833,78.35836582080634,79.74803161621094
2004-11-15,79.55334484824834,79.9829996343021,78.64032714741182,78.82830047607422
2004-11-22,78.89357811935103,80.11230123897664,78.79931292385308,79.68810272216797
2004-11-29,79.98433826344412,80.8933266781005,79.10228348574142,80.2940673828125
2004-12-06,80.26716810972235,80.55669840959526,79.2706488011376,80.34796905517578
2004-12-13,80.63748396818993,81.63400308662368,80.2334895921474,80.4220199584961
2004-12-20,81.01164872502814,82.04670278480367,80.61927373882959,81.7016830444336
2004-12-27,81.99259903251539,82.30379661495827,81.44463033027642,81.76935577392578
2005-01-03,82.2361319408461,82.3714363433275,79.8277703513644,80.12543487548828
2005-01-10,80.05776954574209,80.81545861580464,79.48950661419607,79.99011993408203
2005-01-17,79.8615691329094,80.92368379555687,78.91445930017066,79.00240325927734
2005-01-24,79.2121466573086,79.65864344193997,78.72506629407688,79.4421615600586
2005-01-31,79.79395579529324,81.471694526581,79.6315956475351,81.33639526367188
2005-02-07,81.3499019556128,81.88434267929674,80.67339549444347,81.7016830444336
2005-02-14,81.64757224238026,82.16847998344751,81.11313148078213,81.44461822509766
2005-02-21,81.11312406204945,82.31053820276128,80.22013575808322,82.14817810058594
2005-02-28,81.95878242907736,83.09531381792156,81.20785962780514,83.02766418457031
2005-03-07,82.98029089124286,83.37942725420757,81.28902461833805,81.44461822509766
2005-03-14,81.59343750274392,82.16846691178677,79.92923237431364,80.19306945800781
2005-03-21,80.62351479207214,80.77293162139088,79.292354684262,79.5572280883789
2005-03-28,79.74738782142529,80.81367445483609,78.95276766145058,79.75418090820312
2005-04-04,79.70665490692305,80.9970670163151,79.2855715334896,80.14131927490234
2005-04-11,80.33826434606421,80.86121804779278,77.4925671515166,77.52652740478516
2005-04-18,77.50615114154326,79.1225586284016,77.11902810058274,78.49093627929688
2005-04-25,78.68790574728754,79.30594201239589,77.40428678430094,78.61319732666016
2005-05-02,78.8305250070742,80.14131106480522,78.45698292523085,79.52326965332031
2005-05-09,79.6047716119055,80.19564585884991,77.96798989303866,78.59281921386719
2005-05-16,78.57924127999397,81.09894327142774,78.55207929068106,80.90198516845703
2005-05-23,80.96308004523902,81.6694107055664,80.70499978115271,81.6694107055664
2005-05-30,81.55399834841673,82.12449350921285,81.09216671184453,81.6015396118164
2005-06-06,81.46566900561669,82.34858372854487,81.11929931203089,81.63545989990234
2005-06-13,81.4589131693347,82.79007368279251,81.37061855331794,82.42332458496094
2005-06-20,82.5650017067657,83.15144001852401,81.03753181438567,81.13300323486328
2005-06-27,81.12622210105944,82.10134625985525,80.97620219931837,81.50808715820312
2005-07-04,81.31715585578986,82.72869873046875,80.64207149029681,82.72869873046875
2005-07-11,82.73551753640642,84.17433720066927,82.72187652585653,83.76519012451172
2005-07-18,83.53334911211176,84.37209441679587,83.22649399230035,84.2425308227539
2005-07-25,84.15387399018705,84.99261398202104,83.77200376390583,84.37889862060547
2005-08-01,84.44028562050912,85.06081637864321,83.64927343363222,83.79247283935547
2005-08-08,83.97656577938353,84.89713609411695,83.4514962411332,83.91519165039062
2005-08-15,84.02435305464009,84.4675924407417,83.08332062206547,83.51292419433594
2005-08-22,83.58789116698195,84.03113032501705,82.292271013695,82.3468246459961
2005-08-29,82.10815725380712,83.97657489877959,82.08769574024078,83.37649536132812
2005-09-05,83.64245535615446,85.06081355735482,83.63563485062579,84.96534729003906
2005-09-12,84.86304793964982,85.01306782391768,83.78564233926544,84.21524047851562
2005-09-19,84.55316002780862,84.6490326339454,82.47819469908879,83.16300201416016
2005-09-26,83.56021378092632,84.25872039794922,82.87540624052491,84.25872039794922
2005-10-03,84.2039401846044,84.46416518651856,80.9237112192628,81.90983581542969
2005-10-10,81.95777039158683,81.97831378279147,80.04030710092385,81.26611328125
2005-10-17,81.35511088123702,82.04676250566737,80.20463438631185,80.89628601074219
2005-10-24,81.1085861848848,82.5466806100402,80.75933296495694,82.03992462158203
2005-10-31,82.37544693747792,83.9984416503123,82.26587529330486,83.62179565429688
2005-11-07,83.79993336058448,84.80659644979967,83.37535063866896,84.75181579589844
2005-11-14,84.77231716495491,85.79267883026233,84.13544601017024,85.68995666503906
2005-11-21,85.70365447057229,87.25132078958707,85.58723845655484,87.0595703125
2005-11-28,87.1417600613431,87.15545391338338,85.79953790071781,86.86783599853516
2005-12-05,86.76513239896939,87.47733302489081,85.92967140429371,86.51175689697266
2005-12-12,86.77196155899313,87.71699407016274,86.25835591114003,86.53227996826172
2005-12-19,87.24573564324207,87.34211652713648,86.38518828535324,87.26638793945312
2005-12-26,87.40403135912821,87.46599347031099,85.61409476646516,85.71736145019531
2006-01-02,86.18553538077275,88.51933925200512,85.63478300456548,88.42295837402344
2006-01-09,88.40915240664164,89.1113616767336,88.25769529927429,88.58814239501953
2006-01-16,88.25769360026065,88.73959779409631,86.72248077392578,86.72248077392578
2006-01-23,86.88771220544048,88.57438754168885,86.63298839279925,88.49176788330078
2006-01-30,88.42296078503765,88.67767943277865,86.83955159954012,86.92904663085938
2006-02-06,87.04606090447358,88.18886996081302,86.33008509550716,87.18374633789062
2006-02-13,87.15618890528539,88.95301650346393,86.70870346720456,88.6776351928711
2006-02-20,88.88421056416483,89.2559623782843,88.3128058924016,89.09074401855469
2006-02-27,89.08381862502762,89.54508104765469,88.20951046207493,88.64321899414062
2006-03-06,88.90485749234585,88.93239038239614,87.55552002824689,88.52621459960938
2006-03-13,88.69833325447712,90.50892822643615,88.48491919407843,89.92375183105469
2006-03-20,90.29513272428055,90.5370482763236,89.47263250313075,89.99793243408203
2006-03-27,89.87354640158256,90.53016099522047,89.19619738736141,89.73531341552734
2006-04-03,89.90119137669083,90.82044539859336,89.40354423369854,89.53485870361328
2006-04-10,89.67311446035846,89.90811160258824,88.64325915376142,88.9612045288086
2006-04-17,89.04413768439623,91.13839852932799,88.48428723724626,90.64765930175781
2006-04-24,90.46794483487,91.06235608200912,89.5694147338691,90.86882781982422
2006-05-01,90.86883763973829,91.78810225770827,90.073990087475,91.59457397460938
2006-05-08,91.58766631236256,91.76737870115743,89.29296902118895,89.32752990722656
2006-05-15,89.016486925697,89.85281391102157,86.94987895550416,87.84840393066406
2006-05-22,87.28162083341088,88.73309326171875,86.23103663994691,88.73309326171875
2006-05-29,88.44974159334548,89.45885205437797,87.12268571866416,89.16165161132812
2006-06-05,89.05794333256092,89.06485128895417,85.61588795228063,86.63882446289062
2006-06-12,87.00514911620505,87.33691559664284,84.55838780188037,86.1550064086914
2006-06-19,87.05649812257106,87.26476407636659,85.77217286954587,86.3900375366211
2006-06-26,86.45942879783532,88.62542890490235,85.84156435031842,88.36161804199219
2006-07-03,88.46575291631717,88.86840239928104,87.67433092708491,87.896484375
2006-07-10,88.12559925433196,88.46577063094718,85.27231219149228,85.75132751464844
2006-07-17,85.75132359614948,87.68128826284175,84.96684527058238,86.04984283447266
2006-07-24,86.3900712709456,88.95872278002469,86.3900712709456,88.84764862060547
2006-07-31,88.62545593608931,89.85423612439114,87.8895681060315,89.00033569335938
2006-08-07,88.7920665792363,89.27803102272158,87.6674114579152,88.17420196533203
2006-08-14,88.60466199999743,90.72901153564453,88.11175884044398,90.72901153564453
2006-08-21,90.3749114885996,90.61095788346732,89.68763014860868,90.11804962158203
2006-08-28,90.00695764631732,91.34682768566822,90.00001915656934,91.23574829101562
2006-09-04,91.29822096315479,91.53426731081154,89.7986915983814,90.44432067871094
2006-09-11,90.15274600193098,91.95079991305326,89.88893510158698,91.61063385009766
2006-09-18,91.8950231614378,92.57836891509876,91.3441736658396,91.6718978881836
2006-09-25,91.85315628640537,93.4290238711893,91.37900859379226,93.14313507080078
2006-10-02,93.11524345836771,94.4191709720949,92.49466150530932,94.14025115966797
2006-10-09,94.02871044786993,95.32565854507175,93.6452022880002,95.2698745727539
2006-10-16,95.19316505212691,95.7858497594418,94.60046970510808,95.41629028320312
2006-10-23,95.22108468887853,96.92245905375815,95.10254770636907,96.16242218017578
2006-10-30,95.98805710476388,96.44128716137955,94.56559268884824,95.20709228515625
2006-11-06,95.4999795525944,97.02005290069854,95.43024692720961,96.39250183105469
2006-11-13,96.35064045208824,98.0938494106775,96.27394947202531,97.91255950927734
2006-11-20,97.82887271232306,98.42853692053812,97.57785023819346,97.86373901367188
2006-11-27,97.8149371179619,98.35184843922464,96.30183306686033,97.77310180664062
2006-12-04,97.79402746582066,99.22346101126537,97.78007881433776,98.60984802246094
2006-12-11,98.60984315304852,99.87890438273548,98.24028370477772,99.2513427734375
2006-12-18,99.94456304320536,100.18296848771494,98.63338124382742,98.6894760131836
2006-12-25,98.73159255315407,100.05680136573736,98.71055834176295,99.2995376586914
2007-01-01,99.74120852568322,100.16892169319021,98.43002699369441,98.54220581054688
2007-01-08,98.73857505658853,100.4354019165039,98.33890378803365,100.4354019165039
2007-01-15,100.31619944232403,100.58965477573783,99.78330444460606,100.14090728759766
2007-01-22,100.31619706075415,100.95425235758245,99.27145199175358,99.65709686279297
2007-01-29,99.69915105408967,101.63437226880824,99.38362736785044,101.53620910644531
2007-02-05,101.45909277254104,101.9218666094204,100.5405636320276,100.92620849609375
2007-02-12,100.92621774878029,102.3355628914091,100.40034125838355,102.18130493164062
2007-02-19,102.06211415813227,102.66511966748887,101.66946139836244,101.87981414794922
2007-02-26,102.25143437985875,102.33557120147942,96.7963426657527,97.23106384277344
2007-03-05,96.71216807840909,99.15925004587388,96.2914733890597,98.71050262451172
2007-03-12,98.45808160065779,99.10315535063386,95.88479443427045,97.13287353515625
2007-03-19,98.03202322688412,101.23499624459754,97.95458833664773,100.93933868408203
2007-03-26,101.01677037628603,101.12235852262057,98.94715677677902,99.96084594726562
2007-04-02,100.07348034294267,101.67848461379381,99.59478901682951,101.5376968383789
2007-04-09,101.82631789024788,102.2979736328125,100.90414551924678,102.2979736328125
2007-04-16,102.65697975140753,104.6209945678711,102.64994412174971,104.6209945678711
2007-04-23,104.44502759871213,105.45168139063688,103.70588890744025,105.26161193847656
2007-04-30,105.33902707832472,106.38086957134084,103.952245383735,106.24008178710938
2007-05-07,106.21189693806706,107.57756059592734,105.07853788873709,106.19781494140625
2007-05-14,106.19784296858656,107.43679046630858,105.44461169897974,107.4367904663086
2007-05-21,107.40862680998603,108.05625912620222,106.11336217755364,106.78211212158203
2007-05-28,106.9581247142896,108.68983505139981,106.5357505756956,108.4645767211914
2007-06-04,108.08447516917627,108.68283694855887,104.9307822673612,106.32460021972656
2007-06-11,106.24716075819447,108.16895185480654,105.2757171317231,107.75362396240234
2007-06-18,108.4371588195795,108.5785533961186,105.9415073260488,106.43639373779297
2007-06-25,106.21719130813396,107.2140297166931,104.67596186608604,106.35150909423828
2007-07-02,106.66264451993693,108.2887094489764,106.59195261119767,108.15438079833984
2007-07-09,108.28163613966404,109.90770095825721,106.41519942979365,109.4764404296875
2007-07-16,109.57540511766051,109.95717156060337,108.04831777045925,108.5219955444336
2007-07-23,109.00274507376491,109.38452232474425,102.54799102791216,102.59040832519531
2007-07-30,103.1701288488151,105.66579129948481,101.24006631812833,101.66426086425781
2007-08-06,101.95411012723864,106.46465817838005,100.76637206468055,102.30760192871094
2007-08-13,103.57309783138781,103.84882100502767,96.85675360341386,102.30760192871094
2007-08-20,102.6327890810087,104.86685943603516,101.3036567048795,104.86685943603516
2007-08-27,104.52754214466351,104.98707722483778,101.423884198953,104.34371948242188
2007-09-03,104.24478028641958,106.03344880002619,102.69648372449254,103.26914978027344
2007-09-10,103.58727562206664,105.65873310245544,102.0389792809807,105.26988983154297
2007-09-17,104.8527746164866,109.15123778251517,104.37203076948879,107.44033813476562
2007-09-24,108.26961369042856,108.81657646513558,106.88445807554868,108.38327026367188
2007-10-01,108.397533537755,110.88371540019072,108.32649543469974,110.70613098144531
2007-10-08,110.37935431576557,111.89237680484304,109.77556304709294,111.04707336425781
2007-10-15,111.00445545722614,111.15362027762876,106.30912367080914,106.31622314453125
2007-10-22,105.74088166292034,109.12208557128906,105.59881627564161,109.12208557128906
2007-10-29,109.3422410147528,110.29410145741082,105.98945814467957,107.40302276611328
2007-11-05,106.29498621631771,108.04952208092485,102.92088045190378,103.09846496582031
2007-11-12,103.1481257374357,106.12443112114428,102.0755090445906,103.56011199951172
2007-11-19,103.19782705550845,103.37541142349204,100.63350834826994,102.38094329833984
2007-11-26,102.59404968545125,106.45828778740469,99.91608485960995,105.59878540039062
2007-12-03,105.2649403153486,107.61615625238245,103.92950203664238,107.19705963134766
2007-12-10,107.45988601442522,108.60353014099572,104.49067964144065,104.54039764404297
2007-12-17,104.14256652801849,105.42827548632056,102.26017675573456,105.22228240966797
2007-12-24,106.27348818710362,106.8876102043217,104.90239213624217,105.18804168701172
2007-12-31,105.0451948326579,105.40938565598435,100.6248686226469,100.91050720214844
2008-01-07,101.26759744469457,102.04597211687586,98.33261476031394,100.0821762084961
2008-01-14,100.80345393930229,101.30332719163435,93.61953162264821,94.30506896972656
2008-01-21,90.84163180217931,97.66135646309014,89.9775622156396,95.00487518310547
2008-01-28,95.16201152629274,99.69660089237429,94.30508425533836,99.67517852783203
2008-02-04,99.41093448141885,99.47520155719022,94.0694012135515,95.02631378173828
2008-02-11,95.0477341366351,97.87559437514543,94.29077086219566,96.50450897216797
2008-02-18,97.63278985262154,97.8398762577626,94.87633413980241,96.8472671508789
2008-02-25,96.79009067277688,99.36088109952746,94.81915860987594,95.56183624267578
2008-03-03,95.07629916976279,96.24029821285205,91.81996978654398,92.62691497802734
2008-03-10,92.7197455730474,95.52619463397579,91.11300317144988,92.55550384521484
2008-03-17,90.38462335163234,96.15461019181001,90.02756945430454,94.3193588256836
2008-03-24,95.66894098124435,97.46304762615661,94.05424500082331,94.37718200683594
2008-03-31,94.21935361713894,99.0060425189286,94.07582719355453,98.2381591796875
2008-04-07,98.94144084180353,99.44379972207804,95.45369528504546,95.71923065185547
2008-04-14,95.5828623073487,100.15424420556941,94.96568895787279,99.37918853759766
2008-04-21,99.19978221946413,100.39107214823865,98.24531577896616,100.1829605102539
2008-04-28,100.38387671566069,102.17080025001505,99.22128795255361,101.55362701416016
2008-05-05,101.22354196563977,102.04882699167625,99.35766588456262,99.68060302734375
2008-05-12,99.93179423877513,102.52965856334355,99.55861678844227,102.37895965576172
2008-05-19,102.48660337189725,103.55589547056282,98.69027641283087,98.7763900756836
2008-05-26,98.89122967507036,101.1374453204621,98.6974629556955,100.72122192382812
2008-06-02,100.34799493096754,101.10869455367884,97.75730396190045,97.80753326416016
2008-06-09,98.21661597568763,98.67590703222311,95.81969111659191,97.70708465576172
2008-06-16,97.27650307541388,98.40319680129178,94.16910781940413,94.42745971679688
2008-06-23,95.26762490001403,96.2124379781581,91.62540305897603,91.97880554199219
2008-06-30,92.23843336907262,93.15440181870034,90.14685780576363,91.09888458251953
2008-07-07,91.44509897255114,92.1302678685866,88.34379601639579,89.31745910644531
2008-07-14,90.34159726627186,91.17822422324751,86.56233446998331,90.86088562011719
2008-07-21,91.24315109369016,93.1471994930219,90.04590216158736,90.50028228759766
2008-07-28,90.52188233699619,92.7504933702733,89.01450372182342,90.99068450927734
2008-08-04,90.90413220317602,93.70972029167802,89.98095561314179,93.30583190917969
2008-08-11,93.37799000420101,94.8492997352979,92.07976906197632,93.88285064697266
2008-08-18,94.07034240845074,94.10640623168516,91.12050435309584,93.50778198242188
2008-08-25,92.89473920401271,94.00543230418097,91.2936023286748,92.88751983642578
2008-09-01,93.7818471978735,94.2722909478689,87.99035196147554,89.73573303222656
2008-09-08,92.346609688697,92.49086500097599,87.7018758673427,90.9402084350586
2008-09-15,87.72349832337277,92.31775087519517,82.07625258850491,89.51937103271484
2008-09-22,90.27693919570147,90.4945636065187,85.44572929909486,87.66547393798828
2008-09-29,86.42498845818515,86.57006764260728,79.56263898799516,80.0414047241211
2008-10-06,77.72736718040551,78.0683093823336,60.62952308677595,64.19852447509766
2008-10-13,68.09396757834459,76.55221162419576,62.77673212048988,67.61519622802734
2008-10-20,69.16758695481444,71.88786440873545,60.934214967830584,63.13945388793945
2008-10-27,62.36324424719289,71.50337186378576,60.71656716361083,70.24116516113281
2008-11-03,70.20488751935822,73.16454936313626,65.33015166711583,68.08670043945312
2008-11-10,69.06601085861584,69.29814091438735,59.54866750315011,62.83476638793945
2008-11-17,62.66068597044465,64.2420742418212,53.926780663196304,57.684391021728516
2008-11-24,59.42538820023583,65.38098382552134,58.2937541355027,65.35196685791016
2008-12-01,63.48039116024644,64.14050889194392,59.38183901576775,63.78506088256836
2008-12-08,65.53325323461401,67.01308389672823,61.8046624079359,64.553955078125
2008-12-15,64.57571245009215,67.04935235395625,62.59535493785366,63.973628997802734
2008-12-22,64.77818481494421,64.84399876039508,62.51847783894442,63.73974609375
2008-12-29,63.79827049152228,68.33230967972146,62.59894532842327,67.98128509521484
2009-01-05,67.73991810159289,69.07087604100671,62.42340086309107,65.15113067626953
2009-01-12,64.96831481165204,65.0195108727332,59.761492397212415,62.204017639160156
2009-01-19,61.597053256525925,62.204024585087076,58.540236313053576,60.77799987792969
2009-01-26,61.1290307670862,64.31748181543112,60.11984428235797,60.57324981689453
2009-02-02,59.65178499499336,63.87135837321749,56.84361242191012,63.608097076416016
2009-02-09,63.5934894326854,64.16389932977543,59.27153365749528,60.52204895019531
2009-02-16,58.62066711538895,60.66829176708986,55.4102737977651,56.616912841796875
2009-02-23,57.238514235692136,58.262329371834845,53.976935954911966,54.064693450927734
2009-03-02,53.03357340874757,54.05738873047865,49.06995117938112,50.400909423828125
2009-03-09,49.691561000093046,56.295168570973566,49.53068056664038,55.644309997558594
2009-03-16,56.280529809616745,59.23496581094318,55.176271477344365,56.09770584106445
2009-03-23,57.99437951452872,61.35296065035696,57.6776713412205,60.10822296142578
2009-03-30,58.77510810261533,62.317816319008514,57.41988970724405,62.06003189086914
2009-04-06,61.38242950506852,63.20902703228846,60.03458339258894,63.20166015625
2009-04-13,62.54615387292565,64.55688413338407,61.58130094499748,64.1370620727539
2009-04-20,63.00277829763294,64.30643395460203,60.94785887689613,63.827693939208984
2009-04-27,63.10591141615294,65.56591972939367,62.428304941529966,64.733642578125
2009-05-04,65.21975300414847,68.65934777107822,65.09453859652709,68.48258209228516
2009-05-11,67.53979313383485,67.84177310596736,64.92511522290965,65.33757019042969
2009-05-18,65.95626068261899,68.3499830713789,65.00613635245942,65.5658950805664
2009-05-25,65.0797868726663,69.01285411089839,65.05032500033438,68.15111541748047
2009-06-01,68.99075843979347,70.46381832638299,68.32051911341955,69.63890838623047
2009-06-08,69.1159953275125,70.78792212644284,68.52677450449585,70.029296875
2009-06-15,69.20434284837317,69.248532840449,66.89900648023139,67.79020690917969
2009-06-22,67.50653566476241,68.32129413219415,65.81035364247086,68.02501678466797
2009-06-29,68.22502969030784,69.05460541642283,66.48440744943608,66.52143859863281
2009-07-06,65.87703293991723,66.61031515367654,64.44009116762264,65.15115356445312
2009-07-13,65.41038744318288,70.00267271987136,64.87708928773328,69.72120666503906
2009-07-20,70.1285713056087,72.6913595579395,69.76563457115371,72.6321029663086
2009-07-27,72.49877972093263,73.94312949919092,71.83216283206542,73.1876220703125
2009-08-03,73.95798468243827,75.57269105841971,73.55801092130271,74.95791625976562
2009-08-10,74.61716853231862,75.26157138065973,73.66908548029082,74.65420532226562
2009-08-17,73.21725858721567,76.38741318725631,72.66914917111097,76.26890563964844
2009-08-24,76.57998691712999,77.29104908719837,75.5059880005831,76.57257843017578
2009-08-31,75.82450472655873,76.4689019826433,73.75056862285497,75.59488677978516
2009-09-07,76.29114511775899,77.99473605555455,75.83932332080508,77.60216522216797
2009-09-14,76.9429220797524,80.0390083935581,76.402221214642,79.0464859008789
2009-09-21,78.80532708017387,80.39795483373587,77.46573098935595,77.73365020751953
2009-09-28,78.03130413406969,79.64625682415617,75.90283889136346,76.27494812011719
2009-10-05,76.58011848287171,79.82491302490234,76.35685056345328,79.82491302490234
2009-10-12,80.19703663431109,81.6482613335949,79.45281767510092,81.03800201416016
2009-10-19,81.17191729424418,82.09474670952396,80.00349439393398,80.43514251708984
2009-10-26,80.52445550842057,81.35053866261264,76.9819788291524,77.07128143310547
2009-11-02,77.49546359151262,79.92906105357602,76.71403764153413,79.72811889648438
2009-11-09,80.33838101200261,82.47429005024883,80.27884785004424,81.58123016357422
2009-11-16,82.14687841065732,83.12180901015661,81.12730217297708,81.43987274169922
2009-11-23,82.39989715371759,83.15899774583438,80.59144544650657,81.5440444946289
2009-11-30,81.47706138565738,83.63529095705722,80.46492355393956,82.61571502685547
2009-12-07,82.54130591813805,83.00271791837052,81.13472722915411,82.69014739990234
2009-12-14,83.2557379545815,83.44923070508942,81.32820880192662,82.02033233642578
2009-12-21,82.8734216636206,84.25015324025938,82.8734216636206,84.16036987304688
2009-12-28,84.47462550493688,84.5718927250497,83.34480386414191,83.38221740722656
2010-01-04,84.07804366799135,85.76154988521208,83.43456972384003,85.72413635253906
2010-01-11,86.10576654178804,86.15065823183976,84.69909936277179,85.0283203125
2010-01-18,85.01336832265926,86.14318451762232,81.6239026122505,81.71369171142578
2010-01-25,82.46191637175927,82.65645656405056,80.22472414018218,80.35192108154297
2010-02-01,80.92056388999981,82.74622966245397,78.24939991111465,79.80570983886719
2010-02-08,79.86557680102568,80.99539874213855,79.16972695762593,80.83827209472656
2010-02-15,81.45177793262617,83.47946709658433,80.67362320962128,83.15773010253906
2010-02-22,83.46451809896351,83.4869639401923,81.51164999299029,82.85845184326172
2010-03-01,83.20265916994461,85.55208638379925,83.1802133221222,85.48474884033203
2010-03-08,85.49224553178762,86.77171042637572,85.20043804925915,86.3901138305664
2010-03-15,86.24043591664369,87.90149673098092,85.74660455735203,86.77167510986328
2010-03-22,86.63314835173934,88.78188534253451,86.58055712743372,87.58731079101562
2010-03-29,88.03058708442376,88.84199953407587,87.60985725068448,88.50391387939453
2010-04-05,88.84199431793597,89.85625695444412,88.35364394272428,89.81869506835938
2010-04-12,89.93139056898053,91.33633586267717,89.21765164859735,89.67594909667969
2010-04-19,89.41297756870634,91.55419969342941,89.00727141896728,91.51663208007812
2010-04-26,91.54667486548605,91.74953078385131,88.84197323271086,89.26270294189453
2010-05-03,89.69097582858005,90.66767665765427,78.88718946784255,83.59037017822266
2010-05-10,87.00880658682794,88.4137518482409,84.79996930716923,85.56629943847656
2010-05-17,85.7992231324115,86.56555917888753,79.15767463370068,81.9750747680664
2010-05-24,81.53178734973054,83.24477116303522,78.42137857433185,82.17040252685547
2010-05-31,81.4040759157673,83.44011628780996,79.98410677905851,80.25457763671875
2010-06-07,80.54007714666432,82.45591155300262,78.62424847234134,82.4033203125
2010-06-14,83.0344030430764,84.46188673176856,82.1929433182162,83.94348907470703
2010-06-21,85.39214139101999,85.45252749438606,80.59864240004131,81.42901611328125
2010-06-28,81.54976755176531,81.76868366319997,76.34108915779603,77.14881134033203
2010-07-05,78.23587002978923,81.50450629453412,76.90727779519653,81.49695587158203
2010-07-12,81.2252016572707,83.1048539014991,80.35708727836438,80.51561737060547
2010-07-19,80.81000468077345,83.46718298150618,79.88149861634005,83.34640502929688
2010-07-26,83.48981945600543,84.76556991405117,82.26691618548467,83.24070739746094
2010-08-02,84.53913374598831,85.38460266102794,83.73141119009588,84.8410873413086
2010-08-09,85.24116378293165,85.43743446162202,81.22519696868163,81.76116180419922
2010-08-16,81.20254395172033,83.3313080105885,80.58354180011426,81.17234802246094
2010-08-23,81.55731682634803,81.95740270189785,78.72651401713729,80.66655731201172
2010-08-30,80.4552128208298,83.78423480671333,78.87750864466689,83.70874786376953
2010-09-06,83.31620317768815,84.30509526827434,82.6972010985047,84.15412139892578
2010-09-13,84.98449195752822,85.52045669818231,84.53156457549643,84.91654968261719
2010-09-20,85.66716159809766,87.20018814530127,85.13591821448372,87.13947296142578
2010-09-27,87.16979492155691,87.87559272277903,85.89480553193359,86.98006439208984
2010-10-04,86.79797135685052,88.68768682478641,85.89485169834506,88.44483184814453
2010-10-11,88.5814240801346,89.97025347157334,87.76937733800325,89.32516479492188
2010-10-18,89.3555306426611,90.38007482654538,88.05018305840362,89.81847381591797
2010-10-25,90.41797549424949,90.88850926488918,88.9912040786071,89.92467498779297
2010-11-01,90.36488108381431,93.28673087955208,89.43899492009965,93.13494873046875
2010-11-08,92.84656667038698,93.30950981272252,90.80506928496415,91.22247314453125
2010-11-15,91.5108979027819,91.86759248786086,89.24171492667729,91.29080963134766
2010-11-22,90.83539816712063,91.25280189476213,89.5452269786694,90.15995788574219
2010-11-29,89.93228597248054,93.37020281361737,89.35550344543265,93.26395416259766
2010-12-06,93.0666388430292,94.56171668885696,92.89968080202242,94.47064971923828
2010-12-13,94.90325249327897,95.0398587627238,93.91665101505318,94.33406066894531
2010-12-20,95.08955641777834,95.98979475331645,94.58603643787083,95.82195281982422
2010-12-27,95.46336239295832,96.27967959002889,95.3947029731016,95.93637084960938
2011-01-03,96.66880353405134,97.52326905570884,95.89825899311779,96.99685668945312
2011-01-10,96.56959624718372,98.66760845952517,96.27968537995099,98.64472198486328
2011-01-17,98.55316931029112,98.904114674326,96.98919998531557,97.93521118164062
2011-01-24,97.87417811275324,99.44578986701836,97.27911227186848,97.43932342529297
2011-01-31,97.70636544841553,100.0942774696929,97.46222747091754,100.0561294555664
2011-02-07,100.27735789996002,101.68111602444367,100.17055046964359,101.55142211914062
2011-02-14,101.49039522557655,102.75683459481155,100.94873308888656,102.634765625
2011-02-21,101.55907952062029,102.65767723562112,98.94991576806358,100.95638275146484
2011-02-28,101.33016522045564,101.99389616537574,99.44576815685951,101.06314086914062
2011-03-07,101.36071479017824,101.58959122872793,98.78969934272745,99.81962585449219
2011-03-14,99.1711408547254,99.54496106010417,95.5778127563418,97.46984100341797
2011-03-21,99.11157101284367,101.04245665872644,98.32235731094613,100.605712890625
2011-03-28,100.82025988564305,102.49830071418984,99.94676062181568,102.02323150634766
2011-04-04,102.23775383017484,102.6745092202203,101.37958256908328,101.80101013183594
2011-04-11,101.90830575545512,102.25310595538359,99.81650696362702,101.17272186279297
2011-04-18,100.06169734680567,102.55193798924883,99.23416982261939,102.50596618652344
2011-04-25,102.42931184373221,104.64372108876944,102.06152582672516,104.53643798828125
2011-05-02,105.02688707476457,105.11116093834663,101.92366105564504,102.82780456542969
2011-05-09,102.82009558746452,104.29125134919806,102.20711109714887,102.70515441894531
2011-05-16,102.33738054751528,103.46373632078796,101.23401067233321,102.37569427490234
2011-05-23,101.12672954984045,102.57489944917059,100.6669999404207,102.29905700683594
2011-05-30,103.2645304501064,103.3794599507357,99.67091996878186,99.93143463134766
2011-06-06,99.67856587411744,99.88545064171237,97.51014576961637,97.77066040039062
2011-06-13,97.99288706202799,99.43339927593622,96.78990947569154,97.34925842285156
2011-06-20,97.500755542483,99.95713603214573,97.1696439192899,97.64705657958984
2011-06-27,97.70869176221592,103.26058968165296,97.5161850788047,103.12197875976562
2011-07-04,103.01414160232683,104.4925910346537,102.49822527044753,103.4915542602539
2011-07-11,102.22101131391277,102.58292468565699,100.62705092137908,101.40478515625
2011-07-18,100.93510957468301,103.81501390020307,99.81857311748632,103.63020324707031
2011-07-25,102.64453042885478,103.56086380478057,98.5402879486718,99.5875244140625
2011-08-01,100.75026355192178,100.84267472088405,89.98529646672775,92.46478271484375
2011-08-08,90.02378183811734,92.4955656737959,84.9108015578881,90.95551300048828
2011-08-15,91.77944633011131,93.32719512770576,86.62796795573001,86.73577117919922
2011-08-22,88.68395031240573,91.9411649819529,86.55868140906081,90.84002685546875
2011-08-29,92.06436420669748,95.10597233215306,90.42420991678262,90.74761962890625
2011-09-05,88.08335753580296,93.12703498791416,88.07565562351682,89.2614974975586
2011-09-12,88.14494719800753,93.92014678685398,87.82153743099296,93.5736312866211
2011-09-19,92.51745428051555,94.42151899357592,86.14735253846388,87.88113403320312
2011-09-26,88.70930831878694,92.54065639591984,87.44767383538942,87.57925415039062
2011-10-03,87.06841590090818,90.75270653613815,83.15192572173005,89.56072998046875
2011-10-10,91.08554256154684,94.89367224762819,91.07780080421371,94.87045288085938
2011-10-17,94.42153534919068,96.07018142557659,92.26204543458368,95.9540786743164
2011-10-24,96.10885565263033,100.17240964809541,94.59179620295095,99.53772735595703
2011-10-31,98.42314010979842,99.55318839073506,94.05771713819685,97.122802734375
2011-11-07,97.05316678274639,99.08881798119525,95.09492135103363,98.03616333007812
2011-11-14,97.67240237245653,98.64765150533383,93.83331039232462,94.413818359375
2011-11-21,93.0360353208489,93.15213804642434,89.93999413339662,90.04835510253906
2011-11-28,92.52519440884728,97.91230553018059,91.96790603332485,96.64292907714844
2011-12-05,98.17546594562052,98.50055476730444,95.70637704562496,97.56400299072266
2011-12-12,96.71260651631681,97.19249513683484,93.88747300595847,94.11193084716797
2011-12-19,95.07491645554924,98.47879695982634,93.4937107517406,98.44763946533203
2011-12-26,98.27623080486613,98.78252945674733,97.15459123478722,97.75435638427734
2012-01-02,99.51472501192364,99.99765708613384,98.47876098351331,99.47577667236328
2012-01-09,99.70166768952508,101.02582808645359,99.24210816750627,100.35595703125
2012-01-16,101.32180631379747,102.77838134765625,100.40267551957622,102.77838134765625
2012-01-23,102.43564911272095,103.90780577296034,101.72684174694831,102.6771240234375
2012-01-30,101.65674056966955,104.85809895886025,101.30622930654783,104.79578399658203
2012-02-06,104.35959313754655,105.61365354958876,104.09476345683305,104.65558624267578
2012-02-13,105.40335365166594,106.42373591945912,104.56990438843702,106.25237274169922
2012-02-20,106.50165104618699,106.86774413155761,105.5435834688011,106.65743255615234
2012-02-27,105.94857638828707,107.63882936243355,105.77721324018356,106.95337677001953
2012-03-05,106.78984416141715,107.43633674174127,104.65560093318936,107.15593719482422
2012-03-12,107.14036605502221,109.65627239400263,106.78205790076537,109.28239440917969
2012-03-19,109.69093948048679,110.52802976843726,108.39226354782372,109.25282287597656
2012-03-26,110.03513269174498,110.95829184775118,108.81469511046079,110.16030883789062
2012-04-02,110.02729239007923,111.25556070397327,108.94766922881716,109.3623046875
2012-04-09,107.98539927445316,109.40141978288662,106.2095004127256,107.28912353515625
2012-04-16,107.83676394852152,109.02591329765754,106.85102879312417,107.92282104492188
2012-04-23,106.81969481922434,110.14460858299125,106.35030239151482,109.83168029785156
2012-04-30,109.61267489381049,110.82529340681185,107.11703076421871,107.17961883544922
2012-05-07,106.79621950780475,107.61767112975011,105.21591624219549,106.09212493896484
2012-05-14,105.07516477998008,106.09220027518465,101.35126323691448,101.49990844726562
2012-05-21,101.82842592869846,104.23018108266903,101.6641308111056,103.34615325927734
2012-05-28,104.17541906821158,104.77780661680858,100.26375579833984,100.26375579833984
2012-06-04,100.44372381958303,104.46491457884008,99.4658076627846,104.1285171508789
2012-06-11,104.96560007365991,105.03600716719826,102.61078242485426,104.94213104248047
2012-06-18,105.04548861955016,107.14513870508384,104.0625056956503,104.95112609863281
2012-06-25,103.84230911720287,107.16086012900001,102.89864799520939,107.02717590332031
2012-07-02,107.32601548838538,108.36405132483652,106.0442137803674,106.54750061035156
2012-07-09,106.4609939986171,107.1294152348081,104.27484078038464,106.751953125
2012-07-16,106.508183917984,108.6628751359094,105.80830044950446,107.31816101074219
2012-07-23,105.745373350667,109.3627553571804,104.61297508778269,109.0560531616211
2012-07-30,108.93024464247624,109.81099354769317,106.61826676697794,109.58294677734375
2012-08-06,109.8739353072803,110.81759681535478,109.74811057305514,110.75468444824219
2012-08-13,110.56593071356406,111.902785170414,110.12554425782045,111.80841064453125
2012-08-20,111.65112719131984,112.52401649303974,110.2670915774869,111.28152465820312
2012-08-27,111.58036056506248,111.72977589391967,110.2435061478356,111.00630187988281
2012-09-03,110.91190528073625,113.54630387212886,110.19630295231813,113.4991226196289
2012-09-10,113.38906319816363,116.47169661649545,112.81500445426457,115.78754425048828
2012-09-17,115.55159066982856,115.74818722071657,114.52142666306355,114.71015167236328
2012-09-24,114.75327220015949,115.61501799909021,113.01398966997075,113.82038879394531
2012-10-01,114.25523761748578,116.34237952626704,113.70973256234554,115.53598022460938
2012-10-08,115.10907188210989,115.52016700740892,112.72150406404377,112.96658325195312
2012-10-15,113.23537344273426,115.83640225881196,112.87171146025872,113.36186981201172
2012-10-22,113.17211869333488,113.58322583796071,110.99011073497994,111.74907684326172
2012-10-29,112.14440685671659,113.6227958889237,111.21941245261404,111.91513061523438
2012-11-05,111.74906163760274,113.4646275991448,108.74483979877962,109.22709655761719
2012-11-12,109.56708713209977,110.08887572193086,106.49171435389228,107.8119888305664
2012-11-19,109.02155181612176,111.7885964009305,107.84358912770882,111.74907684326172
2012-11-26,111.19564700192323,112.66613388615468,109.89118808382447,112.38152313232422
2012-12-03,112.89539391776533,112.99026013438706,110.97426858769668,112.58706665039062
2012-12-10,112.42899814140169,114.27896250047051,112.16810387588804,112.34203338623047
2012-12-17,112.63452392458342,115.09324109416823,112.2155152934665,112.88750457763672
2012-12-24,113.44133554915543,113.62446829945348,111.36327572391103,111.49066925048828
2012-12-31,111.19610564345352,116.72963403106652,111.10055440404724,116.53854370117188
2013-01-07,116.12451652542734,117.15955559042614,115.43182177016844,117.09587097167969
2013-01-14,116.95254261294673,118.22645358564684,116.40316865783124,118.09906005859375
2013-01-21,118.09907575969285,119.62776184082031,117.82040390082963,119.62776184082031
2013-01-28,119.6596163441719,120.55931663550767,119.03858794009253,120.41600799560547
2013-02-04,119.68351737131691,120.93353176381495,118.97489524221305,120.86187744140625
2013-02-11,120.81410900089296,121.50679175503238,120.53543710152348,121.10869598388672
2013-02-18,121.31568594593838,122.04022307279993,119.38094657629227,120.93351745605469
2013-02-25,121.52271898757547,121.71379718241735,118.4175646832881,121.10869598388672
2013-03-04,120.82998145919827,123.92716498015801,120.63890333176322,123.75997161865234
2013-03-11,123.66450323881989,124.8428635775472,123.51322486885678,124.070556640625
2013-03-18,123.43068395408899,124.71825348381178,122.83088471110534,124.4383544921875
2013-03-25,124.7662334992258,125.43801791499158,123.43868713663943,125.29405975341797
2013-04-01,125.23012913317727,125.72597165992408,122.97488947057283,124.08651733398438
2013-04-08,124.17448068416162,127.72529527955876,123.75861632717303,126.9975357055664
2013-04-15,126.35774432145445,126.46171345906814,122.7989368745099,124.34241485595703
2013-04-22,124.58235020404909,127.37342152238578,123.75862655763987,126.54969787597656
2013-04-29,126.89355068010315,129.4606973009525,126.43770951367894,129.05282592773438
2013-05-06,129.148810661071,130.91621271869585,129.09282352655572,130.68429565429688
2013-05-13,130.51638042028145,133.58735120594616,130.21249027780473,133.50738525390625
2013-05-20,133.3794350937656,135.2108300351085,131.10819687582148,132.20382690429688
2013-05-27,133.58733049089153,134.1791370183921,130.46038524398182,130.71629333496094
2013-06-03,131.02023289888533,132.03589702450748,128.1571878617076,131.7959747314453
2013-06-10,132.20376972149916,132.27574271348988,128.9968469812196,130.50033569335938
2013-06-17,131.38803976235573,132.7475946992465,125.93387076065025,127.21344757080078
2013-06-24,126.5519962212821,130.0974809668456,125.20133010832117,128.971923828125
2013-07-01,129.64731620610948,131.11053754492963,128.8111984893017,131.0623016357422
2013-07-08,131.73759326019714,135.00972164595728,131.11050207535817,134.67205810546875
2013-07-15,135.04186772744248,136.08702364150406,134.31830485406454,136.00662231445312
2013-07-22,136.19955042921094,136.5613317922959,134.68005889024008,135.95835876464844
2013-07-29,135.61265075027157,137.4537353038768,135.15439761856723,137.43765258789062
2013-08-05,137.1321892164862,137.44573478604187,135.50817798230312,136.1191864013672
2013-08-12,135.43584132271246,136.59353969502072,133.0561014222244,133.3214111328125
2013-08-19,133.1686157929607,134.12533505458984,132.0028702773066,133.9564971923828
2013-08-26,134.09317247530302,134.5032020347426,131.08635446618155,131.5687255859375
2013-09-02,132.83907077175542,134.2460088572221,131.60900588414952,133.4902801513672
2013-09-09,133.81990817539054,136.32023862737648,133.81990817539054,136.1353302001953
2013-09-16,137.60650803264255,139.56818253818807,136.70605983504427,137.2527618408203
2013-09-23,137.73599043418506,137.86524235793019,136.10406316464287,136.45953369140625
2013-09-30,135.30424138646003,136.93616849808578,134.7871967595599,136.443359375
2013-10-07,135.25578587417328,137.59865423893692,132.9210042298184,137.5501708984375
2013-10-14,136.7019054473206,140.98367603652412,136.59687669906236,140.88673400878906
2013-10-21,140.93517874382565,142.187399786958,140.53932398617346,142.14700317382812
2013-10-28,142.09854244198263,143.40730897626133,141.55726230339434,142.35707092285156
2013-11-04,142.74489170999385,143.51237832286333,141.18567064591,143.2296142578125
2013-11-11,143.0922317479091,145.51588072644316,142.26011325146436,145.45933532714844
2013-11-18,145.70169921689333,146.08947959256545,143.78700818692323,146.0733184814453
2013-11-25,146.33189644261125,146.8327801109019,145.7178972855375,146.22686767578125
2013-12-02,146.299537511051,146.57421478751434,144.085945859495,146.17835998535156
2013-12-09,146.60656257987097,146.7681367514201,143.60931053926066,143.89207458496094
2013-12-16,144.57065469620034,147.02662582286382,143.25381384058838,146.67922973632812
2013-12-23,148.1985242160218,149.60374656740416,147.8898703248757,149.33570861816406
2013-12-30,149.35189783929232,150.01796437198644,148.22284441919982,148.55587768554688
2014-01-06,149.0432428776479,149.63619577569173,147.89794061605977,149.5712127685547
2014-01-13,149.18945191833654,150.22103706142624,147.29686358268455,149.1650848388672
2014-01-20,150.02605811532283,150.0829228855734,145.2580438048807,145.30677795410156
2014-01-27,145.44485731200643,146.0540589453769,143.67411718024437,144.7300567626953
2014-02-03,144.55951329453293,146.1028194194666,141.0992518554048,145.948486328125
2014-02-10,145.9648360215234,149.75001510861824,145.56683187334696,149.47384643554688
2014-02-17,149.6037319305056,150.22918267077884,148.32035753040384,149.36817932128906
2014-02-24,149.68495519503597,152.01616364615327,149.61997217693164,151.31761169433594
2014-03-03,149.98550848484496,153.48639928018264,149.25447113494317,152.9178009033203
2014-03-10,152.68224621909846,153.28332990360673,149.8149368650867,149.99363708496094
2014-03-17,150.74899176208334,153.5350807112475,150.65152345404232,151.24447631835938
2014-03-24,152.43415910782332,152.84208610979178,150.03554634441778,151.332763671875
2014-03-31,152.2955099612696,154.76754732025324,151.35728256192647,152.07522583007812
2014-04-07,151.70802551993864,152.7033682430488,147.92246403905722,148.08563232421875
2014-04-14,149.24417144446224,152.4912794408375,148.0285569094321,152.06703186035156
2014-04-21,152.10782869018342,153.70689563171567,151.64278591347747,151.98544311523438
2014-04-28,152.60551149609353,154.31064357289176,150.9003794192953,153.4295196533203
2014-05-05,152.67890942737438,154.23719347719938,151.75699046981256,153.34791564941406
2014-05-12,154.0332007781749,155.35487995779332,152.14041397625806,153.4213104248047
2014-05-19,153.12767640816182,155.4039041429516,152.62185078908567,155.2978515625
2014-05-26,155.87708133661852,157.296671942972,155.78733688824653,157.19876098632812
2014-06-02,157.41906390866788,159.4423788197918,156.61953028594863,159.40159606933594
2014-06-09,159.37711799129403,159.94821342373757,157.54960015852785,158.38177490234375
2014-06-16,158.1859711233737,160.3969414938591,157.9983281421497,159.8584747314453
2014-06-23,160.66548136556136,161.08355632162053,159.14072048476842,160.526123046875
2014-06-30,160.42771827629375,162.5509027898921,160.2883599790003,162.4771270751953
2014-07-07,162.16564076967333,162.29679343866314,159.90308523635173,161.17372131347656
2014-07-14,161.99344285247713,162.52628404876972,160.20635217044682,162.07542419433594
2014-07-21,161.56717843676037,163.18211346471736,161.02613154738845,162.08363342285156
2014-07-28,162.11636268440634,162.682001282461,157.04203908517957,157.80441284179688
2014-08-04,158.1077660663186,159.28003425585553,156.20592144536653,158.4110870361328
2014-08-11,159.00956635285257,161.20652707112325,158.16521074008125,160.44415283203125
2014-08-18,161.3294921431482,163.75598559228814,161.23931763944768,163.28872680664062
2014-08-25,164.06747304461453,164.62491875169695,163.25590264359994,164.5347442626953
2014-09-01,164.74787398953572,165.24793023214565,163.4690449123296,164.86264038085938
2014-09-08,164.70681146037995,164.94454977993828,162.77216991589464,163.23944091796875
2014-09-15,163.26410472428452,165.5102487509108,162.62469018297938,164.5265350341797
2014-09-22,165.00739769446793,165.03210455922957,161.64712584908972,162.9895782470703
2014-09-29,161.58939452295593,163.31894967096704,158.41856017435802,161.8529510498047
2014-10-06,162.5283074809723,162.74245032033468,156.886686730421,156.9278564453125
2014-10-13,156.86201263306148,157.43028300133332,149.82849965900962,155.22305297851562
2014-10-20,154.94300731449562,161.82826539188608,154.89359360100622,161.77883911132812
2014-10-27,161.20228605468532,166.21799040717963,160.62577192424502,166.08621215820312
2014-11-03,166.30036008338652,167.68400671074153,164.7684723354579,167.46986389160156
2014-11-10,167.50284328875634,168.69705415393224,167.2969444303788,168.2111358642578
2014-11-17,167.88990893956793,171.17604618294294,167.72517982394444,170.22067260742188
2014-11-24,170.6242341867818,171.20074837456252,170.3195079518977,170.64894104003906
2014-12-01,169.99008838043665,171.69493691918504,169.15003010665532,171.30784606933594
2014-12-08,170.91249766504416,171.40664729754775,165.41911860275877,165.45205688476562
2014-12-15,166.34981293318265,175.40113185878866,162.95660354845583,170.0889434814453
2014-12-22,171.218176303871,172.95727770784168,170.97802093945973,172.61773681640625
2014-12-29,172.43553593833803,173.05664174563591,169.08983891329257,170.12501525878906
2015-01-05,169.0815743411386,170.94489189846533,164.6841469276765,169.1478271484375
2015-01-12,169.28028860964184,170.16639282372606,164.42738230955322,166.97805786132812
2015-01-19,167.61575093106143,170.81237603189683,165.76899984550712,169.74407958984375
2015-01-26,169.528743830671,170.23265607456767,164.53504214716276,165.17271423339844
2015-02-02,165.66956056431664,171.62389461456883,163.85593028904648,170.22433471679688
2015-02-09,169.5784500490089,173.7771186932326,169.05671713246073,173.72743225097656
2015-02-16,173.41268889381433,175.01100730487258,172.85783604081865,174.9364776611328
2015-02-23,174.68808577263124,175.76467173063716,174.30713530634716,174.45620727539062
2015-03-02,174.55558098650886,175.61560058929925,171.5080277875941,171.8392791748047
2015-03-09,172.03800529711577,172.90754318443717,169.27200492372637,170.4562530517578
2015-03-16,171.18505640984708,174.96137789377582,170.48113140354366,174.24917602539062
2015-03-23,175.035266837301,175.60923681401854,169.7946874017149,171.14227294921875
2015-03-30,172.1737656359064,173.52966516471,170.11912547708857,171.72457885742188
2015-04-06,170.83449688092466,174.76077166783332,170.70141250132767,174.71917724609375
2015-04-13,174.57777875952988,175.55102737171543,172.19872236546422,172.98065185546875
2015-04-20,173.90393938548834,176.3245894686071,173.7708423440559,176.0583953857422
2015-04-27,176.6241103546859,176.74888093960902,172.70614898122295,175.28485107421875
2015-05-04,175.7091073024587,176.36626631868378,171.99079105942027,176.0335235595703
2015-05-11,175.99186634822715,176.85697176525187,173.53793556365298,176.71556091308594
2015-05-18,176.5491870905091,177.83021119414045,176.4826385705652,177.17306518554688
2015-05-25,176.6822965703516,177.16476388895094,174.85225643648687,175.63418579101562
2015-06-01,176.29966926312665,176.906907178792,173.8374242944559,174.4945831298828
2015-06-08,174.38642277783438,176.42442222862843,172.76434210037928,174.69419860839844
2015-06-15,173.55454882491287,177.464181935615,172.84748198142344,175.35963439941406
2015-06-22,177.13214119611357,177.70053606458265,174.83346071915972,175.38514709472656
2015-06-29,173.90563749790712,175.39350973015175,171.59023566273194,173.28707885742188
2015-07-06,171.99982966682634,174.00594587825503,170.61225936405734,173.42918395996094
2015-07-13,174.69137032941728,177.66711479342928,174.64957358601984,177.6085968017578
2015-07-20,177.8342786202064,178.1937025323546,173.52948214791607,173.86383056640625
2015-07-27,172.97779274929644,176.74762403324465,172.40938514232693,175.9535369873047
2015-08-03,175.92014416725053,176.63063788185178,172.91931105168084,173.8220672607422
2015-08-10,174.93378852710825,176.0956666841222,171.65712503937525,175.05081176757812
2015-08-17,174.45735213692765,176.10403185331333,165.10380830321083,165.36293029785156
2015-08-24,156.71985638200474,167.0430135359747,152.46519819733973,166.57492065429688
2015-08-31,165.59699379897793,166.4495991225924,159.4281652741666,160.98291015625
2015-09-07,163.78307264043397,166.7337414129482,162.37042698781323,164.4517822265625
2015-09-14,164.62734585638938,169.59249869447837,162.96394491380707,163.37351989746094
2015-09-21,165.05473658956464,166.09661328964992,160.1141814835981,162.03831481933594
2015-09-28,161.13921698877732,163.86996294011195,157.06409867150853,163.84475708007812
2015-10-05,165.07144815038654,169.64228461310756,164.96221424252187,169.16336059570312
2015-10-12,169.2390424207226,170.81026765079528,167.15527662809185,170.79347229003906
2015-10-19,170.1464877981525,174.7257363870614,169.43228753583062,174.3560333251953
2015-10-26,174.17960265664146,175.9776935292275,172.9108477260468,174.7089385986328
2015-11-02,175.03662847232226,177.84299213178778,174.9105863455179,176.4818115234375
2015-11-09,175.86841022768257,176.01965818358772,170.09603846510834,170.1800537109375
2015-11-16,169.9952130848135,176.54899194465614,169.87756866441774,175.868408203125
2015-11-23,175.92725605561296,176.43138606091273,174.27200292206527,176.0784912109375
2015-11-30,176.23809438451508,177.28838100182446,172.03694791527752,176.1288604736328
2015-12-07,175.80126057827073,176.22137543791828,169.3146861196413,169.62557983398438
2015-12-14,169.78520213318737,175.17106414774614,167.9030832058292,168.06272888183594
2015-12-21,170.23780052376506,174.39633114107903,169.12209058153573,173.846923828125
2015-12-28,173.15382951625452,175.6303473857974,172.31704711914062,172.31704711914062
2016-01-04,169.46016465117293,170.6519291303806,161.9291623754755,162.21653747558594
2016-01-11,163.13787007521066,164.7015510448145,156.80710437138185,158.74267578125
2016-01-18,160.55984601971196,161.23601948947913,153.0034901307055,161.03317260742188
2016-01-25,160.52608415392606,163.8732007142099,158.10872577627288,163.7379608154297
2016-02-01,162.7321477816481,164.46487204117454,158.1425545952822,158.86099243164062
2016-02-08,157.01841706756286,159.19065196398952,153.06273304511922,157.7453155517578
2016-02-15,159.55404506123523,163.39984352242027,158.59048353202525,162.2841339111328
2016-02-22,163.864768481038,166.23986318866883,160.0189815358447,164.8959503173828
2016-02-29,164.91280743582422,170.18704669098034,163.40829923528142,169.409423828125
2016-03-07,168.48812990569098,171.42107877289033,166.83148647755786,171.37881469726562
2016-03-14,170.87171141071522,173.4665609790505,169.93350553160016,172.7481231689453
2016-03-21,173.37573918760447,174.3612531762191,171.396194054714,172.56861877441406
2016-03-28,172.98491892952518,175.98396883290673,171.95690992861634,175.79705810546875
2016-04-04,175.72057263876943,175.92447875645968,172.54310369754808,173.74102783203125
2016-04-11,174.37824950595098,177.22437959201824,173.06138315323767,176.5277099609375
2016-04-18,176.52769801025326,179.19540841195084,175.86501926461355,177.53871154785156
2016-04-25,176.93552383419458,178.25239029506625,174.1913530807685,175.2958221435547
2016-05-02,175.7970468581518,176.86752489468452,173.21430064270663,174.7775421142578
2016-05-09,174.65012297735777,177.17339191255428,173.63910937941026,173.96194458007812
2016-05-16,174.13185669704743,176.1538707416189,172.27974498341456,174.58213806152344
2016-05-23,174.59913851405105,178.62619752713854,174.15736129517782,178.61770629882812
2016-05-30,178.88954109821012,179.20388502625767,177.4452417181497,178.6516571044922
2016-06-06,179.0084991535899,180.55475821517388,177.9295168943366,178.4732666015625
2016-06-13,177.870060716583,178.72814145660303,174.66710462712237,175.4572296142578
2016-06-20,178.33392304048616,180.0846286840197,173.12447001464724,173.5685577392578
2016-06-27,172.15938494725498,179.76006022892233,169.64860057674704,179.2732696533203
2016-07-04,178.44486539251017,181.85236002539787,176.83079173085184,181.6046905517578
2016-07-11,182.06590057794187,185.32820316074802,181.86093404219366,184.3204803466797
2016-07-18,184.4400494844379,185.63565508746615,184.1496899852916,185.52464294433594
2016-07-25,185.319688153411,185.78084662065095,184.141153247729,185.4221649169922
2016-08-01,185.4819333002754,186.37009556908544,182.9711485928316,186.327392578125
2016-08-08,186.5152616574494,186.9764330762595,185.5160742915239,186.56651306152344
2016-08-15,186.93374983423374,187.45469506614086,185.33675956331095,186.6348419189453
2016-08-22,186.39572559064231,187.54010587172567,184.6791747157033,185.5673370361328
2016-08-29,185.69544884042057,186.9166736784734,184.49129477510502,186.4896697998047
2016-09-05,186.77146575461043,187.2155533701634,182.1171267853134,182.1427459716797
2016-09-12,181.3826806605207,185.15739283483114,181.31435848614268,182.2196044921875
2016-09-19,183.79239168456692,186.71067962039254,182.84823277165137,185.3888702392578
2016-09-26,184.5562873034096,186.35875454354033,183.35462937970942,185.65493774414062
2016-10-03,185.24297396641222,185.65496466719526,183.6722438670508,184.57347106933594
2016-10-10,185.53476532323478,185.9982531374531,181.28607682127475,182.9254608154297
2016-10-17,182.89974482001065,184.23014590644746,182.11009052733257,183.6636505126953
2016-10-24,184.53913487530818,184.8138040602621,181.71526271359414,182.4276580810547
2016-10-31,182.76244639091468,182.98561843095464,178.85709285362339,179.0030059814453
2016-11-07,179.00300747700408,187.38022322439048,179.00300747700408,185.75799560546875
2016-11-14,186.28149462852508,188.20413930248577,185.15709567655014,187.54322814941406
2016-11-21,188.11830018345103,190.1696878112119,187.97238711668336,190.13536071777344
2016-11-28,189.82641676371006,190.39291218853634,188.10118188782536,188.55609130859375
2016-12-05,189.38867613262363,194.43561187344972,189.1912658105766,194.41844177246094
2016-12-12,194.32404113942357,195.98918744860052,192.83914816242537,193.15672302246094
2016-12-19,194.4765115486065,195.61618044819662,194.19159432370898,194.87367248535156
2016-12-26,195.141261981498,195.7542547516999,192.30073279270974,192.99143981933594
2017-01-02,194.29519911847783,196.63496675886233,193.29368745600777,196.1687469482422
2017-01-09,195.90970584961943,196.37592560255982,194.2261162221359,196.03057861328125
2017-01-16,195.3916636815951,196.25504429133156,194.61462640248934,195.76292419433594
2017-01-23,195.76294294289707,198.32718465332772,194.49377227110236,197.6882781982422
2017-01-30,196.99753677598943,198.1890061402115,195.4002906770548,198.0076904296875
2017-02-06,197.60193163962143,200.10574351134014,197.11844056760503,199.88125610351562
2017-02-13,200.3734419643944,203.03265673204305,200.34754159118248,202.9722137451172
2017-02-20,203.34338794681247,204.53484413053326,203.24841556069094,204.39671325683594
2017-02-27,204.3104123812966,207.48766027099293,203.7751205523848,205.84722900390625
2017-03-06,205.05287453781963,205.58816624720367,203.5333295576197,205.2169189453125
2017-03-13,205.1565166927999,206.72787588253456,203.9218886215603,204.64712524414062
2017-03-20,205.53739576702128,206.0403366036623,202.00815653895305,202.78857421875
2017-03-27,201.11502109355462,205.09518885209172,200.83754421250876,204.4188232421875
2017-04-03,204.47089476061845,205.84963933087718,202.83200645995285,203.9506072998047
2017-04-10,204.08931078616916,204.86972858685291,201.6179656982422,201.6179656982422
2017-04-17,202.13822653613082,204.51418573838413,201.9387888099333,203.4215850830078
2017-04-24,205.6674907287538,207.70526741073556,203.39559664783047,206.4479217529297
2017-05-01,206.96819320152605,207.8700228314147,206.1184028910768,207.85267639160156
2017-05-08,207.8961080477823,208.27765046738554,206.49135025875333,207.22840881347656
2017-05-15,207.65322058556634,208.69378194909882,204.14998100954506,206.6473388671875
2017-05-22,207.15894640067233,209.91644790800518,207.0895871103413,209.59561157226562
2017-05-29,209.27476139433836,211.88485124705335,208.6677683697961,211.728759765625
2017-06-05,211.55532706726333,212.4571433508012,209.80370735008688,211.06973266601562
2017-06-12,210.82700145919856,212.33581121658898,209.52629609236723,210.402099609375
2017-06-19,212.25593851904785,213.249294748773,211.22773351634268,211.85511779785156
2017-06-26,212.52596488153503,212.94422974654532,209.09279719575812,210.69610595703125
2017-07-03,211.6371872368429,212.07286984344313,209.42391214956604,210.9662322998047
2017-07-10,210.9663255249109,214.32979726600743,209.8684096576661,213.9725341796875
2017-07-17,213.89405233637314,215.5932121002095,213.1969574010613,215.1226806640625
2017-07-24,215.0442765905612,216.0986346501751,214.07706039556993,215.1488494873047
2017-07-31,215.5496563706047,215.91562824584997,214.67829096402622,215.5845184326172
2017-08-07,215.65422277547304,216.89156002008738,212.35174053810405,212.71771240234375
2017-08-14,213.99865945230482,215.72397279199024,211.04473080803385,211.4891357421875
2017-08-21,211.42813030142185,214.0247958411708,210.72232635403896,213.1011505126953
2017-08-28,213.6326539706835,216.38617183149577,211.6807906840354,215.95919799804688
2017-09-04,215.45380443972334,215.68036795359512,213.44095248913519,214.8612823486328
2017-09-11,216.1334352696673,218.1201603134231,216.1160175374084,217.13551330566406
2017-09-18,218.5809182658471,219.0888199225027,217.9766902025505,218.4320526123047
2017-09-25,218.17813613430909,220.07839500104708,217.24115487710327,219.99957275390625
2017-10-02,220.2271988738899,223.03815521855543,220.0520502511496,222.74917602539062
2017-10-09,222.97686633020916,223.5373071880049,222.11868082767504,223.257080078125
2017-10-16,223.4847830401599,225.17487117611148,222.73168933394678,225.14857482910156
2017-10-23,225.47260443429607,225.831640435457,222.425194510933,225.6739959716797
2017-10-30,224.58813105588575,226.36578001957756,224.3429390168913,226.32200622558594
2017-11-06,226.19066227571224,227.1101525904179,224.49182194363337,226.00677490234375
2017-11-13,225.3237706390216,226.8387238176194,223.8526179906805,225.80538940429688
2017-11-20,226.05059256070197,228.0997036196381,225.80537374571443,227.99459838867188
2017-11-27,228.0383521390273,232.9772280239961,227.67931616435826,231.5848846435547
2017-12-04,233.20492033829092,233.63399973681715,230.0524320941986,232.50437927246094
2017-12-11,233.20493253917252,234.29954471425552,232.39931294371223,233.3800811767578
2017-12-18,235.97249597988906,236.4125789537939,234.7314587702134,235.4532012939453
2017-12-25,235.04826086876744,236.36850953912682,234.68741653613384,234.8810272216797
2018-01-01,235.7435827359729,240.77813171842422,235.35630767112846,240.65492248535156
2018-01-08,240.55811381355667,244.78289892979492,240.21486311737007,244.61569213867188
2018-01-15,245.87430794679815,246.80728149414062,243.08417069712357,246.80728149414062
2018-01-22,246.5960457973124,252.28190892455098,246.54321114152714,252.23788452148438
2018-01-29,251.66581716187898,252.1059000905825,242.4064820117474,242.4416961669922
2018-02-05,240.6813209157715,242.79371321933561,222.61150677597604,230.163330078125
2018-02-12,232.2141421434563,242.32726592741432,230.304197309305,240.382080078125
2018-02-19,239.43155162336438,241.79920026986196,237.32796888846482,241.79039001464844
2018-02-26,242.864210533939,245.4959252756432,233.08557865965315,236.83506774902344
2018-03-05,235.64678048274095,245.45181274414062,235.5411380323346,245.45181274414062
2018-03-12,245.74238318642023,246.80737663486468,241.28874491779345,241.341552734375
2018-03-19,241.55692565244556,242.48479035915452,227.84202490130033,228.03643798828125
2018-03-26,231.64190364306964,235.74221546134623,228.5047847169457,232.5432586669922
2018-04-02,232.0130867463328,235.6274070652542,225.04961007064384,229.5122528076172
2018-04-09,230.97033300419358,236.42271882761298,229.70666123356563,234.31068420410156
2018-04-16,235.94545192940333,239.74531171630568,234.7171087293506,235.60079956054688
2018-04-23,236.1752350329945,236.81149355020673,230.510773212505,235.556640625
2018-04-30,236.1752169511049,236.73194648205484,228.9200959089937,235.0794219970703
2018-05-07,235.84827633571103,241.38016301005507,234.3106358373316,241.1150665283203
2018-05-14,241.54804725927005,242.2019698410325,238.62303278124637,239.77182006835938
2018-05-21,241.2564634240255,242.3522315201567,239.2858229906578,240.49647521972656
2018-05-28,238.87054176371393,242.0783448076039,236.6171402206753,241.77789306640625
2018-06-04,242.59968736147735,245.91352858702922,242.2903901201374,245.83399963378906
2018-06-11,246.05492615257,246.97397235094317,243.32432417704607,244.8972930908203
2018-06-18,244.5411868026919,245.63301720321255,242.80138262272814,243.8754425048828
2018-06-25,242.72154644119294,243.10323341563765,238.3276223369432,240.80419921875
2018-07-02,239.23301169082973,244.85188185065252,238.99332639775858,244.4790802001953
2018-07-09,245.48211179457735,248.48240386882594,245.43773967552627,248.18060302734375
2018-07-16,248.22501118603688,249.59198673688655,247.133180708113,248.260498046875
2018-07-23,248.05634892330335,252.42361657099357,247.7101488678661,249.80503845214844
2018-07-30,249.88484755327437,251.79330863254742,247.79884387114893,251.74005126953125
2018-08-06,251.7756650196628,253.8794129603856,250.63943525368703,251.34957885742188
2018-08-13,251.62474274240736,253.4799471329589,248.68659309492247,253.03611755371094
2018-08-20,253.48887626732437,255.35296624064682,253.03616134958838,255.2109375
2018-08-27,256.4091422770055,258.9656042973743,256.2493701730326,257.6962585449219
2018-09-03,257.2790423810328,257.6074718270665,254.50066579714974,255.2906951904297
2018-09-10,256.302636832358,258.548412894725,254.74037549932103,258.2022399902344
2018-09-17,258.14901510180835,260.9185070430092,256.5600977946842,259.18756103515625
2018-09-24,259.78122905814587,260.5837330861283,258.0602986136827,259.2283935546875
2018-10-01,260.46782334260433,261.4486737407907,255.2158585929535,256.6425476074219
2018-10-08,255.95600886902335,257.569942925326,241.07390960205643,246.05841064453125
2018-10-15,245.70163601225252,250.69503366156098,244.58703953748847,246.32582092285156
2018-10-22,246.99464795056736,247.31563876347906,233.87808058304793,236.58876037597656
2018-10-29,239.6828643875104,245.41637051493447,231.70236831250273,242.43817138671875
2018-11-05,242.92860228418027,250.75752906584893,241.95667714658748,247.67233276367188
2018-11-12,247.1640535171146,247.40479661187445,238.08678437912505,244.078857421875
2018-11-19,243.47243393902426,243.76670263595844,234.5735134335495,234.7340087890625
2018-11-26,236.98995284786278,246.35256296273798,236.59761272324565,245.79080200195312
2018-12-03,249.9192978490098,250.0262947648205,234.01177901850858,235.01937866210938
2018-12-10,234.8410775795994,239.86122580441824,230.60560983769983,232.25521850585938
2018-12-17,231.3011528753363,232.41574982174006,213.98477634871819,214.6267852783203
2018-12-24,214.39128477529528,225.47677877254776,209.65573527019444,222.20315551757812
2018-12-31,223.82647003138243,227.0104124077604,218.54382143076896,226.36465454101562
2019-01-07,226.63366114613373,232.4365027706571,225.73677698389355,232.2750701904297
2019-01-14,230.37367055236783,239.4501619660618,229.97008907065597,238.9837646484375
2019-01-21,237.51294573855023,239.19909287762562,233.78190315587605,238.3739471435547
2019-01-28,236.23036727848356,243.23503142330026,234.7953469342772,242.2125701904297
2019-02-04,242.25739917520735,245.2440391483448,240.21250411634384,242.58029174804688
2019-02-11,243.23508267346375,248.80472764761052,242.18571578550512,248.7688446044922
2019-02-18,247.97063769296648,250.55364207487054,247.854038328046,250.35635375976562
2019-02-25,251.78235019257184,252.30253106576066,248.86747609253945,251.5043182373047
2019-03-04,252.56268896629112,252.80483793577395,244.32929555495048,246.15892028808594
2019-03-11,246.87630702117823,253.26211693972306,246.8494015950894,252.3024444580078
2019-03-18,253.63013748556455,256.90017363338353,251.4951624776651,251.5582275390625
2019-03-25,251.2157913541255,254.7921065396896,250.10778216626971,254.4678192138672
2019-04-01,256.4677522135572,260.00802739640625,256.1974852011592,259.9539794921875
2019-04-08,259.53051296868176,261.6654870591576,258.26934973921254,261.38623046875
2019-04-15,261.4582249944664,262.53022036566904,260.03491842542303,261.2600402832031
2019-04-22,260.494463834955,264.3860500637135,260.4043748384968,264.3139953613281
2019-04-29,264.40407328445133,265.7012778034774,260.8097231628036,264.87249755859375
2019-05-06,260.5664721246134,264.2238593006802,254.3056591185317,259.530517578125
2019-05-13,254.41378913015578,260.530437936594,252.17069167106155,257.49462890625
2019-05-20,255.89111976147075,258.4765111244189,252.74721524585306,254.73805236816406
2019-05-27,255.01739131162591,255.97227426646768,247.94583066237755,247.9728546142578
2019-06-03,248.00894088458867,260.2062573953328,246.00908560729567,259.125244140625
2019-06-10,260.6746096562732,262.5033035372045,259.2783264557966,260.5755310058594
2019-06-17,260.8096787075791,266.926354634018,260.5033981776955,264.8454284667969
2019-06-24,266.341819622805,266.6586232488854,262.8295757250142,265.2283935546875
2019-07-01,268.55952322791103,270.49669906677246,266.43225973079836,270.1708068847656
2019-07-08,268.85828650155094,272.2256920471457,267.47330674791965,272.15325927734375
2019-07-15,272.58766847033104,272.58766847033104,268.5775686621044,269.0030212402344
2019-07-22,269.4014253637017,273.5835481165805,268.8854730378688,273.3843994140625
2019-07-29,273.26664854594554,273.38433106233003,263.3273655371344,264.88433837890625
2019-08-05,260.7837442597715,265.7895889810355,255.01752120901247,263.9791564941406
2019-08-12,262.4764869474806,266.26934511250806,255.6240211693225,261.4717102050781
2019-08-19,264.49517602091623,266.0702436805566,256.60168809011344,257.85089111328125
2019-08-26,260.0415181241743,266.35087784873895,258.21299085088367,264.7305603027344
2019-09-02,263.0287424926487,270.50581135683103,261.8519445684947,269.79974365234375
2019-09-09,270.78651044223375,273.7918085976006,267.9169616285786,272.5516662597656
2019-09-16,271.4201005581259,273.9456622212449,269.2204311862226,270.0079650878906
2019-09-23,270.59084705039334,272.6733722641204,267.08059079520524,268.6356506347656
2019-09-30,269.1540956431594,271.4184841518912,259.01432975047646,267.6808776855469
2019-10-07,266.88048167955816,271.67298926317653,262.35167899010975,269.4358825683594
2019-10-14,269.1176932857448,273.0371898888036,268.79032387464457,270.9728698730469
2019-10-21,272.2916000206616,274.8197219955573,271.454942759811,274.2740783691406
2019-10-28,275.49259931642126,278.4481381708568,274.3922372367233,278.4026794433594
2019-11-04,279.95773569230914,281.5946383942824,278.32990808415343,280.948974609375
2019-11-11,279.5666526339298,283.5861691680478,279.43022097229147,283.54071044921875
2019-11-18,283.30431241267996,284.35921576445287,281.0581017741163,282.78594970703125
2019-11-25,283.7134856412373,286.8963728929076,283.7134856412373,285.8323669433594
2019-12-02,286.0871058727455,286.7418726099388,279.3030142294549,286.34173583984375
2019-12-09,285.9506358051984,289.79739296590316,284.46831507950554,288.5697021484375
2019-12-16,290.2975482706687,292.79838861491896,288.5060360775936,291.6707458496094
2019-12-23,293.89072855535,295.9103684888994,293.2601575720512,295.05133056640625
2019-12-30,295.1336331664341,296.90653902567567,292.57478645428574,294.64013671875
2020-01-06,292.8854325328894,299.2550911321721,292.766625276831,297.65582275390625
2020-01-13,298.2772661787302,303.56853962375646,297.84774728133686,303.3583679199219
2020-01-20,302.3987517198622,304.27219683786416,299.1636529443787,300.45220947265625
2020-01-27,295.206693659059,300.32435855871705,293.1048090217675,294.0186767578125
2020-02-03,295.4991185194814,305.4054407775228,295.38031125939426,303.58685302734375
2020-02-10,302.7003959662761,308.99692966019484,302.6638334508391,308.521728515625
2020-02-17,307.52560964114116,309.8742282892943,303.93408860649663,304.756591796875
2020-02-24,295.3072311614667,304.8297172741686,260.94579899354517,270.7424621582031
2020-03-02,272.52448159204556,286.8082383407234,265.231835125878,271.8390808105469
2020-03-09,251.58771255629458,263.66904206804645,226.3466965720334,246.122802734375
2020-03-16,220.40659831614434,234.77259922749911,208.380110357191,209.09292602539062
2020-03-23,209.7616639186752,241.57659024266644,200.6335909759705,232.95411682128906
2020-03-30,235.05001244180568,242.06381446551308,224.20296161180335,228.14651489257812
2020-04-06,237.01718737551312,258.4906799949257,228.12812516451987,255.7329559326172
2020-04-13,254.75865890410753,264.0981299151268,249.49139384953023,263.491455078125
2020-04-20,259.7867953289875,263.6292456530722,250.05203239149282,260.11773681640625
2020-04-27,262.09412128960446,271.06592694023254,258.78484641412496,259.9523010253906
2020-05-04,258.0678022206182,269.29175906737254,256.58783714354365,268.82293701171875
2020-05-11,266.89254880523254,270.47758470964243,250.94370465988558,263.1604309082031
2020-05-18,269.3836577376518,273.8144076349615,268.3725147275681,271.5806579589844
2020-05-25,277.54656029152403,282.0600391127573,271.5990670730666,279.7435607910156
2020-06-01,279.10014862883526,295.324758335141,278.5853755429093,293.5506286621094
2020-06-08,294.35952182529036,297.2919045299755,274.4855245724636,279.6424560546875
2020-06-15,273.952294049144,290.14935002456485,272.77566625605857,283.71466064453125
2020-06-22,284.36306424463646,290.37366973154496,276.4505185694108,277.03216552734375
2020-06-29,278.28780371609463,291.4815764666122,275.998042917874,288.27777099609375
2020-07-06,292.1001822189097,293.49435402565143,286.8466791193343,293.2265930175781
2020-07-13,295.57174209975034,298.2585094717784,288.065417575837,297.0397644042969
2020-07-20,296.7719870023151,302.1270658620748,294.7592290992445,296.2641906738281
2020-07-27,296.95667032812605,301.5731032762325,295.1193390312503,301.4715270996094
2020-08-03,303.13351058377833,309.19026937092656,302.588774785939,308.904052734375
2020-08-10,309.35645914369104,312.3294436340311,306.54044579999345,310.9999084472656
2020-08-17,312.01544776912226,313.65889664211295,309.5041073161453,313.43731689453125
2020-08-24,315.8748541405659,323.8151257187456,313.40969433014754,323.68585205078125
2020-08-31,323.4733890820571,331.2289890438895,309.18090576668493,316.29022216796875
2020-09-07,310.8798707327337,316.35498252204223,305.6079113300187,308.43316650390625
2020-09-14,311.6000375365643,316.74275151780023,302.8103577835507,305.2847595214844
2020-09-21,301.9182639330669,307.0166685673791,296.44904360302843,304.7270202636719
2020-09-28,308.8891120419978,314.0060452953092,307.00733868479756,309.4638366699219
2020-10-05,311.52180500918377,321.98744765048014,309.9644808570572,321.5239562988281
2020-10-12,324.0637804254809,328.1703057517471,318.0754819204358,321.9317321777344
2020-10-19,323.1924482315062,323.82278955235097,315.7765881107121,320.5320129394531
2020-10-26,317.1485544329509,317.9364952833347,299.0445857878949,302.6968994140625
2020-11-02,306.0896309380118,326.47396693540156,303.3457423865762,324.5921936035156
2020-11-09,337.39377456740385,337.7738407340703,324.9165997798035,331.952392578125
2020-11-16,334.6221477459035,336.2907049038299,328.29084152897474,329.3846740722656
2020-11-23,331.19232115727044,337.5884950330975,328.95828983847673,337.1157531738281
2020-11-30,336.33710705975506,342.84454345703125,332.9443754088311,342.84454345703125
2020-12-07,342.0751354546164,343.95690914730096,336.7357345003271,339.5537414550781
2020-12-14,341.7228384958306,345.2638901057552,337.85730906748006,342.223388671875
2020-12-21,339.7629855272731,352.32127618523145,337.02603727506425,343.5146484375
2020-12-28,346.0654350837505,348.7837751705466,345.2182816390616,348.0576477050781
2021-01-04,349.3888185949723,355.14198358914405,339.6233305480175,354.9278869628906
2021-01-11,351.75336368360985,354.8068255993408,347.88999385755534,349.7518615722656
2021-01-18,352.2095262847211,358.3630141013391,350.7293448014429,356.43597412109375
2021-01-25,357.17144990157277,359.2008791442369,342.83504399028214,344.5107421875
2021-02-01,347.9086757591512,361.6399530541466,344.79935942831423,360.93243408203125
2021-02-08,362.38464041521684,365.7639351240039,360.73689758797354,365.52191162109375
2021-02-15,366.7506033474761,366.9461198640224,360.9601950573109,363.092041015625
2021-02-22,360.32732679715576,365.1402682782473,352.1071917346127,354.0900573730469
2021-03-01,358.95877765370807,363.9206709538836,346.1956826017164,357.1341552734375
2021-03-08,358.09309762025964,368.32405381112136,355.07688036803427,366.8438720703125
2021-03-15,367.09520756228443,370.6234555293103,360.411107972185,362.5802001953125
2021-03-22,364.2813523103518,370.2401678212908,358.5560325263123,369.83856201171875
2021-03-29,368.362816497138,374.21890698843123,366.8777872417895,374.162841796875
2021-04-05,376.82473391058625,384.49275406318844,376.7500278196509,384.3246154785156
2021-04-12,383.7268206831393,390.32073665476844,383.119737592824,389.7136535644531
2021-04-19,388.7797642729018,390.63838128168265,383.48406823642705,389.2280578613281
2021-04-26,389.8818088799561,392.94527153259395,388.81705473401183,389.75103759765625
2021-05-03,391.7404522980514,394.9066681025146,384.49276416525925,394.25286865234375
2021-05-10,394.6078359587452,394.8319827683025,377.32914965049247,389.0786437988281
2021-05-17,387.9671787150448,390.59166843930177,378.5712843197262,387.546875
2021-05-24,389.78853674832925,393.44041440086147,389.5456920007073,392.310302734375
2021-05-31,394.6732145594623,395.0001143194918,388.7984533388296,394.70123291015625
2021-06-07,394.69188788123233,396.59722125605566,392.57175664992076,396.29833984375
2021-06-14,396.4103874753505,397.3723888000592,387.32275136502693,387.5282287597656
2021-06-21,390.55768397605607,400.19981934817787,389.74246495496527,399.7500305175781
2021-06-28,400.27470245195417,406.768371644775,399.07529445416264,406.41229248046875
2021-07-05,406.46859157267477,408.39888874783514,400.6027209474148,408.0990295410156
2021-07-12,408.0146432322372,410.34788840560196,403.7886192907794,404.1821594238281
2021-07-19,399.3564727613074,412.5780733348413,395.4021688290369,412.2407531738281
2021-07-26,411.6504373349537,413.9836543676563,408.5394622272506,410.90081787109375
2021-08-02,412.61556078055435,415.0518667835452,408.6425263916494,414.63018798828125
2021-08-09,414.6020643440732,417.86296875743454,413.5244757424517,417.84423828125
2021-08-16,416.5418129512612,418.9593602195053,408.6613140378886,415.4454650878906
2021-08-23,417.132148837953,422.2764821219972,415.52044113893794,421.90167236328125
2021-08-30,422.57629855957117,425.46236486508633,422.33265937281874,424.5534362792969
2021-09-06,424.20669942772395,424.3004089987423,417.27262011455633,417.3944396972656
2021-09-13,420.3929424478297,420.6553120690563,413.25268546331336,413.6087646484375
2021-09-20,408.8048610365684,418.2146766299842,403.14579825999107,417.2934265136719
2021-09-27,416.25937129273984,417.4250124440595,401.613551525623,408.2032165527344
2021-10-04,407.0375266696014,415.1970711274773,400.7956441302251,411.6061096191406
2021-10-11,410.9480893968748,419.50246328838506,405.66506662150437,419.1358337402344
2021-10-18,417.34983643192504,427.40828257050583,416.6917965208915,425.9512023925781
2021-10-25,427.04165054821027,432.005063860842,425.2649886988643,431.7136535644531
2021-11-01,432.70065082141235,442.43007618696566,430.72658862970763,440.43719482421875
2021-11-08,441.537005616044,442.035225901139,434.33629241170854,439.252685546875
2021-11-15,440.54059412281606,442.70267579983584,438.2750930730598,440.7756042480469
2021-11-22,442.6556735145217,445.14677503837424,430.32231837166336,431.45037841796875
2021-11-29,436.2445169026835,438.58520811250867,422.002911834177,426.23309326171875
2021-12-06,428.7807003012438,442.66508888548304,426.36478920471126,442.5146789550781
2021-12-13,441.9975796112626,444.516880893554,430.5948854428683,432.2963562011719
2021-12-20,428.73057013056814,445.4371678906433,425.5798077217437,443.937255859375
2021-12-27,445.3145730251089,451.861376905911,445.26741738218755,448.0502624511719
2022-01-03,449.3142944972759,452.78581888785936,438.32435344615055,439.6827697753906
2022-01-10,436.48480788813856,446.3899091673985,430.73040995866944,438.3903503417969
2022-01-17,433.6924987231211,433.9000353332825,413.13707561758935,413.1653747558594
2022-01-24,407.55254561572167,418.8821062172544,396.9210785311186,416.9105224609375
2022-01-31,416.240655636926,432.16429006508446,414.89168205770216,423.27801513671875
2022-02-07,424.04215491558557,431.9379318482855,414.0710117021737,415.5048828125
2022-02-14,414.9955239019175,422.6743220375568,407.3544387638589,409.6278991699219
2022-02-21,407.4205089875591,413.0333837616076,387.37446596192194,412.948486328125
2022-02-28,407.55248846967856,416.11803052290196,402.9112280909017,407.6845703125
2022-03-07,407.09970192869054,407.8072092513254,391.6005817567536,396.2701416015625
2022-03-14,397.0436958517209,419.6556025879159,392.2326402273731,419.3348693847656
2022-03-21,420.4672310565224,428.6430492710812,417.00386602490903,428.3686218261719
2022-03-28,427.7725542187351,437.24476469593145,425.00945074906633,428.58636474609375
2022-04-04,428.7849914375816,433.2324603466205,419.6439843470982,423.5237121582031
2022-04-11,420.24953087046373,421.80143334813704,413.1903382994782,414.26910400390625
2022-04-18,413.3418402117837,425.83266543778007,402.5827121441921,403.1504821777344
2022-04-25,400.9077723605323,406.5570272393886,389.1171818200173,389.86474609375
2022-05-02,389.93099402532744,406.5759442401557,383.2597473952242,389.2402038574219
2022-05-09,383.3354947971462,384.57511107643666,364.4573222832775,380.1370849609375
2022-05-16,378.49059461230746,386.61908286757904,360.09503013105126,368.6966552734375
2022-05-23,371.724617264941,393.06310264623306,366.1699962765502,392.9495544433594
2022-05-30,391.33144880862784,395.0124670970915,385.06712198772624,388.4831848144531
2022-06-06,392.4954756761819,394.22714415652393,368.8102418028828,368.8575439453125
2022-06-13,359.44206272183635,363.27445957036036,342.71195100885154,346.20367431640625
2022-06-20,353.4299319655565,370.7264928757993,351.80479301143095,370.71697998046875
2022-06-27,371.6388082537783,373.644085858899,354.06663551415113,362.3157653808594
2022-07-04,357.2217940067323,371.24913544426704,354.3897070192167,369.3769226074219
2022-07-11,366.6969566893772,367.6663148888163,352.6221064952412,366.0126953125
2022-07-18,369.1013547905062,380.31560739398503,361.7645638287633,375.478271484375
2022-07-25,376.1055084603893,392.52775161157655,370.593424169957,391.53936767578125
2022-08-01,388.8404151068767,395.0462747521578,386.62608549800854,392.94598388671875
2022-08-08,394.6375351521981,406.00384833286853,389.8572189087778,405.8993225097656
2022-08-15,403.6850342329212,410.2995709962592,400.3112625899229,401.18560791015625
2022-08-22,396.34818122383393,399.1137361754967,385.13392912672487,385.1909484863281
2022-08-29,382.2353652639165,385.6946656656721,370.6789672024356,372.7697448730469
2022-09-05,373.61553308651855,387.28173287628084,369.1393395971752,386.4169006347656
2022-09-12,388.4887501013648,391.2923279635784,363.1425976167343,366.4213562011719
2022-09-19,364.7774514077576,371.50500991211624,346.67503807204696,351.1219177246094
2022-09-26,349.65229925932886,355.27290588407345,340.71083940826395,340.84442138671875
2022-10-03,344.56612228354385,362.10552420427535,342.78165072549615,346.19793701171875
2022-10-10,347.31431953074855,353.32620716656004,332.1892117891187,341.2738342285156
2022-10-17,347.3621204538891,358.27891779306987,340.93990451429414,357.1719665527344
2022-10-24,358.6987927277736,371.70540412790007,356.0459072727834,371.228271484375
2022-10-31,368.76625852479305,372.5356178393351,351.9234830070622,359.1377258300781
2022-11-07,360.43550674757813,381.08582000984256,356.52301353579986,380.28424072265625
2022-11-14,378.518855337688,383.9104481441661,372.29705642808165,377.91766357421875
2022-11-21,376.5912617464521,384.50209990093805,374.7018060198771,383.9295349121094
2022-11-28,380.83774797539985,391.2487862454829,375.31254354722506,388.30010986328125
2022-12-05,385.47554331442154,386.41070482503767,373.72853785903834,375.29351806640625
2022-12-12,376.085473541163,391.7163434047212,363.61324852988173,365.7412414550781
2022-12-19,367.6124321167419,371.38950431383836,359.27219002038197,367.0755920410156
2022-12-26,366.960606755214,368.4560941970473,360.85402815846214,366.615478515625
2023-01-02,368.4752867825101,373.1534906525759,362.20572475955504,372.0318603515625
2023-01-09,374.22709821917147,382.59609870511895,370.2966388959877,382.0209045410156
2023-01-16,382.00176604048687,383.67939872503774,371.24574274417137,379.50927734375
2023-01-23,380.3144910772611,391.2814165991372,377.2851626318601,388.9039611816406
2023-01-30,386.14308874599845,401.01171649893,383.72730828215845,395.2981872558594
2023-02-06,392.84407560486784,399.2669948036755,388.26174279369724,391.16644287109375
2023-02-13,391.8183486380877,397.886573531019,387.341452611694,390.4187316894531
2023-02-20,386.39234277811073,387.44686056201914,377.36190242771124,379.98858642578125
2023-02-27,383.3342836960598,387.7249046275864,376.10607500342525,387.47564697265625
2023-03-06,388.3000940270811,390.6008710514816,368.42735335856526,369.95159912109375
2023-03-13,366.02115592918307,380.0749301117406,364.90912145129545,373.8628845214844
2023-03-20,376.06912422046037,387.3184822491092,374.7219018688471,380.8325500488281
2023-03-27,383.1131988574083,394.25671700401034,378.850191006135,393.9584045410156
2023-04-03,393.4388411899524,396.3931278624577,390.3883180373403,393.7660217285156
2023-04-10,391.2831937366017,399.44355846247794,390.66733322238713,396.9126892089844
2023-04-17,396.82617325232707,400.0499046541529,394.70911739135744,396.66259765625
2023-04-24,396.46043466468996,400.26155506482286,388.55991072472244,400.2519226074219
2023-05-01,399.80923921667767,401.8781910580822,388.52138027459284,397.0762939453125
2023-05-08,397.4035486313077,398.9143762463339,393.45808777426987,396.0755615234375
2023-05-15,396.68179293460844,404.86139419112027,394.7668133320743,402.8405456542969
2023-05-22,402.8597561492793,404.90944304818487,394.42994706614945,404.1877136230469
2023-05-29,406.1220119420488,412.5790771690053,400.53101626709815,411.7900085449219
2023-06-05,412.13638159567734,415.7065283650919,409.7691172360483,413.6953125
2023-06-12,414.6769168699652,427.16763002807267,413.95518736573877,422.8949890136719
2023-06-19,422.5244304535885,423.413023994093,417.71433502111864,418.4290771484375
2023-06-26,417.8592276532381,429.1407051013052,416.47802557798525,428.155517578125
2023-07-03,427.8077752888969,428.92817065445365,422.14770061145464,423.58685302734375
2023-07-10,423.2295853555695,435.9598855253624,422.65971929682524,433.95086669921875
2023-07-17,433.8059376748611,440.8568539243113,433.75762596138884,436.7518615722656
2023-07-24,437.9012759166593,443.7641781394052,436.14336617839564,441.3301696777344
2023-07-31,441.8034026630436,442.527813037422,431.0434797536367,431.5650634765625
2023-08-07,433.4002945544138,436.2882977174769,428.2231884627009,430.4447021484375
2023-08-14,429.5271361845184,432.82076325677207,418.23598904528774,421.6069030761719
2023-08-21,422.62102168211,430.0293384495152,420.1580380770201,424.9584655761719
2023-08-28,427.15104136544977,438.19107939386777,424.95850294176677,435.7956848144531
2023-09-04,435.3513506826742,435.67007829441815,427.64361328627103,430.319091796875
2023-09-11,432.94623409643214,435.68933097784713,427.80777261576173,428.2424011230469
2023-09-18,429.44282107850535,431.3038661199966,416.7839285170148,417.20074462890625
2023-09-25,415.9891726304472,418.993940528533,409.3204692044178,414.35107421875
2023-10-02,413.51750630769396,417.8890032207543,407.2752912669895,416.34783935546875
2023-10-09,414.4479687974604,423.90822500644225,413.89549736008655,418.2475891113281
2023-10-16,420.4962860588745,424.6836149162628,408.14754390760345,408.2541809082031
2023-10-23,406.7227164180565,411.7727256249183,396.64213226616755,398.0669860839844
2023-10-30,400.8586073956897,422.89052683629586,399.5597654644266,421.33966064453125
2023-11-06,422.0956363320164,427.38793789386506,420.0892040719783,427.0777587890625
2023-11-13,425.7401977654828,437.55581582516845,424.9550771859238,436.9451599121094
2023-11-20,436.6930684059835,442.363405836254,436.6833660659026,441.3165588378906
2023-11-27,440.6865973525694,445.53303530779465,439.41683297472514,444.99993896484375
2023-12-04,441.6074030531919,446.5992278993257,440.35701386134025,446.0661315917969
2023-12-11,445.57176400705083,459.18056850749736,445.358519578258,454.9156799316406
2023-12-18,458.3659730183242,463.15418632088995,455.2906022604636,460.9644470214844
2023-12-25,461.3732064310669,464.75998416933163,460.62380998189565,462.5799865722656
2024-01-01,459.5143412986229,460.9839091091616,453.93779478135224,455.3879089355469
2024-01-08,455.8842253901808,465.7818595429952,455.7577023745229,463.91326904296875
2024-01-15,462.5313250069912,469.79151871434675,457.2856688063394,469.50927734375
2024-01-22,471.0469627796427,476.02008943226616,469.84989468682363,474.35589599609375
2024-01-29,474.66735169958037,482.7644982110768,469.9277578286015,481.11004638671875
2024-02-05,480.4774802509897,488.2145413726089,477.1004144179588,487.776611328125
2024-02-12,487.7474110143596,490.01499464440985,477.57727660390793,486.1318664550781
2024-02-19,484.3897469670021,496.4673780025352,480.3411591740084,494.2484436035156
2024-02-26,494.68640506864875,499.54275051356746,491.23149509124266,499.1145324707031
2024-03-04,498.3165562747752,504.3407152276024,491.3872231265286,498.01483154296875
2024-03-11,496.8080606670985,503.523255214489,494.5112520127774,496.1754455566406
2024-03-18,501.78794016749214,511.65772367855067,498.97636094994584,508.82666015625
2024-03-25,507.45012848590517,512.145845947325,506.08342665215196,510.6424560546875
2024-04-01,511.38442755556173,511.9213482807855,500.57743067901475,506.1127014160156
2024-04-08,506.815680546183,508.37764274845665,496.98489398756476,498.7128601074219
2024-04-15,502.89116919828126,503.05711353004597,482.1264983587833,483.3956298828125
2024-04-22,486.00216832827545,497.7658932650639,483.6591952870227,496.18438720703125
2024-04-29,497.9708631613472,500.37240813782097,487.6812727154958,499.1423645019531
2024-05-06,501.54393850758714,510.22273745681827,501.10461803130306,508.46551513671875
2024-05-13,510.14465477702095,518.8917983344892,507.391647142293,516.8709716796875
2024-05-20,516.988122192897,520.4049668076777,512.2533160471046,516.8612060546875
2024-05-27,517.6715167993868,517.9058051884527,506.0444490191236,514.8403930664062
2024-06-03,516.4511972293807,524.1342115774243,510.1836851137527,521.3226318359375
2024-06-10,520.5122652290897,531.1923461222428,519.40910792883,529.8842163085938
2024-06-17,529.2008610854703,537.0498191009682,528.7419967245014,531.5731201171875
2024-06-24,533.1118067381964,538.9391939081404,531.2607437941077,533.0040283203125
2024-07-01,534.3849694974706,543.6108134486142,531.3390786696939,543.2092895507812
2024-07-08,543.9928195321617,552.0531865568831,542.7685810519904,548.4490356445312
2024-07-15,550.4470138982971,553.5124519617527,536.6179614633988,537.6757202148438
2024-07-22,541.6031265327034,545.2660386559209,526.3736111507553,533.2195434570312
2024-07-29,534.7668978122792,543.4344810885648,517.705869778205,521.9172973632812
2024-08-05,501.0954648952287,523.4941251002426,499.75367454905535,522.0054321289062
2024-08-12,523.2003185364354,543.5814362683599,520.0074953439604,542.8860473632812
2024-08-19,543.2972860192614,551.5731478990004,542.4452210459233,550.5447998046875
2024-08-26,551.5732928907319,552.5722906161151,543.601037586552,552.06298828125
2024-09-02,546.8427387534166,549.252061242433,528.3224880929642,529.2235107421875
2024-09-09,533.4251010777316,551.4263046450518,528.8317568856454,550.4273071289062
2024-09-16,550.1629143939425,561.0733409826183,548.3608690069549,556.5387573242188
2024-09-23,559.3166729253699,564.5921281206766,557.6072556336169,561.4091186523438
2024-09-30,560.3776497245842,564.2679548898651,555.3183522579776,562.892578125
2024-10-07,561.2421459572681,570.1131999200273,556.6543789590485,569.3764038085938
2024-10-14,570.9874313624034,575.8011894829544,568.3546207035349,574.2981567382812
2024-10-21,573.5711414674759,574.5535362014858,564.3071663210358,568.8458251953125
2024-10-28,572.3235684871015,573.0505310315751,558.4324918887678,560.9866943359375
2024-11-04,561.1243173698472,589.0832980878612,557.8922597025139,587.6588134765625
2024-11-11,589.2502123911413,589.6038601224717,573.5810036102117,575.437744140625
2024-11-18,575.8994538278135,585.654687007179,573.7480667669777,585.0259399414062
2024-11-25,588.9653305983842,592.7278593888155,584.7213780046321,591.9419555664062
2024-12-02,592.3545578330225,598.3472020292826,591.7357042790006,597.109375
2024-12-09,596.9914684512884,597.7184309731076,591.5293560358213,593.57275390625
2024-12-16,595.3312137173036,597.0799051393515,570.6829032551486,580.74267578125
2024-12-23,582.4409911019931,593.8652342130183,579.2571353450887,586.5020751953125
2024-12-30,579.4838953612974,584.1265095290074,572.1995490234633,583.48583984375
2025-01-06,587.7440288556361,591.1249764937445,570.2773736421228,572.1896362304688
2025-01-13,567.5371986113536,590.7898562052613,567.1231607908182,589.0353393554688
2025-01-20,592.0810060217518,602.0464889090003,590.1096040111063,599.276611328125
2025-01-27,586.3048861046001,601.2382822731704,586.1373337581567,593.2146606445312
2025-02-03,584.1955324566851,599.4344951653416,582.0467109899283,592.1797485351562
2025-02-10,595.3931465010286,602.2535886001177,589.9520564259476,600.9820556640625
2025-02-17,602.1451456529849,604.4615193764082,590.8982614234848,591.361572265625
2025-02-24,593.4117605310328,594.4073282093963,574.1117172840345,585.683837890625
2025-03-03,587.6553127683893,588.7987598096539,557.5421542389136,567.6849975585938
2025-03-10,559.4741314563598,561.3962005320112,541.8201905079119,554.762451171875
2025-03-17,554.7427845908813,562.7861404783891,550.0508971793366,555.915771484375
2025-03-24,564.3307900582668,569.8771942863111,548.7790863172526,549.3623657226562
2025-03-31,543.5984498334918,560.9890575765093,499.3358369172059,499.5533447265625
2025-04-07,483.6456716656959,542.4021028709889,476.33941319674653,527.8884887695312
2025-04-14,537.8839372531559,538.1113715563064,514.3932141786961,520.44384765625
2025-04-21,515.2533071295475,544.8045575926888,502.697263106265,544.3992309570312
2025-04-28,545.140691562765,561.9381212948161,535.3825606192163,560.3364868164062
2025-05-05,556.194011054905,563.846278609051,549.737991111343,557.9439697265625
2025-05-12,574.8797523696886,587.7621029517821,570.4999679942838,587.4655151367188
2025-05-19,581.4346708786668,588.7903511208664,569.0763411937487,572.5465698242188
2025-05-26,579.42770343673,586.4768994425158,571.8742779301451,582.7100830078125
2025-06-02,581.0985208877804,594.0203968199735,578.4291097781161,592.3495483398438
2025-06-09,592.9229692578865,598.2024742497733,588.731033484191,590.2338256835938
2025-06-16,593.5953110748866,597.599397793842,586.1407280455314,587.544677734375
2025-06-23,590.0352252655329,611.2056913389495,586.9117555484012,609.7380981445312
2025-06-30,612.1873119093539,621.0124795190609,609.8669666777051,620.0803833007812
2025-07-07,618.1169940337056,621.5974816112544,612.6731793187903,618.3748168945312
2025-07-14,617.9185856030599,624.1755098834977,612.8515802481484,622.3014526367188
2025-07-21,623.4815003811221,632.2173979677802,620.9231835463215,631.7413940429688
2025-07-28,632.118238541226,634.4683000093937,614.0812292944926,616.4907836914062
2025-08-04,620.4075993770786,632.2868791777582,620.3183902410633,631.82080078125
2025-08-11,632.0984533444579,640.7550074212888,629.3219552543193,638.0281372070312
2025-08-18,637.452918954101,641.0623176031913,627.6262981475758,639.88232421875
2025-08-25,638.6230580232021,644.0173054508626,636.1738618591863,639.6245727539062
2025-09-01,632.138074078824,646.7243720544352,629.579757162331,641.796142578125
2025-09-08,643.1645079237783,653.5662677492645,641.776258995083,651.8805541992188
2025-09-15,654.0918872524494,659.2977303362798,648.796774514733,658.1177368164062
2025-09-22,658.450851465837,663.561765025821,650.7049170667123,658.072998046875
2025-09-29,660.5985655036803,668.8714672806448,657.8641352321555,665.421142578125
2025-10-06,667.817420239327,670.1342452495495,649.14378031214,649.32275390625
2025-10-13,656.9096025481704,666.4353194811185,649.4719110174194,660.62841796875
2025-10-20,663.5418167135546,674.628651928334,659.5445574770371,673.4155883789062
2025-10-27,678.8644928166547,685.7950615572798,675.3942622450203,678.1983032226562
2025-11-03,681.7878654097377,681.9171342325749,657.4663915648358,667.1710815429688
2025-11-10,673.4056048955198,681.0819274953278,659.5147291242073,668.1256713867188
2025-11-17,665.9083392414419,671.7351468303775,647.1650267848305,655.2987670898438
2025-11-24,658.9379996279991,679.7991961322198,657.8442518582018,679.5208129882812
2025-12-01,674.9667482454641,684.4925257185774,674.8971372848841,681.8078002929688
2025-12-08,682.7027564053105,685.3476695655739,675.3247225627367,677.9000854492188
2025-12-15,681.8574998950413,681.8774060806534,667.3998436296324,676.7366943359375
2025-12-22,682.0772247944675,689.7761694005526,678.7363731954543,688.4298706054688
2025-12-29,685.6674193304513,687.3229323018604,677.9684744567207,681.309326171875
2026-01-05,684.6701060836447,693.4162394407576,684.5105686446866,692.1796264648438
2026-01-12,688.7988726653591,694.1941722014194,684.171495453211,689.7761840820312
2026-01-19,679.6338737239633,689.247632681773,674.7272909541485,687.352783203125
2026-01-26,688.6093775419642,695.9393956655348,682.9648198523778,690.0853271484375
2026-02-02,687.7018681419781,695.0617727491701,673.9493878061153,688.739013671875
2026-02-09,687.5422814525022,695.2412869437824,675.6747287653898,679.8931884765625
2026-02-16,678.2876306661275,688.1805961724377,673.9395198798816,687.5523071289062
2026-02-23,685.9566584654203,691.7907011872137,678.1479670369757,684.1216430664062
2026-03-02,676.8515001632804,686.7444649394254,667.8360826136468,670.5487060546875
2026-03-09,664.5750760699298,681.4988284116924,659.5587462493693,660.4862060546875
2026-03-16,666.5596327354687,672.6031255352605,642.9640380466565,646.8035888671875
2026-03-23,658.0700073242188,662.6199951171875,633.1099853515625,634.0900268554688
2026-03-30,640.1099853515625,658.52001953125,629.280029296875,655.8300170898438
2026-04-06,655.8599853515625,682.030029296875,651.0599975585938,679.4600219726562
2026-04-13,677.4099731445312,712.3900146484375,676.5800170898438,710.1400146484375
2026-04-20,708.780029296875,714.469970703125,702.280029296875,713.9400024414062
2026-04-27,713.1699829101562,724.8699951171875,708.3699951171875,720.6500244140625
2026-05-04,720.0700073242188,722.1199951171875,714.989990234375,718.010009765625
